# Blender 4.5.10 LTS
# www.blender.org
mtllib kynda_rack_camp.mtl
o kynda_rack_camp
v 1.035306 0.335293 0.433755
v 1.032009 0.171850 0.367685
v 1.034443 0.334106 0.298751
v 1.032149 0.237874 0.204194
v 1.029797 0.102972 0.205483
v -1.027532 0.334946 0.257560
v -1.018037 0.180377 0.322147
v -1.023050 0.335527 0.385879
v -1.026420 0.243819 0.167130
v -1.020439 0.115529 0.167494
v 1.020373 0.094893 0.186114
v 1.032149 0.237874 0.204194
v 1.029797 0.102972 0.205483
v 1.023019 0.245894 0.184834
v 1.034443 0.334106 0.298751
v 0.991482 0.089101 0.171570
v 1.025568 0.353603 0.290625
v 1.035306 0.335293 0.433755
v 1.026516 0.354926 0.441657
v 0.997118 0.368702 0.284586
v 0.998147 0.370132 0.447724
v 0.831186 0.390168 0.455768
v 0.994357 0.252296 0.170175
v 0.830049 0.388610 0.278106
v 0.378762 0.387551 0.454249
v 0.827027 0.261908 0.153554
v 0.823942 0.084284 0.155183
v 0.377687 0.386066 0.284541
v -0.066216 0.369962 0.485443
v 0.374814 0.264961 0.165552
v 0.371833 0.095172 0.166973
v -0.042705 0.090065 0.210824
v -0.051800 0.368680 0.323325
v -0.042063 0.252744 0.209595
v -0.409466 0.253383 0.183687
v -0.406280 0.107116 0.184441
v -0.776086 0.271689 0.114557
v -0.768328 0.105972 0.115023
v -1.005756 0.097717 0.125496
v -0.414425 0.357448 0.286412
v -0.418268 0.358360 0.432485
v -0.777500 0.389407 0.231433
v -0.771730 0.390161 0.397171
v -1.009122 0.377354 0.403035
v -1.014791 0.376611 0.239935
v -1.035306 0.364984 0.244990
v -1.029942 0.365686 0.398213
v -1.023050 0.335527 0.385879
v -1.027532 0.334946 0.257560
v -1.026420 0.243819 0.167130
v -1.013418 0.260779 0.124926
v -1.033999 0.256196 0.137003
v -1.020439 0.115529 0.167494
v -1.026805 0.103053 0.137580
v -1.005756 0.097717 0.125496
v -1.020439 0.115529 0.167494
v -1.026805 0.103053 0.137580
v -0.768328 0.105972 0.115023
v -0.779758 0.188367 0.307851
v -1.018037 0.180377 0.322147
v -0.406280 0.107116 0.184441
v -0.400806 0.173567 0.347852
v -0.042705 0.090065 0.210824
v -0.002585 0.192916 0.356968
v 0.371833 0.095172 0.166973
v 0.387629 0.180214 0.336454
v 0.823942 0.084284 0.155183
v 0.807792 0.172784 0.383103
v 0.991482 0.089101 0.171570
v 1.029797 0.102972 0.205483
v 1.020373 0.094893 0.186114
v 1.032009 0.171850 0.367685
v -1.023050 0.335527 0.385879
v -1.009122 0.377354 0.403035
v -1.029942 0.365686 0.398213
v -0.771730 0.390161 0.397171
v -0.779758 0.188367 0.307851
v -1.018037 0.180377 0.322147
v -0.418268 0.358360 0.432485
v -0.400806 0.173567 0.347852
v -0.066216 0.369962 0.485443
v -0.002585 0.192916 0.356968
v 0.378762 0.387551 0.454249
v 0.387629 0.180214 0.336454
v 0.807792 0.172784 0.383103
v 0.831186 0.390168 0.455768
v 0.998147 0.370132 0.447724
v 1.035306 0.335293 0.433755
v 1.026516 0.354926 0.441657
v 1.032009 0.171850 0.367685
v 1.035306 0.064517 -0.061892
v 1.032009 0.239730 -0.129114
v 1.034443 0.163454 0.042352
v 1.032149 0.307023 0.046103
v 1.029797 0.411113 -0.052838
v -1.027532 0.192705 0.075030
v -1.018037 0.266153 -0.087469
v -1.023050 0.099093 -0.024449
v -1.026420 0.329303 0.079276
v -1.020439 0.428917 -0.014146
v 1.020373 0.431465 -0.043624
v 1.032149 0.307023 0.046103
v 1.029797 0.411113 -0.052838
v 1.023019 0.314834 0.066999
v 1.034443 0.163454 0.042352
v 0.991482 0.446533 -0.036507
v 1.025568 0.154174 0.062833
v 1.035306 0.064517 -0.061892
v 1.026516 0.043495 -0.053791
v 0.997118 0.146803 0.078497
v 0.998147 0.027253 -0.047475
v 0.831186 0.005814 -0.039191
v 0.994357 0.320492 0.083059
v 0.830049 0.136009 0.097994
v 0.378762 0.008954 -0.039909
v 0.827027 0.325076 0.102977
v 0.823942 0.462180 -0.027245
v 0.377687 0.133317 0.091138
v -0.066216 0.000000 -0.076964
v 0.374814 0.313988 0.095853
v 0.371833 0.445144 -0.028520
v -0.042705 0.417284 -0.066367
v -0.051800 0.118696 0.048321
v -0.042063 0.291524 0.052694
v -0.409466 0.309836 0.073329
v -0.406280 0.423163 -0.033447
v -0.776086 0.345773 0.140440
v -0.768328 0.474452 0.019766
v -1.005756 0.473275 0.005619
v -0.414425 0.154239 0.068904
v -0.418268 0.047481 -0.044158
v -0.777500 0.169273 0.134909
v -0.771730 0.048360 0.006423
v -1.009122 0.054074 -0.007440
v -1.014791 0.173062 0.119000
v -1.035306 0.178445 0.106624
v -1.029942 0.066658 -0.012156
v -1.023050 0.099093 -0.024449
v -1.027532 0.192705 0.075030
v -1.026420 0.329303 0.079276
v -1.013418 0.346738 0.124446
v -1.033999 0.341538 0.111716
v -1.020439 0.428917 -0.014146
v -1.026805 0.460347 0.000086
v -1.005756 0.473275 0.005619
v -1.020439 0.428917 -0.014146
v -1.026805 0.460347 0.000086
v -0.768328 0.474452 0.019766
v -0.779758 0.270311 -0.070539
v -1.018037 0.266153 -0.087469
v -0.406280 0.423163 -0.033447
v -0.400806 0.252793 -0.112426
v -0.042705 0.417284 -0.066367
v -0.002585 0.231110 -0.105476
v 0.371833 0.445144 -0.028520
v 0.387629 0.255893 -0.098727
v 0.823942 0.462180 -0.027245
v 0.807792 0.227810 -0.140440
v 0.991482 0.446533 -0.036507
v 1.029797 0.411113 -0.052838
v 1.020373 0.431465 -0.043624
v 1.032009 0.239730 -0.129114
v -1.023050 0.099093 -0.024449
v -1.009122 0.054074 -0.007440
v -1.029942 0.066658 -0.012156
v -0.771730 0.048360 0.006423
v -0.779758 0.270311 -0.070539
v -1.018037 0.266153 -0.087469
v -0.418268 0.047481 -0.044158
v -0.400806 0.252793 -0.112426
v -0.066216 0.000000 -0.076964
v -0.002585 0.231110 -0.105476
v 0.378762 0.008954 -0.039909
v 0.387629 0.255893 -0.098727
v 0.807792 0.227810 -0.140440
v 0.831186 0.005814 -0.039191
v 0.998147 0.027253 -0.047475
v 1.035306 0.064517 -0.061892
v 1.026516 0.043495 -0.053791
v 1.032009 0.239730 -0.129114
v 1.035306 0.378717 -0.382311
v 1.032009 0.300575 -0.222171
v 1.034443 0.242510 -0.390633
v 1.032149 0.140384 -0.300269
v 1.029797 0.132172 -0.164159
v -1.027532 0.201037 -0.394384
v -1.018037 0.255261 -0.233980
v -1.023050 0.330460 -0.385922
v -1.026420 0.103431 -0.308877
v -1.020439 0.094754 -0.179498
v 1.020373 0.112073 -0.157378
v 1.032149 0.140384 -0.300269
v 1.029797 0.132172 -0.164159
v 1.023019 0.121429 -0.309721
v 1.034443 0.242510 -0.390633
v 0.991482 0.097001 -0.152563
v 1.025568 0.235692 -0.410864
v 1.035306 0.378717 -0.382311
v 1.026516 0.388069 -0.401549
v 0.997118 0.230667 -0.426514
v 0.998147 0.395258 -0.416453
v 0.831186 0.404782 -0.436088
v 0.994357 0.107100 -0.317210
v 0.830049 0.225537 -0.447044
v 0.378762 0.403066 -0.433556
v 0.827027 0.091019 -0.328073
v 0.823942 0.080138 -0.148862
v 0.377687 0.231846 -0.444025
v -0.066216 0.433278 -0.413623
v 0.374814 0.103332 -0.330305
v 0.371833 0.092793 -0.159008
v -0.042705 0.136647 -0.150768
v -0.051800 0.269725 -0.423760
v -0.042063 0.146879 -0.314882
v -0.409466 0.120801 -0.317353
v -0.406280 0.111248 -0.169821
v -0.776086 0.052388 -0.340685
v -0.768328 0.041173 -0.173561
v -1.005756 0.051152 -0.164499
v -0.414425 0.231715 -0.415038
v -0.418268 0.379063 -0.405658
v -0.777500 0.178533 -0.451138
v -0.771730 0.345699 -0.440213
v -1.009122 0.350708 -0.426886
v -1.014791 0.186204 -0.437637
v -1.035306 0.190480 -0.425557
v -1.029942 0.345023 -0.415462
v -1.023050 0.330460 -0.385922
v -1.027532 0.201037 -0.394384
v -1.026420 0.103431 -0.308877
v -1.013418 0.062074 -0.328954
v -1.033999 0.073928 -0.323481
v -1.020439 0.094754 -0.179498
v -1.026805 0.063712 -0.169028
v -1.005756 0.051152 -0.164499
v -1.020439 0.094754 -0.179498
v -1.026805 0.063712 -0.169028
v -0.768328 0.041173 -0.173561
v -0.779758 0.241409 -0.243044
v -1.018037 0.255261 -0.233980
v -0.406280 0.111248 -0.169821
v -0.400806 0.280699 -0.225300
v -0.042705 0.136647 -0.150768
v -0.002585 0.291255 -0.244168
v 0.371833 0.092793 -0.159008
v 0.387629 0.269675 -0.232806
v 0.823942 0.080138 -0.148862
v 0.807792 0.316188 -0.222025
v 0.991482 0.097001 -0.152563
v 1.029797 0.132172 -0.164159
v 1.020373 0.112073 -0.157378
v 1.032009 0.300575 -0.222171
v -1.023050 0.330460 -0.385922
v -1.009122 0.350708 -0.426886
v -1.029942 0.345023 -0.415462
v -0.771730 0.345699 -0.440213
v -0.779758 0.241409 -0.243044
v -1.018037 0.255261 -0.233980
v -0.418268 0.379063 -0.405658
v -0.400806 0.280699 -0.225300
v -0.066216 0.433278 -0.413623
v -0.002585 0.291255 -0.244168
v 0.378762 0.403066 -0.433556
v 0.387629 0.269675 -0.232806
v 0.807792 0.316188 -0.222025
v 0.831186 0.404782 -0.436088
v 0.998147 0.395258 -0.416453
v 1.035306 0.378717 -0.382311
v 1.026516 0.388069 -0.401549
v 1.032009 0.300575 -0.222171
v 1.035306 0.499199 0.441682
v 1.032009 0.443810 0.260394
v 1.034443 0.611211 0.349335
v 1.032149 0.625107 0.204933
v 1.029797 0.532744 0.093077
v -1.027532 0.646200 0.322163
v -1.018037 0.487634 0.236704
v -1.023050 0.539365 0.409481
v -1.026420 0.660103 0.184821
v -1.020439 0.572986 0.077863
v 1.020373 0.543462 0.073218
v 1.032149 0.625107 0.204933
v 1.029797 0.532744 0.093077
v 1.023019 0.646712 0.198535
v 1.034443 0.611211 0.349335
v 0.991482 0.551696 0.058536
v 1.025568 0.631194 0.360128
v 1.035306 0.499199 0.441682
v 1.026516 0.505881 0.463436
v 0.997118 0.646459 0.368659
v 0.998147 0.511101 0.480247
v 0.831186 0.517937 0.502434
v 0.994357 0.663294 0.193965
v 0.830049 0.665344 0.380910
v 0.378762 0.517435 0.499219
v 0.827027 0.683687 0.190750
v 0.823942 0.562130 0.043422
v 0.377687 0.658246 0.383139
v -0.066216 0.479466 0.505630
v 0.374814 0.675727 0.201420
v 0.371833 0.559645 0.060499
v -0.042705 0.519546 0.085905
v -0.051800 0.614071 0.394855
v -0.042063 0.630656 0.221015
v -0.409466 0.652738 0.204017
v -0.406280 0.553132 0.082301
v -0.776086 0.722894 0.172535
v -0.768328 0.610366 0.034369
v -1.005756 0.596028 0.034559
v -0.414425 0.637317 0.360491
v -0.418268 0.515869 0.460099
v -0.777500 0.704885 0.349993
v -0.771730 0.566898 0.462777
v -1.009122 0.553332 0.456043
v -1.014791 0.689122 0.345054
v -1.035306 0.677030 0.338758
v -1.029942 0.549466 0.443029
v -1.023050 0.539365 0.409481
v -1.027532 0.646200 0.322163
v -1.026420 0.660103 0.184821
v -1.013418 0.706847 0.170435
v -1.033999 0.693653 0.174777
v -1.020439 0.572986 0.077863
v -1.026805 0.589541 0.047195
v -1.005756 0.596028 0.034559
v -1.020439 0.572986 0.077863
v -1.026805 0.589541 0.047195
v -0.768328 0.610366 0.034369
v -0.779758 0.504987 0.233707
v -1.018037 0.487634 0.236704
v -0.406280 0.553132 0.082301
v -0.400806 0.461545 0.248408
v -0.042705 0.519546 0.085905
v -0.002585 0.467021 0.270746
v 0.371833 0.559645 0.060499
v 0.387629 0.475567 0.246249
v 0.823942 0.562130 0.043422
v 0.807792 0.431557 0.271608
v 0.991482 0.551696 0.058536
v 1.029797 0.532744 0.093077
v 1.020373 0.543462 0.073218
v 1.032009 0.443810 0.260394
v -1.023050 0.539365 0.409481
v -1.009122 0.553332 0.456043
v -1.029942 0.549466 0.443029
v -0.771730 0.566898 0.462777
v -0.779758 0.504987 0.233707
v -1.018037 0.487634 0.236704
v -0.418268 0.515869 0.460099
v -0.400806 0.461545 0.248408
v -0.066216 0.479466 0.505630
v -0.002585 0.467021 0.270746
v 0.378762 0.517435 0.499219
v 0.387629 0.475567 0.246249
v 0.807792 0.431557 0.271608
v 0.831186 0.517937 0.502434
v 0.998147 0.511101 0.480247
v 1.035306 0.499199 0.441682
v 1.026516 0.505881 0.463436
v 1.032009 0.443810 0.260394
v 1.035306 0.510792 -0.178902
v 1.032009 0.666732 -0.088832
v 1.034443 0.492800 -0.042168
v 1.032149 0.576702 0.067163
v 1.029797 0.713347 0.085038
v -1.027532 0.486094 -0.000621
v -1.018037 0.651632 -0.043980
v -1.023050 0.503749 -0.130506
v -1.026420 0.565419 0.103811
v -1.020439 0.695244 0.121680
v 1.020373 0.718766 0.105779
v 1.032149 0.576702 0.067163
v 1.029797 0.713347 0.085038
v 1.023019 0.565837 0.085607
v 1.034443 0.492800 -0.042168
v 0.991482 0.722558 0.121314
v 1.025568 0.471922 -0.036721
v 1.035306 0.510792 -0.178902
v 1.026516 0.492055 -0.189687
v 0.997118 0.455790 -0.032758
v 0.998147 0.477536 -0.197986
v 0.831186 0.458412 -0.208971
v 0.994357 0.557277 0.099525
v 0.830049 0.434731 -0.029034
v 0.378762 0.460844 -0.207063
v 0.827027 0.545191 0.114971
v 0.823942 0.725100 0.138576
v 0.377687 0.438218 -0.035181
v -0.066216 0.483070 -0.236117
v 0.374814 0.543808 0.102401
v 0.371833 0.715763 0.125101
v -0.042705 0.727163 0.081470
v -0.051800 0.461320 -0.071942
v -0.042063 0.562427 0.059585
v -0.409466 0.558098 0.085702
v -0.406280 0.706163 0.105734
v -0.776086 0.529752 0.153029
v -0.768328 0.697452 0.176117
v -1.005756 0.707291 0.166696
v -0.414425 0.467433 -0.033006
v -0.418268 0.487278 -0.180898
v -0.777500 0.427289 0.018066
v -0.771730 0.450088 -0.149696
v -1.009122 0.463877 -0.153807
v -1.014791 0.441442 0.011284
v -1.035306 0.453921 0.007824
v -1.029942 0.474994 -0.147271
v -1.023050 0.503749 -0.130506
v -1.027532 0.486094 -0.000621
v -1.026420 0.565419 0.103811
v -1.013418 0.542262 0.144091
v -1.033999 0.548615 0.132526
v -1.020439 0.695244 0.121680
v -1.026805 0.703611 0.153714
v -1.005756 0.707291 0.166696
v -1.020439 0.695244 0.121680
v -1.026805 0.703611 0.153714
v -0.768328 0.697452 0.176117
v -0.779758 0.641518 -0.030654
v -1.018037 0.651632 -0.043980
v -0.406280 0.706163 0.105734
v -0.400806 0.662176 -0.069014
v -0.042705 0.727163 0.081470
v -0.002585 0.643898 -0.080986
v 0.371833 0.715763 0.125101
v 0.387629 0.653832 -0.058429
v 0.823942 0.725100 0.138576
v 0.807792 0.667980 -0.104562
v 0.991482 0.722558 0.121314
v 1.029797 0.713347 0.085038
v 1.020373 0.718766 0.105779
v 1.032009 0.666732 -0.088832
v -1.023050 0.503749 -0.130506
v -1.009122 0.463877 -0.153807
v -1.029942 0.474994 -0.147271
v -0.771730 0.450088 -0.149696
v -0.779758 0.641518 -0.030654
v -1.018037 0.651632 -0.043980
v -0.418268 0.487278 -0.180898
v -0.400806 0.662176 -0.069014
v -0.066216 0.483070 -0.236117
v -0.002585 0.643898 -0.080986
v 0.378762 0.460844 -0.207063
v 0.387629 0.653832 -0.058429
v 0.807792 0.667980 -0.104562
v 0.831186 0.458412 -0.208971
v 0.998147 0.477536 -0.197986
v 1.035306 0.510792 -0.178902
v 1.026516 0.492055 -0.189687
v 1.032009 0.666732 -0.088832
v 1.035306 0.747391 -0.235912
v 1.032009 0.560834 -0.192878
v 1.034443 0.662239 -0.355275
v 1.032149 0.517728 -0.379450
v 1.029797 0.398520 -0.294271
v -1.027532 0.637328 -0.392442
v -1.018037 0.540053 -0.238702
v -1.023050 0.717777 -0.278650
v -1.026420 0.499929 -0.416126
v -1.020439 0.386028 -0.335888
v 1.020373 0.379267 -0.306469
v 1.032149 0.517728 -0.379450
v 1.029797 0.398520 -0.294271
v 1.023019 0.512803 -0.401669
v 1.034443 0.662239 -0.355275
v 0.991482 0.365055 -0.315799
v 1.025568 0.674522 -0.374649
v 1.035306 0.747391 -0.235912
v 1.026516 0.769780 -0.241112
v 0.997118 0.684193 -0.389427
v 0.998147 0.787086 -0.245187
v 0.831186 0.809921 -0.250511
v 0.994357 0.509368 -0.418697
v 0.830049 0.697867 -0.407592
v 0.378762 0.806647 -0.250232
v 0.827027 0.507565 -0.439471
v 0.823942 0.350562 -0.327377
v 0.377687 0.699612 -0.400283
v -0.066216 0.810431 -0.211526
v 0.374814 0.517755 -0.430699
v 0.371833 0.367593 -0.323670
v -0.042705 0.390365 -0.281479
v -0.051800 0.708304 -0.354950
v -0.042063 0.534322 -0.383908
v -0.409466 0.518752 -0.407354
v -0.406280 0.389100 -0.315572
v -0.776086 0.491975 -0.480257
v -0.768328 0.344840 -0.376614
v -1.005756 0.344020 -0.362155
v -0.414425 0.675319 -0.380792
v -0.418268 0.767121 -0.251410
v -0.777500 0.669503 -0.449609
v -0.771730 0.773414 -0.302636
v -1.009122 0.765674 -0.289442
v -1.014791 0.663415 -0.434075
v -1.035306 0.656220 -0.422336
v -1.029942 0.752290 -0.286464
v -1.023050 0.717777 -0.278650
v -1.027532 0.637328 -0.392442
v -1.026420 0.499929 -0.416126
v -1.013418 0.488728 -0.464236
v -1.033999 0.492174 -0.450637
v -1.020439 0.386028 -0.335888
v -1.026805 0.356295 -0.354729
v -1.005756 0.344020 -0.362155
v -1.020439 0.386028 -0.335888
v -1.026805 0.356295 -0.354729
v -0.768328 0.344840 -0.376614
v -0.779758 0.538256 -0.256396
v -1.018037 0.540053 -0.238702
v -0.406280 0.389100 -0.315572
v -0.400806 0.550007 -0.211591
v -0.042705 0.390365 -0.281479
v -0.002585 0.572899 -0.215535
v 0.371833 0.367593 -0.323670
v 0.387629 0.548819 -0.225872
v 0.823942 0.350562 -0.327377
v 0.807792 0.571269 -0.179743
v 0.991482 0.365055 -0.315799
v 1.029797 0.398520 -0.294271
v 1.020373 0.379267 -0.306469
v 1.032009 0.560834 -0.192878
v -1.023050 0.717777 -0.278650
v -1.009122 0.765674 -0.289442
v -1.029942 0.752290 -0.286464
v -0.771730 0.773414 -0.302636
v -0.779758 0.538256 -0.256396
v -1.018037 0.540053 -0.238702
v -0.418268 0.767121 -0.251410
v -0.400806 0.550007 -0.211591
v -0.066216 0.810431 -0.211526
v -0.002585 0.572899 -0.215535
v 0.378762 0.806647 -0.250232
v 0.387629 0.548819 -0.225872
v 0.807792 0.571269 -0.179743
v 0.831186 0.809921 -0.250511
v 0.998147 0.787086 -0.245187
v 1.035306 0.747391 -0.235912
v 1.026516 0.769780 -0.241112
v 1.032009 0.560834 -0.192878
v 1.035306 0.761521 0.350850
v 1.032009 0.863310 0.200002
v 1.034443 0.898090 0.378627
v 1.032149 1.014217 0.301754
v 1.029797 1.041868 0.165268
v -1.027532 0.939499 0.388315
v -1.018037 0.907459 0.218385
v -1.023050 0.809811 0.361362
v -1.026420 1.050364 0.315712
v -1.020439 1.077530 0.186099
v 1.020373 1.063159 0.161266
v 1.032149 1.014217 0.301754
v 1.029797 1.041868 0.165268
v 1.023019 1.032043 0.314007
v 1.034443 0.898090 0.378627
v 0.991482 1.079086 0.158539
v 1.025568 0.902109 0.400056
v 1.035306 0.761521 0.350850
v 1.026516 0.749328 0.368978
v 0.997118 0.904967 0.416598
v 0.998147 0.739940 0.383029
v 0.831186 0.727517 0.401533
v 0.994357 1.045470 0.323617
v 0.830049 0.907236 0.438090
v 0.378762 0.729612 0.399217
v 0.827027 1.060189 0.336889
v 0.823942 1.096666 0.157193
v 0.377687 0.901285 0.434140
v -0.066216 0.701890 0.374763
v 0.374814 1.047420 0.337397
v 0.371833 1.082425 0.165656
v -0.042705 1.039245 0.151089
v -0.051800 0.865857 0.408262
v -0.042063 1.005571 0.315610
v -0.409466 1.031594 0.321815
v -0.406280 1.062225 0.173968
v -0.776086 1.097466 0.355136
v -0.768328 1.132562 0.187710
v -1.005756 1.123758 0.177128
v -0.414425 0.905538 0.404843
v -0.418268 0.757852 0.374413
v -0.777500 0.954191 0.448911
v -0.771730 0.786683 0.414102
v -1.009122 0.783511 0.399913
v -1.014791 0.948353 0.434167
v -1.035306 0.945744 0.421342
v -1.029942 0.790884 0.389167
v -1.023050 0.809811 0.361362
v -1.027532 0.939499 0.388315
v -1.026420 1.050364 0.315712
v -1.013418 1.089337 0.341894
v -1.033999 1.078127 0.334675
v -1.020439 1.077530 0.186099
v -1.026805 1.110412 0.179923
v -1.005756 1.123758 0.177128
v -1.020439 1.077530 0.186099
v -1.026805 1.110412 0.179923
v -0.768328 1.132562 0.187710
v -0.779758 0.920179 0.229520
v -1.018037 0.907459 0.218385
v -0.406280 1.062225 0.173968
v -0.400806 0.882967 0.205992
v -0.042705 1.039245 0.151089
v -0.002585 0.869610 0.223573
v 0.371833 1.082425 0.165656
v 0.387629 0.893049 0.215149
v 0.823942 1.096666 0.157193
v 0.807792 0.847541 0.197636
v 0.991482 1.079086 0.158539
v 1.029797 1.041868 0.165268
v 1.020373 1.063159 0.161266
v 1.032009 0.863310 0.200002
v -1.023050 0.809811 0.361362
v -1.009122 0.783511 0.399913
v -1.029942 0.790884 0.389167
v -0.771730 0.786683 0.414102
v -0.779758 0.920179 0.229520
v -1.018037 0.907459 0.218385
v -0.418268 0.757852 0.374413
v -0.400806 0.882967 0.205992
v -0.066216 0.701890 0.374763
v -0.002585 0.869610 0.223573
v 0.378762 0.729612 0.399217
v 0.387629 0.893049 0.215149
v 0.807792 0.847541 0.197636
v 0.831186 0.727517 0.401533
v 0.998147 0.739940 0.383029
v 1.035306 0.761521 0.350850
v 1.026516 0.749328 0.368978
v 1.032009 0.863310 0.200002
v 1.035306 1.027214 -0.166728
v 1.032009 1.057426 0.024250
v 1.034443 0.900964 -0.089351
v 1.032149 0.866429 0.054533
v 1.029797 0.943844 0.180628
v -1.027532 0.861766 -0.066873
v -1.018037 1.009798 0.041957
v -1.023050 0.982072 -0.139904
v -1.026420 0.828226 0.069880
v -1.020439 0.901037 0.190282
v 1.020373 0.930199 0.199165
v 1.032149 0.866429 0.054533
v 1.029797 0.943844 0.180628
v 1.023019 0.843698 0.057929
v 1.034443 0.900964 -0.089351
v 0.991482 0.919798 0.212825
v 1.025568 0.882312 -0.103090
v 1.035306 1.027214 -0.166728
v 1.026516 1.023552 -0.189649
v 0.997118 0.868105 -0.113874
v 0.998147 1.020666 -0.207371
v 0.831186 1.016911 -0.230751
v 0.994357 0.826301 0.060190
v 0.830049 0.850768 -0.128929
v 0.378762 1.016962 -0.227433
v 0.827027 0.805246 0.060543
v 0.823942 0.907113 0.226610
v 0.377687 0.858254 -0.130173
v -0.066216 1.056223 -0.228519
v 0.374814 0.814801 0.050895
v 0.371833 0.912047 0.209715
v -0.042705 0.956157 0.189745
v -0.051800 0.904537 -0.135736
v -0.042063 0.863107 0.037501
v -0.409466 0.838390 0.051535
v -0.406280 0.921721 0.188618
v -0.776086 0.763058 0.073376
v -0.768328 0.857107 0.228907
v -1.005756 0.871616 0.230751
v -0.414425 0.876179 -0.104326
v -0.418268 1.012991 -0.187696
v -0.777500 0.806440 -0.103314
v -0.771730 0.961827 -0.197645
v -1.009122 0.974574 -0.188917
v -1.014791 0.821661 -0.096087
v -1.035306 0.832981 -0.088011
v -1.029942 0.976632 -0.175224
v -1.023050 0.982072 -0.139904
v -1.027532 0.861766 -0.066873
v -1.026420 0.828226 0.069880
v -1.013418 0.778969 0.077775
v -1.033999 0.792912 0.075262
v -1.020439 0.901037 0.190282
v -1.026805 0.879962 0.218909
v -1.005756 0.871616 0.230751
v -1.020439 0.901037 0.190282
v -1.026805 0.879962 0.218909
v -0.768328 0.857107 0.228907
v -0.779758 0.991845 0.042521
v -1.018037 1.009798 0.041957
v -0.406280 0.921721 0.188618
v -0.400806 1.037811 0.033839
v -0.042705 0.956157 0.189745
v -0.002585 1.035450 0.010499
v 0.371833 0.912047 0.209715
v 0.387629 1.023340 0.034029
v 0.823942 0.907113 0.226610
v 0.807792 1.071394 0.014662
v 0.991482 0.919798 0.212825
v 1.029797 0.943844 0.180628
v 1.020373 0.930199 0.199165
v 1.032009 1.057426 0.024250
v -1.023050 0.982072 -0.139904
v -1.009122 0.974574 -0.188917
v -1.029942 0.976632 -0.175224
v -0.771730 0.961827 -0.197645
v -0.779758 0.991845 0.042521
v -1.018037 1.009798 0.041957
v -0.418268 1.012991 -0.187696
v -0.400806 1.037811 0.033839
v -0.066216 1.056223 -0.228519
v -0.002585 1.035450 0.010499
v 0.378762 1.016962 -0.227433
v 0.387629 1.023340 0.034029
v 0.807792 1.071394 0.014662
v 0.831186 1.016911 -0.230751
v 0.998147 1.020666 -0.207371
v 1.035306 1.027214 -0.166728
v 1.026516 1.023552 -0.189649
v 1.032009 1.057426 0.024250
v 1.035306 0.951904 -0.138150
v 1.032009 0.807029 -0.251380
v 1.034443 0.989527 -0.273847
v 1.032149 0.920227 -0.396316
v 1.029797 0.784604 -0.433807
v -1.027532 1.002210 -0.314904
v -1.018037 0.828671 -0.294586
v -1.023050 0.965902 -0.186083
v -1.026420 0.936844 -0.431768
v -1.020439 0.808115 -0.468285
v 1.020373 0.782072 -0.455550
v 1.032149 0.920227 -0.396316
v 1.029797 0.784604 -0.433807
v 1.023019 0.933834 -0.413421
v 1.034443 0.989527 -0.273847
v 0.991482 0.780446 -0.471796
v 1.025568 1.011410 -0.276388
v 1.035306 0.951904 -0.138150
v 1.026516 0.969316 -0.124582
v 0.997118 1.028285 -0.278103
v 0.998147 0.982817 -0.114129
v 0.831186 1.000593 -0.100303
v 0.994357 0.944468 -0.426277
v 0.830049 1.050107 -0.278876
v 0.378762 0.998405 -0.102578
v 0.827027 0.958883 -0.440178
v 0.823942 0.780328 -0.489611
v 0.377687 1.045707 -0.273155
v -0.066216 0.971803 -0.076359
v 0.374814 0.958494 -0.427271
v 0.371833 0.787854 -0.474660
v -0.042705 0.770127 -0.432163
v -0.051800 1.017125 -0.239269
v -0.042063 0.933584 -0.386626
v -0.409466 0.941673 -0.412418
v -0.406280 0.794808 -0.453713
v -0.776086 0.979901 -0.476465
v -0.768328 0.813618 -0.523641
v -1.005756 0.802330 -0.515513
v -0.414425 1.016477 -0.279507
v -0.418268 0.975395 -0.132791
v -0.777500 1.064324 -0.325441
v -0.771730 1.017432 -0.159054
v -1.009122 1.002906 -0.156857
v -1.014791 1.049051 -0.320596
v -1.035306 1.035940 -0.318870
v -1.029942 0.992594 -0.165046
v -1.023050 0.965902 -0.186083
v -1.027532 1.002210 -0.314904
v -1.026420 0.936844 -0.431768
v -1.013418 0.965982 -0.469205
v -1.033999 0.957915 -0.458415
v -1.020439 0.808115 -0.468285
v -1.026805 0.804207 -0.501864
v -1.005756 0.802330 -0.515513
v -1.020439 0.808115 -0.468285
v -1.026805 0.804207 -0.501864
v -0.768328 0.813618 -0.523641
v -0.779758 0.840791 -0.306622
v -1.018037 0.828671 -0.294586
v -0.406280 0.794808 -0.453713
v -0.400806 0.814452 -0.270772
v -0.042705 0.770127 -0.432163
v -0.002585 0.831232 -0.256069
v 0.371833 0.787854 -0.474660
v 0.387629 0.824393 -0.280289
v 0.823942 0.780328 -0.489611
v 0.807792 0.803533 -0.235653
v 0.991482 0.780446 -0.471796
v 1.029797 0.784604 -0.433807
v 1.020373 0.782072 -0.455550
v 1.032009 0.807029 -0.251380
v -1.023050 0.965902 -0.186083
v -1.009122 1.002906 -0.156857
v -1.029942 0.992594 -0.165046
v -0.771730 1.017432 -0.159054
v -0.779758 0.840791 -0.306622
v -1.018037 0.828671 -0.294586
v -0.418268 0.975395 -0.132791
v -0.400806 0.814452 -0.270772
v -0.066216 0.971803 -0.076359
v -0.002585 0.831232 -0.256069
v 0.378762 0.998405 -0.102578
v 0.387629 0.824393 -0.280289
v 0.807792 0.803533 -0.235653
v 0.831186 1.000593 -0.100303
v 0.998147 0.982817 -0.114129
v 1.035306 0.951904 -0.138150
v 1.026516 0.969316 -0.124582
v 1.032009 0.807029 -0.251380
v 1.035306 1.095117 0.145283
v 1.032009 1.289625 0.128302
v 1.034443 1.164169 0.277910
v 1.032149 1.306676 0.322834
v 1.029797 1.439150 0.253733
v -1.027532 1.184051 0.318980
v -1.018037 1.304107 0.177527
v -1.023050 1.118958 0.192646
v -1.026420 1.319445 0.362399
v -1.020439 1.445860 0.297534
v 1.020373 1.456863 0.268784
v 1.032149 1.306676 0.322834
v 1.029797 1.439150 0.253733
v 1.023019 1.308496 0.345971
v 1.034443 1.164169 0.277910
v 0.991482 1.469891 0.280223
v 1.025568 1.149015 0.295732
v 1.035306 1.095117 0.145283
v 1.026516 1.071769 0.147357
v 0.997118 1.137151 0.309284
v 0.998147 1.053714 0.149016
v 0.831186 1.029897 0.151151
v 0.994357 1.309549 0.363656
v 0.830049 1.120764 0.325687
v 0.378762 1.033243 0.151334
v 0.827027 1.308421 0.384890
v 0.823942 1.482883 0.293973
v 0.377687 1.120039 0.318058
v -0.066216 1.034915 0.111708
v 0.374814 1.299376 0.374586
v 0.371833 1.466211 0.287812
v -0.042705 1.449202 0.241972
v -0.051800 1.117695 0.271044
v -0.042063 1.289286 0.324981
v -0.409466 1.301682 0.350868
v -0.406280 1.445641 0.276581
v -0.776086 1.318377 0.428292
v -0.768328 1.481675 0.344508
v -1.005756 1.484555 0.330022
v -0.414425 1.147338 0.301823
v -0.418268 1.072992 0.158134
v -0.777500 1.143445 0.372145
v -0.771730 1.059366 0.208972
v -1.009122 1.069056 0.196746
v -1.014791 1.151797 0.357322
v -1.035306 1.160729 0.346488
v -1.029942 1.082995 0.195638
v -1.023050 1.118958 0.192646
v -1.027532 1.184051 0.318980
v -1.026420 1.319445 0.362399
v -1.013418 1.323929 0.412574
v -1.033999 1.322379 0.398351
v -1.020439 1.445860 0.297534
v -1.026805 1.473213 0.320781
v -1.005756 1.484555 0.330022
v -1.020439 1.445860 0.297534
v -1.026805 1.473213 0.320781
v -0.768328 1.481675 0.344508
v -0.779758 1.303411 0.195652
v -1.018037 1.304107 0.177527
v -0.406280 1.445641 0.276581
v -0.400806 1.297903 0.148736
v -0.042705 1.449202 0.241972
v -0.002585 1.274225 0.149470
v 0.371833 1.466211 0.287812
v 0.387629 1.297075 0.163326
v 0.823942 1.482883 0.293973
v 0.807792 1.280951 0.113556
v 0.991482 1.469891 0.280223
v 1.029797 1.439150 0.253733
v 1.020373 1.456863 0.268784
v 1.032009 1.289625 0.128302
v -1.023050 1.118958 0.192646
v -1.009122 1.069056 0.196746
v -1.029942 1.082995 0.195638
v -0.771730 1.059366 0.208972
v -0.779758 1.303411 0.195652
v -1.018037 1.304107 0.177527
v -0.418268 1.072992 0.158134
v -0.400806 1.297903 0.148736
v -0.066216 1.034915 0.111708
v -0.002585 1.274225 0.149470
v 0.378762 1.033243 0.151334
v 0.387629 1.297075 0.163326
v 0.807792 1.280951 0.113556
v 0.831186 1.029897 0.151151
v 0.998147 1.053714 0.149016
v 1.035306 1.095117 0.145283
v 1.026516 1.071769 0.147357
v 1.032009 1.289625 0.128302
v 1.035306 1.424518 -0.047990
v 1.032009 1.300189 0.090042
v 1.034443 1.290407 -0.095471
v 1.032149 1.162093 -0.034259
v 1.029797 1.114750 0.099786
v -1.027532 1.249922 -0.111148
v -1.018037 1.258169 0.065185
v -1.023050 1.377195 -0.065477
v -1.026420 1.127534 -0.053505
v -1.020439 1.081658 0.073661
v 1.020373 1.092658 0.100806
v 1.032149 1.162093 -0.034259
v 1.029797 1.114750 0.099786
v 1.023019 1.145813 -0.049179
v 1.034443 1.290407 -0.095471
v 0.991482 1.076170 0.101300
v 1.025568 1.289388 -0.117705
v 1.035306 1.424518 -0.047990
v 1.026516 1.439419 -0.064583
v 0.997118 1.288850 -0.134834
v 0.998147 1.450906 -0.077453
v 0.831186 1.466093 -0.094394
v 0.994357 1.133605 -0.060801
v 0.830049 1.289609 -0.156882
v 0.378762 1.463646 -0.092350
v 0.827027 1.120611 -0.076309
v 0.823942 1.058207 0.100163
v 0.377687 1.295064 -0.152044
v -0.066216 1.488196 -0.063691
v 0.374814 1.133592 -0.075008
v 0.371833 1.073806 0.093632
v -0.042705 1.115386 0.114492
v -0.051800 1.327202 -0.120850
v -0.042063 1.172801 -0.047038
v -0.409466 1.147377 -0.057008
v -0.406280 1.095407 0.088099
v -0.776086 1.085520 -0.100050
v -0.768328 1.026256 0.064214
v -1.005756 1.033652 0.076162
v -0.414425 1.286602 -0.123032
v -0.418268 1.431575 -0.071288
v -0.777500 1.243680 -0.174492
v -0.771730 1.408068 -0.115506
v -1.009122 1.409258 -0.100711
v -1.014791 1.247487 -0.158757
v -1.035306 1.248302 -0.145423
v -1.029942 1.400278 -0.090895
v -1.023050 1.377195 -0.065477
v -1.027532 1.249922 -0.111148
v -1.026420 1.127534 -0.053505
v -1.013418 1.091856 -0.085510
v -1.033999 1.102163 -0.076619
v -1.020439 1.081658 0.073661
v -1.026805 1.047540 0.075233
v -1.005756 1.033652 0.076162
v -1.020439 1.081658 0.073661
v -1.026805 1.047540 0.075233
v -0.768328 1.026256 0.064214
v -0.779758 1.246893 0.052122
v -1.018037 1.258169 0.065185
v -0.406280 1.095407 0.088099
v -0.400806 1.281168 0.081194
v -0.042705 1.115386 0.114492
v -0.002585 1.297169 0.065319
v 0.371833 1.073806 0.093632
v 0.387629 1.272277 0.070504
v 0.823942 1.058207 0.100163
v 0.807792 1.315793 0.094674
v 0.991482 1.076170 0.101300
v 1.029797 1.114750 0.099786
v 1.020373 1.092658 0.100806
v 1.032009 1.300189 0.090042
v -1.023050 1.377195 -0.065477
v -1.009122 1.409258 -0.100711
v -1.029942 1.400278 -0.090895
v -0.771730 1.408068 -0.115506
v -0.779758 1.246893 0.052122
v -1.018037 1.258169 0.065185
v -0.418268 1.431575 -0.071288
v -0.400806 1.281168 0.081194
v -0.066216 1.488196 -0.063691
v -0.002585 1.297169 0.065319
v 0.378762 1.463646 -0.092350
v 0.387629 1.272277 0.070504
v 0.807792 1.315793 0.094674
v 0.831186 1.466093 -0.094394
v 0.998147 1.450906 -0.077453
v 1.035306 1.424518 -0.047990
v 1.026516 1.439419 -0.064583
v 1.032009 1.300189 0.090042
v 1.035306 1.139756 -0.189606
v 1.032009 1.136712 -0.365872
v 1.034443 1.263565 -0.243449
v 1.032149 1.313004 -0.368978
v 1.029797 1.259107 -0.492651
v -1.027532 1.301809 -0.258770
v -1.018037 1.181962 -0.375816
v -1.023050 1.183919 -0.208097
v -1.026420 1.349445 -0.377987
v -1.020439 1.298983 -0.495936
v 1.020373 1.273780 -0.507657
v 1.032149 1.313004 -0.368978
v 1.029797 1.259107 -0.492651
v 1.023019 1.333959 -0.369159
v 1.034443 1.263565 -0.243449
v 0.991482 1.284904 -0.518671
v 1.025568 1.278662 -0.228677
v 1.035306 1.139756 -0.189606
v 1.026516 1.140154 -0.168446
v 0.997118 1.290121 -0.217138
v 0.998147 1.140511 -0.152079
v 0.831186 1.140935 -0.130492
v 0.994357 1.349953 -0.368994
v 0.830049 1.303864 -0.201344
v 0.378762 1.141310 -0.133495
v 0.827027 1.369009 -0.366641
v 0.823942 1.298107 -0.529508
v 0.377687 1.296947 -0.201171
v -0.066216 1.105724 -0.137496
v 0.374814 1.359157 -0.359142
v 0.371833 1.291507 -0.514879
v -0.042705 1.249148 -0.502446
v -0.051800 1.254453 -0.202022
v -0.042063 1.313842 -0.353179
v -0.409466 1.337940 -0.362714
v -0.406280 1.280096 -0.497058
v -0.776086 1.408728 -0.372874
v -0.768328 1.343548 -0.525236
v -1.005756 1.330682 -0.528742
v -0.414425 1.284043 -0.226783
v -0.418268 1.149938 -0.168869
v -0.777500 1.347139 -0.218847
v -0.771730 1.194870 -0.153394
v -1.009122 1.184469 -0.162892
v -1.014791 1.334313 -0.227304
v -1.035306 1.325117 -0.236031
v -1.029942 1.184349 -0.175516
v -1.023050 1.183919 -0.208097
v -1.027532 1.301809 -0.258770
v -1.026420 1.349445 -0.377987
v -1.013418 1.394920 -0.378865
v -1.033999 1.382013 -0.378365
v -1.020439 1.298983 -0.495936
v -1.026805 1.321644 -0.519109
v -1.005756 1.330682 -0.528742
v -1.020439 1.298983 -0.495936
v -1.026805 1.321644 -0.519109
v -0.768328 1.343548 -0.525236
v -0.779758 1.198244 -0.374047
v -1.018037 1.181962 -0.375816
v -0.406280 1.280096 -0.497058
v -0.400806 1.155640 -0.372041
v -0.042705 1.249148 -0.502446
v -0.002585 1.154809 -0.350667
v 0.371833 1.291507 -0.514879
v 0.387629 1.168728 -0.370376
v 0.823942 1.298107 -0.529508
v 0.807792 1.122884 -0.358988
v 0.991482 1.284904 -0.518671
v 1.029797 1.259107 -0.492651
v 1.020373 1.273780 -0.507657
v 1.032009 1.136712 -0.365872
v -1.023050 1.183919 -0.208097
v -1.009122 1.184469 -0.162892
v -1.029942 1.184349 -0.175516
v -0.771730 1.194870 -0.153394
v -0.779758 1.198244 -0.374047
v -1.018037 1.181962 -0.375816
v -0.418268 1.149938 -0.168869
v -0.400806 1.155640 -0.372041
v -0.066216 1.105724 -0.137496
v -0.002585 1.154809 -0.350667
v 0.378762 1.141310 -0.133495
v 0.387629 1.168728 -0.370376
v 0.807792 1.122884 -0.358988
v 0.831186 1.140935 -0.130492
v 0.998147 1.140511 -0.152079
v 1.035306 1.139756 -0.189606
v 1.026516 1.140154 -0.168446
v 1.032009 1.136712 -0.365872
v -1.123366 2.415247 -0.712065
v -1.123366 2.381239 -0.714525
v -1.135000 2.379987 -0.712065
v -0.579134 0.017226 -0.596985
v -0.567500 0.052486 -0.596985
v -0.579134 0.052486 -0.594525
v -0.579134 0.052486 -0.714525
v -0.567500 0.052486 -0.712065
v -0.579134 0.017226 -0.712065
v -0.579134 0.052486 -0.714525
v -1.123366 2.381239 -0.714525
v -0.579134 2.381239 -0.714525
v -1.123366 0.052486 -0.714525
v -0.579134 2.320159 -0.594525
v -1.123366 0.052486 -0.594525
v -0.579134 0.052486 -0.594525
v -1.123366 2.320159 -0.594525
v -1.123366 2.320159 -0.594525
v -1.123366 2.356671 -0.596985
v -1.135000 2.321411 -0.596985
v -1.123366 0.052486 -0.594525
v -1.135000 0.052486 -0.596985
v -1.123366 0.017226 -0.596985
v -1.123366 0.017226 -0.712065
v -1.135000 0.052486 -0.712065
v -1.123366 0.052486 -0.714525
v -1.135000 0.052486 -0.596985
v -1.123366 0.017226 -0.596985
v -1.135000 2.379987 -0.712065
v -1.135000 2.321411 -0.596985
v -1.123366 2.356671 -0.596985
v -1.123366 2.415247 -0.712065
v -0.579134 2.356671 -0.596985
v -1.123366 2.320159 -0.594525
v -0.579134 2.320159 -0.594525
v -1.123366 2.356671 -0.596985
v -0.579134 2.415247 -0.712065
v -1.123366 2.415247 -0.712065
v -0.579134 2.381239 -0.714525
v -1.123366 2.381239 -0.714525
v -0.579134 0.052486 -0.594525
v -1.123366 0.017226 -0.596985
v -0.579134 0.017226 -0.596985
v -1.123366 0.052486 -0.594525
v -1.123366 2.381239 -0.714525
v -1.135000 0.052486 -0.712065
v -1.135000 2.379987 -0.712065
v -1.123366 0.052486 -0.714525
v -0.579134 0.017226 -0.712065
v -1.123366 0.052486 -0.714525
v -0.579134 0.052486 -0.714525
v -1.123366 0.017226 -0.712065
v -0.579134 0.017226 -0.596985
v -1.123366 0.017226 -0.596985
v -0.567500 0.052486 -0.596985
v -0.579134 2.320159 -0.594525
v -0.579134 0.052486 -0.594525
v -0.567500 2.321411 -0.596985
v -0.579134 2.356671 -0.596985
v -0.579134 2.415247 -0.712065
v -0.567500 2.379987 -0.712065
v -0.579134 2.381239 -0.714525
v -0.579134 0.052486 -0.714525
v -0.567500 0.052486 -0.712065
v -0.579134 0.017226 -0.712065
v -0.579134 0.017226 -0.596985
v -0.555866 2.415247 -0.712065
v -0.555866 2.381239 -0.714525
v -0.567500 2.379987 -0.712065
v -0.011634 0.017226 -0.596985
v -0.000000 0.052486 -0.596985
v -0.011634 0.052486 -0.594525
v -0.011634 0.052486 -0.714525
v 0.000000 0.052486 -0.712065
v -0.011634 0.017226 -0.712065
v -0.011634 0.052486 -0.714525
v -0.555866 2.381239 -0.714525
v -0.011634 2.381239 -0.714525
v -0.555866 0.052486 -0.714525
v -0.011634 2.320159 -0.594525
v -0.555866 0.052486 -0.594525
v -0.011634 0.052486 -0.594525
v -0.555866 2.320159 -0.594525
v -0.555866 2.320159 -0.594525
v -0.555866 2.356671 -0.596985
v -0.567500 2.321411 -0.596985
v -0.555866 0.052486 -0.594525
v -0.567500 0.052486 -0.596985
v -0.555866 0.017226 -0.596985
v -0.555866 0.017226 -0.712065
v -0.567500 0.052486 -0.712065
v -0.555866 0.052486 -0.714525
v -0.567500 0.052486 -0.596985
v -0.555866 0.017226 -0.596985
v -0.567500 2.379987 -0.712065
v -0.567500 2.321411 -0.596985
v -0.555866 2.356671 -0.596985
v -0.555866 2.415247 -0.712065
v -0.011634 2.356671 -0.596985
v -0.555866 2.320159 -0.594525
v -0.011634 2.320159 -0.594525
v -0.555866 2.356671 -0.596985
v -0.011634 2.415247 -0.712065
v -0.555866 2.415247 -0.712065
v -0.011634 2.381239 -0.714525
v -0.555866 2.381239 -0.714525
v -0.011634 0.052486 -0.594525
v -0.555866 0.017226 -0.596985
v -0.011634 0.017226 -0.596985
v -0.555866 0.052486 -0.594525
v -0.555866 2.381239 -0.714525
v -0.567500 0.052486 -0.712065
v -0.567500 2.379987 -0.712065
v -0.555866 0.052486 -0.714525
v -0.011634 0.017226 -0.712065
v -0.555866 0.052486 -0.714525
v -0.011634 0.052486 -0.714525
v -0.555866 0.017226 -0.712065
v -0.011634 0.017226 -0.596985
v -0.555866 0.017226 -0.596985
v -0.000000 0.052486 -0.596985
v -0.011634 2.320159 -0.594525
v -0.011634 0.052486 -0.594525
v -0.000000 2.321411 -0.596985
v -0.011634 2.356671 -0.596985
v -0.011634 2.415247 -0.712065
v 0.000000 2.379987 -0.712065
v -0.011634 2.381239 -0.714525
v -0.011634 0.052486 -0.714525
v 0.000000 0.052486 -0.712065
v -0.011634 0.017226 -0.712065
v -0.011634 0.017226 -0.596985
v 0.011634 2.415247 -0.712065
v 0.011634 2.381239 -0.714525
v 0.000000 2.379987 -0.712065
v 0.555866 0.017226 -0.596985
v 0.567500 0.052486 -0.596985
v 0.555866 0.052486 -0.594525
v 0.555866 0.052486 -0.714525
v 0.567500 0.052486 -0.712065
v 0.555866 0.017226 -0.712065
v 0.555866 0.052486 -0.714525
v 0.011634 2.381239 -0.714525
v 0.555866 2.381239 -0.714525
v 0.011634 0.052486 -0.714525
v 0.555866 2.320159 -0.594525
v 0.011634 0.052486 -0.594525
v 0.555866 0.052486 -0.594525
v 0.011634 2.320159 -0.594525
v 0.011634 2.320159 -0.594525
v 0.011634 2.356671 -0.596985
v -0.000000 2.321411 -0.596985
v 0.011634 0.052486 -0.594525
v -0.000000 0.052486 -0.596985
v 0.011634 0.017226 -0.596985
v 0.011634 0.017226 -0.712065
v 0.000000 0.052486 -0.712065
v 0.011634 0.052486 -0.714525
v -0.000000 0.052486 -0.596985
v 0.011634 0.017226 -0.596985
v 0.000000 2.379987 -0.712065
v -0.000000 2.321411 -0.596985
v 0.011634 2.356671 -0.596985
v 0.011634 2.415247 -0.712065
v 0.555866 2.356671 -0.596985
v 0.011634 2.320159 -0.594525
v 0.555866 2.320159 -0.594525
v 0.011634 2.356671 -0.596985
v 0.555866 2.415247 -0.712065
v 0.011634 2.415247 -0.712065
v 0.555866 2.381239 -0.714525
v 0.011634 2.381239 -0.714525
v 0.555866 0.052486 -0.594525
v 0.011634 0.017226 -0.596985
v 0.555866 0.017226 -0.596985
v 0.011634 0.052486 -0.594525
v 0.011634 2.381239 -0.714525
v 0.000000 0.052486 -0.712065
v 0.000000 2.379987 -0.712065
v 0.011634 0.052486 -0.714525
v 0.555866 0.017226 -0.712065
v 0.011634 0.052486 -0.714525
v 0.555866 0.052486 -0.714525
v 0.011634 0.017226 -0.712065
v 0.555866 0.017226 -0.596985
v 0.011634 0.017226 -0.596985
v 0.567500 0.052486 -0.596985
v 0.555866 2.320159 -0.594525
v 0.555866 0.052486 -0.594525
v 0.567500 2.321411 -0.596985
v 0.555866 2.356671 -0.596985
v 0.555866 2.415247 -0.712065
v 0.567500 2.379987 -0.712065
v 0.555866 2.381239 -0.714525
v 0.555866 0.052486 -0.714525
v 0.567500 0.052486 -0.712065
v 0.555866 0.017226 -0.712065
v 0.555866 0.017226 -0.596985
v 0.579134 2.415247 -0.712065
v 0.579134 2.381239 -0.714525
v 0.567500 2.379987 -0.712065
v 1.123366 0.017226 -0.596985
v 1.135000 0.052486 -0.596985
v 1.123366 0.052486 -0.594525
v 1.123366 0.052486 -0.714525
v 1.135000 0.052486 -0.712065
v 1.123366 0.017226 -0.712065
v 1.123366 0.052486 -0.714525
v 0.579134 2.381239 -0.714525
v 1.123366 2.381239 -0.714525
v 0.579134 0.052486 -0.714525
v 1.123366 2.320159 -0.594525
v 0.579134 0.052486 -0.594525
v 1.123366 0.052486 -0.594525
v 0.579134 2.320159 -0.594525
v 0.579134 2.320159 -0.594525
v 0.579134 2.356671 -0.596985
v 0.567500 2.321411 -0.596985
v 0.579134 0.052486 -0.594525
v 0.567500 0.052486 -0.596985
v 0.579134 0.017226 -0.596985
v 0.579134 0.017226 -0.712065
v 0.567500 0.052486 -0.712065
v 0.579134 0.052486 -0.714525
v 0.567500 0.052486 -0.596985
v 0.579134 0.017226 -0.596985
v 0.567500 2.379987 -0.712065
v 0.567500 2.321411 -0.596985
v 0.579134 2.356671 -0.596985
v 0.579134 2.415247 -0.712065
v 1.123366 2.356671 -0.596985
v 0.579134 2.320159 -0.594525
v 1.123366 2.320159 -0.594525
v 0.579134 2.356671 -0.596985
v 1.123366 2.415247 -0.712065
v 0.579134 2.415247 -0.712065
v 1.123366 2.381239 -0.714525
v 0.579134 2.381239 -0.714525
v 1.123366 0.052486 -0.594525
v 0.579134 0.017226 -0.596985
v 1.123366 0.017226 -0.596985
v 0.579134 0.052486 -0.594525
v 0.579134 2.381239 -0.714525
v 0.567500 0.052486 -0.712065
v 0.567500 2.379987 -0.712065
v 0.579134 0.052486 -0.714525
v 1.123366 0.017226 -0.712065
v 0.579134 0.052486 -0.714525
v 1.123366 0.052486 -0.714525
v 0.579134 0.017226 -0.712065
v 1.123366 0.017226 -0.596985
v 0.579134 0.017226 -0.596985
v 1.135000 0.052486 -0.596985
v 1.123366 2.320159 -0.594525
v 1.123366 0.052486 -0.594525
v 1.135000 2.321411 -0.596985
v 1.123366 2.356671 -0.596985
v 1.123366 2.415247 -0.712065
v 1.135000 2.379987 -0.712065
v 1.123366 2.381239 -0.714525
v 1.123366 0.052486 -0.714525
v 1.135000 0.052486 -0.712065
v 1.123366 0.017226 -0.712065
v 1.123366 0.017226 -0.596985
v 1.135000 0.397281 -0.764406
v 1.088465 0.397281 -0.765475
v 1.088465 0.400470 -0.764406
v -1.135000 0.248026 -0.714403
v -1.088465 0.244837 -0.714403
v -1.088465 0.248026 -0.713334
v -1.088465 0.248026 -0.765475
v -1.088465 0.244837 -0.764407
v -1.135000 0.248026 -0.764407
v -1.088465 0.248026 -0.765475
v 1.088465 0.397281 -0.765475
v 1.088465 0.248026 -0.765475
v -1.088465 0.397281 -0.765475
v 1.088465 0.248026 -0.713334
v -1.088465 0.397281 -0.713334
v -1.088465 0.248026 -0.713334
v 1.088465 0.397281 -0.713334
v 1.088465 0.397281 -0.713334
v 1.135000 0.397281 -0.714403
v 1.088465 0.400470 -0.714403
v -1.088465 0.397281 -0.713334
v -1.088465 0.400470 -0.714403
v -1.135000 0.397281 -0.714403
v -1.135000 0.397281 -0.764407
v -1.088465 0.400470 -0.764407
v -1.088465 0.397281 -0.765475
v -1.088465 0.400470 -0.714403
v -1.135000 0.397281 -0.714403
v 1.088465 0.400470 -0.764406
v 1.088465 0.400470 -0.714403
v 1.135000 0.397281 -0.714403
v 1.135000 0.397281 -0.764406
v 1.135000 0.248026 -0.714403
v 1.088465 0.397281 -0.713334
v 1.088465 0.248026 -0.713334
v 1.135000 0.397281 -0.714403
v 1.135000 0.248026 -0.764406
v 1.135000 0.397281 -0.764406
v 1.088465 0.248026 -0.765475
v 1.088465 0.397281 -0.765475
v -1.088465 0.248026 -0.713334
v -1.135000 0.397281 -0.714403
v -1.135000 0.248026 -0.714403
v -1.088465 0.397281 -0.713334
v 1.088465 0.397281 -0.765475
v -1.088465 0.400470 -0.764407
v 1.088465 0.400470 -0.764406
v -1.088465 0.397281 -0.765475
v -1.135000 0.248026 -0.764407
v -1.088465 0.397281 -0.765475
v -1.088465 0.248026 -0.765475
v -1.135000 0.397281 -0.764407
v -1.135000 0.248026 -0.714403
v -1.135000 0.397281 -0.714403
v -1.088465 0.244837 -0.714403
v 1.088465 0.248026 -0.713334
v -1.088465 0.248026 -0.713334
v 1.088465 0.244837 -0.714403
v 1.135000 0.248026 -0.714403
v 1.135000 0.248026 -0.764406
v 1.088465 0.244837 -0.764406
v 1.088465 0.248026 -0.765475
v -1.088465 0.248026 -0.765475
v -1.088465 0.244837 -0.764407
v -1.135000 0.248026 -0.764407
v -1.135000 0.248026 -0.714403
v 1.135000 2.311628 -0.764407
v 1.088465 2.312172 -0.765476
v 1.088465 2.314944 -0.764407
v -1.135000 2.131081 -0.714403
v -1.088465 2.127764 -0.714403
v -1.088465 2.130536 -0.713334
v -1.088465 2.157076 -0.765476
v -1.088465 2.153215 -0.764407
v -1.135000 2.156532 -0.764407
v -1.088465 2.157076 -0.765476
v 1.088465 2.312172 -0.765476
v 1.088465 2.157076 -0.765476
v -1.088465 2.312172 -0.765476
v 1.088465 2.130536 -0.713334
v -1.088465 2.285632 -0.713334
v -1.088465 2.130536 -0.713334
v 1.088465 2.285632 -0.713334
v 1.088465 2.285632 -0.713334
v 1.135000 2.286176 -0.714403
v 1.088465 2.289492 -0.714403
v -1.088465 2.285632 -0.713334
v -1.088465 2.289493 -0.714403
v -1.135000 2.286176 -0.714403
v -1.135000 2.311628 -0.764407
v -1.088465 2.314944 -0.764407
v -1.088465 2.312172 -0.765476
v -1.088465 2.289493 -0.714403
v -1.135000 2.286176 -0.714403
v 1.088465 2.314944 -0.764407
v 1.088465 2.289492 -0.714403
v 1.135000 2.286176 -0.714403
v 1.135000 2.311628 -0.764407
v 1.135000 2.131080 -0.714403
v 1.088465 2.285632 -0.713334
v 1.088465 2.130536 -0.713334
v 1.135000 2.286176 -0.714403
v 1.135000 2.156532 -0.764407
v 1.135000 2.311628 -0.764407
v 1.088465 2.157076 -0.765476
v 1.088465 2.312172 -0.765476
v -1.088465 2.130536 -0.713334
v -1.135000 2.286176 -0.714403
v -1.135000 2.131081 -0.714403
v -1.088465 2.285632 -0.713334
v 1.088465 2.312172 -0.765476
v -1.088465 2.314944 -0.764407
v 1.088465 2.314944 -0.764407
v -1.088465 2.312172 -0.765476
v -1.135000 2.156532 -0.764407
v -1.088465 2.312172 -0.765476
v -1.088465 2.157076 -0.765476
v -1.135000 2.311628 -0.764407
v -1.135000 2.131081 -0.714403
v -1.135000 2.286176 -0.714403
v -1.088465 2.127764 -0.714403
v 1.088465 2.130536 -0.713334
v -1.088465 2.130536 -0.713334
v 1.088465 2.127764 -0.714403
v 1.135000 2.131080 -0.714403
v 1.135000 2.156532 -0.764407
v 1.088465 2.153215 -0.764407
v 1.088465 2.157076 -0.765476
v -1.088465 2.157076 -0.765476
v -1.088465 2.153215 -0.764407
v -1.135000 2.156532 -0.764407
v -1.135000 2.131081 -0.714403
v 1.132065 1.937197 0.227129
v 1.134525 1.901937 0.227129
v 1.132065 1.906252 0.218652
v 1.016985 0.017226 0.623675
v 1.016985 0.052486 0.632152
v 1.014525 0.052486 0.623675
v 1.134525 0.052486 0.623675
v 1.132065 0.052486 0.632152
v 1.132065 0.017226 0.623675
v 1.134525 0.052486 0.623675
v 1.134525 1.901937 0.227129
v 1.134525 1.700095 0.623675
v 1.134525 0.052486 0.227129
v 1.014525 1.700095 0.623675
v 1.014525 0.052486 0.227129
v 1.014525 0.052486 0.623675
v 1.014525 1.901937 0.227129
v 1.014525 1.901937 0.227129
v 1.016985 1.937197 0.227129
v 1.016985 1.906252 0.218652
v 1.014525 0.052486 0.227129
v 1.016985 0.052486 0.218652
v 1.016985 0.017226 0.227129
v 1.132065 0.017226 0.227129
v 1.132065 0.052486 0.218652
v 1.134525 0.052486 0.227129
v 1.016985 0.052486 0.218652
v 1.016985 0.017226 0.227129
v 1.132065 1.906252 0.218652
v 1.016985 1.906252 0.218652
v 1.016985 1.937197 0.227129
v 1.132065 1.937197 0.227129
v 1.016985 1.735355 0.623675
v 1.014525 1.901937 0.227129
v 1.014525 1.700095 0.623675
v 1.016985 1.937197 0.227129
v 1.132065 1.735355 0.623675
v 1.132065 1.937197 0.227129
v 1.134525 1.700095 0.623675
v 1.134525 1.901937 0.227129
v 1.014525 0.052486 0.623675
v 1.016985 0.017226 0.227129
v 1.016985 0.017226 0.623675
v 1.014525 0.052486 0.227129
v 1.134525 1.901937 0.227129
v 1.132065 0.052486 0.218652
v 1.132065 1.906252 0.218652
v 1.134525 0.052486 0.227129
v 1.132065 0.017226 0.623675
v 1.134525 0.052486 0.227129
v 1.134525 0.052486 0.623675
v 1.132065 0.017226 0.227129
v 1.016985 0.017226 0.623675
v 1.016985 0.017226 0.227129
v 1.016985 0.052486 0.632152
v 1.014525 1.700095 0.623675
v 1.014525 0.052486 0.623675
v 1.016985 1.695781 0.632152
v 1.016985 1.735355 0.623675
v 1.132065 1.735355 0.623675
v 1.132065 1.695781 0.632152
v 1.134525 1.700095 0.623675
v 1.134525 0.052486 0.623675
v 1.132065 0.052486 0.632152
v 1.132065 0.017226 0.623675
v 1.016985 0.017226 0.623675
v 1.132065 2.147414 -0.185871
v 1.134525 2.112154 -0.185871
v 1.132065 2.116469 -0.194348
v 1.016985 0.017226 0.210675
v 1.016985 0.052486 0.219152
v 1.014525 0.052486 0.210675
v 1.134525 0.052486 0.210675
v 1.132065 0.052486 0.219152
v 1.132065 0.017226 0.210675
v 1.134525 0.052486 0.210675
v 1.134525 2.112154 -0.185871
v 1.134525 1.910312 0.210675
v 1.134525 0.052486 -0.185871
v 1.014525 1.910312 0.210675
v 1.014525 0.052486 -0.185871
v 1.014525 0.052486 0.210675
v 1.014525 2.112154 -0.185871
v 1.014525 2.112154 -0.185871
v 1.016985 2.147414 -0.185871
v 1.016985 2.116469 -0.194348
v 1.014525 0.052486 -0.185871
v 1.016985 0.052486 -0.194348
v 1.016985 0.017226 -0.185871
v 1.132065 0.017226 -0.185871
v 1.132065 0.052486 -0.194348
v 1.134525 0.052486 -0.185871
v 1.016985 0.052486 -0.194348
v 1.016985 0.017226 -0.185871
v 1.132065 2.116469 -0.194348
v 1.016985 2.116469 -0.194348
v 1.016985 2.147414 -0.185871
v 1.132065 2.147414 -0.185871
v 1.016985 1.945572 0.210675
v 1.014525 2.112154 -0.185871
v 1.014525 1.910312 0.210675
v 1.016985 2.147414 -0.185871
v 1.132065 1.945572 0.210675
v 1.132065 2.147414 -0.185871
v 1.134525 1.910312 0.210675
v 1.134525 2.112154 -0.185871
v 1.014525 0.052486 0.210675
v 1.016985 0.017226 -0.185871
v 1.016985 0.017226 0.210675
v 1.014525 0.052486 -0.185871
v 1.134525 2.112154 -0.185871
v 1.132065 0.052486 -0.194348
v 1.132065 2.116469 -0.194348
v 1.134525 0.052486 -0.185871
v 1.132065 0.017226 0.210675
v 1.134525 0.052486 -0.185871
v 1.134525 0.052486 0.210675
v 1.132065 0.017226 -0.185871
v 1.016985 0.017226 0.210675
v 1.016985 0.017226 -0.185871
v 1.016985 0.052486 0.219152
v 1.014525 1.910312 0.210675
v 1.014525 0.052486 0.210675
v 1.016985 1.905998 0.219152
v 1.016985 1.945572 0.210675
v 1.132065 1.945572 0.210675
v 1.132065 1.905998 0.219152
v 1.134525 1.910312 0.210675
v 1.134525 0.052486 0.210675
v 1.132065 0.052486 0.219152
v 1.132065 0.017226 0.210675
v 1.016985 0.017226 0.210675
v 1.132065 2.357631 -0.598871
v 1.134525 2.322371 -0.598871
v 1.132065 2.326686 -0.607348
v 1.016985 0.017226 -0.202325
v 1.016985 0.052486 -0.193848
v 1.014525 0.052486 -0.202325
v 1.134525 0.052486 -0.202325
v 1.132065 0.052486 -0.193848
v 1.132065 0.017226 -0.202325
v 1.134525 0.052486 -0.202325
v 1.134525 2.322371 -0.598871
v 1.134525 2.120529 -0.202325
v 1.134525 0.052486 -0.598871
v 1.014525 2.120529 -0.202325
v 1.014525 0.052486 -0.598871
v 1.014525 0.052486 -0.202325
v 1.014525 2.322371 -0.598872
v 1.014525 2.322371 -0.598872
v 1.016985 2.357631 -0.598872
v 1.016985 2.326686 -0.607348
v 1.014525 0.052486 -0.598871
v 1.016985 0.052486 -0.607348
v 1.016985 0.017226 -0.598871
v 1.132065 0.017226 -0.598871
v 1.132065 0.052486 -0.607348
v 1.134525 0.052486 -0.598871
v 1.016985 0.052486 -0.607348
v 1.016985 0.017226 -0.598871
v 1.132065 2.326686 -0.607348
v 1.016985 2.326686 -0.607348
v 1.016985 2.357631 -0.598872
v 1.132065 2.357631 -0.598871
v 1.016985 2.155789 -0.202325
v 1.014525 2.322371 -0.598872
v 1.014525 2.120529 -0.202325
v 1.016985 2.357631 -0.598872
v 1.132065 2.155789 -0.202325
v 1.132065 2.357631 -0.598871
v 1.134525 2.120529 -0.202325
v 1.134525 2.322371 -0.598871
v 1.014525 0.052486 -0.202325
v 1.016985 0.017226 -0.598871
v 1.016985 0.017226 -0.202325
v 1.014525 0.052486 -0.598871
v 1.134525 2.322371 -0.598871
v 1.132065 0.052486 -0.607348
v 1.132065 2.326686 -0.607348
v 1.134525 0.052486 -0.598871
v 1.132065 0.017226 -0.202325
v 1.134525 0.052486 -0.598871
v 1.134525 0.052486 -0.202325
v 1.132065 0.017226 -0.598871
v 1.016985 0.017226 -0.202325
v 1.016985 0.017226 -0.598871
v 1.016985 0.052486 -0.193848
v 1.014525 2.120529 -0.202325
v 1.014525 0.052486 -0.202325
v 1.016985 2.116215 -0.193848
v 1.016985 2.155789 -0.202325
v 1.132065 2.155789 -0.202325
v 1.132065 2.116215 -0.193848
v 1.134525 2.120529 -0.202325
v 1.134525 0.052486 -0.202325
v 1.132065 0.052486 -0.193848
v 1.132065 0.017226 -0.202325
v 1.016985 0.017226 -0.202325
v 1.184406 0.397281 0.675208
v 1.185475 0.397281 0.649788
v 1.184406 0.400470 0.649788
v 1.134403 0.248026 -0.564792
v 1.134403 0.244837 -0.539372
v 1.133334 0.248026 -0.539372
v 1.185475 0.248026 -0.539372
v 1.184407 0.244837 -0.539372
v 1.184407 0.248026 -0.564792
v 1.185475 0.248026 -0.539372
v 1.185475 0.397281 0.649788
v 1.185475 0.248026 0.649788
v 1.185475 0.397281 -0.539372
v 1.133334 0.248026 0.649788
v 1.133334 0.397281 -0.539372
v 1.133334 0.248026 -0.539372
v 1.133334 0.397281 0.649788
v 1.133334 0.397281 0.649788
v 1.134403 0.397281 0.675208
v 1.134403 0.400470 0.649788
v 1.133334 0.397281 -0.539372
v 1.134403 0.400470 -0.539372
v 1.134403 0.397281 -0.564792
v 1.184407 0.397281 -0.564792
v 1.184407 0.400470 -0.539372
v 1.185475 0.397281 -0.539372
v 1.134403 0.400470 -0.539372
v 1.134403 0.397281 -0.564792
v 1.184406 0.400470 0.649788
v 1.134403 0.400470 0.649788
v 1.134403 0.397281 0.675208
v 1.184406 0.397281 0.675208
v 1.134403 0.248026 0.675208
v 1.133334 0.397281 0.649788
v 1.133334 0.248026 0.649788
v 1.134403 0.397281 0.675208
v 1.184406 0.248026 0.675208
v 1.184406 0.397281 0.675208
v 1.185475 0.248026 0.649788
v 1.185475 0.397281 0.649788
v 1.133334 0.248026 -0.539372
v 1.134403 0.397281 -0.564792
v 1.134403 0.248026 -0.564792
v 1.133334 0.397281 -0.539372
v 1.185475 0.397281 0.649788
v 1.184407 0.400470 -0.539372
v 1.184406 0.400470 0.649788
v 1.185475 0.397281 -0.539372
v 1.184407 0.248026 -0.564792
v 1.185475 0.397281 -0.539372
v 1.185475 0.248026 -0.539372
v 1.184407 0.397281 -0.564792
v 1.134403 0.248026 -0.564792
v 1.134403 0.397281 -0.564792
v 1.134403 0.244837 -0.539372
v 1.133334 0.248026 0.649788
v 1.133334 0.248026 -0.539372
v 1.134403 0.244837 0.649788
v 1.134403 0.248026 0.675208
v 1.184406 0.248026 0.675208
v 1.184406 0.244837 0.649788
v 1.185475 0.248026 0.649788
v 1.185475 0.248026 -0.539372
v 1.184407 0.244837 -0.539372
v 1.184407 0.248026 -0.564792
v 1.134403 0.248026 -0.564792
v 1.184407 1.578864 0.675208
v 1.185475 1.591803 0.649788
v 1.184407 1.595119 0.649788
v 1.134403 2.054928 -0.564792
v 1.134403 2.038673 -0.539372
v 1.133334 2.041990 -0.539372
v 1.185475 2.041990 -0.539372
v 1.184407 2.038673 -0.539372
v 1.184407 2.054928 -0.564792
v 1.185475 2.041990 -0.539372
v 1.185475 1.591803 0.649788
v 1.185475 1.436707 0.649788
v 1.185475 2.197085 -0.539372
v 1.133334 1.436707 0.649788
v 1.133334 2.197085 -0.539372
v 1.133334 2.041990 -0.539372
v 1.133334 1.591803 0.649788
v 1.133334 1.591803 0.649788
v 1.134403 1.578864 0.675208
v 1.134403 1.595119 0.649788
v 1.133334 2.197085 -0.539372
v 1.134403 2.200402 -0.539372
v 1.134403 2.210024 -0.564792
v 1.184407 2.210024 -0.564792
v 1.184407 2.200402 -0.539372
v 1.185475 2.197085 -0.539372
v 1.134403 2.200402 -0.539372
v 1.134403 2.210024 -0.564792
v 1.184407 1.595119 0.649788
v 1.134403 1.595119 0.649788
v 1.134403 1.578864 0.675208
v 1.184407 1.578864 0.675208
v 1.134403 1.423768 0.675208
v 1.133334 1.591803 0.649788
v 1.133334 1.436707 0.649788
v 1.134403 1.578864 0.675208
v 1.184407 1.423768 0.675208
v 1.184407 1.578864 0.675208
v 1.185475 1.436707 0.649788
v 1.185475 1.591803 0.649788
v 1.133334 2.041990 -0.539372
v 1.134403 2.210024 -0.564792
v 1.134403 2.054928 -0.564792
v 1.133334 2.197085 -0.539372
v 1.185475 1.591803 0.649788
v 1.184407 2.200402 -0.539372
v 1.184407 1.595119 0.649788
v 1.185475 2.197085 -0.539372
v 1.184407 2.054928 -0.564792
v 1.185475 2.197085 -0.539372
v 1.185475 2.041990 -0.539372
v 1.184407 2.210024 -0.564792
v 1.134403 2.054928 -0.564792
v 1.134403 2.210024 -0.564792
v 1.134403 2.038673 -0.539372
v 1.133334 1.436707 0.649788
v 1.133334 2.041990 -0.539372
v 1.134403 1.433390 0.649788
v 1.134403 1.423768 0.675208
v 1.184407 1.423768 0.675208
v 1.184407 1.433390 0.649788
v 1.185475 1.436707 0.649788
v 1.185475 2.041990 -0.539372
v 1.184407 2.038673 -0.539372
v 1.184407 2.054928 -0.564792
v 1.134403 2.054928 -0.564792
v -1.132065 1.747980 0.598871
v -1.134525 1.712720 0.598871
v -1.132065 1.708406 0.607348
v -1.016985 0.017226 0.202325
v -1.016985 0.052486 0.193848
v -1.014525 0.052486 0.202325
v -1.134525 0.052486 0.202325
v -1.132065 0.052486 0.193848
v -1.132065 0.017226 0.202325
v -1.134525 0.052486 0.202325
v -1.134525 1.712720 0.598871
v -1.134525 1.914562 0.202325
v -1.134525 0.052486 0.598871
v -1.014525 1.914562 0.202325
v -1.014525 0.052486 0.598871
v -1.014525 0.052486 0.202325
v -1.014525 1.712720 0.598871
v -1.014525 1.712720 0.598871
v -1.016985 1.747980 0.598871
v -1.016985 1.708406 0.607348
v -1.014525 0.052486 0.598871
v -1.016985 0.052486 0.607348
v -1.016985 0.017226 0.598871
v -1.132065 0.017226 0.598871
v -1.132065 0.052486 0.607348
v -1.134525 0.052486 0.598871
v -1.016985 0.052486 0.607348
v -1.016985 0.017226 0.598871
v -1.132065 1.708406 0.607348
v -1.016985 1.708406 0.607348
v -1.016985 1.747980 0.598871
v -1.132065 1.747980 0.598871
v -1.016985 1.949823 0.202325
v -1.014525 1.712720 0.598871
v -1.014525 1.914562 0.202325
v -1.016985 1.747980 0.598871
v -1.132065 1.949823 0.202325
v -1.132065 1.747980 0.598871
v -1.134525 1.914562 0.202325
v -1.134525 1.712720 0.598871
v -1.014525 0.052486 0.202325
v -1.016985 0.017226 0.598871
v -1.016985 0.017226 0.202325
v -1.014525 0.052486 0.598871
v -1.134525 1.712720 0.598871
v -1.132065 0.052486 0.607348
v -1.132065 1.708406 0.607348
v -1.134525 0.052486 0.598871
v -1.132065 0.017226 0.202325
v -1.134525 0.052486 0.598871
v -1.134525 0.052486 0.202325
v -1.132065 0.017226 0.598871
v -1.016985 0.017226 0.202325
v -1.016985 0.017226 0.598871
v -1.016985 0.052486 0.193848
v -1.014525 1.914562 0.202325
v -1.014525 0.052486 0.202325
v -1.016985 1.918877 0.193848
v -1.016985 1.949823 0.202325
v -1.132065 1.949823 0.202325
v -1.132065 1.918877 0.193848
v -1.134525 1.914562 0.202325
v -1.134525 0.052486 0.202325
v -1.132065 0.052486 0.193848
v -1.132065 0.017226 0.202325
v -1.016985 0.017226 0.202325
v -1.132065 1.958197 0.185871
v -1.134525 1.922937 0.185871
v -1.132065 1.918623 0.194348
v -1.016985 0.017226 -0.210675
v -1.016985 0.052486 -0.219152
v -1.014525 0.052486 -0.210675
v -1.134525 0.052486 -0.210675
v -1.132065 0.052486 -0.219152
v -1.132065 0.017226 -0.210675
v -1.134525 0.052486 -0.210675
v -1.134525 1.922937 0.185871
v -1.134525 2.124779 -0.210675
v -1.134525 0.052486 0.185871
v -1.014525 2.124779 -0.210675
v -1.014525 0.052486 0.185871
v -1.014525 0.052486 -0.210675
v -1.014525 1.922937 0.185871
v -1.014525 1.922937 0.185871
v -1.016985 1.958197 0.185871
v -1.016985 1.918623 0.194348
v -1.014525 0.052486 0.185871
v -1.016985 0.052486 0.194348
v -1.016985 0.017226 0.185871
v -1.132065 0.017226 0.185871
v -1.132065 0.052486 0.194348
v -1.134525 0.052486 0.185871
v -1.016985 0.052486 0.194348
v -1.016985 0.017226 0.185871
v -1.132065 1.918623 0.194348
v -1.016985 1.918623 0.194348
v -1.016985 1.958197 0.185871
v -1.132065 1.958197 0.185871
v -1.016985 2.160040 -0.210675
v -1.014525 1.922937 0.185871
v -1.014525 2.124779 -0.210675
v -1.016985 1.958197 0.185871
v -1.132065 2.160040 -0.210675
v -1.132065 1.958197 0.185871
v -1.134525 2.124779 -0.210675
v -1.134525 1.922937 0.185871
v -1.014525 0.052486 -0.210675
v -1.016985 0.017226 0.185871
v -1.016985 0.017226 -0.210675
v -1.014525 0.052486 0.185871
v -1.134525 1.922937 0.185871
v -1.132065 0.052486 0.194348
v -1.132065 1.918623 0.194348
v -1.134525 0.052486 0.185871
v -1.132065 0.017226 -0.210675
v -1.134525 0.052486 0.185871
v -1.134525 0.052486 -0.210675
v -1.132065 0.017226 0.185871
v -1.016985 0.017226 -0.210675
v -1.016985 0.017226 0.185871
v -1.016985 0.052486 -0.219152
v -1.014525 2.124779 -0.210675
v -1.014525 0.052486 -0.210675
v -1.016985 2.129094 -0.219152
v -1.016985 2.160040 -0.210675
v -1.132065 2.160040 -0.210675
v -1.132065 2.129094 -0.219152
v -1.134525 2.124779 -0.210675
v -1.134525 0.052486 -0.210675
v -1.132065 0.052486 -0.219152
v -1.132065 0.017226 -0.210675
v -1.016985 0.017226 -0.210675
v -1.132065 2.168415 -0.227129
v -1.134525 2.133154 -0.227129
v -1.132065 2.128840 -0.218652
v -1.016985 0.017226 -0.623675
v -1.016985 0.052486 -0.632152
v -1.014525 0.052486 -0.623675
v -1.134525 0.052486 -0.623675
v -1.132065 0.052486 -0.632152
v -1.132065 0.017226 -0.623675
v -1.134525 0.052486 -0.623675
v -1.134525 2.133154 -0.227129
v -1.134525 2.334996 -0.623675
v -1.134525 0.052486 -0.227129
v -1.014525 2.334996 -0.623675
v -1.014525 0.052486 -0.227129
v -1.014525 0.052486 -0.623675
v -1.014525 2.133154 -0.227129
v -1.014525 2.133154 -0.227129
v -1.016985 2.168414 -0.227129
v -1.016985 2.128840 -0.218652
v -1.014525 0.052486 -0.227129
v -1.016985 0.052486 -0.218652
v -1.016985 0.017226 -0.227129
v -1.132065 0.017226 -0.227129
v -1.132065 0.052486 -0.218652
v -1.134525 0.052486 -0.227129
v -1.016985 0.052486 -0.218652
v -1.016985 0.017226 -0.227129
v -1.132065 2.128840 -0.218652
v -1.016985 2.128840 -0.218652
v -1.016985 2.168414 -0.227129
v -1.132065 2.168415 -0.227129
v -1.016985 2.370257 -0.623675
v -1.014525 2.133154 -0.227129
v -1.014525 2.334996 -0.623675
v -1.016985 2.168414 -0.227129
v -1.132065 2.370257 -0.623675
v -1.132065 2.168415 -0.227129
v -1.134525 2.334996 -0.623675
v -1.134525 2.133154 -0.227129
v -1.014525 0.052486 -0.623675
v -1.016985 0.017226 -0.227129
v -1.016985 0.017226 -0.623675
v -1.014525 0.052486 -0.227129
v -1.134525 2.133154 -0.227129
v -1.132065 0.052486 -0.218652
v -1.132065 2.128840 -0.218652
v -1.134525 0.052486 -0.227129
v -1.132065 0.017226 -0.623675
v -1.134525 0.052486 -0.227129
v -1.134525 0.052486 -0.623675
v -1.132065 0.017226 -0.227129
v -1.016985 0.017226 -0.623675
v -1.016985 0.017226 -0.227129
v -1.016985 0.052486 -0.632152
v -1.014525 2.334996 -0.623675
v -1.014525 0.052486 -0.623675
v -1.016985 2.339311 -0.632152
v -1.016985 2.370257 -0.623675
v -1.132065 2.370257 -0.623675
v -1.132065 2.339311 -0.632152
v -1.134525 2.334996 -0.623675
v -1.134525 0.052486 -0.623675
v -1.132065 0.052486 -0.632152
v -1.132065 0.017226 -0.623675
v -1.016985 0.017226 -0.623675
v -1.184406 0.397281 -0.675208
v -1.185475 0.397281 -0.649788
v -1.184406 0.400470 -0.649788
v -1.134403 0.248026 0.564792
v -1.134403 0.244837 0.539372
v -1.133334 0.248026 0.539372
v -1.185475 0.248026 0.539372
v -1.184407 0.244837 0.539372
v -1.184407 0.248026 0.564792
v -1.185475 0.248026 0.539372
v -1.185475 0.397281 -0.649788
v -1.185475 0.248026 -0.649788
v -1.185475 0.397281 0.539372
v -1.133334 0.248026 -0.649788
v -1.133334 0.397281 0.539372
v -1.133334 0.248026 0.539372
v -1.133334 0.397281 -0.649788
v -1.133334 0.397281 -0.649788
v -1.134403 0.397281 -0.675208
v -1.134403 0.400470 -0.649788
v -1.133334 0.397281 0.539372
v -1.134403 0.400470 0.539372
v -1.134403 0.397281 0.564792
v -1.184407 0.397281 0.564792
v -1.184407 0.400470 0.539372
v -1.185475 0.397281 0.539372
v -1.134403 0.400470 0.539372
v -1.134403 0.397281 0.564792
v -1.184406 0.400470 -0.649788
v -1.134403 0.400470 -0.649788
v -1.134403 0.397281 -0.675208
v -1.184406 0.397281 -0.675208
v -1.134403 0.248026 -0.675208
v -1.133334 0.397281 -0.649788
v -1.133334 0.248026 -0.649788
v -1.134403 0.397281 -0.675208
v -1.184406 0.248026 -0.675208
v -1.184406 0.397281 -0.675208
v -1.185475 0.248026 -0.649788
v -1.185475 0.397281 -0.649788
v -1.133334 0.248026 0.539372
v -1.134403 0.397281 0.564792
v -1.134403 0.248026 0.564792
v -1.133334 0.397281 0.539372
v -1.185475 0.397281 -0.649788
v -1.184407 0.400470 0.539372
v -1.184406 0.400470 -0.649788
v -1.185475 0.397281 0.539372
v -1.184407 0.248026 0.564792
v -1.185475 0.397281 0.539372
v -1.185475 0.248026 0.539372
v -1.184407 0.397281 0.564792
v -1.134403 0.248026 0.564792
v -1.134403 0.397281 0.564792
v -1.134403 0.244837 0.539372
v -1.133334 0.248026 -0.649788
v -1.133334 0.248026 0.539372
v -1.134403 0.244837 -0.649788
v -1.134403 0.248026 -0.675208
v -1.184406 0.248026 -0.675208
v -1.184406 0.244837 -0.649788
v -1.185475 0.248026 -0.649788
v -1.185475 0.248026 0.539372
v -1.184407 0.244837 0.539372
v -1.184407 0.248026 0.564792
v -1.134403 0.248026 0.564792
v -1.184407 2.266226 -0.675208
v -1.185475 2.253287 -0.649788
v -1.184407 2.256603 -0.649788
v -1.134403 1.479970 0.564792
v -1.134403 1.489592 0.539372
v -1.133334 1.492909 0.539372
v -1.185475 1.492909 0.539372
v -1.184407 1.489592 0.539372
v -1.184407 1.479970 0.564792
v -1.185475 1.492909 0.539372
v -1.185475 2.253287 -0.649788
v -1.185475 2.098191 -0.649788
v -1.185475 1.648005 0.539372
v -1.133334 2.098191 -0.649788
v -1.133334 1.648005 0.539372
v -1.133334 1.492909 0.539372
v -1.133334 2.253287 -0.649788
v -1.133334 2.253287 -0.649788
v -1.134403 2.266226 -0.675208
v -1.134403 2.256603 -0.649788
v -1.133334 1.648005 0.539372
v -1.134403 1.651321 0.539372
v -1.134403 1.635066 0.564792
v -1.184407 1.635066 0.564792
v -1.184407 1.651321 0.539372
v -1.185475 1.648005 0.539372
v -1.134403 1.651321 0.539372
v -1.134403 1.635066 0.564792
v -1.184407 2.256603 -0.649788
v -1.134403 2.256603 -0.649788
v -1.134403 2.266226 -0.675208
v -1.184407 2.266226 -0.675208
v -1.134403 2.111130 -0.675208
v -1.133334 2.253287 -0.649788
v -1.133334 2.098191 -0.649788
v -1.134403 2.266226 -0.675208
v -1.184407 2.111130 -0.675208
v -1.184407 2.266226 -0.675208
v -1.185475 2.098191 -0.649788
v -1.185475 2.253287 -0.649788
v -1.133334 1.492909 0.539372
v -1.134403 1.635066 0.564792
v -1.134403 1.479970 0.564792
v -1.133334 1.648005 0.539372
v -1.185475 2.253287 -0.649788
v -1.184407 1.651321 0.539372
v -1.184407 2.256603 -0.649788
v -1.185475 1.648005 0.539372
v -1.184407 1.479970 0.564792
v -1.185475 1.648005 0.539372
v -1.185475 1.492909 0.539372
v -1.184407 1.635066 0.564792
v -1.134403 1.479970 0.564792
v -1.134403 1.635066 0.564792
v -1.134403 1.489592 0.539372
v -1.133334 2.098191 -0.649788
v -1.133334 1.492909 0.539372
v -1.134403 2.094875 -0.649788
v -1.134403 2.111130 -0.675208
v -1.184407 2.111130 -0.675208
v -1.184407 2.094875 -0.649788
v -1.185475 2.098191 -0.649788
v -1.185475 1.492909 0.539372
v -1.184407 1.489592 0.539372
v -1.184407 1.479970 0.564792
v -1.134403 1.479970 0.564792
v 1.149952 1.831362 0.020114
v 1.102372 1.829830 0.019401
v 1.102372 1.832304 0.018088
v -1.171030 1.858949 0.148240
v -1.123450 1.858008 0.150266
v -1.123450 1.860481 0.148953
v -1.123450 1.785735 0.114176
v -1.123450 1.786323 0.116915
v -1.171030 1.787267 0.114889
v -1.123450 1.785735 0.114176
v 1.102372 1.829830 0.019401
v 1.102372 1.785735 0.114176
v -1.123450 1.829830 0.019401
v 1.102372 1.860481 0.148953
v -1.123450 1.904576 0.054178
v -1.123450 1.860481 0.148953
v 1.102372 1.904576 0.054178
v 1.102372 1.904576 0.054178
v 1.149952 1.903044 0.053465
v 1.102372 1.903988 0.051439
v -1.123450 1.904576 0.054178
v -1.123450 1.903988 0.051439
v -1.171030 1.903044 0.053465
v -1.171030 1.831362 0.020113
v -1.123450 1.832304 0.018088
v -1.123450 1.829830 0.019401
v -1.123450 1.903988 0.051439
v -1.171030 1.903044 0.053465
v 1.102372 1.832304 0.018088
v 1.102372 1.903988 0.051439
v 1.149952 1.903044 0.053465
v 1.149952 1.831362 0.020114
v 1.149952 1.858949 0.148241
v 1.102372 1.904576 0.054178
v 1.102372 1.860481 0.148953
v 1.149952 1.903044 0.053465
v 1.149952 1.787267 0.114889
v 1.149952 1.831362 0.020114
v 1.102372 1.785735 0.114176
v 1.102372 1.829830 0.019401
v -1.123450 1.860481 0.148953
v -1.171030 1.903044 0.053465
v -1.171030 1.858949 0.148240
v -1.123450 1.904576 0.054178
v 1.102372 1.829830 0.019401
v -1.123450 1.832304 0.018088
v 1.102372 1.832304 0.018088
v -1.123450 1.829830 0.019401
v -1.171030 1.787267 0.114889
v -1.123450 1.829830 0.019401
v -1.123450 1.785735 0.114176
v -1.171030 1.831362 0.020113
v -1.171030 1.858949 0.148240
v -1.171030 1.903044 0.053465
v -1.123450 1.858008 0.150266
v 1.102372 1.860481 0.148953
v -1.123450 1.860481 0.148953
v 1.102372 1.858008 0.150266
v 1.149952 1.858949 0.148241
v 1.149952 1.787267 0.114889
v 1.102372 1.786323 0.116915
v 1.102372 1.785735 0.114176
v -1.123450 1.785735 0.114176
v -1.123450 1.786323 0.116915
v -1.171030 1.787267 0.114889
v -1.171030 1.858949 0.148240
v -1.161550 2.200128 -0.565744
v -1.161550 2.185815 -0.539687
v -1.173326 2.186955 -0.539124
v -0.610603 1.610728 0.759148
v -0.598826 1.623902 0.732528
v -0.610603 1.625041 0.733092
v -0.610603 1.569476 0.705590
v -0.598826 1.570613 0.706154
v -0.610603 1.557440 0.732773
v -0.610603 1.569476 0.705590
v -1.161550 2.185815 -0.539687
v -0.610603 2.185815 -0.539687
v -1.161549 1.569476 0.705590
v -0.610603 2.241380 -0.512186
v -1.161549 1.625041 0.733092
v -0.610603 1.625041 0.733092
v -1.161550 2.241380 -0.512186
v -1.161550 2.241380 -0.512186
v -1.161550 2.253416 -0.539369
v -1.173326 2.240242 -0.512749
v -1.161549 1.625041 0.733092
v -1.173326 1.623902 0.732528
v -1.161549 1.610728 0.759148
v -1.161549 1.557440 0.732773
v -1.173326 1.570613 0.706154
v -1.161549 1.569476 0.705590
v -1.173326 1.623902 0.732528
v -1.161549 1.610728 0.759148
v -1.173326 2.186955 -0.539124
v -1.173326 2.240242 -0.512749
v -1.161550 2.253416 -0.539369
v -1.161550 2.200128 -0.565744
v -0.610603 2.253416 -0.539369
v -1.161550 2.241380 -0.512186
v -0.610603 2.241380 -0.512186
v -1.161550 2.253416 -0.539369
v -0.610603 2.200128 -0.565744
v -1.161550 2.200128 -0.565744
v -0.610603 2.185815 -0.539687
v -1.161550 2.185815 -0.539687
v -0.610603 1.625041 0.733092
v -1.161549 1.610728 0.759148
v -0.610603 1.610728 0.759148
v -1.161549 1.625041 0.733092
v -1.161550 2.185815 -0.539687
v -1.173326 1.570613 0.706154
v -1.173326 2.186955 -0.539124
v -1.161549 1.569476 0.705590
v -0.610603 1.557440 0.732773
v -1.161549 1.569476 0.705590
v -0.610603 1.569476 0.705590
v -1.161549 1.557440 0.732773
v -0.610603 1.610728 0.759148
v -1.161549 1.610728 0.759148
v -0.598826 1.623902 0.732528
v -0.610603 2.241380 -0.512186
v -0.610603 1.625041 0.733092
v -0.598826 2.240242 -0.512749
v -0.610603 2.253416 -0.539369
v -0.610603 2.200128 -0.565744
v -0.598826 2.186955 -0.539124
v -0.610603 2.185815 -0.539687
v -0.610603 1.569476 0.705590
v -0.598826 1.570613 0.706154
v -0.610603 1.557440 0.732773
v -0.610603 1.610728 0.759148
v -0.572112 2.200128 -0.565744
v -0.572112 2.185815 -0.539687
v -0.583889 2.186955 -0.539124
v -0.021165 1.610728 0.759148
v -0.009388 1.623902 0.732528
v -0.021165 1.625041 0.733092
v -0.021165 1.569476 0.705590
v -0.009388 1.570613 0.706154
v -0.021165 1.557440 0.732773
v -0.021165 1.569476 0.705590
v -0.572112 2.185815 -0.539687
v -0.021166 2.185815 -0.539687
v -0.572112 1.569476 0.705590
v -0.021166 2.241380 -0.512185
v -0.572112 1.625041 0.733092
v -0.021165 1.625041 0.733092
v -0.572112 2.241380 -0.512186
v -0.572112 2.241380 -0.512186
v -0.572112 2.253416 -0.539369
v -0.583889 2.240242 -0.512749
v -0.572112 1.625041 0.733092
v -0.583889 1.623902 0.732528
v -0.572112 1.610728 0.759148
v -0.572112 1.557440 0.732773
v -0.583889 1.570613 0.706154
v -0.572112 1.569476 0.705590
v -0.583889 1.623902 0.732528
v -0.572112 1.610728 0.759148
v -0.583889 2.186955 -0.539124
v -0.583889 2.240242 -0.512749
v -0.572112 2.253416 -0.539369
v -0.572112 2.200128 -0.565744
v -0.021166 2.253416 -0.539369
v -0.572112 2.241380 -0.512186
v -0.021166 2.241380 -0.512185
v -0.572112 2.253416 -0.539369
v -0.021166 2.200128 -0.565743
v -0.572112 2.200128 -0.565744
v -0.021166 2.185815 -0.539687
v -0.572112 2.185815 -0.539687
v -0.021165 1.625041 0.733092
v -0.572112 1.610728 0.759148
v -0.021165 1.610728 0.759148
v -0.572112 1.625041 0.733092
v -0.572112 2.185815 -0.539687
v -0.583889 1.570613 0.706154
v -0.583889 2.186955 -0.539124
v -0.572112 1.569476 0.705590
v -0.021165 1.557440 0.732773
v -0.572112 1.569476 0.705590
v -0.021165 1.569476 0.705590
v -0.572112 1.557440 0.732773
v -0.021165 1.610728 0.759148
v -0.572112 1.610728 0.759148
v -0.009388 1.623902 0.732528
v -0.021166 2.241380 -0.512185
v -0.021165 1.625041 0.733092
v -0.009388 2.240242 -0.512749
v -0.021166 2.253416 -0.539369
v -0.021166 2.200128 -0.565743
v -0.009388 2.186955 -0.539124
v -0.021166 2.185815 -0.539687
v -0.021165 1.569476 0.705590
v -0.009388 1.570613 0.706154
v -0.021165 1.557440 0.732773
v -0.021165 1.610728 0.759148
v 0.576890 2.200128 -0.565743
v 0.576890 2.185815 -0.539687
v 0.565111 2.186955 -0.539123
v 1.127835 1.610728 0.759148
v 1.139612 1.623902 0.732529
v 1.127835 1.625041 0.733093
v 1.127835 1.569476 0.705590
v 1.139612 1.570613 0.706154
v 1.127835 1.557440 0.732773
v 1.127835 1.569476 0.705590
v 0.576890 2.185815 -0.539687
v 1.127835 2.185815 -0.539687
v 0.576889 1.569476 0.705590
v 1.127835 2.241380 -0.512185
v 0.576889 1.625041 0.733093
v 1.127835 1.625041 0.733093
v 0.576890 2.241380 -0.512185
v 0.576890 2.241380 -0.512185
v 0.576890 2.253416 -0.539369
v 0.565111 2.240242 -0.512749
v 0.576889 1.625041 0.733093
v 0.565112 1.623902 0.732528
v 0.576889 1.610728 0.759148
v 0.576889 1.557440 0.732773
v 0.565112 1.570613 0.706154
v 0.576889 1.569476 0.705590
v 0.565112 1.623902 0.732528
v 0.576889 1.610728 0.759148
v 0.565111 2.186955 -0.539123
v 0.565111 2.240242 -0.512749
v 0.576890 2.253416 -0.539369
v 0.576890 2.200128 -0.565743
v 1.127835 2.253416 -0.539369
v 0.576890 2.241380 -0.512185
v 1.127835 2.241380 -0.512185
v 0.576890 2.253416 -0.539369
v 1.127835 2.200128 -0.565743
v 0.576890 2.200128 -0.565743
v 1.127835 2.185815 -0.539687
v 0.576890 2.185815 -0.539687
v 1.127835 1.625041 0.733093
v 0.576889 1.610728 0.759148
v 1.127835 1.610728 0.759148
v 0.576889 1.625041 0.733093
v 0.576890 2.185815 -0.539687
v 0.565112 1.570613 0.706154
v 0.565111 2.186955 -0.539123
v 0.576889 1.569476 0.705590
v 1.127835 1.557440 0.732773
v 0.576889 1.569476 0.705590
v 1.127835 1.569476 0.705590
v 0.576889 1.557440 0.732773
v 1.127835 1.610728 0.759148
v 0.576889 1.610728 0.759148
v 1.139612 1.623902 0.732529
v 1.127835 2.241380 -0.512185
v 1.127835 1.625041 0.733093
v 1.139612 2.240242 -0.512749
v 1.127835 2.253416 -0.539369
v 1.127835 2.200128 -0.565743
v 1.139612 2.186955 -0.539123
v 1.127835 2.185815 -0.539687
v 1.127835 1.569476 0.705590
v 1.139612 1.570613 0.706154
v 1.127835 1.557440 0.732773
v 1.127835 1.610728 0.759148
v -0.017145 2.200128 -0.565743
v -0.017145 2.185815 -0.539687
v -0.028922 2.186955 -0.539124
v 0.533801 1.610728 0.759148
v 0.545578 1.623902 0.732528
v 0.533801 1.625041 0.733093
v 0.533801 1.569476 0.705590
v 0.545578 1.570613 0.706154
v 0.533801 1.557440 0.732773
v 0.533801 1.569476 0.705590
v -0.017145 2.185815 -0.539687
v 0.533802 2.185815 -0.539687
v -0.017145 1.569476 0.705590
v 0.533802 2.241380 -0.512185
v -0.017145 1.625041 0.733092
v 0.533801 1.625041 0.733093
v -0.017145 2.241380 -0.512185
v -0.017145 2.241380 -0.512185
v -0.017145 2.253416 -0.539369
v -0.028922 2.240242 -0.512749
v -0.017145 1.625041 0.733092
v -0.028922 1.623902 0.732528
v -0.017145 1.610728 0.759148
v -0.017145 1.557440 0.732773
v -0.028922 1.570613 0.706154
v -0.017145 1.569476 0.705590
v -0.028922 1.623902 0.732528
v -0.017145 1.610728 0.759148
v -0.028922 2.186955 -0.539124
v -0.028922 2.240242 -0.512749
v -0.017145 2.253416 -0.539369
v -0.017145 2.200128 -0.565743
v 0.533802 2.253416 -0.539369
v -0.017145 2.241380 -0.512185
v 0.533802 2.241380 -0.512185
v -0.017145 2.253416 -0.539369
v 0.533802 2.200128 -0.565744
v -0.017145 2.200128 -0.565743
v 0.533802 2.185815 -0.539687
v -0.017145 2.185815 -0.539687
v 0.533801 1.625041 0.733093
v -0.017145 1.610728 0.759148
v 0.533801 1.610728 0.759148
v -0.017145 1.625041 0.733092
v -0.017145 2.185815 -0.539687
v -0.028922 1.570613 0.706154
v -0.028922 2.186955 -0.539124
v -0.017145 1.569476 0.705590
v 0.533801 1.557440 0.732773
v -0.017145 1.569476 0.705590
v 0.533801 1.569476 0.705590
v -0.017145 1.557440 0.732773
v 0.533801 1.610728 0.759148
v -0.017145 1.610728 0.759148
v 0.545578 1.623902 0.732528
v 0.533802 2.241380 -0.512185
v 0.533801 1.625041 0.733093
v 0.545579 2.240242 -0.512749
v 0.533802 2.253416 -0.539369
v 0.533802 2.200128 -0.565744
v 0.545578 2.186955 -0.539123
v 0.533802 2.185815 -0.539687
v 0.533801 1.569476 0.705590
v 0.545578 1.570613 0.706154
v 0.533801 1.557440 0.732773
v 0.533801 1.610728 0.759148
v -1.261807 1.673380 0.712253
v -1.255822 1.384235 0.992019
v 0.006697 1.444430 1.032501
v -0.000936 1.775747 0.784335
v -1.266529 2.023041 0.139363
v -0.002104 2.034478 0.143309
v 1.262322 2.045918 0.147255
v 1.267045 1.696255 0.720145
v 1.273029 1.407111 0.999912
v -1.273029 2.124428 -0.018897
v -1.270026 1.881491 0.404921
v -0.004810 1.954159 0.433261
v -0.009684 2.250037 0.030534
v -1.272019 2.361493 -0.800000
v -0.004640 2.372957 -0.796044
v 1.262738 2.384422 -0.792087
v 1.261728 2.147356 -0.010983
v 1.264731 1.904421 0.412834
v -1.264127 1.918434 0.259746
v -1.260678 1.693505 0.589900
v 0.002442 1.740398 0.612879
v -0.002137 1.995990 0.299187
v -1.266270 2.197370 -0.348839
v -0.001843 2.208808 -0.344893
v 1.262582 2.220248 -0.340946
v 1.264724 1.941309 0.267639
v 1.268174 1.716380 0.597793
v -1.210094 2.414891 -0.790000
v 1.145356 2.414891 -0.790000
v -1.210094 1.622381 0.767049
v 1.145356 1.622381 0.767050
v 1.103220 0.019186 0.620000
v 1.103220 0.017226 0.618600
v 1.135000 0.019186 0.618600
v 1.103220 0.017226 0.521400
v 1.103220 0.019186 0.520000
v 1.135000 0.019186 0.521400
v 1.103220 0.155266 0.620000
v 1.135000 0.155266 0.618600
v 1.103220 0.157226 0.618600
v 1.103220 0.155266 0.520000
v 1.103220 0.157226 0.521400
v 1.135000 0.155266 0.521400
v -1.103220 0.019186 0.620000
v -1.135000 0.019186 0.618600
v -1.103220 0.017226 0.618600
v -1.103220 0.019186 0.520000
v -1.103220 0.017226 0.521400
v -1.135000 0.019186 0.521400
v -1.103220 0.155266 0.620000
v -1.103220 0.157226 0.618600
v -1.135000 0.155266 0.618600
v -1.103220 0.155266 0.520000
v -1.135000 0.155266 0.521400
v -1.103220 0.157226 0.521400
vn 0.9712 0.2379 -0.0082
vn 0.9998 -0.0177 -0.0059
vn 0.9747 0.2007 -0.0985
vn 0.9716 0.0716 -0.2255
vn 0.9652 -0.0193 -0.2610
vn -0.9871 -0.1414 0.0745
vn -0.9983 -0.0466 0.0350
vn -0.9869 -0.1576 0.0351
vn -0.9878 -0.0852 0.1305
vn -0.9881 -0.0458 0.1466
vn 0.6694 -0.0183 -0.7426
vn 0.9653 0.0810 -0.2482
vn 0.9577 -0.0196 -0.2871
vn 0.7033 0.2546 -0.6637
vn 0.9686 0.2238 -0.1081
vn 0.2657 -0.0130 -0.9640
vn 0.7116 0.6432 -0.2827
vn 0.9642 0.2650 -0.0082
vn 0.6860 0.7275 -0.0107
vn 0.3032 0.8757 -0.3757
vn 0.2859 0.9582 -0.0101
vn 0.0559 0.9984 -0.0091
vn 0.2928 0.3534 -0.8885
vn 0.0560 0.9188 -0.3907
vn -0.0232 0.9997 -0.0086
vn 0.0447 0.3734 -0.9266
vn 0.0349 -0.0097 -0.9993
vn -0.0414 0.9173 -0.3961
vn -0.0356 0.9993 -0.0102
vn -0.0639 0.3750 -0.9248
vn -0.0660 -0.0075 -0.9978
vn -0.0179 -0.0069 -0.9998
vn -0.0310 0.9275 -0.3725
vn -0.0235 0.3782 -0.9254
vn 0.1300 0.3772 -0.9169
vn 0.1278 -0.0014 -0.9918
vn 0.0637 0.3806 -0.9226
vn 0.0749 0.0004 -0.9972
vn -0.2594 -0.0155 -0.9656
vn 0.0756 0.9199 -0.3848
vn 0.0248 0.9997 -0.0061
vn 0.0371 0.9165 -0.3983
vn 0.0214 0.9998 -0.0053
vn -0.2612 0.9653 0.0047
vn -0.2910 0.8840 -0.3660
vn -0.8726 0.4548 -0.1781
vn -0.8460 0.5326 0.0272
vn -0.9848 -0.1703 0.0350
vn -0.9852 -0.1524 0.0790
vn -0.9858 -0.0896 0.1417
vn -0.2910 0.3524 -0.8894
vn -0.8731 0.1675 -0.4579
vn -0.9862 -0.0455 0.1595
vn -0.8462 -0.0414 -0.5313
vn 0.0332 -0.9159 0.4001
vn 0.0411 -0.9181 0.3941
vn -0.0120 -0.9221 0.3867
vn -0.0112 -0.9195 0.3929
vn -0.0102 -0.9211 0.3892
vn 0.0541 -0.9213 0.3851
vn -0.0728 -0.9223 0.3795
vn -0.0586 -0.9109 0.4085
vn 0.0318 -0.8404 0.5411
vn 0.0400 -0.8348 0.5492
vn 0.0029 -0.8851 0.4655
vn -0.0153 -0.9005 0.4347
vn -0.0257 -0.9278 0.3723
vn -0.0255 -0.9299 0.3668
vn -0.0008 -0.9289 0.3702
vn 0.0091 -0.9246 0.3808
vn -0.0119 -0.9203 0.3909
vn 0.0227 -0.9204 0.3904
vn 0.0446 -0.3892 0.9201
vn 0.0316 -0.3887 0.9208
vn -0.0008 -0.3797 0.9251
vn -0.0420 -0.4022 0.9146
vn -0.0310 -0.4019 0.9152
vn 0.0681 -0.3772 0.9236
vn -0.1187 -0.4184 0.9005
vn -0.0929 -0.4540 0.8861
vn 0.0171 -0.5520 0.8337
vn 0.0423 -0.5619 0.8262
vn -0.0119 -0.4810 0.8766
vn -0.0395 -0.4949 0.8681
vn -0.0008 -0.3606 0.9327
vn 0.0032 -0.3173 0.9483
vn 0.0217 -0.3365 0.9414
vn 0.0388 -0.3575 0.9331
vn -0.0008 -0.3745 0.9272
vn 0.0620 -0.3751 0.9249
vn 0.9710 -0.1694 0.1687
vn 0.9998 0.0159 -0.0073
vn 0.9745 -0.0806 0.2094
vn 0.9716 0.1004 0.2142
vn 0.9653 0.1911 0.1781
vn -0.9877 0.0520 -0.1475
vn -0.9985 0.0096 -0.0539
vn -0.9874 0.0907 -0.1297
vn -0.9883 -0.0273 -0.1501
vn -0.9886 -0.0671 -0.1350
vn 0.6870 0.5084 0.5192
vn 0.9708 0.1016 0.2174
vn 0.9643 0.1936 0.1808
vn 0.7200 0.2602 0.6434
vn 0.9737 -0.0821 0.2126
vn 0.2798 0.6642 0.6932
vn 0.7280 -0.2708 0.6298
vn 0.9701 -0.1722 0.1713
vn 0.7031 -0.5129 0.4925
vn 0.3186 -0.3822 0.8674
vn 0.3006 -0.6907 0.6578
vn 0.0594 -0.7238 0.6874
vn 0.3078 0.3459 0.8863
vn 0.0595 -0.4054 0.9122
vn -0.0247 -0.7252 0.6881
vn 0.0475 0.3588 0.9322
vn 0.0371 0.6886 0.7242
vn -0.0440 -0.4003 0.9153
vn -0.0379 -0.7238 0.6889
vn -0.0680 0.3564 0.9319
vn -0.0702 0.6858 0.7244
vn -0.0191 0.6869 0.7265
vn -0.0331 -0.4255 0.9043
vn -0.0250 0.3542 0.9348
vn 0.1383 0.3490 0.9268
vn 0.1358 0.6767 0.7236
vn 0.0676 0.3508 0.9340
vn 0.0792 0.6796 0.7293
vn -0.2727 0.6673 0.6931
vn 0.0805 -0.4103 0.9084
vn 0.0261 -0.7269 0.6862
vn 0.0395 -0.3979 0.9166
vn 0.0228 -0.7275 0.6857
vn -0.2746 -0.7064 0.6524
vn -0.3049 -0.3952 0.8666
vn -0.8773 -0.2073 0.4329
vn -0.8518 -0.4001 0.3381
vn -0.9871 0.0920 -0.1309
vn -0.9874 0.0527 -0.1490
vn -0.9880 -0.0279 -0.1517
vn -0.3047 0.3475 0.8868
vn -0.8779 0.1857 0.4414
vn -0.9883 -0.0683 -0.1363
vn -0.8524 0.3843 0.3546
vn 0.0354 0.3969 -0.9172
vn 0.0442 0.4025 -0.9144
vn -0.0127 0.4106 -0.9117
vn -0.0115 0.4044 -0.9145
vn -0.0110 0.4084 -0.9127
vn 0.0576 0.4111 -0.9098
vn -0.0775 0.4154 -0.9063
vn -0.0615 0.3858 -0.9206
vn 0.0332 0.2473 -0.9684
vn 0.0417 0.2370 -0.9706
vn 0.0037 0.3289 -0.9443
vn -0.0167 0.3629 -0.9317
vn -0.0270 0.4239 -0.9053
vn -0.0267 0.4296 -0.9026
vn -0.0012 0.4270 -0.9042
vn 0.0095 0.4169 -0.9089
vn -0.0127 0.4065 -0.9136
vn 0.0242 0.4069 -0.9132
vn 0.0477 -0.3424 -0.9383
vn 0.0337 -0.3437 -0.9385
vn -0.0009 -0.3532 -0.9355
vn -0.0446 -0.3296 -0.9431
vn -0.0327 -0.3303 -0.9433
vn 0.0724 -0.3539 -0.9325
vn -0.1264 -0.3081 -0.9429
vn -0.0976 -0.2706 -0.9577
vn 0.0175 -0.1665 -0.9859
vn 0.0441 -0.1532 -0.9872
vn -0.0114 -0.2470 -0.9690
vn -0.0419 -0.2301 -0.9723
vn -0.0012 -0.3703 -0.9289
vn 0.0034 -0.4147 -0.9100
vn 0.0225 -0.3962 -0.9179
vn 0.0410 -0.3755 -0.9259
vn -0.0009 -0.3584 -0.9336
vn 0.0660 -0.3563 -0.9320
vn 0.9712 0.0085 -0.2381
vn 0.9998 -0.0071 0.0171
vn 0.9746 -0.0842 -0.2073
vn 0.9716 -0.2199 -0.0873
vn 0.9652 -0.2616 0.0009
vn -0.9872 0.0641 0.1457
vn -0.9983 0.0313 0.0484
vn -0.9870 0.0237 0.1591
vn -0.9879 0.1239 0.0936
vn -0.9882 0.1427 0.0554
vn 0.6725 -0.7394 -0.0334
vn 0.9663 -0.2386 -0.0967
vn 0.9589 -0.2838 -0.0005
vn 0.7062 -0.6418 -0.2990
vn 0.9695 -0.0910 -0.2274
vn 0.2681 -0.9619 -0.0542
vn 0.7144 -0.2362 -0.6587
vn 0.9653 0.0101 -0.2610
vn 0.6890 0.0399 -0.7237
vn 0.3058 -0.3134 -0.8990
vn 0.2883 0.0567 -0.9558
vn 0.0565 0.0606 -0.9966
vn 0.2954 -0.8610 -0.4141
vn 0.0566 -0.3256 -0.9438
vn -0.0235 0.0612 -0.9979
vn 0.0452 -0.8983 -0.4371
vn 0.0352 -0.9976 -0.0601
vn -0.0418 -0.3312 -0.9426
vn -0.0360 0.0595 -0.9976
vn -0.0646 -0.8964 -0.4385
vn -0.0667 -0.9958 -0.0621
vn -0.0181 -0.9979 -0.0629
vn -0.0313 -0.3067 -0.9513
vn -0.0238 -0.8967 -0.4419
vn 0.1314 -0.8882 -0.4402
vn 0.1291 -0.9893 -0.0678
vn 0.0644 -0.8937 -0.4440
vn 0.0756 -0.9947 -0.0699
vn -0.2617 -0.9638 -0.0519
vn 0.0764 -0.3197 -0.9445
vn 0.0250 0.0637 -0.9977
vn 0.0375 -0.3335 -0.9420
vn 0.0217 0.0645 -0.9977
vn -0.2635 0.0720 -0.9620
vn -0.2934 -0.3032 -0.9067
vn -0.8734 -0.1456 -0.4648
vn -0.8469 0.0639 -0.5278
vn -0.9852 0.0228 0.1699
vn -0.9856 0.0673 0.1553
vn -0.9862 0.1331 0.0980
vn -0.2933 -0.8621 -0.4133
vn -0.8739 -0.4437 -0.1986
vn -0.9865 0.1536 0.0560
vn -0.8472 -0.5312 0.0039
vn 0.0336 0.3352 0.9416
vn 0.0416 0.3291 0.9434
vn -0.0121 0.3215 0.9468
vn -0.0112 0.3278 0.9447
vn -0.0103 0.3239 0.9460
vn 0.0547 0.3199 0.9459
vn -0.0736 0.3143 0.9465
vn -0.0591 0.3442 0.9370
vn 0.0320 0.4809 0.8762
vn 0.0403 0.4894 0.8711
vn 0.0031 0.4028 0.9153
vn -0.0155 0.3706 0.9286
vn -0.0259 0.3068 0.9514
vn -0.0257 0.3011 0.9532
vn -0.0009 0.3045 0.9525
vn 0.0092 0.3153 0.9490
vn -0.0121 0.3258 0.9454
vn 0.0230 0.3252 0.9454
vn 0.0451 0.8906 0.4525
vn 0.0319 0.8915 0.4520
vn -0.0008 0.8964 0.4433
vn -0.0424 0.8843 0.4650
vn -0.0313 0.8849 0.4647
vn 0.0688 0.8950 0.4407
vn -0.1200 0.8690 0.4801
vn -0.0936 0.8521 0.5149
vn 0.0172 0.7933 0.6086
vn 0.0426 0.7850 0.6180
vn -0.0118 0.8410 0.5409
vn -0.0399 0.8314 0.5542
vn -0.0009 0.9051 0.4251
vn 0.0033 0.9239 0.3827
vn 0.0218 0.9157 0.4013
vn 0.0392 0.9059 0.4216
vn -0.0008 0.8988 0.4383
vn 0.0627 0.8964 0.4387
vn 0.9710 0.1565 0.1810
vn 0.9998 -0.0061 -0.0162
vn 0.9745 0.2033 0.0952
vn 0.9716 0.2207 -0.0851
vn 0.9653 0.1911 -0.1780
vn -0.9878 -0.1430 -0.0620
vn -0.9985 -0.0526 -0.0132
vn -0.9875 -0.1226 -0.0994
vn -0.9884 -0.1511 0.0169
vn -0.9886 -0.1388 0.0576
vn 0.6898 0.5514 -0.4692
vn 0.9716 0.2208 -0.0851
vn 0.9653 0.1912 -0.1781
vn 0.7226 0.6573 -0.2139
vn 0.9745 0.2034 0.0953
vn 0.2821 0.7374 -0.6138
vn 0.7306 0.6069 0.3128
vn 0.9709 0.1566 0.1810
vn 0.7058 0.4538 0.5440
vn 0.3211 0.8379 0.4414
vn 0.3030 0.6075 0.7343
vn 0.0600 0.6352 0.7700
vn 0.3103 0.9076 -0.2830
vn 0.0601 0.8817 0.4681
vn -0.0250 0.6358 0.7715
vn 0.0480 0.9549 -0.2929
vn 0.0375 0.7705 -0.6364
vn -0.0445 0.8852 0.4631
vn -0.0383 0.6367 0.7701
vn -0.0686 0.9544 -0.2905
vn -0.0709 0.7704 -0.6336
vn -0.0193 0.7727 -0.6345
vn -0.0335 0.8723 0.4878
vn -0.0252 0.9573 -0.2881
vn 0.1397 0.9488 -0.2835
vn 0.1372 0.7689 -0.6244
vn 0.0683 0.9562 -0.2847
vn 0.0800 0.7749 -0.6270
vn -0.2748 0.7375 -0.6169
vn 0.0813 0.8775 0.4726
vn 0.0263 0.6338 0.7730
vn 0.0399 0.8866 0.4608
vn 0.0231 0.6333 0.7736
vn -0.2768 0.6011 0.7497
vn -0.3071 0.8362 0.4543
vn -0.8781 0.4162 0.2362
vn -0.8528 0.3085 0.4213
vn -0.9884 -0.1512 0.0169
vn -0.3070 0.9082 -0.2846
vn -0.8787 0.4519 -0.1539
vn -0.9886 -0.1389 0.0576
vn -0.8534 0.3795 -0.3573
vn 0.0358 -0.8872 -0.4599
vn 0.0447 -0.8840 -0.4653
vn -0.0129 -0.8808 -0.4732
vn -0.0116 -0.8841 -0.4672
vn -0.0111 -0.8820 -0.4711
vn 0.0582 -0.8789 -0.4735
vn -0.0782 -0.8751 -0.4776
vn -0.0619 -0.8915 -0.4487
vn 0.0334 -0.9487 -0.3145
vn 0.0420 -0.9517 -0.3042
vn 0.0038 -0.9192 -0.3939
vn -0.0169 -0.9040 -0.4272
vn -0.0273 -0.8736 -0.4859
vn -0.0269 -0.8705 -0.4915
vn -0.0012 -0.8722 -0.4891
vn 0.0096 -0.8776 -0.4793
vn -0.0128 -0.8830 -0.4692
vn 0.0245 -0.8825 -0.4696
vn 0.0482 -0.9599 0.2760
vn 0.0340 -0.9602 0.2774
vn -0.0009 -0.9579 0.2871
vn -0.0450 -0.9637 0.2630
vn -0.0330 -0.9640 0.2637
vn 0.0732 -0.9548 0.2880
vn -0.1277 -0.9620 0.2415
vn -0.0983 -0.9743 0.2029
vn 0.0176 -0.9951 0.0975
vn 0.0444 -0.9955 0.0841
vn -0.0113 -0.9838 0.1789
vn -0.0423 -0.9859 0.1617
vn -0.0013 -0.9526 0.3042
vn 0.0034 -0.9367 0.3502
vn 0.0226 -0.9433 0.3313
vn 0.0414 -0.9498 0.3101
vn -0.0009 -0.9563 0.2924
vn 0.0667 -0.9546 0.2904
vn 0.9712 -0.2371 -0.0252
vn 0.9998 0.0164 0.0081
vn 0.9746 -0.2128 0.0694
vn 0.9716 -0.1026 0.2131
vn 0.9652 -0.0176 0.2609
vn -0.9873 0.1493 -0.0535
vn -0.9984 0.0500 -0.0275
vn -0.9871 0.1599 -0.0123
vn -0.9880 0.1015 -0.1168
vn -0.9883 0.0647 -0.1382
vn 0.6754 -0.0846 0.7325
vn 0.9672 -0.1114 0.2281
vn 0.9600 -0.0199 0.2792
vn 0.7090 -0.3417 0.6169
vn 0.9704 -0.2298 0.0739
vn 0.2704 -0.1211 0.9551
vn 0.7172 -0.6708 0.1889
vn 0.9663 -0.2559 -0.0278
vn 0.6919 -0.7164 -0.0900
vn 0.3084 -0.9179 0.2497
vn 0.2908 -0.9488 -0.1232
vn 0.0571 -0.9899 -0.1299
vn 0.2979 -0.4728 0.8293
vn 0.0572 -0.9642 0.2590
vn -0.0237 -0.9911 -0.1306
vn 0.0457 -0.4987 0.8656
vn 0.0356 -0.1295 0.9909
vn -0.0423 -0.9634 0.2647
vn -0.0364 -0.9910 -0.1289
vn -0.0653 -0.5000 0.8636
vn -0.0674 -0.1314 0.9890
vn -0.0183 -0.1323 0.9910
vn -0.0317 -0.9704 0.2393
vn -0.0240 -0.5034 0.8637
vn 0.1328 -0.5010 0.8552
vn 0.1305 -0.1366 0.9820
vn 0.0650 -0.5052 0.8605
vn 0.0764 -0.1391 0.9873
vn -0.2639 -0.1189 0.9572
vn 0.0772 -0.9644 0.2530
vn 0.0252 -0.9908 -0.1331
vn 0.0379 -0.9629 0.2671
vn 0.0219 -0.9908 -0.1339
vn -0.2657 -0.9540 -0.1388
vn -0.2957 -0.9249 0.2390
vn -0.8742 -0.4724 0.1125
vn -0.8479 -0.5206 -0.1001
vn -0.9856 0.1687 -0.0109
vn -0.9860 0.1574 -0.0556
vn -0.9866 0.1056 -0.1241
vn -0.2956 -0.4720 0.8305
vn -0.8747 -0.2285 0.4274
vn -0.9869 0.0658 -0.1472
vn -0.8482 -0.0333 0.5286
vn 0.0339 0.9626 -0.2687
vn 0.0421 0.9640 -0.2625
vn -0.0122 0.9670 -0.2546
vn -0.0113 0.9652 -0.2612
vn -0.0104 0.9663 -0.2571
vn 0.0553 0.9659 -0.2531
vn -0.0744 0.9660 -0.2475
vn -0.0595 0.9586 -0.2783
vn 0.0323 0.9077 -0.4183
vn 0.0406 0.9032 -0.4273
vn 0.0032 0.9411 -0.3381
vn -0.0158 0.9523 -0.3048
vn -0.0261 0.9705 -0.2398
vn -0.0259 0.9719 -0.2339
vn -0.0010 0.9714 -0.2373
vn 0.0092 0.9687 -0.2482
vn -0.0122 0.9658 -0.2590
vn 0.0232 0.9657 -0.2585
vn 0.0456 0.5136 -0.8568
vn 0.0323 0.5131 -0.8577
vn -0.0008 0.5048 -0.8633
vn -0.0429 0.5255 -0.8497
vn -0.0315 0.5253 -0.8503
vn 0.0695 0.5020 -0.8621
vn -0.1213 0.5394 -0.8333
vn -0.0944 0.5733 -0.8139
vn 0.0172 0.6622 -0.7491
vn 0.0429 0.6712 -0.7401
vn -0.0118 0.5981 -0.8013
vn -0.0403 0.6108 -0.7907
vn -0.0010 0.4876 -0.8731
vn 0.0033 0.4462 -0.8949
vn 0.0220 0.4642 -0.8855
vn 0.0395 0.4836 -0.8744
vn -0.0008 0.5000 -0.8661
vn 0.0634 0.5002 -0.8636
vn 0.9709 0.1916 -0.1436
vn 0.9999 -0.0165 0.0049
vn 0.9744 0.1093 -0.1962
vn 0.9716 -0.0693 -0.2261
vn 0.9653 -0.1641 -0.2031
vn -0.9879 -0.0717 0.1378
vn -0.9986 -0.0167 0.0510
vn -0.9876 -0.1075 0.1148
vn -0.9884 0.0065 0.1514
vn -0.9887 0.0480 0.1420
vn 0.6926 -0.4281 -0.5806
vn 0.9724 -0.0686 -0.2230
vn 0.9662 -0.1621 -0.2003
vn 0.7253 -0.1668 -0.6680
vn 0.9752 0.1076 -0.1935
vn 0.2844 -0.5604 -0.7778
vn 0.7332 0.3530 -0.5813
vn 0.9718 0.1887 -0.1416
vn 0.7085 0.5721 -0.4132
vn 0.3236 0.4983 -0.8043
vn 0.3053 0.7742 -0.5544
vn 0.0606 0.8124 -0.5800
vn 0.3127 -0.2188 -0.9243
vn 0.0607 0.5284 -0.8468
vn -0.0252 0.8139 -0.5804
vn 0.0485 -0.2256 -0.9730
vn 0.0379 -0.5811 -0.8130
vn -0.0449 0.5237 -0.8507
vn -0.0387 0.8127 -0.5815
vn -0.0693 -0.2232 -0.9723
vn -0.0716 -0.5783 -0.8127
vn -0.0195 -0.5791 -0.8151
vn -0.0338 0.5476 -0.8360
vn -0.0254 -0.2206 -0.9750
vn 0.1411 -0.2166 -0.9660
vn 0.1385 -0.5692 -0.8105
vn 0.0689 -0.2173 -0.9737
vn 0.0807 -0.5714 -0.8167
vn -0.2770 -0.5636 -0.7782
vn 0.0821 0.5327 -0.8423
vn 0.0265 0.8153 -0.5784
vn 0.0403 0.5214 -0.8524
vn 0.0233 0.8159 -0.5778
vn -0.2790 0.7893 -0.5470
vn -0.3094 0.5111 -0.8019
vn -0.8788 0.2639 -0.3975
vn -0.8538 0.4404 -0.2777
vn -0.9878 -0.1062 0.1139
vn -0.9881 -0.0708 0.1365
vn -0.9887 0.0061 0.1499
vn -0.3092 -0.2204 -0.9251
vn -0.8795 -0.1215 -0.4601
vn -0.9889 0.0470 0.1407
vn -0.8544 -0.3287 -0.4023
vn 0.0362 -0.5207 0.8530
vn 0.0452 -0.5258 0.8494
vn -0.0130 -0.5335 0.8457
vn -0.0116 -0.5278 0.8493
vn -0.0112 -0.5315 0.8470
vn 0.0587 -0.5336 0.8437
vn -0.0790 -0.5374 0.8396
vn -0.0624 -0.5096 0.8582
vn 0.0337 -0.3802 0.9243
vn 0.0423 -0.3700 0.9281
vn 0.0039 -0.4569 0.8895
vn -0.0172 -0.4893 0.8719
vn -0.0275 -0.5455 0.8376
vn -0.0271 -0.5510 0.8341
vn -0.0013 -0.5488 0.8360
vn 0.0096 -0.5394 0.8420
vn -0.0130 -0.5297 0.8481
vn 0.0247 -0.5300 0.8476
vn 0.0487 0.2083 0.9768
vn 0.0344 0.2097 0.9772
vn -0.0009 0.2196 0.9756
vn -0.0454 0.1952 0.9797
vn -0.0332 0.1958 0.9801
vn 0.0739 0.2207 0.9725
vn -0.1290 0.1739 0.9763
vn -0.0991 0.1341 0.9860
vn 0.0177 0.0281 0.9994
vn 0.0447 0.0145 0.9989
vn -0.0112 0.1100 0.9939
vn -0.0427 0.0925 0.9948
vn -0.0014 0.2367 0.9716
vn 0.0035 0.2840 0.9588
vn 0.0228 0.2647 0.9641
vn 0.0418 0.2432 0.9691
vn -0.0010 0.2250 0.9744
vn 0.0674 0.2231 0.9725
vn 0.9711 -0.0417 0.2349
vn 0.9998 0.0092 -0.0156
vn 0.9746 0.0543 0.2173
vn 0.9716 0.2054 0.1174
vn 0.9652 0.2590 0.0359
vn -0.9874 -0.0427 -0.1522
vn -0.9984 -0.0237 -0.0512
vn -0.9871 -0.0008 -0.1598
vn -0.9880 -0.1091 -0.1088
vn -0.9884 -0.1331 -0.0737
vn 0.6784 0.7222 0.1351
vn 0.9682 0.2167 0.1252
vn 0.9611 0.2733 0.0388
vn 0.7118 0.5892 0.3823
vn 0.9713 0.0569 0.2310
vn 0.2728 0.9437 0.1873
vn 0.7199 0.1411 0.6795
vn 0.9673 -0.0449 0.2497
vn 0.6947 -0.1392 0.7057
vn 0.3110 0.1849 0.9322
vn 0.2933 -0.1889 0.9372
vn 0.0577 -0.1986 0.9784
vn 0.3004 0.7937 0.5290
vn 0.0578 0.1911 0.9799
vn -0.0240 -0.1994 0.9796
vn 0.0461 0.8287 0.5578
vn 0.0360 0.9795 0.1983
vn -0.0427 0.1969 0.9795
vn -0.0367 -0.1978 0.9796
vn -0.0659 0.8265 0.5590
vn -0.0681 0.9774 0.2001
vn -0.0185 0.9794 0.2011
vn -0.0320 0.1708 0.9848
vn -0.0242 0.8264 0.5625
vn 0.1341 0.8180 0.5593
vn 0.1318 0.9699 0.2047
vn 0.0657 0.8232 0.5640
vn 0.0771 0.9752 0.2077
vn -0.2661 0.9460 0.1853
vn 0.0780 0.1850 0.9796
vn 0.0254 -0.2019 0.9791
vn 0.0383 0.1994 0.9792
vn 0.0221 -0.2027 0.9790
vn -0.2680 -0.2049 0.9414
vn -0.2980 0.1738 0.9386
vn -0.8749 0.0791 0.4777
vn -0.8489 -0.1356 0.5109
vn -0.9860 0.0007 -0.1667
vn -0.9864 -0.0439 -0.1587
vn -0.9870 -0.1147 -0.1125
vn -0.2979 0.7950 0.5284
vn -0.8755 0.4092 0.2571
vn -0.9873 -0.1401 -0.0750
vn -0.8493 0.5233 0.0701
vn 0.0343 -0.2009 -0.9790
vn 0.0426 -0.1947 -0.9799
vn -0.0124 -0.1866 -0.9824
vn -0.0113 -0.1932 -0.9811
vn -0.0106 -0.1890 -0.9819
vn 0.0558 -0.1851 -0.9811
vn -0.0751 -0.1795 -0.9809
vn -0.0600 -0.2111 -0.9756
vn 0.0325 -0.3537 -0.9348
vn 0.0409 -0.3631 -0.9309
vn 0.0033 -0.2718 -0.9624
vn -0.0160 -0.2375 -0.9713
vn -0.0264 -0.1717 -0.9848
vn -0.0261 -0.1656 -0.9858
vn -0.0010 -0.1689 -0.9856
vn 0.0093 -0.1800 -0.9836
vn -0.0123 -0.1910 -0.9815
vn 0.0235 -0.1905 -0.9814
vn 0.0461 -0.8189 -0.5721
vn 0.0326 -0.8199 -0.5716
vn -0.0008 -0.8259 -0.5638
vn -0.0433 -0.8110 -0.5835
vn -0.0318 -0.8116 -0.5833
vn 0.0702 -0.8249 -0.5609
vn -0.1226 -0.7935 -0.5961
vn -0.0952 -0.7717 -0.6288
vn 0.0173 -0.7013 -0.7127
vn 0.0432 -0.6915 -0.7211
vn -0.0117 -0.7578 -0.6524
vn -0.0407 -0.7462 -0.6645
vn -0.0010 -0.8367 -0.5476
vn 0.0033 -0.8616 -0.5076
vn 0.0221 -0.8510 -0.5248
vn 0.0399 -0.8386 -0.5434
vn -0.0008 -0.8291 -0.5592
vn 0.0640 -0.8266 -0.5592
vn 0.9709 -0.1299 -0.2013
vn 0.9999 0.0037 0.0166
vn 0.9744 -0.1881 -0.1229
vn 0.9716 -0.2305 0.0532
vn 0.9653 -0.2141 0.1494
vn -0.9879 0.1320 0.0809
vn -0.9986 0.0492 0.0200
vn -0.9876 0.1066 0.1151
vn -0.9885 0.1510 0.0039
vn -0.9888 0.1445 -0.0381
vn 0.6953 -0.6069 0.3851
vn 0.9732 -0.2241 0.0523
vn 0.9672 -0.2082 0.1458
vn 0.7278 -0.6753 0.1194
vn 0.9759 -0.1829 -0.1191
vn 0.2866 -0.8145 0.5045
vn 0.7357 -0.5530 -0.3911
vn 0.9726 -0.1263 -0.1953
vn 0.7111 -0.3708 -0.5973
vn 0.3261 -0.7669 -0.5527
vn 0.3077 -0.4986 -0.8104
vn 0.0611 -0.5219 -0.8508
vn 0.3151 -0.9365 0.1537
vn 0.0612 -0.8079 -0.5862
vn -0.0255 -0.5222 -0.8524
vn 0.0489 -0.9864 0.1572
vn 0.0383 -0.8515 0.5229
vn -0.0454 -0.8122 -0.5817
vn -0.0391 -0.5233 -0.8512
vn -0.0700 -0.9855 0.1548
vn -0.0723 -0.8510 0.5201
vn -0.0197 -0.8535 0.5208
vn -0.0342 -0.7956 -0.6048
vn -0.0257 -0.9881 0.1519
vn 0.1424 -0.9786 0.1486
vn 0.1398 -0.8481 0.5111
vn 0.0696 -0.9864 0.1489
vn 0.0814 -0.8545 0.5130
vn -0.2791 -0.8151 0.5076
vn 0.0829 -0.8031 -0.5901
vn 0.0267 -0.5201 -0.8537
vn 0.0407 -0.8140 -0.5794
vn 0.0235 -0.5194 -0.8542
vn -0.2811 -0.4903 -0.8249
vn -0.3116 -0.7637 -0.5654
vn -0.8796 -0.3770 -0.2901
vn -0.8547 -0.2457 -0.4572
vn -0.9881 0.1049 0.1123
vn -0.9884 0.1295 0.0791
vn -0.9890 0.1480 0.0044
vn -0.3114 -0.9375 0.1552
vn -0.8803 -0.4660 0.0887
vn -0.9892 0.1417 -0.0364
vn -0.8555 -0.4230 0.2987
vn 0.0366 0.8146 0.5789
vn 0.0458 0.8107 0.5837
vn -0.0131 0.8064 0.5912
vn -0.0117 0.8104 0.5857
vn -0.0114 0.8078 0.5893
vn 0.0593 0.8044 0.5912
vn -0.0798 0.8000 0.5946
vn -0.0628 0.8207 0.5679
vn 0.0339 0.8954 0.4440
vn 0.0426 0.8999 0.4340
vn 0.0041 0.8556 0.5177
vn -0.0174 0.8356 0.5490
vn -0.0277 0.7976 0.6025
vn -0.0273 0.7936 0.6078
vn -0.0014 0.7956 0.6058
vn 0.0097 0.8023 0.5969
vn -0.0131 0.8091 0.5876
vn 0.0249 0.8086 0.5878
vn 0.0493 0.9890 -0.1396
vn 0.0347 0.9894 -0.1410
vn -0.0009 0.9885 -0.1510
vn -0.0458 0.9909 -0.1264
vn -0.0335 0.9913 -0.1270
vn 0.0746 0.9855 -0.1523
vn -0.1302 0.9859 -0.1053
vn -0.0999 0.9929 -0.0648
vn 0.0177 0.9990 0.0414
vn 0.0450 0.9975 0.0551
vn -0.0111 0.9991 -0.0405
vn -0.0431 0.9988 -0.0229
vn -0.0015 0.9858 -0.1679
vn 0.0035 0.9763 -0.2164
vn 0.0229 0.9802 -0.1969
vn 0.0422 0.9836 -0.1751
vn -0.0010 0.9877 -0.1564
vn 0.0680 0.9856 -0.1547
vn 0.9711 0.2316 0.0581
vn 0.9998 -0.0148 -0.0101
vn 0.9746 0.2207 -0.0389
vn 0.9716 0.1316 -0.1966
vn 0.9652 0.0540 -0.2557
vn -0.9875 -0.1542 0.0318
vn -0.9984 -0.0522 0.0199
vn -0.9872 -0.1589 -0.0105
vn -0.9881 -0.1156 0.1011
vn -0.9884 -0.0822 0.1274
vn 0.6813 0.1844 -0.7084
vn 0.9691 0.1380 -0.2046
vn 0.9622 0.0569 -0.2663
vn 0.7146 0.4208 -0.5588
vn 0.9721 0.2311 -0.0401
vn 0.2751 0.2525 -0.9277
vn 0.7227 0.6849 -0.0930
vn 0.9682 0.2424 0.0612
vn 0.6975 0.6916 0.1874
vn 0.3136 0.9420 -0.1193
vn 0.2957 0.9210 0.2536
vn 0.0582 0.9621 0.2664
vn 0.3029 0.5826 -0.7542
vn 0.0583 0.9908 -0.1223
vn -0.0242 0.9633 0.2673
vn 0.0466 0.6143 -0.7877
vn 0.0364 0.2661 -0.9632
vn -0.0431 0.9908 -0.1282
vn -0.0371 0.9634 0.2656
vn -0.0666 0.6153 -0.7855
vn -0.0688 0.2677 -0.9610
vn -0.0187 0.2690 -0.9630
vn -0.0324 0.9943 -0.1015
vn -0.0245 0.6188 -0.7852
vn 0.1355 0.6149 -0.7769
vn 0.1332 0.2719 -0.9531
vn 0.0663 0.6200 -0.7818
vn 0.0778 0.2752 -0.9582
vn -0.2683 0.2507 -0.9301
vn 0.0788 0.9901 -0.1162
vn 0.0257 0.9626 0.2697
vn 0.0387 0.9907 -0.1307
vn 0.0224 0.9625 0.2705
vn -0.2702 0.9242 0.2699
vn -0.3003 0.9477 -0.1078
vn -0.8757 0.4807 -0.0455
vn -0.8499 0.4987 0.1702
vn -0.9864 -0.1640 -0.0120
vn -0.9867 -0.1591 0.0323
vn -0.9874 -0.1187 0.1050
vn -0.3002 0.5821 -0.7557
vn -0.8763 0.2842 -0.3890
vn -0.9876 -0.0836 0.1326
vn -0.8503 0.1063 -0.5154
vn 0.0347 -0.9906 0.1321
vn 0.0432 -0.9911 0.1259
vn -0.0125 -0.9930 0.1176
vn -0.0114 -0.9922 0.1243
vn -0.0107 -0.9927 0.1201
vn 0.0564 -0.9916 0.1162
vn -0.0759 -0.9910 0.1107
vn -0.0605 -0.9879 0.1428
vn 0.0327 -0.9573 0.2874
vn 0.0412 -0.9540 0.2971
vn 0.0034 -0.9789 0.2041
vn -0.0162 -0.9855 0.1690
vn -0.0266 -0.9944 0.1027
vn -0.0263 -0.9950 0.0965
vn -0.0011 -0.9950 0.0997
vn 0.0094 -0.9938 0.1109
vn -0.0125 -0.9924 0.1221
vn 0.0237 -0.9923 0.1215
vn 0.0467 -0.6279 0.7769
vn 0.0330 -0.6274 0.7780
vn -0.0008 -0.6200 0.7846
vn -0.0437 -0.6386 0.7683
vn -0.0321 -0.6385 0.7689
vn 0.0710 -0.6171 0.7837
vn -0.1238 -0.6498 0.7499
vn -0.0960 -0.6813 0.7257
vn 0.0174 -0.7597 0.6501
vn 0.0435 -0.7675 0.6396
vn -0.0116 -0.7036 0.7105
vn -0.0411 -0.7149 0.6980
vn -0.0011 -0.6049 0.7963
vn 0.0033 -0.5664 0.8241
vn 0.0222 -0.5828 0.8123
vn 0.0403 -0.6004 0.7987
vn -0.0009 -0.6156 0.7880
vn 0.0647 -0.6154 0.7855
vn 0.9708 -0.2100 0.1156
vn 0.9999 0.0167 -0.0025
vn 0.9744 -0.1359 0.1791
vn 0.9716 0.0368 0.2336
vn 0.9653 0.1339 0.2240
vn -0.9880 0.0897 -0.1256
vn -0.9986 0.0232 -0.0473
vn -0.9877 0.1220 -0.0978
vn -0.9886 0.0142 -0.1499
vn -0.9888 -0.0282 -0.1464
vn 0.6980 0.3405 0.6300
vn 0.9739 0.0361 0.2241
vn 0.9681 0.1292 0.2149
vn 0.7304 0.0717 0.6793
vn 0.9766 -0.1296 0.1717
vn 0.2889 0.4461 0.8471
vn 0.7382 -0.4269 0.5223
vn 0.9734 -0.2007 0.1108
vn 0.7137 -0.6194 0.3270
vn 0.3286 -0.6043 0.7259
vn 0.3101 -0.8425 0.4405
vn 0.0617 -0.8851 0.4612
vn 0.3175 0.0879 0.9442
vn 0.0618 -0.6411 0.7650
vn -0.0257 -0.8868 0.4615
vn 0.0494 0.0880 0.9949
vn 0.0386 0.4622 0.8859
vn -0.0458 -0.6368 0.7696
vn -0.0395 -0.8856 0.4627
vn -0.0707 0.0857 0.9938
vn -0.0730 0.4595 0.8852
vn -0.0199 0.4600 0.8877
vn -0.0345 -0.6590 0.7514
vn -0.0259 0.0826 0.9962
vn 0.1438 0.0800 0.9864
vn 0.1412 0.4506 0.8815
vn 0.0702 0.0797 0.9943
vn 0.0821 0.4521 0.8882
vn -0.2812 0.4492 0.8480
vn 0.0837 -0.6446 0.7599
vn 0.0269 -0.8879 0.4593
vn 0.0411 -0.6347 0.7717
vn 0.0237 -0.8883 0.4586
vn -0.2833 -0.8566 0.4313
vn -0.3138 -0.6168 0.7218
vn -0.8804 -0.3147 0.3548
vn -0.8557 -0.4717 0.2127
vn -0.9884 0.1176 -0.0956
vn -0.9887 0.0867 -0.1221
vn -0.9893 0.0147 -0.1453
vn -0.3136 0.0894 0.9453
vn -0.8811 0.0557 0.4696
vn -0.9895 -0.0258 -0.1420
vn -0.8565 0.2675 0.4415
vn 0.0369 0.6343 -0.7722
vn 0.0463 0.6388 -0.7680
vn -0.0132 0.6460 -0.7632
vn -0.0117 0.6408 -0.7676
vn -0.0115 0.6443 -0.7647
vn 0.0599 0.6458 -0.7611
vn -0.0805 0.6489 -0.7566
vn -0.0633 0.6235 -0.7793
vn 0.0341 0.5056 -0.8621
vn 0.0429 0.4959 -0.8673
vn 0.0042 0.5760 -0.8175
vn -0.0177 0.6061 -0.7952
vn -0.0279 0.6566 -0.7537
vn -0.0275 0.6616 -0.7493
vn -0.0014 0.6598 -0.7514
vn 0.0098 0.6514 -0.7586
vn -0.0132 0.6426 -0.7661
vn 0.0252 0.6428 -0.7656
vn 0.0498 -0.0702 -0.9963
vn 0.0351 -0.0717 -0.9968
vn -0.0010 -0.0817 -0.9967
vn -0.0462 -0.0569 -0.9973
vn -0.0338 -0.0575 -0.9978
vn 0.0753 -0.0832 -0.9937
vn -0.1315 -0.0364 -0.9906
vn -0.1006 0.0049 -0.9949
vn 0.0178 0.1107 -0.9937
vn 0.0453 0.1244 -0.9912
vn -0.0110 0.0291 -0.9995
vn -0.0435 0.0468 -0.9980
vn -0.0015 -0.0984 -0.9951
vn 0.0035 -0.1478 -0.9890
vn 0.0230 -0.1281 -0.9915
vn 0.0425 -0.1062 -0.9934
vn -0.0010 -0.0872 -0.9962
vn 0.0687 -0.0856 -0.9940
vn 0.9710 0.0743 -0.2271
vn 0.9998 -0.0110 0.0139
vn 0.9745 -0.0233 -0.2230
vn 0.9716 -0.1868 -0.1451
vn 0.9653 -0.2512 -0.0718
vn -0.9876 0.0208 0.1555
vn -0.9985 0.0161 0.0529
vn -0.9873 -0.0217 0.1573
vn -0.9882 0.0926 0.1219
vn -0.9885 0.1212 0.0904
vn 0.6842 -0.6913 -0.2326
vn 0.9699 -0.1918 -0.1497
vn 0.9633 -0.2581 -0.0742
vn 0.7173 -0.5260 -0.4569
vn 0.9729 -0.0236 -0.2299
vn 0.2775 -0.9072 -0.3164
vn 0.7253 -0.0448 -0.6869
vn 0.9692 0.0768 -0.2341
vn 0.7003 0.2343 -0.6743
vn 0.3161 -0.0533 -0.9472
vn 0.2981 0.3170 -0.9003
vn 0.0588 0.3329 -0.9411
vn 0.3054 -0.7112 -0.6333
vn 0.0589 -0.0529 -0.9969
vn -0.0245 0.3338 -0.9423
vn 0.0471 -0.7429 -0.6677
vn 0.0368 -0.9423 -0.3327
vn -0.0436 -0.0588 -0.9973
vn -0.0375 0.3322 -0.9425
vn -0.0673 -0.7406 -0.6685
vn -0.0695 -0.9400 -0.3341
vn -0.0189 -0.9418 -0.3355
vn -0.0328 -0.0316 -0.9990
vn -0.0247 -0.7400 -0.6721
vn 0.1369 -0.7319 -0.6675
vn 0.1345 -0.9316 -0.3376
vn 0.0670 -0.7366 -0.6730
vn 0.0785 -0.9367 -0.3413
vn -0.2705 -0.9098 -0.3148
vn 0.0797 -0.0469 -0.9957
vn 0.0259 0.3362 -0.9414
vn 0.0391 -0.0614 -0.9973
vn 0.0226 0.3370 -0.9413
vn -0.2724 0.3334 -0.9026
vn -0.3026 -0.0414 -0.9522
vn -0.8765 -0.0119 -0.4813
vn -0.8509 0.2038 -0.4843
vn -0.9868 -0.0230 0.1606
vn -0.9871 0.0209 0.1588
vn -0.9877 0.0951 0.1241
vn -0.3025 -0.7127 -0.6329
vn -0.8771 -0.3670 -0.3098
vn -0.9880 0.1246 0.0915
vn -0.8514 -0.5051 -0.1418
vn 0.0351 0.0627 0.9974
vn 0.0437 0.0565 0.9974
vn -0.0126 0.0480 0.9988
vn -0.0115 0.0548 0.9984
vn -0.0108 0.0505 0.9987
vn 0.0570 0.0468 0.9973
vn -0.0767 0.0413 0.9962
vn -0.0610 0.0739 0.9954
vn 0.0330 0.2196 0.9750
vn 0.0414 0.2297 0.9724
vn 0.0036 0.1355 0.9908
vn -0.0165 0.0997 0.9949
vn -0.0268 0.0332 0.9991
vn -0.0265 0.0269 0.9993
vn -0.0011 0.0301 0.9995
vn 0.0094 0.0413 0.9991
vn -0.0126 0.0526 0.9985
vn 0.0240 0.0520 0.9984
vn 0.0472 0.7311 0.6806
vn 0.0333 0.7323 0.6802
vn -0.0008 0.7394 0.6732
vn -0.0441 0.7218 0.6906
vn -0.0324 0.7225 0.6906
vn 0.0717 0.7387 0.6702
vn -0.1251 0.7027 0.7004
vn -0.0968 0.6762 0.7304
vn 0.0175 0.5957 0.8030
vn 0.0438 0.5846 0.8101
vn -0.0115 0.6598 0.7513
vn -0.0415 0.6464 0.7619
vn -0.0012 0.7519 0.6593
vn 0.0034 0.7826 0.6225
vn 0.0224 0.7697 0.6380
vn 0.0407 0.7549 0.6546
vn -0.0009 0.7432 0.6691
vn 0.0654 0.7407 0.6687
vn 0.9712 0.1005 0.2158
vn 0.9998 -0.0015 -0.0186
vn 0.9747 0.1691 0.1463
vn 0.9716 0.2355 -0.0222
vn 0.9652 0.2327 -0.1197
vn -0.9871 -0.1238 -0.1011
vn -0.9983 -0.0504 -0.0293
vn -0.9869 -0.0939 -0.1313
vn -0.9878 -0.1534 -0.0274
vn -0.9881 -0.1528 0.0151
vn 0.6694 0.6764 -0.3070
vn 0.9653 0.2602 -0.0224
vn 0.9577 0.2567 -0.1302
vn 0.7033 0.7104 -0.0250
vn 0.9686 0.1870 0.1638
vn 0.2657 0.8822 -0.3887
vn 0.7116 0.5116 0.4816
vn 0.9642 0.1111 0.2407
vn 0.6860 0.2941 0.6655
vn 0.3032 0.6880 0.6593
vn 0.2859 0.3837 0.8781
vn 0.0559 0.3985 0.9155
vn 0.2928 0.9559 -0.0219
vn 0.0560 0.7186 0.6931
vn -0.0232 0.3985 0.9169
vn 0.0447 0.9988 -0.0184
vn 0.0349 0.9161 -0.3994
vn -0.0414 0.7230 0.6896
vn -0.0356 0.3999 0.9159
vn -0.0639 0.9978 -0.0162
vn -0.0660 0.9155 -0.3968
vn -0.0179 0.9176 -0.3970
vn -0.0310 0.7053 0.7082
vn -0.0235 0.9996 -0.0134
vn 0.1300 0.9915 -0.0110
vn 0.1278 0.9124 -0.3888
vn 0.0637 0.9979 -0.0102
vn 0.0749 0.9181 -0.3893
vn -0.2594 0.8828 -0.3916
vn 0.0756 0.7136 0.6964
vn 0.0248 0.3962 0.9178
vn 0.0371 0.7247 0.6880
vn 0.0214 0.3955 0.9182
vn -0.2612 0.3728 0.8904
vn -0.2910 0.6823 0.6707
vn -0.8726 0.3417 0.3491
vn -0.8460 0.1831 0.5008
vn -0.9848 -0.0987 -0.1431
vn -0.9852 -0.1323 -0.1094
vn -0.9858 -0.1654 -0.0272
vn -0.2910 0.9564 -0.0231
vn -0.8731 0.4869 -0.0247
vn -0.9862 -0.1646 0.0204
vn -0.8462 0.4729 -0.2457
vn 0.0332 -0.7261 -0.6868
vn 0.0411 -0.7215 -0.6912
vn -0.0120 -0.7163 -0.6977
vn -0.0112 -0.7210 -0.6929
vn -0.0102 -0.7181 -0.6958
vn 0.0541 -0.7145 -0.6976
vn -0.0728 -0.7097 -0.7007
vn -0.0586 -0.7319 -0.6789
vn 0.0318 -0.8264 -0.5622
vn 0.0400 -0.8317 -0.5538
vn 0.0029 -0.7743 -0.6328
vn -0.0153 -0.7519 -0.6590
vn -0.0257 -0.7052 -0.7085
vn -0.0255 -0.7010 -0.7127
vn -0.0008 -0.7038 -0.7104
vn 0.0091 -0.7118 -0.7024
vn -0.0119 -0.7194 -0.6944
vn 0.0227 -0.7189 -0.6947
vn 0.0446 -0.9990 0.0013
vn 0.0316 -0.9995 0.0020
vn -0.0007 -0.9999 0.0119
vn -0.0420 -0.9990 -0.0129
vn -0.0310 -0.9994 -0.0123
vn 0.0681 -0.9976 0.0137
vn -0.1187 -0.9924 -0.0333
vn -0.0929 -0.9931 -0.0717
vn 0.0171 -0.9831 -0.1824
vn 0.0423 -0.9800 -0.1944
vn -0.0119 -0.9949 -0.1002
vn -0.0395 -0.9924 -0.1163
vn -0.0008 -0.9995 0.0325
vn 0.0032 -0.9969 0.0784
vn 0.0217 -0.9981 0.0581
vn 0.0388 -0.9986 0.0355
vn -0.0008 -0.9998 0.0175
vn 0.0620 -0.9979 0.0161
vn -0.1597 0.8542 -0.4949
vn -0.0407 0.2820 -0.9586
vn -0.7136 0.3232 -0.6216
vn 0.1557 -0.8530 0.4982
vn 0.7007 -0.3381 0.6282
vn 0.0303 -0.2770 0.9604
vn 0.0304 -0.2770 -0.9604
vn 0.7008 -0.3380 -0.6282
vn 0.1558 -0.8530 -0.4982
vn 0.3416 -0.3416 -0.8756
vn -0.3416 0.3416 -0.8756
vn 0.3416 0.3416 -0.8756
vn -0.3416 -0.3416 -0.8756
vn 0.3416 0.3416 0.8756
vn -0.3416 -0.3416 0.8756
vn 0.3416 -0.3416 0.8756
vn -0.3416 0.3416 0.8756
vn -0.0250 0.3001 0.9536
vn -0.1521 0.8518 0.5013
vn -0.6919 0.3526 0.6300
vn -0.0282 -0.3031 0.9525
vn -0.6946 -0.3517 0.6275
vn -0.1558 -0.8530 0.4982
vn -0.2343 -0.8921 -0.3862
vn -0.8482 -0.3785 -0.3706
vn -0.0303 -0.2770 -0.9604
vn -0.8588 -0.3768 0.3472
vn -0.2762 -0.8984 0.3416
vn -0.8701 0.4235 -0.2522
vn -0.8553 0.3308 0.3988
vn -0.2263 0.7638 0.6045
vn -0.2706 0.9615 -0.0479
vn 0.3247 0.7428 0.5855
vn -0.3415 0.2691 0.9005
vn 0.3415 0.2691 0.9005
vn -0.3172 0.7397 0.5935
vn 0.3571 0.9226 -0.1457
vn -0.3634 0.9213 -0.1382
vn 0.3415 0.2735 -0.8992
vn -0.3415 0.2735 -0.8992
vn 0.3415 -0.2712 0.8999
vn -0.3417 -0.8457 0.4099
vn 0.3415 -0.8458 0.4099
vn -0.3415 -0.2712 0.8999
vn -0.0580 0.3504 -0.9348
vn -0.7164 -0.3416 -0.6083
vn -0.7315 0.3142 -0.6051
vn -0.0375 -0.3415 -0.9391
vn 0.3443 -0.8617 -0.3728
vn -0.3415 -0.2712 -0.8999
vn 0.3415 -0.2712 -0.8999
vn -0.3368 -0.8608 -0.3815
vn 0.3416 -0.8756 0.3416
vn -0.3416 -0.8756 0.3416
vn 0.8178 -0.3864 0.4265
vn 0.0253 0.2997 0.9537
vn 0.0375 -0.3415 0.9391
vn 0.7848 0.3481 0.5128
vn 0.1849 0.7702 0.6104
vn 0.2551 0.9564 -0.1419
vn 0.8094 0.4083 -0.4221
vn 0.0315 0.3070 -0.9512
vn 0.0376 -0.3416 -0.9391
vn 0.8169 -0.3884 -0.4265
vn 0.2762 -0.8984 -0.3416
vn 0.2762 -0.8984 0.3416
vn 0.7007 -0.3380 -0.6282
vn -0.8553 0.3307 0.3988
vn -0.3173 0.7396 0.5935
vn 0.3572 0.9226 -0.1458
vn -0.7165 -0.3416 -0.6083
vn 0.3443 -0.8616 -0.3729
vn -0.3369 -0.8608 -0.3816
vn 0.3248 0.7427 0.5856
vn -0.3370 -0.8607 -0.3816
vn 0.8611 0.2250 -0.4559
vn 0.3069 0.0627 -0.9497
vn 0.3137 0.7400 -0.5950
vn -0.8611 -0.2249 0.4559
vn -0.3137 -0.7400 0.5950
vn -0.3069 -0.0628 0.9497
vn -0.3069 -0.0628 -0.9497
vn -0.3137 -0.7400 -0.5949
vn -0.8611 -0.2250 -0.4559
vn 0.3200 0.0628 0.9453
vn 0.8611 0.2249 0.4559
vn 0.3249 0.7361 0.5938
vn -0.3197 0.0630 0.9454
vn -0.3251 0.7363 0.5934
vn -0.8611 0.2250 0.4559
vn -0.8590 0.3728 -0.3508
vn -0.3368 0.8453 -0.4148
vn -0.3069 0.0628 -0.9497
vn -0.3311 0.8799 0.3407
vn -0.8679 0.3606 0.3415
vn 0.3312 0.8799 -0.3407
vn 0.3308 0.8803 0.3402
vn 0.8679 0.3606 0.3417
vn 0.8679 0.3606 -0.3415
vn 0.8687 -0.3453 0.3552
vn 0.3044 0.3416 0.8892
vn 0.3044 -0.3416 0.8892
vn 0.8673 0.3361 0.3671
vn 0.8673 -0.3362 -0.3672
vn 0.8687 0.3452 -0.3552
vn 0.3044 -0.3415 -0.8892
vn 0.3044 0.3416 -0.8892
vn -0.3044 -0.3416 0.8892
vn -0.8604 0.3416 0.3782
vn -0.8604 -0.3416 0.3782
vn -0.3044 0.3416 0.8892
vn 0.3416 0.0665 -0.9375
vn -0.3416 0.7350 -0.5858
vn 0.3416 0.7349 -0.5859
vn -0.3416 0.0667 -0.9375
vn -0.8687 -0.3453 -0.3552
vn -0.3044 0.3416 -0.8892
vn -0.3044 -0.3416 -0.8892
vn -0.8673 0.3361 -0.3671
vn -0.8756 -0.3416 0.3416
vn -0.8756 0.3416 0.3416
vn -0.3422 -0.8433 0.4144
vn 0.3197 -0.0630 0.9454
vn -0.3416 -0.0667 0.9375
vn 0.3388 -0.8172 0.4663
vn 0.8597 -0.3711 0.3510
vn 0.8590 -0.3728 -0.3508
vn 0.3366 -0.8177 -0.4670
vn 0.3200 -0.0628 -0.9453
vn -0.3416 -0.0666 -0.9375
vn -0.3473 -0.8411 -0.4147
vn -0.8679 -0.3606 -0.3415
vn -0.8679 -0.3606 0.3417
vn 0.8631 0.2494 -0.4392
vn 0.3084 0.1198 -0.9437
vn 0.3155 0.7760 -0.5462
vn -0.8631 -0.2494 0.4392
vn -0.3155 -0.7760 0.5462
vn -0.3083 -0.1198 0.9437
vn -0.3061 -0.0323 -0.9514
vn -0.3111 -0.7190 -0.6215
vn -0.8591 -0.2139 -0.4650
vn 0.3204 0.0324 0.9467
vn 0.8591 0.2138 0.4651
vn 0.3234 0.7147 0.6202
vn -0.3201 0.0326 0.9468
vn -0.3236 0.7149 0.6198
vn -0.8591 0.2136 0.4651
vn -0.8558 0.4991 -0.1357
vn -0.3581 0.9318 -0.0589
vn -0.3084 0.1198 -0.9437
vn -0.3191 0.6286 0.7093
vn -0.8602 0.1682 0.4814
vn 0.3345 0.9367 0.1033
vn 0.3187 0.6291 0.7090
vn 0.8601 0.1682 0.4815
vn 0.8693 0.4775 -0.1275
vn 0.8931 -0.1103 0.4360
vn 0.3012 0.3442 0.8893
vn 0.3076 -0.3389 0.8891
vn 0.8052 0.4453 0.3916
vn 0.8052 -0.4453 -0.3916
vn 0.8932 0.1104 -0.4360
vn 0.3012 -0.3443 -0.8893
vn 0.3076 0.3389 -0.8891
vn -0.3077 -0.3388 0.8891
vn -0.8587 0.3457 0.3783
vn -0.8620 -0.3374 0.3782
vn -0.3011 0.3443 0.8893
vn 0.3416 0.1256 -0.9314
vn -0.3416 0.7704 -0.5383
vn 0.3416 0.7704 -0.5383
vn -0.3416 0.1256 -0.9314
vn -0.8021 -0.4584 -0.3828
vn -0.3077 0.3389 -0.8891
vn -0.3011 -0.3443 -0.8893
vn -0.8882 0.1080 -0.4465
vn -0.8756 -0.4118 0.2525
vn -0.8756 0.2525 0.4118
vn -0.3558 -0.9321 0.0677
vn 0.3201 -0.1196 0.9398
vn -0.3415 -0.1255 0.9314
vn 0.3579 -0.9068 0.2228
vn 0.8564 -0.4980 0.1365
vn 0.8546 -0.1865 -0.4847
vn 0.3190 -0.6729 -0.6674
vn 0.3204 -0.0325 -0.9467
vn -0.3416 -0.0340 -0.9392
vn -0.3226 -0.6566 -0.6817
vn -0.8602 -0.1683 -0.4814
vn -0.8693 -0.4776 0.1276
vn 0.4861 0.8508 -0.1995
vn 0.9625 0.2652 -0.0572
vn 0.6029 0.3861 -0.6982
vn -0.4757 -0.8490 0.2300
vn -0.5727 -0.3026 0.7619
vn -0.9556 -0.2765 0.1023
vn 0.9555 -0.2765 0.1023
vn 0.5727 -0.3026 0.7619
vn 0.4757 -0.8490 0.2300
vn 0.8756 -0.3416 0.3416
vn 0.8756 0.4119 -0.2525
vn 0.8756 0.2525 0.4119
vn 0.8756 -0.3416 -0.3416
vn -0.8756 -0.3416 -0.3416
vn -0.8756 0.4118 -0.2525
vn -0.9515 0.2944 -0.0891
vn -0.4861 0.8508 -0.1995
vn -0.5829 0.3422 -0.7369
vn -0.9477 -0.3031 -0.0998
vn -0.5706 -0.3231 -0.7550
vn -0.4757 -0.8490 -0.2300
vn 0.3686 -0.8624 -0.3469
vn 0.3895 -0.3347 -0.8581
vn 0.9556 -0.2765 -0.1023
vn -0.3418 -0.3377 -0.8770
vn -0.3416 -0.8725 -0.3495
vn 0.3436 0.3526 -0.8704
vn -0.3430 0.3523 -0.8708
vn -0.3416 0.8830 -0.3219
vn 0.3416 0.8830 -0.3219
vn -0.4433 0.6235 0.6441
vn -0.9082 0.3056 -0.2859
vn -0.8891 0.2345 0.3932
vn -0.2950 0.9537 0.0582
vn 0.4498 0.6238 0.6391
vn 0.2873 0.9565 0.0496
vn 0.8891 0.2345 0.3932
vn 0.9082 0.3056 -0.2859
vn -0.8999 -0.2712 0.3415
vn -0.4099 -0.8457 -0.3417
vn -0.4099 -0.8458 0.3415
vn -0.8999 -0.2712 -0.3415
vn 0.9569 0.2892 -0.0273
vn 0.5536 -0.3416 -0.7595
vn 0.5761 0.4506 -0.6819
vn 0.9338 -0.3415 -0.1069
vn 0.3721 -0.8617 0.3450
vn 0.8999 -0.2712 -0.3415
vn 0.8999 -0.2712 0.3415
vn 0.3793 -0.8610 -0.3388
vn -0.3416 -0.8756 -0.3416
vn -0.4048 -0.3498 0.8449
vn -0.9425 0.3124 0.1187
vn -0.9338 -0.3415 0.1069
vn -0.3609 0.2257 0.9049
vn -0.3619 0.8515 0.3794
vn 0.3620 0.8511 0.3804
vn 0.4492 0.3187 0.8347
vn 0.9425 0.3124 0.1187
vn 0.9338 -0.3416 0.1070
vn 0.4048 -0.3519 0.8440
vn 0.3416 -0.8725 0.3495
vn -0.3416 -0.8725 0.3495
vn -0.5727 -0.3026 0.7618
vn -0.9556 -0.2765 0.1022
vn 0.3437 0.3525 -0.8704
vn -0.4433 0.6234 0.6441
vn -0.2951 0.9537 0.0581
vn 0.4498 0.6238 0.6392
vn 0.2874 0.9565 0.0496
vn 0.3793 -0.8610 -0.3389
vn -0.4048 -0.3497 0.8449
vn -0.3620 0.8515 0.3794
vn 0.4493 0.3186 0.8347
vn 0.9625 0.2652 -0.0571
vn -0.5829 0.3422 -0.7370
vn -0.5705 -0.3231 -0.7550
vn 0.3437 0.3524 -0.8704
vn -0.3430 0.3522 -0.8708
vn 0.3721 -0.8617 0.3449
vn 0.4493 0.3185 0.8347
vn 0.4477 0.2001 0.8715
vn 0.9437 0.0623 0.3248
vn 0.5928 0.7259 0.3488
vn -0.4477 -0.2000 -0.8715
vn -0.5927 -0.7260 -0.3489
vn -0.9437 -0.0623 -0.3247
vn 0.9437 -0.0624 -0.3248
vn 0.5927 -0.7260 -0.3488
vn 0.4477 -0.2000 -0.8715
vn 0.8756 0.3416 0.3416
vn 0.8756 0.3416 -0.3416
vn -0.8756 0.3416 -0.3416
vn -0.9418 0.0623 0.3304
vn -0.4477 0.2000 0.8715
vn -0.5924 0.7254 0.3506
vn -0.9418 0.0623 -0.3303
vn -0.5922 0.7254 -0.3508
vn -0.4477 0.2000 -0.8715
vn 0.3583 0.2912 -0.8870
vn 0.3951 0.8415 -0.3684
vn 0.9437 0.0623 -0.3247
vn -0.3441 0.8676 -0.3590
vn -0.3415 0.3111 -0.8869
vn 0.3443 0.8676 0.3587
vn -0.3439 0.8679 0.3585
vn -0.3417 0.3111 0.8868
vn 0.3415 0.3111 0.8869
vn -0.3526 -0.3409 0.8715
vn -0.8832 0.3416 0.3213
vn -0.8832 -0.3416 0.3213
vn -0.3599 0.3353 0.8707
vn 0.3599 -0.3354 0.8706
vn 0.3526 0.3408 0.8715
vn 0.8832 -0.3415 0.3213
vn 0.8832 0.3416 0.3213
vn -0.8832 -0.3416 -0.3213
vn -0.3617 0.3416 -0.8675
vn -0.3617 -0.3416 -0.8675
vn -0.8832 0.3416 -0.3213
vn 0.9375 0.0665 0.3416
vn 0.5858 0.7349 -0.3416
vn 0.5859 0.7349 0.3416
vn 0.9375 0.0667 -0.3416
vn 0.3526 -0.3409 -0.8715
vn 0.8832 0.3416 -0.3213
vn 0.8832 -0.3416 -0.3213
vn 0.3599 0.3353 -0.8707
vn -0.4170 -0.8319 -0.3662
vn -0.9418 -0.0623 0.3303
vn -0.9375 -0.0667 -0.3416
vn -0.4506 -0.8155 0.3631
vn -0.3583 -0.2908 0.8872
vn 0.3583 -0.2912 0.8870
vn 0.4648 -0.8074 0.3635
vn 0.9418 -0.0622 0.3304
vn 0.9375 -0.0666 -0.3416
vn 0.4172 -0.8304 -0.3692
vn 0.3415 -0.3111 -0.8869
vn -0.3417 -0.3111 -0.8868
vn 0.4343 -0.1797 0.8827
vn 0.9328 -0.0304 0.3591
vn 0.5399 0.5831 0.6070
vn -0.4343 0.1796 -0.8827
vn -0.5398 -0.5831 -0.6071
vn -0.9328 0.0304 -0.3591
vn 0.9328 0.0304 -0.3590
vn 0.5398 -0.5832 -0.6070
vn 0.4343 0.1795 -0.8827
vn 0.8756 -0.2525 -0.4119
vn 0.8756 -0.4119 0.2525
vn -0.8756 -0.2525 -0.4118
vn -0.9365 -0.0512 0.3470
vn -0.4343 -0.1796 0.8827
vn -0.5585 0.5250 0.6422
vn -0.9414 0.2333 -0.2437
vn -0.5673 0.8229 0.0300
vn -0.4437 0.5902 -0.6744
vn 0.3555 0.6831 -0.6380
vn 0.5764 0.8131 0.0820
vn 0.9497 0.2005 -0.2406
vn -0.3430 0.9355 0.0843
vn -0.3415 0.6921 -0.6359
vn 0.3423 0.6231 0.7032
vn -0.3419 0.6236 0.7031
vn -0.3416 -0.0968 0.9348
vn 0.3415 -0.0968 0.9349
vn -0.2613 -0.3904 0.8828
vn -0.8787 0.2107 0.4283
vn -0.8895 -0.4229 0.1732
vn -0.4402 0.2829 0.8522
vn 0.2695 -0.3819 0.8840
vn 0.4346 0.2864 0.8539
vn 0.8894 -0.4229 0.1733
vn 0.8787 0.2108 0.4282
vn -0.8787 -0.2107 -0.4283
vn -0.3652 0.5000 -0.7852
vn -0.3596 -0.1702 -0.9174
vn -0.8895 0.4229 -0.1732
vn 0.9036 -0.0053 0.4283
vn 0.5815 0.8093 -0.0826
vn 0.5346 0.6214 0.5728
vn 0.9597 0.1573 -0.2329
vn 0.4346 -0.2864 -0.8539
vn 0.8894 0.4229 -0.1733
vn 0.8787 -0.2108 -0.4282
vn 0.2695 0.3819 -0.8840
vn -0.4557 -0.5696 -0.6840
vn -0.9414 -0.2333 0.2438
vn -0.9036 0.0052 -0.4283
vn -0.5864 -0.8100 -0.0029
vn -0.3555 -0.6826 0.6385
vn 0.3555 -0.6831 0.6380
vn 0.4528 -0.8899 -0.0545
vn 0.9413 -0.2332 0.2442
vn 0.9036 0.0052 -0.4283
vn 0.4557 -0.5697 -0.6839
vn 0.3415 0.0968 -0.9349
vn -0.3416 0.0967 -0.9348
vn -0.4649 0.8473 0.2570
vn -0.9466 0.2868 0.1472
vn -0.5439 0.2162 0.8109
vn 0.4757 -0.8490 -0.2300
vn 0.5727 -0.3026 -0.7619
vn -0.9555 -0.2765 -0.1023
vn -0.5727 -0.3026 -0.7619
vn 0.4649 0.8473 0.2570
vn 0.5670 0.3060 0.7648
vn 0.9477 -0.3031 0.0998
vn 0.5706 -0.3231 0.7550
vn -0.3686 -0.8624 0.3469
vn -0.3895 -0.3347 0.8581
vn 0.3418 -0.3377 0.8770
vn -0.3403 0.3259 0.8820
vn 0.3394 0.3253 0.8826
vn 0.3416 0.8635 0.3711
vn -0.3416 0.8635 0.3711
vn 0.4099 -0.8457 0.3417
vn 0.4099 -0.8458 -0.3415
vn -0.9077 0.3707 0.1969
vn -0.5536 -0.3416 0.7595
vn -0.5377 0.2185 0.8143
vn -0.3721 -0.8617 -0.3450
vn -0.3793 -0.8610 0.3388
vn 0.3416 -0.8756 -0.3416
vn 0.4048 -0.3497 -0.8449
vn 0.9517 0.2937 -0.0897
vn 0.5625 0.3838 -0.7324
vn 0.3760 0.8754 -0.3040
vn -0.3761 0.8752 -0.3042
vn -0.4546 0.3570 -0.8160
vn -0.9338 -0.3416 -0.1070
vn -0.4048 -0.3519 -0.8440
vn 0.3416 -0.8725 -0.3495
vn -0.4648 0.8473 0.2570
vn -0.9082 0.3056 -0.2860
vn -0.3721 -0.8617 -0.3449
vn -0.3793 -0.8610 0.3389
vn 0.9517 0.2937 -0.0896
vn -0.4546 0.3569 -0.8160
vn -0.5377 0.2185 0.8144
vn 0.4048 -0.3496 -0.8449
vn -0.4547 0.3568 -0.8161
vn -0.4477 0.2001 -0.8715
vn -0.9437 0.0623 -0.3248
vn -0.5928 0.7259 -0.3488
vn 0.4477 -0.2000 0.8715
vn 0.5927 -0.7260 0.3489
vn 0.9437 -0.0623 0.3247
vn -0.9437 -0.0624 0.3248
vn -0.5927 -0.7260 0.3488
vn -0.4477 -0.2000 0.8715
vn 0.9418 0.0623 -0.3304
vn 0.4477 0.2000 -0.8715
vn 0.5924 0.7254 -0.3506
vn 0.9418 0.0623 0.3303
vn 0.5922 0.7254 0.3508
vn 0.4477 0.2000 0.8715
vn -0.3583 0.2912 0.8870
vn -0.3951 0.8415 0.3684
vn -0.9437 0.0623 0.3247
vn 0.3441 0.8676 0.3590
vn -0.3443 0.8676 -0.3587
vn 0.3439 0.8679 -0.3585
vn 0.3417 0.3111 -0.8868
vn -0.3599 -0.3354 -0.8706
vn -0.3526 0.3408 -0.8715
vn -0.8832 -0.3415 -0.3213
vn 0.8832 -0.3416 0.3213
vn 0.3617 0.3416 0.8675
vn 0.3617 -0.3416 0.8675
vn -0.9375 0.0665 -0.3416
vn -0.5858 0.7349 0.3416
vn -0.5859 0.7349 -0.3416
vn -0.9375 0.0667 0.3416
vn 0.4170 -0.8319 0.3662
vn 0.9418 -0.0623 -0.3303
vn 0.9375 -0.0667 0.3416
vn 0.4506 -0.8155 -0.3631
vn 0.3583 -0.2908 -0.8872
vn -0.3583 -0.2912 -0.8870
vn -0.4648 -0.8074 -0.3635
vn -0.9418 -0.0622 -0.3304
vn -0.9375 -0.0666 0.3416
vn -0.4172 -0.8304 0.3692
vn -0.3415 -0.3111 0.8869
vn 0.3417 -0.3111 0.8868
vn -0.4436 0.5903 -0.6743
vn -0.9497 0.2005 -0.2407
vn -0.5843 0.8111 -0.0255
vn 0.4436 -0.5903 0.6744
vn 0.5843 -0.8112 0.0255
vn 0.9497 -0.2005 0.2406
vn -0.9497 -0.2006 0.2406
vn -0.5842 -0.8112 0.0255
vn -0.4436 -0.5904 0.6743
vn 0.9413 0.2332 -0.2442
vn 0.4436 0.5903 -0.6744
vn 0.5672 0.8231 0.0300
vn 0.9364 -0.0513 0.3471
vn 0.5579 0.5251 0.6427
vn 0.4343 -0.1797 0.8826
vn -0.3527 -0.0976 0.9306
vn -0.1721 0.6689 0.7231
vn -0.9328 -0.0304 0.3590
vn -0.3429 0.9356 0.0842
vn 0.3426 0.9357 0.0846
vn 0.3416 0.6920 -0.6359
vn 0.4347 -0.2864 -0.8539
vn 0.8895 0.4229 -0.1733
vn -0.4402 -0.2829 -0.8522
vn -0.2613 0.3904 -0.8828
vn -0.8894 0.4229 -0.1732
vn 0.8895 -0.4229 0.1733
vn 0.3597 0.1702 0.9174
vn 0.3652 -0.5000 0.7853
vn -0.9597 0.1572 -0.2329
vn -0.5346 0.6215 0.5727
vn -0.5816 0.8093 -0.0825
vn -0.9036 -0.0052 0.4283
vn -0.8894 -0.4229 0.1732
vn 0.3462 -0.9346 -0.0813
vn 0.9364 0.0513 -0.3471
vn 0.9597 -0.1573 0.2328
vn 0.3276 -0.6973 -0.6375
vn 0.3528 0.0985 -0.9305
vn -0.3527 0.0976 -0.9306
vn -0.4484 -0.5798 -0.6803
vn -0.9364 0.0511 -0.3471
vn -0.9597 -0.1573 0.2329
vn -0.3467 -0.9348 -0.0778
vn -0.3415 -0.6921 0.6359
vn 0.3416 -0.6921 0.6359
vn 0.8633 -0.1699 -0.4753
vn 0.3157 -0.6575 -0.6841
vn 0.3101 0.0621 -0.9487
vn -0.8633 0.1699 0.4753
vn -0.3101 -0.0621 0.9487
vn -0.3157 0.6575 0.6841
vn -0.3157 -0.9468 -0.0623
vn -0.3100 -0.6857 0.6585
vn -0.8632 -0.4730 0.1762
vn -0.3416 -0.9379 -0.0597
vn 0.3416 -0.6498 -0.6790
vn 0.3416 -0.9380 -0.0596
vn -0.3416 -0.6498 -0.6791
vn 0.3416 0.6498 0.6790
vn -0.3416 0.9379 0.0597
vn -0.3416 0.6498 0.6791
vn 0.3416 0.9380 0.0596
vn 0.3257 0.9434 0.0617
vn 0.8632 0.4730 -0.1762
vn 0.3202 0.6841 -0.6553
vn -0.3255 0.9435 0.0616
vn -0.3204 0.6839 -0.6555
vn -0.8632 0.4730 -0.1762
vn -0.8515 -0.1417 -0.5048
vn -0.3171 0.0535 -0.9469
vn -0.3157 -0.6575 -0.6841
vn -0.3219 0.6805 -0.6583
vn -0.8612 0.4684 -0.1971
vn 0.3218 0.0653 -0.9445
vn 0.3218 0.6803 -0.6586
vn 0.8612 0.4685 -0.1970
vn 0.8613 -0.1510 -0.4852
vn 0.8711 0.1677 0.4616
vn 0.3150 0.9469 0.0639
vn 0.3149 0.6588 0.6833
vn 0.8705 0.4647 -0.1621
vn 0.8705 -0.4647 0.1621
vn 0.8711 -0.1677 -0.4616
vn 0.3150 -0.9469 -0.0639
vn 0.3149 -0.6588 -0.6833
vn -0.3150 0.6588 0.6832
vn -0.8648 0.4777 -0.1545
vn -0.8648 0.1895 0.4649
vn -0.3149 0.9470 0.0638
vn 0.3416 -0.6497 -0.6791
vn -0.3416 0.0597 -0.9379
vn 0.3416 0.0597 -0.9379
vn -0.3416 -0.6497 -0.6791
vn -0.8711 -0.4611 0.1690
vn -0.3150 -0.6588 -0.6832
vn -0.3149 -0.9470 -0.0638
vn -0.8705 -0.1753 -0.4599
vn -0.8756 0.1656 0.4538
vn -0.8756 0.4538 -0.1656
vn -0.3258 -0.0640 0.9433
vn 0.3255 0.6548 0.6821
vn -0.3416 0.6497 0.6791
vn 0.3231 -0.0539 0.9448
vn 0.8519 0.1420 0.5040
vn 0.8516 -0.4774 0.2167
vn 0.3212 -0.6830 0.6561
vn 0.3257 -0.9434 -0.0617
vn -0.3416 -0.9380 -0.0596
vn -0.3268 -0.6802 0.6561
vn -0.8613 -0.4684 0.1971
vn -0.8612 0.1511 0.4853
vn -0.2254 0.0590 -0.9725
vn -0.2608 -0.6570 -0.7074
vn -0.7969 -0.1831 -0.5757
vn 0.2254 -0.0589 0.9725
vn 0.7968 0.1831 0.5758
vn 0.2607 0.6570 0.7074
vn 0.2609 -0.9608 -0.0934
vn 0.7969 -0.5688 0.2037
vn 0.2253 -0.7375 0.6367
vn 0.3416 -0.9363 -0.0822
vn -0.3416 -0.6332 -0.6946
vn 0.3416 -0.6332 -0.6945
vn -0.3416 -0.9362 -0.0823
vn 0.3416 0.9363 0.0822
vn -0.3416 0.6332 0.6946
vn 0.3416 0.6332 0.6945
vn -0.3416 0.9362 0.0823
vn -0.2606 0.9609 0.0935
vn -0.2255 0.7374 -0.6367
vn -0.8047 0.5634 -0.1871
vn -0.2605 0.6571 0.7073
vn -0.8047 0.1928 0.5615
vn -0.2254 -0.0589 0.9725
vn -0.1106 -0.7406 0.6627
vn -0.8626 -0.4409 0.2479
vn -0.2609 -0.9608 -0.0934
vn -0.8361 0.1299 0.5330
vn -0.1916 -0.1020 0.9762
vn -0.8361 -0.1299 -0.5330
vn -0.8364 0.5020 -0.2199
vn -0.1916 0.7143 -0.6731
vn -0.1916 0.1020 -0.9762
vn 0.3403 0.6960 -0.6323
vn -0.3416 0.9363 0.0823
vn 0.3416 0.9362 0.0823
vn -0.3393 0.6973 -0.6314
vn 0.3393 0.0791 -0.9374
vn -0.3403 0.0807 -0.9368
vn -0.3416 -0.6332 -0.6945
vn -0.3416 -0.0822 0.9362
vn 0.3416 -0.0822 0.9362
vn -0.3416 0.6332 0.6945
vn -0.2616 -0.6575 -0.7066
vn -0.8414 -0.5269 0.1204
vn -0.8414 -0.2239 -0.4919
vn -0.2617 -0.9605 -0.0943
vn 0.3404 -0.6960 0.6323
vn -0.3416 -0.9363 -0.0823
vn 0.3416 -0.9362 -0.0823
vn -0.3392 -0.6973 0.6315
vn 0.3416 -0.0822 0.9363
vn -0.3416 -0.0823 0.9362
vn 0.8291 0.1442 0.5402
vn 0.2607 0.9609 0.0935
vn 0.2616 0.6576 0.7065
vn 0.8625 0.4662 -0.1969
vn 0.1108 0.7406 -0.6627
vn 0.1106 0.0778 -0.9908
vn 0.8253 -0.1337 -0.5486
vn 0.2606 -0.6571 -0.7073
vn 0.2616 -0.9605 -0.0943
vn 0.8295 -0.5168 0.2118
vn 0.1916 -0.7143 0.6731
vn 0.1916 -0.1020 0.9762
vn 0.7969 -0.5687 0.2037
vn 0.2255 -0.7374 0.6367
vn -0.8047 0.5634 -0.1872
vn -0.2606 0.6571 0.7073
vn -0.8361 -0.1298 -0.5330
vn -0.1916 0.7144 -0.6730
vn 0.3404 0.6960 -0.6323
vn -0.3391 0.6973 -0.6315
vn 0.3393 0.0791 -0.9373
vn -0.3404 0.0807 -0.9368
vn -0.2615 -0.6575 -0.7066
vn -0.8413 -0.2239 -0.4919
vn 0.2606 0.9609 0.0935
vn 0.1109 0.7406 -0.6627
vn 0.2605 -0.6571 -0.7073
vn 0.2617 -0.9605 -0.0943
vn -0.2254 0.0589 -0.9725
vn -0.2607 -0.6570 -0.7073
vn -0.7969 -0.1831 -0.5758
vn -0.2254 0.7374 -0.6367
vn -0.2605 0.6572 0.7073
vn -0.2254 -0.0590 0.9725
vn -0.8364 0.5020 -0.2200
vn -0.1915 0.7144 -0.6731
vn -0.1915 0.1020 -0.9762
vn -0.3392 0.6973 -0.6315
vn 0.3392 0.0792 -0.9374
vn -0.2615 -0.6576 -0.7066
vn -0.8413 -0.2240 -0.4919
vn 0.2616 0.6576 0.7066
vn -0.7969 -0.1830 -0.5758
vn 0.2254 -0.0590 0.9725
vn -0.8361 0.1300 0.5330
vn -0.1916 0.7144 -0.6731
vn 0.3391 0.0793 -0.9374
vn 0.2616 0.6575 0.7066
vn 0.8253 -0.1337 -0.5487
vn -0.1082 0.7846 0.6105
vn -0.1603 0.5997 0.7840
vn -0.0073 0.5942 0.8043
vn -0.0094 0.7931 0.6090
vn -0.1161 0.8924 0.4360
vn -0.0095 0.9119 0.4103
vn 0.0969 0.8946 0.4362
vn 0.0894 0.7866 0.6110
vn 0.1456 0.6040 0.7836
vn -0.1020 0.9174 0.3846
vn -0.1586 0.7843 0.5997
vn -0.0088 0.7837 0.6211
vn -0.0098 0.9242 0.3818
vn -0.1199 0.9754 0.1852
vn -0.0094 0.9874 0.1582
vn 0.1009 0.9773 0.1862
vn 0.0826 0.9191 0.3852
vn 0.1411 0.7875 0.5999
vn -0.1305 0.8633 0.4875
vn -0.1743 0.7090 0.6833
vn -0.0084 0.7126 0.7015
vn -0.0096 0.8736 0.4865
vn -0.1230 0.9498 0.2876
vn -0.0096 0.9631 0.2691
vn 0.1037 0.9520 0.2881
vn 0.1115 0.8658 0.4878
vn 0.1581 0.7127 0.6834
vn -0.0000 0.8912 0.4536
vn 0.0358 -0.5809 0.8132
vn 0.0358 -0.5809 -0.8132
vn 0.0358 0.5809 0.8132
vn 0.0358 0.5809 -0.8132
vn -0.0358 -0.5809 0.8132
vn -0.0358 -0.5809 -0.8132
vn -0.0358 0.5809 0.8132
vn -0.0358 0.5809 -0.8132
vn 0.0440 -0.0000 0.9990
vn 0.0616 -0.9981 -0.0000
vn 0.0440 -0.0000 -0.9990
vn 0.0616 0.9981 -0.0000
vn -0.0000 0.5812 0.8137
vn -0.0000 0.5812 -0.8137
vn -0.0616 0.9981 -0.0000
vn -0.0440 -0.0000 0.9990
vn -0.0440 -0.0000 -0.9990
vn -0.0616 -0.9981 -0.0000
vn -0.0000 -0.5812 0.8137
vn -0.0000 -0.5812 -0.8137
vn -0.0000 -0.0000 1.0000
vn 1.0000 -0.0000 -0.0000
vn -0.0000 -1.0000 -0.0000
vn -0.0000 -0.0000 -1.0000
vn -0.0000 1.0000 -0.0000
vn -1.0000 -0.0000 -0.0000
vt 0.761025 0.749807
vt 0.680403 0.716412
vt 0.713798 0.797034
vt 0.647009 0.797034
vt 0.599781 0.749807
vt 0.707691 0.816917
vt 0.675910 0.893642
vt 0.752635 0.861862
vt 0.644130 0.816917
vt 0.599185 0.861862
vt 0.349194 0.013378
vt 0.418757 0.000107
vt 0.349194 0.000107
vt 0.418757 0.013378
vt 0.490652 0.000107
vt 0.349194 0.027052
vt 0.490652 0.013378
vt 0.565593 0.000107
vt 0.565593 0.013378
vt 0.490652 0.027052
vt 0.565593 0.027052
vt 0.565593 0.100221
vt 0.418757 0.027052
vt 0.490652 0.100221
vt 0.565593 0.305500
vt 0.418757 0.100221
vt 0.349194 0.100221
vt 0.490652 0.305500
vt 0.565593 0.536563
vt 0.418757 0.305500
vt 0.349194 0.305500
vt 0.349194 0.536563
vt 0.490652 0.536563
vt 0.418757 0.536563
vt 0.418757 0.711936
vt 0.349194 0.711936
vt 0.418757 0.880441
vt 0.349194 0.880441
vt 0.349194 0.980365
vt 0.490652 0.711936
vt 0.565593 0.711936
vt 0.490652 0.880441
vt 0.565593 0.880441
vt 0.565593 0.980365
vt 0.490652 0.980365
vt 0.490652 0.989197
vt 0.565593 0.989197
vt 0.565593 0.999893
vt 0.490652 0.999893
vt 0.418757 0.999893
vt 0.418757 0.980365
vt 0.418757 0.989197
vt 0.349194 0.999893
vt 0.349194 0.989197
vt 0.782333 0.131561
vt 0.802342 0.125650
vt 0.788138 0.123007
vt 0.779254 0.228399
vt 0.877936 0.229797
vt 0.875814 0.126844
vt 0.807358 0.376216
vt 0.880460 0.375655
vt 0.813513 0.524479
vt 0.883090 0.543158
vt 0.796991 0.693069
vt 0.885383 0.708712
vt 0.789196 0.876228
vt 0.887560 0.870538
vt 0.796165 0.944185
vt 0.811984 0.959810
vt 0.802892 0.955924
vt 0.888780 0.961224
vt 0.949214 0.123381
vt 0.969125 0.128679
vt 0.963435 0.120299
vt 0.975199 0.225376
vt 0.970062 0.370616
vt 0.987561 0.514480
vt 0.987979 0.695683
vt 0.990649 0.878981
vt 0.981827 0.946721
vt 0.965588 0.961910
vt 0.974782 0.958273
vt 0.020500 0.000000
vt 0.000000 -0.020500
vt 0.020500 -0.020500
vt 0.979500 1.000000
vt 0.979500 1.020500
vt 1.000000 1.020500
vt 1.000000 0.020500
vt 1.020500 0.020500
vt 1.020500 0.000000
vt 0.020500 0.979500
vt 0.979500 0.020500
vt 0.979500 0.979500
vt 0.020500 0.020500
vt 0.000000 0.979500
vt -0.020500 1.000000
vt -0.020500 0.979500
vt 0.000000 0.020500
vt -0.020500 0.020500
vt -0.020500 0.000000
vt 0.979500 0.000000
vt 0.020500 1.000000
vt 1.000000 0.979500
vt 1.020500 0.979500
vt 0.000000 0.372883
vt 0.000000 0.000000
vt 0.500000 0.000000
vt 0.500000 0.372883
vt 0.000000 1.000000
vt 0.500000 1.000000
vt 1.000000 1.000000
vt 1.000000 0.372883
vt 1.000000 0.000000
vt 1.000000 0.499650
vt 0.000000 0.500350
vt 1.000000 0.500350
vt 0.000000 0.499650
vt 0.000000 0.499650
vt 0.000000 0.500350
vt 0.000000 0.475700
vt 0.000000 0.524300
vt 1.000000 0.524300
vt 1.000000 0.475700
vt 0.499650 1.000000
vt 0.499650 0.000000
vt 0.500350 0.000000
vt 0.500350 1.000000
vt 0.000000 1.000000
vt 0.000000 0.000000
vt 0.000000 0.475700
vt 0.000000 0.524300
vt 0.475700 1.000000
vt 0.524300 1.000000
vt 0.524300 0.000000
vt 0.475700 0.000000
s 1
usemtl wood
f 1/1/1 2/2/2 3/3/3
f 3/3/3 2/2/2 4/4/4
f 4/4/4 2/2/2 5/5/5
f 6/6/6 7/7/7 8/8/8
f 9/9/9 7/7/7 6/6/6
f 10/10/10 7/7/7 9/9/9
f 11/11/11 12/12/12 13/13/13
f 14/14/14 12/12/12 11/11/11
f 14/14/14 15/15/15 12/12/12
f 16/16/16 14/14/14 11/11/11
f 17/17/17 15/15/15 14/14/14
f 17/17/17 18/18/18 15/15/15
f 19/19/19 18/18/18 17/17/17
f 20/20/20 19/19/19 17/17/17
f 17/17/17 14/14/14 20/20/20
f 21/21/21 19/19/19 20/20/20
f 21/21/21 20/20/20 22/22/22
f 23/23/23 14/14/14 16/16/16
f 20/20/20 14/14/14 23/23/23
f 22/22/22 20/20/20 24/24/24
f 20/20/20 23/23/23 24/24/24
f 22/22/22 24/24/24 25/25/25
f 23/23/23 16/16/16 26/26/26
f 24/24/24 23/23/23 26/26/26
f 26/26/26 16/16/16 27/27/27
f 25/25/25 24/24/24 28/28/28
f 24/24/24 26/26/26 28/28/28
f 25/25/25 28/28/28 29/29/29
f 26/26/26 27/27/27 30/30/30
f 28/28/28 26/26/26 30/30/30
f 30/30/30 27/27/27 31/31/31
f 32/32/32 30/30/30 31/31/31
f 29/29/29 28/28/28 33/33/33
f 28/28/28 30/30/30 33/33/33
f 34/34/34 30/30/30 32/32/32
f 33/33/33 30/30/30 34/34/34
f 34/34/34 32/32/32 35/35/35
f 34/34/34 35/35/35 33/33/33
f 35/35/35 32/32/32 36/36/36
f 35/35/35 36/36/36 37/37/37
f 37/37/37 36/36/36 38/38/38
f 38/38/38 39/39/39 37/37/37
f 33/33/33 40/40/40 29/29/29
f 33/33/33 35/35/35 40/40/40
f 35/35/35 37/37/37 40/40/40
f 29/29/29 40/40/40 41/41/41
f 40/40/40 42/42/42 41/41/41
f 40/40/40 37/37/37 42/42/42
f 41/41/41 42/42/42 43/43/43
f 43/43/43 42/42/42 44/44/44
f 42/42/42 37/37/37 45/45/45
f 44/44/44 42/42/42 45/45/45
f 45/45/45 46/46/46 44/44/44
f 44/44/44 46/46/46 47/47/47
f 46/46/46 48/48/48 47/47/47
f 49/49/49 48/48/48 46/46/46
f 46/46/46 50/50/50 49/49/49
f 45/45/45 37/37/37 51/51/51
f 51/51/51 46/46/46 45/45/45
f 37/37/37 39/39/39 51/51/51
f 52/52/52 50/50/50 46/46/46
f 52/52/52 46/46/46 51/51/51
f 39/39/39 52/52/52 51/51/51
f 52/52/52 53/53/53 50/50/50
f 54/54/54 52/52/52 39/39/39
f 54/54/54 53/53/53 52/52/52
f 55/55/55 56/56/56 57/57/57
f 58/58/58 56/56/56 55/55/55
f 56/56/56 58/58/58 59/59/59
f 60/60/60 56/56/56 59/59/59
f 61/61/61 59/59/59 58/58/58
f 62/62/62 59/59/59 61/61/61
f 63/63/63 62/62/62 61/61/61
f 64/64/64 62/62/62 63/63/63
f 65/65/65 64/64/64 63/63/63
f 66/66/66 64/64/64 65/65/65
f 67/67/67 66/66/66 65/65/65
f 68/68/68 66/66/66 67/67/67
f 67/67/67 69/69/69 68/68/68
f 69/69/69 70/70/70 68/68/68
f 71/71/71 70/70/70 69/69/69
f 72/72/72 68/68/68 70/70/70
f 73/73/73 74/74/74 75/75/75
f 74/74/74 73/73/73 76/76/76
f 76/76/76 73/73/73 77/59/77
f 77/59/77 73/73/73 78/60/78
f 77/59/77 79/77/79 76/76/76
f 80/62/80 79/77/79 77/59/77
f 80/62/80 81/78/81 79/77/79
f 82/64/82 81/78/81 80/62/80
f 82/64/82 83/79/83 81/78/81
f 84/66/84 83/79/83 82/64/82
f 84/66/84 85/68/85 83/79/83
f 83/79/83 85/68/85 86/80/86
f 86/80/86 85/68/85 87/81/87
f 87/81/87 85/68/85 88/82/88
f 89/83/89 87/81/87 88/82/88
f 90/72/90 88/82/88 85/68/85
f 91/1/91 92/2/92 93/3/93
f 93/3/93 92/2/92 94/4/94
f 94/4/94 92/2/92 95/5/95
f 96/6/96 97/7/97 98/8/98
f 99/9/99 97/7/97 96/6/96
f 100/10/100 97/7/97 99/9/99
f 101/11/101 102/12/102 103/13/103
f 104/14/104 102/12/102 101/11/101
f 104/14/104 105/15/105 102/12/102
f 106/16/106 104/14/104 101/11/101
f 107/17/107 105/15/105 104/14/104
f 107/17/107 108/18/108 105/15/105
f 109/19/109 108/18/108 107/17/107
f 110/20/110 109/19/109 107/17/107
f 107/17/107 104/14/104 110/20/110
f 111/21/111 109/19/109 110/20/110
f 111/21/111 110/20/110 112/22/112
f 113/23/113 104/14/104 106/16/106
f 110/20/110 104/14/104 113/23/113
f 112/22/112 110/20/110 114/24/114
f 110/20/110 113/23/113 114/24/114
f 112/22/112 114/24/114 115/25/115
f 113/23/113 106/16/106 116/26/116
f 114/24/114 113/23/113 116/26/116
f 116/26/116 106/16/106 117/27/117
f 115/25/115 114/24/114 118/28/118
f 114/24/114 116/26/116 118/28/118
f 115/25/115 118/28/118 119/29/119
f 116/26/116 117/27/117 120/30/120
f 118/28/118 116/26/116 120/30/120
f 120/30/120 117/27/117 121/31/121
f 122/32/122 120/30/120 121/31/121
f 119/29/119 118/28/118 123/33/123
f 118/28/118 120/30/120 123/33/123
f 124/34/124 120/30/120 122/32/122
f 123/33/123 120/30/120 124/34/124
f 124/34/124 122/32/122 125/35/125
f 124/34/124 125/35/125 123/33/123
f 125/35/125 122/32/122 126/36/126
f 125/35/125 126/36/126 127/37/127
f 127/37/127 126/36/126 128/38/128
f 128/38/128 129/39/129 127/37/127
f 123/33/123 130/40/130 119/29/119
f 123/33/123 125/35/125 130/40/130
f 125/35/125 127/37/127 130/40/130
f 119/29/119 130/40/130 131/41/131
f 130/40/130 132/42/132 131/41/131
f 130/40/130 127/37/127 132/42/132
f 131/41/131 132/42/132 133/43/133
f 133/43/133 132/42/132 134/44/134
f 132/42/132 127/37/127 135/45/135
f 134/44/134 132/42/132 135/45/135
f 135/45/135 136/46/136 134/44/134
f 134/44/134 136/46/136 137/47/137
f 136/46/136 138/48/138 137/47/137
f 139/49/139 138/48/138 136/46/136
f 136/46/136 140/50/140 139/49/139
f 135/45/135 127/37/127 141/51/141
f 141/51/141 136/46/136 135/45/135
f 127/37/127 129/39/129 141/51/141
f 142/52/142 140/50/140 136/46/136
f 142/52/142 136/46/136 141/51/141
f 129/39/129 142/52/142 141/51/141
f 142/52/142 143/53/143 140/50/140
f 144/54/144 142/52/142 129/39/129
f 144/54/144 143/53/143 142/52/142
f 145/55/145 146/56/146 147/57/147
f 148/58/148 146/56/146 145/55/145
f 146/56/146 148/58/148 149/59/149
f 150/60/150 146/56/146 149/59/149
f 151/61/151 149/59/149 148/58/148
f 152/62/152 149/59/149 151/61/151
f 153/63/153 152/62/152 151/61/151
f 154/64/154 152/62/152 153/63/153
f 155/65/155 154/64/154 153/63/153
f 156/66/156 154/64/154 155/65/155
f 157/67/157 156/66/156 155/65/155
f 158/68/158 156/66/156 157/67/157
f 157/67/157 159/69/159 158/68/158
f 159/69/159 160/70/160 158/68/158
f 161/71/161 160/70/160 159/69/159
f 162/72/162 158/68/158 160/70/160
f 163/73/163 164/74/164 165/75/165
f 164/74/164 163/73/163 166/76/166
f 166/76/166 163/73/163 167/59/167
f 167/59/167 163/73/163 168/60/168
f 167/59/167 169/77/169 166/76/166
f 170/62/170 169/77/169 167/59/167
f 170/62/170 171/78/171 169/77/169
f 172/64/172 171/78/171 170/62/170
f 172/64/172 173/79/173 171/78/171
f 174/66/174 173/79/173 172/64/172
f 174/66/174 175/68/175 173/79/173
f 173/79/173 175/68/175 176/80/176
f 176/80/176 175/68/175 177/81/177
f 177/81/177 175/68/175 178/82/178
f 179/83/179 177/81/177 178/82/178
f 180/72/180 178/82/178 175/68/175
f 181/1/181 182/2/182 183/3/183
f 183/3/183 182/2/182 184/4/184
f 184/4/184 182/2/182 185/5/185
f 186/6/186 187/7/187 188/8/188
f 189/9/189 187/7/187 186/6/186
f 190/10/190 187/7/187 189/9/189
f 191/11/191 192/12/192 193/13/193
f 194/14/194 192/12/192 191/11/191
f 194/14/194 195/15/195 192/12/192
f 196/16/196 194/14/194 191/11/191
f 197/17/197 195/15/195 194/14/194
f 197/17/197 198/18/198 195/15/195
f 199/19/199 198/18/198 197/17/197
f 200/20/200 199/19/199 197/17/197
f 197/17/197 194/14/194 200/20/200
f 201/21/201 199/19/199 200/20/200
f 201/21/201 200/20/200 202/22/202
f 203/23/203 194/14/194 196/16/196
f 200/20/200 194/14/194 203/23/203
f 202/22/202 200/20/200 204/24/204
f 200/20/200 203/23/203 204/24/204
f 202/22/202 204/24/204 205/25/205
f 203/23/203 196/16/196 206/26/206
f 204/24/204 203/23/203 206/26/206
f 206/26/206 196/16/196 207/27/207
f 205/25/205 204/24/204 208/28/208
f 204/24/204 206/26/206 208/28/208
f 205/25/205 208/28/208 209/29/209
f 206/26/206 207/27/207 210/30/210
f 208/28/208 206/26/206 210/30/210
f 210/30/210 207/27/207 211/31/211
f 212/32/212 210/30/210 211/31/211
f 209/29/209 208/28/208 213/33/213
f 208/28/208 210/30/210 213/33/213
f 214/34/214 210/30/210 212/32/212
f 213/33/213 210/30/210 214/34/214
f 214/34/214 212/32/212 215/35/215
f 214/34/214 215/35/215 213/33/213
f 215/35/215 212/32/212 216/36/216
f 215/35/215 216/36/216 217/37/217
f 217/37/217 216/36/216 218/38/218
f 218/38/218 219/39/219 217/37/217
f 213/33/213 220/40/220 209/29/209
f 213/33/213 215/35/215 220/40/220
f 215/35/215 217/37/217 220/40/220
f 209/29/209 220/40/220 221/41/221
f 220/40/220 222/42/222 221/41/221
f 220/40/220 217/37/217 222/42/222
f 221/41/221 222/42/222 223/43/223
f 223/43/223 222/42/222 224/44/224
f 222/42/222 217/37/217 225/45/225
f 224/44/224 222/42/222 225/45/225
f 225/45/225 226/46/226 224/44/224
f 224/44/224 226/46/226 227/47/227
f 226/46/226 228/48/228 227/47/227
f 229/49/229 228/48/228 226/46/226
f 226/46/226 230/50/230 229/49/229
f 225/45/225 217/37/217 231/51/231
f 231/51/231 226/46/226 225/45/225
f 217/37/217 219/39/219 231/51/231
f 232/52/232 230/50/230 226/46/226
f 232/52/232 226/46/226 231/51/231
f 219/39/219 232/52/232 231/51/231
f 232/52/232 233/53/233 230/50/230
f 234/54/234 232/52/232 219/39/219
f 234/54/234 233/53/233 232/52/232
f 235/55/235 236/56/236 237/57/237
f 238/58/238 236/56/236 235/55/235
f 236/56/236 238/58/238 239/59/239
f 240/60/240 236/56/236 239/59/239
f 241/61/241 239/59/239 238/58/238
f 242/62/242 239/59/239 241/61/241
f 243/63/243 242/62/242 241/61/241
f 244/64/244 242/62/242 243/63/243
f 245/65/245 244/64/244 243/63/243
f 246/66/246 244/64/244 245/65/245
f 247/67/247 246/66/246 245/65/245
f 248/68/248 246/66/246 247/67/247
f 247/67/247 249/69/249 248/68/248
f 249/69/249 250/70/250 248/68/248
f 251/71/251 250/70/250 249/69/249
f 252/72/252 248/68/248 250/70/250
f 253/73/253 254/74/254 255/75/255
f 254/74/254 253/73/253 256/76/256
f 256/76/256 253/73/253 257/59/257
f 257/59/257 253/73/253 258/60/258
f 257/59/257 259/77/259 256/76/256
f 260/62/260 259/77/259 257/59/257
f 260/62/260 261/78/261 259/77/259
f 262/64/262 261/78/261 260/62/260
f 262/64/262 263/79/263 261/78/261
f 264/66/264 263/79/263 262/64/262
f 264/66/264 265/68/265 263/79/263
f 263/79/263 265/68/265 266/80/266
f 266/80/266 265/68/265 267/81/267
f 267/81/267 265/68/265 268/82/268
f 269/83/269 267/81/267 268/82/268
f 270/72/270 268/82/268 265/68/265
f 271/1/271 272/2/272 273/3/273
f 273/3/273 272/2/272 274/4/274
f 274/4/274 272/2/272 275/5/275
f 276/6/276 277/7/277 278/8/278
f 279/9/279 277/7/277 276/6/276
f 280/10/280 277/7/277 279/9/279
f 281/11/281 282/12/282 283/13/283
f 284/14/284 282/12/282 281/11/281
f 284/14/284 285/15/285 282/12/282
f 286/16/286 284/14/284 281/11/281
f 287/17/287 285/15/285 284/14/284
f 287/17/287 288/18/288 285/15/285
f 289/19/289 288/18/288 287/17/287
f 290/20/290 289/19/289 287/17/287
f 287/17/287 284/14/284 290/20/290
f 291/21/291 289/19/289 290/20/290
f 291/21/291 290/20/290 292/22/292
f 293/23/293 284/14/284 286/16/286
f 290/20/290 284/14/284 293/23/293
f 292/22/292 290/20/290 294/24/294
f 290/20/290 293/23/293 294/24/294
f 292/22/292 294/24/294 295/25/295
f 293/23/293 286/16/286 296/26/296
f 294/24/294 293/23/293 296/26/296
f 296/26/296 286/16/286 297/27/297
f 295/25/295 294/24/294 298/28/298
f 294/24/294 296/26/296 298/28/298
f 295/25/295 298/28/298 299/29/299
f 296/26/296 297/27/297 300/30/300
f 298/28/298 296/26/296 300/30/300
f 300/30/300 297/27/297 301/31/301
f 302/32/302 300/30/300 301/31/301
f 299/29/299 298/28/298 303/33/303
f 298/28/298 300/30/300 303/33/303
f 304/34/304 300/30/300 302/32/302
f 303/33/303 300/30/300 304/34/304
f 304/34/304 302/32/302 305/35/305
f 304/34/304 305/35/305 303/33/303
f 305/35/305 302/32/302 306/36/306
f 305/35/305 306/36/306 307/37/307
f 307/37/307 306/36/306 308/38/308
f 308/38/308 309/39/309 307/37/307
f 303/33/303 310/40/310 299/29/299
f 303/33/303 305/35/305 310/40/310
f 305/35/305 307/37/307 310/40/310
f 299/29/299 310/40/310 311/41/311
f 310/40/310 312/42/312 311/41/311
f 310/40/310 307/37/307 312/42/312
f 311/41/311 312/42/312 313/43/313
f 313/43/313 312/42/312 314/44/314
f 312/42/312 307/37/307 315/45/315
f 314/44/314 312/42/312 315/45/315
f 315/45/315 316/46/316 314/44/314
f 314/44/314 316/46/316 317/47/317
f 316/46/316 318/48/278 317/47/317
f 319/49/276 318/48/278 316/46/316
f 316/46/316 320/50/318 319/49/276
f 315/45/315 307/37/307 321/51/319
f 321/51/319 316/46/316 315/45/315
f 307/37/307 309/39/309 321/51/319
f 322/52/320 320/50/318 316/46/316
f 322/52/320 316/46/316 321/51/319
f 309/39/309 322/52/320 321/51/319
f 322/52/320 323/53/321 320/50/318
f 324/54/322 322/52/320 309/39/309
f 324/54/322 323/53/321 322/52/320
f 325/55/323 326/56/324 327/57/325
f 328/58/326 326/56/324 325/55/323
f 326/56/324 328/58/326 329/59/327
f 330/60/328 326/56/324 329/59/327
f 331/61/329 329/59/327 328/58/326
f 332/62/330 329/59/327 331/61/329
f 333/63/331 332/62/330 331/61/329
f 334/64/332 332/62/330 333/63/331
f 335/65/333 334/64/332 333/63/331
f 336/66/334 334/64/332 335/65/333
f 337/67/335 336/66/334 335/65/333
f 338/68/336 336/66/334 337/67/335
f 337/67/335 339/69/337 338/68/336
f 339/69/337 340/70/338 338/68/336
f 341/71/339 340/70/338 339/69/337
f 342/72/340 338/68/336 340/70/338
f 343/73/341 344/74/342 345/75/343
f 344/74/342 343/73/341 346/76/344
f 346/76/344 343/73/341 347/59/345
f 347/59/345 343/73/341 348/60/346
f 347/59/345 349/77/347 346/76/344
f 350/62/348 349/77/347 347/59/345
f 350/62/348 351/78/349 349/77/347
f 352/64/350 351/78/349 350/62/348
f 352/64/350 353/79/351 351/78/349
f 354/66/352 353/79/351 352/64/350
f 354/66/352 355/68/353 353/79/351
f 353/79/351 355/68/353 356/80/354
f 356/80/354 355/68/353 357/81/355
f 357/81/355 355/68/353 358/82/356
f 359/83/357 357/81/355 358/82/356
f 360/72/358 358/82/356 355/68/353
f 361/1/359 362/2/360 363/3/361
f 363/3/361 362/2/360 364/4/362
f 364/4/362 362/2/360 365/5/363
f 366/6/364 367/7/365 368/8/366
f 369/9/367 367/7/365 366/6/364
f 370/10/368 367/7/365 369/9/367
f 371/11/369 372/12/370 373/13/371
f 374/14/372 372/12/370 371/11/369
f 374/14/372 375/15/373 372/12/370
f 376/16/374 374/14/372 371/11/369
f 377/17/375 375/15/373 374/14/372
f 377/17/375 378/18/376 375/15/373
f 379/19/377 378/18/376 377/17/375
f 380/20/378 379/19/377 377/17/375
f 377/17/375 374/14/372 380/20/378
f 381/21/379 379/19/377 380/20/378
f 381/21/379 380/20/378 382/22/380
f 383/23/381 374/14/372 376/16/374
f 380/20/378 374/14/372 383/23/381
f 382/22/380 380/20/378 384/24/382
f 380/20/378 383/23/381 384/24/382
f 382/22/380 384/24/382 385/25/383
f 383/23/381 376/16/374 386/26/384
f 384/24/382 383/23/381 386/26/384
f 386/26/384 376/16/374 387/27/385
f 385/25/383 384/24/382 388/28/386
f 384/24/382 386/26/384 388/28/386
f 385/25/383 388/28/386 389/29/387
f 386/26/384 387/27/385 390/30/388
f 388/28/386 386/26/384 390/30/388
f 390/30/388 387/27/385 391/31/389
f 392/32/390 390/30/388 391/31/389
f 389/29/387 388/28/386 393/33/391
f 388/28/386 390/30/388 393/33/391
f 394/34/392 390/30/388 392/32/390
f 393/33/391 390/30/388 394/34/392
f 394/34/392 392/32/390 395/35/393
f 394/34/392 395/35/393 393/33/391
f 395/35/393 392/32/390 396/36/394
f 395/35/393 396/36/394 397/37/395
f 397/37/395 396/36/394 398/38/396
f 398/38/396 399/39/397 397/37/395
f 393/33/391 400/40/398 389/29/387
f 393/33/391 395/35/393 400/40/398
f 395/35/393 397/37/395 400/40/398
f 389/29/387 400/40/398 401/41/399
f 400/40/398 402/42/400 401/41/399
f 400/40/398 397/37/395 402/42/400
f 401/41/399 402/42/400 403/43/401
f 403/43/401 402/42/400 404/44/402
f 402/42/400 397/37/395 405/45/403
f 404/44/402 402/42/400 405/45/403
f 405/45/403 406/46/404 404/44/402
f 404/44/402 406/46/404 407/47/405
f 406/46/404 408/48/406 407/47/405
f 409/49/407 408/48/406 406/46/404
f 406/46/404 410/50/408 409/49/407
f 405/45/403 397/37/395 411/51/409
f 411/51/409 406/46/404 405/45/403
f 397/37/395 399/39/397 411/51/409
f 412/52/410 410/50/408 406/46/404
f 412/52/410 406/46/404 411/51/409
f 399/39/397 412/52/410 411/51/409
f 412/52/410 413/53/411 410/50/408
f 414/54/412 412/52/410 399/39/397
f 414/54/412 413/53/411 412/52/410
f 415/55/413 416/56/414 417/57/415
f 418/58/416 416/56/414 415/55/413
f 416/56/414 418/58/416 419/59/417
f 420/60/418 416/56/414 419/59/417
f 421/61/419 419/59/417 418/58/416
f 422/62/420 419/59/417 421/61/419
f 423/63/421 422/62/420 421/61/419
f 424/64/422 422/62/420 423/63/421
f 425/65/423 424/64/422 423/63/421
f 426/66/424 424/64/422 425/65/423
f 427/67/425 426/66/424 425/65/423
f 428/68/426 426/66/424 427/67/425
f 427/67/425 429/69/427 428/68/426
f 429/69/427 430/70/428 428/68/426
f 431/71/429 430/70/428 429/69/427
f 432/72/430 428/68/426 430/70/428
f 433/73/431 434/74/432 435/75/433
f 434/74/432 433/73/431 436/76/434
f 436/76/434 433/73/431 437/59/435
f 437/59/435 433/73/431 438/60/436
f 437/59/435 439/77/437 436/76/434
f 440/62/438 439/77/437 437/59/435
f 440/62/438 441/78/439 439/77/437
f 442/64/440 441/78/439 440/62/438
f 442/64/440 443/79/441 441/78/439
f 444/66/442 443/79/441 442/64/440
f 444/66/442 445/68/443 443/79/441
f 443/79/441 445/68/443 446/80/444
f 446/80/444 445/68/443 447/81/445
f 447/81/445 445/68/443 448/82/446
f 449/83/447 447/81/445 448/82/446
f 450/72/448 448/82/446 445/68/443
f 451/1/449 452/2/450 453/3/451
f 453/3/451 452/2/450 454/4/452
f 454/4/452 452/2/450 455/5/453
f 456/6/454 457/7/455 458/8/456
f 459/9/457 457/7/455 456/6/454
f 460/10/458 457/7/455 459/9/457
f 461/11/459 462/12/460 463/13/461
f 464/14/462 462/12/460 461/11/459
f 464/14/462 465/15/463 462/12/460
f 466/16/464 464/14/462 461/11/459
f 467/17/465 465/15/463 464/14/462
f 467/17/465 468/18/466 465/15/463
f 469/19/467 468/18/466 467/17/465
f 470/20/468 469/19/467 467/17/465
f 467/17/465 464/14/462 470/20/468
f 471/21/469 469/19/467 470/20/468
f 471/21/469 470/20/468 472/22/470
f 473/23/471 464/14/462 466/16/464
f 470/20/468 464/14/462 473/23/471
f 472/22/470 470/20/468 474/24/472
f 470/20/468 473/23/471 474/24/472
f 472/22/470 474/24/472 475/25/473
f 473/23/471 466/16/464 476/26/474
f 474/24/472 473/23/471 476/26/474
f 476/26/474 466/16/464 477/27/475
f 475/25/473 474/24/472 478/28/476
f 474/24/472 476/26/474 478/28/476
f 475/25/473 478/28/476 479/29/477
f 476/26/474 477/27/475 480/30/478
f 478/28/476 476/26/474 480/30/478
f 480/30/478 477/27/475 481/31/479
f 482/32/480 480/30/478 481/31/479
f 479/29/477 478/28/476 483/33/481
f 478/28/476 480/30/478 483/33/481
f 484/34/482 480/30/478 482/32/480
f 483/33/481 480/30/478 484/34/482
f 484/34/482 482/32/480 485/35/483
f 484/34/482 485/35/483 483/33/481
f 485/35/483 482/32/480 486/36/484
f 485/35/483 486/36/484 487/37/485
f 487/37/485 486/36/484 488/38/486
f 488/38/486 489/39/487 487/37/485
f 483/33/481 490/40/488 479/29/477
f 483/33/481 485/35/483 490/40/488
f 485/35/483 487/37/485 490/40/488
f 479/29/477 490/40/488 491/41/489
f 490/40/488 492/42/490 491/41/489
f 490/40/488 487/37/485 492/42/490
f 491/41/489 492/42/490 493/43/491
f 493/43/491 492/42/490 494/44/492
f 492/42/490 487/37/485 495/45/493
f 494/44/492 492/42/490 495/45/493
f 495/45/493 496/46/494 494/44/492
f 494/44/492 496/46/494 497/47/495
f 496/46/494 498/48/496 497/47/495
f 499/49/497 498/48/496 496/46/494
f 496/46/494 500/50/498 499/49/497
f 495/45/493 487/37/485 501/51/499
f 501/51/499 496/46/494 495/45/493
f 487/37/485 489/39/487 501/51/499
f 502/52/500 500/50/498 496/46/494
f 502/52/500 496/46/494 501/51/499
f 489/39/487 502/52/500 501/51/499
f 502/52/500 503/53/501 500/50/498
f 504/54/502 502/52/500 489/39/487
f 504/54/502 503/53/501 502/52/500
f 505/55/503 506/56/504 507/57/505
f 508/58/506 506/56/504 505/55/503
f 506/56/504 508/58/506 509/59/507
f 510/60/508 506/56/504 509/59/507
f 511/61/509 509/59/507 508/58/506
f 512/62/510 509/59/507 511/61/509
f 513/63/511 512/62/510 511/61/509
f 514/64/512 512/62/510 513/63/511
f 515/65/513 514/64/512 513/63/511
f 516/66/514 514/64/512 515/65/513
f 517/67/515 516/66/514 515/65/513
f 518/68/516 516/66/514 517/67/515
f 517/67/515 519/69/517 518/68/516
f 519/69/517 520/70/518 518/68/516
f 521/71/519 520/70/518 519/69/517
f 522/72/520 518/68/516 520/70/518
f 523/73/521 524/74/522 525/75/523
f 524/74/522 523/73/521 526/76/524
f 526/76/524 523/73/521 527/59/525
f 527/59/525 523/73/521 528/60/526
f 527/59/525 529/77/527 526/76/524
f 530/62/528 529/77/527 527/59/525
f 530/62/528 531/78/529 529/77/527
f 532/64/530 531/78/529 530/62/528
f 532/64/530 533/79/531 531/78/529
f 534/66/532 533/79/531 532/64/530
f 534/66/532 535/68/533 533/79/531
f 533/79/531 535/68/533 536/80/534
f 536/80/534 535/68/533 537/81/535
f 537/81/535 535/68/533 538/82/536
f 539/83/537 537/81/535 538/82/536
f 540/72/538 538/82/536 535/68/533
f 541/1/539 542/2/540 543/3/541
f 543/3/541 542/2/540 544/4/542
f 544/4/542 542/2/540 545/5/543
f 546/6/544 547/7/545 548/8/546
f 549/9/547 547/7/545 546/6/544
f 550/10/548 547/7/545 549/9/547
f 551/11/549 552/12/550 553/13/551
f 554/14/552 552/12/550 551/11/549
f 554/14/552 555/15/553 552/12/550
f 556/16/554 554/14/552 551/11/549
f 557/17/555 555/15/553 554/14/552
f 557/17/555 558/18/556 555/15/553
f 559/19/557 558/18/556 557/17/555
f 560/20/558 559/19/557 557/17/555
f 557/17/555 554/14/552 560/20/558
f 561/21/559 559/19/557 560/20/558
f 561/21/559 560/20/558 562/22/560
f 563/23/561 554/14/552 556/16/554
f 560/20/558 554/14/552 563/23/561
f 562/22/560 560/20/558 564/24/562
f 560/20/558 563/23/561 564/24/562
f 562/22/560 564/24/562 565/25/563
f 563/23/561 556/16/554 566/26/564
f 564/24/562 563/23/561 566/26/564
f 566/26/564 556/16/554 567/27/565
f 565/25/563 564/24/562 568/28/566
f 564/24/562 566/26/564 568/28/566
f 565/25/563 568/28/566 569/29/567
f 566/26/564 567/27/565 570/30/568
f 568/28/566 566/26/564 570/30/568
f 570/30/568 567/27/565 571/31/569
f 572/32/570 570/30/568 571/31/569
f 569/29/567 568/28/566 573/33/571
f 568/28/566 570/30/568 573/33/571
f 574/34/572 570/30/568 572/32/570
f 573/33/571 570/30/568 574/34/572
f 574/34/572 572/32/570 575/35/573
f 574/34/572 575/35/573 573/33/571
f 575/35/573 572/32/570 576/36/574
f 575/35/573 576/36/574 577/37/575
f 577/37/575 576/36/574 578/38/576
f 578/38/576 579/39/577 577/37/575
f 573/33/571 580/40/578 569/29/567
f 573/33/571 575/35/573 580/40/578
f 575/35/573 577/37/575 580/40/578
f 569/29/567 580/40/578 581/41/579
f 580/40/578 582/42/580 581/41/579
f 580/40/578 577/37/575 582/42/580
f 581/41/579 582/42/580 583/43/581
f 583/43/581 582/42/580 584/44/582
f 582/42/580 577/37/575 585/45/583
f 584/44/582 582/42/580 585/45/583
f 585/45/583 586/46/584 584/44/582
f 584/44/582 586/46/584 587/47/585
f 586/46/584 588/48/586 587/47/585
f 589/49/587 588/48/586 586/46/584
f 586/46/584 590/50/588 589/49/587
f 585/45/583 577/37/575 591/51/589
f 591/51/589 586/46/584 585/45/583
f 577/37/575 579/39/577 591/51/589
f 592/52/590 590/50/588 586/46/584
f 592/52/590 586/46/584 591/51/589
f 579/39/577 592/52/590 591/51/589
f 592/52/590 593/53/591 590/50/588
f 594/54/592 592/52/590 579/39/577
f 594/54/592 593/53/591 592/52/590
f 595/55/593 596/56/594 597/57/595
f 598/58/596 596/56/594 595/55/593
f 596/56/594 598/58/596 599/59/597
f 600/60/598 596/56/594 599/59/597
f 601/61/599 599/59/597 598/58/596
f 602/62/600 599/59/597 601/61/599
f 603/63/601 602/62/600 601/61/599
f 604/64/602 602/62/600 603/63/601
f 605/65/603 604/64/602 603/63/601
f 606/66/604 604/64/602 605/65/603
f 607/67/605 606/66/604 605/65/603
f 608/68/606 606/66/604 607/67/605
f 607/67/605 609/69/607 608/68/606
f 609/69/607 610/70/608 608/68/606
f 611/71/609 610/70/608 609/69/607
f 612/72/610 608/68/606 610/70/608
f 613/73/611 614/74/612 615/75/613
f 614/74/612 613/73/611 616/76/614
f 616/76/614 613/73/611 617/59/615
f 617/59/615 613/73/611 618/60/616
f 617/59/615 619/77/617 616/76/614
f 620/62/618 619/77/617 617/59/615
f 620/62/618 621/78/619 619/77/617
f 622/64/620 621/78/619 620/62/618
f 622/64/620 623/79/621 621/78/619
f 624/66/622 623/79/621 622/64/620
f 624/66/622 625/68/623 623/79/621
f 623/79/621 625/68/623 626/80/624
f 626/80/624 625/68/623 627/81/625
f 627/81/625 625/68/623 628/82/626
f 629/83/627 627/81/625 628/82/626
f 630/72/628 628/82/626 625/68/623
f 631/1/629 632/2/630 633/3/631
f 633/3/631 632/2/630 634/4/632
f 634/4/632 632/2/630 635/5/633
f 636/6/634 637/7/635 638/8/636
f 639/9/637 637/7/635 636/6/634
f 640/10/638 637/7/635 639/9/637
f 641/11/639 642/12/640 643/13/641
f 644/14/642 642/12/640 641/11/639
f 644/14/642 645/15/643 642/12/640
f 646/16/644 644/14/642 641/11/639
f 647/17/645 645/15/643 644/14/642
f 647/17/645 648/18/646 645/15/643
f 649/19/647 648/18/646 647/17/645
f 650/20/648 649/19/647 647/17/645
f 647/17/645 644/14/642 650/20/648
f 651/21/649 649/19/647 650/20/648
f 651/21/649 650/20/648 652/22/650
f 653/23/651 644/14/642 646/16/644
f 650/20/648 644/14/642 653/23/651
f 652/22/650 650/20/648 654/24/652
f 650/20/648 653/23/651 654/24/652
f 652/22/650 654/24/652 655/25/653
f 653/23/651 646/16/644 656/26/654
f 654/24/652 653/23/651 656/26/654
f 656/26/654 646/16/644 657/27/655
f 655/25/653 654/24/652 658/28/656
f 654/24/652 656/26/654 658/28/656
f 655/25/653 658/28/656 659/29/657
f 656/26/654 657/27/655 660/30/658
f 658/28/656 656/26/654 660/30/658
f 660/30/658 657/27/655 661/31/659
f 662/32/660 660/30/658 661/31/659
f 659/29/657 658/28/656 663/33/661
f 658/28/656 660/30/658 663/33/661
f 664/34/662 660/30/658 662/32/660
f 663/33/661 660/30/658 664/34/662
f 664/34/662 662/32/660 665/35/663
f 664/34/662 665/35/663 663/33/661
f 665/35/663 662/32/660 666/36/664
f 665/35/663 666/36/664 667/37/665
f 667/37/665 666/36/664 668/38/666
f 668/38/666 669/39/667 667/37/665
f 663/33/661 670/40/668 659/29/657
f 663/33/661 665/35/663 670/40/668
f 665/35/663 667/37/665 670/40/668
f 659/29/657 670/40/668 671/41/669
f 670/40/668 672/42/670 671/41/669
f 670/40/668 667/37/665 672/42/670
f 671/41/669 672/42/670 673/43/671
f 673/43/671 672/42/670 674/44/672
f 672/42/670 667/37/665 675/45/673
f 674/44/672 672/42/670 675/45/673
f 675/45/673 676/46/674 674/44/672
f 674/44/672 676/46/674 677/47/675
f 676/46/674 678/48/676 677/47/675
f 679/49/677 678/48/676 676/46/674
f 676/46/674 680/50/678 679/49/677
f 675/45/673 667/37/665 681/51/679
f 681/51/679 676/46/674 675/45/673
f 667/37/665 669/39/667 681/51/679
f 682/52/680 680/50/678 676/46/674
f 682/52/680 676/46/674 681/51/679
f 669/39/667 682/52/680 681/51/679
f 682/52/680 683/53/681 680/50/678
f 684/54/682 682/52/680 669/39/667
f 684/54/682 683/53/681 682/52/680
f 685/55/683 686/56/684 687/57/685
f 688/58/686 686/56/684 685/55/683
f 686/56/684 688/58/686 689/59/687
f 690/60/688 686/56/684 689/59/687
f 691/61/689 689/59/687 688/58/686
f 692/62/690 689/59/687 691/61/689
f 693/63/691 692/62/690 691/61/689
f 694/64/692 692/62/690 693/63/691
f 695/65/693 694/64/692 693/63/691
f 696/66/694 694/64/692 695/65/693
f 697/67/695 696/66/694 695/65/693
f 698/68/696 696/66/694 697/67/695
f 697/67/695 699/69/697 698/68/696
f 699/69/697 700/70/698 698/68/696
f 701/71/699 700/70/698 699/69/697
f 702/72/700 698/68/696 700/70/698
f 703/73/701 704/74/702 705/75/703
f 704/74/702 703/73/701 706/76/704
f 706/76/704 703/73/701 707/59/705
f 707/59/705 703/73/701 708/60/706
f 707/59/705 709/77/707 706/76/704
f 710/62/708 709/77/707 707/59/705
f 710/62/708 711/78/709 709/77/707
f 712/64/710 711/78/709 710/62/708
f 712/64/710 713/79/711 711/78/709
f 714/66/712 713/79/711 712/64/710
f 714/66/712 715/68/713 713/79/711
f 713/79/711 715/68/713 716/80/714
f 716/80/714 715/68/713 717/81/715
f 717/81/715 715/68/713 718/82/716
f 719/83/717 717/81/715 718/82/716
f 720/72/718 718/82/716 715/68/713
f 721/1/719 722/2/720 723/3/721
f 723/3/721 722/2/720 724/4/722
f 724/4/722 722/2/720 725/5/723
f 726/6/724 727/7/725 728/8/726
f 729/9/727 727/7/725 726/6/724
f 730/10/728 727/7/725 729/9/727
f 731/11/729 732/12/730 733/13/731
f 734/14/732 732/12/730 731/11/729
f 734/14/732 735/15/733 732/12/730
f 736/16/734 734/14/732 731/11/729
f 737/17/735 735/15/733 734/14/732
f 737/17/735 738/18/736 735/15/733
f 739/19/737 738/18/736 737/17/735
f 740/20/738 739/19/737 737/17/735
f 737/17/735 734/14/732 740/20/738
f 741/21/739 739/19/737 740/20/738
f 741/21/739 740/20/738 742/22/740
f 743/23/741 734/14/732 736/16/734
f 740/20/738 734/14/732 743/23/741
f 742/22/740 740/20/738 744/24/742
f 740/20/738 743/23/741 744/24/742
f 742/22/740 744/24/742 745/25/743
f 743/23/741 736/16/734 746/26/744
f 744/24/742 743/23/741 746/26/744
f 746/26/744 736/16/734 747/27/745
f 745/25/743 744/24/742 748/28/746
f 744/24/742 746/26/744 748/28/746
f 745/25/743 748/28/746 749/29/747
f 746/26/744 747/27/745 750/30/748
f 748/28/746 746/26/744 750/30/748
f 750/30/748 747/27/745 751/31/749
f 752/32/750 750/30/748 751/31/749
f 749/29/747 748/28/746 753/33/751
f 748/28/746 750/30/748 753/33/751
f 754/34/752 750/30/748 752/32/750
f 753/33/751 750/30/748 754/34/752
f 754/34/752 752/32/750 755/35/753
f 754/34/752 755/35/753 753/33/751
f 755/35/753 752/32/750 756/36/754
f 755/35/753 756/36/754 757/37/755
f 757/37/755 756/36/754 758/38/756
f 758/38/756 759/39/757 757/37/755
f 753/33/751 760/40/758 749/29/747
f 753/33/751 755/35/753 760/40/758
f 755/35/753 757/37/755 760/40/758
f 749/29/747 760/40/758 761/41/759
f 760/40/758 762/42/760 761/41/759
f 760/40/758 757/37/755 762/42/760
f 761/41/759 762/42/760 763/43/761
f 763/43/761 762/42/760 764/44/762
f 762/42/760 757/37/755 765/45/763
f 764/44/762 762/42/760 765/45/763
f 765/45/763 766/46/764 764/44/762
f 764/44/762 766/46/764 767/47/765
f 766/46/764 768/48/766 767/47/765
f 769/49/767 768/48/766 766/46/764
f 766/46/764 770/50/768 769/49/767
f 765/45/763 757/37/755 771/51/769
f 771/51/769 766/46/764 765/45/763
f 757/37/755 759/39/757 771/51/769
f 772/52/770 770/50/768 766/46/764
f 772/52/770 766/46/764 771/51/769
f 759/39/757 772/52/770 771/51/769
f 772/52/770 773/53/771 770/50/768
f 774/54/772 772/52/770 759/39/757
f 774/54/772 773/53/771 772/52/770
f 775/55/773 776/56/774 777/57/775
f 778/58/776 776/56/774 775/55/773
f 776/56/774 778/58/776 779/59/777
f 780/60/778 776/56/774 779/59/777
f 781/61/779 779/59/777 778/58/776
f 782/62/780 779/59/777 781/61/779
f 783/63/781 782/62/780 781/61/779
f 784/64/782 782/62/780 783/63/781
f 785/65/783 784/64/782 783/63/781
f 786/66/784 784/64/782 785/65/783
f 787/67/785 786/66/784 785/65/783
f 788/68/786 786/66/784 787/67/785
f 787/67/785 789/69/787 788/68/786
f 789/69/787 790/70/788 788/68/786
f 791/71/789 790/70/788 789/69/787
f 792/72/790 788/68/786 790/70/788
f 793/73/791 794/74/792 795/75/793
f 794/74/792 793/73/791 796/76/794
f 796/76/794 793/73/791 797/59/795
f 797/59/795 793/73/791 798/60/796
f 797/59/795 799/77/797 796/76/794
f 800/62/798 799/77/797 797/59/795
f 800/62/798 801/78/799 799/77/797
f 802/64/800 801/78/799 800/62/798
f 802/64/800 803/79/801 801/78/799
f 804/66/802 803/79/801 802/64/800
f 804/66/802 805/68/803 803/79/801
f 803/79/801 805/68/803 806/80/804
f 806/80/804 805/68/803 807/81/805
f 807/81/805 805/68/803 808/82/806
f 809/83/807 807/81/805 808/82/806
f 810/72/808 808/82/806 805/68/803
f 811/1/809 812/2/810 813/3/811
f 813/3/811 812/2/810 814/4/812
f 814/4/812 812/2/810 815/5/813
f 816/6/814 817/7/815 818/8/816
f 819/9/817 817/7/815 816/6/814
f 820/10/818 817/7/815 819/9/817
f 821/11/819 822/12/820 823/13/821
f 824/14/822 822/12/820 821/11/819
f 824/14/822 825/15/823 822/12/820
f 826/16/824 824/14/822 821/11/819
f 827/17/825 825/15/823 824/14/822
f 827/17/825 828/18/826 825/15/823
f 829/19/827 828/18/826 827/17/825
f 830/20/828 829/19/827 827/17/825
f 827/17/825 824/14/822 830/20/828
f 831/21/829 829/19/827 830/20/828
f 831/21/829 830/20/828 832/22/830
f 833/23/831 824/14/822 826/16/824
f 830/20/828 824/14/822 833/23/831
f 832/22/830 830/20/828 834/24/832
f 830/20/828 833/23/831 834/24/832
f 832/22/830 834/24/832 835/25/833
f 833/23/831 826/16/824 836/26/834
f 834/24/832 833/23/831 836/26/834
f 836/26/834 826/16/824 837/27/835
f 835/25/833 834/24/832 838/28/836
f 834/24/832 836/26/834 838/28/836
f 835/25/833 838/28/836 839/29/837
f 836/26/834 837/27/835 840/30/838
f 838/28/836 836/26/834 840/30/838
f 840/30/838 837/27/835 841/31/839
f 842/32/840 840/30/838 841/31/839
f 839/29/837 838/28/836 843/33/841
f 838/28/836 840/30/838 843/33/841
f 844/34/842 840/30/838 842/32/840
f 843/33/841 840/30/838 844/34/842
f 844/34/842 842/32/840 845/35/843
f 844/34/842 845/35/843 843/33/841
f 845/35/843 842/32/840 846/36/844
f 845/35/843 846/36/844 847/37/845
f 847/37/845 846/36/844 848/38/846
f 848/38/846 849/39/847 847/37/845
f 843/33/841 850/40/848 839/29/837
f 843/33/841 845/35/843 850/40/848
f 845/35/843 847/37/845 850/40/848
f 839/29/837 850/40/848 851/41/849
f 850/40/848 852/42/850 851/41/849
f 850/40/848 847/37/845 852/42/850
f 851/41/849 852/42/850 853/43/851
f 853/43/851 852/42/850 854/44/852
f 852/42/850 847/37/845 855/45/853
f 854/44/852 852/42/850 855/45/853
f 855/45/853 856/46/854 854/44/852
f 854/44/852 856/46/854 857/47/855
f 856/46/854 858/48/856 857/47/855
f 859/49/857 858/48/856 856/46/854
f 856/46/854 860/50/858 859/49/857
f 855/45/853 847/37/845 861/51/859
f 861/51/859 856/46/854 855/45/853
f 847/37/845 849/39/847 861/51/859
f 862/52/860 860/50/858 856/46/854
f 862/52/860 856/46/854 861/51/859
f 849/39/847 862/52/860 861/51/859
f 862/52/860 863/53/861 860/50/858
f 864/54/862 862/52/860 849/39/847
f 864/54/862 863/53/861 862/52/860
f 865/55/863 866/56/864 867/57/865
f 868/58/866 866/56/864 865/55/863
f 866/56/864 868/58/866 869/59/867
f 870/60/868 866/56/864 869/59/867
f 871/61/869 869/59/867 868/58/866
f 872/62/870 869/59/867 871/61/869
f 873/63/871 872/62/870 871/61/869
f 874/64/872 872/62/870 873/63/871
f 875/65/873 874/64/872 873/63/871
f 876/66/874 874/64/872 875/65/873
f 877/67/875 876/66/874 875/65/873
f 878/68/876 876/66/874 877/67/875
f 877/67/875 879/69/877 878/68/876
f 879/69/877 880/70/878 878/68/876
f 881/71/879 880/70/878 879/69/877
f 882/72/880 878/68/876 880/70/878
f 883/73/881 884/74/882 885/75/883
f 884/74/882 883/73/881 886/76/884
f 886/76/884 883/73/881 887/59/885
f 887/59/885 883/73/881 888/60/886
f 887/59/885 889/77/887 886/76/884
f 890/62/888 889/77/887 887/59/885
f 890/62/888 891/78/889 889/77/887
f 892/64/890 891/78/889 890/62/888
f 892/64/890 893/79/891 891/78/889
f 894/66/892 893/79/891 892/64/890
f 894/66/892 895/68/893 893/79/891
f 893/79/891 895/68/893 896/80/894
f 896/80/894 895/68/893 897/81/895
f 897/81/895 895/68/893 898/82/896
f 899/83/897 897/81/895 898/82/896
f 900/72/898 898/82/896 895/68/893
f 901/1/899 902/2/900 903/3/901
f 903/3/901 902/2/900 904/4/902
f 904/4/902 902/2/900 905/5/903
f 906/6/904 907/7/905 908/8/906
f 909/9/907 907/7/905 906/6/904
f 910/10/908 907/7/905 909/9/907
f 911/11/909 912/12/910 913/13/911
f 914/14/912 912/12/910 911/11/909
f 914/14/912 915/15/913 912/12/910
f 916/16/914 914/14/912 911/11/909
f 917/17/915 915/15/913 914/14/912
f 917/17/915 918/18/916 915/15/913
f 919/19/917 918/18/916 917/17/915
f 920/20/918 919/19/917 917/17/915
f 917/17/915 914/14/912 920/20/918
f 921/21/919 919/19/917 920/20/918
f 921/21/919 920/20/918 922/22/920
f 923/23/921 914/14/912 916/16/914
f 920/20/918 914/14/912 923/23/921
f 922/22/920 920/20/918 924/24/922
f 920/20/918 923/23/921 924/24/922
f 922/22/920 924/24/922 925/25/923
f 923/23/921 916/16/914 926/26/924
f 924/24/922 923/23/921 926/26/924
f 926/26/924 916/16/914 927/27/925
f 925/25/923 924/24/922 928/28/926
f 924/24/922 926/26/924 928/28/926
f 925/25/923 928/28/926 929/29/927
f 926/26/924 927/27/925 930/30/928
f 928/28/926 926/26/924 930/30/928
f 930/30/928 927/27/925 931/31/929
f 932/32/930 930/30/928 931/31/929
f 929/29/927 928/28/926 933/33/931
f 928/28/926 930/30/928 933/33/931
f 934/34/932 930/30/928 932/32/930
f 933/33/931 930/30/928 934/34/932
f 934/34/932 932/32/930 935/35/933
f 934/34/932 935/35/933 933/33/931
f 935/35/933 932/32/930 936/36/934
f 935/35/933 936/36/934 937/37/935
f 937/37/935 936/36/934 938/38/936
f 938/38/936 939/39/937 937/37/935
f 933/33/931 940/40/938 929/29/927
f 933/33/931 935/35/933 940/40/938
f 935/35/933 937/37/935 940/40/938
f 929/29/927 940/40/938 941/41/939
f 940/40/938 942/42/940 941/41/939
f 940/40/938 937/37/935 942/42/940
f 941/41/939 942/42/940 943/43/941
f 943/43/941 942/42/940 944/44/942
f 942/42/940 937/37/935 945/45/943
f 944/44/942 942/42/940 945/45/943
f 945/45/943 946/46/944 944/44/942
f 944/44/942 946/46/944 947/47/945
f 946/46/944 948/48/946 947/47/945
f 949/49/947 948/48/946 946/46/944
f 946/46/944 950/50/948 949/49/947
f 945/45/943 937/37/935 951/51/949
f 951/51/949 946/46/944 945/45/943
f 937/37/935 939/39/937 951/51/949
f 952/52/950 950/50/948 946/46/944
f 952/52/950 946/46/944 951/51/949
f 939/39/937 952/52/950 951/51/949
f 952/52/950 953/53/951 950/50/948
f 954/54/952 952/52/950 939/39/937
f 954/54/952 953/53/951 952/52/950
f 955/55/953 956/56/954 957/57/955
f 958/58/956 956/56/954 955/55/953
f 956/56/954 958/58/956 959/59/957
f 960/60/958 956/56/954 959/59/957
f 961/61/959 959/59/957 958/58/956
f 962/62/960 959/59/957 961/61/959
f 963/63/961 962/62/960 961/61/959
f 964/64/962 962/62/960 963/63/961
f 965/65/963 964/64/962 963/63/961
f 966/66/964 964/64/962 965/65/963
f 967/67/965 966/66/964 965/65/963
f 968/68/966 966/66/964 967/67/965
f 967/67/965 969/69/967 968/68/966
f 969/69/967 970/70/968 968/68/966
f 971/71/969 970/70/968 969/69/967
f 972/72/970 968/68/966 970/70/968
f 973/73/971 974/74/972 975/75/973
f 974/74/972 973/73/971 976/76/974
f 976/76/974 973/73/971 977/59/975
f 977/59/975 973/73/971 978/60/976
f 977/59/975 979/77/977 976/76/974
f 980/62/978 979/77/977 977/59/975
f 980/62/978 981/78/979 979/77/977
f 982/64/980 981/78/979 980/62/978
f 982/64/980 983/79/981 981/78/979
f 984/66/982 983/79/981 982/64/980
f 984/66/982 985/68/983 983/79/981
f 983/79/981 985/68/983 986/80/984
f 986/80/984 985/68/983 987/81/985
f 987/81/985 985/68/983 988/82/986
f 989/83/987 987/81/985 988/82/986
f 990/72/988 988/82/986 985/68/983
f 991/1/989 992/2/990 993/3/991
f 993/3/991 992/2/990 994/4/992
f 994/4/992 992/2/990 995/5/993
f 996/6/994 997/7/995 998/8/996
f 999/9/997 997/7/995 996/6/994
f 1000/10/998 997/7/995 999/9/997
f 1001/11/999 1002/12/1000 1003/13/1001
f 1004/14/1002 1002/12/1000 1001/11/999
f 1004/14/1002 1005/15/1003 1002/12/1000
f 1006/16/1004 1004/14/1002 1001/11/999
f 1007/17/1005 1005/15/1003 1004/14/1002
f 1007/17/1005 1008/18/1006 1005/15/1003
f 1009/19/1007 1008/18/1006 1007/17/1005
f 1010/20/1008 1009/19/1007 1007/17/1005
f 1007/17/1005 1004/14/1002 1010/20/1008
f 1011/21/1009 1009/19/1007 1010/20/1008
f 1011/21/1009 1010/20/1008 1012/22/1010
f 1013/23/1011 1004/14/1002 1006/16/1004
f 1010/20/1008 1004/14/1002 1013/23/1011
f 1012/22/1010 1010/20/1008 1014/24/1012
f 1010/20/1008 1013/23/1011 1014/24/1012
f 1012/22/1010 1014/24/1012 1015/25/1013
f 1013/23/1011 1006/16/1004 1016/26/1014
f 1014/24/1012 1013/23/1011 1016/26/1014
f 1016/26/1014 1006/16/1004 1017/27/1015
f 1015/25/1013 1014/24/1012 1018/28/1016
f 1014/24/1012 1016/26/1014 1018/28/1016
f 1015/25/1013 1018/28/1016 1019/29/1017
f 1016/26/1014 1017/27/1015 1020/30/1018
f 1018/28/1016 1016/26/1014 1020/30/1018
f 1020/30/1018 1017/27/1015 1021/31/1019
f 1022/32/1020 1020/30/1018 1021/31/1019
f 1019/29/1017 1018/28/1016 1023/33/1021
f 1018/28/1016 1020/30/1018 1023/33/1021
f 1024/34/1022 1020/30/1018 1022/32/1020
f 1023/33/1021 1020/30/1018 1024/34/1022
f 1024/34/1022 1022/32/1020 1025/35/1023
f 1024/34/1022 1025/35/1023 1023/33/1021
f 1025/35/1023 1022/32/1020 1026/36/1024
f 1025/35/1023 1026/36/1024 1027/37/1025
f 1027/37/1025 1026/36/1024 1028/38/1026
f 1028/38/1026 1029/39/1027 1027/37/1025
f 1023/33/1021 1030/40/1028 1019/29/1017
f 1023/33/1021 1025/35/1023 1030/40/1028
f 1025/35/1023 1027/37/1025 1030/40/1028
f 1019/29/1017 1030/40/1028 1031/41/1029
f 1030/40/1028 1032/42/1030 1031/41/1029
f 1030/40/1028 1027/37/1025 1032/42/1030
f 1031/41/1029 1032/42/1030 1033/43/1031
f 1033/43/1031 1032/42/1030 1034/44/1032
f 1032/42/1030 1027/37/1025 1035/45/1033
f 1034/44/1032 1032/42/1030 1035/45/1033
f 1035/45/1033 1036/46/1034 1034/44/1032
f 1034/44/1032 1036/46/1034 1037/47/1035
f 1036/46/1034 1038/48/1036 1037/47/1035
f 1039/49/1037 1038/48/1036 1036/46/1034
f 1036/46/1034 1040/50/1038 1039/49/1037
f 1035/45/1033 1027/37/1025 1041/51/1039
f 1041/51/1039 1036/46/1034 1035/45/1033
f 1027/37/1025 1029/39/1027 1041/51/1039
f 1042/52/1040 1040/50/1038 1036/46/1034
f 1042/52/1040 1036/46/1034 1041/51/1039
f 1029/39/1027 1042/52/1040 1041/51/1039
f 1042/52/1040 1043/53/1041 1040/50/1038
f 1044/54/1042 1042/52/1040 1029/39/1027
f 1044/54/1042 1043/53/1041 1042/52/1040
f 1045/55/1043 1046/56/1044 1047/57/1045
f 1048/58/1046 1046/56/1044 1045/55/1043
f 1046/56/1044 1048/58/1046 1049/59/1047
f 1050/60/1048 1046/56/1044 1049/59/1047
f 1051/61/1049 1049/59/1047 1048/58/1046
f 1052/62/1050 1049/59/1047 1051/61/1049
f 1053/63/1051 1052/62/1050 1051/61/1049
f 1054/64/1052 1052/62/1050 1053/63/1051
f 1055/65/1053 1054/64/1052 1053/63/1051
f 1056/66/1054 1054/64/1052 1055/65/1053
f 1057/67/1055 1056/66/1054 1055/65/1053
f 1058/68/1056 1056/66/1054 1057/67/1055
f 1057/67/1055 1059/69/1057 1058/68/1056
f 1059/69/1057 1060/70/1058 1058/68/1056
f 1061/71/1059 1060/70/1058 1059/69/1057
f 1062/72/1060 1058/68/1056 1060/70/1058
f 1063/73/1061 1064/74/1062 1065/75/1063
f 1064/74/1062 1063/73/1061 1066/76/1064
f 1066/76/1064 1063/73/1061 1067/59/1065
f 1067/59/1065 1063/73/1061 1068/60/1066
f 1067/59/1065 1069/77/1067 1066/76/1064
f 1070/62/1068 1069/77/1067 1067/59/1065
f 1070/62/1068 1071/78/1069 1069/77/1067
f 1072/64/1070 1071/78/1069 1070/62/1068
f 1072/64/1070 1073/79/1071 1071/78/1069
f 1074/66/1072 1073/79/1071 1072/64/1070
f 1074/66/1072 1075/68/1073 1073/79/1071
f 1073/79/1071 1075/68/1073 1076/80/1074
f 1076/80/1074 1075/68/1073 1077/81/1075
f 1077/81/1075 1075/68/1073 1078/82/1076
f 1079/83/1077 1077/81/1075 1078/82/1076
f 1080/72/1078 1078/82/1076 1075/68/1073
usemtl frame
f 1081/84/1079 1082/85/1080 1083/86/1081
f 1084/87/1082 1085/88/1083 1086/89/1084
f 1087/90/1085 1088/91/1086 1089/92/1087
f 1090/93/1088 1091/94/1089 1092/95/1090
f 1093/96/1091 1091/94/1089 1090/93/1088
f 1094/95/1092 1095/96/1093 1096/93/1094
f 1097/94/1095 1095/96/1093 1094/95/1092
f 1098/97/1096 1099/98/1097 1100/99/1098
f 1098/97/1096 1100/99/1098 1101/100/1099
f 1101/100/1099 1100/99/1098 1102/101/1100
f 1101/100/1099 1102/101/1100 1103/102/1101
f 1104/84/1102 1105/96/1103 1106/100/1104
f 1104/84/1102 1107/94/1105 1105/96/1103
f 1108/103/1106 1107/94/1105 1104/84/1102
f 1107/94/1105 1109/93/1107 1105/96/1103
f 1110/95/1108 1109/93/1107 1107/94/1105
f 1110/95/1108 1111/87/1109 1109/93/1107
f 1109/93/1107 1111/87/1109 1112/104/1110
f 1113/95/1111 1114/90/1112 1115/105/1113
f 1116/94/1114 1114/90/1112 1113/95/1111
f 1113/95/1111 1117/93/1115 1116/94/1114
f 1116/94/1114 1117/93/1115 1118/96/1116
f 1119/97/1117 1118/96/1116 1117/93/1115
f 1120/100/1118 1118/96/1116 1119/97/1117
f 1121/97/1119 1122/101/1120 1123/99/1121
f 1124/100/1122 1122/101/1120 1121/97/1119
f 1125/105/1123 1126/91/1124 1127/106/1125
f 1128/90/1126 1126/91/1124 1125/105/1123
f 1129/93/1127 1130/100/1128 1131/97/1129
f 1132/96/1130 1130/100/1128 1129/93/1127
f 1133/95/1131 1132/96/1130 1129/93/1127
f 1134/94/1132 1132/96/1130 1133/95/1131
f 1135/94/1133 1136/105/1134 1137/90/1135
f 1138/95/1136 1136/105/1134 1135/94/1133
f 1139/87/1137 1136/105/1134 1138/95/1136
f 1139/87/1137 1138/95/1136 1140/104/1138
f 1140/104/1138 1138/95/1136 1141/93/1139
f 1138/95/1136 1135/94/1133 1141/93/1139
f 1142/97/1140 1140/104/1138 1141/93/1139
f 1141/93/1139 1143/100/1141 1142/97/1140
f 1144/96/1142 1143/100/1141 1141/93/1139
f 1141/93/1139 1135/94/1133 1144/96/1142
f 1135/94/1133 1145/84/1143 1144/96/1142
f 1146/103/1144 1145/84/1143 1135/94/1133
f 1147/84/1079 1148/85/1080 1149/86/1081
f 1150/87/1082 1151/88/1083 1152/89/1084
f 1153/90/1085 1154/91/1145 1155/92/1087
f 1156/93/1088 1157/94/1089 1158/95/1090
f 1159/96/1091 1157/94/1089 1156/93/1088
f 1160/95/1092 1161/96/1093 1162/93/1094
f 1163/94/1095 1161/96/1093 1160/95/1092
f 1164/97/1096 1165/98/1097 1166/99/1098
f 1164/97/1096 1166/99/1098 1167/100/1099
f 1167/100/1099 1166/99/1098 1168/101/1100
f 1167/100/1099 1168/101/1100 1169/102/1101
f 1170/84/1102 1171/96/1103 1172/100/1104
f 1170/84/1102 1173/94/1105 1171/96/1103
f 1174/103/1106 1173/94/1105 1170/84/1102
f 1173/94/1105 1175/93/1107 1171/96/1103
f 1176/95/1146 1175/93/1107 1173/94/1105
f 1176/95/1146 1177/87/1109 1175/93/1107
f 1175/93/1107 1177/87/1109 1178/104/1110
f 1179/95/1111 1180/90/1112 1181/105/1113
f 1182/94/1147 1180/90/1112 1179/95/1111
f 1179/95/1111 1183/93/1148 1182/94/1147
f 1182/94/1147 1183/93/1148 1184/96/1116
f 1185/97/1117 1184/96/1116 1183/93/1148
f 1186/100/1118 1184/96/1116 1185/97/1117
f 1187/97/1119 1188/101/1120 1189/99/1121
f 1190/100/1122 1188/101/1120 1187/97/1119
f 1191/105/1123 1192/91/1149 1193/106/1125
f 1194/90/1126 1192/91/1149 1191/105/1123
f 1195/93/1150 1196/100/1128 1197/97/1129
f 1198/96/1151 1196/100/1128 1195/93/1150
f 1199/95/1131 1198/96/1151 1195/93/1150
f 1200/94/1132 1198/96/1151 1199/95/1131
f 1201/94/1133 1202/105/1134 1203/90/1135
f 1204/95/1136 1202/105/1134 1201/94/1133
f 1205/87/1137 1202/105/1134 1204/95/1136
f 1205/87/1137 1204/95/1136 1206/104/1138
f 1206/104/1138 1204/95/1136 1207/93/1139
f 1204/95/1136 1201/94/1133 1207/93/1139
f 1208/97/1140 1206/104/1138 1207/93/1139
f 1207/93/1139 1209/100/1141 1208/97/1140
f 1210/96/1142 1209/100/1141 1207/93/1139
f 1207/93/1139 1201/94/1133 1210/96/1142
f 1201/94/1133 1211/84/1143 1210/96/1142
f 1212/103/1144 1211/84/1143 1201/94/1133
f 1213/84/1079 1214/85/1080 1215/86/1081
f 1216/87/1082 1217/88/1083 1218/89/1084
f 1219/90/1085 1220/91/1145 1221/92/1087
f 1222/93/1088 1223/94/1089 1224/95/1090
f 1225/96/1091 1223/94/1089 1222/93/1088
f 1226/95/1092 1227/96/1093 1228/93/1094
f 1229/94/1095 1227/96/1093 1226/95/1092
f 1230/97/1096 1231/98/1097 1232/99/1098
f 1230/97/1096 1232/99/1098 1233/100/1099
f 1233/100/1099 1232/99/1098 1234/101/1100
f 1233/100/1099 1234/101/1100 1235/102/1101
f 1236/84/1102 1237/96/1103 1238/100/1104
f 1236/84/1102 1239/94/1105 1237/96/1103
f 1240/103/1106 1239/94/1105 1236/84/1102
f 1239/94/1105 1241/93/1107 1237/96/1103
f 1242/95/1108 1241/93/1107 1239/94/1105
f 1242/95/1108 1243/87/1109 1241/93/1107
f 1241/93/1107 1243/87/1109 1244/104/1110
f 1245/95/1152 1246/90/1112 1247/105/1113
f 1248/94/1147 1246/90/1112 1245/95/1152
f 1245/95/1152 1249/93/1148 1248/94/1147
f 1248/94/1147 1249/93/1148 1250/96/1116
f 1251/97/1117 1250/96/1116 1249/93/1148
f 1252/100/1118 1250/96/1116 1251/97/1117
f 1253/97/1119 1254/101/1120 1255/99/1121
f 1256/100/1122 1254/101/1120 1253/97/1119
f 1257/105/1123 1258/91/1149 1259/106/1125
f 1260/90/1126 1258/91/1149 1257/105/1123
f 1261/93/1150 1262/100/1128 1263/97/1129
f 1264/96/1153 1262/100/1128 1261/93/1150
f 1265/95/1131 1264/96/1153 1261/93/1150
f 1266/94/1132 1264/96/1153 1265/95/1131
f 1267/94/1133 1268/105/1134 1269/90/1135
f 1270/95/1136 1268/105/1134 1267/94/1133
f 1271/87/1137 1268/105/1134 1270/95/1136
f 1271/87/1137 1270/95/1136 1272/104/1138
f 1272/104/1138 1270/95/1136 1273/93/1139
f 1270/95/1136 1267/94/1133 1273/93/1139
f 1274/97/1140 1272/104/1138 1273/93/1139
f 1273/93/1139 1275/100/1141 1274/97/1140
f 1276/96/1142 1275/100/1141 1273/93/1139
f 1273/93/1139 1267/94/1133 1276/96/1142
f 1267/94/1133 1277/84/1143 1276/96/1142
f 1278/103/1144 1277/84/1143 1267/94/1133
f 1279/84/1079 1280/85/1080 1281/86/1081
f 1282/87/1082 1283/88/1083 1284/89/1084
f 1285/90/1085 1286/91/1086 1287/92/1087
f 1288/93/1088 1289/94/1089 1290/95/1090
f 1291/96/1091 1289/94/1089 1288/93/1088
f 1292/95/1092 1293/96/1093 1294/93/1094
f 1295/94/1095 1293/96/1093 1292/95/1092
f 1296/97/1096 1297/98/1097 1298/99/1098
f 1296/97/1096 1298/99/1098 1299/100/1099
f 1299/100/1099 1298/99/1098 1300/101/1100
f 1299/100/1099 1300/101/1100 1301/102/1101
f 1302/84/1102 1303/96/1103 1304/100/1104
f 1302/84/1102 1305/94/1105 1303/96/1103
f 1306/103/1106 1305/94/1105 1302/84/1102
f 1305/94/1105 1307/93/1107 1303/96/1103
f 1308/95/1146 1307/93/1107 1305/94/1105
f 1308/95/1146 1309/87/1109 1307/93/1107
f 1307/93/1107 1309/87/1109 1310/104/1110
f 1311/95/1111 1312/90/1112 1313/105/1113
f 1314/94/1114 1312/90/1112 1311/95/1111
f 1311/95/1111 1315/93/1115 1314/94/1114
f 1314/94/1114 1315/93/1115 1316/96/1116
f 1317/97/1117 1316/96/1116 1315/93/1115
f 1318/100/1118 1316/96/1116 1317/97/1117
f 1319/97/1119 1320/101/1120 1321/99/1121
f 1322/100/1122 1320/101/1120 1319/97/1119
f 1323/105/1123 1324/91/1124 1325/106/1125
f 1326/90/1126 1324/91/1124 1323/105/1123
f 1327/93/1127 1328/100/1128 1329/97/1129
f 1330/96/1130 1328/100/1128 1327/93/1127
f 1331/95/1131 1330/96/1130 1327/93/1127
f 1332/94/1132 1330/96/1130 1331/95/1131
f 1333/94/1133 1334/105/1134 1335/90/1135
f 1336/95/1136 1334/105/1134 1333/94/1133
f 1337/87/1137 1334/105/1134 1336/95/1136
f 1337/87/1137 1336/95/1136 1338/104/1138
f 1338/104/1138 1336/95/1136 1339/93/1139
f 1336/95/1136 1333/94/1133 1339/93/1139
f 1340/97/1140 1338/104/1138 1339/93/1139
f 1339/93/1139 1341/100/1141 1340/97/1140
f 1342/96/1142 1341/100/1141 1339/93/1139
f 1339/93/1139 1333/94/1133 1342/96/1142
f 1333/94/1133 1343/84/1143 1342/96/1142
f 1344/103/1144 1343/84/1143 1333/94/1133
f 1345/84/1154 1346/85/1155 1347/86/1156
f 1348/87/1157 1349/88/1158 1350/89/1159
f 1351/90/1160 1352/91/1161 1353/92/1162
f 1354/93/1091 1355/94/1090 1356/95/1088
f 1357/96/1089 1355/94/1090 1354/93/1091
f 1358/95/1094 1359/96/1095 1360/93/1093
f 1361/94/1092 1359/96/1095 1358/95/1094
f 1362/97/1163 1363/98/1164 1364/99/1165
f 1362/97/1163 1364/99/1165 1365/100/1166
f 1365/100/1166 1364/99/1165 1366/101/1167
f 1365/100/1166 1366/101/1167 1367/102/1168
f 1368/84/1169 1369/96/1170 1370/100/1171
f 1368/84/1169 1371/94/1172 1369/96/1170
f 1372/103/1173 1371/94/1172 1368/84/1169
f 1371/94/1172 1373/93/1174 1369/96/1170
f 1374/95/1175 1373/93/1174 1371/94/1172
f 1374/95/1175 1375/87/1176 1373/93/1174
f 1373/93/1174 1375/87/1176 1376/104/1177
f 1377/95/1178 1378/90/1179 1379/105/1180
f 1380/94/1181 1378/90/1179 1377/95/1178
f 1377/95/1178 1381/93/1182 1380/94/1181
f 1380/94/1181 1381/93/1182 1382/96/1183
f 1383/97/1184 1382/96/1183 1381/93/1182
f 1384/100/1185 1382/96/1183 1383/97/1184
f 1385/97/1186 1386/101/1187 1387/99/1188
f 1388/100/1189 1386/101/1187 1385/97/1186
f 1389/105/1190 1390/91/1191 1391/106/1192
f 1392/90/1193 1390/91/1191 1389/105/1190
f 1393/93/1194 1394/100/1195 1395/97/1196
f 1396/96/1197 1394/100/1195 1393/93/1194
f 1397/95/1198 1396/96/1197 1393/93/1194
f 1398/94/1199 1396/96/1197 1397/95/1198
f 1399/94/1200 1400/105/1201 1401/90/1202
f 1402/95/1203 1400/105/1201 1399/94/1200
f 1403/87/1204 1400/105/1201 1402/95/1203
f 1403/87/1204 1402/95/1203 1404/104/1205
f 1404/104/1205 1402/95/1203 1405/93/1206
f 1402/95/1203 1399/94/1200 1405/93/1206
f 1406/97/1207 1404/104/1205 1405/93/1206
f 1405/93/1206 1407/100/1208 1406/97/1207
f 1408/96/1209 1407/100/1208 1405/93/1206
f 1405/93/1206 1399/94/1200 1408/96/1209
f 1399/94/1200 1409/84/1210 1408/96/1209
f 1410/103/1211 1409/84/1210 1399/94/1200
f 1411/84/1212 1412/85/1213 1413/86/1214
f 1414/87/1215 1415/88/1216 1416/89/1217
f 1417/90/1218 1418/91/1219 1419/92/1220
f 1420/93/1091 1421/94/1090 1422/95/1088
f 1423/96/1089 1421/94/1090 1420/93/1091
f 1424/95/1094 1425/96/1095 1426/93/1093
f 1427/94/1092 1425/96/1095 1424/95/1094
f 1428/97/1221 1429/98/1222 1430/99/1223
f 1428/97/1221 1430/99/1223 1431/100/1224
f 1431/100/1224 1430/99/1223 1432/101/1225
f 1431/100/1224 1432/101/1225 1433/102/1226
f 1434/84/1227 1435/96/1228 1436/100/1229
f 1434/84/1227 1437/94/1230 1435/96/1228
f 1438/103/1231 1437/94/1230 1434/84/1227
f 1437/94/1230 1439/93/1232 1435/96/1228
f 1440/95/1233 1439/93/1232 1437/94/1230
f 1440/95/1233 1441/87/1234 1439/93/1232
f 1439/93/1232 1441/87/1234 1442/104/1235
f 1443/95/1236 1444/90/1237 1445/105/1238
f 1446/94/1239 1444/90/1237 1443/95/1236
f 1443/95/1236 1447/93/1240 1446/94/1239
f 1446/94/1239 1447/93/1240 1448/96/1241
f 1449/97/1242 1448/96/1241 1447/93/1240
f 1450/100/1243 1448/96/1241 1449/97/1242
f 1451/97/1244 1452/101/1245 1453/99/1246
f 1454/100/1247 1452/101/1245 1451/97/1244
f 1455/105/1248 1456/91/1249 1457/106/1250
f 1458/90/1251 1456/91/1249 1455/105/1248
f 1459/93/1252 1460/100/1253 1461/97/1254
f 1462/96/1255 1460/100/1253 1459/93/1252
f 1463/95/1256 1462/96/1255 1459/93/1252
f 1464/94/1257 1462/96/1255 1463/95/1256
f 1465/94/1258 1466/105/1259 1467/90/1260
f 1468/95/1261 1466/105/1259 1465/94/1258
f 1469/87/1262 1466/105/1259 1468/95/1261
f 1469/87/1262 1468/95/1261 1470/104/1263
f 1470/104/1263 1468/95/1261 1471/93/1264
f 1468/95/1261 1465/94/1258 1471/93/1264
f 1472/97/1265 1470/104/1263 1471/93/1264
f 1471/93/1264 1473/100/1266 1472/97/1265
f 1474/96/1267 1473/100/1266 1471/93/1264
f 1471/93/1264 1465/94/1258 1474/96/1267
f 1465/94/1258 1475/84/1268 1474/96/1267
f 1476/103/1269 1475/84/1268 1465/94/1258
f 1477/84/1270 1478/85/1271 1479/86/1272
f 1480/87/1273 1481/88/1274 1482/89/1275
f 1483/90/1276 1484/91/1277 1485/92/1278
f 1486/93/1279 1487/94/1280 1488/95/1281
f 1489/96/1282 1487/94/1280 1486/93/1279
f 1490/95/1257 1491/96/1283 1492/93/1198
f 1493/94/1284 1491/96/1283 1490/95/1257
f 1494/97/1285 1495/98/1286 1496/99/1287
f 1494/97/1285 1496/99/1287 1497/100/1288
f 1497/100/1288 1496/99/1287 1498/101/1289
f 1497/100/1288 1498/101/1289 1499/102/1290
f 1500/84/1291 1501/96/1292 1502/100/1293
f 1500/84/1291 1503/94/1294 1501/96/1292
f 1504/103/1295 1503/94/1294 1500/84/1291
f 1503/94/1294 1505/93/1296 1501/96/1292
f 1506/95/1297 1505/93/1296 1503/94/1294
f 1506/95/1297 1507/87/1298 1505/93/1296
f 1505/93/1296 1507/87/1298 1508/104/1299
f 1509/95/1300 1510/90/1301 1511/105/1302
f 1512/94/1303 1510/90/1301 1509/95/1300
f 1509/95/1300 1513/93/1304 1512/94/1303
f 1512/94/1303 1513/93/1304 1514/96/1305
f 1515/97/1306 1514/96/1305 1513/93/1304
f 1516/100/1307 1514/96/1305 1515/97/1306
f 1517/97/1308 1518/101/1309 1519/99/1310
f 1520/100/1311 1518/101/1309 1517/97/1308
f 1521/105/1312 1522/91/1313 1523/106/1314
f 1524/90/1315 1522/91/1313 1521/105/1312
f 1525/93/1316 1526/100/1317 1527/97/1318
f 1528/96/1319 1526/100/1317 1525/93/1316
f 1529/95/1132 1528/96/1319 1525/93/1316
f 1530/94/1320 1528/96/1319 1529/95/1132
f 1531/94/1321 1532/105/1322 1533/90/1323
f 1534/95/1324 1532/105/1322 1531/94/1321
f 1535/87/1325 1532/105/1322 1534/95/1324
f 1535/87/1325 1534/95/1324 1536/104/1326
f 1536/104/1326 1534/95/1324 1537/93/1327
f 1534/95/1324 1531/94/1321 1537/93/1327
f 1538/97/1328 1536/104/1326 1537/93/1327
f 1537/93/1327 1539/100/1329 1538/97/1328
f 1540/96/1330 1539/100/1329 1537/93/1327
f 1537/93/1327 1531/94/1321 1540/96/1330
f 1531/94/1321 1541/84/1331 1540/96/1330
f 1542/103/1332 1541/84/1331 1531/94/1321
f 1543/84/1270 1544/85/1271 1545/86/1272
f 1546/87/1273 1547/88/1333 1548/89/1334
f 1549/90/1276 1550/91/1277 1551/92/1278
f 1552/93/1279 1553/94/1280 1554/95/1281
f 1555/96/1282 1553/94/1280 1552/93/1279
f 1556/95/1257 1557/96/1283 1558/93/1198
f 1559/94/1284 1557/96/1283 1556/95/1257
f 1560/97/1285 1561/98/1286 1562/99/1287
f 1560/97/1285 1562/99/1287 1563/100/1288
f 1563/100/1288 1562/99/1287 1564/101/1289
f 1563/100/1288 1564/101/1289 1565/102/1290
f 1566/84/1291 1567/96/1292 1568/100/1293
f 1566/84/1291 1569/94/1294 1567/96/1292
f 1570/103/1295 1569/94/1294 1566/84/1291
f 1569/94/1294 1571/93/1335 1567/96/1292
f 1572/95/1297 1571/93/1335 1569/94/1294
f 1572/95/1297 1573/87/1298 1571/93/1335
f 1571/93/1335 1573/87/1298 1574/104/1299
f 1575/95/1336 1576/90/1301 1577/105/1302
f 1578/94/1337 1576/90/1301 1575/95/1336
f 1575/95/1336 1579/93/1338 1578/94/1337
f 1578/94/1337 1579/93/1338 1580/96/1339
f 1581/97/1306 1580/96/1339 1579/93/1338
f 1582/100/1307 1580/96/1339 1581/97/1306
f 1583/97/1308 1584/101/1309 1585/99/1310
f 1586/100/1311 1584/101/1309 1583/97/1308
f 1587/105/1312 1588/91/1313 1589/106/1314
f 1590/90/1315 1588/91/1313 1587/105/1312
f 1591/93/1316 1592/100/1317 1593/97/1318
f 1594/96/1340 1592/100/1317 1591/93/1316
f 1595/95/1132 1594/96/1340 1591/93/1316
f 1596/94/1320 1594/96/1340 1595/95/1132
f 1597/94/1341 1598/105/1322 1599/90/1323
f 1600/95/1324 1598/105/1322 1597/94/1341
f 1601/87/1342 1598/105/1322 1600/95/1324
f 1601/87/1342 1600/95/1324 1602/104/1326
f 1602/104/1326 1600/95/1324 1603/93/1343
f 1600/95/1324 1597/94/1341 1603/93/1343
f 1604/97/1328 1602/104/1326 1603/93/1343
f 1603/93/1343 1605/100/1329 1604/97/1328
f 1606/96/1330 1605/100/1329 1603/93/1343
f 1603/93/1343 1597/94/1341 1606/96/1330
f 1597/94/1341 1607/84/1331 1606/96/1330
f 1608/103/1332 1607/84/1331 1597/94/1341
f 1609/84/1270 1610/85/1344 1611/86/1272
f 1612/87/1273 1613/88/1274 1614/89/1275
f 1615/90/1276 1616/91/1277 1617/92/1278
f 1618/93/1279 1619/94/1280 1620/95/1281
f 1621/96/1282 1619/94/1280 1618/93/1279
f 1622/95/1257 1623/96/1283 1624/93/1198
f 1625/94/1284 1623/96/1283 1622/95/1257
f 1626/97/1285 1627/98/1286 1628/99/1345
f 1626/97/1285 1628/99/1345 1629/100/1288
f 1629/100/1288 1628/99/1345 1630/101/1346
f 1629/100/1288 1630/101/1346 1631/102/1290
f 1632/84/1291 1633/96/1292 1634/100/1293
f 1632/84/1291 1635/94/1294 1633/96/1292
f 1636/103/1295 1635/94/1294 1632/84/1291
f 1635/94/1294 1637/93/1347 1633/96/1292
f 1638/95/1348 1637/93/1347 1635/94/1294
f 1638/95/1348 1639/87/1298 1637/93/1347
f 1637/93/1347 1639/87/1298 1640/104/1299
f 1641/95/1336 1642/90/1301 1643/105/1302
f 1644/94/1337 1642/90/1301 1641/95/1336
f 1641/95/1336 1645/93/1338 1644/94/1337
f 1644/94/1337 1645/93/1338 1646/96/1339
f 1647/97/1306 1646/96/1339 1645/93/1338
f 1648/100/1307 1646/96/1339 1647/97/1306
f 1649/97/1308 1650/101/1309 1651/99/1310
f 1652/100/1311 1650/101/1309 1649/97/1308
f 1653/105/1312 1654/91/1313 1655/106/1314
f 1656/90/1315 1654/91/1313 1653/105/1312
f 1657/93/1349 1658/100/1317 1659/97/1318
f 1660/96/1340 1658/100/1317 1657/93/1349
f 1661/95/1132 1660/96/1340 1657/93/1349
f 1662/94/1320 1660/96/1340 1661/95/1132
f 1663/94/1341 1664/105/1322 1665/90/1323
f 1666/95/1324 1664/105/1322 1663/94/1341
f 1667/87/1342 1664/105/1322 1666/95/1324
f 1667/87/1342 1666/95/1324 1668/104/1326
f 1668/104/1326 1666/95/1324 1669/93/1350
f 1666/95/1324 1663/94/1341 1669/93/1350
f 1670/97/1328 1668/104/1326 1669/93/1350
f 1669/93/1350 1671/100/1329 1670/97/1328
f 1672/96/1330 1671/100/1329 1669/93/1350
f 1669/93/1350 1663/94/1341 1672/96/1330
f 1663/94/1341 1673/84/1331 1672/96/1330
f 1674/103/1332 1673/84/1331 1663/94/1341
f 1675/84/1351 1676/85/1352 1677/86/1353
f 1678/87/1354 1679/88/1355 1680/89/1356
f 1681/90/1357 1682/91/1358 1683/92/1359
f 1684/93/1282 1685/94/1360 1686/95/1279
f 1687/96/1361 1685/94/1360 1684/93/1282
f 1688/95/1198 1689/96/1362 1690/93/1283
f 1691/94/1199 1689/96/1362 1688/95/1198
f 1692/97/1363 1693/98/1364 1694/99/1365
f 1692/97/1363 1694/99/1365 1695/100/1366
f 1695/100/1366 1694/99/1365 1696/101/1367
f 1695/100/1366 1696/101/1367 1697/102/1368
f 1698/84/1369 1699/96/1370 1700/100/1371
f 1698/84/1369 1701/94/1372 1699/96/1370
f 1702/103/1373 1701/94/1372 1698/84/1369
f 1701/94/1372 1703/93/1374 1699/96/1370
f 1704/95/1375 1703/93/1374 1701/94/1372
f 1704/95/1375 1705/87/1376 1703/93/1374
f 1703/93/1374 1705/87/1376 1706/104/1377
f 1707/95/1378 1708/90/1379 1709/105/1380
f 1710/94/1381 1708/90/1379 1707/95/1378
f 1707/95/1378 1711/93/1382 1710/94/1381
f 1710/94/1381 1711/93/1382 1712/96/1383
f 1713/97/1384 1712/96/1383 1711/93/1382
f 1714/100/1385 1712/96/1383 1713/97/1384
f 1715/97/1386 1716/101/1387 1717/99/1388
f 1718/100/1389 1716/101/1387 1715/97/1386
f 1719/105/1390 1720/91/1391 1721/106/1392
f 1722/90/1393 1720/91/1391 1719/105/1390
f 1723/93/1394 1724/100/1395 1725/97/1396
f 1726/96/1397 1724/100/1395 1723/93/1394
f 1727/95/1091 1726/96/1397 1723/93/1394
f 1728/94/1089 1726/96/1397 1727/95/1091
f 1729/94/1398 1730/105/1399 1731/90/1400
f 1732/95/1401 1730/105/1399 1729/94/1398
f 1733/87/1402 1730/105/1399 1732/95/1401
f 1733/87/1402 1732/95/1401 1734/104/1403
f 1734/104/1403 1732/95/1401 1735/93/1404
f 1732/95/1401 1729/94/1398 1735/93/1404
f 1736/97/1405 1734/104/1403 1735/93/1404
f 1735/93/1404 1737/100/1406 1736/97/1405
f 1738/96/1407 1737/100/1406 1735/93/1404
f 1735/93/1404 1729/94/1398 1738/96/1407
f 1729/94/1398 1739/84/1408 1738/96/1407
f 1740/103/1409 1739/84/1408 1729/94/1398
f 1741/84/1410 1742/85/1411 1743/86/1412
f 1744/87/1413 1745/88/1414 1746/89/1415
f 1747/90/1416 1748/91/1417 1749/92/1418
f 1750/93/1419 1751/94/1281 1752/95/1420
f 1753/96/1280 1751/94/1281 1750/93/1419
f 1754/95/1256 1755/96/1284 1756/93/1421
f 1757/94/1257 1755/96/1284 1754/95/1256
f 1758/97/1422 1759/98/1423 1760/99/1424
f 1758/97/1422 1760/99/1424 1761/100/1425
f 1761/100/1425 1760/99/1424 1762/101/1426
f 1761/100/1425 1762/101/1426 1763/102/1427
f 1764/84/1428 1765/96/1429 1766/100/1430
f 1764/84/1428 1767/94/1431 1765/96/1429
f 1768/103/1432 1767/94/1431 1764/84/1428
f 1767/94/1431 1769/93/1433 1765/96/1429
f 1770/95/1434 1769/93/1433 1767/94/1431
f 1770/95/1434 1771/87/1435 1769/93/1433
f 1769/93/1433 1771/87/1435 1772/104/1436
f 1773/95/1437 1774/90/1438 1775/105/1439
f 1776/94/1440 1774/90/1438 1773/95/1437
f 1773/95/1437 1777/93/1441 1776/94/1440
f 1776/94/1440 1777/93/1441 1778/96/1442
f 1779/97/1443 1778/96/1442 1777/93/1441
f 1780/100/1444 1778/96/1442 1779/97/1443
f 1781/97/1445 1782/101/1446 1783/99/1447
f 1784/100/1448 1782/101/1446 1781/97/1445
f 1785/105/1449 1786/91/1450 1787/106/1451
f 1788/90/1452 1786/91/1450 1785/105/1449
f 1789/93/1453 1790/100/1454 1791/97/1455
f 1792/96/1456 1790/100/1454 1789/93/1453
f 1793/95/1091 1792/96/1456 1789/93/1453
f 1794/94/1089 1792/96/1456 1793/95/1091
f 1795/94/1457 1796/105/1458 1797/90/1459
f 1798/95/1460 1796/105/1458 1795/94/1457
f 1799/87/1461 1796/105/1458 1798/95/1460
f 1799/87/1461 1798/95/1460 1800/104/1462
f 1800/104/1462 1798/95/1460 1801/93/1463
f 1798/95/1460 1795/94/1457 1801/93/1463
f 1802/97/1464 1800/104/1462 1801/93/1463
f 1801/93/1463 1803/100/1465 1802/97/1464
f 1804/96/1466 1803/100/1465 1801/93/1463
f 1801/93/1463 1795/94/1457 1804/96/1466
f 1795/94/1457 1805/84/1467 1804/96/1466
f 1806/103/1468 1805/84/1467 1795/94/1457
f 1807/84/1469 1808/85/1470 1809/86/1471
f 1810/87/1472 1811/88/1473 1812/89/1293
f 1813/90/1474 1814/91/1475 1815/92/1290
f 1816/93/1283 1817/94/1257 1818/95/1284
f 1819/96/1198 1817/94/1257 1816/93/1283
f 1820/95/1280 1821/96/1279 1822/93/1282
f 1823/94/1281 1821/96/1279 1820/95/1280
f 1824/97/1328 1825/98/1476 1826/99/1477
f 1824/97/1328 1826/99/1477 1827/100/1478
f 1827/100/1478 1826/99/1477 1828/101/1479
f 1827/100/1478 1828/101/1479 1829/102/1278
f 1830/84/1480 1831/96/1481 1832/100/1275
f 1830/84/1480 1833/94/1482 1831/96/1481
f 1834/103/1331 1833/94/1482 1830/84/1480
f 1833/94/1482 1835/93/1483 1831/96/1481
f 1836/95/1484 1835/93/1483 1833/94/1482
f 1836/95/1484 1837/87/1485 1835/93/1483
f 1835/93/1483 1837/87/1485 1838/104/1486
f 1839/95/1305 1840/90/1306 1841/105/1307
f 1842/94/1304 1840/90/1306 1839/95/1305
f 1839/95/1305 1843/93/1303 1842/94/1304
f 1842/94/1304 1843/93/1303 1844/96/1300
f 1845/97/1301 1844/96/1300 1843/93/1303
f 1846/100/1302 1844/96/1300 1845/97/1301
f 1847/97/1317 1848/101/1487 1849/99/1488
f 1850/100/1318 1848/101/1487 1847/97/1317
f 1851/105/1489 1852/91/1490 1853/106/1491
f 1854/90/1323 1852/91/1490 1851/105/1489
f 1855/93/1492 1856/100/1308 1857/97/1311
f 1858/96/1493 1856/100/1308 1855/93/1492
f 1859/95/1494 1858/96/1493 1855/93/1492
f 1860/94/1131 1858/96/1493 1859/95/1494
f 1861/94/1495 1862/105/1496 1863/90/1315
f 1864/95/1497 1862/105/1496 1861/94/1495
f 1865/87/1498 1862/105/1496 1864/95/1497
f 1865/87/1498 1864/95/1497 1866/104/1499
f 1866/104/1499 1864/95/1497 1867/93/1500
f 1864/95/1497 1861/94/1495 1867/93/1500
f 1868/97/1285 1866/104/1499 1867/93/1500
f 1867/93/1500 1869/100/1501 1868/97/1285
f 1870/96/1502 1869/100/1501 1867/93/1500
f 1867/93/1500 1861/94/1495 1870/96/1502
f 1861/94/1495 1871/84/1295 1870/96/1502
f 1872/103/1503 1871/84/1295 1861/94/1495
f 1873/84/1504 1874/85/1470 1875/86/1471
f 1876/87/1472 1877/88/1473 1878/89/1293
f 1879/90/1474 1880/91/1475 1881/92/1290
f 1882/93/1283 1883/94/1257 1884/95/1284
f 1885/96/1198 1883/94/1257 1882/93/1283
f 1886/95/1280 1887/96/1279 1888/93/1282
f 1889/94/1281 1887/96/1279 1886/95/1280
f 1890/97/1328 1891/98/1476 1892/99/1477
f 1890/97/1328 1892/99/1477 1893/100/1478
f 1893/100/1478 1892/99/1477 1894/101/1479
f 1893/100/1478 1894/101/1479 1895/102/1278
f 1896/84/1480 1897/96/1481 1898/100/1275
f 1896/84/1480 1899/94/1482 1897/96/1481
f 1900/103/1331 1899/94/1482 1896/84/1480
f 1899/94/1482 1901/93/1483 1897/96/1481
f 1902/95/1484 1901/93/1483 1899/94/1482
f 1902/95/1484 1903/87/1485 1901/93/1483
f 1901/93/1483 1903/87/1485 1904/104/1486
f 1905/95/1339 1906/90/1306 1907/105/1307
f 1908/94/1338 1906/90/1306 1905/95/1339
f 1905/95/1339 1909/93/1337 1908/94/1338
f 1908/94/1338 1909/93/1337 1910/96/1300
f 1911/97/1505 1910/96/1300 1909/93/1337
f 1912/100/1302 1910/96/1300 1911/97/1505
f 1913/97/1317 1914/101/1487 1915/99/1488
f 1916/100/1318 1914/101/1487 1913/97/1317
f 1917/105/1489 1918/91/1490 1919/106/1491
f 1920/90/1323 1918/91/1490 1917/105/1489
f 1921/93/1506 1922/100/1308 1923/97/1311
f 1924/96/1507 1922/100/1308 1921/93/1506
f 1925/95/1494 1924/96/1507 1921/93/1506
f 1926/94/1131 1924/96/1507 1925/95/1494
f 1927/94/1495 1928/105/1508 1929/90/1315
f 1930/95/1497 1928/105/1508 1927/94/1495
f 1931/87/1498 1928/105/1508 1930/95/1497
f 1931/87/1498 1930/95/1497 1932/104/1499
f 1932/104/1499 1930/95/1497 1933/93/1509
f 1930/95/1497 1927/94/1495 1933/93/1509
f 1934/97/1285 1932/104/1499 1933/93/1509
f 1933/93/1509 1935/100/1501 1934/97/1285
f 1936/96/1502 1935/100/1501 1933/93/1509
f 1933/93/1509 1927/94/1495 1936/96/1502
f 1927/94/1495 1937/84/1295 1936/96/1502
f 1938/103/1503 1937/84/1295 1927/94/1495
f 1939/84/1469 1940/85/1470 1941/86/1471
f 1942/87/1472 1943/88/1473 1944/89/1293
f 1945/90/1474 1946/91/1475 1947/92/1290
f 1948/93/1283 1949/94/1257 1950/95/1284
f 1951/96/1198 1949/94/1257 1948/93/1283
f 1952/95/1280 1953/96/1279 1954/93/1282
f 1955/94/1281 1953/96/1279 1952/95/1280
f 1956/97/1328 1957/98/1476 1958/99/1477
f 1956/97/1328 1958/99/1477 1959/100/1478
f 1959/100/1478 1958/99/1477 1960/101/1479
f 1959/100/1478 1960/101/1479 1961/102/1278
f 1962/84/1480 1963/96/1481 1964/100/1275
f 1962/84/1480 1965/94/1482 1963/96/1481
f 1966/103/1331 1965/94/1482 1962/84/1480
f 1965/94/1482 1967/93/1483 1963/96/1481
f 1968/95/1484 1967/93/1483 1965/94/1482
f 1968/95/1484 1969/87/1485 1967/93/1483
f 1967/93/1483 1969/87/1485 1970/104/1486
f 1971/95/1339 1972/90/1306 1973/105/1307
f 1974/94/1338 1972/90/1306 1971/95/1339
f 1971/95/1339 1975/93/1337 1974/94/1338
f 1974/94/1338 1975/93/1337 1976/96/1336
f 1977/97/1505 1976/96/1336 1975/93/1337
f 1978/100/1302 1976/96/1336 1977/97/1505
f 1979/97/1317 1980/101/1487 1981/99/1488
f 1982/100/1318 1980/101/1487 1979/97/1317
f 1983/105/1489 1984/91/1490 1985/106/1510
f 1986/90/1323 1984/91/1490 1983/105/1489
f 1987/93/1506 1988/100/1308 1989/97/1311
f 1990/96/1507 1988/100/1308 1987/93/1506
f 1991/95/1494 1990/96/1507 1987/93/1506
f 1992/94/1131 1990/96/1507 1991/95/1494
f 1993/94/1511 1994/105/1496 1995/90/1315
f 1996/95/1497 1994/105/1496 1993/94/1511
f 1997/87/1498 1994/105/1496 1996/95/1497
f 1997/87/1498 1996/95/1497 1998/104/1499
f 1998/104/1499 1996/95/1497 1999/93/1512
f 1996/95/1497 1993/94/1511 1999/93/1512
f 2000/97/1285 1998/104/1499 1999/93/1512
f 1999/93/1512 2001/100/1501 2000/97/1285
f 2002/96/1502 2001/100/1501 1999/93/1512
f 1999/93/1512 1993/94/1511 2002/96/1502
f 1993/94/1511 2003/84/1295 2002/96/1502
f 2004/103/1503 2003/84/1295 1993/94/1511
f 2005/84/1513 2006/85/1514 2007/86/1515
f 2008/87/1516 2009/88/1517 2010/89/1518
f 2011/90/1519 2012/91/1520 2013/92/1521
f 2014/93/1198 2015/94/1362 2016/95/1283
f 2017/96/1199 2015/94/1362 2014/93/1198
f 2018/95/1282 2019/96/1360 2020/93/1279
f 2021/94/1361 2019/96/1360 2018/95/1282
f 2022/97/1522 2023/98/1523 2024/99/1524
f 2022/97/1522 2024/99/1524 2025/100/1525
f 2025/100/1525 2024/99/1524 2026/101/1526
f 2025/100/1525 2026/101/1526 2027/102/1527
f 2028/84/1528 2029/96/1529 2030/100/1530
f 2028/84/1528 2031/94/1531 2029/96/1529
f 2032/103/1377 2031/94/1531 2028/84/1528
f 2031/94/1531 2033/93/1532 2029/96/1529
f 2034/95/1533 2033/93/1532 2031/94/1531
f 2034/95/1533 2035/87/1534 2033/93/1532
f 2033/93/1532 2035/87/1534 2036/104/1373
f 2037/95/1394 2038/90/1395 2039/105/1396
f 2040/94/1397 2038/90/1395 2037/95/1394
f 2037/95/1394 2041/93/1535 2040/94/1397
f 2040/94/1397 2041/93/1535 2042/96/1536
f 2043/97/1537 2042/96/1536 2041/93/1535
f 2044/100/1389 2042/96/1536 2043/97/1537
f 2045/97/1538 2046/101/1539 2047/99/1540
f 2048/100/1385 2046/101/1539 2045/97/1538
f 2049/105/1541 2050/91/1542 2051/106/1543
f 2052/90/1544 2050/91/1542 2049/105/1541
f 2053/93/1378 2054/100/1379 2055/97/1380
f 2056/96/1381 2054/100/1379 2053/93/1378
f 2057/95/1094 2056/96/1381 2053/93/1378
f 2058/94/1092 2056/96/1381 2057/95/1094
f 2059/94/1545 2060/105/1546 2061/90/1547
f 2062/95/1548 2060/105/1546 2059/94/1545
f 2063/87/1549 2060/105/1546 2062/95/1548
f 2063/87/1549 2062/95/1548 2064/104/1550
f 2064/104/1550 2062/95/1548 2065/93/1551
f 2062/95/1548 2059/94/1545 2065/93/1551
f 2066/97/1552 2064/104/1550 2065/93/1551
f 2065/93/1551 2067/100/1553 2066/97/1552
f 2068/96/1554 2067/100/1553 2065/93/1551
f 2065/93/1551 2059/94/1545 2068/96/1554
f 2059/94/1545 2069/84/1555 2068/96/1554
f 2070/103/1556 2069/84/1555 2059/94/1545
f 2071/84/1557 2072/85/1558 2073/86/1559
f 2074/87/1560 2075/88/1561 2076/89/1562
f 2077/90/1563 2078/91/1564 2079/92/1565
f 2080/93/1256 2081/94/1284 2082/95/1421
f 2083/96/1257 2081/94/1284 2080/93/1256
f 2084/95/1419 2085/96/1281 2086/93/1420
f 2087/94/1280 2085/96/1281 2084/95/1419
f 2088/97/1566 2089/98/1567 2090/99/1568
f 2088/97/1566 2090/99/1568 2091/100/1569
f 2091/100/1569 2090/99/1568 2092/101/1570
f 2091/100/1569 2092/101/1570 2093/102/1571
f 2094/84/1572 2095/96/1573 2096/100/1574
f 2094/84/1572 2097/94/1433 2095/96/1573
f 2098/103/1436 2097/94/1433 2094/84/1572
f 2097/94/1433 2099/93/1575 2095/96/1573
f 2100/95/1576 2099/93/1575 2097/94/1433
f 2100/95/1576 2101/87/1577 2099/93/1575
f 2099/93/1575 2101/87/1577 2102/104/1432
f 2103/95/1578 2104/90/1579 2105/105/1455
f 2106/94/1456 2104/90/1579 2103/95/1578
f 2103/95/1578 2107/93/1580 2106/94/1456
f 2106/94/1456 2107/93/1580 2108/96/1581
f 2109/97/1445 2108/96/1581 2107/93/1580
f 2110/100/1582 2108/96/1581 2109/97/1445
f 2111/97/1583 2112/101/1584 2113/99/1585
f 2114/100/1444 2112/101/1584 2111/97/1583
f 2115/105/1586 2116/91/1587 2117/106/1588
f 2118/90/1589 2116/91/1587 2115/105/1586
f 2119/93/1437 2120/100/1438 2121/97/1590
f 2122/96/1440 2120/100/1438 2119/93/1437
f 2123/95/1094 2122/96/1440 2119/93/1437
f 2124/94/1092 2122/96/1440 2123/95/1094
f 2125/94/1591 2126/105/1592 2127/90/1593
f 2128/95/1594 2126/105/1592 2125/94/1591
f 2129/87/1595 2126/105/1592 2128/95/1594
f 2129/87/1595 2128/95/1594 2130/104/1596
f 2130/104/1596 2128/95/1594 2131/93/1597
f 2128/95/1594 2125/94/1591 2131/93/1597
f 2132/97/1598 2130/104/1596 2131/93/1597
f 2131/93/1597 2133/100/1599 2132/97/1598
f 2134/96/1600 2133/100/1599 2131/93/1597
f 2131/93/1597 2125/94/1591 2134/96/1600
f 2125/94/1591 2135/84/1601 2134/96/1600
f 2136/103/1602 2135/84/1601 2125/94/1591
f 2137/84/1603 2138/85/1604 2139/86/1605
f 2140/87/1606 2141/88/1607 2142/89/1608
f 2143/90/1609 2144/91/1610 2145/92/1611
f 2146/93/1612 2147/94/1613 2148/95/1614
f 2149/96/1615 2147/94/1613 2146/93/1612
f 2150/95/1616 2151/96/1617 2152/93/1618
f 2153/94/1619 2151/96/1617 2150/95/1616
f 2154/97/1620 2155/98/1621 2156/99/1622
f 2154/97/1620 2156/99/1622 2157/100/1623
f 2157/100/1623 2156/99/1622 2158/101/1624
f 2157/100/1623 2158/101/1624 2159/102/1625
f 2160/84/1626 2161/96/1627 2162/100/1628
f 2160/84/1626 2163/94/1629 2161/96/1627
f 2164/103/1630 2163/94/1629 2160/84/1626
f 2163/94/1629 2165/93/1631 2161/96/1627
f 2166/95/1632 2165/93/1631 2163/94/1629
f 2166/95/1632 2167/87/1633 2165/93/1631
f 2165/93/1631 2167/87/1633 2168/104/1634
f 2169/95/1635 2170/90/1636 2171/105/1637
f 2172/94/1638 2170/90/1636 2169/95/1635
f 2169/95/1635 2173/93/1639 2172/94/1638
f 2172/94/1638 2173/93/1639 2174/96/1640
f 2175/97/1641 2174/96/1640 2173/93/1639
f 2176/100/1642 2174/96/1640 2175/97/1641
f 2177/97/1643 2178/101/1644 2179/99/1645
f 2180/100/1646 2178/101/1644 2177/97/1643
f 2181/105/1647 2182/91/1648 2183/106/1649
f 2184/90/1650 2182/91/1648 2181/105/1647
f 2185/93/1651 2186/100/1652 2187/97/1653
f 2188/96/1654 2186/100/1652 2185/93/1651
f 2189/95/1655 2188/96/1654 2185/93/1651
f 2190/94/1656 2188/96/1654 2189/95/1655
f 2191/94/1657 2192/105/1658 2193/90/1659
f 2194/95/1660 2192/105/1658 2191/94/1657
f 2195/87/1661 2192/105/1658 2194/95/1660
f 2195/87/1661 2194/95/1660 2196/104/1662
f 2196/104/1662 2194/95/1660 2197/93/1663
f 2194/95/1660 2191/94/1657 2197/93/1663
f 2198/97/1664 2196/104/1662 2197/93/1663
f 2197/93/1663 2199/100/1665 2198/97/1664
f 2200/96/1666 2199/100/1665 2197/93/1663
f 2197/93/1663 2191/94/1657 2200/96/1666
f 2191/94/1657 2201/84/1667 2200/96/1666
f 2202/103/1668 2201/84/1667 2191/94/1657
f 2203/84/1669 2204/85/1670 2205/86/1671
f 2206/87/1672 2207/88/1673 2208/89/1674
f 2209/90/1675 2210/91/1676 2211/92/1677
f 2212/93/1678 2213/94/1679 2214/95/1680
f 2215/96/1681 2213/94/1679 2212/93/1678
f 2216/95/1682 2217/96/1683 2218/93/1684
f 2219/94/1685 2217/96/1683 2216/95/1682
f 2220/97/1686 2221/98/1687 2222/99/1688
f 2220/97/1686 2222/99/1688 2223/100/1689
f 2223/100/1689 2222/99/1688 2224/101/1690
f 2223/100/1689 2224/101/1690 2225/102/1691
f 2226/84/1692 2227/96/1693 2228/100/1694
f 2226/84/1692 2229/94/1695 2227/96/1693
f 2230/103/1696 2229/94/1695 2226/84/1692
f 2229/94/1695 2231/93/1697 2227/96/1693
f 2232/95/1698 2231/93/1697 2229/94/1695
f 2232/95/1698 2233/87/1699 2231/93/1697
f 2231/93/1697 2233/87/1699 2234/104/1700
f 2235/95/1701 2236/90/1702 2237/105/1703
f 2238/94/1704 2236/90/1702 2235/95/1701
f 2235/95/1701 2239/93/1705 2238/94/1704
f 2238/94/1704 2239/93/1705 2240/96/1706
f 2241/97/1680 2240/96/1706 2239/93/1705
f 2242/100/1707 2240/96/1706 2241/97/1680
f 2243/97/1684 2244/101/1708 2245/99/1709
f 2246/100/1710 2244/101/1708 2243/97/1684
f 2247/105/1711 2248/91/1712 2249/106/1713
f 2250/90/1714 2248/91/1712 2247/105/1711
f 2251/93/1715 2252/100/1716 2253/97/1717
f 2254/96/1718 2252/100/1716 2251/93/1715
f 2255/95/1719 2254/96/1718 2251/93/1715
f 2256/94/1720 2254/96/1718 2255/95/1719
f 2257/94/1721 2258/105/1722 2259/90/1723
f 2260/95/1724 2258/105/1722 2257/94/1721
f 2261/87/1725 2258/105/1722 2260/95/1724
f 2261/87/1725 2260/95/1724 2262/104/1726
f 2262/104/1726 2260/95/1724 2263/93/1727
f 2260/95/1724 2257/94/1721 2263/93/1727
f 2264/97/1728 2262/104/1726 2263/93/1727
f 2263/93/1727 2265/100/1729 2264/97/1728
f 2266/96/1730 2265/100/1729 2263/93/1727
f 2263/93/1727 2257/94/1721 2266/96/1730
f 2257/94/1721 2267/84/1731 2266/96/1730
f 2268/103/1732 2267/84/1731 2257/94/1721
f 2269/84/1669 2270/85/1670 2271/86/1671
f 2272/87/1672 2273/88/1673 2274/89/1674
f 2275/90/1675 2276/91/1733 2277/92/1734
f 2278/93/1678 2279/94/1679 2280/95/1680
f 2281/96/1681 2279/94/1679 2278/93/1678
f 2282/95/1682 2283/96/1683 2284/93/1684
f 2285/94/1685 2283/96/1683 2282/95/1682
f 2286/97/1686 2287/98/1687 2288/99/1735
f 2286/97/1686 2288/99/1735 2289/100/1736
f 2289/100/1736 2288/99/1735 2290/101/1690
f 2289/100/1736 2290/101/1690 2291/102/1691
f 2292/84/1692 2293/96/1693 2294/100/1694
f 2292/84/1692 2295/94/1695 2293/96/1693
f 2296/103/1696 2295/94/1695 2292/84/1692
f 2295/94/1695 2297/93/1737 2293/96/1693
f 2298/95/1698 2297/93/1737 2295/94/1695
f 2298/95/1698 2299/87/1738 2297/93/1737
f 2297/93/1737 2299/87/1738 2300/104/1700
f 2301/95/1739 2302/90/1702 2303/105/1703
f 2304/94/1740 2302/90/1702 2301/95/1739
f 2301/95/1739 2305/93/1741 2304/94/1740
f 2304/94/1740 2305/93/1741 2306/96/1742
f 2307/97/1680 2306/96/1742 2305/93/1741
f 2308/100/1707 2306/96/1742 2307/97/1680
f 2309/97/1684 2310/101/1708 2311/99/1709
f 2312/100/1710 2310/101/1708 2309/97/1684
f 2313/105/1743 2314/91/1712 2315/106/1744
f 2316/90/1714 2314/91/1712 2313/105/1743
f 2317/93/1715 2318/100/1716 2319/97/1717
f 2320/96/1718 2318/100/1716 2317/93/1715
f 2321/95/1719 2320/96/1718 2317/93/1715
f 2322/94/1720 2320/96/1718 2321/95/1719
f 2323/94/1721 2324/105/1745 2325/90/1723
f 2326/95/1724 2324/105/1745 2323/94/1721
f 2327/87/1746 2324/105/1745 2326/95/1724
f 2327/87/1746 2326/95/1724 2328/104/1726
f 2328/104/1726 2326/95/1724 2329/93/1727
f 2326/95/1724 2323/94/1721 2329/93/1727
f 2330/97/1747 2328/104/1726 2329/93/1727
f 2329/93/1727 2331/100/1748 2330/97/1747
f 2332/96/1730 2331/100/1748 2329/93/1727
f 2329/93/1727 2323/94/1721 2332/96/1730
f 2323/94/1721 2333/84/1731 2332/96/1730
f 2334/103/1732 2333/84/1731 2323/94/1721
f 2335/84/1749 2336/85/1750 2337/86/1751
f 2338/87/1672 2339/88/1673 2340/89/1674
f 2341/90/1675 2342/91/1676 2343/92/1677
f 2344/93/1678 2345/94/1679 2346/95/1680
f 2347/96/1681 2345/94/1679 2344/93/1678
f 2348/95/1682 2349/96/1683 2350/93/1684
f 2351/94/1685 2349/96/1683 2348/95/1682
f 2352/97/1686 2353/98/1752 2354/99/1735
f 2352/97/1686 2354/99/1735 2355/100/1753
f 2355/100/1753 2354/99/1735 2356/101/1690
f 2355/100/1753 2356/101/1690 2357/102/1754
f 2358/84/1692 2359/96/1693 2360/100/1694
f 2358/84/1692 2361/94/1695 2359/96/1693
f 2362/103/1696 2361/94/1695 2358/84/1692
f 2361/94/1695 2363/93/1697 2359/96/1693
f 2364/95/1755 2363/93/1697 2361/94/1695
f 2364/95/1755 2365/87/1756 2363/93/1697
f 2363/93/1697 2365/87/1756 2366/104/1757
f 2367/95/1739 2368/90/1702 2369/105/1703
f 2370/94/1758 2368/90/1702 2367/95/1739
f 2367/95/1739 2371/93/1759 2370/94/1758
f 2370/94/1758 2371/93/1759 2372/96/1706
f 2373/97/1680 2372/96/1706 2371/93/1759
f 2374/100/1707 2372/96/1706 2373/97/1680
f 2375/97/1684 2376/101/1708 2377/99/1709
f 2378/100/1710 2376/101/1708 2375/97/1684
f 2379/105/1760 2380/91/1712 2381/106/1761
f 2382/90/1714 2380/91/1712 2379/105/1760
f 2383/93/1715 2384/100/1716 2385/97/1717
f 2386/96/1718 2384/100/1716 2383/93/1715
f 2387/95/1719 2386/96/1718 2383/93/1715
f 2388/94/1720 2386/96/1718 2387/95/1719
f 2389/94/1721 2390/105/1745 2391/90/1762
f 2392/95/1724 2390/105/1745 2389/94/1721
f 2393/87/1725 2390/105/1745 2392/95/1724
f 2393/87/1725 2392/95/1724 2394/104/1726
f 2394/104/1726 2392/95/1724 2395/93/1727
f 2392/95/1724 2389/94/1721 2395/93/1727
f 2396/97/1747 2394/104/1726 2395/93/1727
f 2395/93/1727 2397/100/1748 2396/97/1747
f 2398/96/1730 2397/100/1748 2395/93/1727
f 2395/93/1727 2389/94/1721 2398/96/1730
f 2389/94/1721 2399/84/1731 2398/96/1730
f 2400/103/1732 2399/84/1731 2389/94/1721
f 2401/84/1669 2402/85/1670 2403/86/1763
f 2404/87/1764 2405/88/1673 2406/89/1674
f 2407/90/1675 2408/91/1733 2409/92/1734
f 2410/93/1678 2411/94/1679 2412/95/1680
f 2413/96/1681 2411/94/1679 2410/93/1678
f 2414/95/1682 2415/96/1683 2416/93/1684
f 2417/94/1685 2415/96/1683 2414/95/1682
f 2418/97/1686 2419/98/1687 2420/99/1735
f 2418/97/1686 2420/99/1735 2421/100/1689
f 2421/100/1689 2420/99/1735 2422/101/1690
f 2421/100/1689 2422/101/1690 2423/102/1691
f 2424/84/1692 2425/96/1693 2426/100/1694
f 2424/84/1692 2427/94/1765 2425/96/1693
f 2428/103/1696 2427/94/1765 2424/84/1692
f 2427/94/1765 2429/93/1697 2425/96/1693
f 2430/95/1698 2429/93/1697 2427/94/1765
f 2430/95/1698 2431/87/1766 2429/93/1697
f 2429/93/1697 2431/87/1766 2432/104/1700
f 2433/95/1739 2434/90/1702 2435/105/1703
f 2436/94/1704 2434/90/1702 2433/95/1739
f 2433/95/1739 2437/93/1767 2436/94/1704
f 2436/94/1704 2437/93/1767 2438/96/1706
f 2439/97/1680 2438/96/1706 2437/93/1767
f 2440/100/1707 2438/96/1706 2439/97/1680
f 2441/97/1684 2442/101/1708 2443/99/1709
f 2444/100/1710 2442/101/1708 2441/97/1684
f 2445/105/1743 2446/91/1712 2447/106/1744
f 2448/90/1714 2446/91/1712 2445/105/1743
f 2449/93/1715 2450/100/1716 2451/97/1717
f 2452/96/1718 2450/100/1716 2449/93/1715
f 2453/95/1719 2452/96/1718 2449/93/1715
f 2454/94/1720 2452/96/1718 2453/95/1719
f 2455/94/1721 2456/105/1745 2457/90/1768
f 2458/95/1724 2456/105/1745 2455/94/1721
f 2459/87/1725 2456/105/1745 2458/95/1724
f 2459/87/1725 2458/95/1724 2460/104/1726
f 2460/104/1726 2458/95/1724 2461/93/1769
f 2458/95/1724 2455/94/1721 2461/93/1769
f 2462/97/1747 2460/104/1726 2461/93/1769
f 2461/93/1769 2463/100/1748 2462/97/1747
f 2464/96/1730 2463/100/1748 2461/93/1769
f 2461/93/1769 2455/94/1721 2464/96/1730
f 2455/94/1721 2465/84/1731 2464/96/1730
f 2466/103/1732 2465/84/1731 2455/94/1721
s 0
f 2498/116/1798 2499/117/1798 2500/118/1798
f 2501/119/1799 2502/118/1799 2503/116/1799
f 2504/119/1800 2505/117/1800 2506/118/1800
f 2507/117/1801 2508/116/1801 2509/119/1801
f 2510/116/1802 2511/118/1802 2512/117/1802
f 2513/118/1803 2514/119/1803 2515/116/1803
f 2516/119/1804 2517/118/1804 2518/117/1804
f 2519/117/1805 2520/119/1805 2521/116/1805
f 2504/116/1806 2498/120/1806 2500/121/1806 2505/118/1806
f 2499/122/1807 2501/123/1807 2503/124/1807 2500/125/1807
f 2502/121/1808 2507/118/1808 2509/116/1808 2503/120/1808
f 2508/124/1809 2506/125/1809 2505/122/1809 2509/123/1809
f 2516/126/1810 2504/127/1810 2506/128/1810 2517/129/1810
f 2507/128/1811 2519/129/1811 2521/126/1811 2508/127/1811
f 2520/123/1812 2518/122/1812 2517/125/1812 2521/124/1812
f 2510/120/1813 2516/116/1813 2518/118/1813 2511/121/1813
f 2519/118/1814 2513/121/1814 2515/120/1814 2520/116/1814
f 2514/123/1815 2512/122/1815 2511/125/1815 2515/124/1815
f 2498/127/1816 2510/126/1816 2512/129/1816 2499/128/1816
f 2513/129/1817 2502/128/1817 2501/127/1817 2514/126/1817
f 2504/115/1818 2516/113/1818 2510/130/1818 2498/131/1818
f 2500/132/1819 2503/133/1819 2509/124/1819 2505/125/1819
f 2512/134/1820 2514/135/1820 2501/136/1820 2499/137/1820
f 2519/113/1821 2507/115/1821 2502/131/1821 2513/130/1821
f 2506/137/1822 2508/136/1822 2521/135/1822 2517/134/1822
f 2518/125/1823 2520/124/1823 2515/133/1823 2511/132/1823
s 1
usemtl roofalpha
f 2467/107/1770 2468/108/1771 2469/109/1772
f 2467/107/1770 2469/109/1772 2470/110/1773
f 2471/111/1774 2467/107/1770 2470/110/1773
f 2471/111/1774 2470/110/1773 2472/112/1775
f 2470/110/1773 2473/113/1776 2472/112/1775
f 2470/110/1773 2474/114/1777 2473/113/1776
f 2469/109/1772 2474/114/1777 2470/110/1773
f 2469/109/1772 2475/115/1778 2474/114/1777
f 2476/107/1779 2477/108/1780 2478/109/1781
f 2476/107/1779 2478/109/1781 2479/110/1782
f 2480/111/1783 2476/107/1779 2479/110/1782
f 2480/111/1783 2479/110/1782 2481/112/1784
f 2479/110/1782 2482/113/1785 2481/112/1784
f 2479/110/1782 2483/114/1786 2482/113/1785
f 2478/109/1781 2483/114/1786 2479/110/1782
f 2478/109/1781 2484/115/1787 2483/114/1786
f 2485/107/1788 2486/108/1789 2487/109/1790
f 2485/107/1788 2487/109/1790 2488/110/1791
f 2489/111/1792 2485/107/1788 2488/110/1791
f 2489/111/1792 2488/110/1791 2490/112/1793
f 2488/110/1791 2491/113/1794 2490/112/1793
f 2488/110/1791 2492/114/1795 2491/113/1794
f 2487/109/1790 2492/114/1795 2488/110/1791
f 2487/109/1790 2493/115/1796 2492/114/1795
usemtl roof
f 2494/108/1797 2497/113/1797 2495/115/1797
f 2497/113/1797 2494/108/1797 2496/111/1797
