# Blender 4.5.10 LTS
# www.blender.org
mtllib kynda_furnace_skip.mtl
o kynda_furnace_skip
v 1.449601 0.396478 -0.400832
v 1.449911 0.397742 -0.401930
v 1.479850 0.390274 -0.400972
v 1.480739 0.521356 -0.401741
v 1.481058 0.522614 -0.400639
v 1.510678 0.513888 -0.400782
v 1.450041 0.396203 -0.293034
v 1.480290 0.389999 -0.293173
v 1.450360 0.397461 -0.291932
v 1.481498 0.522339 -0.292840
v 1.481187 0.521075 -0.291742
v 1.511118 0.513613 -0.292983
v -1.484010 1.128059 -0.386996
v -1.513630 1.136786 -0.386853
v -1.483699 1.129323 -0.388094
v -1.452553 1.254196 -0.386802
v -1.452872 1.252937 -0.387904
v -1.482802 1.260399 -0.386663
v -1.483570 1.127784 -0.279197
v -1.483250 1.129043 -0.278095
v -1.513190 1.136511 -0.279054
v -1.452113 1.253921 -0.279004
v -1.482362 1.260125 -0.278864
v -1.452423 1.252657 -0.277906
v 1.458058 0.418807 0.263960
v 1.458340 0.420078 0.262863
v 1.488392 0.413042 0.263545
v 1.487377 0.544125 0.263129
v 1.487687 0.545385 0.264231
v 1.517428 0.537089 0.263810
v 1.459430 0.418255 0.371750
v 1.489764 0.412490 0.371334
v 1.459740 0.419515 0.372853
v 1.489059 0.544833 0.372021
v 1.488777 0.543562 0.373118
v 1.518800 0.536537 0.371600
v -1.485602 1.107762 0.304957
v -1.515343 1.116058 0.305378
v -1.485319 1.109034 0.303860
v -1.455973 1.234340 0.305228
v -1.456283 1.233080 0.304126
v -1.486306 1.240105 0.305644
v -1.484230 1.107210 0.412747
v -1.483919 1.108470 0.413850
v -1.513971 1.115506 0.413168
v -1.454601 1.233788 0.413018
v -1.484934 1.239553 0.413434
v -1.454883 1.232517 0.414115
v 1.487267 -0.176584 -0.485464
v 1.491752 -0.158284 -0.517121
v 1.590414 -0.180944 -0.484300
v 1.620818 0.410028 -0.512726
v 1.624572 0.428003 -0.480788
v 1.719480 0.387368 -0.479906
v 1.475816 -0.181688 0.510857
v 1.578962 -0.186048 0.512021
v 1.479570 -0.163713 0.542795
v 1.613120 0.422899 0.515533
v 1.608636 0.404599 0.547190
v 1.708028 0.382264 0.516415
v -1.615584 0.528334 -0.517516
v -1.710492 0.568969 -0.518399
v -1.611100 0.546635 -0.549173
v -1.478280 1.132921 -0.512841
v -1.482034 1.114947 -0.544778
v -1.581426 1.137281 -0.514004
v -1.627036 0.523231 0.478805
v -1.623282 0.541205 0.510743
v -1.721944 0.563866 0.477923
v -1.489732 1.127818 0.483480
v -1.592878 1.132178 0.482317
v -1.494216 1.109517 0.515138
v 1.928999 -0.000447 -0.558218
v 1.928920 0.006423 -0.581398
v 1.949012 0.006315 -0.558277
v 1.929538 0.332821 -0.580416
v 1.929643 0.339551 -0.557196
v 1.949630 0.332713 -0.557296
v 1.933418 -0.003802 0.555368
v 1.953431 0.002960 0.555309
v 1.933523 0.002928 0.578588
v 1.934062 0.336195 0.556390
v 1.934141 0.329325 0.579569
v 1.954049 0.329358 0.556290
v 0.969008 0.001360 -0.554403
v 0.949022 0.008197 -0.554304
v 0.968929 0.008230 -0.577583
v 0.969652 0.341358 -0.553382
v 0.969548 0.334628 -0.576602
v 0.949640 0.334595 -0.553322
v 0.973427 -0.001996 0.559183
v 0.973532 0.004734 0.582403
v 0.953440 0.004842 0.559283
v 0.974071 0.338002 0.560205
v 0.954059 0.331240 0.560264
v 0.974150 0.331132 0.583384
v 1.094252 0.499949 -0.451904
v 1.094389 0.500888 -0.461099
v 1.095629 0.500545 -0.451911
v 1.114902 0.586669 -0.460661
v 1.115184 0.587479 -0.451457
v 1.116142 0.586325 -0.451473
v 1.101405 0.493628 0.449645
v 1.102781 0.494225 0.449638
v 1.101687 0.494439 0.458849
v 1.122337 0.581159 0.450093
v 1.122200 0.580219 0.459288
v 1.123294 0.580005 0.450077
v 0.979881 0.527294 -0.450805
v 0.978923 0.528448 -0.450790
v 0.980017 0.528233 -0.460000
v 1.000813 0.614824 -0.450358
v 1.000531 0.614014 -0.459562
v 0.999437 0.614228 -0.450351
v 0.987033 0.520973 0.450744
v 0.987316 0.521784 0.459948
v 0.986076 0.522128 0.450760
v 1.007965 0.608504 0.451192
v 1.006589 0.607908 0.451198
v 1.007829 0.607564 0.460387
v 0.491896 0.644051 -0.453241
v 0.492000 0.644982 -0.462437
v 0.493268 0.644658 -0.453252
v 0.511851 0.730919 -0.462141
v 0.512153 0.731741 -0.452938
v 0.513119 0.730594 -0.452956
v 0.501586 0.638705 0.448292
v 0.502958 0.639312 0.448280
v 0.501888 0.639528 0.457494
v 0.521842 0.726396 0.448594
v 0.521739 0.725464 0.457790
v 0.522809 0.725249 0.448577
v 0.377321 0.670513 -0.451852
v 0.376354 0.671660 -0.451835
v 0.377424 0.671444 -0.461048
v 0.397577 0.758203 -0.451550
v 0.397276 0.757381 -0.460752
v 0.396205 0.757596 -0.451539
v 0.387010 0.665168 0.449680
v 0.387312 0.665990 0.458882
v 0.386044 0.666314 0.449697
v 0.407267 0.752858 0.449982
v 0.405895 0.752251 0.449993
v 0.407163 0.751926 0.459178
v -0.098702 0.777702 -0.451437
v -0.098448 0.778466 -0.460646
v -0.097332 0.778314 -0.451437
v -0.078931 0.864474 -0.461591
v -0.078786 0.865466 -0.452402
v -0.077815 0.864322 -0.452382
v -0.104023 0.788817 0.450079
v -0.102653 0.789429 0.450079
v -0.103878 0.789808 0.459268
v -0.084107 0.876581 0.449114
v -0.084360 0.875817 0.458323
v -0.083136 0.875438 0.449134
v -0.213384 0.803715 -0.452435
v -0.214355 0.804858 -0.452455
v -0.213131 0.804479 -0.461644
v -0.193469 0.891479 -0.453399
v -0.193613 0.890488 -0.462589
v -0.194838 0.890867 -0.453400
v -0.218705 0.814830 0.449081
v -0.218560 0.815821 0.458270
v -0.219676 0.815973 0.449061
v -0.198790 0.902594 0.448116
v -0.200159 0.901982 0.448116
v -0.199043 0.901830 0.457325
v -0.696119 0.933932 -0.449699
v -0.695793 0.934916 -0.458884
v -0.694744 0.934530 -0.449674
v -0.675400 1.020717 -0.457604
v -0.675311 1.021483 -0.448392
v -0.674351 1.020330 -0.448394
v -0.707708 0.923235 0.451763
v -0.706333 0.923833 0.451788
v -0.707618 0.924002 0.460975
v -0.686900 1.010787 0.453070
v -0.687226 1.009802 0.462255
v -0.685940 1.009634 0.453068
v -0.810523 0.961139 -0.450847
v -0.811482 0.962293 -0.450845
v -0.810196 0.962124 -0.460032
v -0.789714 1.048691 -0.449540
v -0.789804 1.047925 -0.458752
v -0.791090 1.048093 -0.449565
v -0.822112 0.950443 0.450616
v -0.822022 0.951209 0.459827
v -0.823071 0.951596 0.450617
v -0.801303 1.037995 0.451922
v -0.802679 1.037397 0.451897
v -0.801630 1.037010 0.461107
v -1.332135 0.002149 -0.568829
v -1.332574 0.013191 -0.592534
v -1.323851 0.013254 -0.568915
v -1.339184 0.541148 -0.591505
v -1.339021 0.552105 -0.567758
v -1.330462 0.541211 -0.567886
v -1.317693 0.000111 0.570007
v -1.309409 0.011215 0.569921
v -1.317530 0.011067 0.593754
v -1.324579 0.550066 0.571078
v -1.324140 0.539025 0.594783
v -1.316020 0.539173 0.570950
v -1.736365 -0.002922 -0.563712
v -1.744925 0.007971 -0.563584
v -1.736804 0.008119 -0.587417
v -1.743251 0.547034 -0.562640
v -1.743415 0.536077 -0.586388
v -1.751535 0.535929 -0.562555
v -1.721923 -0.004961 0.575124
v -1.721760 0.005996 0.598871
v -1.730482 0.005933 0.575252
v -1.728809 0.544995 0.576196
v -1.737093 0.533890 0.576281
v -1.728370 0.533953 0.599900
v -1.378479 0.541156 -0.581107
v -1.378653 0.550950 -0.604974
v -1.370745 0.551060 -0.581289
v -1.372746 1.030895 -0.609183
v -1.372326 1.041099 -0.585491
v -1.364838 1.031005 -0.585498
v -1.364220 0.550989 0.560292
v -1.356486 0.560893 0.560110
v -1.363800 0.561193 0.583984
v -1.358067 1.050932 0.555908
v -1.357893 1.041138 0.579775
v -1.350579 1.040839 0.555902
v -1.743809 0.545692 -0.576583
v -1.751297 0.555785 -0.576576
v -1.743983 0.555486 -0.600450
v -1.737655 1.045635 -0.580967
v -1.738075 1.035431 -0.604658
v -1.745389 1.035731 -0.580785
v -1.729550 0.555525 0.564817
v -1.729130 0.565729 0.588509
v -1.737038 0.565619 0.564824
v -1.723396 1.055468 0.560433
v -1.731130 1.045564 0.560615
v -1.723222 1.045674 0.584300
v -1.334442 1.042793 -0.567553
v -1.334762 1.051690 -0.591809
v -1.326193 1.052050 -0.567756
v -1.337908 1.493245 -0.597294
v -1.337719 1.502746 -0.573267
v -1.329339 1.493605 -0.573241
v -1.322217 1.057275 0.591247
v -1.313968 1.066533 0.591045
v -1.322028 1.066776 0.615275
v -1.325494 1.517228 0.585534
v -1.325174 1.508331 0.609790
v -1.317114 1.508087 0.585559
v -1.733539 1.040002 -0.563308
v -1.741919 1.049143 -0.563333
v -1.733859 1.048900 -0.587563
v -1.736816 1.499955 -0.569021
v -1.737005 1.490454 -0.593049
v -1.745065 1.490698 -0.568819
v -1.721314 1.054484 0.595493
v -1.721125 1.063985 0.619520
v -1.729694 1.063625 0.595467
v -1.724591 1.514437 0.589779
v -1.732840 1.505180 0.589982
v -1.724271 1.505540 0.614035
v 0.866650 0.808106 -0.427433
v 0.866816 0.809109 -0.436031
v 0.876608 0.806756 -0.427515
v 0.889585 0.904427 -0.435872
v 0.889885 0.905370 -0.427270
v 0.899378 0.902074 -0.427356
v 0.873215 0.805133 0.415337
v 0.883173 0.803782 0.415254
v 0.873514 0.806075 0.423938
v 0.896449 0.902396 0.415499
v 0.896284 0.901393 0.424097
v 0.905943 0.899100 0.415413
v -0.086500 1.035784 -0.419205
v -0.095994 1.039080 -0.419120
v -0.086335 1.036788 -0.427803
v -0.063265 1.133048 -0.419043
v -0.063565 1.132105 -0.427644
v -0.073224 1.134398 -0.418961
v -0.079935 1.032811 0.423564
v -0.079636 1.033753 0.432165
v -0.089429 1.036107 0.423650
v -0.056701 1.130074 0.423726
v -0.066659 1.131425 0.423809
v -0.056866 1.129071 0.432324
v 0.883141 0.858243 -0.471281
v 0.884291 0.863111 -0.472165
v 0.894019 0.860824 -0.471191
v 0.996319 1.340131 -0.470592
v 0.997455 1.344997 -0.469676
v 1.006047 1.337843 -0.469618
v 0.882443 0.858116 -0.383084
v 0.893321 0.860697 -0.382994
v 0.883579 0.862982 -0.382168
v 0.996756 1.344870 -0.381479
v 0.995606 1.340001 -0.380595
v 1.005348 1.337716 -0.381421
v -0.070871 1.082315 -0.478514
v -0.079463 1.089469 -0.478572
v -0.069721 1.087184 -0.479398
v 0.043443 1.569070 -0.476909
v 0.042307 1.564203 -0.477825
v 0.032565 1.566488 -0.476999
v -0.071569 1.082188 -0.390317
v -0.070433 1.087054 -0.389401
v -0.080161 1.089342 -0.390375
v 0.042744 1.568943 -0.388712
v 0.031866 1.566362 -0.388802
v 0.041594 1.564074 -0.387828
v 0.878248 0.852480 0.375888
v 0.879456 0.857342 0.375043
v 0.889163 0.854900 0.375832
v 0.998578 1.332612 0.380343
v 0.999801 1.337450 0.381297
v 1.008285 1.330170 0.381132
v 0.878960 0.851319 0.464078
v 0.889875 0.853738 0.464022
v 0.880182 0.856156 0.465032
v 1.000513 1.336288 0.469486
v 0.999305 1.331427 0.470332
v 1.008997 1.329009 0.469322
v -0.072319 1.090611 0.386695
v -0.080803 1.097890 0.386860
v -0.071110 1.095472 0.385850
v 0.049235 1.575580 0.392104
v 0.048012 1.570743 0.391150
v 0.038319 1.573161 0.392160
v -0.071607 1.089449 0.474885
v -0.070384 1.094287 0.475839
v -0.080091 1.096729 0.475049
v 0.049946 1.574419 0.480293
v 0.039031 1.571999 0.480349
v 0.048738 1.569557 0.481139
v 0.905341 0.828028 -0.420260
v 0.906550 0.832873 -0.428864
v 0.907442 0.832654 -0.420266
v 1.026896 1.307864 -0.429261
v 1.028144 1.312713 -0.420665
v 1.027788 1.307645 -0.420663
v 0.907227 0.828254 0.422538
v 0.909328 0.832880 0.422532
v 0.908474 0.833103 0.431134
v 1.030030 1.312939 0.422133
v 1.028821 1.308094 0.430737
v 1.029674 1.307871 0.422135
v 0.819843 0.849691 -0.420075
v 0.820199 0.854758 -0.420077
v 0.821052 0.854535 -0.428679
v 0.942645 1.334375 -0.420479
v 0.941398 1.329526 -0.429075
v 0.940545 1.329750 -0.420473
v 0.821729 0.849916 0.422723
v 0.822976 0.854766 0.431319
v 0.822085 0.854984 0.422721
v 0.944531 1.334601 0.422318
v 0.942431 1.329975 0.422324
v 0.943323 1.329757 0.430923
v -0.023119 1.073764 -0.421113
v -0.022347 1.077096 -0.429705
v -0.021427 1.076847 -0.421111
v 0.057869 1.400495 -0.428930
v 0.058733 1.403763 -0.420322
v 0.058788 1.400246 -0.420336
v -0.018636 1.070632 0.421669
v -0.016944 1.073715 0.421671
v -0.017772 1.073900 0.430277
v 0.063216 1.400631 0.422460
v 0.062444 1.397299 0.431052
v 0.063271 1.397115 0.422446
v -0.108724 1.094996 -0.420579
v -0.108779 1.098512 -0.420566
v -0.107951 1.098328 -0.429171
v -0.026872 1.424995 -0.419788
v -0.027736 1.421727 -0.428396
v -0.028564 1.421912 -0.419791
v -0.104241 1.091864 0.422203
v -0.103376 1.095132 0.430811
v -0.104296 1.095381 0.422217
v -0.022388 1.421863 0.422994
v -0.024080 1.418780 0.422992
v -0.023161 1.418531 0.431586
v 0.819745 0.898961 -0.371045
v 0.822988 0.913525 -0.394496
v 0.849490 0.907274 -0.371363
v 0.932228 1.370651 -0.396116
v 0.935958 1.385265 -0.372769
v 0.958730 1.364399 -0.372983
v 0.827361 0.899739 0.362115
v 0.857106 0.908052 0.361797
v 0.831090 0.914353 0.385462
v 0.943574 1.386043 0.360391
v 0.940331 1.371479 0.383841
v 0.966347 1.365178 0.360176
v -0.003040 1.095613 -0.362707
v -0.025813 1.116478 -0.362493
v 0.000203 1.110177 -0.386157
v 0.113173 1.581917 -0.364431
v 0.109444 1.567303 -0.387778
v 0.083428 1.573604 -0.364113
v 0.004576 1.096392 0.370453
v 0.008306 1.111006 0.393800
v -0.018196 1.117257 0.370667
v 0.120790 1.582696 0.368729
v 0.091044 1.574383 0.369047
v 0.117546 1.568131 0.392180
v 0.630095 1.451351 -0.234956
v 0.629720 1.456264 -0.248711
v 0.645565 1.454082 -0.236077
v 0.650091 1.605278 -0.248526
v 0.651767 1.609876 -0.234759
v 0.665937 1.603096 -0.235892
v 0.662225 1.446423 0.196221
v 0.677695 1.449154 0.195099
v 0.663900 1.451021 0.209988
v 0.683897 1.604948 0.196418
v 0.684272 1.600035 0.210173
v 0.698066 1.598168 0.195284
v 0.165738 1.514789 -0.199628
v 0.151568 1.521569 -0.198495
v 0.165363 1.519702 -0.213383
v 0.187410 1.673314 -0.199431
v 0.185734 1.668716 -0.213198
v 0.171940 1.670583 -0.198310
v 0.197868 1.509861 0.231548
v 0.199543 1.514459 0.245315
v 0.183698 1.516641 0.232682
v 0.219540 1.668386 0.231745
v 0.204069 1.665655 0.232867
v 0.219915 1.663473 0.245500
v 0.641716 0.924889 -0.295000
v 0.650726 0.931649 -0.305000
v 0.632707 0.931649 -0.305000
v 0.641716 0.924889 -0.385000
v 0.632707 0.931649 -0.375000
v 0.650726 0.931649 -0.375000
v 0.548756 0.880122 -0.295000
v 0.549088 0.891381 -0.305000
v 0.537853 0.877293 -0.305000
v 0.548756 0.880122 -0.385000
v 0.537853 0.877293 -0.375000
v 0.549088 0.891381 -0.375000
v 0.525796 0.779530 -0.295000
v 0.517201 0.786810 -0.305000
v 0.521210 0.769242 -0.305000
v 0.525796 0.779530 -0.385000
v 0.521210 0.769242 -0.375000
v 0.517201 0.786810 -0.375000
v 0.590127 0.698862 -0.295000
v 0.579076 0.696680 -0.305000
v 0.595311 0.688862 -0.305000
v 0.590127 0.698862 -0.385000
v 0.595311 0.688862 -0.375000
v 0.579076 0.696680 -0.375000
v 0.693305 0.698862 -0.295000
v 0.688121 0.688862 -0.305000
v 0.704356 0.696680 -0.305000
v 0.693305 0.698862 -0.385000
v 0.704356 0.696680 -0.375000
v 0.688121 0.688862 -0.375000
v 0.757636 0.779530 -0.295000
v 0.762222 0.769242 -0.305000
v 0.766232 0.786810 -0.305000
v 0.757636 0.779530 -0.385000
v 0.766232 0.786810 -0.375000
v 0.762222 0.769242 -0.375000
v 0.734677 0.880122 -0.295000
v 0.745579 0.877293 -0.305000
v 0.734345 0.891381 -0.305000
v 0.734677 0.880122 -0.385000
v 0.734345 0.891381 -0.375000
v 0.745579 0.877293 -0.375000
v 0.641716 0.924889 0.385000
v 0.650726 0.931649 0.375000
v 0.632707 0.931649 0.375000
v 0.641716 0.924889 0.295000
v 0.632707 0.931649 0.305000
v 0.650726 0.931649 0.305000
v 0.548756 0.880122 0.385000
v 0.549088 0.891381 0.375000
v 0.537853 0.877293 0.375000
v 0.548756 0.880122 0.295000
v 0.537853 0.877293 0.305000
v 0.549088 0.891381 0.305000
v 0.525796 0.779530 0.385000
v 0.517201 0.786810 0.375000
v 0.521210 0.769242 0.375000
v 0.525796 0.779530 0.295000
v 0.521210 0.769242 0.305000
v 0.517201 0.786810 0.305000
v 0.590127 0.698862 0.385000
v 0.579076 0.696680 0.375000
v 0.595311 0.688862 0.375000
v 0.590127 0.698862 0.295000
v 0.595311 0.688862 0.305000
v 0.579076 0.696680 0.305000
v 0.693305 0.698862 0.385000
v 0.688121 0.688862 0.375000
v 0.704356 0.696680 0.375000
v 0.693305 0.698862 0.295000
v 0.704356 0.696680 0.305000
v 0.688121 0.688862 0.305000
v 0.757636 0.779530 0.385000
v 0.762222 0.769242 0.375000
v 0.766232 0.786810 0.375000
v 0.757636 0.779530 0.295000
v 0.766232 0.786810 0.305000
v 0.762222 0.769242 0.305000
v 0.734677 0.880122 0.385000
v 0.745579 0.877293 0.375000
v 0.734345 0.891381 0.375000
v 0.734677 0.880122 0.295000
v 0.734345 0.891381 0.305000
v 0.745579 0.877293 0.305000
v 0.058284 1.064913 -0.295000
v 0.067294 1.071673 -0.305000
v 0.049274 1.071673 -0.305000
v 0.058284 1.064913 -0.385000
v 0.049274 1.071673 -0.375000
v 0.067294 1.071673 -0.375000
v -0.034677 1.020145 -0.295000
v -0.034345 1.031404 -0.305000
v -0.045579 1.017316 -0.305000
v -0.034677 1.020145 -0.385000
v -0.045579 1.017316 -0.375000
v -0.034345 1.031404 -0.375000
v -0.057636 0.919554 -0.295000
v -0.066232 0.926833 -0.305000
v -0.062222 0.909266 -0.305000
v -0.057636 0.919554 -0.385000
v -0.062222 0.909266 -0.375000
v -0.066232 0.926833 -0.375000
v 0.006695 0.838886 -0.295000
v -0.004356 0.836704 -0.305000
v 0.011879 0.828886 -0.305000
v 0.006695 0.838886 -0.385000
v 0.011879 0.828886 -0.375000
v -0.004356 0.836704 -0.375000
v 0.109873 0.838886 -0.295000
v 0.104689 0.828886 -0.305000
v 0.120924 0.836704 -0.305000
v 0.109873 0.838886 -0.385000
v 0.120924 0.836704 -0.375000
v 0.104689 0.828886 -0.375000
v 0.174204 0.919554 -0.295000
v 0.178790 0.909266 -0.305000
v 0.182799 0.926833 -0.305000
v 0.174204 0.919554 -0.385000
v 0.182799 0.926833 -0.375000
v 0.178790 0.909266 -0.375000
v 0.151244 1.020145 -0.295000
v 0.162147 1.017316 -0.305000
v 0.150912 1.031404 -0.305000
v 0.151244 1.020145 -0.385000
v 0.150912 1.031404 -0.375000
v 0.162147 1.017316 -0.375000
v 0.058284 1.064913 0.385000
v 0.067294 1.071673 0.375000
v 0.049274 1.071673 0.375000
v 0.058284 1.064913 0.295000
v 0.049274 1.071673 0.305000
v 0.067294 1.071673 0.305000
v -0.034677 1.020145 0.385000
v -0.034345 1.031404 0.375000
v -0.045579 1.017316 0.375000
v -0.034677 1.020145 0.295000
v -0.045579 1.017316 0.305000
v -0.034345 1.031404 0.305000
v -0.057636 0.919554 0.385000
v -0.066232 0.926833 0.375000
v -0.062222 0.909266 0.375000
v -0.057636 0.919554 0.295000
v -0.062222 0.909266 0.305000
v -0.066232 0.926833 0.305000
v 0.006695 0.838886 0.385000
v -0.004356 0.836704 0.375000
v 0.011879 0.828886 0.375000
v 0.006695 0.838886 0.295000
v 0.011879 0.828886 0.305000
v -0.004356 0.836704 0.305000
v 0.109873 0.838886 0.385000
v 0.104689 0.828886 0.375000
v 0.120924 0.836704 0.375000
v 0.109873 0.838886 0.295000
v 0.120924 0.836704 0.305000
v 0.104689 0.828886 0.305000
v 0.174204 0.919554 0.385000
v 0.178790 0.909266 0.375000
v 0.182799 0.926833 0.375000
v 0.174204 0.919554 0.295000
v 0.182799 0.926833 0.305000
v 0.178790 0.909266 0.305000
v 0.151244 1.020145 0.385000
v 0.162147 1.017316 0.375000
v 0.150912 1.031404 0.375000
v 0.151244 1.020145 0.295000
v 0.150912 1.031404 0.305000
v 0.162147 1.017316 0.305000
v -0.032689 1.209793 -0.067387
v -0.032370 1.211161 -0.068782
v -0.031390 1.210922 -0.067388
v -0.000427 1.344590 -0.068323
v -0.000094 1.345945 -0.066918
v 0.000552 1.344351 -0.066929
v -0.032008 1.209158 0.069810
v -0.030710 1.210287 0.069808
v -0.031675 1.210513 0.071214
v 0.000586 1.345310 0.070278
v 0.000267 1.343942 0.071674
v 0.001233 1.343715 0.070268
v -0.127994 1.232607 -0.066809
v -0.128641 1.234202 -0.066798
v -0.127675 1.233975 -0.068204
v -0.095400 1.368759 -0.066340
v -0.095733 1.367404 -0.067745
v -0.096698 1.367630 -0.066339
v -0.127314 1.231972 0.070388
v -0.126981 1.233327 0.071793
v -0.127961 1.233566 0.070399
v -0.094719 1.368124 0.070857
v -0.096018 1.366995 0.070858
v -0.095038 1.366756 0.072252
v -1.455880 0.447642 -0.621192
v -1.455795 0.460627 -0.622722
v -1.454410 0.460634 -0.621308
v -1.448886 1.734544 -0.635492
v -1.448829 1.747557 -0.634223
v -1.447500 1.734551 -0.634078
v -1.457258 0.449024 -0.484005
v -1.455788 0.462016 -0.484122
v -1.457202 0.462038 -0.482736
v -1.450207 1.748940 -0.497036
v -1.450292 1.735955 -0.495506
v -1.448878 1.735933 -0.496892
v -1.593071 0.448372 -0.622577
v -1.594400 0.461379 -0.622722
v -1.592986 0.461357 -0.624107
v -1.586020 1.748288 -0.635608
v -1.586077 1.735274 -0.636878
v -1.587491 1.735296 -0.635492
v -1.594449 0.449755 -0.485391
v -1.594393 0.462768 -0.484122
v -1.595779 0.462761 -0.485536
v -1.587399 1.749670 -0.498422
v -1.588869 1.736679 -0.498306
v -1.587483 1.736685 -0.496892
v -1.445232 0.449218 0.500076
v -1.445346 0.462201 0.498532
v -1.443965 0.462231 0.499950
v -1.458341 1.736057 0.484434
v -1.458492 1.749071 0.485690
v -1.456960 1.736087 0.485852
v -1.447024 0.450718 0.637256
v -1.445757 0.463731 0.637130
v -1.447175 0.463732 0.638512
v -1.460285 1.750571 0.622870
v -1.460171 1.737587 0.624414
v -1.458752 1.737586 0.623032
v -1.582413 0.447799 0.498298
v -1.583945 0.460783 0.498136
v -1.582527 0.460782 0.496755
v -1.595673 1.747652 0.483913
v -1.595522 1.734638 0.482657
v -1.596940 1.734639 0.484039
v -1.584206 0.449299 0.635478
v -1.584357 0.462313 0.636734
v -1.585738 0.462283 0.635316
v -1.597466 1.749151 0.621093
v -1.598733 1.736138 0.621219
v -1.597352 1.736168 0.622637
v -1.453458 1.713727 -0.684138
v -1.453531 1.714753 -0.698152
v -1.452068 1.714938 -0.684160
v -1.454515 1.832340 -0.699602
v -1.454462 1.833714 -0.685618
v -1.453052 1.832525 -0.685609
v -1.447274 1.730695 0.687743
v -1.445884 1.731906 0.687722
v -1.447221 1.732068 0.701727
v -1.448278 1.850682 0.686263
v -1.448205 1.849655 0.700277
v -1.446868 1.849493 0.686272
v -1.590651 1.712586 -0.683506
v -1.592061 1.713774 -0.683514
v -1.590724 1.713613 -0.697519
v -1.591656 1.832572 -0.684985
v -1.591709 1.831199 -0.698969
v -1.593046 1.831361 -0.684964
v -1.584467 1.729554 0.688375
v -1.584414 1.730927 0.702359
v -1.585877 1.730742 0.688367
v -1.585472 1.849540 0.686896
v -1.586862 1.848329 0.686917
v -1.585399 1.848514 0.700909
v -1.520000 2.039358 0.650000
v -1.520000 2.050000 0.640000
v -1.520000 2.039358 -0.650000
v -1.520000 2.050000 -0.640000
v -1.622433 2.002075 0.650000
v -1.629274 2.010227 0.640000
v -1.622433 2.002075 -0.650000
v -1.629274 2.010227 -0.640000
v -1.676937 1.907672 0.650000
v -1.687417 1.909520 0.640000
v -1.676937 1.907672 -0.650000
v -1.687417 1.909520 -0.640000
v -1.658008 1.800321 0.650000
v -1.667224 1.795000 0.640000
v -1.658008 1.800321 -0.650000
v -1.667224 1.795000 -0.640000
v -1.574504 1.730252 0.650000
v -1.578143 1.720252 0.640000
v -1.574504 1.730252 -0.650000
v -1.578143 1.720252 -0.640000
v -1.465496 1.730252 0.650000
v -1.461857 1.720252 0.640000
v -1.465496 1.730252 -0.650000
v -1.461857 1.720252 -0.640000
v -1.381992 1.800321 0.650000
v -1.372776 1.795000 0.640000
v -1.381992 1.800321 -0.650000
v -1.372776 1.795000 -0.640000
v -1.363063 1.907672 0.650000
v -1.352583 1.909520 0.640000
v -1.363063 1.907672 -0.650000
v -1.352583 1.909520 -0.640000
v -1.417567 2.002075 0.650000
v -1.410726 2.010227 0.640000
v -1.417567 2.002075 -0.650000
v -1.410726 2.010227 -0.640000
v -0.081040 1.270869 -0.017326
v -0.080935 1.271147 -0.017629
v -0.072611 1.268102 -0.017228
v -0.063945 1.317531 -0.018083
v -0.063844 1.317816 -0.017786
v -0.055621 1.314486 -0.017683
v -0.081410 1.271488 0.032069
v -0.072981 1.268721 0.032166
v -0.081309 1.271773 0.032366
v -0.064214 1.318435 0.031609
v -0.064319 1.318158 0.031912
v -0.055991 1.315105 0.031712
v -1.451997 1.772862 -0.033889
v -1.460219 1.776192 -0.033992
v -1.451891 1.773140 -0.034192
v -1.434800 1.819810 -0.034349
v -1.434901 1.819524 -0.034646
v -1.443229 1.822577 -0.034446
v -1.452367 1.773481 0.015506
v -1.452266 1.773767 0.015803
v -1.460589 1.776812 0.015403
v -1.435170 1.820429 0.015046
v -1.443599 1.823196 0.014948
v -1.435276 1.820151 0.015349
vn -0.1330 -0.6311 -0.7642
vn 0.1795 0.6219 -0.7623
vn -0.1267 -0.6351 0.7620
vn 0.1858 0.6180 0.7639
vn -0.1858 -0.6180 -0.7639
vn 0.1267 0.6350 -0.7620
vn -0.1795 -0.6219 0.7623
vn 0.1330 0.6312 0.7642
vn -0.2009 -0.9796 -0.0017
vn 0.0305 -0.0061 -0.9995
vn 0.2826 0.9592 0.0013
vn 0.0387 -0.0112 0.9992
vn -0.1532 -0.6287 0.7624
vn 0.1594 0.6248 0.7643
vn -0.0305 0.0061 0.9995
vn -0.2826 -0.9592 -0.0013
vn 0.2009 0.9796 0.0017
vn -0.0387 0.0112 -0.9992
vn -0.1594 -0.6248 -0.7644
vn 0.1532 0.6286 -0.7625
vn -0.2420 -0.9703 -0.0015
vn 0.9703 -0.2420 -0.0046
vn -0.0041 0.0025 -1.0000
vn 0.2420 0.9703 0.0015
vn 0.0041 -0.0026 1.0000
vn -0.9703 0.2420 0.0046
vn -0.1304 -0.6310 -0.7647
vn 0.1639 0.6264 -0.7621
vn -0.1110 -0.6388 0.7613
vn 0.1834 0.6186 0.7640
vn -0.1834 -0.6186 -0.7640
vn 0.1110 0.6388 -0.7613
vn -0.1639 -0.6264 0.7621
vn 0.1304 0.6310 0.7647
vn -0.1867 -0.9824 -0.0027
vn 0.0220 -0.0030 -0.9998
vn 0.2687 0.9632 0.0015
vn 0.0474 -0.0132 0.9988
vn -0.1375 -0.6328 0.7620
vn 0.1569 0.6250 0.7647
vn -0.0220 0.0030 0.9998
vn -0.2687 -0.9632 -0.0015
vn 0.1867 0.9824 0.0027
vn -0.0474 0.0132 -0.9988
vn -0.1569 -0.6250 -0.7647
vn 0.1375 0.6328 -0.7620
vn -0.2279 -0.9737 -0.0021
vn 0.9736 -0.2279 -0.0136
vn -0.0127 0.0051 -0.9999
vn 0.2279 0.9737 0.0021
vn 0.0127 -0.0051 0.9999
vn -0.9736 0.2279 0.0136
vn -0.0308 -0.8634 -0.5035
vn 0.3468 0.7994 -0.4906
vn -0.0423 -0.8686 0.4938
vn 0.3353 0.7943 0.5067
vn -0.3354 -0.7943 -0.5067
vn 0.0423 0.8686 -0.4938
vn -0.3468 -0.7994 0.4906
vn 0.0308 0.8634 0.5035
vn -0.0422 -0.9991 -0.0056
vn 0.3023 -0.0613 -0.9512
vn 0.3935 0.9193 0.0092
vn 0.2804 -0.0711 0.9572
vn -0.1970 -0.8443 0.4983
vn 0.1854 0.8391 0.5114
vn -0.3023 0.0613 0.9512
vn -0.3935 -0.9193 -0.0092
vn 0.0422 0.9991 0.0056
vn -0.2804 0.0711 -0.9572
vn -0.1854 -0.8391 -0.5114
vn 0.1970 0.8443 -0.4983
vn -0.2215 -0.9751 -0.0075
vn 0.9751 -0.2215 0.0101
vn 0.0115 0.0051 -0.9999
vn 0.2215 0.9751 0.0075
vn -0.0115 -0.0051 0.9999
vn -0.9751 0.2215 -0.0101
vn 0.3074 -0.9121 -0.2714
vn 0.3108 0.9125 -0.2659
vn 0.3095 -0.9137 0.2634
vn 0.3130 0.9109 0.2689
vn -0.3130 -0.9109 -0.2689
vn -0.3095 0.9137 -0.2634
vn -0.3108 -0.9125 0.2659
vn -0.3074 0.9121 0.2714
vn 0.3201 -0.9474 -0.0041
vn 0.7548 0.0005 -0.6559
vn 0.3237 0.9462 0.0016
vn 0.7600 -0.0034 0.6499
vn -0.0007 -0.9605 0.2784
vn 0.0029 0.9588 0.2841
vn -0.7548 -0.0005 0.6559
vn -0.3237 -0.9462 -0.0016
vn -0.3201 0.9474 0.0041
vn -0.7600 0.0034 -0.6499
vn -0.0029 -0.9588 -0.2842
vn 0.0007 0.9605 -0.2784
vn -0.0019 -1.0000 -0.0030
vn 1.0000 -0.0019 -0.0040
vn -0.0040 0.0030 -1.0000
vn 0.0019 1.0000 0.0030
vn 0.0040 -0.0030 1.0000
vn -1.0000 0.0019 0.0040
vn 0.3957 -0.9142 -0.0876
vn 0.7666 0.6372 -0.0797
vn 0.3969 -0.9153 0.0685
vn 0.7678 0.6361 0.0764
vn -0.7678 -0.6361 -0.0764
vn -0.3969 0.9153 -0.0685
vn -0.7666 -0.6372 0.0796
vn -0.3957 0.9142 0.0876
vn 0.3975 -0.9176 -0.0096
vn 0.9633 -0.2297 -0.1386
vn 0.7696 0.6386 -0.0016
vn 0.9654 -0.2315 0.1201
vn -0.2307 -0.9686 0.0924
vn 0.2322 0.9673 0.1023
vn -0.9634 0.2297 0.1386
vn -0.7696 -0.6385 0.0016
vn -0.3975 0.9176 0.0096
vn -0.9654 0.2315 -0.1201
vn -0.2322 -0.9673 -0.1023
vn 0.2307 0.9686 -0.0924
vn -0.2326 -0.9726 -0.0050
vn 0.9725 -0.2325 -0.0093
vn -0.0079 0.0070 -0.9999
vn 0.2326 0.9726 0.0050
vn 0.0079 -0.0070 0.9999
vn -0.9725 0.2325 0.0093
vn 0.4025 -0.9112 -0.0878
vn 0.7615 0.6429 -0.0824
vn 0.4042 -0.9121 0.0683
vn 0.7632 0.6420 0.0736
vn -0.7632 -0.6420 -0.0736
vn -0.4042 0.9121 -0.0683
vn -0.7615 -0.6429 0.0824
vn -0.4024 0.9113 0.0878
vn 0.4045 -0.9145 -0.0098
vn 0.9647 -0.2224 -0.1410
vn 0.7646 0.6445 -0.0044
vn 0.9675 -0.2239 0.1176
vn -0.2230 -0.9703 0.0940
vn 0.2250 0.9691 0.1007
vn -0.9647 0.2224 0.1410
vn -0.7646 -0.6445 0.0044
vn -0.4045 0.9145 0.0098
vn -0.9675 0.2239 -0.1176
vn -0.2250 -0.9691 -0.1007
vn 0.2230 0.9703 -0.0940
vn -0.2251 -0.9743 -0.0034
vn 0.9743 -0.2250 -0.0118
vn -0.0107 0.0059 -0.9999
vn 0.2251 0.9743 0.0034
vn 0.0107 -0.0059 0.9999
vn -0.9743 0.2250 0.0118
vn 0.4073 -0.9110 -0.0644
vn 0.7603 0.6445 -0.0815
vn 0.4063 -0.9091 0.0916
vn 0.7594 0.6464 0.0745
vn -0.7594 -0.6463 -0.0745
vn -0.4065 0.9090 -0.0916
vn -0.7602 -0.6445 0.0815
vn -0.4073 0.9110 0.0644
vn 0.4081 -0.9128 0.0137
vn 0.9678 -0.2209 -0.1209
vn 0.7621 0.6474 -0.0035
vn 0.9662 -0.2177 0.1377
vn -0.2208 -0.9693 0.1080
vn 0.2197 0.9717 0.0867
vn -0.9678 0.2209 0.1209
vn -0.7621 -0.6475 0.0035
vn -0.4082 0.9128 -0.0137
vn -0.9662 0.2177 -0.1377
vn -0.2197 -0.9717 -0.0867
vn 0.2208 0.9693 -0.1080
vn -0.2213 -0.9752 0.0107
vn 0.9752 -0.2212 0.0085
vn 0.0059 -0.0123 -0.9999
vn 0.2213 0.9752 -0.0107
vn -0.0059 0.0123 0.9999
vn -0.9752 0.2212 -0.0085
vn 0.3985 -0.9134 -0.0838
vn 0.7673 0.6384 -0.0606
vn 0.3965 -0.9152 0.0723
vn 0.7652 0.6366 0.0955
vn -0.7653 -0.6366 -0.0954
vn -0.3965 0.9152 -0.0723
vn -0.7673 -0.6384 0.0606
vn -0.3985 0.9134 0.0837
vn 0.3988 -0.9170 -0.0058
vn 0.9663 -0.2279 -0.1196
vn 0.7687 0.6394 0.0175
vn 0.9630 -0.2309 0.1390
vn -0.2314 -0.9693 0.0829
vn 0.2289 0.9670 0.1118
vn -0.9663 0.2279 0.1196
vn -0.7686 -0.6394 -0.0175
vn -0.3987 0.9171 0.0058
vn -0.9630 0.2309 -0.1390
vn -0.2289 -0.9670 -0.1118
vn 0.2314 0.9693 -0.0829
vn -0.2312 -0.9728 -0.0145
vn 0.9728 -0.2314 0.0098
vn 0.0129 0.0119 -0.9998
vn 0.2312 0.9728 0.0145
vn -0.0129 -0.0119 0.9998
vn -0.9728 0.2314 -0.0098
vn 0.7680 -0.5750 -0.2821
vn 0.7533 0.5952 -0.2798
vn 0.7748 -0.5760 0.2604
vn 0.7602 0.5942 0.2627
vn -0.7602 -0.5942 -0.2627
vn -0.7748 0.5760 -0.2604
vn -0.7533 -0.5952 0.2798
vn -0.7680 0.5750 0.2821
vn 0.8015 -0.5979 -0.0112
vn 0.9380 0.0124 -0.3464
vn 0.7862 0.6179 -0.0089
vn 0.9465 0.0112 0.3226
vn 0.0167 -0.9079 0.4188
vn -0.0060 0.9064 0.4223
vn -0.9380 -0.0124 0.3464
vn -0.7862 -0.6179 0.0089
vn -0.8015 0.5979 0.0112
vn -0.9465 -0.0112 -0.3226
vn 0.0060 -0.9064 -0.4223
vn -0.0167 0.9079 -0.4188
vn 0.0125 -0.9999 -0.0019
vn 0.9998 0.0125 -0.0127
vn -0.0127 0.0018 -0.9999
vn -0.0125 0.9999 0.0019
vn 0.0127 -0.0018 0.9999
vn -0.9998 -0.0125 0.0127
vn 0.7606 -0.5986 -0.2512
vn 0.7751 0.5752 -0.2615
vn 0.7668 -0.5943 0.2424
vn 0.7813 0.5794 0.2321
vn -0.7813 -0.5794 -0.2321
vn -0.7668 0.5943 -0.2424
vn -0.7751 -0.5752 0.2615
vn -0.7606 0.5986 0.2512
vn 0.7881 -0.6155 -0.0045
vn 0.9484 -0.0145 -0.3166
vn 0.8030 0.5958 -0.0152
vn 0.9561 -0.0092 0.2930
vn -0.0065 -0.9184 0.3957
vn 0.0162 0.9251 0.3795
vn -0.9485 0.0145 0.3166
vn -0.8030 -0.5957 0.0152
vn -0.7881 0.6155 0.0045
vn -0.9561 0.0092 -0.2930
vn -0.0162 -0.9251 -0.3795
vn 0.0065 0.9184 -0.3957
vn -0.0123 -0.9999 0.0088
vn 0.9998 -0.0124 -0.0124
vn -0.0125 -0.0086 -0.9999
vn 0.0123 0.9999 -0.0088
vn 0.0125 0.0086 0.9999
vn -0.9998 0.0124 0.0124
vn 0.7207 -0.6477 -0.2471
vn 0.7115 0.6515 -0.2632
vn 0.7260 -0.6415 0.2479
vn 0.7167 0.6577 0.2318
vn -0.7167 -0.6577 -0.2318
vn -0.7260 0.6415 -0.2479
vn -0.7115 -0.6515 0.2632
vn -0.7207 0.6477 0.2471
vn 0.7466 -0.6653 0.0004
vn 0.9420 0.0025 -0.3356
vn 0.7371 0.6756 -0.0162
vn 0.9489 0.0107 0.3155
vn 0.0104 -0.9299 0.3676
vn -0.0029 0.9388 0.3444
vn -0.9420 -0.0025 0.3356
vn -0.7370 -0.6757 0.0162
vn -0.7466 0.6653 -0.0004
vn -0.9489 -0.0107 -0.3155
vn 0.0029 -0.9388 -0.3444
vn -0.0104 0.9299 -0.3676
vn 0.0071 -0.9999 0.0124
vn 0.9999 0.0070 -0.0106
vn -0.0105 -0.0125 -0.9999
vn -0.0071 0.9999 -0.0124
vn 0.0105 0.0125 0.9999
vn -0.9999 -0.0070 0.0106
vn -0.1344 -0.9839 -0.1174
vn 0.3249 0.9388 -0.1142
vn -0.1326 -0.9848 0.1125
vn 0.3267 0.9380 0.1157
vn -0.3267 -0.9380 -0.1157
vn 0.1327 0.9848 -0.1125
vn -0.3249 -0.9388 0.1141
vn 0.1344 0.9840 0.1174
vn -0.1344 -0.9909 -0.0024
vn 0.6283 -0.1488 -0.7636
vn 0.3280 0.9447 0.0008
vn 0.6401 -0.1542 0.7527
vn -0.2299 -0.9665 0.1139
vn 0.2317 0.9657 0.1171
vn -0.6283 0.1488 0.7636
vn -0.3280 -0.9447 -0.0008
vn 0.1344 0.9909 0.0024
vn -0.6401 0.1542 -0.7527
vn -0.2317 -0.9657 -0.1171
vn 0.2299 0.9665 -0.1139
vn -0.2323 -0.9726 -0.0016
vn 0.9726 -0.2323 -0.0084
vn -0.0078 0.0035 -1.0000
vn 0.2323 0.9726 0.0016
vn 0.0078 -0.0035 1.0000
vn -0.9726 0.2323 0.0084
vn 0.0533 -0.1906 -0.9802
vn 0.1340 0.1530 -0.9791
vn 0.0378 -0.1934 0.9804
vn 0.1185 0.1502 0.9815
vn -0.1185 -0.1502 -0.9815
vn -0.0378 0.1934 -0.9804
vn -0.1340 -0.1530 0.9791
vn -0.0533 0.1906 0.9802
vn 0.2309 -0.9730 0.0004
vn 0.0951 -0.0191 -0.9953
vn 0.6398 0.7685 0.0062
vn 0.0794 -0.0219 0.9966
vn -0.0483 -0.1739 0.9836
vn 0.0327 0.1710 0.9847
vn -0.0951 0.0191 0.9953
vn -0.6398 -0.7685 -0.0062
vn -0.2309 0.9730 -0.0004
vn -0.0794 0.0219 -0.9966
vn -0.0327 -0.1710 -0.9847
vn 0.0483 0.1739 -0.9836
vn -0.2286 -0.9735 -0.0032
vn 0.9735 -0.2286 0.0074
vn 0.0079 0.0014 -1.0000
vn 0.2286 0.9735 0.0032
vn -0.0079 -0.0014 1.0000
vn -0.9735 0.2286 -0.0074
vn 0.0348 -0.1797 -0.9831
vn 0.1206 0.1626 -0.9793
vn 0.0506 -0.2055 0.9773
vn 0.1364 0.1368 0.9812
vn -0.1364 -0.1368 -0.9812
vn -0.0506 0.2055 -0.9773
vn -0.1206 -0.1626 0.9793
vn -0.0348 0.1797 0.9831
vn 0.2164 -0.9762 -0.0146
vn 0.0789 -0.0087 -0.9968
vn 0.6512 0.7589 0.0047
vn 0.0950 -0.0349 0.9949
vn -0.0351 -0.1848 0.9821
vn 0.0510 0.1589 0.9860
vn -0.0789 0.0087 0.9968
vn -0.6512 -0.7589 -0.0047
vn -0.2163 0.9762 0.0146
vn -0.0950 0.0349 -0.9949
vn -0.0510 -0.1589 -0.9860
vn 0.0351 0.1848 -0.9821
vn -0.2431 -0.9699 -0.0108
vn 0.9700 -0.2430 -0.0110
vn -0.0081 0.0132 -0.9999
vn 0.2431 0.9699 0.0108
vn 0.0081 -0.0132 0.9999
vn -0.9700 0.2430 0.0110
vn 0.9055 -0.4113 -0.1044
vn 0.9921 -0.0697 -0.1047
vn 0.9060 -0.4112 0.1005
vn 0.9925 -0.0696 0.1003
vn -0.9925 0.0696 -0.1003
vn -0.9060 0.4112 -0.1005
vn -0.9921 0.0697 0.1047
vn -0.9055 0.4113 0.1044
vn 0.9105 -0.4134 -0.0019
vn 0.9639 -0.2443 -0.1062
vn 0.9975 -0.0700 -0.0022
vn 0.9643 -0.2442 0.1020
vn -0.2112 -0.8379 0.5033
vn 0.2135 0.8382 0.5019
vn -0.9639 0.2443 0.1062
vn -0.9975 0.0700 0.0022
vn -0.9105 0.4134 0.0019
vn -0.9643 0.2442 -0.1020
vn -0.2134 -0.8382 -0.5019
vn 0.2112 0.8379 -0.5033
vn -0.2456 -0.9694 0.0008
vn 0.9694 -0.2456 -0.0021
vn -0.0022 -0.0003 -1.0000
vn 0.2456 0.9694 -0.0008
vn 0.0022 0.0003 1.0000
vn -0.9694 0.2456 0.0021
vn 0.8717 -0.4783 -0.1071
vn 0.9943 0.0160 -0.1059
vn 0.8727 -0.4790 0.0942
vn 0.9953 0.0152 0.0954
vn -0.9953 -0.0152 -0.0954
vn -0.8727 0.4790 -0.0942
vn -0.9942 -0.0160 0.1059
vn -0.8717 0.4782 0.1071
vn 0.8767 -0.4811 -0.0065
vn 0.9647 -0.2390 -0.1101
vn 0.9999 0.0157 -0.0053
vn 0.9659 -0.2398 0.0981
vn -0.2219 -0.9040 0.3655
vn 0.2258 0.9012 0.3698
vn -0.9647 0.2390 0.1101
vn -0.9999 -0.0157 0.0053
vn -0.8766 0.4811 0.0065
vn -0.9659 0.2398 -0.0981
vn -0.2258 -0.9012 -0.3698
vn 0.2219 0.9040 -0.3655
vn -0.2407 -0.9706 -0.0023
vn 0.9706 -0.2407 -0.0061
vn -0.0053 0.0037 -1.0000
vn 0.2407 0.9706 0.0023
vn 0.0053 -0.0037 1.0000
vn -0.9706 0.2407 0.0061
vn 0.2297 -0.8407 -0.4904
vn 0.5842 0.6427 -0.4956
vn 0.2399 -0.8397 0.4873
vn 0.5944 0.6437 0.4820
vn -0.5944 -0.6437 -0.4820
vn -0.2399 0.8397 -0.4873
vn -0.5842 -0.6427 0.4956
vn -0.2297 0.8407 0.4904
vn 0.2691 -0.9631 -0.0018
vn 0.6291 -0.1530 -0.7621
vn 0.6755 0.7373 -0.0078
vn 0.6448 -0.1514 0.7492
vn -0.1901 -0.8182 0.5425
vn 0.2013 0.8194 0.5367
vn -0.6291 0.1530 0.7621
vn -0.6755 -0.7373 0.0078
vn -0.2691 0.9631 0.0018
vn -0.6448 0.1514 -0.7492
vn -0.2013 -0.8194 -0.5367
vn 0.1901 0.8182 -0.5425
vn -0.2324 -0.9726 0.0034
vn 0.9726 -0.2324 -0.0099
vn -0.0104 -0.0011 -0.9999
vn 0.2324 0.9726 -0.0034
vn 0.0104 0.0011 0.9999
vn -0.9726 0.2324 0.0099
vn 0.1400 -0.9312 -0.3364
vn 0.3850 0.8603 -0.3342
vn 0.1868 -0.9384 0.2907
vn 0.4317 0.8531 0.2930
vn -0.4317 -0.8531 -0.2929
vn -0.1868 0.9384 -0.2907
vn -0.3849 -0.8603 0.3342
vn -0.1400 0.9312 0.3364
vn 0.1721 -0.9848 -0.0241
vn 0.6142 -0.0830 -0.7847
vn 0.4301 0.9025 -0.0217
vn 0.7236 -0.0998 0.6830
vn -0.1035 -0.9395 0.3264
vn 0.1523 0.9320 0.3288
vn -0.6142 0.0830 0.7847
vn -0.4301 -0.9025 0.0217
vn -0.1721 0.9848 0.0241
vn -0.7236 0.0998 -0.6830
vn -0.1523 -0.9320 -0.3288
vn 0.1035 0.9395 -0.3264
vn -0.1354 -0.9908 -0.0012
vn 0.9880 -0.1350 -0.0752
vn -0.0743 0.0114 -0.9972
vn 0.1354 0.9908 0.0012
vn 0.0743 -0.0114 0.9972
vn -0.9880 0.1350 0.0752
vn -0.0000 0.8284 0.5601
vn -0.0000 0.8284 -0.5601
vn -0.6477 0.5165 0.5601
vn -0.6477 0.5165 -0.5601
vn -0.8077 -0.1843 0.5601
vn -0.8077 -0.1843 -0.5601
vn -0.3595 -0.7464 0.5601
vn -0.3595 -0.7464 -0.5601
vn 0.3595 -0.7464 0.5601
vn 0.3595 -0.7464 -0.5601
vn 0.8077 -0.1843 0.5601
vn 0.8077 -0.1843 -0.5601
vn 0.6477 0.5165 0.5601
vn 0.6477 0.5165 -0.5601
vn -0.3068 0.6371 0.7071
vn -0.3068 0.6371 -0.7071
vn -0.0000 1.0000 -0.0000
vn -0.7818 0.6235 -0.0000
vn -0.6894 0.1573 0.7071
vn -0.6894 0.1573 -0.7071
vn -0.9749 -0.2225 -0.0000
vn -0.5528 -0.4409 0.7071
vn -0.5528 -0.4409 -0.7071
vn -0.4339 -0.9010 -0.0000
vn -0.0000 -0.7071 0.7071
vn -0.0000 -0.7071 -0.7071
vn 0.4339 -0.9010 -0.0000
vn 0.5528 -0.4409 0.7071
vn 0.5528 -0.4409 -0.7071
vn 0.9749 -0.2225 -0.0000
vn 0.6894 0.1573 0.7071
vn 0.6894 0.1573 -0.7071
vn 0.7818 0.6235 -0.0000
vn 0.3068 0.6371 0.7071
vn 0.3068 0.6371 -0.7071
vn -0.0000 -0.0000 1.0000
vn -0.4339 0.9010 -0.0000
vn 0.4339 0.9010 -0.0000
vn -0.0000 -0.0000 -1.0000
vn -0.9749 0.2225 -0.0000
vn -0.7818 -0.6235 -0.0000
vn -0.0000 -1.0000 -0.0000
vn 0.7818 -0.6235 -0.0000
vn 0.9749 0.2225 -0.0000
vn -0.3594 -0.7464 0.5601
vn 0.3594 -0.7464 0.5601
vn -0.0000 0.8285 0.5601
vn -0.0000 0.8285 -0.5601
vn -0.3594 -0.7464 -0.5601
vn 0.3594 -0.7464 -0.5601
vn 0.8077 -0.1844 0.5601
vn 0.5647 -0.6502 -0.5083
vn 0.7986 0.3273 -0.5050
vn 0.5698 -0.6548 0.4966
vn 0.8037 0.3226 0.5001
vn -0.8037 -0.3226 -0.5001
vn -0.5698 0.6547 -0.4966
vn -0.7986 -0.3273 0.5050
vn -0.5646 0.6502 0.5084
vn 0.6560 -0.7547 -0.0067
vn 0.7885 -0.1867 -0.5860
vn 0.9267 0.3758 -0.0029
vn 0.7942 -0.1921 0.5764
vn -0.1611 -0.6909 0.7047
vn 0.1681 0.6844 0.7095
vn -0.7885 0.1867 0.5860
vn -0.9267 -0.3758 0.0029
vn -0.6560 0.7547 0.0067
vn -0.7943 0.1921 -0.5764
vn -0.1681 -0.6844 -0.7095
vn 0.1611 0.6909 -0.7047
vn -0.2328 -0.9725 -0.0033
vn 0.9725 -0.2328 -0.0059
vn -0.0050 0.0046 -1.0000
vn 0.2328 0.9725 0.0033
vn 0.0050 -0.0046 1.0000
vn -0.9725 0.2328 0.0059
vn 0.7117 -0.0868 -0.6971
vn 0.7124 0.0651 -0.6987
vn 0.6975 -0.0726 0.7129
vn 0.6984 0.0793 0.7113
vn -0.6984 -0.0793 -0.7113
vn -0.6976 0.0726 -0.7128
vn -0.7125 -0.0651 0.6986
vn -0.7116 0.0868 0.6972
vn 0.9936 -0.1124 0.0111
vn 0.7141 -0.0109 -0.7000
vn 0.9948 0.1018 0.0090
vn 0.6999 0.0034 0.7142
vn -0.0106 -0.0971 0.9952
vn -0.0094 0.1171 0.9931
vn -0.7142 0.0109 0.6999
vn -0.9948 -0.1018 -0.0090
vn -0.9936 0.1124 -0.0111
vn -0.7000 -0.0034 -0.7141
vn 0.0094 -0.1171 -0.9931
vn 0.0106 0.0970 -0.9952
vn -0.0054 -0.9999 0.0100
vn 0.9999 -0.0053 0.0101
vn 0.0100 -0.0101 -0.9999
vn 0.0054 0.9999 -0.0100
vn -0.0100 0.0101 0.9999
vn -0.9999 0.0053 -0.0101
vn 0.7150 -0.0763 -0.6950
vn 0.7134 0.0755 -0.6967
vn 0.6965 -0.0609 0.7149
vn 0.6950 0.0909 0.7133
vn -0.6949 -0.0909 -0.7133
vn -0.6966 0.0609 -0.7149
vn -0.7134 -0.0755 0.6967
vn -0.7150 0.0763 0.6950
vn 0.9952 -0.0968 0.0141
vn 0.7162 -0.0004 -0.6979
vn 0.9930 0.1173 0.0117
vn 0.6978 0.0150 0.7161
vn -0.0119 -0.0962 0.9953
vn -0.0141 0.1179 0.9929
vn -0.7162 0.0004 0.6979
vn -0.9930 -0.1173 -0.0117
vn -0.9952 0.0968 -0.0141
vn -0.6977 -0.0150 -0.7162
vn 0.0141 -0.1179 -0.9929
vn 0.0119 0.0962 -0.9953
vn 0.0102 -0.9999 0.0111
vn 0.9999 0.0103 0.0130
vn 0.0131 -0.0109 -0.9999
vn -0.0102 0.9999 -0.0111
vn -0.0131 0.0109 0.9999
vn -0.9999 -0.0103 -0.0130
vn 0.6555 -0.7529 -0.0586
vn 0.6427 0.7622 -0.0773
vn 0.6560 -0.7514 0.0713
vn 0.6434 0.7637 0.0526
vn -0.6433 -0.7638 -0.0526
vn -0.6561 0.7513 -0.0713
vn -0.6427 -0.7622 0.0773
vn -0.6554 0.7530 0.0586
vn 0.6571 -0.7538 0.0064
vn 0.9945 0.0070 -0.1041
vn 0.6444 0.7646 -0.0124
vn 0.9954 0.0095 0.0949
vn 0.0087 -0.9952 0.0977
vn -0.0080 0.9973 0.0731
vn -0.9945 -0.0070 0.1041
vn -0.6443 -0.7647 0.0124
vn -0.6571 0.7538 -0.0064
vn -0.9954 -0.0095 -0.0949
vn 0.0080 -0.9973 -0.0731
vn -0.0087 0.9952 -0.0977
vn 0.0084 -0.9999 0.0123
vn 1.0000 0.0083 -0.0046
vn -0.0045 -0.0124 -0.9999
vn -0.0084 0.9999 -0.0123
vn 0.0045 0.0124 0.9999
vn -1.0000 -0.0083 0.0046
vn -0.2418 0.6645 0.7071
vn -0.2418 0.6645 -0.7071
vn -0.6124 0.3536 0.7071
vn -0.6124 0.3536 -0.7071
vn -0.6964 -0.1228 0.7071
vn -0.6964 -0.1228 -0.7071
vn -0.4545 -0.5417 0.7071
vn -0.4545 -0.5417 -0.7071
vn 0.4545 -0.5417 0.7071
vn 0.4545 -0.5417 -0.7071
vn 0.6964 -0.1228 0.7071
vn 0.6964 -0.1228 -0.7071
vn 0.6124 0.3536 0.7071
vn 0.6124 0.3536 -0.7071
vn 0.2418 0.6645 0.7071
vn 0.2418 0.6645 -0.7071
vn -0.3420 0.9397 -0.0000
vn 0.3420 0.9397 -0.0000
vn -0.8660 0.5000 -0.0000
vn -0.9848 -0.1736 -0.0000
vn -0.6428 -0.7660 -0.0000
vn 0.6428 -0.7660 -0.0000
vn 0.9848 -0.1736 -0.0000
vn 0.8660 0.5000 -0.0000
vn -0.2154 -0.6809 -0.7000
vn 0.2709 0.6468 -0.7130
vn -0.2259 -0.6631 0.7137
vn 0.2603 0.6644 0.7005
vn -0.2603 -0.6644 -0.7006
vn 0.2260 0.6631 -0.7136
vn -0.2708 -0.6466 0.7132
vn 0.2154 0.6808 0.7001
vn -0.3120 -0.9500 0.0096
vn 0.0392 -0.0242 -0.9989
vn 0.3755 0.9268 -0.0088
vn 0.0243 0.0009 0.9997
vn -0.2485 -0.6551 0.7135
vn 0.2379 0.6729 0.7005
vn -0.0392 0.0242 0.9989
vn -0.3755 -0.9268 0.0088
vn 0.3120 0.9500 -0.0096
vn -0.0243 -0.0009 -0.9997
vn -0.2379 -0.6728 -0.7005
vn 0.2485 0.6550 -0.7136
vn -0.3439 -0.9390 0.0092
vn 0.9390 -0.3438 0.0113
vn 0.0075 -0.0125 -0.9999
vn 0.3439 0.9390 -0.0092
vn -0.0075 0.0125 0.9999
vn -0.9390 0.3438 -0.0113
vn -0.1594 -0.6248 -0.7643
vn 0.1532 0.6287 -0.7624
vn -0.0041 0.0026 -1.0000
vn 0.0041 -0.0025 1.0000
vn 0.1569 0.6250 0.7646
vn 0.0029 0.9588 0.2842
vn 0.3974 -0.9176 -0.0096
vn 0.9634 -0.2297 -0.1386
vn 0.7696 0.6385 -0.0016
vn 0.9654 -0.2315 0.1200
vn -0.3975 0.9175 0.0096
vn -0.7647 -0.6444 0.0044
vn 0.4080 -0.9129 0.0137
vn -0.7621 -0.6474 0.0035
vn -0.4080 0.9129 -0.0137
vn 0.3987 -0.9171 -0.0058
vn 0.7686 0.6395 0.0175
vn -0.7687 -0.6394 -0.0175
vn -0.9630 0.2310 -0.1390
vn -0.9484 0.0145 0.3166
vn -0.8030 -0.5958 0.0152
vn 0.7370 0.6756 -0.0162
vn -0.7371 -0.6756 0.0162
vn 0.2163 -0.9762 -0.0146
vn 0.0351 0.1848 -0.9822
vn 0.9105 -0.4135 -0.0019
vn -0.9105 0.4135 0.0019
vn -0.2135 -0.8382 -0.5019
vn 0.8766 -0.4811 -0.0065
vn 0.9267 0.3759 -0.0029
vn -0.9267 -0.3759 0.0029
vn -0.7942 0.1921 -0.5764
vn 0.7142 -0.0109 -0.6999
vn 0.7000 0.0034 0.7142
vn -0.0106 -0.0970 0.9952
vn -0.7141 0.0109 0.6999
vn -0.7000 -0.0034 -0.7142
vn 0.0106 0.0971 -0.9952
vn 0.7163 -0.0004 -0.6978
vn -0.7163 0.0004 0.6978
vn -0.6978 -0.0150 -0.7161
vn -0.6444 -0.7646 0.0124
vn -0.2484 -0.6550 0.7136
vn 0.2379 0.6728 0.7005
vn 0.2485 0.6552 -0.7134
vt -1.011743 0.435000
vt -1.011743 0.436300
vt -1.042595 0.436300
vt -1.011743 0.563700
vt -1.011743 0.565000
vt -1.042595 0.563700
vt 2.011744 0.435000
vt 2.042595 0.436300
vt 2.011744 0.436300
vt 2.011744 0.565000
vt 2.011744 0.563700
vt 2.042595 0.563700
vt -1.011743 0.553900
vt -1.042595 0.446100
vt -1.042595 0.553900
vt -1.011743 0.446100
vt 2.011744 0.553900
vt 2.042595 0.446100
vt 2.011744 0.446100
vt 2.042595 0.553900
vt 0.446100 0.563700
vt 0.553900 0.436300
vt 0.446100 0.436300
vt -1.091040 0.001800
vt -1.091040 -0.030000
vt -1.192595 0.001800
vt -1.091040 0.998200
vt -1.192595 0.998200
vt -1.091040 1.030000
vt 2.091040 0.001800
vt 2.192595 0.001800
vt 2.091040 -0.030000
vt 2.091040 0.998200
vt 2.091040 1.030000
vt 2.192595 0.998200
vt -1.091040 0.791400
vt -1.192595 0.208600
vt -1.091040 0.208600
vt -1.192595 0.791400
vt 2.192595 0.208600
vt 2.091040 0.791400
vt 2.192595 0.791400
vt 2.091040 0.208600
vt 0.001800 0.791400
vt 0.998200 0.208600
vt 0.001800 0.208600
vt 0.998200 0.791400
vt 0.020000 -0.056800
vt 0.020000 -0.080000
vt 0.000000 -0.056800
vt 0.020000 1.056800
vt 0.000000 1.056800
vt 0.020000 1.080000
vt 0.980000 -0.056800
vt 1.000000 -0.056800
vt 0.980000 -0.080000
vt 0.980000 1.056800
vt 0.980000 1.080000
vt 1.000000 1.056800
vt -0.080000 0.663200
vt -0.056800 0.336800
vt -0.080000 0.336800
vt 1.080000 0.336800
vt 1.056800 0.663200
vt 1.080000 0.663200
vt 1.056800 0.336800
vt -0.056800 0.663200
vt 0.980000 0.336800
vt 0.020000 0.663200
vt 0.020000 0.336800
vt 0.441200 0.049200
vt 0.441200 0.040000
vt 0.440000 0.049200
vt 0.441200 0.950800
vt 0.440000 0.950800
vt 0.441200 0.960000
vt 0.558800 0.049200
vt 0.560000 0.049200
vt 0.558800 0.040000
vt 0.558800 0.950800
vt 0.558800 0.960000
vt 0.560000 0.950800
vt 0.040000 0.455900
vt 0.049200 0.544100
vt 0.049200 0.455900
vt 0.960000 0.455900
vt 0.950800 0.544100
vt 0.960000 0.544100
vt 0.950800 0.455900
vt 0.040000 0.544100
vt 0.558800 0.455900
vt 0.441200 0.544100
vt 0.441200 0.455900
vt 0.558800 0.544100
vt -0.069465 0.225000
vt -0.093193 0.236000
vt -0.069465 0.236000
vt -0.093193 0.764000
vt -0.069465 0.775000
vt -0.069465 0.764000
vt 1.069465 0.225000
vt 1.069465 0.236000
vt 1.093193 0.236000
vt 1.069465 0.775000
vt 1.093193 0.764000
vt 1.069465 0.764000
vt 0.297853 1.069465
vt 0.702147 1.093193
vt 0.702147 1.069465
vt 0.297853 1.093193
vt 0.702147 -0.069465
vt 0.297853 -0.093193
vt 0.297853 -0.069465
vt 0.702147 -0.093193
vt 0.702147 0.764000
vt 0.297853 0.236000
vt 0.702147 0.236000
vt 0.297853 0.764000
vt -0.070766 0.250000
vt -0.094548 0.260000
vt -0.070766 0.260000
vt -0.094548 0.740000
vt -0.070766 0.750000
vt -0.070766 0.740000
vt 1.070766 0.250000
vt 1.070766 0.260000
vt 1.094548 0.260000
vt 1.070766 0.750000
vt 1.094548 0.740000
vt 1.070766 0.740000
vt 0.682693 1.070766
vt 0.317307 1.094548
vt 0.682693 1.094548
vt 0.317307 1.070766
vt 0.682693 -0.070766
vt 0.317307 -0.094548
vt 0.317307 -0.070766
vt 0.682693 -0.094548
vt 0.682693 0.260000
vt 0.317307 0.740000
vt 0.317307 0.260000
vt -0.079478 0.270000
vt -0.103622 0.279200
vt -0.079478 0.279200
vt -0.103622 0.720800
vt -0.079478 0.730000
vt -0.079478 0.720800
vt 1.079478 0.270000
vt 1.079478 0.279200
vt 1.103622 0.279200
vt 1.079478 0.730000
vt 1.103622 0.720800
vt 1.079478 0.720800
vt 0.300435 1.079478
vt 0.699565 1.103622
vt 0.699565 1.079478
vt 0.300435 1.103622
vt 0.699565 -0.079478
vt 0.300435 -0.103622
vt 0.300435 -0.079478
vt 0.699565 -0.103622
vt 0.699565 0.720800
vt 0.300435 0.279200
vt 0.699565 0.279200
vt 0.010000 0.078600
vt 0.010000 0.070000
vt 0.000000 0.078600
vt 0.010000 0.921400
vt 0.000000 0.921400
vt 0.010000 0.930000
vt 0.990000 0.078600
vt 1.000000 0.078600
vt 0.990000 0.070000
vt 0.990000 0.921400
vt 0.990000 0.930000
vt 1.000000 0.921400
vt 0.010000 0.451000
vt 0.000000 0.549000
vt 0.000000 0.451000
vt 0.010000 0.549000
vt 1.000000 0.451000
vt 0.990000 0.549000
vt 1.000000 0.549000
vt 0.078600 0.549000
vt 0.921400 0.451000
vt 0.078600 0.451000
vt 0.990000 0.451000
vt 0.921400 0.549000
vt 0.010000 0.250000
vt 0.010000 0.255000
vt 0.000000 0.255000
vt 0.010000 0.745000
vt 0.010000 0.750000
vt 0.000000 0.745000
vt 0.990000 0.250000
vt 1.000000 0.255000
vt 0.990000 0.255000
vt 0.990000 0.750000
vt 0.990000 0.745000
vt 1.000000 0.745000
vt 0.010000 0.455900
vt 0.000000 0.544100
vt 0.010000 0.544100
vt 0.000000 0.455900
vt 0.990000 0.544100
vt 1.000000 0.455900
vt 0.990000 0.455900
vt 1.000000 0.544100
vt 0.455900 0.255000
vt 0.544100 0.745000
vt 0.544100 0.255000
vt 0.455900 0.745000
vt 0.078600 0.250000
vt 0.070000 0.255000
vt 0.078600 0.255000
vt 0.070000 0.745000
vt 0.078600 0.750000
vt 0.078600 0.745000
vt 0.921400 0.250000
vt 0.921400 0.255000
vt 0.930000 0.255000
vt 0.921400 0.750000
vt 0.930000 0.745000
vt 0.921400 0.745000
vt 0.544100 0.921400
vt 0.455900 0.930000
vt 0.544100 0.930000
vt 0.455900 0.921400
vt 0.544100 0.078600
vt 0.455900 0.070000
vt 0.455900 0.078600
vt 0.544100 0.070000
vt 0.078600 0.330000
vt 0.070000 0.333400
vt 0.078600 0.333400
vt 0.070000 0.666600
vt 0.078600 0.670000
vt 0.078600 0.666600
vt 0.921400 0.330000
vt 0.921400 0.333400
vt 0.930000 0.333400
vt 0.921400 0.670000
vt 0.930000 0.666600
vt 0.921400 0.666600
vt 0.544100 0.666600
vt 0.455900 0.333400
vt 0.544100 0.333400
vt 0.455900 0.666600
vt 0.077000 0.133400
vt 0.077000 0.110000
vt 0.050000 0.133400
vt 0.077000 0.866600
vt 0.050000 0.866600
vt 0.077000 0.890000
vt 0.923000 0.133400
vt 0.950000 0.133400
vt 0.923000 0.110000
vt 0.923000 0.866600
vt 0.923000 0.890000
vt 0.950000 0.866600
vt 0.077000 0.735000
vt 0.050000 0.265000
vt 0.077000 0.265000
vt 0.050000 0.735000
vt 0.950000 0.265000
vt 0.923000 0.735000
vt 0.950000 0.735000
vt 0.923000 0.265000
vt 0.133400 0.265000
vt 0.866600 0.735000
vt 0.866600 0.265000
vt 0.265000 0.283800
vt 0.265000 0.270000
vt 0.250000 0.283800
vt 0.265000 0.716200
vt 0.250000 0.716200
vt 0.265000 0.730000
vt 0.735000 0.283800
vt 0.750000 0.283800
vt 0.735000 0.270000
vt 0.735000 0.716200
vt 0.735000 0.730000
vt 0.750000 0.716200
vt 0.265000 0.424800
vt 0.250000 0.575200
vt 0.250000 0.424800
vt 0.265000 0.575200
vt 0.750000 0.424800
vt 0.735000 0.575200
vt 0.750000 0.575200
vt 0.283800 0.424800
vt 0.716200 0.575200
vt 0.716200 0.424800
vt 0.735000 0.424800
vt 0.283800 0.575200
vt 0.408407 0.477500
vt 0.418038 0.482500
vt 0.398776 0.482500
vt 0.408407 0.522500
vt 0.398776 0.517500
vt 0.418038 0.517500
vt 0.287989 0.477500
vt 0.297711 0.482500
vt 0.278714 0.482500
vt 0.287989 0.522500
vt 0.278714 0.517500
vt 0.297711 0.517500
vt 0.170520 0.477500
vt 0.180008 0.482500
vt 0.161557 0.482500
vt 0.170520 0.522500
vt 0.161557 0.517500
vt 0.180008 0.517500
vt 0.056383 0.477500
vt 0.065522 0.482500
vt 0.047467 0.482500
vt 0.056383 0.522500
vt 0.047467 0.517500
vt 0.065522 0.517500
vt 0.760431 0.477500
vt 0.769347 0.482500
vt 0.751292 0.482500
vt 0.760431 0.522500
vt 0.751292 0.517500
vt 0.769347 0.517500
vt 0.646294 0.477500
vt 0.655257 0.482500
vt 0.636806 0.482500
vt 0.646294 0.522500
vt 0.636806 0.517500
vt 0.655257 0.517500
vt 0.528825 0.477500
vt 0.538100 0.482500
vt 0.519103 0.482500
vt 0.528825 0.522500
vt 0.519103 0.517500
vt 0.538100 0.517500
vt 0.873197 0.477500
vt 0.864281 0.482500
vt 0.864281 0.517500
vt 0.873197 0.522500
vt 0.987335 0.522500
vt 0.431400 0.430000
vt 0.430000 0.431400
vt 0.431400 0.431400
vt 0.430000 0.568600
vt 0.431400 0.570000
vt 0.431400 0.568600
vt 0.568600 0.430000
vt 0.568600 0.431400
vt 0.570000 0.431400
vt 0.568600 0.570000
vt 0.570000 0.568600
vt 0.568600 0.568600
vt 0.451000 0.568600
vt 0.549000 0.570000
vt 0.549000 0.568600
vt 0.451000 0.570000
vt 0.549000 0.431400
vt 0.451000 0.430000
vt 0.451000 0.431400
vt 0.549000 0.430000
vt 0.431400 -0.150000
vt 0.431400 -0.137000
vt 0.430000 -0.137000
vt 0.431400 1.137000
vt 0.431400 1.150000
vt 0.430000 1.137000
vt 0.568600 -0.150000
vt 0.570000 -0.137000
vt 0.568600 -0.137000
vt 0.568600 1.150000
vt 0.568600 1.137000
vt 0.570000 1.137000
vt 0.431400 -0.186000
vt 0.431400 -0.200000
vt 0.430000 -0.186000
vt 0.431400 1.186000
vt 0.430000 1.186000
vt 0.431400 1.200000
vt 0.568600 -0.186000
vt 0.570000 -0.186000
vt 0.568600 -0.200000
vt 0.568600 1.186000
vt 0.568600 1.200000
vt 0.570000 1.186000
vt -0.200000 0.558800
vt -0.186000 0.441200
vt -0.200000 0.441200
vt 1.200000 0.558800
vt 1.186000 0.441200
vt 1.186000 0.558800
vt -0.186000 0.558800
vt 0.568600 0.441200
vt 0.431400 0.558800
vt 0.431400 0.441200
vt 0.534071 0.180000
vt 0.411785 0.175000
vt 0.534071 0.175000
vt 0.534071 0.820000
vt 0.411785 0.825000
vt 0.412016 0.820000
vt 0.412016 0.180000
vt 0.291292 0.175000
vt 0.291292 0.825000
vt 0.291633 0.820000
vt 0.173651 0.180000
vt 0.291633 0.180000
vt 0.173651 0.820000
vt 0.173364 0.825000
vt 0.057526 0.175000
vt 0.173364 0.175000
vt 0.057636 0.820000
vt 0.057526 0.825000
vt 1.010505 0.180000
vt 1.125667 0.175000
vt 1.125778 0.180000
vt 1.125778 0.820000
vt 1.010616 0.825000
vt 1.010505 0.820000
vt 0.894778 0.175000
vt 1.010616 0.175000
vt 0.894490 0.820000
vt 0.894778 0.825000
vt 0.894490 0.180000
vt 0.776849 0.175000
vt 0.776509 0.820000
vt 0.776849 0.825000
vt 0.776509 0.180000
vt 0.656356 0.175000
vt 0.656126 0.820000
vt 0.656356 0.825000
vt 0.656126 0.180000
vt 0.534071 0.825000
vt 1.241505 0.175000
vt 1.241505 0.825000
vt 0.057636 0.180000
vt -0.230033 0.475300
vt -0.230033 0.475000
vt -0.238900 0.475300
vt -0.230033 0.524700
vt -0.238900 0.524700
vt -0.230033 0.525000
vt 1.230033 0.475300
vt 1.238900 0.475300
vt 1.230033 0.475000
vt 1.230033 0.524700
vt 1.230033 0.525000
vt 1.238900 0.524700
vt 0.475300 0.524700
vt 0.524700 0.475300
vt 0.475300 0.475300
vt 0.553900 0.563700
vt 0.980000 0.663200
vt 0.682693 0.740000
vt 0.300435 0.720800
vt 0.133400 0.735000
vt 0.987335 0.477500
vt 1.200000 0.441200
vt 0.568600 0.558800
vt 1.125667 0.825000
vt 0.524700 0.524700
s 0
usemtl iron
f 1/1/1 2/2/1 3/3/1
f 4/4/2 5/5/2 6/6/2
f 7/1/3 8/3/3 9/2/3
f 10/5/4 11/4/4 12/6/4
f 13/7/5 14/8/5 15/9/5
f 16/10/6 17/11/6 18/12/6
f 19/7/7 20/9/7 21/8/7
f 22/10/8 23/12/8 24/11/8
f 7/13/9 3/14/9 8/15/9
f 4/4/10 3/3/10 2/2/10
f 10/13/11 6/14/11 5/16/11
f 9/2/12 12/6/12 11/4/12
f 7/1/13 20/9/13 19/7/13
f 10/5/14 24/11/14 11/4/14
f 23/12/15 20/9/15 24/11/15
f 19/17/16 14/18/16 13/19/16
f 16/19/17 23/20/17 22/17/17
f 17/11/18 14/8/18 18/12/18
f 1/1/19 15/9/19 2/2/19
f 16/10/20 4/4/20 17/11/20
f 19/17/21 1/16/21 7/13/21
f 6/21/22 8/22/22 3/23/22
f 15/9/23 4/4/23 2/2/23
f 10/13/24 16/19/24 22/17/24
f 11/4/25 20/9/25 9/2/25
f 21/22/26 18/21/26 14/23/26
f 25/1/27 26/2/27 27/3/27
f 28/4/28 29/5/28 30/6/28
f 31/1/29 32/3/29 33/2/29
f 34/5/30 35/4/30 36/6/30
f 37/7/31 38/8/31 39/9/31
f 40/10/32 41/11/32 42/12/32
f 43/7/33 44/9/33 45/8/33
f 46/10/34 47/12/34 48/11/34
f 25/16/35 32/15/35 31/13/35
f 26/2/36 30/6/36 27/3/36
f 34/13/37 30/14/37 29/16/37
f 33/2/38 36/6/38 35/4/38
f 31/1/39 44/9/39 43/7/39
f 46/10/40 35/4/40 34/5/40
f 45/8/41 48/11/41 47/12/41
f 43/17/42 38/18/42 37/19/42
f 46/17/43 42/18/43 47/20/43
f 41/11/44 38/8/44 42/12/44
f 37/7/45 26/2/45 25/1/45
f 29/5/46 41/11/46 40/10/46
f 43/17/47 25/16/47 31/13/47
f 30/21/48 32/22/48 27/23/48
f 41/11/49 26/2/49 39/9/49
f 34/13/50 40/19/50 46/17/50
f 35/4/51 44/9/51 33/2/51
f 45/22/52 42/21/52 38/23/52
f 97/71/105 98/72/105 99/73/105
f 100/72/106 101/71/106 102/73/106
f 103/74/107 104/75/107 105/76/107
f 106/74/108 107/76/108 108/75/108
f 109/77/109 110/78/109 111/79/109
f 112/77/110 113/79/110 114/78/110
f 115/80/111 116/81/111 117/82/111
f 118/80/112 119/82/112 120/81/112
f 97/71/113 104/75/113 103/74/113
f 98/83/114 102/84/114 99/85/114
f 106/74/115 102/73/115 101/71/115
f 105/86/116 108/87/116 107/88/116
f 103/74/117 116/81/117 115/80/117
f 106/74/118 120/81/118 107/76/118
f 117/89/119 120/88/119 119/87/119
f 109/77/120 117/82/120 110/78/120
f 118/80/121 114/78/121 119/82/121
f 113/90/122 110/85/122 114/84/122
f 109/77/123 98/72/123 97/71/123
f 101/71/124 113/79/124 112/77/124
f 115/80/125 97/71/125 103/74/125
f 102/84/126 104/89/126 99/85/126
f 111/91/127 100/92/127 98/93/127
f 106/74/128 112/77/128 118/80/128
f 107/92/129 116/91/129 105/93/129
f 119/87/130 110/85/130 117/89/130
f 121/71/131 122/72/131 123/73/131
f 124/72/132 125/71/132 126/73/132
f 127/74/133 128/75/133 129/76/133
f 130/74/134 131/76/134 132/75/134
f 133/77/135 134/78/135 135/79/135
f 136/77/136 137/79/136 138/78/136
f 139/80/137 140/81/137 141/82/137
f 142/80/138 143/82/138 144/81/138
f 121/71/139 128/75/139 127/74/139
f 124/90/140 123/85/140 122/83/140
f 125/71/141 132/75/141 126/73/141
f 129/86/142 132/87/142 131/88/142
f 127/74/143 140/81/143 139/80/143
f 130/74/144 144/81/144 131/76/144
f 141/89/145 144/88/145 143/87/145
f 133/77/146 141/82/146 134/78/146
f 136/77/147 143/82/147 142/80/147
f 137/90/148 134/85/148 138/84/148
f 133/77/149 122/72/149 121/71/149
f 125/71/150 137/79/150 136/77/150
f 139/80/151 121/71/151 127/74/151
f 126/84/152 128/89/152 123/85/152
f 137/94/153 122/93/153 135/91/153
f 130/74/154 136/77/154 142/80/154
f 129/93/155 144/94/155 140/91/155
f 143/87/156 134/85/156 141/89/156
f 145/71/157 146/72/157 147/73/157
f 148/72/158 149/71/158 150/73/158
f 151/74/159 152/75/159 153/76/159
f 154/74/160 155/76/160 156/75/160
f 157/77/161 158/78/161 159/79/161
f 160/77/162 161/79/162 162/78/162
f 163/80/163 164/81/163 165/82/163
f 166/80/164 167/82/164 168/81/164
f 151/74/165 147/73/165 152/75/165
f 148/90/166 147/85/166 146/83/166
f 154/74/167 150/73/167 149/71/167
f 155/88/168 152/89/168 156/87/168
f 151/74/169 164/81/169 163/80/169
f 154/74/170 168/81/170 155/76/170
f 167/87/171 164/86/171 168/88/171
f 157/77/172 165/82/172 158/78/172
f 166/80/173 162/78/173 167/82/173
f 161/90/174 158/85/174 162/84/174
f 145/71/175 159/79/175 146/72/175
f 149/71/176 161/79/176 160/77/176
f 163/80/177 145/71/177 151/74/177
f 150/84/178 152/89/178 147/85/178
f 161/94/179 146/93/179 159/91/179
f 166/80/180 149/71/180 160/77/180
f 155/92/181 164/91/181 153/93/181
f 165/89/182 162/84/182 158/85/182
f 169/71/183 170/72/183 171/73/183
f 172/72/184 173/71/184 174/73/184
f 175/74/185 176/75/185 177/76/185
f 178/74/186 179/76/186 180/75/186
f 181/77/187 182/78/187 183/79/187
f 184/77/188 185/79/188 186/78/188
f 187/80/189 188/81/189 189/82/189
f 190/80/190 191/82/190 192/81/190
f 175/74/191 171/73/191 176/75/191
f 172/90/192 171/85/192 170/83/192
f 173/71/193 180/75/193 174/73/193
f 179/88/194 176/89/194 180/87/194
f 175/74/195 188/81/195 187/80/195
f 190/80/196 179/76/196 178/74/196
f 191/87/197 188/86/197 192/88/197
f 181/77/198 189/82/198 182/78/198
f 184/77/199 191/82/199 190/80/199
f 183/83/200 186/84/200 185/90/200
f 169/71/201 183/79/201 170/72/201
f 184/77/202 172/72/202 185/79/202
f 187/80/203 169/71/203 175/74/203
f 174/84/204 176/89/204 171/85/204
f 183/91/205 172/92/205 170/93/205
f 190/80/206 173/71/206 184/77/206
f 179/92/207 188/91/207 177/93/207
f 191/87/208 182/85/208 189/89/208
f 265/165/287 266/166/287 267/167/287
f 268/166/288 269/165/288 270/167/288
f 271/168/289 272/169/289 273/170/289
f 274/168/290 275/170/290 276/169/290
f 277/171/291 278/172/291 279/173/291
f 280/171/292 281/173/292 282/172/292
f 283/174/293 284/175/293 285/176/293
f 286/174/294 287/176/294 288/175/294
f 265/165/295 272/169/295 271/168/295
f 266/177/296 270/178/296 267/179/296
f 274/168/297 270/167/297 269/165/297
f 273/177/298 276/178/298 275/180/298
f 271/168/299 284/175/299 283/174/299
f 286/174/300 275/170/300 274/168/300
f 285/181/301 288/182/301 287/183/301
f 277/171/302 285/176/302 278/172/302
f 280/171/303 287/176/303 286/174/303
f 281/182/304 278/181/304 282/183/304
f 277/171/305 266/166/305 265/165/305
f 269/165/306 281/173/306 280/171/306
f 283/174/307 265/165/307 271/168/307
f 270/184/308 272/185/308 267/186/308
f 279/187/309 268/180/309 266/177/309
f 286/174/310 269/165/310 280/171/310
f 275/180/311 284/187/311 273/177/311
f 287/188/312 278/186/312 285/185/312
f 289/189/313 290/190/313 291/191/313
f 292/192/314 293/193/314 294/194/314
f 295/189/315 296/191/315 297/190/315
f 298/193/316 299/192/316 300/194/316
f 301/195/317 302/196/317 303/197/317
f 304/198/318 305/199/318 306/200/318
f 307/195/319 308/197/319 309/196/319
f 310/198/320 311/200/320 312/199/320
f 289/201/321 296/202/321 295/203/321
f 290/190/322 294/194/322 291/191/322
f 298/203/323 294/204/323 293/201/323
f 297/190/324 300/194/324 299/192/324
f 295/189/325 308/197/325 307/195/325
f 298/193/326 312/199/326 299/192/326
f 309/196/327 312/199/327 311/200/327
f 307/205/328 302/206/328 301/207/328
f 304/207/329 311/208/329 310/205/329
f 303/197/330 306/200/330 305/199/330
f 289/189/331 303/197/331 290/190/331
f 304/198/332 292/192/332 305/199/332
f 307/205/333 289/201/333 295/203/333
f 291/209/334 300/210/334 296/211/334
f 305/199/335 290/190/335 303/197/335
f 298/203/336 304/207/336 310/205/336
f 299/192/337 308/197/337 297/190/337
f 311/210/338 302/209/338 309/211/338
f 313/189/339 314/190/339 315/191/339
f 316/192/340 317/193/340 318/194/340
f 319/189/341 320/191/341 321/190/341
f 322/193/342 323/192/342 324/194/342
f 325/195/343 326/196/343 327/197/343
f 328/198/344 329/199/344 330/200/344
f 331/195/345 332/197/345 333/196/345
f 334/198/346 335/200/346 336/199/346
f 313/201/347 320/202/347 319/203/347
f 316/192/348 315/191/348 314/190/348
f 317/201/349 324/202/349 318/204/349
f 321/190/350 324/194/350 323/192/350
f 331/195/351 321/190/351 332/197/351
f 334/198/352 323/192/352 322/193/352
f 333/196/353 336/199/353 335/200/353
f 331/205/354 326/206/354 325/207/354
f 334/205/355 330/206/355 335/208/355
f 327/197/356 330/200/356 329/199/356
f 325/195/357 314/190/357 313/189/357
f 317/193/358 329/199/358 328/198/358
f 331/205/359 313/201/359 319/203/359
f 318/212/360 320/211/360 315/209/360
f 329/199/361 314/190/361 327/197/361
f 334/205/362 317/201/362 328/207/362
f 323/192/363 332/197/363 321/190/363
f 335/210/364 326/209/364 333/211/364
f 337/213/365 338/214/365 339/215/365
f 340/216/366 341/217/366 342/218/366
f 343/219/367 344/220/367 345/221/367
f 346/222/368 347/223/368 348/224/368
f 349/213/369 350/215/369 351/214/369
f 352/217/370 353/216/370 354/218/370
f 355/219/371 356/221/371 357/220/371
f 358/222/372 359/224/372 360/223/372
f 343/219/373 339/215/373 344/220/373
f 340/216/374 339/215/374 338/214/374
f 341/217/375 348/224/375 342/218/375
f 345/221/376 348/224/376 347/223/376
f 355/225/377 345/226/377 356/227/377
f 358/225/378 347/226/378 346/228/378
f 359/224/379 356/221/379 360/223/379
f 355/219/380 350/215/380 349/213/380
f 352/217/381 359/224/381 358/222/381
f 351/214/382 354/218/382 353/216/382
f 349/229/383 338/230/383 337/231/383
f 341/231/384 353/232/384 352/229/384
f 355/225/385 337/231/385 343/228/385
f 342/218/386 344/220/386 339/215/386
f 353/210/387 338/209/387 351/211/387
f 346/228/388 352/229/388 358/225/388
f 347/212/389 356/211/389 345/209/389
f 359/224/390 350/215/390 357/220/390
f 361/233/391 362/234/391 363/235/391
f 364/236/392 365/237/392 366/238/392
f 367/239/393 368/240/393 369/241/393
f 370/242/394 371/243/394 372/244/394
f 373/233/395 374/235/395 375/234/395
f 376/237/396 377/236/396 378/238/396
f 379/239/397 380/241/397 381/240/397
f 382/242/398 383/244/398 384/243/398
f 361/233/399 368/240/399 367/239/399
f 362/234/400 366/238/400 363/235/400
f 370/242/401 366/238/401 365/237/401
f 369/241/402 372/244/402 371/243/402
f 367/228/403 380/227/403 379/225/403
f 382/225/404 371/226/404 370/228/404
f 381/240/405 384/243/405 383/244/405
f 379/239/406 374/235/406 373/233/406
f 376/237/407 383/244/407 382/242/407
f 377/236/408 374/235/408 378/238/408
f 373/229/409 362/230/409 361/231/409
f 365/231/410 377/232/410 376/229/410
f 367/228/411 373/229/411 361/231/411
f 366/238/412 368/240/412 363/235/412
f 377/245/413 362/246/413 375/247/413
f 370/228/414 376/229/414 382/225/414
f 371/248/415 380/247/415 369/246/415
f 383/244/416 374/235/416 381/240/416
f 433/296/469 434/297/469 435/298/469
f 436/299/470 437/300/470 438/301/470
f 439/302/471 440/303/471 441/304/471
f 442/305/472 443/306/472 444/307/472
f 445/308/473 446/309/473 447/310/473
f 448/311/474 449/312/474 450/313/474
f 451/314/475 452/315/475 453/316/475
f 454/317/476 455/318/476 456/319/476
f 457/320/477 458/321/477 459/322/477
f 460/323/478 461/324/478 462/325/478
f 463/326/479 464/327/479 465/328/479
f 466/329/480 467/330/480 468/331/480
f 469/332/481 470/333/481 471/334/481
f 472/335/482 473/336/482 474/337/482
f 440/303/483 433/296/483 435/298/483
f 437/300/484 442/305/484 444/307/484
f 438/301/485 435/298/485 434/297/485
f 441/304/486 444/307/486 443/306/486
f 441/304/487 445/308/487 439/302/487
f 443/306/488 448/311/488 450/313/488
f 447/310/489 450/313/489 449/312/489
f 447/310/490 451/314/490 445/308/490
f 449/312/491 454/317/491 456/319/491
f 453/316/492 456/319/492 455/318/492
f 458/321/493 451/338/493 453/339/493
f 455/340/494 460/323/494 462/325/494
f 459/322/495 462/325/495 461/324/495
f 459/322/496 463/326/496 457/320/496
f 468/331/497 460/323/497 466/329/497
f 465/328/498 468/331/498 467/330/498
f 465/328/499 469/332/499 463/326/499
f 474/337/500 466/329/500 472/335/500
f 471/334/501 474/337/501 473/336/501
f 434/297/502 469/332/502 471/334/502
f 473/336/503 436/299/503 438/301/503
f 439/302/504 451/338/504 463/326/504
f 437/300/505 440/303/505 435/298/505
f 473/336/506 434/297/506 471/334/506
f 460/323/507 454/341/507 436/299/507
f 443/306/508 446/309/508 441/304/508
f 449/312/509 452/315/509 447/310/509
f 455/340/510 458/321/510 453/339/510
f 461/324/511 464/327/511 459/322/511
f 467/330/512 470/333/512 465/328/512
f 475/296/469 476/297/469 477/298/469
f 478/299/470 479/300/470 480/301/470
f 481/302/471 482/303/471 483/304/471
f 484/305/472 485/306/472 486/307/472
f 487/308/473 488/309/473 489/310/473
f 490/311/474 491/312/474 492/313/474
f 493/314/513 494/315/513 495/316/513
f 496/317/476 497/318/476 498/319/476
f 499/320/514 500/321/514 501/322/514
f 502/323/478 503/324/478 504/325/478
f 505/326/479 506/327/479 507/328/479
f 508/329/480 509/330/480 510/331/480
f 511/332/481 512/333/481 513/334/481
f 514/335/482 515/336/482 516/337/482
f 482/303/483 475/296/483 477/298/483
f 486/307/484 478/299/484 484/305/484
f 480/301/485 477/298/485 476/297/485
f 483/304/486 486/307/486 485/306/486
f 483/304/487 487/308/487 481/302/487
f 485/306/488 490/311/488 492/313/488
f 489/310/489 492/313/489 491/312/489
f 489/310/490 493/314/490 487/308/490
f 491/312/491 496/317/491 498/319/491
f 495/316/492 498/319/492 497/318/492
f 500/321/493 493/338/493 495/339/493
f 497/340/494 502/323/494 504/325/494
f 501/322/495 504/325/495 503/324/495
f 501/322/496 505/326/496 499/320/496
f 510/331/497 502/323/497 508/329/497
f 507/328/498 510/331/498 509/330/498
f 512/333/499 505/326/499 507/328/499
f 516/337/500 508/329/500 514/335/500
f 513/334/501 516/337/501 515/336/501
f 513/334/502 475/296/502 511/332/502
f 515/336/503 478/299/503 480/301/503
f 481/302/504 493/338/504 505/326/504
f 479/300/505 482/303/505 477/298/505
f 515/336/506 476/297/506 513/334/506
f 502/323/507 496/341/507 478/299/507
f 485/306/508 488/309/508 483/304/508
f 491/312/509 494/315/509 489/310/509
f 497/340/510 500/321/510 495/339/510
f 503/324/511 506/327/511 501/322/511
f 509/330/512 512/333/512 507/328/512
f 517/296/515 518/297/515 519/298/515
f 520/299/516 521/300/516 522/301/516
f 523/302/471 524/303/471 525/304/471
f 526/305/472 527/306/472 528/307/472
f 529/308/473 530/309/473 531/310/473
f 532/311/474 533/312/474 534/313/474
f 535/314/475 536/315/475 537/316/475
f 538/317/476 539/318/476 540/319/476
f 541/320/514 542/321/514 543/322/514
f 544/323/478 545/324/478 546/325/478
f 547/326/479 548/327/479 549/328/479
f 550/329/480 551/330/480 552/331/480
f 553/332/481 554/333/481 555/334/481
f 556/335/482 557/336/482 558/337/482
f 519/298/483 523/302/483 517/296/483
f 521/300/484 526/305/484 528/307/484
f 522/301/485 519/298/485 518/297/485
f 525/304/486 528/307/486 527/306/486
f 530/309/487 523/302/487 525/304/487
f 527/306/488 532/311/488 534/313/488
f 531/310/489 534/313/489 533/312/489
f 531/310/490 535/314/490 529/308/490
f 533/312/491 538/317/491 540/319/491
f 537/316/492 540/319/492 539/318/492
f 542/321/493 535/338/493 537/339/493
f 539/340/494 544/323/494 546/325/494
f 543/322/495 546/325/495 545/324/495
f 548/327/496 541/320/496 543/322/496
f 552/331/497 544/323/497 550/329/497
f 549/328/498 552/331/498 551/330/498
f 554/333/499 547/326/499 549/328/499
f 551/330/500 556/335/500 558/337/500
f 555/334/501 558/337/501 557/336/501
f 518/297/502 553/332/502 555/334/502
f 522/301/503 556/335/503 520/299/503
f 547/326/504 553/332/504 523/302/504
f 521/300/505 524/303/505 519/298/505
f 557/336/506 518/297/506 555/334/506
f 550/329/507 544/323/507 538/341/507
f 527/306/508 530/309/508 525/304/508
f 533/312/509 536/315/509 531/310/509
f 539/340/510 542/321/510 537/339/510
f 545/324/511 548/327/511 543/322/511
f 551/330/512 554/333/512 549/328/512
f 559/296/515 560/297/515 561/298/515
f 562/299/516 563/300/516 564/301/516
f 565/302/471 566/303/471 567/304/471
f 568/305/472 569/306/472 570/307/472
f 571/308/473 572/309/473 573/310/473
f 574/311/474 575/312/474 576/313/474
f 577/314/513 578/315/513 579/316/513
f 580/317/517 581/318/517 582/319/517
f 583/320/514 584/321/514 585/322/514
f 586/323/518 587/324/518 588/325/518
f 589/326/519 590/327/519 591/328/519
f 592/329/480 593/330/480 594/331/480
f 595/332/481 596/333/481 597/334/481
f 598/335/482 599/336/482 600/337/482
f 561/298/483 565/302/483 559/296/483
f 563/300/484 568/305/484 570/307/484
f 564/301/485 561/298/485 560/297/485
f 567/304/486 570/307/486 569/306/486
f 567/304/487 571/308/487 565/302/487
f 569/306/488 574/311/488 576/313/488
f 573/310/489 576/313/489 575/312/489
f 573/310/490 577/314/490 571/308/490
f 575/312/491 580/317/491 582/319/491
f 579/316/492 582/319/492 581/318/492
f 584/321/493 577/338/493 579/339/493
f 581/340/494 586/323/494 588/325/494
f 585/322/495 588/325/495 587/324/495
f 590/327/496 583/320/496 585/322/496
f 594/331/497 586/323/497 592/329/497
f 591/328/498 594/331/498 593/330/498
f 591/328/499 595/332/499 589/326/499
f 593/330/500 598/335/500 600/337/500
f 597/334/501 600/337/501 599/336/501
f 560/297/502 595/332/502 597/334/502
f 564/301/503 598/335/503 562/299/503
f 565/302/504 577/338/504 589/326/504
f 563/300/505 566/303/505 561/298/505
f 599/336/506 560/297/506 597/334/506
f 580/341/507 574/342/507 562/299/507
f 569/306/508 572/309/508 567/304/508
f 575/312/509 578/315/509 573/310/509
f 581/340/510 584/321/510 579/339/510
f 587/324/511 590/327/511 585/322/511
f 593/330/512 596/333/512 591/328/512
f 601/343/520 602/344/520 603/345/520
f 604/346/521 605/347/521 606/348/521
f 607/349/522 608/350/522 609/351/522
f 610/352/523 611/353/523 612/354/523
f 613/343/524 614/345/524 615/344/524
f 616/347/525 617/346/525 618/348/525
f 619/349/526 620/351/526 621/350/526
f 622/352/527 623/354/527 624/353/527
f 601/343/528 608/350/528 607/349/528
f 604/346/529 603/345/529 602/344/529
f 610/352/530 606/348/530 605/347/530
f 611/353/531 608/350/531 612/354/531
f 607/355/532 620/356/532 619/357/532
f 622/357/533 611/358/533 610/355/533
f 621/350/534 624/353/534 623/354/534
f 619/349/535 614/345/535 613/343/535
f 622/352/536 618/348/536 623/354/536
f 615/344/537 618/348/537 617/346/537
f 613/359/538 602/360/538 601/361/538
f 605/361/539 617/362/539 616/359/539
f 619/357/540 601/361/540 607/355/540
f 603/345/541 612/354/541 608/350/541
f 617/357/542 602/361/542 615/359/542
f 610/355/543 616/359/543 622/357/543
f 611/355/544 620/359/544 609/361/544
f 621/350/545 618/348/545 614/345/545
f 625/363/546 626/364/546 627/365/546
f 628/366/547 629/367/547 630/368/547
f 631/363/548 632/365/548 633/364/548
f 634/367/549 635/366/549 636/368/549
f 637/369/550 638/370/550 639/371/550
f 640/372/551 641/373/551 642/374/551
f 643/369/552 644/371/552 645/370/552
f 646/372/553 647/374/553 648/373/553
f 625/363/554 632/371/554 631/369/554
f 628/366/555 627/365/555 626/364/555
f 634/372/556 630/366/556 629/367/556
f 635/366/557 632/365/557 636/368/557
f 631/363/558 644/371/558 643/369/558
f 634/367/559 648/373/559 635/366/559
f 647/374/560 644/371/560 648/373/560
f 643/369/561 638/364/561 637/363/561
f 640/367/562 647/373/562 646/372/562
f 639/371/563 642/374/563 641/373/563
f 625/363/564 639/371/564 626/364/564
f 640/372/565 628/366/565 641/373/565
f 643/354/566 625/345/566 631/348/566
f 630/366/567 632/371/567 627/364/567
f 641/373/568 626/364/568 639/371/568
f 634/348/569 640/350/569 646/354/569
f 635/366/570 644/371/570 633/364/570
f 645/371/571 642/366/571 638/364/571
f 649/363/572 650/364/572 651/365/572
f 652/366/573 653/367/573 654/368/573
f 655/363/574 656/365/574 657/364/574
f 658/367/575 659/366/575 660/368/575
f 661/369/576 662/370/576 663/371/576
f 664/372/577 665/373/577 666/374/577
f 667/369/578 668/371/578 669/370/578
f 670/372/579 671/374/579 672/373/579
f 649/363/580 656/371/580 655/369/580
f 652/366/581 651/365/581 650/364/581
f 658/372/582 654/366/582 653/367/582
f 657/364/583 660/368/583 659/366/583
f 655/363/584 668/371/584 667/369/584
f 670/372/585 659/366/585 658/367/585
f 669/370/586 672/373/586 671/374/586
f 661/363/587 669/371/587 662/364/587
f 664/367/588 671/373/588 670/372/588
f 663/371/589 666/374/589 665/373/589
f 649/363/590 663/371/590 650/364/590
f 653/367/591 665/373/591 664/372/591
f 667/354/592 649/345/592 655/348/592
f 654/366/593 656/371/593 651/364/593
f 665/373/594 650/364/594 663/371/594
f 670/354/595 653/345/595 664/350/595
f 659/366/596 668/371/596 657/364/596
f 671/373/597 662/364/597 669/371/597
f 673/375/598 674/376/598 675/377/598
f 676/376/599 677/375/599 678/377/599
f 679/378/600 680/379/600 681/380/600
f 682/378/601 683/380/601 684/379/601
f 685/381/602 686/382/602 687/383/602
f 688/381/603 689/383/603 690/382/603
f 691/384/604 692/385/604 693/386/604
f 694/384/605 695/386/605 696/385/605
f 673/375/606 680/379/606 679/378/606
f 676/387/607 675/388/607 674/389/607
f 682/378/608 678/377/608 677/375/608
f 683/390/609 680/391/609 684/392/609
f 691/384/610 681/380/610 692/385/610
f 682/378/611 696/385/611 683/380/611
f 693/391/612 696/390/612 695/392/612
f 685/381/613 693/386/613 686/382/613
f 694/384/614 690/382/614 695/386/614
f 689/387/615 686/388/615 690/393/615
f 673/375/616 687/383/616 674/376/616
f 688/381/617 676/376/617 689/383/617
f 691/384/618 673/375/618 679/378/618
f 678/393/619 680/391/619 675/388/619
f 687/394/620 676/395/620 674/396/620
f 682/378/621 688/381/621 694/384/621
f 683/395/622 692/394/622 681/396/622
f 695/392/623 686/388/623 693/391/623
f 698/397/624 701/398/624 697/399/624
f 700/400/625 703/401/625 704/402/625
f 702/403/626 705/404/626 701/398/626
f 704/402/627 707/405/627 708/406/627
f 710/407/628 705/404/628 706/408/628
f 712/409/629 707/405/629 711/410/629
f 710/407/630 713/411/630 709/412/630
f 716/413/631 711/410/631 715/414/631
f 718/415/493 713/416/493 714/417/493
f 716/418/494 719/419/494 720/420/494
f 718/415/632 721/421/632 717/422/632
f 724/423/633 719/419/633 723/424/633
f 722/425/634 725/426/634 721/421/634
f 728/427/635 723/424/635 727/428/635
f 726/429/636 729/430/636 725/426/636
f 732/431/637 727/428/637 731/432/637
f 698/397/638 729/430/638 730/433/638
f 700/400/639 731/432/639 699/434/639
f 701/398/504 709/435/504 717/422/504
f 700/400/640 702/403/640 698/397/640
f 732/431/641 698/397/641 730/433/641
f 727/428/507 719/419/507 711/436/507
f 704/402/642 706/408/642 702/403/642
f 708/406/643 710/407/643 706/408/643
f 712/409/644 714/437/644 710/407/644
f 716/418/510 718/415/510 714/417/510
f 720/420/645 722/425/645 718/415/645
f 724/423/646 726/429/646 722/425/646
f 728/427/647 730/433/647 726/429/647
f 733/438/648 734/439/648 735/440/648
f 736/439/649 737/438/649 738/440/649
f 739/441/650 740/442/650 741/443/650
f 742/441/651 743/443/651 744/442/651
f 745/444/652 746/445/652 747/446/652
f 748/444/653 749/446/653 750/445/653
f 751/447/654 752/448/654 753/449/654
f 754/447/655 755/449/655 756/448/655
f 733/438/656 740/442/656 739/441/656
f 736/441/657 735/440/657 734/438/657
f 742/441/658 738/440/658 737/438/658
f 741/438/659 744/442/659 743/441/659
f 739/441/660 752/448/660 751/447/660
f 742/441/661 756/448/661 743/443/661
f 753/445/662 756/447/662 755/449/662
f 745/444/663 753/449/663 746/445/663
f 754/447/664 750/445/664 755/449/664
f 749/447/665 746/445/665 750/449/665
f 745/444/666 734/439/666 733/438/666
f 737/438/667 749/446/667 748/444/667
f 751/447/668 733/438/668 739/441/668
f 738/450/669 740/451/669 735/452/669
f 749/447/670 734/438/670 747/444/670
f 742/441/671 748/444/671 754/447/671
f 741/438/672 756/447/672 752/444/672
f 753/451/673 750/450/673 746/452/673
f 7/13/9 1/16/9 3/14/9
f 4/4/10 6/6/10 3/3/10
f 10/13/11 12/15/11 6/14/11
f 9/2/12 8/3/12 12/6/12
f 7/1/13 9/2/13 20/9/13
f 10/5/14 22/10/14 24/11/14
f 23/12/15 21/8/15 20/9/15
f 19/17/16 21/20/16 14/18/16
f 16/19/17 18/18/17 23/20/17
f 17/11/18 15/9/18 14/8/18
f 1/1/674 13/7/674 15/9/674
f 16/10/675 5/5/675 4/4/675
f 19/17/21 13/19/21 1/16/21
f 6/21/22 12/453/22 8/22/22
f 15/9/676 17/11/676 4/4/676
f 10/13/24 5/16/24 16/19/24
f 11/4/677 24/11/677 20/9/677
f 21/22/26 23/453/26 18/21/26
f 25/16/35 27/14/35 32/15/35
f 26/2/36 28/4/36 30/6/36
f 34/13/37 36/15/37 30/14/37
f 33/2/38 32/3/38 36/6/38
f 31/1/39 33/2/39 44/9/39
f 46/10/678 48/11/678 35/4/678
f 45/8/41 44/9/41 48/11/41
f 43/17/42 45/20/42 38/18/42
f 46/17/43 40/19/43 42/18/43
f 41/11/44 39/9/44 38/8/44
f 37/7/45 39/9/45 26/2/45
f 29/5/46 28/4/46 41/11/46
f 43/17/47 37/19/47 25/16/47
f 30/21/48 36/453/48 32/22/48
f 41/11/49 28/4/49 26/2/49
f 34/13/50 29/16/50 40/19/50
f 35/4/51 48/11/51 44/9/51
f 45/22/52 47/453/52 42/21/52
f 97/71/680 99/73/680 104/75/680
f 98/83/681 100/90/681 102/84/681
f 106/74/682 108/75/682 102/73/682
f 105/86/683 104/89/683 108/87/683
f 103/74/117 105/76/117 116/81/117
f 106/74/118 118/80/118 120/81/118
f 117/89/119 116/86/119 120/88/119
f 109/77/120 115/80/120 117/82/120
f 118/80/684 112/77/684 114/78/684
f 113/90/122 111/83/122 110/85/122
f 109/77/123 111/79/123 98/72/123
f 101/71/124 100/72/124 113/79/124
f 115/80/125 109/77/125 97/71/125
f 102/84/126 108/87/126 104/89/126
f 111/91/127 113/94/127 100/92/127
f 106/74/128 101/71/128 112/77/128
f 107/92/129 120/94/129 116/91/129
f 119/87/130 114/84/130 110/85/130
f 121/71/139 123/73/139 128/75/139
f 124/90/140 126/84/140 123/85/140
f 125/71/141 130/74/141 132/75/141
f 129/86/142 128/89/142 132/87/142
f 127/74/143 129/76/143 140/81/143
f 130/74/144 142/80/144 144/81/144
f 141/89/145 140/86/145 144/88/145
f 133/77/685 139/80/685 141/82/685
f 136/77/147 138/78/147 143/82/147
f 137/90/148 135/83/148 134/85/148
f 133/77/149 135/79/149 122/72/149
f 125/71/150 124/72/150 137/79/150
f 139/80/151 133/77/151 121/71/151
f 126/84/152 132/87/152 128/89/152
f 137/94/153 124/92/153 122/93/153
f 130/74/154 125/71/154 136/77/154
f 129/93/155 131/92/155 144/94/155
f 143/87/156 138/84/156 134/85/156
f 151/74/686 145/71/686 147/73/686
f 148/90/166 150/84/166 147/85/166
f 154/74/167 156/75/167 150/73/167
f 155/88/168 153/86/168 152/89/168
f 151/74/169 153/76/169 164/81/169
f 154/74/170 166/80/170 168/81/170
f 167/87/171 165/89/171 164/86/171
f 157/77/687 163/80/687 165/82/687
f 166/80/688 160/77/688 162/78/688
f 161/90/174 159/83/174 158/85/174
f 145/71/175 157/77/175 159/79/175
f 149/71/176 148/72/176 161/79/176
f 163/80/177 157/77/177 145/71/177
f 150/84/178 156/87/178 152/89/178
f 161/94/179 148/92/179 146/93/179
f 166/80/180 154/74/180 149/71/180
f 155/92/181 168/94/181 164/91/181
f 165/89/182 167/87/182 162/84/182
f 175/74/689 169/71/689 171/73/689
f 172/90/192 174/84/192 171/85/192
f 173/71/690 178/74/690 180/75/690
f 179/88/194 177/86/194 176/89/194
f 175/74/195 177/76/195 188/81/195
f 190/80/196 192/81/196 179/76/196
f 191/87/197 189/89/197 188/86/197
f 181/77/691 187/80/691 189/82/691
f 184/77/199 186/78/199 191/82/199
f 183/83/692 182/85/692 186/84/692
f 169/71/201 181/77/201 183/79/201
f 184/77/202 173/71/202 172/72/202
f 187/80/203 181/77/203 169/71/203
f 174/84/204 180/87/204 176/89/204
f 183/91/205 185/94/205 172/92/205
f 190/80/206 178/74/206 173/71/206
f 179/92/207 192/94/207 188/91/207
f 191/87/208 186/84/208 182/85/208
f 265/165/295 267/167/295 272/169/295
f 266/177/296 268/180/296 270/178/296
f 274/168/297 276/169/297 270/167/297
f 273/177/298 272/179/298 276/178/298
f 271/168/299 273/170/299 284/175/299
f 286/174/300 288/175/300 275/170/300
f 285/181/301 284/187/301 288/182/301
f 277/171/302 283/174/302 285/176/302
f 280/171/303 282/172/303 287/176/303
f 281/182/304 279/187/304 278/181/304
f 277/171/305 279/173/305 266/166/305
f 269/165/306 268/166/306 281/173/306
f 283/174/307 277/171/307 265/165/307
f 270/184/308 276/188/308 272/185/308
f 279/187/309 281/182/309 268/180/309
f 286/174/310 274/168/310 269/165/310
f 275/180/311 288/182/311 284/187/311
f 287/188/312 282/184/312 278/186/312
f 289/201/321 291/204/321 296/202/321
f 290/190/322 292/192/322 294/194/322
f 298/203/323 300/202/323 294/204/323
f 297/190/324 296/191/324 300/194/324
f 295/189/325 297/190/325 308/197/325
f 298/193/326 310/198/326 312/199/326
f 309/196/327 308/197/327 312/199/327
f 307/205/328 309/208/328 302/206/328
f 304/207/329 306/206/329 311/208/329
f 303/197/330 302/196/330 306/200/330
f 289/189/331 301/195/331 303/197/331
f 304/198/332 293/193/332 292/192/332
f 307/205/333 301/207/333 289/201/333
f 291/209/334 294/212/334 300/210/334
f 305/199/335 292/192/335 290/190/335
f 298/203/336 293/201/336 304/207/336
f 299/192/337 312/199/337 308/197/337
f 311/210/338 306/212/338 302/209/338
f 313/201/697 315/204/697 320/202/697
f 316/192/348 318/194/348 315/191/348
f 317/201/349 322/203/349 324/202/349
f 321/190/350 320/191/350 324/194/350
f 331/195/351 319/189/351 321/190/351
f 334/198/352 336/199/352 323/192/352
f 333/196/353 332/197/353 336/199/353
f 331/205/354 333/208/354 326/206/354
f 334/205/355 328/207/355 330/206/355
f 327/197/356 326/196/356 330/200/356
f 325/195/357 327/197/357 314/190/357
f 317/193/698 316/192/698 329/199/698
f 331/205/359 325/207/359 313/201/359
f 318/212/360 324/210/360 320/211/360
f 329/199/361 316/192/361 314/190/361
f 334/205/362 322/203/362 317/201/362
f 323/192/363 336/199/363 332/197/363
f 335/210/364 330/212/364 326/209/364
f 343/219/699 337/213/699 339/215/699
f 340/216/374 342/218/374 339/215/374
f 341/217/375 346/222/375 348/224/375
f 345/221/376 344/220/376 348/224/376
f 355/225/377 343/228/377 345/226/377
f 358/225/378 360/227/378 347/226/378
f 359/224/379 357/220/379 356/221/379
f 355/219/380 357/220/380 350/215/380
f 352/217/700 354/218/700 359/224/700
f 351/214/382 350/215/382 354/218/382
f 349/229/701 351/232/701 338/230/701
f 341/231/384 340/230/384 353/232/384
f 355/225/385 349/229/385 337/231/385
f 342/218/386 348/224/386 344/220/386
f 353/210/387 340/212/387 338/209/387
f 346/228/388 341/231/388 352/229/388
f 347/212/389 360/210/389 356/211/389
f 359/224/390 354/218/390 350/215/390
f 361/233/702 363/235/702 368/240/702
f 362/234/400 364/236/400 366/238/400
f 370/242/401 372/244/401 366/238/401
f 369/241/402 368/240/402 372/244/402
f 367/228/403 369/226/403 380/227/403
f 382/225/404 384/227/404 371/226/404
f 381/240/405 380/241/405 384/243/405
f 379/239/406 381/240/406 374/235/406
f 376/237/407 378/238/407 383/244/407
f 377/236/408 375/234/408 374/235/408
f 373/229/409 375/232/409 362/230/409
f 365/231/410 364/230/410 377/232/410
f 367/228/411 379/225/411 373/229/411
f 366/238/412 372/244/412 368/240/412
f 377/245/413 364/248/413 362/246/413
f 370/228/414 365/231/414 376/229/414
f 371/248/415 384/245/415 380/247/415
f 383/244/416 378/238/416 374/235/416
f 440/303/483 439/302/483 433/296/483
f 437/300/484 436/299/484 442/305/484
f 438/301/485 437/300/485 435/298/485
f 441/304/486 440/303/486 444/307/486
f 441/304/487 446/309/487 445/308/487
f 443/306/488 442/305/488 448/311/488
f 447/310/489 446/309/489 450/313/489
f 447/310/490 452/315/490 451/314/490
f 449/312/491 448/311/491 454/317/491
f 453/316/492 452/315/492 456/319/492
f 458/321/493 457/320/493 451/338/493
f 455/340/494 454/341/494 460/323/494
f 459/322/495 458/321/495 462/325/495
f 459/322/496 464/327/496 463/326/496
f 468/331/497 461/324/497 460/323/497
f 465/328/498 464/327/498 468/331/498
f 465/328/499 470/333/499 469/332/499
f 474/337/500 467/330/500 466/329/500
f 471/334/501 470/333/501 474/337/501
f 434/297/502 433/296/502 469/332/502
f 473/336/503 472/335/503 436/299/503
f 469/332/504 433/296/504 439/302/504
f 439/302/504 445/458/504 451/338/504
f 451/338/504 457/320/504 463/326/504
f 463/326/504 469/332/504 439/302/504
f 437/300/505 444/307/505 440/303/505
f 473/336/506 438/301/506 434/297/506
f 448/342/507 442/305/507 454/341/507
f 442/305/507 436/299/507 454/341/507
f 436/299/507 472/335/507 466/329/507
f 466/329/507 460/323/507 436/299/507
f 443/306/508 450/313/508 446/309/508
f 449/312/509 456/319/509 452/315/509
f 455/340/510 462/325/510 458/321/510
f 461/324/511 468/331/511 464/327/511
f 467/330/512 474/337/512 470/333/512
f 482/303/483 481/302/483 475/296/483
f 486/307/484 479/300/484 478/299/484
f 480/301/485 479/300/485 477/298/485
f 483/304/486 482/303/486 486/307/486
f 483/304/487 488/309/487 487/308/487
f 485/306/488 484/305/488 490/311/488
f 489/310/489 488/309/489 492/313/489
f 489/310/490 494/315/490 493/314/490
f 491/312/491 490/311/491 496/317/491
f 495/316/492 494/315/492 498/319/492
f 500/321/493 499/320/493 493/338/493
f 497/340/494 496/341/494 502/323/494
f 501/322/495 500/321/495 504/325/495
f 501/322/496 506/327/496 505/326/496
f 510/331/497 503/324/497 502/323/497
f 507/328/498 506/327/498 510/331/498
f 512/333/499 511/332/499 505/326/499
f 516/337/500 509/330/500 508/329/500
f 513/334/501 512/333/501 516/337/501
f 513/334/502 476/297/502 475/296/502
f 515/336/503 514/335/503 478/299/503
f 511/332/504 475/296/504 481/302/504
f 481/302/504 487/458/504 493/338/504
f 493/338/504 499/320/504 505/326/504
f 505/326/504 511/332/504 481/302/504
f 479/300/505 486/307/505 482/303/505
f 515/336/506 480/301/506 476/297/506
f 490/342/507 484/305/507 496/341/507
f 484/305/507 478/299/507 496/341/507
f 478/299/507 514/335/507 508/329/507
f 508/329/507 502/323/507 478/299/507
f 485/306/508 492/313/508 488/309/508
f 491/312/509 498/319/509 494/315/509
f 497/340/510 504/325/510 500/321/510
f 503/324/511 510/331/511 506/327/511
f 509/330/512 516/337/512 512/333/512
f 519/298/483 524/303/483 523/302/483
f 521/300/484 520/299/484 526/305/484
f 522/301/485 521/300/485 519/298/485
f 525/304/486 524/303/486 528/307/486
f 530/309/487 529/308/487 523/302/487
f 527/306/488 526/305/488 532/311/488
f 531/310/489 530/309/489 534/313/489
f 531/310/490 536/315/490 535/314/490
f 533/312/491 532/311/491 538/317/491
f 537/316/492 536/315/492 540/319/492
f 542/321/493 541/320/493 535/338/493
f 539/340/494 538/341/494 544/323/494
f 543/322/495 542/321/495 546/325/495
f 548/327/496 547/326/496 541/320/496
f 552/331/497 545/324/497 544/323/497
f 549/328/498 548/327/498 552/331/498
f 554/333/499 553/332/499 547/326/499
f 551/330/500 550/329/500 556/335/500
f 555/334/501 554/333/501 558/337/501
f 518/297/502 517/296/502 553/332/502
f 522/301/503 557/336/503 556/335/503
f 553/332/504 517/296/504 523/302/504
f 523/302/504 529/458/504 535/338/504
f 535/338/504 541/320/504 523/302/504
f 541/320/504 547/326/504 523/302/504
f 521/300/505 528/307/505 524/303/505
f 557/336/506 522/301/506 518/297/506
f 532/342/507 526/305/507 538/341/507
f 526/305/507 520/299/507 538/341/507
f 520/299/507 556/335/507 538/341/507
f 556/335/507 550/329/507 538/341/507
f 527/306/508 534/313/508 530/309/508
f 533/312/509 540/319/509 536/315/509
f 539/340/510 546/325/510 542/321/510
f 545/324/511 552/331/511 548/327/511
f 551/330/512 558/337/512 554/333/512
f 561/298/483 566/303/483 565/302/483
f 563/300/484 562/299/484 568/305/484
f 564/301/485 563/300/485 561/298/485
f 567/304/486 566/303/486 570/307/486
f 567/304/487 572/309/487 571/308/487
f 569/306/488 568/305/488 574/311/488
f 573/310/489 572/309/489 576/313/489
f 573/310/490 578/315/490 577/314/490
f 575/312/491 574/311/491 580/317/491
f 579/316/492 578/315/492 582/319/492
f 584/321/493 583/320/493 577/338/493
f 581/340/494 580/341/494 586/323/494
f 585/322/495 584/321/495 588/325/495
f 590/327/496 589/326/496 583/320/496
f 594/331/497 587/324/497 586/323/497
f 591/328/498 590/327/498 594/331/498
f 591/328/499 596/333/499 595/332/499
f 593/330/500 592/329/500 598/335/500
f 597/334/501 596/333/501 600/337/501
f 560/297/502 559/296/502 595/332/502
f 564/301/503 599/336/503 598/335/503
f 595/332/504 559/296/504 565/302/504
f 565/302/504 571/458/504 577/338/504
f 577/338/504 583/320/504 589/326/504
f 589/326/504 595/332/504 565/302/504
f 563/300/505 570/307/505 566/303/505
f 599/336/506 564/301/506 560/297/506
f 574/342/507 568/305/507 562/299/507
f 562/299/507 598/335/507 580/341/507
f 598/335/507 592/329/507 580/341/507
f 592/329/507 586/323/507 580/341/507
f 569/306/508 576/313/508 572/309/508
f 575/312/509 582/319/509 578/315/509
f 581/340/510 588/325/510 584/321/510
f 587/324/511 594/331/511 590/327/511
f 593/330/512 600/337/512 596/333/512
f 601/343/528 603/345/528 608/350/528
f 604/346/529 606/348/529 603/345/529
f 610/352/703 612/354/703 606/348/703
f 611/353/531 609/351/531 608/350/531
f 607/355/532 609/358/532 620/356/532
f 622/357/533 624/356/533 611/358/533
f 621/350/534 620/351/534 624/353/534
f 619/349/704 621/350/704 614/345/704
f 622/352/536 616/347/536 618/348/536
f 615/344/705 614/345/705 618/348/705
f 613/359/538 615/362/538 602/360/538
f 605/361/539 604/360/539 617/362/539
f 619/357/540 613/359/540 601/361/540
f 603/345/541 606/348/541 612/354/541
f 617/357/542 604/355/542 602/361/542
f 610/355/543 605/361/543 616/359/543
f 611/355/544 624/357/544 620/359/544
f 621/350/545 623/354/545 618/348/545
f 625/363/554 627/364/554 632/371/554
f 628/366/706 630/368/706 627/365/706
f 634/372/556 636/373/556 630/366/556
f 635/366/707 633/364/707 632/365/707
f 631/363/708 633/364/708 644/371/708
f 634/367/559 646/372/559 648/373/559
f 647/374/709 645/370/709 644/371/709
f 643/369/561 645/371/561 638/364/561
f 640/367/562 642/366/562 647/373/562
f 639/371/710 638/370/710 642/374/710
f 625/363/564 637/369/564 639/371/564
f 640/372/711 629/367/711 628/366/711
f 643/354/566 637/350/566 625/345/566
f 630/366/567 636/373/567 632/371/567
f 641/373/568 628/366/568 626/364/568
f 634/348/569 629/345/569 640/350/569
f 635/366/570 648/373/570 644/371/570
f 645/371/571 647/373/571 642/366/571
f 649/363/580 651/364/580 656/371/580
f 652/366/712 654/368/712 651/365/712
f 658/372/582 660/373/582 654/366/582
f 657/364/583 656/365/583 660/368/583
f 655/363/584 657/364/584 668/371/584
f 670/372/585 672/373/585 659/366/585
f 669/370/713 668/371/713 672/373/713
f 661/363/587 667/369/587 669/371/587
f 664/367/588 666/366/588 671/373/588
f 663/371/714 662/370/714 666/374/714
f 649/363/590 661/369/590 663/371/590
f 653/367/591 652/366/591 665/373/591
f 667/354/592 661/350/592 649/345/592
f 654/366/593 660/373/593 656/371/593
f 665/373/594 652/366/594 650/364/594
f 670/354/595 658/348/595 653/345/595
f 659/366/596 672/373/596 668/371/596
f 671/373/597 666/366/597 662/364/597
f 673/375/606 675/377/606 680/379/606
f 676/387/607 678/393/607 675/388/607
f 682/378/608 684/379/608 678/377/608
f 683/390/609 681/459/609 680/391/609
f 691/384/610 679/378/610 681/380/610
f 682/378/611 694/384/611 696/385/611
f 693/391/612 692/459/612 696/390/612
f 685/381/715 691/384/715 693/386/715
f 694/384/614 688/381/614 690/382/614
f 689/387/615 687/389/615 686/388/615
f 673/375/616 685/381/616 687/383/616
f 688/381/617 677/375/617 676/376/617
f 691/384/618 685/381/618 673/375/618
f 678/393/619 684/392/619 680/391/619
f 687/394/620 689/460/620 676/395/620
f 682/378/621 677/375/621 688/381/621
f 683/395/622 696/460/622 692/394/622
f 695/392/623 690/393/623 686/388/623
f 698/397/624 702/403/624 701/398/624
f 700/400/625 699/434/625 703/401/625
f 702/403/626 706/408/626 705/404/626
f 704/402/627 703/401/627 707/405/627
f 710/407/628 709/412/628 705/404/628
f 712/409/629 708/406/629 707/405/629
f 710/407/630 714/437/630 713/411/630
f 716/413/631 712/409/631 711/410/631
f 718/415/493 717/422/493 713/416/493
f 716/418/494 715/461/494 719/419/494
f 718/415/632 722/425/632 721/421/632
f 724/423/633 720/420/633 719/419/633
f 722/425/634 726/429/634 725/426/634
f 728/427/635 724/423/635 723/424/635
f 726/429/636 730/433/636 729/430/636
f 732/431/637 728/427/637 727/428/637
f 698/397/638 697/399/638 729/430/638
f 700/400/639 732/431/639 731/432/639
f 729/430/504 697/399/504 701/398/504
f 701/398/504 705/404/504 709/435/504
f 709/435/504 713/416/504 717/422/504
f 717/422/504 721/421/504 725/426/504
f 725/426/504 729/430/504 717/422/504
f 729/430/504 701/398/504 717/422/504
f 700/400/640 704/402/640 702/403/640
f 732/431/641 700/400/641 698/397/641
f 707/405/507 703/401/507 699/434/507
f 699/434/507 731/432/507 727/428/507
f 727/428/507 723/424/507 719/419/507
f 719/419/507 715/461/507 711/436/507
f 711/436/507 707/405/507 699/434/507
f 699/434/507 727/428/507 711/436/507
f 704/402/642 708/406/642 706/408/642
f 708/406/643 712/409/643 710/407/643
f 712/409/644 716/413/644 714/437/644
f 716/418/510 720/420/510 718/415/510
f 720/420/645 724/423/645 722/425/645
f 724/423/646 728/427/646 726/429/646
f 728/427/647 732/431/647 730/433/647
f 733/438/656 735/440/656 740/442/656
f 736/441/657 738/442/657 735/440/657
f 742/441/658 744/442/658 738/440/658
f 741/438/659 740/440/659 744/442/659
f 739/441/716 741/443/716 752/448/716
f 742/441/717 754/447/717 756/448/717
f 753/445/662 752/444/662 756/447/662
f 745/444/663 751/447/663 753/449/663
f 754/447/664 748/444/664 750/445/664
f 749/447/665 747/444/665 746/445/665
f 745/444/666 747/446/666 734/439/666
f 737/438/718 736/439/718 749/446/718
f 751/447/668 745/444/668 733/438/668
f 738/450/669 744/462/669 740/451/669
f 749/447/670 736/441/670 734/438/670
f 742/441/671 737/438/671 748/444/671
f 741/438/672 743/441/672 756/447/672
f 753/451/673 755/462/673 750/450/673
usemtl stone
f 49/24/53 50/25/53 51/26/53
f 52/25/54 53/24/54 54/26/54
f 55/27/55 56/28/55 57/29/55
f 58/27/56 59/29/56 60/28/56
f 61/30/57 62/31/57 63/32/57
f 64/30/58 65/32/58 66/31/58
f 67/33/59 68/34/59 69/35/59
f 70/33/60 71/35/60 72/34/60
f 55/27/61 51/26/61 56/28/61
f 52/36/62 51/37/62 50/38/62
f 58/27/63 54/26/63 53/24/63
f 57/38/64 60/39/64 59/36/64
f 67/33/65 57/29/65 68/34/65
f 70/33/66 59/29/66 58/27/66
f 69/40/67 72/41/67 71/42/67
f 67/33/68 62/31/68 61/30/68
f 64/30/69 71/35/69 70/33/69
f 63/43/70 66/42/70 65/41/70
f 61/30/71 50/25/71 49/24/71
f 64/30/72 52/25/72 65/32/72
f 67/33/73 49/24/73 55/27/73
f 54/44/74 56/45/74 51/46/74
f 65/41/75 50/38/75 63/43/75
f 58/27/76 64/30/76 70/33/76
f 59/36/77 68/43/77 57/38/77
f 71/47/78 62/46/78 69/45/78
f 73/48/79 74/49/79 75/50/79
f 76/49/80 77/48/80 78/50/80
f 79/51/81 80/52/81 81/53/81
f 82/51/82 83/53/82 84/52/82
f 85/54/83 86/55/83 87/56/83
f 88/54/84 89/56/84 90/55/84
f 91/57/85 92/58/85 93/59/85
f 94/57/86 95/59/86 96/58/86
f 73/48/87 80/52/87 79/51/87
f 76/60/88 75/61/88 74/62/88
f 82/51/89 78/50/89 77/48/89
f 81/63/90 84/64/90 83/65/90
f 79/51/91 92/58/91 91/57/91
f 94/57/92 83/53/92 82/51/92
f 93/66/93 96/65/93 95/64/93
f 85/54/94 93/59/94 86/55/94
f 94/57/95 90/55/95 95/59/95
f 87/62/96 90/67/96 89/60/96
f 73/48/97 87/56/97 74/49/97
f 88/54/98 76/49/98 89/56/98
f 91/57/99 73/48/99 79/51/99
f 78/67/100 80/66/100 75/61/100
f 87/68/101 76/69/101 74/70/101
f 94/57/102 77/48/102 88/54/102
f 83/69/103 92/68/103 81/70/103
f 93/66/104 90/67/104 86/61/104
f 193/95/209 194/96/209 195/97/209
f 196/98/210 197/99/210 198/100/210
f 199/101/211 200/102/211 201/103/211
f 202/104/212 203/105/212 204/106/212
f 205/95/213 206/97/213 207/96/213
f 208/99/214 209/98/214 210/100/214
f 211/101/215 212/103/215 213/102/215
f 214/104/216 215/106/216 216/105/216
f 193/95/217 200/102/217 199/101/217
f 196/98/218 195/97/218 194/96/218
f 197/99/219 204/106/219 198/100/219
f 201/103/220 204/106/220 203/105/220
f 199/107/221 212/108/221 211/109/221
f 202/107/222 216/108/222 203/110/222
f 213/102/223 216/105/223 215/106/223
f 211/101/224 206/97/224 205/95/224
f 214/104/225 210/100/225 215/106/225
f 207/96/226 210/100/226 209/98/226
f 205/111/227 194/112/227 193/113/227
f 208/111/228 196/112/228 209/114/228
f 211/109/229 193/113/229 199/107/229
f 198/100/230 200/102/230 195/97/230
f 209/115/231 194/116/231 207/117/231
f 202/107/232 208/111/232 214/109/232
f 203/118/233 212/117/233 201/116/233
f 213/102/234 210/100/234 206/97/234
f 217/119/235 218/120/235 219/121/235
f 220/122/236 221/123/236 222/124/236
f 223/125/237 224/126/237 225/127/237
f 226/128/238 227/129/238 228/130/238
f 229/119/239 230/121/239 231/120/239
f 232/123/240 233/122/240 234/124/240
f 235/125/241 236/127/241 237/126/241
f 238/128/242 239/130/242 240/129/242
f 217/119/243 224/126/243 223/125/243
f 220/122/244 219/121/244 218/120/244
f 226/128/245 222/124/245 221/123/245
f 225/127/246 228/130/246 227/129/246
f 235/131/247 225/132/247 236/133/247
f 238/131/248 227/132/248 226/134/248
f 237/126/249 240/129/249 239/130/249
f 229/119/250 237/126/250 230/121/250
f 232/123/251 239/130/251 238/128/251
f 233/122/252 230/121/252 234/124/252
f 229/135/253 218/136/253 217/137/253
f 221/137/254 233/138/254 232/135/254
f 235/131/255 217/137/255 223/134/255
f 222/124/256 224/126/256 219/121/256
f 231/139/257 220/140/257 218/141/257
f 226/134/258 232/135/258 238/131/258
f 227/140/259 236/139/259 225/141/259
f 239/130/260 230/121/260 237/126/260
f 241/142/261 242/143/261 243/144/261
f 244/145/262 245/146/262 246/147/262
f 247/148/263 248/149/263 249/150/263
f 250/151/264 251/152/264 252/153/264
f 253/142/265 254/144/265 255/143/265
f 256/146/266 257/145/266 258/147/266
f 259/148/267 260/150/267 261/149/267
f 262/151/268 263/153/268 264/152/268
f 241/142/269 248/149/269 247/148/269
f 244/145/270 243/144/270 242/143/270
f 245/146/271 252/153/271 246/147/271
f 251/152/272 248/149/272 252/153/272
f 247/154/273 260/155/273 259/156/273
f 250/154/274 264/155/274 251/157/274
f 261/149/275 264/152/275 263/153/275
f 253/142/276 261/149/276 254/144/276
f 256/146/277 263/153/277 262/151/277
f 255/143/278 258/147/278 257/145/278
f 253/158/279 242/159/279 241/160/279
f 256/158/280 244/159/280 257/161/280
f 247/154/281 253/158/281 241/160/281
f 246/147/282 248/149/282 243/144/282
f 257/162/283 242/163/283 255/164/283
f 250/154/284 256/158/284 262/156/284
f 249/163/285 264/162/285 260/164/285
f 263/153/286 254/144/286 261/149/286
f 385/249/417 386/250/417 387/251/417
f 388/250/418 389/249/418 390/251/418
f 391/252/419 392/253/419 393/254/419
f 394/252/420 395/254/420 396/253/420
f 397/255/421 398/256/421 399/257/421
f 400/255/422 401/257/422 402/256/422
f 403/258/423 404/259/423 405/260/423
f 406/258/424 407/260/424 408/259/424
f 391/252/425 387/251/425 392/253/425
f 388/261/426 387/262/426 386/263/426
f 394/252/427 390/251/427 389/249/427
f 393/263/428 396/264/428 395/261/428
f 403/258/429 393/254/429 404/259/429
f 406/258/430 395/254/430 394/252/430
f 405/265/431 408/266/431 407/267/431
f 403/258/432 398/256/432 397/255/432
f 400/255/433 407/260/433 406/258/433
f 399/268/434 402/267/434 401/266/434
f 397/255/435 386/250/435 385/249/435
f 389/249/436 401/257/436 400/255/436
f 403/258/437 385/249/437 391/252/437
f 387/269/438 396/270/438 392/271/438
f 401/266/439 386/263/439 399/268/439
f 394/252/440 400/255/440 406/258/440
f 395/261/441 404/268/441 393/263/441
f 407/270/442 398/269/442 405/271/442
f 409/272/443 410/273/443 411/274/443
f 412/273/444 413/272/444 414/274/444
f 415/275/445 416/276/445 417/277/445
f 418/275/446 419/277/446 420/276/446
f 421/278/447 422/279/447 423/280/447
f 424/278/448 425/280/448 426/279/448
f 427/281/449 428/282/449 429/283/449
f 430/281/450 431/283/450 432/282/450
f 415/275/451 411/274/451 416/276/451
f 410/284/452 414/285/452 411/286/452
f 418/275/453 414/274/453 413/272/453
f 417/284/454 420/285/454 419/287/454
f 415/275/455 428/282/455 427/281/455
f 430/281/456 419/277/456 418/275/456
f 429/288/457 432/289/457 431/290/457
f 427/281/458 422/279/458 421/278/458
f 424/278/459 431/283/459 430/281/459
f 425/289/460 422/288/460 426/290/460
f 421/278/461 410/273/461 409/272/461
f 424/278/462 412/273/462 425/280/462
f 427/281/463 409/272/463 415/275/463
f 411/291/464 420/292/464 416/293/464
f 425/289/465 410/284/465 423/294/465
f 418/275/466 424/278/466 430/281/466
f 417/284/467 432/289/467 428/294/467
f 429/293/468 426/295/468 422/291/468
f 55/27/61 49/24/61 51/26/61
f 52/36/62 54/39/62 51/37/62
f 58/27/63 60/28/63 54/26/63
f 57/38/64 56/37/64 60/39/64
f 67/33/65 55/27/65 57/29/65
f 70/33/66 72/34/66 59/29/66
f 69/40/67 68/43/67 72/41/67
f 67/33/68 69/35/68 62/31/68
f 64/30/69 66/31/69 71/35/69
f 63/43/70 62/40/70 66/42/70
f 61/30/71 63/32/71 50/25/71
f 64/30/72 53/24/72 52/25/72
f 67/33/73 61/30/73 49/24/73
f 54/44/74 60/47/74 56/45/74
f 65/41/75 52/36/75 50/38/75
f 58/27/76 53/24/76 64/30/76
f 59/36/77 72/41/77 68/43/77
f 71/47/78 66/44/78 62/46/78
f 73/48/87 75/50/87 80/52/87
f 76/60/88 78/67/88 75/61/88
f 82/51/89 84/52/89 78/50/89
f 81/63/90 80/66/90 84/64/90
f 79/51/91 81/53/91 92/58/91
f 94/57/679 96/58/679 83/53/679
f 93/66/93 92/63/93 96/65/93
f 85/54/94 91/57/94 93/59/94
f 94/57/95 88/54/95 90/55/95
f 87/62/96 86/61/96 90/67/96
f 73/48/97 85/54/97 87/56/97
f 88/54/98 77/48/98 76/49/98
f 91/57/99 85/54/99 73/48/99
f 78/67/100 84/64/100 80/66/100
f 87/68/101 89/454/101 76/69/101
f 94/57/102 82/51/102 77/48/102
f 83/69/103 96/454/103 92/68/103
f 93/66/104 95/64/104 90/67/104
f 193/95/217 195/97/217 200/102/217
f 196/98/218 198/100/218 195/97/218
f 197/99/219 202/104/219 204/106/219
f 201/103/220 200/102/220 204/106/220
f 199/107/221 201/110/221 212/108/221
f 202/107/222 214/109/222 216/108/222
f 213/102/223 212/103/223 216/105/223
f 211/101/224 213/102/224 206/97/224
f 214/104/225 208/99/225 210/100/225
f 207/96/226 206/97/226 210/100/226
f 205/111/227 207/114/227 194/112/227
f 208/111/228 197/113/228 196/112/228
f 211/109/229 205/111/229 193/113/229
f 198/100/230 204/106/230 200/102/230
f 209/115/231 196/118/231 194/116/231
f 202/107/232 197/113/232 208/111/232
f 203/118/233 216/115/233 212/117/233
f 213/102/234 215/106/234 210/100/234
f 217/119/243 219/121/243 224/126/243
f 220/122/244 222/124/244 219/121/244
f 226/128/245 228/130/245 222/124/245
f 225/127/246 224/126/246 228/130/246
f 235/131/247 223/134/247 225/132/247
f 238/131/248 240/133/248 227/132/248
f 237/126/693 236/127/693 240/129/693
f 229/119/694 235/125/694 237/126/694
f 232/123/251 234/124/251 239/130/251
f 233/122/252 231/120/252 230/121/252
f 229/135/253 231/138/253 218/136/253
f 221/137/254 220/136/254 233/138/254
f 235/131/255 229/135/255 217/137/255
f 222/124/256 228/130/256 224/126/256
f 231/139/257 233/455/257 220/140/257
f 226/134/258 221/137/258 232/135/258
f 227/140/259 240/455/259 236/139/259
f 239/130/260 234/124/260 230/121/260
f 241/142/269 243/144/269 248/149/269
f 244/145/270 246/147/270 243/144/270
f 245/146/695 250/151/695 252/153/695
f 251/152/272 249/150/272 248/149/272
f 247/154/273 249/157/273 260/155/273
f 250/154/274 262/156/274 264/155/274
f 261/149/275 260/150/275 264/152/275
f 253/142/696 259/148/696 261/149/696
f 256/146/277 258/147/277 263/153/277
f 255/143/278 254/144/278 258/147/278
f 253/158/279 255/161/279 242/159/279
f 256/158/280 245/160/280 244/159/280
f 247/154/281 259/156/281 253/158/281
f 246/147/282 252/153/282 248/149/282
f 257/162/283 244/456/283 242/163/283
f 250/154/284 245/160/284 256/158/284
f 249/163/285 251/456/285 264/162/285
f 263/153/286 258/147/286 254/144/286
f 391/252/425 385/249/425 387/251/425
f 388/261/426 390/264/426 387/262/426
f 394/252/427 396/253/427 390/251/427
f 393/263/428 392/262/428 396/264/428
f 403/258/429 391/252/429 393/254/429
f 406/258/430 408/259/430 395/254/430
f 405/265/431 404/268/431 408/266/431
f 403/258/432 405/260/432 398/256/432
f 400/255/433 402/256/433 407/260/433
f 399/268/434 398/265/434 402/267/434
f 397/255/435 399/257/435 386/250/435
f 389/249/436 388/250/436 401/257/436
f 403/258/437 397/255/437 385/249/437
f 387/269/438 390/457/438 396/270/438
f 401/266/439 388/261/439 386/263/439
f 394/252/440 389/249/440 400/255/440
f 395/261/441 408/266/441 404/268/441
f 407/270/442 402/457/442 398/269/442
f 415/275/451 409/272/451 411/274/451
f 410/284/452 412/287/452 414/285/452
f 418/275/453 420/276/453 414/274/453
f 417/284/454 416/286/454 420/285/454
f 415/275/455 417/277/455 428/282/455
f 430/281/456 432/282/456 419/277/456
f 429/288/457 428/294/457 432/289/457
f 427/281/458 429/283/458 422/279/458
f 424/278/459 426/279/459 431/283/459
f 425/289/460 423/294/460 422/288/460
f 421/278/461 423/280/461 410/273/461
f 424/278/462 413/272/462 412/273/462
f 427/281/463 421/278/463 409/272/463
f 411/291/464 414/295/464 420/292/464
f 425/289/465 412/287/465 410/284/465
f 418/275/466 413/272/466 424/278/466
f 417/284/467 419/287/467 432/289/467
f 429/293/468 431/292/468 426/295/468
