# Blender 4.5.10 LTS
# www.blender.org
mtllib stoker_trough_tower.mtl
o stoker_trough_tower
v 0.357779 0.867129 -0.351084
v 0.357819 0.872172 -0.352151
v 0.366704 0.872090 -0.351112
v 0.357789 0.868607 -0.351843
v 0.362922 0.869215 -0.351726
v 0.364099 0.872115 -0.351864
v 0.364071 0.868549 -0.351109
v 0.361450 1.282074 -0.351090
v 0.361500 1.287111 -0.349997
v 0.370335 1.281993 -0.350052
v 0.361483 1.285637 -0.350765
v 0.366605 1.284937 -0.350651
v 0.367766 1.285579 -0.350031
v 0.367731 1.282018 -0.350804
v 0.358192 0.866898 -0.263245
v 0.367116 0.871859 -0.263274
v 0.358241 0.871935 -0.262152
v 0.364484 0.868319 -0.263271
v 0.363340 0.868981 -0.262640
v 0.364519 0.871880 -0.262498
v 0.358208 0.868372 -0.262477
v 0.361912 1.286880 -0.262159
v 0.361873 1.281838 -0.261092
v 0.370747 1.281762 -0.262214
v 0.361903 1.285402 -0.261399
v 0.367023 1.284703 -0.261565
v 0.368150 1.281783 -0.261438
v 0.368178 1.285349 -0.262192
v -0.364424 0.873518 -0.347677
v -0.373259 0.878637 -0.347622
v -0.364385 0.878561 -0.348744
v -0.370690 0.875050 -0.347644
v -0.369535 0.875695 -0.348271
v -0.370662 0.878616 -0.348398
v -0.364415 0.874996 -0.348437
v -0.360704 1.293500 -0.346591
v -0.360753 1.288463 -0.347684
v -0.369628 1.288539 -0.346562
v -0.360720 1.292026 -0.347359
v -0.365852 1.291417 -0.347196
v -0.367031 1.288518 -0.347338
v -0.366996 1.292080 -0.346565
v -0.364012 0.873287 -0.259839
v -0.363962 0.878324 -0.258745
v -0.372847 0.878406 -0.259784
v -0.363995 0.874762 -0.259071
v -0.369117 0.875461 -0.259185
v -0.370243 0.878381 -0.259032
v -0.370278 0.874819 -0.259805
v -0.360291 1.293270 -0.258752
v -0.369216 1.288308 -0.258724
v -0.360331 1.288227 -0.257685
v -0.366583 1.291849 -0.258727
v -0.365434 1.291183 -0.258110
v -0.366611 1.288283 -0.257972
v -0.360301 1.291791 -0.257993
v 0.363368 0.873578 0.253425
v 0.363324 0.878623 0.252372
v 0.372219 0.878668 0.253328
v 0.363349 0.875058 0.252669
v 0.368473 0.875740 0.252741
v 0.369607 0.878657 0.252600
v 0.369638 0.875089 0.253345
v 0.361036 1.288531 0.254559
v 0.361022 1.293565 0.255666
v 0.369930 1.288576 0.255515
v 0.361020 1.292093 0.254894
v 0.366152 1.291467 0.254960
v 0.367309 1.292125 0.255571
v 0.367318 1.288565 0.254788
v 0.364594 0.873116 0.341255
v 0.373444 0.878206 0.341158
v 0.364580 0.878150 0.342362
v 0.370864 0.874628 0.341175
v 0.369717 0.875272 0.341818
v 0.370854 0.878187 0.341958
v 0.364596 0.874588 0.342026
v 0.362248 1.293103 0.343496
v 0.362292 1.288058 0.344549
v 0.371155 1.288114 0.343346
v 0.362267 1.291623 0.344252
v 0.367395 1.290999 0.344037
v 0.368566 1.288095 0.344145
v 0.368535 1.291663 0.343401
v -0.358791 0.869492 0.263482
v -0.367698 0.874481 0.263633
v -0.358834 0.874537 0.262429
v -0.365077 0.870932 0.263578
v -0.363938 0.871596 0.262942
v -0.365108 0.874500 0.262833
v -0.358810 0.870972 0.262726
v -0.361136 1.289479 0.265724
v -0.361123 1.284445 0.264617
v -0.369987 1.284389 0.265820
v -0.361138 1.288007 0.264952
v -0.366259 1.287323 0.265160
v -0.367397 1.284408 0.265021
v -0.367406 1.287967 0.265803
v -0.357565 0.869030 0.351313
v -0.357578 0.874064 0.352419
v -0.366472 0.874019 0.351463
v -0.357562 0.870502 0.352084
v -0.362694 0.871128 0.352019
v -0.363861 0.874030 0.352190
v -0.363852 0.870470 0.351408
v -0.359910 1.289017 0.353554
v -0.368761 1.283927 0.353651
v -0.359867 1.283972 0.354607
v -0.366180 1.287506 0.353633
v -0.365016 1.286855 0.354237
v -0.366150 1.283938 0.354378
v -0.359891 1.287537 0.354309
v 0.372853 0.872502 -0.255358
v 0.372855 0.877575 -0.261571
v 0.373871 0.877555 -0.255321
v 0.372880 0.874002 -0.259762
v 0.373487 0.874659 -0.258943
v 0.373600 0.877574 -0.259736
v 0.373599 0.873988 -0.255342
v 0.367847 1.287459 -0.259470
v 0.367722 1.292465 -0.253204
v 0.368863 1.287439 -0.253219
v 0.367785 1.291013 -0.257624
v 0.368408 1.290362 -0.256811
v 0.368503 1.290999 -0.253204
v 0.368592 1.287458 -0.257634
v 0.367643 0.869837 0.252129
v 0.368661 0.874889 0.252165
v 0.367517 0.874843 0.258394
v 0.368389 0.871322 0.252144
v 0.368204 0.871955 0.255748
v 0.368300 0.874862 0.256574
v 0.367580 0.871289 0.256548
v 0.362512 1.289800 0.254282
v 0.362509 1.284727 0.260496
v 0.363653 1.284773 0.254267
v 0.362485 1.288301 0.258686
v 0.363124 1.287658 0.257880
v 0.363292 1.284746 0.258676
v 0.363293 1.288333 0.254282
v 0.285024 0.871434 -0.256265
v 0.283883 0.876460 -0.256250
v 0.285027 0.876506 -0.262479
v 0.284243 0.872901 -0.256265
v 0.284412 0.873575 -0.259863
v 0.284244 0.876487 -0.260659
v 0.285051 0.872933 -0.260669
v 0.279893 1.291397 -0.254112
v 0.280018 1.286390 -0.260377
v 0.278875 1.286344 -0.254149
v 0.279956 1.289944 -0.258531
v 0.279332 1.289278 -0.257732
v 0.279236 1.286371 -0.258558
v 0.279147 1.289912 -0.254127
v 0.279814 0.868768 0.251221
v 0.279689 0.873775 0.257487
v 0.278673 0.873795 0.251236
v 0.279751 0.870221 0.255641
v 0.279128 0.870872 0.254828
v 0.278944 0.873775 0.255651
v 0.279033 0.870235 0.251221
v 0.274683 1.288731 0.253375
v 0.273665 1.283679 0.253338
v 0.274680 1.283659 0.259588
v 0.273937 1.287246 0.253359
v 0.274049 1.286575 0.256960
v 0.273936 1.283659 0.257753
v 0.274656 1.287232 0.257779
v -0.280950 0.869461 -0.253569
v -0.280965 0.874520 -0.259794
v -0.279860 0.874499 -0.253559
v -0.280965 0.870950 -0.257977
v -0.280337 0.871601 -0.257168
v -0.280194 0.874513 -0.257970
v -0.280183 0.870935 -0.253568
v -0.280189 1.284437 -0.258562
v -0.280154 1.289458 -0.252307
v -0.279084 1.284416 -0.252326
v -0.280175 1.287995 -0.256724
v -0.279549 1.287338 -0.255919
v -0.279394 1.287981 -0.252315
v -0.279418 1.284430 -0.256738
v -0.278936 0.867932 0.253944
v -0.277846 0.872970 0.253955
v -0.278902 0.872953 0.260199
v -0.278170 0.869406 0.253946
v -0.278294 0.870050 0.257551
v -0.278145 0.872957 0.258369
v -0.278916 0.869394 0.258361
v -0.278141 1.287929 0.255207
v -0.278125 1.282870 0.261432
v -0.277070 1.282887 0.255187
v -0.278126 1.286439 0.259615
v -0.277507 1.285787 0.258800
v -0.277369 1.282874 0.259601
v -0.277380 1.286451 0.255199
v -0.368789 0.869626 -0.253220
v -0.369859 0.874668 -0.253201
v -0.368804 0.874685 -0.259445
v -0.369550 0.871104 -0.253213
v -0.369423 0.871768 -0.256814
v -0.369561 0.874681 -0.257614
v -0.368804 0.871116 -0.257628
v -0.367994 1.289623 -0.251958
v -0.368028 1.284602 -0.258213
v -0.369083 1.284585 -0.251969
v -0.368014 1.288161 -0.256375
v -0.368635 1.287505 -0.255565
v -0.368784 1.284598 -0.256382
v -0.368760 1.288149 -0.251959
v -0.366775 0.868097 0.254293
v -0.366741 0.873118 0.260548
v -0.367846 0.873139 0.254313
v -0.366755 0.869560 0.258710
v -0.367380 0.870217 0.257905
v -0.367512 0.873125 0.258724
v -0.367536 0.869574 0.254301
v -0.365980 1.288094 0.255556
v -0.367069 1.283056 0.255545
v -0.365964 1.283035 0.261781
v -0.366746 1.286619 0.255554
v -0.366593 1.285954 0.259154
v -0.366735 1.283042 0.259956
v -0.365965 1.286605 0.259964
v 0.358960 0.874004 -0.345690
v 0.358878 0.875025 -0.354083
v 0.367838 0.874972 -0.345769
v 0.358902 0.874328 -0.351628
v 0.364039 0.874449 -0.350586
v 0.365181 0.875012 -0.351683
v 0.365238 0.874291 -0.345749
v 0.358815 0.953103 -0.353519
v 0.358895 0.954002 -0.345113
v 0.367776 0.953050 -0.345205
v 0.358839 0.953764 -0.351054
v 0.363976 0.953636 -0.350015
v 0.365174 0.953726 -0.345175
v 0.365118 0.953090 -0.351120
v 0.365528 0.869080 0.337460
v 0.374407 0.870048 0.337382
v 0.365609 0.869979 0.345867
v 0.371807 0.869367 0.337402
v 0.370701 0.869455 0.342263
v 0.371864 0.870003 0.343346
v 0.365585 0.869318 0.343402
v 0.365464 0.949078 0.338037
v 0.365546 0.948057 0.346430
v 0.374345 0.948126 0.337945
v 0.365522 0.948754 0.343975
v 0.370638 0.948642 0.342835
v 0.371801 0.948081 0.343910
v 0.371743 0.948802 0.337975
v -0.363247 0.873375 -0.338750
v -0.372127 0.874327 -0.338658
v -0.363328 0.874395 -0.347143
v -0.369526 0.873651 -0.338688
v -0.368420 0.873811 -0.343548
v -0.369583 0.874372 -0.344622
v -0.363304 0.873699 -0.344688
v -0.363311 0.953373 -0.338173
v -0.363391 0.952473 -0.346579
v -0.372190 0.952405 -0.338095
v -0.363368 0.953134 -0.344114
v -0.368484 0.952997 -0.342976
v -0.369646 0.952450 -0.344059
v -0.369590 0.953086 -0.338115
v -0.356678 0.868451 0.344400
v -0.356598 0.869350 0.352807
v -0.365558 0.869403 0.344493
v -0.356621 0.868689 0.350342
v -0.361758 0.868817 0.349302
v -0.362900 0.869362 0.350407
v -0.362957 0.868726 0.344463
v -0.356742 0.948449 0.344977
v -0.365621 0.947481 0.345056
v -0.356660 0.947428 0.353370
v -0.363021 0.948162 0.345036
v -0.361822 0.948003 0.349873
v -0.362963 0.947440 0.350970
v -0.356685 0.948125 0.350915
v 0.022356 1.083043 -0.243512
v 0.021744 1.083583 -0.244601
v 0.023192 1.083946 -0.244094
v 0.021988 1.083111 -0.244243
v 0.022600 1.083321 -0.244407
v 0.022579 1.083749 -0.244654
v 0.023012 1.083367 -0.243884
v -0.004088 1.208472 -0.260288
v -0.003790 1.209450 -0.259390
v -0.002640 1.208836 -0.259781
v -0.004066 1.209073 -0.260065
v -0.003413 1.209086 -0.260204
v -0.003042 1.209330 -0.259706
v -0.003253 1.208639 -0.260341
v 0.097326 1.119103 -0.079882
v 0.098162 1.120005 -0.080464
v 0.097625 1.120080 -0.078984
v 0.097982 1.119427 -0.080254
v 0.098096 1.119633 -0.079630
v 0.098193 1.120118 -0.079619
v 0.097602 1.119480 -0.079208
v 0.071181 1.245510 -0.095760
v 0.071793 1.244970 -0.094671
v 0.072330 1.244895 -0.096151
v 0.071549 1.245442 -0.095029
v 0.072083 1.245399 -0.095427
v 0.072361 1.245008 -0.095306
v 0.071928 1.245389 -0.096076
v -0.141086 1.059301 -0.163396
v -0.142235 1.059915 -0.163005
v -0.141698 1.059840 -0.164485
v -0.141834 1.059421 -0.163080
v -0.141988 1.059412 -0.163729
v -0.142267 1.059802 -0.163850
v -0.141454 1.059368 -0.164126
v -0.167231 1.185707 -0.179273
v -0.167530 1.184730 -0.180172
v -0.168067 1.184805 -0.178692
v -0.167507 1.185330 -0.179948
v -0.168001 1.185177 -0.179526
v -0.168098 1.184692 -0.179537
v -0.167887 1.185383 -0.178901
v -0.066116 1.095360 0.000234
v -0.065817 1.096338 0.001132
v -0.067265 1.095975 0.000625
v -0.065840 1.095737 0.000909
v -0.066492 1.095724 0.001048
v -0.066652 1.096172 0.001185
v -0.066863 1.095480 0.000550
v -0.092261 1.221767 -0.015644
v -0.093097 1.220864 -0.015062
v -0.091649 1.221227 -0.014555
v -0.092917 1.221443 -0.015272
v -0.092505 1.221490 -0.014749
v -0.092484 1.221061 -0.014502
v -0.091893 1.221700 -0.014913
v -0.183547 1.080175 -0.192074
v -0.184358 1.080732 -0.192352
v -0.183282 1.080793 -0.192842
v -0.184109 1.080326 -0.192276
v -0.183843 1.080425 -0.192689
v -0.183922 1.080764 -0.192820
v -0.183349 1.080370 -0.192623
v -0.188715 1.177081 -0.189887
v -0.187957 1.177694 -0.189579
v -0.187639 1.177142 -0.190377
v -0.188504 1.177503 -0.189790
v -0.188230 1.177450 -0.190207
v -0.187743 1.177546 -0.190137
v -0.188279 1.177113 -0.190355
v -0.054521 1.084775 -0.143831
v -0.054256 1.085394 -0.144599
v -0.053764 1.085388 -0.143523
v -0.054322 1.084970 -0.144380
v -0.053911 1.085058 -0.144108
v -0.053787 1.085404 -0.144163
v -0.053975 1.084966 -0.143619
v -0.058931 1.182295 -0.141336
v -0.058121 1.181738 -0.141058
v -0.058613 1.181743 -0.142134
v -0.058369 1.182143 -0.141133
v -0.058299 1.182083 -0.141625
v -0.058144 1.181753 -0.141698
v -0.058717 1.182147 -0.141894
v -0.231608 1.074700 -0.063013
v -0.231926 1.075251 -0.062214
v -0.232418 1.075257 -0.063291
v -0.231822 1.074847 -0.062454
v -0.232240 1.074911 -0.062723
v -0.232395 1.075241 -0.062651
v -0.232170 1.074851 -0.063216
v -0.236018 1.172219 -0.060518
v -0.236775 1.171606 -0.060826
v -0.236283 1.171601 -0.059749
v -0.236564 1.172028 -0.060730
v -0.236628 1.171936 -0.060241
v -0.236752 1.171591 -0.060186
v -0.236217 1.172024 -0.059968
v -0.102581 1.079300 -0.014770
v -0.101824 1.079913 -0.014462
v -0.102900 1.079852 -0.013971
v -0.102035 1.079491 -0.014559
v -0.102309 1.079544 -0.014142
v -0.102260 1.079881 -0.013994
v -0.102796 1.079448 -0.014211
v -0.106991 1.176820 -0.012275
v -0.107257 1.176201 -0.011506
v -0.106181 1.176262 -0.011997
v -0.107190 1.176625 -0.011725
v -0.106696 1.176569 -0.011660
v -0.106617 1.176231 -0.011529
v -0.106430 1.176668 -0.012072
v 0.185355 1.084174 -0.036945
v 0.184936 1.084710 -0.037957
v 0.186200 1.084942 -0.037371
v 0.185095 1.084268 -0.037627
v 0.185666 1.084423 -0.037716
v 0.185693 1.084811 -0.037928
v 0.185989 1.084432 -0.037213
v 0.170336 1.198099 -0.051341
v 0.170577 1.198940 -0.050492
v 0.171600 1.198331 -0.050755
v 0.170370 1.198630 -0.051126
v 0.170963 1.198607 -0.051193
v 0.171264 1.198794 -0.050712
v 0.171093 1.198200 -0.051312
v 0.239724 1.109251 0.116204
v 0.240569 1.110020 0.115778
v 0.239965 1.110092 0.117052
v 0.240358 1.109509 0.115936
v 0.240416 1.109676 0.116507
v 0.240529 1.110104 0.116536
v 0.239931 1.109561 0.116837
v 0.224946 1.224018 0.102657
v 0.225365 1.223481 0.103668
v 0.225969 1.223409 0.102394
v 0.225205 1.223924 0.103338
v 0.225713 1.223860 0.103029
v 0.225929 1.223493 0.103152
v 0.225632 1.223872 0.102437
v 0.031574 1.071070 0.019794
v 0.030552 1.071679 0.020057
v 0.031155 1.071606 0.018782
v 0.030888 1.071215 0.020013
v 0.030807 1.071227 0.019421
v 0.030592 1.071594 0.019298
v 0.031315 1.071164 0.019112
v 0.016797 1.185836 0.006247
v 0.016555 1.184995 0.005398
v 0.015951 1.185068 0.006673
v 0.016589 1.185526 0.005613
v 0.016104 1.185411 0.005943
v 0.015992 1.184983 0.005914
v 0.016162 1.185578 0.006514
v 0.085943 1.096148 0.172942
v 0.086185 1.096989 0.173791
v 0.084921 1.096757 0.173206
v 0.086151 1.096457 0.173576
v 0.085557 1.096481 0.173644
v 0.085428 1.096888 0.173762
v 0.085257 1.096293 0.173162
v 0.071166 1.210914 0.159396
v 0.070320 1.210145 0.159822
v 0.071584 1.210377 0.160407
v 0.070531 1.210656 0.159663
v 0.070854 1.210665 0.160166
v 0.070827 1.210276 0.160378
v 0.071425 1.210820 0.160077
v -0.146688 1.076936 -0.222692
v -0.147235 1.077471 -0.223332
v -0.146086 1.077531 -0.223219
v -0.147063 1.077078 -0.223141
v -0.146635 1.077170 -0.223360
v -0.146637 1.077499 -0.223514
v -0.146250 1.077120 -0.223061
v -0.151984 1.171560 -0.224796
v -0.151495 1.172167 -0.224173
v -0.150835 1.171620 -0.224683
v -0.151852 1.171974 -0.224617
v -0.151417 1.171919 -0.224833
v -0.151040 1.172017 -0.224537
v -0.151385 1.171587 -0.224977
v -0.061486 1.082854 -0.118660
v -0.060884 1.083449 -0.119187
v -0.060998 1.083462 -0.118037
v -0.061048 1.083038 -0.119029
v -0.060835 1.083130 -0.118598
v -0.060703 1.083468 -0.118588
v -0.061129 1.083047 -0.118216
v -0.066293 1.178086 -0.120141
v -0.065747 1.177550 -0.119500
v -0.065633 1.177538 -0.120650
v -0.065919 1.177944 -0.119691
v -0.065618 1.177878 -0.120072
v -0.065452 1.177556 -0.120052
v -0.065838 1.177935 -0.120505
v -0.250668 1.073016 -0.137310
v -0.251328 1.073563 -0.136800
v -0.251214 1.073551 -0.137951
v -0.251123 1.073166 -0.136946
v -0.251343 1.073223 -0.137379
v -0.251509 1.073545 -0.137399
v -0.251042 1.073158 -0.137759
v -0.255474 1.168247 -0.138791
v -0.255963 1.167640 -0.139414
v -0.256077 1.167652 -0.138264
v -0.255832 1.168054 -0.139235
v -0.256125 1.167971 -0.138853
v -0.256258 1.167633 -0.138862
v -0.255912 1.168063 -0.138422
v -0.165466 1.078934 -0.033278
v -0.164977 1.079541 -0.032655
v -0.166126 1.079482 -0.032768
v -0.165108 1.079127 -0.032834
v -0.165544 1.079183 -0.032618
v -0.165575 1.079514 -0.032474
v -0.165921 1.079085 -0.032914
v -0.170272 1.174165 -0.034759
v -0.170875 1.173570 -0.034232
v -0.169726 1.173630 -0.034118
v -0.170710 1.173981 -0.034390
v -0.170326 1.173931 -0.034091
v -0.170324 1.173603 -0.033937
v -0.169898 1.174024 -0.034310
v 0.208127 1.070100 0.029108
v 0.207341 1.070597 0.028050
v 0.208874 1.071047 0.028381
v 0.207656 1.070131 0.028401
v 0.208255 1.070367 0.028150
v 0.208185 1.070801 0.027887
v 0.208741 1.070449 0.028635
v 0.173479 1.198181 0.011669
v 0.173854 1.199233 0.012527
v 0.175013 1.198631 0.011999
v 0.173504 1.198810 0.011879
v 0.174156 1.198845 0.011654
v 0.174588 1.199128 0.012113
v 0.174323 1.198384 0.011506
v 0.303732 1.115729 0.186858
v 0.304479 1.116676 0.186131
v 0.304107 1.116781 0.187716
v 0.304345 1.116078 0.186385
v 0.304530 1.116316 0.187006
v 0.304610 1.116822 0.186992
v 0.304082 1.116152 0.187506
v 0.269459 1.244862 0.170277
v 0.270245 1.244364 0.171334
v 0.270617 1.244260 0.169749
v 0.269930 1.244831 0.170983
v 0.270431 1.244794 0.170510
v 0.270749 1.244405 0.170610
v 0.270193 1.244757 0.169862
v 0.051197 1.041715 0.132426
v 0.050039 1.042318 0.132954
v 0.050411 1.042213 0.131368
v 0.050463 1.041820 0.132840
v 0.050225 1.041783 0.132193
v 0.049907 1.042172 0.132093
v 0.050726 1.041746 0.131719
v 0.016924 1.170849 0.115845
v 0.016549 1.169797 0.114987
v 0.016177 1.169901 0.116572
v 0.016574 1.170426 0.115197
v 0.016126 1.170262 0.115696
v 0.016045 1.169756 0.115711
v 0.016311 1.170500 0.116318
v 0.146802 1.087344 0.290175
v 0.147177 1.088396 0.291034
v 0.145643 1.087947 0.290703
v 0.147152 1.087767 0.290824
v 0.146500 1.087732 0.291049
v 0.146333 1.088193 0.291197
v 0.146068 1.087450 0.290590
v 0.112529 1.216478 0.273595
v 0.111782 1.215531 0.274322
v 0.113315 1.215980 0.274652
v 0.111915 1.216129 0.274068
v 0.112401 1.216211 0.274552
v 0.112471 1.215777 0.274815
v 0.113000 1.216447 0.274301
v -0.009511 1.130732 -0.146490
v -0.010541 1.131284 -0.146765
v -0.009319 1.131499 -0.147392
v -0.010196 1.130841 -0.146697
v -0.009918 1.130997 -0.147192
v -0.010060 1.131384 -0.147335
v -0.009332 1.130993 -0.147141
v -0.027594 1.243200 -0.141647
v -0.026772 1.244006 -0.141310
v -0.026372 1.243414 -0.142274
v -0.027396 1.243717 -0.141535
v -0.027091 1.243696 -0.142038
v -0.026532 1.243869 -0.141979
v -0.027113 1.243299 -0.142217
v 0.142914 1.151655 -0.096124
v 0.143107 1.152422 -0.097026
v 0.143736 1.152462 -0.095787
v 0.143093 1.151916 -0.096774
v 0.143576 1.152066 -0.096473
v 0.143675 1.152486 -0.096536
v 0.143538 1.151944 -0.095898
v 0.125654 1.264929 -0.090943
v 0.126683 1.264377 -0.090668
v 0.126054 1.264337 -0.091908
v 0.126339 1.264820 -0.090736
v 0.126403 1.264766 -0.091319
v 0.126621 1.264401 -0.091418
v 0.125894 1.264792 -0.091612
v -0.058307 1.116268 0.007191
v -0.058707 1.116860 0.008155
v -0.059337 1.116821 0.006916
v -0.058547 1.116405 0.007860
v -0.059057 1.116431 0.007566
v -0.059275 1.116796 0.007666
v -0.058992 1.116378 0.006984
v -0.075568 1.229543 0.012371
v -0.076390 1.228736 0.012034
v -0.075761 1.228775 0.013274
v -0.076192 1.229254 0.012146
v -0.076229 1.229131 0.012720
v -0.076328 1.228711 0.012784
v -0.075747 1.229281 0.013022
v 0.094118 1.137191 0.057557
v 0.094940 1.137998 0.057894
v 0.093718 1.137783 0.058522
v 0.094743 1.137480 0.057783
v 0.094438 1.137501 0.058286
v 0.094460 1.137899 0.058465
v 0.093878 1.137328 0.058227
v 0.076858 1.250465 0.062738
v 0.076665 1.249698 0.063640
v 0.077887 1.249913 0.063013
v 0.076679 1.250204 0.063389
v 0.077265 1.250201 0.063440
v 0.077406 1.249814 0.063583
v 0.077543 1.250356 0.062945
v 0.167897 1.072364 -0.228520
v 0.167811 1.072896 -0.229686
v 0.168858 1.073203 -0.228673
v 0.167871 1.072442 -0.229290
v 0.168464 1.072628 -0.229186
v 0.168551 1.073035 -0.229399
v 0.168612 1.072659 -0.228574
v 0.153903 1.191503 -0.251204
v 0.153820 1.192411 -0.250299
v 0.154950 1.191810 -0.250191
v 0.153844 1.192067 -0.250993
v 0.154459 1.192067 -0.250855
v 0.154584 1.192284 -0.250276
v 0.154643 1.191642 -0.250916
v 0.168106 1.103331 -0.057962
v 0.169068 1.104170 -0.058115
v 0.168023 1.104239 -0.057057
v 0.168821 1.103626 -0.058016
v 0.168675 1.103813 -0.057432
v 0.168762 1.104268 -0.057376
v 0.168083 1.103675 -0.057268
v 0.154029 1.223379 -0.079741
v 0.154115 1.222846 -0.078574
v 0.155159 1.222777 -0.079633
v 0.154055 1.223300 -0.078970
v 0.154669 1.223251 -0.079101
v 0.154854 1.222875 -0.078894
v 0.154793 1.223251 -0.079718
v -0.004307 1.052852 -0.224766
v -0.005437 1.053453 -0.224873
v -0.004393 1.053384 -0.225932
v -0.005071 1.052979 -0.224788
v -0.004947 1.052979 -0.225406
v -0.005132 1.053355 -0.225613
v -0.004333 1.052930 -0.225536
v -0.018384 1.172899 -0.246545
v -0.018301 1.171991 -0.247450
v -0.019345 1.172060 -0.246391
v -0.018360 1.172555 -0.247239
v -0.018953 1.172418 -0.247074
v -0.019040 1.171962 -0.247130
v -0.019099 1.172604 -0.246490
v -0.004098 1.083819 -0.054208
v -0.004181 1.084727 -0.053302
v -0.005228 1.084421 -0.054316
v -0.004121 1.084163 -0.053513
v -0.004736 1.084163 -0.053652
v -0.004921 1.084588 -0.053590
v -0.004862 1.083946 -0.054230
v -0.018175 1.203866 -0.075987
v -0.019136 1.203027 -0.075833
v -0.018089 1.203334 -0.074820
v -0.018890 1.203571 -0.075932
v -0.018742 1.203602 -0.075320
v -0.018829 1.203195 -0.075107
v -0.018149 1.203788 -0.075216
v 0.114900 1.078658 -0.088404
v 0.113856 1.079198 -0.088817
v 0.115185 1.079461 -0.089314
v 0.114216 1.078749 -0.088703
v 0.114559 1.078919 -0.089180
v 0.114418 1.079317 -0.089346
v 0.115156 1.078935 -0.089054
v 0.092027 1.194760 -0.086137
v 0.092806 1.195624 -0.085692
v 0.093357 1.195023 -0.086634
v 0.092200 1.195304 -0.086000
v 0.092577 1.195292 -0.086481
v 0.093141 1.195490 -0.086351
v 0.092590 1.194879 -0.086666
v 0.265003 1.105372 -0.017718
v 0.265289 1.106174 -0.018628
v 0.265782 1.106236 -0.017273
v 0.265260 1.105649 -0.018368
v 0.265715 1.105820 -0.017998
v 0.265811 1.106260 -0.018053
v 0.265609 1.105693 -0.017410
v 0.242910 1.222338 -0.015006
v 0.243954 1.221798 -0.014593
v 0.243461 1.221736 -0.015948
v 0.243593 1.222247 -0.014707
v 0.243734 1.222193 -0.015299
v 0.243983 1.221822 -0.015373
v 0.243244 1.222203 -0.015665
v 0.046069 1.062122 0.064010
v 0.045518 1.062724 0.064952
v 0.045024 1.062662 0.063597
v 0.045734 1.062257 0.064669
v 0.045245 1.062267 0.064303
v 0.044996 1.062639 0.064377
v 0.045385 1.062213 0.063711
v 0.023975 1.179088 0.066722
v 0.023196 1.178224 0.066277
v 0.023690 1.178286 0.067632
v 0.023369 1.178768 0.066414
v 0.023263 1.178640 0.067002
v 0.023167 1.178200 0.067057
v 0.023718 1.178811 0.067372
v 0.196172 1.088836 0.134696
v 0.196951 1.089700 0.135141
v 0.195622 1.089437 0.135638
v 0.196778 1.089156 0.135004
v 0.196401 1.089168 0.135485
v 0.196389 1.089582 0.135670
v 0.195838 1.088971 0.135355
v 0.174079 1.205801 0.137408
v 0.173793 1.204999 0.138318
v 0.175123 1.205262 0.137821
v 0.173822 1.205525 0.138058
v 0.174420 1.205541 0.138184
v 0.174560 1.205143 0.138350
v 0.174762 1.205711 0.137707
v 0.023969 1.115901 -0.088180
v 0.022927 1.116464 -0.088355
v 0.024081 1.116658 -0.089101
v 0.023270 1.116018 -0.088319
v 0.023499 1.116166 -0.088839
v 0.023349 1.116553 -0.088970
v 0.024086 1.116155 -0.088846
v 0.007946 1.228419 -0.082440
v 0.008806 1.229215 -0.082192
v 0.009100 1.228613 -0.083185
v 0.008160 1.228934 -0.082352
v 0.008413 1.228906 -0.082882
v 0.008976 1.229071 -0.082879
v 0.008368 1.228508 -0.083054
v 0.180594 1.135020 -0.053368
v 0.180707 1.135777 -0.054289
v 0.181455 1.135816 -0.053120
v 0.180711 1.135274 -0.054034
v 0.181222 1.135419 -0.053783
v 0.181320 1.135837 -0.053859
v 0.181240 1.135301 -0.053208
v 0.165431 1.248335 -0.047380
v 0.166473 1.247771 -0.047205
v 0.165725 1.247732 -0.048373
v 0.166130 1.248217 -0.047241
v 0.166136 1.248159 -0.047826
v 0.166338 1.247792 -0.047943
v 0.165602 1.248190 -0.048067
v -0.009488 1.103098 0.069381
v -0.009782 1.103700 0.070374
v -0.010530 1.103661 0.069206
v -0.009659 1.103242 0.070068
v -0.010193 1.103273 0.069827
v -0.010395 1.103640 0.069944
v -0.010187 1.103215 0.069242
v -0.024651 1.216412 0.075369
v -0.025512 1.215616 0.075122
v -0.024764 1.215655 0.076290
v -0.025297 1.216131 0.075209
v -0.025279 1.216013 0.075784
v -0.025377 1.215595 0.075860
v -0.024768 1.216158 0.076035
v 0.147137 1.122217 0.104194
v 0.147997 1.123013 0.104441
v 0.146843 1.122819 0.105186
v 0.147783 1.122498 0.104354
v 0.147530 1.122526 0.104883
v 0.147575 1.122924 0.105056
v 0.146967 1.122361 0.104881
v 0.131974 1.235532 0.110181
v 0.131862 1.234774 0.111102
v 0.133016 1.234968 0.110357
v 0.131857 1.235278 0.110847
v 0.132444 1.235266 0.110841
v 0.132594 1.234879 0.110971
v 0.132673 1.235415 0.110320
v 0.356898 0.271820 -0.345099
v 0.356805 0.280240 -0.353479
v 0.365786 0.280212 -0.345187
v 0.356829 0.274294 -0.351032
v 0.361969 0.275377 -0.350002
v 0.363113 0.280228 -0.351095
v 0.363179 0.274274 -0.345169
v 0.357511 0.963437 -0.351921
v 0.357621 0.971818 -0.343503
v 0.366492 0.963409 -0.343629
v 0.357547 0.969372 -0.349447
v 0.362685 0.968274 -0.348422
v 0.363897 0.969352 -0.343584
v 0.363819 0.963426 -0.349537
v 0.365170 0.270254 0.338049
v 0.374058 0.278645 0.337961
v 0.365281 0.278635 0.346468
v 0.371452 0.272708 0.337979
v 0.370359 0.273788 0.342845
v 0.371530 0.278634 0.343932
v 0.365245 0.272701 0.343994
v 0.365893 0.970252 0.339645
v 0.365986 0.961833 0.348026
v 0.374764 0.961843 0.339519
v 0.365963 0.967778 0.345579
v 0.371075 0.966685 0.344425
v 0.372235 0.961832 0.345490
v 0.372170 0.967785 0.339564
v -0.365289 0.272547 -0.336352
v -0.374159 0.280955 -0.336225
v -0.365382 0.280966 -0.344732
v -0.371565 0.275013 -0.336270
v -0.370470 0.276113 -0.341131
v -0.371631 0.280966 -0.342196
v -0.365358 0.275020 -0.342286
v -0.364566 0.972544 -0.334756
v -0.364676 0.964164 -0.343174
v -0.373454 0.964153 -0.334667
v -0.364640 0.970098 -0.340701
v -0.369755 0.969010 -0.339551
v -0.370925 0.964164 -0.340638
v -0.370847 0.970090 -0.334685
v -0.357016 0.270980 0.346796
v -0.356906 0.279361 0.355215
v -0.365887 0.279389 0.346923
v -0.356942 0.273427 0.352741
v -0.362080 0.274524 0.351716
v -0.363214 0.279373 0.352831
v -0.363292 0.273447 0.346878
v -0.356293 0.970978 0.348392
v -0.365181 0.962587 0.348481
v -0.356200 0.962559 0.356773
v -0.362574 0.968524 0.348463
v -0.361365 0.967422 0.353296
v -0.362509 0.962571 0.354389
v -0.356224 0.968504 0.354326
v 0.323088 0.132990 -0.495920
v 0.323066 0.134221 -0.501220
v 0.330968 0.136248 -0.497640
v 0.323088 0.132548 -0.498959
v 0.327654 0.133263 -0.498721
v 0.328661 0.134852 -0.500176
v 0.328676 0.133982 -0.496428
v 0.319930 0.391892 -0.640243
v 0.319874 0.396997 -0.638362
v 0.327832 0.393920 -0.636663
v 0.319898 0.394699 -0.640400
v 0.324473 0.394592 -0.639719
v 0.325485 0.396133 -0.637869
v 0.325525 0.392523 -0.639199
v 0.321678 0.290544 -0.203871
v 0.329559 0.293803 -0.205591
v 0.321622 0.295649 -0.201990
v 0.327267 0.291536 -0.204379
v 0.326224 0.293054 -0.202526
v 0.327228 0.295146 -0.203049
v 0.321655 0.292842 -0.201833
v 0.318465 0.554551 -0.346313
v 0.318486 0.553320 -0.341013
v 0.326423 0.551474 -0.344614
v 0.318464 0.554993 -0.343273
v 0.323043 0.554383 -0.343524
v 0.324091 0.552817 -0.342072
v 0.324076 0.553688 -0.345820
v -0.321030 0.125618 -0.495051
v -0.328988 0.128696 -0.496750
v -0.321051 0.126849 -0.500351
v -0.326641 0.126482 -0.495544
v -0.325608 0.125786 -0.497840
v -0.326656 0.127352 -0.499292
v -0.321029 0.125176 -0.498091
v -0.324243 0.389626 -0.637493
v -0.324187 0.384520 -0.639374
v -0.332124 0.386367 -0.635773
v -0.324220 0.387328 -0.639531
v -0.328789 0.387116 -0.638837
v -0.329792 0.385024 -0.638315
v -0.329832 0.388634 -0.636985
v -0.322439 0.283172 -0.203002
v -0.322495 0.288278 -0.201121
v -0.330397 0.286250 -0.204701
v -0.322462 0.285470 -0.200964
v -0.327037 0.285577 -0.201645
v -0.328090 0.287646 -0.202165
v -0.328050 0.284036 -0.203495
v -0.325652 0.547180 -0.345444
v -0.333533 0.543921 -0.343724
v -0.325631 0.545949 -0.340144
v -0.331241 0.546188 -0.344936
v -0.330218 0.546907 -0.342643
v -0.331226 0.545317 -0.341188
v -0.325653 0.547622 -0.342405
v 0.284746 0.150329 -0.632531
v 0.284740 0.149863 -0.634993
v 0.291698 0.151033 -0.632891
v 0.284745 0.149735 -0.634135
v 0.288762 0.149999 -0.633918
v 0.289661 0.150233 -0.634389
v 0.289665 0.150562 -0.632649
v 0.284141 0.201841 -0.661960
v 0.284132 0.203585 -0.660161
v 0.291099 0.203012 -0.659858
v 0.284135 0.202617 -0.661570
v 0.288154 0.202715 -0.661267
v 0.289055 0.203444 -0.660084
v 0.289062 0.202211 -0.661356
v 0.284606 0.240220 -0.459261
v 0.291559 0.240925 -0.459621
v 0.284597 0.241965 -0.457462
v 0.289525 0.240454 -0.459378
v 0.288621 0.241166 -0.458188
v 0.289519 0.241687 -0.458106
v 0.284603 0.241189 -0.457852
v 0.283992 0.293477 -0.486891
v 0.283998 0.293943 -0.484429
v 0.290959 0.292903 -0.486588
v 0.283993 0.294071 -0.485287
v 0.288013 0.293882 -0.485537
v 0.288920 0.293665 -0.485073
v 0.288916 0.293336 -0.486814
v -0.281304 0.144999 -0.630222
v -0.288271 0.145572 -0.630525
v -0.281310 0.144532 -0.632684
v -0.286228 0.145139 -0.630299
v -0.285324 0.144593 -0.631576
v -0.286232 0.144810 -0.632040
v -0.281305 0.144404 -0.631826
v -0.281918 0.198255 -0.657851
v -0.281909 0.196511 -0.659650
v -0.288871 0.197550 -0.657492
v -0.281915 0.197286 -0.659261
v -0.285933 0.197309 -0.658925
v -0.286831 0.196788 -0.659006
v -0.286837 0.198021 -0.657734
v -0.281444 0.234890 -0.456952
v -0.281453 0.236634 -0.455153
v -0.288411 0.235463 -0.457255
v -0.281447 0.235859 -0.455543
v -0.285466 0.235760 -0.455846
v -0.286374 0.236264 -0.455757
v -0.286367 0.235031 -0.457029
v -0.282058 0.288146 -0.484581
v -0.289010 0.287442 -0.484221
v -0.282052 0.288612 -0.482119
v -0.286977 0.287913 -0.484464
v -0.286074 0.288476 -0.483195
v -0.286973 0.288242 -0.482723
v -0.282057 0.288741 -0.482978
v 0.052575 0.428762 -0.384793
v 0.052549 0.428979 -0.389471
v 0.053236 0.428941 -0.384795
v 0.052556 0.428841 -0.388101
v 0.052941 0.428859 -0.387496
v 0.053023 0.428967 -0.388103
v 0.053042 0.428814 -0.384795
v 0.052616 0.458618 -0.389241
v 0.052644 0.458762 -0.384560
v 0.053303 0.458580 -0.384565
v 0.052625 0.458735 -0.387869
v 0.053009 0.458706 -0.387264
v 0.053110 0.458708 -0.384563
v 0.053091 0.458606 -0.387873
v 0.057012 0.422773 0.385811
v 0.057673 0.422951 0.385809
v 0.057040 0.422916 0.390492
v 0.057479 0.422824 0.385809
v 0.057409 0.422827 0.388512
v 0.057499 0.422926 0.389119
v 0.057032 0.422800 0.389121
v 0.057081 0.452772 0.386044
v 0.057108 0.452555 0.390723
v 0.057741 0.452590 0.386039
v 0.057100 0.452693 0.389353
v 0.057477 0.452674 0.388743
v 0.057566 0.452565 0.389349
v 0.057548 0.452718 0.386041
v -0.056103 0.429006 -0.384165
v -0.056762 0.429188 -0.384160
v -0.056129 0.429223 -0.388843
v -0.056569 0.429060 -0.384162
v -0.056499 0.429104 -0.386864
v -0.056588 0.429213 -0.387470
v -0.056122 0.429085 -0.387474
v -0.056034 0.459005 -0.383932
v -0.056062 0.458862 -0.388613
v -0.056695 0.458827 -0.383930
v -0.056053 0.458978 -0.387242
v -0.056431 0.458951 -0.386632
v -0.056520 0.458852 -0.387240
v -0.056501 0.458953 -0.383930
v -0.051666 0.423016 0.386439
v -0.051638 0.423160 0.391120
v -0.052325 0.423198 0.386444
v -0.051646 0.423043 0.389748
v -0.052031 0.423072 0.389144
v -0.052113 0.423172 0.389752
v -0.052132 0.423070 0.386442
v -0.051597 0.453015 0.386672
v -0.052257 0.452837 0.386674
v -0.051570 0.452799 0.391350
v -0.052064 0.452964 0.386674
v -0.051963 0.452919 0.389375
v -0.052045 0.452811 0.389982
v -0.051578 0.452937 0.389980
v 0.051502 0.764816 -0.384478
v 0.051479 0.764983 -0.389159
v 0.052162 0.764998 -0.384482
v 0.051486 0.764860 -0.387788
v 0.051870 0.764886 -0.387182
v 0.051952 0.764989 -0.387790
v 0.051969 0.764871 -0.384481
v 0.051387 0.794623 -0.389240
v 0.051409 0.794816 -0.384561
v 0.052070 0.794638 -0.384564
v 0.051393 0.794754 -0.387870
v 0.051777 0.794734 -0.387265
v 0.051876 0.794765 -0.384563
v 0.051860 0.794628 -0.387872
v 0.055309 0.766948 0.386149
v 0.055968 0.767130 0.386145
v 0.055331 0.767141 0.390829
v 0.055775 0.767002 0.386147
v 0.055703 0.767033 0.388849
v 0.055791 0.767139 0.389455
v 0.055325 0.767010 0.389458
v 0.055216 0.796948 0.386067
v 0.055239 0.796781 0.390747
v 0.055876 0.796770 0.386064
v 0.055232 0.796904 0.389376
v 0.055610 0.796880 0.388767
v 0.055699 0.796779 0.389374
v 0.055682 0.796897 0.386064
v -0.057176 0.764481 -0.383941
v -0.057837 0.764659 -0.383938
v -0.057200 0.764648 -0.388621
v -0.057643 0.764533 -0.383939
v -0.057571 0.764549 -0.386641
v -0.057660 0.764651 -0.387248
v -0.057192 0.764525 -0.387250
v -0.057269 0.794481 -0.384023
v -0.057291 0.794288 -0.388703
v -0.057928 0.794299 -0.384019
v -0.057285 0.794419 -0.387332
v -0.057663 0.794396 -0.386723
v -0.057751 0.794290 -0.387330
v -0.057735 0.794427 -0.384021
v -0.053370 0.766613 0.386687
v -0.053347 0.766806 0.391366
v -0.054030 0.766791 0.386690
v -0.053353 0.766675 0.389996
v -0.053738 0.766695 0.389390
v -0.053820 0.766801 0.389998
v -0.053836 0.766664 0.386689
v -0.053463 0.796613 0.386604
v -0.054122 0.796431 0.386608
v -0.053439 0.796446 0.391285
v -0.053929 0.796559 0.386607
v -0.053830 0.796543 0.389308
v -0.053912 0.796441 0.389916
v -0.053446 0.796569 0.389914
v 0.413851 0.000115 -0.250030
v 0.413921 0.003452 -0.257480
v 0.415691 0.003453 -0.250032
v 0.413884 0.001083 -0.255293
v 0.414924 0.001510 -0.254325
v 0.415185 0.003443 -0.255295
v 0.415135 0.001084 -0.250027
v 0.417226 0.276711 -0.258300
v 0.417237 0.280093 -0.250871
v 0.418996 0.276712 -0.250853
v 0.417246 0.279093 -0.256128
v 0.418276 0.278648 -0.255158
v 0.418497 0.279094 -0.250862
v 0.418490 0.276702 -0.256116
v 0.411431 0.001962 0.355083
v 0.413272 0.005300 0.355080
v 0.411442 0.005344 0.362513
v 0.412716 0.002931 0.355085
v 0.412471 0.003383 0.359378
v 0.412724 0.005322 0.360339
v 0.411422 0.002962 0.360341
v 0.414817 0.281940 0.354242
v 0.414747 0.278603 0.361692
v 0.416576 0.278559 0.354259
v 0.414784 0.280972 0.359506
v 0.415822 0.280521 0.358546
v 0.416028 0.278581 0.359518
v 0.416078 0.280941 0.354250
v 0.267463 0.001884 -0.250620
v 0.265703 0.005265 -0.250638
v 0.267533 0.005221 -0.258070
v 0.266202 0.002883 -0.250628
v 0.266458 0.003303 -0.254924
v 0.266252 0.005243 -0.255896
v 0.267496 0.002852 -0.255884
v 0.270849 0.281862 -0.251461
v 0.270838 0.278480 -0.258891
v 0.269008 0.278524 -0.251458
v 0.270858 0.280862 -0.256719
v 0.269809 0.280441 -0.255757
v 0.269556 0.278502 -0.256717
v 0.269564 0.280893 -0.251463
v 0.265043 0.003731 0.354492
v 0.265054 0.007113 0.361922
v 0.263284 0.007112 0.354475
v 0.265034 0.004731 0.359750
v 0.264004 0.005176 0.358779
v 0.263790 0.007122 0.359738
v 0.263782 0.004730 0.354484
v 0.268429 0.283709 0.353651
v 0.266589 0.280371 0.353654
v 0.268359 0.280372 0.361101
v 0.267145 0.282740 0.353649
v 0.267356 0.282314 0.357947
v 0.267095 0.280381 0.358917
v 0.268396 0.282741 0.358915
v -0.268854 0.000055 -0.252178
v -0.268846 0.003462 -0.259597
v -0.267031 0.003403 -0.252161
v -0.268858 0.001072 -0.257433
v -0.267814 0.001495 -0.256467
v -0.267569 0.003439 -0.257421
v -0.267575 0.001030 -0.252175
v -0.266941 0.276730 -0.257885
v -0.266902 0.280043 -0.250424
v -0.265126 0.276671 -0.250449
v -0.266920 0.279092 -0.255691
v -0.265882 0.278643 -0.254730
v -0.265636 0.279050 -0.250433
v -0.265664 0.276707 -0.255708
v -0.267642 -0.003745 0.352928
v -0.265819 -0.000398 0.352946
v -0.267604 -0.000432 0.360389
v -0.266363 -0.002770 0.352932
v -0.266585 -0.002359 0.357230
v -0.266336 -0.000427 0.358208
v -0.267625 -0.002794 0.358195
v -0.265690 0.276243 0.354683
v -0.265699 0.272836 0.362102
v -0.263914 0.272870 0.354658
v -0.265687 0.275226 0.359937
v -0.264652 0.274788 0.358967
v -0.264430 0.272841 0.359920
v -0.264424 0.275250 0.354674
v -0.415251 0.001074 -0.251879
v -0.417027 0.004447 -0.251854
v -0.415242 0.004481 -0.259298
v -0.416516 0.002067 -0.251870
v -0.416288 0.002528 -0.256163
v -0.416510 0.004476 -0.257116
v -0.415254 0.002091 -0.257133
v -0.413298 0.281062 -0.250124
v -0.413337 0.277749 -0.257585
v -0.415122 0.277714 -0.250142
v -0.413316 0.280111 -0.255391
v -0.414356 0.279676 -0.254427
v -0.414605 0.277744 -0.255404
v -0.414578 0.280087 -0.250128
v -0.414038 -0.002726 0.353228
v -0.414000 0.000587 0.360689
v -0.415815 0.000646 0.353253
v -0.414021 -0.001775 0.358495
v -0.415059 -0.001326 0.357534
v -0.415277 0.000610 0.358512
v -0.415304 -0.001733 0.353237
v -0.412086 0.277261 0.354982
v -0.413910 0.273914 0.354965
v -0.412095 0.273855 0.362401
v -0.413366 0.276286 0.354979
v -0.413127 0.275822 0.359271
v -0.413372 0.273877 0.360225
v -0.412083 0.276244 0.360237
v 0.446480 -0.004566 -0.421213
v 0.446437 -0.003313 -0.431526
v 0.457534 -0.003510 -0.421269
v 0.446443 -0.004177 -0.428508
v 0.452826 -0.004111 -0.427204
v 0.454260 -0.003430 -0.428548
v 0.454290 -0.004316 -0.421255
v 0.447710 0.094277 -0.431030
v 0.447783 0.095424 -0.420704
v 0.458807 0.094080 -0.420773
v 0.447738 0.095110 -0.428003
v 0.454117 0.094865 -0.426701
v 0.455584 0.094971 -0.420750
v 0.455532 0.094160 -0.428052
v 0.451184 -0.008895 0.418123
v 0.462238 -0.007839 0.418067
v 0.451257 -0.007749 0.428449
v 0.458994 -0.008645 0.418081
v 0.457597 -0.008502 0.424048
v 0.459046 -0.007834 0.425382
v 0.451229 -0.008581 0.425422
v 0.452487 0.091095 0.418632
v 0.452530 0.089842 0.428945
v 0.463511 0.089751 0.418563
v 0.452524 0.090706 0.425927
v 0.458888 0.090474 0.424551
v 0.460318 0.089756 0.425878
v 0.460289 0.090642 0.418585
v -0.451350 0.007113 -0.416120
v -0.462373 0.008457 -0.416052
v -0.451392 0.008366 -0.426434
v -0.459151 0.007566 -0.416074
v -0.457750 0.007734 -0.422040
v -0.459181 0.008452 -0.423367
v -0.451386 0.007502 -0.423416
v -0.450046 0.107103 -0.415612
v -0.450120 0.105957 -0.425938
v -0.461101 0.106047 -0.415555
v -0.450092 0.106789 -0.422911
v -0.456460 0.106710 -0.421537
v -0.457908 0.106043 -0.422871
v -0.457857 0.106853 -0.415569
v -0.446646 0.002784 0.423215
v -0.446572 0.003931 0.433541
v -0.457669 0.004128 0.423284
v -0.446600 0.003098 0.430514
v -0.452979 0.003344 0.429212
v -0.454395 0.004048 0.430563
v -0.454447 0.003237 0.423261
v -0.445342 0.102774 0.423724
v -0.456397 0.101718 0.423780
v -0.445300 0.101521 0.434037
v -0.453152 0.102525 0.423766
v -0.451689 0.102319 0.429715
v -0.453122 0.101638 0.431059
v -0.445306 0.102385 0.431019
vn 0.1215 -0.5532 -0.8241
vn 0.0330 -0.0861 -0.9957
vn 0.2697 -0.2013 -0.9416
vn 0.0461 0.0700 -0.9965
vn 0.0825 0.4595 -0.8844
vn 0.2733 0.2014 -0.9406
vn 0.0827 -0.4610 0.8836
vn 0.2786 -0.2063 0.9380
vn 0.0543 -0.0709 0.9960
vn 0.1390 0.5509 0.8229
vn 0.0439 0.0854 0.9954
vn 0.2821 0.1965 0.9390
vn -0.0908 -0.4549 -0.8859
vn -0.2821 -0.1965 -0.9390
vn -0.0555 -0.0648 -0.9964
vn -0.1293 0.5575 -0.8200
vn -0.0424 0.0913 -0.9949
vn -0.2786 0.2063 -0.9380
vn -0.1314 -0.5552 0.8212
vn -0.0346 -0.0906 0.9953
vn -0.2733 -0.2014 0.9406
vn -0.0744 0.4563 0.8867
vn -0.2698 0.2014 0.9416
vn -0.0449 0.0657 0.9968
vn 0.2202 -0.9754 -0.0036
vn 0.8025 -0.5966 -0.0053
vn 0.0456 0.0022 -0.9990
vn 0.2772 -0.0000 -0.9608
vn 0.2375 0.9714 0.0014
vn 0.8129 0.5823 -0.0023
vn 0.0550 -0.0031 0.9985
vn 0.2862 -0.0050 0.9582
vn 0.0001 -0.4618 0.8870
vn 0.0039 -0.0910 0.9958
vn 0.0082 0.4571 0.8894
vn 0.0055 0.0858 0.9963
vn -0.2772 -0.0000 0.9608
vn -0.0456 -0.0022 0.9990
vn -0.2375 -0.9714 -0.0014
vn -0.8130 -0.5823 0.0023
vn -0.2202 0.9755 0.0036
vn -0.8025 0.5966 0.0053
vn -0.0550 0.0031 -0.9985
vn -0.2862 0.0050 -0.9581
vn -0.0082 -0.4571 -0.8894
vn -0.0055 -0.0858 -0.9963
vn -0.0001 0.4618 -0.8870
vn -0.0039 0.0910 -0.9958
vn -0.0089 -1.0000 -0.0026
vn 0.9999 -0.0088 -0.0047
vn -0.0047 0.0026 -1.0000
vn 0.0089 1.0000 0.0026
vn 0.0047 -0.0026 1.0000
vn -0.9999 0.0088 0.0047
vn 0.1219 -0.5492 -0.8268
vn 0.0251 -0.0829 -0.9962
vn 0.2639 -0.1949 -0.9446
vn 0.0359 0.0734 -0.9967
vn 0.0677 0.4630 -0.8838
vn 0.2617 0.2079 -0.9425
vn 0.0975 -0.4621 0.8815
vn 0.2902 -0.2048 0.9348
vn 0.0645 -0.0728 0.9953
vn 0.1387 0.5507 0.8231
vn 0.0519 0.0833 0.9952
vn 0.2879 0.1980 0.9370
vn -0.0924 -0.4537 -0.8863
vn -0.2879 -0.1980 -0.9370
vn -0.0637 -0.0629 -0.9960
vn -0.1448 0.5578 -0.8173
vn -0.0529 0.0933 -0.9942
vn -0.2902 0.2048 -0.9348
vn -0.1157 -0.5592 0.8209
vn -0.0241 -0.0938 0.9953
vn -0.2617 -0.2079 0.9425
vn -0.0728 0.4528 0.8887
vn -0.2640 0.1949 0.9446
vn -0.0367 0.0623 0.9974
vn 0.2343 -0.9721 -0.0084
vn 0.8110 -0.5849 -0.0144
vn 0.0364 0.0055 -0.9993
vn 0.2683 0.0066 -0.9633
vn 0.2234 0.9747 0.0020
vn 0.8044 0.5940 -0.0081
vn 0.0642 -0.0050 0.9979
vn 0.2951 -0.0035 0.9555
vn 0.0150 -0.4641 0.8856
vn 0.0144 -0.0936 0.9955
vn 0.0098 0.4548 0.8905
vn 0.0134 0.0832 0.9964
vn -0.2683 -0.0066 0.9633
vn -0.0364 -0.0055 0.9993
vn -0.2234 -0.9747 -0.0020
vn -0.8044 -0.5941 0.0081
vn -0.2343 0.9721 0.0084
vn -0.8110 0.5849 0.0144
vn -0.0642 0.0050 -0.9979
vn -0.2951 0.0035 -0.9555
vn -0.0098 -0.4548 -0.8906
vn -0.0134 -0.0832 -0.9964
vn -0.0150 0.4641 -0.8856
vn -0.0144 0.0936 -0.9955
vn 0.0056 -1.0000 -0.0053
vn 0.9999 0.0057 -0.0139
vn -0.0140 0.0053 -0.9999
vn -0.0056 1.0000 0.0053
vn 0.0140 -0.0053 0.9999
vn -0.9999 -0.0057 0.0139
vn 0.8887 -0.4449 -0.1103
vn 0.9113 -0.1810 -0.3698
vn 0.9966 -0.0553 -0.0614
vn 0.9066 0.2069 -0.3679
vn 0.8101 0.5603 -0.1726
vn 0.9939 0.1007 -0.0440
vn 0.8198 -0.5405 0.1894
vn 0.9950 -0.0765 0.0645
vn 0.9036 -0.1849 0.3865
vn 0.8752 0.4664 0.1286
vn 0.8988 0.2030 0.3886
vn 0.9935 0.0795 0.0819
vn -0.8063 -0.5584 -0.1951
vn -0.9928 -0.1001 -0.0655
vn -0.8988 -0.2030 -0.3886
vn -0.8863 0.4461 -0.1239
vn -0.9035 0.1849 -0.3866
vn -0.9951 0.0560 -0.0813
vn -0.8776 -0.4676 0.1057
vn -0.9066 -0.2069 0.3678
vn -0.9949 -0.0803 0.0607
vn -0.8236 0.5385 0.1782
vn -0.9961 0.0759 0.0449
vn -0.9113 0.1809 0.3698
vn 0.8937 -0.4486 0.0068
vn 0.9970 -0.0763 0.0098
vn 0.9265 0.0132 -0.3760
vn 0.9980 0.0125 -0.0612
vn 0.8825 0.4702 0.0115
vn 0.9949 0.1005 0.0107
vn 0.9186 0.0092 0.3950
vn 0.9966 0.0118 0.0818
vn 0.0083 -0.9499 0.3124
vn -0.0036 -0.4610 0.8874
vn -0.0148 0.9466 0.3221
vn -0.0147 0.4516 0.8921
vn -0.9980 -0.0125 0.0612
vn -0.9265 -0.0132 0.3760
vn -0.8825 -0.4702 -0.0115
vn -0.9949 -0.1005 -0.0107
vn -0.8937 0.4486 -0.0068
vn -0.9970 0.0763 -0.0098
vn -0.9186 -0.0092 -0.3951
vn -0.9966 -0.0118 -0.0818
vn 0.0148 -0.9466 -0.3221
vn 0.0147 -0.4516 -0.8921
vn -0.0083 0.9499 -0.3124
vn 0.0036 0.4609 -0.8874
vn 0.0122 -0.9999 -0.0051
vn 0.9999 0.0122 0.0103
vn 0.0103 0.0053 -0.9999
vn -0.0122 0.9999 0.0051
vn -0.0103 -0.0053 0.9999
vn -0.9999 -0.0122 -0.0103
vn 0.8807 -0.4577 -0.1220
vn 0.9033 -0.1945 -0.3824
vn 0.9947 -0.0694 -0.0755
vn 0.9040 0.1934 -0.3812
vn 0.8153 0.5485 -0.1854
vn 0.9945 0.0866 -0.0584
vn 0.8147 -0.5516 0.1789
vn 0.9946 -0.0903 0.0505
vn 0.9063 -0.1968 0.3741
vn 0.8834 0.4543 0.1150
vn 0.9070 0.1911 0.3752
vn 0.9955 0.0657 0.0676
vn -0.8167 -0.5475 -0.1823
vn -0.9950 -0.0862 -0.0510
vn -0.9070 -0.1911 -0.3752
vn -0.8817 0.4583 -0.1123
vn -0.9063 0.1968 -0.3740
vn -0.9953 0.0699 -0.0672
vn -0.8825 -0.4550 0.1193
vn -0.9040 -0.1934 0.3812
vn -0.9950 -0.0661 0.0751
vn -0.8133 0.5504 0.1887
vn -0.9942 0.0900 0.0589
vn -0.9033 0.1945 0.3824
vn 0.8873 -0.4612 -0.0049
vn 0.9959 -0.0903 -0.0042
vn 0.9211 -0.0006 -0.3892
vn 0.9971 -0.0017 -0.0755
vn 0.8890 0.4578 -0.0021
vn 0.9962 0.0866 -0.0037
vn 0.9242 -0.0029 0.3819
vn 0.9977 -0.0021 0.0675
vn -0.0005 -0.9493 0.3144
vn 0.0027 -0.4590 0.8884
vn 0.0031 0.9474 0.3201
vn 0.0044 0.4537 0.8912
vn -0.9971 0.0017 0.0755
vn -0.9211 0.0006 0.3892
vn -0.8891 -0.4578 0.0021
vn -0.9962 -0.0865 0.0037
vn -0.8873 0.4611 0.0049
vn -0.9959 0.0903 0.0042
vn -0.9242 0.0029 -0.3819
vn -0.9977 0.0021 -0.0675
vn -0.0031 -0.9474 -0.3201
vn -0.0044 -0.4536 -0.8912
vn 0.0005 0.9493 -0.3144
vn -0.0027 0.4590 -0.8884
vn -0.0019 -1.0000 -0.0030
vn 1.0000 -0.0019 -0.0040
vn -0.0040 0.0030 -1.0000
vn 0.0019 1.0000 0.0030
vn 0.0040 -0.0030 1.0000
vn -1.0000 0.0019 0.0040
vn 0.0451 -0.9980 -0.0439
vn 0.0779 -0.9589 -0.2728
vn 0.3182 -0.9362 -0.1494
vn 0.1275 0.9354 -0.3299
vn 0.0331 0.9986 -0.0404
vn 0.2501 0.9649 -0.0800
vn 0.0356 -0.9986 0.0397
vn 0.2533 -0.9645 0.0752
vn 0.1354 -0.9351 0.3274
vn 0.0443 0.9981 0.0430
vn 0.0815 0.9590 0.2713
vn 0.3195 0.9367 0.1433
vn -0.0339 -0.9980 -0.0541
vn -0.2516 -0.9637 -0.0891
vn -0.1339 -0.9305 -0.3409
vn -0.0459 0.9985 -0.0286
vn -0.0830 0.9627 -0.2574
vn -0.3209 0.9382 -0.1298
vn -0.0435 -0.9986 0.0295
vn -0.0763 -0.9629 0.2589
vn -0.3167 -0.9387 0.1359
vn -0.0346 0.9979 0.0548
vn -0.2516 0.9633 0.0939
vn -0.1290 0.9303 0.3434
vn 0.0456 -0.9989 -0.0076
vn 0.2533 -0.9673 -0.0094
vn 0.3558 0.0070 -0.9345
vn 0.9121 0.0037 -0.4099
vn 0.0439 0.9990 0.0068
vn 0.2518 0.9678 0.0046
vn 0.3738 -0.0064 0.9275
vn 0.9198 -0.0021 0.3923
vn 0.0013 -0.9992 0.0401
vn 0.0033 -0.9659 0.2590
vn -0.0003 0.9985 0.0545
vn 0.0018 0.9620 0.2729
vn -0.9121 -0.0037 0.4099
vn -0.3558 -0.0070 0.9345
vn -0.0440 -0.9990 -0.0068
vn -0.2517 -0.9678 -0.0046
vn -0.0456 0.9989 0.0076
vn -0.2532 0.9674 0.0094
vn -0.3737 0.0064 -0.9275
vn -0.9198 0.0021 -0.3923
vn 0.0003 -0.9985 -0.0545
vn -0.0018 -0.9620 -0.2729
vn -0.0013 0.9992 -0.0401
vn -0.0033 0.9659 -0.2590
vn 0.0008 -1.0000 -0.0072
vn 1.0000 0.0009 -0.0096
vn -0.0096 0.0072 -0.9999
vn -0.0008 1.0000 0.0072
vn 0.0096 -0.0072 0.9999
vn -1.0000 -0.0009 0.0096
vn 0.3461 -0.9187 -0.1905
vn -0.0053 -0.6065 -0.7951
vn 0.6922 -0.3351 -0.6392
vn -0.1114 0.2543 -0.9607
vn -0.1144 0.8864 -0.4486
vn 0.5327 0.5329 -0.6574
vn 0.4861 -0.8324 0.2661
vn 0.9456 -0.3182 -0.0671
vn 0.7400 -0.1630 0.6526
vn 0.1388 0.9892 -0.0474
vn 0.4750 0.6748 0.5649
vn 0.8251 0.5552 -0.1044
vn -0.1087 -0.9934 -0.0370
vn -0.7484 -0.6364 0.1870
vn -0.5841 -0.5892 -0.5583
vn -0.5166 0.8366 -0.1821
vn -0.6729 0.2802 -0.6846
vn -0.9805 0.1965 0.0100
vn 0.0317 -0.9071 0.4198
vn 0.2028 -0.3485 0.9151
vn -0.5368 -0.4168 0.7336
vn -0.2641 0.9392 0.2193
vn -0.7302 0.4219 0.5374
vn -0.0441 0.4977 0.8662
vn 0.4410 -0.8975 -0.0043
vn 0.8686 -0.3837 -0.3135
vn -0.0366 -0.1320 -0.9906
vn 0.6663 0.0443 -0.7444
vn 0.0548 0.9695 -0.2388
vn 0.6641 0.6062 -0.4377
vn 0.7181 0.2310 0.6565
vn 0.9789 0.1947 -0.0621
vn 0.3067 -0.8789 0.3655
vn 0.4537 -0.3259 0.8294
vn -0.0792 0.9882 0.1310
vn 0.2491 0.6641 0.7049
vn -0.6663 -0.0443 0.7444
vn 0.0366 0.1320 0.9906
vn -0.0549 -0.9695 0.2388
vn -0.6641 -0.6062 0.4377
vn -0.4413 0.8974 0.0043
vn -0.8687 0.3836 0.3134
vn -0.7181 -0.2310 -0.6565
vn -0.9789 -0.1947 0.0621
vn 0.0794 -0.9882 -0.1310
vn -0.2491 -0.6641 -0.7049
vn -0.3068 0.8788 -0.3655
vn -0.4540 0.3259 -0.8293
vn 0.2010 -0.9719 0.1221
vn 0.8904 0.1293 -0.4365
vn -0.4084 -0.1964 -0.8914
vn -0.2010 0.9719 -0.1221
vn 0.4084 0.1964 0.8914
vn -0.8904 -0.1293 0.4365
vn -0.0579 -0.9341 -0.3522
vn -0.6631 -0.5076 -0.5501
vn -0.0157 -0.3643 -0.9311
vn -0.6917 0.3720 -0.6190
vn -0.2241 0.9373 -0.2669
vn 0.0203 0.5147 -0.8571
vn 0.3704 -0.9205 -0.1242
vn 0.5587 -0.4487 -0.6975
vn 0.9381 -0.3439 -0.0421
vn 0.2481 0.9558 -0.1578
vn 0.8468 0.5289 0.0561
vn 0.6103 0.4319 -0.6641
vn -0.2856 -0.9553 0.0763
vn -0.5144 -0.5322 0.6724
vn -0.9031 -0.4289 0.0224
vn -0.3330 0.9202 0.2059
vn -0.8913 0.4523 -0.0309
vn -0.6451 0.3406 0.6840
vn 0.1436 -0.9418 0.3041
vn 0.7071 -0.4734 0.5252
vn 0.0508 -0.4084 0.9114
vn 0.1397 0.9387 0.3151
vn -0.0648 0.4663 0.8822
vn 0.6569 0.4008 0.6386
vn 0.1406 -0.9481 -0.2853
vn 0.3231 -0.4744 -0.8189
vn -0.7314 -0.0156 -0.6818
vn -0.0361 0.0239 -0.9991
vn 0.0537 0.9702 -0.2362
vn 0.2770 0.5428 -0.7929
vn 0.9983 0.0460 -0.0350
vn 0.6804 0.0495 -0.7311
vn 0.3039 -0.9499 0.0729
vn 0.8285 -0.4800 0.2883
vn 0.2172 0.9685 0.1220
vn 0.7825 0.5375 0.3143
vn 0.0361 -0.0239 0.9991
vn 0.7314 0.0156 0.6817
vn -0.0537 -0.9702 0.2362
vn -0.2770 -0.5426 0.7930
vn -0.1404 0.9481 0.2853
vn -0.3231 0.4743 0.8189
vn -0.9983 -0.0460 0.0349
vn -0.6804 -0.0495 0.7312
vn -0.2175 -0.9684 -0.1220
vn -0.7825 -0.5375 -0.3144
vn -0.3039 0.9499 -0.0729
vn -0.8287 0.4798 -0.2883
vn 0.0452 -0.9987 -0.0255
vn 0.3487 0.0397 -0.9364
vn -0.9361 -0.0334 -0.3500
vn -0.0452 0.9987 0.0255
vn 0.9361 0.0334 0.3500
vn -0.3487 -0.0397 0.9364
vn 0.3048 -0.9354 -0.1793
vn 0.0344 -0.5894 -0.8071
vn 0.7292 -0.3669 -0.5776
vn -0.0007 0.2793 -0.9602
vn -0.0133 0.9004 -0.4349
vn 0.6267 0.5099 -0.5892
vn 0.4046 -0.8671 0.2907
vn 0.9259 -0.3775 0.0164
vn 0.6607 -0.2231 0.7167
vn 0.2047 0.9788 -0.0085
vn 0.4588 0.6316 0.6249
vn 0.8644 0.5026 -0.0102
vn -0.1663 -0.9834 -0.0723
vn -0.8012 -0.5904 0.0978
vn -0.5624 -0.5392 -0.6268
vn -0.4429 0.8717 -0.2098
vn -0.5836 0.3362 -0.7392
vn -0.9625 0.2594 -0.0797
vn -0.0666 -0.9151 0.3977
vn 0.0902 -0.3783 0.9213
vn -0.6311 -0.3950 0.6676
vn -0.2243 0.9502 0.2165
vn -0.7514 0.4580 0.4750
vn -0.0974 0.4829 0.8703
vn 0.3821 -0.9240 0.0156
vn 0.8695 -0.4330 -0.2377
vn 0.0525 -0.1104 -0.9925
vn 0.7375 0.0153 -0.6752
vn 0.1388 0.9683 -0.2078
vn 0.7403 0.5702 -0.3561
vn 0.6633 0.1714 0.7284
vn 0.9905 0.1320 0.0376
vn 0.2140 -0.9036 0.3710
vn 0.3490 -0.3705 0.8608
vn -0.0298 0.9886 0.1478
vn 0.2202 0.6329 0.7423
vn -0.7374 -0.0153 0.6753
vn -0.0525 0.1104 0.9925
vn -0.1383 -0.9684 0.2077
vn -0.7403 -0.5702 0.3562
vn -0.3823 0.9239 -0.0156
vn -0.8695 0.4330 0.2377
vn -0.6634 -0.1714 -0.7284
vn -0.9905 -0.1320 -0.0376
vn 0.0298 -0.9886 -0.1476
vn -0.2200 -0.6329 -0.7423
vn -0.2141 0.9036 -0.3710
vn -0.3491 0.3704 -0.8608
vn 0.1268 -0.9851 0.1163
vn 0.9352 0.0797 -0.3450
vn -0.3306 -0.1525 -0.9314
vn -0.1268 0.9851 -0.1163
vn 0.3306 0.1525 0.9314
vn -0.9352 -0.0797 0.3451
vn 0.1251 -0.9392 -0.3197
vn -0.2969 -0.5195 -0.8013
vn 0.4542 -0.3769 -0.8073
vn -0.2861 0.3592 -0.8883
vn -0.0583 0.9320 -0.3577
vn 0.4496 0.5030 -0.7381
vn 0.3810 -0.9199 0.0925
vn 0.8331 -0.4547 -0.3150
vn 0.8312 -0.3387 0.4409
vn 0.2954 0.9550 -0.0258
vn 0.7043 0.5349 0.4667
vn 0.8618 0.4269 -0.2738
vn -0.2864 -0.9560 -0.0632
vn -0.7833 -0.5265 0.3305
vn -0.7924 -0.4339 -0.4287
vn -0.3900 0.9208 -0.0033
vn -0.7541 0.4463 -0.4818
vn -0.9011 0.3458 0.2615
vn -0.0307 -0.9367 0.3489
vn 0.3464 -0.4616 0.8166
vn -0.4151 -0.3955 0.8193
vn -0.0365 0.9438 0.3285
vn -0.4991 0.4779 0.7229
vn 0.2471 0.4136 0.8763
vn 0.2634 -0.9510 -0.1617
vn 0.6905 -0.4835 -0.5381
vn -0.2892 -0.0295 -0.9568
vn 0.4715 0.0101 -0.8818
vn 0.1666 0.9672 -0.1916
vn 0.6393 0.5335 -0.5538
vn 0.8805 0.0518 0.4713
vn 0.9559 0.0437 -0.2903
vn 0.2248 -0.9468 0.2301
vn 0.5704 -0.4706 0.6731
vn 0.1280 0.9713 0.2004
vn 0.5192 0.5464 0.6572
vn -0.4715 -0.0101 0.8818
vn 0.2892 0.0295 0.9568
vn -0.1667 -0.9672 0.1915
vn -0.6391 -0.5336 0.5539
vn -0.2633 0.9511 0.1617
vn -0.6905 0.4834 0.5380
vn -0.8805 -0.0518 -0.4713
vn -0.9559 -0.0437 0.2903
vn -0.1277 -0.9714 -0.2004
vn -0.5191 -0.5465 -0.6572
vn -0.2246 0.9469 -0.2302
vn -0.5704 0.4707 -0.6731
vn 0.0504 -0.9986 0.0155
vn 0.7725 0.0291 -0.6343
vn -0.6330 -0.0440 -0.7729
vn -0.0504 0.9986 -0.0155
vn 0.6330 0.0440 0.7729
vn -0.7725 -0.0291 0.6343
vn 0.3588 -0.9104 -0.2059
vn -0.0747 -0.6311 -0.7721
vn 0.6247 -0.3285 -0.7084
vn -0.2357 0.2192 -0.9468
vn -0.2035 0.8667 -0.4554
vn 0.4277 0.5318 -0.7309
vn 0.5487 -0.8043 0.2281
vn 0.9434 -0.2838 -0.1718
vn 0.8186 -0.1137 0.5629
vn 0.0913 0.9917 -0.0902
vn 0.5103 0.7100 0.4853
vn 0.7827 0.5829 -0.2180
vn -0.0704 -0.9975 0.0032
vn -0.6933 -0.6585 0.2928
vn -0.6218 -0.6282 -0.4677
vn -0.5692 0.8100 -0.1411
vn -0.7606 0.2325 -0.6061
vn -0.9796 0.1590 0.1226
vn 0.1195 -0.8913 0.4373
vn 0.3248 -0.3114 0.8930
vn -0.4276 -0.4135 0.8039
vn -0.2749 0.9350 0.2239
vn -0.6780 0.4104 0.6098
vn 0.0387 0.5229 0.8515
vn 0.4746 -0.8796 -0.0331
vn 0.8404 -0.3599 -0.4052
vn -0.1488 -0.1647 -0.9751
vn 0.5705 0.0461 -0.8200
vn -0.0143 0.9628 -0.2697
vn 0.5811 0.6170 -0.5307
vn 0.7809 0.2790 0.5590
vn 0.9555 0.2299 -0.1847
vn 0.3846 -0.8543 0.3496
vn 0.5626 -0.2820 0.7772
vn -0.1042 0.9881 0.1129
vn 0.3033 0.6952 0.6517
vn -0.5705 -0.0461 0.8200
vn 0.1488 0.1647 0.9751
vn 0.0144 -0.9628 0.2697
vn -0.5810 -0.6171 0.5307
vn -0.4745 0.8796 0.0331
vn -0.8404 0.3599 0.4052
vn -0.7809 -0.2790 -0.5589
vn -0.9555 -0.2299 0.1846
vn 0.1044 -0.9881 -0.1129
vn -0.3034 -0.6951 -0.6517
vn -0.3847 0.8543 -0.3496
vn -0.5627 0.2819 -0.7771
vn 0.2546 -0.9592 0.1232
vn 0.8259 0.1494 -0.5437
vn -0.5031 -0.2401 -0.8302
vn -0.2546 0.9592 -0.1232
vn 0.5031 0.2401 0.8302
vn -0.8259 -0.1494 0.5437
vn 0.0265 -0.9302 -0.3660
vn -0.6280 -0.5689 -0.5310
vn -0.0174 -0.3515 -0.9360
vn -0.7542 0.3034 -0.5824
vn -0.3347 0.9111 -0.2407
vn -0.0722 0.5251 -0.8479
vn 0.4608 -0.8737 -0.1561
vn 0.5725 -0.3768 -0.7282
vn 0.9667 -0.2405 -0.0875
vn 0.1374 0.9789 -0.1511
vn 0.7872 0.6160 0.0300
vn 0.5308 0.5037 -0.6815
vn -0.1782 -0.9814 0.0711
vn -0.4244 -0.5934 0.6839
vn -0.8502 -0.5239 0.0525
vn -0.4204 0.8761 0.2359
vn -0.9351 0.3542 0.0145
vn -0.6473 0.2604 0.7164
vn 0.2555 -0.9250 0.2811
vn 0.7760 -0.4014 0.4866
vn 0.1339 -0.4125 0.9011
vn 0.0521 0.9441 0.3254
vn -0.0758 0.4449 0.8924
vn 0.6378 0.4604 0.6174
vn 0.2284 -0.9237 -0.3076
vn 0.3360 -0.4260 -0.8400
vn -0.7545 -0.0852 -0.6507
vn -0.0818 0.0331 -0.9961
vn -0.0606 0.9734 -0.2210
vn 0.1827 0.5798 -0.7940
vn 0.9852 0.1536 -0.0759
vn 0.6388 0.1320 -0.7580
vn 0.4067 -0.9125 0.0432
vn 0.8869 -0.3917 0.2448
vn 0.1178 0.9845 0.1300
vn 0.7339 0.6140 0.2906
vn 0.0819 -0.0331 0.9961
vn 0.7545 0.0852 0.6507
vn 0.0606 -0.9734 0.2210
vn -0.1828 -0.5798 0.7940
vn -0.2285 0.9237 0.3076
vn -0.3361 0.4259 0.8400
vn -0.9852 -0.1536 0.0758
vn -0.6388 -0.1320 0.7580
vn -0.1178 -0.9845 -0.1300
vn -0.7337 -0.6141 -0.2907
vn -0.4067 0.9125 -0.0432
vn -0.8869 0.3918 -0.2448
vn 0.1505 -0.9876 -0.0452
vn 0.3014 0.0893 -0.9493
vn -0.9415 -0.1292 -0.3111
vn -0.1505 0.9876 0.0452
vn 0.9415 0.1292 0.3111
vn -0.3014 -0.0893 0.9493
vn 0.3780 -0.9247 -0.0451
vn 0.3175 -0.5988 -0.7353
vn 0.8902 -0.3454 -0.2970
vn 0.3052 0.2656 -0.9145
vn 0.0994 0.8930 -0.4390
vn 0.7679 0.5266 -0.3648
vn 0.3156 -0.8458 0.4301
vn 0.8813 -0.3395 0.3288
vn 0.3958 -0.1862 0.8993
vn 0.1629 0.9861 0.0331
vn 0.2067 0.6582 0.7239
vn 0.8026 0.5369 0.2601
vn -0.1001 -0.9903 -0.0968
vn -0.7685 -0.6209 -0.1545
vn -0.3072 -0.5700 -0.7621
vn -0.3785 0.8501 -0.3663
vn -0.3192 0.3022 -0.8982
vn -0.8911 0.2192 -0.3974
vn -0.1629 -0.9113 0.3781
vn -0.2048 -0.3616 0.9096
vn -0.8016 -0.4110 0.4342
vn -0.3148 0.9432 0.1059
vn -0.8806 0.4340 0.1905
vn -0.3939 0.4905 0.7773
vn 0.3868 -0.9074 0.1643
vn 0.9133 -0.4008 0.0717
vn 0.3791 -0.1220 -0.9173
vn 0.9173 0.0356 -0.3966
vn 0.1665 0.9701 -0.1763
vn 0.7965 0.5948 -0.1090
vn 0.3813 0.2081 0.9007
vn 0.9183 0.1724 0.3565
vn 0.1104 -0.8890 0.4444
vn 0.0594 -0.3441 0.9371
vn -0.1097 0.9885 0.1038
vn -0.0573 0.6516 0.7564
vn -0.9173 -0.0356 0.3966
vn -0.3790 0.1220 0.9173
vn -0.1662 -0.9702 0.1764
vn -0.7966 -0.5946 0.1089
vn -0.3867 0.9074 -0.1643
vn -0.9133 0.4009 -0.0717
vn -0.3813 -0.2081 -0.9007
vn -0.9182 -0.1724 -0.3565
vn 0.1098 -0.9885 -0.1037
vn 0.0573 -0.6515 -0.7564
vn -0.1104 0.8890 -0.4443
vn -0.0594 0.3441 -0.9371
vn 0.1146 -0.9775 0.1773
vn 0.9934 0.1126 -0.0217
vn -0.0012 -0.1786 -0.9839
vn -0.1146 0.9775 -0.1773
vn 0.0012 0.1786 0.9839
vn -0.9934 -0.1126 0.0217
vn 0.0994 -0.9290 -0.3564
vn -0.5423 -0.5886 -0.5996
vn 0.1055 -0.3523 -0.9299
vn -0.6884 0.2793 -0.6694
vn -0.3322 0.8999 -0.2826
vn 0.0134 0.5223 -0.8527
vn 0.5032 -0.8588 -0.0963
vn 0.6668 -0.3590 -0.6531
vn 0.9773 -0.2100 0.0295
vn 0.1239 0.9827 -0.1378
vn 0.7584 0.6404 0.1211
vn 0.5928 0.5197 -0.6152
vn -0.1548 -0.9865 0.0537
vn -0.4847 -0.6062 0.6306
vn -0.8336 -0.5504 -0.0471
vn -0.4723 0.8627 0.1805
vn -0.9407 0.3245 -0.0987
vn -0.7360 0.2401 0.6330
vn 0.2490 -0.9164 0.3135
vn 0.7244 -0.3766 0.5774
vn 0.0382 -0.4076 0.9124
vn -0.0165 0.9454 0.3254
vn -0.1955 0.4429 0.8750
vn 0.5445 0.4808 0.6872
vn 0.2922 -0.9161 -0.2745
vn 0.4470 -0.4157 -0.7921
vn -0.6685 -0.1092 -0.7357
vn 0.0366 0.0301 -0.9989
vn -0.0642 0.9709 -0.2306
vn 0.2579 0.5850 -0.7690
vn 0.9820 0.1845 0.0415
vn 0.7202 0.1517 -0.6769
vn 0.4270 -0.8992 0.0952
vn 0.8632 -0.3635 0.3504
vn 0.0706 0.9878 0.1390
vn 0.6742 0.6371 0.3736
vn -0.0366 -0.0301 0.9989
vn 0.6685 0.1092 0.7356
vn 0.0642 -0.9709 0.2307
vn -0.2580 -0.5850 0.7689
vn -0.2923 0.9161 0.2745
vn -0.4470 0.4157 0.7921
vn -0.9820 -0.1845 -0.0415
vn -0.7202 -0.1517 0.6769
vn -0.0708 -0.9877 -0.1391
vn -0.6743 -0.6370 -0.3735
vn -0.4268 0.8993 -0.0952
vn -0.8633 0.3633 -0.3503
vn 0.1856 -0.9824 -0.0228
vn 0.4096 0.0984 -0.9070
vn -0.8932 -0.1590 -0.4206
vn -0.1856 0.9824 0.0228
vn 0.8932 0.1590 0.4206
vn -0.4096 -0.0984 0.9070
vn -0.0217 -0.9328 -0.3597
vn -0.6851 -0.5634 -0.4618
vn -0.1144 -0.3571 -0.9270
vn -0.8040 0.3101 -0.5075
vn -0.3449 0.9141 -0.2133
vn -0.1488 0.5208 -0.8406
vn 0.4317 -0.8809 -0.1942
vn 0.4928 -0.3891 -0.7783
vn 0.9501 -0.2542 -0.1808
vn 0.1345 0.9760 -0.1713
vn 0.7943 0.6052 -0.0528
vn 0.4676 0.4921 -0.7343
vn -0.1828 -0.9785 0.0958
vn -0.3624 -0.5832 0.7270
vn -0.8477 -0.5116 0.1403
vn -0.3834 0.8833 0.2697
vn -0.9243 0.3672 0.1041
vn -0.5699 0.2737 0.7748
vn 0.2708 -0.9264 0.2615
vn 0.8151 -0.4088 0.4106
vn 0.2170 -0.4087 0.8865
vn 0.0960 0.9454 0.3115
vn 0.0189 0.4517 0.8920
vn 0.7016 0.4556 0.5479
vn 0.1849 -0.9286 -0.3217
vn 0.2456 -0.4359 -0.8659
vn -0.8163 -0.0790 -0.5722
vn -0.1796 0.0279 -0.9833
vn -0.0696 0.9727 -0.2213
vn 0.1108 0.5722 -0.8126
vn 0.9748 0.1396 -0.1741
vn 0.5622 0.1185 -0.8185
vn 0.3972 -0.9177 0.0098
vn 0.9016 -0.4023 0.1589
vn 0.1431 0.9835 0.1102
vn 0.7668 0.6058 0.2120
vn 0.1796 -0.0279 0.9834
vn 0.8163 0.0790 0.5722
vn 0.0695 -0.9727 0.2213
vn -0.1107 -0.5722 0.8126
vn -0.1849 0.9286 0.3217
vn -0.2457 0.4359 0.8658
vn -0.9748 -0.1396 0.1741
vn -0.5622 -0.1185 0.8184
vn -0.1430 -0.9836 -0.1102
vn -0.7667 -0.6059 -0.2121
vn -0.3972 0.9177 -0.0098
vn -0.9017 0.4022 -0.1588
vn 0.1325 -0.9898 -0.0523
vn 0.2071 0.0792 -0.9751
vn -0.9693 -0.1183 -0.2154
vn -0.1325 0.9898 0.0523
vn 0.9693 0.1183 0.2154
vn -0.2071 -0.0792 0.9751
vn 0.3454 -0.8925 -0.2900
vn 0.2565 -0.3669 -0.8942
vn 0.8705 -0.2942 -0.3946
vn 0.3393 0.2855 -0.8963
vn 0.2641 0.8907 -0.3699
vn 0.8723 0.3832 -0.3039
vn 0.2712 -0.8913 0.3634
vn 0.8786 -0.3849 0.2827
vn 0.3603 -0.2862 0.8879
vn 0.3541 0.8918 0.2815
vn 0.2788 0.3664 0.8877
vn 0.8804 0.2924 0.3734
vn -0.2730 -0.8891 -0.3675
vn -0.8794 -0.3818 -0.2844
vn -0.3609 -0.2814 -0.8891
vn -0.3523 0.8938 -0.2775
vn -0.2780 0.3710 -0.8860
vn -0.8798 0.2959 -0.3721
vn -0.3473 -0.8931 0.2859
vn -0.2572 -0.3705 0.8925
vn -0.8711 -0.2942 0.3933
vn -0.2623 0.8896 0.3739
vn -0.8715 0.3836 0.3056
vn -0.3387 0.2821 0.8976
vn 0.3638 -0.9314 -0.0065
vn 0.9155 -0.4020 -0.0120
vn 0.3535 0.0018 -0.9354
vn 0.9111 -0.0000 -0.4122
vn 0.3657 0.9307 -0.0023
vn 0.9164 0.4002 -0.0102
vn 0.3761 -0.0025 0.9266
vn 0.9208 -0.0018 0.3900
vn 0.0037 -0.9248 0.3805
vn 0.0108 -0.3848 0.9229
vn 0.0056 0.9230 0.3848
vn 0.0116 0.3806 0.9247
vn -0.9111 -0.0000 0.4122
vn -0.3535 -0.0018 0.9354
vn -0.3657 -0.9307 0.0023
vn -0.9164 -0.4002 0.0102
vn -0.3638 0.9314 0.0065
vn -0.9156 0.4020 0.0120
vn -0.3761 0.0025 -0.9266
vn -0.9208 0.0018 -0.3900
vn -0.0056 -0.9230 -0.3848
vn -0.0116 -0.3806 -0.9247
vn -0.0037 0.9248 -0.3805
vn -0.0108 0.3848 -0.9229
vn -0.0010 -1.0000 -0.0023
vn 0.9999 -0.0010 -0.0121
vn -0.0121 0.0023 -0.9999
vn 0.0010 1.0000 0.0023
vn 0.0121 -0.0023 0.9999
vn -0.9999 0.0010 0.0121
vn 0.1896 -0.9579 0.2158
vn 0.1549 -0.7934 -0.5887
vn 0.6437 -0.7448 -0.1756
vn 0.1972 -0.1433 -0.9698
vn 0.1259 0.6591 -0.7415
vn 0.6313 0.2742 -0.7254
vn 0.1430 -0.6560 0.7411
vn 0.6394 -0.2597 0.7237
vn 0.1964 0.1478 0.9693
vn 0.1671 0.9619 -0.2162
vn 0.1383 0.7967 0.5883
vn 0.6270 0.7594 0.1738
vn -0.1231 -0.9821 0.1428
vn -0.6270 -0.7594 -0.1739
vn -0.1893 -0.7326 -0.6538
vn -0.1874 0.7055 -0.6835
vn -0.1473 -0.0569 -0.9874
vn -0.6394 0.2597 -0.7237
vn -0.1693 -0.7096 0.6839
vn -0.1459 0.0535 0.9878
vn -0.6313 -0.2743 0.7254
vn -0.1459 0.9790 -0.1424
vn -0.6437 0.7448 0.1756
vn -0.2043 0.7281 0.6543
vn 0.1955 -0.8627 0.4664
vn 0.7463 -0.5843 0.3188
vn 0.2128 -0.4620 -0.8610
vn 0.7819 -0.2886 -0.5525
vn 0.1745 0.8669 -0.4669
vn 0.7319 0.6012 -0.3208
vn 0.2045 0.4667 0.8604
vn 0.7766 0.3064 0.5504
vn 0.0086 -0.6636 0.7481
vn 0.0007 0.0558 0.9984
vn -0.0115 0.9895 -0.1438
vn -0.0084 0.8038 0.5949
vn -0.7819 0.2886 0.5525
vn -0.2128 0.4619 0.8610
vn -0.1745 -0.8669 0.4669
vn -0.7319 -0.6012 0.3208
vn -0.1955 0.8627 -0.4664
vn -0.7463 0.5843 -0.3188
vn -0.2045 -0.4667 -0.8604
vn -0.7766 -0.3064 -0.5504
vn 0.0115 -0.9895 0.1439
vn 0.0084 -0.8038 -0.5949
vn -0.0086 0.6635 -0.7481
vn -0.0007 -0.0558 -0.9984
vn 0.0107 -0.8800 0.4748
vn 0.9999 0.0114 -0.0013
vn 0.0042 -0.4748 -0.8801
vn -0.0107 0.8800 -0.4748
vn -0.0042 0.4748 0.8801
vn -0.9999 -0.0114 0.0013
vn 0.0529 -0.9261 0.3736
vn 0.0728 -0.9864 -0.1476
vn 0.2424 -0.9533 0.1800
vn 0.0907 0.3287 -0.9401
vn 0.0225 0.8239 -0.5662
vn 0.2233 0.7003 -0.6780
vn 0.0427 -0.8233 0.5659
vn 0.2420 -0.6960 0.6761
vn 0.1045 -0.3268 0.9393
vn 0.0324 0.9269 -0.3740
vn 0.0555 0.9876 0.1472
vn 0.2229 0.9577 -0.1818
vn -0.0224 -0.9374 0.3475
vn -0.2229 -0.9577 0.1818
vn -0.0897 -0.9579 -0.2727
vn -0.0527 0.8387 -0.5421
vn -0.0720 0.4472 -0.8915
vn -0.2420 0.6960 -0.6761
vn -0.0325 -0.8395 0.5423
vn -0.0563 -0.4484 0.8921
vn -0.2233 -0.7004 0.6780
vn -0.0429 0.9368 -0.3472
vn -0.2424 0.9533 -0.1799
vn -0.1055 0.9561 0.2735
vn 0.0530 -0.8864 0.4599
vn 0.2522 -0.8589 0.4458
vn 0.1421 -0.4546 -0.8793
vn 0.6403 -0.3479 -0.6848
vn 0.0326 0.8872 -0.4602
vn 0.2324 0.8634 -0.4477
vn 0.1407 0.4572 0.8782
vn 0.6392 0.3599 0.6796
vn 0.0101 -0.8240 0.5665
vn 0.0079 -0.4489 0.8935
vn -0.0102 0.9376 -0.3475
vn -0.0087 0.9890 0.1478
vn -0.6403 0.3479 0.6848
vn -0.1421 0.4546 0.8793
vn -0.0326 -0.8872 0.4602
vn -0.2323 -0.8634 0.4478
vn -0.0530 0.8864 -0.4599
vn -0.2523 0.8589 -0.4458
vn -0.1407 -0.4572 -0.8782
vn -0.6392 -0.3600 -0.6796
vn 0.0102 -0.9376 0.3475
vn 0.0087 -0.9890 -0.1477
vn -0.0101 0.8241 -0.5664
vn -0.0079 0.4489 -0.8936
vn 0.0102 -0.8876 0.4605
vn 0.9999 0.0094 -0.0041
vn 0.0007 -0.4605 -0.8877
vn -0.0102 0.8876 -0.4605
vn -0.0007 0.4605 0.8877
vn -0.9999 -0.0094 0.0041
vn 0.1101 -0.9937 -0.0205
vn 0.2593 -0.9608 -0.0981
vn 0.6486 -0.7596 -0.0477
vn 0.2637 0.9610 -0.0833
vn 0.0885 0.9960 -0.0086
vn 0.5513 0.8340 -0.0213
vn 0.0841 -0.9964 0.0077
vn 0.5476 -0.8366 0.0150
vn 0.2602 -0.9622 0.0802
vn 0.1147 0.9932 0.0192
vn 0.2649 0.9596 0.0952
vn 0.6527 0.7565 0.0401
vn -0.0887 -0.9958 -0.0231
vn -0.5517 -0.8336 -0.0280
vn -0.2649 -0.9596 -0.0952
vn -0.1103 0.9939 -0.0038
vn -0.2604 0.9622 -0.0803
vn -0.6491 0.7601 -0.0284
vn -0.1145 -0.9934 0.0051
vn -0.2635 -0.9611 0.0833
vn -0.6523 -0.7571 0.0359
vn -0.0840 0.9962 0.0241
vn -0.5476 0.8361 0.0343
vn -0.2593 0.9608 0.0981
vn 0.1102 -0.9939 -0.0084
vn 0.5478 -0.8366 -0.0097
vn 0.9448 0.0004 -0.3277
vn 0.9979 -0.0018 -0.0641
vn 0.1147 0.9934 0.0071
vn 0.5513 0.8343 0.0033
vn 0.9485 -0.0046 0.3168
vn 0.9986 -0.0027 0.0525
vn -0.0022 -1.0000 0.0082
vn -0.0017 -0.9964 0.0847
vn 0.0024 0.9997 0.0237
vn 0.0028 0.9950 0.1002
vn -0.9979 0.0018 0.0641
vn -0.9448 -0.0004 0.3277
vn -0.1143 -0.9934 -0.0071
vn -0.5518 -0.8340 -0.0033
vn -0.1099 0.9939 0.0084
vn -0.5480 0.8364 0.0097
vn -0.9485 0.0046 -0.3168
vn -0.9986 0.0027 -0.0525
vn -0.0024 -0.9997 -0.0237
vn -0.0028 -0.9950 -0.1001
vn 0.0022 1.0000 -0.0082
vn 0.0017 0.9964 -0.0847
vn -0.0023 -1.0000 -0.0078
vn 1.0000 -0.0022 -0.0058
vn -0.0058 0.0078 -1.0000
vn 0.0023 1.0000 0.0078
vn 0.0058 -0.0078 1.0000
vn -1.0000 0.0022 0.0058
vn 0.1152 -0.9933 -0.0100
vn 0.2647 -0.9603 -0.0879
vn 0.6531 -0.7563 -0.0391
vn 0.2588 0.9614 -0.0932
vn 0.0831 0.9964 -0.0190
vn 0.5471 0.8366 -0.0297
vn 0.0894 -0.9958 0.0182
vn 0.5529 -0.8329 0.0242
vn 0.2654 -0.9599 0.0905
vn 0.1090 0.9940 0.0089
vn 0.2592 0.9621 0.0852
vn 0.6482 0.7607 0.0327
vn -0.0833 -0.9964 -0.0127
vn -0.5482 -0.8361 -0.0196
vn -0.2595 -0.9620 -0.0853
vn -0.1152 0.9932 -0.0143
vn -0.2655 0.9599 -0.0905
vn -0.6535 0.7560 -0.0369
vn -0.1093 -0.9939 0.0154
vn -0.2588 -0.9614 0.0932
vn -0.6484 -0.7601 0.0433
vn -0.0893 0.9959 0.0135
vn -0.5523 0.8333 0.0251
vn -0.2650 0.9602 0.0879
vn 0.1150 -0.9934 0.0022
vn 0.5531 -0.8331 -0.0004
vn 0.9450 0.0020 -0.3270
vn 0.9980 0.0029 -0.0633
vn 0.1090 0.9940 -0.0033
vn 0.5478 0.8366 -0.0050
vn 0.9482 0.0038 0.3176
vn 0.9986 0.0032 0.0534
vn 0.0032 -0.9998 0.0187
vn 0.0035 -0.9954 0.0952
vn -0.0030 0.9999 0.0132
vn -0.0026 0.9960 0.0896
vn -0.9980 -0.0029 0.0633
vn -0.9450 -0.0020 0.3270
vn -0.1092 -0.9940 0.0033
vn -0.5478 -0.8366 0.0050
vn -0.1150 0.9934 -0.0022
vn -0.5526 0.8334 0.0004
vn -0.9482 -0.0038 -0.3176
vn -0.9986 -0.0032 -0.0534
vn 0.0030 -0.9999 -0.0132
vn 0.0026 -0.9960 -0.0898
vn -0.0032 0.9998 -0.0187
vn -0.0035 0.9955 -0.0951
vn 0.0031 -1.0000 0.0028
vn 1.0000 0.0031 -0.0049
vn -0.0049 -0.0028 -1.0000
vn -0.0031 1.0000 -0.0028
vn 0.0049 0.0028 1.0000
vn -1.0000 -0.0031 0.0049
vn 0.5986 -0.7937 -0.1080
vn 0.7804 -0.4307 -0.4533
vn 0.9793 -0.1792 -0.0939
vn 0.7905 0.4090 -0.4559
vn 0.5146 0.8425 -0.1594
vn 0.9763 0.2040 -0.0716
vn 0.4930 -0.8546 0.1634
vn 0.9705 -0.2275 0.0794
vn 0.7767 -0.4279 0.4622
vn 0.6167 0.7790 0.1129
vn 0.7869 0.4117 0.4597
vn 0.9826 0.1555 0.1018
vn -0.5134 -0.8434 -0.1583
vn -0.9757 -0.2045 -0.0781
vn -0.7869 -0.4117 -0.4597
vn -0.5978 0.7930 -0.1176
vn -0.7767 0.4279 -0.4622
vn -0.9785 0.1786 -0.1028
vn -0.6177 -0.7783 0.1127
vn -0.7905 -0.4089 0.4559
vn -0.9834 -0.1549 0.0948
vn -0.4941 0.8556 0.1543
vn -0.9711 0.2280 0.0703
vn -0.7804 0.4307 0.4534
vn 0.6021 -0.7984 0.0048
vn 0.9736 -0.2284 0.0046
vn 0.8654 -0.0120 -0.5009
vn 0.9953 -0.0123 -0.0957
vn 0.6212 0.7837 0.0001
vn 0.9788 0.2048 0.0033
vn 0.8614 -0.0089 0.5078
vn 0.9945 -0.0117 0.1037
vn -0.0126 -0.9823 0.1868
vn -0.0111 -0.6736 0.7390
vn 0.0112 0.9834 0.1809
vn 0.0052 0.6781 0.7349
vn -0.9953 0.0123 0.0957
vn -0.8654 0.0120 0.5009
vn -0.6213 -0.7836 -0.0001
vn -0.9788 -0.2048 -0.0033
vn -0.6021 0.7984 -0.0048
vn -0.9736 0.2284 -0.0046
vn -0.8614 0.0089 -0.5078
vn -0.9945 0.0117 -0.1037
vn -0.0112 -0.9834 -0.1809
vn -0.0052 -0.6781 -0.7349
vn 0.0126 0.9823 -0.1868
vn 0.0111 0.6736 -0.7390
vn -0.0121 -0.9999 0.0030
vn 0.9999 -0.0121 0.0040
vn 0.0040 -0.0031 -1.0000
vn 0.0121 0.9999 -0.0030
vn -0.0040 0.0031 1.0000
vn -0.9999 0.0121 -0.0040
vn 0.6020 -0.7896 -0.1190
vn 0.7798 -0.4224 -0.4620
vn 0.9796 -0.1733 -0.1014
vn 0.7857 0.4172 -0.4567
vn 0.5094 0.8466 -0.1545
vn 0.9748 0.2097 -0.0755
vn 0.4981 -0.8536 0.1525
vn 0.9721 -0.2232 0.0715
vn 0.7817 -0.4282 0.4535
vn 0.6134 0.7811 0.1165
vn 0.7875 0.4115 0.4588
vn 0.9824 0.1596 0.0974
vn -0.5100 -0.8446 -0.1631
vn -0.9751 -0.2088 -0.0742
vn -0.7875 -0.4115 -0.4587
vn -0.6025 0.7909 -0.1066
vn -0.7817 0.4281 -0.4535
vn -0.9800 0.1745 -0.0953
vn -0.6130 -0.7825 0.1091
vn -0.7857 -0.4172 0.4567
vn -0.9820 -0.1608 0.0993
vn -0.4975 0.8516 0.1652
vn -0.9718 0.2223 0.0782
vn -0.7798 0.4224 0.4620
vn 0.6061 -0.7954 -0.0062
vn 0.9747 -0.2234 -0.0034
vn 0.8625 -0.0028 -0.5061
vn 0.9948 -0.0063 -0.1017
vn 0.6171 0.7868 0.0037
vn 0.9777 0.2098 -0.0006
vn 0.8645 -0.0092 0.5026
vn 0.9952 -0.0076 0.0977
vn -0.0065 -0.9841 0.1777
vn -0.0032 -0.6805 0.7327
vn 0.0072 0.9818 0.1900
vn 0.0062 0.6713 0.7412
vn -0.9948 0.0063 0.1017
vn -0.8624 0.0028 0.5061
vn -0.6172 -0.7868 -0.0037
vn -0.9777 -0.2098 0.0006
vn -0.6061 0.7954 0.0062
vn -0.9747 0.2234 0.0034
vn -0.8645 0.0092 -0.5026
vn -0.9952 0.0076 -0.0977
vn -0.0072 -0.9818 -0.1900
vn -0.0062 -0.6713 -0.7412
vn 0.0065 0.9841 -0.1777
vn 0.0032 0.6805 -0.7327
vn -0.0070 -1.0000 -0.0063
vn 1.0000 -0.0070 -0.0020
vn -0.0020 0.0063 -1.0000
vn 0.0070 1.0000 0.0063
vn 0.0020 -0.0063 1.0000
vn -1.0000 0.0070 0.0020
vn 0.0317 -0.9986 -0.0422
vn 0.0660 -0.9593 -0.2747
vn 0.3072 -0.9400 -0.1485
vn 0.1421 0.9309 -0.3366
vn 0.0472 0.9979 -0.0432
vn 0.2649 0.9607 -0.0825
vn 0.0217 -0.9988 0.0428
vn 0.2408 -0.9673 0.0797
vn 0.1217 -0.9343 0.3351
vn 0.0582 0.9974 0.0417
vn 0.0941 0.9572 0.2738
vn 0.3333 0.9316 0.1449
vn -0.0478 -0.9975 -0.0530
vn -0.2659 -0.9598 -0.0895
vn -0.1459 -0.9274 -0.3445
vn -0.0321 0.9990 -0.0316
vn -0.0690 0.9620 -0.2641
vn -0.3089 0.9414 -0.1354
vn -0.0578 -0.9978 0.0321
vn -0.0910 -0.9600 0.2650
vn -0.3317 -0.9331 0.1390
vn -0.0212 0.9984 0.0533
vn -0.2398 0.9664 0.0923
vn -0.1178 0.9308 0.3460
vn 0.0319 -0.9995 -0.0053
vn 0.2412 -0.9705 -0.0064
vn 0.3558 0.0001 -0.9346
vn 0.9119 -0.0098 -0.4103
vn 0.0580 0.9983 0.0048
vn 0.2664 0.9639 0.0035
vn 0.3663 -0.0095 0.9305
vn 0.9164 -0.0140 0.3999
vn -0.0128 -0.9990 0.0430
vn -0.0110 -0.9641 0.2654
vn 0.0133 0.9985 0.0532
vn 0.0141 0.9613 0.2752
vn -0.9119 0.0098 0.4103
vn -0.3558 -0.0001 0.9346
vn -0.0580 -0.9983 -0.0048
vn -0.2664 -0.9638 -0.0035
vn -0.0319 0.9995 0.0053
vn -0.2412 0.9705 0.0064
vn -0.3663 0.0095 -0.9305
vn -0.9164 0.0140 -0.3999
vn -0.0133 -0.9985 -0.0532
vn -0.0141 -0.9613 -0.2752
vn 0.0128 0.9990 -0.0430
vn 0.0110 0.9641 -0.2654
vn -0.0130 -0.9999 -0.0051
vn 0.9999 -0.0130 -0.0057
vn -0.0056 0.0052 -1.0000
vn 0.0130 0.9999 0.0051
vn 0.0056 -0.0052 1.0000
vn -0.9999 0.0130 0.0057
vn 0.0744 -0.4563 -0.8867
vn 0.0449 -0.0657 -0.9968
vn 0.3736 -0.1948 -0.9069
vn 0.0346 0.0906 -0.9953
vn 0.1313 0.5553 -0.8212
vn 0.3770 0.1929 -0.9059
vn 0.1293 -0.5575 0.8200
vn 0.3820 -0.1996 0.9023
vn 0.0424 -0.0913 0.9949
vn 0.0908 0.4548 0.8859
vn 0.0555 0.0648 0.9964
vn 0.3854 0.1881 0.9034
vn -0.1391 -0.5509 -0.8229
vn -0.3854 -0.1881 -0.9034
vn -0.0439 -0.0854 -0.9954
vn -0.0827 0.4610 -0.8836
vn -0.0543 0.0709 -0.9960
vn -0.3820 0.1996 -0.9023
vn -0.0825 -0.4595 0.8843
vn -0.0461 -0.0700 0.9965
vn -0.3770 -0.1929 0.9059
vn -0.1215 0.5532 0.8241
vn -0.3735 0.1948 0.9069
vn -0.0330 0.0861 0.9957
vn 0.8130 0.5823 -0.0023
vn -0.8129 -0.5823 0.0023
vn -0.2203 0.9754 0.0036
vn -0.2862 0.0050 -0.9582
vn -0.0082 -0.4572 -0.8893
vn 0.0728 -0.4527 -0.8887
vn 0.0367 -0.0623 -0.9974
vn 0.3679 -0.1870 -0.9109
vn 0.0241 0.0938 -0.9953
vn 0.1157 0.5593 -0.8209
vn 0.3658 0.2008 -0.9088
vn 0.1449 -0.5578 0.8172
vn 0.3932 -0.1964 0.8982
vn 0.0528 -0.0934 0.9942
vn 0.0924 0.4537 0.8863
vn 0.0637 0.0629 0.9960
vn 0.3911 0.1912 0.9003
vn -0.1387 -0.5506 -0.8231
vn -0.3910 -0.1912 -0.9003
vn -0.0519 -0.0833 -0.9952
vn -0.0975 0.4621 -0.8815
vn -0.0645 0.0728 -0.9953
vn -0.3931 0.1965 -0.8983
vn -0.0677 -0.4630 0.8838
vn -0.0359 -0.0734 0.9967
vn -0.3657 -0.2008 0.9088
vn -0.1219 0.5492 0.8268
vn -0.3679 0.1869 0.9109
vn -0.0251 0.0829 0.9962
vn 0.8044 0.5941 -0.0081
vn 0.0643 -0.0050 0.9979
vn 0.0150 -0.4642 0.8856
vn 0.0098 0.4548 0.8906
vn -0.0098 -0.4548 -0.8905
vn -0.0144 0.0937 -0.9955
vn 0.8235 -0.5386 -0.1782
vn 0.8517 -0.1680 -0.4964
vn 0.9961 -0.0759 -0.0449
vn 0.8473 0.1939 -0.4945
vn 0.8776 0.4676 -0.1057
vn 0.9949 0.0803 -0.0607
vn 0.8863 -0.4462 0.1239
vn 0.9951 -0.0560 0.0813
vn 0.8413 -0.1733 0.5120
vn 0.8063 0.5584 0.1951
vn 0.8369 0.1885 0.5138
vn 0.9928 0.1001 0.0654
vn -0.8752 -0.4664 -0.1286
vn -0.9935 -0.0795 -0.0820
vn -0.8370 -0.1886 -0.5137
vn -0.8197 0.5405 -0.1894
vn -0.8413 0.1733 -0.5119
vn -0.9950 0.0765 -0.0645
vn -0.8101 -0.5603 0.1726
vn -0.8473 -0.1939 0.4945
vn -0.9939 -0.1007 0.0440
vn -0.8887 0.4450 0.1104
vn -0.9966 0.0553 0.0614
vn -0.8517 0.1680 0.4963
vn 0.8937 -0.4487 0.0068
vn 0.9186 0.0092 0.3951
vn -0.8824 -0.4703 -0.0115
vn 0.0036 0.4610 -0.8874
vn 0.8133 -0.5504 -0.1887
vn 0.8421 -0.1810 -0.5081
vn 0.9942 -0.0900 -0.0589
vn 0.8428 0.1809 -0.5070
vn 0.8824 0.4551 -0.1193
vn 0.9950 0.0661 -0.0751
vn 0.8816 -0.4584 0.1123
vn 0.9953 -0.0699 0.0672
vn 0.8461 -0.1841 0.5003
vn 0.8168 0.5474 0.1822
vn 0.8468 0.1779 0.5013
vn 0.9950 0.0862 0.0510
vn -0.8834 -0.4543 -0.1150
vn -0.9955 -0.0657 -0.0676
vn -0.8467 -0.1779 -0.5014
vn -0.8148 0.5515 -0.1789
vn -0.8461 0.1841 -0.5002
vn -0.9946 0.0903 -0.0505
vn -0.8153 -0.5485 0.1854
vn -0.8428 -0.1809 0.5070
vn -0.9945 -0.0866 0.0584
vn -0.8807 0.4576 0.1220
vn -0.9947 0.0694 0.0755
vn -0.8421 0.1810 0.5080
vn 0.9212 -0.0006 -0.3892
vn 0.8890 0.4579 -0.0021
vn 0.9962 0.0865 -0.0037
vn 0.0044 0.4536 0.8912
vn -0.9212 0.0006 0.3892
vn -0.8890 -0.4578 0.0021
vn -0.8873 0.4612 0.0049
vn -0.9242 0.0029 -0.3818
vn 0.0346 -0.9979 -0.0548
vn 0.1289 -0.9303 -0.3434
vn 0.2516 -0.9633 -0.0939
vn 0.0763 0.9629 -0.2589
vn 0.0435 0.9986 -0.0295
vn 0.3167 0.9387 -0.1359
vn 0.0458 -0.9985 0.0286
vn 0.3209 -0.9382 0.1298
vn 0.0830 -0.9627 0.2574
vn 0.0339 0.9980 0.0541
vn 0.1339 0.9305 0.3409
vn 0.2516 0.9637 0.0891
vn -0.0443 -0.9981 -0.0430
vn -0.3194 -0.9367 -0.1433
vn -0.0815 -0.9590 -0.2713
vn -0.0356 0.9986 -0.0397
vn -0.1354 0.9351 -0.3274
vn -0.2533 0.9645 -0.0752
vn -0.0331 -0.9986 0.0404
vn -0.1275 -0.9354 0.3299
vn -0.2501 -0.9649 0.0800
vn -0.0452 0.9980 0.0439
vn -0.3182 0.9362 0.1494
vn -0.0779 0.9589 0.2728
vn 0.0455 -0.9989 -0.0076
vn -0.0439 -0.9990 -0.0068
vn -0.0455 0.9989 0.0076
vn -0.2533 0.9674 0.0094
vn -0.9199 0.0021 -0.3923
vn 0.2633 -0.9394 -0.2194
vn 0.0441 -0.4976 -0.8663
vn 0.7301 -0.4219 -0.5375
vn -0.2029 0.3485 -0.9151
vn -0.0315 0.9071 -0.4198
vn 0.5365 0.4168 -0.7338
vn 0.5168 -0.8365 0.1820
vn 0.9805 -0.1965 -0.0100
vn 0.6726 -0.2803 0.6849
vn 0.1084 0.9934 0.0370
vn 0.5846 0.5889 0.5581
vn 0.7480 0.6368 -0.1872
vn -0.1388 -0.9892 0.0472
vn -0.8248 -0.5557 0.1045
vn -0.4753 -0.6746 -0.5648
vn -0.4860 0.8324 -0.2662
vn -0.7399 0.1629 -0.6527
vn -0.9456 0.3182 0.0672
vn 0.1140 -0.8864 0.4486
vn 0.1116 -0.2542 0.9607
vn -0.5326 -0.5330 0.6575
vn -0.3457 0.9188 0.1905
vn -0.6922 0.3351 0.6392
vn 0.0055 0.6064 0.7952
vn 0.4412 -0.8974 -0.0043
vn 0.8687 -0.3836 -0.3134
vn 0.0550 0.9695 -0.2388
vn 0.6638 0.6064 -0.4378
vn 0.3069 -0.8788 0.3654
vn 0.4538 -0.3259 0.8294
vn -0.0793 0.9882 0.1310
vn 0.2491 0.6640 0.7050
vn -0.0548 -0.9695 0.2388
vn -0.6638 -0.6063 0.4379
vn -0.4409 0.8976 0.0043
vn -0.8686 0.3837 0.3135
vn 0.0793 -0.9882 -0.1311
vn -0.3069 0.8787 -0.3656
vn -0.4539 0.3260 -0.8293
vn -0.1397 -0.9387 -0.3151
vn -0.6568 -0.4009 -0.6387
vn 0.0647 -0.4662 -0.8823
vn -0.7075 0.4732 -0.5249
vn -0.1430 0.9418 -0.3041
vn -0.0508 0.4083 -0.9114
vn 0.3330 -0.9202 -0.2059
vn 0.6448 -0.3408 -0.6842
vn 0.8911 -0.4527 0.0310
vn 0.2856 0.9553 -0.0763
vn 0.9031 0.4289 -0.0223
vn 0.5140 0.5325 -0.6725
vn -0.2481 -0.9558 0.1578
vn -0.6097 -0.4320 0.6645
vn -0.8470 -0.5286 -0.0561
vn -0.3701 0.9206 0.1244
vn -0.9381 0.3439 0.0420
vn -0.5586 0.4488 0.6975
vn 0.2240 -0.9373 0.2671
vn 0.6920 -0.3719 0.6188
vn -0.0203 -0.5147 0.8571
vn 0.0581 0.9341 0.3522
vn 0.0159 0.3643 0.9311
vn 0.6632 0.5076 0.5501
vn 0.1404 -0.9481 -0.2853
vn 0.3232 -0.4743 -0.8189
vn -0.7315 -0.0156 -0.6817
vn 0.2773 0.5428 -0.7928
vn 0.6804 0.0495 -0.7312
vn 0.3042 -0.9498 0.0730
vn 0.8287 -0.4798 0.2882
vn 0.7829 0.5370 0.3141
vn -0.2772 -0.5428 0.7928
vn -0.1406 0.9481 0.2853
vn -0.3231 0.4744 0.8189
vn -0.9983 -0.0460 0.0350
vn -0.6804 -0.0495 0.7311
vn -0.2171 -0.9685 -0.1220
vn -0.7828 -0.5372 -0.3142
vn -0.3037 0.9500 -0.0729
vn -0.8287 0.4798 -0.2882
vn 0.2244 -0.9501 -0.2165
vn 0.0974 -0.4828 -0.8703
vn 0.7513 -0.4581 -0.4751
vn -0.0903 0.3783 -0.9213
vn 0.0666 0.9151 -0.3977
vn 0.6309 0.3952 -0.6677
vn 0.4429 -0.8716 0.2099
vn 0.9625 -0.2593 0.0797
vn 0.5837 -0.3361 0.7391
vn 0.1668 0.9833 0.0724
vn 0.5625 0.5392 0.6268
vn 0.8012 0.5904 -0.0978
vn -0.2047 -0.9788 0.0085
vn -0.8645 -0.5025 0.0102
vn -0.4590 -0.6315 -0.6249
vn -0.4045 0.8671 -0.2907
vn -0.6607 0.2230 -0.7167
vn -0.9259 0.3775 -0.0164
vn 0.0136 -0.9004 0.4349
vn 0.0006 -0.2791 0.9603
vn -0.6267 -0.5099 0.5893
vn -0.3048 0.9354 0.1793
vn -0.7291 0.3670 0.5777
vn -0.0344 0.5894 0.8071
vn 0.3824 -0.9239 0.0156
vn 0.8694 -0.4331 -0.2378
vn 0.0524 -0.1104 -0.9925
vn 0.1386 0.9683 -0.2078
vn 0.6634 0.1714 0.7284
vn 0.9905 0.1320 0.0377
vn 0.3492 -0.3703 0.8608
vn -0.0297 0.9886 0.1476
vn 0.2198 0.6329 0.7424
vn -0.7375 -0.0153 0.6752
vn -0.0524 0.1104 0.9925
vn -0.1386 -0.9683 0.2078
vn -0.7404 -0.5701 0.3561
vn -0.8694 0.4332 0.2378
vn -0.2199 -0.6330 -0.7423
vn -0.2139 0.9037 -0.3710
vn -0.3490 0.3704 -0.8608
vn -0.9352 -0.0797 0.3450
vn 0.0363 -0.9438 -0.3285
vn -0.2471 -0.4135 -0.8763
vn 0.4990 -0.4780 -0.7228
vn -0.3462 0.4617 -0.8167
vn 0.0303 0.9367 -0.3489
vn 0.4151 0.3957 -0.8192
vn 0.3897 -0.9209 0.0033
vn 0.9011 -0.3459 -0.2616
vn 0.7541 -0.4463 0.4819
vn 0.2862 0.9561 0.0633
vn 0.7927 0.4338 0.4284
vn 0.7837 0.5261 -0.3302
vn -0.2952 -0.9551 0.0257
vn -0.8621 -0.4264 0.2736
vn -0.7048 -0.5345 -0.4664
vn -0.3809 0.9200 -0.0926
vn -0.8313 0.3386 -0.4408
vn -0.8330 0.4548 0.3150
vn 0.0583 -0.9320 0.3577
vn 0.2862 -0.3590 0.8884
vn -0.4493 -0.5033 0.7381
vn -0.1249 0.9392 0.3197
vn -0.4542 0.3770 0.8072
vn 0.2971 0.5194 0.8012
vn 0.6905 -0.4834 -0.5380
vn 0.4714 0.0101 -0.8818
vn 0.1667 0.9672 -0.1916
vn 0.6391 0.5336 -0.5539
vn 0.8804 0.0518 0.4713
vn 0.2246 -0.9469 0.2301
vn 0.5704 -0.4707 0.6732
vn 0.1279 0.9713 0.2004
vn 0.5190 0.5465 0.6573
vn -0.4714 -0.0101 0.8818
vn 0.2891 0.0295 0.9568
vn -0.1665 -0.9672 0.1916
vn -0.6391 -0.5337 0.5538
vn -0.2634 0.9510 0.1617
vn -0.6905 0.4835 0.5381
vn -0.8804 -0.0518 -0.4713
vn -0.9560 -0.0437 0.2902
vn -0.1278 -0.9714 -0.2002
vn -0.5192 -0.5463 -0.6572
vn -0.2248 0.9468 -0.2302
vn -0.5703 0.4707 -0.6732
vn 0.2747 -0.9351 -0.2240
vn -0.0387 -0.5229 -0.8515
vn 0.6778 -0.4105 -0.6100
vn -0.3247 0.3112 -0.8932
vn -0.1193 0.8914 -0.4372
vn 0.4279 0.4135 -0.8037
vn 0.5692 -0.8100 0.1411
vn 0.9796 -0.1590 -0.1226
vn 0.7605 -0.2324 0.6064
vn 0.0704 0.9975 -0.0032
vn 0.6216 0.6284 0.4678
vn 0.6933 0.6585 -0.2929
vn -0.0911 -0.9917 0.0902
vn -0.7826 -0.5832 0.2179
vn -0.5103 -0.7100 -0.4853
vn -0.5487 0.8043 -0.2282
vn -0.8185 0.1138 -0.5631
vn -0.9433 0.2839 0.1719
vn 0.2034 -0.8667 0.4555
vn 0.2355 -0.2192 0.9468
vn -0.4277 -0.5319 0.7309
vn -0.3586 0.9105 0.2058
vn -0.6246 0.3286 0.7085
vn 0.0748 0.6313 0.7719
vn 0.4743 -0.8797 -0.0331
vn -0.1487 -0.1647 -0.9751
vn -0.0144 0.9628 -0.2697
vn 0.7809 0.2790 0.5589
vn 0.9555 0.2299 -0.1846
vn 0.3846 -0.8544 0.3495
vn 0.5627 -0.2818 0.7772
vn -0.1045 0.9881 0.1129
vn 0.3034 0.6952 0.6516
vn -0.5704 -0.0461 0.8200
vn 0.1487 0.1647 0.9751
vn 0.0144 -0.9628 0.2698
vn -0.5811 -0.6170 0.5306
vn -0.4745 0.8797 0.0331
vn -0.3845 0.8544 -0.3495
vn -0.5627 0.2818 -0.7772
vn -0.0521 -0.9441 -0.3256
vn -0.6376 -0.4605 -0.6175
vn 0.0758 -0.4451 -0.8923
vn -0.7759 0.4015 -0.4866
vn -0.2558 0.9249 -0.2812
vn -0.1337 0.4126 -0.9010
vn 0.4203 -0.8762 -0.2358
vn 0.6474 -0.2603 -0.7163
vn 0.9351 -0.3542 -0.0144
vn 0.1779 0.9815 -0.0713
vn 0.8502 0.5239 -0.0524
vn 0.4246 0.5934 -0.6838
vn -0.1375 -0.9789 0.1511
vn -0.5310 -0.5036 0.6815
vn -0.7873 -0.6158 -0.0301
vn -0.4608 0.8736 0.1563
vn -0.9667 0.2405 0.0875
vn -0.5727 0.3768 0.7280
vn 0.3350 -0.9110 0.2406
vn 0.7541 -0.3034 0.5825
vn 0.0720 -0.5252 0.8479
vn -0.0266 0.9303 0.3658
vn 0.0175 0.3514 0.9361
vn 0.6281 0.5689 0.5309
vn 0.2284 -0.9236 -0.3078
vn 0.3361 -0.4260 -0.8400
vn -0.0604 0.9734 -0.2210
vn 0.1827 0.5799 -0.7940
vn 0.9852 0.1536 -0.0758
vn 0.1177 0.9845 0.1300
vn 0.7335 0.6144 0.2908
vn 0.7546 0.0852 0.6507
vn 0.0605 -0.9734 0.2210
vn -0.1827 -0.5799 0.7940
vn -0.2284 0.9236 0.3077
vn -0.3359 0.4261 0.8400
vn -0.1176 -0.9845 -0.1301
vn -0.7336 -0.6142 -0.2907
vn -0.4068 0.9125 -0.0433
vn -0.8869 0.3917 -0.2447
vn 0.3151 -0.9431 -0.1059
vn 0.3940 -0.4907 -0.7772
vn 0.8805 -0.4340 -0.1906
vn 0.2047 0.3616 -0.9096
vn 0.1629 0.9113 -0.3781
vn 0.8016 0.4110 -0.4342
vn 0.3785 -0.8501 0.3663
vn 0.8911 -0.2192 0.3973
vn 0.3197 -0.3021 0.8981
vn 0.1005 0.9902 0.0970
vn 0.3075 0.5700 0.7620
vn 0.7687 0.6207 0.1545
vn -0.1634 -0.9860 -0.0331
vn -0.8025 -0.5369 -0.2602
vn -0.2066 -0.6581 -0.7240
vn -0.3157 0.8459 -0.4299
vn -0.3962 0.1862 -0.8991
vn -0.8812 0.3396 -0.3288
vn -0.0994 -0.8929 0.4391
vn -0.3052 -0.2657 0.9145
vn -0.7680 -0.5264 0.3647
vn -0.3782 0.9246 0.0449
vn -0.8902 0.3453 0.2971
vn -0.3175 0.5987 0.7354
vn 0.3867 -0.9074 0.1643
vn 0.9133 -0.4009 0.0717
vn 0.9173 0.0356 -0.3965
vn 0.1668 0.9701 -0.1763
vn 0.7968 0.5944 -0.1089
vn -0.1098 0.9885 0.1037
vn -0.0573 0.6515 0.7565
vn -0.9173 -0.0356 0.3965
vn -0.3791 0.1220 0.9173
vn -0.1666 -0.9701 0.1763
vn -0.7966 -0.5945 0.1089
vn -0.3867 0.9075 -0.1643
vn -0.9183 -0.1724 -0.3565
vn 0.1097 -0.9885 -0.1037
vn 0.0573 -0.6514 -0.7565
vn -0.0594 0.3440 -0.9371
vn 0.0167 -0.9454 -0.3254
vn -0.5447 -0.4807 -0.6872
vn 0.1955 -0.4428 -0.8750
vn -0.7244 0.3766 -0.5774
vn -0.2491 0.9163 -0.3135
vn -0.0381 0.4078 -0.9123
vn 0.4724 -0.8627 -0.1805
vn 0.7361 -0.2401 -0.6328
vn 0.9406 -0.3249 0.0987
vn 0.1546 0.9865 -0.0536
vn 0.8338 0.5501 0.0471
vn 0.4843 0.6063 -0.6308
vn -0.1241 -0.9827 0.1377
vn -0.5925 -0.5199 0.6153
vn -0.7585 -0.6403 -0.1210
vn -0.5030 0.8589 0.0965
vn -0.9773 0.2099 -0.0295
vn -0.6668 0.3590 0.6531
vn 0.3322 -0.8999 0.2826
vn 0.6883 -0.2792 0.6696
vn -0.0134 -0.5224 0.8526
vn -0.0995 0.9291 0.3563
vn -0.1054 0.3523 0.9299
vn 0.5423 0.5886 0.5996
vn 0.2925 -0.9160 -0.2746
vn 0.4470 -0.4156 -0.7921
vn -0.0642 0.9709 -0.2307
vn 0.2580 0.5850 -0.7689
vn 0.7202 0.1517 -0.6770
vn 0.4271 -0.8992 0.0953
vn 0.6741 0.6372 0.3736
vn 0.6685 0.1092 0.7357
vn 0.0642 -0.9709 0.2306
vn -0.2579 -0.5850 0.7689
vn -0.4470 0.4156 0.7921
vn -0.0702 -0.9878 -0.1390
vn -0.6742 -0.6371 -0.3736
vn -0.4271 0.8992 -0.0952
vn -0.8631 0.3636 -0.3505
vn -0.0965 -0.9453 -0.3116
vn -0.7015 -0.4557 -0.5479
vn -0.0187 -0.4516 -0.8920
vn -0.8151 0.4089 -0.4104
vn -0.2704 0.9266 -0.2614
vn -0.2170 0.4086 -0.8865
vn 0.3830 -0.8836 -0.2696
vn 0.5697 -0.2737 -0.7749
vn 0.9243 -0.3671 -0.1041
vn 0.1828 0.9785 -0.0960
vn 0.8475 0.5119 -0.1404
vn 0.3623 0.5832 -0.7270
vn -0.1348 -0.9759 0.1714
vn -0.4673 -0.4921 0.7345
vn -0.7943 -0.6052 0.0526
vn -0.4317 0.8809 0.1942
vn -0.9501 0.2541 0.1808
vn -0.4926 0.3893 0.7783
vn 0.3447 -0.9141 0.2135
vn 0.8042 -0.3100 0.5072
vn 0.1487 -0.5209 0.8405
vn 0.0218 0.9328 0.3596
vn 0.1143 0.3571 0.9271
vn 0.6849 0.5636 0.4619
vn 0.1849 -0.9286 -0.3218
vn 0.2457 -0.4358 -0.8658
vn -0.0695 0.9727 -0.2213
vn 0.1107 0.5722 -0.8126
vn 0.9017 -0.4022 0.1587
vn 0.1425 0.9836 0.1102
vn 0.7669 0.6058 0.2120
vn 0.1797 -0.0279 0.9833
vn 0.0696 -0.9727 0.2214
vn -0.1108 -0.5724 0.8125
vn -0.1849 0.9286 0.3218
vn -0.2456 0.4359 0.8658
vn -0.1427 -0.9836 -0.1102
vn -0.7666 -0.6061 -0.2121
vn -0.3970 0.9178 -0.0098
vn 0.2623 -0.8896 -0.3739
vn 0.3387 -0.2821 -0.8976
vn 0.8715 -0.3836 -0.3056
vn 0.2572 0.3705 -0.8925
vn 0.3473 0.8931 -0.2859
vn 0.8711 0.2942 -0.3933
vn 0.3523 -0.8938 0.2775
vn 0.8798 -0.2959 0.3721
vn 0.2780 -0.3710 0.8860
vn 0.2730 0.8891 0.3675
vn 0.3609 0.2814 0.8892
vn 0.8794 0.3818 0.2844
vn -0.3541 -0.8918 -0.2816
vn -0.8804 -0.2924 -0.3734
vn -0.2788 -0.3664 -0.8877
vn -0.2712 0.8913 -0.3634
vn -0.3603 0.2862 -0.8879
vn -0.8786 0.3849 -0.2827
vn -0.2641 -0.8908 0.3699
vn -0.3393 -0.2855 0.8963
vn -0.8723 -0.3831 0.3039
vn -0.3454 0.8925 0.2900
vn -0.8705 0.2942 0.3946
vn -0.2564 0.3669 0.8942
vn 0.0056 0.9230 0.3847
vn -0.3658 -0.9307 0.0023
vn -0.9155 0.4020 0.0120
vn 0.1459 -0.9790 0.1424
vn 0.2043 -0.7281 -0.6543
vn 0.7687 -0.6223 -0.1476
vn 0.1459 -0.0535 -0.9879
vn 0.1693 0.7097 -0.6839
vn 0.7583 0.2327 -0.6089
vn 0.1874 -0.7055 0.6834
vn 0.7651 -0.2153 0.6069
vn 0.1473 0.0569 0.9875
vn 0.1230 0.9821 -0.1427
vn 0.1893 0.7326 0.6538
vn 0.7547 0.6398 0.1455
vn -0.1671 -0.9619 0.2162
vn -0.7546 -0.6398 -0.1456
vn -0.1383 -0.7967 -0.5883
vn -0.1430 0.6560 -0.7411
vn -0.1965 -0.1477 -0.9693
vn -0.7650 0.2153 -0.6069
vn -0.1259 -0.6591 0.7414
vn -0.1972 0.1433 0.9698
vn -0.7583 -0.2327 0.6089
vn -0.1897 0.9579 -0.2157
vn -0.7687 0.6223 0.1476
vn -0.1549 0.7934 0.5887
vn 0.2128 -0.4619 -0.8610
vn -0.0115 0.9895 -0.1439
vn 0.0084 -0.8037 -0.5949
vn -0.0086 0.6636 -0.7481
vn 0.0429 -0.9368 0.3472
vn 0.1055 -0.9561 -0.2735
vn 0.3328 -0.9267 0.1747
vn 0.0563 0.4485 -0.8920
vn 0.0325 0.8395 -0.5424
vn 0.3143 0.6823 -0.6600
vn 0.0527 -0.8387 0.5420
vn 0.3325 -0.6762 0.6574
vn 0.0720 -0.4472 0.8915
vn 0.0224 0.9374 -0.3474
vn 0.0897 0.9579 0.2726
vn 0.3139 0.9328 -0.1773
vn -0.0324 -0.9269 0.3740
vn -0.3140 -0.9327 0.1773
vn -0.0555 -0.9875 -0.1472
vn -0.0427 0.8233 -0.5660
vn -0.1045 0.3269 -0.9393
vn -0.3325 0.6762 -0.6574
vn -0.0225 -0.8239 0.5663
vn -0.0906 -0.3288 0.9400
vn -0.3143 -0.6823 0.6600
vn -0.0529 0.9261 -0.3736
vn -0.3329 0.9267 -0.1747
vn -0.0728 0.9864 0.1477
vn 0.1421 -0.4545 -0.8793
vn 0.2324 0.8634 -0.4478
vn 0.6392 0.3600 0.6796
vn 0.0101 -0.8241 0.5664
vn 0.0079 -0.4486 0.8937
vn -0.0087 0.9890 0.1477
vn -0.2522 0.8589 -0.4458
vn -0.6392 -0.3599 -0.6796
vn 0.0087 -0.9890 -0.1478
vn -0.0101 0.8240 -0.5664
vn -0.0079 0.4487 -0.8937
vn 0.0839 -0.9962 -0.0241
vn 0.2580 -0.9565 -0.1359
vn 0.5475 -0.8361 -0.0343
vn 0.2624 0.9573 -0.1210
vn 0.1145 0.9934 -0.0051
vn 0.6520 0.7574 -0.0359
vn 0.1103 -0.9939 0.0038
vn 0.6489 -0.7603 0.0283
vn 0.2595 -0.9585 0.1180
vn 0.0887 0.9958 0.0231
vn 0.2638 0.9554 0.1329
vn 0.5519 0.8334 0.0279
vn -0.1145 -0.9932 -0.0192
vn -0.6529 -0.7564 -0.0402
vn -0.2640 -0.9553 -0.1330
vn -0.0840 0.9964 -0.0077
vn -0.2594 0.9585 -0.1180
vn -0.5479 0.8364 -0.0150
vn -0.0884 -0.9960 0.0086
vn -0.2624 -0.9573 0.1210
vn -0.5513 -0.8340 0.0213
vn -0.1099 0.9937 0.0205
vn -0.6487 0.7595 0.0476
vn -0.2580 0.9565 0.1358
vn 0.1100 -0.9939 -0.0084
vn 0.1146 0.9934 0.0071
vn 0.5522 0.8337 0.0033
vn 0.9986 -0.0027 0.0526
vn 0.0028 0.9950 0.1001
vn -0.1146 -0.9934 -0.0071
vn -0.5518 -0.8339 -0.0033
vn -0.1102 0.9939 0.0084
vn -0.0028 -0.9950 -0.1002
vn 0.0898 -0.9959 -0.0135
vn 0.2634 -0.9565 -0.1255
vn 0.5518 -0.8336 -0.0251
vn 0.2573 0.9574 -0.1309
vn 0.1090 0.9939 -0.0154
vn 0.6483 0.7602 -0.0433
vn 0.1156 -0.9932 0.0143
vn 0.6535 -0.7560 0.0369
vn 0.2645 -0.9558 0.1283
vn 0.0833 0.9964 0.0127
vn 0.2585 0.9582 0.1230
vn 0.5477 0.8364 0.0196
vn -0.1090 -0.9940 -0.0089
vn -0.6478 -0.7611 -0.0327
vn -0.2585 -0.9582 -0.1230
vn -0.0896 0.9958 -0.0182
vn -0.2645 0.9558 -0.1284
vn -0.5524 0.8333 -0.0242
vn -0.0831 -0.9964 0.0190
vn -0.2575 -0.9574 0.1309
vn -0.5471 -0.8365 0.0297
vn -0.1152 0.9933 0.0100
vn -0.6531 0.7563 0.0391
vn -0.2634 0.9565 0.1256
vn 0.1157 -0.9933 0.0022
vn 0.5521 -0.8338 -0.0004
vn 0.1094 0.9940 -0.0033
vn 0.5470 0.8371 -0.0050
vn 0.0035 -0.9955 0.0951
vn -0.0026 0.9960 0.0897
vn -0.1093 -0.9940 0.0033
vn -0.5469 -0.8372 0.0050
vn -0.1158 0.9933 -0.0022
vn -0.5524 0.8336 0.0004
vn 0.0026 -0.9960 -0.0897
vn -0.0035 0.9955 -0.0952
vn 0.4941 -0.8556 -0.1543
vn 0.7077 -0.3908 -0.5886
vn 0.9711 -0.2280 -0.0703
vn 0.7170 0.3700 -0.5908
vn 0.6177 0.7783 -0.1127
vn 0.9834 0.1549 -0.0949
vn 0.5978 -0.7930 0.1177
vn 0.9785 -0.1786 0.1028
vn 0.7031 -0.3871 0.5965
vn 0.5134 0.8434 0.1583
vn 0.7123 0.3736 0.5942
vn 0.9758 0.2044 0.0781
vn -0.6168 -0.7789 -0.1129
vn -0.9826 -0.1555 -0.1018
vn -0.7122 -0.3736 -0.5943
vn -0.4929 0.8546 -0.1634
vn -0.7030 0.3871 -0.5965
vn -0.9705 0.2275 -0.0794
vn -0.5147 -0.8425 0.1593
vn -0.7170 -0.3700 0.5908
vn -0.9763 -0.2040 0.0716
vn -0.5987 0.7937 0.1080
vn -0.9793 0.1792 0.0938
vn -0.7078 0.3908 0.5885
vn 0.6020 -0.7985 0.0048
vn -0.6212 -0.7836 -0.0001
vn 0.4975 -0.8516 -0.1652
vn 0.7062 -0.3816 -0.5964
vn 0.9718 -0.2223 -0.0782
vn 0.7115 0.3791 -0.5916
vn 0.6130 0.7825 -0.1091
vn 0.9820 0.1608 -0.0993
vn 0.6024 -0.7910 0.1067
vn 0.9800 -0.1745 0.0953
vn 0.7085 -0.3890 0.5888
vn 0.5100 0.8446 0.1631
vn 0.7138 0.3717 0.5935
vn 0.9751 0.2088 0.0742
vn -0.6135 -0.7811 -0.1165
vn -0.9824 -0.1596 -0.0973
vn -0.7139 -0.3717 -0.5935
vn -0.4981 0.8536 -0.1525
vn -0.7086 0.3890 -0.5887
vn -0.9721 0.2233 -0.0715
vn -0.5093 -0.8466 0.1546
vn -0.7115 -0.3791 0.5917
vn -0.9748 -0.2097 0.0755
vn -0.6020 0.7896 0.1190
vn -0.9796 0.1732 0.1014
vn -0.7062 0.3816 0.5964
vn 0.6061 -0.7953 -0.0062
vn 0.9948 -0.0063 -0.1018
vn 0.6172 0.7868 0.0037
vn -0.9948 0.0063 0.1018
vn -0.8625 0.0028 0.5061
vn -0.6062 0.7953 0.0062
vn 0.0212 -0.9984 -0.0533
vn 0.1178 -0.9308 -0.3460
vn 0.2398 -0.9664 -0.0923
vn 0.0910 0.9600 -0.2650
vn 0.0578 0.9978 -0.0321
vn 0.3317 0.9331 -0.1390
vn 0.0321 -0.9990 0.0316
vn 0.3089 -0.9414 0.1354
vn 0.0690 -0.9620 0.2641
vn 0.0478 0.9975 0.0530
vn 0.1459 0.9274 0.3445
vn 0.2659 0.9598 0.0894
vn -0.0582 -0.9974 -0.0417
vn -0.3333 -0.9316 -0.1449
vn -0.0941 -0.9572 -0.2739
vn -0.0217 0.9988 -0.0428
vn -0.1217 0.9343 -0.3351
vn -0.2408 0.9673 -0.0796
vn -0.0472 -0.9979 0.0432
vn -0.1421 -0.9309 0.3365
vn -0.2649 -0.9607 0.0825
vn -0.0317 0.9986 0.0422
vn -0.3072 0.9400 0.1485
vn -0.0660 0.9593 0.2747
vn -0.2664 -0.9639 -0.0035
vt 0.142789 0.724794
vt 0.137647 0.726880
vt 0.136498 0.726214
vt 0.142750 0.729836
vt 0.142780 0.726272
vt 0.136470 0.729780
vt 0.133865 0.729755
vt 0.139118 1.139739
vt 0.133964 1.142602
vt 0.132838 1.139683
vt 0.139069 1.144776
vt 0.139085 1.143302
vt 0.132803 1.143244
vt 0.130234 1.139658
vt 0.142377 0.724563
vt 0.137229 0.726646
vt 0.142361 0.726037
vt 0.136050 0.729545
vt 0.136085 0.725984
vt 0.133453 0.729524
vt 0.142327 0.729600
vt 0.138656 1.144545
vt 0.133546 1.142368
vt 0.132391 1.143013
vt 0.138696 1.139503
vt 0.138666 1.143067
vt 0.132419 1.139448
vt 0.129822 1.139427
vt 0.864993 0.731183
vt 0.870104 0.733360
vt 0.864984 0.732661
vt 0.871231 0.736281
vt 0.871259 0.732715
vt 0.873828 0.736302
vt 0.864954 0.736226
vt 0.861272 1.151165
vt 0.866421 1.149082
vt 0.867564 1.149745
vt 0.861322 1.146128
vt 0.861289 1.149691
vt 0.867599 1.146183
vt 0.870197 1.146204
vt 0.864581 0.730952
vt 0.869686 0.733126
vt 0.870847 0.732484
vt 0.864531 0.735989
vt 0.864564 0.732427
vt 0.870811 0.736046
vt 0.873416 0.736071
vt 0.860860 1.150935
vt 0.866003 1.148848
vt 0.860870 1.149456
vt 0.867180 1.145948
vt 0.867152 1.149514
vt 0.869784 1.145973
vt 0.860900 1.145892
vt 0.142377 0.350716
vt 0.136498 0.262852
vt 0.136085 0.350691
vt 0.262852 0.726214
vt 0.350688 0.729524
vt 0.350691 0.725984
vt 0.138656 0.351802
vt 0.132803 0.263930
vt 0.139069 0.263964
vt 0.351769 1.143013
vt 0.263909 1.139658
vt 0.263930 1.143244
vt 0.864993 0.266284
vt 0.870847 0.354156
vt 0.871259 0.266317
vt 0.266317 0.732715
vt 0.354178 0.736071
vt 0.266339 0.736302
vt 0.861272 0.267370
vt 0.867152 0.355235
vt 0.860860 0.355209
vt 0.355235 1.149514
vt 0.267399 1.146204
vt 0.355238 1.145973
vt 0.864581 0.354123
vt 0.142789 0.262878
vt 0.262849 0.729755
vt 0.137201 0.731243
vt 0.132095 0.733405
vt 0.130931 0.732754
vt 0.137244 0.736288
vt 0.137220 0.732723
vt 0.130962 0.736322
vt 0.128350 0.736333
vt 0.139533 1.146196
vt 0.134417 1.149132
vt 0.133250 1.146230
vt 0.139546 1.151230
vt 0.139549 1.149758
vt 0.133260 1.149790
vt 0.130639 1.146241
vt 0.135975 0.730781
vt 0.130852 0.732937
vt 0.135973 0.732253
vt 0.129714 0.735852
vt 0.129705 0.732293
vt 0.127124 0.735871
vt 0.135988 0.735815
vt 0.138320 1.150768
vt 0.133174 1.148664
vt 0.132034 1.149328
vt 0.138277 1.145723
vt 0.138302 1.149288
vt 0.132003 1.145760
vt 0.129413 1.145779
vt 0.859360 0.727157
vt 0.864506 0.729261
vt 0.859378 0.728637
vt 0.865677 0.732165
vt 0.865646 0.728597
vt 0.868267 0.732146
vt 0.859403 0.732202
vt 0.861705 1.147144
vt 0.866828 1.144988
vt 0.867975 1.145632
vt 0.861692 1.142110
vt 0.861707 1.145672
vt 0.867966 1.142073
vt 0.870556 1.142054
vt 0.858134 0.726695
vt 0.863263 0.728793
vt 0.864420 0.728135
vt 0.858147 0.731729
vt 0.858131 0.728167
vt 0.864430 0.731695
vt 0.867041 0.731684
vt 0.860479 1.146682
vt 0.865585 1.144520
vt 0.860460 1.145202
vt 0.866718 1.141603
vt 0.866749 1.145171
vt 0.869330 1.141592
vt 0.860436 1.141637
vt 0.135975 0.955216
vt 0.130931 0.867306
vt 0.129705 0.955136
vt 0.955136 0.732293
vt 0.867289 0.736333
vt 0.955119 0.735871
vt 0.139546 0.869627
vt 0.132034 0.957362
vt 0.133260 0.869532
vt 0.957362 1.149328
vt 0.869477 1.146241
vt 0.869532 1.149790
vt 0.859360 0.877443
vt 0.864420 0.965369
vt 0.865646 0.877539
vt 0.877539 0.728597
vt 0.965424 0.731684
vt 0.877594 0.732146
vt 0.861705 0.879685
vt 0.866749 0.967595
vt 0.860479 0.967515
vt 0.879764 1.145632
vt 0.967612 1.141592
vt 0.967595 1.145171
vt 0.858134 0.965274
vt 0.137201 0.867386
vt 0.138320 0.957457
vt 0.358604 0.730167
vt 0.355018 0.732324
vt 0.358619 0.731653
vt 0.354225 0.735239
vt 0.354199 0.731666
vt 0.352390 0.735240
vt 0.358641 0.735220
vt 0.356337 1.148677
vt 0.356327 1.145123
vt 0.354491 1.145124
vt 0.360757 1.150130
vt 0.357150 1.148027
vt 0.360742 1.145104
vt 0.360757 1.148664
vt 0.866090 0.727502
vt 0.869709 0.729620
vt 0.870509 0.728954
vt 0.866127 0.732554
vt 0.866105 0.728987
vt 0.870536 0.732527
vt 0.872355 0.732508
vt 0.868243 1.147465
vt 0.871841 1.145323
vt 0.868243 1.145998
vt 0.872637 1.142411
vt 0.872647 1.145965
vt 0.874457 1.142392
vt 0.868228 1.142438
vt 0.357696 0.729099
vt 0.354098 0.731240
vt 0.353292 0.730598
vt 0.357711 0.734125
vt 0.357696 0.730565
vt 0.353302 0.734152
vt 0.351483 0.734171
vt 0.359850 1.149062
vt 0.356230 1.146943
vt 0.359834 1.147577
vt 0.355404 1.144036
vt 0.355430 1.147609
vt 0.353584 1.144055
vt 0.359812 1.144009
vt 0.865182 0.726433
vt 0.868789 0.728537
vt 0.865182 0.727900
vt 0.869612 0.731440
vt 0.869602 0.727886
vt 0.871448 0.731440
vt 0.865197 0.731459
vt 0.867336 1.146396
vt 0.870921 1.144240
vt 0.871740 1.144897
vt 0.867299 1.141343
vt 0.867320 1.144911
vt 0.871714 1.141324
vt 0.873549 1.141324
vt 0.132926 0.866090
vt 0.220818 0.869602
vt 0.220755 0.865182
vt 0.132989 0.728954
vt 0.220880 0.731440
vt 0.220818 0.727886
vt 0.225886 0.867336
vt 0.138084 0.872647
vt 0.138057 0.868243
vt 0.225913 1.144897
vt 0.138059 1.142392
vt 0.138084 1.145965
vt 0.215545 0.357696
vt 0.127689 0.354199
vt 0.127716 0.358604
vt 0.215517 0.730598
vt 0.127713 0.735240
vt 0.127689 0.731666
vt 0.132847 0.360757
vt 0.220613 0.355430
vt 0.220676 0.359850
vt 0.132784 1.148677
vt 0.220550 1.144055
vt 0.220613 1.147609
vt 0.215542 0.734171
vt 0.133051 0.732508
vt 0.360392 0.727126
vt 0.356793 0.729266
vt 0.360393 0.728600
vt 0.355992 0.732177
vt 0.355984 0.728615
vt 0.354167 0.732184
vt 0.360403 0.732164
vt 0.357237 1.145660
vt 0.357224 1.142095
vt 0.355399 1.142102
vt 0.361654 1.147123
vt 0.358043 1.145003
vt 0.361635 1.142081
vt 0.361647 1.145645
vt 0.867905 0.725597
vt 0.871512 0.727715
vt 0.872322 0.727059
vt 0.867916 0.730634
vt 0.867907 0.727071
vt 0.872330 0.730622
vt 0.874161 0.730618
vt 0.869168 1.145594
vt 0.872762 1.143452
vt 0.869160 1.144116
vt 0.873562 1.140539
vt 0.873576 1.144104
vt 0.875393 1.140535
vt 0.869148 1.140552
vt 0.360741 0.727291
vt 0.357147 0.729433
vt 0.356333 0.728781
vt 0.360760 0.732333
vt 0.360748 0.728769
vt 0.356347 0.732346
vt 0.354516 0.732350
vt 0.362003 1.147288
vt 0.358397 1.145170
vt 0.362002 1.145814
vt 0.357579 1.142263
vt 0.357587 1.145826
vt 0.355748 1.142267
vt 0.361992 1.142250
vt 0.868255 0.725762
vt 0.871866 0.727882
vt 0.868262 0.727239
vt 0.872685 0.730790
vt 0.872671 0.727225
vt 0.874510 0.730783
vt 0.868274 0.730804
vt 0.869517 1.145759
vt 0.873116 1.143619
vt 0.873925 1.144270
vt 0.869506 1.140721
vt 0.869516 1.144284
vt 0.873917 1.140707
vt 0.875742 1.140700
vt 0.779505 0.867905
vt 0.867324 0.872671
vt 0.867344 0.868255
vt 0.779485 0.727059
vt 0.867310 0.730783
vt 0.867324 0.727225
vt 0.778709 0.869168
vt 0.866534 0.873925
vt 0.778695 0.873576
vt 0.866534 1.144270
vt 0.778694 1.140535
vt 0.778695 1.144104
vt 0.869358 0.360741
vt 0.781533 0.355984
vt 0.781519 0.360392
vt 0.781533 0.728615
vt 0.869373 0.732350
vt 0.781534 0.732184
vt 0.780723 0.361654
vt 0.868583 0.357587
vt 0.868562 0.362003
vt 0.868583 1.145826
vt 0.780757 1.142102
vt 0.868597 1.142267
vt 0.866548 0.869517
vt 0.779471 0.730618
vt 0.141609 0.268271
vt 0.136530 0.263375
vt 0.135331 0.268213
vt 0.141691 0.259878
vt 0.141667 0.262334
vt 0.132730 0.268192
vt 0.135388 0.262278
vt 0.141753 0.260442
vt 0.136593 0.263947
vt 0.135451 0.262842
vt 0.141673 0.268848
vt 0.141730 0.262907
vt 0.132793 0.268756
vt 0.135394 0.268786
vt 0.135040 0.951422
vt 0.129867 0.956225
vt 0.134983 0.957363
vt 0.126162 0.951343
vt 0.128762 0.951363
vt 0.134960 0.959828
vt 0.128705 0.957307
vt 0.135104 0.951999
vt 0.129931 0.956796
vt 0.128825 0.951936
vt 0.135023 0.960391
vt 0.135047 0.957936
vt 0.126224 0.951907
vt 0.128768 0.957871
vt 0.863816 0.275211
vt 0.868989 0.270414
vt 0.863873 0.269274
vt 0.872696 0.275303
vt 0.870095 0.275273
vt 0.863897 0.266818
vt 0.870152 0.269339
vt 0.863880 0.275788
vt 0.869053 0.270985
vt 0.870158 0.275846
vt 0.863960 0.267382
vt 0.863937 0.269847
vt 0.872759 0.275866
vt 0.870215 0.269902
vt 0.857247 0.958361
vt 0.862327 0.963263
vt 0.863526 0.958424
vt 0.857167 0.966768
vt 0.857190 0.964303
vt 0.866127 0.958454
vt 0.863469 0.964368
vt 0.857311 0.958939
vt 0.862390 0.963834
vt 0.857253 0.964876
vt 0.866190 0.959017
vt 0.863589 0.958997
vt 0.857229 0.967331
vt 0.863532 0.964931
vt 0.141753 0.810767
vt 0.135388 0.732677
vt 0.141691 0.732690
vt 0.262278 0.732677
vt 0.268756 0.810715
vt 0.268192 0.732637
vt 0.135023 0.805722
vt 0.128705 0.727668
vt 0.128768 0.805745
vt 0.957307 0.727668
vt 0.951907 0.805791
vt 0.957871 0.805745
vt 0.958454 0.727068
vt 0.964931 0.805105
vt 0.959017 0.805146
vt 0.863532 0.805105
vt 0.857167 0.727015
vt 0.857229 0.805093
vt 0.863897 0.732060
vt 0.870215 0.810115
vt 0.863960 0.810138
vt 0.269902 0.810115
vt 0.275303 0.731992
vt 0.275866 0.810070
vt 0.951343 0.727713
vt 0.134960 0.727644
vt 0.478213 0.370449
vt 0.477969 0.369554
vt 0.477557 0.370077
vt 0.478825 0.941248
vt 0.477969 0.940986
vt 0.478581 0.940776
vt 0.369867 0.941611
vt 0.369554 0.940986
vt 0.369307 0.941414
vt 0.504657 1.066137
vt 0.503982 1.066751
vt 0.503822 1.066303
vt 0.504359 0.354571
vt 0.503982 0.353757
vt 0.504634 0.353897
vt 0.503209 1.066501
vt 0.503611 1.066995
vt 0.403243 0.534079
vt 0.402473 0.534331
vt 0.402967 0.534754
vt 0.533497 0.977670
vt 0.534331 0.977298
vt 0.533707 0.977092
vt 0.534977 0.977745
vt 0.534342 0.977783
vt 0.429388 0.518201
vt 0.428486 0.518534
vt 0.428640 0.517885
vt 0.428776 0.519290
vt 0.429020 0.518932
vt 0.517810 1.102560
vt 0.518534 1.103064
vt 0.518655 1.102673
vt 0.641655 0.450565
vt 0.642557 0.450232
vt 0.642023 0.449835
vt 0.450957 0.917580
vt 0.450232 0.917076
vt 0.450882 0.917086
vt 0.642267 0.449476
vt 0.642835 0.450112
vt 0.667800 0.434688
vt 0.668570 0.434435
vt 0.668456 0.435060
vt 0.433789 1.042395
vt 0.434435 1.042842
vt 0.434013 1.042995
vt 0.435270 1.042470
vt 0.434425 1.042357
vt 0.566684 0.614195
vt 0.567061 0.615010
vt 0.567432 0.614511
vt 0.566386 0.954003
vt 0.567061 0.953389
vt 0.566408 0.953402
vt 0.567834 0.953640
vt 0.567221 0.953837
vt 0.592830 0.598318
vt 0.593074 0.599213
vt 0.592462 0.599048
vt 0.598899 1.078529
vt 0.599213 1.079154
vt 0.598690 1.079108
vt 0.592218 1.078892
vt 0.593074 1.079154
vt 0.593053 1.078726
vt 0.402587 0.533707
vt 0.477990 0.941414
vt 0.477377 0.941611
vt 0.503611 0.354255
vt 0.354255 1.066995
vt 0.354180 1.066501
vt 0.519290 1.102635
vt 0.566408 0.614870
vt 0.402967 0.977145
vt 0.429020 1.103107
vt 0.428776 1.102635
vt 0.593666 1.078529
vt 0.642403 0.450882
vt 0.614511 0.953145
vt 0.593486 0.598690
vt 0.449476 0.917505
vt 0.478581 0.369718
vt 0.642267 0.917505
vt 0.668076 0.434013
vt 0.668076 1.042995
vt 0.668099 1.042395
vt 0.402944 0.977745
vt 0.614586 0.953640
vt 0.684116 0.421888
vt 0.684411 0.421272
vt 0.683918 0.421338
vt 0.421610 0.938397
vt 0.421272 0.938090
vt 0.421685 0.937991
vt 0.683851 0.938458
vt 0.684411 0.938090
vt 0.684490 0.938429
vt 0.424075 1.034746
vt 0.423755 1.035115
vt 0.423606 1.034778
vt 0.688526 0.424383
vt 0.688799 0.423755
vt 0.689073 0.424171
vt 0.688208 1.034807
vt 0.688799 1.035115
vt 0.688312 1.035211
vt 0.555090 0.470131
vt 0.554480 0.469854
vt 0.554543 0.470342
vt 0.554824 0.943058
vt 0.554480 0.942723
vt 0.554891 0.942635
vt 0.470439 0.943053
vt 0.469854 0.942723
vt 0.469799 0.943069
vt 0.559500 0.472625
vt 0.558868 0.472336
vt 0.559286 0.472067
vt 0.472904 1.039402
vt 0.472336 1.039748
vt 0.472828 1.039808
vt 0.559181 1.039408
vt 0.558868 1.039748
vt 0.558713 1.039418
vt 0.732177 0.550948
vt 0.732809 0.551238
vt 0.732739 0.550745
vt 0.732495 0.932916
vt 0.732809 0.932576
vt 0.732391 0.932512
vt 0.550670 0.932922
vt 0.551238 0.932576
vt 0.551310 0.932906
vt 0.736587 0.553443
vt 0.737196 0.553720
vt 0.736785 0.553993
vt 0.553135 1.029271
vt 0.553720 1.029601
vt 0.553231 1.029693
vt 0.736852 1.029266
vt 0.737196 1.029601
vt 0.737321 1.029256
vt 0.603150 0.599191
vt 0.602877 0.599819
vt 0.603364 0.599750
vt 0.599499 0.937578
vt 0.599819 0.937209
vt 0.599403 0.937156
vt 0.603469 0.937517
vt 0.602877 0.937209
vt 0.602829 0.937546
vt 0.607560 0.601686
vt 0.607265 0.602301
vt 0.606998 0.601889
vt 0.607826 1.033866
vt 0.607265 1.034234
vt 0.607759 1.034290
vt 0.601964 1.033927
vt 0.602301 1.034234
vt 0.602432 1.033896
vt 0.554891 0.469581
vt 0.683918 0.938035
vt 0.421141 0.938429
vt 0.688847 1.034778
vt 0.688312 0.423824
vt 0.472264 1.039418
vt 0.554356 0.943069
vt 0.602604 0.599403
vt 0.558938 0.472828
vt 0.601889 1.034333
vt 0.607186 1.033896
vt 0.599967 0.937546
vt 0.732391 0.551507
vt 0.607759 0.602236
vt 0.553775 1.029256
vt 0.684678 0.421685
vt 0.550745 0.932516
vt 0.737133 0.553231
vt 0.315214 0.577016
vt 0.314903 0.576246
vt 0.314580 0.576748
vt 0.315633 0.942375
vt 0.314903 0.942088
vt 0.315473 0.941933
vt 0.576590 0.942607
vt 0.576246 0.942088
vt 0.576033 0.942476
vt 0.330233 1.055764
vt 0.329606 1.056272
vt 0.329476 1.055865
vt 0.329992 0.563469
vt 0.329606 0.562768
vt 0.330199 0.562835
vt 0.563206 1.055996
vt 0.562768 1.056272
vt 0.563249 1.056459
vt 0.260845 0.730165
vt 0.260153 0.730468
vt 0.260638 0.730799
vt 0.729739 0.967685
vt 0.730468 0.967341
vt 0.729897 0.967174
vt 0.260604 0.967757
vt 0.260153 0.967341
vt 0.260040 0.967769
vt 0.275623 0.716618
vt 0.274855 0.716991
vt 0.274936 0.716398
vt 0.275204 1.081146
vt 0.274855 1.081525
vt 0.275363 1.081589
vt 0.716355 1.081074
vt 0.716991 1.081525
vt 0.717113 1.081158
vt 0.468995 0.633755
vt 0.469762 0.633382
vt 0.469254 0.633073
vt 0.634018 0.929344
vt 0.633382 0.928892
vt 0.633975 0.928880
vt 0.469413 0.929271
vt 0.469762 0.928892
vt 0.469977 0.929259
vt 0.483772 0.620208
vt 0.484464 0.619905
vt 0.484407 0.620476
vt 0.484014 1.042660
vt 0.484464 1.043076
vt 0.483980 1.043191
vt 0.620634 1.042733
vt 0.619905 1.043076
vt 0.619875 1.042648
vt 0.414626 0.786904
vt 0.415012 0.787605
vt 0.415312 0.787124
vt 0.414384 0.954654
vt 0.415012 0.954146
vt 0.414418 0.954122
vt 0.787167 0.954422
vt 0.787605 0.954146
vt 0.787724 0.954553
vt 0.429403 0.773357
vt 0.429714 0.774127
vt 0.429144 0.774038
vt 0.773783 1.067810
vt 0.774127 1.068330
vt 0.773624 1.068321
vt 0.428984 1.068042
vt 0.429714 1.068330
vt 0.429741 1.067941
vt 0.260211 0.729897
vt 0.314876 0.942476
vt 0.562649 1.055865
vt 0.329305 0.563249
vt 0.716398 1.081537
vt 0.274640 1.081158
vt 0.414418 0.787537
vt 0.260638 0.967226
vt 0.275363 0.717300
vt 0.429144 1.068485
vt 0.774340 1.067941
vt 0.415141 0.954553
vt 0.469681 0.633975
vt 0.430038 0.773624
vt 0.620476 1.043243
vt 0.484577 1.042648
vt 0.633259 0.929259
vt 0.315473 0.576334
vt 0.469254 0.928829
vt 0.483980 0.619574
vt 0.330199 1.056295
vt 0.647257 0.391269
vt 0.647204 0.390602
vt 0.646819 0.390900
vt 0.647803 0.935136
vt 0.647204 0.934835
vt 0.647632 0.934743
vt 0.646655 0.935196
vt 0.647205 0.935163
vt 0.652552 1.029225
vt 0.651986 1.029584
vt 0.651954 1.029252
vt 0.652064 0.389788
vt 0.651986 0.389128
vt 0.652421 0.389344
vt 0.651403 1.029284
vt 0.651609 1.029682
vt 0.562055 0.495302
vt 0.561404 0.495363
vt 0.561698 0.495746
vt 0.494774 0.941114
vt 0.495363 0.940795
vt 0.494932 0.940703
vt 0.495924 0.941126
vt 0.495373 0.941133
vt 0.566862 0.493820
vt 0.566186 0.493890
vt 0.566407 0.493456
vt 0.494461 1.035215
vt 0.493890 1.035543
vt 0.494270 1.035609
vt 0.493311 1.035203
vt 0.493909 1.035221
vt 0.751236 0.476651
vt 0.751912 0.476582
vt 0.751611 0.476202
vt 0.477161 0.931228
vt 0.476582 0.930888
vt 0.477015 0.930831
vt 0.476011 0.931216
vt 0.476562 0.931210
vt 0.756043 0.475170
vt 0.756694 0.475108
vt 0.756481 0.475539
vt 0.474547 1.025305
vt 0.475108 1.025636
vt 0.474726 1.025719
vt 0.475697 1.025317
vt 0.475099 1.025298
vt 0.666034 0.580683
vt 0.666112 0.581344
vt 0.666489 0.581047
vt 0.665546 0.937206
vt 0.666112 0.936848
vt 0.665677 0.936792
vt 0.666695 0.937147
vt 0.666144 0.937179
vt 0.670841 0.579202
vt 0.670895 0.579870
vt 0.670467 0.579651
vt 0.671444 1.031235
vt 0.670895 1.031596
vt 0.671279 1.031646
vt 0.670295 1.031295
vt 0.670893 1.031268
vt 0.561617 0.494932
vt 0.390742 0.935196
vt 0.651609 0.389424
vt 0.493456 1.035600
vt 0.389279 1.029284
vt 0.389424 1.029682
vt 0.665677 0.581127
vt 0.561698 0.940712
vt 0.566487 0.494270
vt 0.670467 1.031688
vt 0.566316 1.035215
vt 0.566487 1.035609
vt 0.751691 0.477015
vt 0.581193 0.937147
vt 0.671279 0.579571
vt 0.475539 1.025728
vt 0.579729 1.031235
vt 0.579571 1.031646
vt 0.647632 0.390820
vt 0.751611 0.930822
vt 0.756400 0.474726
vt 0.652421 1.029639
vt 0.756532 1.025305
vt 0.756400 1.025719
vt 0.751783 0.931216
vt 0.561567 0.941126
vt 0.292442 0.643069
vt 0.292314 0.642112
vt 0.291828 0.642596
vt 0.293228 0.928262
vt 0.292314 0.928032
vt 0.292913 0.927796
vt 0.291694 0.928712
vt 0.292384 0.928465
vt 0.327090 1.055846
vt 0.326413 1.056510
vt 0.326246 1.056049
vt 0.326715 0.626488
vt 0.326413 0.625615
vt 0.327065 0.625840
vt 0.325556 1.056296
vt 0.325981 1.056793
vt 0.196837 0.800819
vt 0.196039 0.800968
vt 0.196487 0.801467
vt 0.800092 0.974341
vt 0.800968 0.973981
vt 0.800346 0.973743
vt 0.801677 0.974446
vt 0.800953 0.974486
vt 0.231110 0.784238
vt 0.230138 0.784471
vt 0.230376 0.783824
vt 0.230324 0.785296
vt 0.230639 0.784945
vt 0.783710 1.101925
vt 0.784471 1.102459
vt 0.784571 1.102070
vt 0.449372 0.746387
vt 0.450344 0.746154
vt 0.449842 0.745680
vt 0.746915 0.899983
vt 0.746154 0.899448
vt 0.746801 0.899485
vt 0.450158 0.745329
vt 0.450662 0.746054
vt 0.483645 0.729806
vt 0.484443 0.729658
vt 0.484258 0.730279
vt 0.728948 1.027462
vt 0.729658 1.027927
vt 0.729158 1.028091
vt 0.730533 1.027566
vt 0.729672 1.027421
vt 0.353767 0.904137
vt 0.354069 0.905010
vt 0.354501 0.904551
vt 0.353392 0.946061
vt 0.354069 0.945397
vt 0.353417 0.945432
vt 0.354926 0.945612
vt 0.354236 0.945858
vt 0.388040 0.887556
vt 0.388168 0.888513
vt 0.387569 0.888263
vt 0.388787 1.073195
vt 0.388168 1.073876
vt 0.388654 1.073794
vt 0.387254 1.073645
vt 0.388098 1.073442
vt 0.196223 0.800346
vt 0.642596 0.928113
vt 0.325981 0.626074
vt 0.325556 0.625960
vt 0.785296 1.102029
vt 0.353417 0.904785
vt 0.196462 0.974446
vt 0.450106 0.746801
vt 0.450530 0.746915
vt 0.388654 0.888029
vt 0.888029 1.073794
vt 0.888283 1.073195
vt 0.746054 0.899837
vt 0.292913 0.642362
vt 0.293228 0.642012
vt 0.483995 0.729158
vt 0.483995 1.028091
vt 0.484019 1.027462
vt 0.625960 1.056296
vt 0.642342 0.928712
vt 0.450158 0.899878
vt 0.904665 0.945612
vt 0.510080 0.467471
vt 0.510487 0.466769
vt 0.509901 0.466820
vt 0.467196 0.988949
vt 0.466769 0.988662
vt 0.467264 0.988506
vt 0.509887 0.989164
vt 0.510487 0.988662
vt 0.510629 0.989049
vt 0.472314 1.100865
vt 0.471923 1.101361
vt 0.471744 1.100964
vt 0.527341 0.472651
vt 0.527660 0.471923
vt 0.527965 0.472426
vt 0.526941 1.101079
vt 0.527660 1.101361
vt 0.527101 1.101534
vt 0.357655 0.517838
vt 0.356993 0.517488
vt 0.357030 0.518063
vt 0.357462 1.010087
vt 0.356993 1.009731
vt 0.357475 1.009581
vt 0.518175 1.010126
vt 0.517488 1.009731
vt 0.517425 1.010151
vt 0.374915 0.523018
vt 0.374166 0.522643
vt 0.374675 0.522349
vt 0.523293 1.122041
vt 0.522643 1.122431
vt 0.523225 1.122485
vt 0.374515 1.122002
vt 0.374166 1.122431
vt 0.373947 1.122066
vt 0.558876 0.621152
vt 0.559625 0.621528
vt 0.559561 0.620945
vt 0.559276 0.974525
vt 0.559625 0.974096
vt 0.559116 0.974070
vt 0.620877 0.974486
vt 0.621528 0.974096
vt 0.621627 0.974461
vt 0.576137 0.626333
vt 0.576798 0.626682
vt 0.576316 0.626983
vt 0.625996 1.086401
vt 0.626682 1.086796
vt 0.626107 1.086919
vt 0.576329 1.086440
vt 0.576798 1.086796
vt 0.576897 1.086376
vt 0.406450 0.671519
vt 0.406131 0.672247
vt 0.406690 0.672188
vt 0.671856 0.995663
vt 0.672247 0.995166
vt 0.671744 0.995145
vt 0.406850 0.995448
vt 0.406131 0.995166
vt 0.406109 0.995564
vt 0.423711 0.676699
vt 0.423304 0.677401
vt 0.423026 0.676906
vt 0.423904 1.107363
vt 0.423304 1.107866
vt 0.423890 1.107869
vt 0.676974 1.107578
vt 0.677401 1.107866
vt 0.677544 1.107478
vt 0.357475 0.517187
vt 0.509901 0.988658
vt 0.466626 0.989049
vt 0.527101 0.471982
vt 0.374675 1.122457
vt 0.522543 1.122066
vt 0.356894 1.010151
vt 0.405826 0.671744
vt 0.518063 1.009609
vt 0.374230 0.523225
vt 0.423162 1.107478
vt 0.672426 0.995564
vt 0.559116 0.621821
vt 0.406690 0.994993
vt 0.423890 0.677350
vt 0.626745 1.086376
vt 0.510765 0.467264
vt 0.576761 0.626107
vt 0.332672 0.385442
vt 0.332104 0.384775
vt 0.331957 0.385387
vt 0.332757 0.930561
vt 0.332104 0.930293
vt 0.332697 0.930107
vt 0.385288 0.930868
vt 0.384775 0.930293
vt 0.384562 0.930700
vt 0.346666 1.049168
vt 0.346110 1.049732
vt 0.345926 1.049307
vt 0.346749 0.363663
vt 0.346110 0.363107
vt 0.346725 0.362968
vt 0.363770 1.049474
vt 0.363107 1.049732
vt 0.363685 1.049949
vt 0.332462 0.556000
vt 0.331894 0.556529
vt 0.332486 0.556694
vt 0.555846 0.961835
vt 0.556529 0.961478
vt 0.555945 0.961291
vt 0.332546 0.961904
vt 0.331894 0.961478
vt 0.331807 0.961933
vt 0.346540 0.534221
vt 0.345900 0.534861
vt 0.345775 0.534243
vt 0.346454 1.080511
vt 0.345900 1.080916
vt 0.346514 1.080965
vt 0.534328 1.080442
vt 0.534861 1.080916
vt 0.535068 1.080540
vt 0.504876 0.389196
vt 0.505516 0.388556
vt 0.504901 0.388425
vt 0.389088 0.911118
vt 0.388556 0.910644
vt 0.389173 0.910644
vt 0.504961 0.911049
vt 0.505516 0.910644
vt 0.505701 0.911020
vt 0.518953 0.367417
vt 0.519522 0.366887
vt 0.519668 0.367471
vt 0.518870 1.029656
vt 0.519522 1.030083
vt 0.518929 1.030220
vt 0.367570 1.029725
vt 0.366887 1.030083
vt 0.366831 1.029627
vt 0.504666 0.559754
vt 0.505305 0.560310
vt 0.505431 0.559731
vt 0.504750 0.942392
vt 0.505305 0.941828
vt 0.504690 0.941828
vt 0.559646 0.942086
vt 0.560310 0.941828
vt 0.560371 0.942253
vt 0.518744 0.537975
vt 0.519311 0.538641
vt 0.518718 0.538745
vt 0.538128 1.060692
vt 0.538641 1.061267
vt 0.538029 1.061236
vt 0.518658 1.060999
vt 0.519311 1.061267
vt 0.519398 1.060860
vt 0.331748 0.555945
vt 0.385387 0.930324
vt 0.332018 0.930700
vt 0.345985 0.363685
vt 0.534243 1.080916
vt 0.345715 1.080540
vt 0.556585 0.961933
vt 0.504690 0.560448
vt 0.346514 0.534991
vt 0.518718 1.061453
vt 0.538854 1.060860
vt 0.505640 0.389173
vt 0.559731 0.941611
vt 0.519458 0.538029
vt 0.519609 1.029627
vt 0.388349 0.911020
vt 0.332697 0.384671
vt 0.504901 0.910595
vt 0.518929 0.366722
vt 0.346725 1.049732
vt 0.385669 0.525557
vt 0.386010 0.524782
vt 0.385412 0.524907
vt 0.386713 0.936863
vt 0.386010 0.936584
vt 0.386353 0.936414
vt 0.385384 0.937126
vt 0.386151 0.936982
vt 0.527824 1.052425
vt 0.527480 1.052957
vt 0.527295 1.052544
vt 0.407763 0.528269
vt 0.407992 0.527480
vt 0.408368 0.527961
vt 0.407212 1.052688
vt 0.407992 1.052957
vt 0.407428 1.053154
vt 0.235565 0.596243
vt 0.234854 0.595963
vt 0.234960 0.596551
vt 0.595334 0.963839
vt 0.595963 0.963485
vt 0.595593 0.963314
vt 0.596688 0.963901
vt 0.595908 0.963925
vt 0.257659 0.598955
vt 0.256835 0.598662
vt 0.257325 0.598296
vt 0.599368 1.079463
vt 0.598662 1.079858
vt 0.599254 1.079912
vt 0.257108 1.079401
vt 0.256835 1.079858
vt 0.256586 1.079486
vt 0.454500 0.677971
vt 0.455324 0.678265
vt 0.455184 0.677672
vt 0.455051 0.920389
vt 0.455324 0.919932
vt 0.454835 0.919922
vt 0.677558 0.920327
vt 0.678265 0.919932
vt 0.678338 0.920303
vt 0.476594 0.680684
vt 0.477305 0.680963
vt 0.476850 0.681333
vt 0.680238 1.035889
vt 0.680963 1.036305
vt 0.680375 1.036433
vt 0.681593 1.035951
vt 0.681018 1.035865
vt 0.304397 0.748657
vt 0.304168 0.749446
vt 0.304731 0.749316
vt 0.749103 0.947365
vt 0.749446 0.946833
vt 0.748965 0.946821
vt 0.304947 0.947102
vt 0.304168 0.946833
vt 0.304180 0.947247
vt 0.326490 0.751370
vt 0.326149 0.752145
vt 0.325807 0.751668
vt 0.326775 1.062664
vt 0.326149 1.063206
vt 0.326747 1.063190
vt 0.325446 1.062927
vt 0.326008 1.062808
vt 0.235309 0.595593
vt 0.385412 0.936600
vt 0.235280 0.963839
vt 0.235309 0.963314
vt 0.408542 1.052425
vt 0.407979 1.052544
vt 0.407428 0.527610
vt 0.598588 1.079486
vt 0.598014 1.079401
vt 0.303791 0.748965
vt 0.596551 0.963357
vt 0.256976 0.599254
vt 0.751668 1.063376
vt 0.303617 0.947365
vt 0.454835 0.678630
vt 0.326747 0.752019
vt 0.476879 1.035951
vt 0.386353 0.525258
vt 0.525258 0.936414
vt 0.525144 0.936863
vt 0.477199 0.680375
vt 0.527961 1.052969
vt 0.476600 0.525781
vt 0.477070 0.525122
vt 0.476483 0.525115
vt 0.525606 0.974129
vt 0.525122 0.973831
vt 0.525642 0.973683
vt 0.476487 0.974323
vt 0.477070 0.973831
vt 0.477219 0.974218
vt 0.531522 1.086084
vt 0.531079 1.086571
vt 0.530907 1.086173
vt 0.491763 0.531769
vt 0.492156 0.531079
vt 0.492409 0.531609
vt 0.491469 1.086278
vt 0.492156 1.086571
vt 0.491592 1.086736
vt 0.319974 0.560593
vt 0.319346 0.560178
vt 0.319328 0.560753
vt 0.319862 0.993442
vt 0.319346 0.993084
vt 0.319857 0.992939
vt 0.560841 0.993481
vt 0.560178 0.993084
vt 0.560102 0.993502
vt 0.335138 0.566581
vt 0.334433 0.566136
vt 0.334967 0.565894
vt 0.566757 1.105436
vt 0.566136 1.105824
vt 0.566720 1.105882
vt 0.334843 1.105397
vt 0.334433 1.105824
vt 0.334230 1.105457
vt 0.510057 0.683343
vt 0.510762 0.683788
vt 0.510756 0.683204
vt 0.510351 0.961365
vt 0.510762 0.960938
vt 0.510227 0.960907
vt 0.683167 0.961326
vt 0.683788 0.960938
vt 0.683906 0.961305
vt 0.525220 0.689330
vt 0.525848 0.689745
vt 0.525337 0.689996
vt 0.689083 1.073281
vt 0.689745 1.073678
vt 0.689170 1.073796
vt 0.525332 1.073320
vt 0.525848 1.073678
vt 0.525945 1.073260
vt 0.353432 0.718155
vt 0.353038 0.718844
vt 0.353602 0.718842
vt 0.718402 0.980678
vt 0.718844 0.980191
vt 0.718315 0.980163
vt 0.353726 0.980484
vt 0.353038 0.980191
vt 0.352994 0.980589
vt 0.368595 0.724143
vt 0.368125 0.724802
vt 0.367896 0.724281
vt 0.368707 1.092439
vt 0.368125 1.092931
vt 0.368712 1.092942
vt 0.724318 1.092633
vt 0.724802 1.092931
vt 0.724933 1.092544
vt 0.319857 0.559927
vt 0.476483 0.973820
vt 0.524991 0.974218
vt 0.491592 0.531082
vt 0.566018 1.105457
vt 0.319249 0.993502
vt 0.352786 0.718315
vt 0.560753 0.992966
vt 0.334438 0.566720
vt 0.724281 1.093080
vt 0.367975 1.092544
vt 0.510227 0.684030
vt 0.368712 0.724809
vt 0.689821 1.073260
vt 0.510964 0.961305
vt 0.477299 0.525642
vt 0.683204 0.960880
vt 0.525866 0.689170
vt 0.531609 1.086599
vt 0.143671 0.268862
vt 0.138599 0.263959
vt 0.137390 0.268792
vt 0.143764 0.137905
vt 0.138599 0.133042
vt 0.143740 0.131959
vt 0.268774 0.137876
vt 0.263959 0.133042
vt 0.262866 0.137893
vt 0.143058 0.821102
vt 0.137884 0.825939
vt 0.136750 0.821090
vt 0.142948 0.270459
vt 0.137884 0.265539
vt 0.143022 0.264514
vt 0.270332 0.821074
vt 0.265539 0.825939
vt 0.270377 0.827017
vt 0.135398 0.952010
vt 0.130209 0.956806
vt 0.135324 0.957955
vt 0.951922 0.136310
vt 0.956806 0.131453
vt 0.951940 0.130373
vt 0.135288 0.136300
vt 0.130209 0.131453
vt 0.129039 0.136299
vt 0.134675 0.953607
vt 0.129494 0.958386
vt 0.128399 0.953525
vt 0.134582 0.819498
vt 0.129494 0.824350
vt 0.134606 0.825443
vt 0.953480 0.819508
vt 0.958386 0.824350
vt 0.959451 0.819497
vt 0.865857 0.277609
vt 0.871039 0.272830
vt 0.865927 0.271676
vt 0.277736 0.138620
vt 0.272830 0.133778
vt 0.277691 0.132678
vt 0.865951 0.138631
vt 0.871039 0.133778
vt 0.872199 0.138631
vt 0.865134 0.279206
vt 0.870323 0.274410
vt 0.871416 0.279276
vt 0.865245 0.821828
vt 0.870323 0.826675
vt 0.865209 0.827763
vt 0.279294 0.821818
vt 0.274410 0.826675
vt 0.273323 0.821829
vt 0.857585 0.960757
vt 0.862649 0.965677
vt 0.863861 0.960839
vt 0.857475 0.137026
vt 0.862649 0.132189
vt 0.857511 0.131092
vt 0.960884 0.137054
vt 0.965677 0.132189
vt 0.966792 0.137038
vt 0.856862 0.962354
vt 0.861933 0.967257
vt 0.856792 0.968287
vt 0.962442 0.820252
vt 0.967257 0.825087
vt 0.962424 0.826189
vt 0.856769 0.820224
vt 0.861933 0.825087
vt 0.863077 0.820236
vt 0.129117 0.951940
vt 0.268792 0.131939
vt 0.137455 0.137893
vt 0.264424 0.821090
vt 0.136672 0.270377
vt 0.128333 0.819497
vt 0.957893 0.136299
vt 0.857511 0.966702
vt 0.135324 0.130366
vt 0.134606 0.959540
vt 0.856792 0.826169
vt 0.968350 0.820236
vt 0.863783 0.137038
vt 0.872134 0.277691
vt 0.960839 0.131112
vt 0.863143 0.962424
vt 0.279276 0.827755
vt 0.871494 0.821829
vt 0.271765 0.138631
vt 0.143740 0.262929
vt 0.865209 0.273261
vt 0.177481 0.118041
vt 0.172915 0.115240
vt 0.171893 0.117533
vt 0.177502 0.112741
vt 0.177480 0.115002
vt 0.171908 0.113786
vt 0.169600 0.116322
vt 0.180639 0.249557
vt 0.176096 0.252257
vt 0.175044 0.250188
vt 0.180695 0.254662
vt 0.180671 0.252364
vt 0.175084 0.253798
vt 0.172737 0.251585
vt 0.178890 0.148209
vt 0.174344 0.150719
vt 0.178914 0.150506
vt 0.173341 0.152811
vt 0.173302 0.149201
vt 0.171010 0.151468
vt 0.178946 0.153314
vt 0.182104 0.267648
vt 0.177525 0.270438
vt 0.176493 0.268141
vt 0.182083 0.272948
vt 0.182105 0.270688
vt 0.176478 0.271889
vt 0.174146 0.269347
vt 0.821598 0.118910
vt 0.826177 0.116121
vt 0.821598 0.115871
vt 0.827225 0.114669
vt 0.827210 0.118417
vt 0.829556 0.117212
vt 0.821620 0.113610
vt 0.824812 0.247291
vt 0.829358 0.244781
vt 0.830401 0.246299
vt 0.824756 0.242185
vt 0.824788 0.244993
vt 0.830361 0.242689
vt 0.832693 0.244032
vt 0.823008 0.140837
vt 0.827606 0.143242
vt 0.828619 0.141701
vt 0.823063 0.145943
vt 0.823031 0.143135
vt 0.828658 0.145311
vt 0.830966 0.143915
vt 0.826221 0.268517
vt 0.830787 0.271319
vt 0.826222 0.271557
vt 0.831795 0.272773
vt 0.831810 0.269025
vt 0.834102 0.270237
vt 0.826200 0.273817
vt 0.173302 0.409582
vt 0.178890 0.410090
vt 0.117533 -0.008353
vt 0.408370 0.151468
vt 0.409582 0.149201
vt 0.171908 -0.007483
vt 0.177502 -0.008114
vt -0.025238 0.250188
vt 0.116322 -0.006087
vt 0.113786 -0.007483
vt 0.175084 -0.023907
vt 0.180695 -0.024401
vt 0.268141 0.411352
vt -0.022702 0.251585
vt -0.023907 0.253798
vt 0.182083 0.410985
vt 0.176478 0.410482
vt 0.410912 0.152811
vt 0.269347 0.409139
vt 0.271889 0.410482
vt 0.409260 0.143915
vt 0.272773 0.402982
vt 0.270237 0.401586
vt 0.831795 0.402982
vt 0.826200 0.403614
vt 0.828619 0.410466
vt 0.410466 0.141701
vt 0.117212 -0.013639
vt 0.118417 -0.015853
vt 0.830401 -0.023024
vt -0.023024 0.246299
vt 0.269025 0.403853
vt 0.827225 -0.014983
vt 0.114669 -0.014983
vt -0.021812 0.244032
vt -0.024354 0.242689
vt 0.823008 0.410959
vt 0.821620 -0.015486
vt 0.824812 -0.023532
vt 0.215823 -0.018570
vt 0.211807 -0.019957
vt 0.210904 -0.018687
vt 0.215828 -0.021032
vt 0.215824 -0.020174
vt 0.210908 -0.020428
vt 0.208871 -0.018930
vt 0.216428 0.059506
vt 0.212415 0.060380
vt 0.211507 0.059876
vt 0.216437 -0.046200
vt 0.212415 -0.047306
vt 0.216434 -0.047609
vt 0.211507 -0.047395
vt 0.211514 -0.046123
vt 0.209470 -0.045897
vt 0.215962 0.154700
vt 0.211948 0.155773
vt 0.215966 0.156109
vt 0.211050 0.155855
vt 0.211043 0.154583
vt 0.209010 0.154340
vt 0.215971 0.099630
vt 0.211948 0.098831
vt 0.211050 0.099352
vt 0.216577 0.127071
vt 0.212556 0.128424
vt 0.211653 0.127148
vt 0.216571 0.129532
vt 0.216576 0.128674
vt 0.211649 0.128888
vt 0.209610 0.127374
vt 0.781873 -0.016261
vt 0.785893 -0.017614
vt 0.781874 -0.017864
vt 0.786800 -0.018079
vt 0.786796 -0.016338
vt 0.788840 -0.016564
vt 0.781879 -0.018723
vt 0.782487 -0.043890
vt 0.786501 -0.044964
vt 0.787406 -0.043773
vt 0.782478 0.054175
vt 0.786501 0.054974
vt 0.782484 0.054951
vt 0.787400 -0.045045
vt 0.789439 -0.043530
vt 0.782013 0.157009
vt 0.786035 0.158116
vt 0.786936 0.156932
vt 0.782022 0.094299
vt 0.786035 0.093425
vt 0.782016 0.093524
vt 0.786942 0.158204
vt 0.788980 0.156706
vt 0.782627 0.129380
vt 0.786643 0.130766
vt 0.782626 0.130983
vt 0.787542 0.131238
vt 0.787546 0.129497
vt 0.789579 0.129740
vt 0.782621 0.131842
vt 0.210908 0.007898
vt 0.215828 0.007528
vt 0.209470 0.060677
vt 0.208871 0.008698
vt 0.211649 0.151330
vt 0.216571 0.151608
vt 0.209610 0.150568
vt 0.782016 0.158419
vt 0.215966 0.098854
vt 0.789579 0.145106
vt 0.786942 0.093929
vt 0.787542 0.145907
vt 0.782621 0.146277
vt 0.786800 0.002475
vt 0.787400 0.054453
vt 0.789439 0.055215
vt 0.782484 -0.045300
vt -0.045897 0.060677
vt 0.154340 0.098590
vt -0.018930 0.008698
vt 0.781879 0.002197
vt 0.129740 0.145106
vt -0.016564 0.003237
vt 0.156706 0.093128
vt 0.447994 0.229169
vt 0.447628 0.226465
vt 0.447527 0.229166
vt 0.447546 0.225858
vt 0.448013 0.225860
vt 0.448020 0.224490
vt 0.447333 0.229166
vt 0.447944 0.226092
vt 0.447478 0.226088
vt 0.447952 0.224720
vt 0.447925 0.229401
vt 0.447560 0.226697
vt 0.447265 0.229396
vt 0.447459 0.229398
vt 0.443556 0.999773
vt 0.443160 1.002473
vt 0.443537 1.003082
vt 0.442896 0.999770
vt 0.443090 0.999770
vt 0.443070 1.003080
vt 0.443529 1.004454
vt 0.443488 1.000005
vt 0.443091 1.002704
vt 0.443021 1.000002
vt 0.443002 1.003310
vt 0.443469 1.003314
vt 0.443461 1.004684
vt 0.442828 1.000000
vt 0.556672 0.229796
vt 0.557068 0.227097
vt 0.556691 0.226488
vt 0.557331 0.229802
vt 0.557138 0.229799
vt 0.557157 0.226491
vt 0.556698 0.225118
vt 0.556603 0.230029
vt 0.557000 0.227329
vt 0.557070 0.230031
vt 0.557089 0.226721
vt 0.556622 0.226720
vt 0.556630 0.225348
vt 0.557263 0.230032
vt 0.552234 1.000400
vt 0.552600 1.003105
vt 0.552701 1.000403
vt 0.552682 1.003713
vt 0.552215 1.003710
vt 0.552207 1.005081
vt 0.552894 1.000405
vt 0.552166 1.000633
vt 0.552531 1.003336
vt 0.552147 1.003942
vt 0.552826 1.000635
vt 0.552633 1.000635
vt 0.552614 1.003943
vt 0.552139 1.005311
vt 0.224720 0.316283
vt 0.225858 0.286632
vt 0.224490 0.286644
vt 0.229396 0.316245
vt 0.229166 0.286606
vt 1.004454 0.280581
vt 1.003310 0.310230
vt 1.004684 0.310220
vt 0.999770 0.280616
vt 1.000000 0.310255
vt 1.000405 0.280863
vt 1.003943 0.310476
vt 1.000635 0.310502
vt 1.005081 0.280825
vt 1.005311 0.310464
vt 0.225348 0.316526
vt 0.226491 0.286878
vt 0.226721 0.316517
vt 0.230032 0.316492
vt 0.556698 0.286888
vt 0.447952 0.316283
vt 0.448020 0.286644
vt 0.443461 0.310220
vt 0.552207 0.280825
vt 0.443529 0.280581
vt 0.229802 0.286853
vt 0.449067 0.229483
vt 0.448699 0.226779
vt 0.448600 0.229480
vt 0.448617 0.226171
vt 0.449083 0.226173
vt 0.449090 0.224802
vt 0.448407 0.229479
vt 0.449176 0.226091
vt 0.448709 0.226089
vt 0.449182 0.224721
vt 0.449160 0.229400
vt 0.448792 0.226697
vt 0.448499 0.229398
vt 0.448693 0.229398
vt 0.445260 1.000110
vt 0.444866 1.002810
vt 0.445244 1.003419
vt 0.444601 1.000107
vt 0.444794 1.000108
vt 0.444778 1.003417
vt 0.445238 1.004790
vt 0.445353 1.000028
vt 0.444959 1.002728
vt 0.444886 1.000026
vt 0.444870 1.003335
vt 0.445337 1.003337
vt 0.445329 1.004708
vt 0.444693 1.000025
vt 0.557745 0.230021
vt 0.558139 0.227320
vt 0.557761 0.226711
vt 0.558405 0.230023
vt 0.558212 0.230023
vt 0.558228 0.226713
vt 0.557768 0.225340
vt 0.557838 0.229938
vt 0.558232 0.227238
vt 0.558304 0.229940
vt 0.558320 0.226632
vt 0.557854 0.226629
vt 0.557860 0.225259
vt 0.558497 0.229942
vt 0.553938 1.000648
vt 0.554306 1.003352
vt 0.554405 1.000650
vt 0.554389 1.003959
vt 0.553922 1.003957
vt 0.553916 1.005327
vt 0.554599 1.000651
vt 0.554031 1.000566
vt 0.554399 1.003269
vt 0.554015 1.003875
vt 0.554691 1.000569
vt 0.554498 1.000568
vt 0.554481 1.003878
vt 0.554008 1.005246
vt 0.224802 0.622648
vt 0.226089 0.652293
vt 0.226171 0.622654
vt 0.229479 0.622663
vt 1.004790 0.624806
vt 1.003335 0.654444
vt 1.004708 0.654446
vt 1.000107 0.624795
vt 1.000025 0.654435
vt 1.000569 0.654096
vt 1.003959 0.624466
vt 1.003878 0.654106
vt 1.005327 0.624471
vt 1.005246 0.654111
vt 0.225340 0.622313
vt 0.226632 0.651955
vt 0.225259 0.651953
vt 0.230023 0.622324
vt 0.229942 0.651964
vt 0.229398 0.652303
vt 0.557860 0.651953
vt 0.449090 0.622648
vt 0.557768 0.622313
vt 0.445329 0.654446
vt 0.553916 0.624471
vt 0.445238 0.624806
vt 1.000651 0.624456
vt 0.086718 0.363932
vt 0.085645 0.359636
vt 0.085433 0.363934
vt 0.358666 -0.138892
vt 0.358668 -0.141252
vt 0.356482 -0.138883
vt 0.363929 -0.138882
vt 0.359636 -0.140826
vt 0.357833 0.136758
vt 0.357845 0.134367
vt 0.355661 0.134376
vt 0.083332 0.363091
vt 0.082293 0.358804
vt 0.083323 0.357833
vt 0.363108 0.134377
vt 0.358804 0.136313
vt 0.363099 0.136759
vt 0.089137 0.969044
vt 0.088098 0.973339
vt 0.089147 0.974302
vt 0.969041 -0.137035
vt 0.973339 -0.138952
vt 0.969046 -0.139404
vt 0.974302 -0.139373
vt 0.974300 -0.137013
vt 0.976474 -0.136991
vt 0.085752 0.968203
vt 0.084747 0.972507
vt 0.084491 0.968211
vt 0.973479 0.136246
vt 0.973467 0.138637
vt 0.975653 0.136268
vt 0.968220 0.136224
vt 0.972507 0.138186
vt 0.233106 0.363341
vt 0.234111 0.359037
vt 0.233073 0.358077
vt 0.363324 -0.137070
vt 0.359037 -0.139032
vt 0.363333 -0.139452
vt 0.358077 -0.139483
vt 0.358065 -0.137092
vt 0.355891 -0.137114
vt 0.229720 0.362500
vt 0.230759 0.358205
vt 0.231005 0.362498
vt 0.357244 0.136167
vt 0.357242 0.138527
vt 0.355070 0.136145
vt 0.362503 0.136189
vt 0.358205 0.138106
vt 0.235526 0.968453
vt 0.236565 0.972740
vt 0.236786 0.968445
vt 0.973699 -0.135213
vt 0.973711 -0.137604
vt 0.975883 -0.135222
vt 0.968436 -0.135223
vt 0.972740 -0.137159
vt 0.232140 0.967612
vt 0.233213 0.971908
vt 0.232173 0.972876
vt 0.967615 0.138036
vt 0.971908 0.139979
vt 0.967610 0.140405
vt 0.972876 0.140406
vt 0.972878 0.138045
vt 0.975062 0.138037
vt 0.087853 0.969046
vt 0.363934 -0.141251
vt 0.082071 0.363099
vt 0.968211 0.138606
vt 0.235535 0.973711
vt 0.089147 -0.139373
vt 0.235515 -0.135222
vt 0.235535 -0.137604
vt 0.085784 0.973467
vt 0.232173 0.140406
vt 0.085822 0.136268
vt 0.085784 0.138637
vt 0.234367 0.363333
vt 0.968445 -0.137605
vt 0.233424 0.967610
vt 0.362498 0.138558
vt 0.086685 0.358668
vt 0.233073 -0.139483
vt 0.086648 -0.138883
vt 0.086685 -0.141252
vt 0.229711 0.357242
vt 0.229711 0.138527
vt 0.083343 0.134376
vt 0.229731 0.136145
vt 0.233036 -0.137114
vt 0.089127 -0.136991
vt 0.769423 0.361783
vt 0.768383 0.357494
vt 0.768144 0.361786
vt 0.356540 -0.138896
vt 0.356528 -0.141263
vt 0.354364 -0.138873
vt 0.361800 -0.138932
vt 0.357494 -0.140840
vt 0.358270 0.136757
vt 0.358253 0.134372
vt 0.356076 0.134395
vt 0.767471 0.363537
vt 0.766450 0.359231
vt 0.767489 0.358270
vt 0.363512 0.134336
vt 0.359231 0.136308
vt 0.363528 0.136715
vt 0.768211 0.966890
vt 0.767153 0.971192
vt 0.768194 0.972156
vt 0.966907 -0.142733
vt 0.971192 -0.144694
vt 0.966893 -0.145105
vt 0.972156 -0.145129
vt 0.972169 -0.142762
vt 0.974350 -0.142767
vt 0.766259 0.968644
vt 0.765221 0.972928
vt 0.764993 0.968635
vt 0.973881 0.130506
vt 0.973899 0.132891
vt 0.976063 0.130501
vt 0.968619 0.130535
vt 0.972928 0.132453
vt 0.915819 0.362082
vt 0.916857 0.357798
vt 0.915823 0.356828
vt 0.362107 -0.137889
vt 0.357798 -0.139807
vt 0.362091 -0.140268
vt 0.356828 -0.140244
vt 0.356845 -0.137859
vt 0.354664 -0.137854
vt 0.913867 0.363837
vt 0.914925 0.359535
vt 0.915147 0.363833
vt 0.358558 0.135409
vt 0.358570 0.137776
vt 0.356376 0.135414
vt 0.363820 0.135379
vt 0.359535 0.137341
vt 0.914607 0.967189
vt 0.915628 0.971496
vt 0.915873 0.967198
vt 0.972474 -0.141726
vt 0.972456 -0.144110
vt 0.974650 -0.141748
vt 0.967214 -0.141689
vt 0.971496 -0.143661
vt 0.912655 0.968944
vt 0.913696 0.973232
vt 0.912651 0.974198
vt 0.968926 0.131579
vt 0.973232 0.133487
vt 0.968940 0.133951
vt 0.974198 0.133909
vt 0.974186 0.131542
vt 0.976362 0.131520
vt 0.766931 0.966893
vt 0.361786 -0.141305
vt 0.766205 0.363528
vt 0.914590 0.972456
vt 0.768194 -0.145129
vt 0.914569 -0.141748
vt 0.914590 -0.144110
vt 0.766255 0.973899
vt 0.766255 0.132891
vt 0.912664 0.131520
vt 0.766268 0.130501
vt 0.917085 0.362091
vt 0.967198 -0.144068
vt 0.913935 0.968940
vt 0.363833 0.137751
vt 0.769427 0.356528
vt 0.915823 -0.140244
vt 0.769415 -0.138873
vt 0.769427 -0.141263
vt 0.913885 0.358570
vt 0.767489 0.136757
vt 0.913906 0.135414
vt 0.913885 0.137776
vt 0.915811 -0.137854
vt 0.768173 -0.142767
vt 0.054089 0.192749
vt 0.047743 0.186757
vt 0.046279 0.192706
vt 0.054131 0.182435
vt 0.054125 0.185453
vt 0.043035 0.192692
vt 0.046309 0.185413
vt 0.052859 0.182931
vt 0.046452 0.187260
vt 0.045036 0.185910
vt 0.052786 0.193257
vt 0.052831 0.185958
vt 0.041762 0.193188
vt 0.044984 0.193211
vt 0.049385 1.032084
vt 0.042972 1.038009
vt 0.049339 1.039383
vt 0.038330 1.032028
vt 0.041575 1.032042
vt 0.049312 1.042410
vt 0.041523 1.039343
vt 0.048081 1.032593
vt 0.041681 1.038512
vt 0.040280 1.032547
vt 0.048039 1.042906
vt 0.048045 1.039888
vt 0.037058 1.032524
vt 0.040250 1.039840
vt 0.951919 0.197841
vt 0.958319 0.191922
vt 0.951955 0.190545
vt 0.962942 0.197910
vt 0.959720 0.197887
vt 0.951961 0.187527
vt 0.959750 0.190594
vt 0.950615 0.198349
vt 0.957028 0.192425
vt 0.958425 0.198392
vt 0.950688 0.188024
vt 0.950661 0.191050
vt 0.961670 0.198406
vt 0.958477 0.191090
vt 0.947214 1.037177
vt 0.953548 1.043173
vt 0.955016 1.037223
vt 0.947141 1.047502
vt 0.947169 1.044476
vt 0.958238 1.037245
vt 0.954964 1.044524
vt 0.945911 1.037685
vt 0.952257 1.043677
vt 0.945875 1.044980
vt 0.956965 1.037742
vt 0.953721 1.037727
vt 0.945869 1.047999
vt 0.953691 1.045020
vt 0.054131 -0.145648
vt 0.045036 -0.048175
vt 0.046309 -0.145766
vt 0.185910 -0.048175
vt 0.192692 -0.145845
vt 0.185413 -0.145766
vt 0.048039 -0.052493
vt 0.041523 -0.150169
vt 0.040250 -0.052579
vt 1.039343 -0.150169
vt 1.032524 -0.052584
vt 1.039840 -0.052579
vt 1.037742 -0.040617
vt 1.044524 -0.138287
vt 1.045020 -0.040697
vt 0.954964 -0.138287
vt 0.945869 -0.040814
vt 0.953691 -0.040697
vt 0.951961 -0.133969
vt 0.958477 -0.036293
vt 0.950688 -0.036378
vt 0.191090 -0.036293
vt 0.197910 -0.133878
vt 0.198406 -0.036288
vt 1.032028 -0.150174
vt 0.947141 -0.138404
vt 0.049312 -0.150084
vt 1.037245 -0.138207
vt 0.132391 0.351769
vt 0.351748 1.139427
vt 0.354156 0.732484
vt 0.867564 0.267396
vt 0.267396 1.149745
vt 0.867306 0.732754
vt 0.957307 1.145779
vt 0.965369 0.728135
vt 0.867975 0.879764
vt 0.879782 1.142054
vt 0.132989 0.870509
vt 0.225913 0.871740
vt 0.225888 1.141324
vt 0.215517 0.353292
vt 0.132784 0.356337
vt 0.132722 1.145124
vt 0.779485 0.872322
vt 0.866533 1.140700
vt 0.869373 0.356333
vt 0.869373 0.728781
vt 0.780743 0.357237
vt 0.780743 1.145660
vt 0.135451 0.810755
vt 0.262842 0.810755
vt 0.964368 0.727027
vt 0.863469 0.727027
vt 0.870152 0.732037
vt 0.269339 0.732037
vt 0.370077 0.941032
vt 0.504634 1.066738
vt 0.534754 0.977145
vt 0.428208 0.518655
vt 0.517885 1.103054
vt 0.450112 0.917467
vt 0.435060 1.043048
vt 0.567432 0.953145
vt 0.599460 1.078726
vt 0.592462 1.079365
vt 0.642023 0.917033
vt 0.424171 1.035168
vt 0.470342 0.942631
vt 0.559286 1.039812
vt 0.732964 0.932906
vt 0.736785 1.029689
vt 0.603364 0.937113
vt 0.576748 0.942097
vt 0.730497 0.967769
vt 0.787124 0.953958
vt 0.646819 0.934785
vt 0.495746 0.940712
vt 0.476202 0.930822
vt 0.666489 0.936750
vt 0.390900 0.934785
vt 0.581047 0.936750
vt 0.291828 0.928113
vt 0.327065 1.056475
vt 0.801467 0.973817
vt 0.229820 0.784571
vt 0.783824 1.102422
vt 0.730279 1.028165
vt 0.354501 0.945114
vt 0.387569 1.074112
vt 0.229951 0.783710
vt 0.196487 0.973817
vt 0.387254 0.888614
vt 0.354926 0.904665
vt 0.745329 0.899878
vt 0.230324 1.102029
vt 0.472426 1.101382
vt 0.527682 1.100964
vt 0.559844 0.974461
vt 0.620945 0.974043
vt 0.576316 1.086946
vt 0.676906 1.108021
vt 0.363045 1.049307
vt 0.332486 0.961340
vt 0.367471 1.030269
vt 0.505489 0.942253
vt 0.257325 1.079868
vt 0.455573 0.920303
vt 0.677672 0.919878
vt 0.681333 1.036476
vt 0.749631 0.947247
vt 0.304731 0.946635
vt 0.325807 1.063376
vt 0.751783 1.062927
vt 0.476850 1.036476
vt 0.678913 0.920389
vt 0.492201 1.086173
vt 0.334967 1.105855
vt 0.525337 1.073823
vt 0.719017 0.980589
vt 0.353602 0.980026
vt 0.143022 0.827036
vt 0.953525 0.825450
vt 0.865927 0.132685
vt 0.411796 0.145311
vt 0.216434 0.060281
vt 0.209010 0.098590
vt 0.788980 0.093128
vt 0.788840 0.003237
vt 0.127374 0.150568
vt -0.043530 0.055215
vt 0.226088 0.316271
vt 1.003080 0.280591
vt 1.003713 0.280837
vt 0.225118 0.286888
vt 0.556630 0.316526
vt 0.552139 0.310464
vt 0.224721 0.652288
vt 1.003417 0.624804
vt 0.226713 0.622316
vt 0.449182 0.652288
vt 0.554008 0.654111
vt 0.232210 0.138037
vt 0.083323 0.136758
vt 0.968635 0.132915
vt 0.912651 0.133909
vt 0.767509 0.134395
vt 0.052859 -0.048058
vt 0.193188 -0.048255
vt 0.959750 -0.133883
vt 0.190594 -0.133883
s 0
usemtl wood
f 1/1/1 5/2/1 7/3/1
f 2/4/2 5/2/2 4/5/2
f 7/3/3 6/6/3 3/7/3
f 8/8/4 12/9/4 14/10/4
f 9/11/5 12/9/5 11/12/5
f 14/10/6 13/13/6 10/14/6
f 15/15/7 19/16/7 21/17/7
f 20/18/8 18/19/8 16/20/8
f 17/21/9 19/16/9 20/18/9
f 22/22/10 26/23/10 28/24/10
f 23/25/11 26/23/11 25/26/11
f 28/24/12 27/27/12 24/28/12
f 29/29/13 33/30/13 35/31/13
f 34/32/14 32/33/14 30/34/14
f 31/35/15 33/30/15 34/32/15
f 36/36/16 40/37/16 42/38/16
f 37/39/17 40/37/17 39/40/17
f 42/38/18 41/41/18 38/42/18
f 43/43/19 47/44/19 49/45/19
f 44/46/20 47/44/20 46/47/20
f 49/45/21 48/48/21 45/49/21
f 50/50/22 54/51/22 56/52/22
f 55/53/23 53/54/23 51/55/23
f 52/56/24 54/51/24 55/53/24
f 15/57/25 7/58/25 18/59/25
f 7/60/26 16/61/26 18/62/26
f 8/8/27 6/6/27 2/4/27
f 14/10/28 3/7/28 6/6/28
f 22/63/29 13/64/29 9/65/29
f 28/66/30 10/67/30 13/68/30
f 17/21/31 27/27/31 23/25/31
f 20/18/32 24/28/32 27/27/32
f 43/43/33 21/17/33 46/47/33
f 21/17/34 44/46/34 46/47/34
f 50/50/35 25/26/35 22/22/35
f 56/52/36 23/25/36 25/26/36
f 45/49/37 55/53/37 51/55/37
f 48/48/38 52/56/38 55/53/38
f 29/69/39 49/70/39 32/71/39
f 32/72/40 45/73/40 30/74/40
f 36/75/41 53/76/41 50/77/41
f 53/78/42 38/79/42 51/80/42
f 31/35/43 41/41/43 37/39/43
f 34/32/44 38/42/44 41/41/44
f 29/29/45 4/5/45 1/1/45
f 35/31/46 2/4/46 4/5/46
f 9/11/47 39/40/47 36/36/47
f 11/12/48 37/39/48 39/40/48
f 43/81/49 1/82/49 15/57/49
f 10/67/50 16/61/50 3/83/50
f 31/35/51 8/8/51 2/4/51
f 50/77/52 9/65/52 36/75/52
f 23/25/53 44/46/53 17/21/53
f 51/80/54 30/74/54 45/73/54
f 57/84/55 61/85/55 63/86/55
f 58/87/56 61/85/56 60/88/56
f 63/86/57 62/89/57 59/90/57
f 64/91/58 68/92/58 70/93/58
f 65/94/59 68/92/59 67/95/59
f 70/93/60 69/96/60 66/97/60
f 71/98/61 75/99/61 77/100/61
f 76/101/62 74/102/62 72/103/62
f 73/104/63 75/99/63 76/101/63
f 78/105/64 82/106/64 84/107/64
f 79/108/65 82/106/65 81/109/65
f 84/107/66 83/110/66 80/111/66
f 85/112/67 89/113/67 91/114/67
f 90/115/68 88/116/68 86/117/68
f 87/118/69 89/113/69 90/115/69
f 92/119/70 96/120/70 98/121/70
f 93/122/71 96/120/71 95/123/71
f 98/121/72 97/124/72 94/125/72
f 99/126/73 103/127/73 105/128/73
f 100/129/74 103/127/74 102/130/74
f 105/128/75 104/131/75 101/132/75
f 106/133/76 110/134/76 112/135/76
f 111/136/77 109/137/77 107/138/77
f 108/139/78 110/134/78 111/136/78
f 71/140/79 63/141/79 74/142/79
f 74/143/80 59/144/80 72/145/80
f 58/87/81 70/93/81 62/89/81
f 70/93/82 59/90/82 62/89/82
f 65/146/83 84/147/83 69/148/83
f 84/149/84 66/150/84 69/151/84
f 73/104/85 83/110/85 79/108/85
f 76/101/86 80/111/86 83/110/86
f 99/126/87 77/100/87 102/130/87
f 77/100/88 100/129/88 102/130/88
f 78/105/89 112/135/89 81/109/89
f 112/135/90 79/108/90 81/109/90
f 101/132/91 111/136/91 107/138/91
f 104/131/92 108/139/92 111/136/92
f 85/152/93 105/153/93 88/154/93
f 88/155/94 101/156/94 86/157/94
f 92/158/95 109/159/95 106/160/95
f 98/161/96 107/162/96 109/163/96
f 87/118/97 97/124/97 93/122/97
f 90/115/98 94/125/98 97/124/98
f 85/112/99 60/88/99 57/84/99
f 91/114/100 58/87/100 60/88/100
f 65/94/101 95/123/101 92/119/101
f 67/95/102 93/122/102 95/123/102
f 99/164/103 57/165/103 71/140/103
f 66/150/104 72/145/104 59/144/104
f 93/122/105 58/87/105 87/118/105
f 78/166/106 92/158/106 106/160/106
f 79/108/107 100/129/107 73/104/107
f 107/162/108 86/157/108 101/156/108
f 113/167/109 117/168/109 119/169/109
f 118/170/110 116/171/110 114/172/110
f 115/173/111 117/168/111 118/170/111
f 123/174/112 126/175/112 120/176/112
f 121/177/113 124/178/113 123/174/113
f 122/179/114 124/178/114 125/180/114
f 127/181/115 131/182/115 133/183/115
f 128/184/116 131/182/116 130/185/116
f 133/183/117 132/186/117 129/187/117
f 134/188/118 138/189/118 140/190/118
f 139/191/119 137/192/119 135/193/119
f 136/194/120 138/189/120 139/191/120
f 141/195/121 145/196/121 147/197/121
f 142/198/122 145/196/122 144/199/122
f 147/197/123 146/200/123 143/201/123
f 148/202/124 152/203/124 154/204/124
f 153/205/125 151/206/125 149/207/125
f 150/208/126 152/203/126 153/205/126
f 155/209/127 159/210/127 161/211/127
f 160/212/128 158/213/128 156/214/128
f 157/215/129 159/210/129 160/212/129
f 162/216/130 166/217/130 168/218/130
f 163/219/131 166/217/131 165/220/131
f 168/218/132 167/221/132 164/222/132
f 113/167/133 130/185/133 127/181/133
f 119/169/134 128/184/134 130/185/134
f 120/176/135 118/170/135 114/172/135
f 126/175/136 115/173/136 118/170/136
f 134/188/137 125/180/137 121/177/137
f 140/190/138 122/179/138 125/180/138
f 135/193/139 132/186/139 139/191/139
f 132/186/140 136/194/140 139/191/140
f 127/223/141 158/224/141 155/225/141
f 133/226/142 156/227/142 158/228/142
f 162/229/143 137/230/143 134/231/143
f 168/232/144 135/233/144 137/234/144
f 157/215/145 167/221/145 163/219/145
f 160/212/146 164/222/146 167/221/146
f 155/209/147 144/199/147 141/195/147
f 161/211/148 142/198/148 144/199/148
f 148/202/149 165/220/149 162/216/149
f 154/204/150 163/219/150 165/220/150
f 143/201/151 153/205/151 149/207/151
f 146/200/152 150/208/152 153/205/152
f 141/235/153 116/236/153 113/237/153
f 147/238/154 114/239/154 116/240/154
f 121/241/155 151/242/155 148/243/155
f 123/244/156 149/245/156 151/246/156
f 155/225/157 113/237/157 127/223/157
f 115/173/158 136/194/158 128/184/158
f 149/245/159 114/239/159 143/247/159
f 134/231/160 148/243/160 162/229/160
f 135/233/161 156/227/161 129/248/161
f 163/219/162 142/198/162 157/215/162
f 169/249/163 173/250/163 175/251/163
f 174/252/164 172/253/164 170/254/164
f 171/255/165 173/250/165 174/252/165
f 179/256/166 182/257/166 176/258/166
f 177/259/167 180/260/167 179/256/167
f 178/261/168 180/260/168 181/262/168
f 183/263/169 187/264/169 189/265/169
f 184/266/170 187/264/170 186/267/170
f 189/265/171 188/268/171 185/269/171
f 190/270/172 194/271/172 196/272/172
f 195/273/173 193/274/173 191/275/173
f 192/276/174 194/271/174 195/273/174
f 197/277/175 201/278/175 203/279/175
f 198/280/176 201/278/176 200/281/176
f 203/279/177 202/282/177 199/283/177
f 204/284/178 208/285/178 210/286/178
f 209/287/179 207/288/179 205/289/179
f 206/290/180 208/285/180 209/287/180
f 211/291/181 215/292/181 217/293/181
f 216/294/182 214/295/182 212/296/182
f 213/297/183 215/292/183 216/294/183
f 218/298/184 222/299/184 224/300/184
f 219/301/185 222/299/185 221/302/185
f 224/300/186 223/303/186 220/304/186
f 169/249/187 186/267/187 183/263/187
f 175/251/188 184/266/188 186/267/188
f 176/258/189 174/252/189 170/254/189
f 182/257/190 171/255/190 174/252/190
f 177/259/191 196/272/191 181/262/191
f 196/272/192 178/261/192 181/262/192
f 191/275/193 188/268/193 195/273/193
f 188/268/194 192/276/194 195/273/194
f 183/305/195 214/306/195 211/307/195
f 189/308/196 212/309/196 214/310/196
f 190/311/197 224/312/197 193/313/197
f 224/314/198 191/315/198 193/316/198
f 213/297/199 223/303/199 219/301/199
f 216/294/200 220/304/200 223/303/200
f 197/277/201 217/293/201 200/281/201
f 217/293/202 198/280/202 200/281/202
f 218/298/203 210/286/203 221/302/203
f 210/286/204 219/301/204 221/302/204
f 199/283/205 209/287/205 205/289/205
f 209/287/206 198/280/206 206/290/206
f 197/317/207 172/318/207 169/319/207
f 172/320/208 199/321/208 170/322/208
f 177/323/209 207/324/209 204/325/209
f 207/326/210 176/327/210 205/328/210
f 211/307/211 169/319/211 183/305/211
f 178/261/212 184/266/212 171/255/212
f 199/321/213 176/327/213 170/322/213
f 190/311/214 204/325/214 218/329/214
f 191/315/215 212/309/215 185/330/215
f 219/301/216 198/280/216 213/297/216
f 225/331/217 229/332/217 231/333/217
f 226/334/218 229/332/218 228/335/218
f 227/336/219 229/332/219 230/337/219
f 232/338/220 236/339/220 238/340/220
f 233/341/221 236/339/221 235/342/221
f 234/343/222 236/339/222 237/344/222
f 239/345/223 243/346/223 245/347/223
f 240/348/224 243/346/224 242/349/224
f 241/350/225 243/346/225 244/351/225
f 246/352/226 250/353/226 252/354/226
f 247/355/227 250/353/227 249/356/227
f 248/357/228 250/353/228 251/358/228
f 253/359/229 257/360/229 259/361/229
f 254/362/230 257/360/230 256/363/230
f 255/364/231 257/360/231 258/365/231
f 260/366/232 264/367/232 266/368/232
f 261/369/233 264/367/233 263/370/233
f 262/371/234 264/367/234 265/372/234
f 267/373/235 271/374/235 273/375/235
f 268/376/236 271/374/236 270/377/236
f 269/378/237 271/374/237 272/379/237
f 274/380/238 278/381/238 280/382/238
f 275/383/239 278/381/239 277/384/239
f 276/385/240 278/381/240 279/386/240
f 225/331/241 242/349/241 239/345/241
f 242/349/242 227/336/242 240/348/242
f 232/387/243 230/388/243 226/389/243
f 230/390/244 234/391/244 227/392/244
f 246/352/245 237/344/245 233/341/245
f 252/354/246 234/343/246 237/344/246
f 247/393/247 244/394/247 251/395/247
f 244/396/248 248/397/248 251/398/248
f 239/345/249 270/377/249 267/373/249
f 245/347/250 268/376/250 270/377/250
f 274/380/251 249/356/251 246/352/251
f 280/382/252 247/355/252 249/356/252
f 269/399/253 279/400/253 275/401/253
f 279/402/254 268/403/254 276/404/254
f 267/373/255 256/363/255 253/359/255
f 273/375/256 254/362/256 256/363/256
f 274/380/257 266/368/257 277/384/257
f 277/384/258 262/371/258 275/383/258
f 255/405/259 265/406/259 261/407/259
f 265/408/260 254/409/260 262/410/260
f 225/331/261 259/361/261 228/335/261
f 259/361/262 226/334/262 228/335/262
f 233/341/263 263/370/263 260/366/263
f 235/342/264 261/369/264 263/370/264
f 267/373/265 225/331/265 239/345/265
f 234/391/266 240/411/266 227/392/266
f 255/405/267 232/387/267 226/389/267
f 246/352/268 260/366/268 274/380/268
f 247/393/269 268/403/269 241/412/269
f 269/399/270 262/410/270 254/409/270
f 785/1224/757 789/1225/757 791/1226/757
f 786/1227/758 789/1228/758 788/1229/758
f 787/1230/759 789/1231/759 790/1232/759
f 792/1233/760 796/1234/760 798/1235/760
f 793/1236/761 796/1237/761 795/1238/761
f 794/1239/762 796/1240/762 797/1241/762
f 799/1242/763 803/1243/763 805/1244/763
f 800/1245/764 803/1246/764 802/1247/764
f 801/1248/765 803/1249/765 804/1250/765
f 806/1251/766 810/1252/766 812/1253/766
f 807/1254/767 810/1255/767 809/1256/767
f 808/1257/768 810/1258/768 811/1259/768
f 813/1260/769 817/1261/769 819/1262/769
f 814/1263/770 817/1264/770 816/1265/770
f 815/1266/771 817/1267/771 818/1268/771
f 820/1269/772 824/1270/772 826/1271/772
f 821/1272/773 824/1273/773 823/1274/773
f 822/1275/774 824/1276/774 825/1277/774
f 827/1278/775 831/1279/775 833/1280/775
f 828/1281/776 831/1282/776 830/1283/776
f 829/1284/777 831/1285/777 832/1286/777
f 834/1287/778 838/1288/778 840/1289/778
f 835/1290/779 838/1291/779 837/1292/779
f 836/1293/780 838/1294/780 839/1295/780
f 785/1224/781 802/1296/781 799/1242/781
f 791/1297/782 800/1245/782 802/1247/782
f 792/1233/783 790/1298/783 786/1227/783
f 798/1299/784 787/1230/784 790/1232/784
f 806/1251/785 797/1300/785 793/1236/785
f 797/1241/786 808/1257/786 794/1239/786
f 801/1248/787 811/1301/787 807/1254/787
f 804/1302/788 808/1257/788 811/1259/788
f 799/1242/789 830/1303/789 827/1278/789
f 805/1304/790 828/1281/790 830/1283/790
f 834/1287/791 809/1305/791 806/1251/791
f 840/1306/792 807/1254/792 809/1256/792
f 829/1284/793 839/1307/793 835/1290/793
f 832/1308/794 836/1293/794 839/1295/794
f 827/1278/795 816/1309/795 813/1260/795
f 833/1310/796 814/1263/796 816/1265/796
f 820/1269/797 837/1311/797 834/1287/797
f 826/1312/798 835/1290/798 837/1292/798
f 815/1266/799 825/1313/799 821/1272/799
f 818/1314/800 822/1275/800 825/1277/800
f 785/1224/801 819/1262/801 788/1315/801
f 788/1229/802 815/1266/802 786/1227/802
f 793/1236/803 823/1316/803 820/1269/803
f 823/1274/804 792/1233/804 821/1272/804
f 827/1278/805 785/1224/805 799/1242/805
f 794/1239/806 800/1245/806 787/1230/806
f 815/1266/807 792/1233/807 786/1227/807
f 806/1251/808 820/1269/808 834/1287/808
f 807/1254/809 828/1281/809 801/1248/809
f 835/1290/810 814/1263/810 829/1284/810
f 841/1317/811 845/1318/811 847/1319/811
f 842/1320/812 845/1318/812 844/1321/812
f 847/1319/813 846/1322/813 843/1323/813
f 848/1324/814 852/1325/814 854/1326/814
f 849/1327/815 852/1325/815 851/1328/815
f 854/1326/816 853/1329/816 850/1330/816
f 855/1331/817 859/1332/817 861/1333/817
f 860/1334/818 858/1335/818 856/1336/818
f 857/1337/819 859/1332/819 860/1334/819
f 862/1338/820 866/1339/820 868/1340/820
f 863/1341/821 866/1339/821 865/1342/821
f 868/1340/822 867/1343/822 864/1344/822
f 869/1345/823 873/1346/823 875/1347/823
f 874/1348/824 872/1349/824 870/1350/824
f 871/1351/825 873/1346/825 874/1348/825
f 876/1352/826 880/1353/826 882/1354/826
f 877/1355/827 880/1353/827 879/1356/827
f 882/1354/828 881/1357/828 878/1358/828
f 883/1359/829 887/1360/829 889/1361/829
f 884/1362/830 887/1360/830 886/1363/830
f 889/1361/831 888/1364/831 885/1365/831
f 890/1366/832 894/1367/832 896/1368/832
f 895/1369/833 893/1370/833 891/1371/833
f 892/1372/834 894/1367/834 895/1369/834
f 841/1317/835 858/1373/835 855/1374/835
f 847/1375/836 856/1376/836 858/1377/836
f 848/1324/837 846/1378/837 842/1379/837
f 854/1380/838 843/1381/838 846/1382/838
f 862/1338/839 853/1383/839 849/1384/839
f 868/1385/840 850/1386/840 853/1387/840
f 863/1388/841 860/1334/841 867/1389/841
f 860/1390/842 864/1391/842 867/1392/842
f 883/1359/843 861/1333/843 886/1363/843
f 886/1363/844 857/1337/844 884/1362/844
f 862/1338/845 896/1368/845 865/1342/845
f 896/1368/846 863/1341/846 865/1342/846
f 885/1393/847 895/1394/847 891/1395/847
f 895/1396/848 884/1362/848 892/1397/848
f 869/1345/849 889/1398/849 872/1349/849
f 889/1399/850 870/1400/850 872/1401/850
f 890/1366/851 882/1402/851 893/1370/851
f 882/1403/852 891/1395/852 893/1404/852
f 877/1355/853 874/1405/853 881/1357/853
f 874/1406/854 878/1407/854 881/1408/854
f 869/1345/855 844/1321/855 841/1317/855
f 875/1347/856 842/1320/856 844/1321/856
f 849/1327/857 879/1356/857 876/1352/857
f 851/1328/858 877/1355/858 879/1356/858
f 883/1409/859 841/1317/859 855/1374/859
f 850/1386/860 856/1376/860 843/1381/860
f 877/1355/861 842/1379/861 871/1410/861
f 862/1338/862 876/1411/862 890/1366/862
f 857/1337/863 892/1397/863 884/1362/863
f 885/1393/864 878/1407/864 870/1400/864
f 1065/1663/1027 1069/1664/1027 1071/1665/1027
f 1070/1666/1028 1068/1667/1028 1066/1668/1028
f 1067/1669/1029 1069/1670/1029 1070/1666/1029
f 1075/1671/1030 1078/1672/1030 1072/1673/1030
f 1073/1674/1031 1076/1675/1031 1075/1676/1031
f 1074/1677/1032 1076/1678/1032 1077/1679/1032
f 1079/1680/1033 1083/1681/1033 1085/1682/1033
f 1080/1683/1034 1083/1684/1034 1082/1685/1034
f 1085/1686/1035 1084/1687/1035 1081/1688/1035
f 1086/1689/1036 1090/1690/1036 1092/1691/1036
f 1091/1692/1037 1089/1693/1037 1087/1694/1037
f 1088/1695/1038 1090/1696/1038 1091/1692/1038
f 1093/1697/1039 1097/1698/1039 1099/1699/1039
f 1094/1700/1040 1097/1701/1040 1096/1702/1040
f 1099/1703/1041 1098/1704/1041 1095/1705/1041
f 1100/1706/1042 1104/1707/1042 1106/1708/1042
f 1105/1709/1043 1103/1710/1043 1101/1711/1043
f 1102/1712/1044 1104/1713/1044 1105/1709/1044
f 1107/1714/1045 1111/1715/1045 1113/1716/1045
f 1112/1717/1046 1110/1718/1046 1108/1719/1046
f 1109/1720/1047 1111/1721/1047 1112/1717/1047
f 1114/1722/1048 1118/1723/1048 1120/1724/1048
f 1115/1725/1049 1118/1726/1049 1117/1727/1049
f 1120/1728/1050 1119/1729/1050 1116/1730/1050
f 1079/1680/1051 1071/1665/1051 1082/1731/1051
f 1071/1732/1052 1080/1683/1052 1082/1685/1052
f 1066/1668/1053 1078/1672/1053 1070/1666/1053
f 1078/1672/1054 1067/1669/1054 1070/1666/1054
f 1086/1689/1055 1077/1733/1055 1073/1674/1055
f 1092/1734/1056 1074/1677/1056 1077/1679/1056
f 1081/1688/1057 1091/1692/1057 1087/1694/1057
f 1091/1692/1058 1080/1683/1058 1088/1695/1058
f 1079/1680/1059 1110/1735/1059 1107/1714/1059
f 1085/1736/1060 1108/1737/1060 1110/1738/1060
f 1114/1722/1061 1089/1739/1061 1086/1689/1061
f 1120/1740/1062 1087/1741/1062 1089/1742/1062
f 1115/1725/1063 1112/1717/1063 1119/1729/1063
f 1119/1729/1064 1108/1719/1064 1116/1730/1064
f 1093/1697/1065 1113/1716/1065 1096/1743/1065
f 1113/1744/1066 1094/1700/1066 1096/1702/1066
f 1100/1706/1067 1117/1745/1067 1114/1722/1067
f 1106/1746/1068 1115/1725/1068 1117/1727/1068
f 1095/1705/1069 1105/1709/1069 1101/1711/1069
f 1098/1704/1070 1102/1712/1070 1105/1709/1070
f 1093/1697/1071 1068/1747/1071 1065/1663/1071
f 1099/1748/1072 1066/1749/1072 1068/1750/1072
f 1073/1674/1073 1103/1751/1073 1100/1706/1073
f 1103/1752/1074 1072/1753/1074 1101/1754/1074
f 1079/1680/1075 1093/1697/1075 1065/1663/1075
f 1074/1677/1076 1080/1683/1076 1067/1669/1076
f 1095/1755/1077 1072/1753/1077 1066/1749/1077
f 1114/1722/1078 1073/1674/1078 1100/1706/1078
f 1087/1741/1079 1108/1737/1079 1081/1756/1079
f 1115/1725/1080 1094/1700/1080 1109/1720/1080
f 1121/1757/1081 1125/1758/1081 1127/1759/1081
f 1126/1760/1082 1124/1761/1082 1122/1762/1082
f 1123/1763/1083 1125/1764/1083 1126/1760/1083
f 1131/1765/1084 1134/1766/1084 1128/1767/1084
f 1129/1768/1085 1132/1769/1085 1131/1770/1085
f 1130/1771/1086 1132/1772/1086 1133/1773/1086
f 1135/1774/1087 1139/1775/1087 1141/1776/1087
f 1136/1777/1088 1139/1778/1088 1138/1779/1088
f 1141/1780/1089 1140/1781/1089 1137/1782/1089
f 1142/1783/1090 1146/1784/1090 1148/1785/1090
f 1147/1786/1091 1145/1787/1091 1143/1788/1091
f 1144/1789/1092 1146/1790/1092 1147/1786/1092
f 1149/1791/1093 1153/1792/1093 1155/1793/1093
f 1150/1794/1094 1153/1795/1094 1152/1796/1094
f 1155/1797/1095 1154/1798/1095 1151/1799/1095
f 1156/1800/1096 1160/1801/1096 1162/1802/1096
f 1161/1803/1097 1159/1804/1097 1157/1805/1097
f 1158/1806/1098 1160/1807/1098 1161/1803/1098
f 1163/1808/1099 1167/1809/1099 1169/1810/1099
f 1168/1811/1100 1166/1812/1100 1164/1813/1100
f 1165/1814/1101 1167/1815/1101 1168/1811/1101
f 1170/1816/1102 1174/1817/1102 1176/1818/1102
f 1171/1819/1103 1174/1820/1103 1173/1821/1103
f 1176/1822/1104 1175/1823/1104 1172/1824/1104
f 1121/1757/1105 1138/1825/1105 1135/1774/1105
f 1127/1826/1106 1136/1777/1106 1138/1779/1106
f 1122/1762/1107 1134/1766/1107 1126/1760/1107
f 1134/1766/1108 1123/1763/1108 1126/1760/1108
f 1129/1768/1109 1148/1785/1109 1133/1827/1109
f 1133/1773/1110 1144/1789/1110 1130/1771/1110
f 1143/1788/1111 1140/1781/1111 1147/1786/1111
f 1140/1781/1112 1144/1789/1112 1147/1786/1112
f 1163/1808/1113 1141/1776/1113 1166/1828/1113
f 1141/1829/1114 1164/1830/1114 1166/1831/1114
f 1170/1816/1115 1145/1832/1115 1142/1783/1115
f 1145/1833/1116 1172/1834/1116 1143/1835/1116
f 1165/1814/1117 1175/1823/1117 1171/1819/1117
f 1168/1811/1118 1172/1824/1118 1175/1823/1118
f 1163/1808/1119 1152/1836/1119 1149/1791/1119
f 1169/1837/1120 1150/1794/1120 1152/1796/1120
f 1170/1816/1121 1162/1802/1121 1173/1838/1121
f 1162/1839/1122 1171/1819/1122 1173/1821/1122
f 1157/1805/1123 1154/1798/1123 1161/1803/1123
f 1154/1798/1124 1158/1806/1124 1161/1803/1124
f 1149/1791/1125 1124/1840/1125 1121/1757/1125
f 1155/1841/1126 1122/1842/1126 1124/1843/1126
f 1129/1768/1127 1159/1844/1127 1156/1800/1127
f 1131/1845/1128 1157/1846/1128 1159/1847/1128
f 1163/1808/1129 1121/1757/1129 1135/1774/1129
f 1130/1771/1130 1136/1777/1130 1123/1763/1130
f 1157/1846/1131 1122/1842/1131 1151/1848/1131
f 1142/1783/1132 1156/1800/1132 1170/1816/1132
f 1143/1835/1133 1164/1830/1133 1137/1849/1133
f 1165/1814/1134 1158/1806/1134 1150/1794/1134
f 1/1/1189 4/5/1189 5/2/1189
f 2/4/1190 6/6/1190 5/2/1190
f 7/3/1191 5/2/1191 6/6/1191
f 8/8/1192 11/12/1192 12/9/1192
f 9/11/1193 13/13/1193 12/9/1193
f 14/10/1194 12/9/1194 13/13/1194
f 15/15/1195 18/19/1195 19/16/1195
f 20/18/1196 19/16/1196 18/19/1196
f 17/21/1197 21/17/1197 19/16/1197
f 22/22/1198 25/26/1198 26/23/1198
f 23/25/1199 27/27/1199 26/23/1199
f 28/24/1200 26/23/1200 27/27/1200
f 29/29/1201 32/33/1201 33/30/1201
f 34/32/1202 33/30/1202 32/33/1202
f 31/35/1203 35/31/1203 33/30/1203
f 36/36/1204 39/40/1204 40/37/1204
f 37/39/1205 41/41/1205 40/37/1205
f 42/38/1206 40/37/1206 41/41/1206
f 43/43/1207 46/47/1207 47/44/1207
f 44/46/1208 48/48/1208 47/44/1208
f 49/45/1209 47/44/1209 48/48/1209
f 50/50/1210 53/54/1210 54/51/1210
f 55/53/1211 54/51/1211 53/54/1211
f 52/56/1212 56/52/1212 54/51/1212
f 15/57/25 1/82/25 7/58/25
f 7/60/26 3/83/26 16/61/26
f 8/8/27 14/10/27 6/6/27
f 14/10/28 10/14/28 3/7/28
f 22/63/29 28/1934/29 13/64/29
f 28/66/1213 24/1935/1213 10/67/1213
f 17/21/31 20/18/31 27/27/31
f 20/18/32 16/20/32 24/28/32
f 43/43/33 15/15/33 21/17/33
f 21/17/34 17/21/34 44/46/34
f 50/50/35 56/52/35 25/26/35
f 56/52/36 52/56/36 23/25/36
f 45/49/37 48/48/37 55/53/37
f 48/48/38 44/46/38 52/56/38
f 29/69/39 43/81/39 49/70/39
f 32/72/1214 49/1936/1214 45/73/1214
f 36/75/1215 42/1937/1215 53/76/1215
f 53/78/42 42/1938/42 38/79/42
f 31/35/43 34/32/43 41/41/43
f 34/32/1216 30/34/1216 38/42/1216
f 29/29/1217 35/31/1217 4/5/1217
f 35/31/46 31/35/46 2/4/46
f 9/11/47 11/12/47 39/40/47
f 11/12/48 8/8/48 37/39/48
f 43/81/49 29/69/49 1/82/49
f 10/67/50 24/1935/50 16/61/50
f 31/35/51 37/39/51 8/8/51
f 50/77/52 22/63/52 9/65/52
f 23/25/53 52/56/53 44/46/53
f 51/80/54 38/79/54 30/74/54
f 57/84/1218 60/88/1218 61/85/1218
f 58/87/1219 62/89/1219 61/85/1219
f 63/86/1220 61/85/1220 62/89/1220
f 64/91/1221 67/95/1221 68/92/1221
f 65/94/1222 69/96/1222 68/92/1222
f 70/93/1223 68/92/1223 69/96/1223
f 71/98/1224 74/102/1224 75/99/1224
f 76/101/1225 75/99/1225 74/102/1225
f 73/104/1226 77/100/1226 75/99/1226
f 78/105/1227 81/109/1227 82/106/1227
f 79/108/1228 83/110/1228 82/106/1228
f 84/107/1229 82/106/1229 83/110/1229
f 85/112/1230 88/116/1230 89/113/1230
f 90/115/1231 89/113/1231 88/116/1231
f 87/118/1232 91/114/1232 89/113/1232
f 92/119/1233 95/123/1233 96/120/1233
f 93/122/1234 97/124/1234 96/120/1234
f 98/121/1235 96/120/1235 97/124/1235
f 99/126/1236 102/130/1236 103/127/1236
f 100/129/1237 104/131/1237 103/127/1237
f 105/128/1238 103/127/1238 104/131/1238
f 106/133/1239 109/137/1239 110/134/1239
f 111/136/1240 110/134/1240 109/137/1240
f 108/139/1241 112/135/1241 110/134/1241
f 71/140/79 57/165/79 63/141/79
f 74/143/80 63/1939/80 59/144/80
f 58/87/81 64/91/81 70/93/81
f 70/93/82 66/97/82 59/90/82
f 65/146/83 78/166/83 84/147/83
f 84/149/1242 80/1940/1242 66/150/1242
f 73/104/1243 76/101/1243 83/110/1243
f 76/101/86 72/103/86 80/111/86
f 99/126/1244 71/98/1244 77/100/1244
f 77/100/88 73/104/88 100/129/88
f 78/105/1245 106/133/1245 112/135/1245
f 112/135/90 108/139/90 79/108/90
f 101/132/91 104/131/91 111/136/91
f 104/131/92 100/129/92 108/139/92
f 85/152/93 99/164/93 105/153/93
f 88/155/94 105/1941/94 101/156/94
f 92/158/95 98/1942/95 109/159/95
f 98/161/96 94/1943/96 107/162/96
f 87/118/97 90/115/97 97/124/97
f 90/115/98 86/117/98 94/125/98
f 85/112/1246 91/114/1246 60/88/1246
f 91/114/100 87/118/100 58/87/100
f 65/94/101 67/95/101 95/123/101
f 67/95/1247 64/91/1247 93/122/1247
f 99/164/103 85/152/103 57/165/103
f 66/150/104 80/1940/104 72/145/104
f 93/122/105 64/91/105 58/87/105
f 78/166/106 65/146/106 92/158/106
f 79/108/107 108/139/107 100/129/107
f 107/162/108 94/1943/108 86/157/108
f 113/167/1248 116/171/1248 117/168/1248
f 118/170/1249 117/168/1249 116/171/1249
f 115/173/1250 119/169/1250 117/168/1250
f 123/174/1251 124/178/1251 126/175/1251
f 121/177/1252 125/180/1252 124/178/1252
f 122/179/1253 126/175/1253 124/178/1253
f 127/181/1254 130/185/1254 131/182/1254
f 128/184/1255 132/186/1255 131/182/1255
f 133/183/1256 131/182/1256 132/186/1256
f 134/188/1257 137/192/1257 138/189/1257
f 139/191/1258 138/189/1258 137/192/1258
f 136/194/1259 140/190/1259 138/189/1259
f 141/195/1260 144/199/1260 145/196/1260
f 142/198/1261 146/200/1261 145/196/1261
f 147/197/1262 145/196/1262 146/200/1262
f 148/202/1263 151/206/1263 152/203/1263
f 153/205/1264 152/203/1264 151/206/1264
f 150/208/1265 154/204/1265 152/203/1265
f 155/209/1266 158/213/1266 159/210/1266
f 160/212/1267 159/210/1267 158/213/1267
f 157/215/1268 161/211/1268 159/210/1268
f 162/216/1269 165/220/1269 166/217/1269
f 163/219/1270 167/221/1270 166/217/1270
f 168/218/1271 166/217/1271 167/221/1271
f 113/167/1272 119/169/1272 130/185/1272
f 119/169/134 115/173/134 128/184/134
f 120/176/135 126/175/135 118/170/135
f 126/175/136 122/179/136 115/173/136
f 134/188/137 140/190/137 125/180/137
f 140/190/138 136/194/138 122/179/138
f 135/193/1273 129/187/1273 132/186/1273
f 132/186/140 128/184/140 136/194/140
f 127/223/141 133/1944/141 158/224/141
f 133/226/142 129/248/142 156/227/142
f 162/229/143 168/1945/143 137/230/143
f 168/232/144 164/1946/144 135/233/144
f 157/215/145 160/212/145 167/221/145
f 160/212/146 156/214/146 164/222/146
f 155/209/1274 161/211/1274 144/199/1274
f 161/211/148 157/215/148 142/198/148
f 148/202/149 154/204/149 165/220/149
f 154/204/150 150/208/150 163/219/150
f 143/201/151 146/200/151 153/205/151
f 146/200/152 142/198/152 150/208/152
f 141/235/153 147/1947/153 116/236/153
f 147/238/154 143/247/154 114/239/154
f 121/241/155 123/1948/155 151/242/155
f 123/244/1275 120/1949/1275 149/245/1275
f 155/225/157 141/235/157 113/237/157
f 115/173/158 122/179/158 136/194/158
f 149/245/159 120/1949/159 114/239/159
f 134/231/160 121/241/160 148/243/160
f 135/233/161 164/1946/161 156/227/161
f 163/219/162 150/208/162 142/198/162
f 169/249/1276 172/253/1276 173/250/1276
f 174/252/1277 173/250/1277 172/253/1277
f 171/255/1278 175/251/1278 173/250/1278
f 179/256/1279 180/260/1279 182/257/1279
f 177/259/1280 181/262/1280 180/260/1280
f 178/261/1281 182/257/1281 180/260/1281
f 183/263/1282 186/267/1282 187/264/1282
f 184/266/1283 188/268/1283 187/264/1283
f 189/265/1284 187/264/1284 188/268/1284
f 190/270/1285 193/274/1285 194/271/1285
f 195/273/1286 194/271/1286 193/274/1286
f 192/276/1287 196/272/1287 194/271/1287
f 197/277/1288 200/281/1288 201/278/1288
f 198/280/1289 202/282/1289 201/278/1289
f 203/279/1290 201/278/1290 202/282/1290
f 204/284/1291 207/288/1291 208/285/1291
f 209/287/1292 208/285/1292 207/288/1292
f 206/290/1293 210/286/1293 208/285/1293
f 211/291/1294 214/295/1294 215/292/1294
f 216/294/1295 215/292/1295 214/295/1295
f 213/297/1296 217/293/1296 215/292/1296
f 218/298/1297 221/302/1297 222/299/1297
f 219/301/1298 223/303/1298 222/299/1298
f 224/300/1299 222/299/1299 223/303/1299
f 169/249/187 175/251/187 186/267/187
f 175/251/188 171/255/188 184/266/188
f 176/258/1300 182/257/1300 174/252/1300
f 182/257/190 178/261/190 171/255/190
f 177/259/1301 190/270/1301 196/272/1301
f 196/272/1302 192/276/1302 178/261/1302
f 191/275/193 185/269/193 188/268/193
f 188/268/194 184/266/194 192/276/194
f 183/305/195 189/1950/195 214/306/195
f 189/308/196 185/330/196 212/309/196
f 190/311/197 218/329/197 224/312/197
f 224/314/1303 220/1951/1303 191/315/1303
f 213/297/199 216/294/199 223/303/199
f 216/294/1304 212/296/1304 220/304/1304
f 197/277/1305 211/291/1305 217/293/1305
f 217/293/202 213/297/202 198/280/202
f 218/298/1306 204/284/1306 210/286/1306
f 210/286/204 206/290/204 219/301/204
f 199/283/1307 202/282/1307 209/287/1307
f 209/287/206 202/282/206 198/280/206
f 197/317/207 203/1952/207 172/318/207
f 172/320/208 203/1953/208 199/321/208
f 177/323/209 179/1954/209 207/324/209
f 207/326/210 179/1955/210 176/327/210
f 211/307/211 197/317/211 169/319/211
f 178/261/212 192/276/212 184/266/212
f 199/321/213 205/328/213 176/327/213
f 190/311/214 177/323/214 204/325/214
f 191/315/215 220/1951/215 212/309/215
f 219/301/216 206/290/216 198/280/216
f 225/331/1308 228/335/1308 229/332/1308
f 226/334/1309 230/337/1309 229/332/1309
f 227/336/1310 231/333/1310 229/332/1310
f 232/338/1311 235/342/1311 236/339/1311
f 233/341/1312 237/344/1312 236/339/1312
f 234/343/1313 238/340/1313 236/339/1313
f 239/345/1314 242/349/1314 243/346/1314
f 240/348/1315 244/351/1315 243/346/1315
f 241/350/1316 245/347/1316 243/346/1316
f 246/352/1317 249/356/1317 250/353/1317
f 247/355/1318 251/358/1318 250/353/1318
f 248/357/1319 252/354/1319 250/353/1319
f 253/359/1320 256/363/1320 257/360/1320
f 254/362/1321 258/365/1321 257/360/1321
f 255/364/1322 259/361/1322 257/360/1322
f 260/366/1323 263/370/1323 264/367/1323
f 261/369/1324 265/372/1324 264/367/1324
f 262/371/1325 266/368/1325 264/367/1325
f 267/373/1326 270/377/1326 271/374/1326
f 268/376/1327 272/379/1327 271/374/1327
f 269/378/1328 273/375/1328 271/374/1328
f 274/380/1329 277/384/1329 278/381/1329
f 275/383/1330 279/386/1330 278/381/1330
f 276/385/1331 280/382/1331 278/381/1331
f 225/331/1332 231/333/1332 242/349/1332
f 242/349/242 231/333/242 227/336/242
f 232/387/243 238/1956/243 230/388/243
f 230/390/244 238/1957/244 234/391/244
f 246/352/245 252/354/245 237/344/245
f 252/354/246 248/357/246 234/343/246
f 247/393/247 241/412/247 244/394/247
f 244/396/248 240/411/248 248/397/248
f 239/345/249 245/347/249 270/377/249
f 245/347/250 241/350/250 268/376/250
f 274/380/251 280/382/251 249/356/251
f 280/382/252 276/385/252 247/355/252
f 269/399/253 272/1958/253 279/400/253
f 279/402/254 272/1959/254 268/403/254
f 267/373/1333 273/375/1333 256/363/1333
f 273/375/256 269/378/256 254/362/256
f 274/380/1334 260/366/1334 266/368/1334
f 277/384/1335 266/368/1335 262/371/1335
f 255/405/259 258/1960/259 265/406/259
f 265/408/1336 258/1961/1336 254/409/1336
f 225/331/261 253/359/261 259/361/261
f 259/361/262 255/364/262 226/334/262
f 233/341/263 235/342/263 263/370/263
f 235/342/264 232/338/264 261/369/264
f 267/373/265 253/359/265 225/331/265
f 234/391/266 248/397/266 240/411/266
f 255/405/267 261/407/267 232/387/267
f 246/352/268 233/341/268 260/366/268
f 247/393/269 276/404/269 268/403/269
f 269/399/270 275/401/270 262/410/270
f 785/1224/1702 788/1315/1702 789/1225/1702
f 786/1227/1703 790/1298/1703 789/1228/1703
f 787/1230/1704 791/1297/1704 789/1231/1704
f 792/1233/1705 795/2027/1705 796/1234/1705
f 793/1236/1706 797/1300/1706 796/1237/1706
f 794/1239/1707 798/1299/1707 796/1240/1707
f 799/1242/1708 802/1296/1708 803/1243/1708
f 800/1245/1709 804/1302/1709 803/1246/1709
f 801/1248/1710 805/1304/1710 803/1249/1710
f 806/1251/1711 809/1305/1711 810/1252/1711
f 807/1254/1712 811/1301/1712 810/1255/1712
f 808/1257/1713 812/2028/1713 810/1258/1713
f 813/1260/1714 816/1309/1714 817/1261/1714
f 814/1263/1715 818/1314/1715 817/1264/1715
f 815/1266/1716 819/2029/1716 817/1267/1716
f 820/1269/1717 823/1316/1717 824/1270/1717
f 821/1272/1718 825/1313/1718 824/1273/1718
f 822/1275/1719 826/1312/1719 824/1276/1719
f 827/1278/1720 830/1303/1720 831/1279/1720
f 828/1281/1721 832/1308/1721 831/1282/1721
f 829/1284/1722 833/1310/1722 831/1285/1722
f 834/1287/1723 837/1311/1723 838/1288/1723
f 835/1290/1724 839/1307/1724 838/1291/1724
f 836/1293/1725 840/1306/1725 838/1294/1725
f 785/1224/781 791/1226/781 802/1296/781
f 791/1297/782 787/1230/782 800/1245/782
f 792/1233/783 798/1235/783 790/1298/783
f 798/1299/784 794/1239/784 787/1230/784
f 806/1251/785 812/1253/785 797/1300/785
f 797/1241/786 812/2028/786 808/1257/786
f 801/1248/787 804/1250/787 811/1301/787
f 804/1302/788 800/1245/788 808/1257/788
f 799/1242/789 805/1244/789 830/1303/789
f 805/1304/790 801/1248/790 828/1281/790
f 834/1287/1726 840/1289/1726 809/1305/1726
f 840/1306/792 836/1293/792 807/1254/792
f 829/1284/793 832/1286/793 839/1307/793
f 832/1308/794 828/1281/794 836/1293/794
f 827/1278/1727 833/1280/1727 816/1309/1727
f 833/1310/796 829/1284/796 814/1263/796
f 820/1269/797 826/1271/797 837/1311/797
f 826/1312/1728 822/1275/1728 835/1290/1728
f 815/1266/799 818/1268/799 825/1313/799
f 818/1314/800 814/1263/800 822/1275/800
f 785/1224/801 813/1260/801 819/1262/801
f 788/1229/802 819/2029/802 815/1266/802
f 793/1236/803 795/1238/803 823/1316/803
f 823/1274/804 795/2027/804 792/1233/804
f 827/1278/805 813/1260/805 785/1224/805
f 794/1239/806 808/1257/806 800/1245/806
f 815/1266/807 821/1272/807 792/1233/807
f 806/1251/808 793/1236/808 820/1269/808
f 807/1254/809 836/1293/809 828/1281/809
f 835/1290/810 822/1275/810 814/1263/810
f 841/1317/1729 844/1321/1729 845/1318/1729
f 842/1320/1730 846/1322/1730 845/1318/1730
f 847/1319/1731 845/1318/1731 846/1322/1731
f 848/1324/1732 851/1328/1732 852/1325/1732
f 849/1327/1733 853/1329/1733 852/1325/1733
f 854/1326/1734 852/1325/1734 853/1329/1734
f 855/1331/1735 858/1335/1735 859/1332/1735
f 860/1334/1736 859/1332/1736 858/1335/1736
f 857/1337/1737 861/1333/1737 859/1332/1737
f 862/1338/1738 865/1342/1738 866/1339/1738
f 863/1341/1739 867/1343/1739 866/1339/1739
f 868/1340/1740 866/1339/1740 867/1343/1740
f 869/1345/1741 872/1349/1741 873/1346/1741
f 874/1348/1742 873/1346/1742 872/1349/1742
f 871/1351/1743 875/1347/1743 873/1346/1743
f 876/1352/1744 879/1356/1744 880/1353/1744
f 877/1355/1745 881/1357/1745 880/1353/1745
f 882/1354/1746 880/1353/1746 881/1357/1746
f 883/1359/1747 886/1363/1747 887/1360/1747
f 884/1362/1748 888/1364/1748 887/1360/1748
f 889/1361/1749 887/1360/1749 888/1364/1749
f 890/1366/1750 893/1370/1750 894/1367/1750
f 895/1369/1751 894/1367/1751 893/1370/1751
f 892/1372/1752 896/1368/1752 894/1367/1752
f 841/1317/835 847/1319/835 858/1373/835
f 847/1375/836 843/1381/836 856/1376/836
f 848/1324/1753 854/1326/1753 846/1378/1753
f 854/1380/838 850/1386/838 843/1381/838
f 862/1338/839 868/1340/839 853/1383/839
f 868/1385/840 864/1391/840 850/1386/840
f 863/1388/841 857/1337/841 860/1334/841
f 860/1390/842 856/1376/842 864/1391/842
f 883/1359/843 855/1331/843 861/1333/843
f 886/1363/844 861/1333/844 857/1337/844
f 862/1338/1754 890/1366/1754 896/1368/1754
f 896/1368/846 892/1372/846 863/1341/846
f 885/1393/847 888/2030/847 895/1394/847
f 895/1396/848 888/1364/848 884/1362/848
f 869/1345/849 883/1409/849 889/1398/849
f 889/1399/850 885/1393/850 870/1400/850
f 890/1366/851 876/1411/851 882/1402/851
f 882/1403/852 878/1407/852 891/1395/852
f 877/1355/853 871/1410/853 874/1405/853
f 874/1406/854 870/1400/854 878/1407/854
f 869/1345/855 875/1347/855 844/1321/855
f 875/1347/1755 871/1351/1755 842/1320/1755
f 849/1327/1756 851/1328/1756 879/1356/1756
f 851/1328/858 848/1324/858 877/1355/858
f 883/1409/859 869/1345/859 841/1317/859
f 850/1386/860 864/1391/860 856/1376/860
f 877/1355/861 848/1324/861 842/1379/861
f 862/1338/862 849/1384/862 876/1411/862
f 857/1337/863 863/1388/863 892/1397/863
f 885/1393/864 891/1395/864 878/1407/864
f 1065/1663/1861 1068/1747/1861 1069/1664/1861
f 1070/1666/1862 1069/1670/1862 1068/1667/1862
f 1067/1669/1863 1071/1732/1863 1069/1670/1863
f 1075/1671/1864 1076/1678/1864 1078/1672/1864
f 1073/1674/1865 1077/1733/1865 1076/1675/1865
f 1074/1677/1866 1078/1672/1866 1076/1678/1866
f 1079/1680/1867 1082/1731/1867 1083/1681/1867
f 1080/1683/1868 1084/1687/1868 1083/1684/1868
f 1085/1686/1869 1083/1684/1869 1084/1687/1869
f 1086/1689/1870 1089/1739/1870 1090/1690/1870
f 1091/1692/1871 1090/1696/1871 1089/1693/1871
f 1088/1695/1872 1092/1734/1872 1090/1696/1872
f 1093/1697/1873 1096/1743/1873 1097/1698/1873
f 1094/1700/1874 1098/1704/1874 1097/1701/1874
f 1099/1703/1875 1097/1701/1875 1098/1704/1875
f 1100/1706/1876 1103/1751/1876 1104/1707/1876
f 1105/1709/1877 1104/1713/1877 1103/1710/1877
f 1102/1712/1878 1106/1746/1878 1104/1713/1878
f 1107/1714/1879 1110/1735/1879 1111/1715/1879
f 1112/1717/1880 1111/1721/1880 1110/1718/1880
f 1109/1720/1881 1113/1744/1881 1111/1721/1881
f 1114/1722/1882 1117/1745/1882 1118/1723/1882
f 1115/1725/1883 1119/1729/1883 1118/1726/1883
f 1120/1728/1884 1118/1726/1884 1119/1729/1884
f 1079/1680/1885 1065/1663/1885 1071/1665/1885
f 1071/1732/1052 1067/1669/1052 1080/1683/1052
f 1066/1668/1053 1072/1673/1053 1078/1672/1053
f 1078/1672/1054 1074/1677/1054 1067/1669/1054
f 1086/1689/1055 1092/1691/1055 1077/1733/1055
f 1092/1734/1056 1088/1695/1056 1074/1677/1056
f 1081/1688/1057 1084/1687/1057 1091/1692/1057
f 1091/1692/1058 1084/1687/1058 1080/1683/1058
f 1079/1680/1059 1085/1682/1059 1110/1735/1059
f 1085/1736/1060 1081/1756/1060 1108/1737/1060
f 1114/1722/1061 1120/1724/1061 1089/1739/1061
f 1120/1740/1062 1116/2048/1062 1087/1741/1062
f 1115/1725/1063 1109/1720/1063 1112/1717/1063
f 1119/1729/1064 1112/1717/1064 1108/1719/1064
f 1093/1697/1886 1107/1714/1886 1113/1716/1886
f 1113/1744/1066 1109/1720/1066 1094/1700/1066
f 1100/1706/1067 1106/1708/1067 1117/1745/1067
f 1106/1746/1068 1102/1712/1068 1115/1725/1068
f 1095/1705/1069 1098/1704/1069 1105/1709/1069
f 1098/1704/1070 1094/1700/1070 1102/1712/1070
f 1093/1697/1071 1099/1699/1071 1068/1747/1071
f 1099/1748/1072 1095/1755/1072 1066/1749/1072
f 1073/1674/1073 1075/1676/1073 1103/1751/1073
f 1103/1752/1074 1075/2049/1074 1072/1753/1074
f 1079/1680/1075 1107/1714/1075 1093/1697/1075
f 1074/1677/1076 1088/1695/1076 1080/1683/1076
f 1095/1755/1077 1101/1754/1077 1072/1753/1077
f 1114/1722/1078 1086/1689/1078 1073/1674/1078
f 1087/1741/1079 1116/2048/1079 1108/1737/1079
f 1115/1725/1080 1102/1712/1080 1094/1700/1080
f 1121/1757/1887 1124/1840/1887 1125/1758/1887
f 1126/1760/1888 1125/1764/1888 1124/1761/1888
f 1123/1763/1889 1127/1826/1889 1125/1764/1889
f 1131/1765/1890 1132/1772/1890 1134/1766/1890
f 1129/1768/1891 1133/1827/1891 1132/1769/1891
f 1130/1771/1892 1134/1766/1892 1132/1772/1892
f 1135/1774/1893 1138/1825/1893 1139/1775/1893
f 1136/1777/1894 1140/1781/1894 1139/1778/1894
f 1141/1780/1895 1139/1778/1895 1140/1781/1895
f 1142/1783/1896 1145/1832/1896 1146/1784/1896
f 1147/1786/1897 1146/1790/1897 1145/1787/1897
f 1144/1789/1898 1148/2050/1898 1146/1790/1898
f 1149/1791/1899 1152/1836/1899 1153/1792/1899
f 1150/1794/1900 1154/1798/1900 1153/1795/1900
f 1155/1797/1901 1153/1795/1901 1154/1798/1901
f 1156/1800/1902 1159/1844/1902 1160/1801/1902
f 1161/1803/1903 1160/1807/1903 1159/1804/1903
f 1158/1806/1904 1162/1839/1904 1160/1807/1904
f 1163/1808/1905 1166/1828/1905 1167/1809/1905
f 1168/1811/1906 1167/1815/1906 1166/1812/1906
f 1165/1814/1907 1169/1837/1907 1167/1815/1907
f 1170/1816/1908 1173/1838/1908 1174/1817/1908
f 1171/1819/1909 1175/1823/1909 1174/1820/1909
f 1176/1822/1910 1174/1820/1910 1175/1823/1910
f 1121/1757/1911 1127/1759/1911 1138/1825/1911
f 1127/1826/1106 1123/1763/1106 1136/1777/1106
f 1122/1762/1107 1128/1767/1107 1134/1766/1107
f 1134/1766/1912 1130/1771/1912 1123/1763/1912
f 1129/1768/1913 1142/1783/1913 1148/1785/1913
f 1133/1773/1110 1148/2050/1110 1144/1789/1110
f 1143/1788/1111 1137/1782/1111 1140/1781/1111
f 1140/1781/1112 1136/1777/1112 1144/1789/1112
f 1163/1808/1113 1135/1774/1113 1141/1776/1113
f 1141/1829/1114 1137/1849/1114 1164/1830/1114
f 1170/1816/1115 1176/1818/1115 1145/1832/1115
f 1145/1833/1116 1176/2051/1116 1172/1834/1116
f 1165/1814/1914 1168/1811/1914 1175/1823/1914
f 1168/1811/1915 1164/1813/1915 1172/1824/1915
f 1163/1808/1119 1169/1810/1119 1152/1836/1119
f 1169/1837/1120 1165/1814/1120 1150/1794/1120
f 1170/1816/1916 1156/1800/1916 1162/1802/1916
f 1162/1839/1122 1158/1806/1122 1171/1819/1122
f 1157/1805/1123 1151/1799/1123 1154/1798/1123
f 1154/1798/1124 1150/1794/1124 1158/1806/1124
f 1149/1791/1125 1155/1793/1125 1124/1840/1125
f 1155/1841/1126 1151/1848/1126 1122/1842/1126
f 1129/1768/1127 1131/1770/1127 1159/1844/1127
f 1131/1845/1128 1128/2052/1128 1157/1846/1128
f 1163/1808/1129 1149/1791/1129 1121/1757/1129
f 1130/1771/1130 1144/1789/1130 1136/1777/1130
f 1157/1846/1131 1128/2052/1131 1122/1842/1131
f 1142/1783/1132 1129/1768/1132 1156/1800/1132
f 1143/1835/1133 1172/1834/1133 1164/1830/1133
f 1165/1814/1134 1171/1819/1134 1158/1806/1134
usemtl coal
f 281/413/271 285/414/271 287/415/271
f 282/416/272 285/417/272 284/418/272
f 283/419/273 285/420/273 286/421/273
f 288/422/274 292/423/274 294/424/274
f 289/425/275 292/426/275 291/427/275
f 290/428/276 292/423/276 293/429/276
f 295/430/277 299/431/277 301/432/277
f 296/433/278 299/434/278 298/435/278
f 297/436/279 299/434/279 300/437/279
f 302/438/280 306/439/280 308/440/280
f 303/441/281 306/439/281 305/442/281
f 304/443/282 306/444/282 307/445/282
f 309/446/283 313/447/283 315/448/283
f 310/449/284 313/450/284 312/451/284
f 311/452/285 313/447/285 314/453/285
f 316/454/286 320/455/286 322/456/286
f 317/457/287 320/458/287 319/459/287
f 318/460/288 320/458/288 321/461/288
f 323/462/289 327/463/289 329/464/289
f 324/465/290 327/466/290 326/467/290
f 325/468/291 327/466/291 328/469/291
f 330/470/292 334/471/292 336/472/292
f 331/473/293 334/474/293 333/475/293
f 332/476/294 334/477/294 335/478/294
f 295/430/295 287/415/295 298/479/295
f 298/435/296 283/419/296 296/433/296
f 288/422/297 286/480/297 282/416/297
f 294/424/298 283/481/298 286/480/298
f 289/425/299 308/440/299 293/482/299
f 293/483/300 304/443/300 290/484/300
f 297/436/301 307/445/301 303/485/301
f 300/437/302 304/443/302 307/445/302
f 295/430/303 326/486/303 323/462/303
f 301/487/304 324/465/304 326/467/304
f 330/470/305 305/442/305 302/438/305
f 305/488/306 332/476/306 303/489/306
f 325/468/307 335/478/307 331/490/307
f 328/469/308 332/476/308 335/478/308
f 323/462/309 312/491/309 309/446/309
f 329/492/310 310/449/310 312/451/310
f 330/470/311 322/456/311 333/493/311
f 333/475/312 318/460/312 331/473/312
f 311/494/313 321/461/313 317/457/313
f 321/461/314 310/449/314 318/460/314
f 281/413/315 315/448/315 284/495/315
f 284/418/316 311/496/316 282/416/316
f 316/454/317 291/427/317 319/497/317
f 319/498/318 288/422/318 317/499/318
f 295/430/319 309/446/319 281/413/319
f 290/484/320 296/433/320 283/419/320
f 317/499/321 282/416/321 311/496/321
f 302/438/322 316/454/322 330/470/322
f 297/500/323 332/476/323 324/465/323
f 331/473/324 310/449/324 325/501/324
f 337/502/325 341/503/325 343/504/325
f 338/505/326 341/506/326 340/507/326
f 339/508/327 341/509/327 342/510/327
f 344/511/328 348/512/328 350/513/328
f 345/514/329 348/515/329 347/516/329
f 346/517/330 348/518/330 349/519/330
f 351/520/331 355/521/331 357/522/331
f 352/523/332 355/524/332 354/525/332
f 353/526/333 355/527/333 356/528/333
f 358/529/334 362/530/334 364/531/334
f 359/532/335 362/533/335 361/534/335
f 360/535/336 362/536/336 363/537/336
f 365/538/337 369/539/337 371/540/337
f 366/541/338 369/542/338 368/543/338
f 367/544/339 369/545/339 370/546/339
f 372/547/340 376/548/340 378/549/340
f 373/550/341 376/551/341 375/552/341
f 374/553/342 376/554/342 377/555/342
f 379/556/343 383/557/343 385/558/343
f 380/559/344 383/560/344 382/561/344
f 381/562/345 383/563/345 384/564/345
f 386/565/346 390/566/346 392/567/346
f 387/568/347 390/569/347 389/570/347
f 388/571/348 390/572/348 391/573/348
f 337/502/349 354/574/349 351/520/349
f 343/575/350 352/523/350 354/525/350
f 338/505/351 350/513/351 342/576/351
f 350/577/352 339/508/352 342/510/352
f 358/529/353 349/578/353 345/514/353
f 349/519/354 360/535/354 346/517/354
f 353/526/355 363/579/355 359/532/355
f 356/580/356 360/535/356 363/537/356
f 379/556/357 357/522/357 382/581/357
f 382/561/358 353/526/358 380/559/358
f 358/529/359 392/567/359 361/582/359
f 392/583/360 359/532/360 361/534/360
f 387/568/361 384/564/361 391/584/361
f 384/585/362 388/571/362 391/573/362
f 379/556/363 368/586/363 365/538/363
f 368/543/364 381/562/364 366/541/364
f 386/565/365 378/549/365 389/587/365
f 389/570/366 374/553/366 387/568/366
f 367/544/367 377/588/367 373/550/367
f 377/555/368 366/541/368 374/553/368
f 337/502/369 371/540/369 340/589/369
f 371/590/370 338/505/370 340/507/370
f 372/547/371 347/516/371 375/591/371
f 375/552/372 344/511/372 373/550/372
f 379/556/373 337/502/373 351/520/373
f 339/508/374 360/535/374 352/523/374
f 367/544/375 344/511/375 338/505/375
f 358/529/376 372/547/376 386/565/376
f 353/526/377 388/571/377 380/559/377
f 387/568/378 366/541/378 381/562/378
f 393/592/379 397/593/379 399/594/379
f 394/595/380 397/596/380 396/597/380
f 395/598/381 397/599/381 398/600/381
f 400/601/382 404/602/382 406/603/382
f 401/604/383 404/605/383 403/606/383
f 402/607/384 404/608/384 405/609/384
f 407/610/385 411/611/385 413/612/385
f 408/613/386 411/614/386 410/615/386
f 409/616/387 411/617/387 412/618/387
f 414/619/388 418/620/388 420/621/388
f 415/622/389 418/623/389 417/624/389
f 416/625/390 418/626/390 419/627/390
f 421/628/391 425/629/391 427/630/391
f 422/631/392 425/632/392 424/633/392
f 423/634/393 425/635/393 426/636/393
f 428/637/394 432/638/394 434/639/394
f 429/640/395 432/641/395 431/642/395
f 430/643/396 432/644/396 433/645/396
f 435/646/397 439/647/397 441/648/397
f 436/649/398 439/650/398 438/651/398
f 437/652/399 439/653/399 440/654/399
f 442/655/400 446/656/400 448/657/400
f 443/658/401 446/659/401 445/660/401
f 444/661/402 446/662/402 447/663/402
f 407/610/403 399/594/403 410/664/403
f 410/615/404 395/598/404 408/613/404
f 400/601/405 398/665/405 394/595/405
f 406/666/406 395/598/406 398/600/406
f 401/604/407 420/621/407 405/667/407
f 420/668/408 402/607/408 405/609/408
f 409/616/409 419/669/409 415/622/409
f 419/627/410 408/613/410 416/625/410
f 435/646/411 413/612/411 438/670/411
f 413/671/412 436/649/412 438/651/412
f 414/619/413 448/657/413 417/672/413
f 448/673/414 415/622/414 417/624/414
f 437/652/415 447/674/415 443/658/415
f 440/675/416 444/661/416 447/663/416
f 421/628/417 441/648/417 424/676/417
f 424/633/418 437/652/418 422/631/418
f 428/637/419 445/677/419 442/655/419
f 434/678/420 443/658/420 445/660/420
f 429/640/421 426/636/421 433/679/421
f 426/680/422 430/643/422 433/645/422
f 393/592/423 427/630/423 396/681/423
f 427/682/424 394/595/424 396/597/424
f 401/604/425 431/683/425 428/637/425
f 403/684/426 429/640/426 431/642/426
f 407/610/427 421/628/427 393/592/427
f 402/607/428 408/613/428 395/598/428
f 423/634/429 400/601/429 394/595/429
f 414/619/430 428/637/430 442/655/430
f 415/622/431 436/649/431 409/616/431
f 437/652/432 430/643/432 422/631/432
f 449/685/433 453/686/433 455/687/433
f 450/688/434 453/689/434 452/690/434
f 451/691/435 453/689/435 454/692/435
f 456/693/436 460/694/436 462/695/436
f 457/696/437 460/697/437 459/698/437
f 458/699/438 460/694/438 461/700/438
f 463/701/439 467/702/439 469/703/439
f 464/704/440 467/705/440 466/706/440
f 465/707/441 467/705/441 468/708/441
f 470/709/442 474/710/442 476/711/442
f 471/712/443 474/713/443 473/714/443
f 472/715/444 474/713/444 475/716/444
f 477/717/445 481/718/445 483/719/445
f 478/720/446 481/721/446 480/722/446
f 479/723/447 481/721/447 482/724/447
f 484/725/448 488/726/448 490/727/448
f 485/728/449 488/729/449 487/730/449
f 486/731/450 488/729/450 489/732/450
f 491/733/451 495/734/451 497/735/451
f 492/736/452 495/737/452 494/738/452
f 493/739/453 495/737/453 496/740/453
f 498/741/454 502/742/454 504/743/454
f 499/744/455 502/745/455 501/746/455
f 500/747/456 502/745/456 503/748/456
f 463/701/457 455/687/457 466/749/457
f 466/706/458 451/750/458 464/704/458
f 456/693/459 454/692/459 450/688/459
f 454/692/460 458/699/460 451/691/460
f 470/709/461 461/751/461 457/696/461
f 476/752/462 458/753/462 461/754/462
f 471/712/463 468/708/463 475/716/463
f 468/708/464 472/715/464 475/716/464
f 463/701/465 494/755/465 491/733/465
f 469/756/466 492/736/466 494/738/466
f 498/741/467 473/757/467 470/709/467
f 504/758/468 471/759/468 473/760/468
f 499/744/469 496/740/469 503/748/469
f 503/748/470 492/736/470 500/747/470
f 477/717/471 497/735/471 480/761/471
f 480/722/472 493/762/472 478/720/472
f 498/741/473 490/727/473 501/763/473
f 490/764/474 499/765/474 501/766/474
f 485/728/475 482/724/475 489/732/475
f 482/724/476 486/731/476 489/732/476
f 449/685/477 483/719/477 452/767/477
f 483/768/478 450/688/478 452/690/478
f 484/725/479 459/698/479 487/769/479
f 459/770/480 485/771/480 487/772/480
f 463/701/481 477/717/481 449/685/481
f 458/753/482 464/704/482 451/750/482
f 479/773/483 456/693/483 450/688/483
f 470/709/484 484/725/484 498/741/484
f 465/774/485 500/747/485 492/736/485
f 499/765/486 478/720/486 493/762/486
f 505/775/487 509/776/487 511/777/487
f 506/778/488 509/779/488 508/780/488
f 507/781/489 509/779/489 510/782/489
f 512/783/490 516/784/490 518/785/490
f 513/786/491 516/787/491 515/788/491
f 514/789/492 516/784/492 517/790/492
f 519/791/493 523/792/493 525/793/493
f 520/794/494 523/795/494 522/796/494
f 521/797/495 523/795/495 524/798/495
f 526/799/496 530/800/496 532/801/496
f 527/802/497 530/800/497 529/803/497
f 528/804/498 530/805/498 531/806/498
f 533/807/499 537/808/499 539/809/499
f 534/810/500 537/811/500 536/812/500
f 535/813/501 537/808/501 538/814/501
f 540/815/502 544/816/502 546/817/502
f 541/818/503 544/819/503 543/820/503
f 542/821/504 544/819/504 545/822/504
f 547/823/505 551/824/505 553/825/505
f 548/826/506 551/827/506 550/828/506
f 549/829/507 551/827/507 552/830/507
f 554/831/508 558/832/508 560/833/508
f 555/834/509 558/835/509 557/836/509
f 556/837/510 558/835/510 559/838/510
f 519/791/511 511/777/511 522/839/511
f 511/840/512 520/794/512 522/796/512
f 512/783/513 510/782/513 506/778/513
f 518/785/514 507/781/514 510/782/514
f 526/799/515 517/841/515 513/786/515
f 532/801/516 514/842/516 517/841/516
f 527/843/517 524/798/517 531/806/517
f 531/806/518 520/794/518 528/804/518
f 519/791/519 550/844/519 547/823/519
f 550/828/520 521/845/520 548/826/520
f 554/831/521 529/803/521 526/799/521
f 560/833/522 527/802/522 529/803/522
f 549/829/523 559/838/523 555/834/523
f 552/830/524 556/837/524 559/838/524
f 533/807/525 553/825/525 536/846/525
f 553/825/526 534/847/526 536/846/526
f 540/815/527 557/848/527 554/831/527
f 557/849/528 542/821/528 555/850/528
f 541/818/529 538/851/529 545/822/529
f 545/822/530 534/810/530 542/821/530
f 505/775/531 539/809/531 508/852/531
f 539/809/532 506/853/532 508/852/532
f 540/815/533 515/788/533 543/854/533
f 543/855/534 512/783/534 541/856/534
f 547/823/535 505/775/535 519/791/535
f 514/857/536 520/794/536 507/858/536
f 535/859/537 512/783/537 506/778/537
f 554/831/538 513/786/538 540/815/538
f 521/845/539 556/837/539 548/826/539
f 549/860/540 542/821/540 534/810/540
f 561/861/541 565/862/541 567/863/541
f 562/864/542 565/865/542 564/866/542
f 563/867/543 565/868/543 566/869/543
f 568/870/544 572/871/544 574/872/544
f 569/873/545 572/874/545 571/875/545
f 570/876/546 572/877/546 573/878/546
f 575/879/547 579/880/547 581/881/547
f 576/882/548 579/883/548 578/884/548
f 577/885/549 579/886/549 580/887/549
f 582/888/550 586/889/550 588/890/550
f 583/891/551 586/892/551 585/893/551
f 584/894/552 586/895/552 587/896/552
f 589/897/553 593/898/553 595/899/553
f 590/900/554 593/901/554 592/902/554
f 591/903/555 593/904/555 594/905/555
f 596/906/556 600/907/556 602/908/556
f 597/909/557 600/910/557 599/911/557
f 598/912/558 600/913/558 601/914/558
f 603/915/559 607/916/559 609/917/559
f 604/918/560 607/919/560 606/920/560
f 605/921/561 607/922/561 608/923/561
f 610/924/562 614/925/562 616/926/562
f 611/927/563 614/928/563 613/929/563
f 612/930/564 614/931/564 615/932/564
f 561/861/565 578/933/565 575/879/565
f 567/934/566 576/882/566 578/884/566
f 562/864/567 574/872/567 566/935/567
f 566/869/568 570/876/568 563/867/568
f 582/888/569 573/936/569 569/873/569
f 588/937/570 570/876/570 573/878/570
f 577/885/571 587/938/571 583/891/571
f 580/939/572 584/894/572 587/896/572
f 575/879/573 606/940/573 603/915/573
f 581/941/574 604/918/574 606/920/574
f 582/888/575 616/926/575 585/942/575
f 585/893/576 612/930/576 583/891/576
f 611/927/577 608/923/577 615/943/577
f 608/944/578 612/930/578 615/932/578
f 603/915/579 592/945/579 589/897/579
f 609/946/580 590/900/580 592/902/580
f 596/906/581 613/947/581 610/924/581
f 613/929/582 598/912/582 611/927/582
f 591/903/583 601/948/583 597/909/583
f 601/914/584 590/900/584 598/912/584
f 561/861/585 595/899/585 564/949/585
f 564/866/586 591/903/586 562/864/586
f 596/906/587 571/875/587 599/950/587
f 599/911/588 568/870/588 597/909/588
f 603/915/589 561/861/589 575/879/589
f 570/876/590 576/882/590 563/867/590
f 591/903/591 568/870/591 562/864/591
f 610/924/592 569/873/592 596/906/592
f 577/885/593 612/930/593 604/918/593
f 611/927/594 590/900/594 605/921/594
f 617/951/595 621/952/595 623/953/595
f 618/954/596 621/955/596 620/956/596
f 619/957/597 621/958/597 622/959/597
f 624/960/598 628/961/598 630/962/598
f 625/963/599 628/964/599 627/965/599
f 626/966/600 628/967/600 629/968/600
f 631/969/601 635/970/601 637/971/601
f 632/972/602 635/973/602 634/974/602
f 633/975/603 635/976/603 636/977/603
f 638/978/604 642/979/604 644/980/604
f 639/981/605 642/982/605 641/983/605
f 640/984/606 642/985/606 643/986/606
f 645/987/607 649/988/607 651/989/607
f 646/990/608 649/991/608 648/992/608
f 647/993/609 649/994/609 650/995/609
f 652/996/610 656/997/610 658/998/610
f 653/999/611 656/1000/611 655/1001/611
f 654/1002/612 656/1003/612 657/1004/612
f 659/1005/613 663/1006/613 665/1007/613
f 660/1008/614 663/1009/614 662/1010/614
f 661/1011/615 663/1012/615 664/1013/615
f 666/1014/616 670/1015/616 672/1016/616
f 667/1017/617 670/1018/617 669/1019/617
f 668/1020/618 670/1021/618 671/1022/618
f 631/969/619 623/953/619 634/1023/619
f 623/1024/620 632/972/620 634/974/620
f 618/954/621 630/962/621 622/1025/621
f 622/959/622 626/966/622 619/957/622
f 638/978/623 629/1026/623 625/963/623
f 644/1027/624 626/966/624 629/968/624
f 639/981/625 636/977/625 643/1028/625
f 636/1029/626 640/984/626 643/986/626
f 631/969/627 662/1030/627 659/1005/627
f 662/1010/628 633/975/628 660/1008/628
f 638/978/629 672/1016/629 641/1031/629
f 672/1032/630 639/981/630 641/983/630
f 661/1011/631 671/1033/631 667/1017/631
f 671/1022/632 660/1008/632 668/1020/632
f 659/1005/633 648/1034/633 645/987/633
f 665/1035/634 646/990/634 648/992/634
f 652/996/635 669/1036/635 666/1014/635
f 669/1019/636 654/1002/636 667/1017/636
f 647/993/637 657/1037/637 653/999/637
f 650/1038/638 654/1002/638 657/1004/638
f 617/951/639 651/989/639 620/1039/639
f 651/1040/640 618/954/640 620/956/640
f 652/996/641 627/965/641 655/1041/641
f 627/1042/642 653/999/642 655/1001/642
f 659/1005/643 617/951/643 631/969/643
f 626/966/644 632/972/644 619/957/644
f 647/993/645 624/960/645 618/954/645
f 666/1014/646 625/963/646 652/996/646
f 633/975/647 668/1020/647 660/1008/647
f 661/1011/648 654/1002/648 646/990/648
f 673/1043/649 677/1044/649 679/1045/649
f 674/1046/650 677/1047/650 676/1048/650
f 675/1049/651 677/1047/651 678/1050/651
f 680/1051/652 684/1052/652 686/1053/652
f 681/1054/653 684/1055/653 683/1056/653
f 682/1057/654 684/1058/654 685/1059/654
f 687/1060/655 691/1061/655 693/1062/655
f 688/1063/656 691/1064/656 690/1065/656
f 689/1066/657 691/1064/657 692/1067/657
f 694/1068/658 698/1069/658 700/1070/658
f 695/1071/659 698/1072/659 697/1073/659
f 696/1074/660 698/1075/660 699/1076/660
f 701/1077/661 705/1078/661 707/1079/661
f 702/1080/662 705/1081/662 704/1082/662
f 703/1083/663 705/1084/663 706/1085/663
f 708/1086/664 712/1087/664 714/1088/664
f 709/1089/665 712/1090/665 711/1091/665
f 710/1092/666 712/1090/666 713/1093/666
f 715/1094/667 719/1095/667 721/1096/667
f 716/1097/668 719/1098/668 718/1099/668
f 717/1100/669 719/1101/669 720/1102/669
f 722/1103/670 726/1104/670 728/1105/670
f 723/1106/671 726/1107/671 725/1108/671
f 724/1109/672 726/1107/672 727/1110/672
f 673/1043/673 690/1111/673 687/1060/673
f 679/1112/674 688/1113/674 690/1114/674
f 680/1115/675 678/1050/675 674/1046/675
f 686/1116/676 675/1049/676 678/1050/676
f 681/1054/677 700/1070/677 685/1117/677
f 685/1059/678 696/1074/678 682/1057/678
f 689/1066/679 699/1118/679 695/1071/679
f 692/1067/680 696/1119/680 699/1118/680
f 715/1094/681 693/1062/681 718/1120/681
f 693/1121/682 716/1097/682 718/1099/682
f 694/1068/683 728/1105/683 697/1122/683
f 728/1123/684 695/1071/684 697/1073/684
f 717/1100/685 727/1110/685 723/1106/685
f 727/1110/686 716/1124/686 724/1109/686
f 715/1094/687 704/1125/687 701/1077/687
f 704/1082/688 717/1100/688 702/1080/688
f 708/1086/689 725/1126/689 722/1103/689
f 725/1108/690 710/1127/690 723/1106/690
f 703/1083/691 713/1093/691 709/1089/691
f 706/1085/692 710/1092/692 713/1093/692
f 673/1043/693 707/1079/693 676/1128/693
f 676/1129/694 703/1083/694 674/1130/694
f 708/1086/695 683/1056/695 711/1131/695
f 683/1132/696 709/1089/696 711/1091/696
f 715/1094/697 673/1043/697 687/1060/697
f 675/1049/698 696/1074/698 688/1113/698
f 709/1089/699 674/1130/699 703/1083/699
f 694/1068/700 708/1086/700 722/1103/700
f 695/1071/701 716/1097/701 689/1066/701
f 723/1106/702 702/1080/702 717/1100/702
f 729/1133/703 733/1134/703 735/1135/703
f 730/1136/704 733/1137/704 732/1138/704
f 731/1139/705 733/1140/705 734/1141/705
f 736/1142/706 740/1143/706 742/1144/706
f 737/1145/707 740/1146/707 739/1147/707
f 738/1148/708 740/1149/708 741/1150/708
f 743/1151/709 747/1152/709 749/1153/709
f 744/1154/710 747/1155/710 746/1156/710
f 745/1157/711 747/1158/711 748/1159/711
f 750/1160/712 754/1161/712 756/1162/712
f 751/1163/713 754/1164/713 753/1165/713
f 752/1166/714 754/1167/714 755/1168/714
f 757/1169/715 761/1170/715 763/1171/715
f 758/1172/716 761/1173/716 760/1174/716
f 759/1175/717 761/1176/717 762/1177/717
f 764/1178/718 768/1179/718 770/1180/718
f 765/1181/719 768/1182/719 767/1183/719
f 766/1184/720 768/1185/720 769/1186/720
f 771/1187/721 775/1188/721 777/1189/721
f 772/1190/722 775/1191/722 774/1192/722
f 773/1193/723 775/1194/723 776/1195/723
f 778/1196/724 782/1197/724 784/1198/724
f 779/1199/725 782/1200/725 781/1201/725
f 780/1202/726 782/1203/726 783/1204/726
f 743/1151/727 735/1135/727 746/1205/727
f 735/1206/728 744/1154/728 746/1156/728
f 736/1142/729 734/1207/729 730/1136/729
f 734/1141/730 738/1148/730 731/1139/730
f 737/1145/731 756/1162/731 741/1208/731
f 741/1150/732 752/1166/732 738/1148/732
f 751/1163/733 748/1159/733 755/1209/733
f 748/1210/734 752/1166/734 755/1168/734
f 743/1151/735 774/1211/735 771/1187/735
f 749/1212/736 772/1190/736 774/1192/736
f 778/1196/737 753/1213/737 750/1160/737
f 784/1214/738 751/1163/738 753/1165/738
f 773/1193/739 783/1215/739 779/1199/739
f 783/1204/740 772/1190/740 780/1202/740
f 771/1187/741 760/1216/741 757/1169/741
f 760/1174/742 773/1193/742 758/1172/742
f 778/1196/743 770/1180/743 781/1217/743
f 781/1201/744 766/1184/744 779/1199/744
f 759/1175/745 769/1218/745 765/1181/745
f 762/1219/746 766/1184/746 769/1186/746
f 729/1133/747 763/1171/747 732/1220/747
f 763/1221/748 730/1136/748 732/1138/748
f 737/1145/749 767/1222/749 764/1178/749
f 739/1223/750 765/1181/750 767/1183/750
f 743/1151/751 757/1169/751 729/1133/751
f 738/1148/752 744/1154/752 731/1139/752
f 765/1181/753 730/1136/753 759/1175/753
f 750/1160/754 764/1178/754 778/1196/754
f 745/1157/755 780/1202/755 772/1190/755
f 779/1199/756 758/1172/756 773/1193/756
f 281/413/1337 284/495/1337 285/414/1337
f 282/416/1338 286/480/1338 285/417/1338
f 283/419/1339 287/1962/1339 285/420/1339
f 288/422/1340 291/1963/1340 292/423/1340
f 289/425/1341 293/482/1341 292/426/1341
f 290/428/1342 294/424/1342 292/423/1342
f 295/430/1343 298/479/1343 299/431/1343
f 296/433/1344 300/437/1344 299/434/1344
f 297/436/1345 301/1964/1345 299/434/1345
f 302/438/1346 305/442/1346 306/439/1346
f 303/441/1347 307/1965/1347 306/439/1347
f 304/443/1348 308/1966/1348 306/444/1348
f 309/446/1349 312/491/1349 313/447/1349
f 310/449/1350 314/1967/1350 313/450/1350
f 311/452/1351 315/448/1351 313/447/1351
f 316/454/1352 319/497/1352 320/455/1352
f 317/457/1353 321/461/1353 320/458/1353
f 318/460/1354 322/1968/1354 320/458/1354
f 323/462/1355 326/486/1355 327/463/1355
f 324/465/1356 328/469/1356 327/466/1356
f 325/468/1357 329/1969/1357 327/466/1357
f 330/470/1358 333/493/1358 334/471/1358
f 331/473/1359 335/1970/1359 334/474/1359
f 332/476/1360 336/1971/1360 334/477/1360
f 295/430/1361 281/413/1361 287/415/1361
f 298/435/1362 287/1962/1362 283/419/1362
f 288/422/297 294/424/297 286/480/297
f 294/424/298 290/428/298 283/481/298
f 289/425/1363 302/438/1363 308/440/1363
f 293/483/1364 308/1966/1364 304/443/1364
f 297/436/301 300/437/301 307/445/301
f 300/437/302 296/433/302 304/443/302
f 295/430/1365 301/432/1365 326/486/1365
f 301/487/1366 297/500/1366 324/465/1366
f 330/470/1367 336/472/1367 305/442/1367
f 305/488/1368 336/1971/1368 332/476/1368
f 325/468/307 328/469/307 335/478/307
f 328/469/308 324/465/308 332/476/308
f 323/462/1369 329/464/1369 312/491/1369
f 329/492/1370 325/501/1370 310/449/1370
f 330/470/1371 316/454/1371 322/456/1371
f 333/475/1372 322/1968/1372 318/460/1372
f 311/494/313 314/1967/313 321/461/313
f 321/461/314 314/1967/314 310/449/314
f 281/413/1373 309/446/1373 315/448/1373
f 284/418/316 315/1972/316 311/496/316
f 316/454/1374 289/425/1374 291/427/1374
f 319/498/1375 291/1963/1375 288/422/1375
f 295/430/319 323/462/319 309/446/319
f 290/484/320 304/443/320 296/433/320
f 317/499/321 288/422/321 282/416/321
f 302/438/322 289/425/322 316/454/322
f 297/500/323 303/489/323 332/476/323
f 331/473/324 318/460/324 310/449/324
f 337/502/1376 340/589/1376 341/503/1376
f 338/505/1377 342/576/1377 341/506/1377
f 339/508/1378 343/575/1378 341/509/1378
f 344/511/1379 347/1973/1379 348/512/1379
f 345/514/1380 349/578/1380 348/515/1380
f 346/517/1381 350/577/1381 348/518/1381
f 351/520/1382 354/574/1382 355/521/1382
f 352/523/1383 356/580/1383 355/524/1383
f 353/526/1384 357/1974/1384 355/527/1384
f 358/529/1385 361/582/1385 362/530/1385
f 359/532/1386 363/579/1386 362/533/1386
f 360/535/1387 364/1975/1387 362/536/1387
f 365/538/1388 368/586/1388 369/539/1388
f 366/541/1389 370/1976/1389 369/542/1389
f 367/544/1390 371/590/1390 369/545/1390
f 372/547/1391 375/591/1391 376/548/1391
f 373/550/1392 377/588/1392 376/551/1392
f 374/553/1393 378/1977/1393 376/554/1393
f 379/556/1394 382/581/1394 383/557/1394
f 380/559/1395 384/585/1395 383/560/1395
f 381/562/1396 385/1978/1396 383/563/1396
f 386/565/1397 389/587/1397 390/566/1397
f 387/568/1398 391/584/1398 390/569/1398
f 388/571/1399 392/583/1399 390/572/1399
f 337/502/1400 343/504/1400 354/574/1400
f 343/575/1401 339/508/1401 352/523/1401
f 338/505/1402 344/511/1402 350/513/1402
f 350/577/352 346/517/352 339/508/352
f 358/529/353 364/531/353 349/578/353
f 349/519/1403 364/1975/1403 360/535/1403
f 353/526/355 356/528/355 363/579/355
f 356/580/1404 352/523/1404 360/535/1404
f 379/556/1405 351/520/1405 357/522/1405
f 382/561/1406 357/1974/1406 353/526/1406
f 358/529/359 386/565/359 392/567/359
f 392/583/1407 388/571/1407 359/532/1407
f 387/568/361 381/562/361 384/564/361
f 384/585/362 380/559/362 388/571/362
f 379/556/363 385/558/363 368/586/363
f 368/543/1408 385/1978/1408 381/562/1408
f 386/565/1409 372/547/1409 378/549/1409
f 389/570/1410 378/1977/1410 374/553/1410
f 367/544/1411 370/546/1411 377/588/1411
f 377/555/1412 370/1976/1412 366/541/1412
f 337/502/1413 365/538/1413 371/540/1413
f 371/590/1414 367/544/1414 338/505/1414
f 372/547/1415 345/514/1415 347/516/1415
f 375/552/1416 347/1973/1416 344/511/1416
f 379/556/373 365/538/373 337/502/373
f 339/508/374 346/517/374 360/535/374
f 367/544/375 373/550/375 344/511/375
f 358/529/376 345/514/376 372/547/376
f 353/526/377 359/532/377 388/571/377
f 387/568/378 374/553/378 366/541/378
f 393/592/1417 396/681/1417 397/593/1417
f 394/595/1418 398/665/1418 397/596/1418
f 395/598/1419 399/1979/1419 397/599/1419
f 400/601/1420 403/684/1420 404/602/1420
f 401/604/1421 405/667/1421 404/605/1421
f 402/607/1422 406/666/1422 404/608/1422
f 407/610/1423 410/664/1423 411/611/1423
f 408/613/1424 412/1980/1424 411/614/1424
f 409/616/1425 413/671/1425 411/617/1425
f 414/619/1426 417/672/1426 418/620/1426
f 415/622/1427 419/669/1427 418/623/1427
f 416/625/1428 420/668/1428 418/626/1428
f 421/628/1429 424/676/1429 425/629/1429
f 422/631/1430 426/680/1430 425/632/1430
f 423/634/1431 427/682/1431 425/635/1431
f 428/637/1432 431/683/1432 432/638/1432
f 429/640/1433 433/679/1433 432/641/1433
f 430/643/1434 434/678/1434 432/644/1434
f 435/646/1435 438/670/1435 439/647/1435
f 436/649/1436 440/675/1436 439/650/1436
f 437/652/1437 441/1981/1437 439/653/1437
f 442/655/1438 445/677/1438 446/656/1438
f 443/658/1439 447/674/1439 446/659/1439
f 444/661/1440 448/673/1440 446/662/1440
f 407/610/1441 393/592/1441 399/594/1441
f 410/615/1442 399/1979/1442 395/598/1442
f 400/601/1443 406/603/1443 398/665/1443
f 406/666/406 402/607/406 395/598/406
f 401/604/1444 414/619/1444 420/621/1444
f 420/668/408 416/625/408 402/607/408
f 409/616/1445 412/618/1445 419/669/1445
f 419/627/1446 412/1980/1446 408/613/1446
f 435/646/411 407/610/411 413/612/411
f 413/671/1447 409/616/1447 436/649/1447
f 414/619/1448 442/655/1448 448/657/1448
f 448/673/1449 444/661/1449 415/622/1449
f 437/652/1450 440/654/1450 447/674/1450
f 440/675/1451 436/649/1451 444/661/1451
f 421/628/1452 435/646/1452 441/648/1452
f 424/633/1453 441/1981/1453 437/652/1453
f 428/637/419 434/639/419 445/677/419
f 434/678/1454 430/643/1454 443/658/1454
f 429/640/421 423/634/421 426/636/421
f 426/680/422 422/631/422 430/643/422
f 393/592/423 421/628/423 427/630/423
f 427/682/1455 423/634/1455 394/595/1455
f 401/604/1456 403/606/1456 431/683/1456
f 403/684/1457 400/601/1457 429/640/1457
f 407/610/427 435/646/427 421/628/427
f 402/607/428 416/625/428 408/613/428
f 423/634/429 429/640/429 400/601/429
f 414/619/430 401/604/430 428/637/430
f 415/622/431 444/661/431 436/649/431
f 437/652/1458 443/658/1458 430/643/1458
f 449/685/1459 452/767/1459 453/686/1459
f 450/688/1460 454/692/1460 453/689/1460
f 451/691/1461 455/1982/1461 453/689/1461
f 456/693/1462 459/770/1462 460/694/1462
f 457/696/1463 461/751/1463 460/697/1463
f 458/699/1464 462/695/1464 460/694/1464
f 463/701/1465 466/749/1465 467/702/1465
f 464/704/1466 468/708/1466 467/705/1466
f 465/707/1467 469/1983/1467 467/705/1467
f 470/709/1468 473/757/1468 474/710/1468
f 471/712/1469 475/716/1469 474/713/1469
f 472/715/1470 476/752/1470 474/713/1470
f 477/717/1471 480/761/1471 481/718/1471
f 478/720/1472 482/724/1472 481/721/1472
f 479/723/1473 483/1984/1473 481/721/1473
f 484/725/1474 487/769/1474 488/726/1474
f 485/728/1475 489/732/1475 488/729/1475
f 486/731/1476 490/764/1476 488/729/1476
f 491/733/1477 494/755/1477 495/734/1477
f 492/736/1478 496/740/1478 495/737/1478
f 493/739/1479 497/1985/1479 495/737/1479
f 498/741/1480 501/763/1480 502/742/1480
f 499/744/1481 503/748/1481 502/745/1481
f 500/747/1482 504/758/1482 502/745/1482
f 463/701/457 449/685/457 455/687/457
f 466/706/1483 455/1986/1483 451/750/1483
f 456/693/459 462/695/459 454/692/459
f 454/692/1484 462/695/1484 458/699/1484
f 470/709/1485 476/711/1485 461/751/1485
f 476/752/1486 472/715/1486 458/753/1486
f 471/712/1487 465/707/1487 468/708/1487
f 468/708/464 464/704/464 472/715/464
f 463/701/1488 469/703/1488 494/755/1488
f 469/756/1489 465/774/1489 492/736/1489
f 498/741/1490 504/743/1490 473/757/1490
f 504/758/1491 500/747/1491 471/759/1491
f 499/744/1492 493/739/1492 496/740/1492
f 503/748/1493 496/740/1493 492/736/1493
f 477/717/1494 491/733/1494 497/735/1494
f 480/722/1495 497/1987/1495 493/762/1495
f 498/741/1496 484/725/1496 490/727/1496
f 490/764/1497 486/731/1497 499/765/1497
f 485/728/1498 479/723/1498 482/724/1498
f 482/724/1499 478/720/1499 486/731/1499
f 449/685/1500 477/717/1500 483/719/1500
f 483/768/1501 479/773/1501 450/688/1501
f 484/725/1502 457/696/1502 459/698/1502
f 459/770/1503 456/693/1503 485/771/1503
f 463/701/481 491/733/481 477/717/481
f 458/753/482 472/715/482 464/704/482
f 479/773/483 485/771/483 456/693/483
f 470/709/484 457/696/484 484/725/484
f 465/774/485 471/759/485 500/747/485
f 499/765/486 486/731/486 478/720/486
f 505/775/1504 508/852/1504 509/776/1504
f 506/778/1505 510/782/1505 509/779/1505
f 507/781/1506 511/1988/1506 509/779/1506
f 512/783/1507 515/1989/1507 516/784/1507
f 513/786/1508 517/841/1508 516/787/1508
f 514/789/1509 518/785/1509 516/784/1509
f 519/791/1510 522/839/1510 523/792/1510
f 520/794/1511 524/798/1511 523/795/1511
f 521/797/1512 525/1990/1512 523/795/1512
f 526/799/1513 529/803/1513 530/800/1513
f 527/802/1514 531/1991/1514 530/800/1514
f 528/804/1515 532/1992/1515 530/805/1515
f 533/807/1516 536/846/1516 537/808/1516
f 534/810/1517 538/851/1517 537/811/1517
f 535/813/1518 539/809/1518 537/808/1518
f 540/815/1519 543/854/1519 544/816/1519
f 541/818/1520 545/822/1520 544/819/1520
f 542/821/1521 546/1993/1521 544/819/1521
f 547/823/1522 550/844/1522 551/824/1522
f 548/826/1523 552/830/1523 551/827/1523
f 549/829/1524 553/1994/1524 551/827/1524
f 554/831/1525 557/848/1525 558/832/1525
f 555/834/1526 559/838/1526 558/835/1526
f 556/837/1527 560/1995/1527 558/835/1527
f 519/791/1528 505/775/1528 511/777/1528
f 511/840/512 507/858/512 520/794/512
f 512/783/1529 518/785/1529 510/782/1529
f 518/785/514 514/789/514 507/781/514
f 526/799/1530 532/801/1530 517/841/1530
f 532/801/516 528/1996/516 514/842/516
f 527/843/1531 521/797/1531 524/798/1531
f 531/806/1532 524/798/1532 520/794/1532
f 519/791/1533 525/793/1533 550/844/1533
f 550/828/1534 525/1997/1534 521/845/1534
f 554/831/1535 560/833/1535 529/803/1535
f 560/833/1536 556/1998/1536 527/802/1536
f 549/829/1537 552/830/1537 559/838/1537
f 552/830/1538 548/826/1538 556/837/1538
f 533/807/1539 547/823/1539 553/825/1539
f 553/825/1540 549/1999/1540 534/847/1540
f 540/815/1541 546/817/1541 557/848/1541
f 557/849/528 546/1993/528 542/821/528
f 541/818/529 535/2000/529 538/851/529
f 545/822/530 538/851/530 534/810/530
f 505/775/531 533/807/531 539/809/531
f 539/809/532 535/813/532 506/853/532
f 540/815/1542 513/786/1542 515/788/1542
f 543/855/1543 515/1989/1543 512/783/1543
f 547/823/535 533/807/535 505/775/535
f 514/857/536 528/804/536 520/794/536
f 535/859/537 541/856/537 512/783/537
f 554/831/538 526/799/538 513/786/538
f 521/845/539 527/2001/539 556/837/539
f 549/860/540 555/850/540 542/821/540
f 561/861/1544 564/949/1544 565/862/1544
f 562/864/1545 566/935/1545 565/865/1545
f 563/867/1546 567/934/1546 565/868/1546
f 568/870/1547 571/2002/1547 572/871/1547
f 569/873/1548 573/936/1548 572/874/1548
f 570/876/1549 574/2003/1549 572/877/1549
f 575/879/1550 578/933/1550 579/880/1550
f 576/882/1551 580/939/1551 579/883/1551
f 577/885/1552 581/941/1552 579/886/1552
f 582/888/1553 585/942/1553 586/889/1553
f 583/891/1554 587/938/1554 586/892/1554
f 584/894/1555 588/937/1555 586/895/1555
f 589/897/1556 592/945/1556 593/898/1556
f 590/900/1557 594/2004/1557 593/901/1557
f 591/903/1558 595/2005/1558 593/904/1558
f 596/906/1559 599/950/1559 600/907/1559
f 597/909/1560 601/948/1560 600/910/1560
f 598/912/1561 602/2006/1561 600/913/1561
f 603/915/1562 606/940/1562 607/916/1562
f 604/918/1563 608/944/1563 607/919/1563
f 605/921/1564 609/946/1564 607/922/1564
f 610/924/1565 613/947/1565 614/925/1565
f 611/927/1566 615/943/1566 614/928/1566
f 612/930/1567 616/2007/1567 614/931/1567
f 561/861/1568 567/863/1568 578/933/1568
f 567/934/1569 563/867/1569 576/882/1569
f 562/864/567 568/870/567 574/872/567
f 566/869/568 574/2003/568 570/876/568
f 582/888/1570 588/890/1570 573/936/1570
f 588/937/1571 584/894/1571 570/876/1571
f 577/885/1572 580/887/1572 587/938/1572
f 580/939/572 576/882/572 584/894/572
f 575/879/573 581/881/573 606/940/573
f 581/941/574 577/885/574 604/918/574
f 582/888/1573 610/924/1573 616/926/1573
f 585/893/1574 616/2007/1574 612/930/1574
f 611/927/577 605/921/577 608/923/577
f 608/944/1575 604/918/1575 612/930/1575
f 603/915/1576 609/917/1576 592/945/1576
f 609/946/1577 605/921/1577 590/900/1577
f 596/906/1578 602/908/1578 613/947/1578
f 613/929/1579 602/2006/1579 598/912/1579
f 591/903/583 594/905/583 601/948/583
f 601/914/584 594/2004/584 590/900/584
f 561/861/1580 589/897/1580 595/899/1580
f 564/866/1581 595/2005/1581 591/903/1581
f 596/906/1582 569/873/1582 571/875/1582
f 599/911/1583 571/2002/1583 568/870/1583
f 603/915/589 589/897/589 561/861/589
f 570/876/590 584/894/590 576/882/590
f 591/903/591 597/909/591 568/870/591
f 610/924/592 582/888/592 569/873/592
f 577/885/593 583/891/593 612/930/593
f 611/927/594 598/912/594 590/900/594
f 617/951/1584 620/1039/1584 621/952/1584
f 618/954/1585 622/1025/1585 621/955/1585
f 619/957/1586 623/1024/1586 621/958/1586
f 624/960/1587 627/1042/1587 628/961/1587
f 625/963/1588 629/1026/1588 628/964/1588
f 626/966/1589 630/2008/1589 628/967/1589
f 631/969/1590 634/1023/1590 635/970/1590
f 632/972/1591 636/1029/1591 635/973/1591
f 633/975/1592 637/2009/1592 635/976/1592
f 638/978/1593 641/1031/1593 642/979/1593
f 639/981/1594 643/1028/1594 642/982/1594
f 640/984/1595 644/1027/1595 642/985/1595
f 645/987/1596 648/1034/1596 649/988/1596
f 646/990/1597 650/1038/1597 649/991/1597
f 647/993/1598 651/1040/1598 649/994/1598
f 652/996/1599 655/1041/1599 656/997/1599
f 653/999/1600 657/1037/1600 656/1000/1600
f 654/1002/1601 658/2010/1601 656/1003/1601
f 659/1005/1602 662/1030/1602 663/1006/1602
f 660/1008/1603 664/2011/1603 663/1009/1603
f 661/1011/1604 665/1035/1604 663/1012/1604
f 666/1014/1605 669/1036/1605 670/1015/1605
f 667/1017/1606 671/1033/1606 670/1018/1606
f 668/1020/1607 672/1032/1607 670/1021/1607
f 631/969/1608 617/951/1608 623/953/1608
f 623/1024/1609 619/957/1609 632/972/1609
f 618/954/621 624/960/621 630/962/621
f 622/959/1610 630/2008/1610 626/966/1610
f 638/978/1611 644/980/1611 629/1026/1611
f 644/1027/1612 640/984/1612 626/966/1612
f 639/981/625 633/975/625 636/977/625
f 636/1029/626 632/972/626 640/984/626
f 631/969/627 637/971/627 662/1030/627
f 662/1010/628 637/2009/628 633/975/628
f 638/978/1613 666/1014/1613 672/1016/1613
f 672/1032/1614 668/1020/1614 639/981/1614
f 661/1011/1615 664/1013/1615 671/1033/1615
f 671/1022/1616 664/2011/1616 660/1008/1616
f 659/1005/1617 665/1007/1617 648/1034/1617
f 665/1035/1618 661/1011/1618 646/990/1618
f 652/996/1619 658/998/1619 669/1036/1619
f 669/1019/636 658/2010/636 654/1002/636
f 647/993/637 650/995/637 657/1037/637
f 650/1038/1620 646/990/1620 654/1002/1620
f 617/951/1621 645/987/1621 651/989/1621
f 651/1040/1622 647/993/1622 618/954/1622
f 652/996/641 625/963/641 627/965/641
f 627/1042/1623 624/960/1623 653/999/1623
f 659/1005/643 645/987/643 617/951/643
f 626/966/644 640/984/644 632/972/644
f 647/993/645 653/999/645 624/960/645
f 666/1014/646 638/978/646 625/963/646
f 633/975/647 639/981/647 668/1020/647
f 661/1011/648 667/1017/648 654/1002/648
f 673/1043/1624 676/1128/1624 677/1044/1624
f 674/1046/1625 678/1050/1625 677/1047/1625
f 675/1049/1626 679/1112/1626 677/1047/1626
f 680/1051/1627 683/1132/1627 684/1052/1627
f 681/1054/1628 685/1117/1628 684/1055/1628
f 682/1057/1629 686/1116/1629 684/1058/1629
f 687/1060/1630 690/1111/1630 691/1061/1630
f 688/1063/1631 692/1067/1631 691/1064/1631
f 689/1066/1632 693/1121/1632 691/1064/1632
f 694/1068/1633 697/1122/1633 698/1069/1633
f 695/1071/1634 699/1118/1634 698/1072/1634
f 696/1074/1635 700/2012/1635 698/1075/1635
f 701/1077/1636 704/1125/1636 705/1078/1636
f 702/1080/1637 706/2013/1637 705/1081/1637
f 703/1083/1638 707/2014/1638 705/1084/1638
f 708/1086/1639 711/1131/1639 712/1087/1639
f 709/1089/1640 713/1093/1640 712/1090/1640
f 710/1092/1641 714/2015/1641 712/1090/1641
f 715/1094/1642 718/1120/1642 719/1095/1642
f 716/1097/1643 720/2016/1643 719/1098/1643
f 717/1100/1644 721/2017/1644 719/1101/1644
f 722/1103/1645 725/1126/1645 726/1104/1645
f 723/1106/1646 727/1110/1646 726/1107/1646
f 724/1109/1647 728/2018/1647 726/1107/1647
f 673/1043/1648 679/1045/1648 690/1111/1648
f 679/1112/1649 675/1049/1649 688/1113/1649
f 680/1115/675 686/1116/675 678/1050/675
f 686/1116/676 682/1057/676 675/1049/676
f 681/1054/1650 694/1068/1650 700/1070/1650
f 685/1059/1651 700/2012/1651 696/1074/1651
f 689/1066/679 692/1067/679 699/1118/679
f 692/1067/1652 688/1063/1652 696/1119/1652
f 715/1094/1653 687/1060/1653 693/1062/1653
f 693/1121/682 689/1066/682 716/1097/682
f 694/1068/683 722/1103/683 728/1105/683
f 728/1123/1654 724/2019/1654 695/1071/1654
f 717/1100/685 720/1102/685 727/1110/685
f 727/1110/1655 720/1102/1655 716/1124/1655
f 715/1094/1656 721/1096/1656 704/1125/1656
f 704/1082/1657 721/2017/1657 717/1100/1657
f 708/1086/689 714/1088/689 725/1126/689
f 725/1108/1658 714/2020/1658 710/1127/1658
f 703/1083/691 706/1085/691 713/1093/691
f 706/1085/692 702/2021/692 710/1092/692
f 673/1043/1659 701/1077/1659 707/1079/1659
f 676/1129/1660 707/2014/1660 703/1083/1660
f 708/1086/1661 681/1054/1661 683/1056/1661
f 683/1132/1662 680/1051/1662 709/1089/1662
f 715/1094/697 701/1077/697 673/1043/697
f 675/1049/698 682/1057/698 696/1074/698
f 709/1089/699 680/1051/699 674/1130/699
f 694/1068/700 681/1054/700 708/1086/700
f 695/1071/701 724/2019/701 716/1097/701
f 723/1106/702 710/1127/702 702/1080/702
f 729/1133/1663 732/1220/1663 733/1134/1663
f 730/1136/1664 734/1207/1664 733/1137/1664
f 731/1139/1665 735/1206/1665 733/1140/1665
f 736/1142/1666 739/1223/1666 740/1143/1666
f 737/1145/1667 741/1208/1667 740/1146/1667
f 738/1148/1668 742/2022/1668 740/1149/1668
f 743/1151/1669 746/1205/1669 747/1152/1669
f 744/1154/1670 748/1210/1670 747/1155/1670
f 745/1157/1671 749/1212/1671 747/1158/1671
f 750/1160/1672 753/1213/1672 754/1161/1672
f 751/1163/1673 755/1209/1673 754/1164/1673
f 752/1166/1674 756/2023/1674 754/1167/1674
f 757/1169/1675 760/1216/1675 761/1170/1675
f 758/1172/1676 762/1219/1676 761/1173/1676
f 759/1175/1677 763/1221/1677 761/1176/1677
f 764/1178/1678 767/1222/1678 768/1179/1678
f 765/1181/1679 769/1218/1679 768/1182/1679
f 766/1184/1680 770/2024/1680 768/1185/1680
f 771/1187/1681 774/1211/1681 775/1188/1681
f 772/1190/1682 776/2025/1682 775/1191/1682
f 773/1193/1683 777/2026/1683 775/1194/1683
f 778/1196/1684 781/1217/1684 782/1197/1684
f 779/1199/1685 783/1215/1685 782/1200/1685
f 780/1202/1686 784/1214/1686 782/1203/1686
f 743/1151/1687 729/1133/1687 735/1135/1687
f 735/1206/1688 731/1139/1688 744/1154/1688
f 736/1142/729 742/1144/729 734/1207/729
f 734/1141/730 742/2022/730 738/1148/730
f 737/1145/1689 750/1160/1689 756/1162/1689
f 741/1150/1690 756/2023/1690 752/1166/1690
f 751/1163/733 745/1157/733 748/1159/733
f 748/1210/734 744/1154/734 752/1166/734
f 743/1151/735 749/1153/735 774/1211/735
f 749/1212/1691 745/1157/1691 772/1190/1691
f 778/1196/1692 784/1198/1692 753/1213/1692
f 784/1214/1693 780/1202/1693 751/1163/1693
f 773/1193/1694 776/1195/1694 783/1215/1694
f 783/1204/740 776/2025/740 772/1190/740
f 771/1187/1695 777/1189/1695 760/1216/1695
f 760/1174/1696 777/2026/1696 773/1193/1696
f 778/1196/1697 764/1178/1697 770/1180/1697
f 781/1201/1698 770/2024/1698 766/1184/1698
f 759/1175/745 762/1177/745 769/1218/745
f 762/1219/746 758/1172/746 766/1184/746
f 729/1133/1699 757/1169/1699 763/1171/1699
f 763/1221/1700 759/1175/1700 730/1136/1700
f 737/1145/1701 739/1147/1701 767/1222/1701
f 739/1223/750 736/1142/750 765/1181/750
f 743/1151/751 771/1187/751 757/1169/751
f 738/1148/752 752/1166/752 744/1154/752
f 765/1181/753 736/1142/753 730/1136/753
f 750/1160/754 737/1145/754 764/1178/754
f 745/1157/755 751/1163/755 780/1202/755
f 779/1199/756 766/1184/756 758/1172/756
usemtl iron
f 897/1412/865 901/1413/865 903/1414/865
f 898/1415/866 901/1413/866 900/1416/866
f 903/1414/867 902/1417/867 899/1418/867
f 904/1419/868 908/1420/868 910/1421/868
f 905/1422/869 908/1423/869 907/1424/869
f 910/1425/870 909/1426/870 906/1427/870
f 911/1428/871 915/1429/871 917/1430/871
f 916/1431/872 914/1432/872 912/1433/872
f 913/1434/873 915/1435/873 916/1436/873
f 918/1437/874 922/1438/874 924/1439/874
f 919/1440/875 922/1438/875 921/1441/875
f 924/1439/876 923/1442/876 920/1443/876
f 925/1444/877 929/1445/877 931/1446/877
f 930/1447/878 928/1448/878 926/1449/878
f 927/1450/879 929/1445/879 930/1447/879
f 932/1451/880 936/1452/880 938/1453/880
f 933/1454/881 936/1455/881 935/1456/881
f 938/1453/882 937/1457/882 934/1458/882
f 939/1459/883 943/1460/883 945/1461/883
f 940/1462/884 943/1463/884 942/1464/884
f 945/1461/885 944/1465/885 941/1466/885
f 946/1467/886 950/1468/886 952/1469/886
f 951/1470/887 949/1471/887 947/1472/887
f 948/1473/888 950/1468/888 951/1470/888
f 897/1412/889 914/1432/889 911/1428/889
f 903/1414/890 912/1433/890 914/1432/890
f 904/1419/891 902/1474/891 898/1475/891
f 902/1474/892 906/1476/892 899/1477/892
f 918/1437/893 909/1426/893 905/1422/893
f 924/1439/894 906/1427/894 909/1426/894
f 913/1434/895 923/1478/895 919/1479/895
f 916/1436/896 920/1480/896 923/1478/896
f 939/1459/897 917/1430/897 942/1481/897
f 917/1482/898 940/1462/898 942/1464/898
f 918/1437/899 952/1469/899 921/1441/899
f 921/1441/900 948/1473/900 919/1440/900
f 947/1483/901 944/1484/901 951/1485/901
f 951/1485/902 940/1462/902 948/1486/902
f 925/1444/903 945/1461/903 928/1448/903
f 928/1448/904 941/1466/904 926/1449/904
f 932/1451/905 949/1471/905 946/1467/905
f 938/1453/906 947/1472/906 949/1471/906
f 933/1454/907 930/1487/907 937/1488/907
f 930/1487/908 934/1489/908 937/1488/908
f 925/1444/909 900/1416/909 897/1412/909
f 931/1446/910 898/1415/910 900/1416/910
f 932/1451/911 907/1424/911 935/1490/911
f 935/1456/912 904/1419/912 933/1454/912
f 939/1459/913 897/1412/913 911/1428/913
f 906/1491/914 912/1492/914 899/1493/914
f 927/1494/915 904/1419/915 898/1475/915
f 918/1437/916 932/1451/916 946/1467/916
f 919/1479/917 940/1462/917 913/1434/917
f 947/1495/918 926/1496/918 941/1497/918
f 953/1498/919 957/1499/919 959/1500/919
f 958/1501/920 956/1502/920 954/1503/920
f 955/1504/921 957/1499/921 958/1501/921
f 963/1505/922 966/1506/922 960/1507/922
f 961/1508/923 964/1509/923 963/1505/923
f 962/1510/924 964/1509/924 965/1511/924
f 967/1512/925 971/1513/925 973/1514/925
f 968/1515/926 971/1513/926 970/1516/926
f 973/1514/927 972/1517/927 969/1518/927
f 974/1519/928 978/1520/928 980/1521/928
f 979/1522/929 977/1523/929 975/1524/929
f 976/1525/930 978/1520/930 979/1522/930
f 981/1526/931 985/1527/931 987/1528/931
f 982/1529/932 985/1527/932 984/1530/932
f 987/1528/933 986/1531/933 983/1532/933
f 988/1533/934 992/1534/934 994/1535/934
f 993/1536/935 991/1537/935 989/1538/935
f 990/1539/936 992/1534/936 993/1536/936
f 995/1540/937 999/1541/937 1001/1542/937
f 1000/1543/938 998/1544/938 996/1545/938
f 997/1546/939 999/1541/939 1000/1543/939
f 1002/1547/940 1006/1548/940 1008/1549/940
f 1003/1550/941 1006/1548/941 1005/1551/941
f 1008/1549/942 1007/1552/942 1004/1553/942
f 953/1498/943 970/1516/943 967/1512/943
f 970/1516/944 955/1504/944 968/1515/944
f 960/1554/945 958/1555/945 954/1556/945
f 958/1555/946 962/1557/946 955/1558/946
f 974/1519/947 965/1511/947 961/1508/947
f 980/1521/948 962/1510/948 965/1511/948
f 969/1559/949 979/1560/949 975/1561/949
f 979/1560/950 968/1562/950 976/1563/950
f 967/1512/951 998/1544/951 995/1540/951
f 973/1514/952 996/1545/952 998/1544/952
f 1002/1547/953 977/1523/953 974/1519/953
f 1008/1549/954 975/1524/954 977/1523/954
f 997/1564/955 1007/1565/955 1003/1566/955
f 1007/1565/956 996/1567/956 1004/1568/956
f 981/1526/957 1001/1542/957 984/1530/957
f 984/1530/958 997/1546/958 982/1529/958
f 988/1533/959 1005/1551/959 1002/1547/959
f 994/1535/960 1003/1550/960 1005/1551/960
f 989/1569/961 986/1570/961 993/1571/961
f 986/1570/962 990/1572/962 993/1571/962
f 981/1526/963 956/1502/963 953/1498/963
f 987/1528/964 954/1503/964 956/1502/964
f 961/1508/965 991/1537/965 988/1533/965
f 963/1505/966 989/1538/966 991/1537/966
f 967/1512/967 981/1526/967 953/1498/967
f 962/1557/968 968/1562/968 955/1558/968
f 983/1573/969 960/1574/969 954/1575/969
f 974/1519/970 988/1533/970 1002/1547/970
f 975/1576/971 996/1577/971 969/1578/971
f 1003/1566/972 982/1579/972 997/1564/972
f 1009/1580/973 1013/1581/973 1015/1582/973
f 1014/1583/974 1012/1584/974 1010/1585/974
f 1011/1586/975 1013/1581/975 1014/1583/975
f 1019/1587/976 1022/1588/976 1016/1589/976
f 1017/1590/977 1020/1591/977 1019/1587/977
f 1018/1592/978 1020/1591/978 1021/1593/978
f 1023/1594/979 1027/1595/979 1029/1596/979
f 1024/1597/980 1027/1595/980 1026/1598/980
f 1029/1596/981 1028/1599/981 1025/1600/981
f 1030/1601/982 1034/1602/982 1036/1603/982
f 1035/1604/983 1033/1605/983 1031/1606/983
f 1032/1607/984 1034/1602/984 1035/1604/984
f 1037/1608/985 1041/1609/985 1043/1610/985
f 1038/1611/986 1041/1609/986 1040/1612/986
f 1043/1610/987 1042/1613/987 1039/1614/987
f 1044/1615/988 1048/1616/988 1050/1617/988
f 1049/1618/989 1047/1619/989 1045/1620/989
f 1046/1621/990 1048/1616/990 1049/1618/990
f 1051/1622/991 1055/1623/991 1057/1624/991
f 1056/1625/992 1054/1626/992 1052/1627/992
f 1053/1628/993 1055/1623/993 1056/1625/993
f 1058/1629/994 1062/1630/994 1064/1631/994
f 1059/1632/995 1062/1630/995 1061/1633/995
f 1064/1631/996 1063/1634/996 1060/1635/996
f 1023/1594/997 1015/1582/997 1026/1598/997
f 1026/1598/998 1011/1586/998 1024/1597/998
f 1010/1636/999 1022/1637/999 1014/1638/999
f 1022/1637/1000 1011/1639/1000 1014/1638/1000
f 1017/1590/1001 1036/1603/1001 1021/1593/1001
f 1021/1593/1002 1032/1607/1002 1018/1592/1002
f 1025/1640/1003 1035/1641/1003 1031/1642/1003
f 1035/1641/1004 1024/1643/1004 1032/1644/1004
f 1023/1594/1005 1054/1626/1005 1051/1622/1005
f 1054/1626/1006 1025/1600/1006 1052/1627/1006
f 1030/1601/1007 1064/1631/1007 1033/1605/1007
f 1064/1631/1008 1031/1606/1008 1033/1605/1008
f 1059/1645/1009 1056/1646/1009 1063/1647/1009
f 1063/1647/1010 1052/1648/1010 1060/1649/1010
f 1051/1622/1011 1040/1612/1011 1037/1608/1011
f 1040/1612/1012 1053/1628/1012 1038/1611/1012
f 1058/1629/1013 1050/1617/1013 1061/1633/1013
f 1061/1633/1014 1046/1621/1014 1059/1632/1014
f 1039/1650/1015 1049/1651/1015 1045/1652/1015
f 1049/1651/1016 1038/1653/1016 1046/1654/1016
f 1009/1580/1017 1043/1610/1017 1012/1584/1017
f 1043/1610/1018 1010/1585/1018 1012/1584/1018
f 1044/1615/1019 1019/1587/1019 1047/1619/1019
f 1047/1619/1020 1016/1589/1020 1045/1620/1020
f 1051/1622/1021 1009/1580/1021 1023/1594/1021
f 1018/1655/1022 1024/1643/1022 1011/1639/1022
f 1045/1656/1023 1010/1657/1023 1039/1658/1023
f 1058/1629/1024 1017/1590/1024 1044/1615/1024
f 1031/1659/1025 1052/1660/1025 1025/1661/1025
f 1053/1662/1026 1046/1654/1026 1038/1653/1026
f 897/1412/1757 900/1416/1757 901/1413/1757
f 898/1415/1758 902/1417/1758 901/1413/1758
f 903/1414/1759 901/1413/1759 902/1417/1759
f 904/1419/1760 907/2031/1760 908/1420/1760
f 905/1422/1761 909/1426/1761 908/1423/1761
f 910/1425/1762 908/1423/1762 909/1426/1762
f 911/1428/1763 914/1432/1763 915/1429/1763
f 916/1431/1764 915/1429/1764 914/1432/1764
f 913/1434/1765 917/1482/1765 915/1435/1765
f 918/1437/1766 921/1441/1766 922/1438/1766
f 919/1440/1767 923/1442/1767 922/1438/1767
f 924/1439/1768 922/1438/1768 923/1442/1768
f 925/1444/1769 928/1448/1769 929/1445/1769
f 930/1447/1770 929/1445/1770 928/1448/1770
f 927/1450/1771 931/1446/1771 929/1445/1771
f 932/1451/1772 935/1490/1772 936/1452/1772
f 933/1454/1773 937/1488/1773 936/1455/1773
f 938/1453/1774 936/1452/1774 937/1457/1774
f 939/1459/1775 942/1481/1775 943/1460/1775
f 940/1462/1776 944/1484/1776 943/1463/1776
f 945/1461/1777 943/1460/1777 944/1465/1777
f 946/1467/1778 949/1471/1778 950/1468/1778
f 951/1470/1779 950/1468/1779 949/1471/1779
f 948/1473/1780 952/1469/1780 950/1468/1780
f 897/1412/889 903/1414/889 914/1432/889
f 903/1414/890 899/1418/890 912/1433/890
f 904/1419/1781 910/1421/1781 902/1474/1781
f 902/1474/892 910/1421/892 906/1476/892
f 918/1437/893 924/1439/893 909/1426/893
f 924/1439/1782 920/1443/1782 906/1427/1782
f 913/1434/895 916/1436/895 923/1478/895
f 916/1436/1783 912/2032/1783 920/1480/1783
f 939/1459/1784 911/1428/1784 917/1430/1784
f 917/1482/1785 913/1434/1785 940/1462/1785
f 918/1437/899 946/1467/899 952/1469/899
f 921/1441/1786 952/1469/1786 948/1473/1786
f 947/1483/901 941/2033/901 944/1484/901
f 951/1485/902 944/1484/902 940/1462/902
f 925/1444/903 939/1459/903 945/1461/903
f 928/1448/904 945/1461/904 941/1466/904
f 932/1451/905 938/1453/905 949/1471/905
f 938/1453/1787 934/1458/1787 947/1472/1787
f 933/1454/907 927/1494/907 930/1487/907
f 930/1487/1788 926/2034/1788 934/1489/1788
f 925/1444/909 931/1446/909 900/1416/909
f 931/1446/1789 927/1450/1789 898/1415/1789
f 932/1451/1790 905/1422/1790 907/1424/1790
f 935/1456/1791 907/2031/1791 904/1419/1791
f 939/1459/913 925/1444/913 897/1412/913
f 906/1491/914 920/2035/914 912/1492/914
f 927/1494/915 933/1454/915 904/1419/915
f 918/1437/916 905/1422/916 932/1451/916
f 919/1479/917 948/1486/917 940/1462/917
f 947/1495/918 934/2036/918 926/1496/918
f 953/1498/1792 956/1502/1792 957/1499/1792
f 958/1501/1793 957/1499/1793 956/1502/1793
f 955/1504/1794 959/1500/1794 957/1499/1794
f 963/1505/1795 964/1509/1795 966/1506/1795
f 961/1508/1796 965/1511/1796 964/1509/1796
f 962/1510/1797 966/1506/1797 964/1509/1797
f 967/1512/1798 970/1516/1798 971/1513/1798
f 968/1515/1799 972/1517/1799 971/1513/1799
f 973/1514/1800 971/1513/1800 972/1517/1800
f 974/1519/1801 977/1523/1801 978/1520/1801
f 979/1522/1802 978/1520/1802 977/1523/1802
f 976/1525/1803 980/1521/1803 978/1520/1803
f 981/1526/1804 984/1530/1804 985/1527/1804
f 982/1529/1805 986/1531/1805 985/1527/1805
f 987/1528/1806 985/1527/1806 986/1531/1806
f 988/1533/1807 991/1537/1807 992/1534/1807
f 993/1536/1808 992/1534/1808 991/1537/1808
f 990/1539/1809 994/1535/1809 992/1534/1809
f 995/1540/1810 998/1544/1810 999/1541/1810
f 1000/1543/1811 999/1541/1811 998/1544/1811
f 997/1546/1812 1001/1542/1812 999/1541/1812
f 1002/1547/1813 1005/1551/1813 1006/1548/1813
f 1003/1550/1814 1007/1552/1814 1006/1548/1814
f 1008/1549/1815 1006/1548/1815 1007/1552/1815
f 953/1498/1816 959/1500/1816 970/1516/1816
f 970/1516/944 959/1500/944 955/1504/944
f 960/1554/945 966/2037/945 958/1555/945
f 958/1555/946 966/2037/946 962/1557/946
f 974/1519/1817 980/1521/1817 965/1511/1817
f 980/1521/1818 976/1525/1818 962/1510/1818
f 969/1559/949 972/2038/949 979/1560/949
f 979/1560/1819 972/2038/1819 968/1562/1819
f 967/1512/951 973/1514/951 998/1544/951
f 973/1514/952 969/1518/952 996/1545/952
f 1002/1547/953 1008/1549/953 977/1523/953
f 1008/1549/1820 1004/1553/1820 975/1524/1820
f 997/1564/955 1000/2039/955 1007/1565/955
f 1007/1565/956 1000/2039/956 996/1567/956
f 981/1526/1821 995/1540/1821 1001/1542/1821
f 984/1530/1822 1001/1542/1822 997/1546/1822
f 988/1533/1823 994/1535/1823 1005/1551/1823
f 994/1535/960 990/1539/960 1003/1550/960
f 989/1569/961 983/2040/961 986/1570/961
f 986/1570/962 982/1579/962 990/1572/962
f 981/1526/963 987/1528/963 956/1502/963
f 987/1528/1824 983/1532/1824 954/1503/1824
f 961/1508/965 963/1505/965 991/1537/965
f 963/1505/966 960/1507/966 989/1538/966
f 967/1512/967 995/1540/967 981/1526/967
f 962/1557/968 976/1563/968 968/1562/968
f 983/1573/969 989/2041/969 960/1574/969
f 974/1519/970 961/1508/970 988/1533/970
f 975/1576/971 1004/2042/971 996/1577/971
f 1003/1566/972 990/1572/972 982/1579/972
f 1009/1580/1825 1012/1584/1825 1013/1581/1825
f 1014/1583/1826 1013/1581/1826 1012/1584/1826
f 1011/1586/1827 1015/1582/1827 1013/1581/1827
f 1019/1587/1828 1020/1591/1828 1022/1588/1828
f 1017/1590/1829 1021/1593/1829 1020/1591/1829
f 1018/1592/1830 1022/1588/1830 1020/1591/1830
f 1023/1594/1831 1026/1598/1831 1027/1595/1831
f 1024/1597/1832 1028/1599/1832 1027/1595/1832
f 1029/1596/1833 1027/1595/1833 1028/1599/1833
f 1030/1601/1834 1033/1605/1834 1034/1602/1834
f 1035/1604/1835 1034/1602/1835 1033/1605/1835
f 1032/1607/1836 1036/1603/1836 1034/1602/1836
f 1037/1608/1837 1040/1612/1837 1041/1609/1837
f 1038/1611/1838 1042/1613/1838 1041/1609/1838
f 1043/1610/1839 1041/1609/1839 1042/1613/1839
f 1044/1615/1840 1047/1619/1840 1048/1616/1840
f 1049/1618/1841 1048/1616/1841 1047/1619/1841
f 1046/1621/1842 1050/1617/1842 1048/1616/1842
f 1051/1622/1843 1054/1626/1843 1055/1623/1843
f 1056/1625/1844 1055/1623/1844 1054/1626/1844
f 1053/1628/1845 1057/1624/1845 1055/1623/1845
f 1058/1629/1846 1061/1633/1846 1062/1630/1846
f 1059/1632/1847 1063/1634/1847 1062/1630/1847
f 1064/1631/1848 1062/1630/1848 1063/1634/1848
f 1023/1594/1849 1009/1580/1849 1015/1582/1849
f 1026/1598/1850 1015/1582/1850 1011/1586/1850
f 1010/1636/999 1016/2043/999 1022/1637/999
f 1022/1637/1000 1018/1655/1000 1011/1639/1000
f 1017/1590/1851 1030/1601/1851 1036/1603/1851
f 1021/1593/1852 1036/1603/1852 1032/1607/1852
f 1025/1640/1003 1028/2044/1003 1035/1641/1003
f 1035/1641/1004 1028/2044/1004 1024/1643/1004
f 1023/1594/1005 1029/1596/1005 1054/1626/1005
f 1054/1626/1853 1029/1596/1853 1025/1600/1853
f 1030/1601/1007 1058/1629/1007 1064/1631/1007
f 1064/1631/1854 1060/1635/1854 1031/1606/1854
f 1059/1645/1009 1053/1662/1009 1056/1646/1009
f 1063/1647/1010 1056/1646/1010 1052/1648/1010
f 1051/1622/1855 1057/1624/1855 1040/1612/1855
f 1040/1612/1856 1057/1624/1856 1053/1628/1856
f 1058/1629/1857 1044/1615/1857 1050/1617/1857
f 1061/1633/1858 1050/1617/1858 1046/1621/1858
f 1039/1650/1015 1042/2045/1015 1049/1651/1015
f 1049/1651/1016 1042/2045/1016 1038/1653/1016
f 1009/1580/1017 1037/1608/1017 1043/1610/1017
f 1043/1610/1859 1039/1614/1859 1010/1585/1859
f 1044/1615/1019 1017/1590/1019 1019/1587/1019
f 1047/1619/1860 1019/1587/1860 1016/1589/1860
f 1051/1622/1021 1037/1608/1021 1009/1580/1021
f 1018/1655/1022 1032/1644/1022 1024/1643/1022
f 1045/1656/1023 1016/2046/1023 1010/1657/1023
f 1058/1629/1024 1030/1601/1024 1017/1590/1024
f 1031/1659/1025 1060/2047/1025 1052/1660/1025
f 1053/1662/1026 1059/1645/1026 1046/1654/1026
usemtl stone
f 1177/1850/1135 1181/1851/1135 1183/1852/1135
f 1178/1853/1136 1181/1851/1136 1180/1854/1136
f 1179/1855/1137 1181/1851/1137 1182/1856/1137
f 1184/1857/1138 1188/1858/1138 1190/1859/1138
f 1185/1860/1139 1188/1858/1139 1187/1861/1139
f 1186/1862/1140 1188/1858/1140 1189/1863/1140
f 1191/1864/1141 1195/1865/1141 1197/1866/1141
f 1192/1867/1142 1195/1865/1142 1194/1868/1142
f 1193/1869/1143 1195/1865/1143 1196/1870/1143
f 1198/1871/1144 1202/1872/1144 1204/1873/1144
f 1199/1874/1145 1202/1872/1145 1201/1875/1145
f 1200/1876/1146 1202/1872/1146 1203/1877/1146
f 1205/1878/1147 1209/1879/1147 1211/1880/1147
f 1206/1881/1148 1209/1879/1148 1208/1882/1148
f 1207/1883/1149 1209/1879/1149 1210/1884/1149
f 1212/1885/1150 1216/1886/1150 1218/1887/1150
f 1213/1888/1151 1216/1886/1151 1215/1889/1151
f 1214/1890/1152 1216/1886/1152 1217/1891/1152
f 1219/1892/1153 1223/1893/1153 1225/1894/1153
f 1220/1895/1154 1223/1893/1154 1222/1896/1154
f 1221/1897/1155 1223/1893/1155 1224/1898/1155
f 1226/1899/1156 1230/1900/1156 1232/1901/1156
f 1227/1902/1157 1230/1900/1157 1229/1903/1157
f 1228/1904/1158 1230/1900/1158 1231/1905/1158
f 1191/1864/1159 1183/1852/1159 1194/1868/1159
f 1183/1852/1160 1192/1867/1160 1194/1868/1160
f 1178/1906/1161 1190/1907/1161 1182/1908/1161
f 1190/1909/1162 1179/1910/1162 1182/1911/1162
f 1198/1871/1163 1189/1863/1163 1185/1860/1163
f 1204/1873/1164 1186/1862/1164 1189/1863/1164
f 1199/1912/1165 1196/1913/1165 1203/1914/1165
f 1196/1915/1166 1200/1916/1166 1203/1917/1166
f 1191/1864/1167 1222/1896/1167 1219/1892/1167
f 1222/1896/1168 1193/1869/1168 1220/1895/1168
f 1226/1899/1169 1201/1875/1169 1198/1871/1169
f 1201/1875/1170 1228/1904/1170 1199/1874/1170
f 1227/1918/1171 1224/1919/1171 1231/1920/1171
f 1224/1921/1172 1228/1922/1172 1231/1923/1172
f 1219/1892/1173 1208/1882/1173 1205/1878/1173
f 1225/1894/1174 1206/1881/1174 1208/1882/1174
f 1212/1885/1175 1229/1903/1175 1226/1899/1175
f 1229/1903/1176 1214/1890/1176 1227/1902/1176
f 1207/1924/1177 1217/1925/1177 1213/1926/1177
f 1217/1927/1178 1206/1928/1178 1214/1929/1178
f 1177/1850/1179 1211/1880/1179 1180/1854/1179
f 1211/1880/1180 1178/1853/1180 1180/1854/1180
f 1185/1860/1181 1215/1889/1181 1212/1885/1181
f 1187/1861/1182 1213/1888/1182 1215/1889/1182
f 1219/1892/1183 1177/1850/1183 1191/1864/1183
f 1179/1910/1184 1200/1916/1184 1192/1930/1184
f 1213/1926/1185 1178/1906/1185 1207/1924/1185
f 1226/1899/1186 1185/1860/1186 1212/1885/1186
f 1199/1912/1187 1220/1931/1187 1193/1932/1187
f 1221/1933/1188 1214/1929/1188 1206/1928/1188
f 1177/1850/1917 1180/1854/1917 1181/1851/1917
f 1178/1853/1918 1182/1856/1918 1181/1851/1918
f 1179/1855/1919 1183/1852/1919 1181/1851/1919
f 1184/1857/1920 1187/1861/1920 1188/1858/1920
f 1185/1860/1921 1189/1863/1921 1188/1858/1921
f 1186/1862/1922 1190/1859/1922 1188/1858/1922
f 1191/1864/1923 1194/1868/1923 1195/1865/1923
f 1192/1867/1924 1196/1870/1924 1195/1865/1924
f 1193/1869/1925 1197/1866/1925 1195/1865/1925
f 1198/1871/1926 1201/1875/1926 1202/1872/1926
f 1199/1874/1927 1203/1877/1927 1202/1872/1927
f 1200/1876/1928 1204/1873/1928 1202/1872/1928
f 1205/1878/1929 1208/1882/1929 1209/1879/1929
f 1206/1881/1930 1210/1884/1930 1209/1879/1930
f 1207/1883/1931 1211/1880/1931 1209/1879/1931
f 1212/1885/1932 1215/1889/1932 1216/1886/1932
f 1213/1888/1933 1217/1891/1933 1216/1886/1933
f 1214/1890/1934 1218/1887/1934 1216/1886/1934
f 1219/1892/1935 1222/1896/1935 1223/1893/1935
f 1220/1895/1936 1224/1898/1936 1223/1893/1936
f 1221/1897/1937 1225/1894/1937 1223/1893/1937
f 1226/1899/1938 1229/1903/1938 1230/1900/1938
f 1227/1902/1939 1231/1905/1939 1230/1900/1939
f 1228/1904/1940 1232/1901/1940 1230/1900/1940
f 1191/1864/1159 1177/1850/1159 1183/1852/1159
f 1183/1852/1160 1179/1855/1160 1192/1867/1160
f 1178/1906/1161 1184/2053/1161 1190/1907/1161
f 1190/1909/1162 1186/2054/1162 1179/1910/1162
f 1198/1871/1163 1204/1873/1163 1189/1863/1163
f 1204/1873/1164 1200/1876/1164 1186/1862/1164
f 1199/1912/1165 1193/1932/1165 1196/1913/1165
f 1196/1915/1166 1192/1930/1166 1200/1916/1166
f 1191/1864/1167 1197/1866/1167 1222/1896/1167
f 1222/1896/1168 1197/1866/1168 1193/1869/1168
f 1226/1899/1169 1232/1901/1169 1201/1875/1169
f 1201/1875/1170 1232/1901/1170 1228/1904/1170
f 1227/1918/1171 1221/1933/1171 1224/1919/1171
f 1224/1921/1172 1220/1931/1172 1228/1922/1172
f 1219/1892/1173 1225/1894/1173 1208/1882/1173
f 1225/1894/1941 1221/1897/1941 1206/1881/1941
f 1212/1885/1175 1218/1887/1175 1229/1903/1175
f 1229/1903/1176 1218/1887/1176 1214/1890/1176
f 1207/1924/1177 1210/2055/1177 1217/1925/1177
f 1217/1927/1178 1210/2056/1178 1206/1928/1178
f 1177/1850/1179 1205/1878/1179 1211/1880/1179
f 1211/1880/1180 1207/1883/1180 1178/1853/1180
f 1185/1860/1181 1187/1861/1181 1215/1889/1181
f 1187/1861/1182 1184/1857/1182 1213/1888/1182
f 1219/1892/1183 1205/1878/1183 1177/1850/1183
f 1179/1910/1184 1186/2054/1184 1200/1916/1184
f 1213/1926/1185 1184/2053/1185 1178/1906/1185
f 1226/1899/1186 1198/1871/1186 1185/1860/1186
f 1199/1912/1187 1228/1922/1187 1220/1931/1187
f 1221/1933/1188 1227/1918/1188 1214/1929/1188
