# Blender 4.5.10 LTS
# www.blender.org
mtllib stoker_rack_barrow.mtl
o stoker_rack_barrow
v 0.474535 0.327483 -0.324376
v 0.474844 0.328654 -0.332294
v 0.486956 0.325054 -0.324431
v 0.474612 0.327834 -0.329976
v 0.481635 0.325914 -0.328981
v 0.483396 0.326116 -0.330015
v 0.483177 0.325289 -0.324416
v 0.502576 0.422231 -0.332169
v 0.502949 0.423361 -0.324247
v 0.514688 0.418631 -0.324306
v 0.502827 0.423038 -0.329848
v 0.509761 0.420820 -0.328853
v 0.511391 0.420493 -0.324288
v 0.511128 0.419693 -0.329889
v 0.477092 0.325860 0.319777
v 0.489513 0.323431 0.319721
v 0.477464 0.326991 0.327698
v 0.485734 0.323666 0.319737
v 0.484229 0.324268 0.324317
v 0.485997 0.324465 0.325338
v 0.477214 0.326183 0.325378
v 0.505506 0.421738 0.319906
v 0.505196 0.420568 0.327824
v 0.517245 0.417008 0.319847
v 0.505428 0.421387 0.325505
v 0.512355 0.419174 0.324445
v 0.513729 0.418042 0.325464
v 0.513948 0.418870 0.319865
v -0.508018 0.618660 -0.319742
v -0.519757 0.623391 -0.319683
v -0.507708 0.619830 -0.327660
v -0.516460 0.621528 -0.319701
v -0.514867 0.621225 -0.324281
v -0.516241 0.622356 -0.325300
v -0.507940 0.619011 -0.325341
v -0.479604 0.714538 -0.319613
v -0.479976 0.713408 -0.327534
v -0.492025 0.716968 -0.319558
v -0.479726 0.714215 -0.325214
v -0.486741 0.716130 -0.324153
v -0.488509 0.715933 -0.325174
v -0.488246 0.716733 -0.319573
v -0.505461 0.617037 0.324411
v -0.505088 0.618168 0.332333
v -0.517200 0.621768 0.324470
v -0.505338 0.617360 0.330012
v -0.512273 0.619579 0.329017
v -0.513640 0.620705 0.330053
v -0.513903 0.619905 0.324452
v -0.477047 0.712915 0.324540
v -0.489468 0.715345 0.324595
v -0.477356 0.711745 0.332458
v -0.485689 0.715110 0.324580
v -0.484147 0.714484 0.329145
v -0.485908 0.714282 0.330179
v -0.477124 0.712564 0.330140
v 0.453938 0.378653 -0.352521
v 0.454897 0.382125 -0.353596
v 0.467041 0.378715 -0.352685
v 0.454213 0.379672 -0.353283
v 0.461345 0.378156 -0.353240
v 0.463478 0.379716 -0.353399
v 0.462800 0.377261 -0.352639
v 0.534023 0.664031 -0.353158
v 0.535009 0.667491 -0.352073
v 0.546166 0.660621 -0.352247
v 0.534715 0.666480 -0.352838
v 0.541593 0.664064 -0.352796
v 0.543301 0.664069 -0.352194
v 0.542604 0.661622 -0.352961
v 0.455036 0.378209 -0.264689
v 0.468139 0.378270 -0.264853
v 0.456023 0.381669 -0.263604
v 0.463899 0.376817 -0.264807
v 0.462459 0.377705 -0.264161
v 0.464596 0.379264 -0.264040
v 0.455331 0.379220 -0.263924
v 0.536108 0.667046 -0.264241
v 0.535148 0.663575 -0.263166
v 0.547265 0.660176 -0.264415
v 0.535832 0.666027 -0.263479
v 0.542708 0.663613 -0.263717
v 0.543722 0.661169 -0.263602
v 0.544400 0.663624 -0.264362
v -0.532650 0.655549 -0.338781
v -0.543807 0.662419 -0.338607
v -0.531691 0.659020 -0.339855
v -0.540942 0.658971 -0.338660
v -0.539250 0.658982 -0.339305
v -0.540264 0.661426 -0.339420
v -0.532375 0.656568 -0.339543
v -0.451579 0.944387 -0.338332
v -0.452565 0.940926 -0.339418
v -0.464682 0.944325 -0.338169
v -0.451873 0.943375 -0.339098
v -0.459001 0.944890 -0.338861
v -0.461138 0.943332 -0.338982
v -0.460441 0.945779 -0.338214
v -0.531551 0.655104 -0.250949
v -0.530565 0.658565 -0.249864
v -0.542709 0.661975 -0.250775
v -0.531257 0.656115 -0.250184
v -0.538136 0.658531 -0.250226
v -0.539146 0.660974 -0.250060
v -0.539844 0.658527 -0.250828
v -0.450480 0.943942 -0.250500
v -0.463583 0.943880 -0.250337
v -0.451439 0.940470 -0.249426
v -0.459342 0.945334 -0.250382
v -0.457887 0.944439 -0.249782
v -0.460021 0.942879 -0.249623
v -0.450756 0.942923 -0.249738
v 0.453910 0.380925 0.259000
v 0.454873 0.384403 0.257949
v 0.467013 0.381072 0.259155
v 0.454198 0.381946 0.258245
v 0.461336 0.380476 0.258461
v 0.463462 0.382050 0.258354
v 0.462782 0.379591 0.259097
v 0.532129 0.666817 0.260285
v 0.533066 0.670284 0.261394
v 0.544269 0.663486 0.261491
v 0.532797 0.669271 0.260622
v 0.539688 0.666900 0.260831
v 0.541381 0.666916 0.261474
v 0.540718 0.664464 0.260690
v 0.452881 0.380480 0.346833
v 0.465984 0.380627 0.346987
v 0.453819 0.383947 0.347942
v 0.461753 0.379146 0.346930
v 0.460292 0.380024 0.347541
v 0.462415 0.381597 0.347714
v 0.453151 0.381493 0.347605
v 0.532037 0.669839 0.349227
v 0.531074 0.666361 0.350278
v 0.543240 0.663041 0.349324
v 0.531750 0.668818 0.349982
v 0.538645 0.666448 0.349911
v 0.539671 0.664011 0.350050
v 0.540352 0.666471 0.349307
v -0.534501 0.651395 0.248790
v -0.545704 0.658192 0.248693
v -0.533538 0.654872 0.247739
v -0.542816 0.654763 0.248710
v -0.541109 0.654785 0.248106
v -0.542135 0.657222 0.247966
v -0.534214 0.652416 0.248035
v -0.455345 0.940754 0.251184
v -0.456282 0.937287 0.250075
v -0.468448 0.940607 0.251029
v -0.455615 0.939741 0.250412
v -0.462756 0.941209 0.250476
v -0.464879 0.939637 0.250303
v -0.464217 0.942088 0.251086
v -0.535530 0.650950 0.336623
v -0.534593 0.654416 0.337732
v -0.546733 0.657747 0.336526
v -0.535261 0.651963 0.337395
v -0.542152 0.654334 0.337186
v -0.543182 0.656769 0.337326
v -0.543845 0.654318 0.336543
v -0.456374 0.940309 0.339016
v -0.469477 0.940162 0.338862
v -0.457337 0.936831 0.340068
v -0.465246 0.941643 0.338919
v -0.463800 0.940758 0.339555
v -0.465926 0.939184 0.339663
v -0.456662 0.939288 0.339772
v 0.506712 0.462572 -0.301980
v 0.507555 0.465591 -0.309414
v 0.508615 0.465270 -0.301978
v 0.506949 0.463465 -0.307239
v 0.507664 0.463679 -0.306275
v 0.508295 0.465373 -0.307238
v 0.507699 0.463238 -0.301981
v 0.577961 0.709388 -0.308929
v 0.578850 0.712364 -0.301483
v 0.579022 0.709067 -0.301493
v 0.578580 0.711501 -0.306746
v 0.579070 0.710936 -0.305784
v 0.579331 0.711274 -0.301488
v 0.578702 0.709170 -0.306753
v 0.508611 0.460820 0.303134
v 0.510514 0.463518 0.303136
v 0.509500 0.463796 0.310580
v 0.509598 0.461487 0.303133
v 0.509589 0.461902 0.307430
v 0.510227 0.463591 0.308398
v 0.508881 0.461683 0.308397
v 0.580749 0.710612 0.303631
v 0.579907 0.707593 0.311065
v 0.580921 0.707315 0.303621
v 0.580512 0.709719 0.308890
v 0.580996 0.709160 0.307922
v 0.580634 0.707387 0.308883
v 0.581229 0.709522 0.303626
v 0.422321 0.486943 -0.301645
v 0.422149 0.490240 -0.301635
v 0.423164 0.489962 -0.309079
v 0.421841 0.488033 -0.301640
v 0.422075 0.488395 -0.305935
v 0.422437 0.490168 -0.306897
v 0.422558 0.487836 -0.306904
v 0.494460 0.736735 -0.301148
v 0.493571 0.733759 -0.308594
v 0.492556 0.734037 -0.301150
v 0.494190 0.735872 -0.306411
v 0.493481 0.735653 -0.305444
v 0.492844 0.733964 -0.306412
v 0.493472 0.736069 -0.301147
v 0.424220 0.485191 0.303470
v 0.425109 0.488167 0.310916
v 0.424048 0.488488 0.303480
v 0.424490 0.486054 0.308732
v 0.424000 0.486619 0.307770
v 0.424369 0.488385 0.308739
v 0.423740 0.486281 0.303474
v 0.496358 0.734983 0.303966
v 0.494455 0.732285 0.303965
v 0.495516 0.731964 0.311400
v 0.495371 0.734317 0.303968
v 0.495407 0.733877 0.308262
v 0.494775 0.732182 0.309224
v 0.496121 0.734090 0.309226
v -0.337873 0.784668 -0.377470
v -0.337649 0.785482 -0.378306
v -0.330489 0.783431 -0.377535
v -0.337810 0.784909 -0.378063
v -0.333649 0.783832 -0.377993
v -0.332589 0.784034 -0.378108
v -0.332747 0.783459 -0.377517
v -0.318871 0.851170 -0.377994
v -0.318634 0.851972 -0.377150
v -0.311711 0.849119 -0.377223
v -0.318706 0.851739 -0.377745
v -0.314605 0.850453 -0.377676
v -0.313643 0.850289 -0.377200
v -0.313811 0.849722 -0.377797
v -0.337352 0.784195 -0.309153
v -0.329968 0.782958 -0.309218
v -0.337115 0.784996 -0.308310
v -0.332226 0.782986 -0.309201
v -0.333121 0.783352 -0.308707
v -0.332058 0.783552 -0.308604
v -0.337280 0.784427 -0.308558
v -0.318112 0.851498 -0.308834
v -0.318337 0.850685 -0.307998
v -0.311190 0.848646 -0.308906
v -0.318176 0.851257 -0.308241
v -0.314076 0.849973 -0.308390
v -0.313281 0.849241 -0.308292
v -0.313122 0.849816 -0.308883
v -0.919670 0.950955 -0.371879
v -0.926592 0.953807 -0.371807
v -0.919446 0.951768 -0.372715
v -0.924660 0.952637 -0.371829
v -0.923706 0.952480 -0.372323
v -0.924502 0.953212 -0.372421
v -0.919607 0.951196 -0.372472
v -0.900430 1.018258 -0.371559
v -0.900668 1.017457 -0.372403
v -0.907815 1.019495 -0.371495
v -0.900503 1.018026 -0.372155
v -0.904662 1.019101 -0.372006
v -0.905724 1.018900 -0.372109
v -0.905556 1.019467 -0.371512
v -0.919149 0.950481 -0.303563
v -0.918911 0.951283 -0.302719
v -0.926071 0.953334 -0.303490
v -0.919077 0.950714 -0.302968
v -0.923177 0.952000 -0.303036
v -0.923971 0.952731 -0.302916
v -0.924139 0.952164 -0.303513
v -0.899909 1.017785 -0.303243
v -0.907293 1.019022 -0.303178
v -0.900134 1.016971 -0.302407
v -0.905035 1.018994 -0.303196
v -0.904133 1.018620 -0.302720
v -0.905194 1.018419 -0.302604
v -0.899972 1.017544 -0.302650
v -0.338614 0.787032 0.300581
v -0.338398 0.787847 0.299744
v -0.331220 0.785853 0.300497
v -0.338554 0.787273 0.299988
v -0.334385 0.786229 0.300047
v -0.333326 0.786439 0.299928
v -0.333479 0.785863 0.300520
v -0.320127 0.853678 0.299938
v -0.319894 0.854483 0.300780
v -0.312950 0.851684 0.300691
v -0.319966 0.854249 0.300186
v -0.315855 0.852995 0.300244
v -0.314891 0.852839 0.300718
v -0.315056 0.852270 0.300123
v -0.337897 0.786632 0.368896
v -0.330504 0.785452 0.368812
v -0.337663 0.787436 0.369739
v -0.332762 0.785462 0.368836
v -0.333658 0.785823 0.369332
v -0.332597 0.786031 0.369431
v -0.337825 0.786865 0.369491
v -0.319177 0.854082 0.369095
v -0.319393 0.853268 0.369933
v -0.312233 0.851283 0.369006
v -0.319237 0.853842 0.369689
v -0.315128 0.852589 0.369529
v -0.314327 0.851863 0.369626
v -0.314174 0.852438 0.369033
v -0.921660 0.948827 0.307646
v -0.928604 0.951626 0.307735
v -0.921444 0.949641 0.306809
v -0.926663 0.950471 0.307708
v -0.925709 0.950320 0.307212
v -0.926510 0.951046 0.307116
v -0.921600 0.949067 0.307053
v -0.902940 1.016277 0.307845
v -0.903174 1.015473 0.307003
v -0.910333 1.017457 0.307930
v -0.903012 1.016043 0.307251
v -0.907179 1.017086 0.307409
v -0.908240 1.016878 0.307310
v -0.908075 1.017447 0.307906
v -0.920943 0.948426 0.375961
v -0.920710 0.949231 0.376804
v -0.927887 0.951225 0.376051
v -0.920871 0.948660 0.376556
v -0.924982 0.949914 0.376497
v -0.925781 0.950639 0.376619
v -0.925946 0.950070 0.376023
v -0.902223 1.015877 0.376160
v -0.909617 1.017056 0.376245
v -0.902439 1.015062 0.376998
v -0.907358 1.017046 0.376221
v -0.906452 1.016680 0.376694
v -0.907511 1.016470 0.376813
v -0.902283 1.015636 0.376754
v 0.301031 0.371297 -0.301222
v 0.300917 0.379784 -0.309249
v 0.300997 0.377310 -0.303585
v 0.299893 0.371035 -0.381214
v 0.300006 0.379575 -0.373243
v 0.299926 0.377062 -0.378891
v 0.184387 0.328838 -0.299424
v 0.186318 0.338069 -0.307483
v 0.174802 0.328405 -0.307287
v 0.184810 0.335016 -0.301794
v 0.180586 0.333299 -0.302766
v 0.179832 0.334105 -0.307377
v 0.178183 0.329455 -0.301681
v 0.183250 0.328575 -0.379416
v 0.173892 0.328195 -0.371280
v 0.185408 0.337859 -0.371476
v 0.177112 0.329208 -0.376987
v 0.179545 0.333059 -0.375996
v 0.178921 0.333895 -0.371371
v 0.183738 0.334769 -0.377099
v 0.122326 0.221326 -0.298189
v 0.113829 0.222778 -0.306073
v 0.116365 0.222364 -0.300451
v 0.121189 0.221064 -0.378180
v 0.112919 0.222569 -0.370066
v 0.115294 0.222117 -0.375756
v 0.143887 0.099069 -0.298094
v 0.136402 0.094786 -0.305974
v 0.138641 0.096051 -0.300353
v 0.142750 0.098806 -0.378086
v 0.135492 0.094576 -0.369968
v 0.137570 0.095804 -0.375659
v 0.238981 0.019271 -0.299185
v 0.235957 0.011245 -0.307116
v 0.236890 0.013607 -0.301480
v 0.237844 0.019009 -0.379176
v 0.235046 0.011035 -0.371109
v 0.235819 0.013359 -0.376785
v 0.363113 0.019271 -0.300950
v 0.365911 0.011245 -0.308965
v 0.365139 0.013607 -0.303304
v 0.361975 0.019009 -0.380942
v 0.365001 0.011035 -0.372958
v 0.364068 0.013359 -0.378610
v 0.458200 0.099069 -0.302564
v 0.465458 0.094786 -0.310654
v 0.463379 0.096051 -0.304972
v 0.457062 0.098806 -0.382556
v 0.464548 0.094576 -0.374648
v 0.462308 0.095804 -0.380277
v 0.479749 0.221326 -0.303272
v 0.488019 0.222778 -0.311395
v 0.485644 0.222364 -0.305703
v 0.478611 0.221064 -0.383264
v 0.487108 0.222569 -0.375389
v 0.484573 0.222117 -0.381009
v 0.417678 0.328838 -0.302742
v 0.427036 0.328405 -0.310875
v 0.415519 0.338069 -0.310743
v 0.423815 0.329455 -0.305175
v 0.421383 0.333299 -0.306191
v 0.422006 0.334105 -0.310822
v 0.417189 0.335016 -0.305099
v 0.416541 0.328575 -0.382734
v 0.414609 0.337859 -0.374736
v 0.426126 0.328195 -0.374868
v 0.416118 0.334769 -0.380405
v 0.420341 0.333059 -0.379421
v 0.421096 0.333895 -0.374815
v 0.422744 0.329208 -0.380480
v 0.300774 0.371774 0.380096
v 0.300714 0.380313 0.372124
v 0.300757 0.377802 0.377773
v 0.300169 0.372031 0.300099
v 0.300230 0.380518 0.308126
v 0.300187 0.378043 0.302461
v 0.184119 0.329315 0.380843
v 0.186104 0.338598 0.372857
v 0.174587 0.328934 0.372914
v 0.184558 0.335508 0.378516
v 0.180341 0.333798 0.377505
v 0.179617 0.334634 0.372894
v 0.177931 0.329948 0.378549
v 0.183514 0.329571 0.300846
v 0.174102 0.329139 0.308916
v 0.185620 0.338803 0.308859
v 0.177361 0.330189 0.303237
v 0.179787 0.334033 0.304269
v 0.179133 0.334839 0.308896
v 0.183988 0.335749 0.303205
v 0.122046 0.221803 0.380968
v 0.113602 0.223307 0.373037
v 0.116100 0.222856 0.378673
v 0.121441 0.222060 0.300971
v 0.113118 0.223512 0.309039
v 0.115531 0.223097 0.303362
v 0.143600 0.099546 0.380414
v 0.136167 0.095315 0.372456
v 0.138369 0.096544 0.378101
v 0.142995 0.099802 0.300417
v 0.135683 0.095520 0.308458
v 0.137799 0.096785 0.302789
v 0.238695 0.019748 0.379439
v 0.235723 0.011774 0.371436
v 0.236619 0.014099 0.377093
v 0.238090 0.020004 0.299442
v 0.235239 0.011979 0.307438
v 0.236049 0.014340 0.301782
v 0.362836 0.019748 0.378500
v 0.365687 0.011774 0.370452
v 0.364877 0.014099 0.376123
v 0.362231 0.020004 0.298503
v 0.365203 0.011979 0.306455
v 0.364307 0.014340 0.300812
v 0.457935 0.099546 0.378036
v 0.465247 0.095315 0.369967
v 0.463131 0.096544 0.375644
v 0.457330 0.099802 0.298039
v 0.464763 0.095520 0.305969
v 0.462561 0.096785 0.300333
v 0.479495 0.221803 0.378264
v 0.487818 0.223307 0.370206
v 0.485406 0.222856 0.375880
v 0.478890 0.222060 0.298267
v 0.487334 0.223512 0.306208
v 0.484836 0.223097 0.300568
v 0.417427 0.329315 0.379078
v 0.426839 0.328934 0.371005
v 0.415322 0.338598 0.371123
v 0.423580 0.329948 0.376690
v 0.421155 0.333798 0.375683
v 0.421809 0.334634 0.371062
v 0.416954 0.335508 0.376758
v 0.416822 0.329571 0.299081
v 0.414838 0.338803 0.307125
v 0.426355 0.329139 0.307007
v 0.416384 0.335749 0.301447
v 0.420601 0.334033 0.302447
v 0.421325 0.334839 0.307064
v 0.423011 0.330189 0.301379
v 0.665123 0.224831 -0.051493
v 0.665123 0.225002 -0.052092
v 0.669564 0.224970 -0.051507
v 0.665122 0.224882 -0.051917
v 0.667686 0.224887 -0.051847
v 0.668263 0.224980 -0.051927
v 0.668263 0.224860 -0.051503
v 0.665305 0.252665 -0.051967
v 0.665308 0.252830 -0.051366
v 0.669747 0.252633 -0.051381
v 0.665307 0.252783 -0.051790
v 0.667870 0.252744 -0.051721
v 0.668447 0.252760 -0.051376
v 0.668445 0.252643 -0.051801
v 0.665436 0.224380 0.047305
v 0.669877 0.224519 0.047292
v 0.665439 0.224546 0.047906
v 0.668576 0.224409 0.047296
v 0.668001 0.224433 0.047644
v 0.668578 0.224526 0.047720
v 0.665438 0.224427 0.047730
v 0.665621 0.252379 0.047432
v 0.665622 0.252209 0.048032
v 0.670060 0.252182 0.047418
v 0.665622 0.252328 0.047857
v 0.668185 0.252290 0.047770
v 0.668761 0.252189 0.047846
v 0.668760 0.252309 0.047422
v -0.065977 0.229650 -0.049157
v -0.070416 0.229847 -0.049142
v -0.065978 0.229821 -0.049756
v -0.069116 0.229720 -0.049147
v -0.068541 0.229740 -0.049495
v -0.069117 0.229841 -0.049571
v -0.065978 0.229701 -0.049581
v -0.065792 0.257649 -0.049030
v -0.065795 0.257484 -0.049631
v -0.070233 0.257510 -0.049017
v -0.065794 0.257602 -0.049454
v -0.068357 0.257597 -0.049369
v -0.068934 0.257504 -0.049445
v -0.068932 0.257621 -0.049020
v -0.065664 0.229199 0.049641
v -0.065661 0.229365 0.050242
v -0.070103 0.229397 0.049656
v -0.065663 0.229247 0.050066
v -0.068226 0.229286 0.049996
v -0.068801 0.229386 0.050076
v -0.068804 0.229269 0.049652
v -0.065479 0.257199 0.049769
v -0.069920 0.257060 0.049782
v -0.065479 0.257028 0.050368
v -0.068619 0.257170 0.049778
v -0.068042 0.257143 0.050123
v -0.068619 0.257049 0.050202
v -0.065478 0.257147 0.050193
v 0.257744 0.737403 0.297566
v 0.265005 0.742723 0.289556
v 0.250590 0.742723 0.289459
v 0.262856 0.740800 0.295220
v 0.257767 0.742902 0.294125
v 0.257798 0.744562 0.289487
v 0.252663 0.740800 0.295152
v 0.261503 0.731257 -0.262387
v 0.254242 0.736752 -0.254496
v 0.268657 0.736752 -0.254399
v 0.256390 0.734705 -0.260116
v 0.261480 0.736829 -0.259067
v 0.261449 0.738591 -0.254468
v 0.266584 0.734705 -0.260048
v 0.182593 0.701215 0.297459
v 0.182913 0.710134 0.289363
v 0.173924 0.698864 0.289426
v 0.183110 0.707308 0.295052
v 0.178287 0.704629 0.294011
v 0.176981 0.705645 0.289372
v 0.176754 0.699339 0.295097
v 0.186351 0.695068 -0.262495
v 0.177575 0.692893 -0.254529
v 0.186564 0.704163 -0.254592
v 0.180482 0.693244 -0.260171
v 0.182001 0.698557 -0.259181
v 0.180632 0.699675 -0.254583
v 0.186838 0.701213 -0.260215
v 0.164026 0.619901 0.298227
v 0.157204 0.625636 0.290118
v 0.160411 0.611583 0.290293
v 0.159571 0.624082 0.295808
v 0.158652 0.618632 0.294823
v 0.157015 0.618200 0.290198
v 0.161839 0.614145 0.295932
v 0.167785 0.613754 -0.261727
v 0.164062 0.605612 -0.253662
v 0.160856 0.619665 -0.253837
v 0.165566 0.608050 -0.259336
v 0.162365 0.612560 -0.258368
v 0.160666 0.612230 -0.253757
v 0.163299 0.617987 -0.259460
v 0.216026 0.554692 0.299292
v 0.207239 0.552859 0.291252
v 0.220226 0.546604 0.291408
v 0.209965 0.553793 0.296918
v 0.213646 0.549667 0.295950
v 0.212935 0.548075 0.291343
v 0.219148 0.549371 0.297028
v 0.219785 0.548545 -0.260662
v 0.223878 0.540634 -0.252547
v 0.210891 0.546888 -0.252703
v 0.222875 0.543276 -0.258240
v 0.217360 0.543595 -0.257242
v 0.216586 0.542104 -0.252612
v 0.213692 0.547698 -0.258350
v 0.299435 0.554692 0.299852
v 0.295340 0.546604 0.291912
v 0.308328 0.552859 0.291931
v 0.296343 0.549371 0.297546
v 0.301859 0.549667 0.296542
v 0.302632 0.548075 0.291945
v 0.305527 0.553793 0.297559
v 0.303193 0.548545 -0.260102
v 0.311980 0.546888 -0.252024
v 0.298992 0.540634 -0.252043
v 0.309254 0.547698 -0.257709
v 0.305572 0.543595 -0.256650
v 0.306283 0.542104 -0.252010
v 0.300070 0.543276 -0.257722
v 0.351444 0.619901 0.299485
v 0.355165 0.611583 0.291601
v 0.358374 0.625636 0.291468
v 0.353662 0.614145 0.297220
v 0.356863 0.618632 0.296154
v 0.358563 0.618200 0.291551
v 0.355931 0.624082 0.297126
v 0.355202 0.613754 -0.260469
v 0.362026 0.619665 -0.252487
v 0.358817 0.605612 -0.252354
v 0.359658 0.617987 -0.258142
v 0.360577 0.612560 -0.257038
v 0.362214 0.612229 -0.252404
v 0.357389 0.608050 -0.258048
v 0.332890 0.701215 0.298468
v 0.341665 0.698864 0.290552
v 0.332678 0.710134 0.290368
v 0.338759 0.699339 0.296185
v 0.337240 0.704629 0.295078
v 0.338610 0.705645 0.290457
v 0.332404 0.707308 0.296054
v 0.336648 0.695068 -0.261486
v 0.336330 0.704163 -0.253587
v 0.345317 0.692893 -0.253403
v 0.336132 0.701213 -0.259213
v 0.340954 0.698557 -0.258114
v 0.342261 0.699675 -0.253498
v 0.342486 0.693244 -0.259083
v 0.259466 0.739815 -0.252884
v 0.266506 0.745254 -0.261011
v 0.252094 0.745255 -0.260711
v 0.264513 0.743247 -0.255320
v 0.259396 0.745364 -0.256243
v 0.259300 0.747093 -0.260854
v 0.254322 0.743247 -0.255107
v 0.258738 0.739953 -0.287877
v 0.251698 0.745329 -0.279707
v 0.266111 0.745329 -0.280007
v 0.253691 0.743366 -0.285414
v 0.258808 0.745475 -0.284474
v 0.258905 0.747168 -0.279850
v 0.263882 0.743366 -0.285626
v 0.181046 0.702043 -0.251401
v 0.181146 0.711082 -0.259369
v 0.172159 0.699812 -0.259227
v 0.181499 0.708171 -0.253730
v 0.176649 0.705508 -0.254678
v 0.175215 0.706593 -0.259264
v 0.175144 0.700202 -0.253629
v 0.180318 0.702181 -0.286393
v 0.171763 0.699886 -0.278222
v 0.180750 0.711157 -0.278365
v 0.174513 0.700321 -0.283936
v 0.176061 0.705619 -0.282909
v 0.174819 0.706668 -0.278259
v 0.180868 0.708291 -0.284037
v 0.161671 0.617172 -0.251332
v 0.154630 0.623027 -0.259164
v 0.157836 0.608973 -0.259287
v 0.157153 0.621388 -0.253565
v 0.156205 0.615953 -0.254605
v 0.154441 0.615590 -0.259190
v 0.159420 0.611450 -0.253652
v 0.160943 0.617309 -0.286324
v 0.157441 0.609048 -0.278282
v 0.154235 0.623101 -0.278160
v 0.158789 0.611570 -0.283959
v 0.155618 0.616064 -0.282837
v 0.154046 0.615665 -0.278186
v 0.156522 0.621507 -0.283872
v 0.215932 0.549110 -0.252730
v 0.206927 0.547396 -0.260551
v 0.219911 0.541141 -0.260846
v 0.209807 0.548246 -0.254949
v 0.213460 0.544136 -0.256080
v 0.212621 0.542612 -0.260688
v 0.218989 0.543824 -0.255158
v 0.215204 0.549248 -0.287722
v 0.219516 0.541216 -0.279842
v 0.206531 0.547471 -0.279547
v 0.218358 0.543943 -0.285465
v 0.212872 0.544247 -0.284311
v 0.212226 0.542687 -0.279684
v 0.209177 0.548366 -0.285256
v 0.302968 0.549110 -0.254541
v 0.298655 0.541141 -0.262485
v 0.311640 0.547396 -0.262730
v 0.299813 0.543824 -0.256840
v 0.305299 0.544135 -0.257991
v 0.305945 0.542612 -0.262631
v 0.308995 0.548246 -0.257014
v 0.302240 0.549248 -0.289533
v 0.311245 0.547471 -0.281726
v 0.298259 0.541216 -0.281480
v 0.308364 0.548366 -0.287321
v 0.304711 0.544247 -0.286223
v 0.305550 0.542687 -0.281626
v 0.299182 0.543943 -0.287147
v 0.357240 0.617172 -0.255403
v 0.360741 0.608973 -0.263510
v 0.363949 0.623027 -0.263521
v 0.359393 0.611450 -0.257814
v 0.362565 0.615953 -0.258900
v 0.364137 0.615590 -0.263554
v 0.361662 0.621388 -0.257822
v 0.356512 0.617309 -0.290395
v 0.363554 0.623101 -0.282517
v 0.360346 0.609048 -0.282505
v 0.361031 0.621507 -0.288129
v 0.361978 0.616064 -0.287132
v 0.363742 0.615665 -0.282550
v 0.358763 0.611570 -0.288121
v 0.337880 0.702043 -0.254665
v 0.346433 0.699812 -0.262854
v 0.337448 0.711082 -0.262622
v 0.343683 0.700202 -0.257137
v 0.342137 0.705508 -0.258122
v 0.343378 0.706593 -0.262764
v 0.337330 0.708171 -0.256973
v 0.337151 0.702181 -0.289657
v 0.337053 0.711157 -0.281618
v 0.346038 0.699886 -0.281850
v 0.336699 0.708291 -0.287280
v 0.341549 0.705619 -0.286353
v 0.342983 0.706668 -0.281759
v 0.343053 0.700321 -0.287444
v 0.010930 0.730963 0.300557
v 0.017878 0.736458 0.292387
v 0.003470 0.736458 0.292853
v 0.015950 0.734412 0.298087
v 0.010823 0.736536 0.297237
v 0.010674 0.738297 0.292640
v 0.005762 0.734412 0.298417
v -0.007157 0.737047 -0.259118
v -0.014101 0.742368 -0.250831
v 0.000307 0.742368 -0.251297
v -0.012174 0.740444 -0.256575
v -0.007046 0.742546 -0.255679
v -0.006896 0.744207 -0.251044
v -0.001986 0.740444 -0.256904
v -0.064193 0.694775 0.302591
v -0.064183 0.703869 0.294685
v -0.073170 0.692599 0.294853
v -0.063766 0.700919 0.300299
v -0.068627 0.698263 0.299389
v -0.070113 0.699380 0.294828
v -0.070121 0.692950 0.300418
v -0.082280 0.700858 -0.257084
v -0.090741 0.698509 -0.248831
v -0.081753 0.709778 -0.248999
v -0.088056 0.698983 -0.254573
v -0.086496 0.704273 -0.253527
v -0.087684 0.705290 -0.248856
v -0.081701 0.706952 -0.254692
v -0.082773 0.613461 0.302308
v -0.089902 0.619371 0.294598
v -0.086701 0.605318 0.294341
v -0.087316 0.617693 0.300156
v -0.088277 0.612266 0.299089
v -0.090094 0.611935 0.294523
v -0.085052 0.607756 0.299975
v -0.100860 0.619544 -0.257367
v -0.104271 0.611227 -0.249343
v -0.107472 0.625280 -0.249087
v -0.102988 0.613788 -0.255017
v -0.106145 0.618276 -0.253827
v -0.107664 0.617845 -0.249161
v -0.105252 0.623726 -0.254835
v -0.030817 0.548252 0.299920
v -0.039912 0.546593 0.292191
v -0.026933 0.540339 0.291703
v -0.036967 0.547404 0.297765
v -0.033329 0.543301 0.296564
v -0.034221 0.541809 0.291955
v -0.027790 0.542982 0.297420
v -0.048904 0.554335 -0.259755
v -0.044504 0.546249 -0.251981
v -0.057483 0.552503 -0.251493
v -0.045725 0.549015 -0.257571
v -0.051198 0.549311 -0.256352
v -0.051791 0.547719 -0.251729
v -0.054903 0.553437 -0.257226
v 0.052550 0.548252 0.297226
v 0.048143 0.540339 0.289277
v 0.061127 0.546593 0.288926
v 0.049367 0.542982 0.294927
v 0.054839 0.543301 0.293715
v 0.055432 0.541809 0.289058
v 0.058548 0.547404 0.294678
v 0.034462 0.554335 -0.262449
v 0.043556 0.552503 -0.254758
v 0.030573 0.546249 -0.254407
v 0.040612 0.553437 -0.260313
v 0.036971 0.549311 -0.259202
v 0.037861 0.547719 -0.254626
v 0.031431 0.549015 -0.260065
v 0.104551 0.613461 0.296254
v 0.107957 0.605318 0.288051
v 0.111168 0.619371 0.288100
v 0.106675 0.607756 0.293779
v 0.109836 0.612266 0.292687
v 0.111354 0.611935 0.288013
v 0.108946 0.617693 0.293813
v 0.086464 0.619544 -0.263421
v 0.093597 0.625280 -0.255585
v 0.090386 0.611227 -0.255634
v 0.091010 0.623726 -0.261178
v 0.091967 0.618276 -0.260229
v 0.093783 0.617845 -0.255671
v 0.088739 0.613788 -0.261213
v 0.086029 0.694775 0.297736
v 0.094487 0.692599 0.289435
v 0.085508 0.703869 0.289847
v 0.091803 0.692950 0.295185
v 0.090246 0.698263 0.294255
v 0.091435 0.699380 0.289607
v 0.085454 0.700919 0.295477
v 0.067941 0.700858 -0.261939
v 0.067937 0.709778 -0.253837
v 0.076917 0.698508 -0.254250
v 0.067518 0.706952 -0.259514
v 0.072378 0.704273 -0.258662
v 0.073865 0.705290 -0.254077
v 0.073867 0.698983 -0.259806
v -0.001239 0.740689 -0.252328
v 0.006133 0.746061 -0.260202
v -0.008279 0.746061 -0.260500
v 0.003905 0.744101 -0.254581
v -0.001169 0.746209 -0.255734
v -0.001073 0.747900 -0.260359
v -0.006286 0.744101 -0.254792
v -0.000516 0.740530 -0.287320
v -0.007887 0.745975 -0.279496
v 0.006525 0.745975 -0.279198
v -0.005660 0.743964 -0.285099
v -0.000586 0.746081 -0.283965
v -0.000681 0.747814 -0.279355
v 0.004531 0.743964 -0.284888
v -0.079660 0.702917 -0.253777
v -0.079228 0.711888 -0.261810
v -0.088215 0.700618 -0.261945
v -0.079109 0.709026 -0.256137
v -0.083917 0.706354 -0.257262
v -0.085159 0.707400 -0.261912
v -0.085464 0.701056 -0.256232
v -0.078937 0.702759 -0.288769
v -0.087823 0.700532 -0.280941
v -0.078836 0.711802 -0.280806
v -0.084838 0.700919 -0.286539
v -0.083334 0.706226 -0.285493
v -0.084767 0.707314 -0.280908
v -0.078483 0.708888 -0.286444
v -0.099035 0.618046 -0.253792
v -0.105744 0.623833 -0.261959
v -0.102539 0.609779 -0.261829
v -0.103457 0.622242 -0.256246
v -0.104361 0.616799 -0.257278
v -0.105934 0.616397 -0.261929
v -0.101190 0.612305 -0.256154
v -0.098312 0.617887 -0.288784
v -0.102146 0.609693 -0.280824
v -0.105352 0.623747 -0.280954
v -0.100564 0.612167 -0.286461
v -0.103778 0.616671 -0.285510
v -0.105542 0.616311 -0.280924
v -0.102831 0.622105 -0.286553
v -0.044775 0.549984 -0.252363
v -0.053449 0.548203 -0.260535
v -0.040464 0.541948 -0.260239
v -0.050803 0.549101 -0.254827
v -0.047107 0.544981 -0.255770
v -0.047754 0.543419 -0.260396
v -0.041621 0.544678 -0.254617
v -0.044052 0.549826 -0.287355
v -0.040072 0.541862 -0.279235
v -0.053056 0.548117 -0.279531
v -0.040995 0.544541 -0.284924
v -0.046524 0.544853 -0.284001
v -0.047362 0.543332 -0.279392
v -0.050177 0.548964 -0.285134
v 0.042261 0.549984 -0.250565
v 0.038279 0.541948 -0.258613
v 0.051265 0.548203 -0.258373
v 0.039203 0.544678 -0.252948
v 0.044732 0.544981 -0.253873
v 0.045570 0.543419 -0.258469
v 0.048386 0.549101 -0.252778
v 0.042984 0.549826 -0.285557
v 0.051657 0.548117 -0.277369
v 0.038672 0.541862 -0.277608
v 0.049011 0.548964 -0.283085
v 0.045315 0.544853 -0.282105
v 0.045962 0.543332 -0.277464
v 0.039829 0.544541 -0.283255
v 0.096534 0.618046 -0.249753
v 0.100367 0.609779 -0.257638
v 0.103575 0.623833 -0.257635
v 0.098785 0.612305 -0.252024
v 0.102000 0.616799 -0.253016
v 0.103763 0.616397 -0.257598
v 0.101053 0.622242 -0.252022
v 0.097257 0.617887 -0.284745
v 0.103967 0.623747 -0.276631
v 0.100759 0.609693 -0.276634
v 0.101679 0.622105 -0.282329
v 0.102583 0.616671 -0.281247
v 0.104156 0.616311 -0.276594
v 0.099411 0.612167 -0.282331
v 0.077175 0.702917 -0.250537
v 0.086060 0.700618 -0.258345
v 0.077075 0.711888 -0.258582
v 0.083076 0.701056 -0.252751
v 0.081572 0.706354 -0.253844
v 0.083005 0.707400 -0.258439
v 0.076722 0.709026 -0.252918
v 0.077897 0.702759 -0.285530
v 0.077467 0.711802 -0.277578
v 0.086452 0.700532 -0.277341
v 0.077348 0.708888 -0.283225
v 0.082155 0.706226 -0.282075
v 0.083398 0.707314 -0.277435
v 0.083701 0.700919 -0.283058
v -0.249213 0.736101 0.298494
v -0.242390 0.741460 0.290133
v -0.256789 0.741460 0.290808
v -0.244233 0.739510 0.295894
v -0.249373 0.741616 0.295083
v -0.249590 0.743299 0.290459
v -0.254415 0.739510 0.296372
v -0.275446 0.732675 -0.260880
v -0.282273 0.738132 -0.252585
v -0.267873 0.738132 -0.253260
v -0.280428 0.736112 -0.258322
v -0.275289 0.738231 -0.257537
v -0.275073 0.739971 -0.252934
v -0.270246 0.736112 -0.258799
v -0.324271 0.699911 0.302236
v -0.324383 0.708869 0.294177
v -0.333357 0.697599 0.294667
v -0.323881 0.706016 0.299835
v -0.328753 0.703342 0.299040
v -0.330306 0.704381 0.294483
v -0.330227 0.698047 0.300181
v -0.350503 0.696485 -0.257139
v -0.358840 0.694271 -0.248725
v -0.349866 0.705541 -0.249215
v -0.356240 0.694649 -0.254513
v -0.354669 0.699957 -0.253580
v -0.355790 0.701052 -0.248910
v -0.349894 0.702618 -0.254859
v -0.342787 0.618594 0.303602
v -0.350033 0.624368 0.295898
v -0.346825 0.610314 0.295834
v -0.347365 0.622786 0.301446
v -0.348337 0.617341 0.300485
v -0.350219 0.616932 0.295952
v -0.345096 0.612849 0.301400
v -0.369020 0.615167 -0.255772
v -0.372308 0.606986 -0.247559
v -0.375516 0.621040 -0.247495
v -0.371109 0.609451 -0.253294
v -0.374252 0.613956 -0.252135
v -0.375703 0.613604 -0.247440
v -0.373378 0.619389 -0.253248
v -0.290820 0.553382 0.301565
v -0.300025 0.551588 0.293999
v -0.287050 0.545333 0.293428
v -0.297000 0.552495 0.299514
v -0.293377 0.548374 0.298330
v -0.294334 0.546804 0.293761
v -0.287825 0.548072 0.299111
v -0.317053 0.549956 -0.257810
v -0.312533 0.542005 -0.249964
v -0.325509 0.548259 -0.249394
v -0.313838 0.544675 -0.255583
v -0.319292 0.544989 -0.254290
v -0.319817 0.543475 -0.249632
v -0.323013 0.549097 -0.255179
v -0.207501 0.553382 0.297657
v -0.212017 0.545333 0.289910
v -0.199045 0.551588 0.289263
v -0.210713 0.548072 0.295495
v -0.205259 0.548374 0.294198
v -0.204733 0.546804 0.289559
v -0.201541 0.552495 0.295038
v -0.233734 0.549956 -0.261717
v -0.224528 0.548259 -0.254130
v -0.237500 0.542005 -0.253483
v -0.227554 0.549097 -0.259656
v -0.231175 0.544989 -0.258422
v -0.230217 0.543475 -0.253834
v -0.236726 0.544675 -0.259199
v -0.155572 0.618594 0.294823
v -0.152279 0.610314 0.286710
v -0.149079 0.624368 0.286474
v -0.153479 0.612849 0.292414
v -0.150339 0.617341 0.291200
v -0.148888 0.616932 0.286511
v -0.151216 0.622787 0.292247
v -0.181804 0.615167 -0.264552
v -0.174562 0.621040 -0.256919
v -0.177763 0.606986 -0.256683
v -0.177229 0.619389 -0.262447
v -0.176255 0.613956 -0.261420
v -0.174371 0.613604 -0.256882
v -0.179492 0.609451 -0.262280
v -0.174135 0.699911 0.295195
v -0.165797 0.697599 0.286809
v -0.174778 0.708869 0.287161
v -0.168397 0.698047 0.292592
v -0.169971 0.703342 0.291594
v -0.168851 0.704381 0.286911
v -0.174748 0.706016 0.292841
v -0.200368 0.696485 -0.264180
v -0.200261 0.705541 -0.256231
v -0.191280 0.694271 -0.256583
v -0.200761 0.702618 -0.261853
v -0.195887 0.699957 -0.261026
v -0.194335 0.701052 -0.256482
v -0.194410 0.694649 -0.262102
v -0.260839 0.739372 -0.252439
v -0.253597 0.744790 -0.260400
v -0.268012 0.744790 -0.260464
v -0.255733 0.742798 -0.254755
v -0.260825 0.744912 -0.255813
v -0.260804 0.746629 -0.260430
v -0.265926 0.742798 -0.254800
v -0.260685 0.739416 -0.287438
v -0.267928 0.744814 -0.279463
v -0.253513 0.744814 -0.279400
v -0.265792 0.742836 -0.285113
v -0.260700 0.744948 -0.284050
v -0.260721 0.746653 -0.279429
v -0.255599 0.742836 -0.285069
v -0.339272 0.701600 -0.252832
v -0.338972 0.710617 -0.260820
v -0.347959 0.699347 -0.260874
v -0.338761 0.707722 -0.255166
v -0.343586 0.705056 -0.256228
v -0.344903 0.706129 -0.260852
v -0.345116 0.699753 -0.255204
v -0.339118 0.701644 -0.287832
v -0.347876 0.699371 -0.279873
v -0.338888 0.710642 -0.279820
v -0.344982 0.699791 -0.285517
v -0.343461 0.705092 -0.284466
v -0.344819 0.706153 -0.279851
v -0.338627 0.707760 -0.285479
v -0.358643 0.616728 -0.253026
v -0.365485 0.622561 -0.261048
v -0.362277 0.608507 -0.261052
v -0.363104 0.620938 -0.255383
v -0.364025 0.615500 -0.256432
v -0.365673 0.615125 -0.261059
v -0.360836 0.611000 -0.255386
v -0.358489 0.616772 -0.288025
v -0.362193 0.608532 -0.280052
v -0.365401 0.622586 -0.280048
v -0.360702 0.611039 -0.285699
v -0.363901 0.615536 -0.284669
v -0.365590 0.615149 -0.280058
v -0.362971 0.620976 -0.285696
v -0.304366 0.548665 -0.252873
v -0.313171 0.546930 -0.260914
v -0.300183 0.540676 -0.260865
v -0.310432 0.547796 -0.255244
v -0.306752 0.543682 -0.256271
v -0.307475 0.542146 -0.260895
v -0.301248 0.543373 -0.255209
v -0.304211 0.548710 -0.287872
v -0.300099 0.540700 -0.279864
v -0.313087 0.546954 -0.279914
v -0.301115 0.543411 -0.285522
v -0.306628 0.543718 -0.284508
v -0.307391 0.542170 -0.279895
v -0.310299 0.547834 -0.285557
v -0.217311 0.548665 -0.252489
v -0.221423 0.540676 -0.260518
v -0.208436 0.546930 -0.260452
v -0.220408 0.543373 -0.254853
v -0.214895 0.543682 -0.255866
v -0.214132 0.542146 -0.260484
v -0.211224 0.547796 -0.254807
v -0.217157 0.548710 -0.287489
v -0.208352 0.546954 -0.279452
v -0.221340 0.540700 -0.279517
v -0.211090 0.547834 -0.285120
v -0.214770 0.543718 -0.284103
v -0.214048 0.542170 -0.279483
v -0.220274 0.543411 -0.285166
v -0.163034 0.616728 -0.252164
v -0.159330 0.608507 -0.260158
v -0.156123 0.622561 -0.260126
v -0.160821 0.611000 -0.254504
v -0.157622 0.615500 -0.255523
v -0.155934 0.615125 -0.260134
v -0.158553 0.620938 -0.254482
v -0.162880 0.616772 -0.287163
v -0.156039 0.622586 -0.279126
v -0.159247 0.608532 -0.279158
v -0.158419 0.620976 -0.284795
v -0.157498 0.615536 -0.283760
v -0.155850 0.615149 -0.279134
v -0.160687 0.611039 -0.284818
v -0.182406 0.701600 -0.252141
v -0.173649 0.699347 -0.260106
v -0.182637 0.710617 -0.260131
v -0.176542 0.699752 -0.254461
v -0.178063 0.705056 -0.255499
v -0.176705 0.706129 -0.260110
v -0.182897 0.707722 -0.254479
v -0.182252 0.701644 -0.287141
v -0.182553 0.710642 -0.279131
v -0.173565 0.699371 -0.279105
v -0.182764 0.707760 -0.284792
v -0.177939 0.705092 -0.283736
v -0.176621 0.706153 -0.279110
v -0.176408 0.699791 -0.284774
v 0.259833 0.918107 0.350962
v 0.267040 0.923467 0.342929
v 0.252625 0.923467 0.342930
v 0.264930 0.921516 0.348598
v 0.259833 0.923623 0.347548
v 0.259833 0.925306 0.342919
v 0.254736 0.921516 0.348599
v 0.259781 0.914739 -0.209028
v 0.252574 0.920195 -0.201060
v 0.266989 0.920195 -0.201061
v 0.254684 0.918176 -0.206705
v 0.259781 0.920295 -0.205680
v 0.259781 0.922034 -0.201071
v 0.264877 0.918176 -0.206706
v 0.184683 0.881918 0.351187
v 0.184948 0.890877 0.343133
v 0.175960 0.879606 0.343202
v 0.185184 0.888022 0.348807
v 0.180355 0.885349 0.347786
v 0.179016 0.886388 0.343161
v 0.178829 0.880053 0.348856
v 0.184630 0.878549 -0.208803
v 0.175909 0.876334 -0.200789
v 0.184897 0.887604 -0.200857
v 0.178777 0.876712 -0.206448
v 0.180303 0.882021 -0.205442
v 0.178965 0.883115 -0.200830
v 0.185132 0.884682 -0.206497
v 0.166123 0.800600 0.351678
v 0.159245 0.806375 0.343644
v 0.162453 0.792321 0.343728
v 0.161651 0.804793 0.349310
v 0.160725 0.799348 0.348305
v 0.159056 0.798939 0.343688
v 0.163919 0.794855 0.349370
v 0.166070 0.797231 -0.208312
v 0.162402 0.789049 -0.200262
v 0.159194 0.803103 -0.200346
v 0.163867 0.791515 -0.205934
v 0.160673 0.796020 -0.204923
v 0.159005 0.795667 -0.200302
v 0.161599 0.801452 -0.205994
v 0.218128 0.735388 0.352065
v 0.209287 0.733595 0.344077
v 0.222275 0.727340 0.344113
v 0.212051 0.734501 0.349728
v 0.215726 0.730380 0.348714
v 0.214983 0.728811 0.344105
v 0.221235 0.730079 0.349754
v 0.218075 0.732019 -0.207925
v 0.222224 0.724068 -0.199877
v 0.209236 0.730322 -0.199913
v 0.221182 0.726738 -0.205550
v 0.215674 0.727052 -0.204513
v 0.214932 0.725538 -0.199885
v 0.211999 0.731161 -0.205576
v 0.301539 0.735388 0.352057
v 0.297391 0.727340 0.344106
v 0.310378 0.733595 0.344067
v 0.298432 0.730079 0.349747
v 0.303940 0.730380 0.348706
v 0.304682 0.728811 0.344097
v 0.307616 0.734501 0.349719
v 0.301486 0.732019 -0.207932
v 0.310327 0.730322 -0.199923
v 0.297339 0.724068 -0.199884
v 0.307563 0.731161 -0.205585
v 0.303888 0.727052 -0.204521
v 0.304631 0.725538 -0.199894
v 0.298379 0.726738 -0.205557
v 0.353544 0.800600 0.351660
v 0.357212 0.792321 0.343710
v 0.360420 0.806375 0.343625
v 0.355747 0.794855 0.349351
v 0.358941 0.799348 0.348286
v 0.360609 0.798939 0.343669
v 0.358015 0.804793 0.349291
v 0.353491 0.797231 -0.208330
v 0.360369 0.803103 -0.200365
v 0.357161 0.789049 -0.200281
v 0.357963 0.801452 -0.206012
v 0.358889 0.796020 -0.204942
v 0.360558 0.795667 -0.200321
v 0.355695 0.791515 -0.205952
v 0.334984 0.881918 0.351173
v 0.343705 0.879606 0.343186
v 0.334717 0.890877 0.343119
v 0.340837 0.880053 0.348840
v 0.339311 0.885349 0.347771
v 0.340649 0.886388 0.343145
v 0.334482 0.888022 0.348793
v 0.334931 0.878549 -0.208817
v 0.334666 0.887604 -0.200871
v 0.343654 0.876334 -0.200804
v 0.334430 0.884682 -0.206511
v 0.339259 0.882021 -0.205457
v 0.340598 0.883115 -0.200845
v 0.340785 0.876712 -0.206463
v 0.259934 0.919695 -0.201685
v 0.267218 0.925141 -0.209591
v 0.252803 0.925141 -0.209728
v 0.265053 0.923129 -0.203963
v 0.259966 0.925246 -0.205040
v 0.260010 0.926979 -0.209651
v 0.254860 0.923129 -0.204061
v 0.260268 0.919858 -0.236683
v 0.252984 0.925229 -0.228727
v 0.267399 0.925229 -0.228589
v 0.255149 0.923270 -0.234373
v 0.260236 0.925378 -0.233276
v 0.260192 0.927068 -0.228650
v 0.265342 0.923270 -0.234275
v 0.181506 0.881924 -0.202610
v 0.181847 0.890968 -0.210565
v 0.172860 0.879698 -0.210703
v 0.182029 0.888053 -0.204919
v 0.177210 0.885391 -0.206016
v 0.175916 0.886479 -0.210642
v 0.175675 0.880084 -0.205017
v 0.181840 0.882087 -0.237608
v 0.173042 0.879786 -0.229702
v 0.182029 0.891057 -0.229564
v 0.175964 0.880225 -0.235329
v 0.177479 0.885523 -0.234252
v 0.176097 0.886568 -0.229641
v 0.182319 0.888195 -0.235231
v 0.162139 0.797052 -0.203190
v 0.155339 0.802913 -0.211228
v 0.158547 0.788859 -0.211263
v 0.157690 0.801270 -0.205556
v 0.156774 0.795836 -0.206629
v 0.155150 0.795477 -0.211265
v 0.159958 0.791333 -0.205581
v 0.162473 0.797215 -0.238188
v 0.158728 0.788948 -0.230262
v 0.155520 0.803002 -0.230227
v 0.160248 0.791474 -0.235893
v 0.157044 0.795968 -0.234865
v 0.155331 0.795565 -0.230264
v 0.157979 0.801412 -0.235868
v 0.216417 0.728991 -0.202990
v 0.207654 0.727283 -0.211082
v 0.220641 0.721028 -0.210987
v 0.210363 0.728129 -0.205395
v 0.214048 0.724019 -0.206417
v 0.213350 0.722498 -0.211050
v 0.219547 0.723706 -0.205328
v 0.216751 0.729154 -0.237988
v 0.220823 0.721117 -0.229986
v 0.207835 0.727371 -0.230081
v 0.219836 0.723848 -0.235640
v 0.214317 0.724151 -0.234653
v 0.213531 0.722587 -0.230049
v 0.210652 0.728270 -0.235707
v 0.303468 0.728991 -0.202159
v 0.299398 0.721028 -0.210236
v 0.312385 0.727283 -0.210083
v 0.300384 0.723706 -0.204557
v 0.305903 0.724019 -0.205541
v 0.306689 0.722498 -0.210159
v 0.309568 0.728129 -0.204448
v 0.303802 0.729154 -0.237157
v 0.312566 0.727371 -0.229082
v 0.299579 0.721117 -0.229235
v 0.309857 0.728270 -0.234760
v 0.306172 0.724151 -0.233777
v 0.306871 0.722587 -0.229158
v 0.300674 0.723848 -0.234869
v 0.357741 0.797052 -0.201324
v 0.361486 0.788859 -0.209327
v 0.364693 0.802913 -0.209231
v 0.359966 0.791333 -0.203673
v 0.363170 0.795836 -0.204659
v 0.364882 0.795477 -0.209264
v 0.362234 0.801270 -0.203605
v 0.358075 0.797215 -0.236322
v 0.364874 0.803002 -0.228230
v 0.361667 0.788948 -0.228326
v 0.362523 0.801412 -0.233917
v 0.363439 0.795968 -0.232895
v 0.365064 0.795565 -0.228262
v 0.360256 0.791474 -0.233985
v 0.338366 0.881924 -0.201113
v 0.347165 0.879698 -0.209040
v 0.338177 0.890968 -0.209073
v 0.344242 0.880084 -0.203409
v 0.342726 0.885391 -0.204436
v 0.344108 0.886479 -0.209037
v 0.337887 0.888053 -0.203432
v 0.338700 0.882087 -0.236111
v 0.338358 0.891057 -0.228072
v 0.347346 0.879786 -0.228039
v 0.338176 0.888195 -0.233744
v 0.342996 0.885523 -0.232672
v 0.344290 0.886568 -0.228036
v 0.344532 0.880225 -0.233721
v 0.010873 0.914909 0.347121
v 0.017733 0.920301 0.338810
v 0.003330 0.920301 0.339425
v 0.015865 0.918327 0.344556
v 0.010728 0.920438 0.343732
v 0.010531 0.922140 0.339114
v 0.005681 0.918327 0.344990
v -0.012993 0.913787 -0.212369
v -0.019854 0.919211 -0.204080
v -0.005452 0.919211 -0.204694
v -0.017986 0.917214 -0.209818
v -0.012850 0.919329 -0.209002
v -0.012653 0.921050 -0.204391
v -0.007802 0.917214 -0.210252
v -0.064206 0.878718 0.350396
v -0.064282 0.887709 0.342374
v -0.073261 0.876439 0.342780
v -0.063805 0.884832 0.348022
v -0.068674 0.882163 0.347196
v -0.070208 0.883221 0.342636
v -0.070154 0.876863 0.348309
v -0.088072 0.877596 -0.209094
v -0.096445 0.875349 -0.200725
v -0.087467 0.886619 -0.201130
v -0.093821 0.875750 -0.206500
v -0.092253 0.881055 -0.205538
v -0.093393 0.882131 -0.200869
v -0.087472 0.883720 -0.206786
v -0.082743 0.797399 0.351350
v -0.089954 0.803207 0.343639
v -0.086748 0.789153 0.343530
v -0.087310 0.801602 0.349191
v -0.088279 0.796161 0.348205
v -0.090143 0.795771 0.343662
v -0.085043 0.791664 0.349115
v -0.106609 0.796277 -0.208140
v -0.109933 0.788063 -0.199974
v -0.113139 0.802117 -0.199866
v -0.108710 0.790551 -0.205694
v -0.111857 0.795052 -0.204529
v -0.113327 0.794681 -0.199843
v -0.110977 0.800489 -0.205617
v -0.030779 0.732186 0.349264
v -0.039952 0.730425 0.341652
v -0.026975 0.724170 0.341111
v -0.036950 0.731309 0.347184
v -0.033322 0.727192 0.345999
v -0.034261 0.725641 0.341419
v -0.027774 0.726886 0.346802
v -0.054645 0.731064 -0.210226
v -0.050160 0.723081 -0.202394
v -0.063136 0.729335 -0.201853
v -0.051441 0.725774 -0.208007
v -0.056900 0.726084 -0.206735
v -0.057445 0.724551 -0.202086
v -0.060617 0.730196 -0.207624
v 0.052556 0.732186 0.345710
v 0.048072 0.724170 0.337910
v 0.061048 0.730425 0.337344
v 0.049353 0.726886 0.343511
v 0.054812 0.727192 0.342239
v 0.055357 0.725641 0.337596
v 0.058528 0.731309 0.343111
v 0.028690 0.731064 -0.213781
v 0.037863 0.729335 -0.206161
v 0.024888 0.723081 -0.205595
v 0.034861 0.730196 -0.211697
v 0.031234 0.726084 -0.210495
v 0.032173 0.724551 -0.205909
v 0.025686 0.725774 -0.211297
v 0.104509 0.797399 0.343363
v 0.107834 0.789153 0.335230
v 0.111037 0.803207 0.335065
v 0.106610 0.791664 0.340939
v 0.109757 0.796161 0.339757
v 0.111227 0.795771 0.335072
v 0.108876 0.801602 0.340823
v 0.080642 0.796277 -0.216128
v 0.087853 0.802117 -0.208440
v 0.084649 0.788063 -0.208275
v 0.085209 0.800489 -0.213986
v 0.086179 0.795052 -0.212977
v 0.088042 0.794681 -0.208433
v 0.082944 0.790551 -0.213869
v 0.085958 0.878718 0.343991
v 0.094332 0.876439 0.335631
v 0.085351 0.887709 0.335991
v 0.091707 0.876863 0.341404
v 0.090138 0.882163 0.340421
v 0.091278 0.883221 0.335748
v 0.085357 0.884832 0.341659
v 0.062092 0.877596 -0.215499
v 0.062166 0.886619 -0.207513
v 0.071147 0.875349 -0.207874
v 0.061690 0.883720 -0.213149
v 0.066560 0.881055 -0.212313
v 0.068093 0.882131 -0.207757
v 0.068040 0.875750 -0.213404
v -0.000844 0.920354 -0.202493
v 0.006514 0.925756 -0.210359
v -0.007899 0.925756 -0.210631
v 0.004296 0.923775 -0.204742
v -0.000780 0.925887 -0.205877
v -0.000693 0.927595 -0.210497
v -0.005895 0.923775 -0.204934
v -0.000182 0.920327 -0.237486
v -0.007540 0.925741 -0.229628
v 0.006873 0.925741 -0.229356
v -0.005322 0.923752 -0.235242
v -0.000246 0.925866 -0.234110
v -0.000334 0.927580 -0.229493
v 0.004869 0.923752 -0.235050
v -0.079264 0.882582 -0.203946
v -0.078847 0.891583 -0.211947
v -0.087834 0.880313 -0.212108
v -0.078718 0.888699 -0.206284
v -0.083528 0.886031 -0.207411
v -0.084778 0.887094 -0.212055
v -0.085073 0.880730 -0.206398
v -0.078603 0.882555 -0.238940
v -0.087475 0.880298 -0.231104
v -0.078488 0.891569 -0.230943
v -0.084500 0.880707 -0.236706
v -0.082994 0.886010 -0.235644
v -0.084419 0.887080 -0.231052
v -0.078146 0.888676 -0.236592
v -0.098634 0.797710 -0.204248
v -0.105358 0.803527 -0.212381
v -0.102151 0.789473 -0.212309
v -0.103060 0.801915 -0.206678
v -0.103966 0.796475 -0.207729
v -0.105547 0.796091 -0.212379
v -0.100792 0.791977 -0.206628
v -0.097972 0.797683 -0.239242
v -0.101792 0.789459 -0.231306
v -0.104999 0.803513 -0.231377
v -0.100219 0.791954 -0.236936
v -0.103432 0.796454 -0.235962
v -0.105188 0.796076 -0.231375
v -0.102487 0.801892 -0.236986
v -0.044366 0.729647 -0.203170
v -0.053054 0.727896 -0.211335
v -0.040069 0.721641 -0.211084
v -0.050398 0.728773 -0.205627
v -0.046704 0.724657 -0.206593
v -0.047359 0.723112 -0.211223
v -0.041216 0.724350 -0.205450
v -0.043705 0.729621 -0.238164
v -0.039710 0.721627 -0.230081
v -0.052695 0.727881 -0.230331
v -0.040643 0.724327 -0.235759
v -0.046170 0.724636 -0.234825
v -0.047000 0.723097 -0.230220
v -0.049825 0.728750 -0.235936
v 0.042673 0.729647 -0.201525
v 0.038678 0.721641 -0.209596
v 0.051663 0.727896 -0.209355
v 0.039611 0.724350 -0.203923
v 0.045138 0.724657 -0.204857
v 0.045968 0.723112 -0.209459
v 0.048793 0.728773 -0.203752
v 0.043335 0.729621 -0.236519
v 0.052022 0.727881 -0.228352
v 0.039037 0.721627 -0.228593
v 0.049366 0.728750 -0.234061
v 0.045672 0.724636 -0.233089
v 0.046327 0.723097 -0.228456
v 0.040184 0.724327 -0.234231
v 0.096942 0.797710 -0.200551
v 0.100762 0.789473 -0.208474
v 0.103969 0.803527 -0.208424
v 0.099189 0.791977 -0.202848
v 0.102402 0.796475 -0.203829
v 0.104158 0.796091 -0.208415
v 0.101457 0.801915 -0.202812
v 0.097604 0.797683 -0.235545
v 0.104328 0.803513 -0.227421
v 0.101121 0.789459 -0.227471
v 0.102030 0.801892 -0.233121
v 0.102936 0.796454 -0.232061
v 0.104517 0.796076 -0.227411
v 0.099762 0.791954 -0.233156
v 0.077575 0.882582 -0.200982
v 0.086447 0.880313 -0.208814
v 0.077461 0.891583 -0.208992
v 0.083473 0.880730 -0.203212
v 0.081967 0.886031 -0.204283
v 0.083392 0.887094 -0.208876
v 0.077118 0.888699 -0.203338
v 0.078237 0.882555 -0.235975
v 0.077820 0.891569 -0.227989
v 0.086806 0.880298 -0.227810
v 0.077691 0.888676 -0.233647
v 0.082500 0.886010 -0.232516
v 0.083751 0.887080 -0.227873
v 0.084045 0.880707 -0.233521
v -0.264684 0.915486 0.351777
v -0.257363 0.920948 0.343917
v -0.271777 0.920948 0.343710
v -0.259554 0.918925 0.349530
v -0.264636 0.921045 0.348433
v -0.264570 0.922787 0.343826
v -0.269747 0.918925 0.349384
v -0.256644 0.919195 -0.208153
v -0.263967 0.924550 -0.200222
v -0.249553 0.924550 -0.200015
v -0.261774 0.922602 -0.205861
v -0.256693 0.924708 -0.204736
v -0.256760 0.926389 -0.200106
v -0.251582 0.922602 -0.205714
v -0.339823 0.879297 0.350458
v -0.339443 0.888357 0.342523
v -0.348429 0.877087 0.342319
v -0.339288 0.885431 0.348163
v -0.344102 0.882771 0.347038
v -0.345374 0.883868 0.342408
v -0.345642 0.877462 0.348019
v -0.331783 0.883005 -0.209472
v -0.340619 0.880689 -0.201613
v -0.331633 0.891959 -0.201409
v -0.337670 0.881139 -0.207225
v -0.336160 0.886434 -0.206130
v -0.337564 0.887471 -0.201524
v -0.331316 0.889108 -0.207081
v -0.358374 0.797980 0.349654
v -0.365135 0.803856 0.341594
v -0.361927 0.789802 0.341547
v -0.362811 0.802202 0.347274
v -0.363722 0.796770 0.346187
v -0.365324 0.796420 0.341542
v -0.360542 0.792265 0.347241
v -0.350334 0.801688 -0.210276
v -0.354117 0.793404 -0.202385
v -0.357325 0.807458 -0.202338
v -0.352570 0.795942 -0.208003
v -0.355779 0.800434 -0.206981
v -0.357514 0.800022 -0.202390
v -0.354839 0.805879 -0.207970
v -0.306367 0.732768 0.349968
v -0.315092 0.731076 0.341831
v -0.302105 0.724821 0.341976
v -0.312410 0.731911 0.347533
v -0.308720 0.727803 0.346520
v -0.309396 0.726292 0.341881
v -0.303227 0.727488 0.347635
v -0.298328 0.736476 -0.209962
v -0.294295 0.728423 -0.201956
v -0.307282 0.734678 -0.202101
v -0.295255 0.731166 -0.207609
v -0.300778 0.731466 -0.206648
v -0.301586 0.729894 -0.202051
v -0.304438 0.735588 -0.207712
v -0.222966 0.732768 0.351166
v -0.226997 0.724821 0.343054
v -0.214011 0.731076 0.343282
v -0.226038 0.727488 0.348743
v -0.220515 0.727803 0.347787
v -0.219706 0.726292 0.343169
v -0.216855 0.731911 0.348904
v -0.214926 0.736476 -0.208764
v -0.206201 0.734678 -0.200650
v -0.219187 0.728423 -0.200878
v -0.208883 0.735588 -0.206340
v -0.212573 0.731466 -0.205382
v -0.211896 0.729894 -0.200763
v -0.218066 0.731165 -0.206501
v -0.170972 0.797980 0.352344
v -0.167188 0.789802 0.344343
v -0.163981 0.803856 0.344483
v -0.168735 0.792265 0.349995
v -0.165526 0.796770 0.349033
v -0.163792 0.796420 0.344436
v -0.166468 0.802202 0.350093
v -0.162932 0.801688 -0.207586
v -0.156172 0.807458 -0.199450
v -0.159378 0.793404 -0.199589
v -0.158495 0.805879 -0.205151
v -0.157584 0.800434 -0.204136
v -0.155982 0.800022 -0.199496
v -0.160762 0.795942 -0.205249
v -0.189538 0.879297 0.352616
v -0.180702 0.877087 0.344727
v -0.189690 0.888357 0.344673
v -0.183651 0.877462 0.350345
v -0.185162 0.882771 0.349320
v -0.183758 0.883868 0.344729
v -0.190006 0.885431 0.350307
v -0.181499 0.883005 -0.207314
v -0.181880 0.891959 -0.199259
v -0.172892 0.880689 -0.199205
v -0.182034 0.889108 -0.204938
v -0.177220 0.886434 -0.203848
v -0.175948 0.887470 -0.199204
v -0.175679 0.881139 -0.204899
v -0.260621 0.919748 -0.202579
v -0.253334 0.925154 -0.210509
v -0.267749 0.925154 -0.210653
v -0.255501 0.923170 -0.204873
v -0.260587 0.925283 -0.205962
v -0.260541 0.926993 -0.210582
v -0.265694 0.923170 -0.204974
v -0.260272 0.919735 -0.237577
v -0.267559 0.925146 -0.229652
v -0.253145 0.925146 -0.229508
v -0.265392 0.923159 -0.235287
v -0.260306 0.925272 -0.234199
v -0.260352 0.926985 -0.229581
v -0.255199 0.923159 -0.235185
v -0.339051 0.881977 -0.203346
v -0.338706 0.890981 -0.211346
v -0.347693 0.879710 -0.211432
v -0.338526 0.888095 -0.205686
v -0.343345 0.885427 -0.206771
v -0.344637 0.886492 -0.211404
v -0.344881 0.880125 -0.205747
v -0.338702 0.881963 -0.238344
v -0.347504 0.879703 -0.230431
v -0.338516 0.890974 -0.230345
v -0.344579 0.880114 -0.236059
v -0.343064 0.885416 -0.235008
v -0.344448 0.886485 -0.230403
v -0.338224 0.888083 -0.235999
v -0.358422 0.797104 -0.203507
v -0.365218 0.802925 -0.211577
v -0.362011 0.788871 -0.211540
v -0.362870 0.801311 -0.205896
v -0.363785 0.795871 -0.206941
v -0.365407 0.795489 -0.211576
v -0.360602 0.791373 -0.205869
v -0.358073 0.797091 -0.238505
v -0.361822 0.788863 -0.230539
v -0.365029 0.802917 -0.230576
v -0.360300 0.791361 -0.236182
v -0.363504 0.795860 -0.235177
v -0.365218 0.795481 -0.230575
v -0.362568 0.801299 -0.236208
v -0.304147 0.729042 -0.202940
v -0.312907 0.727293 -0.211027
v -0.299920 0.721039 -0.210895
v -0.310200 0.728168 -0.205343
v -0.306515 0.724053 -0.206343
v -0.307212 0.722509 -0.210968
v -0.301017 0.723746 -0.205250
v -0.303798 0.729029 -0.237938
v -0.299731 0.721032 -0.229894
v -0.312718 0.727286 -0.230026
v -0.300715 0.723734 -0.235562
v -0.306234 0.724042 -0.234579
v -0.307022 0.722502 -0.229967
v -0.309899 0.728157 -0.235655
v -0.217096 0.729042 -0.202073
v -0.221164 0.721039 -0.210111
v -0.208177 0.727293 -0.209984
v -0.220180 0.723746 -0.204445
v -0.214661 0.724053 -0.205428
v -0.213872 0.722509 -0.210039
v -0.210996 0.728168 -0.204355
v -0.216748 0.729029 -0.237071
v -0.207987 0.727286 -0.228983
v -0.220975 0.721032 -0.229110
v -0.210694 0.728157 -0.234667
v -0.214380 0.724042 -0.233664
v -0.213683 0.722502 -0.229038
v -0.219878 0.723734 -0.234757
v -0.162821 0.797104 -0.201558
v -0.159073 0.788871 -0.209518
v -0.155865 0.802925 -0.209491
v -0.160595 0.791373 -0.203877
v -0.157390 0.795871 -0.204885
v -0.155676 0.795489 -0.209487
v -0.158326 0.801311 -0.203858
v -0.162472 0.797091 -0.236556
v -0.155676 0.802917 -0.228491
v -0.158883 0.788863 -0.228517
v -0.158024 0.801299 -0.234170
v -0.157109 0.795860 -0.233121
v -0.155487 0.795481 -0.228486
v -0.160293 0.791361 -0.234189
v -0.182191 0.881977 -0.201784
v -0.173390 0.879710 -0.209695
v -0.182377 0.890981 -0.209789
v -0.176314 0.880125 -0.204068
v -0.177830 0.885427 -0.205123
v -0.176446 0.886492 -0.209728
v -0.182669 0.888095 -0.204134
v -0.181842 0.881963 -0.236782
v -0.182188 0.890974 -0.228788
v -0.173200 0.879703 -0.228694
v -0.182367 0.888083 -0.234446
v -0.177548 0.885416 -0.233359
v -0.176256 0.886485 -0.228727
v -0.176012 0.880114 -0.234380
vn -0.2460 -0.9680 -0.0495
vn -0.2019 -0.9169 -0.3442
vn -0.0620 -0.9870 -0.1483
vn 0.3599 0.8295 -0.4270
vn 0.3122 0.9480 -0.0615
vn 0.4859 0.8618 -0.1458
vn -0.2543 -0.9652 0.0612
vn -0.0608 -0.9877 0.1438
vn -0.1464 -0.8928 0.4260
vn 0.3215 0.9456 0.0492
vn 0.3332 0.8780 0.3436
vn 0.4871 0.8610 0.1463
vn -0.3126 -0.9477 -0.0638
vn -0.4870 -0.8610 -0.1463
vn -0.3633 -0.8274 -0.4283
vn 0.2457 0.9682 -0.0466
vn 0.1992 0.9186 -0.3412
vn 0.0608 0.9877 -0.1438
vn -0.3211 -0.9459 0.0470
vn -0.3305 -0.8797 0.3418
vn -0.4859 -0.8617 0.1459
vn 0.2548 0.9649 0.0640
vn 0.0620 0.9870 0.1483
vn 0.1498 0.8906 0.4293
vn -0.2461 -0.9692 -0.0015
vn -0.0621 -0.9981 -0.0023
vn 0.2377 -0.0692 -0.9689
vn 0.7984 -0.2359 -0.5540
vn 0.3217 0.9468 0.0011
vn 0.4918 0.8707 0.0002
vn 0.2454 -0.0740 0.9666
vn 0.8028 -0.2386 0.5465
vn -0.2833 -0.9571 0.0613
vn -0.2655 -0.9013 0.3423
vn 0.2838 0.9567 0.0639
vn 0.2682 0.8996 0.3447
vn -0.7984 0.2359 0.5540
vn -0.2377 0.0691 0.9689
vn -0.3217 -0.9468 -0.0011
vn -0.4918 -0.8707 -0.0002
vn 0.2461 0.9692 0.0015
vn 0.0621 0.9981 0.0023
vn -0.2454 0.0740 -0.9666
vn -0.8028 0.2386 -0.5465
vn -0.2838 -0.9567 -0.0639
vn -0.2682 -0.8996 -0.3447
vn 0.2833 0.9571 -0.0614
vn 0.2655 0.9013 -0.3423
vn -0.2841 -0.9588 -0.0013
vn 0.9588 -0.2841 -0.0045
vn -0.0040 0.0025 -1.0000
vn 0.2841 0.9588 0.0013
vn 0.0040 -0.0025 1.0000
vn -0.9588 0.2841 0.0045
vn -0.1160 -0.6769 -0.7269
vn -0.0197 -0.1210 -0.9925
vn 0.0993 -0.3192 -0.9425
vn 0.0472 0.0868 -0.9951
vn 0.1994 0.5536 -0.8086
vn 0.2516 0.2236 -0.9416
vn -0.0970 -0.5824 0.8071
vn 0.1228 -0.3287 0.9364
vn 0.0208 -0.1059 0.9942
vn 0.2719 0.6331 0.7247
vn 0.0717 0.1063 0.9917
vn 0.2751 0.2141 0.9373
vn -0.2196 -0.5455 -0.8088
vn -0.2751 -0.2141 -0.9373
vn -0.0721 -0.0767 -0.9944
vn 0.0979 0.6843 -0.7226
vn -0.0051 0.1310 -0.9914
vn -0.1227 0.3287 -0.9364
vn -0.2537 -0.6405 0.7249
vn -0.0469 -0.1164 0.9921
vn -0.2516 -0.2236 0.9417
vn 0.1172 0.5743 0.8102
vn -0.0993 0.3192 0.9425
vn 0.0041 0.0958 0.9954
vn -0.1552 -0.9879 -0.0031
vn 0.3242 -0.9460 -0.0088
vn 0.0217 -0.0045 -0.9998
vn 0.1829 -0.0498 -0.9819
vn 0.3815 0.9244 -0.0001
vn 0.7691 0.6391 -0.0064
vn 0.0467 -0.0146 0.9988
vn 0.2073 -0.0597 0.9764
vn -0.1484 -0.5689 0.8089
vn -0.0209 -0.1238 0.9921
vn 0.1687 0.5606 0.8107
vn 0.0457 0.1137 0.9925
vn -0.1828 0.0498 0.9819
vn -0.0217 0.0045 0.9998
vn -0.3815 -0.9244 0.0001
vn -0.7691 -0.6391 0.0064
vn 0.1552 0.9879 0.0031
vn -0.3242 0.9460 0.0088
vn -0.0467 0.0146 -0.9988
vn -0.2073 0.0597 -0.9764
vn -0.1686 -0.5606 -0.8107
vn -0.0457 -0.1137 -0.9925
vn 0.1484 0.5689 -0.8089
vn 0.0209 0.1238 -0.9921
vn -0.2702 -0.9628 -0.0015
vn 0.9627 -0.2702 -0.0134
vn -0.0125 0.0051 -0.9999
vn 0.2702 0.9628 0.0015
vn 0.0125 -0.0051 0.9999
vn -0.9627 0.2702 0.0134
vn -0.0939 -0.6776 -0.7294
vn 0.0052 -0.1210 -0.9926
vn 0.1242 -0.3184 -0.9398
vn 0.0708 0.0872 -0.9937
vn 0.2153 0.5550 -0.8035
vn 0.2729 0.2253 -0.9353
vn -0.1127 -0.5831 0.8046
vn 0.1021 -0.3279 0.9392
vn -0.0026 -0.1059 0.9944
vn 0.2501 0.6348 0.7310
vn 0.0470 0.1068 0.9932
vn 0.2509 0.2158 0.9437
vn -0.1964 -0.5468 -0.8139
vn -0.2509 -0.2158 -0.9437
vn -0.0474 -0.0771 -0.9959
vn 0.1109 0.6849 -0.7202
vn 0.0181 0.1310 -0.9912
vn -0.1022 0.3279 -0.9392
vn -0.2671 -0.6421 0.7186
vn -0.0702 -0.1168 0.9907
vn -0.2729 -0.2253 0.9353
vn 0.0938 0.5749 0.8128
vn -0.1242 0.3184 0.9398
vn -0.0207 0.0958 0.9952
vn -0.1487 -0.9889 -0.0068
vn 0.3304 -0.9438 -0.0009
vn 0.0459 -0.0043 -0.9989
vn 0.2069 -0.0485 -0.9772
vn 0.3754 0.9268 0.0091
vn 0.7648 0.6441 0.0122
vn 0.0225 -0.0144 0.9996
vn 0.1840 -0.0584 0.9812
vn -0.1643 -0.5699 0.8052
vn -0.0442 -0.1240 0.9913
vn 0.1453 0.5616 0.8145
vn 0.0209 0.1139 0.9933
vn -0.2069 0.0485 0.9772
vn -0.0459 0.0043 0.9989
vn -0.3754 -0.9268 -0.0091
vn -0.7648 -0.6441 -0.0122
vn 0.1487 0.9889 0.0068
vn -0.3304 0.9438 0.0009
vn -0.0225 0.0144 -0.9996
vn -0.1840 0.0584 -0.9812
vn -0.1453 -0.5617 -0.8145
vn -0.0209 -0.1139 -0.9933
vn 0.1643 0.5699 -0.8051
vn 0.0442 0.1240 -0.9913
vn -0.2639 -0.9645 -0.0080
vn 0.9645 -0.2639 0.0100
vn 0.0117 0.0051 -0.9999
vn 0.2639 0.9645 0.0080
vn -0.0117 -0.0051 0.9999
vn -0.9645 0.2639 -0.0100
vn 0.5570 -0.8257 -0.0893
vn 0.7747 -0.5463 -0.3184
vn 0.9228 -0.3800 -0.0636
vn 0.9470 0.0504 -0.3172
vn 0.8469 0.5162 -0.1280
vn 0.9892 -0.1380 -0.0491
vn 0.4423 -0.8884 0.1230
vn 0.9108 -0.4107 0.0416
vn 0.7767 -0.5481 0.3104
vn 0.9121 0.4015 0.0835
vn 0.9490 0.0485 0.3115
vn 0.9837 -0.1706 0.0561
vn -0.8477 -0.5154 -0.1257
vn -0.9895 0.1383 -0.0421
vn -0.9490 -0.0485 -0.3115
vn -0.5575 0.8262 -0.0810
vn -0.7767 0.5481 -0.3104
vn -0.9232 0.3803 -0.0557
vn -0.9115 -0.4020 0.0869
vn -0.9470 -0.0504 0.3172
vn -0.9834 0.1702 0.0633
vn -0.4415 0.8877 0.1309
vn -0.9105 0.4104 0.0497
vn -0.7747 0.5463 0.3184
vn 0.5593 -0.8290 -0.0042
vn 0.9116 -0.4110 -0.0041
vn 0.9056 -0.2609 -0.3343
vn 0.9588 -0.2768 -0.0638
vn 0.9151 0.4032 -0.0017
vn 0.9904 -0.1383 -0.0035
vn 0.9077 -0.2628 0.3272
vn 0.9592 -0.2771 0.0562
vn -0.2728 -0.9471 0.1693
vn -0.1927 -0.6772 0.7101
vn 0.2739 0.9461 0.1730
vn 0.1972 0.6731 0.7128
vn -0.9588 0.2768 0.0638
vn -0.9056 0.2609 0.3343
vn -0.9151 -0.4032 0.0017
vn -0.9904 0.1383 0.0035
vn -0.5593 0.8290 0.0042
vn -0.9116 0.4110 0.0041
vn -0.9077 0.2628 -0.3271
vn -0.9592 0.2771 -0.0562
vn -0.2739 -0.9461 -0.1730
vn -0.1972 -0.6731 -0.7128
vn 0.2728 0.9471 -0.1693
vn 0.1927 0.6772 -0.7101
vn -0.2775 -0.9607 -0.0019
vn 0.9607 -0.2774 -0.0038
vn -0.0031 0.0029 -1.0000
vn 0.2775 0.9607 0.0019
vn 0.0031 -0.0029 1.0000
vn -0.9607 0.2774 0.0038
vn -0.2212 -0.9255 -0.3074
vn -0.0803 -0.3704 -0.9254
vn -0.0142 -0.7147 -0.6993
vn 0.1187 0.2853 -0.9511
vn 0.2827 0.8813 -0.3787
vn 0.3675 0.6204 -0.6928
vn -0.2190 -0.8996 0.3778
vn -0.0036 -0.7244 0.6894
vn -0.0331 -0.3098 0.9502
vn 0.3068 0.9011 0.3064
vn 0.1440 0.3522 0.9248
vn 0.3781 0.6108 0.6957
vn -0.2885 -0.8761 -0.3864
vn -0.3781 -0.6108 -0.6957
vn -0.1332 -0.2721 -0.9530
vn 0.2165 0.9297 -0.2980
vn 0.0662 0.3833 -0.9212
vn 0.0036 0.7243 -0.6895
vn -0.3022 -0.9053 0.2986
vn -0.1299 -0.3650 0.9219
vn -0.3675 -0.6204 0.6928
vn 0.2249 0.8943 0.3869
vn 0.0142 0.7147 0.6992
vn 0.0476 0.2965 0.9538
vn -0.2296 -0.9733 -0.0050
vn -0.0123 -0.9999 -0.0068
vn 0.0373 -0.0059 -0.9993
vn 0.2455 -0.0656 -0.9672
vn 0.3195 0.9476 0.0041
vn 0.5180 0.8554 0.0020
vn 0.0525 -0.0198 0.9984
vn 0.2602 -0.0790 0.9623
vn -0.2510 -0.8909 0.3785
vn -0.0981 -0.3744 0.9221
vn 0.2568 0.8856 0.3869
vn 0.1122 0.3615 0.9256
vn -0.2455 0.0656 0.9672
vn -0.0373 0.0059 0.9993
vn -0.3195 -0.9476 -0.0041
vn -0.5180 -0.8554 -0.0020
vn 0.2296 0.9733 0.0050
vn 0.0124 0.9999 0.0068
vn -0.0525 0.0198 -0.9984
vn -0.2602 0.0789 -0.9623
vn -0.2569 -0.8856 -0.3869
vn -0.1122 -0.3616 -0.9256
vn 0.2510 0.8909 -0.3785
vn 0.0981 0.3744 -0.9221
vn -0.2748 -0.9615 -0.0046
vn 0.9615 -0.2748 -0.0092
vn -0.0076 0.0069 -0.9999
vn 0.2748 0.9615 0.0046
vn 0.0076 -0.0069 0.9999
vn -0.9615 0.2748 0.0092
vn -0.2149 -0.9276 -0.3057
vn -0.0800 -0.3721 -0.9247
vn -0.0106 -0.7156 -0.6984
vn 0.1139 0.2852 -0.9517
vn 0.2749 0.8831 -0.3802
vn 0.3608 0.6225 -0.6945
vn -0.2110 -0.9008 0.3795
vn 0.0039 -0.7237 0.6901
vn -0.0281 -0.3090 0.9506
vn 0.3007 0.9037 0.3047
vn 0.1439 0.3542 0.9240
vn 0.3753 0.6143 0.6941
vn -0.2829 -0.8786 -0.3847
vn -0.3752 -0.6143 -0.6941
vn -0.1338 -0.2740 -0.9524
vn 0.2086 0.9310 -0.2995
vn 0.0607 0.3828 -0.9218
vn -0.0039 0.7237 -0.6901
vn -0.2943 -0.9073 0.3004
vn -0.1245 -0.3651 0.9226
vn -0.3607 -0.6225 0.6946
vn 0.2190 0.8964 0.3855
vn 0.0106 0.7156 0.6984
vn 0.0480 0.2978 0.9534
vn -0.2221 -0.9750 -0.0034
vn -0.0047 -1.0000 -0.0058
vn 0.0345 -0.0066 -0.9994
vn 0.2433 -0.0647 -0.9678
vn 0.3121 0.9500 0.0023
vn 0.5114 0.8594 -0.0003
vn 0.0555 -0.0183 0.9983
vn 0.2635 -0.0760 0.9617
vn -0.2430 -0.8925 0.3800
vn -0.0926 -0.3741 0.9227
vn 0.2511 0.8880 0.3853
vn 0.1120 0.3632 0.9249
vn -0.2433 0.0647 0.9678
vn -0.0345 0.0066 0.9994
vn -0.3121 -0.9500 -0.0023
vn -0.5114 -0.8593 0.0003
vn 0.2221 0.9750 0.0034
vn 0.0046 1.0000 0.0058
vn -0.0555 0.0183 -0.9983
vn -0.2635 0.0760 -0.9617
vn -0.2511 -0.8880 -0.3852
vn -0.1120 -0.3633 -0.9249
vn 0.2430 0.8925 -0.3800
vn 0.0927 0.3743 -0.9227
vn -0.2674 -0.9636 -0.0028
vn 0.9635 -0.2674 -0.0117
vn -0.0105 0.0059 -0.9999
vn 0.2674 0.9636 0.0028
vn 0.0105 -0.0059 0.9999
vn -0.9635 0.2674 0.0117
vn -0.2741 0.4160 0.8671
vn -0.4927 0.8144 0.3065
vn -0.7104 0.6317 0.3102
vn -0.3695 0.3509 -0.8604
vn -0.7190 0.6297 -0.2940
vn -0.5013 0.8124 -0.2977
vn 0.3694 0.3566 0.8581
vn 0.7190 0.6317 0.2898
vn 0.5012 0.8144 0.2923
vn 0.2740 0.4104 -0.8698
vn 0.4927 0.8124 -0.3118
vn 0.7104 0.6298 -0.3143
vn -0.3106 0.8694 0.3843
vn -0.1178 0.3626 0.9245
vn -0.3214 0.8669 -0.3810
vn -0.1440 0.3566 -0.9231
vn -0.7498 0.6617 0.0085
vn -0.5214 0.8533 0.0046
vn -0.7946 0.4632 0.3925
vn -0.3182 0.1944 0.9279
vn -0.8055 0.4607 -0.3728
vn -0.3445 0.1883 -0.9197
vn -0.9043 -0.1592 0.3961
vn -0.3637 -0.0634 0.9294
vn -0.9152 -0.1617 -0.3692
vn -0.3900 -0.0695 -0.9182
vn -0.5883 -0.7065 0.3934
vn -0.2328 -0.2901 0.9282
vn -0.5992 -0.7090 -0.3719
vn -0.2591 -0.2962 -0.9193
vn 0.0055 -0.9226 0.3857
vn 0.0132 -0.3797 0.9250
vn -0.0054 -0.9251 -0.3796
vn -0.0131 -0.3857 -0.9225
vn 0.5993 -0.7065 0.3765
vn 0.2591 -0.2901 0.9212
vn 0.5884 -0.7090 -0.3888
vn 0.2328 -0.2962 -0.9263
vn 0.9152 -0.1592 0.3702
vn 0.3900 -0.0634 0.9186
vn 0.9043 -0.1617 -0.3950
vn 0.3637 -0.0695 -0.9289
vn 0.8054 0.4632 0.3698
vn 0.3445 0.1944 0.9184
vn 0.7946 0.4607 -0.3955
vn 0.3182 0.1883 -0.9291
vn 0.5213 0.8533 -0.0102
vn 0.7497 0.6617 -0.0128
vn 0.3214 0.8694 0.3753
vn 0.1440 0.3626 0.9207
vn 0.3105 0.8669 -0.3900
vn 0.1177 0.3566 -0.9268
vn 0.0142 0.0033 0.9999
vn -0.3420 0.9397 0.0018
vn 0.3419 0.9397 -0.0079
vn -0.0142 -0.0033 -0.9999
vn -0.8660 0.5000 0.0107
vn -0.9847 -0.1736 0.0146
vn -0.6427 -0.7660 0.0117
vn -0.0000 -1.0000 0.0033
vn 0.6428 -0.7660 -0.0066
vn 0.9847 -0.1736 -0.0134
vn 0.8659 0.5000 -0.0140
vn -0.2798 0.4104 0.8679
vn -0.4947 0.8125 0.3085
vn -0.7125 0.6298 0.3095
vn -0.3637 0.3565 -0.8606
vn -0.7170 0.6317 -0.2947
vn -0.4993 0.8144 -0.2957
vn 0.3637 0.3510 0.8628
vn 0.7171 0.6298 0.2987
vn 0.4993 0.8125 0.3009
vn 0.2798 0.4160 -0.8653
vn 0.4948 0.8144 -0.3032
vn 0.7125 0.6317 -0.3055
vn -0.3131 0.8669 0.3878
vn -0.1239 0.3566 0.9260
vn -0.3189 0.8694 -0.3775
vn -0.1379 0.3626 -0.9217
vn -0.7498 0.6617 0.0078
vn -0.5214 0.8533 0.0067
vn -0.7972 0.4607 0.3902
vn -0.3244 0.1884 0.9270
vn -0.8030 0.4632 -0.3751
vn -0.3384 0.1943 -0.9207
vn -0.9069 -0.1617 0.3890
vn -0.3699 -0.0694 0.9265
vn -0.9127 -0.1592 -0.3763
vn -0.3838 -0.0635 -0.9212
vn -0.5910 -0.7090 0.3849
vn -0.2390 -0.2961 0.9248
vn -0.5968 -0.7065 -0.3804
vn -0.2530 -0.2902 -0.9229
vn 0.0029 -0.9251 0.3797
vn 0.0070 -0.3856 0.9226
vn -0.0029 -0.9226 -0.3856
vn -0.0070 -0.3797 -0.9251
vn 0.5967 -0.7090 0.3759
vn 0.2530 -0.2961 0.9210
vn 0.5909 -0.7065 -0.3894
vn 0.2390 -0.2902 -0.9266
vn 0.9127 -0.1617 0.3753
vn 0.3838 -0.0694 0.9208
vn 0.9069 -0.1592 -0.3901
vn 0.3699 -0.0635 -0.9269
vn 0.8030 0.4607 0.3781
vn 0.3384 0.1884 0.9220
vn 0.7972 0.4632 -0.3873
vn 0.3244 0.1943 -0.9257
vn 0.5214 0.8533 -0.0012
vn 0.7498 0.6617 -0.0036
vn 0.3189 0.8669 0.3831
vn 0.1379 0.3566 0.9240
vn 0.3131 0.8694 -0.3823
vn 0.1239 0.3626 -0.9237
vn 0.0076 -0.0032 1.0000
vn -0.3420 0.9397 0.0056
vn 0.3420 0.9397 0.0004
vn -0.0076 0.0032 -1.0000
vn -0.8660 0.5000 0.0082
vn -0.9848 -0.1736 0.0069
vn -0.6428 -0.7660 0.0024
vn -0.0000 -1.0000 -0.0032
vn 0.6428 -0.7660 -0.0073
vn 0.9848 -0.1736 -0.0080
vn 0.8660 0.5000 -0.0050
vn 0.0088 -0.9956 -0.0932
vn 0.0168 -0.8259 -0.5636
vn 0.0804 -0.9586 -0.2732
vn 0.0398 0.7527 -0.6572
vn 0.0181 0.9937 -0.1107
vn 0.0932 0.9599 -0.2645
vn 0.0058 -0.9938 0.1106
vn 0.0821 -0.9610 0.2640
vn 0.0341 -0.7530 0.6571
vn 0.0224 0.9954 0.0932
vn 0.0313 0.8255 0.5635
vn 0.0948 0.9574 0.2727
vn -0.0189 -0.9926 -0.1196
vn -0.0948 -0.9574 -0.2727
vn -0.0440 -0.7466 -0.6638
vn -0.0093 0.9964 -0.0840
vn -0.0203 0.8309 -0.5560
vn -0.0821 0.9611 -0.2639
vn -0.0219 -0.9962 0.0841
vn -0.0278 -0.8305 0.5564
vn -0.0931 -0.9599 0.2645
vn -0.0051 0.9928 0.1198
vn -0.0804 0.9586 0.2732
vn -0.0300 0.7472 0.6639
vn 0.0091 -0.9999 -0.0046
vn 0.0843 -0.9964 -0.0048
vn 0.0527 0.0042 -0.9986
vn 0.3071 0.0023 -0.9517
vn 0.0223 0.9997 0.0045
vn 0.0976 0.9952 0.0042
vn 0.0590 -0.0049 0.9982
vn 0.3131 -0.0064 0.9497
vn -0.0062 -0.9939 0.1106
vn -0.0037 -0.8309 0.5564
vn 0.0069 0.9928 0.1198
vn 0.0072 0.8260 0.5637
vn -0.3071 -0.0023 0.9517
vn -0.0527 -0.0042 0.9986
vn -0.0223 -0.9997 -0.0045
vn -0.0975 -0.9952 -0.0042
vn -0.0091 0.9999 0.0046
vn -0.0843 0.9964 0.0048
vn -0.0590 0.0049 -0.9982
vn -0.3132 0.0064 -0.9497
vn -0.0069 -0.9928 -0.1197
vn -0.0072 -0.8259 -0.5637
vn 0.0062 0.9938 -0.1107
vn 0.0037 0.8310 -0.5563
vn -0.0066 -1.0000 -0.0045
vn 1.0000 -0.0066 -0.0032
vn -0.0032 0.0046 -1.0000
vn 0.0066 1.0000 0.0045
vn 0.0032 -0.0046 1.0000
vn -1.0000 0.0066 0.0032
vn -0.0479 0.5301 0.8466
vn 0.2746 0.8740 0.4009
vn -0.2349 0.9156 0.3263
vn 0.0480 0.5114 -0.8580
vn -0.2745 0.8650 -0.4200
vn 0.2350 0.9082 -0.3463
vn -0.4392 0.3010 0.8465
vn -0.5097 0.7634 0.3969
vn -0.8603 0.3904 0.3279
vn -0.3751 0.3483 -0.8591
vn -0.8499 0.3209 -0.4179
vn -0.5656 0.7468 -0.3499
vn -0.5041 -0.1477 0.8509
vn -0.9122 0.0813 0.4017
vn -0.8396 -0.4260 0.3370
vn -0.5114 -0.0841 -0.8552
vn -0.7833 -0.4683 -0.4088
vn -0.9386 0.0202 -0.3445
vn -0.1937 -0.4781 0.8567
vn -0.6299 -0.6586 0.4117
vn -0.1884 -0.9188 0.3468
vn -0.2583 -0.4602 -0.8494
vn -0.1248 -0.9082 -0.3995
vn -0.6031 -0.7244 -0.3340
vn 0.2582 -0.4415 0.8593
vn 0.1247 -0.8992 0.4194
vn 0.6030 -0.7169 0.3498
vn 0.1936 -0.4969 -0.8460
vn 0.6298 -0.6676 -0.3971
vn 0.1883 -0.9263 -0.3265
vn 0.5114 -0.0654 0.8569
vn 0.7833 -0.4593 0.4190
vn 0.9386 0.0276 0.3439
vn 0.5040 -0.1664 -0.8475
vn 0.9122 0.0723 -0.4033
vn 0.8395 -0.4335 -0.3275
vn 0.3751 0.3671 0.8512
vn 0.8500 0.3299 0.4108
vn 0.5657 0.7542 0.3335
vn 0.4392 0.2823 -0.8529
vn 0.5098 0.7544 -0.4135
vn 0.8604 0.3830 -0.3364
vn -0.3943 0.8175 0.4198
vn -0.1817 0.3746 0.9092
vn -0.3885 0.8081 -0.4429
vn -0.1694 0.3545 -0.9196
vn 0.2473 0.9689 -0.0090
vn -0.2471 0.9689 -0.0123
vn -0.9116 0.4108 -0.0106
vn -0.6034 0.7974 -0.0128
vn -0.8824 0.2055 0.4232
vn -0.4006 0.1001 0.9108
vn -0.8766 0.1960 -0.4394
vn -0.3883 0.0800 -0.9180
vn -0.8897 -0.4566 -0.0010
vn -0.9997 0.0254 -0.0070
vn -0.7083 -0.5577 0.4328
vn -0.3225 -0.2422 0.9150
vn -0.7025 -0.5672 -0.4299
vn -0.3102 -0.2623 -0.9137
vn -0.1977 -0.9802 0.0094
vn -0.6432 -0.7657 0.0041
vn -0.0030 -0.8974 0.4412
vn -0.0062 -0.3946 0.9188
vn 0.0028 -0.9069 -0.4214
vn 0.0061 -0.4147 -0.9100
vn 0.6431 -0.7657 0.0127
vn 0.1976 -0.9802 0.0121
vn 0.7024 -0.5577 0.4422
vn 0.3102 -0.2422 0.9193
vn 0.7082 -0.5672 -0.4204
vn 0.3225 -0.2623 -0.9095
vn 0.9997 0.0254 0.0064
vn 0.8896 -0.4566 0.0110
vn 0.8767 0.2055 0.4350
vn 0.3884 0.1001 0.9161
vn 0.8825 0.1960 -0.4276
vn 0.4006 0.0800 -0.9127
vn 0.6035 0.7974 -0.0047
vn 0.9117 0.4108 0.0016
vn 0.3886 0.8175 0.4250
vn 0.1695 0.3746 0.9116
vn 0.3944 0.8081 -0.4376
vn 0.1817 0.3545 -0.9172
vn -0.0067 0.0110 0.9999
vn -0.4338 0.9009 -0.0128
vn 0.4339 0.9009 -0.0070
vn 0.0067 -0.0110 -0.9999
vn -0.9749 0.2225 -0.0090
vn -0.7819 -0.6235 0.0016
vn -0.0001 -0.9999 0.0110
vn 0.7818 -0.6235 0.0121
vn 0.9749 0.2225 0.0041
vn -0.0244 0.5174 0.8554
vn 0.2858 0.8679 0.4062
vn -0.2255 0.9106 0.3463
vn 0.0245 0.5241 -0.8513
vn -0.2856 0.8712 -0.3994
vn 0.2257 0.9133 -0.3391
vn -0.4156 0.2883 0.8626
vn -0.4983 0.7573 0.4221
vn -0.8508 0.3853 0.3572
vn -0.3985 0.3611 -0.8431
vn -0.8610 0.3270 -0.3895
vn -0.5748 0.7518 -0.3231
vn -0.4805 -0.1604 0.8622
vn -0.9007 0.0752 0.4278
vn -0.8301 -0.4311 0.3536
vn -0.5347 -0.0713 -0.8420
vn -0.7944 -0.4622 -0.3940
vn -0.9477 0.0252 -0.3182
vn -0.1702 -0.4909 0.8544
vn -0.6185 -0.6648 0.4190
vn -0.1791 -0.9239 0.3381
vn -0.2817 -0.4475 -0.8487
vn -0.1360 -0.9021 -0.4095
vn -0.6123 -0.7194 -0.3281
vn 0.2816 -0.4542 0.8452
vn 0.1359 -0.9053 0.4023
vn 0.6122 -0.7220 0.3224
vn 0.1701 -0.4842 -0.8583
vn 0.6184 -0.6615 -0.4242
vn 0.1789 -0.9213 -0.3453
vn 0.5347 -0.0781 0.8414
vn 0.7944 -0.4654 0.3904
vn 0.9477 0.0226 0.3184
vn 0.4805 -0.1537 -0.8634
vn 0.9008 0.0784 -0.4272
vn 0.8301 -0.4284 -0.3569
vn 0.3985 0.3544 0.8459
vn 0.8611 0.3238 0.3921
vn 0.5749 0.7492 0.3290
vn 0.4157 0.2951 -0.8603
vn 0.4984 0.7605 -0.4161
vn 0.8509 0.3880 -0.3542
vn -0.3823 0.8111 0.4426
vn -0.1565 0.3610 0.9194
vn -0.4003 0.8145 -0.4199
vn -0.1945 0.3682 -0.9092
vn 0.2472 0.9690 -0.0013
vn -0.2471 0.9690 0.0090
vn -0.9115 0.4109 0.0206
vn -0.6032 0.7974 0.0157
vn -0.8704 0.1991 0.4503
vn -0.3754 0.0864 0.9228
vn -0.8883 0.2025 -0.4122
vn -0.4134 0.0936 -0.9057
vn -0.8895 -0.4566 0.0167
vn -0.9995 0.0254 0.0209
vn -0.6963 -0.5642 0.4437
vn -0.2973 -0.2559 0.9199
vn -0.7142 -0.5608 -0.4188
vn -0.3353 -0.2487 -0.9087
vn -0.1977 -0.9803 0.0003
vn -0.6431 -0.7657 0.0104
vn 0.0089 -0.9039 0.4277
vn 0.0190 -0.4082 0.9127
vn -0.0090 -0.9005 -0.4348
vn -0.0191 -0.4010 -0.9159
vn 0.6430 -0.7657 -0.0164
vn 0.1976 -0.9803 -0.0080
vn 0.7141 -0.5642 0.4144
vn 0.3353 -0.2559 0.9067
vn 0.6962 -0.5608 -0.4482
vn 0.2972 -0.2487 -0.9218
vn 0.9995 0.0254 -0.0207
vn 0.8894 -0.4566 -0.0203
vn 0.8884 0.1991 0.4137
vn 0.4135 0.0864 0.9064
vn 0.8704 0.2025 -0.4488
vn 0.3754 0.0936 -0.9221
vn 0.6034 0.7974 -0.0094
vn 0.9115 0.4108 -0.0174
vn 0.4004 0.8111 0.4263
vn 0.1946 0.3610 0.9121
vn 0.3824 0.8145 -0.4362
vn 0.1565 0.3682 -0.9165
vn 0.0208 -0.0039 0.9998
vn -0.4337 0.9010 0.0126
vn 0.4339 0.9010 -0.0055
vn -0.0208 0.0039 -0.9998
vn -0.9747 0.2225 0.0212
vn -0.7817 -0.6235 0.0138
vn -0.0001 -1.0000 -0.0039
vn 0.7816 -0.6235 -0.0187
vn 0.9747 0.2225 -0.0194
vn -0.0145 0.5115 0.8592
vn 0.2906 0.8651 0.4089
vn -0.2213 0.9082 0.3551
vn 0.0148 0.5300 -0.8479
vn -0.2900 0.8740 -0.3900
vn 0.2220 0.9156 -0.3353
vn -0.4056 0.2824 0.8693
vn -0.4933 0.7544 0.4330
vn -0.8466 0.3830 0.3696
vn -0.4081 0.3670 -0.8360
vn -0.8654 0.3298 -0.3773
vn -0.5783 0.7541 -0.3112
vn -0.4706 -0.1663 0.8665
vn -0.8958 0.0724 0.4386
vn -0.8261 -0.4334 0.3601
vn -0.5444 -0.0654 -0.8363
vn -0.7990 -0.4593 -0.3881
vn -0.9513 0.0276 -0.3071
vn -0.1604 -0.4968 0.8529
vn -0.6138 -0.6676 0.4215
vn -0.1754 -0.9262 0.3337
vn -0.2916 -0.4416 -0.8485
vn -0.1409 -0.8993 -0.4141
vn -0.6162 -0.7170 -0.3260
vn 0.2913 -0.4601 0.8387
vn 0.1403 -0.9081 0.3945
vn 0.6157 -0.7243 0.3103
vn 0.1601 -0.4782 -0.8635
vn 0.6133 -0.6587 -0.4359
vn 0.1747 -0.9189 -0.3537
vn 0.5444 -0.0840 0.8346
vn 0.7987 -0.4682 0.3780
vn 0.9513 0.0202 0.3076
vn 0.4705 -0.1478 -0.8700
vn 0.8958 0.0812 -0.4369
vn 0.8258 -0.4261 -0.3694
vn 0.4083 0.3484 0.8437
vn 0.8656 0.3209 0.3844
vn 0.5788 0.7468 0.3275
vn 0.4058 0.3009 -0.8630
vn 0.4938 0.7633 -0.4165
vn 0.8469 0.3903 -0.3612
vn -0.3770 0.8081 0.4526
vn -0.1458 0.3546 0.9236
vn -0.4049 0.8175 -0.4096
vn -0.2049 0.3745 -0.9043
vn 0.2474 0.9689 0.0025
vn -0.2468 0.9689 0.0185
vn -0.9111 0.4108 0.0339
vn -0.6028 0.7974 0.0281
vn -0.8651 0.1961 0.4617
vn -0.3647 0.0801 0.9277
vn -0.8930 0.2054 -0.4005
vn -0.4238 0.1000 -0.9002
vn -0.8894 -0.4566 0.0238
vn -0.9991 0.0254 0.0326
vn -0.6913 -0.5672 0.4478
vn -0.2868 -0.2622 0.9214
vn -0.7191 -0.5578 -0.4144
vn -0.3458 -0.2423 -0.9065
vn -0.1979 -0.9802 -0.0043
vn -0.6431 -0.7657 0.0125
vn 0.0136 -0.9068 0.4213
vn 0.0294 -0.4146 0.9095
vn -0.0142 -0.8974 -0.4409
vn -0.0297 -0.3947 -0.9183
vn 0.6425 -0.7657 -0.0291
vn 0.1972 -0.9802 -0.0170
vn 0.7187 -0.5672 0.4022
vn 0.3456 -0.2622 0.9010
vn 0.6909 -0.5578 -0.4600
vn 0.2866 -0.2423 -0.9269
vn 0.9992 0.0254 -0.0320
vn 0.8890 -0.4566 -0.0337
vn 0.8931 0.1961 0.4049
vn 0.4239 0.0801 0.9022
vn 0.8652 0.2054 -0.4573
vn 0.3648 0.1000 -0.9257
vn 0.6034 0.7974 -0.0108
vn 0.9114 0.4108 -0.0250
vn 0.4055 0.8081 0.4273
vn 0.2051 0.3546 0.9122
vn 0.3776 0.8175 -0.4349
vn 0.1461 0.3745 -0.9157
vn 0.0323 -0.0109 0.9994
vn -0.4333 0.9009 0.0238
vn 0.4340 0.9009 -0.0042
vn -0.0323 0.0109 -0.9994
vn -0.9743 0.2225 0.0339
vn -0.7816 -0.6235 0.0185
vn -0.0003 -0.9999 -0.0109
vn 0.7812 -0.6235 -0.0320
vn 0.9745 0.2225 -0.0291
vn -0.0598 0.5246 0.8492
vn 0.2688 0.8714 0.4103
vn -0.2395 0.9135 0.3289
vn 0.0599 0.5169 -0.8539
vn -0.2687 0.8677 -0.4182
vn 0.2397 0.9104 -0.3372
vn -0.4510 0.2956 0.8422
vn -0.5152 0.7608 0.3946
vn -0.8648 0.3882 0.3184
vn -0.3631 0.3538 -0.8619
vn -0.8441 0.3236 -0.4276
vn -0.5608 0.7490 -0.3530
vn -0.5158 -0.1532 0.8429
vn -0.9177 0.0787 0.3894
vn -0.8442 -0.4282 0.3225
vn -0.4994 -0.0786 -0.8628
vn -0.7775 -0.4656 -0.4227
vn -0.9337 0.0224 -0.3574
vn -0.2055 -0.4837 0.8508
vn -0.6354 -0.6613 0.3986
vn -0.1931 -0.9211 0.3382
vn -0.2464 -0.4548 -0.8559
vn -0.1191 -0.9056 -0.4071
vn -0.5983 -0.7222 -0.3471
vn 0.2463 -0.4470 0.8599
vn 0.1189 -0.9019 0.4153
vn 0.5981 -0.7192 0.3536
vn 0.2054 -0.4914 -0.8464
vn 0.6353 -0.6650 -0.3926
vn 0.1929 -0.9241 -0.3298
vn 0.4994 -0.0708 0.8635
vn 0.7774 -0.4619 0.4269
vn 0.9337 0.0254 0.3572
vn 0.5158 -0.1609 -0.8415
vn 0.9177 0.0750 -0.3901
vn 0.8441 -0.4313 -0.3186
vn 0.3632 0.3616 0.8587
vn 0.8441 0.3272 0.4247
vn 0.5609 0.7520 0.3462
vn 0.4510 0.2878 -0.8448
vn 0.5154 0.7571 -0.4015
vn 0.8649 0.3851 -0.3219
vn -0.4002 0.8148 0.4195
vn -0.1944 0.3687 0.9090
vn -0.3824 0.8109 -0.4430
vn -0.1566 0.3604 -0.9195
vn 0.2472 0.9690 0.0007
vn -0.2471 0.9689 -0.0095
vn -0.9115 0.4108 -0.0207
vn -0.6032 0.7974 -0.0161
vn -0.8883 0.2027 0.4122
vn -0.4133 0.0942 0.9057
vn -0.8705 0.1988 -0.4503
vn -0.3755 0.0859 -0.9228
vn -0.8895 -0.4566 -0.0163
vn -0.9995 0.0254 -0.0208
vn -0.7142 -0.5605 0.4192
vn -0.3352 -0.2481 0.9089
vn -0.6964 -0.5645 -0.4433
vn -0.2974 -0.2564 -0.9197
vn -0.1977 -0.9803 0.0004
vn -0.6431 -0.7657 -0.0098
vn -0.0090 -0.9002 0.4353
vn -0.0189 -0.4005 0.9161
vn 0.0088 -0.9041 -0.4272
vn 0.0188 -0.4088 -0.9124
vn 0.6429 -0.7657 0.0168
vn 0.1976 -0.9803 0.0085
vn 0.6962 -0.5605 0.4484
vn 0.2974 -0.2481 0.9219
vn 0.7141 -0.5645 -0.4141
vn 0.3352 -0.2564 -0.9066
vn 0.9995 0.0254 0.0205
vn 0.8894 -0.4566 0.0204
vn 0.8705 0.2027 0.4485
vn 0.3755 0.0942 0.9220
vn 0.8883 0.1988 -0.4140
vn 0.4133 0.0859 -0.9065
vn 0.6034 0.7974 0.0088
vn 0.9115 0.4109 0.0170
vn 0.3825 0.8148 0.4356
vn 0.1567 0.3687 0.9162
vn 0.4003 0.8109 -0.4268
vn 0.1945 0.3604 -0.9123
vn -0.0206 0.0045 0.9998
vn -0.4337 0.9010 -0.0130
vn 0.4339 0.9010 0.0049
vn 0.0206 -0.0045 -0.9998
vn -0.9747 0.2225 -0.0211
vn -0.7817 -0.6235 -0.0133
vn -0.0001 -1.0000 0.0045
vn 0.7816 -0.6235 0.0190
vn 0.9747 0.2225 0.0191
vn -0.0024 0.5260 0.8505
vn 0.2958 0.8721 0.3899
vn -0.2169 0.9140 0.3429
vn 0.0021 0.5156 -0.8569
vn -0.2964 0.8670 -0.4005
vn 0.2163 0.9099 -0.3540
vn -0.3932 0.2969 0.8702
vn -0.4875 0.7614 0.4273
vn -0.8414 0.3887 0.3754
vn -0.4205 0.3525 -0.8360
vn -0.8710 0.3229 -0.3702
vn -0.5834 0.7484 -0.3155
vn -0.4578 -0.1519 0.8760
vn -0.8893 0.0793 0.4503
vn -0.8205 -0.4277 0.3794
vn -0.5565 -0.0799 -0.8270
vn -0.8042 -0.4663 -0.3685
vn -0.9557 0.0218 -0.2936
vn -0.1476 -0.4823 0.8635
vn -0.6071 -0.6606 0.4416
vn -0.1698 -0.9205 0.3519
vn -0.3035 -0.4561 -0.8366
vn -0.1462 -0.9062 -0.3967
vn -0.6203 -0.7228 -0.3048
vn 0.3038 -0.4456 0.8421
vn 0.1467 -0.9012 0.4077
vn 0.6207 -0.7186 0.3136
vn 0.1479 -0.4927 -0.8575
vn 0.6074 -0.6657 -0.4335
vn 0.1703 -0.9247 -0.3406
vn 0.5565 -0.0695 0.8279
vn 0.8045 -0.4613 0.3742
vn 0.9557 0.0260 0.2933
vn 0.4579 -0.1623 -0.8741
vn 0.8893 0.0743 -0.4513
vn 0.8207 -0.4318 -0.3741
vn 0.4203 0.3629 0.8317
vn 0.8708 0.3279 0.3662
vn 0.5829 0.7526 0.3063
vn 0.3930 0.2865 -0.8738
vn 0.4871 0.7564 -0.4366
vn 0.8412 0.3846 -0.3801
vn -0.3710 0.8155 0.4442
vn -0.1326 0.3701 0.9195
vn -0.4115 0.8102 -0.4175
vn -0.2183 0.3590 -0.9075
vn 0.2467 0.9689 -0.0175
vn -0.2472 0.9689 0.0057
vn -0.9108 0.4108 0.0402
vn -0.6030 0.7974 0.0234
vn -0.8585 0.2034 0.4708
vn -0.3513 0.0956 0.9314
vn -0.8989 0.1981 -0.3909
vn -0.4369 0.0844 -0.8955
vn -0.8885 -0.4566 0.0445
vn -0.9986 0.0254 0.0467
vn -0.6842 -0.5599 0.4674
vn -0.2731 -0.2467 0.9298
vn -0.7246 -0.5651 -0.3944
vn -0.3588 -0.2579 -0.8971
vn -0.1972 -0.9803 0.0153
vn -0.6422 -0.7657 0.0348
vn 0.0205 -0.8995 0.4364
vn 0.0430 -0.3990 0.9159
vn -0.0199 -0.9048 -0.4253
vn -0.0427 -0.4102 -0.9110
vn 0.6427 -0.7657 -0.0254
vn 0.1977 -0.9802 -0.0033
vn 0.7250 -0.5599 0.4013
vn 0.3589 -0.2467 0.9002
vn 0.6845 -0.5651 -0.4605
vn 0.2733 -0.2579 -0.9267
vn 0.9986 0.0254 -0.0470
vn 0.8888 -0.4566 -0.0389
vn 0.8988 0.2034 0.3884
vn 0.4369 0.0956 0.8944
vn 0.8583 0.1981 -0.4733
vn 0.3512 0.0844 -0.9325
vn 0.6025 0.7974 -0.0331
vn 0.9106 0.4108 -0.0452
vn 0.4110 0.8155 0.4076
vn 0.2181 0.3702 0.9030
vn 0.3706 0.8102 -0.4542
vn 0.1324 0.3590 -0.9239
vn 0.0468 0.0061 0.9989
vn -0.4337 0.9010 0.0148
vn 0.4332 0.9010 -0.0258
vn -0.0468 -0.0061 -0.9989
vn -0.9739 0.2225 0.0443
vn -0.7808 -0.6235 0.0404
vn 0.0003 -1.0000 0.0061
vn 0.7812 -0.6235 -0.0328
vn 0.9738 0.2225 -0.0470
vn -0.0460 0.5197 0.8531
vn 0.2755 0.8690 0.4110
vn -0.2342 0.9115 0.3380
vn 0.0460 0.5219 -0.8518
vn -0.2755 0.8701 -0.4088
vn 0.2342 0.9124 -0.3357
vn -0.4372 0.2906 0.8511
vn -0.5088 0.7584 0.4074
vn -0.8596 0.3863 0.3346
vn -0.3771 0.3588 -0.8539
vn -0.8509 0.3259 -0.4120
vn -0.5664 0.7509 -0.3394
vn -0.5021 -0.1581 0.8502
vn -0.9113 0.0763 0.4047
vn -0.8388 -0.4302 0.3337
vn -0.5134 -0.0736 -0.8550
vn -0.7843 -0.4633 -0.4127
vn -0.9394 0.0243 -0.3420
vn -0.1917 -0.4886 0.8512
vn -0.6289 -0.6637 0.4050
vn -0.1875 -0.9230 0.3359
vn -0.2602 -0.4498 -0.8544
vn -0.1257 -0.9032 -0.4103
vn -0.6038 -0.7203 -0.3415
vn 0.2602 -0.4520 0.8532
vn 0.1257 -0.9043 0.4081
vn 0.6038 -0.7211 0.3396
vn 0.1917 -0.4864 -0.8524
vn 0.6289 -0.6626 -0.4067
vn 0.1875 -0.9222 -0.3383
vn 0.5134 -0.0758 0.8548
vn 0.7843 -0.4643 0.4115
vn 0.9394 0.0235 0.3421
vn 0.5021 -0.1560 -0.8506
vn 0.9113 0.0773 -0.4045
vn 0.8388 -0.4293 -0.3348
vn 0.3771 0.3566 0.8548
vn 0.8509 0.3249 0.4128
vn 0.5664 0.7501 0.3414
vn 0.4372 0.2928 -0.8504
vn 0.5088 0.7594 -0.4054
vn 0.8596 0.3871 -0.3336
vn -0.3933 0.8123 0.4306
vn -0.1796 0.3634 0.9142
vn -0.3895 0.8134 -0.4320
vn -0.1715 0.3657 -0.9148
vn 0.2472 0.9690 0.0023
vn -0.2472 0.9690 0.0001
vn -0.9117 0.4109 -0.0035
vn -0.6034 0.7974 -0.0017
vn -0.8815 0.2002 0.4277
vn -0.3985 0.0889 0.9128
vn -0.8777 0.2013 -0.4350
vn -0.3905 0.0912 -0.9161
vn -0.8896 -0.4566 -0.0045
vn -0.9997 0.0254 -0.0044
vn -0.7072 -0.5630 0.4275
vn -0.3204 -0.2535 0.9127
vn -0.7034 -0.5620 -0.4352
vn -0.3123 -0.2511 -0.9162
vn -0.1977 -0.9803 -0.0021
vn -0.6431 -0.7657 -0.0038
vn -0.0019 -0.9027 0.4302
vn -0.0040 -0.4058 0.9140
vn 0.0019 -0.9016 -0.4325
vn 0.0040 -0.4035 -0.9150
vn 0.6432 -0.7657 0.0019
vn 0.1977 -0.9803 -0.0004
vn 0.7035 -0.5631 0.4337
vn 0.3123 -0.2534 0.9155
vn 0.7073 -0.5620 -0.4289
vn 0.3204 -0.2511 -0.9134
vn 0.9997 0.0254 0.0044
vn 0.8896 -0.4566 0.0033
vn 0.8777 0.2002 0.4355
vn 0.3905 0.0889 0.9163
vn 0.8815 0.2013 -0.4272
vn 0.3985 0.0912 -0.9126
vn 0.6034 0.7974 0.0037
vn 0.9117 0.4109 0.0045
vn 0.3895 0.8123 0.4341
vn 0.1715 0.3634 0.9157
vn 0.3933 0.8134 -0.4286
vn 0.1796 0.3657 -0.9132
vn -0.0044 -0.0013 1.0000
vn -0.4339 0.9010 -0.0008
vn 0.4339 0.9010 0.0031
vn 0.0044 0.0013 -1.0000
vn -0.9749 0.2225 -0.0040
vn -0.7818 -0.6235 -0.0042
vn -0.0000 -1.0000 -0.0013
vn 0.7818 -0.6235 0.0027
vn 0.9749 0.2225 0.0046
vn -0.0422 0.5259 0.8495
vn 0.2773 0.8720 0.4034
vn -0.2327 0.9140 0.3324
vn 0.0421 0.5156 -0.8558
vn -0.2773 0.8671 -0.4138
vn 0.2326 0.9099 -0.3434
vn -0.4334 0.2968 0.8509
vn -0.5070 0.7614 0.4041
vn -0.8580 0.3887 0.3356
vn -0.3809 0.3526 -0.8548
vn -0.8528 0.3229 -0.4105
vn -0.5680 0.7485 -0.3424
vn -0.4982 -0.1519 0.8536
vn -0.9094 0.0793 0.4083
vn -0.8373 -0.4277 0.3406
vn -0.5172 -0.0798 -0.8521
vn -0.7861 -0.4663 -0.4058
vn -0.9409 0.0219 -0.3380
vn -0.1878 -0.4824 0.8556
vn -0.6270 -0.6607 0.4127
vn -0.1860 -0.9206 0.3435
vn -0.2641 -0.4560 -0.8499
vn -0.1275 -0.9062 -0.4032
vn -0.6054 -0.7227 -0.3335
vn 0.2641 -0.4457 0.8553
vn 0.1275 -0.9013 0.4141
vn 0.6054 -0.7186 0.3422
vn 0.1878 -0.4927 -0.8497
vn 0.6270 -0.6656 -0.4047
vn 0.1860 -0.9246 -0.3324
vn 0.5172 -0.0696 0.8530
vn 0.7861 -0.4613 0.4114
vn 0.9409 0.0259 0.3377
vn 0.4982 -0.1622 -0.8517
vn 0.9094 0.0743 -0.4092
vn 0.8373 -0.4318 -0.3354
vn 0.3809 0.3628 0.8504
vn 0.8528 0.3279 0.4066
vn 0.5680 0.7525 0.3333
vn 0.4334 0.2865 -0.8544
vn 0.5070 0.7565 -0.4132
vn 0.8581 0.3846 -0.3403
vn -0.3914 0.8154 0.4265
vn -0.1755 0.3701 0.9123
vn -0.3915 0.8102 -0.4362
vn -0.1757 0.3591 -0.9166
vn 0.2472 0.9689 -0.0059
vn -0.2472 0.9689 -0.0058
vn -0.9117 0.4109 -0.0024
vn -0.6034 0.7974 -0.0047
vn -0.8795 0.2033 0.4302
vn -0.3944 0.0955 0.9140
vn -0.8796 0.1982 -0.4325
vn -0.3946 0.0845 -0.9150
vn -0.8897 -0.4566 0.0028
vn -0.9997 0.0254 -0.0001
vn -0.7053 -0.5599 0.4348
vn -0.3163 -0.2468 0.9160
vn -0.7054 -0.5651 -0.4279
vn -0.3165 -0.2578 -0.9129
vn -0.1977 -0.9802 0.0059
vn -0.6431 -0.7657 0.0047
vn -0.0000 -0.8996 0.4368
vn 0.0001 -0.3991 0.9169
vn -0.0000 -0.9048 -0.4259
vn -0.0001 -0.4101 -0.9120
vn 0.6432 -0.7657 0.0045
vn 0.1977 -0.9803 0.0059
vn 0.7054 -0.5599 0.4347
vn 0.3164 -0.2468 0.9159
vn 0.7053 -0.5651 -0.4280
vn 0.3163 -0.2578 -0.9130
vn 0.9997 0.0254 -0.0002
vn 0.8897 -0.4566 0.0027
vn 0.8796 0.2033 0.4301
vn 0.3946 0.0955 0.9139
vn 0.8795 0.1982 -0.4326
vn 0.3944 0.0845 -0.9150
vn 0.6034 0.7974 -0.0049
vn 0.9117 0.4108 -0.0026
vn 0.3915 0.8154 0.4264
vn 0.1757 0.3701 0.9122
vn 0.3914 0.8102 -0.4363
vn 0.1755 0.3591 -0.9167
vn 0.0001 0.0060 1.0000
vn -0.4339 0.9010 -0.0054
vn -0.0001 -0.0060 -1.0000
vn -0.9749 0.2225 -0.0012
vn -0.7818 -0.6235 0.0038
vn -0.0000 -1.0000 0.0060
vn 0.7818 -0.6235 0.0037
vn 0.9749 0.2225 -0.0014
vn -0.0504 0.5168 0.8546
vn 0.2733 0.8677 0.4153
vn -0.2359 0.9104 0.3399
vn 0.0504 0.5248 -0.8498
vn -0.2734 0.8715 -0.4072
vn 0.2359 0.9135 -0.3314
vn -0.4416 0.2877 0.8498
vn -0.5109 0.7570 0.4073
vn -0.8613 0.3851 0.3315
vn -0.3727 0.3617 -0.8546
vn -0.8488 0.3273 -0.4152
vn -0.5647 0.7521 -0.3398
vn -0.5064 -0.1610 0.8471
vn -0.9133 0.0749 0.4003
vn -0.8405 -0.4314 0.3279
vn -0.5090 -0.0707 -0.8579
vn -0.7821 -0.4619 -0.4183
vn -0.9376 0.0255 -0.3468
vn -0.1960 -0.4915 0.8485
vn -0.6309 -0.6651 0.3995
vn -0.1892 -0.9242 0.3318
vn -0.2558 -0.4469 -0.8572
vn -0.1235 -0.9018 -0.4140
vn -0.6020 -0.7191 -0.3470
vn 0.2559 -0.4549 0.8530
vn 0.1236 -0.9056 0.4056
vn 0.6021 -0.7223 0.3403
vn 0.1960 -0.4835 -0.8531
vn 0.6310 -0.6612 -0.4057
vn 0.1893 -0.9210 -0.3404
vn 0.5090 -0.0787 0.8572
vn 0.7821 -0.4657 0.4140
vn 0.9376 0.0223 0.3470
vn 0.5064 -0.1531 -0.8486
vn 0.9133 0.0787 -0.3996
vn 0.8405 -0.4282 -0.3319
vn 0.3727 0.3537 0.8579
vn 0.8488 0.3235 0.4183
vn 0.5647 0.7489 0.3468
vn 0.4416 0.2956 -0.8471
vn 0.5108 0.7608 -0.4002
vn 0.8612 0.3883 -0.3279
vn -0.3956 0.8108 0.4314
vn -0.1843 0.3603 0.9144
vn -0.3873 0.8148 -0.4313
vn -0.1669 0.3688 -0.9144
vn 0.2472 0.9690 0.0069
vn -0.2472 0.9690 0.0022
vn -0.9117 0.4109 -0.0068
vn -0.6034 0.7974 -0.0020
vn -0.8837 0.1987 0.4239
vn -0.4032 0.0858 0.9111
vn -0.8754 0.2028 -0.4388
vn -0.3858 0.0943 -0.9178
vn -0.8896 -0.4566 -0.0106
vn -0.9996 0.0254 -0.0094
vn -0.7094 -0.5645 0.4220
vn -0.3251 -0.2566 0.9102
vn -0.7012 -0.5605 -0.4407
vn -0.3076 -0.2480 -0.9186
vn -0.1976 -0.9803 -0.0065
vn -0.6431 -0.7657 -0.0097
vn -0.0041 -0.9042 0.4271
vn -0.0087 -0.4089 0.9125
vn 0.0042 -0.9002 -0.4355
vn 0.0087 -0.4004 -0.9163
vn 0.6432 -0.7657 0.0026
vn 0.1977 -0.9803 -0.0027
vn 0.7012 -0.5645 0.4354
vn 0.3076 -0.2566 0.9163
vn 0.7095 -0.5605 -0.4272
vn 0.3251 -0.2480 -0.9126
vn 0.9996 0.0254 0.0097
vn 0.8896 -0.4566 0.0064
vn 0.8754 0.1987 0.4406
vn 0.3858 0.0858 0.9186
vn 0.8836 0.2028 -0.4220
vn 0.4032 0.0943 -0.9102
vn 0.6034 0.7974 0.0095
vn 0.9116 0.4109 0.0106
vn 0.3873 0.8108 0.4388
vn 0.1668 0.3603 0.9178
vn 0.3955 0.8148 -0.4238
vn 0.1843 0.3688 -0.9110
vn -0.0095 -0.0047 0.9999
vn -0.4339 0.9010 0.0001
vn 0.4338 0.9010 0.0083
vn 0.0095 0.0047 -0.9999
vn -0.9749 0.2225 -0.0083
vn -0.7818 -0.6235 -0.0104
vn -0.0000 -1.0000 -0.0047
vn 0.7818 -0.6235 0.0046
vn 0.9749 0.2225 0.0103
vn -0.0059 0.5225 0.8526
vn 0.2943 0.8704 0.3947
vn -0.2181 0.9126 0.3457
vn 0.0058 0.5191 -0.8547
vn -0.2945 0.8688 -0.3982
vn 0.2180 0.9113 -0.3493
vn -0.3968 0.2934 0.8698
vn -0.4892 0.7597 0.4284
vn -0.8429 0.3874 0.3734
vn -0.4168 0.3560 -0.8364
vn -0.8694 0.3246 -0.3726
vn -0.5819 0.7498 -0.3149
vn -0.4615 -0.1553 0.8734
vn -0.8912 0.0776 0.4469
vn -0.8221 -0.4291 0.3741
vn -0.5530 -0.0764 -0.8297
vn -0.8027 -0.4646 -0.3738
vn -0.9544 0.0232 -0.2975
vn -0.1514 -0.4858 0.8609
vn -0.6091 -0.6623 0.4363
vn -0.1714 -0.9219 0.3474
vn -0.3001 -0.4526 -0.8397
vn -0.1447 -0.9046 -0.4010
vn -0.6191 -0.7214 -0.3104
vn 0.3001 -0.4492 0.8415
vn 0.1449 -0.9029 0.4046
vn 0.6192 -0.7200 0.3132
vn 0.1514 -0.4892 -0.8589
vn 0.6092 -0.6640 -0.4337
vn 0.1715 -0.9233 -0.3437
vn 0.5530 -0.0730 0.8300
vn 0.8028 -0.4630 0.3757
vn 0.9544 0.0246 0.2974
vn 0.4615 -0.1588 -0.8728
vn 0.8912 0.0760 -0.4472
vn 0.8222 -0.4304 -0.3724
vn 0.4168 0.3594 0.8349
vn 0.8693 0.3262 0.3713
vn 0.5817 0.7512 0.3119
vn 0.3967 0.2900 -0.8709
vn 0.4891 0.7581 -0.4314
vn 0.8429 0.3860 -0.3749
vn -0.3728 0.8137 0.4460
vn -0.1365 0.3664 0.9204
vn -0.4095 0.8120 -0.4159
vn -0.2144 0.3627 -0.9069
vn 0.2469 0.9690 -0.0125
vn -0.2471 0.9690 0.0086
vn -0.9109 0.4109 0.0380
vn -0.6029 0.7974 0.0241
vn -0.8604 0.2016 0.4680
vn -0.3552 0.0919 0.9303
vn -0.8972 0.1999 -0.3939
vn -0.4331 0.0882 -0.8970
vn -0.8888 -0.4566 0.0388
vn -0.9988 0.0254 0.0426
vn -0.6863 -0.5616 0.4621
vn -0.2771 -0.2505 0.9276
vn -0.7231 -0.5634 -0.3998
vn -0.3550 -0.2541 -0.8997
vn -0.1974 -0.9803 0.0104
vn -0.6425 -0.7657 0.0289
vn 0.0185 -0.9013 0.4328
vn 0.0390 -0.4028 0.9145
vn -0.0183 -0.9030 -0.4291
vn -0.0389 -0.4065 -0.9128
vn 0.6427 -0.7657 -0.0259
vn 0.1976 -0.9803 -0.0065
vn 0.7231 -0.5616 0.4020
vn 0.3551 -0.2505 0.9007
vn 0.6864 -0.5634 -0.4599
vn 0.2771 -0.2541 -0.9266
vn 0.9988 0.0254 -0.0427
vn 0.8889 -0.4566 -0.0370
vn 0.8971 0.2016 0.3931
vn 0.4331 0.0919 0.8967
vn 0.8604 0.1999 -0.4688
vn 0.3552 0.0882 -0.9306
vn 0.6028 0.7974 -0.0273
vn 0.9108 0.4109 -0.0397
vn 0.4094 0.8137 0.4127
vn 0.2144 0.3664 0.9054
vn 0.3726 0.8120 -0.4493
vn 0.1364 0.3627 -0.9219
vn 0.0426 0.0020 0.9991
vn -0.4336 0.9010 0.0167
vn 0.4334 0.9010 -0.0203
vn -0.0426 -0.0020 -0.9991
vn -0.9741 0.2225 0.0411
vn -0.7811 -0.6235 0.0346
vn 0.0001 -1.0000 0.0020
vn 0.7812 -0.6235 -0.0321
vn 0.9740 0.2225 -0.0420
vn -0.0583 0.5214 0.8513
vn 0.2695 0.8699 0.4131
vn -0.2390 0.9122 0.3328
vn 0.0583 0.5201 -0.8521
vn -0.2695 0.8693 -0.4145
vn 0.2390 0.9117 -0.3342
vn -0.4495 0.2923 0.8441
vn -0.5146 0.7592 0.3984
vn -0.8643 0.3870 0.3213
vn -0.3647 0.3571 -0.8600
vn -0.8448 0.3251 -0.4249
vn -0.5614 0.7503 -0.3491
vn -0.5144 -0.1564 0.8432
vn -0.9170 0.0771 0.3913
vn -0.8436 -0.4295 0.3223
vn -0.5009 -0.0754 -0.8622
vn -0.7782 -0.4641 -0.4231
vn -0.9343 0.0237 -0.3556
vn -0.2040 -0.4869 0.8493
vn -0.6347 -0.6628 0.3972
vn -0.1924 -0.9223 0.3350
vn -0.2479 -0.4515 -0.8571
vn -0.1198 -0.9041 -0.4103
vn -0.5988 -0.7210 -0.3487
vn 0.2478 -0.4502 0.8578
vn 0.1197 -0.9034 0.4117
vn 0.5988 -0.7204 0.3498
vn 0.2040 -0.4882 -0.8486
vn 0.6347 -0.6635 -0.3962
vn 0.1924 -0.9229 -0.3336
vn 0.5009 -0.0741 0.8623
vn 0.7782 -0.4635 0.4238
vn 0.9343 0.0242 0.3556
vn 0.5144 -0.1577 -0.8430
vn 0.9170 0.0765 -0.3914
vn 0.8436 -0.4300 -0.3217
vn 0.3647 0.3584 0.8594
vn 0.8448 0.3257 0.4244
vn 0.5615 0.7508 0.3480
vn 0.4495 0.2910 -0.8445
vn 0.5146 0.7586 -0.3996
vn 0.8643 0.3864 -0.3219
vn -0.3995 0.8132 0.4233
vn -0.1928 0.3653 0.9107
vn -0.3832 0.8125 -0.4393
vn -0.1582 0.3639 -0.9179
vn 0.2472 0.9690 0.0039
vn -0.2472 0.9690 -0.0054
vn -0.9115 0.4109 -0.0175
vn -0.6033 0.7974 -0.0120
vn -0.8876 0.2011 0.4145
vn -0.4117 0.0907 0.9068
vn -0.8713 0.2004 -0.4480
vn -0.3771 0.0893 -0.9218
vn -0.8895 -0.4566 -0.0165
vn -0.9995 0.0254 -0.0189
vn -0.7134 -0.5622 0.4184
vn -0.3336 -0.2516 0.9085
vn -0.6971 -0.5628 -0.4442
vn -0.2990 -0.2530 -0.9201
vn -0.1977 -0.9803 -0.0030
vn -0.6430 -0.7657 -0.0116
vn -0.0082 -0.9019 0.4320
vn -0.0173 -0.4040 0.9146
vn 0.0081 -0.9025 -0.4306
vn 0.0173 -0.4053 -0.9140
vn 0.6430 -0.7657 0.0127
vn 0.1976 -0.9803 0.0045
vn 0.6971 -0.5622 0.4450
vn 0.2990 -0.2516 0.9205
vn 0.7134 -0.5628 -0.4175
vn 0.3336 -0.2530 -0.9081
vn 0.9995 0.0254 0.0189
vn 0.8895 -0.4566 0.0172
vn 0.8713 0.2011 0.4477
vn 0.3771 0.0907 0.9217
vn 0.8876 0.2004 -0.4148
vn 0.4117 0.0893 -0.9069
vn 0.6033 0.7974 0.0108
vn 0.9115 0.4108 0.0169
vn 0.3832 0.8132 0.4380
vn 0.1583 0.3653 0.9173
vn 0.3995 0.8125 -0.4245
vn 0.1928 0.3639 -0.9113
vn -0.0189 0.0008 0.9998
vn -0.4338 0.9010 -0.0089
vn 0.4338 0.9010 0.0075
vn 0.0189 -0.0008 -0.9998
vn -0.9748 0.2225 -0.0186
vn -0.7817 -0.6235 -0.0143
vn -0.0000 -1.0000 0.0008
vn 0.7817 -0.6235 0.0152
vn 0.9748 0.2225 0.0183
vn -0.0545 0.5151 0.8554
vn 0.2713 0.8668 0.4183
vn -0.2376 0.9097 0.3406
vn 0.0544 0.5264 -0.8485
vn -0.2714 0.8723 -0.4068
vn 0.2374 0.9142 -0.3285
vn -0.4457 0.2860 0.8483
vn -0.5129 0.7562 0.4063
vn -0.8629 0.3845 0.3281
vn -0.3686 0.3634 -0.8556
vn -0.8468 0.3281 -0.4187
vn -0.5631 0.7527 -0.3410
vn -0.5105 -0.1627 0.8443
vn -0.9152 0.0741 0.3961
vn -0.8420 -0.4320 0.3230
vn -0.5048 -0.0691 -0.8605
vn -0.7801 -0.4611 -0.4229
vn -0.9359 0.0261 -0.3512
vn -0.2001 -0.4932 0.8466
vn -0.6328 -0.6659 0.3952
vn -0.1908 -0.9248 0.3291
vn -0.2517 -0.4452 -0.8593
vn -0.1215 -0.9010 -0.4164
vn -0.6003 -0.7184 -0.3513
vn 0.2518 -0.4565 0.8533
vn 0.1217 -0.9064 0.4044
vn 0.6005 -0.7229 0.3418
vn 0.2002 -0.4819 -0.8531
vn 0.6330 -0.6604 -0.4040
vn 0.1910 -0.9204 -0.3413
vn 0.5048 -0.0804 0.8595
vn 0.7802 -0.4665 0.4168
vn 0.9359 0.0217 0.3515
vn 0.5105 -0.1514 -0.8464
vn 0.9152 0.0795 -0.3950
vn 0.8421 -0.4275 -0.3287
vn 0.3685 0.3521 0.8604
vn 0.8467 0.3227 0.4230
vn 0.5630 0.7482 0.3510
vn 0.4457 0.2973 -0.8444
vn 0.5127 0.7616 -0.3963
vn 0.8628 0.3889 -0.3230
vn -0.3977 0.8100 0.4311
vn -0.1887 0.3585 0.9143
vn -0.3853 0.8157 -0.4315
vn -0.1625 0.3706 -0.9145
vn 0.2471 0.9689 0.0100
vn -0.2473 0.9689 0.0029
vn -0.9116 0.4108 -0.0104
vn -0.6034 0.7974 -0.0034
vn -0.8857 0.1979 0.4200
vn -0.4076 0.0840 0.9093
vn -0.8733 0.2036 -0.4426
vn -0.3813 0.0961 -0.9194
vn -0.8895 -0.4566 -0.0158
vn -0.9996 0.0254 -0.0142
vn -0.7114 -0.5653 0.4174
vn -0.3294 -0.2583 0.9082
vn -0.6990 -0.5596 -0.4451
vn -0.3032 -0.2462 -0.9206
vn -0.1976 -0.9802 -0.0093
vn -0.6430 -0.7657 -0.0143
vn -0.0061 -0.9050 0.4253
vn -0.0131 -0.4107 0.9117
vn 0.0063 -0.8993 -0.4373
vn 0.0132 -0.3986 -0.9170
vn 0.6432 -0.7657 0.0042
vn 0.1978 -0.9802 -0.0037
vn 0.6991 -0.5653 0.4377
vn 0.3032 -0.2583 0.9172
vn 0.7115 -0.5596 -0.4249
vn 0.3295 -0.2462 -0.9115
vn 0.9996 0.0254 0.0145
vn 0.8896 -0.4566 0.0097
vn 0.8733 0.1979 0.4453
vn 0.3813 0.0840 0.9206
vn 0.8856 0.2036 -0.4173
vn 0.4076 0.0961 -0.9081
vn 0.6033 0.7974 0.0139
vn 0.9116 0.4109 0.0158
vn 0.3851 0.8100 0.4423
vn 0.1624 0.3585 0.9193
vn 0.3975 0.8157 -0.4203
vn 0.1886 0.3706 -0.9094
vn -0.0144 -0.0066 0.9999
vn -0.4339 0.9010 -0.0003
vn 0.4338 0.9009 0.0122
vn 0.0144 0.0066 -0.9999
vn -0.9748 0.2225 -0.0125
vn -0.7817 -0.6235 -0.0154
vn 0.0001 -1.0000 -0.0066
vn 0.7818 -0.6235 0.0071
vn 0.9748 0.2225 0.0155
vn -0.0507 0.5211 0.8520
vn 0.2732 0.8697 0.4111
vn -0.2360 0.9121 0.3352
vn 0.0507 0.5205 -0.8524
vn -0.2732 0.8694 -0.4117
vn 0.2360 0.9118 -0.3359
vn -0.4420 0.2920 0.8482
vn -0.5110 0.7591 0.4033
vn -0.8614 0.3868 0.3292
vn -0.3723 0.3574 -0.8565
vn -0.8486 0.3252 -0.4172
vn -0.5646 0.7504 -0.3438
vn -0.5068 -0.1567 0.8477
vn -0.9135 0.0770 0.3995
vn -0.8407 -0.4297 0.3297
vn -0.5086 -0.0750 -0.8577
vn -0.7820 -0.4640 -0.4163
vn -0.9375 0.0238 -0.3473
vn -0.1964 -0.4872 0.8509
vn -0.6311 -0.6630 0.4026
vn -0.1894 -0.9225 0.3364
vn -0.2555 -0.4512 -0.8551
vn -0.1234 -0.9039 -0.4095
vn -0.6019 -0.7208 -0.3436
vn 0.2555 -0.4506 0.8554
vn 0.1234 -0.9036 0.4102
vn 0.6019 -0.7206 0.3442
vn 0.1964 -0.4879 -0.8505
vn 0.6311 -0.6633 -0.4021
vn 0.1894 -0.9227 -0.3357
vn 0.5086 -0.0744 0.8578
vn 0.7820 -0.4636 0.4166
vn 0.9375 0.0240 0.3472
vn 0.5068 -0.1574 -0.8476
vn 0.9135 0.0767 -0.3996
vn 0.8407 -0.4299 -0.3294
vn 0.3723 0.3580 0.8563
vn 0.8486 0.3256 0.4170
vn 0.5646 0.7506 0.3433
vn 0.4420 0.2914 -0.8484
vn 0.5110 0.7588 -0.4039
vn 0.8614 0.3866 -0.3295
vn -0.3957 0.8130 0.4271
vn -0.1847 0.3649 0.9125
vn -0.3871 0.8127 -0.4355
vn -0.1664 0.3642 -0.9163
vn 0.2472 0.9690 0.0021
vn -0.2472 0.9690 -0.0028
vn -0.9117 0.4109 -0.0092
vn -0.6034 0.7974 -0.0063
vn -0.8838 0.2009 0.4225
vn -0.4036 0.0904 0.9105
vn -0.8752 0.2006 -0.4402
vn -0.3854 0.0897 -0.9184
vn -0.8896 -0.4566 -0.0087
vn -0.9996 0.0254 -0.0100
vn -0.7096 -0.5623 0.4245
vn -0.3255 -0.2519 0.9114
vn -0.7010 -0.5627 -0.4381
vn -0.3072 -0.2526 -0.9175
vn -0.1977 -0.9803 -0.0016
vn -0.6431 -0.7657 -0.0061
vn -0.0043 -0.9020 0.4317
vn -0.0091 -0.4043 0.9146
vn 0.0043 -0.9024 -0.4310
vn 0.0091 -0.4050 -0.9143
vn 0.6431 -0.7657 0.0067
vn 0.1977 -0.9803 0.0023
vn 0.7010 -0.5623 0.4386
vn 0.3072 -0.2519 0.9177
vn 0.7096 -0.5627 -0.4241
vn 0.3255 -0.2526 -0.9112
vn 0.9996 0.0254 0.0099
vn 0.8896 -0.4566 0.0090
vn 0.8752 0.2009 0.4400
vn 0.3854 0.0904 0.9183
vn 0.8838 0.2006 -0.4226
vn 0.4036 0.0897 -0.9105
vn 0.6034 0.7974 0.0057
vn 0.9117 0.4109 0.0089
vn 0.3871 0.8130 0.4349
vn 0.1665 0.3649 0.9160
vn 0.3957 0.8127 -0.4277
vn 0.1847 0.3642 -0.9128
vn -0.0100 0.0004 1.0000
vn -0.4339 0.9010 -0.0047
vn 0.4339 0.9010 0.0040
vn 0.0100 -0.0004 -1.0000
vn -0.9749 0.2225 -0.0098
vn -0.7818 -0.6235 -0.0076
vn -0.0000 -1.0000 0.0004
vn 0.7818 -0.6235 0.0080
vn 0.9749 0.2225 0.0096
vn -0.2548 -0.9649 -0.0640
vn -0.1498 -0.8906 -0.4293
vn 0.0285 -0.9890 -0.1451
vn 0.3305 0.8797 -0.3418
vn 0.3211 0.9459 -0.0470
vn 0.5629 0.8141 -0.1427
vn -0.2456 -0.9682 0.0466
vn 0.0296 -0.9897 0.1399
vn -0.1992 -0.9186 0.3412
vn 0.3127 0.9477 0.0638
vn 0.3633 0.8274 0.4283
vn 0.5640 0.8135 0.1423
vn -0.3215 -0.9456 -0.0492
vn -0.5640 -0.8135 -0.1423
vn -0.3332 -0.8780 -0.3436
vn 0.2542 0.9652 -0.0612
vn 0.1464 0.8928 -0.4260
vn -0.0296 0.9897 -0.1399
vn -0.3122 -0.9480 0.0615
vn -0.3599 -0.8295 0.4270
vn -0.5628 -0.8142 0.1427
vn 0.2460 0.9680 0.0495
vn -0.0285 0.9890 0.1451
vn 0.2019 0.9169 0.3442
vn -0.2833 -0.9571 0.0614
vn -0.2377 0.0692 0.9689
vn -0.1172 -0.5742 -0.8103
vn -0.0041 -0.0958 -0.9954
vn 0.1761 -0.3351 -0.9256
vn 0.0469 0.1164 -0.9921
vn 0.2538 0.6405 -0.7248
vn 0.3255 0.1972 -0.9247
vn -0.0979 -0.6843 0.7226
vn 0.1991 -0.3445 0.9174
vn 0.0051 -0.1310 0.9914
vn 0.2196 0.5455 0.8088
vn 0.0721 0.0768 0.9944
vn 0.3486 0.1879 0.9183
vn -0.2719 -0.6332 -0.7247
vn -0.3485 -0.1879 -0.9183
vn -0.0717 -0.1064 -0.9917
vn 0.0970 0.5824 -0.8071
vn -0.0208 0.1059 -0.9942
vn -0.1991 0.3445 -0.9174
vn -0.1994 -0.5537 0.8085
vn -0.0472 -0.0868 0.9951
vn -0.3255 -0.1972 0.9247
vn 0.1160 0.6769 0.7269
vn -0.1761 0.3351 0.9256
vn 0.0197 0.1210 0.9925
vn 0.1828 -0.0498 -0.9819
vn -0.0209 -0.1237 0.9921
vn 0.1686 0.5607 0.8107
vn -0.1686 -0.5607 -0.8107
vn 0.1484 0.5688 -0.8090
vn 0.0209 0.1237 -0.9921
vn -0.0938 -0.5749 -0.8128
vn 0.0207 -0.0957 -0.9952
vn 0.2007 -0.3340 -0.9210
vn 0.0702 0.1168 -0.9907
vn 0.2671 0.6422 -0.7185
vn 0.3465 0.1994 -0.9166
vn -0.1109 -0.6850 0.7201
vn 0.1790 -0.3432 0.9220
vn -0.0181 -0.1311 0.9912
vn 0.1964 0.5468 0.8139
vn 0.0474 0.0771 0.9959
vn 0.3249 0.1901 0.9264
vn -0.2501 -0.6349 -0.7310
vn -0.3249 -0.1901 -0.9264
vn -0.0470 -0.1067 -0.9932
vn 0.1127 0.5831 -0.8045
vn 0.0026 0.1059 -0.9944
vn -0.1790 0.3433 -0.9220
vn -0.2153 -0.5550 0.8035
vn -0.0708 -0.0872 0.9937
vn -0.3465 -0.1994 0.9166
vn 0.0939 0.6776 0.7294
vn -0.2007 0.3339 0.9210
vn -0.0052 0.1210 0.9926
vn 0.3305 -0.9438 -0.0009
vn 0.7649 0.6441 0.0122
vn -0.1643 -0.5699 0.8051
vn 0.1453 0.5617 0.8145
vn 0.4414 -0.8877 -0.1309
vn 0.7373 -0.5198 -0.4315
vn 0.9105 -0.4104 -0.0497
vn 0.9013 0.0483 -0.4304
vn 0.9115 0.4020 -0.0869
vn 0.9834 -0.1702 -0.0632
vn 0.5575 -0.8262 0.0810
vn 0.9232 -0.3803 0.0557
vn 0.7400 -0.5223 0.4238
vn 0.8477 0.5154 0.1257
vn 0.9040 0.0458 0.4251
vn 0.9895 -0.1383 0.0421
vn -0.9121 -0.4015 -0.0835
vn -0.9837 0.1706 -0.0561
vn -0.9040 -0.0458 -0.4250
vn -0.4422 0.8884 -0.1230
vn -0.7399 0.5223 -0.4239
vn -0.9108 0.4107 -0.0416
vn -0.8468 -0.5162 0.1281
vn -0.9014 -0.0483 0.4304
vn -0.9892 0.1380 0.0491
vn -0.5570 0.8257 0.0893
vn -0.9228 0.3800 0.0637
vn -0.7373 0.5199 0.4315
vn 0.9151 0.4031 -0.0017
vn 0.9077 -0.2628 0.3271
vn -0.9077 0.2628 -0.3272
vn 0.2728 0.9471 -0.1692
vn -0.2249 -0.8943 -0.3870
vn -0.0476 -0.2965 -0.9538
vn 0.0627 -0.7237 -0.6873
vn 0.1299 0.3651 -0.9219
vn 0.3022 0.9053 -0.2986
vn 0.4374 0.5873 -0.6810
vn -0.2165 -0.9297 0.2979
vn 0.0730 -0.7332 0.6761
vn -0.0662 -0.3833 0.9213
vn 0.2886 0.8760 0.3864
vn 0.1332 0.2722 0.9530
vn 0.4479 0.5777 0.6824
vn -0.3068 -0.9011 -0.3064
vn -0.4478 -0.5778 -0.6823
vn -0.1441 -0.3522 -0.9248
vn 0.2190 0.8996 -0.3779
vn 0.0331 0.3098 -0.9502
vn -0.0731 0.7331 -0.6762
vn -0.2827 -0.8814 0.3785
vn -0.1187 -0.2853 0.9511
vn -0.4374 -0.5873 0.6810
vn 0.2212 0.9255 0.3073
vn -0.0627 0.7237 0.6872
vn 0.0803 0.3704 0.9254
vn -0.2297 -0.9733 -0.0050
vn 0.2602 -0.0789 0.9623
vn -0.2510 -0.8910 0.3784
vn -0.0981 -0.3743 0.9221
vn 0.2568 0.8857 0.3868
vn 0.0123 0.9999 0.0068
vn -0.2602 0.0790 -0.9623
vn -0.2568 -0.8857 -0.3868
vn -0.1122 -0.3615 -0.9256
vn -0.2190 -0.8964 -0.3855
vn -0.0480 -0.2979 -0.9534
vn 0.0663 -0.7239 -0.6867
vn 0.1245 0.3651 -0.9226
vn 0.2944 0.9072 -0.3005
vn 0.4310 0.5899 -0.6828
vn -0.2085 -0.9311 0.2994
vn 0.0806 -0.7319 0.6766
vn -0.0607 -0.3828 0.9218
vn 0.2829 0.8786 0.3847
vn 0.1338 0.2743 0.9523
vn 0.4453 0.5819 0.6805
vn -0.3007 -0.9038 -0.3047
vn -0.4455 -0.5818 -0.6805
vn -0.1439 -0.3543 -0.9240
vn 0.2110 0.9008 -0.3795
vn 0.0281 0.3091 -0.9506
vn -0.0807 0.7319 -0.6767
vn -0.2748 -0.8831 0.3802
vn -0.1138 -0.2851 0.9517
vn -0.4310 -0.5899 0.6828
vn 0.2149 0.9275 0.3058
vn -0.0663 0.7239 0.6867
vn 0.0800 0.3719 0.9248
vn 0.5114 0.8593 -0.0003
vn -0.2431 -0.8924 0.3801
vn -0.0927 -0.3740 0.9228
vn 0.2511 0.8879 0.3854
vn 0.1120 0.3634 0.9249
vn -0.2432 0.0646 0.9678
vn 0.0047 1.0000 0.0058
vn 0.2431 0.8925 -0.3800
vn 0.0926 0.3741 -0.9228
vn -0.3449 0.3566 0.8683
vn -0.4106 0.8844 0.2218
vn -0.7953 0.5616 0.2283
vn -0.2987 0.4103 -0.8616
vn -0.8015 0.5601 -0.2093
vn -0.4168 0.8830 -0.2158
vn 0.2986 0.4160 0.8589
vn 0.8015 0.5616 0.2056
vn 0.4167 0.8844 0.2101
vn 0.3448 0.3509 -0.8706
vn 0.4105 0.8830 -0.2276
vn 0.7952 0.5601 -0.2320
vn -0.3183 0.1944 0.9279
vn 0.0132 -0.3796 0.9250
vn 0.9043 -0.1617 -0.3951
vn -0.3506 0.3510 0.8683
vn -0.4120 0.8830 0.2248
vn -0.7968 0.5602 0.2267
vn -0.2929 0.4160 -0.8609
vn -0.8001 0.5616 -0.2110
vn -0.4153 0.8844 -0.2129
vn 0.2929 0.4104 0.8636
vn 0.8001 0.5602 0.2146
vn 0.4154 0.8830 0.2185
vn 0.3506 0.3565 -0.8660
vn 0.4120 0.8844 -0.2191
vn 0.7968 0.5616 -0.2231
vn -0.1239 0.3567 0.9260
vn -0.5910 -0.7089 0.3849
vn 0.2530 -0.2961 0.9211
vn 0.7972 0.4632 -0.3872
vn 0.1379 0.3567 0.9240
vn 0.0050 -0.9928 -0.1197
vn 0.0300 -0.7471 -0.6641
vn 0.1176 -0.9550 -0.2722
vn 0.0277 0.8306 -0.5562
vn 0.0219 0.9962 -0.0842
vn 0.1301 0.9558 -0.2636
vn 0.0093 -0.9964 0.0840
vn 0.1192 -0.9575 0.2628
vn 0.0204 -0.8309 0.5561
vn 0.0189 0.9926 0.1197
vn 0.0440 0.7466 0.6638
vn 0.1318 0.9534 0.2714
vn -0.0225 -0.9954 -0.0931
vn -0.1319 -0.9534 -0.2715
vn -0.0313 -0.8255 -0.5636
vn -0.0058 0.9938 -0.1106
vn -0.0341 0.7531 -0.6570
vn -0.1193 0.9575 -0.2627
vn -0.0181 -0.9937 0.1106
vn -0.0398 -0.7526 0.6573
vn -0.1302 -0.9558 0.2635
vn -0.0088 0.9956 0.0933
vn -0.1175 0.9550 0.2722
vn -0.0168 0.8258 0.5637
vn 0.0844 -0.9964 -0.0048
vn 0.0975 0.9952 0.0042
vn 0.3132 -0.0064 0.9497
vn -0.0062 -0.9938 0.1107
vn 0.0072 0.8259 0.5638
vn -0.0844 0.9964 0.0048
vn -0.0069 -0.9928 -0.1196
vn -0.0072 -0.8259 -0.5638
vn 0.0366 0.5301 0.8471
vn 0.2305 0.9156 0.3294
vn -0.2799 0.8740 0.3972
vn -0.0365 0.5114 -0.8586
vn -0.2303 0.9082 -0.3494
vn 0.2800 0.8650 -0.4163
vn -0.3865 0.3670 0.8461
vn -0.5701 0.7542 0.3258
vn -0.8554 0.3299 0.3993
vn -0.4277 0.2823 -0.8587
vn -0.8558 0.3830 -0.3479
vn -0.5042 0.7544 -0.4203
vn -0.5228 -0.0653 0.8499
vn -0.9431 0.0276 0.3313
vn -0.7888 -0.4593 0.4084
vn -0.4926 -0.1664 -0.8542
vn -0.8351 -0.4335 -0.3388
vn -0.9067 0.0723 -0.4156
vn -0.2698 -0.4415 0.8558
vn -0.6076 -0.7169 0.3417
vn -0.1303 -0.8992 0.4177
vn -0.1822 -0.4969 -0.8485
vn -0.1839 -0.9263 -0.3290
vn -0.6244 -0.6676 -0.4055
vn 0.1821 -0.4781 0.8592
vn 0.1837 -0.9188 0.3493
vn 0.6243 -0.6586 0.4201
vn 0.2697 -0.4602 -0.8459
vn 0.6075 -0.7244 -0.3259
vn 0.1302 -0.9082 -0.3978
vn 0.4926 -0.1477 0.8576
vn 0.8350 -0.4260 0.3482
vn 0.9067 0.0813 0.4139
vn 0.5228 -0.0841 -0.8483
vn 0.9431 0.0202 -0.3318
vn 0.7888 -0.4683 -0.3982
vn 0.4278 0.3010 0.8523
vn 0.8558 0.3904 0.3394
vn 0.5043 0.7634 0.4037
vn 0.3866 0.3483 -0.8539
vn 0.5702 0.7468 -0.3423
vn 0.8555 0.3209 -0.4065
vn -0.2472 0.9689 -0.0123
vn -0.9117 0.4108 -0.0106
vn -0.3884 0.0800 -0.9180
vn -0.7083 -0.5577 0.4327
vn -0.3102 -0.2623 -0.9138
vn -0.1978 -0.9802 0.0094
vn 0.0600 0.5174 0.8536
vn 0.2397 0.9106 0.3366
vn -0.2686 0.8680 0.4177
vn -0.0599 0.5241 -0.8495
vn -0.2396 0.9133 -0.3294
vn 0.2688 0.8712 -0.4109
vn -0.3630 0.3544 0.8618
vn -0.5607 0.7492 0.3526
vn -0.8440 0.3238 0.4276
vn -0.4511 0.2950 -0.8423
vn -0.8649 0.3880 -0.3184
vn -0.5153 0.7605 -0.3950
vn -0.4993 -0.0781 0.8629
vn -0.9336 0.0226 0.3575
vn -0.7774 -0.4654 0.4231
vn -0.5160 -0.1537 -0.8427
vn -0.8442 -0.4284 -0.3221
vn -0.9178 0.0784 -0.3893
vn -0.2462 -0.4542 0.8562
vn -0.5982 -0.7220 0.3476
vn -0.1190 -0.9054 0.4076
vn -0.2056 -0.4842 -0.8505
vn -0.1931 -0.9213 -0.3376
vn -0.6355 -0.6615 -0.3981
vn 0.2056 -0.4909 0.8466
vn 0.1930 -0.9239 0.3303
vn 0.6354 -0.6647 0.3929
vn 0.2462 -0.4475 -0.8597
vn 0.5981 -0.7194 -0.3533
vn 0.1189 -0.9021 -0.4148
vn 0.5159 -0.1604 0.8415
vn 0.8441 -0.4311 0.3187
vn 0.9178 0.0752 0.3899
vn 0.4993 -0.0713 -0.8635
vn 0.9336 0.0252 -0.3573
vn 0.7774 -0.4622 -0.4267
vn 0.4512 0.2883 0.8446
vn 0.8650 0.3854 0.3215
vn 0.5154 0.7573 0.4010
vn 0.3630 0.3611 -0.8590
vn 0.5608 0.7518 -0.3467
vn 0.8441 0.3270 -0.4250
vn 0.2473 0.9690 -0.0013
vn -0.9115 0.4108 0.0206
vn -0.0091 -0.9005 -0.4348
vn 0.6429 -0.7657 -0.0164
vn 0.1975 -0.9803 -0.0080
vn 0.6962 -0.5608 -0.4481
vn 0.4134 0.0864 0.9064
vn 0.9115 0.4109 -0.0174
vn 0.1946 0.3610 0.9120
vn 0.0699 0.5115 0.8564
vn 0.2438 0.9082 0.3401
vn -0.2636 0.8651 0.4268
vn -0.0696 0.5300 -0.8451
vn -0.2432 0.9156 -0.3203
vn 0.2642 0.8740 -0.4079
vn -0.3530 0.3484 0.8683
vn -0.5565 0.7468 0.3642
vn -0.8390 0.3209 0.4395
vn -0.4607 0.3009 -0.8350
vn -0.8684 0.3903 -0.3058
vn -0.5197 0.7633 -0.3838
vn -0.4893 -0.0840 0.8680
vn -0.9295 0.0202 0.3684
vn -0.7726 -0.4682 0.4288
vn -0.5257 -0.1478 -0.8378
vn -0.8480 -0.4261 -0.3153
vn -0.9222 0.0812 -0.3782
vn -0.2365 -0.4601 0.8558
vn -0.5943 -0.7243 0.3494
vn -0.1145 -0.9081 0.4027
vn -0.2155 -0.4782 -0.8514
vn -0.1972 -0.9189 -0.3417
vn -0.6402 -0.6587 -0.3953
vn 0.2152 -0.4968 0.8408
vn 0.1965 -0.9262 0.3217
vn 0.6397 -0.6676 0.3809
vn 0.2362 -0.4416 -0.8656
vn 0.5938 -0.7170 -0.3651
vn 0.1139 -0.8993 -0.4223
vn 0.5255 -0.1663 0.8344
vn 0.8477 -0.4334 0.3060
vn 0.9222 0.0724 0.3799
vn 0.4893 -0.0654 -0.8697
vn 0.9295 0.0276 -0.3678
vn 0.7723 -0.4593 -0.4388
vn 0.4609 0.2824 0.8413
vn 0.8687 0.3830 0.3142
vn 0.5202 0.7545 0.4003
vn 0.3532 0.3670 -0.8606
vn 0.5570 0.7541 -0.3479
vn 0.8392 0.3298 -0.4324
vn 0.2475 0.9689 0.0025
vn -0.2467 0.9689 0.0185
vn -0.2867 -0.2622 0.9214
vn 0.3457 -0.2622 0.9010
vn -0.0004 -0.9999 -0.0109
vn 0.0247 0.5246 0.8510
vn 0.2257 0.9135 0.3385
vn -0.2856 0.8714 0.3989
vn -0.0246 0.5169 -0.8557
vn -0.2256 0.9104 -0.3468
vn 0.2857 0.8677 -0.4068
vn -0.3983 0.3616 0.8430
vn -0.5747 0.7520 0.3227
vn -0.8609 0.3272 0.3895
vn -0.4158 0.2878 -0.8627
vn -0.8509 0.3851 -0.3573
vn -0.4984 0.7571 -0.4225
vn -0.5346 -0.0708 0.8421
vn -0.9477 0.0254 0.3183
vn -0.7944 -0.4619 0.3944
vn -0.4806 -0.1609 -0.8620
vn -0.8302 -0.4313 -0.3532
vn -0.9008 0.0749 -0.4277
vn -0.2816 -0.4470 0.8490
vn -0.6122 -0.7192 0.3286
vn -0.1360 -0.9019 0.4100
vn -0.1703 -0.4914 -0.8541
vn -0.1791 -0.9241 -0.3375
vn -0.6186 -0.6650 -0.4185
vn 0.1702 -0.4837 0.8586
vn 0.1790 -0.9211 0.3459
vn 0.6185 -0.6613 0.4245
vn 0.2815 -0.4547 -0.8450
vn 0.6121 -0.7222 -0.3221
vn 0.1358 -0.9056 -0.4018
vn 0.4806 -0.1532 0.8635
vn 0.8301 -0.4282 0.3571
vn 0.9008 0.0787 0.4270
vn 0.5346 -0.0786 -0.8414
vn 0.9477 0.0224 -0.3185
vn 0.7943 -0.4656 -0.3902
vn 0.4158 0.2955 0.8601
vn 0.8509 0.3882 0.3538
vn 0.4985 0.7608 0.4156
vn 0.3984 0.3538 -0.8462
vn 0.5748 0.7490 -0.3295
vn 0.8610 0.3235 -0.3924
vn 0.2473 0.9689 0.0007
vn -0.2471 0.9690 -0.0095
vn -0.9115 0.4109 -0.0207
vn 0.1975 -0.9803 0.0085
vn 0.4003 0.8109 -0.4269
vn 0.1944 0.3604 -0.9123
vn 0.0820 0.5260 0.8465
vn 0.2480 0.9140 0.3211
vn -0.2581 0.8721 0.4159
vn -0.0823 0.5156 -0.8529
vn -0.2485 0.9099 -0.3322
vn 0.2576 0.8670 -0.4265
vn -0.3406 0.3629 0.8673
vn -0.5517 0.7526 0.3595
vn -0.8327 0.3279 0.4461
vn -0.4730 0.2864 -0.8332
vn -0.8731 0.3846 -0.2997
vn -0.5258 0.7564 -0.3891
vn -0.4766 -0.0695 0.8764
vn -0.9240 0.0260 0.3815
vn -0.7659 -0.4613 0.4478
vn -0.5377 -0.1623 -0.8274
vn -0.8521 -0.4318 -0.2957
vn -0.9276 0.0743 -0.3660
vn -0.2237 -0.4457 0.8668
vn -0.5886 -0.7186 0.3703
vn -0.1079 -0.9012 0.4197
vn -0.2275 -0.4927 -0.8399
vn -0.2014 -0.9247 -0.3232
vn -0.6453 -0.6656 -0.3748
vn 0.2278 -0.4823 0.8459
vn 0.2019 -0.9205 0.3344
vn 0.6457 -0.6606 0.3829
vn 0.2239 -0.4561 -0.8613
vn 0.5890 -0.7227 -0.3615
vn 0.1085 -0.9062 -0.4086
vn 0.5378 -0.1518 0.8293
vn 0.8524 -0.4277 0.3009
vn 0.9276 0.0793 0.3651
vn 0.4766 -0.0799 -0.8755
vn 0.9240 0.0218 -0.3818
vn 0.7662 -0.4663 -0.4422
vn 0.4729 0.2969 0.8296
vn 0.8728 0.3888 0.2950
vn 0.5253 0.7614 0.3798
vn 0.3404 0.3525 -0.8717
vn 0.5513 0.7484 -0.3687
vn 0.8325 0.3229 -0.4501
vn -0.1326 0.3702 0.9194
vn 0.2466 0.9689 -0.0175
vn -0.8584 0.2034 0.4708
vn -0.8886 -0.4566 0.0445
vn -0.6842 -0.5599 0.4673
vn -0.1972 -0.9802 0.0153
vn 0.1977 -0.9803 -0.0033
vn 0.7249 -0.5599 0.4013
vn 0.8987 0.2034 0.3884
vn 0.4110 0.8155 0.4075
vn 0.4331 0.9010 -0.0258
vn 0.0385 0.5197 0.8535
vn 0.2312 0.9115 0.3401
vn -0.2791 0.8690 0.4085
vn -0.0385 0.5219 -0.8522
vn -0.2312 0.9124 -0.3378
vn 0.2791 0.8701 -0.4063
vn -0.3846 0.3566 0.8514
vn -0.5694 0.7501 0.3363
vn -0.8545 0.3249 0.4053
vn -0.4297 0.2928 -0.8542
vn -0.8566 0.3871 -0.3412
vn -0.5052 0.7594 -0.4099
vn -0.5209 -0.0758 0.8503
vn -0.9424 0.0235 0.3338
vn -0.7879 -0.4643 0.4046
vn -0.4945 -0.1560 -0.8550
vn -0.8358 -0.4293 -0.3421
vn -0.9077 0.0773 -0.4125
vn -0.2677 -0.4520 0.8509
vn -0.6068 -0.7211 0.3343
vn -0.1293 -0.9043 0.4069
vn -0.1842 -0.4864 -0.8541
vn -0.1846 -0.9222 -0.3399
vn -0.6253 -0.6626 -0.4122
vn 0.1841 -0.4886 0.8528
vn 0.1846 -0.9230 0.3375
vn 0.6253 -0.6637 0.4106
vn 0.2678 -0.4498 -0.8520
vn 0.6068 -0.7203 -0.3362
vn 0.1293 -0.9032 -0.4092
vn 0.4946 -0.1582 0.8546
vn 0.8358 -0.4302 0.3410
vn 0.9076 0.0763 0.4127
vn 0.5209 -0.0736 -0.8505
vn 0.9424 0.0243 -0.3337
vn 0.7879 -0.4633 -0.4058
vn 0.4297 0.2906 0.8549
vn 0.8566 0.3863 0.3422
vn 0.5052 0.7584 0.4118
vn 0.3846 0.3588 -0.8505
vn 0.5694 0.7509 -0.3344
vn 0.8545 0.3259 -0.4045
vn -0.3933 0.8123 0.4307
vn -0.6034 0.7974 -0.0016
vn -0.7072 -0.5631 0.4275
vn -0.3204 -0.2535 0.9128
vn -0.0040 -0.4058 0.9139
vn 0.7035 -0.5630 0.4337
vn 0.3123 -0.2535 0.9155
vn 0.8897 -0.4566 0.0033
vn 0.0423 0.5259 0.8495
vn 0.2327 0.9140 0.3324
vn -0.2772 0.8720 0.4034
vn -0.0423 0.5156 -0.8558
vn -0.2327 0.9099 -0.3434
vn 0.2772 0.8671 -0.4139
vn -0.3807 0.3628 0.8505
vn -0.5679 0.7525 0.3334
vn -0.8527 0.3278 0.4068
vn -0.4336 0.2866 -0.8543
vn -0.8581 0.3846 -0.3401
vn -0.5070 0.7565 -0.4131
vn -0.5170 -0.0696 0.8531
vn -0.9408 0.0259 0.3378
vn -0.7860 -0.4613 0.4115
vn -0.4984 -0.1622 -0.8516
vn -0.8374 -0.4318 -0.3352
vn -0.9095 0.0743 -0.4090
vn -0.2639 -0.4457 0.8554
vn -0.6053 -0.7186 0.3423
vn -0.1275 -0.9013 0.4141
vn -0.1880 -0.4926 -0.8497
vn -0.1861 -0.9246 -0.3323
vn -0.6271 -0.6656 -0.4046
vn 0.1880 -0.4824 0.8555
vn 0.1861 -0.9206 0.3434
vn 0.6271 -0.6607 0.4126
vn 0.2639 -0.4560 -0.8499
vn 0.6053 -0.7227 -0.3336
vn 0.1275 -0.9062 -0.4032
vn 0.4984 -0.1519 0.8535
vn 0.8374 -0.4277 0.3404
vn 0.9095 0.0793 0.4081
vn 0.5170 -0.0798 -0.8522
vn 0.9408 0.0219 -0.3381
vn 0.7860 -0.4662 -0.4059
vn 0.4336 0.2968 0.8508
vn 0.8581 0.3887 0.3355
vn 0.5070 0.7614 0.4040
vn 0.3808 0.3526 -0.8548
vn 0.5679 0.7485 -0.3425
vn 0.8527 0.3229 -0.4107
vn 0.2473 0.9689 -0.0059
vn -0.9117 0.4108 -0.0024
vn -0.1977 -0.9803 0.0059
vn -0.6432 -0.7657 0.0047
vn 0.1977 -0.9802 0.0059
vn 0.1757 0.3701 0.9123
vn 0.0341 0.5168 0.8554
vn 0.2294 0.9104 0.3444
vn -0.2812 0.8676 0.4100
vn -0.0341 0.5248 -0.8506
vn -0.2295 0.9135 -0.3358
vn 0.2811 0.8715 -0.4019
vn -0.3890 0.3537 0.8506
vn -0.5712 0.7489 0.3360
vn -0.8566 0.3235 0.4020
vn -0.4253 0.2957 -0.8554
vn -0.8548 0.3883 -0.3443
vn -0.5031 0.7608 -0.4099
vn -0.5252 -0.0787 0.8473
vn -0.9441 0.0223 0.3290
vn -0.7899 -0.4657 0.3989
vn -0.4902 -0.1531 -0.8581
vn -0.8340 -0.4282 -0.3479
vn -0.9055 0.0787 -0.4169
vn -0.2721 -0.4549 0.8480
vn -0.6085 -0.7223 0.3288
vn -0.1314 -0.9056 0.4032
vn -0.1797 -0.4835 -0.8567
vn -0.1828 -0.9210 -0.3440
vn -0.6231 -0.6612 -0.4177
vn 0.1798 -0.4915 0.8521
vn 0.1829 -0.9242 0.3354
vn 0.6232 -0.6651 0.4115
vn 0.2722 -0.4469 -0.8522
vn 0.6085 -0.7191 -0.3355
vn 0.1314 -0.9018 -0.4116
vn 0.4902 -0.1610 0.8566
vn 0.8341 -0.4314 0.3439
vn 0.9055 0.0749 0.4177
vn 0.5252 -0.0707 -0.8480
vn 0.9441 0.0255 -0.3288
vn 0.7900 -0.4619 -0.4033
vn 0.4253 0.2877 0.8581
vn 0.8548 0.3851 0.3479
vn 0.5031 0.7570 0.4170
vn 0.3889 0.3617 -0.8473
vn 0.5711 0.7521 -0.3290
vn 0.8566 0.3273 -0.3990
vn -0.1843 0.3603 0.9145
vn 0.2472 0.9689 0.0069
vn -0.2473 0.9689 0.0022
vn 0.3857 0.0858 0.9186
vn 0.3873 0.8108 0.4389
vn 0.0785 0.5225 0.8490
vn 0.2468 0.9126 0.3259
vn -0.2597 0.8704 0.4183
vn -0.0786 0.5191 -0.8511
vn -0.2470 0.9113 -0.3295
vn 0.2595 0.8687 -0.4218
vn -0.3442 0.3594 0.8674
vn -0.5531 0.7512 0.3603
vn -0.8346 0.3262 0.4440
vn -0.4695 0.2900 -0.8340
vn -0.8717 0.3860 -0.3018
vn -0.5240 0.7581 -0.3882
vn -0.4803 -0.0730 0.8741
vn -0.9256 0.0246 0.3776
vn -0.7679 -0.4630 0.4427
vn -0.5342 -0.1588 -0.8303
vn -0.8509 -0.4305 -0.3011
vn -0.9261 0.0760 -0.3697
vn -0.2274 -0.4492 0.8640
vn -0.5903 -0.7200 0.3648
vn -0.1099 -0.9029 0.4155
vn -0.2240 -0.4892 -0.8429
vn -0.2002 -0.9233 -0.3278
vn -0.6439 -0.6640 -0.3802
vn 0.2241 -0.4858 0.8448
vn 0.2004 -0.9219 0.3315
vn 0.6440 -0.6623 0.3829
vn 0.2275 -0.4526 -0.8622
vn 0.5905 -0.7214 -0.3619
vn 0.1101 -0.9046 -0.4119
vn 0.5342 -0.1553 0.8309
vn 0.8510 -0.4291 0.3028
vn 0.9260 0.0776 0.3694
vn 0.4803 -0.0764 -0.8738
vn 0.9256 0.0232 -0.3777
vn 0.7680 -0.4646 -0.4408
vn 0.4694 0.2934 0.8328
vn 0.8717 0.3874 0.3002
vn 0.5239 0.7597 0.3851
vn 0.3441 0.3560 -0.8688
vn 0.5530 0.7498 -0.3633
vn 0.8345 0.3246 -0.4453
vn -0.6030 0.7974 0.0241
vn 0.0390 -0.4028 0.9144
vn -0.0183 -0.9030 -0.4292
vn 0.6426 -0.7657 -0.0259
vn 0.7232 -0.5616 0.4020
vn 0.9108 0.4108 -0.0397
vn 0.4094 0.8137 0.4126
vn 0.0261 0.5214 0.8529
vn 0.2263 0.9122 0.3416
vn -0.2849 0.8699 0.4027
vn -0.0261 0.5201 -0.8537
vn -0.2262 0.9117 -0.3429
vn 0.2849 0.8693 -0.4040
vn -0.3969 0.3584 0.8450
vn -0.5742 0.7508 0.3265
vn -0.8603 0.3257 0.3922
vn -0.4173 0.2910 -0.8609
vn -0.8515 0.3864 -0.3543
vn -0.4991 0.7586 -0.4187
vn -0.5331 -0.0741 0.8428
vn -0.9471 0.0242 0.3200
vn -0.7937 -0.4635 0.3941
vn -0.4821 -0.1577 -0.8618
vn -0.8308 -0.4300 -0.3533
vn -0.9016 0.0765 -0.4258
vn -0.2801 -0.4502 0.8478
vn -0.6116 -0.7204 0.3270
vn -0.1352 -0.9034 0.4068
vn -0.1718 -0.4882 -0.8557
vn -0.1796 -0.9229 -0.3407
vn -0.6193 -0.6635 -0.4199
vn 0.1718 -0.4869 0.8564
vn 0.1796 -0.9224 0.3421
vn 0.6192 -0.6628 0.4209
vn 0.2801 -0.4515 -0.8472
vn 0.6116 -0.7210 -0.3259
vn 0.1352 -0.9041 -0.4055
vn 0.4821 -0.1564 0.8620
vn 0.8308 -0.4295 0.3540
vn 0.9016 0.0771 0.4257
vn 0.5331 -0.0754 -0.8427
vn 0.9471 0.0237 -0.3201
vn 0.7936 -0.4641 -0.3934
vn 0.4173 0.2923 0.8605
vn 0.8515 0.3869 0.3538
vn 0.4992 0.7592 0.4176
vn 0.3969 0.3571 -0.8456
vn 0.5742 0.7503 -0.3277
vn 0.8603 0.3251 -0.3927
vn -0.3995 0.8132 0.4232
vn -0.1583 0.3639 -0.9179
vn -0.2471 0.9690 -0.0054
vn -0.6431 -0.7657 -0.0116
vn 0.3772 0.0907 0.9217
vn 0.9115 0.4109 0.0169
vn 0.7817 -0.6235 0.0153
vn 0.0300 0.5151 0.8566
vn 0.2277 0.9097 0.3472
vn -0.2832 0.8668 0.4104
vn -0.0300 0.5264 -0.8497
vn -0.2279 0.9142 -0.3352
vn 0.2830 0.8723 -0.3988
vn -0.3931 0.3521 0.8494
vn -0.5728 0.7483 0.3347
vn -0.8585 0.3227 0.3985
vn -0.4212 0.2973 -0.8568
vn -0.8532 0.3889 -0.3476
vn -0.5011 0.7616 -0.4109
vn -0.5293 -0.0804 0.8446
vn -0.9456 0.0217 0.3245
vn -0.7918 -0.4665 0.3942
vn -0.4860 -0.1514 -0.8607
vn -0.8323 -0.4275 -0.3527
vn -0.9035 0.0795 -0.4211
vn -0.2762 -0.4565 0.8458
vn -0.6100 -0.7229 0.3244
vn -0.1333 -0.9064 0.4008
vn -0.1756 -0.4819 -0.8585
vn -0.1811 -0.9204 -0.3466
vn -0.6211 -0.6604 -0.4220
vn 0.1757 -0.4932 0.8520
vn 0.1812 -0.9248 0.3344
vn 0.6212 -0.6659 0.4132
vn 0.2763 -0.4452 -0.8517
vn 0.6102 -0.7184 -0.3339
vn 0.1334 -0.9010 -0.4127
vn 0.4861 -0.1627 0.8587
vn 0.8324 -0.4320 0.3470
vn 0.9035 0.0741 0.4222
vn 0.5293 -0.0691 -0.8456
vn 0.9456 0.0261 -0.3242
vn 0.7919 -0.4611 -0.4004
vn 0.4212 0.2860 0.8607
vn 0.8531 0.3844 0.3527
vn 0.5010 0.7562 0.4209
vn 0.3930 0.3634 -0.8447
vn 0.5727 0.7527 -0.3247
vn 0.8585 0.3281 -0.3942
vn -0.9116 0.4109 -0.0104
vn -0.7114 -0.5654 0.4174
vn -0.3294 -0.2583 0.9081
vn 0.1977 -0.9802 -0.0037
vn 0.6991 -0.5654 0.4377
vn 0.9116 0.4108 0.0158
vn -0.4339 0.9009 -0.0003
vn 0.0337 0.5211 0.8528
vn 0.2293 0.9121 0.3399
vn -0.2813 0.8697 0.4055
vn -0.0337 0.5205 -0.8532
vn -0.2293 0.9118 -0.3406
vn 0.2813 0.8694 -0.4062
vn -0.3893 0.3580 0.8487
vn -0.5713 0.7507 0.3319
vn -0.8567 0.3255 0.4000
vn -0.4250 0.2913 -0.8570
vn -0.8547 0.3866 -0.3466
vn -0.5029 0.7588 -0.4140
vn -0.5256 -0.0744 0.8475
vn -0.9442 0.0240 0.3285
vn -0.7901 -0.4636 0.4010
vn -0.4898 -0.1574 -0.8575
vn -0.8339 -0.4299 -0.3460
vn -0.9053 0.0766 -0.4177
vn -0.2725 -0.4506 0.8501
vn -0.6087 -0.7206 0.3321
vn -0.1316 -0.9036 0.4077
vn -0.1794 -0.4879 -0.8543
vn -0.1827 -0.9227 -0.3394
vn -0.6230 -0.6633 -0.4146
vn 0.1794 -0.4872 0.8547
vn 0.1827 -0.9225 0.3401
vn 0.6230 -0.6630 0.4151
vn 0.2725 -0.4512 -0.8498
vn 0.6087 -0.7208 -0.3316
vn 0.1316 -0.9039 -0.4070
vn 0.4898 -0.1567 0.8576
vn 0.8339 -0.4297 0.3464
vn 0.9053 0.0770 0.4176
vn 0.5256 -0.0750 -0.8474
vn 0.9442 0.0238 -0.3285
vn 0.7901 -0.4640 -0.4006
vn 0.4250 0.2920 0.8568
vn 0.8547 0.3868 0.3463
vn 0.5029 0.7591 0.4134
vn 0.3893 0.3574 -0.8489
vn 0.5713 0.7504 -0.3325
vn 0.8567 0.3252 -0.4003
vn 0.9996 0.0254 0.0100
vt -0.103807 0.176772
vt -0.110907 0.172167
vt -0.112449 0.176732
vt -0.104116 0.168853
vt -0.103884 0.171172
vt -0.112668 0.171133
vt -0.116228 0.176716
vt -0.131848 0.168979
vt -0.139033 0.172294
vt -0.140400 0.171258
vt -0.132221 0.176900
vt -0.132099 0.171300
vt -0.140663 0.176860
vt -0.143960 0.176842
vt -0.106364 0.820925
vt -0.113501 0.825465
vt -0.106486 0.826525
vt -0.115269 0.826486
vt -0.115006 0.820885
vt -0.118786 0.820869
vt -0.106736 0.828846
vt -0.134778 0.821053
vt -0.141627 0.825592
vt -0.143220 0.821013
vt -0.134468 0.828972
vt -0.134700 0.826653
vt -0.143001 0.826612
vt -0.146517 0.820995
vt 0.878746 0.181406
vt 0.885595 0.176867
vt 0.878668 0.175806
vt 0.886969 0.175848
vt 0.887188 0.181447
vt 0.890485 0.181465
vt 0.878436 0.173488
vt 0.850332 0.181535
vt 0.857469 0.176994
vt 0.858974 0.181575
vt 0.850704 0.173613
vt 0.850454 0.175934
vt 0.859237 0.175973
vt 0.862753 0.181590
vt 0.876189 0.825559
vt 0.883001 0.830165
vt 0.884631 0.825600
vt 0.875816 0.833480
vt 0.876066 0.831160
vt 0.884368 0.831201
vt 0.887928 0.825617
vt 0.847775 0.825688
vt 0.854875 0.830292
vt 0.847852 0.831288
vt 0.856636 0.831327
vt 0.856417 0.825728
vt 0.860196 0.825743
vt 0.848084 0.833606
vt -0.104116 0.313389
vt -0.140400 0.404428
vt -0.112668 0.310851
vt 0.171258 0.404428
vt 0.176716 0.309789
vt 0.171133 0.310851
vt -0.106736 0.311726
vt -0.143001 0.402777
vt -0.134468 0.405303
vt 0.826486 0.309200
vt 0.820995 0.401743
vt 0.826612 0.402777
vt 0.825743 0.700080
vt 0.831201 0.605440
vt 0.831327 0.699017
vt 0.856636 0.699017
vt 0.875816 0.602903
vt 0.848084 0.696480
vt 0.878436 0.604566
vt 0.859237 0.700668
vt 0.850704 0.698143
vt 0.175848 0.607091
vt 0.181590 0.701703
vt 0.175973 0.700668
vt 0.176842 0.403366
vt 0.820869 0.308166
vt 0.181465 0.608126
vt 0.825617 0.606503
vt -0.083210 0.363388
vt -0.090617 0.362891
vt -0.092072 0.361996
vt -0.084169 0.366860
vt -0.083485 0.364407
vt -0.092750 0.364451
vt -0.096313 0.363450
vt -0.163295 0.648766
vt -0.170866 0.648799
vt -0.171876 0.646357
vt -0.164281 0.652226
vt -0.163987 0.651215
vt -0.172573 0.648804
vt -0.175438 0.645356
vt -0.084308 0.362944
vt -0.091731 0.362440
vt -0.084603 0.363955
vt -0.093868 0.363999
vt -0.093171 0.361552
vt -0.097411 0.363005
vt -0.085295 0.366404
vt -0.165380 0.651781
vt -0.171980 0.648348
vt -0.173672 0.648359
vt -0.164420 0.648310
vt -0.165104 0.650762
vt -0.172994 0.645904
vt -0.176537 0.644911
vt 0.903378 0.640284
vt 0.909978 0.643717
vt 0.903103 0.641303
vt 0.910992 0.646161
vt 0.911670 0.643706
vt 0.914535 0.647154
vt 0.902419 0.643755
vt 0.822307 0.929122
vt 0.829729 0.929625
vt 0.831169 0.930514
vt 0.823293 0.925661
vt 0.822601 0.928110
vt 0.831866 0.928067
vt 0.835410 0.929060
vt 0.902279 0.639839
vt 0.908864 0.643266
vt 0.910572 0.643262
vt 0.901293 0.643300
vt 0.901985 0.640850
vt 0.909874 0.645709
vt 0.913437 0.646710
vt 0.821208 0.928677
vt 0.828615 0.929174
vt 0.821483 0.927658
vt 0.830749 0.927614
vt 0.830070 0.930069
vt 0.834311 0.928615
vt 0.822168 0.925205
vt -0.084308 0.236458
vt -0.092072 0.148508
vt -0.093171 0.236340
vt -0.096313 0.148463
vt -0.097411 0.236295
vt -0.164281 0.149075
vt -0.173672 0.236786
vt -0.172573 0.148954
vt 0.236786 0.648359
vt 0.148901 0.645356
vt 0.148954 0.648804
vt 0.902279 0.250199
vt 0.911670 0.162488
vt 0.903378 0.162367
vt 0.250320 0.643262
vt 0.162541 0.647154
vt 0.162488 0.643706
vt 0.822307 0.162815
vt 0.830070 0.250765
vt 0.821208 0.250647
vt 0.835410 0.162979
vt 0.834311 0.250811
vt -0.083210 0.148626
vt 0.236295 0.363005
vt 0.148463 0.363450
vt -0.165380 0.236907
vt 0.250811 0.928615
vt 0.250373 0.646710
vt -0.083182 0.365660
vt -0.090608 0.365211
vt -0.092054 0.364326
vt -0.084145 0.369138
vt -0.083470 0.366681
vt -0.092734 0.366785
vt -0.096285 0.365807
vt -0.161401 0.651552
vt -0.168960 0.651635
vt -0.169990 0.649199
vt -0.162338 0.655019
vt -0.162069 0.654006
vt -0.170653 0.651651
vt -0.173541 0.648221
vt -0.082153 0.365215
vt -0.089564 0.364759
vt -0.082423 0.366228
vt -0.091687 0.366332
vt -0.091025 0.363881
vt -0.095256 0.365362
vt -0.083091 0.368682
vt -0.161309 0.654574
vt -0.167917 0.651183
vt -0.169624 0.651206
vt -0.160347 0.651096
vt -0.161022 0.653553
vt -0.168943 0.648746
vt -0.172512 0.647776
vt 0.905229 0.636130
vt 0.911837 0.639520
vt 0.904942 0.637151
vt 0.912863 0.641957
vt 0.913544 0.639498
vt 0.916432 0.642927
vt 0.904266 0.639607
vt 0.826073 0.925489
vt 0.833484 0.925944
vt 0.834945 0.926823
vt 0.827011 0.922022
vt 0.826343 0.924476
vt 0.835607 0.924372
vt 0.839176 0.925342
vt 0.906258 0.635685
vt 0.912880 0.639069
vt 0.914573 0.639053
vt 0.905321 0.639151
vt 0.905989 0.636698
vt 0.913910 0.641504
vt 0.917461 0.642482
vt 0.827102 0.925044
vt 0.834527 0.925493
vt 0.827390 0.924023
vt 0.836654 0.923919
vt 0.835974 0.926378
vt 0.840205 0.924897
vt 0.828065 0.921566
vt -0.083182 0.760148
vt -0.091025 0.848078
vt -0.082153 0.847981
vt -0.092054 0.760245
vt -0.095256 0.848135
vt -0.161309 0.850374
vt -0.170653 0.762622
vt -0.162338 0.762542
vt 0.850455 0.651206
vt 0.762638 0.648221
vt 0.762622 0.651651
vt 0.906258 0.837771
vt 0.913544 0.749857
vt 0.905229 0.749938
vt 0.749857 0.639498
vt 0.837674 0.642482
vt 0.749841 0.642927
vt 0.826073 0.752331
vt 0.835974 0.840067
vt 0.827102 0.840164
vt 0.834945 0.752234
vt 0.840205 0.840010
vt 0.760302 0.365807
vt 0.850471 0.647776
vt 0.848135 0.365362
vt 0.840010 0.924897
vt -0.135984 0.199168
vt -0.136936 0.194872
vt -0.136971 0.199166
vt 0.193910 0.450108
vt 0.193908 0.448200
vt 0.191734 0.450326
vt 0.199169 0.450005
vt 0.194872 0.448414
vt 0.194402 0.696236
vt 0.194395 0.693905
vt 0.192218 0.694123
vt 0.199664 0.697099
vt 0.195364 0.695671
vt 0.199654 0.693802
vt 0.199660 0.696009
vt -0.137883 0.804282
vt -0.138861 0.808578
vt -0.138153 0.809545
vt 0.804284 0.448253
vt 0.808578 0.446637
vt 0.804281 0.446222
vt 0.809545 0.446418
vt 0.809546 0.448326
vt 0.811728 0.448531
vt 0.804779 0.695347
vt 0.809069 0.693895
vt 0.804774 0.694257
vt 0.810031 0.692122
vt 0.810038 0.694454
vt 0.812213 0.692328
vt 0.804769 0.692050
vt 0.199503 0.471678
vt 0.195212 0.473130
vt 0.194244 0.472571
vt 0.199513 0.474975
vt 0.199508 0.472768
vt 0.194251 0.474903
vt 0.192069 0.474697
vt -0.123732 0.200000
vt -0.122753 0.195704
vt -0.122744 0.200001
vt 0.194736 0.718699
vt 0.194737 0.720607
vt 0.192554 0.718494
vt 0.199998 0.718772
vt 0.195704 0.720388
vt 0.804617 0.469926
vt 0.808918 0.471354
vt 0.804622 0.471016
vt 0.809887 0.473121
vt 0.809880 0.470789
vt 0.812063 0.472902
vt 0.804627 0.473224
vt -0.125630 0.805114
vt -0.124679 0.809409
vt -0.125393 0.810373
vt 0.805112 0.717020
vt 0.809409 0.718612
vt 0.805115 0.719052
vt 0.810373 0.718825
vt 0.810372 0.716917
vt 0.812548 0.716699
vt -0.138870 0.804281
vt 0.199166 0.447973
vt -0.053762 0.809880
vt -0.053492 0.804617
vt -0.053762 0.470789
vt -0.138772 0.448531
vt -0.054381 0.472902
vt -0.209784 0.810038
vt -0.210021 0.804779
vt -0.125393 0.718825
vt -0.209179 0.692328
vt -0.209784 0.694454
vt -0.124643 0.805115
vt 0.200001 0.720804
vt -0.051593 0.199503
vt -0.136221 0.193908
vt -0.136221 0.448200
vt -0.052436 0.474697
vt -0.136827 0.450326
vt -0.208122 0.199664
vt -0.123461 0.194737
vt -0.123461 0.720607
vt -0.207233 0.694123
vt -0.122843 0.718494
vt 0.708601 0.123678
vt 0.704377 0.123155
vt 0.703475 0.123630
vt 0.708377 0.770217
vt 0.704377 0.768567
vt 0.708538 0.769644
vt 0.703317 0.123039
vt 0.701217 0.123613
vt 0.689599 0.835905
vt 0.685333 0.835188
vt 0.684539 0.834457
vt 0.689362 0.123998
vt 0.685333 0.123471
vt 0.689434 0.123403
vt 0.684371 0.835024
vt 0.682439 0.833854
vt 0.708080 0.191994
vt 0.703849 0.192441
vt 0.708008 0.192589
vt 0.702786 0.192543
vt 0.702954 0.191947
vt 0.700696 0.191929
vt 0.707843 0.769731
vt 0.703849 0.768087
vt 0.702786 0.768287
vt 0.688840 0.192314
vt 0.684804 0.192758
vt 0.683850 0.192264
vt 0.689065 0.835420
vt 0.684804 0.834708
vt 0.688904 0.835992
vt 0.683850 0.834551
vt 0.684009 0.833976
vt 0.681918 0.833381
vt 1.290398 0.129269
vt 1.294434 0.128825
vt 1.290335 0.128676
vt 1.295230 0.937947
vt 1.295388 0.937372
vt 1.297320 0.938542
vt 1.290174 0.936503
vt 1.294434 0.937215
vt 1.271158 0.129588
vt 1.275390 0.129141
vt 1.276284 0.129636
vt 1.271396 1.002192
vt 1.275390 1.003836
vt 1.271231 1.002761
vt 1.276452 0.129039
vt 1.278543 0.129653
vt 1.289877 0.197585
vt 1.293905 0.198111
vt 1.294867 0.197635
vt 1.289639 0.936018
vt 1.293905 0.936735
vt 1.289805 0.935449
vt 1.294867 0.936899
vt 1.294699 0.937466
vt 1.296799 0.938069
vt 1.270637 0.197905
vt 1.274861 0.198428
vt 1.270700 0.198497
vt 1.275922 0.198543
vt 1.275763 0.197952
vt 1.278021 0.197970
vt 1.270862 1.001706
vt 1.274861 1.003356
vt 1.275922 1.003154
vt 0.703317 0.768769
vt 0.701217 0.768166
vt 0.684371 0.123948
vt 0.681918 0.192241
vt 0.682439 0.123925
vt 0.700696 0.767693
vt 1.289805 0.198180
vt 0.708008 0.769162
vt 0.688904 0.192907
vt 1.270700 1.002279
vt 1.278021 1.003757
vt 1.295388 0.129318
vt 1.297320 0.129341
vt 1.276452 1.003635
vt 1.278543 1.004230
vt 0.708538 0.123085
vt 1.271231 0.128993
vt 0.689434 0.836474
vt 0.123925 0.833854
vt 0.191929 0.767693
vt 0.123613 0.768166
vt 0.197658 0.938069
vt 0.129653 1.004230
vt 0.129341 0.938542
vt 0.709342 0.801729
vt 0.705113 0.801195
vt 0.704207 0.801668
vt 0.709126 0.772582
vt 0.705113 0.770964
vt 0.709282 0.772008
vt 0.704054 0.801076
vt 0.701948 0.801644
vt 0.690855 0.838413
vt 0.686583 0.837730
vt 0.685784 0.837005
vt 0.690622 0.801928
vt 0.686583 0.801392
vt 0.690694 0.801333
vt 0.685619 0.837574
vt 0.683678 0.836419
vt 0.708625 0.870044
vt 0.704386 0.870480
vt 0.708553 0.870639
vt 0.703325 0.870579
vt 0.703490 0.869983
vt 0.701232 0.869959
vt 0.708391 0.772171
vt 0.704386 0.770558
vt 0.703325 0.770766
vt 0.689905 0.870243
vt 0.685856 0.870677
vt 0.684902 0.870181
vt 0.690121 0.838003
vt 0.685856 0.837324
vt 0.689965 0.838577
vt 0.684902 0.837173
vt 0.685055 0.836598
vt 0.682961 0.836018
vt 1.292388 0.808794
vt 1.296437 0.808360
vt 1.292328 0.808201
vt 1.297238 0.935781
vt 1.297391 0.935206
vt 1.299332 0.936361
vt 1.292172 0.934376
vt 1.296437 0.935055
vt 1.273668 0.808993
vt 1.277907 0.808557
vt 1.278803 0.809054
vt 1.273902 1.000208
vt 1.277907 1.001821
vt 1.273740 1.000778
vt 1.278968 0.808458
vt 1.281061 0.809078
vt 1.291671 0.877109
vt 1.295710 0.877645
vt 1.296674 0.877171
vt 1.291438 0.933966
vt 1.295710 0.934649
vt 1.291599 0.933395
vt 1.296674 0.934805
vt 1.296509 0.935374
vt 1.298615 0.935960
vt 1.272951 0.877308
vt 1.277180 0.877842
vt 1.273011 0.877901
vt 1.278239 0.877961
vt 1.278086 0.877369
vt 1.280345 0.877393
vt 1.273167 0.999797
vt 1.277180 1.001415
vt 1.278239 1.001205
vt 0.704054 0.771174
vt 0.701948 0.770588
vt 0.685619 0.801866
vt 0.682961 0.870154
vt 0.683678 0.801839
vt 1.291599 0.877704
vt 0.689965 0.870836
vt 1.280345 1.001791
vt 1.297391 0.808856
vt 1.299332 0.808883
vt 1.278968 1.001613
vt 1.281061 1.002192
vt 0.709282 0.801136
vt 1.292328 0.933802
vt 1.273740 0.808398
vt 0.801839 0.836419
vt 0.869959 0.770187
vt 0.801644 0.770588
vt 0.877198 0.935960
vt 0.809078 1.002192
vt 0.808883 0.936361
vt 0.186341 0.313573
vt 0.190142 0.318034
vt 0.192545 0.314190
vt 0.190896 0.193770
vt 0.185918 0.199354
vt 0.184410 0.193665
vt 0.199466 0.314190
vt 0.193770 0.318840
vt 0.193861 0.313140
vt 0.187478 0.313310
vt 0.191183 0.317794
vt 0.186990 0.319504
vt 0.129777 0.318630
vt 0.124161 0.313943
vt 0.129867 0.312930
vt 0.186990 0.124048
vt 0.191807 0.129777
vt 0.185320 0.129672
vt -0.046950 0.313573
vt -0.050655 0.318034
vt -0.046461 0.319751
vt 0.190326 0.318840
vt 0.195973 0.314190
vt 0.190273 0.313140
vt -0.046461 0.196049
vt -0.051278 0.190326
vt -0.044791 0.190405
vt -0.045813 0.313310
vt -0.049613 0.317794
vt -0.052016 0.313943
vt -0.050368 0.126333
vt -0.045390 0.120743
vt -0.043881 0.126412
vt 0.120667 0.313943
vt 0.126333 0.318630
vt 0.126280 0.312930
vt 0.069731 0.197563
vt 0.069811 0.191898
vt 0.185918 0.319751
vt 0.069697 0.356032
vt 0.069731 0.362045
vt 0.070802 0.122257
vt 0.070835 0.355770
vt 0.200697 0.207099
vt 0.248401 0.206061
vt 0.125391 0.206852
vt 0.131081 0.207304
vt 0.193616 0.313943
vt 0.249539 0.205799
vt 0.255434 0.206852
vt 0.195173 0.079521
vt 0.195074 0.207514
vt 0.232087 0.080786
vt 0.254363 0.207099
vt 0.125489 0.080539
vt 0.131180 0.079311
vt 0.227978 0.083541
vt 0.233158 0.080539
vt 0.134771 0.194032
vt 0.232087 0.200795
vt 0.234326 0.195173
vt 0.131747 0.004006
vt 0.226841 0.083804
vt 0.135682 0.130038
vt 0.233158 0.125489
vt 0.134909 0.124362
vt 0.132884 0.003744
vt 0.134909 -0.001906
vt 0.004817 0.192183
vt 0.133838 0.199668
vt 0.133838 -0.001658
vt 0.007615 0.004006
vt 0.006660 0.122538
vt 0.005727 0.128190
vt 0.006660 -0.001906
vt 0.008753 0.003744
vt -0.092651 0.196176
vt 0.005589 0.197844
vt 0.005589 -0.001658
vt -0.087472 0.083804
vt -0.093820 0.126500
vt -0.091580 0.120870
vt -0.086334 0.083541
vt -0.091580 0.080539
vt 0.189752 0.207513
vt 0.196176 0.080786
vt 0.190493 0.079521
vt -0.114916 0.207099
vt -0.092651 0.080786
vt 0.125759 0.207304
vt 0.120870 0.080539
vt 0.120139 0.206852
vt -0.113845 0.206852
vt -0.107883 0.205799
vt 0.195445 0.207099
vt -0.053087 0.314190
vt -0.109021 0.206061
vt 0.070722 0.127905
vt -0.045390 0.319504
vt 0.070802 0.361797
vt -0.094730 0.190493
vt 0.186609 0.314050
vt 0.190387 0.318533
vt 0.192797 0.314683
vt 0.191111 0.874041
vt 0.186170 0.879664
vt 0.184624 0.874005
vt 0.879696 0.314683
vt 0.874041 0.319369
vt 0.874061 0.313669
vt 0.187214 0.314306
vt 0.190941 0.318768
vt 0.186740 0.320484
vt 0.810044 0.319574
vt 0.804385 0.314924
vt 0.810063 0.313874
vt 0.186740 0.804353
vt 0.191595 0.810044
vt 0.185108 0.810007
vt -0.046699 0.314050
vt -0.050427 0.318533
vt -0.046226 0.320243
vt 0.872209 0.319369
vt 0.877838 0.314683
vt 0.872153 0.313669
vt -0.046226 0.877906
vt -0.051081 0.872209
vt -0.044594 0.872271
vt -0.046094 0.314306
vt -0.049873 0.318768
vt -0.052283 0.314924
vt -0.050597 0.808211
vt -0.045656 0.802595
vt -0.044110 0.808273
vt 0.802527 0.314924
vt 0.808211 0.319574
vt 0.808155 0.313874
vt 0.069971 0.878920
vt 0.070014 0.873272
vt 0.186170 0.320243
vt 0.069954 0.356509
vt 0.069971 0.362537
vt 0.070541 0.803609
vt 0.070559 0.356766
vt 0.879821 0.207591
vt 0.248682 0.206538
vt 0.804510 0.207832
vt 0.810187 0.208247
vt 0.193367 0.314924
vt 0.249287 0.206795
vt 0.255197 0.207832
vt 0.874184 0.208042
vt 0.879248 0.081279
vt 0.232359 0.081279
vt 0.254628 0.207591
vt 0.803937 0.081520
vt 0.809606 0.080255
vt 0.227733 0.084537
vt 0.232929 0.081520
vt 0.234561 0.873604
vt 0.134109 0.878241
vt 0.232359 0.879248
vt 0.134109 -0.001166
vt 0.227128 0.084281
vt 0.235045 0.809606
vt 0.134679 0.802930
vt 0.135489 0.808586
vt 0.132638 0.004739
vt 0.134679 -0.000925
vt 0.005041 0.871600
vt 0.135005 0.872583
vt 0.005851 -0.001166
vt 0.132033 0.004483
vt 0.006421 0.801960
vt 0.005525 0.807602
vt 0.006421 -0.000925
vt 0.008497 0.004739
vt -0.094519 0.871114
vt 0.005851 0.877271
vt -0.087207 0.084281
vt 0.007892 0.004483
vt -0.091833 0.801480
vt -0.094035 0.807117
vt -0.086602 0.084537
vt -0.091833 0.081520
vt 0.871353 0.208042
vt 0.876791 0.081279
vt 0.871114 0.080050
vt -0.092403 0.081279
vt -0.108767 0.206538
vt 0.807117 0.080255
vt 0.801716 0.207832
vt 0.807356 0.208247
vt -0.114108 0.207832
vt -0.108162 0.206795
vt 0.877027 0.207591
vt -0.052852 0.314683
vt -0.114678 0.207591
vt 0.070498 0.809274
vt -0.045656 0.320484
vt 0.070541 0.362778
vt 0.873604 0.080050
vt -0.294395 0.449655
vt -0.296958 0.449300
vt -0.297535 0.449645
vt -0.294395 0.449055
vt -0.294394 0.449230
vt -0.297535 0.449221
vt -0.298836 0.449641
vt -0.294577 0.449181
vt -0.297142 0.449427
vt -0.297717 0.449347
vt -0.294580 0.449782
vt -0.294579 0.449357
vt -0.297719 0.449771
vt -0.299019 0.449767
vt -0.294708 0.548453
vt -0.297273 0.548792
vt -0.294710 0.548877
vt -0.297850 0.548868
vt -0.297848 0.548443
vt -0.299149 0.548440
vt -0.294711 0.549054
vt -0.294893 0.548580
vt -0.297457 0.548918
vt -0.298032 0.548570
vt -0.294894 0.549179
vt -0.294894 0.549004
vt -0.298033 0.548994
vt -0.299332 0.548565
vt 0.436705 0.451991
vt 0.439269 0.451653
vt 0.436706 0.451567
vt 0.439845 0.451577
vt 0.439844 0.452001
vt 0.441144 0.452006
vt 0.436706 0.451391
vt 0.436520 0.452118
vt 0.439085 0.451779
vt 0.439660 0.452128
vt 0.436523 0.451517
vt 0.436522 0.451693
vt 0.439662 0.451703
vt 0.440961 0.452131
vt 0.436392 0.550789
vt 0.438954 0.551144
vt 0.439532 0.550799
vt 0.436389 0.551390
vt 0.436391 0.551214
vt 0.439529 0.551224
vt 0.440831 0.550804
vt 0.436207 0.550916
vt 0.438770 0.551270
vt 0.436206 0.551340
vt 0.439347 0.551350
vt 0.439347 0.550926
vt 0.440648 0.550930
vt 0.436207 0.551515
vt -0.294577 0.237400
vt -0.297535 0.209715
vt -0.294395 0.209737
vt -0.299019 0.237368
vt -0.298836 0.209705
vt -0.294894 0.236944
vt -0.297850 0.209261
vt -0.298033 0.236924
vt -0.299332 0.236917
vt 0.440831 0.214132
vt 0.439347 0.241784
vt 0.440648 0.241795
vt 0.436389 0.214100
vt 0.436207 0.241763
vt 0.436706 0.214556
vt 0.439662 0.242239
vt 0.436523 0.242219
vt 0.439845 0.214576
vt 0.440961 0.242245
vt 0.449641 0.209705
vt 0.548565 0.236917
vt 0.548440 0.209254
vt -0.294711 0.209281
vt 0.550930 0.241795
vt 0.452006 0.214582
vt 0.550804 0.214132
vt 0.112984 0.722138
vt 0.112961 0.727637
vt 0.118065 0.725535
vt 0.105723 0.790704
vt 0.112961 0.795272
vt 0.107872 0.796368
vt 0.120138 0.790607
vt 0.112930 0.790635
vt 0.109225 0.715992
vt 0.109248 0.721564
vt 0.104144 0.719440
vt 0.116486 0.246652
vt 0.109248 0.242081
vt 0.114338 0.241031
vt 0.102071 0.246749
vt 0.109279 0.246680
vt 0.188135 0.685950
vt 0.192441 0.689364
vt 0.193974 0.684074
vt 0.187815 0.790510
vt 0.192441 0.795159
vt 0.187618 0.796200
vt 0.790574 0.683599
vt 0.795159 0.689364
vt 0.790520 0.690380
vt 0.184377 0.679803
vt 0.188727 0.683292
vt 0.183890 0.685948
vt 0.246619 0.677628
vt 0.241967 0.683292
vt 0.240977 0.677979
vt 0.184164 0.246555
vt 0.188727 0.241967
vt 0.190096 0.246565
vt 0.206702 0.604636
vt 0.212076 0.603367
vt 0.208889 0.598880
vt 0.791265 0.610371
vt 0.795971 0.603367
vt 0.796956 0.608817
vt 0.791441 0.596318
vt 0.791346 0.602935
vt 0.202943 0.598489
vt 0.208363 0.597295
vt 0.207429 0.602722
vt 0.247486 0.590347
vt 0.242779 0.597295
vt 0.241812 0.592785
vt 0.247310 0.604400
vt 0.247391 0.596965
vt 0.154702 0.539427
vt 0.157082 0.534402
vt 0.151580 0.534106
vt 0.163489 0.792400
vt 0.157082 0.797097
vt 0.160763 0.798065
vt 0.150502 0.792556
vt 0.157793 0.792491
vt 0.150943 0.533280
vt 0.153368 0.528330
vt 0.157036 0.532433
vt 0.146850 0.248601
vt 0.153368 0.243905
vt 0.147853 0.242908
vt 0.159837 0.248445
vt 0.154142 0.248536
vt 0.071293 0.539427
vt 0.068869 0.534402
vt 0.065201 0.538528
vt 0.075388 0.793060
vt 0.068869 0.797689
vt 0.074385 0.798694
vt 0.062400 0.793079
vt 0.068096 0.793093
vt 0.067535 0.533280
vt 0.065156 0.528330
vt 0.070658 0.528011
vt 0.058748 0.249124
vt 0.065156 0.244498
vt 0.061474 0.243439
vt 0.071736 0.249105
vt 0.064445 0.249138
vt 0.019284 0.604636
vt 0.013865 0.603367
vt 0.014797 0.608817
vt 0.792748 0.596318
vt 0.797302 0.603367
vt 0.798368 0.598880
vt 0.792616 0.610371
vt 0.792699 0.602935
vt 0.015526 0.598489
vt 0.010151 0.597295
vt 0.013339 0.592785
vt 0.248661 0.604400
vt 0.244110 0.597295
vt 0.243006 0.602722
vt 0.248793 0.590347
vt 0.248744 0.596964
vt 0.037838 0.685950
vt 0.033487 0.689364
vt 0.038324 0.692043
vt 0.791700 0.683599
vt 0.796226 0.689364
vt 0.797332 0.684074
vt 0.038050 0.791516
vt 0.033487 0.796226
vt 0.032118 0.791605
vt 0.034080 0.679803
vt 0.029774 0.683292
vt 0.028242 0.677979
vt 0.034398 0.247561
vt 0.029774 0.243034
vt 0.034596 0.241934
vt 0.247745 0.677628
vt 0.243034 0.683292
vt 0.247650 0.684410
vt 0.118065 0.796299
vt 0.187618 0.692043
vt 0.183890 0.240932
vt 0.114338 0.719440
vt 0.246565 0.684410
vt 0.193747 0.790520
vt 0.796245 0.684074
vt 0.241688 0.602722
vt 0.190246 0.677979
vt 0.792400 0.537594
vt 0.797080 0.598880
vt 0.242798 0.532433
vt 0.248445 0.531623
vt 0.205162 0.592785
vt 0.151580 0.798176
vt 0.074385 0.534106
vt 0.070658 0.243426
vt 0.147853 0.528011
vt 0.793079 0.537594
vt 0.798707 0.538528
vt 0.017066 0.598880
vt 0.243439 0.532433
vt 0.243100 0.592785
vt 0.798274 0.608817
vt 0.242065 0.677979
vt 0.011070 0.602722
vt 0.028467 0.247650
vt 0.791605 0.690380
vt 0.038324 0.797202
vt 0.107872 0.725535
vt 0.104144 0.241100
vt 0.034596 0.685948
vt 0.249124 0.531623
vt 0.111262 0.724550
vt 0.111332 0.730099
vt 0.116406 0.727982
vt 0.104222 0.240136
vt 0.111332 0.244905
vt 0.106215 0.245828
vt 0.118634 0.240436
vt 0.111428 0.240294
vt 0.111990 0.724688
vt 0.111920 0.730210
vt 0.106846 0.728101
vt 0.119030 0.221441
vt 0.111920 0.216673
vt 0.117037 0.215733
vt 0.104617 0.221141
vt 0.111823 0.221298
vt 0.189682 0.686778
vt 0.194079 0.690243
vt 0.195584 0.684937
vt 0.189582 0.241778
vt 0.194079 0.246470
vt 0.189229 0.247418
vt 0.241921 0.684547
vt 0.246470 0.690243
vt 0.241884 0.691328
vt 0.190410 0.686916
vt 0.194667 0.690354
vt 0.189860 0.693026
vt 0.222925 0.684621
vt 0.218239 0.690354
vt 0.217212 0.685056
vt 0.189978 0.222783
vt 0.194667 0.218239
vt 0.195908 0.222888
vt 0.209056 0.601907
vt 0.214523 0.600688
vt 0.211308 0.596185
vt 0.241983 0.607762
vt 0.246542 0.600688
vt 0.247582 0.606123
vt 0.241861 0.593708
vt 0.241958 0.600325
vt 0.209785 0.602044
vt 0.215110 0.600799
vt 0.214206 0.606242
vt 0.222865 0.593783
vt 0.218311 0.600799
vt 0.217189 0.596305
vt 0.222987 0.607836
vt 0.222962 0.600400
vt 0.154796 0.533845
vt 0.157268 0.528871
vt 0.151739 0.528559
vt 0.163801 0.240597
vt 0.157268 0.245068
vt 0.160921 0.246198
vt 0.150817 0.240302
vt 0.158107 0.240459
vt 0.155524 0.533983
vt 0.157856 0.528982
vt 0.161551 0.533101
vt 0.151212 0.221306
vt 0.157856 0.216837
vt 0.152370 0.215683
vt 0.164196 0.221601
vt 0.158502 0.221464
vt 0.067760 0.533845
vt 0.065429 0.528870
vt 0.061733 0.532981
vt 0.072073 0.238663
vt 0.065429 0.243156
vt 0.070915 0.244308
vt 0.059088 0.238417
vt 0.064783 0.238517
vt 0.068488 0.533983
vt 0.066017 0.528982
vt 0.071546 0.528678
vt 0.059483 0.219422
vt 0.066017 0.214925
vt 0.062364 0.213827
vt 0.072469 0.219667
vt 0.065178 0.219521
vt 0.013488 0.601907
vt 0.008163 0.600688
vt 0.009066 0.606123
vt 0.237638 0.593708
vt 0.242247 0.600688
vt 0.243334 0.596185
vt 0.237627 0.607762
vt 0.237593 0.600325
vt 0.014216 0.602044
vt 0.008750 0.600799
vt 0.011965 0.596305
vt 0.218631 0.607836
vt 0.214016 0.600799
vt 0.213019 0.606242
vt 0.218642 0.593783
vt 0.218598 0.600400
vt 0.032848 0.686778
vt 0.028591 0.690243
vt 0.033398 0.692906
vt 0.238294 0.684547
vt 0.243026 0.690243
vt 0.244011 0.684937
vt 0.033280 0.238525
vt 0.028591 0.243026
vt 0.027350 0.238384
vt 0.033577 0.686916
vt 0.029179 0.690354
vt 0.027675 0.685056
vt 0.033675 0.219530
vt 0.029179 0.214794
vt 0.034029 0.213867
vt 0.219298 0.684621
vt 0.214794 0.690354
vt 0.219388 0.691403
vt 0.116406 0.246040
vt 0.189860 0.217111
vt 0.222888 0.691403
vt 0.195513 0.241884
vt 0.247519 0.684937
vt 0.213575 0.606123
vt 0.217275 0.606242
vt 0.240597 0.532131
vt 0.247496 0.596185
vt 0.215891 0.533101
vt 0.221601 0.532206
vt 0.151739 0.245990
vt 0.070915 0.528559
vt 0.071546 0.214001
vt 0.152370 0.528678
vt 0.244134 0.532981
vt 0.238417 0.532131
vt 0.011335 0.596185
vt 0.219422 0.532206
vt 0.213027 0.596305
vt 0.243326 0.606123
vt 0.213704 0.685056
vt 0.027745 0.219388
vt 0.033398 0.244174
vt 0.106215 0.727982
vt 0.106846 0.215521
vt 0.359798 0.715698
vt 0.359905 0.721271
vt 0.364966 0.719147
vt 0.352850 0.793535
vt 0.359905 0.798385
vt 0.354778 0.799235
vt 0.367258 0.794000
vt 0.360054 0.793788
vt 0.377885 0.721782
vt 0.377774 0.727281
vt 0.372714 0.725179
vt 0.384829 0.250316
vt 0.377774 0.245469
vt 0.382902 0.244573
vt 0.370421 0.249851
vt 0.377624 0.250103
vt 0.434921 0.679510
vt 0.439355 0.682998
vt 0.440849 0.677685
vt 0.434911 0.795833
vt 0.439355 0.800537
vt 0.434494 0.801447
vt 0.796000 0.677334
vt 0.800537 0.682998
vt 0.795975 0.684115
vt 0.453008 0.685593
vt 0.457224 0.689008
vt 0.452429 0.691687
vt 0.252316 0.683244
vt 0.247620 0.689008
vt 0.246575 0.683718
vt 0.452481 0.252148
vt 0.457224 0.247620
vt 0.458412 0.252291
vt 0.453501 0.598196
vt 0.459005 0.597001
vt 0.455780 0.592491
vt 0.795745 0.604106
vt 0.800237 0.597001
vt 0.801304 0.602428
vt 0.795489 0.590053
vt 0.795671 0.596670
vt 0.471588 0.604279
vt 0.476873 0.603011
vt 0.475980 0.608461
vt 0.251805 0.595962
vt 0.247321 0.603011
vt 0.246131 0.598523
vt 0.252061 0.610016
vt 0.251987 0.602580
vt 0.401545 0.532987
vt 0.404057 0.528036
vt 0.398518 0.527717
vt 0.410640 0.793339
vt 0.404057 0.797712
vt 0.407695 0.798912
vt 0.397661 0.792851
vt 0.404949 0.793103
vt 0.419632 0.539070
vt 0.421926 0.534046
vt 0.425631 0.538172
vt 0.415232 0.249167
vt 0.421926 0.244795
vt 0.416453 0.243576
vt 0.428210 0.249655
vt 0.422519 0.249419
vt 0.318178 0.532987
vt 0.315889 0.528036
vt 0.312180 0.532139
vt 0.322585 0.790425
vt 0.315889 0.794862
vt 0.321361 0.796074
vt 0.309601 0.790073
vt 0.315296 0.790205
vt 0.336266 0.539070
vt 0.333757 0.534046
vt 0.339297 0.533750
vt 0.327172 0.246389
vt 0.333757 0.241946
vt 0.330116 0.240834
vt 0.340155 0.246741
vt 0.332867 0.246521
vt 0.266177 0.598196
vt 0.260892 0.597001
vt 0.261782 0.602428
vt 0.789198 0.590053
vt 0.793835 0.597001
vt 0.794926 0.592491
vt 0.789247 0.604106
vt 0.789160 0.596670
vt 0.284264 0.604279
vt 0.278761 0.603011
vt 0.281989 0.598523
vt 0.245563 0.610016
vt 0.240918 0.603011
vt 0.239970 0.608461
vt 0.245514 0.595962
vt 0.245476 0.602580
vt 0.284699 0.679510
vt 0.280482 0.682998
vt 0.285274 0.685654
vt 0.790582 0.677334
vt 0.795402 0.682998
vt 0.796333 0.677685
vt 0.285220 0.790995
vt 0.280482 0.795402
vt 0.279293 0.790755
vt 0.302787 0.685593
vt 0.298350 0.689008
vt 0.296861 0.683718
vt 0.302790 0.247311
vt 0.298350 0.242486
vt 0.303210 0.241634
vt 0.246898 0.683243
vt 0.242486 0.689008
vt 0.247070 0.690025
vt 0.364966 0.799564
vt 0.434494 0.685654
vt 0.452429 0.246456
vt 0.252291 0.690025
vt 0.440841 0.795975
vt 0.801566 0.677685
vt 0.458044 0.602428
vt 0.246312 0.608461
vt 0.793339 0.531328
vt 0.801122 0.592491
vt 0.407695 0.532139
vt 0.249655 0.537238
vt 0.243921 0.538172
vt 0.398518 0.798568
vt 0.321361 0.527717
vt 0.339297 0.241083
vt 0.416453 0.533750
vt 0.795826 0.532139
vt 0.790073 0.531328
vt 0.246389 0.537238
vt 0.239935 0.598523
vt 0.794961 0.602428
vt 0.241342 0.683718
vt 0.296863 0.247070
vt 0.285274 0.796625
vt 0.372714 0.244244
vt 0.303210 0.691687
vt 0.371967 0.725424
vt 0.371897 0.730944
vt 0.377014 0.728836
vt 0.364595 0.240945
vt 0.371897 0.245414
vt 0.366823 0.246566
vt 0.379007 0.240648
vt 0.371801 0.240788
vt 0.371244 0.725265
vt 0.371314 0.730816
vt 0.366197 0.728699
vt 0.378615 0.221652
vt 0.371314 0.217183
vt 0.376388 0.216049
vt 0.364203 0.221950
vt 0.371409 0.221793
vt 0.450388 0.687652
vt 0.454645 0.691089
vt 0.456192 0.685791
vt 0.449956 0.239337
vt 0.454645 0.243886
vt 0.449837 0.245011
vt 0.239203 0.685353
vt 0.243886 0.691089
vt 0.239235 0.692135
vt 0.449665 0.687494
vt 0.454062 0.690961
vt 0.449211 0.693623
vt 0.220207 0.685267
vt 0.215654 0.690961
vt 0.214609 0.685654
vt 0.449564 0.220342
vt 0.454062 0.215654
vt 0.455495 0.220240
vt 0.469763 0.602781
vt 0.475089 0.601534
vt 0.471918 0.597040
vt 0.239189 0.608568
vt 0.243869 0.601534
vt 0.244902 0.606977
vt 0.239319 0.594514
vt 0.239219 0.601132
vt 0.469040 0.602622
vt 0.474506 0.601406
vt 0.473559 0.606840
vt 0.220323 0.594428
vt 0.215638 0.601406
vt 0.214687 0.596902
vt 0.220193 0.608482
vt 0.220223 0.601046
vt 0.415503 0.534719
vt 0.417835 0.529716
vt 0.412349 0.529413
vt 0.424177 0.240612
vt 0.417835 0.245378
vt 0.421531 0.246321
vt 0.411192 0.240909
vt 0.418482 0.240752
vt 0.414780 0.534561
vt 0.417252 0.529588
vt 0.420905 0.533699
vt 0.410800 0.221913
vt 0.417252 0.217146
vt 0.411723 0.216224
vt 0.423784 0.221616
vt 0.418090 0.221756
vt 0.328467 0.534719
vt 0.325996 0.529716
vt 0.322342 0.533836
vt 0.332449 0.242535
vt 0.325996 0.247274
vt 0.331525 0.248200
vt 0.319463 0.242775
vt 0.325158 0.242679
vt 0.327744 0.534561
vt 0.325413 0.529588
vt 0.330899 0.529276
vt 0.319071 0.223779
vt 0.325413 0.219043
vt 0.321716 0.218063
vt 0.332056 0.223539
vt 0.324766 0.223683
vt 0.274194 0.602781
vt 0.268728 0.601534
vt 0.269675 0.606977
vt 0.243510 0.594514
vt 0.248132 0.601534
vt 0.249124 0.597040
vt 0.243512 0.608568
vt 0.243550 0.601132
vt 0.273471 0.602622
vt 0.268145 0.601406
vt 0.271317 0.596902
vt 0.224517 0.608482
vt 0.219900 0.601406
vt 0.218819 0.606840
vt 0.224514 0.594428
vt 0.224554 0.601046
vt 0.293553 0.687652
vt 0.289156 0.691089
vt 0.294006 0.693761
vt 0.242802 0.685353
vt 0.247303 0.691089
vt 0.248397 0.685791
vt 0.293653 0.242566
vt 0.289156 0.247303
vt 0.287723 0.242709
vt 0.292831 0.687494
vt 0.288573 0.690961
vt 0.287026 0.685654
vt 0.293261 0.223570
vt 0.288573 0.219072
vt 0.293380 0.217923
vt 0.223807 0.685267
vt 0.219072 0.690961
vt 0.223713 0.692049
vt 0.377014 0.246356
vt 0.449837 0.693761
vt 0.449211 0.214704
vt 0.376388 0.728699
vt 0.220240 0.692049
vt 0.455887 0.239235
vt 0.244916 0.685791
vt 0.474185 0.606977
vt 0.214595 0.606840
vt 0.240612 0.532938
vt 0.244994 0.597040
vt 0.421531 0.533836
vt 0.216014 0.533699
vt 0.221616 0.532852
vt 0.471292 0.596902
vt 0.412349 0.246531
vt 0.331525 0.529413
vt 0.330899 0.217893
vt 0.411723 0.529276
vt 0.242775 0.532938
vt 0.248370 0.533836
vt 0.271943 0.597040
vt 0.223779 0.532852
vt 0.218817 0.596902
vt 0.249126 0.606977
vt 0.287652 0.685791
vt 0.218090 0.685654
vt 0.269049 0.606840
vt 0.287330 0.223713
vt 0.242709 0.692135
vt 0.294006 0.248229
vt 0.366823 0.728836
vt 0.366197 0.216260
vt 0.293380 0.693623
vt 0.619941 0.720836
vt 0.620101 0.726351
vt 0.625143 0.724245
vt 0.613118 0.791280
vt 0.620101 0.796231
vt 0.614961 0.797042
vt 0.627517 0.791956
vt 0.620318 0.791607
vt 0.646174 0.717410
vt 0.646017 0.722966
vt 0.640974 0.720847
vt 0.653000 0.248563
vt 0.646017 0.243611
vt 0.651156 0.242826
vt 0.638601 0.247888
vt 0.645801 0.248214
vt 0.694999 0.684646
vt 0.699481 0.688077
vt 0.700955 0.682782
vt 0.695111 0.795325
vt 0.699481 0.800188
vt 0.694609 0.800982
vt 0.795815 0.682334
vt 0.800188 0.688077
vt 0.795630 0.689116
vt 0.721231 0.681220
vt 0.725397 0.684692
vt 0.720622 0.687353
vt 0.252422 0.679006
vt 0.247568 0.684692
vt 0.246635 0.679384
vt 0.720594 0.251933
vt 0.725397 0.247568
vt 0.726518 0.252238
vt 0.713515 0.603329
vt 0.719065 0.602076
vt 0.715824 0.597584
vt 0.797046 0.609103
vt 0.801633 0.602076
vt 0.802593 0.607521
vt 0.796981 0.595049
vt 0.797100 0.601667
vt 0.739748 0.599902
vt 0.744980 0.598691
vt 0.744106 0.604124
vt 0.253589 0.591721
vt 0.249013 0.598691
vt 0.247854 0.594186
vt 0.253653 0.605775
vt 0.253707 0.598339
vt 0.661548 0.538117
vt 0.664104 0.533109
vt 0.658553 0.532807
vt 0.670753 0.795146
vt 0.664104 0.799478
vt 0.667728 0.800662
vt 0.657778 0.794576
vt 0.665062 0.794909
vt 0.687781 0.534691
vt 0.690020 0.529724
vt 0.693741 0.533832
vt 0.683261 0.251183
vt 0.690020 0.246858
vt 0.684566 0.245565
vt 0.696236 0.251754
vt 0.690545 0.251516
vt 0.578229 0.538117
vt 0.575987 0.533109
vt 0.572268 0.537230
vt 0.582745 0.791057
vt 0.575987 0.795346
vt 0.581441 0.796643
vt 0.569773 0.790411
vt 0.575461 0.790707
vt 0.604462 0.534691
vt 0.601903 0.529724
vt 0.607454 0.529410
vt 0.595256 0.247018
vt 0.601903 0.242726
vt 0.598282 0.241492
vt 0.608228 0.247665
vt 0.600945 0.247314
vt 0.526300 0.603329
vt 0.521067 0.602076
vt 0.521944 0.607522
vt 0.787858 0.595049
vt 0.792348 0.602076
vt 0.793562 0.597584
vt 0.787622 0.609103
vt 0.787658 0.601667
vt 0.552532 0.599902
vt 0.546983 0.598691
vt 0.550220 0.594186
vt 0.244229 0.605775
vt 0.239728 0.598691
vt 0.238701 0.604124
vt 0.244465 0.591721
vt 0.244266 0.598339
vt 0.544863 0.684646
vt 0.540699 0.688077
vt 0.545476 0.690751
vt 0.787957 0.682334
vt 0.792742 0.688077
vt 0.793739 0.682782
vt 0.545506 0.788309
vt 0.540699 0.792742
vt 0.539579 0.788059
vt 0.571096 0.681220
vt 0.566615 0.684692
vt 0.565138 0.679384
vt 0.570989 0.244917
vt 0.566615 0.240122
vt 0.571489 0.239295
vt 0.244564 0.679006
vt 0.240122 0.684692
vt 0.244666 0.685787
vt 0.625143 0.797519
vt 0.694609 0.690751
vt 0.720622 0.246289
vt 0.651156 0.720847
vt 0.252238 0.685787
vt 0.801329 0.682782
vt 0.247900 0.604124
vt 0.726968 0.679384
vt 0.795146 0.536323
vt 0.802548 0.597584
vt 0.251754 0.532994
vt 0.245968 0.533832
vt 0.741837 0.594186
vt 0.658553 0.800259
vt 0.581441 0.532807
vt 0.607454 0.241949
vt 0.790411 0.536323
vt 0.796185 0.537230
vt 0.524207 0.597584
vt 0.247018 0.532994
vt 0.238868 0.594186
vt 0.793395 0.607522
vt 0.539125 0.682782
vt 0.239046 0.679384
vt 0.565063 0.244666
vt 0.788059 0.689116
vt 0.545476 0.793988
vt 0.640974 0.242348
vt 0.571489 0.687353
vt 0.631567 0.724107
vt 0.631553 0.729647
vt 0.636654 0.727533
vt 0.624325 0.240748
vt 0.631553 0.245335
vt 0.626461 0.246393
vt 0.638740 0.240684
vt 0.631532 0.240718
vt 0.631413 0.724151
vt 0.631428 0.729683
vt 0.626327 0.727571
vt 0.638656 0.221684
vt 0.631428 0.217097
vt 0.636520 0.216034
vt 0.624241 0.221748
vt 0.631449 0.221718
vt 0.710000 0.686335
vt 0.714314 0.689791
vt 0.715844 0.684488
vt 0.709700 0.240328
vt 0.714314 0.244919
vt 0.709489 0.245982
vt 0.240274 0.684082
vt 0.244919 0.689791
vt 0.240296 0.690864
vt 0.709846 0.686379
vt 0.714189 0.689827
vt 0.709355 0.692495
vt 0.221274 0.684106
vt 0.216682 0.689827
vt 0.215631 0.684526
vt 0.709616 0.221328
vt 0.714189 0.216682
vt 0.715547 0.221296
vt 0.729371 0.601463
vt 0.734753 0.600235
vt 0.731564 0.595735
vt 0.240099 0.607296
vt 0.244716 0.600235
vt 0.245765 0.605673
vt 0.240096 0.593242
vt 0.240089 0.599860
vt 0.729217 0.601507
vt 0.734629 0.600271
vt 0.733699 0.605711
vt 0.221096 0.593267
vt 0.216478 0.600271
vt 0.215449 0.595774
vt 0.221100 0.607321
vt 0.221089 0.599884
vt 0.675094 0.533400
vt 0.677480 0.528417
vt 0.671976 0.528108
vt 0.683899 0.240234
vt 0.677480 0.244877
vt 0.681160 0.245904
vt 0.670911 0.240283
vt 0.678203 0.240253
vt 0.674939 0.533445
vt 0.677356 0.528453
vt 0.681027 0.532569
vt 0.670827 0.221283
vt 0.677356 0.216640
vt 0.671843 0.215625
vt 0.683815 0.221234
vt 0.678119 0.221253
vt 0.588039 0.533400
vt 0.585622 0.528417
vt 0.581952 0.532531
vt 0.592151 0.240630
vt 0.585622 0.245282
vt 0.591136 0.246295
vt 0.579164 0.240695
vt 0.584860 0.240664
vt 0.587885 0.533445
vt 0.585498 0.528453
vt 0.591002 0.528147
vt 0.579080 0.221696
vt 0.585498 0.217044
vt 0.581818 0.216028
vt 0.592068 0.221630
vt 0.584776 0.221664
vt 0.533762 0.601463
vt 0.528350 0.600235
vt 0.529281 0.605673
vt 0.240990 0.593242
vt 0.245625 0.600235
vt 0.246643 0.595735
vt 0.241022 0.607296
vt 0.241013 0.599860
vt 0.533608 0.601507
vt 0.528226 0.600271
vt 0.531415 0.595774
vt 0.222022 0.607321
vt 0.217388 0.600271
vt 0.216353 0.605711
vt 0.221990 0.593267
vt 0.222014 0.599884
vt 0.553134 0.686335
vt 0.548791 0.689791
vt 0.553625 0.692457
vt 0.241042 0.684082
vt 0.245649 0.689791
vt 0.246687 0.684487
vt 0.553365 0.241017
vt 0.548791 0.245649
vt 0.547433 0.241037
vt 0.552980 0.686379
vt 0.548667 0.689827
vt 0.547136 0.684526
vt 0.553281 0.222017
vt 0.548667 0.217411
vt 0.553492 0.216356
vt 0.222042 0.684106
vt 0.217411 0.689827
vt 0.222038 0.690888
vt 0.636654 0.246348
vt 0.709489 0.692457
vt 0.709355 0.215669
vt 0.636520 0.727571
vt 0.221296 0.690888
vt 0.245944 0.684488
vt 0.215451 0.605711
vt 0.715710 0.684526
vt 0.240234 0.531665
vt 0.245762 0.595735
vt 0.681160 0.532531
vt 0.221234 0.531689
vt 0.215591 0.532569
vt 0.671976 0.245939
vt 0.591002 0.215982
vt 0.246341 0.532531
vt 0.240695 0.531665
vt 0.531549 0.595735
vt 0.221696 0.531689
vt 0.216330 0.595774
vt 0.581818 0.532569
vt 0.246666 0.605673
vt 0.547270 0.684487
vt 0.216373 0.684526
vt 0.547349 0.222038
vt 0.553625 0.246669
vt 0.626461 0.727533
vt 0.626327 0.216079
vt 0.553492 0.692495
vt 0.110895 0.902842
vt 0.110895 0.908358
vt 0.115992 0.906251
vt 0.103688 0.844077
vt 0.110895 0.848695
vt 0.105798 0.849746
vt 0.118103 0.844078
vt 0.110895 0.844067
vt 0.110947 0.899474
vt 0.110947 0.905030
vt 0.105851 0.902911
vt 0.118154 0.300088
vt 0.110947 0.295468
vt 0.116044 0.294443
vt 0.103739 0.300087
vt 0.110947 0.300076
vt 0.186045 0.866653
vt 0.190373 0.870084
vt 0.191899 0.864788
vt 0.185780 0.844281
vt 0.190373 0.848933
vt 0.185544 0.849955
vt 0.844349 0.864341
vt 0.848933 0.870084
vt 0.844308 0.871123
vt 0.186098 0.863284
vt 0.190425 0.866756
vt 0.185596 0.869417
vt 0.300359 0.861069
vt 0.295706 0.866756
vt 0.294700 0.861447
vt 0.185831 0.300290
vt 0.190425 0.295706
vt 0.191763 0.300318
vt 0.204605 0.785335
vt 0.210003 0.784083
vt 0.206809 0.779590
vt 0.844791 0.791110
vt 0.849452 0.784083
vt 0.850458 0.789528
vt 0.844876 0.777056
vt 0.844836 0.783674
vt 0.204658 0.781966
vt 0.210055 0.780755
vt 0.209129 0.786187
vt 0.300885 0.773784
vt 0.296225 0.780755
vt 0.295214 0.776250
vt 0.300801 0.787838
vt 0.300846 0.780402
vt 0.152600 0.720123
vt 0.155002 0.715115
vt 0.149493 0.714814
vt 0.161441 0.845224
vt 0.155002 0.849862
vt 0.158677 0.850876
vt 0.148453 0.845261
vt 0.155745 0.845253
vt 0.152653 0.716754
vt 0.155054 0.711787
vt 0.158729 0.715896
vt 0.148504 0.301271
vt 0.155054 0.296634
vt 0.149546 0.295598
vt 0.161492 0.301234
vt 0.155796 0.301263
vt 0.069189 0.720123
vt 0.066788 0.715115
vt 0.063112 0.719236
vt 0.073337 0.845254
vt 0.066788 0.849854
vt 0.072296 0.850894
vt 0.060350 0.845215
vt 0.066046 0.845244
vt 0.069242 0.716754
vt 0.066840 0.711787
vt 0.072349 0.711473
vt 0.060401 0.301225
vt 0.066840 0.296626
vt 0.063165 0.295563
vt 0.073389 0.301264
vt 0.066097 0.301254
vt 0.017184 0.785335
vt 0.011787 0.784083
vt 0.012713 0.789528
vt 0.844857 0.777056
vt 0.849434 0.784083
vt 0.850499 0.779590
vt 0.844772 0.791110
vt 0.844817 0.783674
vt 0.017237 0.781966
vt 0.011839 0.780755
vt 0.015033 0.776250
vt 0.300782 0.787838
vt 0.296206 0.780755
vt 0.295135 0.786187
vt 0.300867 0.773784
vt 0.300827 0.780402
vt 0.035744 0.866653
vt 0.031417 0.870084
vt 0.036246 0.872757
vt 0.844333 0.864341
vt 0.848918 0.870084
vt 0.849988 0.864788
vt 0.036011 0.844267
vt 0.031417 0.848918
vt 0.030079 0.844293
vt 0.035797 0.863284
vt 0.031469 0.866756
vt 0.029943 0.861447
vt 0.036062 0.300276
vt 0.031469 0.295691
vt 0.036298 0.294637
vt 0.300343 0.861069
vt 0.295691 0.866756
vt 0.300303 0.867850
vt 0.115992 0.849747
vt 0.185544 0.872757
vt 0.185596 0.294651
vt 0.300318 0.867850
vt 0.191712 0.844308
vt 0.850003 0.864788
vt 0.209077 0.789528
vt 0.295154 0.786187
vt 0.850876 0.719236
vt 0.850517 0.779590
vt 0.158677 0.719236
vt 0.295572 0.715896
vt 0.301234 0.715057
vt 0.149493 0.850901
vt 0.072349 0.295591
vt 0.149546 0.711473
vt 0.850867 0.719236
vt 0.845215 0.718330
vt 0.014981 0.779590
vt 0.295563 0.715896
vt 0.295195 0.776250
vt 0.063165 0.715896
vt 0.850439 0.789528
vt 0.029891 0.864788
vt 0.294684 0.861447
vt 0.012765 0.786187
vt 0.030130 0.300303
vt 0.036246 0.849941
vt 0.105798 0.906251
vt 0.105851 0.294442
vt 0.845224 0.718330
vt 0.301225 0.715057
vt 0.110794 0.904430
vt 0.110762 0.909981
vt 0.115868 0.907864
vt 0.103510 0.291557
vt 0.110762 0.296108
vt 0.105675 0.297184
vt 0.117925 0.291420
vt 0.110718 0.291497
vt 0.110460 0.904593
vt 0.110492 0.910113
vt 0.105386 0.908005
vt 0.117744 0.272421
vt 0.110492 0.267871
vt 0.115579 0.266775
vt 0.103329 0.272558
vt 0.110536 0.272498
vt 0.189222 0.866659
vt 0.193518 0.870126
vt 0.195053 0.864819
vt 0.188881 0.290583
vt 0.193518 0.295132
vt 0.188699 0.296228
vt 0.290445 0.864433
vt 0.295132 0.870126
vt 0.290506 0.871215
vt 0.188888 0.866822
vt 0.193249 0.870258
vt 0.188409 0.872930
vt 0.271446 0.864521
vt 0.266896 0.870258
vt 0.265819 0.864960
vt 0.188699 0.271584
vt 0.193249 0.266896
vt 0.194631 0.271507
vt 0.208589 0.781787
vt 0.213954 0.780571
vt 0.210770 0.776068
vt 0.289919 0.787648
vt 0.294519 0.780571
vt 0.295591 0.786005
vt 0.289884 0.773594
vt 0.289883 0.780212
vt 0.208255 0.781950
vt 0.213684 0.780703
vt 0.212749 0.786147
vt 0.270885 0.773683
vt 0.266283 0.780703
vt 0.265255 0.776209
vt 0.270920 0.787737
vt 0.270884 0.780300
vt 0.154311 0.713726
vt 0.156680 0.708754
vt 0.151181 0.708441
vt 0.163074 0.290066
vt 0.156680 0.294731
vt 0.160365 0.295753
vt 0.150087 0.290160
vt 0.157378 0.290098
vt 0.153977 0.713889
vt 0.156411 0.708886
vt 0.160076 0.713005
vt 0.149905 0.271161
vt 0.156411 0.266495
vt 0.150892 0.265508
vt 0.162893 0.271067
vt 0.157197 0.271099
vt 0.067260 0.713726
vt 0.064825 0.708754
vt 0.061160 0.712864
vt 0.071330 0.290912
vt 0.064825 0.295607
vt 0.070344 0.296591
vt 0.058343 0.291065
vt 0.064039 0.290988
vt 0.066926 0.713889
vt 0.064556 0.708886
vt 0.070054 0.708583
vt 0.058162 0.272066
vt 0.064556 0.267371
vt 0.060871 0.266387
vt 0.071149 0.271913
vt 0.063857 0.271989
vt 0.012987 0.781787
vt 0.007558 0.780571
vt 0.008494 0.786005
vt 0.291821 0.773594
vt 0.296489 0.780571
vt 0.297475 0.776068
vt 0.291917 0.787648
vt 0.291884 0.780212
vt 0.012653 0.781950
vt 0.007289 0.780703
vt 0.010472 0.776209
vt 0.272918 0.787737
vt 0.268253 0.780703
vt 0.267231 0.786147
vt 0.272822 0.773683
vt 0.272885 0.780300
vt 0.032362 0.866659
vt 0.028002 0.870126
vt 0.032841 0.872788
vt 0.292108 0.864433
vt 0.296711 0.870126
vt 0.297739 0.864819
vt 0.032551 0.292075
vt 0.028002 0.296711
vt 0.026620 0.292110
vt 0.032028 0.866822
vt 0.027732 0.870258
vt 0.026196 0.864960
vt 0.032370 0.273076
vt 0.027732 0.268475
vt 0.032552 0.267404
vt 0.273109 0.864521
vt 0.268475 0.870258
vt 0.273112 0.871303
vt 0.115868 0.297087
vt 0.188699 0.872788
vt 0.188409 0.265916
vt 0.115579 0.908005
vt 0.271507 0.871303
vt 0.194812 0.290506
vt 0.296131 0.864819
vt 0.265279 0.786147
vt 0.290066 0.712018
vt 0.295567 0.776068
vt 0.265441 0.713005
vt 0.271067 0.712106
vt 0.210480 0.776209
vt 0.151181 0.295820
vt 0.070344 0.708441
vt 0.070054 0.266279
vt 0.291065 0.712018
vt 0.296699 0.712864
vt 0.010762 0.776068
vt 0.266387 0.713005
vt 0.267163 0.776209
vt 0.060871 0.713005
vt 0.297543 0.786005
vt 0.267427 0.864960
vt 0.026438 0.273112
vt 0.292110 0.871214
vt 0.032841 0.297716
vt 0.105675 0.907864
vt 0.105386 0.266872
vt 0.032552 0.872930
vt 0.359855 0.899644
vt 0.360000 0.905173
vt 0.365047 0.903062
vt 0.352995 0.839958
vt 0.360000 0.844880
vt 0.354863 0.845704
vt 0.367398 0.840572
vt 0.360197 0.840262
vt 0.383721 0.898522
vt 0.383578 0.904064
vt 0.378530 0.901949
vt 0.390582 0.297068
vt 0.383578 0.292146
vt 0.388714 0.291330
vt 0.376180 0.296453
vt 0.383381 0.296757
vt 0.434934 0.863453
vt 0.439402 0.866898
vt 0.440882 0.861598
vt 0.435010 0.843522
vt 0.439402 0.848343
vt 0.434533 0.849169
vt 0.843928 0.861174
vt 0.848343 0.866898
vt 0.843784 0.867956
vt 0.458800 0.862331
vt 0.462981 0.865790
vt 0.458200 0.868455
vt 0.300423 0.860084
vt 0.295610 0.865790
vt 0.294648 0.860485
vt 0.458195 0.300017
vt 0.462981 0.295610
vt 0.464121 0.300279
vt 0.453471 0.782134
vt 0.459007 0.780896
vt 0.455771 0.776399
vt 0.844787 0.787942
vt 0.849352 0.780896
vt 0.850339 0.786337
vt 0.844678 0.773888
vt 0.844810 0.780506
vt 0.477337 0.781012
vt 0.482585 0.779787
vt 0.481705 0.785224
vt 0.301173 0.772798
vt 0.296618 0.779787
vt 0.295454 0.775286
vt 0.301282 0.786852
vt 0.301305 0.779416
vt 0.401507 0.716921
vt 0.404050 0.711927
vt 0.398502 0.711621
vt 0.410680 0.842800
vt 0.404050 0.847146
vt 0.407678 0.848332
vt 0.397703 0.842259
vt 0.404989 0.842566
vt 0.425373 0.715799
vt 0.427628 0.710819
vt 0.431345 0.714931
vt 0.420888 0.298754
vt 0.427628 0.294412
vt 0.422169 0.293141
vt 0.433864 0.299295
vt 0.428173 0.299062
vt 0.318172 0.716921
vt 0.315916 0.711927
vt 0.312200 0.716044
vt 0.322656 0.839057
vt 0.315916 0.843387
vt 0.321375 0.844659
vt 0.309680 0.838491
vt 0.315371 0.838744
vt 0.342038 0.715799
vt 0.339494 0.710819
vt 0.345042 0.710509
vt 0.332865 0.294987
vt 0.339494 0.290653
vt 0.335867 0.289451
vt 0.345840 0.295553
vt 0.338555 0.295239
vt 0.266219 0.782134
vt 0.260971 0.780896
vt 0.261852 0.786337
vt 0.836378 0.773888
vt 0.840905 0.780896
vt 0.842087 0.776399
vt 0.836213 0.787942
vt 0.836220 0.780506
vt 0.290086 0.781012
vt 0.284549 0.779787
vt 0.287784 0.775286
vt 0.292708 0.786852
vt 0.288171 0.779787
vt 0.287162 0.785224
vt 0.292873 0.772798
vt 0.292715 0.779416
vt 0.284770 0.863453
vt 0.280590 0.866898
vt 0.285371 0.869567
vt 0.836779 0.861174
vt 0.841569 0.866898
vt 0.842552 0.861598
vt 0.285377 0.837139
vt 0.280590 0.841569
vt 0.279450 0.836895
vt 0.308636 0.862331
vt 0.304168 0.865790
vt 0.302688 0.860485
vt 0.308562 0.293634
vt 0.304168 0.288835
vt 0.309038 0.287999
vt 0.293274 0.860084
vt 0.288835 0.865790
vt 0.293391 0.866866
vt 0.365047 0.846138
vt 0.434533 0.869567
vt 0.458200 0.294361
vt 0.388714 0.901949
vt 0.300279 0.866866
vt 0.440936 0.843784
vt 0.849456 0.861598
vt 0.295531 0.785224
vt 0.848332 0.716044
vt 0.850262 0.776399
vt 0.407678 0.716044
vt 0.293524 0.714931
vt 0.299295 0.714070
vt 0.479438 0.775286
vt 0.398502 0.847949
vt 0.345042 0.289851
vt 0.422169 0.710509
vt 0.838491 0.715160
vt 0.844259 0.716044
vt 0.294987 0.714070
vt 0.287279 0.775286
vt 0.335867 0.714931
vt 0.841970 0.786337
vt 0.279021 0.861598
vt 0.287744 0.860485
vt 0.285519 0.785224
vt 0.302635 0.293391
vt 0.836895 0.867956
vt 0.285371 0.842807
vt 0.378530 0.290896
vt 0.842800 0.715160
vt 0.371572 0.905089
vt 0.371508 0.910622
vt 0.376623 0.908510
vt 0.364214 0.290789
vt 0.371508 0.295270
vt 0.366432 0.296406
vt 0.378627 0.290516
vt 0.371421 0.290651
vt 0.370910 0.905062
vt 0.370974 0.910601
vt 0.365859 0.908487
vt 0.378268 0.271520
vt 0.370974 0.267038
vt 0.376050 0.265905
vt 0.363855 0.271792
vt 0.371062 0.271654
vt 0.449992 0.867317
vt 0.454256 0.870766
vt 0.455801 0.865465
vt 0.449575 0.289201
vt 0.454256 0.293737
vt 0.449446 0.294864
vt 0.289040 0.865048
vt 0.293737 0.870766
vt 0.289092 0.871830
vt 0.449331 0.867290
vt 0.453722 0.870745
vt 0.448874 0.873411
vt 0.270043 0.865033
vt 0.265504 0.870745
vt 0.264441 0.865442
vt 0.449216 0.270205
vt 0.453722 0.265504
vt 0.455147 0.270096
vt 0.469362 0.782445
vt 0.474694 0.781210
vt 0.471520 0.776712
vt 0.288767 0.788262
vt 0.293418 0.781210
vt 0.294469 0.786650
vt 0.288838 0.774208
vt 0.288769 0.780826
vt 0.468700 0.782418
vt 0.474160 0.781189
vt 0.473215 0.786627
vt 0.269842 0.774194
vt 0.265186 0.781189
vt 0.264212 0.776689
vt 0.269770 0.788248
vt 0.269772 0.780811
vt 0.415094 0.714382
vt 0.417432 0.709392
vt 0.411944 0.709085
vt 0.423782 0.289813
vt 0.417432 0.294555
vt 0.421126 0.295520
vt 0.410797 0.290063
vt 0.418087 0.289924
vt 0.414433 0.714356
vt 0.416898 0.709371
vt 0.420553 0.713485
vt 0.410438 0.271067
vt 0.416898 0.266323
vt 0.411371 0.265389
vt 0.423423 0.270816
vt 0.417728 0.270928
vt 0.328055 0.714382
vt 0.325590 0.709392
vt 0.321935 0.713508
vt 0.332050 0.291552
vt 0.325590 0.296291
vt 0.331117 0.297225
vt 0.319065 0.291792
vt 0.324760 0.291688
vt 0.327393 0.714356
vt 0.325056 0.709371
vt 0.330544 0.709062
vt 0.318706 0.272796
vt 0.325056 0.268059
vt 0.321362 0.267087
vt 0.331691 0.272555
vt 0.324401 0.272692
vt 0.273786 0.782445
vt 0.268326 0.781210
vt 0.269271 0.786650
vt 0.292674 0.774208
vt 0.297319 0.781210
vt 0.298300 0.776712
vt 0.292724 0.788262
vt 0.292733 0.780826
vt 0.273124 0.782418
vt 0.267792 0.781189
vt 0.270966 0.776689
vt 0.273727 0.788248
vt 0.269086 0.781189
vt 0.268027 0.786627
vt 0.273677 0.774194
vt 0.273736 0.780811
vt 0.293153 0.867317
vt 0.288761 0.870766
vt 0.293610 0.873434
vt 0.292334 0.865048
vt 0.296865 0.870766
vt 0.297935 0.865465
vt 0.293267 0.292156
vt 0.288761 0.296865
vt 0.287336 0.292271
vt 0.292491 0.867290
vt 0.288228 0.870745
vt 0.286683 0.865442
vt 0.292908 0.273159
vt 0.288228 0.268632
vt 0.293037 0.267501
vt 0.273338 0.865033
vt 0.268632 0.870745
vt 0.273275 0.871815
vt 0.376623 0.296214
vt 0.448874 0.264555
vt 0.376050 0.908487
vt 0.270096 0.871815
vt 0.294750 0.865465
vt 0.264161 0.786627
vt 0.295520 0.713508
vt 0.294520 0.776712
vt 0.270816 0.712616
vt 0.265212 0.713485
vt 0.470947 0.776689
vt 0.411944 0.295697
vt 0.331117 0.709085
vt 0.330544 0.266917
vt 0.291792 0.712631
vt 0.297395 0.713508
vt 0.272796 0.712616
vt 0.267992 0.776689
vt 0.321362 0.713485
vt 0.298335 0.786650
vt 0.287255 0.865465
vt 0.267627 0.865442
vt 0.268698 0.786627
vt 0.286977 0.273275
vt 0.292271 0.871830
vt 0.293610 0.297809
vt 0.366432 0.908510
vt 0.365859 0.266098
vt 0.293037 0.873411
vt 0.289813 0.712631
vt 0.635412 0.900221
vt 0.635364 0.905780
vt 0.640475 0.903660
vt 0.628091 0.845065
vt 0.635364 0.849581
vt 0.630282 0.850678
vt 0.642505 0.844858
vt 0.635298 0.844974
vt 0.627372 0.903930
vt 0.627421 0.909443
vt 0.622310 0.907337
vt 0.634695 0.300926
vt 0.627421 0.296412
vt 0.632502 0.295287
vt 0.620281 0.301133
vt 0.627488 0.301042
vt 0.710551 0.864032
vt 0.714830 0.867506
vt 0.716370 0.862197
vt 0.710171 0.843671
vt 0.714830 0.848186
vt 0.710016 0.849311
vt 0.843467 0.861822
vt 0.848186 0.867506
vt 0.843556 0.868603
vt 0.702511 0.867740
vt 0.706888 0.871169
vt 0.702044 0.873843
vt 0.299535 0.865424
vt 0.295018 0.871169
vt 0.293923 0.865874
vt 0.702361 0.299739
vt 0.706888 0.295018
vt 0.708292 0.299624
vt 0.729102 0.782715
vt 0.734450 0.781505
vt 0.731270 0.777000
vt 0.842742 0.788591
vt 0.847335 0.781505
vt 0.848422 0.786937
vt 0.842695 0.774537
vt 0.842690 0.781155
vt 0.721062 0.786423
vt 0.726507 0.785169
vt 0.725567 0.790614
vt 0.298763 0.778139
vt 0.294166 0.785169
vt 0.293144 0.780677
vt 0.298810 0.792193
vt 0.298758 0.784757
vt 0.677095 0.717503
vt 0.679448 0.712538
vt 0.673955 0.712223
vt 0.685820 0.842979
vt 0.679448 0.847668
vt 0.683138 0.848680
vt 0.672833 0.843124
vt 0.680124 0.843029
vt 0.669056 0.721211
vt 0.671506 0.716201
vt 0.675166 0.720323
vt 0.665023 0.299192
vt 0.671506 0.294499
vt 0.665983 0.293538
vt 0.678010 0.299047
vt 0.672314 0.299097
vt 0.593694 0.717503
vt 0.591243 0.712538
vt 0.587583 0.716646
vt 0.597725 0.844202
vt 0.591243 0.848934
vt 0.596766 0.849891
vt 0.584739 0.844430
vt 0.590434 0.844316
vt 0.585654 0.721211
vt 0.583300 0.716201
vt 0.588794 0.715900
vt 0.576929 0.300498
vt 0.583300 0.295766
vt 0.579611 0.294808
vt 0.589915 0.300270
vt 0.582624 0.300384
vt 0.541700 0.782715
vt 0.536254 0.781505
vt 0.537196 0.786937
vt 0.845491 0.774537
vt 0.850181 0.781505
vt 0.851143 0.777000
vt 0.845630 0.788591
vt 0.845584 0.781155
vt 0.533660 0.786423
vt 0.528312 0.785169
vt 0.531490 0.780677
vt 0.301698 0.792193
vt 0.297012 0.785169
vt 0.295997 0.790614
vt 0.301559 0.778139
vt 0.301652 0.784757
vt 0.560266 0.864032
vt 0.555890 0.867506
vt 0.560734 0.870166
vt 0.845875 0.861822
vt 0.850468 0.867506
vt 0.851493 0.862197
vt 0.560418 0.845821
vt 0.555890 0.850468
vt 0.554486 0.845876
vt 0.552226 0.867740
vt 0.547948 0.871169
vt 0.546407 0.865874
vt 0.552608 0.301889
vt 0.547948 0.297300
vt 0.552762 0.296210
vt 0.301943 0.865424
vt 0.297300 0.871169
vt 0.301944 0.872205
vt 0.640475 0.850531
vt 0.702044 0.294067
vt 0.299624 0.872206
vt 0.716102 0.843556
vt 0.849167 0.862197
vt 0.733539 0.786937
vt 0.293178 0.790614
vt 0.708398 0.865874
vt 0.842979 0.715811
vt 0.848389 0.777000
vt 0.683138 0.716646
vt 0.299047 0.719413
vt 0.293436 0.720323
vt 0.723298 0.780677
vt 0.673955 0.848783
vt 0.588794 0.294647
vt 0.850052 0.716646
vt 0.844430 0.715811
vt 0.300498 0.719413
vt 0.295898 0.780677
vt 0.851241 0.786937
vt 0.554379 0.862197
vt 0.296249 0.865874
vt 0.529223 0.790614
vt 0.546676 0.301944
vt 0.560734 0.851454
vt 0.630282 0.903660
vt 0.622310 0.295433
vt 0.552762 0.873843
vt 0.631349 0.904483
vt 0.631315 0.910018
vt 0.636422 0.907905
vt 0.624062 0.290639
vt 0.631315 0.295185
vt 0.626229 0.296275
vt 0.638477 0.290495
vt 0.631269 0.290566
vt 0.631000 0.904470
vt 0.631034 0.910007
vt 0.625927 0.907894
vt 0.638287 0.271496
vt 0.631034 0.266949
vt 0.636120 0.265861
vt 0.623873 0.271640
vt 0.631080 0.271567
vt 0.709779 0.866712
vt 0.714073 0.870162
vt 0.715609 0.864860
vt 0.709434 0.289801
vt 0.714073 0.294376
vt 0.709254 0.295461
vt 0.289716 0.864445
vt 0.294376 0.870162
vt 0.289744 0.871227
vt 0.709430 0.866698
vt 0.713792 0.870151
vt 0.708952 0.872818
vt 0.270717 0.864438
vt 0.266140 0.870151
vt 0.265089 0.864849
vt 0.709244 0.270802
vt 0.713792 0.266140
vt 0.715176 0.270745
vt 0.729150 0.781839
vt 0.734513 0.780606
vt 0.731330 0.776108
vt 0.289571 0.787660
vt 0.294207 0.780606
vt 0.295252 0.786046
vt 0.289608 0.773606
vt 0.289572 0.780224
vt 0.728801 0.781826
vt 0.734232 0.780595
vt 0.733296 0.786034
vt 0.270609 0.773598
vt 0.265971 0.780595
vt 0.264966 0.776096
vt 0.270572 0.787652
vt 0.270573 0.780216
vt 0.674875 0.713777
vt 0.677243 0.708788
vt 0.671745 0.708481
vt 0.683635 0.290121
vt 0.677243 0.294805
vt 0.680928 0.295805
vt 0.670648 0.290253
vt 0.677940 0.290179
vt 0.674526 0.713764
vt 0.676962 0.708777
vt 0.680627 0.712892
vt 0.670459 0.271253
vt 0.676962 0.266569
vt 0.671443 0.265586
vt 0.683446 0.271122
vt 0.677750 0.271180
vt 0.587824 0.713777
vt 0.585389 0.708788
vt 0.581724 0.712903
vt 0.591892 0.291037
vt 0.585389 0.295720
vt 0.590908 0.296703
vt 0.578905 0.291164
vt 0.584600 0.291109
vt 0.587476 0.713764
vt 0.585108 0.708777
vt 0.590606 0.708469
vt 0.578715 0.272165
vt 0.585108 0.267484
vt 0.581422 0.266481
vt 0.591703 0.272038
vt 0.584411 0.272110
vt 0.533549 0.781839
vt 0.528118 0.780606
vt 0.529054 0.786046
vt 0.291630 0.773606
vt 0.296263 0.780606
vt 0.297271 0.776108
vt 0.291656 0.787660
vt 0.291661 0.780224
vt 0.533200 0.781826
vt 0.527837 0.780595
vt 0.531021 0.776096
vt 0.272657 0.787652
vt 0.268027 0.780595
vt 0.266977 0.786034
vt 0.272631 0.773598
vt 0.272662 0.780216
vt 0.552919 0.866712
vt 0.548558 0.870162
vt 0.553397 0.872830
vt 0.291452 0.864445
vt 0.296025 0.870162
vt 0.297080 0.864860
vt 0.553105 0.291358
vt 0.548558 0.296025
vt 0.547174 0.291419
vt 0.552570 0.866698
vt 0.548276 0.870151
vt 0.546740 0.864849
vt 0.552916 0.272359
vt 0.548276 0.267789
vt 0.553095 0.266702
vt 0.272453 0.864438
vt 0.267789 0.870151
vt 0.272420 0.871220
vt 0.636422 0.296173
vt 0.708952 0.265149
vt 0.636120 0.907894
vt 0.270745 0.871220
vt 0.295401 0.864860
vt 0.733598 0.786046
vt 0.264940 0.786034
vt 0.715307 0.864849
vt 0.290121 0.712029
vt 0.295278 0.776108
vt 0.680928 0.712903
vt 0.271122 0.712021
vt 0.265492 0.712892
vt 0.671745 0.295898
vt 0.590606 0.266391
vt 0.671443 0.708469
vt 0.291164 0.712029
vt 0.296793 0.712903
vt 0.272165 0.712021
vt 0.266958 0.776096
vt 0.581422 0.712892
vt 0.297289 0.786046
vt 0.547042 0.864860
vt 0.266768 0.864849
vt 0.528752 0.786034
vt 0.546984 0.272420
vt 0.553397 0.297014
vt 0.626229 0.907905
vt 0.625927 0.265963
vt 0.553095 0.872818
vt -0.131848 0.406966
vt -0.115269 0.309200
vt 0.884368 0.605440
vt 0.886969 0.607091
vt 0.236733 0.644911
vt 0.910572 0.250320
vt 0.831169 0.162933
vt 0.162979 0.929060
vt -0.096285 0.760302
vt -0.169624 0.850455
vt 0.914573 0.837690
vt 0.837690 0.639053
vt 0.839176 0.752177
vt 0.752177 0.925342
vt -0.138153 0.446418
vt -0.124788 0.716699
vt -0.051830 0.194244
vt -0.051830 0.472571
vt -0.207852 0.194402
vt -0.207852 0.696236
vt 1.290335 0.935931
vt 1.296799 0.197658
vt 0.192241 0.833381
vt 0.197970 1.003757
vt 0.690694 0.838984
vt 0.708553 0.771600
vt 1.273011 1.000371
vt 0.701232 0.770187
vt 1.298615 0.877198
vt 0.870154 0.836018
vt 0.877393 1.001791
vt 0.190142 0.198382
vt 0.198382 0.318034
vt 0.125152 0.317794
vt 0.191183 0.125152
vt 0.194957 0.318034
vt -0.050655 0.194957
vt -0.049613 0.121727
vt 0.121727 0.317794
vt 0.200795 0.080786
vt 0.235236 0.131180
vt 0.126500 0.079311
vt 0.190387 0.878652
vt 0.878652 0.318533
vt 0.805417 0.318768
vt 0.190941 0.805417
vt 0.876831 0.318533
vt -0.050427 0.876831
vt -0.049873 0.803595
vt 0.803595 0.318768
vt 0.232929 0.803937
vt -0.092403 0.876791
vt 0.801480 0.081520
vt -0.297717 0.237378
vt -0.299149 0.209254
vt 0.439529 0.214121
vt 0.441144 0.214582
vt 0.449767 0.237368
vt 0.452131 0.242245
vt 0.211157 0.608817
vt 0.160763 0.538528
vt 0.157036 0.242798
vt 0.065201 0.798707
vt 0.061474 0.532433
vt 0.031969 0.684074
vt 0.798065 0.538528
vt 0.117037 0.728101
vt 0.189229 0.692906
vt 0.196215 0.685056
vt 0.211939 0.596305
vt 0.160921 0.532981
vt 0.161551 0.215891
vt 0.061733 0.244134
vt 0.062364 0.533101
vt 0.009697 0.606242
vt 0.027045 0.684937
vt 0.238384 0.691328
vt 0.034029 0.693026
vt 0.246198 0.532981
vt 0.213827 0.533101
vt 0.354778 0.719147
vt 0.382902 0.725179
vt 0.458784 0.683718
vt 0.473716 0.598523
vt 0.425631 0.243921
vt 0.312180 0.795826
vt 0.330116 0.538172
vt 0.264053 0.592491
vt 0.279718 0.608461
vt 0.278925 0.677685
vt 0.790755 0.684115
vt 0.798912 0.532139
vt 0.240834 0.538172
vt 0.455566 0.685654
vt 0.420905 0.216014
vt 0.322342 0.248370
vt 0.321716 0.533699
vt 0.246321 0.533836
vt 0.218063 0.533699
vt 0.614961 0.724245
vt 0.701034 0.795630
vt 0.718093 0.607521
vt 0.667728 0.537230
vt 0.684566 0.529410
vt 0.693741 0.245968
vt 0.572268 0.796185
vt 0.598282 0.533832
vt 0.547957 0.604124
vt 0.800662 0.537230
vt 0.241492 0.533832
vt 0.715631 0.240296
vt 0.733832 0.605673
vt 0.731430 0.595774
vt 0.671843 0.528147
vt 0.681027 0.215591
vt 0.591136 0.528108
vt 0.581952 0.246341
vt 0.529147 0.605711
vt 0.241037 0.690864
vt 0.245904 0.532531
vt 0.216028 0.532569
vt 0.116044 0.902911
vt 0.191951 0.861447
vt 0.206861 0.776250
vt 0.158729 0.295572
vt 0.072296 0.714814
vt 0.063112 0.850867
vt 0.844293 0.871123
vt 0.036298 0.869417
vt 0.194764 0.864960
vt 0.213038 0.786005
vt 0.160365 0.712864
vt 0.150892 0.708583
vt 0.160076 0.265441
vt 0.061160 0.296699
vt 0.008205 0.786147
vt 0.026486 0.864819
vt 0.295753 0.712864
vt 0.272066 0.712106
vt 0.354863 0.903062
vt 0.464549 0.860485
vt 0.458038 0.786337
vt 0.431345 0.293524
vt 0.321375 0.711621
vt 0.312200 0.844259
vt 0.264118 0.776399
vt 0.309038 0.868455
vt 0.289451 0.714931
vt 0.449446 0.873434
vt 0.455506 0.289092
vt 0.455228 0.865442
vt 0.473788 0.786650
vt 0.421126 0.713508
vt 0.411371 0.709062
vt 0.420553 0.265212
vt 0.321935 0.297395
vt 0.271539 0.776712
vt 0.267087 0.713485
vt 0.632502 0.907337
vt 0.710016 0.870166
vt 0.665983 0.715901
vt 0.675166 0.293436
vt 0.596766 0.712223
vt 0.587583 0.850052
vt 0.579611 0.720323
vt 0.539463 0.777000
vt 0.845876 0.868603
vt 0.848680 0.716646
vt 0.294808 0.720323
vt 0.709254 0.872830
vt 0.715365 0.289744
vt 0.731028 0.776096
vt 0.680627 0.265492
vt 0.590908 0.708481
vt 0.581724 0.296793
vt 0.531322 0.776108
vt 0.291419 0.871227
vt 0.295805 0.712903
vt 0.266481 0.712892
s 0
usemtl wood
f 1/1/1 5/2/1 7/3/1
f 2/4/2 5/2/2 4/5/2
f 7/3/3 6/6/3 3/7/3
f 8/8/4 12/9/4 14/10/4
f 9/11/5 12/9/5 11/12/5
f 14/10/6 13/13/6 10/14/6
f 15/15/7 19/16/7 21/17/7
f 20/18/8 18/19/8 16/20/8
f 17/21/9 19/16/9 20/18/9
f 22/22/10 26/23/10 28/24/10
f 23/25/11 26/23/11 25/26/11
f 28/24/12 27/27/12 24/28/12
f 29/29/13 33/30/13 35/31/13
f 34/32/14 32/33/14 30/34/14
f 31/35/15 33/30/15 34/32/15
f 36/36/16 40/37/16 42/38/16
f 37/39/17 40/37/17 39/40/17
f 42/38/18 41/41/18 38/42/18
f 43/43/19 47/44/19 49/45/19
f 44/46/20 47/44/20 46/47/20
f 49/45/21 48/48/21 45/49/21
f 50/50/22 54/51/22 56/52/22
f 55/53/23 53/54/23 51/55/23
f 52/56/24 54/51/24 55/53/24
f 1/1/25 18/19/25 15/15/25
f 7/3/26 16/20/26 18/19/26
f 2/57/27 14/58/27 6/59/27
f 14/60/28 3/61/28 6/62/28
f 22/22/29 13/13/29 9/11/29
f 28/24/30 10/14/30 13/13/30
f 17/63/31 27/64/31 23/65/31
f 20/66/32 24/67/32 27/68/32
f 43/43/33 21/17/33 46/47/33
f 46/47/34 17/21/34 44/46/34
f 50/50/35 25/26/35 22/22/35
f 25/26/36 52/56/36 23/25/36
f 51/69/37 48/70/37 55/71/37
f 55/72/38 44/73/38 52/74/38
f 43/43/39 32/33/39 29/29/39
f 49/45/40 30/34/40 32/33/40
f 36/36/41 53/54/41 50/50/41
f 42/38/42 51/55/42 53/54/42
f 31/75/43 41/76/43 37/77/43
f 34/78/44 38/79/44 41/80/44
f 1/1/45 35/31/45 4/5/45
f 35/31/46 2/4/46 4/5/46
f 9/11/47 39/40/47 36/36/47
f 11/12/48 37/39/48 39/40/48
f 15/15/49 29/29/49 1/1/49
f 10/81/50 16/82/50 3/61/50
f 37/77/51 2/57/51 31/75/51
f 22/22/52 36/36/52 50/50/52
f 23/65/53 44/73/53 17/63/53
f 51/69/54 30/83/54 45/84/54
f 57/85/55 61/86/55 63/87/55
f 58/88/56 61/86/56 60/89/56
f 63/87/57 62/90/57 59/91/57
f 64/92/58 68/93/58 70/94/58
f 65/95/59 68/93/59 67/96/59
f 70/94/60 69/97/60 66/98/60
f 71/99/61 75/100/61 77/101/61
f 76/102/62 74/103/62 72/104/62
f 73/105/63 75/100/63 76/102/63
f 78/106/64 82/107/64 84/108/64
f 79/109/65 82/107/65 81/110/65
f 84/108/66 83/111/66 80/112/66
f 85/113/67 89/114/67 91/115/67
f 90/116/68 88/117/68 86/118/68
f 87/119/69 89/114/69 90/116/69
f 92/120/70 96/121/70 98/122/70
f 93/123/71 96/121/71 95/124/71
f 98/122/72 97/125/72 94/126/72
f 99/127/73 103/128/73 105/129/73
f 100/130/74 103/128/74 102/131/74
f 105/129/75 104/132/75 101/133/75
f 106/134/76 110/135/76 112/136/76
f 111/137/77 109/138/77 107/139/77
f 108/140/78 110/135/78 111/137/78
f 71/141/79 63/142/79 74/143/79
f 74/143/80 59/144/80 72/145/80
f 64/92/81 62/90/81 58/88/81
f 62/90/82 66/98/82 59/91/82
f 65/146/83 84/147/83 69/148/83
f 84/149/84 66/150/84 69/151/84
f 73/105/85 83/111/85 79/109/85
f 76/102/86 80/112/86 83/111/86
f 99/127/87 77/101/87 102/131/87
f 102/131/88 73/105/88 100/130/88
f 106/134/89 81/110/89 78/106/89
f 112/136/90 79/109/90 81/110/90
f 101/133/91 111/137/91 107/139/91
f 111/137/92 100/130/92 108/140/92
f 99/152/93 88/153/93 85/154/93
f 105/155/94 86/156/94 88/157/94
f 92/158/95 109/159/95 106/160/95
f 109/159/96 94/161/96 107/162/96
f 87/119/97 97/125/97 93/123/97
f 90/116/98 94/126/98 97/125/98
f 85/113/99 60/89/99 57/85/99
f 91/115/100 58/88/100 60/89/100
f 65/95/101 95/124/101 92/120/101
f 67/96/102 93/123/102 95/124/102
f 99/152/103 57/163/103 71/141/103
f 66/150/104 72/164/104 59/165/104
f 93/123/105 58/88/105 87/119/105
f 78/166/106 92/158/106 106/160/106
f 79/109/107 100/130/107 73/105/107
f 107/167/108 86/156/108 101/168/108
f 113/169/109 117/170/109 119/171/109
f 114/172/110 117/170/110 116/173/110
f 119/171/111 118/174/111 115/175/111
f 120/176/112 124/177/112 126/178/112
f 121/179/113 124/177/113 123/180/113
f 126/178/114 125/181/114 122/182/114
f 127/183/115 131/184/115 133/185/115
f 132/186/116 130/187/116 128/188/116
f 129/189/117 131/184/117 132/186/117
f 134/190/118 138/191/118 140/192/118
f 135/193/119 138/191/119 137/194/119
f 140/192/120 139/195/120 136/196/120
f 141/197/121 145/198/121 147/199/121
f 146/200/122 144/201/122 142/202/122
f 143/203/123 145/198/123 146/200/123
f 148/204/124 152/205/124 154/206/124
f 149/207/125 152/205/125 151/208/125
f 154/206/126 153/209/126 150/210/126
f 155/211/127 159/212/127 161/213/127
f 156/214/128 159/212/128 158/215/128
f 161/213/129 160/216/129 157/217/129
f 162/218/130 166/219/130 168/220/130
f 167/221/131 165/222/131 163/223/131
f 164/224/132 166/219/132 167/221/132
f 113/225/133 130/226/133 127/227/133
f 119/228/134 128/229/134 130/226/134
f 114/172/135 126/178/135 118/174/135
f 126/178/136 115/175/136 118/174/136
f 134/230/137 125/231/137 121/232/137
f 140/233/138 122/234/138 125/235/138
f 129/189/139 139/195/139 135/193/139
f 132/186/140 136/196/140 139/195/140
f 155/211/141 133/185/141 158/215/141
f 158/215/142 129/189/142 156/214/142
f 134/190/143 168/220/143 137/194/143
f 168/220/144 135/193/144 137/194/144
f 157/217/145 167/221/145 163/223/145
f 160/216/146 164/224/146 167/221/146
f 155/236/147 144/237/147 141/238/147
f 144/239/148 157/240/148 142/241/148
f 148/242/149 165/243/149 162/244/149
f 154/245/150 163/246/150 165/243/150
f 149/207/151 146/200/151 153/209/151
f 153/209/152 142/202/152 150/210/152
f 141/197/153 116/173/153 113/169/153
f 116/173/154 143/203/154 114/172/154
f 148/204/155 123/180/155 151/208/155
f 123/180/156 149/207/156 151/208/156
f 127/227/157 141/238/157 113/225/157
f 115/247/158 136/248/158 128/249/158
f 149/207/159 114/172/159 143/203/159
f 134/230/160 148/242/160 162/244/160
f 135/193/161 156/214/161 129/189/161
f 163/250/162 142/241/162 157/240/162
f 169/251/163 173/252/163 175/253/163
f 174/254/164 172/255/164 170/256/164
f 171/257/165 173/258/165 174/254/165
f 179/259/166 182/260/166 176/261/166
f 177/262/167 180/263/167 179/259/167
f 178/264/168 180/263/168 181/265/168
f 183/266/169 187/267/169 189/268/169
f 184/269/170 187/270/170 186/271/170
f 189/272/171 188/273/171 185/274/171
f 190/275/172 194/276/172 196/277/172
f 195/278/173 193/279/173 191/280/173
f 192/281/174 194/276/174 195/278/174
f 197/282/175 201/283/175 203/284/175
f 198/285/176 201/283/176 200/286/176
f 203/284/177 202/287/177 199/288/177
f 204/289/178 208/290/178 210/291/178
f 209/292/179 207/293/179 205/294/179
f 206/295/180 208/296/180 209/292/180
f 211/297/181 215/298/181 217/299/181
f 216/300/182 214/301/182 212/302/182
f 213/303/183 215/298/183 216/300/183
f 218/304/184 222/305/184 224/306/184
f 219/307/185 222/308/185 221/309/185
f 224/310/186 223/311/186 220/312/186
f 169/251/187 186/313/187 183/266/187
f 175/314/188 184/269/188 186/271/188
f 176/261/189 174/254/189 170/256/189
f 182/260/190 171/257/190 174/254/190
f 190/275/191 181/265/191 177/262/191
f 181/265/192 192/281/192 178/264/192
f 185/274/193 195/278/193 191/280/193
f 188/273/194 192/281/194 195/278/194
f 183/266/195 214/315/195 211/316/195
f 214/317/196 185/318/196 212/319/196
f 218/304/197 193/320/197 190/321/197
f 224/322/198 191/323/198 193/324/198
f 219/307/199 216/300/199 223/311/199
f 216/300/200 220/312/200 223/311/200
f 197/282/201 217/299/201 200/286/201
f 200/286/202 213/303/202 198/285/202
f 204/289/203 221/325/203 218/304/203
f 210/326/204 219/307/204 221/309/204
f 205/294/205 202/287/205 209/292/205
f 202/287/206 206/295/206 209/292/206
f 197/327/207 172/328/207 169/251/207
f 172/329/208 199/330/208 170/331/208
f 177/332/209 207/333/209 204/289/209
f 207/334/210 176/335/210 205/336/210
f 211/316/211 169/251/211 183/266/211
f 178/264/212 184/269/212 171/257/212
f 205/336/213 170/331/213 199/330/213
f 218/304/214 177/332/214 204/289/214
f 191/323/215 212/319/215 185/318/215
f 219/307/216 198/285/216 213/303/216
f 225/337/217 229/338/217 231/339/217
f 226/340/218 229/341/218 228/342/218
f 231/339/219 230/343/219 227/344/219
f 232/345/220 236/346/220 238/347/220
f 233/348/221 236/349/221 235/350/221
f 238/347/222 237/351/222 234/352/222
f 239/353/223 243/354/223 245/355/223
f 244/356/224 242/357/224 240/358/224
f 241/359/225 243/360/225 244/361/225
f 246/362/226 250/363/226 252/364/226
f 247/365/227 250/366/227 249/367/227
f 252/368/228 251/369/228 248/370/228
f 253/371/229 257/372/229 259/373/229
f 258/374/230 256/375/230 254/376/230
f 255/377/231 257/378/231 258/374/231
f 260/379/232 264/380/232 266/381/232
f 261/382/233 264/383/233 263/384/233
f 266/381/234 265/385/234 262/386/234
f 267/387/235 271/388/235 273/389/235
f 268/390/236 271/391/236 270/392/236
f 273/393/237 272/394/237 269/395/237
f 274/396/238 278/397/238 280/398/238
f 279/399/239 277/400/239 275/401/239
f 276/402/240 278/403/240 279/404/240
f 225/337/241 242/357/241 239/353/241
f 231/339/242 240/358/242 242/357/242
f 226/340/243 238/347/243 230/405/243
f 230/405/244 234/352/244 227/406/244
f 246/362/245 237/407/245 233/348/245
f 237/407/246 248/408/246 234/409/246
f 247/365/247 244/361/247 251/369/247
f 251/369/248 240/410/248 248/370/248
f 267/387/249 245/355/249 270/411/249
f 245/412/250 268/390/250 270/392/250
f 246/362/251 280/398/251 249/413/251
f 280/414/252 247/365/252 249/367/252
f 269/395/253 279/404/253 275/415/253
f 279/404/254 268/390/254 276/402/254
f 267/387/255 256/416/255 253/371/255
f 273/389/256 254/417/256 256/416/256
f 274/396/257 266/381/257 277/400/257
f 266/381/258 275/401/258 277/400/258
f 255/377/259 265/418/259 261/382/259
f 265/418/260 254/376/260 262/419/260
f 253/371/261 228/420/261 225/337/261
f 228/342/262 255/377/262 226/340/262
f 260/379/263 235/350/263 263/421/263
f 235/422/264 261/382/264 263/384/264
f 239/353/265 253/371/265 225/337/265
f 234/423/266 240/424/266 227/425/266
f 261/382/267 226/340/267 255/377/267
f 246/362/268 260/379/268 274/396/268
f 247/365/269 268/390/269 241/359/269
f 269/426/270 262/427/270 254/428/270
f 281/429/271 285/430/271 287/431/271
f 282/432/272 285/433/272 284/434/272
f 287/431/273 286/435/273 283/436/273
f 288/437/274 292/438/274 294/439/274
f 289/440/275 292/441/275 291/442/275
f 294/439/276 293/443/276 290/444/276
f 295/445/277 299/446/277 301/447/277
f 300/448/278 298/449/278 296/450/278
f 297/451/279 299/452/279 300/453/279
f 302/454/280 306/455/280 308/456/280
f 303/457/281 306/458/281 305/459/281
f 308/460/282 307/461/282 304/462/282
f 309/463/283 313/464/283 315/465/283
f 314/466/284 312/467/284 310/468/284
f 311/469/285 313/470/285 314/466/285
f 316/471/286 320/472/286 322/473/286
f 317/474/287 320/475/287 319/476/287
f 322/473/288 321/477/288 318/478/288
f 323/479/289 327/480/289 329/481/289
f 324/482/290 327/483/290 326/484/290
f 329/485/291 328/486/291 325/487/291
f 330/488/292 334/489/292 336/490/292
f 335/491/293 333/492/293 331/493/293
f 332/494/294 334/495/294 335/496/294
f 281/429/295 298/449/295 295/445/295
f 298/449/296 283/436/296 296/450/296
f 282/432/297 294/439/297 286/497/297
f 294/439/298 283/498/298 286/497/298
f 302/454/299 293/499/299 289/440/299
f 293/499/300 304/500/300 290/501/300
f 297/451/301 307/461/301 303/457/301
f 300/453/302 304/462/302 307/461/302
f 323/479/303 301/447/303 326/502/303
f 326/484/304 297/451/304 324/482/304
f 302/454/305 336/490/305 305/503/305
f 305/459/306 332/494/306 303/457/306
f 325/487/307 335/496/307 331/504/307
f 335/496/308 324/482/308 332/494/308
f 309/463/309 329/481/309 312/505/309
f 329/481/310 310/506/310 312/505/310
f 330/488/311 322/473/311 333/492/311
f 333/492/312 318/478/312 331/493/312
f 311/469/313 321/507/313 317/474/313
f 314/466/314 318/508/314 321/507/314
f 281/429/315 315/465/315 284/509/315
f 315/510/316 282/432/316 284/434/316
f 316/471/317 291/442/317 319/511/317
f 319/476/318 288/437/318 317/474/318
f 295/445/319 309/463/319 281/429/319
f 290/512/320 296/513/320 283/514/320
f 317/474/321 282/432/321 311/469/321
f 302/454/322 316/471/322 330/488/322
f 303/457/323 324/482/323 297/451/323
f 325/515/324 318/516/324 310/517/324
f 343/518/325 347/519/325 349/520/325
f 348/521/326 346/522/326 344/523/326
f 349/524/327 348/525/327 345/526/327
f 350/527/328 354/528/328 356/529/328
f 355/530/329 353/531/329 351/532/329
f 356/533/330 355/534/330 352/535/330
f 393/536/331 397/537/331 399/538/331
f 398/539/332 396/540/332 394/541/332
f 399/542/333 398/543/333 395/544/333
f 400/545/334 404/546/334 406/547/334
f 405/548/335 403/549/335 401/550/335
f 406/551/336 405/552/336 402/553/336
f 344/523/337 339/554/337 338/555/337
f 346/556/338 337/557/338 339/558/338
f 352/535/339 342/559/339 356/533/339
f 356/529/340 340/560/340 350/527/340
f 345/526/341 355/530/341 351/532/341
f 355/534/342 344/523/342 352/535/342
f 345/526/343 359/561/343 349/524/343
f 349/520/344 357/562/344 343/518/344
f 351/532/345 362/563/345 361/564/345
f 353/565/346 360/566/346 362/567/346
f 364/568/347 359/561/347 358/569/347
f 365/570/348 357/562/348 359/571/348
f 361/564/349 368/572/349 367/573/349
f 362/567/350 366/574/350 368/575/350
f 370/576/351 365/577/351 364/578/351
f 365/570/352 369/579/352 363/580/352
f 373/581/353 368/582/353 374/583/353
f 368/575/354 372/584/354 374/585/354
f 376/586/355 371/587/355 370/576/355
f 371/588/356 375/589/356 369/579/356
f 373/581/357 380/590/357 379/591/357
f 380/592/358 372/584/358 378/593/358
f 376/586/359 383/594/359 377/595/359
f 377/596/360 381/597/360 375/589/360
f 385/598/361 380/590/361 386/599/361
f 380/592/362 384/600/362 386/601/362
f 388/602/363 383/603/363 382/604/363
f 389/605/364 381/597/364 383/606/364
f 391/607/365 386/608/365 392/609/365
f 392/610/366 384/600/366 390/611/366
f 394/541/367 389/612/367 388/602/367
f 396/613/368 387/614/368 389/605/368
f 402/553/369 392/609/369 406/551/369
f 406/547/370 390/611/370 400/545/370
f 395/544/371 405/548/371 401/550/371
f 405/552/372 394/541/372 402/553/372
f 395/544/373 339/554/373 399/542/373
f 399/538/374 337/557/374 393/536/374
f 401/550/375 342/559/375 341/615/375
f 403/616/376 340/560/376 342/617/376
f 343/518/377 375/589/377 387/614/377
f 341/615/378 344/523/378 338/555/378
f 401/550/379 338/555/379 395/544/379
f 340/560/380 378/593/380 366/574/380
f 351/532/381 358/569/381 345/526/381
f 361/564/382 364/568/382 358/569/382
f 364/578/383 373/581/383 370/576/383
f 370/576/384 379/591/384 376/586/384
f 376/586/385 385/598/385 382/618/385
f 382/604/386 391/607/386 388/602/386
f 391/607/387 394/541/387 388/602/387
f 413/619/388 417/620/388 419/621/388
f 418/622/389 416/623/389 414/624/389
f 419/625/390 418/626/390 415/627/390
f 420/628/391 424/629/391 426/630/391
f 425/631/392 423/632/392 421/633/392
f 426/634/393 425/635/393 422/636/393
f 463/637/394 467/638/394 469/639/394
f 468/640/395 466/641/395 464/642/395
f 469/643/396 468/644/396 465/645/396
f 470/646/397 474/647/397 476/648/397
f 475/649/398 473/650/398 471/651/398
f 476/652/399 475/653/399 472/654/399
f 414/624/400 409/655/400 408/656/400
f 416/657/401 407/658/401 409/659/401
f 422/636/402 412/660/402 426/634/402
f 426/630/403 410/661/403 420/628/403
f 415/627/404 425/631/404 421/633/404
f 418/622/405 422/636/405 425/635/405
f 415/627/406 429/662/406 419/625/406
f 419/621/407 427/663/407 413/619/407
f 421/633/408 432/664/408 431/665/408
f 423/666/409 430/667/409 432/668/409
f 428/669/410 435/670/410 429/662/410
f 435/671/411 427/663/411 429/672/411
f 431/665/412 438/673/412 437/674/412
f 432/668/413 436/675/413 438/676/413
f 434/677/414 441/678/414 435/679/414
f 441/680/415 433/681/415 435/671/415
f 437/682/416 444/683/416 443/684/416
f 438/676/417 442/685/417 444/686/417
f 446/687/418 441/678/418 440/688/418
f 447/689/419 439/690/419 441/680/419
f 443/684/420 450/691/420 449/692/420
f 450/693/421 442/685/421 448/694/421
f 452/695/422 447/696/422 446/687/422
f 447/689/423 451/697/423 445/698/423
f 449/692/424 456/699/424 455/700/424
f 450/693/425 454/701/425 456/702/425
f 458/703/426 453/704/426 452/705/426
f 453/706/427 457/707/427 451/697/427
f 455/708/428 462/709/428 461/710/428
f 462/711/429 454/701/429 460/712/429
f 464/642/430 459/713/430 458/703/430
f 466/714/431 457/707/431 459/715/431
f 472/654/432 462/709/432 476/652/432
f 476/648/433 460/712/433 470/646/433
f 465/645/434 475/649/434 471/651/434
f 468/640/435 472/654/435 475/653/435
f 465/645/436 409/655/436 469/643/436
f 469/639/437 407/658/437 463/637/437
f 471/651/438 412/660/438 411/716/438
f 473/717/439 410/661/439 412/718/439
f 433/681/440 445/698/440 457/707/440
f 411/716/441 414/624/441 408/656/441
f 465/645/442 411/716/442 408/656/442
f 410/661/443 448/694/443 436/675/443
f 421/633/444 428/669/444 415/627/444
f 431/665/445 434/719/445 428/669/445
f 437/682/446 440/688/446 434/677/446
f 443/684/447 446/687/447 440/688/447
f 449/692/448 452/695/448 446/687/448
f 455/708/449 458/703/449 452/705/449
f 461/710/450 464/642/450 458/703/450
f 533/802/505 537/803/505 539/804/505
f 534/805/506 537/806/506 536/807/506
f 535/808/507 537/806/507 538/809/507
f 540/810/508 544/811/508 546/812/508
f 541/813/509 544/814/509 543/815/509
f 542/816/510 544/814/510 545/817/510
f 547/818/511 551/819/511 553/820/511
f 548/821/512 551/822/512 550/823/512
f 549/824/513 551/825/513 552/826/513
f 554/827/514 558/828/514 560/829/514
f 555/830/515 558/831/515 557/832/515
f 556/833/516 558/834/516 559/835/516
f 561/836/517 565/837/517 567/838/517
f 562/839/518 565/840/518 564/841/518
f 563/842/519 565/840/519 566/843/519
f 568/844/520 572/845/520 574/846/520
f 569/847/521 572/848/521 571/849/521
f 570/850/522 572/848/522 573/851/522
f 575/852/523 579/853/523 581/854/523
f 576/855/524 579/856/524 578/857/524
f 577/858/525 579/856/525 580/859/525
f 582/860/526 586/861/526 588/862/526
f 583/863/527 586/864/527 585/865/527
f 584/866/528 586/864/528 587/867/528
f 589/868/529 593/869/529 595/870/529
f 590/871/530 593/872/530 592/873/530
f 591/874/531 593/872/531 594/875/531
f 596/876/532 600/877/532 602/878/532
f 597/879/533 600/880/533 599/881/533
f 598/882/534 600/880/534 601/883/534
f 603/884/535 607/885/535 609/886/535
f 604/887/536 607/888/536 606/889/536
f 605/890/537 607/888/537 608/891/537
f 610/892/538 614/893/538 616/894/538
f 611/895/539 614/896/539 613/897/539
f 612/898/540 614/896/540 615/899/540
f 617/900/541 621/901/541 623/902/541
f 618/903/542 621/904/542 620/905/542
f 619/906/543 621/907/543 622/908/543
f 624/909/544 628/910/544 630/911/544
f 625/912/545 628/913/545 627/914/545
f 626/915/546 628/916/546 629/917/546
f 548/821/547 539/918/547 535/808/547
f 550/919/548 533/802/548 539/804/548
f 541/813/549 560/920/549 556/833/549
f 543/921/550 554/827/550 560/829/550
f 534/805/551 545/817/551 538/809/551
f 545/817/552 535/808/552 538/809/552
f 555/830/553 552/826/553 559/922/553
f 552/923/554 556/833/554 559/835/554
f 549/824/555 564/841/555 553/924/555
f 553/820/556 561/836/556 547/818/556
f 570/850/557 557/832/557 574/925/557
f 557/926/558 568/844/558 574/846/558
f 563/842/559 573/851/559 569/847/559
f 566/843/560 570/850/560 573/851/560
f 576/927/561 567/928/561 563/842/561
f 567/838/562 575/852/562 561/836/562
f 569/847/563 588/929/563 584/930/563
f 571/931/564 582/860/564 588/862/564
f 577/858/565 587/867/565 583/863/565
f 580/859/566 584/866/566 587/867/566
f 590/871/567 581/932/567 577/858/567
f 592/933/568 575/852/568 581/854/568
f 598/882/569 585/865/569 602/934/569
f 585/935/570 596/876/570 602/878/570
f 591/874/571 601/883/571 597/879/571
f 601/883/572 590/871/572 598/882/572
f 591/936/573 606/889/573 595/937/573
f 606/938/574 589/868/574 595/870/574
f 612/898/575 599/939/575 616/940/575
f 616/894/576 596/876/576 610/892/576
f 605/890/577 615/899/577 611/895/577
f 615/899/578 604/887/578 612/898/578
f 605/890/579 620/905/579 609/941/579
f 609/886/580 617/900/580 603/884/580
f 611/895/581 630/942/581 626/915/581
f 613/943/582 624/909/582 630/911/582
f 619/906/583 629/944/583 625/912/583
f 622/945/584 626/915/584 629/917/584
f 534/805/585 623/946/585 619/906/585
f 536/947/586 617/900/586 623/902/586
f 542/816/587 627/914/587 546/948/587
f 627/949/588 540/810/588 546/812/588
f 575/852/589 589/868/589 603/884/589
f 541/813/590 548/821/590 535/808/590
f 619/906/591 542/816/591 534/805/591
f 568/844/592 540/810/592 610/892/592
f 555/830/593 562/839/593 549/824/593
f 569/847/594 576/927/594 563/842/594
f 583/863/595 590/871/595 577/858/595
f 597/950/596 604/887/596 591/936/596
f 605/890/597 626/915/597 618/903/597
f 631/951/598 635/952/598 637/953/598
f 632/954/599 635/955/599 634/956/599
f 633/957/600 635/955/600 636/958/600
f 638/959/601 642/960/601 644/961/601
f 639/962/602 642/963/602 641/964/602
f 640/965/603 642/963/603 643/966/603
f 645/967/604 649/968/604 651/969/604
f 646/970/605 649/971/605 648/972/605
f 647/973/606 649/974/606 650/975/606
f 652/976/607 656/977/607 658/978/607
f 653/979/608 656/980/608 655/981/608
f 654/982/609 656/983/609 657/984/609
f 659/985/610 663/986/610 665/987/610
f 660/988/611 663/989/611 662/990/611
f 661/991/612 663/989/612 664/992/612
f 666/993/613 670/994/613 672/995/613
f 667/996/614 670/997/614 669/998/614
f 668/999/615 670/997/615 671/1000/615
f 673/1001/616 677/1002/616 679/1003/616
f 674/1004/617 677/1005/617 676/1006/617
f 675/1007/618 677/1005/618 678/1008/618
f 680/1009/619 684/1010/619 686/1011/619
f 681/1012/620 684/1013/620 683/1014/620
f 682/1015/621 684/1013/621 685/1016/621
f 687/1017/622 691/1018/622 693/1019/622
f 688/1020/623 691/1021/623 690/1022/623
f 689/1023/624 691/1021/624 692/1024/624
f 694/1025/625 698/1026/625 700/1027/625
f 695/1028/626 698/1029/626 697/1030/626
f 696/1031/627 698/1029/627 699/1032/627
f 701/1033/628 705/1034/628 707/1035/628
f 702/1036/629 705/1037/629 704/1038/629
f 703/1039/630 705/1037/630 706/1040/630
f 708/1041/631 712/1042/631 714/1043/631
f 709/1044/632 712/1045/632 711/1046/632
f 710/1047/633 712/1045/633 713/1048/633
f 715/1049/634 719/1050/634 721/1051/634
f 716/1052/635 719/1053/635 718/1054/635
f 717/1055/636 719/1056/636 720/1057/636
f 722/1058/637 726/1059/637 728/1060/637
f 723/1061/638 726/1062/638 725/1063/638
f 724/1064/639 726/1065/639 727/1066/639
f 646/970/640 637/1067/640 633/957/640
f 637/953/641 645/967/641 631/951/641
f 654/982/642 641/964/642 658/1068/642
f 658/978/643 638/959/643 652/976/643
f 640/965/644 636/958/644 632/954/644
f 636/958/645 639/962/645 633/957/645
f 653/979/646 650/975/646 657/1069/646
f 650/1070/647 654/982/647 657/984/647
f 660/988/648 651/1071/648 647/973/648
f 662/1072/649 645/967/649 651/969/649
f 653/979/650 672/1073/650 668/999/650
f 672/995/651 652/976/651 666/993/651
f 661/991/652 671/1000/652 667/996/652
f 664/992/653 668/999/653 671/1000/653
f 674/1074/654 665/1075/654 661/991/654
f 665/987/655 673/1001/655 659/985/655
f 667/996/656 686/1076/656 682/1077/656
f 686/1011/657 666/993/657 680/1009/657
f 675/1007/658 685/1016/658 681/1012/658
f 685/1016/659 674/1004/659 682/1015/659
f 688/1020/660 679/1078/660 675/1007/660
f 690/1079/661 673/1001/661 679/1003/661
f 681/1012/662 700/1080/662 696/1031/662
f 683/1081/663 694/1025/663 700/1027/663
f 695/1028/664 692/1024/664 699/1032/664
f 699/1032/665 688/1020/665 696/1031/665
f 702/1036/666 693/1082/666 689/1083/666
f 704/1084/667 687/1017/667 693/1019/667
f 695/1085/668 714/1086/668 710/1047/668
f 714/1043/669 694/1025/669 708/1041/669
f 703/1039/670 713/1048/670 709/1044/670
f 706/1040/671 710/1047/671 713/1048/671
f 703/1039/672 718/1054/672 707/1087/672
f 707/1035/673 715/1049/673 701/1033/673
f 709/1044/674 728/1088/674 724/1064/674
f 728/1060/675 708/1041/675 722/1058/675
f 717/1055/676 727/1089/676 723/1061/676
f 727/1066/677 716/1052/677 724/1064/677
f 632/954/678 721/1090/678 717/1055/678
f 634/1091/679 715/1049/679 721/1051/679
f 723/1061/680 644/1092/680 640/965/680
f 644/961/681 722/1058/681 638/959/681
f 715/1049/682 645/967/682 673/1001/682
f 639/962/683 646/970/683 633/957/683
f 723/1061/684 632/954/684 717/1055/684
f 638/959/685 708/1041/685 680/1009/685
f 653/979/686 660/988/686 647/973/686
f 667/996/687 674/1074/687 661/991/687
f 681/1012/688 688/1020/688 675/1007/688
f 695/1085/689 702/1036/689 689/1083/689
f 703/1039/690 724/1064/690 716/1052/690
f 729/1093/691 733/1094/691 735/1095/691
f 730/1096/692 733/1097/692 732/1098/692
f 731/1099/693 733/1097/693 734/1100/693
f 736/1101/694 740/1102/694 742/1103/694
f 737/1104/695 740/1105/695 739/1106/695
f 738/1107/696 740/1105/696 741/1108/696
f 743/1109/697 747/1110/697 749/1111/697
f 744/1112/698 747/1113/698 746/1114/698
f 745/1115/699 747/1116/699 748/1117/699
f 750/1118/700 754/1119/700 756/1120/700
f 751/1121/701 754/1122/701 753/1123/701
f 752/1124/702 754/1125/702 755/1126/702
f 757/1127/703 761/1128/703 763/1129/703
f 758/1130/704 761/1131/704 760/1132/704
f 759/1133/705 761/1131/705 762/1134/705
f 764/1135/706 768/1136/706 770/1137/706
f 765/1138/707 768/1139/707 767/1140/707
f 766/1141/708 768/1139/708 769/1142/708
f 771/1143/709 775/1144/709 777/1145/709
f 772/1146/710 775/1147/710 774/1148/710
f 773/1149/711 775/1147/711 776/1150/711
f 778/1151/712 782/1152/712 784/1153/712
f 779/1154/713 782/1155/713 781/1156/713
f 780/1157/714 782/1155/714 783/1158/714
f 785/1159/715 789/1160/715 791/1161/715
f 786/1162/716 789/1163/716 788/1164/716
f 787/1165/717 789/1163/717 790/1166/717
f 792/1167/718 796/1168/718 798/1169/718
f 793/1170/719 796/1171/719 795/1172/719
f 794/1173/720 796/1171/720 797/1174/720
f 799/1175/721 803/1176/721 805/1177/721
f 800/1178/722 803/1179/722 802/1180/722
f 801/1181/723 803/1179/723 804/1182/723
f 806/1183/724 810/1184/724 812/1185/724
f 807/1186/725 810/1187/725 809/1188/725
f 808/1189/726 810/1187/726 811/1190/726
f 813/1191/727 817/1192/727 819/1193/727
f 814/1194/728 817/1195/728 816/1196/728
f 815/1197/729 817/1198/729 818/1199/729
f 820/1200/730 824/1201/730 826/1202/730
f 821/1203/731 824/1204/731 823/1205/731
f 822/1206/732 824/1207/732 825/1208/732
f 731/1099/733 746/1114/733 735/1209/733
f 746/1210/734 729/1093/734 735/1095/734
f 752/1124/735 739/1106/735 756/1211/735
f 756/1120/736 736/1101/736 750/1118/736
f 738/1107/737 734/1100/737 730/1096/737
f 741/1108/738 731/1099/738 734/1100/738
f 745/1115/739 755/1212/739 751/1121/739
f 748/1213/740 752/1124/740 755/1126/740
f 758/1130/741 749/1214/741 745/1115/741
f 760/1215/742 743/1109/742 749/1111/742
f 766/1141/743 753/1123/743 770/1216/743
f 770/1137/744 750/1118/744 764/1135/744
f 759/1133/745 769/1142/745 765/1138/745
f 769/1142/746 758/1130/746 766/1141/746
f 772/1217/747 763/1218/747 759/1133/747
f 774/1219/748 757/1127/748 763/1129/748
f 780/1220/749 767/1140/749 784/1221/749
f 784/1153/750 764/1135/750 778/1151/750
f 779/1154/751 776/1150/751 783/1158/751
f 783/1158/752 772/1146/752 780/1157/752
f 786/1162/753 777/1222/753 773/1149/753
f 788/1223/754 771/1143/754 777/1145/754
f 779/1154/755 798/1224/755 794/1173/755
f 781/1225/756 792/1167/756 798/1169/756
f 787/1165/757 797/1174/757 793/1170/757
f 790/1166/758 794/1173/758 797/1174/758
f 800/1178/759 791/1226/759 787/1227/759
f 791/1161/760 799/1175/760 785/1159/760
f 793/1228/761 812/1229/761 808/1189/761
f 812/1185/762 792/1167/762 806/1183/762
f 801/1181/763 811/1190/763 807/1186/763
f 804/1182/764 808/1189/764 811/1190/764
f 814/1194/765 805/1230/765 801/1181/765
f 805/1177/766 813/1191/766 799/1175/766
f 807/1186/767 826/1231/767 822/1206/767
f 826/1202/768 806/1183/768 820/1200/768
f 815/1197/769 825/1232/769 821/1203/769
f 825/1208/770 814/1194/770 822/1206/770
f 730/1096/771 819/1233/771 815/1197/771
f 819/1193/772 729/1093/772 813/1191/772
f 821/1203/773 742/1234/773 738/1107/773
f 823/1235/774 736/1101/774 742/1103/774
f 743/1109/775 771/1143/775 799/1175/775
f 737/1104/776 744/1112/776 731/1099/776
f 815/1197/777 738/1107/777 730/1096/777
f 736/1101/778 806/1183/778 778/1151/778
f 751/1121/779 758/1130/779 745/1115/779
f 765/1138/780 772/1217/780 759/1133/780
f 773/1149/781 794/1173/781 786/1162/781
f 787/1227/782 808/1189/782 800/1178/782
f 807/1186/783 814/1194/783 801/1181/783
f 827/1236/784 831/1237/784 833/1238/784
f 828/1239/785 831/1240/785 830/1241/785
f 829/1242/786 831/1240/786 832/1243/786
f 834/1244/787 838/1245/787 840/1246/787
f 835/1247/788 838/1248/788 837/1249/788
f 836/1250/789 838/1248/789 839/1251/789
f 841/1252/790 845/1253/790 847/1254/790
f 842/1255/791 845/1256/791 844/1257/791
f 843/1258/792 845/1259/792 846/1260/792
f 848/1261/793 852/1262/793 854/1263/793
f 849/1264/794 852/1265/794 851/1266/794
f 850/1267/795 852/1268/795 853/1269/795
f 855/1270/796 859/1271/796 861/1272/796
f 856/1273/797 859/1274/797 858/1275/797
f 857/1276/798 859/1274/798 860/1277/798
f 862/1278/799 866/1279/799 868/1280/799
f 863/1281/800 866/1282/800 865/1283/800
f 864/1284/801 866/1282/801 867/1285/801
f 869/1286/802 873/1287/802 875/1288/802
f 870/1289/803 873/1290/803 872/1291/803
f 871/1292/804 873/1290/804 874/1293/804
f 876/1294/805 880/1295/805 882/1296/805
f 877/1297/806 880/1298/806 879/1299/806
f 878/1300/807 880/1298/807 881/1301/807
f 883/1302/808 887/1303/808 889/1304/808
f 884/1305/809 887/1306/809 886/1307/809
f 885/1308/810 887/1306/810 888/1309/810
f 890/1310/811 894/1311/811 896/1312/811
f 891/1313/812 894/1314/812 893/1315/812
f 892/1316/813 894/1314/813 895/1317/813
f 897/1318/814 901/1319/814 903/1320/814
f 898/1321/815 901/1322/815 900/1323/815
f 899/1324/816 901/1322/816 902/1325/816
f 904/1326/817 908/1327/817 910/1328/817
f 905/1329/818 908/1330/818 907/1331/818
f 906/1332/819 908/1330/819 909/1333/819
f 911/1334/820 915/1335/820 917/1336/820
f 912/1337/821 915/1338/821 914/1339/821
f 913/1340/822 915/1341/822 916/1342/822
f 918/1343/823 922/1344/823 924/1345/823
f 919/1346/824 922/1347/824 921/1348/824
f 920/1349/825 922/1350/825 923/1351/825
f 842/1255/826 833/1352/826 829/1242/826
f 844/1353/827 827/1236/827 833/1238/827
f 835/1247/828 854/1354/828 850/1267/828
f 837/1355/829 848/1261/829 854/1263/829
f 828/1239/830 839/1251/830 832/1243/830
f 832/1243/831 835/1247/831 829/1242/831
f 849/1264/832 846/1260/832 853/1356/832
f 846/1357/833 850/1267/833 853/1269/833
f 843/1258/834 858/1275/834 847/1358/834
f 858/1359/835 841/1252/835 847/1254/835
f 864/1284/836 851/1266/836 868/1360/836
f 868/1280/837 848/1261/837 862/1278/837
f 863/1281/838 860/1277/838 867/1285/838
f 867/1285/839 856/1273/839 864/1284/839
f 870/1361/840 861/1362/840 857/1276/840
f 872/1363/841 855/1270/841 861/1272/841
f 863/1281/842 882/1364/842 878/1365/842
f 865/1366/843 876/1294/843 882/1296/843
f 871/1292/844 881/1301/844 877/1297/844
f 874/1293/845 878/1300/845 881/1301/845
f 871/1292/846 886/1307/846 875/1367/846
f 886/1368/847 869/1286/847 875/1288/847
f 877/1297/848 896/1369/848 892/1316/848
f 879/1370/849 890/1310/849 896/1312/849
f 891/1313/850 888/1309/850 895/1317/850
f 888/1309/851 892/1316/851 895/1317/851
f 885/1371/852 900/1323/852 889/1372/852
f 900/1373/853 883/1302/853 889/1304/853
f 891/1374/854 910/1375/854 906/1332/854
f 910/1328/855 890/1310/855 904/1326/855
f 899/1324/856 909/1333/856 905/1329/856
f 909/1333/857 898/1321/857 906/1332/857
f 912/1337/858 903/1376/858 899/1324/858
f 914/1377/859 897/1318/859 903/1320/859
f 905/1329/860 924/1378/860 920/1349/860
f 907/1379/861 918/1343/861 924/1345/861
f 913/1340/862 923/1380/862 919/1346/862
f 916/1381/863 920/1349/863 923/1351/863
f 828/1239/864 917/1382/864 913/1340/864
f 830/1383/865 911/1334/865 917/1336/865
f 919/1346/866 840/1384/866 836/1250/866
f 921/1385/867 834/1244/867 840/1246/867
f 841/1252/868 869/1286/868 897/1318/868
f 829/1242/869 850/1267/869 842/1255/869
f 919/1346/870 828/1239/870 913/1340/870
f 834/1244/871 904/1326/871 876/1294/871
f 843/1258/872 864/1284/872 856/1273/872
f 863/1281/873 870/1361/873 857/1276/873
f 877/1297/874 884/1305/874 871/1292/874
f 891/1374/875 898/1321/875 885/1371/875
f 905/1329/876 912/1337/876 899/1324/876
f 925/1386/877 929/1387/877 931/1388/877
f 926/1389/878 929/1390/878 928/1391/878
f 927/1392/879 929/1390/879 930/1393/879
f 932/1394/880 936/1395/880 938/1396/880
f 933/1397/881 936/1398/881 935/1399/881
f 934/1400/882 936/1398/882 937/1401/882
f 939/1402/883 943/1403/883 945/1404/883
f 940/1405/884 943/1406/884 942/1407/884
f 941/1408/885 943/1409/885 944/1410/885
f 946/1411/886 950/1412/886 952/1413/886
f 947/1414/887 950/1415/887 949/1416/887
f 948/1417/888 950/1418/888 951/1419/888
f 953/1420/889 957/1421/889 959/1422/889
f 954/1423/890 957/1424/890 956/1425/890
f 955/1426/891 957/1424/891 958/1427/891
f 960/1428/892 964/1429/892 966/1430/892
f 961/1431/893 964/1432/893 963/1433/893
f 962/1434/894 964/1432/894 965/1435/894
f 967/1436/895 971/1437/895 973/1438/895
f 968/1439/896 971/1440/896 970/1441/896
f 969/1442/897 971/1440/897 972/1443/897
f 974/1444/898 978/1445/898 980/1446/898
f 975/1447/899 978/1448/899 977/1449/899
f 976/1450/900 978/1448/900 979/1451/900
f 981/1452/901 985/1453/901 987/1454/901
f 982/1455/902 985/1456/902 984/1457/902
f 983/1458/903 985/1456/903 986/1459/903
f 988/1460/904 992/1461/904 994/1462/904
f 989/1463/905 992/1464/905 991/1465/905
f 990/1466/906 992/1464/906 993/1467/906
f 995/1468/907 999/1469/907 1001/1470/907
f 996/1471/908 999/1472/908 998/1473/908
f 997/1474/909 999/1472/909 1000/1475/909
f 1002/1476/910 1006/1477/910 1008/1478/910
f 1003/1479/911 1006/1480/911 1005/1481/911
f 1004/1482/912 1006/1480/912 1007/1483/912
f 1009/1484/913 1013/1485/913 1015/1486/913
f 1010/1487/914 1013/1488/914 1012/1489/914
f 1011/1490/915 1013/1491/915 1014/1492/915
f 1016/1493/916 1020/1494/916 1022/1495/916
f 1017/1496/917 1020/1497/917 1019/1498/917
f 1018/1499/918 1020/1500/918 1021/1501/918
f 927/1392/919 942/1407/919 931/1502/919
f 942/1503/920 925/1386/920 931/1388/920
f 948/1417/921 935/1399/921 952/1504/921
f 935/1505/922 946/1411/922 952/1413/922
f 934/1400/923 930/1393/923 926/1389/923
f 937/1401/924 927/1392/924 930/1393/924
f 941/1408/925 951/1506/925 947/1414/925
f 951/1419/926 940/1405/926 948/1417/926
f 954/1423/927 945/1507/927 941/1408/927
f 945/1404/928 953/1420/928 939/1402/928
f 962/1434/929 949/1416/929 966/1508/929
f 949/1509/930 960/1428/930 966/1430/930
f 961/1431/931 958/1427/931 965/1435/931
f 958/1427/932 962/1434/932 965/1435/932
f 968/1510/933 959/1511/933 955/1426/933
f 959/1422/934 967/1436/934 953/1420/934
f 976/1512/935 963/1433/935 980/1513/935
f 963/1514/936 974/1444/936 980/1446/936
f 969/1442/937 979/1451/937 975/1447/937
f 972/1443/938 976/1450/938 979/1451/938
f 982/1455/939 973/1515/939 969/1442/939
f 984/1516/940 967/1436/940 973/1438/940
f 990/1466/941 977/1449/941 994/1517/941
f 994/1462/942 974/1444/942 988/1460/942
f 983/1458/943 993/1467/943 989/1463/943
f 986/1459/944 990/1466/944 993/1467/944
f 983/1518/945 998/1473/945 987/1519/945
f 998/1520/946 981/1452/946 987/1454/946
f 989/1521/947 1008/1522/947 1004/1482/947
f 1008/1478/948 988/1460/948 1002/1476/948
f 997/1474/949 1007/1483/949 1003/1479/949
f 1007/1483/950 996/1471/950 1004/1482/950
f 1010/1487/951 1001/1523/951 997/1474/951
f 1012/1524/952 995/1468/952 1001/1470/952
f 1003/1479/953 1022/1525/953 1018/1499/953
f 1022/1495/954 1002/1476/954 1016/1493/954
f 1017/1496/955 1014/1492/955 1021/1526/955
f 1014/1527/956 1018/1499/956 1021/1501/956
f 926/1389/957 1015/1528/957 1011/1490/957
f 1015/1486/958 925/1386/958 1009/1484/958
f 1017/1496/959 938/1529/959 934/1400/959
f 1019/1530/960 932/1394/960 938/1396/960
f 939/1402/961 967/1436/961 995/1468/961
f 933/1397/962 940/1405/962 927/1392/962
f 1011/1490/963 934/1400/963 926/1389/963
f 932/1394/964 1002/1476/964 974/1444/964
f 947/1414/965 954/1423/965 941/1408/965
f 961/1431/966 968/1510/966 955/1426/966
f 975/1447/967 982/1455/967 969/1442/967
f 989/1521/968 996/1471/968 983/1518/968
f 997/1474/969 1018/1499/969 1010/1487/969
f 1023/1531/970 1027/1532/970 1029/1533/970
f 1024/1534/971 1027/1535/971 1026/1536/971
f 1025/1537/972 1027/1535/972 1028/1538/972
f 1030/1539/973 1034/1540/973 1036/1541/973
f 1031/1542/974 1034/1543/974 1033/1544/974
f 1032/1545/975 1034/1543/975 1035/1546/975
f 1037/1547/976 1041/1548/976 1043/1549/976
f 1038/1550/977 1041/1551/977 1040/1552/977
f 1039/1553/978 1041/1554/978 1042/1555/978
f 1044/1556/979 1048/1557/979 1050/1558/979
f 1045/1559/980 1048/1560/980 1047/1561/980
f 1046/1562/981 1048/1563/981 1049/1564/981
f 1051/1565/982 1055/1566/982 1057/1567/982
f 1052/1568/983 1055/1569/983 1054/1570/983
f 1053/1571/984 1055/1569/984 1056/1572/984
f 1058/1573/985 1062/1574/985 1064/1575/985
f 1059/1576/986 1062/1577/986 1061/1578/986
f 1060/1579/987 1062/1577/987 1063/1580/987
f 1065/1581/988 1069/1582/988 1071/1583/988
f 1066/1584/989 1069/1585/989 1068/1586/989
f 1067/1587/990 1069/1585/990 1070/1588/990
f 1072/1589/991 1076/1590/991 1078/1591/991
f 1073/1592/992 1076/1593/992 1075/1594/992
f 1074/1595/993 1076/1593/993 1077/1596/993
f 1079/1597/994 1083/1598/994 1085/1599/994
f 1080/1600/995 1083/1601/995 1082/1602/995
f 1081/1603/996 1083/1601/996 1084/1604/996
f 1086/1605/997 1090/1606/997 1092/1607/997
f 1087/1608/998 1090/1609/998 1089/1610/998
f 1088/1611/999 1090/1609/999 1091/1612/999
f 1093/1613/1000 1097/1614/1000 1099/1615/1000
f 1094/1616/1001 1097/1617/1001 1096/1618/1001
f 1095/1619/1002 1097/1617/1002 1098/1620/1002
f 1100/1621/1003 1104/1622/1003 1106/1623/1003
f 1101/1624/1004 1104/1625/1004 1103/1626/1004
f 1102/1627/1005 1104/1625/1005 1105/1628/1005
f 1107/1629/1006 1111/1630/1006 1113/1631/1006
f 1108/1632/1007 1111/1633/1007 1110/1634/1007
f 1109/1635/1008 1111/1636/1008 1112/1637/1008
f 1114/1638/1009 1118/1639/1009 1120/1640/1009
f 1115/1641/1010 1118/1642/1010 1117/1643/1010
f 1116/1644/1011 1118/1645/1011 1119/1646/1011
f 1038/1550/1012 1029/1647/1012 1025/1537/1012
f 1040/1648/1013 1023/1531/1013 1029/1533/1013
f 1031/1542/1014 1050/1649/1014 1046/1562/1014
f 1033/1650/1015 1044/1556/1015 1050/1558/1015
f 1024/1534/1016 1035/1546/1016 1028/1538/1016
f 1035/1546/1017 1025/1537/1017 1028/1538/1017
f 1039/1553/1018 1049/1651/1018 1045/1559/1018
f 1049/1564/1019 1038/1550/1019 1046/1562/1019
f 1052/1568/1020 1043/1652/1020 1039/1553/1020
f 1043/1549/1021 1051/1565/1021 1037/1547/1021
f 1060/1579/1022 1047/1561/1022 1064/1653/1022
f 1047/1654/1023 1058/1573/1023 1064/1575/1023
f 1059/1576/1024 1056/1572/1024 1063/1580/1024
f 1056/1572/1025 1060/1579/1025 1063/1580/1025
f 1066/1655/1026 1057/1656/1026 1053/1571/1026
f 1068/1657/1027 1051/1565/1027 1057/1567/1027
f 1074/1658/1028 1061/1578/1028 1078/1659/1028
f 1078/1591/1029 1058/1573/1029 1072/1589/1029
f 1073/1592/1030 1070/1588/1030 1077/1596/1030
f 1070/1588/1031 1074/1595/1031 1077/1596/1031
f 1080/1600/1032 1071/1660/1032 1067/1587/1032
f 1071/1583/1033 1079/1597/1033 1065/1581/1033
f 1088/1611/1034 1075/1594/1034 1092/1661/1034
f 1092/1607/1035 1072/1589/1035 1086/1605/1035
f 1087/1608/1036 1084/1604/1036 1091/1612/1036
f 1084/1604/1037 1088/1611/1037 1091/1612/1037
f 1094/1616/1038 1085/1662/1038 1081/1663/1038
f 1096/1664/1039 1079/1597/1039 1085/1599/1039
f 1087/1665/1040 1106/1666/1040 1102/1627/1040
f 1089/1667/1041 1100/1621/1041 1106/1623/1041
f 1101/1624/1042 1098/1620/1042 1105/1628/1042
f 1105/1628/1043 1094/1616/1043 1102/1627/1043
f 1095/1619/1044 1110/1634/1044 1099/1668/1044
f 1110/1669/1045 1093/1613/1045 1099/1615/1045
f 1101/1624/1046 1120/1670/1046 1116/1644/1046
f 1120/1640/1047 1100/1621/1047 1114/1638/1047
f 1115/1641/1048 1112/1637/1048 1119/1671/1048
f 1119/1646/1049 1108/1632/1049 1116/1644/1049
f 1109/1635/1050 1026/1536/1050 1113/1672/1050
f 1026/1673/1051 1107/1629/1051 1113/1631/1051
f 1115/1641/1052 1036/1674/1052 1032/1545/1052
f 1117/1675/1053 1030/1539/1053 1036/1541/1053
f 1093/1613/1054 1107/1629/1054 1037/1547/1054
f 1031/1542/1055 1038/1550/1055 1025/1537/1055
f 1109/1635/1056 1032/1545/1056 1024/1534/1056
f 1058/1573/1057 1030/1539/1057 1100/1621/1057
f 1039/1553/1058 1060/1579/1058 1052/1568/1058
f 1053/1571/1059 1074/1658/1059 1066/1655/1059
f 1073/1592/1060 1080/1600/1060 1067/1587/1060
f 1081/1663/1061 1102/1627/1061 1094/1616/1061
f 1101/1624/1062 1108/1632/1062 1095/1619/1062
f 1121/1676/1063 1125/1677/1063 1127/1678/1063
f 1122/1679/1064 1125/1680/1064 1124/1681/1064
f 1123/1682/1065 1125/1680/1065 1126/1683/1065
f 1128/1684/1066 1132/1685/1066 1134/1686/1066
f 1129/1687/1067 1132/1688/1067 1131/1689/1067
f 1130/1690/1068 1132/1688/1068 1133/1691/1068
f 1135/1692/1069 1139/1693/1069 1141/1694/1069
f 1136/1695/1070 1139/1696/1070 1138/1697/1070
f 1137/1698/1071 1139/1699/1071 1140/1700/1071
f 1142/1701/1072 1146/1702/1072 1148/1703/1072
f 1143/1704/1073 1146/1705/1073 1145/1706/1073
f 1144/1707/1074 1146/1708/1074 1147/1709/1074
f 1149/1710/1075 1153/1711/1075 1155/1712/1075
f 1150/1713/1076 1153/1714/1076 1152/1715/1076
f 1151/1716/1077 1153/1714/1077 1154/1717/1077
f 1156/1718/1078 1160/1719/1078 1162/1720/1078
f 1157/1721/1079 1160/1722/1079 1159/1723/1079
f 1158/1724/1080 1160/1722/1080 1161/1725/1080
f 1163/1726/1081 1167/1727/1081 1169/1728/1081
f 1164/1729/1082 1167/1730/1082 1166/1731/1082
f 1165/1732/1083 1167/1730/1083 1168/1733/1083
f 1170/1734/1084 1174/1735/1084 1176/1736/1084
f 1171/1737/1085 1174/1738/1085 1173/1739/1085
f 1172/1740/1086 1174/1738/1086 1175/1741/1086
f 1177/1742/1087 1181/1743/1087 1183/1744/1087
f 1178/1745/1088 1181/1746/1088 1180/1747/1088
f 1179/1748/1089 1181/1746/1089 1182/1749/1089
f 1184/1750/1090 1188/1751/1090 1190/1752/1090
f 1185/1753/1091 1188/1754/1091 1187/1755/1091
f 1186/1756/1092 1188/1754/1092 1189/1757/1092
f 1191/1758/1093 1195/1759/1093 1197/1760/1093
f 1192/1761/1094 1195/1762/1094 1194/1763/1094
f 1193/1764/1095 1195/1762/1095 1196/1765/1095
f 1198/1766/1096 1202/1767/1096 1204/1768/1096
f 1199/1769/1097 1202/1770/1097 1201/1771/1097
f 1200/1772/1098 1202/1770/1098 1203/1773/1098
f 1205/1774/1099 1209/1775/1099 1211/1776/1099
f 1206/1777/1100 1209/1778/1100 1208/1779/1100
f 1207/1780/1101 1209/1781/1101 1210/1782/1101
f 1212/1783/1102 1216/1784/1102 1218/1785/1102
f 1213/1786/1103 1216/1787/1103 1215/1788/1103
f 1214/1789/1104 1216/1790/1104 1217/1791/1104
f 1136/1695/1105 1127/1792/1105 1123/1682/1105
f 1138/1793/1106 1121/1676/1106 1127/1678/1106
f 1129/1687/1107 1148/1794/1107 1144/1707/1107
f 1148/1703/1108 1128/1684/1108 1142/1701/1108
f 1122/1679/1109 1133/1691/1109 1126/1683/1109
f 1133/1691/1110 1123/1682/1110 1126/1683/1110
f 1137/1698/1111 1147/1795/1111 1143/1704/1111
f 1140/1796/1112 1144/1707/1112 1147/1709/1112
f 1137/1698/1113 1152/1715/1113 1141/1797/1113
f 1152/1798/1114 1135/1692/1114 1141/1694/1114
f 1158/1724/1115 1145/1706/1115 1162/1799/1115
f 1162/1720/1116 1142/1701/1116 1156/1718/1116
f 1151/1716/1117 1161/1725/1117 1157/1721/1117
f 1161/1725/1118 1150/1713/1118 1158/1724/1118
f 1151/1716/1119 1166/1800/1119 1155/1801/1119
f 1166/1802/1120 1149/1710/1120 1155/1712/1120
f 1157/1721/1121 1176/1803/1121 1172/1804/1121
f 1176/1736/1122 1156/1718/1122 1170/1734/1122
f 1165/1732/1123 1175/1741/1123 1171/1737/1123
f 1168/1733/1124 1172/1740/1124 1175/1741/1124
f 1165/1732/1125 1180/1747/1125 1169/1805/1125
f 1169/1728/1126 1177/1742/1126 1163/1726/1126
f 1186/1756/1127 1173/1739/1127 1190/1806/1127
f 1173/1807/1128 1184/1750/1128 1190/1752/1128
f 1179/1748/1129 1189/1757/1129 1185/1753/1129
f 1182/1749/1130 1186/1756/1130 1189/1757/1130
f 1192/1761/1131 1183/1808/1131 1179/1809/1131
f 1194/1810/1132 1177/1742/1132 1183/1744/1132
f 1200/1772/1133 1187/1811/1133 1204/1812/1133
f 1187/1813/1134 1198/1766/1134 1204/1768/1134
f 1193/1764/1135 1203/1773/1135 1199/1769/1135
f 1203/1773/1136 1192/1761/1136 1200/1772/1136
f 1206/1777/1137 1197/1814/1137 1193/1764/1137
f 1208/1815/1138 1191/1758/1138 1197/1760/1138
f 1199/1769/1139 1218/1816/1139 1214/1789/1139
f 1201/1817/1140 1212/1783/1140 1218/1785/1140
f 1207/1780/1141 1217/1818/1141 1213/1786/1141
f 1217/1791/1142 1206/1777/1142 1214/1789/1142
f 1207/1780/1143 1124/1681/1143 1211/1819/1143
f 1124/1820/1144 1205/1774/1144 1211/1776/1144
f 1130/1690/1145 1215/1788/1145 1134/1821/1145
f 1134/1686/1146 1212/1783/1146 1128/1684/1146
f 1177/1742/1147 1191/1758/1147 1135/1692/1147
f 1129/1687/1148 1136/1695/1148 1123/1682/1148
f 1213/1786/684 1122/1679/684 1207/1780/684
f 1128/1684/1149 1198/1766/1149 1170/1734/1149
f 1143/1704/1150 1150/1713/1150 1137/1698/1150
f 1157/1721/1151 1164/1822/1151 1151/1716/1151
f 1165/1732/1152 1186/1756/1152 1178/1745/1152
f 1185/1823/1153 1192/1761/1153 1179/1809/1153
f 1199/1769/1154 1206/1777/1154 1193/1764/1154
f 1219/1824/1155 1223/1825/1155 1225/1826/1155
f 1220/1827/1156 1223/1828/1156 1222/1829/1156
f 1221/1830/1157 1223/1828/1157 1224/1831/1157
f 1226/1832/1158 1230/1833/1158 1232/1834/1158
f 1227/1835/1159 1230/1836/1159 1229/1837/1159
f 1228/1838/1160 1230/1836/1160 1231/1839/1160
f 1233/1840/1161 1237/1841/1161 1239/1842/1161
f 1234/1843/1162 1237/1844/1162 1236/1845/1162
f 1235/1846/1163 1237/1847/1163 1238/1848/1163
f 1240/1849/1164 1244/1850/1164 1246/1851/1164
f 1241/1852/1165 1244/1853/1165 1243/1854/1165
f 1242/1855/1166 1244/1856/1166 1245/1857/1166
f 1247/1858/1167 1251/1859/1167 1253/1860/1167
f 1248/1861/1168 1251/1862/1168 1250/1863/1168
f 1249/1864/1169 1251/1862/1169 1252/1865/1169
f 1254/1866/1170 1258/1867/1170 1260/1868/1170
f 1255/1869/1171 1258/1870/1171 1257/1871/1171
f 1256/1872/1172 1258/1870/1172 1259/1873/1172
f 1261/1874/1173 1265/1875/1173 1267/1876/1173
f 1262/1877/1174 1265/1878/1174 1264/1879/1174
f 1263/1880/1175 1265/1878/1175 1266/1881/1175
f 1268/1882/1176 1272/1883/1176 1274/1884/1176
f 1269/1885/1177 1272/1886/1177 1271/1887/1177
f 1270/1888/1178 1272/1886/1178 1273/1889/1178
f 1275/1890/1179 1279/1891/1179 1281/1892/1179
f 1276/1893/1180 1279/1894/1180 1278/1895/1180
f 1277/1896/1181 1279/1894/1181 1280/1897/1181
f 1282/1898/1182 1286/1899/1182 1288/1900/1182
f 1283/1901/1183 1286/1902/1183 1285/1903/1183
f 1284/1904/1184 1286/1902/1184 1287/1905/1184
f 1289/1906/1185 1293/1907/1185 1295/1908/1185
f 1290/1909/1186 1293/1910/1186 1292/1911/1186
f 1291/1912/1187 1293/1910/1187 1294/1913/1187
f 1296/1914/1188 1300/1915/1188 1302/1916/1188
f 1297/1917/1189 1300/1918/1189 1299/1919/1189
f 1298/1920/1190 1300/1918/1190 1301/1921/1190
f 1303/1922/1191 1307/1923/1191 1309/1924/1191
f 1304/1925/1192 1307/1926/1192 1306/1927/1192
f 1305/1928/1193 1307/1929/1193 1308/1930/1193
f 1310/1931/1194 1314/1932/1194 1316/1933/1194
f 1311/1934/1195 1314/1935/1195 1313/1936/1195
f 1312/1937/1196 1314/1938/1196 1315/1939/1196
f 1234/1843/1197 1225/1940/1197 1221/1830/1197
f 1236/1941/1198 1219/1824/1198 1225/1826/1198
f 1242/1855/1199 1229/1837/1199 1246/1942/1199
f 1229/1943/1200 1240/1849/1200 1246/1851/1200
f 1220/1827/1201 1231/1839/1201 1224/1831/1201
f 1224/1831/1202 1227/1835/1202 1221/1830/1202
f 1235/1846/1203 1245/1944/1203 1241/1852/1203
f 1238/1945/1204 1242/1855/1204 1245/1857/1204
f 1235/1846/1205 1250/1863/1205 1239/1946/1205
f 1239/1842/1206 1247/1858/1206 1233/1840/1206
f 1241/1852/1207 1260/1947/1207 1256/1872/1207
f 1260/1868/1208 1240/1849/1208 1254/1866/1208
f 1249/1864/1209 1259/1873/1209 1255/1869/1209
f 1252/1865/1210 1256/1872/1210 1259/1873/1210
f 1262/1948/1211 1253/1949/1211 1249/1864/1211
f 1253/1860/1212 1261/1874/1212 1247/1858/1212
f 1255/1869/1213 1274/1950/1213 1270/1951/1213
f 1257/1952/1214 1268/1882/1214 1274/1884/1214
f 1263/1880/1215 1273/1889/1215 1269/1885/1215
f 1273/1889/1216 1262/1877/1216 1270/1888/1216
f 1263/1880/1217 1278/1895/1217 1267/1953/1217
f 1278/1954/1218 1261/1874/1218 1267/1876/1218
f 1269/1885/1219 1288/1955/1219 1284/1904/1219
f 1288/1900/1220 1268/1882/1220 1282/1898/1220
f 1277/1896/1221 1287/1905/1221 1283/1901/1221
f 1287/1905/1222 1276/1893/1222 1284/1904/1222
f 1277/1956/1223 1292/1911/1223 1281/1957/1223
f 1292/1958/1224 1275/1890/1224 1281/1892/1224
f 1298/1920/1225 1285/1959/1225 1302/1960/1225
f 1285/1961/1226 1296/1914/1226 1302/1916/1226
f 1291/1912/1227 1301/1921/1227 1297/1917/1227
f 1301/1921/1228 1290/1909/1228 1298/1920/1228
f 1291/1912/1229 1306/1927/1229 1295/1962/1229
f 1295/1908/1230 1303/1922/1230 1289/1906/1230
f 1297/1917/1231 1316/1963/1231 1312/1937/1231
f 1316/1933/1232 1296/1914/1232 1310/1931/1232
f 1311/1934/1233 1308/1930/1233 1315/1964/1233
f 1308/1965/1234 1312/1937/1234 1315/1939/1234
f 1305/1928/1235 1222/1829/1235 1309/1966/1235
f 1222/1967/1236 1303/1922/1236 1309/1924/1236
f 1228/1838/1237 1313/1936/1237 1232/1968/1237
f 1313/1969/1238 1226/1832/1238 1232/1834/1238
f 1233/1840/1239 1261/1874/1239 1289/1906/1239
f 1227/1835/1240 1234/1843/1240 1221/1830/1240
f 1305/1928/1241 1228/1838/1241 1220/1827/1241
f 1296/1914/1242 1282/1898/1242 1268/1882/1242
f 1241/1852/1243 1248/1861/1243 1235/1846/1243
f 1255/1869/1244 1262/1948/1244 1249/1864/1244
f 1263/1880/1245 1284/1904/1245 1276/1893/1245
f 1277/1956/1246 1298/1920/1246 1290/1909/1246
f 1291/1912/1247 1312/1937/1247 1304/1925/1247
f 1317/1970/1248 1321/1971/1248 1323/1972/1248
f 1318/1973/1249 1321/1974/1249 1320/1975/1249
f 1319/1976/1250 1321/1974/1250 1322/1977/1250
f 1324/1978/1251 1328/1979/1251 1330/1980/1251
f 1325/1981/1252 1328/1982/1252 1327/1983/1252
f 1326/1984/1253 1328/1982/1253 1329/1985/1253
f 1331/1986/1254 1335/1987/1254 1337/1988/1254
f 1332/1989/1255 1335/1990/1255 1334/1991/1255
f 1333/1992/1256 1335/1993/1256 1336/1994/1256
f 1338/1995/1257 1342/1996/1257 1344/1997/1257
f 1339/1998/1258 1342/1999/1258 1341/2000/1258
f 1340/2001/1259 1342/2002/1259 1343/2003/1259
f 1345/2004/1260 1349/2005/1260 1351/2006/1260
f 1346/2007/1261 1349/2008/1261 1348/2009/1261
f 1347/2010/1262 1349/2008/1262 1350/2011/1262
f 1352/2012/1263 1356/2013/1263 1358/2014/1263
f 1353/2015/1264 1356/2016/1264 1355/2017/1264
f 1354/2018/1265 1356/2016/1265 1357/2019/1265
f 1359/2020/1266 1363/2021/1266 1365/2022/1266
f 1360/2023/1267 1363/2024/1267 1362/2025/1267
f 1361/2026/1268 1363/2024/1268 1364/2027/1268
f 1366/2028/1269 1370/2029/1269 1372/2030/1269
f 1367/2031/1270 1370/2032/1270 1369/2033/1270
f 1368/2034/1271 1370/2032/1271 1371/2035/1271
f 1373/2036/1272 1377/2037/1272 1379/2038/1272
f 1374/2039/1273 1377/2040/1273 1376/2041/1273
f 1375/2042/1274 1377/2040/1274 1378/2043/1274
f 1380/2044/1275 1384/2045/1275 1386/2046/1275
f 1381/2047/1276 1384/2048/1276 1383/2049/1276
f 1382/2050/1277 1384/2048/1277 1385/2051/1277
f 1387/2052/1278 1391/2053/1278 1393/2054/1278
f 1388/2055/1279 1391/2056/1279 1390/2057/1279
f 1389/2058/1280 1391/2056/1280 1392/2059/1280
f 1394/2060/1281 1398/2061/1281 1400/2062/1281
f 1395/2063/1282 1398/2064/1282 1397/2065/1282
f 1396/2066/1283 1398/2064/1283 1399/2067/1283
f 1401/2068/1284 1405/2069/1284 1407/2070/1284
f 1402/2071/1285 1405/2072/1285 1404/2073/1285
f 1403/2074/1286 1405/2075/1286 1406/2076/1286
f 1408/2077/1287 1412/2078/1287 1414/2079/1287
f 1409/2080/1288 1412/2081/1288 1411/2082/1288
f 1410/2083/1289 1412/2084/1289 1413/2085/1289
f 1319/1976/1290 1334/1991/1290 1323/2086/1290
f 1334/2087/1291 1317/1970/1291 1323/1972/1291
f 1325/1981/1292 1344/2088/1292 1340/2001/1292
f 1327/2089/1293 1338/1995/1293 1344/1997/1293
f 1326/1984/1294 1322/1977/1294 1318/1973/1294
f 1322/1977/1295 1325/1981/1295 1319/1976/1295
f 1333/1992/1296 1343/2090/1296 1339/1998/1296
f 1336/2091/1297 1340/2001/1297 1343/2003/1297
f 1346/2007/1298 1337/2092/1298 1333/1992/1298
f 1337/1988/1299 1345/2004/1299 1331/1986/1299
f 1339/1998/1300 1358/2093/1300 1354/2018/1300
f 1358/2014/1301 1338/1995/1301 1352/2012/1301
f 1353/2015/1302 1350/2011/1302 1357/2019/1302
f 1350/2011/1303 1354/2018/1303 1357/2019/1303
f 1347/2010/1304 1362/2094/1304 1351/2095/1304
f 1362/2096/1305 1345/2004/1305 1351/2006/1305
f 1353/2015/1306 1372/2097/1306 1368/2098/1306
f 1355/2099/1307 1366/2028/1307 1372/2030/1307
f 1367/2031/1308 1364/2027/1308 1371/2035/1308
f 1364/2027/1309 1368/2034/1309 1371/2035/1309
f 1374/2039/1310 1365/2100/1310 1361/2026/1310
f 1365/2022/1311 1373/2036/1311 1359/2020/1311
f 1367/2031/1312 1386/2101/1312 1382/2050/1312
f 1369/2102/1313 1380/2044/1313 1386/2046/1313
f 1375/2042/1314 1385/2051/1314 1381/2047/1314
f 1378/2043/1315 1382/2050/1315 1385/2051/1315
f 1375/2103/1316 1390/2057/1316 1379/2104/1316
f 1379/2038/1317 1387/2052/1317 1373/2036/1317
f 1381/2105/1318 1400/2106/1318 1396/2066/1318
f 1383/2107/1319 1394/2060/1319 1400/2062/1319
f 1395/2063/1320 1392/2059/1320 1399/2067/1320
f 1392/2059/1321 1396/2066/1321 1399/2067/1321
f 1402/2071/1322 1393/2108/1322 1389/2058/1322
f 1404/2109/1323 1387/2052/1323 1393/2054/1323
f 1395/2063/1324 1414/2110/1324 1410/2083/1324
f 1397/2111/1325 1408/2077/1325 1414/2079/1325
f 1403/2074/1326 1413/2112/1326 1409/2080/1326
f 1406/2113/1327 1410/2083/1327 1413/2085/1327
f 1403/2074/1328 1320/1975/1328 1407/2114/1328
f 1407/2070/1329 1317/1970/1329 1401/2068/1329
f 1409/2080/1330 1330/2115/1330 1326/1984/1330
f 1330/1980/1331 1408/2077/1331 1324/1978/1331
f 1359/2020/1332 1373/2036/1332 1387/2052/1332
f 1325/1981/1333 1332/1989/1333 1319/1976/1333
f 1409/2080/1334 1318/1973/1334 1403/2074/1334
f 1352/2012/1335 1324/1978/1335 1394/2060/1335
f 1339/1998/1336 1346/2007/1336 1333/1992/1336
f 1353/2015/1337 1360/2116/1337 1347/2010/1337
f 1367/2031/1338 1374/2039/1338 1361/2026/1338
f 1381/2105/1339 1388/2055/1339 1375/2103/1339
f 1395/2063/1340 1402/2071/1340 1389/2058/1340
f 1415/2117/1341 1419/2118/1341 1421/2119/1341
f 1416/2120/1342 1419/2121/1342 1418/2122/1342
f 1417/2123/1343 1419/2121/1343 1420/2124/1343
f 1422/2125/1344 1426/2126/1344 1428/2127/1344
f 1423/2128/1345 1426/2129/1345 1425/2130/1345
f 1424/2131/1346 1426/2129/1346 1427/2132/1346
f 1429/2133/1347 1433/2134/1347 1435/2135/1347
f 1430/2136/1348 1433/2137/1348 1432/2138/1348
f 1431/2139/1349 1433/2140/1349 1434/2141/1349
f 1436/2142/1350 1440/2143/1350 1442/2144/1350
f 1437/2145/1351 1440/2146/1351 1439/2147/1351
f 1438/2148/1352 1440/2149/1352 1441/2150/1352
f 1443/2151/1353 1447/2152/1353 1449/2153/1353
f 1444/2154/1354 1447/2155/1354 1446/2156/1354
f 1445/2157/1355 1447/2155/1355 1448/2158/1355
f 1450/2159/1356 1454/2160/1356 1456/2161/1356
f 1451/2162/1357 1454/2163/1357 1453/2164/1357
f 1452/2165/1358 1454/2163/1358 1455/2166/1358
f 1457/2167/1359 1461/2168/1359 1463/2169/1359
f 1458/2170/1360 1461/2171/1360 1460/2172/1360
f 1459/2173/1361 1461/2171/1361 1462/2174/1361
f 1464/2175/1362 1468/2176/1362 1470/2177/1362
f 1465/2178/1363 1468/2179/1363 1467/2180/1363
f 1466/2181/1364 1468/2179/1364 1469/2182/1364
f 1471/2183/1365 1475/2184/1365 1477/2185/1365
f 1472/2186/1366 1475/2187/1366 1474/2188/1366
f 1473/2189/1367 1475/2187/1367 1476/2190/1367
f 1478/2191/1368 1482/2192/1368 1484/2193/1368
f 1479/2194/1369 1482/2195/1369 1481/2196/1369
f 1480/2197/1370 1482/2195/1370 1483/2198/1370
f 1485/2199/1371 1489/2200/1371 1491/2201/1371
f 1486/2202/1372 1489/2203/1372 1488/2204/1372
f 1487/2205/1373 1489/2203/1373 1490/2206/1373
f 1492/2207/1374 1496/2208/1374 1498/2209/1374
f 1493/2210/1375 1496/2211/1375 1495/2212/1375
f 1494/2213/1376 1496/2211/1376 1497/2214/1376
f 1499/2215/1377 1503/2216/1377 1505/2217/1377
f 1500/2218/1378 1503/2219/1378 1502/2220/1378
f 1501/2221/1379 1503/2222/1379 1504/2223/1379
f 1506/2224/1380 1510/2225/1380 1512/2226/1380
f 1507/2227/1381 1510/2228/1381 1509/2229/1381
f 1508/2230/1382 1510/2231/1382 1511/2232/1382
f 1417/2123/1383 1432/2138/1383 1421/2233/1383
f 1421/2119/1384 1429/2133/1384 1415/2117/1384
f 1423/2128/1385 1442/2234/1385 1438/2148/1385
f 1425/2235/1386 1436/2142/1386 1442/2144/1386
f 1416/2120/1387 1427/2132/1387 1420/2124/1387
f 1427/2132/1388 1417/2123/1388 1420/2124/1388
f 1431/2139/1389 1441/2236/1389 1437/2145/1389
f 1441/2150/1390 1430/2136/1390 1438/2148/1390
f 1444/2154/1391 1435/2237/1391 1431/2139/1391
f 1435/2135/1392 1443/2151/1392 1429/2133/1392
f 1437/2145/1393 1456/2238/1393 1452/2165/1393
f 1456/2161/1394 1436/2142/1394 1450/2159/1394
f 1451/2162/1395 1448/2158/1395 1455/2166/1395
f 1448/2158/1396 1452/2165/1396 1455/2166/1396
f 1445/2157/1397 1460/2239/1397 1449/2240/1397
f 1449/2153/1398 1457/2167/1398 1443/2151/1398
f 1466/2241/1399 1453/2164/1399 1470/2242/1399
f 1453/2243/1400 1464/2175/1400 1470/2177/1400
f 1465/2178/1401 1462/2174/1401 1469/2182/1401
f 1462/2174/1402 1466/2181/1402 1469/2182/1402
f 1459/2173/1403 1474/2188/1403 1463/2244/1403
f 1474/2245/1404 1457/2167/1404 1463/2169/1404
f 1465/2178/1405 1484/2246/1405 1480/2197/1405
f 1484/2193/1406 1464/2175/1406 1478/2191/1406
f 1479/2194/1407 1476/2190/1407 1483/2198/1407
f 1483/2198/1408 1472/2186/1408 1480/2197/1408
f 1473/2247/1409 1488/2204/1409 1477/2248/1409
f 1477/2185/1410 1485/2199/1410 1471/2183/1410
f 1479/2249/1411 1498/2250/1411 1494/2213/1411
f 1481/2251/1412 1492/2207/1412 1498/2209/1412
f 1487/2205/1413 1497/2214/1413 1493/2210/1413
f 1490/2206/1414 1494/2213/1414 1497/2214/1414
f 1500/2218/1415 1491/2252/1415 1487/2205/1415
f 1502/2253/1416 1485/2199/1416 1491/2201/1416
f 1508/2230/1417 1495/2212/1417 1512/2254/1417
f 1495/2255/1418 1506/2224/1418 1512/2226/1418
f 1507/2227/1419 1504/2223/1419 1511/2256/1419
f 1504/2257/1420 1508/2230/1420 1511/2232/1420
f 1416/2120/1421 1505/2258/1421 1501/2221/1421
f 1418/2259/1422 1499/2215/1422 1505/2217/1422
f 1424/2131/1423 1509/2229/1423 1428/2260/1423
f 1509/2261/1424 1422/2125/1424 1428/2127/1424
f 1485/2199/1425 1499/2215/1425 1429/2133/1425
f 1417/2123/1426 1438/2148/1426 1430/2136/1426
f 1507/2227/1427 1416/2120/1427 1501/2221/1427
f 1422/2125/1428 1492/2207/1428 1464/2175/1428
f 1437/2145/1429 1444/2154/1429 1431/2139/1429
f 1445/2157/1430 1466/2241/1430 1458/2262/1430
f 1465/2178/1431 1472/2186/1431 1459/2173/1431
f 1473/2247/1432 1494/2213/1432 1486/2202/1432
f 1493/2210/1433 1500/2218/1433 1487/2205/1433
f 1513/2263/1434 1517/2264/1434 1519/2265/1434
f 1514/2266/1435 1517/2267/1435 1516/2268/1435
f 1515/2269/1436 1517/2267/1436 1518/2270/1436
f 1520/2271/1437 1524/2272/1437 1526/2273/1437
f 1521/2274/1438 1524/2275/1438 1523/2276/1438
f 1522/2277/1439 1524/2275/1439 1525/2278/1439
f 1527/2279/1440 1531/2280/1440 1533/2281/1440
f 1528/2282/1441 1531/2283/1441 1530/2284/1441
f 1529/2285/1442 1531/2286/1442 1532/2287/1442
f 1534/2288/1443 1538/2289/1443 1540/2290/1443
f 1535/2291/1444 1538/2292/1444 1537/2293/1444
f 1536/2294/1445 1538/2295/1445 1539/2296/1445
f 1541/2297/1446 1545/2298/1446 1547/2299/1446
f 1542/2300/1447 1545/2301/1447 1544/2302/1447
f 1543/2303/1448 1545/2301/1448 1546/2304/1448
f 1548/2305/1449 1552/2306/1449 1554/2307/1449
f 1549/2308/1450 1552/2309/1450 1551/2310/1450
f 1550/2311/1451 1552/2309/1451 1553/2312/1451
f 1555/2313/1452 1559/2314/1452 1561/2315/1452
f 1556/2316/1453 1559/2317/1453 1558/2318/1453
f 1557/2319/1454 1559/2317/1454 1560/2320/1454
f 1562/2321/1455 1566/2322/1455 1568/2323/1455
f 1563/2324/1456 1566/2325/1456 1565/2326/1456
f 1564/2327/1457 1566/2325/1457 1567/2328/1457
f 1569/2329/1458 1573/2330/1458 1575/2331/1458
f 1570/2332/1459 1573/2333/1459 1572/2334/1459
f 1571/2335/1460 1573/2333/1460 1574/2336/1460
f 1576/2337/1461 1580/2338/1461 1582/2339/1461
f 1577/2340/1462 1580/2341/1462 1579/2342/1462
f 1578/2343/1463 1580/2341/1463 1581/2344/1463
f 1583/2345/1464 1587/2346/1464 1589/2347/1464
f 1584/2348/1465 1587/2349/1465 1586/2350/1465
f 1585/2351/1466 1587/2349/1466 1588/2352/1466
f 1590/2353/1467 1594/2354/1467 1596/2355/1467
f 1591/2356/1468 1594/2357/1468 1593/2358/1468
f 1592/2359/1469 1594/2357/1469 1595/2360/1469
f 1597/2361/1470 1601/2362/1470 1603/2363/1470
f 1598/2364/1471 1601/2365/1471 1600/2366/1471
f 1599/2367/1472 1601/2368/1472 1602/2369/1472
f 1604/2370/1473 1608/2371/1473 1610/2372/1473
f 1605/2373/1474 1608/2374/1474 1607/2375/1474
f 1606/2376/1475 1608/2377/1475 1609/2378/1475
f 1515/2269/1476 1530/2284/1476 1519/2379/1476
f 1519/2265/1477 1527/2279/1477 1513/2263/1477
f 1521/2274/1478 1540/2380/1478 1536/2294/1478
f 1540/2290/1479 1520/2271/1479 1534/2288/1479
f 1522/2277/1480 1518/2270/1480 1514/2266/1480
f 1525/2278/1481 1515/2269/1481 1518/2270/1481
f 1535/2291/1482 1532/2287/1482 1539/2381/1482
f 1532/2382/1483 1536/2294/1483 1539/2296/1483
f 1529/2285/1484 1544/2302/1484 1533/2383/1484
f 1544/2384/1485 1527/2279/1485 1533/2281/1485
f 1550/2311/1486 1537/2293/1486 1554/2385/1486
f 1537/2386/1487 1548/2305/1487 1554/2307/1487
f 1543/2303/1488 1553/2312/1488 1549/2308/1488
f 1553/2312/1489 1542/2300/1489 1550/2311/1489
f 1556/2387/1490 1547/2388/1490 1543/2303/1490
f 1558/2389/1491 1541/2297/1491 1547/2299/1491
f 1564/2390/1492 1551/2310/1492 1568/2391/1492
f 1551/2392/1493 1562/2321/1493 1568/2323/1493
f 1557/2319/1494 1567/2328/1494 1563/2324/1494
f 1560/2320/1495 1564/2327/1495 1567/2328/1495
f 1570/2332/1496 1561/2393/1496 1557/2319/1496
f 1561/2315/1497 1569/2329/1497 1555/2313/1497
f 1578/2343/1498 1565/2326/1498 1582/2394/1498
f 1582/2339/1499 1562/2321/1499 1576/2337/1499
f 1571/2335/1500 1581/2344/1500 1577/2340/1500
f 1581/2344/1501 1570/2332/1501 1578/2343/1501
f 1584/2348/1502 1575/2395/1502 1571/2396/1502
f 1575/2331/1503 1583/2345/1503 1569/2329/1503
f 1577/2397/1504 1596/2398/1504 1592/2359/1504
f 1596/2355/1505 1576/2337/1505 1590/2353/1505
f 1591/2356/1506 1588/2352/1506 1595/2360/1506
f 1588/2352/1507 1592/2359/1507 1595/2360/1507
f 1585/2351/1508 1600/2366/1508 1589/2399/1508
f 1600/2400/1509 1583/2345/1509 1589/2347/1509
f 1591/2356/1510 1610/2401/1510 1606/2376/1510
f 1593/2402/1511 1604/2370/1511 1610/2372/1511
f 1599/2367/1512 1609/2403/1512 1605/2373/1512
f 1609/2378/1513 1598/2364/1513 1606/2376/1513
f 1514/2266/1514 1603/2404/1514 1599/2367/1514
f 1516/2405/1515 1597/2361/1515 1603/2363/1515
f 1522/2277/1516 1607/2375/1516 1526/2406/1516
f 1607/2407/1517 1520/2271/1517 1526/2273/1517
f 1527/2279/1518 1555/2313/1518 1583/2345/1518
f 1521/2274/1519 1528/2282/1519 1515/2269/1519
f 1605/2373/1520 1514/2266/1520 1599/2367/1520
f 1590/2353/1521 1576/2337/1521 1562/2321/1521
f 1535/2291/1522 1542/2300/1522 1529/2285/1522
f 1549/2308/1523 1556/2387/1523 1543/2303/1523
f 1563/2324/1524 1570/2332/1524 1557/2319/1524
f 1571/2396/1525 1592/2359/1525 1584/2348/1525
f 1591/2356/1526 1598/2364/1526 1585/2351/1526
f 1611/2408/1527 1615/2409/1527 1617/2410/1527
f 1612/2411/1528 1615/2412/1528 1614/2413/1528
f 1613/2414/1529 1615/2412/1529 1616/2415/1529
f 1618/2416/1530 1622/2417/1530 1624/2418/1530
f 1619/2419/1531 1622/2420/1531 1621/2421/1531
f 1620/2422/1532 1622/2420/1532 1623/2423/1532
f 1625/2424/1533 1629/2425/1533 1631/2426/1533
f 1626/2427/1534 1629/2428/1534 1628/2429/1534
f 1627/2430/1535 1629/2431/1535 1630/2432/1535
f 1632/2433/1536 1636/2434/1536 1638/2435/1536
f 1633/2436/1537 1636/2437/1537 1635/2438/1537
f 1634/2439/1538 1636/2440/1538 1637/2441/1538
f 1639/2442/1539 1643/2443/1539 1645/2444/1539
f 1640/2445/1540 1643/2446/1540 1642/2447/1540
f 1641/2448/1541 1643/2446/1541 1644/2449/1541
f 1646/2450/1542 1650/2451/1542 1652/2452/1542
f 1647/2453/1543 1650/2454/1543 1649/2455/1543
f 1648/2456/1544 1650/2454/1544 1651/2457/1544
f 1653/2458/1545 1657/2459/1545 1659/2460/1545
f 1654/2461/1546 1657/2462/1546 1656/2463/1546
f 1655/2464/1547 1657/2462/1547 1658/2465/1547
f 1660/2466/1548 1664/2467/1548 1666/2468/1548
f 1661/2469/1549 1664/2470/1549 1663/2471/1549
f 1662/2472/1550 1664/2470/1550 1665/2473/1550
f 1667/2474/1551 1671/2475/1551 1673/2476/1551
f 1668/2477/1552 1671/2478/1552 1670/2479/1552
f 1669/2480/1553 1671/2478/1553 1672/2481/1553
f 1674/2482/1554 1678/2483/1554 1680/2484/1554
f 1675/2485/1555 1678/2486/1555 1677/2487/1555
f 1676/2488/1556 1678/2486/1556 1679/2489/1556
f 1681/2490/1557 1685/2491/1557 1687/2492/1557
f 1682/2493/1558 1685/2494/1558 1684/2495/1558
f 1683/2496/1559 1685/2494/1559 1686/2497/1559
f 1688/2498/1560 1692/2499/1560 1694/2500/1560
f 1689/2501/1561 1692/2502/1561 1691/2503/1561
f 1690/2504/1562 1692/2502/1562 1693/2505/1562
f 1695/2506/1563 1699/2507/1563 1701/2508/1563
f 1696/2509/1564 1699/2510/1564 1698/2511/1564
f 1697/2512/1565 1699/2513/1565 1700/2514/1565
f 1702/2515/1566 1706/2516/1566 1708/2517/1566
f 1703/2518/1567 1706/2519/1567 1705/2520/1567
f 1704/2521/1568 1706/2522/1568 1707/2523/1568
f 1626/2427/1569 1617/2524/1569 1613/2414/1569
f 1617/2410/1570 1625/2424/1570 1611/2408/1570
f 1619/2419/1571 1638/2525/1571 1634/2439/1571
f 1621/2526/1572 1632/2433/1572 1638/2435/1572
f 1612/2411/1573 1623/2423/1573 1616/2415/1573
f 1623/2423/1574 1613/2414/1574 1616/2415/1574
f 1627/2430/1575 1637/2527/1575 1633/2436/1575
f 1637/2441/1576 1626/2427/1576 1634/2439/1576
f 1627/2430/1577 1642/2447/1577 1631/2528/1577
f 1642/2529/1578 1625/2424/1578 1631/2426/1578
f 1633/2436/1579 1652/2530/1579 1648/2456/1579
f 1635/2531/1580 1646/2450/1580 1652/2452/1580
f 1641/2448/1581 1651/2457/1581 1647/2453/1581
f 1644/2449/1582 1648/2456/1582 1651/2457/1582
f 1654/2532/1583 1645/2533/1583 1641/2448/1583
f 1656/2534/1584 1639/2442/1584 1645/2444/1584
f 1662/2535/1585 1649/2455/1585 1666/2536/1585
f 1666/2468/1586 1646/2450/1586 1660/2466/1586
f 1661/2469/1587 1658/2465/1587 1665/2473/1587
f 1665/2473/1588 1654/2461/1588 1662/2472/1588
f 1655/2464/1589 1670/2479/1589 1659/2537/1589
f 1659/2460/1590 1667/2474/1590 1653/2458/1590
f 1676/2488/1591 1663/2471/1591 1680/2538/1591
f 1663/2539/1592 1674/2482/1592 1680/2484/1592
f 1669/2480/1593 1679/2489/1593 1675/2485/1593
f 1672/2481/1594 1676/2488/1594 1679/2489/1594
f 1669/2540/1595 1684/2495/1595 1673/2541/1595
f 1673/2476/1596 1681/2490/1596 1667/2474/1596
f 1675/2542/1597 1694/2543/1597 1690/2504/1597
f 1677/2544/1598 1688/2498/1598 1694/2500/1598
f 1689/2501/1599 1686/2497/1599 1693/2505/1599
f 1693/2505/1600 1682/2493/1600 1690/2504/1600
f 1696/2509/1601 1687/2545/1601 1683/2496/1601
f 1698/2546/1602 1681/2490/1602 1687/2492/1602
f 1704/2521/1603 1691/2503/1603 1708/2547/1603
f 1691/2548/1604 1702/2515/1604 1708/2517/1604
f 1703/2518/1605 1700/2514/1605 1707/2549/1605
f 1707/2523/1606 1696/2509/1606 1704/2521/1606
f 1697/2512/1607 1614/2413/1607 1701/2550/1607
f 1614/2551/1608 1695/2506/1608 1701/2508/1608
f 1703/2518/1609 1624/2552/1609 1620/2422/1609
f 1705/2553/1610 1618/2416/1610 1624/2418/1610
f 1681/2490/1611 1695/2506/1611 1625/2424/1611
f 1613/2414/1612 1634/2439/1612 1626/2427/1612
f 1703/2518/1613 1612/2411/1613 1697/2512/1613
f 1660/2466/1614 1646/2450/1614 1618/2416/1614
f 1633/2436/1615 1640/2445/1615 1627/2430/1615
f 1647/2453/1616 1654/2532/1616 1641/2448/1616
f 1655/2464/1617 1676/2488/1617 1668/2477/1617
f 1675/2542/1618 1682/2493/1618 1669/2540/1618
f 1689/2501/1619 1696/2509/1619 1683/2496/1619
f 1/1/1620 4/5/1620 5/2/1620
f 2/4/1621 6/6/1621 5/2/1621
f 7/3/1622 5/2/1622 6/6/1622
f 8/8/1623 11/12/1623 12/9/1623
f 9/11/1624 13/13/1624 12/9/1624
f 14/10/1625 12/9/1625 13/13/1625
f 15/15/1626 18/19/1626 19/16/1626
f 20/18/1627 19/16/1627 18/19/1627
f 17/21/1628 21/17/1628 19/16/1628
f 22/22/1629 25/26/1629 26/23/1629
f 23/25/1630 27/27/1630 26/23/1630
f 28/24/1631 26/23/1631 27/27/1631
f 29/29/1632 32/33/1632 33/30/1632
f 34/32/1633 33/30/1633 32/33/1633
f 31/35/1634 35/31/1634 33/30/1634
f 36/36/1635 39/40/1635 40/37/1635
f 37/39/1636 41/41/1636 40/37/1636
f 42/38/1637 40/37/1637 41/41/1637
f 43/43/1638 46/47/1638 47/44/1638
f 44/46/1639 48/48/1639 47/44/1639
f 49/45/1640 47/44/1640 48/48/1640
f 50/50/1641 53/54/1641 54/51/1641
f 55/53/1642 54/51/1642 53/54/1642
f 52/56/1643 56/52/1643 54/51/1643
f 1/1/25 7/3/25 18/19/25
f 7/3/26 3/7/26 16/20/26
f 2/57/27 8/2554/27 14/58/27
f 14/60/28 10/81/28 3/61/28
f 22/22/29 28/24/29 13/13/29
f 28/24/30 24/28/30 10/14/30
f 17/63/31 20/2555/31 27/64/31
f 20/66/32 16/82/32 24/67/32
f 43/43/1644 15/15/1644 21/17/1644
f 46/47/34 21/17/34 17/21/34
f 50/50/35 56/52/35 25/26/35
f 25/26/36 56/52/36 52/56/36
f 51/69/37 45/84/37 48/70/37
f 55/72/1645 48/2556/1645 44/73/1645
f 43/43/39 49/45/39 32/33/39
f 49/45/40 45/49/40 30/34/40
f 36/36/41 42/38/41 53/54/41
f 42/38/42 38/42/42 51/55/42
f 31/75/43 34/2557/43 41/76/43
f 34/78/44 30/83/44 38/79/44
f 1/1/45 29/29/45 35/31/45
f 35/31/46 31/35/46 2/4/46
f 9/11/47 11/12/47 39/40/47
f 11/12/48 8/8/48 37/39/48
f 15/15/49 43/43/49 29/29/49
f 10/81/50 24/67/50 16/82/50
f 37/77/51 8/2554/51 2/57/51
f 22/22/52 9/11/52 36/36/52
f 23/65/53 52/74/53 44/73/53
f 51/69/54 38/79/54 30/83/54
f 57/85/1646 60/89/1646 61/86/1646
f 58/88/1647 62/90/1647 61/86/1647
f 63/87/1648 61/86/1648 62/90/1648
f 64/92/1649 67/96/1649 68/93/1649
f 65/95/1650 69/97/1650 68/93/1650
f 70/94/1651 68/93/1651 69/97/1651
f 71/99/1652 74/103/1652 75/100/1652
f 76/102/1653 75/100/1653 74/103/1653
f 73/105/1654 77/101/1654 75/100/1654
f 78/106/1655 81/110/1655 82/107/1655
f 79/109/1656 83/111/1656 82/107/1656
f 84/108/1657 82/107/1657 83/111/1657
f 85/113/1658 88/117/1658 89/114/1658
f 90/116/1659 89/114/1659 88/117/1659
f 87/119/1660 91/115/1660 89/114/1660
f 92/120/1661 95/124/1661 96/121/1661
f 93/123/1662 97/125/1662 96/121/1662
f 98/122/1663 96/121/1663 97/125/1663
f 99/127/1664 102/131/1664 103/128/1664
f 100/130/1665 104/132/1665 103/128/1665
f 105/129/1666 103/128/1666 104/132/1666
f 106/134/1667 109/138/1667 110/135/1667
f 111/137/1668 110/135/1668 109/138/1668
f 108/140/1669 112/136/1669 110/135/1669
f 71/141/79 57/163/79 63/142/79
f 74/143/80 63/142/80 59/144/80
f 64/92/81 70/94/81 62/90/81
f 62/90/1670 70/94/1670 66/98/1670
f 65/146/83 78/166/83 84/147/83
f 84/149/84 80/2558/84 66/150/84
f 73/105/85 76/102/85 83/111/85
f 76/102/86 72/104/86 80/112/86
f 99/127/87 71/99/87 77/101/87
f 102/131/1671 77/101/1671 73/105/1671
f 106/134/1672 112/136/1672 81/110/1672
f 112/136/90 108/140/90 79/109/90
f 101/133/91 104/132/91 111/137/91
f 111/137/92 104/132/92 100/130/92
f 99/152/93 105/2559/93 88/153/93
f 105/155/94 101/168/94 86/156/94
f 92/158/95 98/2560/95 109/159/95
f 109/159/96 98/2560/96 94/161/96
f 87/119/97 90/116/97 97/125/97
f 90/116/98 86/118/98 94/126/98
f 85/113/1673 91/115/1673 60/89/1673
f 91/115/100 87/119/100 58/88/100
f 65/95/1674 67/96/1674 95/124/1674
f 67/96/1675 64/92/1675 93/123/1675
f 99/152/103 85/154/103 57/163/103
f 66/150/104 80/2558/104 72/164/104
f 93/123/105 64/92/105 58/88/105
f 78/166/106 65/146/106 92/158/106
f 79/109/107 108/140/107 100/130/107
f 107/167/108 94/2561/108 86/156/108
f 113/169/1676 116/173/1676 117/170/1676
f 114/172/1677 118/174/1677 117/170/1677
f 119/171/1678 117/170/1678 118/174/1678
f 120/176/1679 123/180/1679 124/177/1679
f 121/179/1680 125/181/1680 124/177/1680
f 126/178/1681 124/177/1681 125/181/1681
f 127/183/1682 130/187/1682 131/184/1682
f 132/186/1683 131/184/1683 130/187/1683
f 129/189/1684 133/185/1684 131/184/1684
f 134/190/1685 137/194/1685 138/191/1685
f 135/193/1686 139/195/1686 138/191/1686
f 140/192/1687 138/191/1687 139/195/1687
f 141/197/1688 144/201/1688 145/198/1688
f 146/200/1689 145/198/1689 144/201/1689
f 143/203/1690 147/199/1690 145/198/1690
f 148/204/1691 151/208/1691 152/205/1691
f 149/207/1692 153/209/1692 152/205/1692
f 154/206/1693 152/205/1693 153/209/1693
f 155/211/1694 158/215/1694 159/212/1694
f 156/214/1695 160/216/1695 159/212/1695
f 161/213/1696 159/212/1696 160/216/1696
f 162/218/1697 165/222/1697 166/219/1697
f 167/221/1698 166/219/1698 165/222/1698
f 164/224/1699 168/220/1699 166/219/1699
f 113/225/133 119/228/133 130/226/133
f 119/228/1700 115/2562/1700 128/229/1700
f 114/172/135 120/176/135 126/178/135
f 126/178/136 122/182/136 115/175/136
f 134/230/137 140/2563/137 125/231/137
f 140/233/1701 136/248/1701 122/234/1701
f 129/189/139 132/186/139 139/195/139
f 132/186/140 128/188/140 136/196/140
f 155/211/1702 127/183/1702 133/185/1702
f 158/215/142 133/185/142 129/189/142
f 134/190/1703 162/218/1703 168/220/1703
f 168/220/144 164/224/144 135/193/144
f 157/217/145 160/216/145 167/221/145
f 160/216/146 156/214/146 164/224/146
f 155/236/147 161/2564/147 144/237/147
f 144/239/148 161/2565/148 157/240/148
f 148/242/149 154/245/149 165/243/149
f 154/245/150 150/2566/150 163/246/150
f 149/207/151 143/203/151 146/200/151
f 153/209/152 146/200/152 142/202/152
f 141/197/153 147/199/153 116/173/153
f 116/173/154 147/199/154 143/203/154
f 148/204/155 121/179/155 123/180/155
f 123/180/156 120/176/156 149/207/156
f 127/227/157 155/236/157 141/238/157
f 115/247/158 122/234/158 136/248/158
f 149/207/159 120/176/159 114/172/159
f 134/230/160 121/232/160 148/242/160
f 135/193/161 164/224/161 156/214/161
f 163/250/162 150/2567/162 142/241/162
f 169/251/1704 172/328/1704 173/252/1704
f 174/254/1705 173/258/1705 172/255/1705
f 171/257/1706 175/314/1706 173/258/1706
f 179/259/1707 180/263/1707 182/260/1707
f 177/262/1708 181/265/1708 180/263/1708
f 178/264/1709 182/260/1709 180/263/1709
f 183/266/1710 186/313/1710 187/267/1710
f 184/269/1711 188/273/1711 187/270/1711
f 189/272/1712 187/270/1712 188/273/1712
f 190/275/1713 193/279/1713 194/276/1713
f 195/278/1714 194/276/1714 193/279/1714
f 192/281/1715 196/277/1715 194/276/1715
f 197/282/1716 200/286/1716 201/283/1716
f 198/285/1717 202/287/1717 201/283/1717
f 203/284/1718 201/283/1718 202/287/1718
f 204/289/1719 207/333/1719 208/290/1719
f 209/292/1720 208/296/1720 207/293/1720
f 206/295/1721 210/326/1721 208/296/1721
f 211/297/1722 214/301/1722 215/298/1722
f 216/300/1723 215/298/1723 214/301/1723
f 213/303/1724 217/299/1724 215/298/1724
f 218/304/1725 221/325/1725 222/305/1725
f 219/307/1726 223/311/1726 222/308/1726
f 224/310/1727 222/308/1727 223/311/1727
f 169/251/187 175/253/187 186/313/187
f 175/314/188 171/257/188 184/269/188
f 176/261/189 182/260/189 174/254/189
f 182/260/190 178/264/190 171/257/190
f 190/275/1728 196/277/1728 181/265/1728
f 181/265/192 196/277/192 192/281/192
f 185/274/1729 188/273/1729 195/278/1729
f 188/273/194 184/269/194 192/281/194
f 183/266/195 189/268/195 214/315/195
f 214/317/196 189/2568/196 185/318/196
f 218/304/197 224/306/197 193/320/197
f 224/322/198 220/2569/198 191/323/198
f 219/307/199 213/303/199 216/300/199
f 216/300/200 212/302/200 220/312/200
f 197/282/201 211/297/201 217/299/201
f 200/286/202 217/299/202 213/303/202
f 204/289/203 210/291/203 221/325/203
f 210/326/204 206/295/204 219/307/204
f 205/294/1730 199/288/1730 202/287/1730
f 202/287/206 198/285/206 206/295/206
f 197/327/207 203/2570/207 172/328/207
f 172/329/208 203/2571/208 199/330/208
f 177/332/1731 179/2572/1731 207/333/1731
f 207/334/210 179/2573/210 176/335/210
f 211/316/211 197/327/211 169/251/211
f 178/264/212 192/281/212 184/269/212
f 205/336/213 176/335/213 170/331/213
f 218/304/214 190/321/214 177/332/214
f 191/323/215 220/2569/215 212/319/215
f 219/307/216 206/295/216 198/285/216
f 225/337/1732 228/420/1732 229/338/1732
f 226/340/1733 230/405/1733 229/341/1733
f 231/339/1734 229/338/1734 230/343/1734
f 232/345/1735 235/422/1735 236/346/1735
f 233/348/1736 237/407/1736 236/349/1736
f 238/347/1737 236/346/1737 237/351/1737
f 239/353/1738 242/357/1738 243/354/1738
f 244/356/1739 243/354/1739 242/357/1739
f 241/359/1740 245/412/1740 243/360/1740
f 246/362/1741 249/413/1741 250/363/1741
f 247/365/1742 251/369/1742 250/366/1742
f 252/368/1743 250/366/1743 251/369/1743
f 253/371/1744 256/416/1744 257/372/1744
f 258/374/1745 257/378/1745 256/375/1745
f 255/377/1746 259/2574/1746 257/378/1746
f 260/379/1747 263/421/1747 264/380/1747
f 261/382/1748 265/418/1748 264/383/1748
f 266/381/1749 264/380/1749 265/385/1749
f 267/387/1750 270/411/1750 271/388/1750
f 268/390/1751 272/394/1751 271/391/1751
f 273/393/1752 271/391/1752 272/394/1752
f 274/396/1753 277/400/1753 278/397/1753
f 279/399/1754 278/397/1754 277/400/1754
f 276/402/1755 280/414/1755 278/403/1755
f 225/337/1756 231/339/1756 242/357/1756
f 231/339/242 227/344/242 240/358/242
f 226/340/243 232/345/243 238/347/243
f 230/405/244 238/347/244 234/352/244
f 246/362/245 252/364/245 237/407/245
f 237/407/246 252/364/246 248/408/246
f 247/365/247 241/359/247 244/361/247
f 251/369/1757 244/361/1757 240/410/1757
f 267/387/1758 239/353/1758 245/355/1758
f 245/412/1759 241/359/1759 268/390/1759
f 246/362/1760 274/396/1760 280/398/1760
f 280/414/252 276/402/252 247/365/252
f 269/395/253 272/394/253 279/404/253
f 279/404/254 272/394/254 268/390/254
f 267/387/255 273/389/255 256/416/255
f 273/389/256 269/2575/256 254/417/256
f 274/396/257 260/379/257 266/381/257
f 266/381/1761 262/386/1761 275/401/1761
f 255/377/259 258/374/259 265/418/259
f 265/418/1762 258/374/1762 254/376/1762
f 253/371/1763 259/373/1763 228/420/1763
f 228/342/1764 259/2574/1764 255/377/1764
f 260/379/263 233/348/263 235/350/263
f 235/422/264 232/345/264 261/382/264
f 239/353/265 267/387/265 253/371/265
f 234/423/266 248/2576/266 240/424/266
f 261/382/267 232/345/267 226/340/267
f 246/362/268 233/348/268 260/379/268
f 247/365/269 276/402/269 268/390/269
f 269/426/270 275/2577/270 262/427/270
f 281/429/1765 284/509/1765 285/430/1765
f 282/432/1766 286/497/1766 285/433/1766
f 287/431/1767 285/430/1767 286/435/1767
f 288/437/1768 291/2578/1768 292/438/1768
f 289/440/1769 293/499/1769 292/441/1769
f 294/439/1770 292/438/1770 293/443/1770
f 295/445/1771 298/449/1771 299/446/1771
f 300/448/1772 299/446/1772 298/449/1772
f 297/451/1773 301/2579/1773 299/452/1773
f 302/454/1774 305/503/1774 306/455/1774
f 303/457/1775 307/461/1775 306/458/1775
f 308/460/1776 306/458/1776 307/461/1776
f 309/463/1777 312/505/1777 313/464/1777
f 314/466/1778 313/470/1778 312/467/1778
f 311/469/1779 315/510/1779 313/470/1779
f 316/471/1780 319/511/1780 320/472/1780
f 317/474/1781 321/507/1781 320/475/1781
f 322/473/1782 320/472/1782 321/477/1782
f 323/479/1783 326/502/1783 327/480/1783
f 324/482/1784 328/486/1784 327/483/1784
f 329/485/1785 327/483/1785 328/486/1785
f 330/488/1786 333/492/1786 334/489/1786
f 335/491/1787 334/489/1787 333/492/1787
f 332/494/1788 336/2580/1788 334/495/1788
f 281/429/295 287/431/295 298/449/295
f 298/449/296 287/431/296 283/436/296
f 282/432/297 288/437/297 294/439/297
f 294/439/298 290/444/298 283/498/298
f 302/454/299 308/456/299 293/499/299
f 293/499/1789 308/456/1789 304/500/1789
f 297/451/301 300/453/301 307/461/301
f 300/453/302 296/2581/302 304/462/302
f 323/479/1790 295/445/1790 301/447/1790
f 326/484/1791 301/2579/1791 297/451/1791
f 302/454/1792 330/488/1792 336/490/1792
f 305/459/1793 336/2580/1793 332/494/1793
f 325/487/1794 328/486/1794 335/496/1794
f 335/496/308 328/486/308 324/482/308
f 309/463/309 323/479/309 329/481/309
f 329/481/310 325/2582/310 310/506/310
f 330/488/311 316/471/311 322/473/311
f 333/492/1795 322/473/1795 318/478/1795
f 311/469/313 314/466/313 321/507/313
f 314/466/314 310/468/314 318/508/314
f 281/429/315 309/463/315 315/465/315
f 315/510/316 311/469/316 282/432/316
f 316/471/1796 289/440/1796 291/442/1796
f 319/476/1797 291/2578/1797 288/437/1797
f 295/445/319 323/479/319 309/463/319
f 290/512/320 304/2583/320 296/513/320
f 317/474/321 288/437/321 282/432/321
f 302/454/322 289/440/322 316/471/322
f 303/457/323 332/494/323 324/482/323
f 325/515/324 331/2584/324 318/516/324
f 343/518/1798 346/556/1798 347/519/1798
f 348/521/1799 347/2585/1799 346/522/1799
f 349/524/1800 347/2586/1800 348/525/1800
f 350/527/1801 353/565/1801 354/528/1801
f 355/530/1802 354/2587/1802 353/531/1802
f 356/533/1803 354/2588/1803 355/534/1803
f 393/536/1804 396/613/1804 397/537/1804
f 398/539/1805 397/2589/1805 396/540/1805
f 399/542/1806 397/2590/1806 398/543/1806
f 400/545/1807 403/616/1807 404/546/1807
f 405/548/1808 404/2591/1808 403/549/1808
f 406/551/1809 404/2592/1809 405/552/1809
f 344/523/337 346/522/337 339/554/337
f 346/556/338 343/518/338 337/557/338
f 352/535/339 341/615/339 342/559/339
f 356/529/340 342/617/340 340/560/340
f 345/526/341 348/525/341 355/530/341
f 355/534/342 348/521/342 344/523/342
f 345/526/343 358/569/343 359/561/343
f 349/520/1810 359/571/1810 357/562/1810
f 351/532/345 353/531/345 362/563/345
f 353/565/346 350/527/346 360/566/346
f 364/568/347 365/2593/347 359/561/347
f 365/570/348 363/580/348 357/562/348
f 361/564/349 362/563/349 368/572/349
f 362/567/350 360/566/350 366/574/350
f 370/576/351 371/587/351 365/577/351
f 365/570/352 371/588/352 369/579/352
f 373/581/353 367/2594/353 368/582/353
f 368/575/354 366/574/354 372/584/354
f 376/586/355 377/595/355 371/587/355
f 371/588/1811 377/596/1811 375/589/1811
f 373/581/357 374/583/357 380/590/357
f 380/592/358 374/585/358 372/584/358
f 376/586/359 382/618/359 383/594/359
f 377/596/360 383/606/360 381/597/360
f 385/598/361 379/591/361 380/590/361
f 380/592/362 378/593/362 384/600/362
f 388/602/363 389/612/363 383/603/363
f 389/605/364 387/614/364 381/597/364
f 391/607/1812 385/2595/1812 386/608/1812
f 392/610/366 386/601/366 384/600/366
f 394/541/367 396/540/367 389/612/367
f 396/613/368 393/536/368 387/614/368
f 402/553/369 391/607/369 392/609/369
f 406/547/370 392/610/370 390/611/370
f 395/544/371 398/543/371 405/548/371
f 405/552/372 398/539/372 394/541/372
f 395/544/373 338/555/373 339/554/373
f 399/538/374 339/558/374 337/557/374
f 401/550/375 403/549/375 342/559/375
f 403/616/376 400/545/376 340/560/376
f 393/536/377 337/557/377 343/518/377
f 343/518/377 357/562/377 363/580/377
f 363/580/377 369/579/377 343/518/377
f 369/579/377 375/589/377 343/518/377
f 375/589/377 381/597/377 387/614/377
f 387/614/377 393/536/377 343/518/377
f 341/615/378 352/535/378 344/523/378
f 401/550/379 341/615/379 338/555/379
f 360/566/380 350/527/380 340/560/380
f 340/560/380 400/545/380 390/611/380
f 390/611/380 384/600/380 340/560/380
f 384/600/380 378/593/380 340/560/380
f 378/593/380 372/584/380 366/574/380
f 366/574/380 360/566/380 340/560/380
f 351/532/381 361/564/381 358/569/381
f 361/564/382 367/573/382 364/568/382
f 364/578/383 367/2594/383 373/581/383
f 370/576/384 373/581/384 379/591/384
f 376/586/385 379/591/385 385/598/385
f 382/604/386 385/2595/386 391/607/386
f 391/607/387 402/553/387 394/541/387
f 413/619/1813 416/657/1813 417/620/1813
f 418/622/1814 417/2596/1814 416/623/1814
f 419/625/1815 417/2597/1815 418/626/1815
f 420/628/1816 423/666/1816 424/629/1816
f 425/631/1817 424/2598/1817 423/632/1817
f 426/634/1818 424/2599/1818 425/635/1818
f 463/637/1819 466/714/1819 467/638/1819
f 468/640/1820 467/2600/1820 466/641/1820
f 469/643/1821 467/2601/1821 468/644/1821
f 470/646/1822 473/717/1822 474/647/1822
f 475/649/1823 474/2602/1823 473/650/1823
f 476/652/1824 474/2603/1824 475/653/1824
f 414/624/400 416/623/400 409/655/400
f 416/657/1825 413/619/1825 407/658/1825
f 422/636/402 411/716/402 412/660/402
f 426/630/403 412/718/403 410/661/403
f 415/627/404 418/626/404 425/631/404
f 418/622/405 414/624/405 422/636/405
f 415/627/406 428/669/406 429/662/406
f 419/621/407 429/672/407 427/663/407
f 421/633/408 423/632/408 432/664/408
f 423/666/409 420/628/409 430/667/409
f 428/669/410 434/719/410 435/670/410
f 435/671/411 433/681/411 427/663/411
f 431/665/412 432/664/412 438/673/412
f 432/668/413 430/667/413 436/675/413
f 434/677/1826 440/688/1826 441/678/1826
f 441/680/415 439/690/415 433/681/415
f 437/682/416 438/2604/416 444/683/416
f 438/676/417 436/675/417 442/685/417
f 446/687/418 447/696/418 441/678/418
f 447/689/419 445/698/419 439/690/419
f 443/684/420 444/683/420 450/691/420
f 450/693/421 444/686/421 442/685/421
f 452/695/422 453/2605/422 447/696/422
f 447/689/1827 453/706/1827 451/697/1827
f 449/692/424 450/691/424 456/699/424
f 450/693/425 448/694/425 454/701/425
f 458/703/426 459/713/426 453/704/426
f 453/706/427 459/715/427 457/707/427
f 455/708/428 456/2606/428 462/709/428
f 462/711/429 456/702/429 454/701/429
f 464/642/430 466/641/430 459/713/430
f 466/714/431 463/637/431 457/707/431
f 472/654/1828 461/710/1828 462/709/1828
f 476/648/433 462/711/433 460/712/433
f 465/645/434 468/644/434 475/649/434
f 468/640/435 464/642/435 472/654/435
f 465/645/436 408/656/436 409/655/436
f 469/639/1829 409/659/1829 407/658/1829
f 471/651/438 473/650/438 412/660/438
f 473/717/439 470/646/439 410/661/439
f 463/637/440 407/658/440 413/619/440
f 413/619/440 427/663/440 433/681/440
f 433/681/440 439/690/440 445/698/440
f 445/698/440 451/697/440 457/707/440
f 457/707/440 463/637/440 413/619/440
f 413/619/440 433/681/440 457/707/440
f 411/716/441 422/636/441 414/624/441
f 465/645/442 471/651/442 411/716/442
f 430/667/443 420/628/443 436/675/443
f 420/628/443 410/661/443 436/675/443
f 410/661/443 470/646/443 460/712/443
f 460/712/443 454/701/443 448/694/443
f 448/694/443 442/685/443 436/675/443
f 410/661/443 460/712/443 448/694/443
f 421/633/444 431/665/444 428/669/444
f 431/665/445 437/674/445 434/719/445
f 437/682/446 443/684/446 440/688/446
f 443/684/447 449/692/447 446/687/447
f 449/692/448 455/700/448 452/695/448
f 455/708/449 461/710/449 458/703/449
f 461/710/450 472/654/450 464/642/450
f 533/802/1862 536/947/1862 537/803/1862
f 534/805/1863 538/809/1863 537/806/1863
f 535/808/1864 539/918/1864 537/806/1864
f 540/810/1865 543/921/1865 544/811/1865
f 541/813/1866 545/817/1866 544/814/1866
f 542/816/1867 546/948/1867 544/814/1867
f 547/818/1868 550/919/1868 551/819/1868
f 548/821/1869 552/923/1869 551/822/1869
f 549/824/1870 553/924/1870 551/825/1870
f 554/827/1871 557/926/1871 558/828/1871
f 555/830/1872 559/922/1872 558/831/1872
f 556/833/1873 560/920/1873 558/834/1873
f 561/836/1874 564/2613/1874 565/837/1874
f 562/839/1875 566/843/1875 565/840/1875
f 563/842/1876 567/928/1876 565/840/1876
f 568/844/1877 571/931/1877 572/845/1877
f 569/847/1878 573/851/1878 572/848/1878
f 570/850/1879 574/925/1879 572/848/1879
f 575/852/1880 578/2614/1880 579/853/1880
f 576/855/1881 580/859/1881 579/856/1881
f 577/858/1882 581/932/1882 579/856/1882
f 582/860/1883 585/935/1883 586/861/1883
f 583/863/1884 587/867/1884 586/864/1884
f 584/866/1885 588/2615/1885 586/864/1885
f 589/868/1886 592/933/1886 593/869/1886
f 590/871/1887 594/875/1887 593/872/1887
f 591/874/1888 595/2616/1888 593/872/1888
f 596/876/1889 599/2617/1889 600/877/1889
f 597/879/1890 601/883/1890 600/880/1890
f 598/882/1891 602/934/1891 600/880/1891
f 603/884/1892 606/938/1892 607/885/1892
f 604/887/1893 608/891/1893 607/888/1893
f 605/890/1894 609/941/1894 607/888/1894
f 610/892/1895 613/943/1895 614/893/1895
f 611/895/1896 615/899/1896 614/896/1896
f 612/898/1897 616/940/1897 614/896/1897
f 617/900/1898 620/2618/1898 621/901/1898
f 618/903/1899 622/945/1899 621/904/1899
f 619/906/1900 623/946/1900 621/907/1900
f 624/909/1901 627/949/1901 628/910/1901
f 625/912/1902 629/944/1902 628/913/1902
f 626/915/1903 630/942/1903 628/916/1903
f 548/821/547 550/823/547 539/918/547
f 550/919/548 547/818/548 533/802/548
f 541/813/549 543/815/549 560/920/549
f 543/921/550 540/810/550 554/827/550
f 534/805/551 542/816/551 545/817/551
f 545/817/1904 541/813/1904 535/808/1904
f 555/830/1905 549/824/1905 552/826/1905
f 552/923/554 548/821/554 556/833/554
f 549/824/555 562/839/555 564/841/555
f 553/820/556 564/2613/556 561/836/556
f 570/850/557 555/830/557 557/832/557
f 557/926/1906 554/827/1906 568/844/1906
f 563/842/559 566/843/559 573/851/559
f 566/843/560 562/839/560 570/850/560
f 576/927/1907 578/2619/1907 567/928/1907
f 567/838/562 578/2614/562 575/852/562
f 569/847/563 571/849/563 588/929/563
f 571/931/1908 568/844/1908 582/860/1908
f 577/858/1909 580/859/1909 587/867/1909
f 580/859/566 576/855/566 584/866/566
f 590/871/567 592/873/567 581/932/567
f 592/933/568 589/868/568 575/852/568
f 598/882/569 583/863/569 585/865/569
f 585/935/570 582/860/570 596/876/570
f 591/874/571 594/875/571 601/883/571
f 601/883/572 594/875/572 590/871/572
f 591/936/573 604/887/573 606/889/573
f 606/938/574 603/884/574 589/868/574
f 612/898/575 597/950/575 599/939/575
f 616/894/576 599/2617/576 596/876/576
f 605/890/577 608/891/577 615/899/577
f 615/899/578 608/891/578 604/887/578
f 605/890/579 618/903/579 620/905/579
f 609/886/580 620/2618/580 617/900/580
f 611/895/581 613/897/581 630/942/581
f 613/943/582 610/892/582 624/909/582
f 619/906/583 622/908/583 629/944/583
f 622/945/584 618/903/584 626/915/584
f 534/805/585 536/807/585 623/946/585
f 536/947/586 533/802/586 617/900/586
f 542/816/587 625/912/587 627/914/587
f 627/949/588 624/909/588 540/810/588
f 617/900/589 533/802/589 603/884/589
f 533/802/589 547/818/589 603/884/589
f 547/818/589 561/836/589 603/884/589
f 561/836/589 575/852/589 603/884/589
f 541/813/590 556/833/590 548/821/590
f 619/906/591 625/912/591 542/816/591
f 568/844/592 554/827/592 540/810/592
f 540/810/592 624/909/592 610/892/592
f 610/892/592 596/876/592 582/860/592
f 582/860/592 568/844/592 610/892/592
f 555/830/593 570/850/593 562/839/593
f 569/847/594 584/930/594 576/927/594
f 583/863/595 598/882/595 590/871/595
f 597/950/596 612/898/596 604/887/596
f 605/890/597 611/895/597 626/915/597
f 631/951/1910 634/1091/1910 635/952/1910
f 632/954/1911 636/958/1911 635/955/1911
f 633/957/1912 637/1067/1912 635/955/1912
f 638/959/1913 641/2620/1913 642/960/1913
f 639/962/1914 643/966/1914 642/963/1914
f 640/965/1915 644/1092/1915 642/963/1915
f 645/967/1916 648/2621/1916 649/968/1916
f 646/970/1917 650/1070/1917 649/971/1917
f 647/973/1918 651/1071/1918 649/974/1918
f 652/976/1919 655/2622/1919 656/977/1919
f 653/979/1920 657/1069/1920 656/980/1920
f 654/982/1921 658/1068/1921 656/983/1921
f 659/985/1922 662/1072/1922 663/986/1922
f 660/988/1923 664/992/1923 663/989/1923
f 661/991/1924 665/1075/1924 663/989/1924
f 666/993/1925 669/2623/1925 670/994/1925
f 667/996/1926 671/1000/1926 670/997/1926
f 668/999/1927 672/1073/1927 670/997/1927
f 673/1001/1928 676/2624/1928 677/1002/1928
f 674/1004/1929 678/1008/1929 677/1005/1929
f 675/1007/1930 679/1078/1930 677/1005/1930
f 680/1009/1931 683/1081/1931 684/1010/1931
f 681/1012/1932 685/1016/1932 684/1013/1932
f 682/1015/1933 686/2625/1933 684/1013/1933
f 687/1017/1934 690/1079/1934 691/1018/1934
f 688/1020/1935 692/1024/1935 691/1021/1935
f 689/1023/1936 693/2626/1936 691/1021/1936
f 694/1025/1937 697/2627/1937 698/1026/1937
f 695/1028/1938 699/1032/1938 698/1029/1938
f 696/1031/1939 700/1080/1939 698/1029/1939
f 701/1033/1940 704/1084/1940 705/1034/1940
f 702/1036/1941 706/1040/1941 705/1037/1941
f 703/1039/1942 707/1087/1942 705/1037/1942
f 708/1041/1943 711/2628/1943 712/1042/1943
f 709/1044/1944 713/1048/1944 712/1045/1944
f 710/1047/1945 714/1086/1945 712/1045/1945
f 715/1049/1946 718/2629/1946 719/1050/1946
f 716/1052/1947 720/2630/1947 719/1053/1947
f 717/1055/1948 721/1090/1948 719/1056/1948
f 722/1058/1949 725/2631/1949 726/1059/1949
f 723/1061/1950 727/1089/1950 726/1062/1950
f 724/1064/1951 728/1088/1951 726/1065/1951
f 646/970/640 648/972/640 637/1067/640
f 637/953/641 648/2621/641 645/967/641
f 654/982/642 639/962/642 641/964/642
f 658/978/643 641/2620/643 638/959/643
f 640/965/1952 643/966/1952 636/958/1952
f 636/958/645 643/966/645 639/962/645
f 653/979/1953 647/973/1953 650/975/1953
f 650/1070/647 646/970/647 654/982/647
f 660/988/648 662/990/648 651/1071/648
f 662/1072/649 659/985/649 645/967/649
f 653/979/650 655/981/650 672/1073/650
f 672/995/651 655/2622/651 652/976/651
f 661/991/652 664/992/652 671/1000/652
f 664/992/653 660/988/653 668/999/653
f 674/1074/654 676/2632/654 665/1075/654
f 665/987/655 676/2624/655 673/1001/655
f 667/996/656 669/998/656 686/1076/656
f 686/1011/657 669/2623/657 666/993/657
f 675/1007/658 678/1008/658 685/1016/658
f 685/1016/659 678/1008/659 674/1004/659
f 688/1020/660 690/1022/660 679/1078/660
f 690/1079/661 687/1017/661 673/1001/661
f 681/1012/1954 683/1014/1954 700/1080/1954
f 683/1081/663 680/1009/663 694/1025/663
f 695/1028/1955 689/1023/1955 692/1024/1955
f 699/1032/1956 692/1024/1956 688/1020/1956
f 702/1036/666 704/1038/666 693/1082/666
f 704/1084/667 701/1033/667 687/1017/667
f 695/1085/1957 697/2633/1957 714/1086/1957
f 714/1043/669 697/2627/669 694/1025/669
f 703/1039/670 706/1040/670 713/1048/670
f 706/1040/671 702/1036/671 710/1047/671
f 703/1039/672 716/1052/672 718/1054/672
f 707/1035/1958 718/2629/1958 715/1049/1958
f 709/1044/674 711/1046/674 728/1088/674
f 728/1060/675 711/2628/675 708/1041/675
f 717/1055/676 720/1057/676 727/1089/676
f 727/1066/1959 720/2630/1959 716/1052/1959
f 632/954/678 634/956/678 721/1090/678
f 634/1091/1960 631/951/1960 715/1049/1960
f 723/1061/680 725/1063/680 644/1092/680
f 644/961/681 725/2631/681 722/1058/681
f 715/1049/682 631/951/682 645/967/682
f 645/967/682 659/985/682 673/1001/682
f 673/1001/682 687/1017/682 701/1033/682
f 701/1033/682 715/1049/682 673/1001/682
f 639/962/683 654/982/683 646/970/683
f 723/1061/684 640/965/684 632/954/684
f 666/993/685 652/976/685 680/1009/685
f 652/976/685 638/959/685 680/1009/685
f 638/959/685 722/1058/685 708/1041/685
f 708/1041/685 694/1025/685 680/1009/685
f 653/979/686 668/999/686 660/988/686
f 667/996/687 682/1077/687 674/1074/687
f 681/1012/688 696/1031/688 688/1020/688
f 695/1085/689 710/1047/689 702/1036/689
f 703/1039/690 709/1044/690 724/1064/690
f 729/1093/1961 732/2634/1961 733/1094/1961
f 730/1096/1962 734/1100/1962 733/1097/1962
f 731/1099/1963 735/1209/1963 733/1097/1963
f 736/1101/1964 739/2635/1964 740/1102/1964
f 737/1104/1965 741/1108/1965 740/1105/1965
f 738/1107/1966 742/1234/1966 740/1105/1966
f 743/1109/1967 746/1210/1967 747/1110/1967
f 744/1112/1968 748/1213/1968 747/1113/1968
f 745/1115/1969 749/1214/1969 747/1116/1969
f 750/1118/1970 753/2636/1970 754/1119/1970
f 751/1121/1971 755/1212/1971 754/1122/1971
f 752/1124/1972 756/1211/1972 754/1125/1972
f 757/1127/1973 760/1215/1973 761/1128/1973
f 758/1130/1974 762/1134/1974 761/1131/1974
f 759/1133/1975 763/1218/1975 761/1131/1975
f 764/1135/1976 767/2637/1976 768/1136/1976
f 765/1138/1977 769/1142/1977 768/1139/1977
f 766/1141/1978 770/1216/1978 768/1139/1978
f 771/1143/1979 774/1219/1979 775/1144/1979
f 772/1146/1980 776/1150/1980 775/1147/1980
f 773/1149/1981 777/1222/1981 775/1147/1981
f 778/1151/1982 781/1225/1982 782/1152/1982
f 779/1154/1983 783/1158/1983 782/1155/1983
f 780/1157/1984 784/2638/1984 782/1155/1984
f 785/1159/1985 788/1223/1985 789/1160/1985
f 786/1162/1986 790/1166/1986 789/1163/1986
f 787/1165/1987 791/2639/1987 789/1163/1987
f 792/1167/1988 795/2640/1988 796/1168/1988
f 793/1170/1989 797/1174/1989 796/1171/1989
f 794/1173/1990 798/1224/1990 796/1171/1990
f 799/1175/1991 802/2641/1991 803/1176/1991
f 800/1178/1992 804/1182/1992 803/1179/1992
f 801/1181/1993 805/1230/1993 803/1179/1993
f 806/1183/1994 809/2642/1994 810/1184/1994
f 807/1186/1995 811/1190/1995 810/1187/1995
f 808/1189/1996 812/1229/1996 810/1187/1996
f 813/1191/1997 816/2643/1997 817/1192/1997
f 814/1194/1998 818/2644/1998 817/1195/1998
f 815/1197/1999 819/1233/1999 817/1198/1999
f 820/1200/2000 823/1235/2000 824/1201/2000
f 821/1203/2001 825/1232/2001 824/1204/2001
f 822/1206/2002 826/1231/2002 824/1207/2002
f 731/1099/733 744/1112/733 746/1114/733
f 746/1210/734 743/1109/734 729/1093/734
f 752/1124/735 737/1104/735 739/1106/735
f 756/1120/736 739/2635/736 736/1101/736
f 738/1107/2003 741/1108/2003 734/1100/2003
f 741/1108/2004 737/1104/2004 731/1099/2004
f 745/1115/739 748/1117/739 755/1212/739
f 748/1213/740 744/1112/740 752/1124/740
f 758/1130/741 760/1132/741 749/1214/741
f 760/1215/742 757/1127/742 743/1109/742
f 766/1141/743 751/1121/743 753/1123/743
f 770/1137/744 753/2636/744 750/1118/744
f 759/1133/745 762/1134/745 769/1142/745
f 769/1142/746 762/1134/746 758/1130/746
f 772/1217/747 774/2645/747 763/1218/747
f 774/1219/2005 771/1143/2005 757/1127/2005
f 780/1220/749 765/1138/749 767/1140/749
f 784/1153/750 767/2637/750 764/1135/750
f 779/1154/751 773/1149/751 776/1150/751
f 783/1158/752 776/1150/752 772/1146/752
f 786/1162/753 788/1164/753 777/1222/753
f 788/1223/754 785/1159/754 771/1143/754
f 779/1154/755 781/1156/755 798/1224/755
f 781/1225/756 778/1151/756 792/1167/756
f 787/1165/757 790/1166/757 797/1174/757
f 790/1166/758 786/1162/758 794/1173/758
f 800/1178/759 802/1180/759 791/1226/759
f 791/1161/2006 802/2641/2006 799/1175/2006
f 793/1228/761 795/2646/761 812/1229/761
f 812/1185/762 795/2640/762 792/1167/762
f 801/1181/763 804/1182/763 811/1190/763
f 804/1182/764 800/1178/764 808/1189/764
f 814/1194/765 816/1196/765 805/1230/765
f 805/1177/766 816/2643/766 813/1191/766
f 807/1186/767 809/1188/767 826/1231/767
f 826/1202/768 809/2642/768 806/1183/768
f 815/1197/769 818/1199/769 825/1232/769
f 825/1208/770 818/2644/770 814/1194/770
f 730/1096/771 732/1098/771 819/1233/771
f 819/1193/772 732/2634/772 729/1093/772
f 821/1203/773 823/1205/773 742/1234/773
f 823/1235/774 820/1200/774 736/1101/774
f 813/1191/775 729/1093/775 799/1175/775
f 729/1093/775 743/1109/775 799/1175/775
f 743/1109/775 757/1127/775 771/1143/775
f 771/1143/775 785/1159/775 799/1175/775
f 737/1104/776 752/1124/776 744/1112/776
f 815/1197/777 821/1203/777 738/1107/777
f 764/1135/778 750/1118/778 736/1101/778
f 736/1101/778 820/1200/778 806/1183/778
f 806/1183/778 792/1167/778 778/1151/778
f 778/1151/778 764/1135/778 736/1101/778
f 751/1121/779 766/1141/779 758/1130/779
f 765/1138/780 780/1220/780 772/1217/780
f 773/1149/2007 779/1154/2007 794/1173/2007
f 787/1227/782 793/1228/782 808/1189/782
f 807/1186/783 822/1206/783 814/1194/783
f 827/1236/2008 830/1383/2008 831/1237/2008
f 828/1239/2009 832/1243/2009 831/1240/2009
f 829/1242/2010 833/1352/2010 831/1240/2010
f 834/1244/2011 837/1355/2011 838/1245/2011
f 835/1247/2012 839/1251/2012 838/1248/2012
f 836/1250/2013 840/1384/2013 838/1248/2013
f 841/1252/2014 844/1353/2014 845/1253/2014
f 842/1255/2015 846/1357/2015 845/1256/2015
f 843/1258/2016 847/1358/2016 845/1259/2016
f 848/1261/2017 851/2647/2017 852/1262/2017
f 849/1264/2018 853/1356/2018 852/1265/2018
f 850/1267/2019 854/1354/2019 852/1268/2019
f 855/1270/2020 858/1359/2020 859/1271/2020
f 856/1273/2021 860/1277/2021 859/1274/2021
f 857/1276/2022 861/1362/2022 859/1274/2022
f 862/1278/2023 865/1366/2023 866/1279/2023
f 863/1281/2024 867/1285/2024 866/1282/2024
f 864/1284/2025 868/1360/2025 866/1282/2025
f 869/1286/2026 872/1363/2026 873/1287/2026
f 870/1289/2027 874/1293/2027 873/1290/2027
f 871/1292/2028 875/1367/2028 873/1290/2028
f 876/1294/2029 879/1370/2029 880/1295/2029
f 877/1297/2030 881/1301/2030 880/1298/2030
f 878/1300/2031 882/2648/2031 880/1298/2031
f 883/1302/2032 886/1368/2032 887/1303/2032
f 884/1305/2033 888/1309/2033 887/1306/2033
f 885/1308/2034 889/2649/2034 887/1306/2034
f 890/1310/2035 893/2650/2035 894/1311/2035
f 891/1313/2036 895/1317/2036 894/1314/2036
f 892/1316/2037 896/1369/2037 894/1314/2037
f 897/1318/2038 900/1373/2038 901/1319/2038
f 898/1321/2039 902/1325/2039 901/1322/2039
f 899/1324/2040 903/1376/2040 901/1322/2040
f 904/1326/2041 907/1379/2041 908/1327/2041
f 905/1329/2042 909/1333/2042 908/1330/2042
f 906/1332/2043 910/1375/2043 908/1330/2043
f 911/1334/2044 914/1377/2044 915/1335/2044
f 912/1337/2045 916/1381/2045 915/1338/2045
f 913/1340/2046 917/1382/2046 915/1341/2046
f 918/1343/2047 921/1385/2047 922/1344/2047
f 919/1346/2048 923/1380/2048 922/1347/2048
f 920/1349/2049 924/1378/2049 922/1350/2049
f 842/1255/826 844/1257/826 833/1352/826
f 844/1353/827 841/1252/827 827/1236/827
f 835/1247/828 837/1249/828 854/1354/828
f 837/1355/829 834/1244/829 848/1261/829
f 828/1239/2050 836/1250/2050 839/1251/2050
f 832/1243/2051 839/1251/2051 835/1247/2051
f 849/1264/2052 843/1258/2052 846/1260/2052
f 846/1357/833 842/1255/833 850/1267/833
f 843/1258/834 856/1273/834 858/1275/834
f 858/1359/835 855/1270/835 841/1252/835
f 864/1284/836 849/1264/836 851/1266/836
f 868/1280/837 851/2647/837 848/1261/837
f 863/1281/838 857/1276/838 860/1277/838
f 867/1285/839 860/1277/839 856/1273/839
f 870/1361/840 872/2651/840 861/1362/840
f 872/1363/841 869/1286/841 855/1270/841
f 863/1281/842 865/1283/842 882/1364/842
f 865/1366/843 862/1278/843 876/1294/843
f 871/1292/844 874/1293/844 881/1301/844
f 874/1293/845 870/1289/845 878/1300/845
f 871/1292/846 884/1305/846 886/1307/846
f 886/1368/847 883/1302/847 869/1286/847
f 877/1297/848 879/1299/848 896/1369/848
f 879/1370/849 876/1294/849 890/1310/849
f 891/1313/850 885/1308/850 888/1309/850
f 888/1309/2053 884/1305/2053 892/1316/2053
f 885/1371/852 898/1321/852 900/1323/852
f 900/1373/853 897/1318/853 883/1302/853
f 891/1374/854 893/2652/854 910/1375/854
f 910/1328/855 893/2650/855 890/1310/855
f 899/1324/856 902/1325/856 909/1333/856
f 909/1333/857 902/1325/857 898/1321/857
f 912/1337/858 914/1339/858 903/1376/858
f 914/1377/859 911/1334/859 897/1318/859
f 905/1329/860 907/1331/860 924/1378/860
f 907/1379/861 904/1326/861 918/1343/861
f 913/1340/862 916/1342/862 923/1380/862
f 916/1381/863 912/1337/863 920/1349/863
f 828/1239/864 830/1241/864 917/1382/864
f 830/1383/865 827/1236/865 911/1334/865
f 919/1346/2054 921/1348/2054 840/1384/2054
f 921/1385/2055 918/1343/2055 834/1244/2055
f 911/1334/868 827/1236/868 841/1252/868
f 841/1252/868 855/1270/868 869/1286/868
f 869/1286/868 883/1302/868 897/1318/868
f 897/1318/868 911/1334/868 841/1252/868
f 829/1242/869 835/1247/869 850/1267/869
f 919/1346/870 836/1250/870 828/1239/870
f 862/1278/871 848/1261/871 834/1244/871
f 834/1244/871 918/1343/871 904/1326/871
f 904/1326/871 890/1310/871 876/1294/871
f 876/1294/871 862/1278/871 834/1244/871
f 843/1258/872 849/1264/872 864/1284/872
f 863/1281/873 878/1365/873 870/1361/873
f 877/1297/874 892/1316/874 884/1305/874
f 891/1374/875 906/1332/875 898/1321/875
f 905/1329/876 920/1349/876 912/1337/876
f 925/1386/2056 928/2653/2056 929/1387/2056
f 926/1389/2057 930/1393/2057 929/1390/2057
f 927/1392/2058 931/1502/2058 929/1390/2058
f 932/1394/2059 935/1505/2059 936/1395/2059
f 933/1397/2060 937/1401/2060 936/1398/2060
f 934/1400/2061 938/1529/2061 936/1398/2061
f 939/1402/2062 942/1503/2062 943/1403/2062
f 940/1405/2063 944/2654/2063 943/1406/2063
f 941/1408/2064 945/1507/2064 943/1409/2064
f 946/1411/2065 949/1509/2065 950/1412/2065
f 947/1414/2066 951/1506/2066 950/1415/2066
f 948/1417/2067 952/1504/2067 950/1418/2067
f 953/1420/2068 956/2655/2068 957/1421/2068
f 954/1423/2069 958/1427/2069 957/1424/2069
f 955/1426/2070 959/1511/2070 957/1424/2070
f 960/1428/2071 963/1514/2071 964/1429/2071
f 961/1431/2072 965/1435/2072 964/1432/2072
f 962/1434/2073 966/1508/2073 964/1432/2073
f 967/1436/2074 970/2656/2074 971/1437/2074
f 968/1439/2075 972/1443/2075 971/1440/2075
f 969/1442/2076 973/1515/2076 971/1440/2076
f 974/1444/2077 977/2657/2077 978/1445/2077
f 975/1447/2078 979/1451/2078 978/1448/2078
f 976/1450/2079 980/2658/2079 978/1448/2079
f 981/1452/2080 984/1516/2080 985/1453/2080
f 982/1455/2081 986/1459/2081 985/1456/2081
f 983/1458/2082 987/2659/2082 985/1456/2082
f 988/1460/2083 991/2660/2083 992/1461/2083
f 989/1463/2084 993/1467/2084 992/1464/2084
f 990/1466/2085 994/1517/2085 992/1464/2085
f 995/1468/2086 998/1520/2086 999/1469/2086
f 996/1471/2087 1000/1475/2087 999/1472/2087
f 997/1474/2088 1001/1523/2088 999/1472/2088
f 1002/1476/2089 1005/2661/2089 1006/1477/2089
f 1003/1479/2090 1007/1483/2090 1006/1480/2090
f 1004/1482/2091 1008/1522/2091 1006/1480/2091
f 1009/1484/2092 1012/1524/2092 1013/1485/2092
f 1010/1487/2093 1014/1527/2093 1013/1488/2093
f 1011/1490/2094 1015/1528/2094 1013/1491/2094
f 1016/1493/2095 1019/1530/2095 1020/1494/2095
f 1017/1496/2096 1021/1526/2096 1020/1497/2096
f 1018/1499/2097 1022/1525/2097 1020/1500/2097
f 927/1392/919 940/1405/919 942/1407/919
f 942/1503/2098 939/1402/2098 925/1386/2098
f 948/1417/921 933/1397/921 935/1399/921
f 935/1505/922 932/1394/922 946/1411/922
f 934/1400/2099 937/1401/2099 930/1393/2099
f 937/1401/924 933/1397/924 927/1392/924
f 941/1408/925 944/1410/925 951/1506/925
f 951/1419/926 944/2654/926 940/1405/926
f 954/1423/2100 956/1425/2100 945/1507/2100
f 945/1404/928 956/2655/928 953/1420/928
f 962/1434/929 947/1414/929 949/1416/929
f 949/1509/930 946/1411/930 960/1428/930
f 961/1431/2101 955/1426/2101 958/1427/2101
f 958/1427/932 954/1423/932 962/1434/932
f 968/1510/2102 970/2662/2102 959/1511/2102
f 959/1422/934 970/2656/934 967/1436/934
f 976/1512/935 961/1431/935 963/1433/935
f 963/1514/936 960/1428/936 974/1444/936
f 969/1442/2103 972/1443/2103 979/1451/2103
f 972/1443/938 968/1439/938 976/1450/938
f 982/1455/939 984/1457/939 973/1515/939
f 984/1516/940 981/1452/940 967/1436/940
f 990/1466/941 975/1447/941 977/1449/941
f 994/1462/942 977/2657/942 974/1444/942
f 983/1458/943 986/1459/943 993/1467/943
f 986/1459/2104 982/1455/2104 990/1466/2104
f 983/1518/2105 996/1471/2105 998/1473/2105
f 998/1520/946 995/1468/946 981/1452/946
f 989/1521/947 991/2663/947 1008/1522/947
f 1008/1478/948 991/2660/948 988/1460/948
f 997/1474/949 1000/1475/949 1007/1483/949
f 1007/1483/950 1000/1475/950 996/1471/950
f 1010/1487/2106 1012/1489/2106 1001/1523/2106
f 1012/1524/952 1009/1484/952 995/1468/952
f 1003/1479/953 1005/1481/953 1022/1525/953
f 1022/1495/954 1005/2661/954 1002/1476/954
f 1017/1496/955 1011/1490/955 1014/1492/955
f 1014/1527/956 1010/1487/956 1018/1499/956
f 926/1389/2107 928/1391/2107 1015/1528/2107
f 1015/1486/958 928/2653/958 925/1386/958
f 1017/1496/959 1019/1498/959 938/1529/959
f 1019/1530/960 1016/1493/960 932/1394/960
f 1009/1484/961 925/1386/961 995/1468/961
f 925/1386/961 939/1402/961 995/1468/961
f 939/1402/961 953/1420/961 967/1436/961
f 967/1436/961 981/1452/961 995/1468/961
f 933/1397/962 948/1417/962 940/1405/962
f 1011/1490/2108 1017/1496/2108 934/1400/2108
f 960/1428/964 946/1411/964 974/1444/964
f 946/1411/964 932/1394/964 974/1444/964
f 932/1394/964 1016/1493/964 1002/1476/964
f 1002/1476/964 988/1460/964 974/1444/964
f 947/1414/965 962/1434/965 954/1423/965
f 961/1431/966 976/1512/966 968/1510/966
f 975/1447/967 990/1466/967 982/1455/967
f 989/1521/968 1004/1482/968 996/1471/968
f 997/1474/969 1003/1479/969 1018/1499/969
f 1023/1531/2109 1026/1673/2109 1027/1532/2109
f 1024/1534/2110 1028/1538/2110 1027/1535/2110
f 1025/1537/2111 1029/1647/2111 1027/1535/2111
f 1030/1539/2112 1033/1650/2112 1034/1540/2112
f 1031/1542/2113 1035/1546/2113 1034/1543/2113
f 1032/1545/2114 1036/1674/2114 1034/1543/2114
f 1037/1547/2115 1040/1648/2115 1041/1548/2115
f 1038/1550/2116 1042/2664/2116 1041/1551/2116
f 1039/1553/2117 1043/1652/2117 1041/1554/2117
f 1044/1556/2118 1047/1654/2118 1048/1557/2118
f 1045/1559/2119 1049/1651/2119 1048/1560/2119
f 1046/1562/2120 1050/1649/2120 1048/1563/2120
f 1051/1565/2121 1054/2665/2121 1055/1566/2121
f 1052/1568/2122 1056/1572/2122 1055/1569/2122
f 1053/1571/2123 1057/1656/2123 1055/1569/2123
f 1058/1573/2124 1061/2666/2124 1062/1574/2124
f 1059/1576/2125 1063/1580/2125 1062/1577/2125
f 1060/1579/2126 1064/1653/2126 1062/1577/2126
f 1065/1581/2127 1068/1657/2127 1069/1582/2127
f 1066/1584/2128 1070/1588/2128 1069/1585/2128
f 1067/1587/2129 1071/1660/2129 1069/1585/2129
f 1072/1589/2130 1075/2667/2130 1076/1590/2130
f 1073/1592/2131 1077/1596/2131 1076/1593/2131
f 1074/1595/2132 1078/2668/2132 1076/1593/2132
f 1079/1597/2133 1082/2669/2133 1083/1598/2133
f 1080/1600/2134 1084/1604/2134 1083/1601/2134
f 1081/1603/2135 1085/2670/2135 1083/1601/2135
f 1086/1605/2136 1089/1667/2136 1090/1606/2136
f 1087/1608/2137 1091/1612/2137 1090/1609/2137
f 1088/1611/2138 1092/1661/2138 1090/1609/2138
f 1093/1613/2139 1096/1664/2139 1097/1614/2139
f 1094/1616/2140 1098/1620/2140 1097/1617/2140
f 1095/1619/2141 1099/1668/2141 1097/1617/2141
f 1100/1621/2142 1103/2671/2142 1104/1622/2142
f 1101/1624/2143 1105/1628/2143 1104/1625/2143
f 1102/1627/2144 1106/1666/2144 1104/1625/2144
f 1107/1629/2145 1110/1669/2145 1111/1630/2145
f 1108/1632/2146 1112/2672/2146 1111/1633/2146
f 1109/1635/2147 1113/1672/2147 1111/1636/2147
f 1114/1638/2148 1117/1675/2148 1118/1639/2148
f 1115/1641/2149 1119/1671/2149 1118/1642/2149
f 1116/1644/2150 1120/1670/2150 1118/1645/2150
f 1038/1550/2151 1040/1552/2151 1029/1647/2151
f 1040/1648/1013 1037/1547/1013 1023/1531/1013
f 1031/1542/1014 1033/1544/1014 1050/1649/1014
f 1033/1650/1015 1030/1539/1015 1044/1556/1015
f 1024/1534/1016 1032/1545/1016 1035/1546/1016
f 1035/1546/1017 1031/1542/1017 1025/1537/1017
f 1039/1553/1018 1042/1555/1018 1049/1651/1018
f 1049/1564/2152 1042/2664/2152 1038/1550/2152
f 1052/1568/1020 1054/1570/1020 1043/1652/1020
f 1043/1549/1021 1054/2665/1021 1051/1565/1021
f 1060/1579/1022 1045/1559/1022 1047/1561/1022
f 1047/1654/1023 1044/1556/1023 1058/1573/1023
f 1059/1576/1024 1053/1571/1024 1056/1572/1024
f 1056/1572/1025 1052/1568/1025 1060/1579/1025
f 1066/1655/2153 1068/2673/2153 1057/1656/2153
f 1068/1657/2154 1065/1581/2154 1051/1565/2154
f 1074/1658/1028 1059/1576/1028 1061/1578/1028
f 1078/1591/1029 1061/2666/1029 1058/1573/1029
f 1073/1592/1030 1067/1587/1030 1070/1588/1030
f 1070/1588/1031 1066/1584/1031 1074/1595/1031
f 1080/1600/1032 1082/1602/1032 1071/1660/1032
f 1071/1583/2155 1082/2669/2155 1079/1597/2155
f 1088/1611/1034 1073/1592/1034 1075/1594/1034
f 1092/1607/1035 1075/2667/1035 1072/1589/1035
f 1087/1608/1036 1081/1603/1036 1084/1604/1036
f 1084/1604/1037 1080/1600/1037 1088/1611/1037
f 1094/1616/2156 1096/1618/2156 1085/1662/2156
f 1096/1664/2157 1093/1613/2157 1079/1597/2157
f 1087/1665/1040 1089/2674/1040 1106/1666/1040
f 1089/1667/1041 1086/1605/1041 1100/1621/1041
f 1101/1624/1042 1095/1619/1042 1098/1620/1042
f 1105/1628/2158 1098/1620/2158 1094/1616/2158
f 1095/1619/1044 1108/1632/1044 1110/1634/1044
f 1110/1669/1045 1107/1629/1045 1093/1613/1045
f 1101/1624/1046 1103/1626/1046 1120/1670/1046
f 1120/1640/1047 1103/2671/1047 1100/1621/1047
f 1115/1641/1048 1109/1635/1048 1112/1637/1048
f 1119/1646/1049 1112/2672/1049 1108/1632/1049
f 1109/1635/1050 1024/1534/1050 1026/1536/1050
f 1026/1673/1051 1023/1531/1051 1107/1629/1051
f 1115/1641/1052 1117/1643/1052 1036/1674/1052
f 1117/1675/1053 1114/1638/1053 1030/1539/1053
f 1107/1629/1054 1023/1531/1054 1037/1547/1054
f 1037/1547/1054 1051/1565/1054 1093/1613/1054
f 1051/1565/1054 1065/1581/1054 1093/1613/1054
f 1065/1581/1054 1079/1597/1054 1093/1613/1054
f 1031/1542/1055 1046/1562/1055 1038/1550/1055
f 1109/1635/1056 1115/1641/1056 1032/1545/1056
f 1058/1573/1057 1044/1556/1057 1030/1539/1057
f 1030/1539/1057 1114/1638/1057 1100/1621/1057
f 1100/1621/1057 1086/1605/1057 1072/1589/1057
f 1072/1589/1057 1058/1573/1057 1100/1621/1057
f 1039/1553/1058 1045/1559/1058 1060/1579/1058
f 1053/1571/1059 1059/1576/1059 1074/1658/1059
f 1073/1592/1060 1088/1611/1060 1080/1600/1060
f 1081/1663/1061 1087/1665/1061 1102/1627/1061
f 1101/1624/1062 1116/1644/1062 1108/1632/1062
f 1121/1676/2159 1124/1820/2159 1125/1677/2159
f 1122/1679/2160 1126/1683/2160 1125/1680/2160
f 1123/1682/2161 1127/1792/2161 1125/1680/2161
f 1128/1684/2162 1131/2675/2162 1132/1685/2162
f 1129/1687/2163 1133/1691/2163 1132/1688/2163
f 1130/1690/2164 1134/1821/2164 1132/1688/2164
f 1135/1692/2165 1138/1793/2165 1139/1693/2165
f 1136/1695/2166 1140/1796/2166 1139/1696/2166
f 1137/1698/2167 1141/1797/2167 1139/1699/2167
f 1142/1701/2168 1145/2676/2168 1146/1702/2168
f 1143/1704/2169 1147/1795/2169 1146/1705/2169
f 1144/1707/2170 1148/1794/2170 1146/1708/2170
f 1149/1710/2171 1152/1798/2171 1153/1711/2171
f 1150/1713/2172 1154/1717/2172 1153/1714/2172
f 1151/1716/2173 1155/1801/2173 1153/1714/2173
f 1156/1718/2174 1159/2677/2174 1160/1719/2174
f 1157/1721/2175 1161/1725/2175 1160/1722/2175
f 1158/1724/2176 1162/1799/2176 1160/1722/2176
f 1163/1726/2177 1166/1802/2177 1167/1727/2177
f 1164/1729/2178 1168/1733/2178 1167/1730/2178
f 1165/1732/2179 1169/1805/2179 1167/1730/2179
f 1170/1734/2180 1173/1807/2180 1174/1735/2180
f 1171/1737/2181 1175/1741/2181 1174/1738/2181
f 1172/1740/2182 1176/2678/2182 1174/1738/2182
f 1177/1742/2183 1180/2679/2183 1181/1743/2183
f 1178/1745/2184 1182/1749/2184 1181/1746/2184
f 1179/1748/2185 1183/2680/2185 1181/1746/2185
f 1184/1750/2186 1187/1813/2186 1188/1751/2186
f 1185/1753/2187 1189/1757/2187 1188/1754/2187
f 1186/1756/2188 1190/1806/2188 1188/1754/2188
f 1191/1758/2189 1194/1810/2189 1195/1759/2189
f 1192/1761/2190 1196/1765/2190 1195/1762/2190
f 1193/1764/2191 1197/1814/2191 1195/1762/2191
f 1198/1766/2192 1201/1817/2192 1202/1767/2192
f 1199/1769/2193 1203/1773/2193 1202/1770/2193
f 1200/1772/2194 1204/1812/2194 1202/1770/2194
f 1205/1774/2195 1208/1815/2195 1209/1775/2195
f 1206/1777/2196 1210/2681/2196 1209/1778/2196
f 1207/1780/2197 1211/1819/2197 1209/1781/2197
f 1212/1783/2198 1215/2682/2198 1216/1784/2198
f 1213/1786/2199 1217/1818/2199 1216/1787/2199
f 1214/1789/2200 1218/1816/2200 1216/1790/2200
f 1136/1695/1105 1138/1697/1105 1127/1792/1105
f 1138/1793/1106 1135/1692/1106 1121/1676/1106
f 1129/1687/1107 1131/1689/1107 1148/1794/1107
f 1148/1703/1108 1131/2675/1108 1128/1684/1108
f 1122/1679/2201 1130/1690/2201 1133/1691/2201
f 1133/1691/1110 1129/1687/1110 1123/1682/1110
f 1137/1698/2202 1140/1700/2202 1147/1795/2202
f 1140/1796/1112 1136/1695/1112 1144/1707/1112
f 1137/1698/1113 1150/1713/1113 1152/1715/1113
f 1152/1798/1114 1149/1710/1114 1135/1692/1114
f 1158/1724/1115 1143/1704/1115 1145/1706/1115
f 1162/1720/1116 1145/2676/1116 1142/1701/1116
f 1151/1716/1117 1154/1717/1117 1161/1725/1117
f 1161/1725/1118 1154/1717/1118 1150/1713/1118
f 1151/1716/1119 1164/1822/1119 1166/1800/1119
f 1166/1802/1120 1163/1726/1120 1149/1710/1120
f 1157/1721/1121 1159/1723/1121 1176/1803/1121
f 1176/1736/1122 1159/2677/1122 1156/1718/1122
f 1165/1732/2203 1168/1733/2203 1175/1741/2203
f 1168/1733/2204 1164/1729/2204 1172/1740/2204
f 1165/1732/1125 1178/1745/1125 1180/1747/1125
f 1169/1728/1126 1180/2679/1126 1177/1742/1126
f 1186/1756/1127 1171/1737/1127 1173/1739/1127
f 1173/1807/1128 1170/1734/1128 1184/1750/1128
f 1179/1748/1129 1182/1749/1129 1189/1757/1129
f 1182/1749/2205 1178/1745/2205 1186/1756/2205
f 1192/1761/1131 1194/1763/1131 1183/1808/1131
f 1194/1810/1132 1191/1758/1132 1177/1742/1132
f 1200/1772/1133 1185/1823/1133 1187/1811/1133
f 1187/1813/1134 1184/1750/1134 1198/1766/1134
f 1193/1764/1135 1196/1765/1135 1203/1773/1135
f 1203/1773/1136 1196/1765/1136 1192/1761/1136
f 1206/1777/1137 1208/1779/1137 1197/1814/1137
f 1208/1815/1138 1205/1774/1138 1191/1758/1138
f 1199/1769/1139 1201/1771/1139 1218/1816/1139
f 1201/1817/1140 1198/1766/1140 1212/1783/1140
f 1207/1780/1141 1210/1782/1141 1217/1818/1141
f 1217/1791/1142 1210/2681/1142 1206/1777/1142
f 1207/1780/1143 1122/1679/1143 1124/1681/1143
f 1124/1820/2206 1121/1676/2206 1205/1774/2206
f 1130/1690/1145 1213/1786/1145 1215/1788/1145
f 1134/1686/1146 1215/2682/1146 1212/1783/1146
f 1205/1774/1147 1121/1676/1147 1191/1758/1147
f 1121/1676/1147 1135/1692/1147 1191/1758/1147
f 1135/1692/1147 1149/1710/1147 1163/1726/1147
f 1163/1726/1147 1177/1742/1147 1135/1692/1147
f 1129/1687/1148 1144/1707/1148 1136/1695/1148
f 1213/1786/684 1130/1690/684 1122/1679/684
f 1156/1718/1149 1142/1701/1149 1128/1684/1149
f 1128/1684/1149 1212/1783/1149 1198/1766/1149
f 1198/1766/1149 1184/1750/1149 1170/1734/1149
f 1170/1734/1149 1156/1718/1149 1128/1684/1149
f 1143/1704/1150 1158/1724/1150 1150/1713/1150
f 1157/1721/1151 1172/1804/1151 1164/1822/1151
f 1165/1732/1152 1171/1737/1152 1186/1756/1152
f 1185/1823/1153 1200/1772/1153 1192/1761/1153
f 1199/1769/1154 1214/1789/1154 1206/1777/1154
f 1219/1824/2207 1222/1967/2207 1223/1825/2207
f 1220/1827/2208 1224/1831/2208 1223/1828/2208
f 1221/1830/2209 1225/1940/2209 1223/1828/2209
f 1226/1832/2210 1229/1943/2210 1230/1833/2210
f 1227/1835/2211 1231/1839/2211 1230/1836/2211
f 1228/1838/2212 1232/1968/2212 1230/1836/2212
f 1233/1840/2213 1236/1941/2213 1237/1841/2213
f 1234/1843/2214 1238/1945/2214 1237/1844/2214
f 1235/1846/2215 1239/1946/2215 1237/1847/2215
f 1240/1849/2216 1243/2683/2216 1244/1850/2216
f 1241/1852/2217 1245/1944/2217 1244/1853/2217
f 1242/1855/2218 1246/1942/2218 1244/1856/2218
f 1247/1858/2219 1250/2684/2219 1251/1859/2219
f 1248/1861/2220 1252/1865/2220 1251/1862/2220
f 1249/1864/2221 1253/1949/2221 1251/1862/2221
f 1254/1866/2222 1257/1952/2222 1258/1867/2222
f 1255/1869/2223 1259/1873/2223 1258/1870/2223
f 1256/1872/2224 1260/1947/2224 1258/1870/2224
f 1261/1874/2225 1264/2685/2225 1265/1875/2225
f 1262/1877/2226 1266/1881/2226 1265/1878/2226
f 1263/1880/2227 1267/1953/2227 1265/1878/2227
f 1268/1882/2228 1271/2686/2228 1272/1883/2228
f 1269/1885/2229 1273/1889/2229 1272/1886/2229
f 1270/1888/2230 1274/2687/2230 1272/1886/2230
f 1275/1890/2231 1278/1954/2231 1279/1891/2231
f 1276/1893/2232 1280/1897/2232 1279/1894/2232
f 1277/1896/2233 1281/2688/2233 1279/1894/2233
f 1282/1898/2234 1285/1961/2234 1286/1899/2234
f 1283/1901/2235 1287/1905/2235 1286/1902/2235
f 1284/1904/2236 1288/1955/2236 1286/1902/2236
f 1289/1906/2237 1292/1958/2237 1293/1907/2237
f 1290/1909/2238 1294/1913/2238 1293/1910/2238
f 1291/1912/2239 1295/1962/2239 1293/1910/2239
f 1296/1914/2240 1299/2689/2240 1300/1915/2240
f 1297/1917/2241 1301/1921/2241 1300/1918/2241
f 1298/1920/2242 1302/1960/2242 1300/1918/2242
f 1303/1922/2243 1306/2690/2243 1307/1923/2243
f 1304/1925/2244 1308/1965/2244 1307/1926/2244
f 1305/1928/2245 1309/1966/2245 1307/1929/2245
f 1310/1931/2246 1313/1969/2246 1314/1932/2246
f 1311/1934/2247 1315/1964/2247 1314/1935/2247
f 1312/1937/2248 1316/1963/2248 1314/1938/2248
f 1234/1843/1197 1236/1845/1197 1225/1940/1197
f 1236/1941/2249 1233/1840/2249 1219/1824/2249
f 1242/1855/1199 1227/1835/1199 1229/1837/1199
f 1229/1943/1200 1226/1832/1200 1240/1849/1200
f 1220/1827/2250 1228/1838/2250 1231/1839/2250
f 1224/1831/2251 1231/1839/2251 1227/1835/2251
f 1235/1846/1203 1238/1848/1203 1245/1944/1203
f 1238/1945/1204 1234/1843/1204 1242/1855/1204
f 1235/1846/1205 1248/1861/1205 1250/1863/1205
f 1239/1842/1206 1250/2684/1206 1247/1858/1206
f 1241/1852/1207 1243/1854/1207 1260/1947/1207
f 1260/1868/1208 1243/2683/1208 1240/1849/1208
f 1249/1864/1209 1252/1865/1209 1259/1873/1209
f 1252/1865/1210 1248/1861/1210 1256/1872/1210
f 1262/1948/1211 1264/2691/1211 1253/1949/1211
f 1253/1860/1212 1264/2685/1212 1261/1874/1212
f 1255/1869/1213 1257/1871/1213 1274/1950/1213
f 1257/1952/1214 1254/1866/1214 1268/1882/1214
f 1263/1880/1215 1266/1881/1215 1273/1889/1215
f 1273/1889/1216 1266/1881/1216 1262/1877/1216
f 1263/1880/1217 1276/1893/1217 1278/1895/1217
f 1278/1954/1218 1275/1890/1218 1261/1874/1218
f 1269/1885/1219 1271/1887/1219 1288/1955/1219
f 1288/1900/1220 1271/2686/1220 1268/1882/1220
f 1277/1896/1221 1280/1897/1221 1287/1905/1221
f 1287/1905/1222 1280/1897/1222 1276/1893/1222
f 1277/1956/1223 1290/1909/1223 1292/1911/1223
f 1292/1958/1224 1289/1906/1224 1275/1890/1224
f 1298/1920/1225 1283/2692/1225 1285/1959/1225
f 1285/1961/1226 1282/1898/1226 1296/1914/1226
f 1291/1912/1227 1294/1913/1227 1301/1921/1227
f 1301/1921/1228 1294/1913/1228 1290/1909/1228
f 1291/1912/1229 1304/1925/1229 1306/1927/1229
f 1295/1908/2252 1306/2690/2252 1303/1922/2252
f 1297/1917/1231 1299/1919/1231 1316/1963/1231
f 1316/1933/1232 1299/2689/1232 1296/1914/1232
f 1311/1934/1233 1305/1928/1233 1308/1930/1233
f 1308/1965/1234 1304/1925/1234 1312/1937/1234
f 1305/1928/2253 1220/1827/2253 1222/1829/2253
f 1222/1967/1236 1219/1824/1236 1303/1922/1236
f 1228/1838/1237 1311/1934/1237 1313/1936/1237
f 1313/1969/1238 1310/1931/1238 1226/1832/1238
f 1303/1922/1239 1219/1824/1239 1289/1906/1239
f 1219/1824/1239 1233/1840/1239 1289/1906/1239
f 1233/1840/1239 1247/1858/1239 1261/1874/1239
f 1261/1874/1239 1275/1890/1239 1289/1906/1239
f 1227/1835/1240 1242/1855/1240 1234/1843/1240
f 1305/1928/1241 1311/1934/1241 1228/1838/1241
f 1254/1866/1242 1240/1849/1242 1268/1882/1242
f 1240/1849/1242 1226/1832/1242 1268/1882/1242
f 1226/1832/1242 1310/1931/1242 1268/1882/1242
f 1310/1931/1242 1296/1914/1242 1268/1882/1242
f 1241/1852/1243 1256/1872/1243 1248/1861/1243
f 1255/1869/1244 1270/1951/1244 1262/1948/1244
f 1263/1880/1245 1269/1885/1245 1284/1904/1245
f 1277/1956/1246 1283/2692/1246 1298/1920/1246
f 1291/1912/1247 1297/1917/1247 1312/1937/1247
f 1317/1970/2254 1320/2693/2254 1321/1971/2254
f 1318/1973/2255 1322/1977/2255 1321/1974/2255
f 1319/1976/2256 1323/2086/2256 1321/1974/2256
f 1324/1978/2257 1327/2089/2257 1328/1979/2257
f 1325/1981/2258 1329/1985/2258 1328/1982/2258
f 1326/1984/2259 1330/2115/2259 1328/1982/2259
f 1331/1986/2260 1334/2087/2260 1335/1987/2260
f 1332/1989/2261 1336/2091/2261 1335/1990/2261
f 1333/1992/2262 1337/2092/2262 1335/1993/2262
f 1338/1995/2263 1341/2694/2263 1342/1996/2263
f 1339/1998/2264 1343/2090/2264 1342/1999/2264
f 1340/2001/2265 1344/2088/2265 1342/2002/2265
f 1345/2004/2266 1348/2695/2266 1349/2005/2266
f 1346/2007/2267 1350/2011/2267 1349/2008/2267
f 1347/2010/2268 1351/2095/2268 1349/2008/2268
f 1352/2012/2269 1355/2099/2269 1356/2013/2269
f 1353/2015/2270 1357/2019/2270 1356/2016/2270
f 1354/2018/2271 1358/2093/2271 1356/2016/2271
f 1359/2020/2272 1362/2096/2272 1363/2021/2272
f 1360/2023/2273 1364/2027/2273 1363/2024/2273
f 1361/2026/2274 1365/2100/2274 1363/2024/2274
f 1366/2028/2275 1369/2102/2275 1370/2029/2275
f 1367/2031/2276 1371/2035/2276 1370/2032/2276
f 1368/2034/2277 1372/2696/2277 1370/2032/2277
f 1373/2036/2278 1376/2697/2278 1377/2037/2278
f 1374/2039/2279 1378/2043/2279 1377/2040/2279
f 1375/2042/2280 1379/2698/2280 1377/2040/2280
f 1380/2044/2281 1383/2107/2281 1384/2045/2281
f 1381/2047/2282 1385/2051/2282 1384/2048/2282
f 1382/2050/2283 1386/2101/2283 1384/2048/2283
f 1387/2052/2284 1390/2699/2284 1391/2053/2284
f 1388/2055/2285 1392/2059/2285 1391/2056/2285
f 1389/2058/2286 1393/2108/2286 1391/2056/2286
f 1394/2060/2287 1397/2111/2287 1398/2061/2287
f 1395/2063/2288 1399/2067/2288 1398/2064/2288
f 1396/2066/2289 1400/2106/2289 1398/2064/2289
f 1401/2068/2290 1404/2109/2290 1405/2069/2290
f 1402/2071/2291 1406/2113/2291 1405/2072/2291
f 1403/2074/2292 1407/2114/2292 1405/2075/2292
f 1408/2077/2293 1411/2700/2293 1412/2078/2293
f 1409/2080/2294 1413/2112/2294 1412/2081/2294
f 1410/2083/2295 1414/2110/2295 1412/2084/2295
f 1319/1976/1290 1332/1989/1290 1334/1991/1290
f 1334/2087/1291 1331/1986/1291 1317/1970/1291
f 1325/1981/1292 1327/1983/1292 1344/2088/1292
f 1327/2089/1293 1324/1978/1293 1338/1995/1293
f 1326/1984/1294 1329/1985/1294 1322/1977/1294
f 1322/1977/1295 1329/1985/1295 1325/1981/1295
f 1333/1992/1296 1336/1994/1296 1343/2090/1296
f 1336/2091/2296 1332/1989/2296 1340/2001/2296
f 1346/2007/1298 1348/2009/1298 1337/2092/1298
f 1337/1988/1299 1348/2695/1299 1345/2004/1299
f 1339/1998/1300 1341/2000/1300 1358/2093/1300
f 1358/2014/1301 1341/2694/1301 1338/1995/1301
f 1353/2015/1302 1347/2010/1302 1350/2011/1302
f 1350/2011/1303 1346/2007/1303 1354/2018/1303
f 1347/2010/1304 1360/2116/1304 1362/2094/1304
f 1362/2096/1305 1359/2020/1305 1345/2004/1305
f 1353/2015/1306 1355/2017/1306 1372/2097/1306
f 1355/2099/1307 1352/2012/1307 1366/2028/1307
f 1367/2031/1308 1361/2026/1308 1364/2027/1308
f 1364/2027/1309 1360/2023/1309 1368/2034/1309
f 1374/2039/1310 1376/2041/1310 1365/2100/1310
f 1365/2022/2297 1376/2697/2297 1373/2036/2297
f 1367/2031/2298 1369/2033/2298 1386/2101/2298
f 1369/2102/1313 1366/2028/1313 1380/2044/1313
f 1375/2042/2299 1378/2043/2299 1385/2051/2299
f 1378/2043/1315 1374/2039/1315 1382/2050/1315
f 1375/2103/2300 1388/2055/2300 1390/2057/2300
f 1379/2038/1317 1390/2699/1317 1387/2052/1317
f 1381/2105/1318 1383/2701/1318 1400/2106/1318
f 1383/2107/1319 1380/2044/1319 1394/2060/1319
f 1395/2063/1320 1389/2058/1320 1392/2059/1320
f 1392/2059/1321 1388/2055/1321 1396/2066/1321
f 1402/2071/1322 1404/2073/1322 1393/2108/1322
f 1404/2109/1323 1401/2068/1323 1387/2052/1323
f 1395/2063/1324 1397/2065/1324 1414/2110/1324
f 1397/2111/1325 1394/2060/1325 1408/2077/1325
f 1403/2074/1326 1406/2076/1326 1413/2112/1326
f 1406/2113/2301 1402/2071/2301 1410/2083/2301
f 1403/2074/2302 1318/1973/2302 1320/1975/2302
f 1407/2070/1329 1320/2693/1329 1317/1970/1329
f 1409/2080/1330 1411/2082/1330 1330/2115/1330
f 1330/1980/1331 1411/2700/1331 1408/2077/1331
f 1401/2068/1332 1317/1970/1332 1387/2052/1332
f 1317/1970/1332 1331/1986/1332 1387/2052/1332
f 1331/1986/1332 1345/2004/1332 1387/2052/1332
f 1345/2004/1332 1359/2020/1332 1387/2052/1332
f 1325/1981/1333 1340/2001/1333 1332/1989/1333
f 1409/2080/1334 1326/1984/1334 1318/1973/1334
f 1352/2012/1335 1338/1995/1335 1324/1978/1335
f 1324/1978/1335 1408/2077/1335 1394/2060/1335
f 1394/2060/1335 1380/2044/1335 1366/2028/1335
f 1366/2028/1335 1352/2012/1335 1394/2060/1335
f 1339/1998/1336 1354/2018/1336 1346/2007/1336
f 1353/2015/1337 1368/2098/1337 1360/2116/1337
f 1367/2031/1338 1382/2050/1338 1374/2039/1338
f 1381/2105/1339 1396/2066/1339 1388/2055/1339
f 1395/2063/1340 1410/2083/1340 1402/2071/1340
f 1415/2117/2303 1418/2259/2303 1419/2118/2303
f 1416/2120/2304 1420/2124/2304 1419/2121/2304
f 1417/2123/2305 1421/2233/2305 1419/2121/2305
f 1422/2125/2306 1425/2235/2306 1426/2126/2306
f 1423/2128/2307 1427/2132/2307 1426/2129/2307
f 1424/2131/2308 1428/2260/2308 1426/2129/2308
f 1429/2133/2309 1432/2702/2309 1433/2134/2309
f 1430/2136/2310 1434/2703/2310 1433/2137/2310
f 1431/2139/2311 1435/2237/2311 1433/2140/2311
f 1436/2142/2312 1439/2704/2312 1440/2143/2312
f 1437/2145/2313 1441/2236/2313 1440/2146/2313
f 1438/2148/2314 1442/2234/2314 1440/2149/2314
f 1443/2151/2315 1446/2705/2315 1447/2152/2315
f 1444/2154/2316 1448/2158/2316 1447/2155/2316
f 1445/2157/2317 1449/2240/2317 1447/2155/2317
f 1450/2159/2318 1453/2243/2318 1454/2160/2318
f 1451/2162/2319 1455/2166/2319 1454/2163/2319
f 1452/2165/2320 1456/2238/2320 1454/2163/2320
f 1457/2167/2321 1460/2706/2321 1461/2168/2321
f 1458/2170/2322 1462/2174/2322 1461/2171/2322
f 1459/2173/2323 1463/2244/2323 1461/2171/2323
f 1464/2175/2324 1467/2707/2324 1468/2176/2324
f 1465/2178/2325 1469/2182/2325 1468/2179/2325
f 1466/2181/2326 1470/2708/2326 1468/2179/2326
f 1471/2183/2327 1474/2245/2327 1475/2184/2327
f 1472/2186/2328 1476/2190/2328 1475/2187/2328
f 1473/2189/2329 1477/2709/2329 1475/2187/2329
f 1478/2191/2330 1481/2251/2330 1482/2192/2330
f 1479/2194/2331 1483/2198/2331 1482/2195/2331
f 1480/2197/2332 1484/2246/2332 1482/2195/2332
f 1485/2199/2333 1488/2710/2333 1489/2200/2333
f 1486/2202/2334 1490/2206/2334 1489/2203/2334
f 1487/2205/2335 1491/2252/2335 1489/2203/2335
f 1492/2207/2336 1495/2255/2336 1496/2208/2336
f 1493/2210/2337 1497/2214/2337 1496/2211/2337
f 1494/2213/2338 1498/2250/2338 1496/2211/2338
f 1499/2215/2339 1502/2253/2339 1503/2216/2339
f 1500/2218/2340 1504/2257/2340 1503/2219/2340
f 1501/2221/2341 1505/2258/2341 1503/2222/2341
f 1506/2224/2342 1509/2261/2342 1510/2225/2342
f 1507/2227/2343 1511/2256/2343 1510/2228/2343
f 1508/2230/2344 1512/2254/2344 1510/2231/2344
f 1417/2123/2345 1430/2136/2345 1432/2138/2345
f 1421/2119/1384 1432/2702/1384 1429/2133/1384
f 1423/2128/1385 1425/2130/1385 1442/2234/1385
f 1425/2235/2346 1422/2125/2346 1436/2142/2346
f 1416/2120/1387 1424/2131/1387 1427/2132/1387
f 1427/2132/2347 1423/2128/2347 1417/2123/2347
f 1431/2139/1389 1434/2141/1389 1441/2236/1389
f 1441/2150/1390 1434/2703/1390 1430/2136/1390
f 1444/2154/1391 1446/2156/1391 1435/2237/1391
f 1435/2135/1392 1446/2705/1392 1443/2151/1392
f 1437/2145/1393 1439/2147/1393 1456/2238/1393
f 1456/2161/1394 1439/2704/1394 1436/2142/1394
f 1451/2162/1395 1445/2157/1395 1448/2158/1395
f 1448/2158/1396 1444/2154/1396 1452/2165/1396
f 1445/2157/1397 1458/2262/1397 1460/2239/1397
f 1449/2153/1398 1460/2706/1398 1457/2167/1398
f 1466/2241/1399 1451/2162/1399 1453/2164/1399
f 1453/2243/1400 1450/2159/1400 1464/2175/1400
f 1465/2178/1401 1459/2173/1401 1462/2174/1401
f 1462/2174/2348 1458/2170/2348 1466/2181/2348
f 1459/2173/1403 1472/2186/1403 1474/2188/1403
f 1474/2245/1404 1471/2183/1404 1457/2167/1404
f 1465/2178/1405 1467/2180/1405 1484/2246/1405
f 1484/2193/1406 1467/2707/1406 1464/2175/1406
f 1479/2194/1407 1473/2189/1407 1476/2190/1407
f 1483/2198/1408 1476/2190/1408 1472/2186/1408
f 1473/2247/1409 1486/2202/1409 1488/2204/1409
f 1477/2185/1410 1488/2710/1410 1485/2199/1410
f 1479/2249/1411 1481/2711/1411 1498/2250/1411
f 1481/2251/1412 1478/2191/1412 1492/2207/1412
f 1487/2205/1413 1490/2206/1413 1497/2214/1413
f 1490/2206/1414 1486/2202/1414 1494/2213/1414
f 1500/2218/1415 1502/2220/1415 1491/2252/1415
f 1502/2253/2349 1499/2215/2349 1485/2199/2349
f 1508/2230/1417 1493/2210/1417 1495/2212/1417
f 1495/2255/1418 1492/2207/1418 1506/2224/1418
f 1507/2227/1419 1501/2221/1419 1504/2223/1419
f 1504/2257/2350 1500/2218/2350 1508/2230/2350
f 1416/2120/1421 1418/2122/1421 1505/2258/1421
f 1418/2259/1422 1415/2117/1422 1499/2215/1422
f 1424/2131/1423 1507/2227/1423 1509/2229/1423
f 1509/2261/1424 1506/2224/1424 1422/2125/1424
f 1499/2215/1425 1415/2117/1425 1429/2133/1425
f 1429/2133/1425 1443/2151/1425 1457/2167/1425
f 1457/2167/1425 1471/2183/1425 1429/2133/1425
f 1471/2183/1425 1485/2199/1425 1429/2133/1425
f 1417/2123/1426 1423/2128/1426 1438/2148/1426
f 1507/2227/1427 1424/2131/1427 1416/2120/1427
f 1450/2159/1428 1436/2142/1428 1422/2125/1428
f 1422/2125/1428 1506/2224/1428 1492/2207/1428
f 1492/2207/1428 1478/2191/1428 1464/2175/1428
f 1464/2175/1428 1450/2159/1428 1422/2125/1428
f 1437/2145/1429 1452/2165/1429 1444/2154/1429
f 1445/2157/1430 1451/2162/1430 1466/2241/1430
f 1465/2178/1431 1480/2197/1431 1472/2186/1431
f 1473/2247/2351 1479/2249/2351 1494/2213/2351
f 1493/2210/1433 1508/2230/1433 1500/2218/1433
f 1513/2263/2352 1516/2405/2352 1517/2264/2352
f 1514/2266/2353 1518/2270/2353 1517/2267/2353
f 1515/2269/2354 1519/2379/2354 1517/2267/2354
f 1520/2271/2355 1523/2712/2355 1524/2272/2355
f 1521/2274/2356 1525/2278/2356 1524/2275/2356
f 1522/2277/2357 1526/2406/2357 1524/2275/2357
f 1527/2279/2358 1530/2713/2358 1531/2280/2358
f 1528/2282/2359 1532/2382/2359 1531/2283/2359
f 1529/2285/2360 1533/2383/2360 1531/2286/2360
f 1534/2288/2361 1537/2386/2361 1538/2289/2361
f 1535/2291/2362 1539/2381/2362 1538/2292/2362
f 1536/2294/2363 1540/2380/2363 1538/2295/2363
f 1541/2297/2364 1544/2384/2364 1545/2298/2364
f 1542/2300/2365 1546/2304/2365 1545/2301/2365
f 1543/2303/2366 1547/2388/2366 1545/2301/2366
f 1548/2305/2367 1551/2392/2367 1552/2306/2367
f 1549/2308/2368 1553/2312/2368 1552/2309/2368
f 1550/2311/2369 1554/2385/2369 1552/2309/2369
f 1555/2313/2370 1558/2389/2370 1559/2314/2370
f 1556/2316/2371 1560/2320/2371 1559/2317/2371
f 1557/2319/2372 1561/2393/2372 1559/2317/2372
f 1562/2321/2373 1565/2714/2373 1566/2322/2373
f 1563/2324/2374 1567/2328/2374 1566/2325/2374
f 1564/2327/2375 1568/2715/2375 1566/2325/2375
f 1569/2329/2376 1572/2716/2376 1573/2330/2376
f 1570/2332/2377 1574/2336/2377 1573/2333/2377
f 1571/2335/2378 1575/2717/2378 1573/2333/2378
f 1576/2337/2379 1579/2718/2379 1580/2338/2379
f 1577/2340/2380 1581/2344/2380 1580/2341/2380
f 1578/2343/2381 1582/2394/2381 1580/2341/2381
f 1583/2345/2382 1586/2719/2382 1587/2346/2382
f 1584/2348/2383 1588/2352/2383 1587/2349/2383
f 1585/2351/2384 1589/2399/2384 1587/2349/2384
f 1590/2353/2385 1593/2402/2385 1594/2354/2385
f 1591/2356/2386 1595/2360/2386 1594/2357/2386
f 1592/2359/2387 1596/2398/2387 1594/2357/2387
f 1597/2361/2388 1600/2400/2388 1601/2362/2388
f 1598/2364/2389 1602/2720/2389 1601/2365/2389
f 1599/2367/2390 1603/2404/2390 1601/2368/2390
f 1604/2370/2391 1607/2407/2391 1608/2371/2391
f 1605/2373/2392 1609/2403/2392 1608/2374/2392
f 1606/2376/2393 1610/2401/2393 1608/2377/2393
f 1515/2269/1476 1528/2282/1476 1530/2284/1476
f 1519/2265/1477 1530/2713/1477 1527/2279/1477
f 1521/2274/1478 1523/2276/1478 1540/2380/1478
f 1540/2290/1479 1523/2712/1479 1520/2271/1479
f 1522/2277/1480 1525/2278/1480 1518/2270/1480
f 1525/2278/1481 1521/2274/1481 1515/2269/1481
f 1535/2291/2394 1529/2285/2394 1532/2287/2394
f 1532/2382/1483 1528/2282/1483 1536/2294/1483
f 1529/2285/1484 1542/2300/1484 1544/2302/1484
f 1544/2384/1485 1541/2297/1485 1527/2279/1485
f 1550/2311/1486 1535/2291/1486 1537/2293/1486
f 1537/2386/1487 1534/2288/1487 1548/2305/1487
f 1543/2303/1488 1546/2304/1488 1553/2312/1488
f 1553/2312/1489 1546/2304/1489 1542/2300/1489
f 1556/2387/2395 1558/2721/2395 1547/2388/2395
f 1558/2389/2396 1555/2313/2396 1541/2297/2396
f 1564/2390/1492 1549/2308/1492 1551/2310/1492
f 1551/2392/1493 1548/2305/1493 1562/2321/1493
f 1557/2319/1494 1560/2320/1494 1567/2328/1494
f 1560/2320/1495 1556/2316/1495 1564/2327/1495
f 1570/2332/1496 1572/2334/1496 1561/2393/1496
f 1561/2315/1497 1572/2716/1497 1569/2329/1497
f 1578/2343/1498 1563/2324/1498 1565/2326/1498
f 1582/2339/1499 1565/2714/1499 1562/2321/1499
f 1571/2335/1500 1574/2336/1500 1581/2344/1500
f 1581/2344/2397 1574/2336/2397 1570/2332/2397
f 1584/2348/2398 1586/2350/2398 1575/2395/2398
f 1575/2331/1503 1586/2719/1503 1583/2345/1503
f 1577/2397/1504 1579/2722/1504 1596/2398/1504
f 1596/2355/1505 1579/2718/1505 1576/2337/1505
f 1591/2356/1506 1585/2351/1506 1588/2352/1506
f 1588/2352/1507 1584/2348/1507 1592/2359/1507
f 1585/2351/1508 1598/2364/1508 1600/2366/1508
f 1600/2400/1509 1597/2361/1509 1583/2345/1509
f 1591/2356/1510 1593/2358/1510 1610/2401/1510
f 1593/2402/1511 1590/2353/1511 1604/2370/1511
f 1599/2367/1512 1602/2369/1512 1609/2403/1512
f 1609/2378/2399 1602/2720/2399 1598/2364/2399
f 1514/2266/1514 1516/2268/1514 1603/2404/1514
f 1516/2405/1515 1513/2263/1515 1597/2361/1515
f 1522/2277/1516 1605/2373/1516 1607/2375/1516
f 1607/2407/1517 1604/2370/1517 1520/2271/1517
f 1597/2361/1518 1513/2263/1518 1583/2345/1518
f 1513/2263/1518 1527/2279/1518 1583/2345/1518
f 1527/2279/1518 1541/2297/1518 1555/2313/1518
f 1555/2313/1518 1569/2329/1518 1583/2345/1518
f 1521/2274/2400 1536/2294/2400 1528/2282/2400
f 1605/2373/1520 1522/2277/1520 1514/2266/1520
f 1548/2305/1521 1534/2288/1521 1562/2321/1521
f 1534/2288/1521 1520/2271/1521 1562/2321/1521
f 1520/2271/1521 1604/2370/1521 1562/2321/1521
f 1604/2370/1521 1590/2353/1521 1562/2321/1521
f 1535/2291/1522 1550/2311/1522 1542/2300/1522
f 1549/2308/1523 1564/2390/1523 1556/2387/1523
f 1563/2324/1524 1578/2343/1524 1570/2332/1524
f 1571/2396/1525 1577/2397/1525 1592/2359/1525
f 1591/2356/1526 1606/2376/1526 1598/2364/1526
f 1611/2408/2401 1614/2551/2401 1615/2409/2401
f 1612/2411/2402 1616/2415/2402 1615/2412/2402
f 1613/2414/2403 1617/2524/2403 1615/2412/2403
f 1618/2416/2404 1621/2526/2404 1622/2417/2404
f 1619/2419/2405 1623/2423/2405 1622/2420/2405
f 1620/2422/2406 1624/2552/2406 1622/2420/2406
f 1625/2424/2407 1628/2723/2407 1629/2425/2407
f 1626/2427/2408 1630/2724/2408 1629/2428/2408
f 1627/2430/2409 1631/2528/2409 1629/2431/2409
f 1632/2433/2410 1635/2531/2410 1636/2434/2410
f 1633/2436/2411 1637/2527/2411 1636/2437/2411
f 1634/2439/2412 1638/2525/2412 1636/2440/2412
f 1639/2442/2413 1642/2529/2413 1643/2443/2413
f 1640/2445/2414 1644/2449/2414 1643/2446/2414
f 1641/2448/2415 1645/2533/2415 1643/2446/2415
f 1646/2450/2416 1649/2725/2416 1650/2451/2416
f 1647/2453/2417 1651/2457/2417 1650/2454/2417
f 1648/2456/2418 1652/2530/2418 1650/2454/2418
f 1653/2458/2419 1656/2534/2419 1657/2459/2419
f 1654/2461/2420 1658/2465/2420 1657/2462/2420
f 1655/2464/2421 1659/2537/2421 1657/2462/2421
f 1660/2466/2422 1663/2539/2422 1664/2467/2422
f 1661/2469/2423 1665/2473/2423 1664/2470/2423
f 1662/2472/2424 1666/2726/2424 1664/2470/2424
f 1667/2474/2425 1670/2727/2425 1671/2475/2425
f 1668/2477/2426 1672/2481/2426 1671/2478/2426
f 1669/2480/2427 1673/2728/2427 1671/2478/2427
f 1674/2482/2428 1677/2544/2428 1678/2483/2428
f 1675/2485/2429 1679/2489/2429 1678/2486/2429
f 1676/2488/2430 1680/2538/2430 1678/2486/2430
f 1681/2490/2431 1684/2729/2431 1685/2491/2431
f 1682/2493/2432 1686/2497/2432 1685/2494/2432
f 1683/2496/2433 1687/2545/2433 1685/2494/2433
f 1688/2498/2434 1691/2548/2434 1692/2499/2434
f 1689/2501/2435 1693/2505/2435 1692/2502/2435
f 1690/2504/2436 1694/2543/2436 1692/2502/2436
f 1695/2506/2437 1698/2546/2437 1699/2507/2437
f 1696/2509/2438 1700/2730/2438 1699/2510/2438
f 1697/2512/2439 1701/2550/2439 1699/2513/2439
f 1702/2515/2440 1705/2553/2440 1706/2516/2440
f 1703/2518/2441 1707/2549/2441 1706/2519/2441
f 1704/2521/2442 1708/2547/2442 1706/2522/2442
f 1626/2427/1569 1628/2429/1569 1617/2524/1569
f 1617/2410/1570 1628/2723/1570 1625/2424/1570
f 1619/2419/1571 1621/2421/1571 1638/2525/1571
f 1621/2526/1572 1618/2416/1572 1632/2433/1572
f 1612/2411/1573 1620/2422/1573 1623/2423/1573
f 1623/2423/1574 1619/2419/1574 1613/2414/1574
f 1627/2430/1575 1630/2432/1575 1637/2527/1575
f 1637/2441/1576 1630/2724/1576 1626/2427/1576
f 1627/2430/1577 1640/2445/1577 1642/2447/1577
f 1642/2529/1578 1639/2442/1578 1625/2424/1578
f 1633/2436/1579 1635/2438/1579 1652/2530/1579
f 1635/2531/1580 1632/2433/1580 1646/2450/1580
f 1641/2448/1581 1644/2449/1581 1651/2457/1581
f 1644/2449/1582 1640/2445/1582 1648/2456/1582
f 1654/2532/1583 1656/2731/1583 1645/2533/1583
f 1656/2534/1584 1653/2458/1584 1639/2442/1584
f 1662/2535/1585 1647/2453/1585 1649/2455/1585
f 1666/2468/1586 1649/2725/1586 1646/2450/1586
f 1661/2469/1587 1655/2464/1587 1658/2465/1587
f 1665/2473/1588 1658/2465/1588 1654/2461/1588
f 1655/2464/1589 1668/2477/1589 1670/2479/1589
f 1659/2460/1590 1670/2727/1590 1667/2474/1590
f 1676/2488/1591 1661/2469/1591 1663/2471/1591
f 1663/2539/1592 1660/2466/1592 1674/2482/1592
f 1669/2480/1593 1672/2481/1593 1679/2489/1593
f 1672/2481/1594 1668/2477/1594 1676/2488/1594
f 1669/2540/1595 1682/2493/1595 1684/2495/1595
f 1673/2476/1596 1684/2729/1596 1681/2490/1596
f 1675/2542/1597 1677/2732/1597 1694/2543/1597
f 1677/2544/1598 1674/2482/1598 1688/2498/1598
f 1689/2501/2443 1683/2496/2443 1686/2497/2443
f 1693/2505/1600 1686/2497/1600 1682/2493/1600
f 1696/2509/1601 1698/2511/1601 1687/2545/1601
f 1698/2546/1602 1695/2506/1602 1681/2490/1602
f 1704/2521/1603 1689/2501/1603 1691/2503/1603
f 1691/2548/1604 1688/2498/1604 1702/2515/1604
f 1703/2518/1605 1697/2512/1605 1700/2514/1605
f 1707/2523/1606 1700/2730/1606 1696/2509/1606
f 1697/2512/1607 1612/2411/1607 1614/2413/1607
f 1614/2551/1608 1611/2408/1608 1695/2506/1608
f 1703/2518/1609 1705/2520/1609 1624/2552/1609
f 1705/2553/1610 1702/2515/1610 1618/2416/1610
f 1695/2506/1611 1611/2408/1611 1625/2424/1611
f 1625/2424/1611 1639/2442/1611 1681/2490/1611
f 1639/2442/1611 1653/2458/1611 1681/2490/1611
f 1653/2458/1611 1667/2474/1611 1681/2490/1611
f 1613/2414/1612 1619/2419/1612 1634/2439/1612
f 1703/2518/1613 1620/2422/1613 1612/2411/1613
f 1646/2450/1614 1632/2433/1614 1618/2416/1614
f 1618/2416/1614 1702/2515/1614 1688/2498/1614
f 1688/2498/1614 1674/2482/1614 1618/2416/1614
f 1674/2482/1614 1660/2466/1614 1618/2416/1614
f 1633/2436/1615 1648/2456/1615 1640/2445/1615
f 1647/2453/1616 1662/2535/1616 1654/2532/1616
f 1655/2464/1617 1661/2469/1617 1676/2488/1617
f 1675/2542/1618 1690/2504/1618 1682/2493/1618
f 1689/2501/1619 1704/2521/1619 1696/2509/1619
usemtl iron
f 477/720/451 481/721/451 483/722/451
f 478/723/452 481/721/452 480/724/452
f 483/722/453 482/725/453 479/726/453
f 484/727/454 488/728/454 490/729/454
f 485/730/455 488/728/455 487/731/455
f 490/729/456 489/732/456 486/733/456
f 491/734/457 495/735/457 497/736/457
f 496/737/458 494/738/458 492/739/458
f 493/740/459 495/735/459 496/737/459
f 498/741/460 502/742/460 504/743/460
f 499/744/461 502/742/461 501/745/461
f 504/743/462 503/746/462 500/747/462
f 505/748/463 509/749/463 511/750/463
f 510/751/464 508/752/464 506/753/464
f 507/754/465 509/749/465 510/751/465
f 512/755/466 516/756/466 518/757/466
f 513/758/467 516/756/467 515/759/467
f 518/757/468 517/760/468 514/761/468
f 519/762/469 523/763/469 525/764/469
f 520/765/470 523/763/470 522/766/470
f 525/764/471 524/767/471 521/768/471
f 526/769/472 530/770/472 532/771/472
f 531/772/473 529/773/473 527/774/473
f 528/775/474 530/770/474 531/772/474
f 477/720/475 494/738/475 491/734/475
f 494/738/476 479/726/476 492/739/476
f 484/776/477 482/777/477 478/778/477
f 482/777/478 486/779/478 479/780/478
f 498/741/479 489/732/479 485/730/479
f 504/743/480 486/733/480 489/732/480
f 499/781/481 496/782/481 503/783/481
f 496/782/482 500/784/482 503/783/482
f 519/762/483 497/736/483 522/766/483
f 497/736/484 520/765/484 522/766/484
f 526/769/485 501/745/485 498/741/485
f 532/771/486 499/744/486 501/745/486
f 521/785/487 531/786/487 527/787/487
f 531/786/488 520/788/488 528/789/488
f 505/748/489 525/764/489 508/752/489
f 525/764/490 506/753/490 508/752/490
f 526/769/491 518/757/491 529/773/491
f 529/773/492 514/761/492 527/774/492
f 507/790/493 517/791/493 513/792/493
f 510/793/494 514/794/494 517/791/494
f 477/720/495 511/750/495 480/724/495
f 511/750/496 478/723/496 480/724/496
f 512/755/497 487/731/497 515/759/497
f 515/759/498 484/727/498 513/758/498
f 519/762/499 477/720/499 491/734/499
f 479/795/500 500/796/500 492/797/500
f 507/790/501 484/776/501 478/778/501
f 526/769/502 485/730/502 512/755/502
f 499/781/503 520/788/503 493/798/503
f 527/799/504 506/800/504 521/801/504
f 477/720/1830 480/724/1830 481/721/1830
f 478/723/1831 482/725/1831 481/721/1831
f 483/722/1832 481/721/1832 482/725/1832
f 484/727/1833 487/731/1833 488/728/1833
f 485/730/1834 489/732/1834 488/728/1834
f 490/729/1835 488/728/1835 489/732/1835
f 491/734/1836 494/738/1836 495/735/1836
f 496/737/1837 495/735/1837 494/738/1837
f 493/740/1838 497/736/1838 495/735/1838
f 498/741/1839 501/745/1839 502/742/1839
f 499/744/1840 503/746/1840 502/742/1840
f 504/743/1841 502/742/1841 503/746/1841
f 505/748/1842 508/752/1842 509/749/1842
f 510/751/1843 509/749/1843 508/752/1843
f 507/754/1844 511/750/1844 509/749/1844
f 512/755/1845 515/759/1845 516/756/1845
f 513/758/1846 517/760/1846 516/756/1846
f 518/757/1847 516/756/1847 517/760/1847
f 519/762/1848 522/766/1848 523/763/1848
f 520/765/1849 524/767/1849 523/763/1849
f 525/764/1850 523/763/1850 524/767/1850
f 526/769/1851 529/773/1851 530/770/1851
f 531/772/1852 530/770/1852 529/773/1852
f 528/775/1853 532/771/1853 530/770/1853
f 477/720/475 483/722/475 494/738/475
f 494/738/1854 483/722/1854 479/726/1854
f 484/776/477 490/2607/477 482/777/477
f 482/777/478 490/2607/478 486/779/478
f 498/741/479 504/743/479 489/732/479
f 504/743/1855 500/747/1855 486/733/1855
f 499/781/481 493/798/481 496/782/481
f 496/782/1856 492/2608/1856 500/784/1856
f 519/762/1857 491/734/1857 497/736/1857
f 497/736/484 493/740/484 520/765/484
f 526/769/485 532/771/485 501/745/485
f 532/771/1858 528/775/1858 499/744/1858
f 521/785/487 524/2609/487 531/786/487
f 531/786/488 524/2609/488 520/788/488
f 505/748/489 519/762/489 525/764/489
f 525/764/490 521/768/490 506/753/490
f 526/769/491 512/755/491 518/757/491
f 529/773/1859 518/757/1859 514/761/1859
f 507/790/493 510/793/493 517/791/493
f 510/793/494 506/2610/494 514/794/494
f 477/720/1860 505/748/1860 511/750/1860
f 511/750/1861 507/754/1861 478/723/1861
f 512/755/497 485/730/497 487/731/497
f 515/759/498 487/731/498 484/727/498
f 519/762/499 505/748/499 477/720/499
f 479/795/500 486/2611/500 500/796/500
f 507/790/501 513/792/501 484/776/501
f 526/769/502 498/741/502 485/730/502
f 499/781/503 528/789/503 520/788/503
f 527/799/504 514/2612/504 506/800/504
