# Blender 4.5.10 LTS
# www.blender.org
mtllib stoker_trough_bench.mtl
o stoker_trough_bench
v 0.552662 0.000116 -0.293846
v 0.552683 0.006375 -0.301030
v 0.555117 0.006335 -0.293842
v 0.557179 0.513873 -0.299718
v 0.557268 0.520094 -0.292502
v 0.559613 0.513833 -0.292529
v 0.555410 -0.001423 0.291745
v 0.557865 0.004796 0.291750
v 0.555499 0.004798 0.298961
v 0.560017 0.518555 0.293090
v 0.559995 0.512297 0.300274
v 0.562361 0.512294 0.293062
v 0.357471 0.001843 -0.292926
v 0.355127 0.008104 -0.292898
v 0.357493 0.008102 -0.300110
v 0.362078 0.521821 -0.291581
v 0.361989 0.515600 -0.298797
v 0.359623 0.515602 -0.291586
v 0.360220 0.000304 0.292666
v 0.360309 0.006525 0.299882
v 0.357875 0.006565 0.292693
v 0.364826 0.520282 0.294010
v 0.362371 0.514064 0.294006
v 0.364805 0.514024 0.301194
v 0.584295 0.003710 -0.325509
v 0.584180 0.004592 -0.333423
v 0.587410 0.004568 -0.325548
v 0.583798 0.072910 -0.333059
v 0.583904 0.073708 -0.325135
v 0.587029 0.072886 -0.325183
v 0.593285 0.000323 0.318580
v 0.596400 0.001181 0.318541
v 0.593391 0.001121 0.326503
v 0.592894 0.070321 0.318953
v 0.593009 0.069439 0.326868
v 0.596018 0.069498 0.318905
v 0.330564 0.002274 -0.321975
v 0.327440 0.003097 -0.321927
v 0.330449 0.003156 -0.329889
v 0.330173 0.072272 -0.321601
v 0.330067 0.071474 -0.329525
v 0.327058 0.071415 -0.321562
v 0.339553 -0.001113 0.322113
v 0.339659 -0.000314 0.330037
v 0.336429 -0.000290 0.322161
v 0.339163 0.068885 0.322487
v 0.336048 0.068028 0.322526
v 0.339278 0.068004 0.330402
v -0.357462 0.003365 -0.294097
v -0.357464 0.009642 -0.301265
v -0.355139 0.009633 -0.294040
v -0.363665 0.517117 -0.298663
v -0.363815 0.523319 -0.291431
v -0.361339 0.517109 -0.291438
v -0.363473 0.000289 0.291464
v -0.361150 0.006558 0.291521
v -0.363624 0.006491 0.298696
v -0.369826 0.520243 0.294130
v -0.369824 0.513966 0.301298
v -0.367351 0.514033 0.294123
v -0.552637 0.000990 -0.296113
v -0.555113 0.007201 -0.296106
v -0.552640 0.007268 -0.303281
v -0.558990 0.520945 -0.293447
v -0.558840 0.514743 -0.300679
v -0.561314 0.514676 -0.293504
v -0.558649 -0.002085 0.289448
v -0.558799 0.004116 0.296679
v -0.561125 0.004125 0.289455
v -0.565002 0.517869 0.292114
v -0.567325 0.511600 0.292057
v -0.564999 0.511592 0.299281
v -0.332930 -0.000491 -0.321692
v -0.332960 0.000373 -0.329610
v -0.329809 0.000344 -0.321702
v -0.332831 0.068693 -0.329404
v -0.332798 0.069509 -0.321482
v -0.329679 0.068663 -0.321497
v -0.330374 -0.002431 0.322460
v -0.327253 -0.001597 0.322450
v -0.330341 -0.001615 0.330382
v -0.330242 0.067568 0.322670
v -0.330212 0.066704 0.330588
v -0.327123 0.066722 0.322655
v -0.586688 -0.000013 -0.320684
v -0.589806 0.000833 -0.320669
v -0.586718 0.000851 -0.328601
v -0.586555 0.069987 -0.320473
v -0.586588 0.069171 -0.328396
v -0.589677 0.069153 -0.320464
v -0.584132 -0.001954 0.323468
v -0.584099 -0.001138 0.331391
v -0.587250 -0.001108 0.323483
v -0.583999 0.068046 0.323679
v -0.587121 0.067212 0.323688
v -0.583969 0.067182 0.331596
v 0.631977 0.504454 -0.377883
v 0.631888 0.506440 -0.386988
v 0.647575 0.506388 -0.378019
v 0.631763 0.662596 -0.385861
v 0.631849 0.664450 -0.376728
v 0.647450 0.662544 -0.376892
v 0.639109 0.499108 0.363824
v 0.654707 0.501042 0.363688
v 0.639196 0.500962 0.372957
v 0.638981 0.659104 0.364978
v 0.639070 0.657118 0.374084
v 0.654582 0.657198 0.364814
v -0.636763 0.503349 -0.365691
v -0.652364 0.505255 -0.365527
v -0.636853 0.505335 -0.374796
v -0.636892 0.663345 -0.364536
v -0.636978 0.661490 -0.373670
v -0.652489 0.661411 -0.364400
v -0.629631 0.498003 0.376015
v -0.629545 0.499857 0.385149
v -0.645232 0.499909 0.376179
v -0.629760 0.657998 0.377170
v -0.645357 0.656065 0.377306
v -0.629670 0.656013 0.386275
v 0.593332 0.654160 -0.364903
v 0.593289 0.657766 -0.365960
v 0.600261 0.657819 -0.364965
v 0.590797 0.950550 -0.364148
v 0.590780 0.954143 -0.363046
v 0.597769 0.950603 -0.363153
v 0.594401 0.653625 -0.277071
v 0.601330 0.657285 -0.277133
v 0.594384 0.657218 -0.275969
v 0.591848 0.953608 -0.275214
v 0.591892 0.950002 -0.274157
v 0.598838 0.950068 -0.275321
v 0.027315 0.649300 -0.358044
v 0.020325 0.652840 -0.357937
v 0.027271 0.652907 -0.359102
v 0.024762 0.949284 -0.356187
v 0.024780 0.945690 -0.357290
v 0.017833 0.945624 -0.356125
v 0.028384 0.648766 -0.270212
v 0.028366 0.652359 -0.269110
v 0.021394 0.652306 -0.270106
v 0.025831 0.948749 -0.268356
v 0.018902 0.945090 -0.268294
v 0.025875 0.945143 -0.267298
v 0.596509 0.652154 0.273799
v 0.596474 0.655740 0.272673
v 0.603423 0.655841 0.273814
v 0.592847 0.948494 0.268940
v 0.592792 0.952107 0.269974
v 0.599796 0.948594 0.270081
v 0.595731 0.653265 0.361629
v 0.602645 0.656951 0.361643
v 0.595677 0.656878 0.362663
v 0.592015 0.953217 0.357804
v 0.592050 0.949631 0.358930
v 0.599018 0.949705 0.357910
v 0.030494 0.645079 0.268875
v 0.023491 0.648591 0.268769
v 0.030459 0.648665 0.267750
v 0.026778 0.945031 0.265050
v 0.026832 0.941418 0.264017
v 0.019864 0.941345 0.265036
v 0.029717 0.646189 0.356705
v 0.029662 0.649802 0.357739
v 0.022713 0.649702 0.356598
v 0.026000 0.946142 0.352880
v 0.019086 0.942455 0.352865
v 0.026035 0.942556 0.354006
v 0.603173 0.654279 -0.263761
v 0.603230 0.657958 -0.270196
v 0.604245 0.657881 -0.263706
v 0.602587 0.950736 -0.266632
v 0.602515 0.954256 -0.260109
v 0.603602 0.950659 -0.260142
v 0.597899 0.647852 0.263213
v 0.598971 0.651454 0.263268
v 0.597826 0.651373 0.269736
v 0.597240 0.947829 0.266865
v 0.597183 0.944151 0.273301
v 0.598328 0.944232 0.266832
v 0.515337 0.654097 -0.264642
v 0.514250 0.657695 -0.264609
v 0.515394 0.657776 -0.271078
v 0.514679 0.954074 -0.260990
v 0.514752 0.950554 -0.267513
v 0.513607 0.950472 -0.261045
v 0.510063 0.647670 0.262332
v 0.509990 0.651191 0.268855
v 0.508975 0.651268 0.262365
v 0.509405 0.947647 0.265984
v 0.508333 0.944045 0.265929
v 0.509348 0.943969 0.272419
v 0.109541 0.647120 -0.263464
v 0.109583 0.650685 -0.269963
v 0.110614 0.650722 -0.263475
v 0.108967 0.943480 -0.271527
v 0.108910 0.947115 -0.265067
v 0.109997 0.943517 -0.265039
v 0.105545 0.649926 0.263553
v 0.106618 0.653529 0.263542
v 0.105489 0.653561 0.270014
v 0.104914 0.949921 0.261951
v 0.104872 0.946356 0.268450
v 0.106001 0.946324 0.261978
v 0.021704 0.646931 -0.264129
v 0.020616 0.650529 -0.264157
v 0.021745 0.650497 -0.270628
v 0.021073 0.946926 -0.265732
v 0.021129 0.943292 -0.272192
v 0.020000 0.943324 -0.265721
v 0.017708 0.649738 0.262888
v 0.017651 0.653372 0.269349
v 0.016620 0.653336 0.262861
v 0.017077 0.949733 0.261286
v 0.016004 0.946131 0.261297
v 0.017035 0.946167 0.267785
v 0.596102 0.644290 -0.349355
v 0.596164 0.645140 -0.358006
v 0.603072 0.645174 -0.349324
v 0.597015 0.723210 -0.358989
v 0.596974 0.724279 -0.350362
v 0.603923 0.723243 -0.350307
v 0.591918 0.653185 0.353297
v 0.598888 0.654069 0.353327
v 0.591877 0.654254 0.361924
v 0.592791 0.733173 0.352289
v 0.592729 0.732323 0.360940
v 0.599740 0.732138 0.352344
v 0.030065 0.650420 -0.352802
v 0.023116 0.651455 -0.352857
v 0.030127 0.651271 -0.361453
v 0.030938 0.730409 -0.353809
v 0.030979 0.729340 -0.362437
v 0.023968 0.729524 -0.353840
v 0.025882 0.659315 0.349849
v 0.025841 0.660384 0.358476
v 0.018933 0.660350 0.349795
v 0.026755 0.739304 0.348842
v 0.019785 0.738419 0.348811
v 0.026693 0.738453 0.357493
v 0.200274 0.736936 -0.192701
v 0.199727 0.737471 -0.193342
v 0.200876 0.737531 -0.193228
v 0.194978 0.831560 -0.194805
v 0.195467 0.832167 -0.194182
v 0.196127 0.831620 -0.194692
v 0.285475 0.742854 -0.088669
v 0.286078 0.743450 -0.089196
v 0.285964 0.743462 -0.088046
v 0.280669 0.838086 -0.090150
v 0.281215 0.837550 -0.089510
v 0.281329 0.837538 -0.090660
v 0.096294 0.733016 -0.107319
v 0.095634 0.733563 -0.106810
v 0.095748 0.733551 -0.107960
v 0.091488 0.828247 -0.108801
v 0.090999 0.827640 -0.109423
v 0.090885 0.827652 -0.108273
v 0.181496 0.738934 -0.003287
v 0.181985 0.739542 -0.002664
v 0.180836 0.739482 -0.002778
v 0.176690 0.834166 -0.004769
v 0.176087 0.833570 -0.004241
v 0.177236 0.833630 -0.004128
v 0.481448 0.730100 -0.005406
v 0.480662 0.730597 -0.006464
v 0.482195 0.731047 -0.006133
v 0.446800 0.858181 -0.022845
v 0.447175 0.859233 -0.021987
v 0.448334 0.858631 -0.022515
v 0.577053 0.775729 0.152343
v 0.577800 0.776676 0.151616
v 0.577428 0.776781 0.153202
v 0.542780 0.904862 0.135763
v 0.543566 0.904364 0.136820
v 0.543938 0.904260 0.135235
v 0.324518 0.701715 0.097912
v 0.323359 0.702318 0.098440
v 0.323732 0.702213 0.096854
v 0.290245 0.830849 0.081331
v 0.289870 0.829797 0.080472
v 0.289498 0.829901 0.082058
v 0.420123 0.747344 0.255661
v 0.420498 0.748396 0.256520
v 0.418964 0.747947 0.256189
v 0.385850 0.876478 0.239081
v 0.385102 0.875531 0.239808
v 0.386636 0.875980 0.240138
v 0.292662 0.790732 -0.136826
v 0.291633 0.791285 -0.137100
v 0.292855 0.791500 -0.137728
v 0.274579 0.903200 -0.131982
v 0.275401 0.904006 -0.131645
v 0.275801 0.903415 -0.132610
v 0.445087 0.811655 -0.086459
v 0.445280 0.812422 -0.087361
v 0.445910 0.812462 -0.086122
v 0.427827 0.924929 -0.081279
v 0.428856 0.924377 -0.081004
v 0.428227 0.924337 -0.082243
v 0.243866 0.776268 0.016856
v 0.243466 0.776860 0.017820
v 0.242837 0.776821 0.016581
v 0.226605 0.889543 0.022036
v 0.225783 0.888736 0.021699
v 0.226413 0.888775 0.022938
v 0.396291 0.797191 0.067222
v 0.397114 0.797998 0.067559
v 0.395892 0.797783 0.068186
v 0.379031 0.910466 0.072402
v 0.378838 0.909698 0.073305
v 0.380060 0.909913 0.072677
v 0.460949 0.732364 -0.193008
v 0.460863 0.732896 -0.194175
v 0.461910 0.733203 -0.193162
v 0.446955 0.851503 -0.215693
v 0.446872 0.852412 -0.214787
v 0.448002 0.851810 -0.214680
v 0.461158 0.763331 -0.022451
v 0.462119 0.764170 -0.022604
v 0.461075 0.764240 -0.021545
v 0.447081 0.883379 -0.044230
v 0.447167 0.882846 -0.043063
v 0.448211 0.882777 -0.044122
v 0.288745 0.712852 -0.189254
v 0.287615 0.713454 -0.189362
v 0.288659 0.713384 -0.190421
v 0.274668 0.832899 -0.211033
v 0.274751 0.831991 -0.211939
v 0.273706 0.832060 -0.210880
v 0.288954 0.743819 -0.018697
v 0.288871 0.744727 -0.017791
v 0.287824 0.744421 -0.018804
v 0.274877 0.863866 -0.040476
v 0.273916 0.863028 -0.040322
v 0.274963 0.863334 -0.039309
v 0.391331 0.738659 -0.094185
v 0.390286 0.739198 -0.094598
v 0.391616 0.739461 -0.095095
v 0.368458 0.854760 -0.091918
v 0.369237 0.855624 -0.091473
v 0.369788 0.855023 -0.092414
v 0.541434 0.765372 -0.023499
v 0.541720 0.766174 -0.024409
v 0.542213 0.766236 -0.023054
v 0.519341 0.882338 -0.020787
v 0.520385 0.881798 -0.020374
v 0.519891 0.881736 -0.021729
v 0.322499 0.722122 0.058229
v 0.321949 0.722724 0.059171
v 0.321455 0.722662 0.057816
v 0.300406 0.839088 0.060942
v 0.299627 0.838224 0.060496
v 0.300120 0.838286 0.061851
v 0.472603 0.748836 0.128915
v 0.473382 0.749700 0.129361
v 0.472053 0.749437 0.129857
v 0.450510 0.865802 0.131628
v 0.450224 0.864999 0.132537
v 0.451554 0.865262 0.132041
v 0.316277 0.775901 -0.091089
v 0.315235 0.776464 -0.091265
v 0.316389 0.776658 -0.092010
v 0.300254 0.888419 -0.085349
v 0.301114 0.889215 -0.085101
v 0.301408 0.888613 -0.086094
v 0.472902 0.795020 -0.056277
v 0.473014 0.795777 -0.057198
v 0.473762 0.795816 -0.056029
v 0.457739 0.908335 -0.050289
v 0.458781 0.907771 -0.050114
v 0.458033 0.907732 -0.051282
v 0.282819 0.763098 0.066472
v 0.282525 0.763700 0.067465
v 0.281777 0.763662 0.066297
v 0.267656 0.876412 0.072460
v 0.266796 0.875616 0.072213
v 0.267544 0.875655 0.073381
v 0.439445 0.782217 0.101285
v 0.440305 0.783013 0.101532
v 0.439151 0.782819 0.102277
v 0.424282 0.895532 0.107272
v 0.424169 0.894774 0.108193
v 0.425324 0.894968 0.107448
v 0.361868 0.746179 -0.018802
v 0.361047 0.746711 -0.019737
v 0.362559 0.747081 -0.019539
v 0.332003 0.870815 -0.029752
v 0.332471 0.871790 -0.028938
v 0.333514 0.871185 -0.029553
v 0.468028 0.782650 0.125277
v 0.468718 0.783552 0.124540
v 0.468496 0.783625 0.126091
v 0.438631 0.908261 0.115140
v 0.439452 0.907729 0.116076
v 0.439674 0.907656 0.114525
v 0.219155 0.721763 0.092533
v 0.218112 0.722369 0.093148
v 0.218334 0.722296 0.091597
v 0.189758 0.847375 0.082396
v 0.189290 0.846400 0.081582
v 0.189068 0.846473 0.083133
v 0.325314 0.758235 0.236611
v 0.325783 0.759210 0.237425
v 0.324271 0.758840 0.237226
v 0.295917 0.883846 0.226474
v 0.295227 0.882944 0.227211
v 0.296738 0.883314 0.227410
v 0.158625 0.753626 -0.071102
v 0.157784 0.754171 -0.071268
v 0.158768 0.754224 -0.071909
v 0.153249 0.849893 -0.070259
v 0.154034 0.850511 -0.070081
v 0.154233 0.849947 -0.070901
v 0.292438 0.759668 -0.042797
v 0.292581 0.760266 -0.043604
v 0.293223 0.760286 -0.042619
v 0.287847 0.856553 -0.041776
v 0.288688 0.856008 -0.041611
v 0.288046 0.855988 -0.042596
v 0.130417 0.750879 0.062840
v 0.130218 0.751443 0.063659
v 0.129577 0.751423 0.062674
v 0.125827 0.847764 0.063860
v 0.125041 0.847146 0.063682
v 0.125683 0.847166 0.064668
v 0.264230 0.756920 0.091144
v 0.265015 0.757538 0.091322
v 0.264031 0.757485 0.091964
v 0.259640 0.853805 0.092165
v 0.259496 0.853207 0.092972
v 0.260480 0.853261 0.092331
v 0.166985 0.737504 -0.206222
v 0.166035 0.738053 -0.206415
v 0.167130 0.738196 -0.207084
v 0.154885 0.842656 -0.202343
v 0.155700 0.843377 -0.202101
v 0.155981 0.842799 -0.203012
v 0.312366 0.751606 -0.170397
v 0.312511 0.752298 -0.171259
v 0.313181 0.752327 -0.170155
v 0.301080 0.857479 -0.166276
v 0.302031 0.856929 -0.166083
v 0.301361 0.856901 -0.167187
v 0.131934 0.728086 -0.060275
v 0.131654 0.728664 -0.059364
v 0.130984 0.728636 -0.060468
v 0.120649 0.833960 -0.056154
v 0.119834 0.833239 -0.056396
v 0.120504 0.833267 -0.055292
v 0.277315 0.742188 -0.024451
v 0.278130 0.742909 -0.024208
v 0.277034 0.742766 -0.023539
v 0.266029 0.848062 -0.020329
v 0.265884 0.847369 -0.019468
v 0.266980 0.847512 -0.020136
v -0.027481 0.648370 -0.355516
v -0.027433 0.651967 -0.356607
v -0.020478 0.651886 -0.355499
v -0.023893 0.944744 -0.357486
v -0.023853 0.948347 -0.356417
v -0.016937 0.944663 -0.356378
v -0.027832 0.648638 -0.267677
v -0.020829 0.652154 -0.267660
v -0.027793 0.652241 -0.266608
v -0.024205 0.948615 -0.268578
v -0.024252 0.945019 -0.267487
v -0.017289 0.944931 -0.268539
v -0.593515 0.655209 -0.357800
v -0.600431 0.658893 -0.357839
v -0.593467 0.658805 -0.358891
v -0.589888 0.955185 -0.358701
v -0.589927 0.951582 -0.359770
v -0.596890 0.951670 -0.358718
v -0.593866 0.655477 -0.269961
v -0.593827 0.659080 -0.268892
v -0.600782 0.659161 -0.270000
v -0.590239 0.955454 -0.270862
v -0.597242 0.951938 -0.270880
v -0.590286 0.951857 -0.269772
v -0.028571 0.646971 0.270964
v -0.028549 0.650578 0.269906
v -0.021587 0.650523 0.270972
v -0.026507 0.943365 0.271741
v -0.026480 0.946958 0.272843
v -0.019545 0.943310 0.272807
v -0.028396 0.646419 0.358802
v -0.021411 0.649971 0.358810
v -0.028368 0.650013 0.359904
v -0.026304 0.946406 0.360682
v -0.026327 0.942800 0.361739
v -0.019369 0.942758 0.360645
v -0.594637 0.650910 0.272122
v -0.601571 0.654559 0.272159
v -0.594614 0.654517 0.271065
v -0.592545 0.950897 0.274002
v -0.592573 0.947304 0.272900
v -0.599530 0.947346 0.273994
v -0.594461 0.650359 0.359960
v -0.594433 0.653952 0.361063
v -0.601395 0.654007 0.359997
v -0.592369 0.950346 0.361840
v -0.599354 0.946794 0.361832
v -0.592392 0.946739 0.362898
v -0.023948 0.649906 -0.263268
v -0.023937 0.653539 -0.269730
v -0.022821 0.653492 -0.263256
v -0.020120 0.946311 -0.268241
v -0.020037 0.949877 -0.261743
v -0.019004 0.946263 -0.261768
v -0.020994 0.647188 0.263756
v -0.019867 0.650774 0.263768
v -0.020911 0.650755 0.270254
v -0.017083 0.947159 0.265281
v -0.017094 0.943526 0.271743
v -0.016050 0.943545 0.265257
v -0.111779 0.651049 -0.262770
v -0.112812 0.654663 -0.262746
v -0.111768 0.654682 -0.269232
v -0.107868 0.951020 -0.261245
v -0.107951 0.947453 -0.267743
v -0.108995 0.947434 -0.261257
v -0.108825 0.648331 0.264254
v -0.108742 0.651897 0.270753
v -0.109858 0.651945 0.264279
v -0.104914 0.948302 0.265780
v -0.106041 0.944716 0.265767
v -0.104925 0.944668 0.272241
v -0.514853 0.649548 -0.262023
v -0.514818 0.653110 -0.268524
v -0.513729 0.653135 -0.262046
v -0.511269 0.945883 -0.270265
v -0.511216 0.949521 -0.263807
v -0.510180 0.945908 -0.263787
v -0.514083 0.652673 0.265007
v -0.512960 0.656259 0.264984
v -0.514030 0.656311 0.271466
v -0.510447 0.952645 0.263223
v -0.510481 0.949084 0.269725
v -0.509410 0.949032 0.263243
v -0.602686 0.650614 -0.261901
v -0.603722 0.654227 -0.261921
v -0.602652 0.654175 -0.268402
v -0.599049 0.950586 -0.263685
v -0.599103 0.946948 -0.270143
v -0.600173 0.947000 -0.263662
v -0.601917 0.653738 0.265129
v -0.601864 0.657376 0.271587
v -0.602953 0.657351 0.265109
v -0.598280 0.953711 0.263345
v -0.599404 0.950124 0.263368
v -0.598314 0.950150 0.269847
v -0.022510 0.652622 -0.351274
v -0.022466 0.653580 -0.359914
v -0.015560 0.653651 -0.351231
v -0.023241 0.731656 -0.359935
v -0.023304 0.732618 -0.351296
v -0.016335 0.731727 -0.351252
v -0.026870 0.652773 0.351433
v -0.019920 0.653802 0.351476
v -0.026933 0.653735 0.360072
v -0.027664 0.732769 0.351411
v -0.027708 0.731811 0.360051
v -0.020695 0.731878 0.351454
v -0.588552 0.647004 -0.354784
v -0.595521 0.647895 -0.354828
v -0.588507 0.647962 -0.363424
v -0.589345 0.727000 -0.354806
v -0.589282 0.726038 -0.363446
v -0.596296 0.725971 -0.354849
v -0.592912 0.647155 0.347922
v -0.592975 0.648117 0.356562
v -0.599881 0.648046 0.347879
v -0.593705 0.727151 0.347900
v -0.600655 0.726122 0.347857
v -0.593749 0.726193 0.356540
v -0.268907 0.734323 -0.042298
v -0.270062 0.734874 -0.042305
v -0.268969 0.735157 -0.043267
v -0.290352 0.853422 -0.030517
v -0.289444 0.854310 -0.030366
v -0.289259 0.853704 -0.031478
v -0.099019 0.762102 -0.029232
v -0.099081 0.762936 -0.030201
v -0.098110 0.762990 -0.029081
v -0.119555 0.882089 -0.017300
v -0.118401 0.881538 -0.017293
v -0.119371 0.881483 -0.018412
v -0.279014 0.715557 0.129021
v -0.279199 0.716163 0.130133
v -0.280169 0.716108 0.129013
v -0.299551 0.835544 0.140953
v -0.300459 0.834655 0.140802
v -0.299489 0.834710 0.141922
v -0.109125 0.743335 0.142086
v -0.108217 0.744224 0.142237
v -0.109310 0.743941 0.143198
v -0.129662 0.863322 0.154019
v -0.129600 0.862489 0.154987
v -0.128507 0.862771 0.154026
v -0.244473 0.736567 -0.062117
v -0.245400 0.737121 -0.062289
v -0.244345 0.737224 -0.062981
v -0.254166 0.839976 -0.060234
v -0.253345 0.840671 -0.060037
v -0.253110 0.840079 -0.060926
v -0.100587 0.748224 -0.031845
v -0.100459 0.748881 -0.032709
v -0.099767 0.748919 -0.031648
v -0.109459 0.852328 -0.029765
v -0.108532 0.851774 -0.029593
v -0.109224 0.851736 -0.030654
v -0.274399 0.731133 0.082210
v -0.274634 0.731725 0.083099
v -0.275326 0.731687 0.082039
v -0.283270 0.835237 0.084290
v -0.284091 0.834542 0.084094
v -0.283399 0.834580 0.085154
v -0.130512 0.742790 0.112483
v -0.129692 0.743485 0.112679
v -0.130747 0.743382 0.113372
v -0.139384 0.846894 0.114563
v -0.139513 0.846237 0.115427
v -0.138457 0.846340 0.114734
v -0.280423 0.788274 -0.089324
v -0.280465 0.788824 -0.090239
v -0.279583 0.788933 -0.089376
v -0.286081 0.889393 -0.097134
v -0.286108 0.890064 -0.096302
v -0.285199 0.889501 -0.096271
v -0.279209 0.798206 0.054558
v -0.278369 0.798865 0.054506
v -0.279236 0.798877 0.055390
v -0.284894 0.899996 0.047580
v -0.284852 0.899445 0.048496
v -0.283985 0.899433 0.047611
v -0.424425 0.780353 -0.087562
v -0.425333 0.780915 -0.087593
v -0.424466 0.780903 -0.088477
v -0.430109 0.882142 -0.094540
v -0.430082 0.881471 -0.095372
v -0.430950 0.881484 -0.094488
v -0.423210 0.790285 0.056321
v -0.423237 0.790956 0.057153
v -0.424119 0.790847 0.056289
v -0.428895 0.892074 0.049342
v -0.429735 0.891416 0.049395
v -0.428853 0.891524 0.050258
v -0.302218 0.750971 -0.037337
v -0.302870 0.751481 -0.038468
v -0.301392 0.751917 -0.037958
v -0.333905 0.878709 -0.057158
v -0.333630 0.879744 -0.056254
v -0.332426 0.879144 -0.056648
v -0.225971 0.794166 0.130095
v -0.225144 0.795112 0.129474
v -0.225696 0.795201 0.130998
v -0.257382 0.922939 0.111178
v -0.256731 0.922429 0.112308
v -0.256179 0.922340 0.110784
v -0.469352 0.722463 0.046129
v -0.470555 0.723063 0.046522
v -0.470003 0.722973 0.044999
v -0.500764 0.851236 0.027212
v -0.501038 0.850201 0.026309
v -0.501590 0.850290 0.027832
v -0.393104 0.765658 0.213561
v -0.392830 0.766693 0.214464
v -0.394308 0.766258 0.213954
v -0.424516 0.894431 0.194644
v -0.425343 0.893485 0.195264
v -0.423865 0.893921 0.195774
v -0.230686 0.762535 -0.064638
v -0.231294 0.763073 -0.065110
v -0.230214 0.763076 -0.065244
v -0.231484 0.851766 -0.064998
v -0.230878 0.852305 -0.064524
v -0.230404 0.851768 -0.065132
v -0.130703 0.762650 0.013190
v -0.130231 0.763191 0.012584
v -0.130097 0.763190 0.013663
v -0.130894 0.852420 0.013304
v -0.130286 0.851882 0.013776
v -0.130421 0.851883 0.012696
v -0.308513 0.762243 0.035345
v -0.308987 0.762780 0.035953
v -0.309122 0.762781 0.034873
v -0.308705 0.852012 0.035459
v -0.309311 0.851473 0.034985
v -0.309177 0.851472 0.036065
v -0.208530 0.762358 0.113173
v -0.207924 0.762897 0.113646
v -0.209004 0.762895 0.113781
v -0.208722 0.852127 0.113287
v -0.209194 0.851587 0.113893
v -0.208114 0.851590 0.113758
v -0.229549 0.751926 -0.170091
v -0.230454 0.752485 -0.170723
v -0.229051 0.752722 -0.170896
v -0.250111 0.867617 -0.171916
v -0.249445 0.868457 -0.171298
v -0.248708 0.867855 -0.172088
v -0.100252 0.775068 -0.067180
v -0.099754 0.775864 -0.067985
v -0.099587 0.775907 -0.066563
v -0.120148 0.891599 -0.068388
v -0.119244 0.891040 -0.067756
v -0.119412 0.890997 -0.069178
v -0.331222 0.735927 -0.038751
v -0.331959 0.736529 -0.037960
v -0.332127 0.736486 -0.039383
v -0.351119 0.852459 -0.039958
v -0.351784 0.851619 -0.040576
v -0.351617 0.851662 -0.039153
v -0.201926 0.759069 0.064160
v -0.201260 0.759909 0.064777
v -0.202663 0.759671 0.064950
v -0.221822 0.875600 0.062952
v -0.222320 0.874804 0.063757
v -0.220917 0.875042 0.063585
v -0.307870 0.771998 -0.154251
v -0.308651 0.772547 -0.154588
v -0.307556 0.772595 -0.155005
v -0.312690 0.868006 -0.154110
v -0.311959 0.868616 -0.153768
v -0.311596 0.868054 -0.154527
v -0.183444 0.776983 -0.098360
v -0.183130 0.777581 -0.099114
v -0.182713 0.777593 -0.098018
v -0.187533 0.873602 -0.097877
v -0.186753 0.873052 -0.097540
v -0.187169 0.873040 -0.098636
v -0.363686 0.769012 -0.029727
v -0.364049 0.769574 -0.028968
v -0.364466 0.769562 -0.030064
v -0.367775 0.865631 -0.029244
v -0.368506 0.865021 -0.029586
v -0.368089 0.865033 -0.028490
v -0.239260 0.773998 0.026164
v -0.238529 0.774608 0.026506
v -0.239623 0.774560 0.026923
v -0.243349 0.870616 0.026647
v -0.243663 0.870019 0.027401
v -0.242568 0.870067 0.026984
v -0.324151 0.754549 -0.042761
v -0.324964 0.755081 -0.043658
v -0.323479 0.755424 -0.043491
v -0.352069 0.876704 -0.052602
v -0.351586 0.877649 -0.051813
v -0.350585 0.877047 -0.052435
v -0.217352 0.788563 0.096121
v -0.216681 0.789438 0.095390
v -0.216868 0.789508 0.096910
v -0.244787 0.911664 0.087069
v -0.243974 0.911132 0.087966
v -0.243787 0.911062 0.086447
v -0.461794 0.732061 0.068593
v -0.462794 0.732663 0.069215
v -0.462607 0.732593 0.067695
v -0.489229 0.855161 0.059541
v -0.489713 0.854216 0.058752
v -0.489900 0.854286 0.060271
v -0.354995 0.766075 0.207474
v -0.354511 0.767020 0.208264
v -0.355996 0.766677 0.208096
v -0.382430 0.889176 0.198422
v -0.383101 0.888301 0.199153
v -0.381617 0.888644 0.199320
v -0.398222 0.735752 0.015128
v -0.398972 0.736312 0.014584
v -0.397732 0.736414 0.014425
v -0.407331 0.838219 0.014363
v -0.406682 0.838896 0.014904
v -0.406090 0.838320 0.014203
v -0.283056 0.745393 0.104462
v -0.282566 0.746054 0.103759
v -0.282408 0.746070 0.105003
v -0.291516 0.848537 0.104237
v -0.290766 0.847977 0.104781
v -0.290925 0.847961 0.103537
v -0.487277 0.728699 0.130696
v -0.487869 0.729275 0.131397
v -0.488027 0.729259 0.130152
v -0.495737 0.831843 0.130472
v -0.496386 0.831166 0.129930
v -0.496227 0.831182 0.131175
v -0.372112 0.738340 0.220030
v -0.371463 0.739017 0.220571
v -0.372703 0.738916 0.220730
v -0.380572 0.841484 0.219805
v -0.381062 0.840822 0.220509
v -0.379822 0.840924 0.220349
v 0.682080 0.589244 -0.386144
v 0.682043 0.589433 -0.390823
v 0.682738 0.589416 -0.386148
v 0.681878 0.617096 -0.390697
v 0.681912 0.617243 -0.386016
v 0.682573 0.617079 -0.386022
v 0.687889 0.585769 0.384466
v 0.688548 0.585941 0.384462
v 0.687923 0.585916 0.389147
v 0.687722 0.613769 0.384594
v 0.687758 0.613580 0.389273
v 0.688383 0.613605 0.384588
v 0.573405 0.588591 -0.385328
v 0.572744 0.588755 -0.385322
v 0.573368 0.588780 -0.390007
v 0.573237 0.616590 -0.385200
v 0.573203 0.616443 -0.389881
v 0.572578 0.616418 -0.385196
v 0.579214 0.585116 0.385283
v 0.579248 0.585263 0.389963
v 0.578553 0.585280 0.385288
v 0.579047 0.613116 0.385410
v 0.578388 0.612944 0.385414
v 0.579083 0.612927 0.390089
v -0.576984 0.585477 -0.386233
v -0.576997 0.585643 -0.390913
v -0.576324 0.585645 -0.386235
v -0.576990 0.613307 -0.390927
v -0.576978 0.613477 -0.386247
v -0.576318 0.613309 -0.386249
v -0.574995 0.585868 0.384404
v -0.574335 0.586036 0.384402
v -0.574983 0.586039 0.389084
v -0.574988 0.613868 0.384390
v -0.574976 0.613703 0.389070
v -0.574328 0.613700 0.384388
v -0.685664 0.585501 -0.385952
v -0.686324 0.585669 -0.385951
v -0.685676 0.585667 -0.390633
v -0.685658 0.613501 -0.385967
v -0.685670 0.613331 -0.390647
v -0.686318 0.613333 -0.385965
v -0.683674 0.585892 0.384685
v -0.683662 0.586063 0.389365
v -0.684334 0.586060 0.384686
v -0.683668 0.613892 0.384671
v -0.684328 0.613724 0.384672
v -0.683656 0.613727 0.389351
v 0.611637 0.609057 -0.435162
v 0.611635 0.609223 -0.435703
v 0.619076 0.609269 -0.435185
v 0.611472 0.636887 -0.435780
v 0.611472 0.637056 -0.435240
v 0.618913 0.636932 -0.435262
v 0.611904 0.609307 -0.346243
v 0.619343 0.609519 -0.346266
v 0.611904 0.609477 -0.345703
v 0.611739 0.637307 -0.346321
v 0.611741 0.637140 -0.345781
v 0.619180 0.637183 -0.346343
v -0.613456 0.601852 -0.431469
v -0.620897 0.601976 -0.431447
v -0.613459 0.602018 -0.432010
v -0.613621 0.629851 -0.431548
v -0.613622 0.629682 -0.432087
v -0.621060 0.629640 -0.431525
v -0.613190 0.602103 -0.342550
v -0.613189 0.602272 -0.342011
v -0.620630 0.602227 -0.342528
v -0.613355 0.630102 -0.342628
v -0.620793 0.629890 -0.342606
v -0.613352 0.629935 -0.342088
vn 0.8867 -0.3499 -0.3022
vn 0.8928 0.3357 -0.3004
vn 0.8895 -0.3514 0.2920
vn 0.8956 0.3341 0.2938
vn -0.8956 -0.3341 -0.2937
vn -0.8895 0.3514 -0.2920
vn -0.8928 -0.3357 0.3004
vn -0.8867 0.3499 0.3022
vn 0.9301 -0.3672 -0.0053
vn 0.9471 -0.0076 -0.3207
vn 0.9365 0.3507 -0.0035
vn 0.9501 -0.0092 0.3118
vn -0.0036 -0.7574 0.6530
vn 0.0098 0.7539 0.6569
vn -0.9472 0.0076 0.3207
vn -0.9365 -0.3507 0.0035
vn -0.9301 0.3672 0.0053
vn -0.9501 0.0092 -0.3118
vn -0.0098 -0.7539 -0.6569
vn 0.0036 0.7574 -0.6530
vn -0.0089 -1.0000 -0.0026
vn 0.9999 -0.0088 -0.0047
vn -0.0047 0.0026 -1.0000
vn 0.0089 1.0000 0.0026
vn 0.0047 -0.0026 1.0000
vn -0.9999 0.0088 0.0047
vn 0.2625 -0.9586 -0.1106
vn 0.2518 0.9626 -0.1003
vn 0.2654 -0.9596 0.0931
vn 0.2546 0.9615 0.1034
vn -0.2547 -0.9615 -0.1034
vn -0.2654 0.9596 -0.0931
vn -0.2518 -0.9626 0.1003
vn -0.2625 0.9586 0.1106
vn 0.2653 -0.9641 -0.0088
vn 0.9252 0.0072 -0.3794
vn 0.2546 0.9671 0.0015
vn 0.9354 0.0033 0.3535
vn 0.0070 -0.9949 0.1001
vn -0.0041 0.9938 0.1108
vn -0.9252 -0.0072 0.3794
vn -0.2546 -0.9671 -0.0015
vn -0.2653 0.9641 0.0088
vn -0.9354 -0.0033 -0.3535
vn 0.0041 -0.9938 -0.1108
vn -0.0070 0.9949 -0.1002
vn 0.0056 -1.0000 -0.0053
vn 0.9999 0.0057 -0.0139
vn -0.0140 0.0053 -0.9999
vn -0.0056 1.0000 0.0053
vn 0.0140 -0.0053 0.9999
vn -0.9999 -0.0057 0.0139
vn 0.8983 -0.3303 -0.2896
vn 0.8900 0.3551 -0.2861
vn 0.8922 -0.3335 0.3045
vn 0.8839 0.3520 0.3080
vn -0.8839 -0.3520 -0.3080
vn -0.8922 0.3335 -0.3045
vn -0.8900 -0.3551 0.2861
vn -0.8983 0.3304 0.2896
vn 0.9376 -0.3476 0.0078
vn 0.9518 0.0132 -0.3064
vn 0.9288 0.3703 0.0115
vn 0.9453 0.0099 0.3260
vn 0.0025 -0.7591 0.6510
vn -0.0160 0.7522 0.6588
vn -0.9518 -0.0132 0.3064
vn -0.9288 -0.3703 -0.0115
vn -0.9376 0.3476 -0.0078
vn -0.9453 -0.0099 -0.3260
vn 0.0160 -0.7522 -0.6588
vn -0.0025 0.7591 -0.6510
vn 0.0122 -0.9999 -0.0051
vn 0.9999 0.0122 0.0103
vn 0.0103 0.0053 -0.9999
vn -0.0122 0.9999 0.0051
vn -0.0103 -0.0053 0.9999
vn -0.9999 -0.0122 -0.0103
vn 0.2564 -0.9608 -0.1058
vn 0.2600 0.9604 -0.1000
vn 0.2572 -0.9614 0.0980
vn 0.2608 0.9598 0.1037
vn -0.2608 -0.9598 -0.1037
vn -0.2572 0.9614 -0.0980
vn -0.2600 -0.9604 0.1000
vn -0.2564 0.9608 0.1058
vn 0.2581 -0.9661 -0.0039
vn 0.9289 -0.0006 -0.3702
vn 0.2618 0.9651 0.0019
vn 0.9319 -0.0029 0.3628
vn -0.0015 -0.9947 0.1025
vn 0.0023 0.9941 0.1085
vn -0.9290 0.0006 0.3702
vn -0.2618 -0.9651 -0.0019
vn -0.2581 0.9661 0.0039
vn -0.9318 0.0029 -0.3628
vn -0.0023 -0.9941 -0.1085
vn 0.0015 0.9947 -0.1025
vn -0.0019 -1.0000 -0.0030
vn 1.0000 -0.0019 -0.0040
vn -0.0040 0.0030 -1.0000
vn 0.0019 1.0000 0.0030
vn 0.0040 -0.0030 1.0000
vn -1.0000 0.0019 0.0040
vn 0.1184 -0.9699 -0.2127
vn 0.1168 0.9731 -0.1987
vn 0.1223 -0.9729 0.1964
vn 0.1208 0.9701 0.2104
vn -0.1208 -0.9701 -0.2104
vn -0.1223 0.9729 -0.1964
vn -0.1168 -0.9731 0.1987
vn -0.1184 0.9699 0.2127
vn 0.1230 -0.9924 -0.0083
vn 0.4964 0.0067 -0.8681
vn 0.1213 0.9926 0.0060
vn 0.5130 -0.0058 0.8584
vn 0.0028 -0.9800 0.1989
vn 0.0012 0.9770 0.2131
vn -0.4964 -0.0067 0.8681
vn -0.1214 -0.9926 -0.0060
vn -0.1230 0.9924 0.0083
vn -0.5130 0.0058 -0.8584
vn -0.0012 -0.9770 -0.2131
vn -0.0028 0.9800 -0.1989
vn 0.0008 -1.0000 -0.0072
vn 1.0000 0.0009 -0.0096
vn -0.0096 0.0072 -0.9999
vn -0.0008 1.0000 0.0072
vn 0.0096 -0.0072 0.9999
vn -1.0000 -0.0009 0.0096
vn 0.1379 -0.2772 -0.9509
vn 0.1331 0.2912 -0.9474
vn 0.1609 -0.2887 0.9438
vn 0.1561 0.2797 0.9473
vn -0.1561 -0.2797 -0.9473
vn -0.1609 0.2887 -0.9438
vn -0.1330 -0.2912 0.9474
vn -0.1379 0.2772 0.9509
vn 0.4669 -0.8842 -0.0111
vn 0.1413 0.0073 -0.9899
vn 0.4518 0.8921 -0.0001
vn 0.1653 -0.0047 0.9862
vn 0.0141 -0.2931 0.9560
vn 0.0092 0.2815 0.9595
vn -0.1413 -0.0073 0.9899
vn -0.4518 -0.8921 0.0001
vn -0.4669 0.8842 0.0111
vn -0.1653 0.0047 -0.9862
vn -0.0092 -0.2815 -0.9595
vn -0.0141 0.2932 -0.9560
vn 0.0085 -0.9999 -0.0062
vn 0.9999 0.0086 -0.0121
vn -0.0122 0.0061 -0.9999
vn -0.0085 0.9999 0.0062
vn 0.0122 -0.0061 0.9999
vn -0.9999 -0.0086 0.0121
vn 0.1589 -0.2943 -0.9424
vn 0.1519 0.2740 -0.9497
vn 0.1421 -0.2704 0.9522
vn 0.1351 0.2980 0.9450
vn -0.1351 -0.2980 -0.9450
vn -0.1421 0.2704 -0.9522
vn -0.1519 -0.2740 0.9497
vn -0.1589 0.2943 0.9424
vn 0.4704 -0.8823 0.0153
vn 0.1621 -0.0106 -0.9867
vn 0.4484 0.8938 -0.0073
vn 0.1446 0.0144 0.9894
vn -0.0049 -0.2752 0.9614
vn -0.0120 0.2994 0.9540
vn -0.1621 0.0106 0.9867
vn -0.4484 -0.8938 0.0073
vn -0.4704 0.8823 -0.0153
vn -0.1446 -0.0144 -0.9894
vn 0.0120 -0.2994 -0.9541
vn 0.0049 0.2752 -0.9614
vn 0.0124 -0.9998 0.0127
vn 0.9999 0.0125 0.0087
vn 0.0089 -0.0126 -0.9999
vn -0.0124 0.9998 -0.0128
vn -0.0089 0.0126 0.9999
vn -0.9999 -0.0125 -0.0087
vn 0.9480 -0.2799 -0.1516
vn 0.9468 0.2876 -0.1447
vn 0.9448 -0.2837 0.1637
vn 0.9436 0.2838 0.1705
vn -0.9436 -0.2838 -0.1706
vn -0.9448 0.2837 -0.1637
vn -0.9467 -0.2876 0.1447
vn -0.9480 0.2798 0.1516
vn 0.9584 -0.2853 0.0061
vn 0.9880 0.0040 -0.1545
vn 0.9571 0.2893 0.0131
vn 0.9847 -0.0000 0.1743
vn -0.0029 -0.8800 0.4749
vn -0.0068 0.8682 0.4962
vn -0.9880 -0.0040 0.1545
vn -0.9571 -0.2893 -0.0131
vn -0.9584 0.2854 -0.0061
vn -0.9847 -0.0000 -0.1743
vn 0.0068 -0.8682 -0.4962
vn 0.0029 0.8800 -0.4749
vn 0.0022 -0.9999 -0.0122
vn 0.9999 0.0021 0.0100
vn 0.0100 0.0122 -0.9999
vn -0.0022 0.9999 0.0122
vn -0.0100 -0.0122 0.9999
vn -0.9999 -0.0021 -0.0100
vn 0.9476 -0.2826 -0.1490
vn 0.9464 0.2849 -0.1520
vn 0.9452 -0.2809 0.1663
vn 0.9440 0.2866 0.1633
vn -0.9440 -0.2866 -0.1633
vn -0.9452 0.2809 -0.1663
vn -0.9464 -0.2849 0.1520
vn -0.9476 0.2826 0.1490
vn 0.9584 -0.2853 0.0088
vn 0.9876 0.0012 -0.1569
vn 0.9572 0.2894 0.0057
vn 0.9851 0.0030 0.1719
vn -0.0018 -0.8716 0.4903
vn -0.0055 0.8767 0.4810
vn -0.9876 -0.0012 0.1569
vn -0.9572 -0.2894 -0.0057
vn -0.9584 0.2853 -0.0088
vn -0.9851 -0.0030 -0.1719
vn 0.0055 -0.8767 -0.4810
vn 0.0018 0.8716 -0.4903
vn 0.0021 -1.0000 0.0053
vn 1.0000 0.0021 0.0076
vn 0.0076 -0.0053 -1.0000
vn -0.0021 1.0000 -0.0053
vn -0.0076 0.0053 1.0000
vn -1.0000 -0.0021 -0.0076
vn 0.1257 -0.9874 -0.0962
vn 0.1472 0.9817 -0.1210
vn 0.1244 -0.9846 0.1226
vn 0.1459 0.9845 0.0978
vn -0.1459 -0.9845 -0.0978
vn -0.1244 0.9846 -0.1226
vn -0.1472 -0.9817 0.1210
vn -0.1257 0.9874 0.0962
vn 0.1258 -0.9920 0.0133
vn 0.7824 -0.0164 -0.6225
vn 0.1474 0.9890 -0.0116
vn 0.7750 -0.0005 0.6320
vn -0.0115 -0.9923 0.1229
vn 0.0102 0.9951 0.0979
vn -0.7824 0.0164 0.6225
vn -0.1474 -0.9890 0.0116
vn -0.1258 0.9920 -0.0133
vn -0.7750 0.0005 -0.6320
vn -0.0102 -0.9951 -0.0979
vn 0.0115 0.9923 -0.1229
vn -0.0109 -0.9999 0.0126
vn 0.9999 -0.0108 0.0061
vn 0.0060 -0.0127 -0.9999
vn 0.0109 0.9999 -0.0126
vn -0.0060 0.0127 0.9999
vn -0.9999 0.0108 -0.0061
vn 0.1052 -0.7171 -0.6890
vn 0.0337 0.7023 -0.7111
vn 0.7350 -0.6733 0.0799
vn 0.6634 0.7460 0.0579
vn -0.6634 -0.7460 -0.0579
vn -0.7350 0.6734 -0.0800
vn -0.0335 -0.7023 0.7111
vn -0.1053 0.7171 0.6890
vn 0.4842 -0.8014 -0.3510
vn 0.0987 -0.0105 -0.9951
vn 0.4017 0.8348 -0.3765
vn 0.9939 0.0517 0.0979
vn 0.4043 -0.7929 0.4560
vn 0.3216 0.8434 0.4305
vn -0.0986 0.0105 0.9951
vn -0.4017 -0.8348 0.3765
vn -0.4842 0.8014 0.3510
vn -0.9938 -0.0517 -0.0980
vn -0.3216 -0.8434 -0.4305
vn -0.4043 0.7929 -0.4560
vn 0.0504 -0.9986 0.0155
vn 0.7725 0.0291 -0.6343
vn -0.6330 -0.0440 -0.7729
vn -0.0504 0.9986 -0.0155
vn 0.6330 0.0440 0.7729
vn -0.7725 -0.0291 0.6343
vn 0.3415 -0.7268 -0.5959
vn -0.0204 0.6365 -0.7710
vn 0.8420 -0.4879 0.2301
vn 0.4801 0.8755 0.0549
vn -0.4803 -0.8754 -0.0550
vn -0.8420 0.4879 -0.2301
vn 0.0203 -0.6365 0.7710
vn -0.3415 0.7268 0.5959
vn 0.6821 -0.7002 -0.2109
vn 0.2282 -0.0642 -0.9715
vn 0.2652 0.8714 -0.4127
vn 0.9397 0.2754 0.2025
vn 0.4971 -0.6481 0.5770
vn 0.0799 0.9235 0.3752
vn -0.2282 0.0642 0.9715
vn -0.2650 -0.8715 0.4127
vn -0.6821 0.7002 0.2109
vn -0.9397 -0.2754 -0.2026
vn -0.0800 -0.9235 -0.3752
vn -0.4971 0.6481 -0.5770
vn 0.2546 -0.9592 0.1232
vn 0.8259 0.1494 -0.5437
vn -0.5031 -0.2401 -0.8302
vn -0.2546 0.9592 -0.1232
vn 0.5031 0.2401 0.8302
vn -0.8259 -0.1494 0.5437
vn -0.2115 -0.7217 -0.6591
vn -0.4253 0.6820 -0.5949
vn 0.7252 -0.5931 -0.3496
vn 0.5115 0.8105 -0.2854
vn -0.5114 -0.8106 0.2854
vn -0.7252 0.5932 0.3496
vn 0.4253 -0.6820 0.5949
vn 0.2115 0.7217 0.6591
vn 0.2961 -0.7578 -0.5814
vn -0.4526 -0.0282 -0.8912
vn 0.0495 0.8603 -0.5074
vn 0.8789 0.1546 -0.4512
vn 0.6632 -0.7350 0.1414
vn 0.4165 0.8832 0.2154
vn 0.4526 0.0282 0.8913
vn -0.0496 -0.8603 0.5074
vn -0.2961 0.7578 0.5814
vn -0.8789 -0.1546 0.4513
vn -0.4167 -0.8832 -0.2154
vn -0.6632 0.7349 -0.1414
vn 0.1505 -0.9876 -0.0452
vn 0.3014 0.0893 -0.9493
vn -0.9415 -0.1292 -0.3111
vn -0.1505 0.9876 0.0452
vn 0.9415 0.1292 0.3111
vn -0.3014 -0.0893 0.9493
vn 0.5751 -0.7275 -0.3742
vn 0.4121 0.6618 -0.6263
vn 0.5763 -0.5498 0.6047
vn 0.4134 0.8395 0.3526
vn -0.4133 -0.8396 -0.3526
vn -0.5763 0.5498 -0.6047
vn -0.4121 -0.6618 0.6263
vn -0.5751 0.7275 0.3742
vn 0.6636 -0.7362 0.1329
vn 0.7016 -0.0467 -0.7111
vn 0.4757 0.8653 -0.1577
vn 0.7033 0.2059 0.6804
vn 0.0946 -0.6983 0.7095
vn -0.0932 0.9032 0.4190
vn -0.7016 0.0467 0.7110
vn -0.4758 -0.8653 0.1577
vn -0.6636 0.7362 -0.1329
vn -0.7033 -0.2059 -0.6804
vn 0.0932 -0.9032 -0.4189
vn -0.0946 0.6983 -0.7095
vn 0.1146 -0.9775 0.1773
vn 0.9934 0.1126 -0.0217
vn -0.0012 -0.1786 -0.9839
vn -0.1146 0.9775 -0.1773
vn 0.0012 0.1786 0.9839
vn -0.9934 -0.1126 0.0217
vn -0.1087 -0.7283 -0.6766
vn -0.3725 0.6680 -0.6442
vn 0.7800 -0.5701 -0.2581
vn 0.5160 0.8263 -0.2258
vn -0.5162 -0.8262 0.2258
vn -0.7799 0.5702 0.2581
vn 0.3725 -0.6680 0.6442
vn 0.1087 0.7283 0.6766
vn 0.3869 -0.7483 -0.5388
vn -0.3420 -0.0428 -0.9387
vn 0.0828 0.8612 -0.5014
vn 0.9212 0.1820 -0.3440
vn 0.6642 -0.7136 0.2225
vn 0.3602 0.8960 0.2598
vn 0.3419 0.0428 0.9387
vn -0.0829 -0.8612 0.5015
vn -0.3869 0.7484 0.5388
vn -0.9212 -0.1820 0.3439
vn -0.3603 -0.8959 -0.2599
vn -0.6642 0.7136 -0.2225
vn 0.1856 -0.9824 -0.0228
vn 0.4096 0.0984 -0.9070
vn -0.8932 -0.1590 -0.4206
vn -0.1856 0.9824 0.0228
vn 0.8932 0.1590 0.4206
vn -0.4096 -0.0984 0.9070
vn -0.2850 -0.7229 -0.6294
vn -0.4733 0.6840 -0.5551
vn 0.6793 -0.6052 -0.4150
vn 0.4911 0.8017 -0.3408
vn -0.4912 -0.8017 0.3407
vn -0.6793 0.6052 0.4151
vn 0.4733 -0.6840 0.5551
vn 0.2851 0.7228 0.6295
vn 0.2272 -0.7655 -0.6020
vn -0.5390 -0.0276 -0.8418
vn 0.0102 0.8563 -0.5163
vn 0.8318 0.1397 -0.5372
vn 0.6643 -0.7431 0.0807
vn 0.4475 0.8787 0.1664
vn 0.5390 0.0276 0.8419
vn -0.0102 -0.8563 0.5163
vn -0.2273 0.7654 0.6021
vn -0.8318 -0.1397 0.5372
vn -0.4472 -0.8788 -0.1664
vn -0.6644 0.7430 -0.0807
vn 0.1325 -0.9898 -0.0523
vn 0.2071 0.0792 -0.9751
vn -0.9693 -0.1183 -0.2154
vn -0.1325 0.9898 0.0523
vn 0.9693 0.1183 0.2154
vn -0.2071 -0.0792 0.9751
vn 0.2609 -0.7227 -0.6400
vn -0.0619 0.6570 -0.7514
vn 0.8393 -0.5240 0.1449
vn 0.5164 0.8557 0.0335
vn -0.5164 -0.8557 -0.0335
vn -0.8394 0.5239 -0.1448
vn 0.0619 -0.6570 0.7513
vn -0.2610 0.7226 0.6401
vn 0.6343 -0.7185 -0.2854
vn 0.1415 -0.0467 -0.9888
vn 0.2621 0.8718 -0.4137
vn 0.9635 0.2357 0.1267
vn 0.5194 -0.6807 0.5165
vn 0.1472 0.9097 0.3882
vn -0.1415 0.0467 0.9888
vn -0.2620 -0.8719 0.4137
vn -0.6342 0.7186 0.2854
vn -0.9635 -0.2357 -0.1268
vn -0.1472 -0.9097 -0.3882
vn -0.5194 0.6807 -0.5166
vn 0.2272 -0.9707 0.0783
vn 0.7814 0.1337 -0.6096
vn -0.5812 -0.1997 -0.7889
vn -0.2272 0.9707 -0.0783
vn 0.5812 0.1997 0.7889
vn -0.7814 -0.1337 0.6096
vn -0.3500 -0.7218 -0.5970
vn -0.4174 0.6978 -0.5821
vn 0.6224 -0.6779 -0.3913
vn 0.5550 0.7418 -0.3764
vn -0.5550 -0.7418 0.3764
vn -0.6223 0.6779 0.3913
vn 0.4173 -0.6979 0.5821
vn 0.3501 0.7218 0.5970
vn 0.1569 -0.8067 -0.5697
vn -0.5454 -0.0170 -0.8380
vn 0.0794 0.8297 -0.5525
vn 0.8368 0.0454 -0.5456
vn 0.5993 -0.7929 0.1099
vn 0.5217 0.8436 0.1272
vn 0.5454 0.0170 0.8380
vn -0.0794 -0.8298 0.5524
vn -0.1569 0.8068 0.5696
vn -0.8368 -0.0454 0.5456
vn -0.5218 -0.8435 -0.1272
vn -0.5993 0.7929 -0.1099
vn 0.0473 -0.9988 -0.0105
vn 0.2060 0.0201 -0.9783
vn -0.9774 -0.0441 -0.2067
vn -0.0473 0.9988 0.0105
vn 0.9774 0.0441 0.2067
vn -0.2060 -0.0201 0.9783
vn -0.2897 -0.7216 -0.6288
vn -0.4403 0.6906 -0.5738
vn 0.6721 -0.6283 -0.3918
vn 0.5217 0.7839 -0.3368
vn -0.5215 -0.7840 0.3368
vn -0.6721 0.6283 0.3918
vn 0.4403 -0.6906 0.5738
vn 0.2897 0.7216 0.6288
vn 0.2204 -0.7781 -0.5882
vn -0.5187 -0.0220 -0.8546
vn 0.0469 0.8499 -0.5248
vn 0.8484 0.1106 -0.5178
vn 0.6412 -0.7602 0.1049
vn 0.4676 0.8678 0.1683
vn 0.5188 0.0220 0.8546
vn -0.0469 -0.8499 0.5249
vn -0.2204 0.7781 0.5882
vn -0.8483 -0.1106 0.5178
vn -0.4675 -0.8678 -0.1683
vn -0.6412 0.7602 -0.1049
vn 0.1059 -0.9936 -0.0387
vn 0.2331 0.0626 -0.9704
vn -0.9667 -0.0938 -0.2382
vn -0.1059 0.9936 0.0387
vn 0.9667 0.0938 0.2382
vn -0.2331 -0.0626 0.9704
vn 0.1474 -0.2889 -0.9460
vn 0.1542 0.2795 -0.9477
vn 0.1398 -0.2831 0.9489
vn 0.1466 0.2853 0.9471
vn -0.1467 -0.2853 -0.9471
vn -0.1398 0.2831 -0.9489
vn -0.1542 -0.2795 0.9477
vn -0.1474 0.2889 0.9460
vn 0.4486 -0.8937 0.0045
vn 0.1573 -0.0049 -0.9875
vn 0.4701 0.8826 -0.0008
vn 0.1494 0.0012 0.9888
vn -0.0073 -0.2844 0.9587
vn -0.0004 0.2903 0.9569
vn -0.1573 0.0049 0.9875
vn -0.4701 -0.8826 0.0008
vn -0.4486 0.8937 -0.0045
vn -0.1494 -0.0012 -0.9888
vn 0.0004 -0.2902 -0.9570
vn 0.0073 0.2844 -0.9587
vn -0.0121 -0.9999 0.0030
vn 0.9999 -0.0121 0.0040
vn 0.0040 -0.0031 -1.0000
vn 0.0121 0.9999 -0.0030
vn -0.0040 0.0031 1.0000
vn -0.9999 0.0121 -0.0040
vn 0.1431 -0.2793 -0.9495
vn 0.1471 0.2891 -0.9459
vn 0.1469 -0.2912 0.9453
vn 0.1509 0.2772 0.9489
vn -0.1509 -0.2773 -0.9489
vn -0.1469 0.2912 -0.9453
vn -0.1471 -0.2891 0.9459
vn -0.1431 0.2793 0.9495
vn 0.4532 -0.8914 -0.0065
vn 0.1514 0.0051 -0.9885
vn 0.4656 0.8850 0.0046
vn 0.1553 -0.0073 0.9878
vn -0.0001 -0.2934 0.9560
vn 0.0039 0.2813 0.9596
vn -0.1513 -0.0051 0.9885
vn -0.4656 -0.8850 -0.0046
vn -0.4532 0.8914 0.0065
vn -0.1553 0.0073 -0.9878
vn -0.0039 -0.2813 -0.9596
vn 0.0001 0.2934 -0.9560
vn -0.0070 -1.0000 -0.0063
vn 1.0000 -0.0070 -0.0020
vn -0.0020 0.0063 -1.0000
vn 0.0070 1.0000 0.0063
vn 0.0020 -0.0063 1.0000
vn -1.0000 0.0070 0.0020
vn 0.9412 -0.2952 -0.1644
vn 0.9486 0.2722 -0.1616
vn 0.9429 -0.2968 0.1508
vn 0.9503 0.2706 0.1537
vn -0.9503 -0.2706 -0.1537
vn -0.9429 0.2968 -0.1508
vn -0.9486 -0.2723 0.1616
vn -0.9412 0.2952 0.1644
vn 0.9540 -0.2998 -0.0069
vn 0.9854 -0.0120 -0.1700
vn 0.9615 0.2748 -0.0040
vn 0.9872 -0.0137 0.1588
vn -0.0087 -0.8766 0.4812
vn 0.0141 0.8716 0.4901
vn -0.9854 0.0120 0.1700
vn -0.9615 -0.2749 0.0040
vn -0.9540 0.2997 0.0069
vn -0.9872 0.0137 -0.1588
vn -0.0141 -0.8716 -0.4901
vn 0.0087 0.8766 -0.4812
vn -0.0130 -0.9999 -0.0051
vn 0.9999 -0.0130 -0.0057
vn -0.0056 0.0052 -1.0000
vn 0.0130 0.9999 0.0051
vn 0.0056 -0.0052 1.0000
vn -0.9999 0.0130 0.0057
vn 0.9421 -0.2961 -0.1573
vn 0.9490 0.2713 -0.1606
vn 0.9426 -0.2943 0.1580
vn 0.9494 0.2732 0.1546
vn -0.9494 -0.2732 -0.1546
vn -0.9426 0.2943 -0.1580
vn -0.9490 -0.2713 0.1606
vn -0.9421 0.2961 0.1573
vn 0.9543 -0.2989 0.0004
vn 0.9861 -0.0129 -0.1658
vn 0.9612 0.2757 -0.0030
vn 0.9866 -0.0110 0.1630
vn -0.0099 -0.8712 0.4908
vn 0.0113 0.8770 0.4804
vn -0.9861 0.0129 0.1658
vn -0.9612 -0.2757 0.0030
vn -0.9543 0.2990 -0.0004
vn -0.9866 0.0110 -0.1630
vn -0.0113 -0.8770 -0.4804
vn 0.0099 0.8712 -0.4908
vn -0.0121 -0.9999 0.0059
vn 0.9999 -0.0121 -0.0014
vn -0.0015 -0.0059 -1.0000
vn 0.0121 0.9999 -0.0059
vn 0.0015 0.0059 1.0000
vn -0.9999 0.0121 0.0014
vn 0.1463 -0.9833 -0.1083
vn 0.1267 0.9860 -0.1088
vn 0.1449 -0.9833 0.1105
vn 0.1253 0.9860 0.1100
vn -0.1253 -0.9860 -0.1100
vn -0.1449 0.9833 -0.1105
vn -0.1267 -0.9859 0.1088
vn -0.1463 0.9833 0.1083
vn 0.1465 -0.9892 0.0011
vn 0.7826 0.0076 -0.6225
vn 0.1268 0.9919 0.0006
vn 0.7748 0.0079 0.6321
vn 0.0092 -0.9938 0.1107
vn -0.0105 0.9939 0.1102
vn -0.7826 -0.0076 0.6225
vn -0.1268 -0.9919 -0.0006
vn -0.1465 0.9892 -0.0011
vn -0.7748 -0.0079 -0.6322
vn 0.0105 -0.9939 -0.1102
vn -0.0092 0.9938 -0.1107
vn 0.0099 -1.0000 0.0003
vn 0.9999 0.0099 0.0062
vn 0.0062 -0.0002 -1.0000
vn -0.0099 1.0000 -0.0003
vn -0.0062 0.0002 1.0000
vn -0.9999 -0.0099 -0.0062
vn -0.3411 -0.7231 -0.6006
vn -0.5797 0.6712 -0.4620
vn 0.6380 -0.5630 -0.5254
vn 0.3995 0.8312 -0.3867
vn -0.3993 -0.8313 0.3867
vn -0.6380 0.5630 0.5253
vn 0.5798 -0.6711 0.4620
vn 0.3410 0.7231 0.6007
vn 0.1711 -0.7413 -0.6490
vn -0.6544 -0.0369 -0.7552
vn -0.1040 0.8660 -0.4891
vn 0.7372 0.1906 -0.6482
vn 0.7019 -0.7114 -0.0365
vn 0.4267 0.8959 0.1233
vn 0.6544 0.0369 0.7552
vn 0.1040 -0.8660 0.4892
vn -0.1711 0.7413 0.6490
vn -0.7372 -0.1906 0.6482
vn -0.4268 -0.8959 -0.1233
vn -0.7019 0.7113 0.0365
vn 0.1679 -0.9810 -0.0976
vn 0.0585 0.1087 -0.9923
vn -0.9841 -0.1609 -0.0757
vn -0.1679 0.9810 0.0976
vn 0.9841 0.1609 0.0757
vn -0.0585 -0.1087 0.9923
vn -0.3240 -0.7289 -0.6031
vn -0.4447 0.6870 -0.5747
vn 0.6465 -0.6504 -0.3988
vn 0.5260 0.7656 -0.3705
vn -0.5259 -0.7656 0.3706
vn -0.6466 0.6503 0.3988
vn 0.4447 -0.6869 0.5747
vn 0.3240 0.7290 0.6030
vn 0.1859 -0.7950 -0.5774
vn -0.5463 -0.0298 -0.8370
vn 0.0468 0.8372 -0.5448
vn 0.8333 0.0819 -0.5467
vn 0.6290 -0.7708 0.1014
vn 0.4899 0.8614 0.1340
vn 0.5463 0.0298 0.8371
vn -0.0468 -0.8372 0.5448
vn -0.1859 0.7950 0.5774
vn -0.8333 -0.0819 0.5468
vn -0.4899 -0.8614 -0.1340
vn -0.6290 0.7708 -0.1014
vn 0.0849 -0.9962 -0.0199
vn 0.2029 0.0368 -0.9785
vn -0.9755 -0.0790 -0.2052
vn -0.0849 0.9962 0.0199
vn 0.9755 0.0790 0.2052
vn -0.2029 -0.0368 0.9785
vn 0.5321 -0.7148 -0.4538
vn 0.4529 0.7010 -0.5509
vn 0.5404 -0.6464 0.5387
vn 0.4614 0.7695 0.4417
vn -0.4613 -0.7695 -0.4417
vn -0.5405 0.6463 -0.5387
vn -0.4530 -0.7009 0.5509
vn -0.5320 0.7149 0.4538
vn 0.6182 -0.7845 0.0489
vn 0.7001 -0.0099 -0.7140
vn 0.5270 0.8475 -0.0630
vn 0.7119 0.0875 0.6968
vn 0.0504 -0.7765 0.6280
vn -0.0407 0.8555 0.5162
vn -0.7000 0.0099 0.7141
vn -0.5270 -0.8475 0.0630
vn -0.6181 0.7846 -0.0489
vn -0.7119 -0.0875 -0.6968
vn 0.0407 -0.8555 -0.5162
vn -0.0504 0.7765 -0.6280
vn 0.0556 -0.9961 0.0683
vn 0.9984 0.0549 -0.0122
vn -0.0084 -0.0689 -0.9976
vn -0.0556 0.9961 -0.0683
vn 0.0084 0.0689 0.9976
vn -0.9984 -0.0549 0.0122
vn 0.4060 -0.7222 -0.5601
vn 0.0726 0.6448 -0.7609
vn 0.8074 -0.4948 0.3215
vn 0.4740 0.8722 0.1206
vn -0.4740 -0.8722 -0.1206
vn -0.8074 0.4947 -0.3214
vn -0.0725 -0.6448 0.7609
vn -0.4060 0.7222 0.5600
vn 0.6994 -0.7014 -0.1375
vn 0.3401 -0.0550 -0.9388
vn 0.3150 0.8744 -0.3690
vn 0.9107 0.2683 0.3142
vn 0.4236 -0.6568 0.6238
vn 0.0392 0.9190 0.3924
vn -0.3401 0.0549 0.9388
vn -0.3149 -0.8744 0.3690
vn -0.6994 0.7014 0.1375
vn -0.9107 -0.2683 -0.3142
vn -0.0392 -0.9190 -0.3923
vn -0.4236 0.6568 -0.6238
vn 0.2346 -0.9618 0.1413
vn 0.8844 0.1509 -0.4417
vn -0.4035 -0.2286 -0.8860
vn -0.2346 0.9618 -0.1413
vn 0.4035 0.2286 0.8860
vn -0.8844 -0.1509 0.4417
vn -0.0855 -0.7100 -0.6990
vn -0.0885 0.7114 -0.6972
vn 0.6996 -0.7091 -0.0879
vn 0.6966 0.7122 -0.0861
vn -0.6965 -0.7124 0.0861
vn -0.6996 0.7091 0.0879
vn 0.0886 -0.7114 0.6972
vn 0.0854 0.7100 0.6990
vn 0.3540 -0.8179 -0.4536
vn -0.1237 0.0010 -0.9923
vn 0.3504 0.8206 -0.4515
vn 0.9923 0.0023 -0.1236
vn 0.4542 -0.8187 0.3512
vn 0.4508 0.8197 0.3533
vn 0.1237 -0.0010 0.9923
vn -0.3505 -0.8205 0.4515
vn -0.3540 0.8179 0.4535
vn -0.9923 -0.0023 0.1236
vn -0.4507 -0.8198 -0.3533
vn -0.4543 0.8187 -0.3512
vn 0.0021 -1.0000 -0.0013
vn 0.6142 0.0023 -0.7891
vn -0.7891 -0.0009 -0.6143
vn -0.0021 1.0000 0.0013
vn 0.7891 0.0009 0.6143
vn -0.6142 -0.0023 0.7891
vn 0.0372 -0.7217 -0.6912
vn -0.2018 0.6792 -0.7056
vn 0.8082 -0.5838 -0.0775
vn 0.5690 0.8172 -0.0920
vn -0.5690 -0.8172 0.0920
vn -0.8083 0.5837 0.0775
vn 0.2019 -0.6792 0.7056
vn -0.0372 0.7218 0.6911
vn 0.4873 -0.7525 -0.4430
vn -0.1171 -0.0303 -0.9927
vn 0.2116 0.8625 -0.4598
vn 0.9788 0.1659 -0.1204
vn 0.5823 -0.7279 0.3620
vn 0.3064 0.8871 0.3453
vn 0.1171 0.0303 0.9927
vn -0.2115 -0.8625 0.4597
vn -0.4873 0.7525 0.4430
vn -0.9788 -0.1659 0.1205
vn -0.3065 -0.8870 -0.3453
vn -0.5822 0.7280 -0.3621
vn 0.1683 -0.9857 0.0102
vn 0.6093 0.0959 -0.7871
vn -0.7749 -0.1387 -0.6167
vn -0.1683 0.9857 -0.0102
vn 0.7749 0.1387 0.6167
vn -0.6093 -0.0959 0.7871
vn -0.2200 -0.7173 -0.6611
vn -0.2802 0.7027 -0.6540
vn 0.6869 -0.6810 -0.2538
vn 0.6268 0.7392 -0.2465
vn -0.6268 -0.7392 0.2466
vn -0.6869 0.6810 0.2537
vn 0.2802 -0.7028 0.6539
vn 0.2201 0.7173 0.6611
vn 0.2691 -0.8059 -0.5273
vn -0.3555 -0.0104 -0.9346
vn 0.1999 0.8310 -0.5191
vn 0.9338 0.0413 -0.3555
vn 0.5573 -0.7976 0.2307
vn 0.4881 0.8394 0.2389
vn 0.3554 0.0104 0.9346
vn -0.1999 -0.8311 0.5190
vn -0.2690 0.8060 0.5273
vn -0.9337 -0.0413 0.3556
vn -0.4881 -0.8395 -0.2389
vn -0.5573 0.7976 -0.2307
vn 0.0423 -0.9991 -0.0050
vn 0.4089 0.0219 -0.9123
vn -0.9116 -0.0365 -0.4095
vn -0.0423 0.9991 0.0050
vn 0.9116 0.0365 0.4095
vn -0.4089 -0.0219 0.9123
vn 0.2402 -0.7240 -0.6466
vn -0.0682 0.6597 -0.7484
vn 0.8356 -0.5343 0.1276
vn 0.5271 0.8494 0.0259
vn -0.5271 -0.8494 -0.0258
vn -0.8356 0.5344 -0.1276
vn 0.0682 -0.6598 0.7484
vn -0.2402 0.7240 0.6466
vn 0.6201 -0.7252 -0.2992
vn 0.1222 -0.0457 -0.9915
vn 0.2646 0.8698 -0.4165
vn 0.9685 0.2239 0.1091
vn 0.5210 -0.6883 0.5049
vn 0.1654 0.9069 0.3876
vn -0.1222 0.0457 0.9915
vn -0.2646 -0.8698 0.4165
vn -0.6200 0.7254 0.2992
vn -0.9685 -0.2239 -0.1090
vn -0.1655 -0.9068 -0.3876
vn -0.5209 0.6883 -0.5049
vn 0.2170 -0.9735 0.0716
vn 0.7712 0.1260 -0.6239
vn -0.5984 -0.1906 -0.7782
vn -0.2170 0.9735 -0.0716
vn 0.5984 0.1906 0.7782
vn -0.7712 -0.1260 0.6239
vn -0.0308 -0.7171 -0.6963
vn -0.1470 0.6995 -0.6994
vn 0.7535 -0.6515 -0.0878
vn 0.6374 0.7652 -0.0909
vn -0.6374 -0.7651 0.0909
vn -0.7536 0.6514 0.0878
vn 0.1469 -0.6995 0.6993
vn 0.0308 0.7171 0.6963
vn 0.4166 -0.7888 -0.4519
vn -0.1264 -0.0125 -0.9919
vn 0.2826 0.8442 -0.4555
vn 0.9886 0.0808 -0.1270
vn 0.5191 -0.7787 0.3525
vn 0.3852 0.8543 0.3489
vn 0.1264 0.0125 0.9919
vn -0.2826 -0.8442 0.4555
vn -0.4166 0.7888 0.4520
vn -0.9886 -0.0808 0.1270
vn -0.3851 -0.8543 -0.3489
vn -0.5191 0.7787 -0.3525
vn 0.0817 -0.9967 0.0022
vn 0.6097 0.0483 -0.7912
vn -0.7884 -0.0660 -0.6116
vn -0.0817 0.9967 -0.0022
vn 0.7884 0.0660 0.6116
vn -0.6097 -0.0483 0.7912
vn 0.2520 -0.9669 -0.0410
vn 0.2406 0.9701 -0.0322
vn 0.2527 -0.9671 0.0285
vn 0.2409 0.9698 0.0373
vn -0.2408 -0.9699 -0.0373
vn -0.2526 0.9672 -0.0285
vn -0.2405 -0.9701 0.0322
vn -0.2523 0.9668 0.0410
vn 0.2525 -0.9676 -0.0063
vn 0.9891 0.0066 -0.1471
vn 0.2409 0.9706 0.0026
vn 0.9912 0.0053 0.1322
vn 0.0062 -0.9995 0.0313
vn -0.0057 0.9992 0.0404
vn -0.9891 -0.0066 0.1471
vn -0.2409 -0.9706 -0.0026
vn -0.2526 0.9675 0.0063
vn -0.9912 -0.0053 -0.1322
vn 0.0057 -0.9992 -0.0404
vn -0.0062 0.9995 -0.0313
vn 0.0060 -1.0000 -0.0046
vn 1.0000 0.0060 -0.0075
vn -0.0075 0.0045 -1.0000
vn -0.0060 1.0000 0.0046
vn 0.0075 -0.0045 1.0000
vn -1.0000 -0.0060 0.0075
vn 0.2462 -0.9686 -0.0349
vn 0.2467 0.9684 -0.0359
vn 0.2465 -0.9685 0.0346
vn 0.2469 0.9685 0.0336
vn -0.2468 -0.9685 -0.0336
vn -0.2464 0.9686 -0.0346
vn -0.2468 -0.9684 0.0359
vn -0.2463 0.9686 0.0349
vn 0.2465 -0.9691 -0.0001
vn 0.9898 -0.0003 -0.1422
vn 0.2467 0.9691 -0.0011
vn 0.9906 -0.0002 0.1371
vn -0.0001 -0.9993 0.0364
vn 0.0003 0.9994 0.0354
vn -0.9898 0.0003 0.1422
vn -0.2472 -0.9690 0.0011
vn -0.2465 0.9692 0.0001
vn -0.9906 0.0001 -0.1371
vn -0.0003 -0.9994 -0.0354
vn 0.0001 0.9993 -0.0364
vn -0.0002 -1.0000 0.0005
vn 1.0000 -0.0002 -0.0026
vn -0.0026 -0.0005 -1.0000
vn 0.0002 1.0000 -0.0005
vn 0.0026 0.0005 1.0000
vn -1.0000 0.0002 0.0026
vn 0.0263 -0.9553 -0.2944
vn 0.0150 0.9539 -0.2997
vn 0.0281 -0.9536 0.2997
vn 0.0168 0.9556 0.2941
vn -0.0168 -0.9556 -0.2941
vn -0.0281 0.9537 -0.2996
vn -0.0150 -0.9539 0.2998
vn -0.0263 0.9553 0.2945
vn 0.0285 -0.9996 0.0027
vn 0.0694 -0.0024 -0.9976
vn 0.0167 0.9999 -0.0029
vn 0.0754 0.0032 0.9971
vn 0.0065 -0.9540 0.2997
vn -0.0047 0.9557 0.2943
vn -0.0694 0.0024 0.9976
vn -0.0167 -0.9999 0.0029
vn -0.0285 0.9996 -0.0027
vn -0.0754 -0.0032 -0.9971
vn 0.0047 -0.9557 -0.2944
vn -0.0065 0.9540 -0.2997
vn 0.0059 -1.0000 0.0028
vn 1.0000 0.0059 -0.0030
vn -0.0030 -0.0028 -1.0000
vn -0.0059 1.0000 -0.0028
vn 0.0030 0.0028 1.0000
vn -1.0000 -0.0059 0.0030
vn 0.9472 -0.0076 -0.3207
vn 0.9501 -0.0092 0.3117
vn -0.9501 0.0092 -0.3117
vn 0.2545 0.9671 0.0015
vn -0.2545 -0.9671 -0.0015
vn -0.0070 0.9949 -0.1001
vn 0.2582 -0.9661 -0.0039
vn -0.9289 0.0006 0.3702
vn -0.9319 0.0029 -0.3628
vn 0.1229 -0.9924 -0.0083
vn -0.1229 0.9924 0.0083
vn 0.0141 -0.2932 0.9560
vn -0.0141 0.2931 -0.9560
vn -0.0120 0.2994 0.9541
vn 0.0120 -0.2994 -0.9540
vn -0.0124 0.9998 -0.0127
vn -0.9584 0.2853 -0.0061
vn 0.4843 -0.8014 -0.3510
vn 0.0986 -0.0105 -0.9951
vn 0.9938 0.0517 0.0980
vn 0.4043 -0.7929 0.4559
vn 0.3219 0.8433 0.4305
vn -0.4843 0.8014 0.3510
vn -0.3218 -0.8433 -0.4305
vn -0.4043 0.7929 -0.4559
vn 0.6822 -0.7001 -0.2109
vn 0.2649 0.8715 -0.4127
vn 0.9397 0.2754 0.2026
vn 0.4971 -0.6481 0.5769
vn 0.0800 0.9235 0.3752
vn -0.2651 -0.8714 0.4127
vn -0.6821 0.7001 0.2109
vn -0.4526 -0.0282 -0.8913
vn 0.0496 0.8603 -0.5074
vn 0.4166 0.8832 0.2154
vn 0.4526 0.0282 0.8912
vn -0.4168 -0.8831 -0.2154
vn -0.6631 0.7351 -0.1414
vn 0.6637 -0.7361 0.1328
vn 0.4759 0.8653 -0.1577
vn -0.7016 0.0467 0.7111
vn -0.6635 0.7362 -0.1329
vn 0.9212 0.1820 -0.3438
vn 0.6642 -0.7136 0.2226
vn 0.3602 0.8960 0.2599
vn 0.3420 0.0428 0.9387
vn -0.0829 -0.8612 0.5014
vn -0.3868 0.7484 0.5388
vn -0.3602 -0.8960 -0.2599
vn -0.6643 0.7136 -0.2225
vn 0.2273 -0.7654 -0.6020
vn -0.5390 -0.0276 -0.8419
vn 0.0103 0.8563 -0.5164
vn 0.4474 0.8787 0.1664
vn 0.5390 0.0276 0.8418
vn -0.2272 0.7655 0.6020
vn -0.4475 -0.8787 -0.1664
vn 0.6342 -0.7186 -0.2854
vn 0.2619 0.8719 -0.4138
vn 0.5195 -0.6807 0.5166
vn 0.1473 0.9097 0.3882
vn -0.5195 0.6807 -0.5166
vn 0.1569 -0.8068 -0.5697
vn 0.0794 0.8298 -0.5524
vn 0.5993 -0.7930 0.1099
vn 0.5216 0.8437 0.1272
vn -0.5218 -0.8436 -0.1272
vn -0.5994 0.7929 -0.1100
vn 0.0469 0.8499 -0.5249
vn 0.8483 0.1106 -0.5178
vn 0.6411 -0.7602 0.1049
vn 0.5187 0.0220 0.8547
vn -0.0469 -0.8499 0.5248
vn -0.6411 0.7603 -0.1049
vn -0.0004 0.2902 0.9570
vn -0.4487 0.8937 -0.0045
vn -0.1514 -0.0051 0.9885
vn 0.0001 0.2933 -0.9560
vn 0.9615 0.2749 -0.0040
vn -0.9540 0.2998 0.0069
vn -0.9543 0.2989 -0.0004
vn 0.7019 -0.7113 -0.0365
vn 0.4268 0.8959 0.1233
vn 0.1040 -0.8660 0.4891
vn -0.4267 -0.8959 -0.1233
vn -0.7018 0.7115 0.0365
vn 0.1859 -0.7950 -0.5775
vn 0.8333 0.0819 -0.5468
vn 0.6289 -0.7708 0.1014
vn 0.4900 0.8614 0.1340
vn 0.5463 0.0298 0.8370
vn -0.4898 -0.8615 -0.1340
vn -0.6291 0.7707 -0.1014
vn 0.6180 -0.7846 0.0489
vn 0.7000 -0.0099 -0.7141
vn 0.5271 0.8475 -0.0629
vn 0.7120 0.0875 0.6967
vn 0.0504 -0.7766 0.6280
vn -0.0407 0.8556 0.5161
vn -0.7000 0.0099 0.7140
vn -0.5270 -0.8475 0.0629
vn -0.7120 -0.0875 -0.6968
vn 0.0407 -0.8555 -0.5161
vn 0.6993 -0.7014 -0.1375
vn 0.0392 0.9190 0.3923
vn -0.3401 0.0550 0.9388
vn -0.3150 -0.8744 0.3690
vn -0.6993 0.7014 0.1375
vn -0.9106 -0.2683 -0.3142
vn -0.0391 -0.9190 -0.3923
vn 0.3540 -0.8179 -0.4535
vn -0.1236 0.0010 -0.9923
vn 0.3506 0.8205 -0.4515
vn 0.9923 0.0023 -0.1237
vn 0.4544 -0.8187 0.3512
vn -0.3541 0.8179 0.4535
vn -0.9923 -0.0023 0.1237
vn -0.4508 -0.8197 -0.3533
vn 0.4872 -0.7525 -0.4431
vn 0.2115 0.8625 -0.4597
vn 0.9788 0.1659 -0.1205
vn 0.5822 -0.7280 0.3621
vn 0.3066 0.8870 0.3453
vn -0.2116 -0.8625 0.4597
vn -0.4872 0.7526 0.4430
vn -0.5822 0.7280 -0.3620
vn 0.2692 -0.8059 -0.5272
vn -0.3554 -0.0104 -0.9346
vn 0.1998 0.8311 -0.5190
vn 0.9337 0.0413 -0.3556
vn 0.5575 -0.7975 0.2307
vn -0.1998 -0.8311 0.5190
vn -0.2692 0.8060 0.5273
vn -0.4882 -0.8394 -0.2389
vn -0.5575 0.7975 -0.2307
vn 0.6200 -0.7253 -0.2991
vn 0.2645 0.8698 -0.4164
vn 0.9685 0.2239 0.1090
vn 0.5209 -0.6882 0.5049
vn -0.2644 -0.8699 0.4164
vn -0.6200 0.7253 0.2992
vn -0.9685 -0.2239 -0.1091
vn -0.1654 -0.9069 -0.3876
vn -0.5210 0.6882 -0.5049
vn -0.4166 0.7888 0.4519
vn -0.3852 -0.8543 -0.3489
vn -0.5191 0.7786 -0.3525
vn 0.2526 -0.9676 -0.0063
vn 0.2409 0.9705 0.0026
vn -0.2408 -0.9706 -0.0026
vn -0.2523 0.9676 0.0063
vn 0.2464 -0.9692 -0.0001
vn 0.2470 0.9690 -0.0011
vn -0.2468 -0.9691 0.0011
vn -0.2465 0.9691 0.0001
vn 0.0065 -0.9540 0.2998
vn -0.0047 0.9557 0.2945
vn 0.0047 -0.9557 -0.2942
vn -0.0065 0.9540 -0.2998
vt 0.228999 0.023605
vt 0.221815 0.029864
vt 0.229004 0.029824
vt 0.223128 0.537362
vt 0.230344 0.543583
vt 0.230316 0.537322
vt 0.814591 0.022066
vt 0.814595 0.028285
vt 0.821807 0.028287
vt 0.815935 0.542044
vt 0.823119 0.535786
vt 0.815908 0.535783
vt 0.229920 0.025332
vt 0.229947 0.031593
vt 0.222736 0.031591
vt 0.231264 0.545310
vt 0.224048 0.539089
vt 0.231260 0.539091
vt 0.815511 0.023793
vt 0.822727 0.030014
vt 0.815539 0.030054
vt 0.816856 0.543771
vt 0.816851 0.537553
vt 0.824040 0.537513
vt -0.054298 0.814591
vt 0.140803 0.822727
vt 0.140892 0.815511
vt 0.136286 0.816856
vt -0.058883 0.823119
vt -0.058905 0.815935
vt 0.143641 0.229920
vt -0.051571 0.221815
vt -0.051550 0.228999
vt -0.056156 0.230344
vt 0.139123 0.224048
vt 0.139034 0.231264
vt 0.139123 0.539089
vt -0.051571 0.029864
vt 0.143619 0.031591
vt -0.058883 0.535786
vt 0.140803 0.030014
vt -0.054387 0.028287
vt -0.083183 0.197337
vt -0.083068 0.189422
vt -0.086298 0.197298
vt -0.082687 0.189787
vt -0.082792 0.197710
vt -0.085917 0.197663
vt -0.092173 0.841425
vt -0.095288 0.841386
vt -0.092279 0.849349
vt -0.091782 0.841799
vt -0.091897 0.849713
vt -0.094906 0.841751
vt 0.170548 0.200871
vt 0.173672 0.200919
vt 0.170663 0.192956
vt 0.170939 0.201244
vt 0.171045 0.193321
vt 0.174054 0.201283
vt 0.161559 0.844959
vt 0.161453 0.852883
vt 0.164683 0.845007
vt 0.161949 0.845332
vt 0.165064 0.845371
vt 0.161834 0.853247
vt 0.189787 0.096399
vt 0.197298 0.028057
vt 0.189422 0.028081
vt 0.849713 0.092928
vt 0.841386 0.024670
vt 0.841751 0.092987
vt 0.845007 0.023199
vt 0.853247 0.091493
vt 0.845371 0.091516
vt 0.193321 0.094963
vt 0.200919 0.026586
vt 0.201283 0.094904
vt 0.197663 0.096375
vt 0.171045 0.094963
vt -0.083068 0.028081
vt 0.170663 0.026645
vt -0.091897 0.092928
vt 0.161453 0.023175
vt -0.092279 0.024610
vt 0.228748 0.026854
vt 0.221581 0.033131
vt 0.228805 0.033122
vt 0.224183 0.540606
vt 0.231414 0.546808
vt 0.231407 0.540598
vt 0.814309 0.023778
vt 0.814366 0.030047
vt 0.821541 0.029980
vt 0.816975 0.543732
vt 0.824143 0.537455
vt 0.816968 0.537522
vt 0.226732 0.024479
vt 0.226739 0.030690
vt 0.219565 0.030757
vt 0.229398 0.544434
vt 0.222167 0.538232
vt 0.229341 0.538165
vt 0.812293 0.021404
vt 0.819525 0.027605
vt 0.812301 0.027614
vt 0.814959 0.541358
vt 0.814902 0.535089
vt 0.822127 0.535081
vt 0.864585 0.814309
vt 1.059911 0.819525
vt 1.059761 0.812293
vt 0.870938 0.816975
vt 1.066111 0.822127
vt 0.870936 0.824143
vt 1.053749 0.226732
vt 0.858576 0.221581
vt 0.858574 0.228748
vt 0.864927 0.231414
vt 1.059952 0.222167
vt 1.060102 0.229398
vt 1.059952 0.538232
vt 0.858576 0.033131
vt 1.053751 0.030757
vt 1.066113 0.814959
vt 0.864735 0.029980
vt 1.066111 0.535081
vt 1.059911 0.027605
vt 0.834042 0.201153
vt 0.834072 0.193236
vt 0.830921 0.201143
vt 0.833943 0.193441
vt 0.833910 0.201364
vt 0.830791 0.201349
vt 0.831486 0.845305
vt 0.828365 0.845295
vt 0.831453 0.853228
vt 0.831354 0.845516
vt 0.831324 0.853433
vt 0.828235 0.845501
vt 1.087800 0.202162
vt 1.090918 0.202177
vt 1.087830 0.194244
vt 1.087667 0.202372
vt 1.087700 0.194450
vt 1.090789 0.202382
vt 1.085244 0.846314
vt 1.085211 0.854236
vt 1.088362 0.846329
vt 1.085111 0.846524
vt 1.088233 0.846534
vt 1.085081 0.854441
vt 0.193236 0.023862
vt 0.201349 0.092152
vt 0.201143 0.023833
vt 0.853433 0.090193
vt 0.845295 0.021892
vt 0.845501 0.090211
vt 0.846534 0.090701
vt 0.854236 0.022351
vt 0.854441 0.090671
vt 0.194450 0.092660
vt 0.202177 0.024322
vt 0.202382 0.092642
vt 1.087700 0.092660
vt 0.834072 0.023862
vt 1.087830 0.024340
vt 0.831324 0.090193
vt 1.085211 0.022351
vt 0.831453 0.021874
vt 0.846329 0.022381
vt -0.130866 0.144963
vt -0.130776 0.135857
vt -0.146463 0.144827
vt -0.130651 0.136984
vt -0.130737 0.146117
vt -0.146338 0.145953
vt -0.137998 0.886669
vt -0.153595 0.886533
vt -0.138084 0.895802
vt -0.137869 0.887824
vt -0.137958 0.896929
vt -0.153470 0.887660
vt 1.137875 0.157155
vt 1.153476 0.157318
vt 1.137965 0.148049
vt 1.138004 0.158309
vt 1.138090 0.149176
vt 1.153601 0.158445
vt 1.130743 0.898861
vt 1.130657 0.907994
vt 1.146344 0.899025
vt 1.130872 0.900015
vt 1.146469 0.900151
vt 1.130782 0.909121
vt -0.130651 0.686085
vt -0.146463 0.529877
vt -0.130776 0.529929
vt -0.138084 0.524451
vt -0.153470 0.680687
vt -0.137958 0.680607
vt 1.146344 0.523398
vt 1.130782 0.679502
vt 1.146469 0.679554
vt 1.137965 0.528824
vt 1.153601 0.684900
vt 1.138090 0.684979
vt 0.145953 0.686033
vt 0.886533 0.524531
vt 0.144827 0.529877
vt 1.130657 0.523346
vt 0.900151 0.679554
vt 0.157318 0.528744
vt 0.899025 0.523398
vt -0.092221 0.677649
vt -0.092177 0.681255
vt -0.099149 0.681308
vt -0.089685 0.974039
vt -0.089668 0.977632
vt -0.096658 0.974092
vt -0.093289 0.677114
vt -0.100218 0.680774
vt -0.093272 0.680707
vt -0.090737 0.977097
vt -0.090780 0.973491
vt -0.097726 0.973557
vt 0.473797 0.672789
vt 0.480787 0.676329
vt 0.473841 0.676396
vt 0.476350 0.972773
vt 0.476332 0.969179
vt 0.483279 0.969113
vt 0.472728 0.672255
vt 0.472746 0.675848
vt 0.479718 0.675795
vt 0.475281 0.972238
vt 0.482210 0.968579
vt 0.475237 0.968632
vt -0.093289 0.245775
vt -0.099149 0.157881
vt -0.100218 0.245713
vt -0.089668 0.159799
vt -0.097726 0.247525
vt -0.096658 0.159693
vt 0.472728 0.252633
vt 0.480787 0.164908
vt 0.473797 0.164801
vt 0.476350 0.166658
vt 0.482210 0.254552
vt 0.475281 0.254490
vt -0.092221 0.157943
vt 0.157881 0.681308
vt 0.247525 0.973557
vt 0.245713 0.680774
vt 0.252740 0.675795
vt 0.166720 0.969113
vt 0.164908 0.676329
vt -0.095397 0.675643
vt -0.095362 0.679229
vt -0.102311 0.679330
vt -0.091735 0.971983
vt -0.091681 0.975596
vt -0.098684 0.972083
vt -0.094619 0.676754
vt -0.101534 0.680440
vt -0.094565 0.680367
vt -0.090903 0.976706
vt -0.090938 0.973120
vt -0.097906 0.973194
vt 0.470618 0.668568
vt 0.477621 0.672080
vt 0.470653 0.672154
vt 0.474334 0.968520
vt 0.474280 0.964907
vt 0.481248 0.964834
vt 0.471395 0.669678
vt 0.471450 0.673291
vt 0.478399 0.673191
vt 0.475112 0.969631
vt 0.482026 0.965944
vt 0.475077 0.966045
vt -0.094619 0.884474
vt -0.102311 0.796659
vt -0.101534 0.884489
vt -0.090903 0.880649
vt -0.098684 0.792926
vt -0.091681 0.792820
vt 0.470618 0.791721
vt 0.478399 0.879444
vt 0.477621 0.791614
vt 0.474334 0.787896
vt 0.482026 0.875711
vt 0.475112 0.875726
vt -0.095397 0.796645
vt 0.796659 0.679330
vt 0.880756 0.973194
vt 0.884489 0.680440
vt 0.879444 0.673191
vt 0.787881 0.964834
vt 0.791614 0.672080
vt 0.259085 0.677768
vt 0.252649 0.681447
vt 0.259139 0.681370
vt 0.256213 0.974225
vt 0.262736 0.977745
vt 0.262704 0.974148
vt 0.786059 0.671341
vt 0.786114 0.674943
vt 0.792582 0.674862
vt 0.789711 0.971318
vt 0.796146 0.967640
vt 0.789678 0.967721
vt 0.258203 0.677586
vt 0.258236 0.681184
vt 0.251768 0.681265
vt 0.261855 0.977563
vt 0.255332 0.974043
vt 0.261801 0.973961
vt 0.785178 0.671159
vt 0.791701 0.674680
vt 0.785211 0.674757
vt 0.788830 0.971136
vt 0.788775 0.967534
vt 0.795265 0.967458
vt -0.008951 0.785178
vt -0.096714 0.792582
vt -0.008878 0.791701
vt -0.008293 0.788830
vt -0.096071 0.796146
vt -0.096128 0.789711
vt -0.102061 0.259085
vt -0.014282 0.251768
vt -0.102118 0.252649
vt -0.013567 0.261855
vt -0.101475 0.256213
vt -0.013640 0.255332
vt -0.096787 0.786059
vt -0.014282 0.681265
vt -0.101475 0.974225
vt -0.102118 0.681447
vt -0.096071 0.967640
vt -0.008878 0.674680
vt -0.096714 0.674862
vt 0.259381 0.670609
vt 0.252882 0.674174
vt 0.259370 0.674211
vt 0.251318 0.966969
vt 0.257779 0.970604
vt 0.257806 0.967006
vt 0.786399 0.673415
vt 0.786388 0.677018
vt 0.792859 0.677050
vt 0.784796 0.973410
vt 0.791295 0.969845
vt 0.784824 0.969813
vt 0.258716 0.670420
vt 0.258689 0.674018
vt 0.252217 0.673986
vt 0.257114 0.970415
vt 0.250653 0.966781
vt 0.257125 0.966813
vt 0.785734 0.673227
vt 0.792194 0.676861
vt 0.785706 0.676825
vt 0.784131 0.973222
vt 0.784142 0.969620
vt 0.790630 0.969656
vt 0.395567 0.786399
vt 0.483461 0.792194
vt 0.483404 0.785734
vt 0.484035 0.784131
vt 0.396239 0.791295
vt 0.396198 0.784796
vt 0.391571 0.259381
vt 0.479367 0.252217
vt 0.391529 0.252882
vt 0.392202 0.257779
vt 0.479983 0.250653
vt 0.480039 0.257114
vt 0.479983 0.966781
vt 0.391529 0.674174
vt 0.479367 0.673986
vt 0.396239 0.969845
vt 0.483461 0.676861
vt 0.395623 0.677050
vt -0.094990 0.173491
vt -0.095052 0.164840
vt -0.101960 0.173521
vt -0.095903 0.163856
vt -0.095862 0.172483
vt -0.102811 0.172538
vt -0.090806 0.876142
vt -0.097776 0.876172
vt -0.090766 0.884769
vt -0.091679 0.875135
vt -0.091617 0.883786
vt -0.098628 0.875189
vt 0.471047 0.170043
vt 0.477996 0.169989
vt 0.470985 0.161392
vt 0.470174 0.169036
vt 0.470133 0.160409
vt 0.477144 0.169006
vt 0.475230 0.872695
vt 0.475271 0.881322
vt 0.482179 0.872640
vt 0.474357 0.871687
vt 0.481327 0.871657
vt 0.474419 0.880338
vt 0.163856 0.746698
vt 0.173521 0.668663
vt 0.164840 0.668629
vt 0.884769 0.677743
vt 0.875189 0.755627
vt 0.883786 0.755812
vt 0.872640 0.683839
vt 0.880338 0.761942
vt 0.871657 0.761908
vt 0.160409 0.752829
vt 0.169989 0.674944
vt 0.169006 0.753013
vt 0.172538 0.746732
vt 0.876172 0.677558
vt 0.470985 0.674760
vt -0.095903 0.746698
vt -0.095052 0.668629
vt -0.091617 0.755812
vt 0.475271 0.683873
vt -0.090766 0.677743
vt 0.300838 0.330144
vt 0.301385 0.329504
vt 0.300236 0.329617
vt 0.306134 0.855049
vt 0.305645 0.855656
vt 0.304985 0.855109
vt 0.434176 0.766343
vt 0.433649 0.766939
vt 0.434799 0.766951
vt 0.220443 0.432695
vt 0.219897 0.433336
vt 0.219783 0.432186
vt 0.404818 0.415526
vt 0.405478 0.416036
vt 0.405364 0.414885
vt 0.414045 0.851736
vt 0.413422 0.851129
vt 0.414572 0.851141
vt 0.319616 0.762423
vt 0.319127 0.763031
vt 0.320276 0.762971
vt 0.324422 0.518077
vt 0.325025 0.518604
vt 0.323876 0.518718
vt 0.215636 0.434176
vt 0.215034 0.433649
vt 0.301385 0.760960
vt 0.300236 0.761020
vt 0.304985 0.328154
vt 0.305645 0.328663
vt 0.432186 0.861027
vt 0.433336 0.861039
vt 0.319127 0.520181
vt 0.319616 0.519558
vt 0.323876 0.857119
vt 0.325025 0.857059
vt 0.320276 0.520068
vt 0.409624 0.414045
vt 0.414885 0.757040
vt 0.410113 0.413422
vt 0.329617 0.761020
vt 0.410113 0.851129
vt 0.405364 0.757040
vt 0.219897 0.861039
vt 0.215148 0.766951
vt 0.520068 0.762971
vt 0.416036 0.757052
vt 0.019664 0.517439
vt 0.020450 0.516382
vt 0.018917 0.516712
vt 0.054312 0.881670
vt 0.053937 0.882722
vt 0.052778 0.882120
vt 0.675189 0.799218
vt 0.674462 0.800165
vt 0.676047 0.800270
vt -0.041668 0.658608
vt -0.042454 0.659666
vt -0.042826 0.658080
vt 0.176594 0.620757
vt 0.177753 0.621285
vt 0.177380 0.619700
vt 0.604176 0.854338
vt 0.603318 0.853286
vt 0.604903 0.853390
vt 0.080989 0.770833
vt 0.080614 0.771885
vt 0.082148 0.771436
vt 0.115262 0.761926
vt 0.116010 0.762653
vt 0.114476 0.762984
vt -0.076688 0.674462
vt -0.075941 0.675189
vt 0.018917 0.754536
vt 0.020450 0.754086
vt 0.052778 0.500331
vt 0.053937 0.500859
vt 0.659666 0.927853
vt 0.658080 0.927749
vt 0.080614 0.779365
vt 0.080989 0.778507
vt 0.114476 0.899469
vt 0.116010 0.899020
vt 0.211614 0.604903
vt 0.621285 0.725807
vt 0.211242 0.603318
vt 0.210867 0.604176
vt 0.500331 0.882120
vt 0.516712 0.754536
vt 0.211242 0.853286
vt 0.177380 0.725702
vt -0.076316 0.800270
vt 0.762653 0.899020
vt 0.779035 0.771436
vt 0.208450 0.386020
vt 0.209479 0.385745
vt 0.208257 0.385118
vt 0.226533 0.390863
vt 0.225711 0.391200
vt 0.225311 0.390236
vt 0.436386 0.835144
vt 0.435484 0.835911
vt 0.436723 0.835951
vt 0.073285 0.441567
vt 0.072256 0.441842
vt 0.072885 0.440602
vt 0.257246 0.539701
vt 0.257646 0.540665
vt 0.258275 0.539426
vt 0.544881 0.913032
vt 0.544544 0.912225
vt 0.545784 0.912264
vt 0.104820 0.590068
vt 0.103998 0.590404
vt 0.105220 0.591032
vt 0.122081 0.595248
vt 0.122274 0.596150
vt 0.121052 0.595523
vt 0.055832 0.435484
vt 0.056024 0.436386
vt 0.226533 0.926689
vt 0.208257 0.814989
vt 0.209479 0.814774
vt 0.441842 0.947866
vt 0.440602 0.947826
vt 0.055202 0.436723
vt 0.105220 0.821272
vt 0.121052 0.933402
vt 0.122274 0.933187
vt 0.274506 0.544881
vt 0.539426 0.800310
vt 0.275329 0.544544
vt 0.225311 0.926904
vt 0.055832 0.835911
vt 0.385745 0.814774
vt 0.590404 0.821487
vt 0.274699 0.912264
vt 0.257646 0.800349
vt 0.040163 0.329837
vt 0.040249 0.328671
vt 0.039202 0.329684
vt 0.054157 0.307153
vt 0.054240 0.308058
vt 0.053110 0.308166
vt 0.039954 0.786820
vt 0.038993 0.787659
vt 0.040037 0.787729
vt 0.054031 0.478616
vt 0.053945 0.479782
vt 0.052901 0.478724
vt 0.212367 0.333591
vt 0.213497 0.333483
vt 0.212453 0.332425
vt 0.226444 0.856388
vt 0.226361 0.855480
vt 0.227406 0.855549
vt 0.212158 0.504149
vt 0.212241 0.505054
vt 0.213288 0.504041
vt 0.226235 0.482370
vt 0.227196 0.482523
vt 0.226149 0.483536
vt 0.038993 0.500241
vt 0.039954 0.500395
vt 0.040249 0.756385
vt 0.053110 0.875299
vt 0.039202 0.756692
vt 0.479782 0.906335
vt 0.500241 0.787659
vt 0.478724 0.906266
vt 0.212241 0.768216
vt 0.212158 0.767308
vt 0.213288 0.767910
vt 0.226149 0.886823
vt 0.227196 0.886517
vt 0.227406 0.311965
vt 0.332425 0.736873
vt 0.311965 0.855549
vt 0.310907 0.855480
vt 0.054240 0.875901
vt 0.308166 0.875299
vt 0.329684 0.756692
vt 0.212453 0.736873
vt 0.226444 0.311812
vt 0.053945 0.906335
vt 0.482523 0.886517
vt 0.333483 0.736943
vt 0.504041 0.767910
vt 0.109781 0.428660
vt 0.110826 0.428247
vt 0.109496 0.427751
vt 0.132654 0.430927
vt 0.131875 0.431373
vt 0.131324 0.430431
vt 0.499346 0.788861
vt 0.498437 0.789663
vt 0.499792 0.789725
vt -0.018229 0.502059
vt -0.019273 0.502472
vt -0.018779 0.501117
vt 0.178613 0.581074
vt 0.179163 0.582016
vt 0.179657 0.580662
vt 0.583787 0.862577
vt 0.583342 0.861713
vt 0.584696 0.861775
vt 0.028509 0.651760
vt 0.027730 0.652206
vt 0.029059 0.652702
vt 0.050602 0.654473
vt 0.050888 0.655382
vt 0.049558 0.654886
vt -0.040322 0.499346
vt -0.040608 0.498437
vt 0.132654 0.878249
vt 0.109496 0.762950
vt 0.110826 0.762687
vt 0.501117 0.905225
vt 0.502472 0.905287
vt -0.041101 0.499792
vt 0.050888 0.888488
vt 0.027730 0.773189
vt 0.049558 0.888751
vt 0.200991 0.584696
vt 0.582016 0.746213
vt 0.201485 0.583342
vt 0.200706 0.583787
vt 0.131324 0.878512
vt -0.040608 0.789663
vt 0.428247 0.762687
vt 0.580662 0.746151
vt 0.654886 0.888751
vt 0.652206 0.773189
vt 0.179163 0.746213
vt 0.029059 0.772926
vt 0.184835 0.431756
vt 0.185877 0.431581
vt 0.184723 0.430835
vt 0.200858 0.437497
vt 0.199998 0.437744
vt 0.199704 0.436751
vt 0.466569 0.818509
vt 0.465648 0.819266
vt 0.466816 0.819305
vt 0.043373 0.472556
vt 0.042331 0.472732
vt 0.043079 0.471564
vt 0.218292 0.589318
vt 0.218587 0.590311
vt 0.219335 0.589142
vt 0.595305 0.899901
vt 0.595058 0.899105
vt 0.596226 0.899144
vt 0.061667 0.624130
vt 0.060807 0.624377
vt 0.061961 0.625123
vt 0.076830 0.630118
vt 0.076943 0.631039
vt 0.075788 0.630293
vt 0.028098 0.465648
vt 0.028210 0.466569
vt 0.200858 0.911908
vt 0.184723 0.800147
vt 0.185877 0.799953
vt 0.472732 0.931260
vt 0.471564 0.931221
vt 0.027350 0.466816
vt 0.061961 0.806308
vt 0.075788 0.918457
vt 0.076943 0.918263
vt 0.233568 0.596226
vt 0.590311 0.787189
vt 0.234316 0.595058
vt 0.233456 0.595305
vt 0.199704 0.912102
vt 0.028098 0.819266
vt 0.589142 0.787151
vt 0.437497 0.911908
vt 0.431581 0.799953
vt 0.630293 0.918457
vt 0.624377 0.806502
vt 0.218587 0.787189
vt 0.139244 0.504044
vt 0.140065 0.503108
vt 0.138553 0.503307
vt 0.169109 0.894304
vt 0.168641 0.895279
vt 0.167598 0.894674
vt 0.648122 0.806139
vt 0.647385 0.807041
vt 0.648936 0.807114
vt 0.062481 0.637986
vt 0.061660 0.638921
vt 0.061438 0.637370
vt 0.281957 0.615378
vt 0.283000 0.615993
vt 0.282778 0.614442
vt 0.605242 0.870864
vt 0.604428 0.869889
vt 0.605979 0.869962
vt 0.175797 0.781724
vt 0.175329 0.782699
vt 0.176841 0.782329
vt 0.205195 0.749320
vt 0.205885 0.750057
vt 0.204373 0.750256
vt 0.032394 0.647385
vt 0.033084 0.648122
vt 0.140065 0.770200
vt 0.138553 0.770570
vt 0.167598 0.493292
vt 0.168641 0.493907
vt 0.637370 0.931145
vt 0.638921 0.931218
vt 0.175329 0.760270
vt 0.175797 0.759456
vt 0.204373 0.906803
vt 0.205885 0.906433
vt 0.312044 0.605979
vt 0.614442 0.745785
vt 0.311354 0.605242
vt 0.169109 0.493093
vt 0.311822 0.604428
vt 0.493292 0.894674
vt 0.503307 0.770570
vt 0.282778 0.745785
vt 0.061660 0.931218
vt 0.032616 0.807114
vt 0.760072 0.782329
vt 0.615993 0.745858
vt 0.342487 0.451744
vt 0.343327 0.451578
vt 0.342344 0.450936
vt 0.347863 0.452586
vt 0.347078 0.452764
vt 0.346879 0.451945
vt 0.208674 0.480048
vt 0.208531 0.479241
vt 0.207889 0.480226
vt 0.213265 0.481069
vt 0.212424 0.481235
vt 0.213066 0.480249
vt 0.370695 0.585685
vt 0.370894 0.586505
vt 0.371535 0.585519
vt 0.375285 0.586706
vt 0.376070 0.586528
vt 0.375429 0.587513
vt 0.236882 0.613990
vt 0.236097 0.614168
vt 0.237081 0.614809
vt 0.241472 0.615010
vt 0.241616 0.615818
vt 0.240632 0.615176
vt 0.343327 0.777660
vt 0.346879 0.873436
vt 0.342344 0.777713
vt 0.480226 0.783775
vt 0.480249 0.879477
vt 0.481235 0.879497
vt 0.237081 0.780974
vt 0.240632 0.876750
vt 0.241616 0.876696
vt 0.586528 0.870635
vt 0.586505 0.774932
vt 0.587513 0.870655
vt 0.208531 0.783755
vt 0.451578 0.777660
vt 0.585519 0.774912
vt 0.614168 0.781027
vt 0.370894 0.774932
vt 0.334127 0.316623
vt 0.335077 0.316431
vt 0.333982 0.315762
vt 0.346227 0.320503
vt 0.345412 0.320745
vt 0.345131 0.319834
vt 0.352448 0.775095
vt 0.351587 0.775787
vt 0.352690 0.775816
vt 0.200032 0.356570
vt 0.199081 0.356762
vt 0.199751 0.355659
vt 0.369178 0.462570
vt 0.369458 0.463481
vt 0.370128 0.462377
vt 0.466692 0.857449
vt 0.466449 0.856728
vt 0.467553 0.856756
vt 0.223797 0.498395
vt 0.222982 0.498637
vt 0.224078 0.499306
vt 0.235083 0.502516
vt 0.235228 0.503378
vt 0.234132 0.502709
vt 0.188601 0.351587
vt 0.188746 0.352448
vt 0.346227 0.866145
vt 0.333982 0.761685
vt 0.335077 0.761542
vt 0.356762 0.880418
vt 0.355659 0.880390
vt 0.235228 0.870858
vt 0.222982 0.766398
vt 0.234132 0.871001
vt 0.380608 0.467553
vt 0.463481 0.752153
vt 0.380463 0.466692
vt 0.381278 0.466449
vt 0.199751 0.880390
vt 0.188601 0.775787
vt 0.316431 0.761542
vt 0.462377 0.752125
vt 0.498637 0.766398
vt 0.369458 0.752153
vt 0.224078 0.766255
vt 0.528593 0.671859
vt 0.528545 0.675456
vt 0.521590 0.675375
vt 0.525005 0.968233
vt 0.524965 0.971836
vt 0.518049 0.968152
vt 0.528944 0.672127
vt 0.521941 0.675643
vt 0.528905 0.675730
vt 0.525316 0.972104
vt 0.525364 0.968508
vt 0.518401 0.968420
vt 1.094627 0.678698
vt 1.101543 0.682382
vt 1.094579 0.682294
vt 1.090999 0.978674
vt 1.091039 0.975071
vt 1.098002 0.975159
vt 1.094978 0.678966
vt 1.094939 0.682569
vt 1.101894 0.682650
vt 1.091351 0.978943
vt 1.098354 0.975427
vt 1.091398 0.975346
vt 0.528944 0.255168
vt 0.521590 0.167347
vt 0.521941 0.255186
vt 0.524965 0.166428
vt 0.518401 0.254306
vt 0.518049 0.166467
vt 1.094627 0.165045
vt 1.101894 0.252845
vt 1.101543 0.165006
vt 1.091351 0.251983
vt 1.098002 0.164127
vt 1.098354 0.251966
vt 1.094978 0.252884
vt 0.528593 0.167329
vt 0.167347 0.675375
vt 0.254306 0.968420
vt 0.255186 0.675643
vt 1.090999 0.164144
vt 0.251966 0.975427
vt 0.165006 0.682382
vt 0.252845 0.682650
vt 0.529683 0.670460
vt 0.529661 0.674067
vt 0.522699 0.674012
vt 0.527619 0.966854
vt 0.527592 0.970447
vt 0.520657 0.966799
vt 0.529508 0.669908
vt 0.522523 0.673460
vt 0.529480 0.673502
vt 0.527416 0.969895
vt 0.527439 0.966289
vt 0.520481 0.966247
vt 1.095749 0.674399
vt 1.102683 0.678048
vt 1.095726 0.678006
vt 1.093657 0.974386
vt 1.093684 0.970793
vt 1.100642 0.970835
vt 1.095573 0.673848
vt 1.095545 0.677441
vt 1.102507 0.677496
vt 1.093481 0.973835
vt 1.100466 0.970283
vt 1.093504 0.970228
vt 0.529683 0.793809
vt 0.522523 0.881656
vt 0.529508 0.881647
vt 0.527416 0.883527
vt 0.520657 0.795652
vt 0.527592 0.795689
vt 1.095749 0.794968
vt 1.102507 0.882843
vt 1.102683 0.795005
vt 1.093481 0.884686
vt 1.100642 0.796839
vt 1.100466 0.884677
vt 0.793817 0.674012
vt 0.883490 0.966247
vt 0.881656 0.673460
vt 1.093657 0.796848
vt 0.882843 0.677496
vt 0.796839 0.970835
vt 0.795005 0.678048
vt 0.259577 0.673395
vt 0.253116 0.677028
vt 0.259589 0.676981
vt 0.254604 0.969800
vt 0.261102 0.973366
vt 0.261078 0.969752
vt 0.786602 0.670677
vt 0.786614 0.674263
vt 0.793100 0.674244
vt 0.788127 0.970648
vt 0.794588 0.967015
vt 0.788103 0.967034
vt 0.260075 0.674538
vt 0.260100 0.678152
vt 0.253614 0.678171
vt 0.261600 0.974509
vt 0.255102 0.970942
vt 0.261588 0.970923
vt 0.787100 0.671820
vt 0.793598 0.675386
vt 0.787124 0.675434
vt 0.788625 0.971791
vt 0.788613 0.968205
vt 0.795087 0.968157
vt 0.609937 0.787100
vt 0.522023 0.793100
vt 0.609854 0.793598
vt 0.518195 0.788127
vt 0.606037 0.795087
vt 0.518206 0.794588
vt 0.525060 0.259577
vt 0.612880 0.253614
vt 0.525049 0.253116
vt 0.608980 0.261600
vt 0.521232 0.254604
vt 0.609063 0.255102
vt 0.522106 0.786602
vt 0.612880 0.678171
vt 0.521232 0.969800
vt 0.525049 0.677028
vt 0.606026 0.788625
vt 0.518206 0.967015
vt 0.609854 0.675386
vt 0.522023 0.674244
vt 0.260822 0.673037
vt 0.254321 0.676599
vt 0.260800 0.676624
vt 0.252580 0.969372
vt 0.259039 0.973010
vt 0.259059 0.969397
vt 0.787853 0.676162
vt 0.787830 0.679748
vt 0.794311 0.679800
vt 0.786069 0.976134
vt 0.792570 0.972573
vt 0.786089 0.972521
vt 0.260944 0.674103
vt 0.260924 0.677716
vt 0.254443 0.677664
vt 0.259161 0.974075
vt 0.252702 0.970437
vt 0.259184 0.970489
vt 0.787974 0.677227
vt 0.794433 0.680865
vt 0.787955 0.680840
vt 0.786191 0.977200
vt 0.786214 0.973613
vt 0.792692 0.973639
vt 1.015195 0.787853
vt 1.102975 0.794433
vt 1.103029 0.787974
vt 1.011559 0.786069
vt 1.099426 0.792692
vt 1.011593 0.792570
vt 1.103798 0.260944
vt 1.015930 0.254321
vt 1.015965 0.260822
vt 1.100161 0.259161
vt 1.012381 0.252580
vt 1.100214 0.252702
vt 1.100214 0.970437
vt 1.015930 0.676599
vt 1.103764 0.677664
vt 1.099392 0.786191
vt 1.011593 0.972573
vt 1.102975 0.680865
vt 1.015142 0.679800
vt 0.523622 0.171572
vt 0.523578 0.162932
vt 0.516672 0.171615
vt 0.524353 0.162910
vt 0.524416 0.171550
vt 0.517447 0.171593
vt 0.527982 0.874278
vt 0.521032 0.874321
vt 0.528045 0.882918
vt 0.528776 0.874256
vt 0.528820 0.882896
vt 0.521807 0.874300
vt 1.089664 0.168061
vt 1.096633 0.168018
vt 1.089619 0.159421
vt 1.090457 0.168039
vt 1.090394 0.159399
vt 1.097407 0.167996
vt 1.094023 0.870768
vt 1.094087 0.879407
vt 1.100992 0.870724
vt 1.094817 0.870745
vt 1.101767 0.870703
vt 1.094861 0.879385
vt 0.162910 0.755145
vt 0.171615 0.677140
vt 0.162932 0.677069
vt 0.882918 0.677224
vt 0.874300 0.755367
vt 0.882896 0.755300
vt 0.870724 0.671535
vt 0.879385 0.749682
vt 0.870703 0.749611
vt 0.159399 0.749527
vt 0.168018 0.671384
vt 0.167996 0.749460
vt 0.171593 0.755216
vt 0.874321 0.677291
vt 1.090394 0.749527
vt 0.523578 0.677069
vt 1.089619 0.671451
vt 0.528820 0.755300
vt 1.094087 0.671606
vt 0.528045 0.677224
vt 0.770019 0.480548
vt 0.771174 0.480540
vt 0.770081 0.479579
vt 0.791464 0.492329
vt 0.790556 0.492480
vt 0.790371 0.491368
vt 0.493613 0.785591
vt 0.492644 0.786425
vt 0.493764 0.786479
vt 0.620667 0.505545
vt 0.619512 0.505553
vt 0.620483 0.504433
vt 0.780126 0.651867
vt 0.780310 0.652978
vt 0.781281 0.651859
vt 0.663799 0.859033
vt 0.663648 0.858144
vt 0.664767 0.858199
vt 0.610237 0.664932
vt 0.609329 0.665083
vt 0.610422 0.666044
vt 0.630774 0.676864
vt 0.630712 0.677833
vt 0.629619 0.676872
vt 0.600192 0.492644
vt 0.600130 0.493613
vt 0.771174 0.758363
vt 0.790371 0.877193
vt 0.770081 0.758646
vt 0.505553 0.905027
vt 0.504433 0.904972
vt 0.599222 0.493764
vt 0.610422 0.767430
vt 0.629619 0.886260
vt 0.630712 0.885978
vt 0.800601 0.664767
vt 0.652978 0.739652
vt 0.801571 0.663648
vt 0.800663 0.663799
vt 0.600192 0.786425
vt 0.480540 0.758363
vt 0.651859 0.739597
vt 0.665083 0.767713
vt 0.780310 0.739652
vt 0.745585 0.460728
vt 0.746512 0.460557
vt 0.745457 0.459864
vt 0.755277 0.462612
vt 0.754457 0.462808
vt 0.754222 0.461919
vt 0.601699 0.491001
vt 0.601571 0.490137
vt 0.600879 0.491197
vt 0.610571 0.493081
vt 0.609644 0.493252
vt 0.610336 0.492192
vt 0.775510 0.605056
vt 0.775745 0.605945
vt 0.776438 0.604884
vt 0.784382 0.607136
vt 0.785203 0.606939
vt 0.784511 0.608000
vt 0.631624 0.635328
vt 0.630804 0.635525
vt 0.631859 0.636217
vt 0.640496 0.637408
vt 0.640625 0.638272
vt 0.639569 0.637580
vt 0.755277 0.863465
vt 0.745457 0.760713
vt 0.746512 0.760610
vt 0.493252 0.875263
vt 0.490137 0.772370
vt 0.492192 0.875225
vt 0.631859 0.766870
vt 0.639569 0.869829
vt 0.640625 0.869726
vt 0.604884 0.755176
vt 0.608000 0.858069
vt 0.606939 0.858031
vt 0.754222 0.863568
vt 0.601571 0.772370
vt 0.462612 0.863465
vt 0.460557 0.760610
vt 0.491197 0.772408
vt 0.637580 0.869829
vt 0.635525 0.766974
vt 0.775745 0.755214
vt 0.781535 0.433522
vt 0.781577 0.432606
vt 0.780695 0.433469
vt 0.787193 0.425711
vt 0.787220 0.426543
vt 0.786311 0.426574
vt 0.780321 0.577404
vt 0.779481 0.577351
vt 0.780348 0.578236
vt 0.786006 0.570426
vt 0.785964 0.571341
vt 0.785097 0.570457
vt 0.925536 0.435284
vt 0.926445 0.435253
vt 0.925578 0.434368
vt 0.931221 0.428305
vt 0.931194 0.427473
vt 0.932062 0.428358
vt 0.924322 0.579166
vt 0.924349 0.579998
vt 0.925231 0.579135
vt 0.930007 0.572188
vt 0.930847 0.572240
vt 0.929965 0.573103
vt 0.787193 0.912882
vt 0.780695 0.812422
vt 0.781577 0.812313
vt 0.571341 0.922934
vt 0.577351 0.822354
vt 0.570457 0.922922
vt 0.925231 0.814336
vt 0.929965 0.915013
vt 0.930847 0.914905
vt 0.434368 0.804392
vt 0.428358 0.904973
vt 0.427473 0.904960
vt 0.433469 0.812422
vt 0.925578 0.804392
vt 0.785964 0.922934
vt 0.924349 0.814445
vt 0.780348 0.822366
vt 0.579135 0.814336
vt 0.435253 0.804404
vt 0.803330 0.485508
vt 0.803982 0.484378
vt 0.802504 0.484888
vt 0.835016 0.902198
vt 0.834742 0.903233
vt 0.833538 0.902633
vt 0.652940 0.817655
vt 0.652320 0.818601
vt 0.653843 0.818690
vt 0.758494 0.634023
vt 0.757843 0.635153
vt 0.757291 0.633630
vt 0.970464 0.568974
vt 0.971667 0.569368
vt 0.971115 0.567844
vt 0.550057 0.874725
vt 0.549154 0.873690
vt 0.550678 0.873779
vt 0.894216 0.789147
vt 0.893942 0.790182
vt 0.895420 0.789747
vt 0.925628 0.717489
vt 0.926454 0.718110
vt 0.924977 0.718620
vt 0.727083 0.652940
vt 0.726256 0.652320
vt 0.802504 0.775406
vt 0.803982 0.774970
vt 0.834742 0.466591
vt 0.833538 0.466198
vt 0.633630 0.945829
vt 0.635153 0.945918
vt 0.894216 0.736406
vt 0.726808 0.653843
vt 0.893942 0.737310
vt 0.926454 0.916974
vt 0.924977 0.917410
vt 0.895420 0.736800
vt 1.002702 0.550678
vt 0.567844 0.746462
vt 1.002150 0.549154
vt 1.001876 0.550057
vt 0.466198 0.902633
vt 0.484888 0.775406
vt 0.971115 0.746462
vt 0.757843 0.945918
vt 0.726808 0.818690
vt 0.736800 0.789747
vt 0.569368 0.746552
vt 0.731798 0.458208
vt 0.732406 0.457736
vt 0.731326 0.457601
vt 0.732596 0.457848
vt 0.731989 0.458321
vt 0.731516 0.457713
vt 0.631815 0.536036
vt 0.631343 0.535429
vt 0.631209 0.536509
vt 0.632006 0.536149
vt 0.631398 0.536621
vt 0.631533 0.535541
vt 0.809625 0.558191
vt 0.810099 0.558799
vt 0.810234 0.557719
vt 0.809817 0.558304
vt 0.810423 0.557831
vt 0.810288 0.558911
vt 0.709642 0.636019
vt 0.709036 0.636492
vt 0.710116 0.636626
vt 0.709834 0.636132
vt 0.710305 0.636739
vt 0.709226 0.636604
vt 0.732596 0.875255
vt 0.731326 0.786565
vt 0.732406 0.786562
vt 0.536509 0.786679
vt 0.535541 0.875372
vt 0.536621 0.875371
vt 0.710305 0.875076
vt 0.709036 0.786386
vt 0.709226 0.875079
vt 0.557719 0.786270
vt 0.558911 0.874961
vt 0.557831 0.874962
vt 0.731516 0.875257
vt 0.631343 0.786680
vt 0.457736 0.786562
vt 0.636492 0.786386
vt 0.810099 0.786269
vt 0.710116 0.786384
vt 0.730661 0.352755
vt 0.731566 0.352122
vt 0.730163 0.351950
vt 0.751223 0.891106
vt 0.750557 0.891946
vt 0.749820 0.891344
vt 0.455665 0.798557
vt 0.454860 0.799353
vt 0.456283 0.799396
vt 0.621260 0.454458
vt 0.620356 0.455090
vt 0.620524 0.453667
vt 0.832334 0.484095
vt 0.833071 0.484885
vt 0.833239 0.483463
vt 0.482888 0.875948
vt 0.482270 0.875108
vt 0.483692 0.875151
vt 0.703038 0.782558
vt 0.702372 0.783398
vt 0.703775 0.783160
vt 0.722934 0.585798
vt 0.723432 0.586603
vt 0.722029 0.586430
vt 0.600866 0.454860
vt 0.601364 0.455665
vt 0.731566 0.775974
vt 0.730163 0.776211
vt 0.750557 0.351547
vt 0.749820 0.350757
vt 0.453667 0.914486
vt 0.455090 0.914529
vt 0.703038 0.587005
vt 0.600699 0.456283
vt 0.702372 0.587623
vt 0.723432 0.898293
vt 0.722029 0.898531
vt 0.852728 0.483692
vt 0.484885 0.760018
vt 0.852896 0.482270
vt 0.852231 0.482888
vt 0.600866 0.799353
vt 0.352122 0.775974
vt 0.483463 0.759975
vt 0.586430 0.898531
vt 0.587623 0.783398
vt 0.852728 0.875151
vt 0.833071 0.760018
vt 0.808982 0.368594
vt 0.809762 0.368258
vt 0.808668 0.367841
vt 0.813802 0.368735
vt 0.813071 0.369078
vt 0.812708 0.368319
vt 0.424485 0.800472
vt 0.423732 0.801070
vt 0.424828 0.801082
vt 0.688645 0.424969
vt 0.687865 0.425305
vt 0.688281 0.424210
vt 0.864798 0.493118
vt 0.865161 0.493877
vt 0.865578 0.492782
vt 0.493602 0.889120
vt 0.493259 0.888510
vt 0.494355 0.888522
vt 0.740372 0.549009
vt 0.739641 0.549352
vt 0.740735 0.549768
vt 0.744460 0.549493
vt 0.744775 0.550246
vt 0.743680 0.549829
vt 0.684556 0.424485
vt 0.684242 0.423732
vt 0.813802 0.891495
vt 0.808668 0.796084
vt 0.809762 0.796036
vt 0.425305 0.896541
vt 0.424210 0.896529
vt 0.744775 0.893508
vt 0.739641 0.798097
vt 0.743680 0.893556
vt 0.869201 0.494355
vt 0.492782 0.793051
vt 0.869618 0.493259
vt 0.868887 0.493602
vt 0.812708 0.891543
vt 0.684242 0.801070
vt 0.368258 0.796036
vt 0.549352 0.798097
vt 0.865161 0.793063
vt 0.740735 0.798049
vt 0.825262 0.480085
vt 0.826076 0.479187
vt 0.824591 0.479354
vt 0.853181 0.900193
vt 0.852697 0.901138
vt 0.851697 0.900536
vt 0.618966 0.812052
vt 0.618236 0.812927
vt 0.619755 0.812997
vt 0.745899 0.609914
vt 0.745086 0.610812
vt 0.744898 0.609292
vt 0.962905 0.591439
vt 0.963906 0.592060
vt 0.963719 0.590541
vt 0.582386 0.878650
vt 0.581597 0.877705
vt 0.583117 0.877775
vt 0.856107 0.789564
vt 0.855623 0.790509
vt 0.857107 0.790166
vt 0.883542 0.721268
vt 0.884213 0.721998
vt 0.882729 0.722166
vt 0.717793 0.618236
vt 0.718464 0.618966
vt 0.826076 0.778570
vt 0.824591 0.778913
vt 0.851697 0.470411
vt 0.852697 0.471033
vt 0.610812 0.934620
vt 0.609292 0.934551
vt 0.856107 0.730320
vt 0.717980 0.619755
vt 0.855623 0.731109
vt 0.884213 0.911790
vt 0.882729 0.912133
vt 0.991012 0.583117
vt 0.592060 0.756152
vt 0.990340 0.582386
vt 0.853181 0.470243
vt 0.990825 0.581597
vt 0.470411 0.900536
vt 0.479354 0.778913
vt 0.963719 0.756082
vt 0.745086 0.934620
vt 0.717980 0.812997
vt 0.721998 0.911790
vt 0.730942 0.790166
vt 0.899334 0.537974
vt 0.900084 0.537430
vt 0.898844 0.537271
vt 0.908442 0.537208
vt 0.907794 0.537749
vt 0.907202 0.537049
vt 0.627307 0.768882
vt 0.626604 0.769543
vt 0.627849 0.769559
vt 0.792628 0.627083
vt 0.791878 0.627627
vt 0.792037 0.626382
vt 0.988389 0.653542
vt 0.988981 0.654242
vt 0.989139 0.652998
vt 0.653317 0.855332
vt 0.652776 0.854655
vt 0.654020 0.854671
vt 0.873223 0.742875
vt 0.872575 0.743416
vt 0.873815 0.743576
vt 0.881684 0.742651
vt 0.882174 0.743354
vt 0.880934 0.743195
vt 0.783678 0.626604
vt 0.784168 0.627307
vt 0.908442 0.861708
vt 0.898844 0.759903
vt 0.900084 0.759801
vt 0.626382 0.871450
vt 0.627627 0.871466
vt 0.783519 0.627849
vt 0.873815 0.762405
vt 0.880934 0.864413
vt 0.882174 0.864311
vt 0.997339 0.654020
vt 0.652998 0.752748
vt 0.997498 0.652776
vt 0.996849 0.653317
vt 0.792037 0.871450
vt 0.783678 0.769543
vt 0.537430 0.759801
vt 0.743195 0.864413
vt 0.743416 0.762506
vt 0.988981 0.752764
vt -0.180968 0.136701
vt -0.180931 0.132022
vt -0.181627 0.136697
vt -0.180766 0.132148
vt -0.180800 0.136829
vt -0.181461 0.136823
vt -0.186777 0.907312
vt -0.187436 0.907307
vt -0.186811 0.911992
vt -0.186610 0.907439
vt -0.186646 0.912118
vt -0.187271 0.907433
vt -0.072293 0.137518
vt -0.071632 0.137523
vt -0.072256 0.132839
vt -0.072125 0.137645
vt -0.072091 0.132965
vt -0.071466 0.137649
vt -0.078102 0.908128
vt -0.078136 0.912809
vt -0.077441 0.908134
vt -0.077935 0.908255
vt -0.077276 0.908260
vt -0.077971 0.912935
vt 0.132148 0.640585
vt 0.136697 0.612905
vt 0.132022 0.612922
vt 0.912118 0.637069
vt 0.907307 0.609430
vt 0.907433 0.637094
vt 0.908260 0.636433
vt 0.912809 0.608752
vt 0.912935 0.636416
vt 0.132839 0.612269
vt 0.137649 0.639907
vt 0.132965 0.639932
vt -0.072091 0.639932
vt -0.180931 0.612922
vt -0.072256 0.612269
vt -0.186811 0.609405
vt -0.077971 0.636416
vt -0.078136 0.608752
vt 0.908134 0.608769
vt 0.137523 0.612244
vt 1.078096 0.136612
vt 1.078108 0.131932
vt 1.077436 0.136611
vt 1.078102 0.131918
vt 1.078090 0.136598
vt 1.077430 0.136597
vt 1.076107 0.907250
vt 1.075446 0.907248
vt 1.076095 0.911930
vt 1.076100 0.907235
vt 1.076088 0.911916
vt 1.075440 0.907234
vt 1.186776 0.136893
vt 1.187436 0.136895
vt 1.186788 0.132213
vt 1.186770 0.136879
vt 1.186782 0.132199
vt 1.187430 0.136881
vt 1.184786 0.907530
vt 1.184774 0.912210
vt 1.185446 0.907532
vt 1.184780 0.907516
vt 1.185440 0.907518
vt 1.184768 0.912196
vt 0.131932 0.609132
vt 0.136597 0.636798
vt 0.136611 0.609134
vt 0.911930 0.609528
vt 0.907234 0.637189
vt 0.911916 0.637192
vt 0.907532 0.609549
vt 0.912196 0.637216
vt 0.907518 0.637213
vt 0.132199 0.636820
vt 0.136895 0.609158
vt 0.136881 0.636822
vt 0.907248 0.609525
vt 1.186782 0.636820
vt 1.078108 0.609132
vt 1.186788 0.609156
vt 1.076095 0.609528
vt 1.184768 0.637216
vt 1.184774 0.609552
vt -0.110525 0.087683
vt -0.110523 0.087143
vt -0.117964 0.087660
vt -0.110360 0.087065
vt -0.110360 0.087605
vt -0.117801 0.087583
vt -0.110792 0.176603
vt -0.118231 0.176580
vt -0.110792 0.177142
vt -0.110627 0.176524
vt -0.110629 0.177065
vt -0.118068 0.176502
vt 1.114568 0.091376
vt 1.122009 0.091398
vt 1.114571 0.090836
vt 1.114733 0.091298
vt 1.114734 0.090758
vt 1.122172 0.091321
vt 1.114302 0.180295
vt 1.114301 0.180835
vt 1.121742 0.180317
vt 1.114466 0.180217
vt 1.121905 0.180240
vt 1.114464 0.180758
vt -0.110360 0.660376
vt -0.117964 0.632758
vt -0.110523 0.632712
vt -0.110792 0.632966
vt -0.118068 0.660672
vt -0.110629 0.660629
vt 1.121742 0.625716
vt 1.114464 0.653424
vt 1.121905 0.653379
vt 1.114734 0.653171
vt 1.122009 0.625465
vt 1.122172 0.653129
vt 0.087660 0.632758
vt 0.176502 0.660672
vt 0.176580 0.633008
vt 1.114571 0.625507
vt 1.114301 0.625761
vt 0.180240 0.653379
vt 0.091398 0.625465
vt 0.180317 0.625716
vt -0.054387 0.821807
vt 0.136307 0.824040
vt 0.143619 0.222736
vt -0.056067 0.223128
vt -0.056067 0.537362
vt 0.136307 0.537513
vt 0.849349 0.024610
vt 0.852883 0.023175
vt 0.192956 0.026645
vt -0.082687 0.096399
vt 0.161834 0.091493
vt 0.864735 0.821541
vt 1.053751 0.219565
vt 0.864777 0.224183
vt 0.864777 0.540606
vt 0.870936 0.537455
vt 0.193441 0.092182
vt 0.853228 0.021874
vt 0.194244 0.024340
vt 0.833943 0.092182
vt 1.085081 0.090671
vt -0.146338 0.686033
vt -0.153595 0.524531
vt 1.153476 0.528744
vt 0.887660 0.680687
vt 0.158445 0.684900
vt -0.090737 0.247631
vt 0.479718 0.252740
vt 0.483279 0.166720
vt 0.159693 0.974092
vt 0.254552 0.968579
vt -0.097906 0.880756
vt 0.471395 0.879550
vt 0.481248 0.787881
vt 0.792926 0.972083
vt 0.875711 0.965944
vt -0.008236 0.795265
vt -0.014225 0.258203
vt -0.101403 0.262736
vt -0.013640 0.974043
vt -0.008236 0.967458
vt 0.395623 0.792859
vt 0.484077 0.790630
vt 0.479408 0.258716
vt 0.392145 0.251318
vt 0.392145 0.966969
vt 0.484077 0.969656
vt 0.881322 0.683873
vt 0.161392 0.674760
vt 0.470133 0.752829
vt 0.474419 0.761942
vt 0.215148 0.434799
vt 0.410227 0.414572
vt 0.306134 0.328040
vt 0.328154 0.855109
vt 0.518604 0.857059
vt -0.076316 0.676047
vt 0.082148 0.779035
vt 0.619700 0.725702
vt 0.054312 0.500000
vt -0.042454 0.927853
vt 0.103998 0.821487
vt 0.274699 0.545784
vt 0.540665 0.800349
vt 0.072885 0.947826
vt 0.390863 0.926689
vt 0.595523 0.933402
vt 0.054157 0.874992
vt 0.501300 0.787729
vt -0.018779 0.905225
vt 0.430927 0.878249
vt 0.200991 0.861775
vt 0.060807 0.806502
vt 0.043079 0.931221
vt 0.233568 0.899144
vt 0.032616 0.648936
vt 0.176841 0.760072
vt 0.311822 0.869889
vt 0.750057 0.906433
vt 0.347863 0.873382
vt 0.479241 0.783755
vt 0.236097 0.781027
vt 0.213066 0.879477
vt 0.452586 0.873382
vt 0.615176 0.876750
vt 0.375429 0.870655
vt 0.345131 0.866288
vt 0.187931 0.352690
vt 0.320503 0.866145
vt 0.502709 0.871001
vt 0.380608 0.856756
vt 0.525316 0.254267
vt 0.166467 0.968152
vt 0.164127 0.975159
vt 0.522699 0.793817
vt 0.520481 0.883490
vt 1.095573 0.882806
vt 0.795652 0.966799
vt 0.884677 0.970283
vt 0.612891 0.260075
vt 0.521149 0.261102
vt 0.609063 0.970942
vt 0.606037 0.968157
vt 1.015142 0.794311
vt 1.103764 0.254443
vt 1.012328 0.259039
vt 1.012381 0.969372
vt 1.099426 0.973639
vt 0.879407 0.671606
vt 0.159421 0.671451
vt 0.524353 0.755145
vt 1.094861 0.749682
vt 0.791464 0.876911
vt 0.609329 0.767713
vt 0.620483 0.904972
vt 0.492329 0.876911
vt 0.676872 0.886260
vt 0.800601 0.858199
vt 0.630804 0.766974
vt 0.605945 0.755214
vt 0.610336 0.875225
vt 0.784511 0.858069
vt 0.786311 0.912990
vt 0.578236 0.822366
vt 0.426574 0.912990
vt 0.931194 0.904960
vt 0.572240 0.914905
vt 0.835016 0.465688
vt 1.002150 0.873690
vt 0.718110 0.916974
vt 0.535429 0.786680
vt 0.558799 0.786269
vt 0.631533 0.875372
vt 0.457848 0.875255
vt 0.636604 0.875079
vt 0.810288 0.874961
vt 0.703775 0.587796
vt 0.751223 0.350930
vt 0.620524 0.914486
vt 0.350930 0.891106
vt 0.683825 0.424828
vt 0.493877 0.793063
vt 0.688281 0.896529
vt 0.368735 0.891495
vt 0.549829 0.893556
vt 0.869201 0.888522
vt 0.857107 0.730942
vt 0.590541 0.756082
vt 0.990825 0.877705
vt 0.907202 0.861809
vt 0.872575 0.762506
vt 0.654242 0.752764
vt 0.537208 0.861708
vt 0.997339 0.854671
vt 0.136823 0.640568
vt 0.911992 0.609405
vt -0.180766 0.640585
vt -0.186646 0.637069
vt 0.131918 0.636796
vt 0.912210 0.609552
vt 0.132213 0.609156
vt 1.078102 0.636796
vt 1.076088 0.637192
vt -0.117801 0.660421
vt -0.118231 0.633008
vt 0.087583 0.660421
vt 0.091321 0.653129
s 0
usemtl wood
f 1/1/1 2/2/1 3/3/1
f 4/4/2 5/5/2 6/6/2
f 7/7/3 8/8/3 9/9/3
f 10/10/4 11/11/4 12/12/4
f 13/13/5 14/14/5 15/15/5
f 16/16/6 17/17/6 18/18/6
f 19/19/7 20/20/7 21/21/7
f 22/22/8 23/23/8 24/24/8
f 1/1/9 8/8/9 7/7/9
f 2/2/10 6/6/10 3/3/10
f 10/10/11 6/6/11 5/5/11
f 9/9/12 12/12/12 11/11/12
f 7/25/13 20/26/13 19/27/13
f 22/28/14 11/29/14 10/30/14
f 23/23/15 20/20/15 24/24/15
f 19/19/16 14/14/16 13/13/16
f 16/16/17 23/23/17 22/22/17
f 15/15/18 18/18/18 17/17/18
f 13/31/19 2/32/19 1/33/19
f 5/34/20 17/35/20 16/36/20
f 19/27/21 1/33/21 7/25/21
f 6/6/22 8/8/22 3/3/22
f 17/37/23 2/38/23 15/39/23
f 10/30/24 16/36/24 22/28/24
f 11/40/25 20/41/25 9/42/25
f 23/23/26 14/14/26 21/21/26
f 49/86/53 50/87/53 51/88/53
f 52/89/54 53/90/54 54/91/54
f 55/92/55 56/93/55 57/94/55
f 58/95/56 59/96/56 60/97/56
f 61/98/57 62/99/57 63/100/57
f 64/101/58 65/102/58 66/103/58
f 67/104/59 68/105/59 69/106/59
f 70/107/60 71/108/60 72/109/60
f 55/92/61 51/88/61 56/93/61
f 52/89/62 51/88/62 50/87/62
f 58/95/63 54/91/63 53/90/63
f 57/94/64 60/97/64 59/96/64
f 55/110/65 68/111/65 67/112/65
f 58/113/66 72/114/66 59/115/66
f 69/106/67 72/109/67 71/108/67
f 67/104/68 62/99/68 61/98/68
f 64/101/69 71/108/69 70/107/69
f 63/100/70 66/103/70 65/102/70
f 61/116/71 50/117/71 49/118/71
f 53/119/72 65/120/72 64/121/72
f 55/110/73 61/116/73 49/118/73
f 54/91/74 56/93/74 51/88/74
f 65/122/75 50/123/75 63/124/75
f 58/113/76 64/121/76 70/125/76
f 57/126/77 72/127/77 68/128/77
f 71/108/78 62/99/78 69/106/78
f 97/172/105 98/173/105 99/174/105
f 100/175/106 101/176/106 102/177/106
f 103/178/107 104/179/107 105/180/107
f 106/181/108 107/182/108 108/183/108
f 109/184/109 110/185/109 111/186/109
f 112/187/110 113/188/110 114/189/110
f 115/190/111 116/191/111 117/192/111
f 118/193/112 119/194/112 120/195/112
f 97/172/113 104/179/113 103/178/113
f 100/196/114 99/197/114 98/198/114
f 106/181/115 102/177/115 101/176/115
f 105/199/116 108/200/116 107/201/116
f 103/178/117 116/191/117 115/190/117
f 106/181/118 120/195/118 107/182/118
f 117/202/119 120/203/119 119/204/119
f 109/184/120 117/192/120 110/185/120
f 112/187/121 119/194/121 118/193/121
f 111/205/122 114/206/122 113/207/122
f 109/184/123 98/173/123 97/172/123
f 101/176/124 113/188/124 112/187/124
f 115/190/125 97/172/125 103/178/125
f 102/208/126 104/209/126 99/210/126
f 113/207/127 98/198/127 111/205/127
f 106/181/128 112/187/128 118/193/128
f 107/201/129 116/211/129 105/199/129
f 119/212/130 110/213/130 117/214/130
f 121/215/131 122/216/131 123/217/131
f 124/218/132 125/219/132 126/220/132
f 127/221/133 128/222/133 129/223/133
f 130/224/134 131/225/134 132/226/134
f 133/227/135 134/228/135 135/229/135
f 136/230/136 137/231/136 138/232/136
f 139/233/137 140/234/137 141/235/137
f 142/236/138 143/237/138 144/238/138
f 127/239/139 123/240/139 128/241/139
f 124/218/140 123/217/140 122/216/140
f 125/242/141 132/243/141 126/244/141
f 129/223/142 132/226/142 131/225/142
f 127/221/143 140/234/143 139/233/143
f 142/236/144 131/225/144 130/224/144
f 141/235/145 144/238/145 143/237/145
f 139/245/146 134/246/146 133/247/146
f 136/248/147 143/249/147 142/250/147
f 137/231/148 134/228/148 138/232/148
f 121/215/149 135/229/149 122/216/149
f 125/219/150 137/231/150 136/230/150
f 139/245/151 121/251/151 127/239/151
f 123/252/152 132/253/152 128/254/152
f 137/231/153 122/216/153 135/229/153
f 142/250/154 125/242/154 136/248/154
f 131/225/155 140/234/155 129/223/155
f 141/255/156 138/256/156 134/257/156
f 145/258/157 146/259/157 147/260/157
f 148/261/158 149/262/158 150/263/158
f 151/264/159 152/265/159 153/266/159
f 154/267/160 155/268/160 156/269/160
f 157/270/161 158/271/161 159/272/161
f 160/273/162 161/274/162 162/275/162
f 163/276/163 164/277/163 165/278/163
f 166/279/164 167/280/164 168/281/164
f 151/282/165 147/283/165 152/284/165
f 148/261/166 147/260/166 146/259/166
f 154/285/167 150/286/167 149/287/167
f 155/268/168 152/265/168 156/269/168
f 151/264/169 164/277/169 163/276/169
f 154/267/170 168/281/170 155/268/170
f 167/280/171 164/277/171 168/281/171
f 157/288/172 165/289/172 158/290/172
f 160/291/173 167/292/173 166/293/173
f 159/272/174 162/275/174 161/274/174
f 157/270/175 146/259/175 145/258/175
f 149/262/176 161/274/176 160/273/176
f 151/282/177 157/288/177 145/294/177
f 147/295/178 156/296/178 152/297/178
f 161/274/179 146/259/179 159/272/179
f 154/285/180 160/291/180 166/293/180
f 155/268/181 164/277/181 153/266/181
f 165/298/182 162/299/182 158/300/182
f 169/301/183 170/302/183 171/303/183
f 172/304/184 173/305/184 174/306/184
f 175/307/185 176/308/185 177/309/185
f 178/310/186 179/311/186 180/312/186
f 181/313/187 182/314/187 183/315/187
f 184/316/188 185/317/188 186/318/188
f 187/319/189 188/320/189 189/321/189
f 190/322/190 191/323/190 192/324/190
f 175/307/191 171/303/191 176/308/191
f 172/304/192 171/303/192 170/302/192
f 178/310/193 174/306/193 173/305/193
f 177/309/194 180/312/194 179/311/194
f 187/325/195 177/326/195 188/327/195
f 190/328/196 179/329/196 178/330/196
f 191/323/197 188/320/197 192/324/197
f 181/313/198 189/321/198 182/314/198
f 184/316/199 191/323/199 190/322/199
f 183/315/200 186/318/200 185/317/200
f 169/331/201 183/332/201 170/333/201
f 184/334/202 172/335/202 185/336/202
f 187/325/203 169/331/203 175/337/203
f 171/303/204 180/312/204 176/308/204
f 183/338/205 172/339/205 170/340/205
f 178/330/206 184/334/206 190/328/206
f 179/341/207 188/342/207 177/343/207
f 189/321/208 186/318/208 182/314/208
f 193/344/209 194/345/209 195/346/209
f 196/347/210 197/348/210 198/349/210
f 199/350/211 200/351/211 201/352/211
f 202/353/212 203/354/212 204/355/212
f 205/356/213 206/357/213 207/358/213
f 208/359/214 209/360/214 210/361/214
f 211/362/215 212/363/215 213/364/215
f 214/365/216 215/366/216 216/367/216
f 193/344/217 200/351/217 199/350/217
f 196/347/218 195/346/218 194/345/218
f 202/353/219 198/349/219 197/348/219
f 201/352/220 204/355/220 203/354/220
f 199/368/221 212/369/221 211/370/221
f 214/371/222 203/372/222 202/373/222
f 213/364/223 216/367/223 215/366/223
f 205/356/224 213/364/224 206/357/224
f 208/359/225 215/366/225 214/365/225
f 207/358/226 210/361/226 209/360/226
f 193/374/227 207/375/227 194/376/227
f 197/377/228 209/378/228 208/379/228
f 211/370/229 193/374/229 199/368/229
f 198/349/230 200/351/230 195/346/230
f 209/380/231 194/381/231 207/382/231
f 202/373/232 208/379/232 214/371/232
f 203/383/233 212/384/233 201/385/233
f 215/366/234 206/357/234 213/364/234
f 217/386/235 218/387/235 219/388/235
f 220/389/236 221/390/236 222/391/236
f 223/392/237 224/393/237 225/394/237
f 226/395/238 227/396/238 228/397/238
f 229/398/239 230/399/239 231/400/239
f 232/401/240 233/402/240 234/403/240
f 235/404/241 236/405/241 237/406/241
f 238/407/242 239/408/242 240/409/242
f 223/392/243 219/388/243 224/393/243
f 220/410/244 219/411/244 218/412/244
f 226/395/245 222/391/245 221/390/245
f 225/413/246 228/414/246 227/415/246
f 223/392/247 236/405/247 235/404/247
f 238/407/248 227/396/248 226/395/248
f 237/416/249 240/417/249 239/418/249
f 235/404/250 230/399/250 229/398/250
f 232/401/251 239/408/251 238/407/251
f 233/419/252 230/420/252 234/421/252
f 217/386/253 231/400/253 218/387/253
f 221/390/254 233/402/254 232/401/254
f 235/404/255 217/386/255 223/392/255
f 222/422/256 224/423/256 219/411/256
f 231/424/257 220/425/257 218/426/257
f 226/395/258 232/401/258 238/407/258
f 227/427/259 236/428/259 225/429/259
f 239/418/260 230/420/260 237/416/260
f 457/846/495 458/847/495 459/848/495
f 460/849/496 461/850/496 462/851/496
f 463/852/497 464/853/497 465/854/497
f 466/855/498 467/856/498 468/857/498
f 469/858/499 470/859/499 471/860/499
f 472/861/500 473/862/500 474/863/500
f 475/864/501 476/865/501 477/866/501
f 478/867/502 479/868/502 480/869/502
f 463/870/503 459/871/503 464/872/503
f 460/849/504 459/848/504 458/847/504
f 461/873/505 468/874/505 462/875/505
f 467/856/506 464/853/506 468/857/506
f 463/852/507 476/865/507 475/864/507
f 466/855/508 480/869/508 467/856/508
f 479/868/509 476/865/509 480/869/509
f 469/876/510 477/877/510 470/878/510
f 478/879/511 474/880/511 479/881/511
f 473/862/512 470/859/512 474/863/512
f 457/846/513 471/860/513 458/847/513
f 461/850/514 473/862/514 472/861/514
f 475/882/515 457/883/515 463/870/515
f 459/884/516 468/885/516 464/886/516
f 471/860/517 460/849/517 458/847/517
f 478/879/518 461/873/518 472/887/518
f 465/854/519 480/869/519 476/865/519
f 479/888/520 470/889/520 477/890/520
f 481/891/521 482/892/521 483/893/521
f 484/894/522 485/895/522 486/896/522
f 487/897/523 488/898/523 489/899/523
f 490/900/524 491/901/524 492/902/524
f 493/903/525 494/904/525 495/905/525
f 496/906/526 497/907/526 498/908/526
f 499/909/527 500/910/527 501/911/527
f 502/912/528 503/913/528 504/914/528
f 481/915/529 488/916/529 487/917/529
f 484/894/530 483/893/530 482/892/530
f 490/918/531 486/919/531 485/920/531
f 489/899/532 492/902/532 491/901/532
f 499/909/533 489/899/533 500/910/533
f 490/900/534 504/914/534 491/901/534
f 503/913/535 500/910/535 504/914/535
f 493/921/536 501/922/536 494/923/536
f 502/924/537 498/925/537 503/926/537
f 495/905/538 498/908/538 497/907/538
f 493/903/539 482/892/539 481/891/539
f 496/906/540 484/894/540 497/907/540
f 487/917/541 493/921/541 481/915/541
f 483/927/542 492/928/542 488/929/542
f 495/905/543 484/894/543 482/892/543
f 490/918/544 496/930/544 502/924/544
f 489/899/545 504/914/545 500/910/545
f 501/931/546 498/932/546 494/933/546
f 505/934/547 506/935/547 507/936/547
f 508/937/548 509/938/548 510/939/548
f 511/940/549 512/941/549 513/942/549
f 514/943/550 515/944/550 516/945/550
f 517/946/551 518/947/551 519/948/551
f 520/949/552 521/950/552 522/951/552
f 523/952/553 524/953/553 525/954/553
f 526/955/554 527/956/554 528/957/554
f 505/934/555 512/941/555 511/940/555
f 508/937/556 507/936/556 506/935/556
f 514/943/557 510/939/557 509/938/557
f 513/942/558 516/945/558 515/944/558
f 523/958/559 513/959/559 524/960/559
f 514/961/560 528/962/560 515/963/560
f 527/956/561 524/953/561 528/957/561
f 523/952/562 518/947/562 517/946/562
f 520/949/563 527/956/563 526/955/563
f 521/950/564 518/947/564 522/951/564
f 505/964/565 519/965/565 506/966/565
f 520/967/566 508/968/566 521/969/566
f 523/958/567 505/964/567 511/970/567
f 510/939/568 512/941/568 507/936/568
f 519/971/569 508/972/569 506/973/569
f 514/961/570 520/967/570 526/974/570
f 515/975/571 524/976/571 513/977/571
f 527/956/572 518/947/572 525/954/572
f 529/978/573 530/979/573 531/980/573
f 532/981/574 533/982/574 534/983/574
f 535/984/575 536/985/575 537/986/575
f 538/987/576 539/988/576 540/989/576
f 541/990/577 542/991/577 543/992/577
f 544/993/578 545/994/578 546/995/578
f 547/996/579 548/997/579 549/998/579
f 550/999/580 551/1000/580 552/1001/580
f 529/978/581 536/985/581 535/984/581
f 532/981/582 531/980/582 530/979/582
f 538/987/583 534/983/583 533/982/583
f 539/988/584 536/985/584 540/989/584
f 535/1002/585 548/1003/585 547/1004/585
f 538/1005/586 552/1006/586 539/1007/586
f 549/998/587 552/1001/587 551/1000/587
f 547/996/588 542/991/588 541/990/588
f 544/993/589 551/1000/589 550/999/589
f 543/992/590 546/995/590 545/994/590
f 541/1008/591 530/1009/591 529/1010/591
f 544/1011/592 532/1012/592 545/1013/592
f 535/1002/593 541/1008/593 529/1010/593
f 531/980/594 540/989/594 536/985/594
f 545/1014/595 530/1015/595 543/1016/595
f 538/1005/596 544/1011/596 550/1017/596
f 539/1018/597 548/1019/597 537/1020/597
f 551/1000/598 542/991/598 549/998/598
f 553/1021/599 554/1022/599 555/1023/599
f 556/1024/600 557/1025/600 558/1026/600
f 559/1027/601 560/1028/601 561/1029/601
f 562/1030/602 563/1031/602 564/1032/602
f 565/1033/603 566/1034/603 567/1035/603
f 568/1036/604 569/1037/604 570/1038/604
f 571/1039/605 572/1040/605 573/1041/605
f 574/1042/606 575/1043/606 576/1044/606
f 559/1027/607 555/1023/607 560/1028/607
f 556/1045/608 555/1046/608 554/1047/608
f 557/1025/609 564/1032/609 558/1026/609
f 561/1048/610 564/1049/610 563/1050/610
f 559/1027/611 572/1040/611 571/1039/611
f 562/1030/612 576/1044/612 563/1031/612
f 573/1051/613 576/1052/613 575/1053/613
f 571/1039/614 566/1034/614 565/1033/614
f 574/1042/615 570/1038/615 575/1043/615
f 569/1054/616 566/1055/616 570/1056/616
f 565/1033/617 554/1022/617 553/1021/617
f 568/1036/618 556/1024/618 569/1037/618
f 571/1039/619 553/1021/619 559/1027/619
f 558/1057/620 560/1058/620 555/1046/620
f 569/1059/621 554/1060/621 567/1061/621
f 562/1030/622 568/1036/622 574/1042/622
f 563/1062/623 572/1063/623 561/1064/623
f 573/1051/624 570/1056/624 566/1055/624
f 1/1/9 3/3/9 8/8/9
f 2/2/937 4/4/937 6/6/937
f 10/10/11 12/12/11 6/6/11
f 9/9/938 8/8/938 12/12/938
f 7/25/13 9/1604/13 20/26/13
f 22/28/14 24/1605/14 11/29/14
f 23/23/15 21/21/15 20/20/15
f 19/19/16 21/21/16 14/14/16
f 16/16/17 18/18/17 23/23/17
f 15/15/939 14/14/939 18/18/939
f 13/31/19 15/1606/19 2/32/19
f 5/34/20 4/1607/20 17/35/20
f 19/27/21 13/31/21 1/33/21
f 6/6/22 12/12/22 8/8/22
f 17/37/23 4/1608/23 2/38/23
f 10/30/24 5/34/24 16/36/24
f 11/40/25 24/1609/25 20/41/25
f 23/23/26 18/18/26 14/14/26
f 55/92/61 49/86/61 51/88/61
f 52/89/62 54/91/62 51/88/62
f 58/95/63 60/97/63 54/91/63
f 57/94/64 56/93/64 60/97/64
f 55/110/65 57/1615/65 68/111/65
f 58/113/66 70/125/66 72/114/66
f 69/106/67 68/105/67 72/109/67
f 67/104/68 69/106/68 62/99/68
f 64/101/69 66/103/69 71/108/69
f 63/100/70 62/99/70 66/103/70
f 61/116/71 63/1616/71 50/117/71
f 53/119/72 52/1617/72 65/120/72
f 55/110/73 67/112/73 61/116/73
f 54/91/74 60/97/74 56/93/74
f 65/122/75 52/1618/75 50/123/75
f 58/113/76 53/119/76 64/121/76
f 57/126/77 59/1619/77 72/127/77
f 71/108/78 66/103/78 62/99/78
f 97/172/946 99/174/946 104/179/946
f 100/196/114 102/1625/114 99/197/114
f 106/181/115 108/183/115 102/177/115
f 105/199/116 104/1626/116 108/200/116
f 103/178/117 105/180/117 116/191/117
f 106/181/118 118/193/118 120/195/118
f 117/202/119 116/211/119 120/203/119
f 109/184/120 115/190/120 117/192/120
f 112/187/947 114/189/947 119/194/947
f 111/205/122 110/1627/122 114/206/122
f 109/184/123 111/186/123 98/173/123
f 101/176/124 100/175/124 113/188/124
f 115/190/125 109/184/125 97/172/125
f 102/208/126 108/1628/126 104/209/126
f 113/207/127 100/196/127 98/198/127
f 106/181/128 101/176/128 112/187/128
f 107/201/129 120/203/129 116/211/129
f 119/212/130 114/1629/130 110/213/130
f 127/239/139 121/251/139 123/240/139
f 124/218/140 126/220/140 123/217/140
f 125/242/141 130/1630/141 132/243/141
f 129/223/142 128/222/142 132/226/142
f 127/221/948 129/223/948 140/234/948
f 142/236/144 144/238/144 131/225/144
f 141/235/145 140/234/145 144/238/145
f 139/245/146 141/1631/146 134/246/146
f 136/248/147 138/1632/147 143/249/147
f 137/231/148 135/229/148 134/228/148
f 121/215/149 133/227/149 135/229/149
f 125/219/949 124/218/949 137/231/949
f 139/245/151 133/247/151 121/251/151
f 123/252/152 126/1633/152 132/253/152
f 137/231/153 124/218/153 122/216/153
f 142/250/154 130/1630/154 125/242/154
f 131/225/155 144/238/155 140/234/155
f 141/255/156 143/1634/156 138/256/156
f 151/282/165 145/294/165 147/283/165
f 148/261/166 150/263/166 147/260/166
f 154/285/167 156/1635/167 150/286/167
f 155/268/168 153/266/168 152/265/168
f 151/264/169 153/266/169 164/277/169
f 154/267/950 166/279/950 168/281/950
f 167/280/171 165/278/171 164/277/171
f 157/288/172 163/1636/172 165/289/172
f 160/291/173 162/1637/173 167/292/173
f 159/272/174 158/271/174 162/275/174
f 157/270/951 159/272/951 146/259/951
f 149/262/176 148/261/176 161/274/176
f 151/282/177 163/1636/177 157/288/177
f 147/295/178 150/1638/178 156/296/178
f 161/274/179 148/261/179 146/259/179
f 154/285/952 149/287/952 160/291/952
f 155/268/181 168/281/181 164/277/181
f 165/298/182 167/1639/182 162/299/182
f 175/307/191 169/301/191 171/303/191
f 172/304/192 174/306/192 171/303/192
f 178/310/193 180/312/193 174/306/193
f 177/309/194 176/308/194 180/312/194
f 187/325/195 175/337/195 177/326/195
f 190/328/196 192/1640/196 179/329/196
f 191/323/197 189/321/197 188/320/197
f 181/313/198 187/319/198 189/321/198
f 184/316/953 186/318/953 191/323/953
f 183/315/200 182/314/200 186/318/200
f 169/331/201 181/1641/201 183/332/201
f 184/334/202 173/1642/202 172/335/202
f 187/325/203 181/1641/203 169/331/203
f 171/303/204 174/306/204 180/312/204
f 183/338/205 185/1643/205 172/339/205
f 178/330/206 173/1642/206 184/334/206
f 179/341/207 192/1644/207 188/342/207
f 189/321/208 191/323/208 186/318/208
f 193/344/217 195/346/217 200/351/217
f 196/347/218 198/349/218 195/346/218
f 202/353/219 204/355/219 198/349/219
f 201/352/220 200/351/220 204/355/220
f 199/368/221 201/1645/221 212/369/221
f 214/371/222 216/1646/222 203/372/222
f 213/364/223 212/363/223 216/367/223
f 205/356/224 211/362/224 213/364/224
f 208/359/225 210/361/225 215/366/225
f 207/358/226 206/357/226 210/361/226
f 193/374/227 205/1647/227 207/375/227
f 197/377/228 196/1648/228 209/378/228
f 211/370/229 205/1647/229 193/374/229
f 198/349/230 204/355/230 200/351/230
f 209/380/231 196/1649/231 194/381/231
f 202/373/232 197/377/232 208/379/232
f 203/383/233 216/1650/233 212/384/233
f 215/366/234 210/361/234 206/357/234
f 223/392/243 217/386/243 219/388/243
f 220/410/244 222/422/244 219/411/244
f 226/395/245 228/397/245 222/391/245
f 225/413/246 224/423/246 228/414/246
f 223/392/247 225/394/247 236/405/247
f 238/407/248 240/409/248 227/396/248
f 237/416/249 236/1651/249 240/417/249
f 235/404/250 237/406/250 230/399/250
f 232/401/251 234/403/251 239/408/251
f 233/419/252 231/1652/252 230/420/252
f 217/386/253 229/398/253 231/400/253
f 221/390/254 220/389/254 233/402/254
f 235/404/255 229/398/255 217/386/255
f 222/422/256 228/414/256 224/423/256
f 231/424/257 233/1653/257 220/425/257
f 226/395/258 221/390/258 232/401/258
f 227/427/259 240/1654/259 236/428/259
f 239/418/260 234/421/260 230/420/260
f 463/870/503 457/883/503 459/871/503
f 460/849/504 462/851/504 459/848/504
f 461/873/505 466/1695/505 468/874/505
f 467/856/506 465/854/506 464/853/506
f 463/852/507 465/854/507 476/865/507
f 466/855/1011 478/867/1011 480/869/1011
f 479/868/509 477/866/509 476/865/509
f 469/876/510 475/882/510 477/877/510
f 478/879/1012 472/887/1012 474/880/1012
f 473/862/512 471/860/512 470/859/512
f 457/846/513 469/858/513 471/860/513
f 461/850/514 460/849/514 473/862/514
f 475/882/515 469/876/515 457/883/515
f 459/884/516 462/1696/516 468/885/516
f 471/860/517 473/862/517 460/849/517
f 478/879/518 466/1695/518 461/873/518
f 465/854/519 467/856/519 480/869/519
f 479/888/520 474/1697/520 470/889/520
f 481/915/529 483/1698/529 488/916/529
f 484/894/530 486/896/530 483/893/530
f 490/918/531 492/1699/531 486/919/531
f 489/899/532 488/898/532 492/902/532
f 499/909/533 487/897/533 489/899/533
f 490/900/534 502/912/534 504/914/534
f 503/913/1013 501/911/1013 500/910/1013
f 493/921/536 499/1700/536 501/922/536
f 502/924/537 496/930/537 498/925/537
f 495/905/538 494/904/538 498/908/538
f 493/903/539 495/905/539 482/892/539
f 496/906/1014 485/895/1014 484/894/1014
f 487/917/541 499/1700/541 493/921/541
f 483/927/542 486/1701/542 492/928/542
f 495/905/543 497/907/543 484/894/543
f 490/918/544 485/920/544 496/930/544
f 489/899/545 491/901/545 504/914/545
f 501/931/546 503/1702/546 498/932/546
f 505/934/555 507/936/555 512/941/555
f 508/937/556 510/939/556 507/936/556
f 514/943/1015 516/945/1015 510/939/1015
f 513/942/558 512/941/558 516/945/558
f 523/958/559 511/970/559 513/959/559
f 514/961/560 526/974/560 528/962/560
f 527/956/561 525/954/561 524/953/561
f 523/952/562 525/954/562 518/947/562
f 520/949/1016 522/951/1016 527/956/1016
f 521/950/564 519/948/564 518/947/564
f 505/964/565 517/1703/565 519/965/565
f 520/967/566 509/1704/566 508/968/566
f 523/958/567 517/1703/567 505/964/567
f 510/939/568 516/945/568 512/941/568
f 519/971/569 521/1705/569 508/972/569
f 514/961/570 509/1704/570 520/967/570
f 515/975/571 528/1706/571 524/976/571
f 527/956/572 522/951/572 518/947/572
f 529/978/581 531/980/581 536/985/581
f 532/981/582 534/983/582 531/980/582
f 538/987/583 540/989/583 534/983/583
f 539/988/584 537/986/584 536/985/584
f 535/1002/585 537/1707/585 548/1003/585
f 538/1005/586 550/1017/586 552/1006/586
f 549/998/587 548/997/587 552/1001/587
f 547/996/588 549/998/588 542/991/588
f 544/993/1017 546/995/1017 551/1000/1017
f 543/992/590 542/991/590 546/995/590
f 541/1008/591 543/1708/591 530/1009/591
f 544/1011/592 533/1709/592 532/1012/592
f 535/1002/593 547/1004/593 541/1008/593
f 531/980/594 534/983/594 540/989/594
f 545/1014/595 532/1710/595 530/1015/595
f 538/1005/596 533/1709/596 544/1011/596
f 539/1018/597 552/1711/597 548/1019/597
f 551/1000/598 546/995/598 542/991/598
f 559/1027/607 553/1021/607 555/1023/607
f 556/1045/608 558/1057/608 555/1046/608
f 557/1025/609 562/1030/609 564/1032/609
f 561/1048/610 560/1058/610 564/1049/610
f 559/1027/611 561/1029/611 572/1040/611
f 562/1030/612 574/1042/612 576/1044/612
f 573/1051/613 572/1712/613 576/1052/613
f 571/1039/614 573/1041/614 566/1034/614
f 574/1042/615 568/1036/615 570/1038/615
f 569/1054/616 567/1713/616 566/1055/616
f 565/1033/617 567/1035/617 554/1022/617
f 568/1036/618 557/1025/618 556/1024/618
f 571/1039/619 565/1033/619 553/1021/619
f 558/1057/620 564/1049/620 560/1058/620
f 569/1059/621 556/1714/621 554/1060/621
f 562/1030/622 557/1025/622 568/1036/622
f 563/1062/623 576/1715/623 572/1063/623
f 573/1051/624 575/1053/624 570/1056/624
usemtl stone
f 25/43/27 26/44/27 27/45/27
f 28/46/28 29/47/28 30/48/28
f 31/49/29 32/50/29 33/51/29
f 34/52/30 35/53/30 36/54/30
f 37/55/31 38/56/31 39/57/31
f 40/58/32 41/59/32 42/60/32
f 43/61/33 44/62/33 45/63/33
f 46/64/34 47/65/34 48/66/34
f 31/49/35 27/45/35 32/50/35
f 28/67/36 27/68/36 26/69/36
f 34/52/37 30/48/37 29/47/37
f 35/70/38 32/71/38 36/72/38
f 43/61/39 33/51/39 44/62/39
f 46/64/40 35/53/40 34/52/40
f 45/73/41 48/74/41 47/75/41
f 43/61/42 38/56/42 37/55/42
f 40/58/43 47/65/43 46/64/43
f 41/76/44 38/77/44 42/78/44
f 37/55/45 26/44/45 25/43/45
f 40/58/46 28/46/46 41/59/46
f 43/61/47 25/43/47 31/49/47
f 30/79/48 32/71/48 27/68/48
f 41/80/49 26/81/49 39/82/49
f 34/52/50 40/58/50 46/64/50
f 35/83/51 44/84/51 33/85/51
f 47/75/52 38/77/52 45/73/52
f 73/129/79 74/130/79 75/131/79
f 76/132/80 77/133/80 78/134/80
f 79/135/81 80/136/81 81/137/81
f 82/138/82 83/139/82 84/140/82
f 85/141/83 86/142/83 87/143/83
f 88/144/84 89/145/84 90/146/84
f 91/147/85 92/148/85 93/149/85
f 94/150/86 95/151/86 96/152/86
f 79/135/87 75/131/87 80/136/87
f 74/153/88 78/154/88 75/155/88
f 82/138/89 78/134/89 77/133/89
f 83/156/90 80/157/90 84/158/90
f 91/147/91 81/137/91 92/148/91
f 94/150/92 83/139/92 82/138/92
f 95/159/93 92/160/93 96/161/93
f 85/141/94 93/149/94 86/142/94
f 88/144/95 95/151/95 94/150/95
f 89/162/96 86/163/96 90/164/96
f 85/141/97 74/130/97 73/129/97
f 77/133/98 89/145/98 88/144/98
f 91/147/99 73/129/99 79/135/99
f 78/154/100 80/157/100 75/155/100
f 89/165/101 74/166/101 87/167/101
f 82/138/102 88/144/102 94/150/102
f 83/168/103 92/169/103 81/170/103
f 95/159/104 86/163/104 93/171/104
f 31/49/35 25/43/35 27/45/35
f 28/67/36 30/79/36 27/68/36
f 34/52/940 36/54/940 30/48/940
f 35/70/38 33/1610/38 32/71/38
f 43/61/39 31/49/39 33/51/39
f 46/64/40 48/66/40 35/53/40
f 45/73/41 44/1611/41 48/74/41
f 43/61/941 45/63/941 38/56/941
f 40/58/43 42/60/43 47/65/43
f 41/76/44 39/1612/44 38/77/44
f 37/55/45 39/57/45 26/44/45
f 40/58/942 29/47/942 28/46/942
f 43/61/47 37/55/47 25/43/47
f 30/79/48 36/72/48 32/71/48
f 41/80/49 28/1613/49 26/81/49
f 34/52/50 29/47/50 40/58/50
f 35/83/51 48/1614/51 44/84/51
f 47/75/52 42/78/52 38/77/52
f 79/135/943 73/129/943 75/131/943
f 74/153/88 76/1620/88 78/154/88
f 82/138/89 84/140/89 78/134/89
f 83/156/90 81/1621/90 80/157/90
f 91/147/91 79/135/91 81/137/91
f 94/150/92 96/152/92 83/139/92
f 95/159/944 93/171/944 92/160/944
f 85/141/94 91/147/94 93/149/94
f 88/144/95 90/146/95 95/151/95
f 89/162/945 87/1622/945 86/163/945
f 85/141/97 87/143/97 74/130/97
f 77/133/98 76/132/98 89/145/98
f 91/147/99 85/141/99 73/129/99
f 78/154/100 84/158/100 80/157/100
f 89/165/101 76/1623/101 74/166/101
f 82/138/102 77/133/102 88/144/102
f 83/168/103 96/1624/103 92/169/103
f 95/159/104 90/164/104 86/163/104
usemtl ore
f 241/430/261 242/431/261 243/432/261
f 244/433/262 245/434/262 246/435/262
f 247/436/263 248/437/263 249/438/263
f 250/439/264 251/440/264 252/441/264
f 253/442/265 254/443/265 255/444/265
f 256/445/266 257/446/266 258/447/266
f 259/448/267 260/449/267 261/450/267
f 262/451/268 263/452/268 264/453/268
f 247/454/269 243/432/269 248/455/269
f 242/456/270 246/435/270 243/457/270
f 250/439/271 246/458/271 245/459/271
f 249/438/272 252/460/272 251/461/272
f 247/454/273 260/462/273 259/463/273
f 262/451/274 251/440/274 250/439/274
f 261/450/275 264/464/275 263/465/275
f 253/442/276 261/466/276 254/443/276
f 256/467/277 263/452/277 262/451/277
f 255/468/278 258/447/278 257/446/278
f 253/442/279 242/431/279 241/430/279
f 245/459/280 257/469/280 256/467/280
f 247/454/281 253/442/281 241/430/281
f 243/470/282 252/460/282 248/437/282
f 257/471/283 242/456/283 255/472/283
f 250/439/284 256/467/284 262/451/284
f 251/473/285 260/449/285 249/474/285
f 261/475/286 258/447/286 254/476/286
f 265/477/287 266/478/287 267/479/287
f 268/480/288 269/481/288 270/482/288
f 271/483/289 272/484/289 273/485/289
f 274/486/290 275/487/290 276/488/290
f 277/489/291 278/490/291 279/491/291
f 280/492/292 281/493/292 282/494/292
f 283/495/293 284/496/293 285/497/293
f 286/498/294 287/499/294 288/500/294
f 265/477/295 272/501/295 271/502/295
f 268/480/296 267/503/296 266/504/296
f 274/486/297 270/505/297 269/506/297
f 275/507/298 272/484/298 276/508/298
f 271/502/299 284/509/299 283/510/299
f 274/486/300 288/500/300 275/487/300
f 285/497/301 288/511/301 287/512/301
f 283/510/302 278/490/302 277/489/302
f 286/498/303 282/513/303 287/499/303
f 281/493/304 278/514/304 282/494/304
f 265/477/305 279/491/305 266/478/305
f 269/506/306 281/515/306 280/516/306
f 283/510/307 265/477/307 271/502/307
f 270/517/308 272/484/308 267/518/308
f 281/519/309 266/504/309 279/520/309
f 286/498/310 269/506/310 280/516/310
f 273/521/311 288/511/311 284/496/311
f 287/522/312 278/514/312 285/523/312
f 289/524/313 290/525/313 291/526/313
f 292/527/314 293/528/314 294/529/314
f 295/530/315 296/531/315 297/532/315
f 298/533/316 299/534/316 300/535/316
f 301/536/317 302/537/317 303/538/317
f 304/539/318 305/540/318 306/541/318
f 307/542/319 308/543/319 309/544/319
f 310/545/320 311/546/320 312/547/320
f 289/524/321 296/548/321 295/549/321
f 292/550/322 291/551/322 290/552/322
f 293/528/323 300/535/323 294/529/323
f 299/553/324 296/531/324 300/554/324
f 307/542/325 297/555/325 308/543/325
f 310/545/326 299/534/326 298/533/326
f 309/556/327 312/557/327 311/558/327
f 307/542/328 302/537/328 301/536/328
f 304/559/329 311/546/329 310/545/329
f 303/560/330 306/541/330 305/540/330
f 301/536/331 290/525/331 289/524/331
f 293/528/332 305/561/332 304/559/332
f 307/542/333 289/524/333 295/549/333
f 294/562/334 296/563/334 291/551/334
f 305/540/335 290/564/335 303/560/335
f 298/533/336 304/559/336 310/545/336
f 299/553/337 308/565/337 297/532/337
f 309/556/338 306/566/338 302/567/338
f 313/568/339 314/569/339 315/570/339
f 316/571/340 317/572/340 318/573/340
f 319/574/341 320/575/341 321/576/341
f 322/577/342 323/578/342 324/579/342
f 325/580/343 326/581/343 327/582/343
f 328/583/344 329/584/344 330/585/344
f 331/586/345 332/587/345 333/588/345
f 334/589/346 335/590/346 336/591/346
f 313/568/347 320/592/347 319/593/347
f 314/594/348 318/595/348 315/596/348
f 322/577/349 318/573/349 317/572/349
f 323/597/350 320/598/350 324/599/350
f 319/574/351 332/600/351 331/601/351
f 334/589/352 323/578/352 322/577/352
f 333/602/353 336/603/353 335/604/353
f 325/580/354 333/588/354 326/581/354
f 334/589/355 330/605/355 335/590/355
f 327/606/356 330/607/356 329/608/356
f 313/568/357 327/582/357 314/569/357
f 317/609/358 329/584/358 328/583/358
f 319/593/359 325/580/359 313/568/359
f 318/610/360 320/598/360 315/611/360
f 329/584/361 314/594/361 327/612/361
f 322/577/362 328/613/362 334/589/362
f 323/614/363 332/600/363 321/576/363
f 335/615/364 326/616/364 333/617/364
f 337/618/365 338/619/365 339/620/365
f 340/621/366 341/622/366 342/623/366
f 343/624/367 344/625/367 345/626/367
f 346/627/368 347/628/368 348/629/368
f 349/630/369 350/631/369 351/632/369
f 352/633/370 353/634/370 354/635/370
f 355/636/371 356/637/371 357/638/371
f 358/639/372 359/640/372 360/641/372
f 343/642/373 339/620/373 344/643/373
f 340/644/374 339/645/374 338/646/374
f 341/622/375 348/629/375 342/623/375
f 345/626/376 348/647/376 347/648/376
f 355/636/377 345/649/377 356/637/377
f 346/627/378 360/641/378 347/628/378
f 359/650/379 356/651/379 360/652/379
f 349/630/380 357/638/380 350/631/380
f 358/639/381 354/653/381 359/640/381
f 353/634/382 350/654/382 354/635/382
f 349/630/383 338/619/383 337/618/383
f 341/622/384 353/655/384 352/656/384
f 355/636/385 337/618/385 343/642/385
f 342/657/386 344/658/386 339/645/386
f 353/634/387 338/659/387 351/660/387
f 346/627/388 352/656/388 358/639/388
f 345/626/389 360/661/389 356/662/389
f 359/650/390 350/663/390 357/664/390
f 361/665/391 362/666/391 363/667/391
f 364/668/392 365/669/392 366/670/392
f 367/671/393 368/672/393 369/673/393
f 370/674/394 371/675/394 372/676/394
f 373/677/395 374/678/395 375/679/395
f 376/680/396 377/681/396 378/682/396
f 379/683/397 380/684/397 381/685/397
f 382/686/398 383/687/398 384/688/398
f 361/665/399 368/689/399 367/690/399
f 364/691/400 363/692/400 362/693/400
f 365/669/401 372/676/401 366/670/401
f 371/694/402 368/672/402 372/695/402
f 379/683/403 369/696/403 380/684/403
f 370/674/404 384/688/404 371/675/404
f 381/697/405 384/698/405 383/699/405
f 373/677/406 381/685/406 374/678/406
f 382/686/407 378/700/407 383/687/407
f 377/681/408 374/701/408 378/682/408
f 373/677/409 362/666/409 361/665/409
f 365/669/410 377/702/410 376/703/410
f 367/690/411 373/677/411 361/665/411
f 366/704/412 368/705/412 363/692/412
f 375/706/413 364/707/413 362/708/413
f 370/674/414 376/703/414 382/686/414
f 369/673/415 384/709/415 380/710/415
f 383/699/416 374/711/416 381/697/416
f 385/712/417 386/713/417 387/714/417
f 388/715/418 389/716/418 390/717/418
f 391/718/419 392/719/419 393/720/419
f 394/721/420 395/722/420 396/723/420
f 397/724/421 398/725/421 399/726/421
f 400/727/422 401/728/422 402/729/422
f 403/730/423 404/731/423 405/732/423
f 406/733/424 407/734/424 408/735/424
f 385/712/425 392/736/425 391/737/425
f 386/738/426 390/717/426 387/739/426
f 394/721/427 390/740/427 389/741/427
f 393/720/428 396/742/428 395/743/428
f 391/737/429 404/744/429 403/745/429
f 406/733/430 395/722/430 394/721/430
f 405/732/431 408/746/431 407/747/431
f 403/745/432 398/725/432 397/724/432
f 406/733/433 402/748/433 407/734/433
f 399/749/434 402/729/434 401/728/434
f 397/724/435 386/713/435 385/712/435
f 400/750/436 388/751/436 401/752/436
f 403/745/437 385/712/437 391/737/437
f 390/753/438 392/719/438 387/754/438
f 399/755/439 388/715/439 386/738/439
f 394/721/440 400/750/440 406/733/440
f 395/756/441 404/731/441 393/757/441
f 405/758/442 402/729/442 398/759/442
f 409/760/443 410/761/443 411/762/443
f 412/763/444 413/764/444 414/765/444
f 415/766/445 416/767/445 417/768/445
f 418/769/446 419/770/446 420/771/446
f 421/772/447 422/773/447 423/774/447
f 424/775/448 425/776/448 426/777/448
f 427/778/449 428/779/449 429/780/449
f 430/781/450 431/782/450 432/783/450
f 409/760/451 416/767/451 415/766/451
f 410/784/452 414/785/452 411/786/452
f 418/769/453 414/765/453 413/764/453
f 417/787/454 420/788/454 419/789/454
f 427/778/455 417/768/455 428/779/455
f 418/769/456 432/783/456 419/770/456
f 429/790/457 432/791/457 431/792/457
f 427/778/458 422/773/458 421/772/458
f 430/781/459 426/777/459 431/782/459
f 425/793/460 422/794/460 426/795/460
f 409/760/461 423/774/461 410/761/461
f 413/764/462 425/776/462 424/775/462
f 427/778/463 409/760/463 415/766/463
f 414/785/464 416/796/464 411/786/464
f 425/793/465 410/797/465 423/798/465
f 418/769/466 424/775/466 430/781/466
f 419/789/467 428/799/467 417/787/467
f 431/792/468 422/800/468 429/790/468
f 433/801/469 434/802/469 435/803/469
f 436/804/470 437/805/470 438/806/470
f 439/807/471 440/808/471 441/809/471
f 442/810/472 443/811/472 444/812/472
f 445/813/473 446/814/473 447/815/473
f 448/816/474 449/817/474 450/818/474
f 451/819/475 452/820/475 453/821/475
f 454/822/476 455/823/476 456/824/476
f 433/801/477 440/825/477 439/826/477
f 436/827/478 435/828/478 434/829/478
f 437/805/479 444/812/479 438/806/479
f 443/830/480 440/808/480 444/831/480
f 439/826/481 452/820/481 451/819/481
f 454/822/482 443/811/482 442/810/482
f 455/832/483 452/833/483 456/834/483
f 451/819/484 446/814/484 445/813/484
f 454/822/485 450/835/485 455/823/485
f 449/817/486 446/836/486 450/818/486
f 433/801/487 447/815/487 434/802/487
f 448/837/488 436/804/488 449/838/488
f 451/819/489 433/801/489 439/826/489
f 435/828/490 444/839/490 440/840/490
f 449/817/491 434/841/491 447/842/491
f 442/810/492 448/837/492 454/822/492
f 443/830/493 452/843/493 441/809/493
f 455/832/494 446/844/494 453/845/494
f 247/454/954 241/430/954 243/432/954
f 242/456/955 244/433/955 246/435/955
f 250/439/271 252/441/271 246/458/271
f 249/438/956 248/437/956 252/460/956
f 247/454/957 249/1655/957 260/462/957
f 262/451/958 264/453/958 251/440/958
f 261/450/275 260/449/275 264/464/275
f 253/442/276 259/463/276 261/466/276
f 256/467/959 258/1656/959 263/452/959
f 255/468/278 254/476/278 258/447/278
f 253/442/960 255/444/960 242/431/960
f 245/459/961 244/1657/961 257/469/961
f 247/454/281 259/463/281 253/442/281
f 243/470/282 246/1658/282 252/460/282
f 257/471/283 244/433/283 242/456/283
f 250/439/284 245/459/284 256/467/284
f 251/473/285 264/464/285 260/449/285
f 261/475/286 263/1659/286 258/447/286
f 265/477/962 267/479/962 272/501/962
f 268/480/296 270/482/296 267/503/296
f 274/486/963 276/488/963 270/505/963
f 275/507/964 273/485/964 272/484/964
f 271/502/965 273/1660/965 284/509/965
f 274/486/966 286/498/966 288/500/966
f 285/497/301 284/496/301 288/511/301
f 283/510/967 285/1661/967 278/490/967
f 286/498/968 280/516/968 282/513/968
f 281/493/304 279/1662/304 278/514/304
f 265/477/305 277/489/305 279/491/305
f 269/506/306 268/1663/306 281/515/306
f 283/510/307 277/489/307 265/477/307
f 270/517/308 276/508/308 272/484/308
f 281/519/309 268/480/309 266/504/309
f 286/498/310 274/486/310 269/506/310
f 273/521/311 275/1664/311 288/511/311
f 287/522/312 282/494/312 278/514/312
f 289/524/321 291/526/321 296/548/321
f 292/550/969 294/562/969 291/551/969
f 293/528/970 298/533/970 300/535/970
f 299/553/324 297/532/324 296/531/324
f 307/542/325 295/549/325 297/555/325
f 310/545/971 312/547/971 299/534/971
f 309/556/972 308/1665/972 312/557/972
f 307/542/328 309/544/328 302/537/328
f 304/559/329 306/1666/329 311/546/329
f 303/560/330 302/1667/330 306/541/330
f 301/536/973 303/538/973 290/525/973
f 293/528/974 292/527/974 305/561/974
f 307/542/333 301/536/333 289/524/333
f 294/562/334 300/1668/334 296/563/334
f 305/540/335 292/1669/335 290/564/335
f 298/533/336 293/528/336 304/559/336
f 299/553/337 312/1670/337 308/565/337
f 309/556/338 311/558/338 306/566/338
f 313/568/975 315/570/975 320/592/975
f 314/594/348 316/1671/348 318/595/348
f 322/577/976 324/579/976 318/573/976
f 323/597/350 321/1672/350 320/598/350
f 319/574/351 321/576/351 332/600/351
f 334/589/352 336/591/352 323/578/352
f 333/602/977 332/600/977 336/603/977
f 325/580/354 331/586/354 333/588/354
f 334/589/978 328/613/978 330/605/978
f 327/606/356 326/616/356 330/607/356
f 313/568/357 325/580/357 327/582/357
f 317/609/358 316/1671/358 329/584/358
f 319/593/359 331/586/359 325/580/359
f 318/610/360 324/599/360 320/598/360
f 329/584/361 316/1671/361 314/594/361
f 322/577/362 317/572/362 328/613/362
f 323/614/363 336/603/363 332/600/363
f 335/615/364 330/607/364 326/616/364
f 343/642/373 337/618/373 339/620/373
f 340/644/374 342/657/374 339/645/374
f 341/622/375 346/627/375 348/629/375
f 345/626/979 344/625/979 348/647/979
f 355/636/980 343/642/980 345/649/980
f 346/627/981 358/639/981 360/641/981
f 359/650/982 357/664/982 356/651/982
f 349/630/983 355/636/983 357/638/983
f 358/639/984 352/656/984 354/653/984
f 353/634/382 351/660/382 350/654/382
f 349/630/985 351/632/985 338/619/985
f 341/622/986 340/621/986 353/655/986
f 355/636/385 349/630/385 337/618/385
f 342/657/386 348/1673/386 344/658/386
f 353/634/387 340/1674/387 338/659/387
f 346/627/388 341/622/388 352/656/388
f 345/626/389 347/648/389 360/661/389
f 359/650/390 354/1675/390 350/663/390
f 361/665/987 363/667/987 368/689/987
f 364/691/988 366/704/988 363/692/988
f 365/669/989 370/674/989 372/676/989
f 371/694/402 369/673/402 368/672/402
f 379/683/403 367/690/403 369/696/403
f 370/674/990 382/686/990 384/688/990
f 381/697/991 380/1676/991 384/698/991
f 373/677/406 379/683/406 381/685/406
f 382/686/992 376/703/992 378/700/992
f 377/681/408 375/706/408 374/701/408
f 373/677/993 375/679/993 362/666/993
f 365/669/410 364/668/410 377/702/410
f 367/690/411 379/683/411 373/677/411
f 366/704/412 372/1677/412 368/705/412
f 375/706/413 377/681/413 364/707/413
f 370/674/414 365/669/414 376/703/414
f 369/673/415 371/694/415 384/709/415
f 383/699/416 378/1678/416 374/711/416
f 385/712/994 387/714/994 392/736/994
f 386/738/426 388/715/426 390/717/426
f 394/721/995 396/723/995 390/740/995
f 393/720/428 392/719/428 396/742/428
f 391/737/996 393/1679/996 404/744/996
f 406/733/997 408/735/997 395/722/997
f 405/732/431 404/731/431 408/746/431
f 403/745/432 405/1680/432 398/725/432
f 406/733/433 400/750/433 402/748/433
f 399/749/434 398/759/434 402/729/434
f 397/724/435 399/726/435 386/713/435
f 400/750/998 389/741/998 388/751/998
f 403/745/437 397/724/437 385/712/437
f 390/753/438 396/742/438 392/719/438
f 399/755/439 401/1681/439 388/715/439
f 394/721/440 389/741/440 400/750/440
f 395/756/441 408/746/441 404/731/441
f 405/758/442 407/1682/442 402/729/442
f 409/760/999 411/762/999 416/767/999
f 410/784/452 412/1683/452 414/785/452
f 418/769/1000 420/771/1000 414/765/1000
f 417/787/454 416/1684/454 420/788/454
f 427/778/1001 415/766/1001 417/768/1001
f 418/769/1002 430/781/1002 432/783/1002
f 429/790/457 428/1685/457 432/791/457
f 427/778/458 429/780/458 422/773/458
f 430/781/459 424/775/459 426/777/459
f 425/793/460 423/798/460 422/794/460
f 409/760/1003 421/772/1003 423/774/1003
f 413/764/1004 412/763/1004 425/776/1004
f 427/778/463 421/772/463 409/760/463
f 414/785/464 420/1686/464 416/796/464
f 425/793/465 412/1687/465 410/797/465
f 418/769/466 413/764/466 424/775/466
f 419/789/467 432/1688/467 428/799/467
f 431/792/468 426/1689/468 422/800/468
f 433/801/477 435/803/477 440/825/477
f 436/827/478 438/1690/478 435/828/478
f 437/805/1005 442/810/1005 444/812/1005
f 443/830/1006 441/809/1006 440/808/1006
f 439/826/1007 441/1691/1007 452/820/1007
f 454/822/482 456/824/482 443/811/482
f 455/832/1008 453/845/1008 452/833/1008
f 451/819/1009 453/821/1009 446/814/1009
f 454/822/485 448/837/485 450/835/485
f 449/817/486 447/842/486 446/836/486
f 433/801/487 445/813/487 447/815/487
f 448/837/1010 437/805/1010 436/804/1010
f 451/819/489 445/813/489 433/801/489
f 435/828/490 438/1690/490 444/839/490
f 449/817/491 436/1692/491 434/841/491
f 442/810/492 437/805/492 448/837/492
f 443/830/493 456/1693/493 452/843/493
f 455/832/494 450/1694/494 446/844/494
usemtl coal
f 577/1065/625 578/1066/625 579/1067/625
f 580/1068/626 581/1069/626 582/1070/626
f 583/1071/627 584/1072/627 585/1073/627
f 586/1074/628 587/1075/628 588/1076/628
f 589/1077/629 590/1078/629 591/1079/629
f 592/1080/630 593/1081/630 594/1082/630
f 595/1083/631 596/1084/631 597/1085/631
f 598/1086/632 599/1087/632 600/1088/632
f 577/1065/633 584/1089/633 583/1090/633
f 578/1091/634 582/1092/634 579/1093/634
f 581/1069/635 588/1076/635 582/1070/635
f 587/1094/636 584/1072/636 588/1095/636
f 595/1083/637 585/1096/637 596/1084/637
f 598/1086/638 587/1075/638 586/1074/638
f 597/1097/639 600/1098/639 599/1099/639
f 595/1083/640 590/1078/640 589/1077/640
f 598/1086/641 594/1100/641 599/1087/641
f 593/1081/642 590/1101/642 594/1082/642
f 589/1077/643 578/1066/643 577/1065/643
f 581/1069/644 593/1102/644 592/1103/644
f 595/1083/645 577/1065/645 583/1090/645
f 582/1092/646 584/1104/646 579/1093/646
f 593/1081/647 578/1105/647 591/1106/647
f 586/1074/648 592/1103/648 598/1086/648
f 587/1094/649 596/1107/649 585/1073/649
f 599/1099/650 590/1108/650 597/1097/650
f 601/1109/651 602/1110/651 603/1111/651
f 604/1112/652 605/1113/652 606/1114/652
f 607/1115/653 608/1116/653 609/1117/653
f 610/1118/654 611/1119/654 612/1120/654
f 613/1121/655 614/1122/655 615/1123/655
f 616/1124/656 617/1125/656 618/1126/656
f 619/1127/657 620/1128/657 621/1129/657
f 622/1130/658 623/1131/658 624/1132/658
f 607/1115/659 603/1111/659 608/1116/659
f 604/1133/660 603/1134/660 602/1135/660
f 605/1113/661 612/1120/661 606/1114/661
f 611/1136/662 608/1137/662 612/1138/662
f 607/1115/663 620/1128/663 619/1127/663
f 610/1118/664 624/1132/664 611/1119/664
f 621/1139/665 624/1140/665 623/1141/665
f 613/1121/666 621/1129/666 614/1122/666
f 622/1130/667 618/1126/667 623/1131/667
f 615/1142/668 618/1143/668 617/1144/668
f 613/1121/669 602/1110/669 601/1109/669
f 605/1113/670 617/1125/670 616/1124/670
f 607/1115/671 613/1121/671 601/1109/671
f 606/1145/672 608/1146/672 603/1134/672
f 615/1142/673 604/1147/673 602/1148/673
f 610/1118/674 616/1124/674 622/1130/674
f 609/1149/675 624/1150/675 620/1151/675
f 623/1141/676 614/1152/676 621/1139/676
f 625/1153/677 626/1154/677 627/1155/677
f 628/1156/678 629/1157/678 630/1158/678
f 631/1159/679 632/1160/679 633/1161/679
f 634/1162/680 635/1163/680 636/1164/680
f 637/1165/681 638/1166/681 639/1167/681
f 640/1168/682 641/1169/682 642/1170/682
f 643/1171/683 644/1172/683 645/1173/683
f 646/1174/684 647/1175/684 648/1176/684
f 631/1159/685 627/1155/685 632/1160/685
f 628/1177/686 627/1178/686 626/1179/686
f 629/1157/687 636/1164/687 630/1158/687
f 635/1180/688 632/1181/688 636/1182/688
f 631/1159/689 644/1172/689 643/1171/689
f 634/1162/690 648/1176/690 635/1163/690
f 645/1183/691 648/1184/691 647/1185/691
f 643/1171/692 638/1166/692 637/1165/692
f 640/1168/693 647/1175/693 646/1174/693
f 639/1186/694 642/1187/694 641/1188/694
f 625/1153/695 639/1167/695 626/1154/695
f 629/1157/696 641/1169/696 640/1168/696
f 643/1171/697 625/1153/697 631/1159/697
f 627/1189/698 636/1182/698 632/1181/698
f 639/1190/699 628/1177/699 626/1179/699
f 634/1162/700 640/1168/700 646/1174/700
f 635/1191/701 644/1192/701 633/1193/701
f 645/1194/702 642/1187/702 638/1195/702
f 649/1196/703 650/1197/703 651/1198/703
f 652/1199/704 653/1200/704 654/1201/704
f 655/1202/705 656/1203/705 657/1204/705
f 658/1205/706 659/1206/706 660/1207/706
f 661/1208/707 662/1209/707 663/1210/707
f 664/1211/708 665/1212/708 666/1213/708
f 667/1214/709 668/1215/709 669/1216/709
f 670/1217/710 671/1218/710 672/1219/710
f 655/1220/711 651/1198/711 656/1221/711
f 652/1199/712 651/1222/712 650/1223/712
f 653/1224/713 660/1207/713 654/1225/713
f 657/1204/714 660/1226/714 659/1227/714
f 667/1228/715 657/1229/715 668/1230/715
f 670/1217/716 659/1206/716 658/1205/716
f 671/1231/717 668/1215/717 672/1232/717
f 661/1208/718 669/1233/718 662/1209/718
f 670/1217/719 666/1234/719 671/1218/719
f 663/1235/720 666/1213/720 665/1212/720
f 649/1196/721 663/1210/721 650/1197/721
f 653/1224/722 665/1236/722 664/1237/722
f 655/1220/723 661/1208/723 649/1196/723
f 654/1238/724 656/1203/724 651/1239/724
f 663/1240/725 652/1199/725 650/1223/725
f 670/1217/726 653/1224/726 664/1237/726
f 659/1241/727 668/1215/727 657/1242/727
f 669/1243/728 666/1213/728 662/1244/728
f 673/1245/729 674/1246/729 675/1247/729
f 676/1248/730 677/1249/730 678/1250/730
f 679/1251/731 680/1252/731 681/1253/731
f 682/1254/732 683/1255/732 684/1256/732
f 685/1257/733 686/1258/733 687/1259/733
f 688/1260/734 689/1261/734 690/1262/734
f 691/1263/735 692/1264/735 693/1265/735
f 694/1266/736 695/1267/736 696/1268/736
f 679/1251/737 675/1247/737 680/1252/737
f 676/1269/738 675/1270/738 674/1271/738
f 677/1249/739 684/1256/739 678/1250/739
f 681/1272/740 684/1273/740 683/1274/740
f 679/1251/741 692/1264/741 691/1263/741
f 694/1266/742 683/1255/742 682/1254/742
f 695/1275/743 692/1276/743 696/1277/743
f 691/1263/744 686/1258/744 685/1257/744
f 688/1260/745 695/1267/745 694/1266/745
f 687/1278/746 690/1279/746 689/1280/746
f 685/1257/747 674/1246/747 673/1245/747
f 677/1249/748 689/1261/748 688/1260/748
f 691/1263/749 673/1245/749 679/1251/749
f 678/1281/750 680/1282/750 675/1270/750
f 689/1280/751 674/1283/751 687/1278/751
f 694/1266/752 677/1249/752 688/1260/752
f 683/1274/753 692/1284/753 681/1272/753
f 695/1275/754 686/1285/754 693/1286/754
f 697/1287/755 698/1288/755 699/1289/755
f 700/1290/756 701/1291/756 702/1292/756
f 703/1293/757 704/1294/757 705/1295/757
f 706/1296/758 707/1297/758 708/1298/758
f 709/1299/759 710/1300/759 711/1301/759
f 712/1302/760 713/1303/760 714/1304/760
f 715/1305/761 716/1306/761 717/1307/761
f 718/1308/762 719/1309/762 720/1310/762
f 697/1287/763 704/1311/763 703/1312/763
f 698/1313/764 702/1292/764 699/1314/764
f 701/1315/765 708/1298/765 702/1316/765
f 705/1295/766 708/1317/766 707/1318/766
f 715/1319/767 705/1320/767 716/1321/767
f 706/1296/768 720/1310/768 707/1297/768
f 719/1322/769 716/1306/769 720/1323/769
f 715/1319/770 710/1300/770 709/1299/770
f 718/1308/771 714/1324/771 719/1309/771
f 713/1303/772 710/1325/772 714/1304/772
f 709/1299/773 698/1288/773 697/1287/773
f 701/1315/774 713/1326/774 712/1327/774
f 703/1312/775 709/1299/775 697/1287/775
f 702/1292/776 704/1328/776 699/1314/776
f 713/1303/777 698/1329/777 711/1330/777
f 718/1308/778 701/1315/778 712/1327/778
f 705/1295/779 720/1331/779 716/1332/779
f 717/1307/780 714/1333/780 710/1334/780
f 721/1335/781 722/1336/781 723/1337/781
f 724/1338/782 725/1339/782 726/1340/782
f 727/1341/783 728/1342/783 729/1343/783
f 730/1344/784 731/1345/784 732/1346/784
f 733/1347/785 734/1348/785 735/1349/785
f 736/1350/786 737/1351/786 738/1352/786
f 739/1353/787 740/1354/787 741/1355/787
f 742/1356/788 743/1357/788 744/1358/788
f 727/1359/789 723/1337/789 728/1360/789
f 724/1361/790 723/1362/790 722/1363/790
f 730/1344/791 726/1340/791 725/1339/791
f 731/1364/792 728/1342/792 732/1365/792
f 727/1359/793 740/1354/793 739/1353/793
f 742/1356/794 731/1345/794 730/1344/794
f 743/1366/795 740/1367/795 744/1368/795
f 739/1353/796 734/1348/796 733/1347/796
f 742/1356/797 738/1369/797 743/1357/797
f 735/1370/798 738/1352/798 737/1351/798
f 733/1347/799 722/1336/799 721/1335/799
f 725/1339/800 737/1371/800 736/1372/800
f 727/1359/801 733/1347/801 721/1335/801
f 726/1373/802 728/1374/802 723/1362/802
f 737/1351/803 722/1375/803 735/1370/803
f 742/1356/804 725/1339/804 736/1372/804
f 731/1364/805 740/1376/805 729/1343/805
f 743/1366/806 734/1377/806 741/1378/806
f 745/1379/807 746/1380/807 747/1381/807
f 748/1382/808 749/1383/808 750/1384/808
f 751/1385/809 752/1386/809 753/1387/809
f 754/1388/810 755/1389/810 756/1390/810
f 757/1391/811 758/1392/811 759/1393/811
f 760/1394/812 761/1395/812 762/1396/812
f 763/1397/813 764/1398/813 765/1399/813
f 766/1400/814 767/1401/814 768/1402/814
f 745/1379/815 752/1403/815 751/1404/815
f 746/1405/816 750/1384/816 747/1406/816
f 754/1388/817 750/1407/817 749/1408/817
f 755/1409/818 752/1386/818 756/1410/818
f 763/1411/819 753/1412/819 764/1413/819
f 766/1400/820 755/1389/820 754/1388/820
f 767/1414/821 764/1398/821 768/1415/821
f 763/1411/822 758/1392/822 757/1391/822
f 766/1400/823 762/1416/823 767/1401/823
f 761/1395/824 758/1417/824 762/1396/824
f 745/1379/825 759/1393/825 746/1380/825
f 760/1418/826 748/1419/826 761/1420/826
f 763/1411/827 745/1379/827 751/1404/827
f 750/1421/828 752/1386/828 747/1422/828
f 759/1423/829 748/1382/829 746/1405/829
f 766/1400/830 749/1408/830 760/1418/830
f 755/1424/831 764/1398/831 753/1425/831
f 767/1426/832 758/1417/832 765/1427/832
f 769/1428/833 770/1429/833 771/1430/833
f 772/1431/834 773/1432/834 774/1433/834
f 775/1434/835 776/1435/835 777/1436/835
f 778/1437/836 779/1438/836 780/1439/836
f 781/1440/837 782/1441/837 783/1442/837
f 784/1443/838 785/1444/838 786/1445/838
f 787/1446/839 788/1447/839 789/1448/839
f 790/1449/840 791/1450/840 792/1451/840
f 769/1428/841 776/1452/841 775/1453/841
f 772/1454/842 771/1455/842 770/1456/842
f 778/1437/843 774/1433/843 773/1432/843
f 777/1436/844 780/1457/844 779/1458/844
f 787/1446/845 777/1459/845 788/1447/845
f 790/1449/846 779/1438/846 778/1437/846
f 789/1460/847 792/1461/847 791/1462/847
f 781/1440/848 789/1448/848 782/1441/848
f 790/1449/849 786/1463/849 791/1450/849
f 783/1464/850 786/1445/850 785/1444/850
f 781/1440/851 770/1429/851 769/1428/851
f 773/1432/852 785/1465/852 784/1466/852
f 787/1446/853 769/1428/853 775/1453/853
f 771/1455/854 780/1467/854 776/1468/854
f 785/1444/855 770/1469/855 783/1464/855
f 778/1437/856 784/1466/856 790/1449/856
f 777/1436/857 792/1470/857 788/1471/857
f 791/1462/858 782/1472/858 789/1460/858
f 577/1065/633 579/1067/633 584/1089/633
f 578/1091/634 580/1716/634 582/1092/634
f 581/1069/635 586/1074/635 588/1076/635
f 587/1094/636 585/1073/636 584/1072/636
f 595/1083/1018 583/1090/1018 585/1096/1018
f 598/1086/1019 600/1088/1019 587/1075/1019
f 597/1097/639 596/1717/639 600/1098/639
f 595/1083/1020 597/1085/1020 590/1078/1020
f 598/1086/641 592/1103/641 594/1100/641
f 593/1081/642 591/1106/642 590/1101/642
f 589/1077/1021 591/1079/1021 578/1066/1021
f 581/1069/1022 580/1068/1022 593/1102/1022
f 595/1083/645 589/1077/645 577/1065/645
f 582/1092/646 588/1718/646 584/1104/646
f 593/1081/647 580/1719/647 578/1105/647
f 586/1074/648 581/1069/648 592/1103/648
f 587/1094/649 600/1720/649 596/1107/649
f 599/1099/650 594/1721/650 590/1108/650
f 607/1115/1023 601/1109/1023 603/1111/1023
f 604/1133/660 606/1145/660 603/1134/660
f 605/1113/661 610/1118/661 612/1120/661
f 611/1136/1024 609/1149/1024 608/1137/1024
f 607/1115/1025 609/1117/1025 620/1128/1025
f 610/1118/1026 622/1130/1026 624/1132/1026
f 621/1139/1027 620/1722/1027 624/1140/1027
f 613/1121/666 619/1127/666 621/1129/666
f 622/1130/667 616/1124/667 618/1126/667
f 615/1142/668 614/1723/668 618/1143/668
f 613/1121/1028 615/1123/1028 602/1110/1028
f 605/1113/1029 604/1112/1029 617/1125/1029
f 607/1115/671 619/1127/671 613/1121/671
f 606/1145/672 612/1724/672 608/1146/672
f 615/1142/673 617/1144/673 604/1147/673
f 610/1118/674 605/1113/674 616/1124/674
f 609/1149/675 611/1136/675 624/1150/675
f 623/1141/676 618/1725/676 614/1152/676
f 631/1159/1030 625/1153/1030 627/1155/1030
f 628/1177/1031 630/1726/1031 627/1178/1031
f 629/1157/1032 634/1162/1032 636/1164/1032
f 635/1180/1033 633/1727/1033 632/1181/1033
f 631/1159/1034 633/1161/1034 644/1172/1034
f 634/1162/1035 646/1174/1035 648/1176/1035
f 645/1183/1036 644/1192/1036 648/1184/1036
f 643/1171/1037 645/1173/1037 638/1166/1037
f 640/1168/693 642/1170/693 647/1175/693
f 639/1186/1038 638/1195/1038 642/1187/1038
f 625/1153/1039 637/1165/1039 639/1167/1039
f 629/1157/696 628/1156/696 641/1169/696
f 643/1171/697 637/1165/697 625/1153/697
f 627/1189/698 630/1728/698 636/1182/698
f 639/1190/699 641/1729/699 628/1177/699
f 634/1162/700 629/1157/700 640/1168/700
f 635/1191/701 648/1184/701 644/1192/701
f 645/1194/702 647/1730/702 642/1187/702
f 655/1220/1040 649/1196/1040 651/1198/1040
f 652/1199/712 654/1201/712 651/1222/712
f 653/1224/713 658/1205/713 660/1207/713
f 657/1204/714 656/1203/714 660/1226/714
f 667/1228/715 655/1220/715 657/1229/715
f 670/1217/1041 672/1219/1041 659/1206/1041
f 671/1231/1042 669/1216/1042 668/1215/1042
f 661/1208/1043 667/1228/1043 669/1233/1043
f 670/1217/1044 664/1237/1044 666/1234/1044
f 663/1235/1045 662/1244/1045 666/1213/1045
f 649/1196/1046 661/1208/1046 663/1210/1046
f 653/1224/722 652/1731/722 665/1236/722
f 655/1220/723 667/1228/723 661/1208/723
f 654/1238/724 660/1226/724 656/1203/724
f 663/1240/725 665/1732/725 652/1199/725
f 670/1217/726 658/1205/726 653/1224/726
f 659/1241/727 672/1232/727 668/1215/727
f 669/1243/728 671/1733/728 666/1213/728
f 679/1251/1047 673/1245/1047 675/1247/1047
f 676/1269/1048 678/1281/1048 675/1270/1048
f 677/1249/1049 682/1254/1049 684/1256/1049
f 681/1272/1050 680/1734/1050 684/1273/1050
f 679/1251/1051 681/1253/1051 692/1264/1051
f 694/1266/742 696/1268/742 683/1255/742
f 695/1275/743 693/1286/743 692/1276/743
f 691/1263/744 693/1265/744 686/1258/744
f 688/1260/1052 690/1262/1052 695/1267/1052
f 687/1278/1053 686/1735/1053 690/1279/1053
f 685/1257/1054 687/1259/1054 674/1246/1054
f 677/1249/748 676/1248/748 689/1261/748
f 691/1263/749 685/1257/749 673/1245/749
f 678/1281/750 684/1736/750 680/1282/750
f 689/1280/751 676/1737/751 674/1283/751
f 694/1266/752 682/1254/752 677/1249/752
f 683/1274/753 696/1738/753 692/1284/753
f 695/1275/754 690/1739/754 686/1285/754
f 697/1287/1055 699/1289/1055 704/1311/1055
f 698/1313/764 700/1290/764 702/1292/764
f 701/1315/1056 706/1296/1056 708/1298/1056
f 705/1295/1057 704/1294/1057 708/1317/1057
f 715/1319/1058 703/1312/1058 705/1320/1058
f 706/1296/1059 718/1308/1059 720/1310/1059
f 719/1322/769 717/1307/769 716/1306/769
f 715/1319/1060 717/1740/1060 710/1300/1060
f 718/1308/1061 712/1327/1061 714/1324/1061
f 713/1303/772 711/1330/772 710/1325/772
f 709/1299/773 711/1301/773 698/1288/773
f 701/1315/1062 700/1741/1062 713/1326/1062
f 703/1312/775 715/1319/775 709/1299/775
f 702/1292/776 708/1742/776 704/1328/776
f 713/1303/777 700/1743/777 698/1329/777
f 718/1308/778 706/1296/778 701/1315/778
f 705/1295/779 707/1318/779 720/1331/779
f 717/1307/780 719/1322/780 714/1333/780
f 727/1359/1063 721/1335/1063 723/1337/1063
f 724/1361/1064 726/1373/1064 723/1362/1064
f 730/1344/1065 732/1346/1065 726/1340/1065
f 731/1364/1066 729/1343/1066 728/1342/1066
f 727/1359/1067 729/1744/1067 740/1354/1067
f 742/1356/794 744/1358/794 731/1345/794
f 743/1366/795 741/1378/795 740/1367/795
f 739/1353/1068 741/1355/1068 734/1348/1068
f 742/1356/1069 736/1372/1069 738/1369/1069
f 735/1370/798 734/1745/798 738/1352/798
f 733/1347/1070 735/1349/1070 722/1336/1070
f 725/1339/1071 724/1338/1071 737/1371/1071
f 727/1359/801 739/1353/801 733/1347/801
f 726/1373/802 732/1746/802 728/1374/802
f 737/1351/803 724/1747/803 722/1375/803
f 742/1356/804 730/1344/804 725/1339/804
f 731/1364/805 744/1748/805 740/1376/805
f 743/1366/806 738/1749/806 734/1377/806
f 745/1379/1072 747/1381/1072 752/1403/1072
f 746/1405/816 748/1382/816 750/1384/816
f 754/1388/1073 756/1390/1073 750/1407/1073
f 755/1409/1074 753/1387/1074 752/1386/1074
f 763/1411/1075 751/1404/1075 753/1412/1075
f 766/1400/820 768/1402/820 755/1389/820
f 767/1414/821 765/1399/821 764/1398/821
f 763/1411/1076 765/1750/1076 758/1392/1076
f 766/1400/1077 760/1418/1077 762/1416/1077
f 761/1395/1078 759/1751/1078 758/1417/1078
f 745/1379/1079 757/1391/1079 759/1393/1079
f 760/1418/1080 749/1408/1080 748/1419/1080
f 763/1411/827 757/1391/827 745/1379/827
f 750/1421/828 756/1410/828 752/1386/828
f 759/1423/829 761/1752/829 748/1382/829
f 766/1400/830 754/1388/830 749/1408/830
f 755/1424/831 768/1415/831 764/1398/831
f 767/1426/832 762/1396/832 758/1417/832
f 769/1428/841 771/1430/841 776/1452/841
f 772/1454/842 774/1753/842 771/1455/842
f 778/1437/843 780/1439/843 774/1433/843
f 777/1436/844 776/1435/844 780/1457/844
f 787/1446/845 775/1453/845 777/1459/845
f 790/1449/846 792/1451/846 779/1438/846
f 789/1460/847 788/1754/847 792/1461/847
f 781/1440/848 787/1446/848 789/1448/848
f 790/1449/1081 784/1466/1081 786/1463/1081
f 783/1464/850 782/1755/850 786/1445/850
f 781/1440/1082 783/1442/1082 770/1429/1082
f 773/1432/1083 772/1431/1083 785/1465/1083
f 787/1446/853 781/1440/853 769/1428/853
f 771/1455/854 774/1753/854 780/1467/854
f 785/1444/855 772/1756/855 770/1469/855
f 778/1437/856 773/1432/856 784/1466/856
f 777/1436/857 779/1458/857 792/1470/857
f 791/1462/858 786/1757/858 782/1472/858
usemtl iron
f 793/1473/859 794/1474/859 795/1475/859
f 796/1476/860 797/1477/860 798/1478/860
f 799/1479/861 800/1480/861 801/1481/861
f 802/1482/862 803/1483/862 804/1484/862
f 805/1485/863 806/1486/863 807/1487/863
f 808/1488/864 809/1489/864 810/1490/864
f 811/1491/865 812/1492/865 813/1493/865
f 814/1494/866 815/1495/866 816/1496/866
f 793/1473/867 800/1480/867 799/1479/867
f 796/1497/868 795/1498/868 794/1499/868
f 797/1477/869 804/1484/869 798/1478/869
f 803/1500/870 800/1501/870 804/1502/870
f 811/1491/871 801/1481/871 812/1492/871
f 802/1482/872 816/1496/872 803/1483/872
f 815/1503/873 812/1504/873 816/1505/873
f 805/1485/874 813/1493/874 806/1486/874
f 808/1488/875 815/1495/875 814/1494/875
f 807/1506/876 810/1507/876 809/1508/876
f 805/1485/877 794/1474/877 793/1473/877
f 797/1477/878 809/1489/878 808/1488/878
f 811/1491/879 793/1473/879 799/1479/879
f 795/1498/880 804/1502/880 800/1501/880
f 809/1509/881 794/1510/881 807/1511/881
f 802/1482/882 808/1488/882 814/1494/882
f 801/1512/883 816/1513/883 812/1514/883
f 813/1515/884 810/1507/884 806/1516/884
f 817/1517/885 818/1518/885 819/1519/885
f 820/1520/886 821/1521/886 822/1522/886
f 823/1523/887 824/1524/887 825/1525/887
f 826/1526/888 827/1527/888 828/1528/888
f 829/1529/889 830/1530/889 831/1531/889
f 832/1532/890 833/1533/890 834/1534/890
f 835/1535/891 836/1536/891 837/1537/891
f 838/1538/892 839/1539/892 840/1540/892
f 817/1517/893 824/1524/893 823/1523/893
f 818/1541/894 822/1542/894 819/1543/894
f 826/1526/895 822/1522/895 821/1521/895
f 825/1544/896 828/1545/896 827/1546/896
f 835/1535/897 825/1525/897 836/1536/897
f 826/1526/898 840/1540/898 827/1527/898
f 837/1547/899 840/1548/899 839/1549/899
f 829/1529/900 837/1537/900 830/1530/900
f 832/1532/901 839/1539/901 838/1538/901
f 833/1550/902 830/1551/902 834/1552/902
f 829/1529/903 818/1518/903 817/1517/903
f 821/1521/904 833/1533/904 832/1532/904
f 835/1535/905 817/1517/905 823/1523/905
f 822/1542/906 824/1553/906 819/1543/906
f 833/1554/907 818/1555/907 831/1556/907
f 838/1538/908 821/1521/908 832/1532/908
f 825/1557/909 840/1558/909 836/1559/909
f 839/1549/910 830/1551/910 837/1547/910
f 841/1560/911 842/1561/911 843/1562/911
f 844/1563/912 845/1564/912 846/1565/912
f 847/1566/913 848/1567/913 849/1568/913
f 850/1569/914 851/1570/914 852/1571/914
f 853/1572/915 854/1573/915 855/1574/915
f 856/1575/916 857/1576/916 858/1577/916
f 859/1578/917 860/1579/917 861/1580/917
f 862/1581/918 863/1582/918 864/1583/918
f 841/1560/919 848/1567/919 847/1566/919
f 844/1584/920 843/1585/920 842/1586/920
f 850/1569/921 846/1565/921 845/1564/921
f 849/1587/922 852/1588/922 851/1589/922
f 859/1578/923 849/1568/923 860/1579/923
f 862/1581/924 851/1570/924 850/1569/924
f 861/1590/925 864/1591/925 863/1592/925
f 859/1578/926 854/1573/926 853/1572/926
f 862/1581/927 858/1577/927 863/1582/927
f 857/1593/928 854/1594/928 858/1595/928
f 853/1572/929 842/1561/929 841/1560/929
f 856/1575/930 844/1563/930 857/1576/930
f 847/1566/931 853/1572/931 841/1560/931
f 843/1596/932 852/1597/932 848/1598/932
f 857/1593/933 842/1586/933 855/1599/933
f 850/1569/934 856/1575/934 862/1581/934
f 851/1589/935 860/1600/935 849/1587/935
f 863/1601/936 854/1602/936 861/1603/936
f 793/1473/1084 795/1475/1084 800/1480/1084
f 796/1497/868 798/1758/868 795/1498/868
f 797/1477/1085 802/1482/1085 804/1484/1085
f 803/1500/870 801/1759/870 800/1501/870
f 811/1491/871 799/1479/871 801/1481/871
f 802/1482/872 814/1494/872 816/1496/872
f 815/1503/873 813/1515/873 812/1504/873
f 805/1485/1086 811/1491/1086 813/1493/1086
f 808/1488/1087 810/1490/1087 815/1495/1087
f 807/1506/876 806/1516/876 810/1507/876
f 805/1485/877 807/1487/877 794/1474/877
f 797/1477/878 796/1476/878 809/1489/878
f 811/1491/879 805/1485/879 793/1473/879
f 795/1498/880 798/1758/880 804/1502/880
f 809/1509/881 796/1760/881 794/1510/881
f 802/1482/882 797/1477/882 808/1488/882
f 801/1512/883 803/1761/883 816/1513/883
f 813/1515/884 815/1503/884 810/1507/884
f 817/1517/1088 819/1519/1088 824/1524/1088
f 818/1541/894 820/1762/894 822/1542/894
f 826/1526/1089 828/1528/1089 822/1522/1089
f 825/1544/896 824/1553/896 828/1545/896
f 835/1535/897 823/1523/897 825/1525/897
f 826/1526/898 838/1538/898 840/1540/898
f 837/1547/899 836/1763/899 840/1548/899
f 829/1529/1090 835/1535/1090 837/1537/1090
f 832/1532/1091 834/1534/1091 839/1539/1091
f 833/1550/902 831/1764/902 830/1551/902
f 829/1529/903 831/1531/903 818/1518/903
f 821/1521/904 820/1520/904 833/1533/904
f 835/1535/905 829/1529/905 817/1517/905
f 822/1542/906 828/1545/906 824/1553/906
f 833/1554/907 820/1765/907 818/1555/907
f 838/1538/908 826/1526/908 821/1521/908
f 825/1557/909 827/1766/909 840/1558/909
f 839/1549/910 834/1552/910 830/1551/910
f 841/1560/919 843/1562/919 848/1567/919
f 844/1584/920 846/1767/920 843/1585/920
f 850/1569/921 852/1571/921 846/1565/921
f 849/1587/922 848/1768/922 852/1588/922
f 859/1578/1092 847/1566/1092 849/1568/1092
f 862/1581/1093 864/1583/1093 851/1570/1093
f 861/1590/925 860/1600/925 864/1591/925
f 859/1578/926 861/1580/926 854/1573/926
f 862/1581/927 856/1575/927 858/1577/927
f 857/1593/928 855/1599/928 854/1594/928
f 853/1572/1094 855/1574/1094 842/1561/1094
f 856/1575/1095 845/1564/1095 844/1563/1095
f 847/1566/931 859/1578/931 853/1572/931
f 843/1596/932 846/1769/932 852/1597/932
f 857/1593/933 844/1584/933 842/1586/933
f 850/1569/934 845/1564/934 856/1575/934
f 851/1589/935 864/1591/935 860/1600/935
f 863/1601/936 858/1770/936 854/1602/936
