# Blender 4.5.10 LTS
# www.blender.org
mtllib stoker_rack_lean.mtl
o stoker_rack_lean
v 0.576699 -0.000145 -0.074916
v 0.576814 0.013779 -0.076680
v 0.578382 0.013761 -0.074887
v 0.586844 1.145891 -0.073752
v 0.586975 1.159806 -0.071916
v 0.588412 1.145872 -0.071960
v 0.577386 -0.000530 0.071482
v 0.579069 0.013376 0.071510
v 0.577518 0.013385 0.073318
v 0.587662 1.159421 0.074482
v 0.587548 1.145497 0.076246
v 0.589099 1.145488 0.074438
v 0.449825 0.000977 -0.074318
v 0.448389 0.014911 -0.074274
v 0.449940 0.014902 -0.076082
v 0.460102 1.160928 -0.071318
v 0.459970 1.147013 -0.073154
v 0.458419 1.147022 -0.071346
v 0.450513 0.000593 0.072080
v 0.450644 0.014507 0.073916
v 0.449076 0.014526 0.072124
v 0.460789 1.160543 0.075080
v 0.459106 1.146638 0.075051
v 0.460674 1.146619 0.076844
v 0.600026 -0.377791 -0.091816
v 0.599961 -0.371540 -0.093942
v 0.601911 -0.371540 -0.091809
v 0.597127 0.135965 -0.091234
v 0.597122 0.142193 -0.089041
v 0.599077 0.135964 -0.089101
v 0.602478 -0.378715 0.083845
v 0.604363 -0.372464 0.083851
v 0.602473 -0.372486 0.086038
v 0.599574 0.141270 0.086620
v 0.599639 0.135018 0.088746
v 0.601529 0.135041 0.086560
v 0.443884 -0.378675 -0.089641
v 0.441929 -0.372446 -0.089581
v 0.443819 -0.372423 -0.091768
v 0.440980 0.141310 -0.086866
v 0.440985 0.135081 -0.089059
v 0.439095 0.135059 -0.086873
v 0.446335 -0.379598 0.086019
v 0.446331 -0.373370 0.088212
v 0.444381 -0.373369 0.086079
v 0.443432 0.140386 0.088794
v 0.441547 0.134136 0.088788
v 0.443497 0.134135 0.090921
v -0.449963 0.001824 -0.076505
v -0.450114 0.015752 -0.078234
v -0.448573 0.015762 -0.076418
v -0.463946 1.147813 -0.072429
v -0.464135 1.161722 -0.070558
v -0.462405 1.147822 -0.070613
v -0.451465 0.001055 0.069885
v -0.450076 0.014993 0.069973
v -0.451654 0.014964 0.071756
v -0.465638 1.160953 0.075832
v -0.465486 1.147025 0.077561
v -0.463908 1.147053 0.075777
v -0.576826 0.000280 -0.077816
v -0.578556 0.014180 -0.077760
v -0.576978 0.014209 -0.079544
v -0.590999 1.160179 -0.071868
v -0.590810 1.146269 -0.073740
v -0.592388 1.146241 -0.071956
v -0.578329 -0.000488 0.068575
v -0.578518 0.013421 0.070446
v -0.580059 0.013411 0.068630
v -0.592501 1.159410 0.074522
v -0.593891 1.145472 0.074434
v -0.592350 1.145481 0.076250
v -0.441227 -0.381103 -0.087937
v -0.441223 -0.374857 -0.090079
v -0.439295 -0.374867 -0.087926
v -0.440262 0.132660 -0.088553
v -0.440242 0.138894 -0.086375
v -0.438334 0.132650 -0.086401
v -0.440529 -0.381632 0.087740
v -0.438598 -0.375396 0.087752
v -0.440509 -0.375399 0.089919
v -0.439545 0.138364 0.089303
v -0.439548 0.132118 0.091445
v -0.437636 0.132121 0.089277
v -0.597385 -0.380809 -0.087317
v -0.599293 -0.374566 -0.087291
v -0.597382 -0.374563 -0.089458
v -0.596400 0.139188 -0.085754
v -0.596421 0.132954 -0.087933
v -0.598332 0.132951 -0.085765
v -0.596688 -0.381338 0.088361
v -0.596668 -0.375105 0.090540
v -0.598596 -0.375095 0.088387
v -0.595703 0.138658 0.089924
v -0.597635 0.132422 0.089913
v -0.595706 0.132412 0.092065
v 0.652061 1.197935 -0.449052
v 0.651991 1.200478 -0.456094
v 0.668141 1.198766 -0.449011
v 0.652085 1.266934 -0.440246
v 0.652158 1.266026 -0.432814
v 0.668236 1.265223 -0.433163
v 0.657839 1.057567 0.139534
v 0.673920 1.058398 0.139575
v 0.657911 1.056658 0.146966
v 0.657936 1.125657 0.155772
v 0.658006 1.123114 0.162814
v 0.674014 1.124854 0.155423
v -0.655718 1.196795 -0.436485
v -0.671796 1.197599 -0.436135
v -0.655788 1.199338 -0.443527
v -0.655622 1.264886 -0.420247
v -0.655694 1.265795 -0.427679
v -0.671702 1.264055 -0.420288
v -0.649940 1.056427 0.152101
v -0.649868 1.055518 0.159533
v -0.666018 1.057230 0.152451
v -0.649843 1.124518 0.168339
v -0.665924 1.123687 0.168299
v -0.649773 1.121975 0.175381
v 0.650102 1.276464 0.036639
v 0.650012 1.278605 0.030735
v 0.666176 1.277303 0.036611
v 0.649686 1.335581 0.044260
v 0.649768 1.334841 0.050497
v 0.665851 1.334279 0.050136
v 0.657091 1.159294 0.530399
v 0.673165 1.160133 0.530371
v 0.657172 1.158554 0.536636
v 0.656757 1.217671 0.544257
v 0.656847 1.215530 0.550161
v 0.672840 1.217109 0.543896
v -0.657594 1.265238 0.052485
v -0.673676 1.265800 0.052846
v -0.657684 1.267379 0.046580
v -0.657928 1.323614 0.066343
v -0.658009 1.324354 0.060105
v -0.674002 1.322776 0.066371
v -0.650605 1.148068 0.546245
v -0.650523 1.147328 0.552482
v -0.666687 1.148630 0.546606
v -0.650939 1.206445 0.560103
v -0.667013 1.205606 0.560131
v -0.650849 1.204304 0.566007
v 0.643342 1.222801 -0.000942
v 0.643342 1.223250 -0.001580
v 0.651140 1.223152 -0.000836
v 0.642925 1.271466 0.009165
v 0.642920 1.271602 0.009933
v 0.650722 1.271368 0.009909
v 0.642932 1.197008 0.114777
v 0.650729 1.197360 0.114883
v 0.642927 1.197145 0.115545
v 0.642509 1.245809 0.125653
v 0.642509 1.245360 0.126291
v 0.650311 1.245575 0.125629
v -0.641004 1.213168 -0.007646
v -0.648806 1.213403 -0.007621
v -0.641004 1.213618 -0.008283
v -0.641427 1.261969 0.003230
v -0.641422 1.261833 0.002462
v -0.649224 1.261618 0.003124
v -0.641414 1.187376 0.108074
v -0.641419 1.187512 0.108842
v -0.649217 1.187610 0.108099
v -0.641837 1.236177 0.118950
v -0.649634 1.235826 0.118844
v -0.641837 1.235728 0.119587
v 0.431574 0.337076 0.288253
v 0.438733 0.340790 0.280553
v 0.427805 0.343704 0.280117
v 0.450441 0.314202 -0.337546
v 0.446190 0.321415 -0.329693
v 0.457118 0.318501 -0.329257
v 0.295421 0.258150 0.282452
v 0.292060 0.265015 0.274333
v 0.289150 0.254078 0.274180
v 0.345766 0.253524 -0.342006
v 0.338208 0.249570 -0.334323
v 0.341119 0.260507 -0.334170
v 0.374300 0.121875 0.285230
v 0.367792 0.118211 0.276949
v 0.378720 0.115297 0.277385
v 0.406408 0.148755 -0.339870
v 0.410008 0.141490 -0.331744
v 0.399080 0.144405 -0.332180
v 0.510452 0.200800 0.291031
v 0.514465 0.193986 0.283169
v 0.517375 0.204923 0.283323
v 0.511083 0.209433 -0.335410
v 0.517990 0.213335 -0.327113
v 0.515079 0.202398 -0.327267
v 0.203474 0.303351 0.294006
v 0.205333 0.311913 0.285874
v 0.193998 0.303986 0.286747
v 0.138390 0.327278 -0.333944
v 0.130563 0.327308 -0.325296
v 0.141898 0.335234 -0.326169
v 0.164342 0.219670 0.296767
v 0.157593 0.226136 0.289316
v 0.158764 0.212327 0.289160
v 0.088359 0.220291 -0.330413
v 0.084706 0.212932 -0.322133
v 0.083535 0.226741 -0.321977
v 0.217003 0.143858 0.292209
v 0.207756 0.141798 0.284920
v 0.220263 0.135915 0.283891
v 0.155688 0.123364 -0.336241
v 0.160500 0.115941 -0.328639
v 0.147994 0.121823 -0.327611
v 0.308796 0.151727 0.284889
v 0.305660 0.143236 0.277081
v 0.316995 0.151162 0.276209
v 0.273046 0.133425 -0.345600
v 0.282151 0.133324 -0.338309
v 0.270815 0.125397 -0.337436
v 0.347928 0.235408 0.282127
v 0.353400 0.229013 0.273640
v 0.352229 0.242821 0.273795
v 0.323077 0.240412 -0.349130
v 0.328007 0.247699 -0.341472
v 0.329178 0.233890 -0.341628
v 0.295267 0.311220 0.286686
v 0.303237 0.313351 0.278036
v 0.290730 0.319233 0.279064
v 0.255749 0.337339 -0.343302
v 0.252213 0.344691 -0.334965
v 0.264720 0.338808 -0.335994
v -0.002785 0.145000 0.292582
v -0.011122 0.144610 0.285201
v -0.002514 0.137290 0.284544
v -0.032956 0.165460 -0.330533
v -0.031911 0.157225 -0.322591
v -0.040520 0.164545 -0.321934
v 0.155153 0.158042 0.280480
v 0.154930 0.150291 0.272480
v 0.162228 0.158925 0.271918
v 0.086932 0.175360 -0.339720
v 0.095757 0.175798 -0.332377
v 0.088458 0.167165 -0.331815
v 0.142145 0.316444 0.281427
v 0.149261 0.316829 0.272862
v 0.140652 0.324149 0.273520
v 0.077058 0.295600 -0.339001
v 0.077234 0.303840 -0.330997
v 0.085843 0.296520 -0.331654
v -0.015793 0.303401 0.293530
v -0.016791 0.311148 0.285584
v -0.024089 0.302514 0.286146
v -0.042831 0.285700 -0.329814
v -0.050433 0.285267 -0.321212
v -0.043135 0.293900 -0.321774
v -0.043214 0.226925 0.287668
v -0.038133 0.219876 0.279758
v -0.037803 0.233729 0.279762
v -0.042340 0.227080 -0.333370
v -0.036951 0.233879 -0.325276
v -0.037282 0.220026 -0.325280
v -0.092168 0.316608 0.286792
v -0.083454 0.317361 0.278945
v -0.095284 0.324574 0.278735
v -0.086461 0.307908 -0.334160
v -0.089723 0.316098 -0.326219
v -0.077894 0.308885 -0.326009
v -0.194300 0.319047 0.284989
v -0.190526 0.326849 0.277054
v -0.202686 0.320209 0.276840
v -0.178509 0.310106 -0.335785
v -0.187302 0.311498 -0.327940
v -0.175142 0.318138 -0.327726
v -0.247479 0.231804 0.284062
v -0.252277 0.238851 0.275976
v -0.252608 0.224998 0.275972
v -0.226438 0.231477 -0.336620
v -0.232109 0.224679 -0.328719
v -0.231778 0.238532 -0.328715
v -0.198525 0.142121 0.284939
v -0.206957 0.141366 0.276790
v -0.195127 0.134153 0.276999
v -0.182317 0.150648 -0.335830
v -0.179337 0.142460 -0.327776
v -0.191167 0.149673 -0.327986
v -0.096393 0.139682 0.286742
v -0.099885 0.131878 0.278681
v -0.087725 0.138518 0.278894
v -0.090268 0.148450 -0.334205
v -0.081758 0.147060 -0.326054
v -0.093918 0.140420 -0.326268
v -0.288423 0.141048 0.278032
v -0.293595 0.134428 0.270210
v -0.281138 0.137914 0.269733
v -0.314341 0.150062 -0.332605
v -0.306378 0.146693 -0.324920
v -0.318835 0.143206 -0.324443
v -0.221548 0.225548 0.275652
v -0.217051 0.218892 0.267452
v -0.216513 0.231826 0.267467
v -0.253013 0.227554 -0.334788
v -0.247154 0.233779 -0.326994
v -0.247692 0.220846 -0.327008
v -0.281179 0.315301 0.278231
v -0.273659 0.317838 0.269939
v -0.285784 0.322345 0.270425
v -0.307698 0.309863 -0.332422
v -0.311609 0.317049 -0.324244
v -0.299484 0.312542 -0.324730
v -0.384908 0.286271 0.282205
v -0.385189 0.294525 0.274234
v -0.393220 0.284377 0.274519
v -0.402824 0.283241 -0.328778
v -0.410667 0.281426 -0.320470
v -0.402636 0.291574 -0.320756
v -0.389385 0.178577 0.282082
v -0.397510 0.181172 0.274401
v -0.390349 0.170393 0.274092
v -0.406929 0.184478 -0.328891
v -0.407434 0.176140 -0.320888
v -0.414596 0.186919 -0.320578
v 0.220954 0.414151 0.327127
v 0.215524 0.420192 0.318858
v 0.216514 0.407285 0.318910
v 0.238565 0.413033 -0.286008
v 0.233665 0.406197 -0.278231
v 0.232675 0.419104 -0.278283
v 0.289234 0.333807 0.330407
v 0.282076 0.330140 0.322059
v 0.294643 0.327094 0.322659
v 0.315666 0.322309 -0.282304
v 0.320386 0.315896 -0.274069
v 0.307818 0.318942 -0.274668
v 0.386659 0.373992 0.335029
v 0.388191 0.365680 0.327097
v 0.394968 0.376704 0.327415
v 0.425678 0.367686 -0.277085
v 0.432969 0.370562 -0.268731
v 0.426192 0.359538 -0.269050
v 0.378592 0.479171 0.334605
v 0.387222 0.477697 0.327009
v 0.378843 0.487557 0.326606
v 0.416569 0.486454 -0.277563
v 0.415829 0.494649 -0.269594
v 0.424208 0.484790 -0.269191
v 0.276181 0.503991 0.329722
v 0.280508 0.511388 0.321917
v 0.268552 0.506457 0.321349
v 0.300926 0.514480 -0.283078
v 0.292652 0.516672 -0.275465
v 0.304608 0.521603 -0.274897
v 0.170332 0.496604 0.331714
v 0.174905 0.505262 0.323408
v 0.166985 0.506260 0.323940
v 0.130556 0.508668 -0.282926
v 0.128243 0.518010 -0.274734
v 0.136163 0.517013 -0.275267
v 0.090184 0.390659 0.336858
v 0.079630 0.390787 0.329547
v 0.082727 0.383414 0.329325
v 0.039053 0.387712 -0.277053
v 0.032924 0.380543 -0.268640
v 0.029826 0.387916 -0.268417
v 0.221795 0.374080 0.328016
v 0.226173 0.365343 0.319687
v 0.230997 0.371719 0.319377
v 0.189311 0.368783 -0.287148
v 0.199357 0.366560 -0.279808
v 0.194533 0.360184 -0.279498
v -0.136686 0.495561 0.335182
v -0.136176 0.503626 0.327166
v -0.144535 0.493738 0.327142
v -0.114119 0.477946 -0.285838
v -0.122548 0.476576 -0.277891
v -0.114189 0.486464 -0.277867
v -0.146740 0.359069 0.335518
v -0.154240 0.361983 0.327467
v -0.147419 0.350978 0.327541
v -0.122059 0.370147 -0.285573
v -0.123374 0.361770 -0.277560
v -0.130194 0.372775 -0.277635
v -0.020037 0.307331 0.336460
v -0.025114 0.301035 0.328451
v -0.012540 0.304121 0.328520
v -0.021992 0.329285 -0.284829
v -0.014444 0.325510 -0.276774
v -0.027018 0.322424 -0.276844
v 0.068323 0.411848 0.336707
v 0.072754 0.405010 0.328758
v 0.073705 0.417923 0.328726
v 0.047794 0.411830 -0.284634
v 0.053705 0.417906 -0.276619
v 0.052753 0.404993 -0.276587
v -0.003770 0.528180 0.335917
v 0.004114 0.530218 0.327964
v -0.007872 0.535113 0.327875
v -0.009144 0.503708 -0.285258
v -0.013108 0.511270 -0.277309
v -0.001121 0.506375 -0.277220
v -0.123228 0.459221 0.333567
v -0.113954 0.459240 0.324942
v -0.117237 0.466534 0.325140
v -0.171870 0.454296 -0.293133
v -0.164642 0.461734 -0.285607
v -0.161359 0.454441 -0.285804
v -0.287132 0.475694 0.344263
v -0.292588 0.484158 0.336583
v -0.297249 0.477663 0.336904
v -0.321484 0.469333 -0.283368
v -0.330726 0.471464 -0.274751
v -0.326065 0.477959 -0.275072
v -0.219394 0.325211 0.340188
v -0.224780 0.316670 0.332545
v -0.216836 0.315872 0.332026
v -0.259652 0.331970 -0.287088
v -0.256069 0.322459 -0.279283
v -0.264013 0.323257 -0.278765
v -0.512179 0.415794 0.332730
v -0.521287 0.419247 0.324388
v -0.520818 0.411260 0.324406
v -0.498460 0.415165 -0.290104
v -0.507451 0.410647 -0.282431
v -0.507920 0.418634 -0.282449
v -0.379591 0.349255 0.337641
v -0.377583 0.339378 0.329711
v -0.370905 0.343778 0.329957
v -0.351458 0.341392 -0.284660
v -0.343495 0.336117 -0.276360
v -0.350172 0.331717 -0.276606
v -0.388299 0.497428 0.337299
v -0.380313 0.503850 0.329588
v -0.387460 0.507436 0.329324
v -0.361112 0.505673 -0.285039
v -0.360971 0.515469 -0.277030
v -0.353824 0.511883 -0.276765
v 0.435761 0.498327 0.286954
v 0.431576 0.491551 0.278701
v 0.443877 0.495528 0.279349
v 0.464895 0.509863 -0.336429
v 0.472264 0.506769 -0.328054
v 0.459963 0.502792 -0.328702
v 0.515937 0.608421 0.291529
v 0.521396 0.601973 0.283773
v 0.521417 0.614917 0.283827
v 0.538561 0.611018 -0.332226
v 0.543461 0.617447 -0.323938
v 0.543440 0.604503 -0.323992
v 0.436128 0.718817 0.287885
v 0.444254 0.721653 0.280304
v 0.431966 0.725676 0.279690
v 0.465232 0.712450 -0.335574
v 0.460324 0.719472 -0.327787
v 0.472612 0.715449 -0.327172
v 0.306627 0.676951 0.281058
v 0.306758 0.685198 0.273089
v 0.299142 0.674740 0.272654
v 0.346246 0.673983 -0.341847
v 0.337745 0.671848 -0.334282
v 0.345362 0.682307 -0.333848
v 0.306400 0.540681 0.280483
v 0.298922 0.542988 0.272098
v 0.306503 0.532501 0.272444
v 0.346037 0.548778 -0.342375
v 0.345125 0.540390 -0.334447
v 0.337544 0.550877 -0.334793
v 0.136631 0.624877 0.286793
v 0.132748 0.632099 0.278787
v 0.130619 0.619330 0.278768
v 0.149724 0.623645 -0.338864
v 0.143377 0.618130 -0.330892
v 0.145506 0.630898 -0.330872
v 0.185358 0.527283 0.286868
v 0.177317 0.525801 0.278840
v 0.188802 0.519830 0.278873
v 0.192626 0.537718 -0.338798
v 0.195884 0.529998 -0.330795
v 0.184399 0.535969 -0.330829
v 0.293233 0.543467 0.287254
v 0.292184 0.535340 0.279244
v 0.301412 0.544418 0.279284
v 0.287605 0.551967 -0.338458
v 0.295928 0.552701 -0.330429
v 0.286700 0.543623 -0.330469
v 0.311176 0.651063 0.287418
v 0.318607 0.647533 0.279441
v 0.312825 0.659115 0.279432
v 0.303403 0.646701 -0.338314
v 0.305251 0.654864 -0.330300
v 0.311033 0.643282 -0.330291
v 0.214391 0.701377 0.287133
v 0.220071 0.707334 0.279159
v 0.207269 0.705413 0.279113
v 0.218188 0.691000 -0.338565
v 0.210969 0.695301 -0.330586
v 0.223771 0.697222 -0.330540
v 0.033630 0.530794 0.289464
v 0.027276 0.524641 0.281109
v 0.041639 0.525591 0.281925
v 0.070796 0.508562 -0.338578
v 0.077860 0.503924 -0.330153
v 0.063498 0.502973 -0.330969
v 0.094481 0.565267 0.292838
v 0.095476 0.556090 0.284911
v 0.103691 0.567930 0.285347
v 0.147139 0.551811 -0.334345
v 0.155010 0.554816 -0.325895
v 0.146796 0.542976 -0.326330
v 0.105520 0.634408 0.293277
v 0.113458 0.629103 0.285735
v 0.109339 0.642916 0.285462
v 0.160989 0.638554 -0.333795
v 0.163397 0.646957 -0.325671
v 0.167516 0.633143 -0.325398
v 0.058435 0.686153 0.290449
v 0.067681 0.688697 0.282960
v 0.054330 0.694083 0.282184
v 0.101916 0.703473 -0.337342
v 0.096706 0.710962 -0.329650
v 0.110057 0.705577 -0.328874
v -0.011318 0.681537 0.286485
v -0.007384 0.689999 0.278676
v -0.019913 0.682901 0.277981
v 0.014404 0.697682 -0.342316
v 0.005155 0.698635 -0.334836
v 0.017685 0.705733 -0.334141
v -0.051214 0.624036 0.284369
v -0.055211 0.632027 0.276109
v -0.057484 0.617790 0.276019
v -0.035649 0.625542 -0.344970
v -0.042314 0.619258 -0.337324
v -0.040041 0.633494 -0.337233
v -0.031210 0.556949 0.285695
v -0.039786 0.558435 0.277192
v -0.030091 0.547781 0.277774
v -0.010552 0.541376 -0.343307
v -0.009958 0.532603 -0.335239
v -0.019653 0.543257 -0.335822
v -0.211893 0.674568 0.286144
v -0.216859 0.683086 0.278382
v -0.221677 0.676699 0.278580
v -0.222992 0.663886 -0.327378
v -0.232486 0.666296 -0.318941
v -0.227668 0.672683 -0.319139
v -0.139957 0.504444 0.282478
v -0.145362 0.496221 0.274691
v -0.137427 0.495238 0.274334
v -0.164832 0.526343 -0.330342
v -0.161654 0.516566 -0.322503
v -0.169588 0.517548 -0.322146
v -0.028733 0.651884 0.277899
v -0.019434 0.651653 0.269476
v -0.022550 0.659022 0.269635
v -0.074908 0.645547 -0.334044
v -0.067521 0.652850 -0.326348
v -0.064405 0.645480 -0.326507
v -0.388548 0.671562 0.289203
v -0.389753 0.679600 0.281247
v -0.396894 0.670828 0.281511
v -0.419122 0.677739 -0.332768
v -0.426682 0.676846 -0.324479
v -0.419541 0.685618 -0.324743
v -0.374645 0.535328 0.288614
v -0.382974 0.534427 0.280921
v -0.374208 0.527281 0.280588
v -0.403885 0.528427 -0.333414
v -0.402696 0.520557 -0.325457
v -0.411462 0.527703 -0.325124
v -0.238507 0.549243 0.283507
v -0.237903 0.541213 0.275475
v -0.230762 0.549985 0.275212
v -0.254678 0.543678 -0.339011
v -0.246517 0.544563 -0.331311
v -0.253658 0.535791 -0.331048
v -0.252410 0.685477 0.284097
v -0.244682 0.686386 0.275802
v -0.253448 0.693532 0.276134
v -0.269915 0.692990 -0.338365
v -0.270503 0.700852 -0.330334
v -0.261737 0.693706 -0.330666
v 0.229364 0.845199 0.327890
v 0.227608 0.852807 0.319818
v 0.222163 0.842891 0.319587
v 0.265826 0.839478 -0.285936
v 0.257676 0.837318 -0.278266
v 0.263121 0.847234 -0.278035
v 0.266606 0.716994 0.329315
v 0.259338 0.714915 0.321009
v 0.269247 0.709466 0.321411
v 0.297984 0.728772 -0.284706
v 0.299809 0.720937 -0.276631
v 0.289900 0.726387 -0.277033
v 0.394702 0.754263 0.334594
v 0.397113 0.746668 0.326681
v 0.402558 0.756584 0.326912
v 0.408596 0.760954 -0.280147
v 0.416090 0.763101 -0.271832
v 0.410646 0.753185 -0.272063
v 0.357460 0.882468 0.333169
v 0.365383 0.884560 0.325490
v 0.355475 0.890009 0.325088
v 0.376438 0.871660 -0.281377
v 0.373958 0.879482 -0.273467
v 0.383866 0.874032 -0.273065
v 0.174211 0.714922 0.331704
v 0.170937 0.707411 0.323731
v 0.181531 0.711388 0.323665
v 0.176944 0.697471 -0.281128
v 0.184193 0.694392 -0.273171
v 0.173599 0.690416 -0.273105
v 0.227974 0.833303 0.331298
v 0.235432 0.830070 0.323257
v 0.231455 0.840665 0.323273
v 0.241328 0.839237 -0.281615
v 0.244460 0.846444 -0.273641
v 0.248437 0.835850 -0.273656
v 0.109595 0.887067 0.331963
v 0.112774 0.894567 0.323941
v 0.102180 0.890590 0.324007
v 0.099564 0.903622 -0.280818
v 0.092411 0.906713 -0.272779
v 0.103005 0.910690 -0.272845
v 0.055832 0.768687 0.332370
v 0.048280 0.771907 0.324414
v 0.052256 0.761313 0.324398
v 0.035181 0.761857 -0.280331
v 0.032144 0.754661 -0.272309
v 0.028167 0.765256 -0.272293
v -0.013161 0.879581 0.334872
v -0.005442 0.883735 0.326494
v -0.019579 0.886463 0.327226
v -0.042163 0.895716 -0.285242
v -0.047834 0.902182 -0.276910
v -0.033697 0.899454 -0.277642
v -0.082277 0.861290 0.338280
v -0.080826 0.870255 0.330246
v -0.091773 0.860888 0.330751
v -0.122177 0.874541 -0.281297
v -0.130644 0.873798 -0.272862
v -0.119697 0.883164 -0.273367
v -0.111103 0.795783 0.339388
v -0.117316 0.802841 0.331732
v -0.116831 0.788433 0.331629
v -0.155547 0.798706 -0.280015
v -0.160130 0.791281 -0.271814
v -0.160616 0.805688 -0.271711
v -0.077932 0.732389 0.337360
v -0.087437 0.732257 0.329833
v -0.075884 0.723658 0.329200
v -0.117146 0.725317 -0.282362
v -0.114088 0.716767 -0.274554
v -0.125641 0.725367 -0.273921
v -0.007742 0.718844 0.333725
v -0.013686 0.711655 0.325979
v 0.000234 0.715339 0.325292
v -0.035890 0.709636 -0.286570
v -0.027188 0.706369 -0.279020
v -0.041109 0.702685 -0.278334
v 0.046612 0.765349 0.331220
v 0.048399 0.756548 0.323072
v 0.054205 0.769742 0.322849
v 0.027034 0.763473 -0.289471
v 0.035132 0.767914 -0.281848
v 0.029326 0.754721 -0.281625
v 0.044200 0.836883 0.331730
v 0.052068 0.833131 0.323301
v 0.045387 0.845899 0.323710
v 0.024242 0.846286 -0.288880
v 0.025943 0.855060 -0.280909
v 0.032624 0.842292 -0.281318
v -0.280586 0.745691 0.341284
v -0.289110 0.746092 0.333655
v -0.281715 0.737532 0.333337
v -0.323786 0.731570 -0.282602
v -0.323809 0.723772 -0.274587
v -0.331204 0.732332 -0.274269
v -0.162148 0.737091 0.336051
v -0.162910 0.728905 0.328088
v -0.154358 0.736307 0.327701
v -0.176340 0.720864 -0.289117
v -0.168187 0.720495 -0.281472
v -0.176739 0.713093 -0.281085
v -0.153562 0.855645 0.335546
v -0.145746 0.855228 0.327195
v -0.153141 0.863788 0.327513
v -0.165651 0.868453 -0.289745
v -0.164921 0.876269 -0.281780
v -0.157526 0.867708 -0.282098
v -0.272000 0.864245 0.340779
v -0.271946 0.872415 0.332763
v -0.280497 0.865013 0.333149
v -0.313097 0.879160 -0.283230
v -0.320543 0.879545 -0.274896
v -0.311991 0.886948 -0.275282
v -0.323790 0.861767 0.336685
v -0.315628 0.859331 0.328442
v -0.323841 0.870489 0.328659
v -0.336376 0.864730 -0.292105
v -0.336106 0.873376 -0.284134
v -0.327894 0.862218 -0.284351
v -0.417285 0.902710 0.339392
v -0.411236 0.908760 0.331189
v -0.425001 0.907226 0.331609
v -0.437117 0.908845 -0.289189
v -0.444328 0.913205 -0.280980
v -0.430563 0.914740 -0.281399
v -0.499468 0.842178 0.342036
v -0.501820 0.850643 0.334081
v -0.507373 0.837950 0.334283
v -0.525668 0.843622 -0.286339
v -0.532907 0.839357 -0.278106
v -0.527354 0.852051 -0.278308
v -0.488154 0.740704 0.341974
v -0.496798 0.743097 0.334225
v -0.488586 0.731938 0.334008
v -0.513478 0.734284 -0.286406
v -0.513266 0.725681 -0.278386
v -0.521478 0.736840 -0.278169
v -0.394659 0.699761 0.339268
v -0.401191 0.693667 0.331478
v -0.387426 0.695202 0.331059
v -0.412737 0.690169 -0.289323
v -0.405044 0.685853 -0.281539
v -0.418810 0.684318 -0.281120
v -0.312477 0.760293 0.336623
v -0.310606 0.751784 0.328587
v -0.305053 0.764477 0.328384
v -0.324186 0.755392 -0.292172
v -0.316465 0.759701 -0.284414
v -0.322018 0.747007 -0.284211
v 0.336274 1.017182 0.290896
v 0.334654 1.025150 0.282924
v 0.328751 1.013628 0.283122
v 0.339455 1.004768 -0.336244
v 0.331850 1.001531 -0.328018
v 0.337754 1.013052 -0.328216
v 0.354328 0.901319 0.290666
v 0.346076 0.902445 0.282901
v 0.355205 0.893267 0.282661
v 0.353202 0.916548 -0.336420
v 0.354107 0.908108 -0.328425
v 0.344978 0.917286 -0.328186
v 0.470054 0.882685 0.287390
v 0.466256 0.875385 0.279517
v 0.477802 0.881234 0.279171
v 0.441316 0.902360 -0.338914
v 0.449797 0.900408 -0.331154
v 0.438251 0.894559 -0.330808
v 0.523522 0.987032 0.285595
v 0.529110 0.981367 0.277449
v 0.527117 0.994160 0.277475
v 0.482027 0.981811 -0.340281
v 0.486681 0.989072 -0.332433
v 0.488674 0.976279 -0.332458
v 0.440842 1.070155 0.287763
v 0.447776 1.073926 0.279555
v 0.434998 1.075984 0.279916
v 0.419073 1.045102 -0.338630
v 0.413785 1.051570 -0.330495
v 0.426563 1.049512 -0.330857
v 0.145161 0.971466 0.284886
v 0.135679 0.975685 0.277276
v 0.135488 0.967686 0.277285
v 0.105442 0.971732 -0.328280
v 0.096804 0.967946 -0.319912
v 0.096995 0.975945 -0.319921
v 0.289864 0.883173 0.278839
v 0.290451 0.873133 0.270809
v 0.297468 0.876967 0.270515
v 0.270897 0.870777 -0.335195
v 0.278995 0.864894 -0.327527
v 0.271978 0.861060 -0.327233
v 0.293909 1.052745 0.278650
v 0.301800 1.058562 0.270313
v 0.294973 1.062727 0.270598
v 0.275522 1.064668 -0.335410
v 0.277066 1.074340 -0.327469
v 0.283892 1.070175 -0.327755
v -0.021867 1.019798 0.278150
v -0.021542 1.028918 0.270126
v -0.030597 1.017700 0.269963
v -0.021568 1.028465 -0.333238
v -0.030305 1.026141 -0.325425
v -0.021251 1.037358 -0.325262
v -0.037382 0.953659 0.278032
v -0.044262 0.959448 0.269859
v -0.041140 0.945374 0.269978
v -0.040485 0.947826 -0.333381
v -0.044162 0.939694 -0.325436
v -0.047284 0.953768 -0.325554
v 0.004640 0.900292 0.279156
v -0.004129 0.898371 0.270967
v 0.008818 0.892038 0.271278
v 0.010750 0.882759 -0.332012
v 0.014769 0.874964 -0.323895
v 0.001821 0.881297 -0.324207
v 0.072557 0.899884 0.280674
v 0.068636 0.891679 0.272615
v 0.081659 0.897856 0.272885
v 0.093557 0.882262 -0.330160
v 0.102110 0.880694 -0.321964
v 0.089087 0.874517 -0.322234
v 0.115225 0.952742 0.281444
v 0.119240 0.944411 0.273563
v 0.122532 0.958446 0.273588
v 0.145580 0.946708 -0.329221
v 0.152093 0.952570 -0.321097
v 0.148800 0.938534 -0.321122
v 0.100515 1.019063 0.280886
v 0.109576 1.016858 0.273097
v 0.100659 1.028183 0.272858
v 0.127645 1.027569 -0.329902
v 0.127079 1.036467 -0.321946
v 0.135996 1.025141 -0.321707
v 0.039503 1.048906 0.279420
v 0.046923 1.054467 0.271567
v 0.032510 1.054554 0.271245
v 0.053257 1.063954 -0.331689
v 0.045904 1.069209 -0.323872
v 0.060317 1.069122 -0.323550
v -0.046344 0.957667 0.289093
v -0.041828 0.949731 0.281017
v -0.039833 0.964009 0.280971
v -0.033759 0.953869 -0.343420
v -0.027565 0.960308 -0.335543
v -0.029561 0.946029 -0.335497
v -0.069829 1.031007 0.289487
v -0.060870 1.029706 0.281324
v -0.070788 1.040169 0.281503
v -0.063766 1.047577 -0.342916
v -0.064878 1.056319 -0.334904
v -0.054960 1.045856 -0.335083
v -0.141802 1.058370 0.290816
v -0.135259 1.064680 0.282694
v -0.149621 1.063448 0.282963
v -0.155726 1.082539 -0.341218
v -0.163193 1.087005 -0.333085
v -0.148830 1.088237 -0.333354
v -0.208065 1.019151 0.292079
v -0.208977 1.028316 0.284094
v -0.216969 1.016317 0.284251
v -0.240391 1.032428 -0.339604
v -0.248478 1.029259 -0.331455
v -0.240486 1.041258 -0.331612
v -0.218721 0.942882 0.292325
v -0.226515 0.947998 0.284471
v -0.222118 0.934268 0.284398
v -0.254007 0.934979 -0.339290
v -0.256511 0.926564 -0.331242
v -0.260908 0.940295 -0.331168
v -0.165746 0.886996 0.291369
v -0.174665 0.884206 0.283541
v -0.161190 0.879084 0.283292
v -0.186320 0.863572 -0.340512
v -0.181244 0.856252 -0.332606
v -0.194718 0.861375 -0.332357
v -0.089031 0.893576 0.289930
v -0.092471 0.884977 0.282003
v -0.080066 0.892320 0.281767
v -0.088300 0.871979 -0.342350
v -0.079353 0.871269 -0.334520
v -0.091759 0.863927 -0.334284
v -0.325381 0.892566 0.285490
v -0.332241 0.884736 0.277955
v -0.324551 0.882592 0.277429
v -0.370973 0.879993 -0.329795
v -0.368961 0.870345 -0.321901
v -0.376651 0.872489 -0.321375
v -0.225135 0.991172 0.278445
v -0.215773 0.989590 0.269785
v -0.217767 0.997338 0.269910
v -0.255804 0.993278 -0.337889
v -0.247641 0.999389 -0.330442
v -0.245647 0.991641 -0.330567
v -0.360460 1.028899 0.287702
v -0.364609 1.038275 0.279955
v -0.370306 1.032671 0.280355
v -0.411275 1.036621 -0.327255
v -0.419803 1.040193 -0.318655
v -0.414106 1.045797 -0.319055
v 0.520149 0.010174 -0.267637
v 0.520239 0.011338 -0.274843
v 0.532867 0.011386 -0.267484
v 0.520149 0.108937 -0.275322
v 0.520058 0.110172 -0.268128
v 0.532778 0.108985 -0.267963
v 0.512793 0.013040 0.317909
v 0.525511 0.014253 0.318063
v 0.512701 0.014276 0.325103
v 0.512701 0.113039 0.317419
v 0.512612 0.111874 0.324624
v 0.525421 0.111852 0.317584
v -0.514328 0.009162 -0.280629
v -0.527049 0.010350 -0.280795
v -0.514239 0.010327 -0.287834
v -0.514420 0.109161 -0.281120
v -0.514329 0.107926 -0.288313
v -0.527138 0.107949 -0.281274
v -0.521685 0.012029 0.304918
v -0.521777 0.013264 0.312111
v -0.534405 0.013217 0.304752
v -0.521777 0.112028 0.304427
v -0.534495 0.110815 0.304273
v -0.521866 0.110863 0.311632
vn 0.7491 -0.0893 -0.6564
vn 0.7507 0.0794 -0.6559
vn 0.7553 -0.0928 0.6488
vn 0.7567 0.0760 0.6493
vn -0.7568 -0.0760 -0.6493
vn -0.7553 0.0928 -0.6488
vn -0.7507 -0.0794 0.6559
vn -0.7491 0.0893 0.6564
vn 0.9927 -0.1202 -0.0050
vn 0.7526 -0.0050 -0.6585
vn 0.9947 0.1026 -0.0044
vn 0.7587 -0.0084 0.6514
vn 0.0035 -0.1308 0.9914
vn 0.0058 0.1256 0.9921
vn -0.7526 0.0050 0.6585
vn -0.9947 -0.1026 0.0044
vn -0.9927 0.1202 0.0050
vn -0.7587 0.0084 -0.6514
vn -0.0058 -0.1256 -0.9921
vn -0.0035 0.1308 -0.9914
vn -0.0089 -1.0000 -0.0026
vn 0.9999 -0.0088 -0.0047
vn -0.0047 0.0026 -1.0000
vn 0.0089 1.0000 0.0026
vn 0.0047 -0.0026 1.0000
vn -0.9999 0.0088 0.0047
vn 0.7205 -0.2166 -0.6587
vn 0.7180 0.2316 -0.6564
vn 0.7386 -0.2234 0.6360
vn 0.7361 0.2248 0.6385
vn -0.7361 -0.2248 -0.6384
vn -0.7386 0.2234 -0.6360
vn -0.7180 -0.2316 0.6563
vn -0.7205 0.2166 0.6587
vn 0.9573 -0.2887 -0.0149
vn 0.7381 0.0077 -0.6747
vn 0.9540 0.2995 -0.0117
vn 0.7566 0.0007 0.6539
vn 0.0150 -0.3321 0.9431
vn 0.0114 0.3221 0.9466
vn -0.7381 -0.0077 0.6747
vn -0.9540 -0.2995 0.0117
vn -0.9573 0.2887 0.0149
vn -0.7566 -0.0007 -0.6539
vn -0.0114 -0.3221 -0.9466
vn -0.0150 0.3321 -0.9431
vn 0.0056 -1.0000 -0.0053
vn 0.9999 0.0057 -0.0139
vn -0.0140 0.0053 -0.9999
vn -0.0056 1.0000 0.0053
vn 0.0140 -0.0053 0.9999
vn -0.9999 -0.0057 0.0139
vn 0.7606 -0.0718 -0.6452
vn 0.7586 0.0970 -0.6443
vn 0.7472 -0.0786 0.6599
vn 0.7452 0.0901 0.6608
vn -0.7452 -0.0901 -0.6608
vn -0.7472 0.0786 -0.6599
vn -0.7586 -0.0970 0.6443
vn -0.7607 0.0718 0.6452
vn 0.9950 -0.0993 0.0097
vn 0.7623 0.0126 -0.6471
vn 0.9923 0.1235 0.0108
vn 0.7489 0.0058 0.6627
vn -0.0086 -0.1334 0.9910
vn -0.0117 0.1230 0.9923
vn -0.7623 -0.0126 0.6471
vn -0.9923 -0.1234 -0.0108
vn -0.9950 0.0993 -0.0097
vn -0.7489 -0.0058 -0.6627
vn 0.0117 -0.1230 -0.9923
vn 0.0086 0.1334 -0.9910
vn 0.0122 -0.9999 -0.0051
vn 0.9999 0.0122 0.0103
vn 0.0103 0.0053 -0.9999
vn -0.0122 0.9999 0.0051
vn -0.0103 -0.0053 0.9999
vn -0.9999 -0.0122 -0.0103
vn 0.7254 -0.2235 -0.6510
vn 0.7263 0.2247 -0.6497
vn 0.7305 -0.2274 0.6439
vn 0.7314 0.2208 0.6452
vn -0.7314 -0.2208 -0.6452
vn -0.7305 0.2274 -0.6439
vn -0.7262 -0.2247 0.6497
vn -0.7254 0.2235 0.6510
vn 0.9552 -0.2959 -0.0047
vn 0.7448 0.0006 -0.6673
vn 0.9563 0.2923 -0.0029
vn 0.7500 -0.0034 0.6614
vn 0.0031 -0.3300 0.9440
vn 0.0044 0.3243 0.9460
vn -0.7447 -0.0006 0.6674
vn -0.9563 -0.2923 0.0029
vn -0.9552 0.2959 0.0047
vn -0.7500 0.0034 -0.6614
vn -0.0044 -0.3243 -0.9460
vn -0.0031 0.3300 -0.9440
vn -0.0019 -1.0000 -0.0030
vn 1.0000 -0.0019 -0.0040
vn -0.0040 0.0030 -1.0000
vn 0.0019 1.0000 0.0030
vn 0.0040 -0.0030 1.0000
vn -1.0000 0.0019 0.0040
vn 0.0494 -0.9392 -0.3397
vn 0.0521 0.9913 0.1207
vn 0.0515 -0.9912 -0.1217
vn 0.0543 0.9393 0.3387
vn -0.0543 -0.9393 -0.3387
vn -0.0515 0.9912 0.1217
vn -0.0521 -0.9913 -0.1207
vn -0.0494 0.9392 0.3397
vn 0.0508 -0.9714 -0.2322
vn 0.4112 0.2109 -0.8868
vn 0.0535 0.9714 0.2311
vn 0.4286 -0.2102 0.8787
vn -0.0003 -0.9926 -0.1214
vn 0.0024 0.9406 0.3396
vn -0.4112 -0.2109 0.8868
vn -0.0536 -0.9714 -0.2311
vn -0.0508 0.9714 0.2322
vn -0.4286 0.2102 -0.8787
vn -0.0024 -0.9406 -0.3396
vn 0.0003 0.9926 0.1214
vn -0.0014 -0.9727 -0.2320
vn 1.0000 0.0009 -0.0096
vn -0.0095 0.2320 -0.9727
vn 0.0014 0.9727 0.2320
vn 0.0095 -0.2320 0.9727
vn -1.0000 -0.0009 0.0096
vn 0.0484 -0.9388 -0.3411
vn 0.0373 0.9924 0.1173
vn 0.0515 -0.9916 -0.1183
vn 0.0405 0.9395 0.3401
vn -0.0405 -0.9395 -0.3401
vn -0.0515 0.9916 0.1183
vn -0.0373 -0.9924 -0.1173
vn -0.0484 0.9388 0.3411
vn 0.0503 -0.9716 -0.2313
vn 0.3489 0.2183 -0.9114
vn 0.0392 0.9724 0.2302
vn 0.3746 -0.2121 0.9026
vn 0.0071 -0.9930 -0.1179
vn -0.0039 0.9401 0.3409
vn -0.3489 -0.2183 0.9114
vn -0.0392 -0.9724 -0.2302
vn -0.0503 0.9716 0.2313
vn -0.3746 0.2121 -0.9026
vn 0.0039 -0.9401 -0.3409
vn -0.0071 0.9930 0.1179
vn 0.0056 -0.9729 -0.2310
vn 0.9999 0.0086 -0.0121
vn -0.0138 0.2309 -0.9729
vn -0.0056 0.9729 0.2310
vn 0.0138 -0.2309 0.9729
vn -0.9999 -0.0086 0.0121
vn 0.0446 -0.8165 -0.5756
vn 0.0290 0.9843 -0.1743
vn 0.0419 -0.9837 0.1747
vn 0.0264 0.8170 0.5760
vn -0.0264 -0.8170 -0.5760
vn -0.0419 0.9837 -0.1747
vn -0.0290 -0.9843 0.1743
vn -0.0446 0.8165 0.5756
vn 0.0469 -0.9750 -0.2172
vn 0.0954 0.2173 -0.9714
vn 0.0299 0.9756 0.2176
vn 0.0885 -0.2159 0.9724
vn 0.0065 -0.9846 0.1746
vn -0.0091 0.8173 0.5762
vn -0.0954 -0.2173 0.9714
vn -0.0300 -0.9756 -0.2176
vn -0.0469 0.9750 0.2171
vn -0.0885 0.2159 -0.9724
vn 0.0091 -0.8173 -0.5762
vn -0.0065 0.9846 -0.1746
vn 0.0085 -0.9760 -0.2175
vn 1.0000 0.0075 0.0052
vn 0.0035 0.2175 -0.9760
vn -0.0085 0.9760 0.2175
vn -0.0035 -0.2175 0.9760
vn -1.0000 -0.0075 -0.0052
vn 0.1915 0.8025 0.5651
vn 0.2303 0.7756 -0.5877
vn -0.8262 0.2125 0.5218
vn -0.7487 0.2081 -0.6294
vn -0.2366 -0.8060 0.5425
vn -0.1815 -0.7718 -0.6095
vn 0.7810 -0.2161 0.5859
vn 0.7975 -0.2043 -0.5678
vn -0.3877 0.6185 0.6835
vn -0.3198 0.6052 -0.7290
vn 0.2586 0.9656 -0.0275
vn -0.9630 0.2574 -0.0795
vn -0.6485 -0.3617 0.6697
vn -0.5732 -0.3469 -0.7424
vn -0.2553 -0.9653 -0.0546
vn 0.3309 -0.6229 0.7088
vn 0.3782 -0.6006 -0.7044
vn 0.9664 -0.2572 -0.0026
vn 0.5918 0.3573 0.7226
vn 0.6316 0.3515 -0.6910
vn -0.0407 -0.0032 0.9992
vn -0.4995 0.8651 -0.0467
vn 0.8654 0.5011 0.0078
vn 0.0407 0.0032 -0.9992
vn -0.8630 -0.5009 -0.0659
vn 0.5018 -0.8649 -0.0114
vn -0.4221 0.6708 0.6098
vn -0.5273 0.7013 -0.4797
vn -0.7697 -0.0724 0.6343
vn -0.8881 -0.0702 -0.4542
vn -0.3019 -0.7458 0.5938
vn -0.4026 -0.7692 -0.4962
vn 0.5133 -0.6759 0.5288
vn 0.4437 -0.6966 -0.5637
vn 0.8609 0.0673 0.5043
vn 0.8045 0.0749 -0.5892
vn 0.3932 0.7407 0.5448
vn 0.3190 0.7739 -0.5472
vn -0.5693 0.2916 0.7687
vn -0.7047 0.3085 -0.6389
vn -0.5661 0.8194 0.0899
vn -0.9891 -0.0853 0.1197
vn -0.5106 -0.4004 0.7609
vn -0.6439 -0.4084 -0.6470
vn -0.4198 -0.9049 0.0705
vn 0.1162 -0.6952 0.7094
vn 0.0053 -0.7138 -0.7004
vn 0.5726 -0.8198 -0.0087
vn 0.6842 -0.2980 0.6656
vn 0.5938 -0.3023 -0.7457
vn 0.9956 0.0849 -0.0385
vn 0.6255 0.3940 0.6734
vn 0.5330 0.4146 -0.7376
vn 0.4263 0.9045 0.0108
vn -0.0012 0.6888 0.7250
vn -0.1163 0.7199 -0.6842
vn 0.0799 -0.0045 0.9968
vn -0.8990 0.4240 0.1093
vn -0.0816 0.9956 0.0464
vn -0.0799 0.0045 -0.9968
vn -0.8146 -0.5717 0.0981
vn 0.0873 -0.9959 0.0240
vn 0.9047 -0.4243 -0.0390
vn 0.8202 0.5714 -0.0278
vn -0.4950 -0.6353 0.5927
vn -0.5616 -0.6102 -0.5588
vn 0.6759 -0.5387 0.5030
vn 0.5624 -0.5174 -0.6449
vn 0.5795 0.6357 0.5100
vn 0.4699 0.6099 -0.6382
vn -0.5914 0.5390 0.5997
vn -0.6541 0.5170 -0.5521
vn 0.1119 -0.7152 0.6899
vn 0.0021 -0.6940 -0.7199
vn -0.6475 -0.7620 0.0063
vn 0.7565 -0.6461 -0.1013
vn 0.7665 0.0591 0.6395
vn 0.6370 0.0569 -0.7688
vn 0.6409 0.7620 -0.0928
vn -0.0056 0.7157 0.6984
vn -0.1118 0.6936 -0.7116
vn -0.7631 0.6461 0.0148
vn -0.6602 -0.0587 0.7488
vn -0.7466 -0.0573 -0.6628
vn 0.0764 0.0003 0.9971
vn 0.0795 -0.9962 -0.0366
vn -0.9956 -0.0820 0.0455
vn -0.0764 -0.0003 -0.9971
vn 0.9909 0.0820 -0.1067
vn -0.0841 0.9961 -0.0246
vn 0.8330 -0.0200 0.5529
vn 0.8399 -0.0199 -0.5424
vn 0.4292 0.7197 0.5457
vn 0.4420 0.7089 -0.5496
vn -0.4133 0.7398 0.5308
vn -0.3880 0.7288 -0.5642
vn -0.8520 0.0202 0.5232
vn -0.8202 0.0197 -0.5718
vn -0.4482 -0.7196 0.5304
vn -0.4223 -0.7091 -0.5646
vn 0.3943 -0.7397 0.5453
vn 0.4077 -0.7289 -0.5500
vn 0.6125 0.3413 0.7130
vn 0.6287 0.3363 -0.7011
vn 0.9997 -0.0239 0.0014
vn 0.5207 0.8537 -0.0072
vn 0.0046 0.7120 0.7022
vn 0.0293 0.7018 -0.7118
vn -0.4788 0.8776 -0.0248
vn -0.6203 0.3708 0.6912
vn -0.5868 0.3654 -0.7226
vn -0.9991 0.0239 -0.0339
vn -0.6373 -0.3411 0.6910
vn -0.6036 -0.3365 -0.7228
vn -0.5201 -0.8537 -0.0253
vn -0.0294 -0.7118 0.7018
vn -0.0042 -0.7020 -0.7121
vn 0.4793 -0.8776 -0.0077
vn 0.5955 -0.3706 0.7128
vn 0.6120 -0.3656 -0.7013
vn -0.0176 0.0001 0.9998
vn 0.8777 0.4791 0.0014
vn 0.8539 -0.5205 0.0011
vn 0.0176 -0.0001 -0.9998
vn 0.0241 0.9996 -0.0138
vn -0.8534 0.5205 -0.0292
vn -0.8772 -0.4791 -0.0295
vn -0.0236 -0.9996 -0.0143
vn 0.2480 -0.8142 0.5250
vn 0.2029 -0.8020 -0.5618
vn 0.8634 -0.0365 0.5031
vn 0.8114 -0.0331 -0.5835
vn 0.3146 0.7896 0.5269
vn 0.2688 0.7836 -0.5600
vn -0.6400 0.5224 0.5634
vn -0.6751 0.5195 -0.5239
vn -0.6812 -0.4688 0.5623
vn -0.7158 -0.4605 -0.5250
vn 0.5841 -0.4431 0.6800
vn 0.5233 -0.4348 -0.7329
vn 0.2685 -0.9629 -0.0256
vn 0.9978 -0.0414 -0.0516
vn 0.6188 0.3916 0.6810
vn 0.5577 0.3915 -0.7319
vn 0.3475 0.9374 -0.0234
vn -0.1637 0.6824 0.7124
vn -0.2170 0.6795 -0.7008
vn -0.7837 0.6208 0.0199
vn -0.6820 0.0275 0.7308
vn -0.7302 0.0311 -0.6826
vn -0.8325 -0.5537 0.0186
vn -0.2198 -0.6681 0.7108
vn -0.2726 -0.6575 -0.7024
vn 0.0391 -0.0028 0.9992
vn 0.7829 -0.6208 -0.0424
vn -0.3484 -0.9373 0.0010
vn -0.0391 0.0028 -0.9992
vn 0.8317 0.5537 -0.0410
vn -0.2694 0.9630 0.0031
vn -0.9987 0.0415 0.0291
vn -0.8548 -0.0635 0.5150
vn -0.8175 -0.0650 -0.5722
vn -0.2219 -0.8083 0.5454
vn -0.1736 -0.8228 -0.5412
vn 0.6812 -0.4358 0.5882
vn 0.7453 -0.4438 -0.4976
vn 0.6065 0.5392 0.5843
vn 0.6692 0.5482 -0.5016
vn -0.3429 0.7693 0.5390
vn -0.2967 0.7823 -0.5477
vn -0.5677 -0.4544 0.6865
vn -0.5087 -0.4620 -0.7265
vn -0.9967 -0.0766 -0.0285
vn -0.2359 -0.9717 0.0081
vn 0.2331 -0.6485 0.7246
vn 0.3045 -0.6590 -0.6877
vn 0.8496 -0.5240 0.0596
vn 0.6650 0.0540 0.7449
vn 0.7430 0.0543 -0.6671
vn 0.7597 0.6479 0.0548
vn 0.1310 0.6822 0.7193
vn 0.2008 0.6922 -0.6932
vn -0.3813 0.9244 0.0004
vn -0.6308 0.3680 0.6831
vn -0.5727 0.3732 -0.7299
vn -0.0475 0.0004 0.9989
vn -0.7614 -0.6479 -0.0207
vn -0.8513 0.5241 -0.0254
vn 0.0475 -0.0004 -0.9989
vn 0.3797 -0.9245 0.0337
vn 0.9951 0.0766 0.0626
vn 0.2343 0.9718 0.0261
vn 0.1321 0.6490 0.7492
vn 0.0334 0.6636 -0.7474
vn -0.5525 -0.2560 0.7932
vn -0.6634 -0.2574 -0.7026
vn 0.5717 -0.3976 0.7177
vn 0.4808 -0.4016 -0.7795
vn -0.5123 0.4238 0.7470
vn -0.6117 0.4305 -0.6637
vn 0.1257 0.9920 0.0113
vn -0.9183 -0.3881 0.0783
vn -0.0403 -0.6999 0.7131
vn -0.1355 -0.7032 -0.6979
vn 0.7961 -0.6040 -0.0368
vn 0.6948 0.2717 0.6659
vn 0.6061 0.2771 -0.7455
vn 0.0668 -0.0021 0.9978
vn -0.7944 0.6041 0.0633
vn 0.9202 0.3881 -0.0519
vn -0.0668 0.0021 -0.9978
vn -0.1240 -0.9922 0.0151
vn -0.6554 0.5529 0.5145
vn -0.6256 0.5303 -0.5722
vn -0.7292 -0.4484 0.5169
vn -0.6968 -0.4357 -0.5698
vn 0.2003 -0.8279 0.5239
vn 0.1999 -0.8018 -0.5631
vn 0.8485 -0.0612 0.5257
vn 0.8252 -0.0622 -0.5614
vn 0.3196 0.7922 0.5199
vn 0.3150 0.7611 -0.5670
vn -0.7207 0.0548 0.6911
vn -0.6894 0.0490 -0.7227
vn -0.7628 0.6450 -0.0460
vn -0.8491 -0.5265 -0.0431
vn -0.2759 -0.6629 0.6960
vn -0.2585 -0.6462 -0.7180
vn 0.2384 -0.9705 -0.0350
vn 0.5442 -0.4617 0.7005
vn 0.5358 -0.4513 -0.7136
vn 0.9968 -0.0735 -0.0329
vn 0.6062 0.3804 0.6984
vn 0.5959 0.3644 -0.7156
vn 0.3780 0.9250 -0.0397
vn -0.1755 0.6996 0.6926
vn -0.1613 0.6736 -0.7213
vn -0.0062 0.0029 1.0000
vn -0.9966 0.0733 -0.0383
vn -0.2380 0.9706 -0.0362
vn 0.0062 -0.0029 -1.0000
vn -0.3776 -0.9254 -0.0315
vn 0.7634 -0.6454 -0.0252
vn 0.8498 0.5264 -0.0281
vn 0.6544 0.2755 0.7042
vn 0.5484 0.2683 -0.7920
vn -0.4906 0.3906 0.7790
vn -0.5816 0.3819 -0.7182
vn -0.0174 -0.6607 0.7505
vn -0.1146 -0.6556 -0.7463
vn 0.1166 0.7076 0.6969
vn 0.0237 0.6995 -0.7142
vn 0.9086 0.4110 -0.0738
vn -0.8110 0.5838 0.0385
vn -0.5992 -0.2899 0.7462
vn -0.6874 -0.2914 -0.6652
vn -0.1003 -0.9949 -0.0043
vn 0.6208 -0.4126 0.6666
vn 0.5246 -0.4132 -0.7443
vn 0.0654 0.0024 0.9979
vn 0.0990 0.9950 -0.0155
vn 0.8097 -0.5839 -0.0583
vn -0.0654 -0.0024 -0.9979
vn -0.9100 -0.4111 0.0540
vn -0.6828 -0.0384 0.7296
vn -0.6372 -0.0392 -0.7697
vn 0.3330 -0.5482 0.7672
vn 0.3938 -0.5566 -0.7315
vn 0.2663 0.5870 0.7646
vn 0.3261 0.5955 -0.7342
vn -0.3418 -0.6296 0.6977
vn -0.2919 -0.6345 -0.7156
vn -0.9980 -0.0587 -0.0219
vn 0.5490 -0.8351 0.0354
vn 0.6765 0.0415 0.7352
vn 0.7341 0.0416 -0.6778
vn 0.4474 0.8938 0.0314
vn -0.4134 0.5884 0.6949
vn -0.3641 0.5927 -0.7185
vn -0.0369 0.0001 0.9993
vn -0.4483 -0.8939 -0.0090
vn -0.5499 0.8352 -0.0130
vn 0.0369 -0.0001 -0.9993
vn 0.9973 0.0587 0.0443
vn 0.2319 -0.8062 0.5443
vn 0.2842 -0.7907 -0.5422
vn 0.8163 -0.0038 0.5776
vn 0.8606 0.0007 -0.5093
vn 0.2346 0.8008 0.5511
vn 0.2869 0.7943 -0.5355
vn -0.7092 0.4957 0.5013
vn -0.6441 0.4934 -0.5846
vn -0.7109 -0.4975 0.4971
vn -0.6457 -0.4862 -0.5887
vn 0.5380 -0.4221 0.7296
vn 0.6036 -0.4112 -0.6830
vn 0.3078 -0.9515 -0.0032
vn 0.9993 -0.0018 0.0362
vn 0.5394 0.4142 0.7331
vn 0.6050 0.4149 -0.6795
vn 0.3109 0.9504 0.0048
vn -0.2545 0.6741 0.6934
vn -0.1793 0.6717 -0.7188
vn -0.8061 0.5893 -0.0541
vn -0.7465 -0.0016 0.6653
vn -0.6654 0.0043 -0.7465
vn -0.8081 -0.5861 -0.0590
vn -0.2567 -0.6791 0.6877
vn -0.1815 -0.6650 -0.7244
vn -0.0513 -0.0041 0.9987
vn 0.8075 -0.5892 0.0268
vn -0.3095 -0.9503 -0.0321
vn 0.0513 0.0041 -0.9987
vn 0.8095 0.5863 0.0318
vn -0.3064 0.9516 -0.0240
vn -0.9980 0.0019 -0.0635
vn -0.8362 0.1386 0.5307
vn -0.8190 0.1374 -0.5570
vn -0.3920 -0.7510 0.5313
vn -0.3820 -0.7379 -0.5564
vn 0.5914 -0.6035 0.5349
vn 0.5856 -0.5928 -0.5529
vn 0.7549 0.3773 0.5363
vn 0.7465 0.3723 -0.5514
vn -0.1273 0.8360 0.5337
vn -0.1216 0.8236 -0.5540
vn -0.6396 -0.3188 0.6995
vn -0.6256 -0.3129 -0.7146
vn -0.9862 0.1645 -0.0210
vn -0.4611 -0.8871 -0.0202
vn 0.1032 -0.7049 0.7017
vn 0.1066 -0.6936 -0.7125
vn 0.7013 -0.7127 -0.0160
vn 0.7000 -0.1178 0.7043
vn 0.6949 -0.1148 -0.7099
vn 0.8946 0.4466 -0.0142
vn 0.3261 0.6312 0.7037
vn 0.3263 0.6236 -0.7105
vn -0.1483 0.9888 -0.0173
vn -0.5019 0.5070 0.7008
vn -0.4899 0.5011 -0.7134
vn -0.0034 -0.0009 1.0000
vn -0.8945 -0.4466 -0.0178
vn -0.7012 0.7128 -0.0161
vn 0.0034 0.0009 -1.0000
vn 0.1484 -0.9888 -0.0148
vn 0.9863 -0.1645 -0.0111
vn 0.4612 0.8872 -0.0119
vn 0.0206 -0.8124 0.5827
vn 0.0860 -0.8405 -0.5349
vn 0.6359 -0.4639 0.6168
vn 0.7202 -0.4813 -0.4997
vn 0.7475 0.2352 0.6213
vn 0.8352 0.2393 -0.4951
vn 0.2714 0.7583 0.5927
vn 0.3445 0.7785 -0.5246
vn -0.4338 0.7117 0.5526
vn -0.3824 0.7304 -0.5659
vn -0.8372 0.1303 0.5312
vn -0.7982 0.1312 -0.5880
vn -0.6349 -0.5480 0.5446
vn -0.5897 -0.5680 -0.5742
vn 0.3015 -0.6044 0.7375
vn 0.3922 -0.6264 -0.6737
vn 0.0638 -0.9972 0.0391
vn 0.8175 -0.5702 0.0809
vn 0.6459 -0.1079 0.7557
vn 0.7469 -0.1151 -0.6549
vn 0.9543 0.2862 0.0863
vn 0.4732 0.4713 0.7443
vn 0.5691 0.4814 -0.6667
vn 0.3710 0.9272 0.0513
vn -0.0866 0.6971 0.7117
vn -0.0075 0.7139 -0.7002
vn -0.4930 0.8700 0.0022
vn -0.6119 0.3995 0.6826
vn -0.5485 0.4074 -0.7302
vn -0.9872 0.1578 -0.0240
vn -0.7073 -0.1975 0.6788
vn -0.6467 -0.2073 -0.7341
vn -0.7394 -0.6732 -0.0076
vn -0.3007 -0.6442 0.7032
vn -0.2280 -0.6674 -0.7089
vn -0.0569 0.0028 0.9984
vn 0.4895 -0.8699 0.0598
vn -0.3746 -0.9271 0.0107
vn 0.0569 -0.0028 -0.9984
vn 0.9838 -0.1576 0.0860
vn 0.7359 0.6735 0.0696
vn -0.0673 0.9975 0.0229
vn -0.8211 0.5704 -0.0189
vn -0.9579 -0.2861 -0.0244
vn -0.5031 0.4033 0.7644
vn -0.5526 0.3941 -0.7344
vn -0.0495 -0.6694 0.7413
vn -0.1138 -0.6437 -0.7568
vn 0.6517 0.2602 0.7124
vn 0.5647 0.2557 -0.7847
vn -0.6246 -0.2798 0.7291
vn -0.6769 -0.2715 -0.6842
vn -0.7983 0.6023 0.0040
vn -0.1242 -0.9918 -0.0304
vn 0.5997 -0.4315 0.6740
vn 0.5272 -0.4206 -0.7384
vn 0.9180 0.3897 -0.0733
vn 0.1188 0.7057 0.6985
vn 0.0543 0.6978 -0.7143
vn 0.0446 -0.0027 0.9990
vn -0.9206 -0.3898 0.0234
vn 0.1220 0.9923 -0.0195
vn -0.0446 0.0027 -0.9990
vn 0.7964 -0.6024 -0.0539
vn -0.6062 0.5118 0.6088
vn -0.6584 0.5196 -0.5446
vn -0.4897 -0.6289 0.6039
vn -0.5403 -0.6372 -0.5496
vn 0.6501 -0.5124 0.5611
vn 0.6157 -0.5190 -0.5929
vn 0.5337 0.6283 0.5661
vn 0.4976 0.6378 -0.5879
vn -0.6726 -0.0718 0.7366
vn -0.7331 -0.0719 -0.6764
vn -0.7741 0.6315 0.0443
vn -0.6305 -0.7752 0.0382
vn 0.0981 -0.7001 0.7073
vn 0.0458 -0.7068 -0.7059
vn 0.7752 -0.6315 -0.0145
vn 0.7259 0.0711 0.6841
vn 0.6803 0.0726 -0.7294
vn 0.6317 0.7752 -0.0084
vn -0.0447 0.6994 0.7134
vn -0.0986 0.7075 -0.6998
vn 0.0375 -0.0005 0.9993
vn -0.9937 -0.1016 0.0478
vn -0.1011 0.9948 0.0149
vn -0.0375 0.0005 -0.9993
vn 0.1019 -0.9948 0.0062
vn 0.9945 0.1016 -0.0267
vn -0.7452 0.3967 0.5360
vn -0.6838 0.3898 -0.6168
vn -0.4199 -0.7231 0.5485
vn -0.3649 -0.7080 -0.6046
vn 0.6989 -0.3976 0.5946
vn 0.7320 -0.3889 -0.5594
vn 0.3736 0.7222 0.5821
vn 0.4131 0.7090 -0.5716
vn -0.7122 -0.1994 0.6731
vn -0.6442 -0.1954 -0.7395
vn -0.8746 0.4815 -0.0564
vn -0.4802 -0.8762 -0.0413
vn 0.1700 -0.6846 0.7089
vn 0.2249 -0.6734 -0.7042
vn 0.8763 -0.4815 0.0146
vn 0.6547 0.1983 0.7294
vn 0.7026 0.1965 -0.6840
vn 0.4820 0.8762 -0.0005
vn -0.2274 0.6835 0.6937
vn -0.1666 0.6745 -0.7192
vn -0.0410 -0.0008 0.9992
vn -0.9587 -0.2791 -0.0543
vn -0.2783 0.9602 -0.0255
vn 0.0410 0.0008 -0.9992
vn 0.2795 -0.9601 -0.0041
vn 0.9599 0.2791 0.0247
vn 0.2865 -0.7533 0.5920
vn 0.2876 -0.7755 -0.5620
vn 0.7573 0.2834 0.5884
vn 0.7717 0.2905 -0.5657
vn -0.2794 0.7542 0.5943
vn -0.2943 0.7747 -0.5597
vn -0.7502 -0.2825 0.5978
vn -0.7784 -0.2913 -0.5560
vn 0.6413 -0.2888 0.7109
vn 0.6464 -0.2960 -0.7033
vn 0.3514 -0.9358 0.0282
vn 0.9360 0.3513 0.0238
vn 0.2936 0.6376 0.7123
vn 0.2913 0.6500 -0.7019
vn -0.3511 0.9358 0.0310
vn -0.6328 0.2898 0.7180
vn -0.6547 0.2949 -0.6960
vn -0.9356 -0.3512 0.0355
vn -0.2851 -0.6365 0.7167
vn -0.2996 -0.6510 -0.6974
vn 0.0060 0.0007 1.0000
vn 0.9104 -0.4134 0.0158
vn -0.4133 -0.9103 0.0241
vn -0.0060 -0.0007 -1.0000
vn 0.4135 0.9103 0.0178
vn -0.9102 0.4134 0.0261
vn 0.1842 0.8024 0.5676
vn 0.1305 0.8243 -0.5509
vn -0.5032 0.6205 0.6015
vn -0.5704 0.6388 -0.5163
vn -0.7899 -0.0310 0.6125
vn -0.8627 -0.0255 -0.5051
vn -0.4599 -0.6615 0.5923
vn -0.5263 -0.6683 -0.5257
vn 0.2381 -0.7962 0.5562
vn 0.1855 -0.8057 -0.5625
vn 0.7787 -0.3337 0.5313
vn 0.7367 -0.3341 -0.5879
vn 0.7547 0.3778 0.5364
vn 0.7122 0.3913 -0.5828
vn -0.1424 0.6733 0.7256
vn -0.2175 0.6938 -0.6865
vn 0.1903 0.9816 0.0166
vn -0.6475 0.7599 0.0579
vn -0.6039 0.2784 0.7468
vn -0.6878 0.2914 -0.6648
vn -0.9969 -0.0341 0.0714
vn -0.5835 -0.3290 0.7425
vn -0.6669 -0.3276 -0.6693
vn -0.5948 -0.8025 0.0468
vn -0.0964 -0.6916 0.7158
vn -0.1706 -0.6970 -0.6964
vn 0.2560 -0.9667 0.0027
vn 0.4905 -0.5363 0.6869
vn 0.4275 -0.5388 -0.7259
vn 0.9148 -0.4030 -0.0276
vn 0.7353 0.0200 0.6775
vn 0.6769 0.0281 -0.7355
vn 0.8855 0.4640 -0.0214
vn 0.4536 0.5583 0.6947
vn 0.3899 0.5766 -0.7180
vn 0.0507 -0.0054 0.9987
vn -0.2539 0.9665 0.0370
vn 0.5968 0.8023 -0.0070
vn -0.0507 0.0054 -0.9987
vn -0.9128 0.4028 0.0674
vn -0.8836 -0.4643 0.0612
vn -0.1883 -0.9818 0.0231
vn 0.6495 -0.7601 -0.0182
vn 0.9989 0.0339 -0.0316
vn -0.5811 -0.5252 0.6217
vn -0.6513 -0.5429 -0.5302
vn 0.5516 -0.6074 0.5717
vn 0.5171 -0.6278 -0.5818
vn 0.6337 0.5264 0.5668
vn 0.6018 0.5418 -0.5868
vn -0.4990 0.6087 0.6169
vn -0.5666 0.6266 -0.5351
vn -0.0189 -0.6962 0.7176
vn -0.0826 -0.7141 -0.6951
vn -0.7538 -0.6537 0.0670
vn 0.6546 -0.7560 0.0048
vn 0.7279 -0.0498 0.6838
vn 0.6818 -0.0525 -0.7296
vn 0.7567 0.6538 -0.0012
vn 0.0821 0.6978 0.7116
vn 0.0208 0.7127 -0.7012
vn -0.6517 0.7560 0.0610
vn -0.6647 0.0513 0.7454
vn -0.7436 0.0510 -0.6667
vn 0.0442 0.0010 0.9990
vn -0.0712 -0.9971 0.0275
vn -0.9951 0.0724 0.0673
vn -0.0442 -0.0011 -0.9990
vn 0.9972 -0.0723 -0.0208
vn 0.0732 0.9971 0.0190
vn 0.6862 0.4947 0.5333
vn 0.6610 0.4974 -0.5619
vn -0.0754 0.8282 0.5553
vn -0.1095 0.8348 -0.5396
vn -0.7449 0.3351 0.5769
vn -0.7868 0.3359 -0.5178
vn -0.6528 -0.4916 0.5764
vn -0.6936 -0.5003 -0.5183
vn 0.1089 -0.8252 0.5543
vn 0.0770 -0.8378 -0.5406
vn 0.7784 -0.3320 0.5328
vn 0.7542 -0.3389 -0.5624
vn 0.3032 0.6462 0.7004
vn 0.2637 0.6494 -0.7133
vn 0.8052 0.5928 -0.0133
vn -0.1104 0.9938 0.0132
vn -0.3954 0.5683 0.7216
vn -0.4425 0.5706 -0.6918
vn -0.9152 0.4010 0.0391
vn -0.6772 -0.0759 0.7319
vn -0.7274 -0.0807 -0.6814
vn -0.8045 -0.5928 0.0385
vn -0.2604 -0.6423 0.7209
vn -0.3061 -0.6532 -0.6925
vn 0.1112 -0.9937 0.0120
vn 0.4382 -0.5644 0.6996
vn 0.4001 -0.5745 -0.7141
vn 0.9160 -0.4009 -0.0139
vn 0.7200 0.0799 0.6893
vn 0.6851 0.0768 -0.7244
vn 0.0301 0.0027 0.9995
vn 0.4010 0.9161 -0.0037
vn 0.9937 0.1108 -0.0194
vn -0.0301 -0.0027 -0.9995
vn -0.5923 0.8053 0.0265
vn -0.9930 -0.1107 0.0411
vn -0.4004 -0.9160 0.0255
vn 0.5929 -0.8052 -0.0048
vn -0.7443 0.3907 0.5417
vn -0.7496 0.3747 -0.5456
vn -0.5898 -0.6007 0.5397
vn -0.6004 -0.5829 -0.5475
vn 0.4004 -0.7602 0.5117
vn 0.3561 -0.7369 -0.5746
vn 0.8579 0.1327 0.4963
vn 0.7980 0.1255 -0.5894
vn 0.1505 0.8440 0.5149
vn 0.1147 0.8126 -0.5715
vn -0.6890 -0.1088 0.7165
vn -0.7082 -0.1090 -0.6976
vn -0.8900 0.4558 -0.0135
vn -0.7091 -0.7049 -0.0158
vn -0.0940 -0.7070 0.7009
vn -0.1311 -0.6891 -0.7127
vn 0.4502 -0.8916 -0.0487
vn 0.6586 -0.3258 0.6784
vn 0.5987 -0.3194 -0.7346
vn 0.9859 0.1538 -0.0666
vn 0.5286 0.5081 0.6800
vn 0.4727 0.4892 -0.7330
vn 0.1576 0.9865 -0.0449
vn -0.3042 0.6422 0.7036
vn -0.3350 0.6193 -0.7101
vn 0.0287 0.0025 0.9996
vn -0.9881 -0.1540 -0.0020
vn -0.4523 0.8916 -0.0199
vn -0.0287 -0.0025 -0.9996
vn -0.1596 -0.9869 -0.0237
vn 0.8882 -0.4561 -0.0551
vn 0.7073 0.7049 -0.0528
vn -0.6216 0.0157 0.7832
vn -0.6993 0.0159 -0.7146
vn 0.3447 -0.5739 0.7428
vn 0.2892 -0.5873 -0.7560
vn 0.3718 0.5585 0.7415
vn 0.3168 0.5711 -0.7572
vn -0.3359 -0.6002 0.7259
vn -0.3992 -0.6073 -0.6869
vn -0.9976 0.0239 0.0646
vn 0.4796 -0.8775 0.0029
vn 0.7320 -0.0167 0.6811
vn 0.6809 -0.0171 -0.7322
vn 0.5209 0.8536 0.0010
vn -0.3069 0.6172 0.7245
vn -0.3699 0.6241 -0.6883
vn 0.0418 0.0001 0.9991
vn -0.5196 -0.8538 0.0333
vn -0.4783 0.8777 0.0314
vn -0.0418 -0.0001 -0.9991
vn 0.9993 -0.0239 -0.0304
vn -0.6488 0.5156 0.5597
vn -0.6406 0.5253 -0.5602
vn -0.8108 -0.1751 0.5585
vn -0.8069 -0.1837 -0.5614
vn -0.3720 -0.7325 0.5702
vn -0.3565 -0.7557 -0.5494
vn 0.3373 -0.7367 0.5860
vn 0.3715 -0.7601 -0.5331
vn 0.7829 -0.1847 0.5941
vn 0.8289 -0.1935 -0.5248
vn 0.6293 0.5079 0.5883
vn 0.6712 0.5174 -0.5308
vn -0.0079 0.8195 0.5730
vn 0.0172 0.8373 -0.5465
vn -0.6955 0.1619 0.7001
vn -0.6813 0.1611 -0.7141
vn -0.7782 0.6280 0.0085
vn -0.9763 -0.2165 0.0070
vn -0.5643 -0.4295 0.7051
vn -0.5468 -0.4455 -0.7090
vn -0.4397 -0.8979 0.0214
vn -0.0202 -0.6956 0.7181
vn 0.0112 -0.7184 -0.6955
vn 0.4275 -0.9031 0.0408
vn 0.5270 -0.4361 0.7295
vn 0.5725 -0.4522 -0.6839
vn 0.9723 -0.2282 0.0506
vn 0.6654 0.1537 0.7305
vn 0.7144 0.1527 -0.6829
vn 0.7845 0.6186 0.0435
vn 0.2907 0.6296 0.7205
vn 0.3301 0.6408 -0.6931
vn 0.0055 0.9997 0.0247
vn -0.3150 0.6333 0.7069
vn -0.2911 0.6445 -0.7070
vn -0.0223 0.0035 0.9997
vn -0.9736 0.2284 0.0028
vn -0.4287 0.9034 0.0126
vn 0.0223 -0.0035 -0.9997
vn -0.7857 -0.6185 0.0099
vn -0.0066 -0.9996 0.0286
vn 0.7770 -0.6279 0.0448
vn 0.9751 0.2167 0.0463
vn 0.4385 0.8981 0.0320
vn 0.8162 -0.1122 0.5667
vn 0.8250 -0.1170 -0.5529
vn 0.6010 0.5599 0.5703
vn 0.6018 0.5798 -0.5492
vn -0.0586 0.8107 0.5825
vn -0.0821 0.8399 -0.5366
vn -0.6659 0.4513 0.5941
vn -0.7117 0.4672 -0.5246
vn -0.7635 -0.2477 0.5964
vn -0.8130 -0.2575 -0.5222
vn -0.2780 -0.7599 0.5876
vn -0.3096 -0.7886 -0.5313
vn 0.4250 -0.6996 0.5744
vn 0.4193 -0.7260 -0.5450
vn 0.6748 0.2123 0.7068
vn 0.6720 0.2190 -0.7074
vn 0.9902 -0.1383 0.0205
vn 0.7257 0.6875 0.0250
vn 0.2602 0.6497 0.7143
vn 0.2426 0.6720 -0.6997
vn -0.0846 0.9956 0.0399
vn -0.3402 0.5982 0.7255
vn -0.3793 0.6187 -0.6880
vn -0.8307 0.5540 0.0542
vn -0.6743 0.0966 0.7321
vn -0.7253 0.0991 -0.6812
vn -0.9507 -0.3047 0.0569
vn -0.4905 -0.4774 0.7290
vn -0.5350 -0.4954 -0.6844
vn -0.3543 -0.9340 0.0462
vn 0.0728 -0.6916 0.7186
vn 0.0485 -0.7172 -0.6952
vn 0.5095 -0.8599 0.0300
vn 0.5914 -0.3846 0.7087
vn 0.5856 -0.3993 -0.7054
vn 0.0187 0.0006 0.9998
vn 0.9523 0.3048 0.0171
vn 0.8322 -0.5540 0.0199
vn -0.0187 -0.0006 -0.9998
vn 0.3557 0.9342 0.0279
vn -0.5082 0.8601 0.0441
vn -0.9889 0.1383 0.0535
vn -0.7245 -0.6876 0.0491
vn 0.0860 -0.9957 0.0341
vn -0.1232 -0.6300 0.7668
vn -0.2296 -0.6446 -0.7292
vn 0.6847 0.1647 0.7100
vn 0.5941 0.1656 -0.7871
vn -0.4059 0.4687 0.7846
vn -0.5178 0.4756 -0.7111
vn 0.5405 -0.5012 0.6758
vn 0.4482 -0.5082 -0.7354
vn -0.2659 -0.9632 0.0394
vn 0.9672 0.2496 -0.0473
vn 0.2368 0.6790 0.6949
vn 0.1416 0.6835 -0.7161
vn -0.6973 0.7137 0.0666
vn -0.6309 -0.1746 0.7559
vn -0.7347 -0.1784 -0.6545
vn 0.0687 0.0015 0.9976
vn 0.6994 -0.7137 -0.0372
vn -0.9653 -0.2496 0.0766
vn -0.0687 -0.0015 -0.9976
vn 0.2679 0.9634 -0.0100
vn 0.0956 -0.9828 -0.1577
vn 0.0938 0.9814 -0.1673
vn 0.0915 -0.9812 0.1697
vn 0.0897 0.9830 0.1600
vn -0.0897 -0.9830 -0.1600
vn -0.0915 0.9812 -0.1697
vn -0.0938 -0.9814 0.1673
vn -0.0956 0.9828 0.1577
vn 0.0948 -0.9955 0.0061
vn 0.5035 -0.0038 -0.8640
vn 0.0930 0.9957 -0.0037
vn 0.4816 0.0047 0.8764
vn -0.0012 -0.9856 0.1692
vn -0.0030 0.9872 0.1595
vn -0.5035 0.0038 0.8640
vn -0.0930 -0.9957 0.0037
vn -0.0948 0.9955 -0.0061
vn -0.4816 -0.0047 -0.8764
vn 0.0030 -0.9872 -0.1596
vn 0.0012 0.9856 -0.1692
vn 0.0009 -1.0000 0.0049
vn 0.9999 0.0010 0.0126
vn 0.0126 -0.0049 -0.9999
vn -0.0009 1.0000 -0.0049
vn -0.0126 0.0049 0.9999
vn -0.9999 -0.0010 -0.0126
vn 0.7587 -0.0084 0.6513
vn 0.7380 0.0077 -0.6747
vn 0.9923 0.1234 0.0108
vn -0.7448 -0.0006 0.6673
vn -0.7501 0.0034 -0.6614
vn 0.0536 0.9714 0.2311
vn 0.0300 0.9756 0.2176
vn -0.0299 -0.9756 -0.2176
vn -0.0469 0.9750 0.2172
vn -0.6485 -0.3617 0.6698
vn -0.1163 0.7200 -0.6842
vn -0.6203 0.3707 0.6912
vn 0.6649 0.0540 0.7449
vn 0.1310 0.6823 0.7193
vn -0.8513 0.5240 -0.0254
vn -0.1003 -0.9950 -0.0043
vn 0.6050 0.4150 -0.6795
vn -0.7465 -0.0016 0.6654
vn 0.8946 0.4467 -0.0142
vn 0.3263 0.6236 -0.7104
vn 0.9180 0.3898 -0.0733
vn 0.7025 0.1965 -0.6840
vn 0.4819 0.8762 -0.0005
vn 0.8855 0.4641 -0.0214
vn -0.2540 0.9665 0.0370
vn 0.0821 0.6977 0.7116
vn 0.0442 0.0011 0.9990
vn 0.6850 0.0768 -0.7244
vn -0.7781 0.6280 0.0085
vn 0.0054 0.9997 0.0247
vn -0.3150 0.6332 0.7070
vn -0.8308 0.5540 0.0542
vn -0.7253 0.0992 -0.6812
vn -0.3542 -0.9340 0.0462
vn -0.2658 -0.9632 0.0394
vn 0.0030 -0.9872 -0.1595
vt 0.426800 -0.080000
vt 0.425000 -0.066080
vt 0.426800 -0.066080
vt 0.425000 1.066080
vt 0.426800 1.080000
vt 0.426800 1.066080
vt 0.573200 -0.080000
vt 0.573200 -0.066080
vt 0.575000 -0.066080
vt 0.573200 1.080000
vt 0.575000 1.066080
vt 0.573200 1.066080
vt 0.563440 -0.080000
vt 0.436560 -0.066080
vt 0.563440 -0.066080
vt 0.436560 1.080000
vt 0.563440 1.066080
vt 0.436560 1.066080
vt 0.436560 -0.080000
vt 0.563440 1.080000
vt 0.436560 0.573200
vt 0.563440 0.426800
vt 0.436560 0.426800
vt 0.563440 0.573200
vt 0.412160 0.240000
vt 0.410000 0.246240
vt 0.412160 0.246240
vt 0.410000 0.753760
vt 0.412160 0.760000
vt 0.412160 0.753760
vt 0.587840 0.240000
vt 0.587840 0.246240
vt 0.590000 0.246240
vt 0.587840 0.760000
vt 0.590000 0.753760
vt 0.587840 0.753760
vt 0.421920 0.240000
vt 0.578080 0.246240
vt 0.578080 0.240000
vt 0.421920 0.760000
vt 0.578080 0.753760
vt 0.421920 0.753760
vt 0.421920 0.246240
vt 0.578080 0.760000
vt 0.421920 0.587840
vt 0.578080 0.412160
vt 0.421920 0.412160
vt 0.578080 0.587840
vt -0.153920 0.197440
vt -0.153920 0.190000
vt -0.170000 0.197440
vt -0.153920 0.802560
vt -0.170000 0.802560
vt -0.153920 0.810000
vt 1.153920 0.197440
vt 1.170000 0.197440
vt 1.153920 0.190000
vt 1.153920 0.802560
vt 1.153920 0.810000
vt 1.170000 0.802560
vt -0.153920 0.534160
vt -0.170000 0.465840
vt -0.153920 0.465840
vt -0.170000 0.534160
vt 1.170000 0.465840
vt 1.153920 0.534160
vt 1.170000 0.534160
vt 1.153920 0.465840
vt 0.197440 0.534160
vt 0.802560 0.465840
vt 0.197440 0.465840
vt 0.802560 0.534160
vt -0.153920 0.246240
vt -0.153920 0.240000
vt -0.170000 0.246240
vt -0.153920 0.753760
vt -0.170000 0.753760
vt -0.153920 0.760000
vt 1.153920 0.246240
vt 1.170000 0.246240
vt 1.153920 0.240000
vt 1.153920 0.753760
vt 1.153920 0.760000
vt 1.170000 0.753760
vt -0.153920 0.529280
vt -0.170000 0.470720
vt -0.153920 0.470720
vt -0.170000 0.529280
vt 1.170000 0.529280
vt 1.153920 0.470720
vt 1.153920 0.529280
vt 1.170000 0.470720
vt 0.246240 0.529280
vt 0.753760 0.470720
vt 0.246240 0.470720
vt 0.753760 0.529280
vt -0.142200 0.440720
vt -0.142200 0.440000
vt -0.150000 0.440720
vt -0.142200 0.559280
vt -0.150000 0.559280
vt -0.142200 0.560000
vt 1.142200 0.440720
vt 1.150000 0.440720
vt 1.142200 0.440000
vt 1.142200 0.559280
vt 1.142200 0.560000
vt 1.150000 0.559280
vt -0.142200 0.524700
vt -0.150000 0.475300
vt -0.142200 0.475300
vt -0.150000 0.524700
vt 1.150000 0.524700
vt 1.142200 0.475300
vt 1.142200 0.524700
vt 1.150000 0.475300
vt 0.440720 0.475300
vt 0.559280 0.524700
vt 0.559280 0.475300
vt 0.385379 0.343507
vt 0.391324 0.347505
vt 0.379434 0.347505
vt 0.385379 0.656493
vt 0.377810 0.652495
vt 0.392949 0.652495
vt 0.192690 0.343507
vt 0.198635 0.347505
vt 0.186745 0.347505
vt 0.192690 0.656493
vt 0.185120 0.652495
vt 0.200259 0.652495
vt 0.770759 0.343507
vt 0.776704 0.347505
vt 0.764814 0.347505
vt 0.770759 0.656493
vt 0.763189 0.652495
vt 0.778328 0.652495
vt 0.578069 0.343507
vt 0.584014 0.347505
vt 0.572124 0.347505
vt 0.578069 0.656493
vt 0.570499 0.652495
vt 0.585639 0.652495
vt 0.005945 0.347505
vt 0.000000 0.656493
vt 0.007570 0.652495
vt 1.000000 0.500000
vt 0.000000 0.500000
vt 0.500000 1.000000
vt 0.500000 0.000000
vt 0.319366 0.342190
vt 0.326544 0.346187
vt 0.312189 0.346187
vt 0.319366 0.657810
vt 0.313648 0.653813
vt 0.325084 0.653813
vt 0.212911 0.342190
vt 0.220088 0.346187
vt 0.205733 0.346187
vt 0.212911 0.657810
vt 0.207193 0.653813
vt 0.218629 0.653813
vt 0.106455 0.342190
vt 0.113633 0.346187
vt 0.099278 0.346187
vt 0.106455 0.657810
vt 0.100738 0.653813
vt 0.112173 0.653813
vt 0.638732 0.342190
vt 0.645910 0.346187
vt 0.631555 0.346187
vt 0.638732 0.657810
vt 0.633015 0.653813
vt 0.644450 0.653813
vt 0.532277 0.342190
vt 0.539455 0.346187
vt 0.525099 0.346187
vt 0.532277 0.657810
vt 0.526559 0.653813
vt 0.537995 0.653813
vt 0.425822 0.342190
vt 0.432999 0.346187
vt 0.418644 0.346187
vt 0.425822 0.657810
vt 0.420104 0.653813
vt 0.431540 0.653813
vt 0.007178 0.346187
vt 0.000000 0.657810
vt 0.005718 0.653813
vt 0.933013 0.750000
vt 0.500000 0.000000
vt 0.066987 0.750000
vt 0.066987 0.250000
vt 0.500000 0.000000
vt 0.933013 0.250000
vt 0.388613 0.344102
vt 0.394557 0.348100
vt 0.382670 0.348100
vt 0.388613 0.655898
vt 0.380956 0.651900
vt 0.396271 0.651900
vt 0.194307 0.344102
vt 0.200251 0.348100
vt 0.188363 0.348100
vt 0.194307 0.655898
vt 0.186650 0.651900
vt 0.201964 0.651900
vt 0.777227 0.344102
vt 0.783171 0.348100
vt 0.771283 0.348100
vt 0.777227 0.655898
vt 0.769570 0.651900
vt 0.784884 0.651900
vt 0.582920 0.344102
vt 0.588864 0.348100
vt 0.576976 0.348100
vt 0.582920 0.655898
vt 0.575263 0.651900
vt 0.590577 0.651900
vt 0.000000 0.344102
vt 0.007657 0.651900
vt 0.000000 0.655898
vt 0.005944 0.348100
vt 0.350020 0.344761
vt 0.357205 0.348760
vt 0.342835 0.348760
vt 0.350020 0.655239
vt 0.342112 0.651240
vt 0.357927 0.651240
vt 0.233347 0.344761
vt 0.240532 0.348760
vt 0.226161 0.348760
vt 0.233347 0.655239
vt 0.225439 0.651240
vt 0.241254 0.651240
vt 0.116673 0.344761
vt 0.123858 0.348760
vt 0.109488 0.348760
vt 0.116673 0.655239
vt 0.108766 0.651240
vt 0.124581 0.651240
vt 0.700040 0.344761
vt 0.707225 0.348760
vt 0.692854 0.348760
vt 0.700040 0.655239
vt 0.692132 0.651240
vt 0.707947 0.651240
vt 0.583366 0.344761
vt 0.590551 0.348760
vt 0.576181 0.348760
vt 0.583366 0.655239
vt 0.575459 0.651240
vt 0.591274 0.651240
vt 0.466693 0.344761
vt 0.473878 0.348760
vt 0.459508 0.348760
vt 0.466693 0.655239
vt 0.458786 0.651240
vt 0.474601 0.651240
vt 0.007185 0.348760
vt 0.007907 0.651240
vt 0.000000 0.655239
vt 0.500000 0.000000
vt 0.066987 0.250000
vt 0.500000 0.000000
vt 0.319117 0.347199
vt 0.326455 0.351198
vt 0.311779 0.351198
vt 0.319117 0.652802
vt 0.311119 0.648802
vt 0.327115 0.648802
vt 0.183557 0.347199
vt 0.190925 0.351198
vt 0.177108 0.351198
vt 0.182825 0.652802
vt 0.175905 0.648802
vt 0.190878 0.648802
vt 0.059338 0.347199
vt 0.065958 0.351198
vt 0.053195 0.351198
vt 0.058960 0.652802
vt 0.052376 0.648802
vt 0.066123 0.648802
vt 0.578896 0.347199
vt 0.585039 0.351198
vt 0.572276 0.351198
vt 0.579275 0.652802
vt 0.572111 0.648802
vt 0.585858 0.648802
vt 0.454677 0.347199
vt 0.461126 0.351198
vt 0.447310 0.351198
vt 0.455409 0.652802
vt 0.447356 0.648802
vt 0.462329 0.648802
vt 0.691430 0.351198
vt 0.697572 0.347199
vt 0.690611 0.648802
vt 0.975528 0.654508
vt 0.206107 0.095492
vt 0.024472 0.654508
vt 0.024472 0.654508
vt 0.206107 0.095492
vt 0.312975 0.346680
vt 0.320388 0.350680
vt 0.305561 0.350680
vt 0.312975 0.653320
vt 0.306412 0.649320
vt 0.319537 0.649320
vt 0.178838 0.346680
vt 0.186301 0.350680
vt 0.172484 0.350680
vt 0.179884 0.653320
vt 0.174126 0.649320
vt 0.186462 0.649320
vt 0.057586 0.346680
vt 0.064182 0.350680
vt 0.051553 0.350680
vt 0.058123 0.653320
vt 0.052648 0.649320
vt 0.064023 0.649320
vt 0.568363 0.346680
vt 0.574396 0.350680
vt 0.561767 0.350680
vt 0.567826 0.653320
vt 0.561926 0.649320
vt 0.573301 0.649320
vt 0.447111 0.346680
vt 0.453465 0.350680
vt 0.439648 0.350680
vt 0.446065 0.653320
vt 0.439487 0.649320
vt 0.451823 0.649320
vt 0.683535 0.346680
vt 0.677502 0.350680
vt 0.678597 0.649320
vt 0.793893 0.095492
vt 0.206107 0.095492
vt 0.024472 0.654508
vt 0.206107 0.095492
vt 0.291402 0.346013
vt 0.297232 0.350013
vt 0.285571 0.350013
vt 0.291402 0.653987
vt 0.286402 0.649987
vt 0.296401 0.649987
vt 0.076992 0.346013
vt 0.082550 0.350013
vt 0.075209 0.350013
vt 0.079150 0.653987
vt 0.077296 0.649987
vt 0.083963 0.649987
vt 0.505811 0.346013
vt 0.507595 0.350013
vt 0.500254 0.350013
vt 0.503653 0.653987
vt 0.498840 0.649987
vt 0.505508 0.649987
vt 0.659796 0.346013
vt 0.658012 0.350013
vt 0.660099 0.649987
vt 0.933013 0.250000
vt 0.066987 0.250000
vt 0.396816 0.344701
vt 0.404134 0.348698
vt 0.389498 0.348698
vt 0.396816 0.655299
vt 0.387516 0.651302
vt 0.406116 0.651302
vt 0.227861 0.344701
vt 0.235173 0.348698
vt 0.221445 0.348698
vt 0.225064 0.655299
vt 0.217312 0.651302
vt 0.234437 0.651302
vt 0.073583 0.344701
vt 0.080130 0.348698
vt 0.067500 0.348698
vt 0.072169 0.655299
vt 0.064834 0.651302
vt 0.080304 0.651302
vt 0.720049 0.344701
vt 0.726132 0.348698
vt 0.713502 0.348698
vt 0.721464 0.655299
vt 0.713328 0.651302
vt 0.728798 0.651302
vt 0.565771 0.344701
vt 0.572187 0.348698
vt 0.558459 0.348698
vt 0.568568 0.655299
vt 0.559195 0.651302
vt 0.576321 0.651302
vt 0.861132 0.348698
vt 0.867216 0.344701
vt 0.858467 0.651302
vt 0.793893 0.095492
vt 0.206107 0.095492
vt 0.024472 0.654508
vt 0.024472 0.654508
vt 0.349682 0.342863
vt 0.355247 0.346863
vt 0.344116 0.346863
vt 0.349682 0.657137
vt 0.343490 0.653137
vt 0.355873 0.653137
vt 0.095007 0.342863
vt 0.100354 0.346863
vt 0.092951 0.346863
vt 0.093251 0.657137
vt 0.091244 0.653137
vt 0.099161 0.653137
vt 0.604356 0.342863
vt 0.606412 0.346863
vt 0.599010 0.346863
vt 0.606112 0.657137
vt 0.600202 0.653137
vt 0.608119 0.653137
vt 0.792314 0.346863
vt 0.794370 0.342863
vt 0.792615 0.657137
vt 0.066987 0.250000
vt 0.066987 0.250000
vt 0.319486 0.344271
vt 0.325240 0.348271
vt 0.313733 0.348271
vt 0.319486 0.655729
vt 0.314387 0.651729
vt 0.324586 0.651729
vt 0.084982 0.344271
vt 0.090467 0.348271
vt 0.083149 0.348271
vt 0.086804 0.655729
vt 0.084918 0.651729
vt 0.091702 0.651729
vt 0.553990 0.344271
vt 0.555824 0.348271
vt 0.548506 0.348271
vt 0.552168 0.655729
vt 0.547271 0.651729
vt 0.554055 0.651729
vt 0.722122 0.348271
vt 0.723955 0.344271
vt 0.725777 0.655729
vt 0.066987 0.250000
vt 0.723891 0.651729
vt 0.395238 0.343975
vt 0.402544 0.347975
vt 0.387932 0.347975
vt 0.395238 0.656025
vt 0.387278 0.652025
vt 0.403198 0.652025
vt 0.226941 0.343975
vt 0.234258 0.347975
vt 0.220553 0.347975
vt 0.226018 0.656025
vt 0.219174 0.652025
vt 0.234015 0.652025
vt 0.073284 0.343975
vt 0.079829 0.347975
vt 0.067219 0.347975
vt 0.072810 0.656025
vt 0.066318 0.652025
vt 0.079889 0.652025
vt 0.717192 0.343975
vt 0.723257 0.347975
vt 0.710647 0.347975
vt 0.717666 0.656025
vt 0.710587 0.652025
vt 0.724158 0.652025
vt 0.563535 0.343975
vt 0.569923 0.347975
vt 0.556218 0.347975
vt 0.564458 0.656025
vt 0.556461 0.652025
vt 0.571302 0.652025
vt 0.863760 0.343975
vt 0.857695 0.347975
vt 0.856794 0.652025
vt 0.793893 0.095492
vt 0.206107 0.095492
vt 0.024472 0.654508
vt 0.793893 0.095492
vt 0.322577 0.343576
vt 0.329916 0.347575
vt 0.315237 0.347575
vt 0.322577 0.656424
vt 0.314244 0.652425
vt 0.330909 0.652425
vt 0.185533 0.343576
vt 0.192897 0.347575
vt 0.179081 0.347575
vt 0.184419 0.656424
vt 0.177265 0.652425
vt 0.192815 0.652425
vt 0.059974 0.343576
vt 0.066591 0.347575
vt 0.053831 0.347575
vt 0.059400 0.656424
vt 0.052600 0.652425
vt 0.066832 0.652425
vt 0.585180 0.343576
vt 0.591322 0.347575
vt 0.578563 0.347575
vt 0.585753 0.656424
vt 0.578322 0.652425
vt 0.592553 0.652425
vt 0.459620 0.343576
vt 0.466073 0.347575
vt 0.452256 0.347575
vt 0.460734 0.656424
vt 0.452339 0.652425
vt 0.467889 0.652425
vt 0.705127 0.343576
vt 0.698985 0.347575
vt 0.697754 0.652425
vt 0.206107 0.095492
vt 0.024472 0.654508
vt 0.024472 0.654508
vt 0.281384 0.342700
vt 0.289176 0.346699
vt 0.273592 0.346699
vt 0.281384 0.657300
vt 0.275106 0.653301
vt 0.287662 0.653301
vt 0.197681 0.342700
vt 0.205581 0.346699
vt 0.190272 0.346699
vt 0.198368 0.657300
vt 0.192320 0.653301
vt 0.204698 0.653301
vt 0.116628 0.342700
vt 0.124287 0.346699
vt 0.109534 0.346699
vt 0.117426 0.657300
vt 0.111584 0.653301
vt 0.123598 0.653301
vt 0.038485 0.342700
vt 0.045784 0.346699
vt 0.031423 0.346699
vt 0.038821 0.657300
vt 0.033017 0.653301
vt 0.044767 0.653301
vt 0.524283 0.342700
vt 0.531345 0.346699
vt 0.516984 0.346699
vt 0.523946 0.657300
vt 0.518001 0.653301
vt 0.529751 0.653301
vt 0.446140 0.342700
vt 0.453233 0.346699
vt 0.438481 0.346699
vt 0.445342 0.657300
vt 0.439170 0.653301
vt 0.451184 0.653301
vt 0.365087 0.342700
vt 0.372495 0.346699
vt 0.357187 0.346699
vt 0.364400 0.657300
vt 0.358069 0.653301
vt 0.370448 0.653301
vt 0.594191 0.346699
vt 0.601253 0.342700
vt 0.595784 0.653301
vt 0.109084 0.811745
vt 0.890916 0.811745
vt 0.716942 0.049516
vt 0.716942 0.049516
vt 0.987464 0.388740
vt 0.500000 1.000000
vt 0.385353 0.346656
vt 0.390906 0.350655
vt 0.379800 0.350655
vt 0.385353 0.653344
vt 0.378189 0.649345
vt 0.392517 0.649345
vt 0.104776 0.346656
vt 0.110056 0.350655
vt 0.102694 0.350655
vt 0.100087 0.653344
vt 0.098174 0.649345
vt 0.106767 0.649345
vt 0.665931 0.346656
vt 0.668012 0.350655
vt 0.660650 0.350655
vt 0.670619 0.653344
vt 0.663939 0.649345
vt 0.672533 0.649345
vt 0.873401 0.350655
vt 0.875482 0.346656
vt 0.868880 0.649345
vt 0.066987 0.250000
vt 0.339753 0.344329
vt 0.345710 0.348329
vt 0.333797 0.348329
vt 0.339753 0.655671
vt 0.334279 0.651671
vt 0.345227 0.651671
vt 0.169877 0.344329
vt 0.175833 0.348329
vt 0.163920 0.348329
vt 0.169877 0.655671
vt 0.164402 0.651671
vt 0.175351 0.651671
vt 0.679506 0.344329
vt 0.685463 0.348329
vt 0.673550 0.348329
vt 0.679506 0.655671
vt 0.674032 0.651671
vt 0.684981 0.651671
vt 0.509630 0.344329
vt 0.515586 0.348329
vt 0.503673 0.348329
vt 0.509630 0.655671
vt 0.504156 0.651671
vt 0.515104 0.651671
vt 0.005956 0.348329
vt 0.000000 0.655671
vt 0.005474 0.651671
vt 0.332132 0.346300
vt 0.338113 0.350300
vt 0.326151 0.350300
vt 0.332132 0.653700
vt 0.325294 0.649700
vt 0.338970 0.649700
vt 0.166066 0.346300
vt 0.172047 0.350300
vt 0.160085 0.350300
vt 0.166066 0.653700
vt 0.159228 0.649700
vt 0.172904 0.649700
vt 0.664264 0.346300
vt 0.670245 0.350300
vt 0.658283 0.350300
vt 0.664264 0.653700
vt 0.657426 0.649700
vt 0.671102 0.649700
vt 0.498198 0.346300
vt 0.504179 0.350300
vt 0.492217 0.350300
vt 0.498198 0.653700
vt 0.491360 0.649700
vt 0.505036 0.649700
vt 0.005981 0.350300
vt 0.006838 0.649700
vt 0.000000 0.653700
vt 0.324370 0.346795
vt 0.330335 0.350795
vt 0.318405 0.350795
vt 0.324370 0.653205
vt 0.319317 0.649205
vt 0.329424 0.649205
vt 0.162185 0.346795
vt 0.168150 0.350795
vt 0.156220 0.350795
vt 0.162185 0.653205
vt 0.157132 0.649205
vt 0.167238 0.649205
vt 0.648741 0.346795
vt 0.654706 0.350795
vt 0.642776 0.350795
vt 0.648741 0.653205
vt 0.643687 0.649205
vt 0.653794 0.649205
vt 0.486555 0.346795
vt 0.492520 0.350795
vt 0.480590 0.350795
vt 0.486555 0.653205
vt 0.481502 0.649205
vt 0.491609 0.649205
vt 0.000000 0.346795
vt 0.005053 0.649205
vt 0.000000 0.653205
vt 0.005965 0.350795
vt 0.287026 0.344784
vt 0.294789 0.348783
vt 0.279264 0.348783
vt 0.287026 0.655216
vt 0.280271 0.651217
vt 0.293782 0.651217
vt 0.201976 0.344784
vt 0.209832 0.348783
vt 0.194554 0.348783
vt 0.202400 0.655216
vt 0.195889 0.651217
vt 0.209215 0.651217
vt 0.119350 0.344784
vt 0.126989 0.348783
vt 0.112214 0.348783
vt 0.119844 0.655216
vt 0.113552 0.651217
vt 0.126493 0.651217
vt 0.039418 0.344784
vt 0.046732 0.348783
vt 0.032316 0.348783
vt 0.039627 0.655216
vt 0.033371 0.651217
vt 0.046035 0.651217
vt 0.534635 0.344784
vt 0.541737 0.348783
vt 0.527320 0.348783
vt 0.534426 0.655216
vt 0.528018 0.651217
vt 0.540682 0.651217
vt 0.454703 0.344784
vt 0.461839 0.348783
vt 0.447063 0.348783
vt 0.454209 0.655216
vt 0.447559 0.651217
vt 0.460501 0.651217
vt 0.372077 0.344784
vt 0.379499 0.348783
vt 0.364220 0.348783
vt 0.371653 0.655216
vt 0.364838 0.651217
vt 0.378163 0.651217
vt 0.606368 0.348783
vt 0.613470 0.344784
vt 0.607423 0.651217
vt 0.109084 0.811745
vt 0.716942 0.049516
vt 0.987464 0.388740
vt 0.299596 0.343700
vt 0.305585 0.347699
vt 0.293606 0.347699
vt 0.299596 0.656300
vt 0.294696 0.652301
vt 0.304496 0.652301
vt 0.149798 0.343700
vt 0.155788 0.347699
vt 0.143808 0.347699
vt 0.149798 0.656300
vt 0.144898 0.652301
vt 0.154698 0.652301
vt 0.599191 0.343700
vt 0.605181 0.347699
vt 0.593201 0.347699
vt 0.599191 0.656300
vt 0.594291 0.652301
vt 0.604091 0.652301
vt 0.449393 0.343700
vt 0.455383 0.347699
vt 0.443404 0.347699
vt 0.449393 0.656300
vt 0.444493 0.652301
vt 0.454293 0.652301
vt 0.005990 0.347699
vt 0.004900 0.652301
vt 0.000000 0.656300
vt 0.349786 0.342782
vt 0.356956 0.346781
vt 0.342617 0.346781
vt 0.349786 0.657218
vt 0.343095 0.653219
vt 0.356477 0.653219
vt 0.233191 0.342782
vt 0.240361 0.346781
vt 0.226021 0.346781
vt 0.233191 0.657218
vt 0.226500 0.653219
vt 0.239882 0.653219
vt 0.116595 0.342782
vt 0.123765 0.346781
vt 0.109426 0.346781
vt 0.116595 0.657218
vt 0.109905 0.653219
vt 0.123286 0.653219
vt 0.699573 0.342782
vt 0.706743 0.346781
vt 0.692403 0.346781
vt 0.699573 0.657218
vt 0.692882 0.653219
vt 0.706264 0.653219
vt 0.582977 0.342782
vt 0.590147 0.346781
vt 0.575808 0.346781
vt 0.582977 0.657218
vt 0.576286 0.653219
vt 0.589668 0.653219
vt 0.466382 0.342782
vt 0.473552 0.346781
vt 0.459212 0.346781
vt 0.466382 0.657218
vt 0.459691 0.653219
vt 0.473073 0.653219
vt 0.000000 0.342782
vt 0.000000 0.657218
vt 0.006691 0.653219
vt 0.500000 0.000000
vt 0.066987 0.250000
vt 0.066987 0.750000
vt 0.007170 0.346781
vt 0.344436 0.343295
vt 0.351777 0.347293
vt 0.337095 0.347293
vt 0.344436 0.656705
vt 0.334784 0.652707
vt 0.354087 0.652707
vt 0.198007 0.343295
vt 0.205353 0.347293
vt 0.191550 0.347293
vt 0.195220 0.656705
vt 0.187193 0.652707
vt 0.204968 0.652707
vt 0.063986 0.343295
vt 0.070583 0.347293
vt 0.057852 0.347293
vt 0.062575 0.656705
vt 0.054971 0.652707
vt 0.071029 0.652707
vt 0.624885 0.343295
vt 0.631020 0.347293
vt 0.618289 0.347293
vt 0.626296 0.656705
vt 0.617842 0.652707
vt 0.633901 0.652707
vt 0.490865 0.343295
vt 0.497322 0.347293
vt 0.483519 0.347293
vt 0.493651 0.656705
vt 0.483903 0.652707
vt 0.501679 0.652707
vt 0.746723 0.347293
vt 0.752858 0.343295
vt 0.751447 0.656705
vt 0.793893 0.095492
vt 0.024472 0.654508
vt 0.206107 0.095492
vt 0.743842 0.652707
vt 0.357923 0.346427
vt 0.363709 0.350427
vt 0.352136 0.350427
vt 0.357923 0.653573
vt 0.352992 0.649573
vt 0.362854 0.649573
vt 0.094646 0.346427
vt 0.100101 0.350427
vt 0.092893 0.350427
vt 0.097319 0.653573
vt 0.095486 0.649573
vt 0.102014 0.649573
vt 0.621199 0.346427
vt 0.622952 0.350427
vt 0.615744 0.350427
vt 0.618527 0.653573
vt 0.613831 0.649573
vt 0.620359 0.649573
vt 0.810491 0.346427
vt 0.808738 0.350427
vt 0.811331 0.649573
vt 0.273841 0.347198
vt 0.281626 0.351197
vt 0.266057 0.351197
vt 0.273841 0.652802
vt 0.267390 0.648803
vt 0.280293 0.648803
vt 0.192542 0.347198
vt 0.200429 0.351197
vt 0.185120 0.351197
vt 0.193104 0.652802
vt 0.186886 0.648803
vt 0.199611 0.648803
vt 0.113687 0.347198
vt 0.121346 0.351197
vt 0.106565 0.351197
vt 0.114342 0.652802
vt 0.108330 0.648803
vt 0.120690 0.648803
vt 0.037531 0.347198
vt 0.044848 0.351197
vt 0.030441 0.351197
vt 0.037808 0.652802
vt 0.031832 0.648803
vt 0.043927 0.648803
vt 0.510151 0.347198
vt 0.517242 0.351197
vt 0.502835 0.351197
vt 0.509874 0.652802
vt 0.503756 0.648803
vt 0.515850 0.648803
vt 0.433995 0.347198
vt 0.441117 0.351197
vt 0.426336 0.351197
vt 0.433341 0.652802
vt 0.426992 0.648803
vt 0.439352 0.648803
vt 0.355140 0.347198
vt 0.362562 0.351197
vt 0.347253 0.351197
vt 0.354578 0.652802
vt 0.348071 0.648803
vt 0.360797 0.648803
vt 0.578123 0.351197
vt 0.585213 0.347198
vt 0.579514 0.648803
vt 0.012536 0.388739
vt 0.109084 0.811745
vt 0.890916 0.811745
vt 0.012536 0.388739
vt 0.306695 0.341958
vt 0.314484 0.345955
vt 0.298906 0.345955
vt 0.306695 0.658042
vt 0.300540 0.654045
vt 0.312851 0.654045
vt 0.215254 0.341958
vt 0.223155 0.345955
vt 0.207871 0.345955
vt 0.216102 0.658042
vt 0.210180 0.654045
vt 0.222308 0.654045
vt 0.126879 0.341958
vt 0.134523 0.345955
vt 0.119829 0.345955
vt 0.127861 0.658042
vt 0.122148 0.654045
vt 0.133903 0.654045
vt 0.041846 0.341958
vt 0.049111 0.345955
vt 0.034829 0.345955
vt 0.042259 0.658042
vt 0.036586 0.654045
vt 0.048073 0.654045
vt 0.571545 0.341958
vt 0.578561 0.345955
vt 0.564279 0.345955
vt 0.571131 0.658042
vt 0.565318 0.654045
vt 0.576805 0.654045
vt 0.486512 0.341958
vt 0.493562 0.345955
vt 0.478868 0.345955
vt 0.485530 0.658042
vt 0.479487 0.654045
vt 0.491242 0.654045
vt 0.398137 0.341958
vt 0.405519 0.345955
vt 0.390236 0.345955
vt 0.397288 0.658042
vt 0.391083 0.654045
vt 0.403211 0.654045
vt 0.648220 0.345955
vt 0.655237 0.341958
vt 0.655650 0.658042
vt 0.716942 0.049516
vt 0.012536 0.388740
vt 0.012536 0.388740
vt 0.716942 0.049516
vt 0.649977 0.654045
vt 0.305631 0.345755
vt 0.311462 0.349754
vt 0.299801 0.349754
vt 0.305631 0.654245
vt 0.300675 0.650246
vt 0.310588 0.650246
vt 0.080668 0.345755
vt 0.086203 0.349754
vt 0.078904 0.349754
vt 0.083041 0.654245
vt 0.081200 0.650246
vt 0.087797 0.650246
vt 0.530595 0.345755
vt 0.532359 0.349754
vt 0.525059 0.349754
vt 0.528222 0.654245
vt 0.523466 0.650246
vt 0.530062 0.650246
vt 0.690166 0.349754
vt 0.691930 0.345755
vt 0.692462 0.650246
vt -0.017280 0.207200
vt -0.017280 0.200000
vt -0.030000 0.207200
vt -0.017280 0.792800
vt -0.030000 0.792800
vt -0.017280 0.800000
vt 1.017280 0.207200
vt 1.030000 0.207200
vt 1.017280 0.200000
vt 1.017280 0.792800
vt 1.017280 0.800000
vt 1.030000 0.792800
vt -0.017280 0.451200
vt -0.030000 0.548800
vt -0.030000 0.451200
vt -0.017280 0.548800
vt 1.030000 0.451200
vt 1.017280 0.548800
vt 1.030000 0.548800
vt 0.207200 0.548800
vt 0.792800 0.451200
vt 0.207200 0.451200
vt 1.017280 0.451200
vt 0.792800 0.548800
vt 0.440720 0.524700
vt 0.000000 0.343507
vt 0.000000 0.342190
vt 0.066987 0.750000
vt 0.000000 0.344761
vt 0.697194 0.652802
vt 0.793893 0.095492
vt 0.684072 0.653320
vt 0.024472 0.654508
vt 0.661954 0.653987
vt 0.865801 0.655299
vt 0.790608 0.653137
vt 0.863286 0.656025
vt 0.024472 0.654508
vt 0.704554 0.656424
vt 0.793893 0.095492
vt 0.601589 0.657300
vt 0.987464 0.388739
vt 0.283058 0.049516
vt 0.012536 0.388740
vt 0.109084 0.811745
vt 0.012536 0.388740
vt 0.283058 0.049516
vt 0.870794 0.653344
vt 0.000000 0.344329
vt 0.000000 0.346300
vt 0.613680 0.655216
vt 0.283058 0.049516
vt 0.012536 0.388739
vt 0.109084 0.811745
vt 0.012536 0.388740
vt 0.000000 0.343700
vt 0.933013 0.750000
vt 0.933013 0.250000
vt 0.793893 0.095492
vt 0.813164 0.653573
vt 0.585490 0.652802
vt 0.987464 0.388739
vt 0.716942 0.049516
vt 0.283058 0.049516
vt 0.283058 0.049516
vt 0.283058 0.049516
vt 0.694303 0.654245
s 0
usemtl wood
f 1/1/1 2/2/1 3/3/1
f 4/4/2 5/5/2 6/6/2
f 7/7/3 8/8/3 9/9/3
f 10/10/4 11/11/4 12/12/4
f 13/1/5 14/3/5 15/2/5
f 16/5/6 17/4/6 18/6/6
f 19/7/7 20/9/7 21/8/7
f 22/10/8 23/12/8 24/11/8
f 1/1/9 8/8/9 7/7/9
f 4/4/10 3/3/10 2/2/10
f 10/10/11 6/6/11 5/5/11
f 9/9/12 12/12/12 11/11/12
f 19/13/13 9/14/13 20/15/13
f 10/16/14 24/17/14 11/18/14
f 23/12/15 20/9/15 24/11/15
f 19/7/16 14/3/16 13/1/16
f 22/10/17 18/6/17 23/12/17
f 15/2/18 18/6/18 17/4/18
f 1/19/19 15/15/19 2/14/19
f 16/20/20 4/18/20 17/17/20
f 7/21/21 13/22/21 1/23/21
f 6/6/22 8/8/22 3/3/22
f 17/17/23 2/14/23 15/15/23
f 22/24/24 5/23/24 16/22/24
f 9/14/25 24/17/25 20/15/25
f 23/12/26 14/3/26 21/8/26
f 25/25/27 26/26/27 27/27/27
f 28/28/28 29/29/28 30/30/28
f 31/31/29 32/32/29 33/33/29
f 34/34/30 35/35/30 36/36/30
f 37/25/31 38/27/31 39/26/31
f 40/29/32 41/28/32 42/30/32
f 43/31/33 44/33/33 45/32/33
f 46/34/34 47/36/34 48/35/34
f 25/25/35 32/32/35 31/31/35
f 26/26/36 30/30/36 27/27/36
f 34/34/37 30/30/37 29/29/37
f 33/33/38 36/36/38 35/35/38
f 31/37/39 44/38/39 43/39/39
f 34/40/40 48/41/40 35/42/40
f 45/32/41 48/35/41 47/36/41
f 43/31/42 38/27/42 37/25/42
f 40/29/43 47/36/43 46/34/43
f 39/26/44 42/30/44 41/28/44
f 37/39/45 26/43/45 25/37/45
f 29/40/46 41/41/46 40/44/46
f 31/45/47 37/46/47 25/47/47
f 30/30/48 32/32/48 27/27/48
f 39/38/49 28/42/49 26/43/49
f 34/45/50 40/46/50 46/48/50
f 35/42/51 44/38/51 33/43/51
f 45/32/52 42/30/52 38/27/52
f 49/1/53 50/2/53 51/3/53
f 52/4/54 53/5/54 54/6/54
f 55/7/55 56/8/55 57/9/55
f 58/10/56 59/11/56 60/12/56
f 61/1/57 62/3/57 63/2/57
f 64/5/58 65/4/58 66/6/58
f 67/7/59 68/9/59 69/8/59
f 70/10/60 71/12/60 72/11/60
f 49/1/61 56/8/61 55/7/61
f 52/4/62 51/3/62 50/2/62
f 53/5/63 60/12/63 54/6/63
f 57/9/64 60/12/64 59/11/64
f 55/19/65 68/15/65 67/13/65
f 70/20/66 59/18/66 58/16/66
f 69/8/67 72/11/67 71/12/67
f 67/7/68 62/3/68 61/1/68
f 64/5/69 71/12/69 70/10/69
f 63/2/70 66/6/70 65/4/70
f 49/19/71 63/15/71 50/14/71
f 53/16/72 65/17/72 64/20/72
f 67/24/73 49/23/73 55/21/73
f 54/6/74 56/8/74 51/3/74
f 63/15/75 52/18/75 50/14/75
f 70/24/76 53/23/76 64/22/76
f 57/14/77 72/17/77 68/15/77
f 71/12/78 62/3/78 69/8/78
f 73/25/79 74/26/79 75/27/79
f 76/28/80 77/29/80 78/30/80
f 79/31/81 80/32/81 81/33/81
f 82/34/82 83/35/82 84/36/82
f 85/25/83 86/27/83 87/26/83
f 88/29/84 89/28/84 90/30/84
f 91/31/85 92/33/85 93/32/85
f 94/34/86 95/36/86 96/35/86
f 73/25/87 80/32/87 79/31/87
f 76/28/88 75/27/88 74/26/88
f 82/34/89 78/30/89 77/29/89
f 83/35/90 80/32/90 84/36/90
f 79/37/91 92/38/91 91/39/91
f 82/40/92 96/41/92 83/42/92
f 93/32/93 96/35/93 95/36/93
f 91/31/94 86/27/94 85/25/94
f 88/29/95 95/36/95 94/34/95
f 87/26/96 90/30/96 89/28/96
f 73/37/97 87/38/97 74/43/97
f 77/40/98 89/41/98 88/44/98
f 79/45/99 85/46/99 73/47/99
f 78/30/100 80/32/100 75/27/100
f 87/38/101 76/42/101 74/43/101
f 82/45/102 88/46/102 94/48/102
f 83/42/103 92/38/103 81/43/103
f 95/36/104 86/27/104 93/32/104
f 97/49/105 98/50/105 99/51/105
f 100/50/106 101/49/106 102/51/106
f 103/52/107 104/53/107 105/54/107
f 106/52/108 107/54/108 108/53/108
f 109/55/109 110/56/109 111/57/109
f 112/55/110 113/57/110 114/56/110
f 115/58/111 116/59/111 117/60/111
f 118/58/112 119/60/112 120/59/112
f 97/49/113 104/53/113 103/52/113
f 100/61/114 99/62/114 98/63/114
f 101/49/115 108/53/115 102/51/115
f 105/63/116 108/64/116 107/61/116
f 103/52/117 116/59/117 115/58/117
f 118/58/118 107/54/118 106/52/118
f 117/65/119 120/66/119 119/67/119
f 109/55/120 117/60/120 110/56/120
f 118/58/121 114/56/121 119/60/121
f 111/68/122 114/67/122 113/66/122
f 109/55/123 98/50/123 97/49/123
f 101/49/124 113/57/124 112/55/124
f 103/52/125 109/55/125 97/49/125
f 102/69/126 104/70/126 99/71/126
f 113/66/127 98/63/127 111/68/127
f 106/52/128 112/55/128 118/58/128
f 107/61/129 116/68/129 105/63/129
f 119/72/130 110/71/130 117/70/130
f 121/73/131 122/74/131 123/75/131
f 124/74/132 125/73/132 126/75/132
f 127/76/133 128/77/133 129/78/133
f 130/76/134 131/78/134 132/77/134
f 133/79/135 134/80/135 135/81/135
f 136/79/136 137/81/136 138/80/136
f 139/82/137 140/83/137 141/84/137
f 142/82/138 143/84/138 144/83/138
f 121/73/139 128/77/139 127/76/139
f 124/85/140 123/86/140 122/87/140
f 125/73/141 132/77/141 126/75/141
f 129/87/142 132/88/142 131/85/142
f 127/76/143 140/83/143 139/82/143
f 142/82/144 131/78/144 130/76/144
f 143/89/145 140/90/145 144/91/145
f 133/79/146 141/84/146 134/80/146
f 136/79/147 143/84/147 142/82/147
f 137/91/148 134/92/148 138/89/148
f 121/73/149 135/81/149 122/74/149
f 136/79/150 124/74/150 137/81/150
f 139/82/151 121/73/151 127/76/151
f 126/93/152 128/94/152 123/95/152
f 135/90/153 124/85/153 122/87/153
f 130/76/154 136/79/154 142/82/154
f 131/85/155 140/90/155 129/87/155
f 143/96/156 134/95/156 141/94/156
f 145/97/157 146/98/157 147/99/157
f 148/98/158 149/97/158 150/99/158
f 151/100/159 152/101/159 153/102/159
f 154/100/160 155/102/160 156/101/160
f 157/103/161 158/104/161 159/105/161
f 160/103/162 161/105/162 162/104/162
f 163/106/163 164/107/163 165/108/163
f 166/106/164 167/108/164 168/107/164
f 145/97/165 152/101/165 151/100/165
f 148/109/166 147/110/166 146/111/166
f 149/97/167 156/101/167 150/99/167
f 153/111/168 156/112/168 155/109/168
f 151/100/169 164/107/169 163/106/169
f 166/106/170 155/102/170 154/100/170
f 167/113/171 164/114/171 168/115/171
f 163/106/172 158/104/172 157/103/172
f 160/103/173 167/108/173 166/106/173
f 161/115/174 158/116/174 162/113/174
f 145/97/175 159/105/175 146/98/175
f 149/97/176 161/105/176 160/103/176
f 163/106/177 145/97/177 151/100/177
f 147/117/178 156/118/178 152/119/178
f 161/115/179 146/111/179 159/114/179
f 154/100/180 160/103/180 166/106/180
f 155/109/181 164/114/181 153/111/181
f 167/118/182 158/117/182 165/119/182
f 169/120/183 170/121/183 171/122/183
f 172/123/184 173/124/184 174/125/184
f 175/126/185 176/127/185 177/128/185
f 178/129/186 179/130/186 180/131/186
f 181/132/187 182/133/187 183/134/187
f 184/135/188 185/136/188 186/137/188
f 187/138/189 188/139/189 189/140/189
f 190/141/190 191/142/190 192/143/190
f 176/127/191 169/120/191 171/122/191
f 173/124/192 178/129/192 180/131/192
f 174/125/193 171/122/193 170/121/193
f 177/128/194 180/131/194 179/130/194
f 182/144/195 175/126/195 177/128/195
f 179/130/196 184/145/196 186/146/196
f 183/134/197 186/137/197 185/136/197
f 183/134/198 187/138/198 181/132/198
f 192/143/199 184/135/199 190/141/199
f 191/142/200 188/139/200 192/143/200
f 170/121/201 187/138/201 189/140/201
f 191/142/202 172/123/202 174/125/202
f 173/124/204 176/127/204 171/122/204
f 189/140/205 174/125/205 170/121/205
f 179/130/207 182/144/207 177/128/207
f 185/136/208 188/139/208 183/134/208
f 193/151/209 194/152/209 195/153/209
f 196/154/210 197/155/210 198/156/210
f 199/157/211 200/158/211 201/159/211
f 202/160/212 203/161/212 204/162/212
f 205/163/213 206/164/213 207/165/213
f 208/166/214 209/167/214 210/168/214
f 211/169/215 212/170/215 213/171/215
f 214/172/216 215/173/216 216/174/216
f 217/175/217 218/176/217 219/177/217
f 220/178/218 221/179/218 222/180/218
f 223/181/219 224/182/219 225/183/219
f 226/184/220 227/185/220 228/186/220
f 200/158/221 193/151/221 195/153/221
f 204/162/222 196/154/222 202/160/222
f 194/152/223 197/155/223 195/153/223
f 203/161/224 200/158/224 204/162/224
f 206/164/225 199/157/225 201/159/225
f 203/161/226 208/166/226 210/168/226
f 209/167/227 206/164/227 210/168/227
f 212/187/228 205/163/228 207/165/228
f 209/167/229 214/188/229 216/189/229
f 213/171/230 216/174/230 215/173/230
f 218/176/231 211/169/231 213/171/231
f 222/180/232 214/172/232 220/178/232
f 219/177/233 222/180/233 221/179/233
f 219/177/234 223/181/234 217/175/234
f 221/179/235 226/184/235 228/186/235
f 225/183/236 228/186/236 227/185/236
f 194/152/237 223/181/237 225/183/237
f 227/185/238 196/154/238 198/156/238
f 197/155/240 200/158/240 195/153/240
f 227/185/241 194/152/241 225/183/241
f 203/161/243 206/164/243 201/159/243
f 209/167/244 212/187/244 207/165/244
f 215/173/245 218/176/245 213/171/245
f 221/179/246 224/182/246 219/177/246
f 229/196/247 230/197/247 231/198/247
f 232/199/248 233/200/248 234/201/248
f 235/202/249 236/203/249 237/204/249
f 238/205/250 239/206/250 240/207/250
f 241/208/251 242/209/251 243/210/251
f 244/211/252 245/212/252 246/213/252
f 247/214/253 248/215/253 249/216/253
f 250/217/254 251/218/254 252/219/254
f 236/203/255 229/196/255 231/198/255
f 240/207/256 232/199/256 238/205/256
f 234/201/257 231/198/257 230/197/257
f 239/206/258 236/203/258 240/207/258
f 237/204/259 241/220/259 235/202/259
f 246/221/260 238/205/260 244/222/260
f 243/210/261 246/213/261 245/212/261
f 248/215/262 241/208/262 243/210/262
f 252/219/263 244/211/263 250/217/263
f 249/216/264 252/219/264 251/218/264
f 230/197/265 247/214/265 249/216/265
f 251/218/266 232/199/266 234/201/266
f 233/200/268 236/203/268 231/198/268
f 251/218/269 230/197/269 249/216/269
f 237/204/271 246/221/271 242/223/271
f 243/210/272 252/219/272 248/215/272
f 253/224/273 254/225/273 255/226/273
f 256/227/274 257/228/274 258/229/274
f 259/230/275 260/231/275 261/232/275
f 262/233/276 263/234/276 264/235/276
f 265/236/277 266/237/277 267/238/277
f 268/239/278 269/240/278 270/241/278
f 271/242/279 272/243/279 273/244/279
f 274/245/280 275/246/280 276/247/280
f 277/248/281 278/249/281 279/250/281
f 280/251/282 281/252/282 282/253/282
f 283/254/283 284/255/283 285/256/283
f 286/257/284 287/258/284 288/259/284
f 260/231/285 253/224/285 255/226/285
f 257/228/286 262/233/286 264/235/286
f 258/229/287 255/226/287 254/225/287
f 263/234/288 260/231/288 264/235/288
f 266/237/289 259/230/289 261/232/289
f 270/241/290 262/233/290 268/239/290
f 269/240/291 266/237/291 270/241/291
f 272/260/292 265/236/292 267/238/292
f 276/261/293 268/239/293 274/262/293
f 275/246/294 272/243/294 276/247/294
f 273/244/295 277/248/295 271/242/295
f 275/246/296 280/251/296 282/253/296
f 281/252/297 278/249/297 282/253/297
f 284/255/298 277/248/298 279/250/298
f 281/252/299 286/257/299 288/259/299
f 285/256/300 288/259/300 287/258/300
f 285/256/301 253/224/301 283/254/301
f 287/258/302 256/227/302 258/229/302
f 255/226/304 264/235/304 260/231/304
f 287/258/305 254/225/305 285/256/305
f 263/234/307 266/237/307 261/232/307
f 269/240/308 272/260/308 267/238/308
f 275/246/309 278/249/309 273/244/309
f 279/250/310 288/259/310 284/255/310
f 289/266/311 290/267/311 291/268/311
f 292/269/312 293/270/312 294/271/312
f 295/272/313 296/273/313 297/274/313
f 298/275/314 299/276/314 300/277/314
f 301/278/315 302/279/315 303/280/315
f 304/281/316 305/282/316 306/283/316
f 307/284/317 308/285/317 309/286/317
f 310/287/318 311/288/318 312/289/318
f 313/290/319 314/291/319 315/292/319
f 316/293/320 317/294/320 318/295/320
f 291/268/321 295/272/321 289/266/321
f 293/270/322 298/275/322 300/277/322
f 294/271/323 291/268/323 290/267/323
f 297/274/324 300/277/324 299/276/324
f 302/279/325 295/272/325 297/274/325
f 299/276/326 304/281/326 306/283/326
f 305/282/327 302/279/327 306/283/327
f 303/296/328 307/284/328 301/297/328
f 305/298/329 310/287/329 312/289/329
f 309/286/330 312/289/330 311/288/330
f 314/291/331 307/284/331 309/286/331
f 311/288/332 316/293/332 318/295/332
f 315/292/333 318/295/333 317/294/333
f 290/267/334 313/290/334 315/292/334
f 294/271/335 316/293/335 292/269/335
f 293/270/337 296/273/337 291/268/337
f 317/294/338 290/267/338 315/292/338
f 299/276/340 302/279/340 297/274/340
f 303/296/341 312/289/341 308/285/341
f 311/288/342 314/291/342 309/286/342
f 319/304/343 320/305/343 321/306/343
f 322/307/344 323/308/344 324/309/344
f 325/310/345 326/311/345 327/312/345
f 328/313/346 329/314/346 330/315/346
f 331/316/347 332/317/347 333/318/347
f 334/319/348 335/320/348 336/321/348
f 337/322/349 338/323/349 339/324/349
f 340/325/350 341/326/350 342/327/350
f 343/328/351 344/329/351 345/330/351
f 346/331/352 347/332/352 348/333/352
f 321/306/353 325/310/353 319/304/353
f 323/308/354 328/313/354 330/315/354
f 324/309/355 321/306/355 320/305/355
f 327/312/356 330/315/356 329/314/356
f 327/312/357 331/316/357 325/310/357
f 329/314/358 334/319/358 336/321/358
f 335/320/359 332/317/359 336/321/359
f 338/323/360 331/334/360 333/335/360
f 335/336/361 340/325/361 342/327/361
f 339/324/362 342/327/362 341/326/362
f 344/329/363 337/322/363 339/324/363
f 348/333/364 340/325/364 346/331/364
f 345/330/365 348/333/365 347/332/365
f 320/305/366 343/328/366 345/330/366
f 347/332/367 322/307/367 324/309/367
f 323/308/369 326/311/369 321/306/369
f 347/332/370 320/305/370 345/330/370
f 329/314/372 332/317/372 327/312/372
f 333/335/373 342/327/373 338/323/373
f 341/326/374 344/329/374 339/324/374
f 349/341/375 350/342/375 351/343/375
f 352/344/376 353/345/376 354/346/376
f 355/347/377 356/348/377 357/349/377
f 358/350/378 359/351/378 360/352/378
f 361/353/379 362/354/379 363/355/379
f 364/356/380 365/357/380 366/358/380
f 356/348/381 349/341/381 351/343/381
f 353/345/382 358/350/382 360/352/382
f 354/346/383 351/343/383 350/342/383
f 357/349/384 360/352/384 359/351/384
f 362/354/385 355/359/385 357/360/385
f 359/361/386 364/356/386 366/358/386
f 363/355/387 366/358/387 365/357/387
f 350/342/388 361/353/388 363/355/388
f 365/357/389 352/344/389 354/346/389
f 353/345/391 356/348/391 351/343/391
f 365/357/392 350/342/392 363/355/392
f 359/361/394 362/354/394 357/360/394
f 367/364/395 368/365/395 369/366/395
f 370/367/396 371/368/396 372/369/396
f 373/370/397 374/371/397 375/372/397
f 376/373/398 377/374/398 378/375/398
f 379/376/399 380/377/399 381/378/399
f 382/379/400 383/380/400 384/381/400
f 385/382/401 386/383/401 387/384/401
f 388/385/402 389/386/402 390/387/402
f 391/388/403 392/389/403 393/390/403
f 394/391/404 395/392/404 396/393/404
f 369/366/405 373/370/405 367/364/405
f 378/375/406 370/367/406 376/373/406
f 368/365/407 371/368/407 369/366/407
f 375/372/408 378/375/408 377/374/408
f 375/372/409 379/376/409 373/370/409
f 377/374/410 382/379/410 384/381/410
f 381/378/411 384/381/411 383/380/411
f 381/394/412 385/382/412 379/395/412
f 383/396/413 388/385/413 390/387/413
f 387/384/414 390/387/414 389/386/414
f 392/389/415 385/382/415 387/384/415
f 396/393/416 388/385/416 394/391/416
f 395/392/417 392/389/417 396/393/417
f 368/365/418 391/388/418 393/390/418
f 395/392/419 370/367/419 372/369/419
f 371/368/421 374/371/421 369/366/421
f 393/390/422 372/369/422 368/365/422
f 377/374/424 380/377/424 375/372/424
f 383/396/425 386/383/425 381/394/425
f 387/384/426 396/393/426 392/389/426
f 397/401/427 398/402/427 399/403/427
f 400/404/428 401/405/428 402/406/428
f 403/407/429 404/408/429 405/409/429
f 406/410/430 407/411/430 408/412/430
f 409/413/431 410/414/431 411/415/431
f 412/416/432 413/417/432 414/418/432
f 404/408/433 397/401/433 399/403/433
f 401/405/434 406/410/434 408/412/434
f 402/406/435 399/403/435 398/402/435
f 405/409/436 408/412/436 407/411/436
f 405/419/437 409/413/437 403/420/437
f 414/418/438 406/421/438 412/416/438
f 411/415/439 414/418/439 413/417/439
f 398/402/440 409/413/440 411/415/440
f 413/417/441 400/404/441 402/406/441
f 401/405/443 404/408/443 399/403/443
f 413/417/444 398/402/444 411/415/444
f 405/419/446 414/418/446 410/414/446
f 415/424/447 416/425/447 417/426/447
f 418/427/448 419/428/448 420/429/448
f 421/430/449 422/431/449 423/432/449
f 424/433/450 425/434/450 426/435/450
f 427/436/451 428/437/451 429/438/451
f 430/439/452 431/440/452 432/441/452
f 422/431/453 415/424/453 417/426/453
f 419/428/454 424/433/454 426/435/454
f 420/429/455 417/426/455 416/425/455
f 425/434/456 422/431/456 426/435/456
f 423/442/457 427/436/457 421/443/457
f 432/441/458 424/444/458 430/439/458
f 429/438/459 432/441/459 431/440/459
f 429/438/460 415/424/460 427/436/460
f 431/440/461 418/427/461 420/429/461
f 419/428/463 422/431/463 417/426/463
f 431/440/464 416/425/464 429/438/464
f 425/446/466 428/437/466 423/442/466
f 433/447/467 434/448/467 435/449/467
f 436/450/468 437/451/468 438/452/468
f 439/453/469 440/454/469 441/455/469
f 442/456/470 443/457/470 444/458/470
f 445/459/471 446/460/471 447/461/471
f 448/462/472 449/463/472 450/464/472
f 451/465/473 452/466/473 453/467/473
f 454/468/474 455/469/474 456/470/474
f 457/471/475 458/472/475 459/473/475
f 460/474/476 461/475/476 462/476/476
f 435/449/477 439/453/477 433/447/477
f 444/458/478 436/450/478 442/456/478
f 434/448/479 437/451/479 435/449/479
f 441/455/480 444/458/480 443/457/480
f 446/460/481 439/453/481 441/455/481
f 443/457/482 448/462/482 450/464/482
f 447/461/483 450/464/483 449/463/483
f 452/466/484 445/477/484 447/478/484
f 449/479/485 454/468/485 456/470/485
f 453/467/486 456/470/486 455/469/486
f 458/472/487 451/465/487 453/467/487
f 455/469/488 460/474/488 462/476/488
f 459/473/489 462/476/489 461/475/489
f 434/448/490 457/471/490 459/473/490
f 461/475/491 436/450/491 438/452/491
f 437/451/493 440/454/493 435/449/493
f 459/473/494 438/452/494 434/448/494
f 443/457/496 446/460/496 441/455/496
f 447/478/497 456/470/497 452/466/497
f 455/469/498 458/472/498 453/467/498
f 463/484/499 464/485/499 465/486/499
f 466/487/500 467/488/500 468/489/500
f 469/490/501 470/491/501 471/492/501
f 472/493/502 473/494/502 474/495/502
f 475/496/503 476/497/503 477/498/503
f 478/499/504 479/500/504 480/501/504
f 481/502/505 482/503/505 483/504/505
f 484/505/506 485/506/506 486/507/506
f 487/508/507 488/509/507 489/510/507
f 490/511/508 491/512/508 492/513/508
f 465/486/509 469/490/509 463/484/509
f 467/488/510 472/493/510 474/495/510
f 468/489/511 465/486/511 464/485/511
f 471/492/512 474/495/512 473/494/512
f 476/497/513 469/490/513 471/492/513
f 480/501/514 472/493/514 478/499/514
f 477/498/515 480/501/515 479/500/515
f 482/503/516 475/514/516 477/515/516
f 479/516/517 484/505/517 486/507/517
f 483/504/518 486/507/518 485/506/518
f 488/509/519 481/502/519 483/504/519
f 485/506/520 490/511/520 492/513/520
f 489/510/521 492/513/521 491/512/521
f 464/485/522 487/508/522 489/510/522
f 491/512/523 466/487/523 468/489/523
f 467/488/525 470/491/525 465/486/525
f 491/512/526 464/485/526 489/510/526
f 471/492/528 480/501/528 476/497/528
f 479/516/529 482/503/529 477/515/529
f 485/506/530 488/509/530 483/504/530
f 493/520/531 494/521/531 495/522/531
f 496/523/532 497/524/532 498/525/532
f 499/526/533 500/527/533 501/528/533
f 502/529/534 503/530/534 504/531/534
f 505/532/535 506/533/535 507/534/535
f 508/535/536 509/536/536 510/537/536
f 511/538/537 512/539/537 513/540/537
f 514/541/538 515/542/538 516/543/538
f 517/544/539 518/545/539 519/546/539
f 520/547/540 521/548/540 522/549/540
f 523/550/541 524/551/541 525/552/541
f 526/553/542 527/554/542 528/555/542
f 529/556/543 530/557/543 531/558/543
f 532/559/544 533/560/544 534/561/544
f 500/527/545 493/520/545 495/522/545
f 504/531/546 496/523/546 502/529/546
f 498/525/547 495/522/547 494/521/547
f 501/528/548 504/531/548 503/530/548
f 506/533/549 499/526/549 501/528/549
f 503/530/550 508/535/550 510/537/550
f 507/534/551 510/537/551 509/536/551
f 507/534/552 511/538/552 505/532/552
f 509/536/553 514/541/553 516/543/553
f 513/540/554 516/543/554 515/542/554
f 513/562/555 517/544/555 511/563/555
f 515/564/556 520/547/556 522/549/556
f 521/548/557 518/545/557 522/549/557
f 524/551/558 517/544/558 519/546/558
f 528/555/559 520/547/559 526/553/559
f 525/552/560 528/555/560 527/554/560
f 530/557/561 523/550/561 525/552/561
f 527/554/562 532/559/562 534/561/562
f 531/558/563 534/561/563 533/560/563
f 494/521/564 529/556/564 531/558/564
f 533/560/565 496/523/565 498/525/565
f 497/524/567 500/527/567 495/522/567
f 531/558/568 498/525/568 494/521/568
f 503/530/570 506/533/570 501/528/570
f 507/534/571 516/543/571 512/539/571
f 515/564/572 518/545/572 513/562/572
f 521/548/573 524/551/573 519/546/573
f 525/552/574 534/561/574 530/557/574
f 535/571/575 536/572/575 537/573/575
f 538/574/576 539/575/576 540/576/576
f 541/577/577 542/578/577 543/579/577
f 544/580/578 545/581/578 546/582/578
f 547/583/579 548/584/579 549/585/579
f 550/586/580 551/587/580 552/588/580
f 537/573/581 541/577/581 535/571/581
f 546/582/582 538/574/582 544/580/582
f 540/576/583 537/573/583 536/572/583
f 545/581/584 542/578/584 546/582/584
f 543/589/585 547/583/585 541/590/585
f 545/591/586 550/586/586 552/588/586
f 549/585/587 552/588/587 551/587/587
f 536/572/588 547/583/588 549/585/588
f 551/587/589 538/574/589 540/576/589
f 539/575/591 542/578/591 537/573/591
f 551/587/592 536/572/592 549/585/592
f 545/591/594 548/584/594 543/589/594
f 553/593/595 554/594/595 555/595/595
f 556/596/596 557/597/596 558/598/596
f 559/599/597 560/600/597 561/601/597
f 562/602/598 563/603/598 564/604/598
f 565/605/599 566/606/599 567/607/599
f 568/608/600 569/609/600 570/610/600
f 571/611/601 572/612/601 573/613/601
f 574/614/602 575/615/602 576/616/602
f 560/600/603 553/593/603 555/595/603
f 564/604/604 556/596/604 562/602/604
f 558/598/605 555/595/605 554/594/605
f 561/601/606 564/604/606 563/603/606
f 566/617/607 559/599/607 561/601/607
f 563/603/608 568/618/608 570/619/608
f 567/607/609 570/610/609 569/609/609
f 572/612/610 565/605/610 567/607/610
f 576/616/611 568/608/611 574/614/611
f 573/613/612 576/616/612 575/615/612
f 554/594/613 571/611/613 573/613/613
f 558/598/614 574/614/614 556/596/614
f 555/595/616 564/604/616 560/600/616
f 575/615/617 554/594/617 573/613/617
f 563/603/619 566/617/619 561/601/619
f 569/609/620 572/612/620 567/607/620
f 577/620/621 578/621/621 579/622/621
f 580/623/622 581/624/622 582/625/622
f 583/626/623 584/627/623 585/628/623
f 586/629/624 587/630/624 588/631/624
f 589/632/625 590/633/625 591/634/625
f 592/635/626 593/636/626 594/637/626
f 595/638/627 596/639/627 597/640/627
f 598/641/628 599/642/628 600/643/628
f 584/627/629 577/620/629 579/622/629
f 581/624/630 586/629/630 588/631/630
f 578/621/631 581/624/631 579/622/631
f 585/628/632 588/631/632 587/630/632
f 590/644/633 583/626/633 585/628/633
f 594/645/634 586/629/634 592/646/634
f 591/634/635 594/637/635 593/636/635
f 596/639/636 589/632/636 591/634/636
f 600/643/637 592/635/637 598/641/637
f 599/642/638 596/639/638 600/643/638
f 578/621/639 595/638/639 597/640/639
f 582/625/640 598/641/640 580/623/640
f 579/622/642 588/631/642 584/627/642
f 599/642/643 578/621/643 597/640/643
f 585/628/645 594/645/645 590/644/645
f 593/636/646 596/639/646 591/634/646
f 601/647/647 602/648/647 603/649/647
f 604/650/648 605/651/648 606/652/648
f 607/653/649 608/654/649 609/655/649
f 610/656/650 611/657/650 612/658/650
f 613/659/651 614/660/651 615/661/651
f 616/662/652 617/663/652 618/664/652
f 619/665/653 620/666/653 621/667/653
f 622/668/654 623/669/654 624/670/654
f 603/649/655 607/653/655 601/647/655
f 612/658/656 604/650/656 610/656/656
f 602/648/657 605/651/657 603/649/657
f 609/655/658 612/658/658 611/657/658
f 609/655/659 613/671/659 607/653/659
f 618/672/660 610/656/660 616/673/660
f 615/661/661 618/664/661 617/663/661
f 620/666/662 613/659/662 615/661/662
f 624/670/663 616/662/663 622/668/663
f 621/667/664 624/670/664 623/669/664
f 602/648/665 619/665/665 621/667/665
f 623/669/666 604/650/666 606/652/666
f 605/651/668 608/654/668 603/649/668
f 623/669/669 602/648/669 621/667/669
f 611/657/671 614/674/671 609/655/671
f 617/663/672 620/666/672 615/661/672
f 625/675/673 626/676/673 627/677/673
f 628/678/674 629/679/674 630/680/674
f 631/681/675 632/682/675 633/683/675
f 634/684/676 635/685/676 636/686/676
f 637/687/677 638/688/677 639/689/677
f 640/690/678 641/691/678 642/692/678
f 643/693/679 644/694/679 645/695/679
f 646/696/680 647/697/680 648/698/680
f 649/699/681 650/700/681 651/701/681
f 652/702/682 653/703/682 654/704/682
f 655/705/683 656/706/683 657/707/683
f 658/708/684 659/709/684 660/710/684
f 661/711/685 662/712/685 663/713/685
f 664/714/686 665/715/686 666/716/686
f 632/682/687 625/675/687 627/677/687
f 636/686/688 628/678/688 634/684/688
f 630/680/689 627/677/689 626/676/689
f 633/683/690 636/686/690 635/685/690
f 638/688/691 631/681/691 633/683/691
f 635/685/692 640/690/692 642/692/692
f 641/691/693 638/688/693 642/692/693
f 644/694/694 637/687/694 639/689/694
f 641/691/695 646/696/695 648/698/695
f 645/695/696 648/698/696 647/697/696
f 645/717/697 649/699/697 643/718/697
f 647/719/698 652/702/698 654/704/698
f 651/701/699 654/704/699 653/703/699
f 651/701/700 655/705/700 649/699/700
f 653/703/701 658/708/701 660/710/701
f 659/709/702 656/706/702 660/710/702
f 657/707/703 661/711/703 655/705/703
f 659/709/704 664/714/704 666/716/704
f 665/715/705 662/712/705 666/716/705
f 663/713/706 625/675/706 661/711/706
f 665/715/707 628/678/707 630/680/707
f 629/679/709 632/682/709 627/677/709
f 665/715/710 626/676/710 663/713/710
f 633/683/712 642/692/712 638/688/712
f 639/689/713 648/698/713 644/694/713
f 647/719/714 650/700/714 645/717/714
f 651/701/715 660/710/715 656/706/715
f 659/709/716 662/712/716 657/707/716
f 667/723/717 668/724/717 669/725/717
f 670/726/718 671/727/718 672/728/718
f 673/729/719 674/730/719 675/731/719
f 676/732/720 677/733/720 678/734/720
f 679/735/721 680/736/721 681/737/721
f 682/738/722 683/739/722 684/740/722
f 685/741/723 686/742/723 687/743/723
f 688/744/724 689/745/724 690/746/724
f 669/725/725 673/729/725 667/723/725
f 671/727/726 676/732/726 678/734/726
f 672/728/727 669/725/727 668/724/727
f 677/733/728 674/730/728 678/734/728
f 680/747/729 673/729/729 675/731/729
f 684/748/730 676/732/730 682/749/730
f 683/739/731 680/736/731 684/740/731
f 681/737/732 685/741/732 679/735/732
f 683/739/733 688/744/733 690/746/733
f 687/743/734 690/746/734 689/745/734
f 668/724/735 685/741/735 687/743/735
f 672/728/736 688/744/736 670/726/736
f 671/727/738 674/730/738 669/725/738
f 687/743/739 672/728/739 668/724/739
f 675/731/741 684/748/741 680/747/741
f 683/739/742 686/742/742 681/737/742
f 691/750/743 692/751/743 693/752/743
f 694/753/744 695/754/744 696/755/744
f 697/756/745 698/757/745 699/758/745
f 700/759/746 701/760/746 702/761/746
f 703/762/747 704/763/747 705/764/747
f 706/765/748 707/766/748 708/767/748
f 709/768/749 710/769/749 711/770/749
f 712/771/750 713/772/750 714/773/750
f 715/774/751 716/775/751 717/776/751
f 718/777/752 719/778/752 720/779/752
f 721/780/753 722/781/753 723/782/753
f 724/783/754 725/784/754 726/785/754
f 698/757/755 691/750/755 693/752/755
f 695/754/756 700/759/756 702/761/756
f 696/755/757 693/752/757 692/751/757
f 699/758/758 702/761/758 701/760/758
f 699/758/759 703/762/759 697/756/759
f 708/767/760 700/759/760 706/765/760
f 705/764/761 708/767/761 707/766/761
f 705/764/762 709/786/762 703/762/762
f 707/766/763 712/787/763 714/788/763
f 711/770/764 714/773/764 713/772/764
f 716/775/765 709/768/765 711/770/765
f 713/772/766 718/777/766 720/779/766
f 719/778/767 716/775/767 720/779/767
f 722/781/768 715/774/768 717/776/768
f 726/785/769 718/777/769 724/783/769
f 723/782/770 726/785/770 725/784/770
f 692/751/771 721/780/771 723/782/771
f 696/755/772 724/783/772 694/753/772
f 695/754/774 698/757/774 693/752/774
f 725/784/775 692/751/775 723/782/775
f 701/760/777 704/763/777 699/758/777
f 707/766/778 710/792/778 705/764/778
f 713/772/779 716/775/779 711/770/779
f 717/776/780 726/785/780 722/781/780
f 727/793/781 728/794/781 729/795/781
f 730/796/782 731/797/782 732/798/782
f 733/799/783 734/800/783 735/801/783
f 736/802/784 737/803/784 738/804/784
f 739/805/785 740/806/785 741/807/785
f 742/808/786 743/809/786 744/810/786
f 745/811/787 746/812/787 747/813/787
f 748/814/788 749/815/788 750/816/788
f 751/817/789 752/818/789 753/819/789
f 754/820/790 755/821/790 756/822/790
f 729/795/791 733/799/791 727/793/791
f 738/804/792 730/796/792 736/802/792
f 732/798/793 729/795/793 728/794/793
f 735/801/794 738/804/794 737/803/794
f 735/801/795 739/805/795 733/799/795
f 737/803/796 742/808/796 744/810/796
f 741/807/797 744/810/797 743/809/797
f 741/823/798 745/811/798 739/824/798
f 750/816/799 742/825/799 748/814/799
f 749/815/800 746/812/800 750/816/800
f 752/818/801 745/811/801 747/813/801
f 756/822/802 748/814/802 754/820/802
f 753/819/803 756/822/803 755/821/803
f 753/819/804 727/793/804 751/817/804
f 732/798/805 754/820/805 730/796/805
f 731/797/807 734/800/807 729/795/807
f 755/821/808 728/794/808 753/819/808
f 735/801/810 744/810/810 740/806/810
f 743/829/811 746/812/811 741/823/811
f 749/815/812 752/818/812 747/813/812
f 757/830/813 758/831/813 759/832/813
f 760/833/814 761/834/814 762/835/814
f 763/836/815 764/837/815 765/838/815
f 766/839/816 767/840/816 768/841/816
f 769/842/817 770/843/817 771/844/817
f 772/845/818 773/846/818 774/847/818
f 764/837/819 757/830/819 759/832/819
f 761/834/820 766/839/820 768/841/820
f 758/831/821 761/834/821 759/832/821
f 765/838/822 768/841/822 767/840/822
f 770/843/823 763/848/823 765/849/823
f 767/850/824 772/845/824 774/847/824
f 773/846/825 770/843/825 774/847/825
f 758/831/826 769/842/826 771/844/826
f 762/835/827 772/845/827 760/833/827
f 761/834/829 764/837/829 759/832/829
f 773/846/830 758/831/830 771/844/830
f 765/849/832 774/847/832 770/843/832
f 775/851/833 776/852/833 777/853/833
f 778/854/834 779/855/834 780/856/834
f 781/857/835 782/858/835 783/859/835
f 784/860/836 785/861/836 786/862/836
f 787/863/837 788/864/837 789/865/837
f 790/866/838 791/867/838 792/868/838
f 793/869/839 794/870/839 795/871/839
f 796/872/840 797/873/840 798/874/840
f 799/875/841 800/876/841 801/877/841
f 802/878/842 803/879/842 804/880/842
f 805/881/843 806/882/843 807/883/843
f 808/884/844 809/885/844 810/886/844
f 811/887/845 812/888/845 813/889/845
f 814/890/846 815/891/846 816/892/846
f 777/853/847 781/857/847 775/851/847
f 786/862/848 778/854/848 784/860/848
f 776/852/849 779/855/849 777/853/849
f 783/859/850 786/862/850 785/861/850
f 783/859/851 787/863/851 781/857/851
f 785/861/852 790/866/852 792/868/852
f 789/865/853 792/868/853 791/867/853
f 794/870/854 787/863/854 789/865/854
f 798/874/855 790/866/855 796/872/855
f 797/873/856 794/870/856 798/874/856
f 795/893/857 799/875/857 793/894/857
f 797/895/858 802/878/858 804/880/858
f 801/877/859 804/880/859 803/879/859
f 806/882/860 799/875/860 801/877/860
f 803/879/861 808/884/861 810/886/861
f 807/883/862 810/886/862 809/885/862
f 807/883/863 811/887/863 805/881/863
f 816/892/864 808/884/864 814/890/864
f 813/889/865 816/892/865 815/891/865
f 776/852/866 811/887/866 813/889/866
f 780/856/867 814/890/867 778/854/867
f 779/855/869 782/858/869 777/853/869
f 815/891/870 776/852/870 813/889/870
f 785/861/872 788/864/872 783/859/872
f 789/865/873 798/874/873 794/870/873
f 797/895/874 800/876/874 795/893/874
f 803/879/875 806/882/875 801/877/875
f 809/885/876 812/888/876 807/883/876
f 817/900/877 818/901/877 819/902/877
f 820/903/878 821/904/878 822/905/878
f 823/906/879 824/907/879 825/908/879
f 826/909/880 827/910/880 828/911/880
f 829/912/881 830/913/881 831/914/881
f 832/915/882 833/916/882 834/917/882
f 835/918/883 836/919/883 837/920/883
f 838/921/884 839/922/884 840/923/884
f 841/924/885 842/925/885 843/926/885
f 844/927/886 845/928/886 846/929/886
f 847/930/887 848/931/887 849/932/887
f 850/933/888 851/934/888 852/935/888
f 853/936/889 854/937/889 855/938/889
f 856/939/890 857/940/890 858/941/890
f 824/907/891 817/900/891 819/902/891
f 828/911/892 820/903/892 826/909/892
f 818/901/893 821/904/893 819/902/893
f 827/910/894 824/907/894 828/911/894
f 825/908/895 829/912/895 823/906/895
f 834/917/896 826/909/896 832/915/896
f 831/914/897 834/917/897 833/916/897
f 831/914/898 835/918/898 829/912/898
f 833/916/899 838/921/899 840/923/899
f 837/920/900 840/923/900 839/922/900
f 837/942/901 841/924/901 835/943/901
f 846/929/902 838/944/902 844/927/902
f 845/928/903 842/925/903 846/929/903
f 843/926/904 847/930/904 841/924/904
f 845/928/905 850/933/905 852/935/905
f 849/932/906 852/935/906 851/934/906
f 849/932/907 853/936/907 847/930/907
f 858/941/908 850/933/908 856/939/908
f 857/940/909 854/937/909 858/941/909
f 818/901/910 853/936/910 855/938/910
f 857/940/911 820/903/911 822/905/911
f 821/904/913 824/907/913 819/902/913
f 857/940/914 818/901/914 855/938/914
f 825/908/916 834/917/916 830/913/916
f 833/916/917 836/919/917 831/914/917
f 839/949/918 842/925/918 837/942/918
f 845/928/919 848/931/919 843/926/919
f 849/932/920 858/941/920 854/937/920
f 859/950/921 860/951/921 861/952/921
f 862/953/922 863/954/922 864/955/922
f 865/956/923 866/957/923 867/958/923
f 868/959/924 869/960/924 870/961/924
f 871/962/925 872/963/925 873/964/925
f 874/965/926 875/966/926 876/967/926
f 861/952/927 865/956/927 859/950/927
f 870/961/928 862/953/928 868/959/928
f 864/955/929 861/952/929 860/951/929
f 867/958/930 870/961/930 869/960/930
f 867/968/931 871/962/931 865/969/931
f 869/970/932 874/965/932 876/967/932
f 873/964/933 876/967/933 875/966/933
f 860/951/934 871/962/934 873/964/934
f 875/966/935 862/953/935 864/955/935
f 863/954/937 866/957/937 861/952/937
f 875/966/938 860/951/938 873/964/938
f 869/970/940 872/963/940 867/968/940
f 877/971/941 878/972/941 879/973/941
f 880/972/942 881/971/942 882/973/942
f 883/974/943 884/975/943 885/976/943
f 886/974/944 887/976/944 888/975/944
f 889/977/945 890/978/945 891/979/945
f 892/977/946 893/979/946 894/978/946
f 895/980/947 896/981/947 897/982/947
f 898/980/948 899/982/948 900/981/948
f 877/971/949 884/975/949 883/974/949
f 878/983/950 882/984/950 879/985/950
f 886/974/951 882/973/951 881/971/951
f 885/983/952 888/984/952 887/986/952
f 883/974/953 896/981/953 895/980/953
f 898/980/954 887/976/954 886/974/954
f 897/987/955 900/988/955 899/989/955
f 895/980/956 890/978/956 889/977/956
f 898/980/957 894/978/957 899/982/957
f 893/988/958 890/987/958 894/989/958
f 889/977/959 878/972/959 877/971/959
f 881/971/960 893/979/960 892/977/960
f 895/980/961 877/971/961 883/974/961
f 882/990/962 884/991/962 879/992/962
f 893/988/963 878/983/963 891/993/963
f 886/974/964 892/977/964 898/980/964
f 887/986/965 896/993/965 885/983/965
f 899/994/966 890/992/966 897/991/966
f 1/1/9 3/3/9 8/8/9
f 4/4/10 6/6/10 3/3/10
f 10/10/11 12/12/11 6/6/11
f 9/9/967 8/8/967 12/12/967
f 19/13/13 7/19/13 9/14/13
f 10/16/14 22/20/14 24/17/14
f 23/12/15 21/8/15 20/9/15
f 19/7/16 21/8/16 14/3/16
f 22/10/17 16/5/17 18/6/17
f 15/2/18 14/3/18 18/6/18
f 1/19/19 13/13/19 15/15/19
f 16/20/20 5/16/20 4/18/20
f 7/21/21 19/24/21 13/22/21
f 6/6/22 12/12/22 8/8/22
f 17/17/23 4/18/23 2/14/23
f 22/24/24 10/21/24 5/23/24
f 9/14/25 11/18/25 24/17/25
f 23/12/26 18/6/26 14/3/26
f 25/25/35 27/27/35 32/32/35
f 26/26/968 28/28/968 30/30/968
f 34/34/37 36/36/37 30/30/37
f 33/33/38 32/32/38 36/36/38
f 31/37/39 33/43/39 44/38/39
f 34/40/40 46/44/40 48/41/40
f 45/32/41 44/33/41 48/35/41
f 43/31/42 45/32/42 38/27/42
f 40/29/43 42/30/43 47/36/43
f 39/26/44 38/27/44 42/30/44
f 37/39/45 39/38/45 26/43/45
f 29/40/46 28/42/46 41/41/46
f 31/45/47 43/48/47 37/46/47
f 30/30/48 36/36/48 32/32/48
f 39/38/49 41/41/49 28/42/49
f 34/45/50 29/47/50 40/46/50
f 35/42/51 48/41/51 44/38/51
f 45/32/52 47/36/52 42/30/52
f 49/1/61 51/3/61 56/8/61
f 52/4/62 54/6/62 51/3/62
f 53/5/969 58/10/969 60/12/969
f 57/9/64 56/8/64 60/12/64
f 55/19/65 57/14/65 68/15/65
f 70/20/66 72/17/66 59/18/66
f 69/8/67 68/9/67 72/11/67
f 67/7/68 69/8/68 62/3/68
f 64/5/69 66/6/69 71/12/69
f 63/2/70 62/3/70 66/6/70
f 49/19/71 61/13/71 63/15/71
f 53/16/72 52/18/72 65/17/72
f 67/24/73 61/22/73 49/23/73
f 54/6/74 60/12/74 56/8/74
f 63/15/75 65/17/75 52/18/75
f 70/24/76 58/21/76 53/23/76
f 57/14/77 59/18/77 72/17/77
f 71/12/78 66/6/78 62/3/78
f 73/25/87 75/27/87 80/32/87
f 76/28/88 78/30/88 75/27/88
f 82/34/89 84/36/89 78/30/89
f 83/35/90 81/33/90 80/32/90
f 79/37/91 81/43/91 92/38/91
f 82/40/92 94/44/92 96/41/92
f 93/32/970 92/33/970 96/35/970
f 91/31/94 93/32/94 86/27/94
f 88/29/95 90/30/95 95/36/95
f 87/26/971 86/27/971 90/30/971
f 73/37/97 85/39/97 87/38/97
f 77/40/98 76/42/98 89/41/98
f 79/45/99 91/48/99 85/46/99
f 78/30/100 84/36/100 80/32/100
f 87/38/101 89/41/101 76/42/101
f 82/45/102 77/47/102 88/46/102
f 83/42/103 96/41/103 92/38/103
f 95/36/104 90/30/104 86/27/104
f 97/49/113 99/51/113 104/53/113
f 100/61/114 102/64/114 99/62/114
f 101/49/972 106/52/972 108/53/972
f 105/63/116 104/62/116 108/64/116
f 103/52/117 105/54/117 116/59/117
f 118/58/118 120/59/118 107/54/118
f 117/65/119 116/68/119 120/66/119
f 109/55/120 115/58/120 117/60/120
f 118/58/121 112/55/121 114/56/121
f 111/68/122 110/65/122 114/67/122
f 109/55/123 111/57/123 98/50/123
f 101/49/124 100/50/124 113/57/124
f 103/52/125 115/58/125 109/55/125
f 102/69/126 108/72/126 104/70/126
f 113/66/127 100/61/127 98/63/127
f 106/52/128 101/49/128 112/55/128
f 107/61/129 120/66/129 116/68/129
f 119/72/130 114/69/130 110/71/130
f 121/73/139 123/75/139 128/77/139
f 124/85/140 126/88/140 123/86/140
f 125/73/141 130/76/141 132/77/141
f 129/87/142 128/86/142 132/88/142
f 127/76/143 129/78/143 140/83/143
f 142/82/144 144/83/144 131/78/144
f 143/89/145 141/92/145 140/90/145
f 133/79/146 139/82/146 141/84/146
f 136/79/147 138/80/147 143/84/147
f 137/91/148 135/90/148 134/92/148
f 121/73/149 133/79/149 135/81/149
f 136/79/150 125/73/150 124/74/150
f 139/82/151 133/79/151 121/73/151
f 126/93/152 132/96/152 128/94/152
f 135/90/153 137/91/153 124/85/153
f 130/76/154 125/73/154 136/79/154
f 131/85/155 144/91/155 140/90/155
f 143/96/156 138/93/156 134/95/156
f 145/97/165 147/99/165 152/101/165
f 148/109/166 150/112/166 147/110/166
f 149/97/973 154/100/973 156/101/973
f 153/111/168 152/110/168 156/112/168
f 151/100/169 153/102/169 164/107/169
f 166/106/170 168/107/170 155/102/170
f 167/113/171 165/116/171 164/114/171
f 163/106/974 165/108/974 158/104/974
f 160/103/975 162/104/975 167/108/975
f 161/115/174 159/114/174 158/116/174
f 145/97/175 157/103/175 159/105/175
f 149/97/176 148/98/176 161/105/176
f 163/106/177 157/103/177 145/97/177
f 147/117/178 150/995/178 156/118/178
f 161/115/179 148/109/179 146/111/179
f 154/100/180 149/97/180 160/103/180
f 155/109/181 168/115/181 164/114/181
f 167/118/182 162/995/182 158/117/182
f 176/127/191 175/126/191 169/120/191
f 173/124/192 172/123/192 178/129/192
f 174/125/193 173/124/193 171/122/193
f 177/128/194 176/127/194 180/131/194
f 182/144/976 181/996/976 175/126/976
f 179/130/196 178/129/196 184/145/196
f 183/134/197 182/133/197 186/137/197
f 183/134/198 188/139/198 187/138/198
f 192/143/199 185/136/199 184/135/199
f 191/142/200 189/140/200 188/139/200
f 170/121/201 169/120/201 187/138/201
f 191/142/202 190/141/202 172/123/202
f 173/124/204 180/131/204 176/127/204
f 189/140/205 191/142/205 174/125/205
f 179/130/207 186/146/207 182/144/207
f 185/136/208 192/143/208 188/139/208
f 200/158/221 199/157/221 193/151/221
f 204/162/222 197/155/222 196/154/222
f 194/152/223 198/156/223 197/155/223
f 203/161/224 201/159/224 200/158/224
f 206/164/225 205/163/225 199/157/225
f 203/161/226 202/160/226 208/166/226
f 209/167/227 207/165/227 206/164/227
f 212/187/228 211/997/228 205/163/228
f 209/167/229 208/166/229 214/188/229
f 213/171/230 212/170/230 216/174/230
f 218/176/231 217/175/231 211/169/231
f 222/180/232 215/173/232 214/172/232
f 219/177/233 218/176/233 222/180/233
f 219/177/234 224/182/234 223/181/234
f 221/179/235 220/178/235 226/184/235
f 225/183/236 224/182/236 228/186/236
f 194/152/237 193/151/237 223/181/237
f 227/185/977 226/184/977 196/154/977
f 197/155/240 204/162/240 200/158/240
f 227/185/241 198/156/241 194/152/241
f 203/161/243 210/168/243 206/164/243
f 209/167/244 216/189/244 212/187/244
f 215/173/245 222/180/245 218/176/245
f 221/179/246 228/186/246 224/182/246
f 236/203/255 235/202/255 229/196/255
f 240/207/256 233/200/256 232/199/256
f 234/201/257 233/200/257 231/198/257
f 239/206/258 237/204/258 236/203/258
f 237/204/259 242/223/259 241/220/259
f 246/221/260 239/206/260 238/205/260
f 243/210/261 242/209/261 246/213/261
f 248/215/262 247/214/262 241/208/262
f 252/219/263 245/212/263 244/211/263
f 249/216/264 248/215/264 252/219/264
f 230/197/265 229/196/265 247/214/265
f 251/218/266 250/217/266 232/199/266
f 233/200/268 240/207/268 236/203/268
f 251/218/269 234/201/269 230/197/269
f 237/204/271 239/206/271 246/221/271
f 243/210/272 245/212/272 252/219/272
f 260/231/285 259/230/285 253/224/285
f 257/228/286 256/227/286 262/233/286
f 258/229/287 257/228/287 255/226/287
f 263/234/288 261/232/288 260/231/288
f 266/237/289 265/236/289 259/230/289
f 270/241/290 263/234/290 262/233/290
f 269/240/291 267/238/291 266/237/291
f 272/260/978 271/999/978 265/236/978
f 276/261/293 269/240/293 268/239/293
f 275/246/294 273/244/294 272/243/294
f 273/244/295 278/249/295 277/248/295
f 275/246/296 274/245/296 280/251/296
f 281/252/297 279/250/297 278/249/297
f 284/255/298 283/254/298 277/248/298
f 281/252/299 280/251/299 286/257/299
f 285/256/300 284/255/300 288/259/300
f 285/256/301 254/225/301 253/224/301
f 287/258/302 286/257/302 256/227/302
f 255/226/304 257/228/304 264/235/304
f 287/258/305 258/229/305 254/225/305
f 263/234/307 270/241/307 266/237/307
f 269/240/308 276/261/308 272/260/308
f 275/246/309 282/253/309 278/249/309
f 279/250/310 281/252/310 288/259/310
f 291/268/321 296/273/321 295/272/321
f 293/270/322 292/269/322 298/275/322
f 294/271/323 293/270/323 291/268/323
f 297/274/324 296/273/324 300/277/324
f 302/279/325 301/278/325 295/272/325
f 299/276/326 298/275/326 304/281/326
f 305/282/327 303/280/327 302/279/327
f 303/296/328 308/285/328 307/284/328
f 305/298/329 304/1000/329 310/287/329
f 309/286/330 308/285/330 312/289/330
f 314/291/331 313/290/331 307/284/331
f 311/288/332 310/287/332 316/293/332
f 315/292/333 314/291/333 318/295/333
f 290/267/334 289/266/334 313/290/334
f 294/271/335 317/294/335 316/293/335
f 293/270/337 300/277/337 296/273/337
f 317/294/338 294/271/338 290/267/338
f 299/276/340 306/283/340 302/279/340
f 303/296/341 305/298/341 312/289/341
f 311/288/342 318/295/342 314/291/342
f 321/306/353 326/311/353 325/310/353
f 323/308/354 322/307/354 328/313/354
f 324/309/355 323/308/355 321/306/355
f 327/312/356 326/311/356 330/315/356
f 327/312/357 332/317/357 331/316/357
f 329/314/358 328/313/358 334/319/358
f 335/320/359 333/318/359 332/317/359
f 338/323/979 337/322/979 331/334/979
f 335/336/361 334/1002/361 340/325/361
f 339/324/362 338/323/362 342/327/362
f 344/329/980 343/328/980 337/322/980
f 348/333/364 341/326/364 340/325/364
f 345/330/365 344/329/365 348/333/365
f 320/305/366 319/304/366 343/328/366
f 347/332/367 346/331/367 322/307/367
f 323/308/369 330/315/369 326/311/369
f 347/332/981 324/309/981 320/305/981
f 329/314/372 336/321/372 332/317/372
f 333/335/373 335/336/373 342/327/373
f 341/326/374 348/333/374 344/329/374
f 356/348/381 355/347/381 349/341/381
f 353/345/382 352/344/382 358/350/382
f 354/346/383 353/345/383 351/343/383
f 357/349/384 356/348/384 360/352/384
f 362/354/385 361/353/385 355/359/385
f 359/361/386 358/1004/386 364/356/386
f 363/355/387 362/354/387 366/358/387
f 350/342/388 349/341/388 361/353/388
f 365/357/389 364/356/389 352/344/389
f 353/345/391 360/352/391 356/348/391
f 365/357/392 354/346/392 350/342/392
f 359/361/394 366/358/394 362/354/394
f 369/366/405 374/371/405 373/370/405
f 378/375/406 371/368/406 370/367/406
f 368/365/407 372/369/407 371/368/407
f 375/372/408 374/371/408 378/375/408
f 375/372/409 380/377/409 379/376/409
f 377/374/410 376/373/410 382/379/410
f 381/378/411 380/377/411 384/381/411
f 381/394/412 386/383/412 385/382/412
f 383/396/413 382/1005/413 388/385/413
f 387/384/414 386/383/414 390/387/414
f 392/389/415 391/388/415 385/382/415
f 396/393/416 389/386/416 388/385/416
f 395/392/417 393/390/417 392/389/417
f 368/365/418 367/364/418 391/388/418
f 395/392/419 394/391/419 370/367/419
f 371/368/421 378/375/421 374/371/421
f 393/390/422 395/392/422 372/369/422
f 377/374/424 384/381/424 380/377/424
f 383/396/425 390/387/425 386/383/425
f 387/384/426 389/386/426 396/393/426
f 404/408/433 403/407/433 397/401/433
f 401/405/434 400/404/434 406/410/434
f 402/406/435 401/405/435 399/403/435
f 405/409/436 404/408/436 408/412/436
f 405/419/437 410/414/437 409/413/437
f 414/418/438 407/1006/438 406/421/438
f 411/415/982 410/414/982 414/418/982
f 398/402/440 397/401/440 409/413/440
f 413/417/441 412/416/441 400/404/441
f 401/405/443 408/412/443 404/408/443
f 413/417/444 402/406/444 398/402/444
f 405/419/446 407/1006/446 414/418/446
f 422/431/453 421/430/453 415/424/453
f 419/428/454 418/427/454 424/433/454
f 420/429/455 419/428/455 417/426/455
f 425/434/456 423/432/456 422/431/456
f 423/442/457 428/437/457 427/436/457
f 432/441/458 425/446/458 424/444/458
f 429/438/459 428/437/459 432/441/459
f 429/438/460 416/425/460 415/424/460
f 431/440/461 430/439/461 418/427/461
f 419/428/463 426/435/463 422/431/463
f 431/440/464 420/429/464 416/425/464
f 425/446/466 432/441/466 428/437/466
f 435/449/477 440/454/477 439/453/477
f 444/458/478 437/451/478 436/450/478
f 434/448/479 438/452/479 437/451/479
f 441/455/480 440/454/480 444/458/480
f 446/460/481 445/459/481 439/453/481
f 443/457/983 442/456/983 448/462/983
f 447/461/483 446/460/483 450/464/483
f 452/466/484 451/465/484 445/477/484
f 449/479/485 448/1007/485 454/468/485
f 453/467/486 452/466/486 456/470/486
f 458/472/984 457/471/984 451/465/984
f 455/469/488 454/468/488 460/474/488
f 459/473/489 458/472/489 462/476/489
f 434/448/490 433/447/490 457/471/490
f 461/475/491 460/474/491 436/450/491
f 437/451/493 444/458/493 440/454/493
f 459/473/494 461/475/494 438/452/494
f 443/457/496 450/464/496 446/460/496
f 447/478/497 449/479/497 456/470/497
f 455/469/498 462/476/498 458/472/498
f 465/486/509 470/491/509 469/490/509
f 467/488/510 466/487/510 472/493/510
f 468/489/511 467/488/511 465/486/511
f 471/492/512 470/491/512 474/495/512
f 476/497/513 475/496/513 469/490/513
f 480/501/514 473/494/514 472/493/514
f 477/498/515 476/497/515 480/501/515
f 482/503/516 481/502/516 475/514/516
f 479/516/517 478/1009/517 484/505/517
f 483/504/985 482/503/985 486/507/985
f 488/509/519 487/508/519 481/502/519
f 485/506/986 484/505/986 490/511/986
f 489/510/521 488/509/521 492/513/521
f 464/485/522 463/484/522 487/508/522
f 491/512/523 490/511/523 466/487/523
f 467/488/525 474/495/525 470/491/525
f 491/512/526 468/489/526 464/485/526
f 471/492/528 473/494/528 480/501/528
f 479/516/529 486/507/529 482/503/529
f 485/506/530 492/513/530 488/509/530
f 500/527/545 499/526/545 493/520/545
f 504/531/546 497/524/546 496/523/546
f 498/525/547 497/524/547 495/522/547
f 501/528/548 500/527/548 504/531/548
f 506/533/549 505/532/549 499/526/549
f 503/530/550 502/529/550 508/535/550
f 507/534/551 506/533/551 510/537/551
f 507/534/552 512/539/552 511/538/552
f 509/536/553 508/535/553 514/541/553
f 513/540/554 512/539/554 516/543/554
f 513/562/555 518/545/555 517/544/555
f 515/564/556 514/1011/556 520/547/556
f 521/548/557 519/546/557 518/545/557
f 524/551/558 523/550/558 517/544/558
f 528/555/559 521/548/559 520/547/559
f 525/552/560 524/551/560 528/555/560
f 530/557/561 529/556/561 523/550/561
f 527/554/562 526/553/562 532/559/562
f 531/558/563 530/557/563 534/561/563
f 494/521/564 493/520/564 529/556/564
f 533/560/565 532/559/565 496/523/565
f 497/524/567 504/531/567 500/527/567
f 531/558/568 533/560/568 498/525/568
f 503/530/570 510/537/570 506/533/570
f 507/534/571 509/536/571 516/543/571
f 515/564/572 522/549/572 518/545/572
f 521/548/573 528/555/573 524/551/573
f 525/552/574 527/554/574 534/561/574
f 537/573/581 542/578/581 541/577/581
f 546/582/582 539/575/582 538/574/582
f 540/576/583 539/575/583 537/573/583
f 545/581/584 543/579/584 542/578/584
f 543/589/585 548/584/585 547/583/585
f 545/591/586 544/1018/586 550/586/586
f 549/585/987 548/584/987 552/588/987
f 536/572/588 535/571/588 547/583/588
f 551/587/589 550/586/589 538/574/589
f 539/575/591 546/582/591 542/578/591
f 551/587/592 540/576/592 536/572/592
f 545/591/594 552/588/594 548/584/594
f 560/600/603 559/599/603 553/593/603
f 564/604/604 557/597/604 556/596/604
f 558/598/605 557/597/605 555/595/605
f 561/601/606 560/600/606 564/604/606
f 566/617/607 565/1019/607 559/599/607
f 563/603/608 562/602/608 568/618/608
f 567/607/609 566/606/609 570/610/609
f 572/612/610 571/611/610 565/605/610
f 576/616/611 569/609/611 568/608/611
f 573/613/612 572/612/612 576/616/612
f 554/594/613 553/593/613 571/611/613
f 558/598/614 575/615/614 574/614/614
f 555/595/616 557/597/616 564/604/616
f 575/615/617 558/598/617 554/594/617
f 563/603/619 570/619/619 566/617/619
f 569/609/620 576/616/620 572/612/620
f 584/627/629 583/626/629 577/620/629
f 581/624/630 580/623/630 586/629/630
f 578/621/631 582/625/631 581/624/631
f 585/628/632 584/627/632 588/631/632
f 590/644/633 589/1020/633 583/626/633
f 594/645/634 587/630/634 586/629/634
f 591/634/635 590/633/635 594/637/635
f 596/639/636 595/638/636 589/632/636
f 600/643/988 593/636/988 592/635/988
f 599/642/989 597/640/989 596/639/989
f 578/621/639 577/620/639 595/638/639
f 582/625/640 599/642/640 598/641/640
f 579/622/642 581/624/642 588/631/642
f 599/642/643 582/625/643 578/621/643
f 585/628/645 587/630/645 594/645/645
f 593/636/646 600/643/646 596/639/646
f 603/649/655 608/654/655 607/653/655
f 612/658/656 605/651/656 604/650/656
f 602/648/657 606/652/657 605/651/657
f 609/655/658 608/654/658 612/658/658
f 609/655/659 614/674/659 613/671/659
f 618/672/660 611/657/660 610/656/660
f 615/661/661 614/660/661 618/664/661
f 620/666/662 619/665/662 613/659/662
f 624/670/663 617/663/663 616/662/663
f 621/667/664 620/666/664 624/670/664
f 602/648/665 601/647/665 619/665/665
f 623/669/666 622/668/666 604/650/666
f 605/651/668 612/658/668 608/654/668
f 623/669/669 606/652/669 602/648/669
f 611/657/671 618/672/671 614/674/671
f 617/663/672 624/670/672 620/666/672
f 632/682/687 631/681/687 625/675/687
f 636/686/688 629/679/688 628/678/688
f 630/680/689 629/679/689 627/677/689
f 633/683/690 632/682/690 636/686/690
f 638/688/691 637/687/691 631/681/691
f 635/685/692 634/684/692 640/690/692
f 641/691/693 639/689/693 638/688/693
f 644/694/694 643/693/694 637/687/694
f 641/691/695 640/690/695 646/696/695
f 645/695/696 644/694/696 648/698/696
f 645/717/697 650/700/697 649/699/697
f 647/719/698 646/1021/698 652/702/698
f 651/701/699 650/700/699 654/704/699
f 651/701/700 656/706/700 655/705/700
f 653/703/701 652/702/701 658/708/701
f 659/709/702 657/707/702 656/706/702
f 657/707/703 662/712/703 661/711/703
f 659/709/704 658/708/704 664/714/704
f 665/715/990 663/713/990 662/712/990
f 663/713/706 626/676/706 625/675/706
f 665/715/707 664/714/707 628/678/707
f 629/679/991 636/686/991 632/682/991
f 665/715/710 630/680/710 626/676/710
f 633/683/712 635/685/712 642/692/712
f 639/689/713 641/691/713 648/698/713
f 647/719/714 654/704/714 650/700/714
f 651/701/715 653/703/715 660/710/715
f 659/709/716 666/716/716 662/712/716
f 669/725/725 674/730/725 673/729/725
f 671/727/726 670/726/726 676/732/726
f 672/728/727 671/727/727 669/725/727
f 677/733/728 675/731/728 674/730/728
f 680/747/729 679/1026/729 673/729/729
f 684/748/730 677/733/730 676/732/730
f 683/739/731 681/737/731 680/736/731
f 681/737/992 686/742/992 685/741/992
f 683/739/733 682/738/733 688/744/733
f 687/743/734 686/742/734 690/746/734
f 668/724/735 667/723/735 685/741/735
f 672/728/736 689/745/736 688/744/736
f 671/727/738 678/734/738 674/730/738
f 687/743/739 689/745/739 672/728/739
f 675/731/741 677/733/741 684/748/741
f 683/739/742 690/746/742 686/742/742
f 698/757/755 697/756/755 691/750/755
f 695/754/756 694/753/756 700/759/756
f 696/755/757 695/754/757 693/752/757
f 699/758/758 698/757/758 702/761/758
f 699/758/759 704/763/759 703/762/759
f 708/767/760 701/760/760 700/759/760
f 705/764/761 704/763/761 708/767/761
f 705/764/762 710/792/762 709/786/762
f 707/766/763 706/765/763 712/787/763
f 711/770/764 710/769/764 714/773/764
f 716/775/765 715/774/765 709/768/765
f 713/772/766 712/771/766 718/777/766
f 719/778/767 717/776/767 716/775/767
f 722/781/768 721/780/768 715/774/768
f 726/785/769 719/778/769 718/777/769
f 723/782/770 722/781/770 726/785/770
f 692/751/771 691/750/771 721/780/771
f 696/755/994 725/784/994 724/783/994
f 695/754/774 702/761/774 698/757/774
f 725/784/775 696/755/775 692/751/775
f 701/760/777 708/767/777 704/763/777
f 707/766/778 714/788/778 710/792/778
f 713/772/779 720/779/779 716/775/779
f 717/776/780 719/778/780 726/785/780
f 729/795/791 734/800/791 733/799/791
f 738/804/792 731/797/792 730/796/792
f 732/798/793 731/797/793 729/795/793
f 735/801/794 734/800/794 738/804/794
f 735/801/795 740/806/795 739/805/795
f 737/803/796 736/802/796 742/808/796
f 741/807/797 740/806/797 744/810/797
f 741/823/798 746/812/798 745/811/798
f 750/816/799 743/829/799 742/825/799
f 749/815/800 747/813/800 746/812/800
f 752/818/801 751/817/801 745/811/801
f 756/822/802 749/815/802 748/814/802
f 753/819/803 752/818/803 756/822/803
f 753/819/804 728/794/804 727/793/804
f 732/798/805 755/821/805 754/820/805
f 731/797/807 738/804/807 734/800/807
f 755/821/808 732/798/808 728/794/808
f 735/801/810 737/803/810 744/810/810
f 743/829/811 750/816/811 746/812/811
f 749/815/812 756/822/812 752/818/812
f 764/837/819 763/836/819 757/830/819
f 761/834/820 760/833/820 766/839/820
f 758/831/821 762/835/821 761/834/821
f 765/838/822 764/837/822 768/841/822
f 770/843/823 769/842/823 763/848/823
f 767/850/824 766/1030/824 772/845/824
f 773/846/825 771/844/825 770/843/825
f 758/831/826 757/830/826 769/842/826
f 762/835/827 773/846/827 772/845/827
f 761/834/829 768/841/829 764/837/829
f 773/846/830 762/835/830 758/831/830
f 765/849/832 767/850/832 774/847/832
f 777/853/847 782/858/847 781/857/847
f 786/862/848 779/855/848 778/854/848
f 776/852/995 780/856/995 779/855/995
f 783/859/850 782/858/850 786/862/850
f 783/859/851 788/864/851 787/863/851
f 785/861/852 784/860/852 790/866/852
f 789/865/853 788/864/853 792/868/853
f 794/870/854 793/869/854 787/863/854
f 798/874/855 791/867/855 790/866/855
f 797/873/856 795/871/856 794/870/856
f 795/893/857 800/876/857 799/875/857
f 797/895/858 796/1031/858 802/878/858
f 801/877/859 800/876/859 804/880/859
f 806/882/860 805/881/860 799/875/860
f 803/879/861 802/878/861 808/884/861
f 807/883/862 806/882/862 810/886/862
f 807/883/863 812/888/863 811/887/863
f 816/892/864 809/885/864 808/884/864
f 813/889/996 812/888/996 816/892/996
f 776/852/997 775/851/997 811/887/997
f 780/856/867 815/891/867 814/890/867
f 779/855/869 786/862/869 782/858/869
f 815/891/870 780/856/870 776/852/870
f 785/861/872 792/868/872 788/864/872
f 789/865/873 791/867/873 798/874/873
f 797/895/874 804/880/874 800/876/874
f 803/879/875 810/886/875 806/882/875
f 809/885/876 816/892/876 812/888/876
f 824/907/891 823/906/891 817/900/891
f 828/911/892 821/904/892 820/903/892
f 818/901/893 822/905/893 821/904/893
f 827/910/894 825/908/894 824/907/894
f 825/908/895 830/913/895 829/912/895
f 834/917/896 827/910/896 826/909/896
f 831/914/897 830/913/897 834/917/897
f 831/914/898 836/919/898 835/918/898
f 833/916/899 832/915/899 838/921/899
f 837/920/998 836/919/998 840/923/998
f 837/942/901 842/925/901 841/924/901
f 846/929/999 839/949/999 838/944/999
f 845/928/903 843/926/903 842/925/903
f 843/926/904 848/931/904 847/930/904
f 845/928/905 844/927/905 850/933/905
f 849/932/1000 848/931/1000 852/935/1000
f 849/932/907 854/937/907 853/936/907
f 858/941/908 851/934/908 850/933/908
f 857/940/909 855/938/909 854/937/909
f 818/901/910 817/900/910 853/936/910
f 857/940/911 856/939/911 820/903/911
f 821/904/913 828/911/913 824/907/913
f 857/940/914 822/905/914 818/901/914
f 825/908/916 827/910/916 834/917/916
f 833/916/917 840/923/917 836/919/917
f 839/949/918 846/929/918 842/925/918
f 845/928/919 852/935/919 848/931/919
f 849/932/920 851/934/920 858/941/920
f 861/952/927 866/957/927 865/956/927
f 870/961/928 863/954/928 862/953/928
f 864/955/1001 863/954/1001 861/952/1001
f 867/958/930 866/957/930 870/961/930
f 867/968/931 872/963/931 871/962/931
f 869/970/932 868/1037/932 874/965/932
f 873/964/933 872/963/933 876/967/933
f 860/951/934 859/950/934 871/962/934
f 875/966/935 874/965/935 862/953/935
f 863/954/937 870/961/937 866/957/937
f 875/966/938 864/955/938 860/951/938
f 869/970/940 876/967/940 872/963/940
f 877/971/949 879/973/949 884/975/949
f 878/983/950 880/986/950 882/984/950
f 886/974/951 888/975/951 882/973/951
f 885/983/952 884/985/952 888/984/952
f 883/974/953 885/976/953 896/981/953
f 898/980/954 900/981/954 887/976/954
f 897/987/955 896/993/955 900/988/955
f 895/980/956 897/982/956 890/978/956
f 898/980/957 892/977/957 894/978/957
f 893/988/958 891/993/958 890/987/958
f 889/977/1002 891/979/1002 878/972/1002
f 881/971/960 880/972/960 893/979/960
f 895/980/961 889/977/961 877/971/961
f 882/990/962 888/994/962 884/991/962
f 893/988/963 880/986/963 878/983/963
f 886/974/964 881/971/964 892/977/964
f 887/986/965 900/988/965 896/993/965
f 899/994/966 894/990/966 890/992/966
usemtl wood_end
f 175/147/203 187/148/203 169/149/203
f 178/147/206 190/148/206 184/150/206
f 199/190/239 211/191/239 223/192/239
f 220/193/242 214/194/242 208/195/242
f 235/147/267 247/148/267 229/149/267
f 232/149/270 244/150/270 238/147/270
f 271/263/303 277/264/303 283/192/303
f 274/265/306 268/195/306 256/149/306
f 295/299/336 307/300/336 313/301/336
f 292/149/339 316/302/339 310/303/339
f 325/299/368 331/337/368 337/338/368
f 322/149/371 346/339/371 340/340/371
f 349/149/390 355/362/390 361/363/390
f 358/362/393 352/149/393 364/363/393
f 379/397/420 385/398/420 391/399/420
f 370/149/423 394/400/423 388/303/423
f 397/149/442 403/362/442 409/422/442
f 406/362/445 400/149/445 412/423/445
f 415/149/462 421/362/462 427/445/462
f 424/195/465 418/149/465 430/193/465
f 445/480/492 451/481/492 457/482/492
f 436/149/495 454/303/495 448/483/495
f 469/299/524 481/517/524 487/518/524
f 466/149/527 490/519/527 484/340/527
f 529/565/566 499/566/566 511/567/566
f 514/568/569 508/569/569 496/570/569
f 535/149/590 541/362/590 547/592/590
f 544/195/593 538/149/593 550/592/593
f 559/147/615 571/148/615 553/149/615
f 562/147/618 574/148/618 568/150/618
f 583/147/641 595/148/641 577/149/641
f 580/149/644 592/150/644 586/147/644
f 601/149/667 613/150/667 619/148/667
f 610/147/670 622/148/670 616/150/670
f 661/720/708 631/566/708 643/721/708
f 646/568/711 640/722/711 628/149/711
f 673/147/737 685/148/737 667/149/737
f 676/147/740 688/148/740 682/150/740
f 709/789/773 715/790/773 721/791/773
f 694/149/776 718/592/776 706/195/776
f 739/826/806 745/340/806 751/399/806
f 730/149/809 754/827/809 748/828/809
f 757/149/828 763/362/828 769/445/828
f 766/362/831 760/149/831 772/363/831
f 805/896/868 811/897/868 781/898/868
f 778/149/871 808/899/871 796/721/871
f 823/898/912 835/945/912 847/946/912
f 820/149/915 850/947/915 838/948/915
f 859/149/936 865/362/936 871/423/936
f 868/362/939 862/149/939 874/363/939
f 175/147/203 181/150/203 187/148/203
f 178/147/206 172/149/206 190/148/206
f 223/192/239 193/149/239 199/190/239
f 199/190/239 205/195/239 211/191/239
f 211/191/239 217/264/239 223/192/239
f 208/195/242 202/190/242 196/149/242
f 196/149/242 226/998/242 208/195/242
f 226/998/242 220/193/242 208/195/242
f 235/147/267 241/150/267 247/148/267
f 232/149/270 250/148/270 244/150/270
f 283/192/303 253/149/303 271/263/303
f 253/149/303 259/190/303 271/263/303
f 259/190/303 265/195/303 271/263/303
f 268/195/306 262/190/306 256/149/306
f 256/149/306 286/192/306 280/264/306
f 280/264/306 274/265/306 256/149/306
f 313/301/336 289/149/336 295/299/336
f 295/299/336 301/480/336 307/300/336
f 304/1001/339 298/299/339 310/303/339
f 298/299/339 292/149/339 310/303/339
f 343/1003/368 319/149/368 337/338/368
f 319/149/368 325/299/368 337/338/368
f 334/826/371 328/299/371 340/340/371
f 328/299/371 322/149/371 340/340/371
f 391/399/420 367/149/420 373/299/420
f 373/299/420 379/397/420 391/399/420
f 382/1001/423 376/299/423 388/303/423
f 376/299/423 370/149/423 388/303/423
f 457/482/492 433/149/492 439/299/492
f 439/299/492 445/480/492 457/482/492
f 448/483/495 442/299/495 436/149/495
f 436/149/495 460/1008/495 454/303/495
f 487/518/524 463/149/524 469/299/524
f 469/299/524 475/1010/524 481/517/524
f 478/826/527 472/299/527 484/340/527
f 472/299/527 466/149/527 484/340/527
f 529/565/566 493/149/566 499/566/566
f 499/566/566 505/1012/566 511/567/566
f 511/567/566 517/1013/566 523/1014/566
f 523/1014/566 529/565/566 511/567/566
f 508/569/569 502/898/569 496/570/569
f 496/570/569 532/1015/569 514/568/569
f 532/1015/569 526/1016/569 514/568/569
f 526/1016/569 520/1017/569 514/568/569
f 559/147/615 565/150/615 571/148/615
f 562/147/618 556/149/618 574/148/618
f 583/147/641 589/150/641 595/148/641
f 580/149/644 598/148/644 592/150/644
f 601/149/667 607/147/667 613/150/667
f 610/147/670 604/149/670 622/148/670
f 661/720/708 625/149/708 631/566/708
f 631/566/708 637/1012/708 643/721/708
f 643/721/708 649/1022/708 655/1023/708
f 655/1023/708 661/720/708 643/721/708
f 640/722/711 634/566/711 628/149/711
f 628/149/711 664/1024/711 646/568/711
f 664/1024/711 658/1025/711 646/568/711
f 658/1025/711 652/1017/711 646/568/711
f 673/147/993 679/150/993 685/148/993
f 676/147/740 670/149/740 688/148/740
f 721/791/773 691/149/773 697/1027/773
f 697/1027/773 703/1028/773 721/791/773
f 703/1028/773 709/789/773 721/791/773
f 706/195/776 700/190/776 694/149/776
f 694/149/776 724/791/776 718/592/776
f 718/592/776 712/150/776 706/195/776
f 751/399/806 727/149/806 733/299/806
f 733/299/806 739/826/806 751/399/806
f 742/1029/809 736/299/809 748/828/809
f 736/299/809 730/149/809 748/828/809
f 811/897/868 775/149/868 781/898/868
f 781/898/868 787/1032/868 805/896/868
f 787/1032/868 793/1033/868 805/896/868
f 793/1033/868 799/1034/868 805/896/868
f 790/1032/871 784/898/871 778/149/871
f 778/149/871 814/897/871 808/899/871
f 808/899/871 802/1022/871 796/721/871
f 796/721/871 790/1032/871 778/149/871
f 853/720/912 817/570/912 823/898/912
f 823/898/912 829/569/912 835/945/912
f 835/945/912 841/1035/912 847/946/912
f 847/946/912 853/720/912 823/898/912
f 832/569/915 826/898/915 838/948/915
f 826/898/915 820/149/915 838/948/915
f 820/149/915 856/897/915 850/947/915
f 850/947/915 844/1036/915 838/948/915
