# Blender 4.5.10 LTS
# www.blender.org
mtllib stoker_trough_barrels.mtl
o stoker_trough_barrels
v 0.098475 0.004230 -0.056766
v 0.098517 0.014448 -0.058133
v 0.099900 0.014440 -0.056756
v 0.102195 0.845406 -0.057050
v 0.102244 0.855621 -0.055656
v 0.103578 0.845398 -0.055673
v 0.098739 0.004082 0.055474
v 0.100164 0.014293 0.055484
v 0.098787 0.014297 0.056867
v 0.102508 0.855473 0.056583
v 0.102466 0.845255 0.057950
v 0.103842 0.845250 0.056567
v -0.013764 0.004726 -0.056501
v -0.015098 0.014949 -0.056485
v -0.013722 0.014945 -0.057868
v -0.009995 0.856117 -0.055392
v -0.010043 0.845902 -0.056785
v -0.011420 0.845906 -0.055402
v -0.013500 0.004579 0.055738
v -0.013451 0.014794 0.057132
v -0.014834 0.014801 0.055755
v -0.009731 0.855970 0.056848
v -0.011156 0.845759 0.056838
v -0.009773 0.845751 0.058215
v 0.096431 0.005258 0.018787
v 0.095956 0.015479 0.017520
v 0.097715 0.015479 0.018365
v 0.094462 0.846439 0.020360
v 0.094900 0.856652 0.021697
v 0.096221 0.846439 0.021205
v 0.133614 0.004963 0.124689
v 0.134898 0.015184 0.124266
v 0.134053 0.015176 0.126026
v 0.132084 0.856357 0.127598
v 0.132559 0.846137 0.128866
v 0.133404 0.846144 0.127106
v -0.009471 0.004941 0.055969
v -0.010791 0.015154 0.056462
v -0.009946 0.015161 0.054702
v -0.011001 0.856334 0.058879
v -0.011440 0.846121 0.057542
v -0.012285 0.846114 0.059302
v 0.027713 0.004646 0.161871
v 0.028151 0.014859 0.163208
v 0.026392 0.014858 0.162363
v 0.026182 0.856039 0.164781
v 0.024898 0.845819 0.165203
v 0.026657 0.845819 0.166048
v 0.116070 0.005106 0.093386
v 0.115195 0.015327 0.092352
v 0.117131 0.015331 0.092603
v 0.112523 0.846275 0.097165
v 0.113332 0.856488 0.098317
v 0.114458 0.846280 0.097416
v 0.184552 0.004812 0.182313
v 0.185613 0.015037 0.181530
v 0.185362 0.015025 0.183465
v 0.181814 0.856193 0.187244
v 0.182689 0.845973 0.188278
v 0.182940 0.845985 0.186343
v 0.027144 0.004424 0.161866
v 0.026018 0.014632 0.162767
v 0.026269 0.014644 0.160832
v 0.024406 0.855805 0.166797
v 0.023596 0.845592 0.165644
v 0.023345 0.845580 0.167580
v 0.095626 0.004129 0.250792
v 0.096435 0.014342 0.251945
v 0.094500 0.014337 0.251694
v 0.092888 0.855510 0.255723
v 0.091827 0.845285 0.256506
v 0.093762 0.845290 0.256758
v 0.157690 0.003721 0.161431
v 0.156551 0.013940 0.160679
v 0.158461 0.013937 0.160275
v 0.158027 0.844905 0.160706
v 0.159202 0.855120 0.161459
v 0.159936 0.844902 0.160302
v 0.251775 0.003552 0.222634
v 0.252546 0.013768 0.221477
v 0.252950 0.013767 0.223387
v 0.253287 0.854951 0.222662
v 0.254426 0.844732 0.223414
v 0.254022 0.844733 0.221505
v 0.096487 0.003827 0.255516
v 0.095753 0.014045 0.256674
v 0.095349 0.014046 0.254764
v 0.098000 0.855226 0.255544
v 0.096825 0.845011 0.254791
v 0.097229 0.845010 0.256701
v 0.190573 0.003658 0.316719
v 0.191748 0.013872 0.317472
v 0.189838 0.013876 0.317876
v 0.192085 0.855056 0.316747
v 0.191314 0.844841 0.317903
v 0.193223 0.844838 0.317499
v 0.218194 0.005143 0.207568
v 0.216889 0.015364 0.207249
v 0.218561 0.015360 0.206242
v 0.219708 0.846325 0.208322
v 0.221082 0.856537 0.208667
v 0.221380 0.846321 0.207315
v 0.327130 0.004738 0.234598
v 0.327497 0.014956 0.233272
v 0.328504 0.014950 0.234944
v 0.330018 0.856133 0.235697
v 0.331323 0.845911 0.236016
v 0.330316 0.845916 0.234344
v 0.191164 0.005094 0.316505
v 0.190866 0.015310 0.317857
v 0.189859 0.015316 0.316186
v 0.194052 0.856488 0.317604
v 0.192678 0.846276 0.317258
v 0.193685 0.846271 0.318930
v 0.300100 0.004689 0.343535
v 0.301474 0.014901 0.343880
v 0.299802 0.014905 0.344887
v 0.302988 0.856084 0.344634
v 0.302621 0.845866 0.345960
v 0.304293 0.845862 0.344953
v 0.291002 0.005445 0.230582
v 0.289662 0.015666 0.230745
v 0.290915 0.015667 0.229248
v 0.292497 0.846620 0.234074
v 0.293906 0.856833 0.233992
v 0.293749 0.846622 0.232577
v 0.402800 0.005103 0.220634
v 0.402712 0.015326 0.219301
v 0.404209 0.015316 0.220553
v 0.405704 0.856491 0.224045
v 0.407043 0.846271 0.223881
v 0.405547 0.846281 0.222629
v 0.300948 0.004963 0.342379
v 0.301105 0.015174 0.343795
v 0.299608 0.015184 0.342543
v 0.303852 0.856351 0.345790
v 0.302443 0.846139 0.345871
v 0.303939 0.846129 0.347123
v 0.412746 0.004622 0.332432
v 0.414155 0.014834 0.332350
v 0.412903 0.014832 0.333847
v 0.415650 0.856010 0.335842
v 0.415737 0.845787 0.337176
v 0.416990 0.845789 0.335679
v 0.372712 0.003887 0.227481
v 0.371412 0.014094 0.228114
v 0.372129 0.014112 0.226299
v 0.368658 0.845028 0.234968
v 0.369890 0.855253 0.234503
v 0.369375 0.845045 0.233153
v 0.475693 0.004596 0.182847
v 0.475110 0.014821 0.181665
v 0.476925 0.014821 0.182383
v 0.472871 0.855963 0.189870
v 0.474171 0.845755 0.189237
v 0.472356 0.845755 0.188519
v 0.417350 0.003185 0.330461
v 0.417865 0.013393 0.331811
v 0.416050 0.013393 0.331094
v 0.414528 0.854552 0.337483
v 0.413296 0.844327 0.337947
v 0.415111 0.844327 0.338665
v 0.520331 0.003895 0.285827
v 0.521563 0.014120 0.285362
v 0.520846 0.014103 0.287177
v 0.517509 0.855261 0.292849
v 0.518092 0.845036 0.294031
v 0.518809 0.845054 0.292216
v 0.442175 0.005190 0.207982
v 0.441208 0.015415 0.208877
v 0.441298 0.015408 0.206927
v 0.445533 0.846366 0.206100
v 0.446606 0.856574 0.205137
v 0.445623 0.846359 0.204151
v 0.525131 0.004506 0.132380
v 0.524254 0.014724 0.131325
v 0.526204 0.014714 0.131416
v 0.529562 0.855889 0.129535
v 0.530529 0.845664 0.128639
v 0.528579 0.845674 0.128549
v 0.517778 0.005074 0.290940
v 0.518760 0.015289 0.291925
v 0.516811 0.015299 0.291835
v 0.522209 0.856458 0.288095
v 0.521136 0.846249 0.289058
v 0.523085 0.846240 0.289149
v 0.600734 0.004389 0.215338
v 0.601807 0.014598 0.214374
v 0.601716 0.014605 0.216323
v 0.605165 0.855773 0.212493
v 0.606041 0.845555 0.213547
v 0.606131 0.845548 0.211597
v 0.503796 0.003426 0.156244
v 0.503131 0.013639 0.157485
v 0.502581 0.013644 0.155612
v 0.502852 0.844602 0.159854
v 0.503510 0.854822 0.158672
v 0.502303 0.844607 0.157981
v 0.557589 0.003725 0.057736
v 0.556375 0.013943 0.057103
v 0.558247 0.013945 0.056554
v 0.557304 0.855121 0.060163
v 0.557969 0.844908 0.058923
v 0.556096 0.844906 0.059472
v 0.602305 0.003305 0.210038
v 0.603513 0.013521 0.210728
v 0.601640 0.013518 0.211278
v 0.602020 0.854702 0.212465
v 0.601362 0.844481 0.213647
v 0.603234 0.844484 0.213097
v 0.656098 0.003604 0.111529
v 0.656756 0.013825 0.110347
v 0.657306 0.013819 0.112220
v 0.655813 0.855001 0.113956
v 0.657028 0.844782 0.114589
v 0.656478 0.844788 0.112716
v 0.549822 0.004554 0.090431
v 0.549525 0.014762 0.091846
v 0.548396 0.014763 0.090255
v 0.544208 0.845699 0.096277
v 0.544374 0.855925 0.094971
v 0.543079 0.845701 0.094685
v 0.568629 0.005264 -0.020220
v 0.567203 0.015473 -0.020396
v 0.568795 0.015490 -0.021526
v 0.563181 0.856635 -0.015680
v 0.563478 0.846427 -0.017095
v 0.561886 0.846411 -0.015965
v 0.660473 0.005162 0.109242
v 0.661768 0.015386 0.109528
v 0.660176 0.015370 0.110657
v 0.655025 0.856532 0.113782
v 0.654859 0.846307 0.115088
v 0.656451 0.846323 0.113959
v 0.679280 0.005872 -0.001409
v 0.679446 0.016097 -0.002715
v 0.680575 0.016096 -0.001123
v 0.673832 0.857243 0.003131
v 0.675258 0.847034 0.003308
v 0.674129 0.847035 0.001716
v 0.566819 0.003287 0.017031
v 0.566991 0.013504 0.018392
v 0.565398 0.013495 0.017265
v 0.562038 0.844456 0.018476
v 0.561744 0.854671 0.017117
v 0.560444 0.844447 0.017349
v 0.547868 0.003185 -0.093598
v 0.546447 0.013393 -0.093364
v 0.547574 0.013400 -0.094957
v 0.542793 0.854570 -0.093511
v 0.542621 0.844352 -0.094873
v 0.541494 0.844345 -0.093280
v 0.677445 0.003948 -0.001920
v 0.678744 0.014173 -0.002152
v 0.677617 0.014166 -0.000559
v 0.672370 0.855333 -0.001833
v 0.672664 0.845117 -0.000474
v 0.673791 0.845124 -0.002067
v 0.658495 0.003846 -0.112549
v 0.658201 0.014062 -0.113908
v 0.659794 0.014071 -0.112780
v 0.653420 0.855231 -0.112462
v 0.654841 0.845023 -0.112696
v 0.653248 0.845013 -0.113823
v 0.561541 0.004441 -0.060714
v 0.562154 0.014655 -0.059453
v 0.560280 0.014649 -0.059997
v 0.557951 0.845600 -0.055224
v 0.557235 0.855820 -0.056382
v 0.556077 0.845594 -0.055769
v 0.507482 0.004669 -0.159077
v 0.506221 0.014876 -0.158360
v 0.506765 0.014888 -0.160234
v 0.503175 0.856047 -0.154745
v 0.502562 0.845833 -0.156006
v 0.502017 0.845821 -0.154132
v 0.659903 0.005214 -0.114771
v 0.661061 0.015440 -0.115384
v 0.660516 0.015428 -0.113510
v 0.655597 0.856592 -0.110439
v 0.656313 0.846373 -0.109282
v 0.656858 0.846385 -0.111156
v 0.605843 0.005441 -0.213134
v 0.605127 0.015661 -0.214292
v 0.607001 0.015667 -0.213747
v 0.601537 0.856819 -0.208802
v 0.602798 0.846612 -0.209519
v 0.600924 0.846606 -0.210063
v 0.522836 0.003464 -0.131335
v 0.523927 0.013672 -0.130389
v 0.521978 0.013685 -0.130298
v 0.529722 0.844617 -0.129041
v 0.528773 0.854842 -0.129954
v 0.527773 0.844631 -0.128950
v 0.439858 0.004165 -0.206913
v 0.439000 0.014387 -0.205876
v 0.438909 0.014391 -0.207826
v 0.445796 0.855544 -0.205532
v 0.444704 0.845336 -0.206478
v 0.444795 0.845332 -0.204528
v 0.598413 0.003072 -0.214315
v 0.599414 0.013283 -0.215319
v 0.599505 0.013280 -0.213369
v 0.604351 0.854450 -0.212934
v 0.605300 0.844225 -0.212021
v 0.605209 0.844229 -0.213971
v 0.515436 0.003773 -0.289893
v 0.514487 0.013998 -0.290806
v 0.516436 0.013985 -0.290897
v 0.521373 0.855151 -0.288512
v 0.522231 0.844930 -0.289549
v 0.520282 0.844943 -0.289458
v 0.474335 0.004222 -0.187593
v 0.475587 0.014442 -0.187057
v 0.473772 0.014440 -0.186340
v 0.474382 0.845407 -0.188067
v 0.473101 0.855621 -0.188629
v 0.472567 0.845405 -0.187350
v 0.371355 0.004019 -0.232235
v 0.370792 0.014236 -0.230982
v 0.370074 0.014233 -0.232797
v 0.370121 0.855417 -0.233271
v 0.368870 0.845198 -0.233807
v 0.369587 0.845201 -0.231992
v 0.518977 0.004162 -0.290573
v 0.519512 0.014378 -0.291852
v 0.520229 0.014381 -0.290037
v 0.517743 0.855560 -0.291609
v 0.519024 0.845346 -0.291047
v 0.518307 0.845343 -0.292862
v 0.415998 0.003958 -0.335215
v 0.414717 0.014173 -0.335777
v 0.416532 0.014174 -0.336494
v 0.414763 0.855357 -0.336251
v 0.415327 0.845139 -0.337504
v 0.413512 0.845138 -0.336787
v 0.404702 0.004972 -0.222211
v 0.406071 0.015189 -0.222117
v 0.404577 0.015192 -0.220861
v 0.405634 0.846153 -0.224181
v 0.404254 0.856369 -0.224326
v 0.404140 0.846155 -0.222926
v 0.292881 0.004889 -0.231903
v 0.292756 0.015109 -0.230554
v 0.291501 0.015104 -0.232048
v 0.292433 0.856286 -0.234018
v 0.291063 0.846068 -0.234112
v 0.292319 0.846073 -0.232618
v 0.414394 0.004699 -0.334031
v 0.414508 0.014912 -0.335431
v 0.415764 0.014917 -0.333937
v 0.413946 0.856096 -0.336146
v 0.415326 0.845880 -0.336002
v 0.414071 0.845876 -0.337496
v 0.302573 0.004616 -0.343724
v 0.301193 0.014832 -0.343868
v 0.302687 0.014829 -0.345124
v 0.302126 0.856013 -0.345839
v 0.302250 0.845793 -0.347188
v 0.300756 0.845795 -0.345933
v 0.331169 0.004839 -0.239760
v 0.332451 0.015065 -0.240040
v 0.331461 0.015049 -0.238358
v 0.328022 0.846002 -0.234641
v 0.326632 0.856209 -0.234229
v 0.327032 0.845986 -0.232959
v 0.222524 0.004077 -0.211593
v 0.222816 0.014287 -0.210191
v 0.221134 0.014284 -0.211180
v 0.217986 0.855447 -0.206062
v 0.216705 0.845221 -0.205782
v 0.218387 0.845224 -0.204792
v 0.302999 0.005395 -0.348406
v 0.302598 0.015618 -0.349675
v 0.304280 0.015621 -0.348686
v 0.298461 0.856765 -0.342874
v 0.299851 0.846558 -0.343287
v 0.298169 0.846555 -0.344277
v 0.194353 0.004633 -0.320239
v 0.192963 0.014840 -0.319826
v 0.193952 0.014856 -0.321508
v 0.189815 0.856003 -0.314707
v 0.189523 0.845793 -0.316110
v 0.188534 0.845777 -0.314427
v 0.250131 0.004034 -0.224087
v 0.251322 0.014250 -0.224790
v 0.250923 0.014242 -0.222880
v 0.254286 0.845200 -0.220474
v 0.253168 0.855417 -0.219665
v 0.253887 0.845192 -0.218563
v 0.156234 0.004049 -0.162596
v 0.157026 0.014257 -0.161388
v 0.155116 0.014266 -0.161787
v 0.159271 0.855433 -0.158173
v 0.158080 0.845216 -0.157470
v 0.159990 0.845207 -0.157072
v 0.188641 0.004741 -0.317982
v 0.187921 0.014966 -0.319084
v 0.189832 0.014957 -0.318685
v 0.191678 0.856124 -0.313560
v 0.192796 0.845907 -0.314369
v 0.190885 0.845916 -0.314767
v 0.094744 0.004757 -0.256491
v 0.093626 0.014973 -0.255682
v 0.094024 0.014982 -0.257592
v 0.097781 0.856140 -0.252068
v 0.096988 0.845932 -0.253276
v 0.096590 0.845923 -0.251365
v 0.182782 0.004688 -0.186273
v 0.183645 0.014907 -0.187326
v 0.183893 0.014899 -0.185390
v 0.185159 0.845866 -0.184144
v 0.184334 0.856080 -0.183013
v 0.185407 0.845858 -0.182208
v 0.114119 0.004473 -0.097486
v 0.115230 0.014684 -0.096603
v 0.113294 0.014687 -0.096355
v 0.115671 0.855865 -0.094226
v 0.114808 0.845646 -0.093173
v 0.116744 0.845643 -0.093421
v 0.093995 0.005112 -0.254935
v 0.092922 0.015334 -0.255740
v 0.094858 0.015332 -0.255988
v 0.095547 0.856505 -0.251675
v 0.096372 0.846291 -0.252806
v 0.094436 0.846293 -0.252558
v 0.025332 0.004898 -0.166148
v 0.024507 0.015112 -0.165017
v 0.024259 0.015119 -0.166953
v 0.026884 0.856290 -0.162888
v 0.025773 0.846078 -0.163771
v 0.026021 0.846071 -0.161835
v 0.131723 0.003820 -0.128051
v 0.132162 0.014037 -0.129366
v 0.133028 0.014038 -0.127617
v 0.131933 0.845003 -0.129922
v 0.131489 0.855220 -0.128621
v 0.132799 0.845004 -0.128173
v 0.095817 0.003882 -0.021710
v 0.097122 0.014099 -0.021275
v 0.095373 0.014099 -0.020409
v 0.095583 0.855282 -0.022279
v 0.095144 0.845066 -0.020965
v 0.096893 0.845065 -0.021831
v 0.025381 0.003767 -0.163957
v 0.024071 0.013983 -0.164406
v 0.025820 0.013983 -0.165272
v 0.025147 0.855167 -0.164527
v 0.025591 0.844949 -0.165828
v 0.023842 0.844950 -0.164962
v -0.010525 0.003828 -0.057616
v -0.010969 0.014046 -0.056315
v -0.011835 0.014045 -0.058064
v -0.010759 0.855228 -0.058185
v -0.012064 0.845011 -0.058620
v -0.011198 0.845012 -0.056871
v 0.317765 0.100100 0.358038
v 0.317551 0.106100 0.364287
v 0.317765 0.175100 0.358038
v 0.317551 0.169100 0.364287
v 0.126137 0.100100 0.294586
v 0.122579 0.106100 0.299728
v 0.126137 0.175100 0.294586
v 0.122579 0.169100 0.299728
v -0.000765 0.100100 0.137605
v -0.006539 0.106100 0.140007
v -0.000765 0.175100 0.137605
v -0.006539 0.169100 0.140007
v -0.022652 0.100100 -0.063065
v -0.028808 0.106100 -0.064166
v -0.022652 0.175100 -0.063065
v -0.028808 0.169100 -0.064166
v 0.067426 0.100100 -0.243712
v 0.062842 0.106100 -0.247966
v 0.067426 0.175100 -0.243712
v 0.062842 0.169100 -0.247966
v 0.240869 0.100100 -0.346982
v 0.239313 0.106100 -0.353038
v 0.240869 0.175100 -0.346982
v 0.239313 0.169100 -0.353038
v 0.442610 0.100100 -0.340088
v 0.444576 0.106100 -0.346024
v 0.442610 0.175100 -0.340088
v 0.444576 0.169100 -0.346024
v 0.608599 0.100100 -0.225218
v 0.613462 0.106100 -0.229149
v 0.608599 0.175100 -0.225218
v 0.613462 0.169100 -0.229149
v 0.686135 0.100100 -0.038843
v 0.692351 0.106100 -0.039521
v 0.686135 0.175100 -0.038843
v 0.692351 0.169100 -0.039521
v 0.650600 0.100100 0.159864
v 0.656196 0.106100 0.162654
v 0.650600 0.175100 0.159864
v 0.656196 0.169100 0.162654
v 0.513277 0.100100 0.307815
v 0.516476 0.106100 0.313188
v 0.513277 0.175100 0.307815
v 0.516476 0.169100 0.313188
v 0.314949 0.478500 0.357930
v 0.314687 0.484500 0.364178
v 0.314949 0.553500 0.357930
v 0.314687 0.547500 0.364178
v 0.123827 0.478500 0.292973
v 0.120228 0.484500 0.298087
v 0.123827 0.553500 0.292973
v 0.120228 0.547500 0.298087
v -0.001837 0.478500 0.134999
v -0.007629 0.484500 0.137356
v -0.001837 0.553500 0.134999
v -0.007629 0.547500 0.137356
v -0.022145 0.478500 -0.065836
v -0.028292 0.484500 -0.066985
v -0.022145 0.553500 -0.065836
v -0.028292 0.547500 -0.066985
v 0.069350 0.478500 -0.245769
v 0.064801 0.484500 -0.250059
v 0.069350 0.553500 -0.245769
v 0.064801 0.547500 -0.250059
v 0.243600 0.478500 -0.347672
v 0.242092 0.484500 -0.353741
v 0.243600 0.553500 -0.347672
v 0.242092 0.547500 -0.353741
v 0.445282 0.478500 -0.339191
v 0.447294 0.484500 -0.345112
v 0.445282 0.553500 -0.339191
v 0.447294 0.547500 -0.345112
v 0.610362 0.478500 -0.223020
v 0.615256 0.484500 -0.226913
v 0.610362 0.553500 -0.223020
v 0.615256 0.547500 -0.226913
v 0.686429 0.478500 -0.036041
v 0.692651 0.484500 -0.036671
v 0.686429 0.553500 -0.036041
v 0.692651 0.547500 -0.036671
v 0.649333 0.478500 0.162380
v 0.654907 0.484500 0.165215
v 0.649333 0.553500 0.162380
v 0.654907 0.547500 0.165215
v 0.510850 0.478500 0.309247
v 0.514007 0.484500 0.314645
v 0.510850 0.553500 0.309247
v 0.514007 0.547500 0.314645
v 0.316065 0.770900 0.325949
v 0.315798 0.776900 0.332197
v 0.316065 0.845900 0.325949
v 0.315798 0.839900 0.332197
v 0.142056 0.770900 0.266672
v 0.138454 0.776900 0.271783
v 0.142056 0.845900 0.266672
v 0.138454 0.839900 0.271783
v 0.027718 0.770900 0.122729
v 0.021924 0.776900 0.125081
v 0.027718 0.845900 0.122729
v 0.021924 0.839900 0.125081
v 0.009352 0.770900 -0.060180
v 0.003206 0.776900 -0.061334
v 0.009352 0.845900 -0.060180
v 0.003206 0.839900 -0.061334
v 0.092790 0.770900 -0.223982
v 0.088243 0.776900 -0.228276
v 0.092790 0.845900 -0.223982
v 0.088243 0.839900 -0.228276
v 0.251540 0.770900 -0.316672
v 0.250036 0.776900 -0.322741
v 0.251540 0.845900 -0.316672
v 0.250036 0.839900 -0.322741
v 0.435201 0.770900 -0.308820
v 0.437217 0.776900 -0.314739
v 0.435201 0.845900 -0.308820
v 0.437217 0.839900 -0.314739
v 0.585461 0.770900 -0.202920
v 0.590358 0.776900 -0.206809
v 0.585461 0.845900 -0.202920
v 0.590358 0.839900 -0.206809
v 0.654614 0.770900 -0.032594
v 0.660837 0.776900 -0.033219
v 0.654614 0.845900 -0.032594
v 0.660837 0.839900 -0.033219
v 0.620705 0.770900 0.148080
v 0.626277 0.776900 0.150918
v 0.620705 0.845900 0.148080
v 0.626277 0.839900 0.150918
v 0.494499 0.770900 0.281740
v 0.497652 0.776900 0.287140
v 0.494499 0.845900 0.281740
v 0.497652 0.839900 0.287140
v 0.607569 0.199665 -0.281617
v 0.607489 0.200759 -0.288454
v 0.614395 0.200823 -0.281681
v 0.606481 0.288593 -0.288259
v 0.606536 0.289658 -0.281417
v 0.613387 0.288657 -0.281486
v 0.613016 0.198490 0.274675
v 0.619843 0.199649 0.274611
v 0.613071 0.199556 0.281518
v 0.611983 0.288484 0.274876
v 0.612063 0.287390 0.281713
v 0.618835 0.287483 0.274806
v 0.051312 0.193269 -0.276183
v 0.044460 0.194270 -0.276114
v 0.051232 0.194363 -0.283020
v 0.050279 0.283263 -0.275983
v 0.050224 0.282197 -0.282825
v 0.043452 0.282104 -0.275918
v 0.056759 0.192094 0.280109
v 0.056814 0.193160 0.286951
v 0.049908 0.193096 0.280178
v 0.055727 0.282088 0.280309
v 0.048900 0.280930 0.280374
v 0.055806 0.280994 0.287147
v 0.299920 0.802971 -0.151632
v 0.298442 0.803555 -0.151984
v 0.300048 0.804065 -0.152831
v 0.257175 0.951259 -0.141361
v 0.258152 0.952469 -0.140880
v 0.258781 0.951769 -0.142208
v 0.502072 0.854516 -0.083023
v 0.502200 0.855610 -0.084222
v 0.503049 0.855726 -0.082542
v 0.460303 1.004014 -0.072271
v 0.461782 1.003430 -0.071919
v 0.460933 1.003314 -0.073599
v 0.237562 0.770584 0.056435
v 0.236933 0.771284 0.057763
v 0.236084 0.771168 0.056083
v 0.195794 0.920082 0.067187
v 0.194817 0.918872 0.066706
v 0.195666 0.918988 0.068386
v 0.439714 0.822129 0.125044
v 0.440691 0.823339 0.125525
v 0.439084 0.822829 0.126372
v 0.397945 0.971627 0.135796
v 0.397817 0.970533 0.136995
v 0.399424 0.971043 0.136148
v 0.195787 0.765868 -0.139489
v 0.194832 0.766496 -0.139737
v 0.196003 0.766546 -0.140417
v 0.189876 0.876792 -0.140052
v 0.190770 0.877504 -0.139808
v 0.191046 0.876842 -0.140732
v 0.348069 0.772827 -0.099003
v 0.348285 0.773505 -0.099931
v 0.348964 0.773539 -0.098760
v 0.343052 0.884463 -0.099322
v 0.344007 0.883835 -0.099074
v 0.343328 0.883801 -0.100246
v 0.155323 0.764485 0.012951
v 0.155047 0.765146 0.013875
v 0.154368 0.765113 0.012703
v 0.150306 0.876121 0.012632
v 0.149411 0.875409 0.012388
v 0.150090 0.875443 0.013560
v 0.307605 0.771444 0.053437
v 0.308499 0.772156 0.053681
v 0.307329 0.772105 0.054361
v 0.302588 0.883080 0.053118
v 0.302372 0.882401 0.054046
v 0.303543 0.882452 0.053366
v 0.204021 0.745979 -0.054594
v 0.202549 0.746589 -0.054953
v 0.204176 0.747095 -0.055777
v 0.162875 0.895079 -0.042174
v 0.163865 0.896272 -0.041661
v 0.164501 0.895585 -0.042998
v 0.406719 0.793958 0.017210
v 0.406873 0.795074 0.016028
v 0.407709 0.795151 0.017724
v 0.366562 0.944251 0.030144
v 0.368034 0.943641 0.030503
v 0.367199 0.943563 0.028807
v 0.138864 0.710713 0.152902
v 0.138227 0.711401 0.154240
v 0.137392 0.711323 0.152544
v 0.098707 0.861007 0.165836
v 0.097717 0.859813 0.165322
v 0.098552 0.859891 0.167019
v 0.341561 0.758692 0.224707
v 0.342551 0.759885 0.225221
v 0.340924 0.759380 0.226045
v 0.301404 0.908985 0.237641
v 0.301250 0.907869 0.238824
v 0.302876 0.908375 0.238000
v 0.288568 0.757509 -0.219156
v 0.287628 0.758163 -0.219760
v 0.289097 0.758309 -0.220026
v 0.275594 0.879806 -0.219507
v 0.276388 0.880630 -0.218900
v 0.277062 0.879952 -0.219773
v 0.431316 0.771424 -0.119541
v 0.431845 0.772224 -0.120410
v 0.432110 0.772248 -0.118934
v 0.419135 0.894545 -0.119285
v 0.420075 0.893891 -0.118681
v 0.419810 0.893868 -0.120157
v 0.189466 0.747406 -0.075732
v 0.188791 0.748083 -0.074860
v 0.188526 0.748060 -0.076336
v 0.177285 0.870526 -0.075476
v 0.176491 0.869703 -0.076083
v 0.176756 0.869726 -0.074607
v 0.332214 0.761321 0.023883
v 0.333008 0.762144 0.024489
v 0.331539 0.761999 0.024755
v 0.320033 0.884442 0.024139
v 0.319504 0.883642 0.025009
v 0.320973 0.883788 0.024743
v 0.345393 0.767365 -0.131925
v 0.345312 0.767998 -0.133024
v 0.346389 0.768148 -0.132031
v 0.338249 0.887393 -0.143340
v 0.338244 0.888210 -0.142366
v 0.339326 0.887543 -0.142347
v 0.351657 0.782486 0.038789
v 0.352653 0.783268 0.038683
v 0.351652 0.783303 0.039763
v 0.344508 0.903331 0.028348
v 0.344589 0.902698 0.029447
v 0.345590 0.902663 0.028367
v 0.174307 0.757859 -0.124805
v 0.173226 0.758527 -0.124825
v 0.174226 0.758493 -0.125905
v 0.167159 0.878705 -0.135247
v 0.167163 0.877888 -0.136221
v 0.166163 0.877922 -0.135141
v 0.180571 0.772980 0.045909
v 0.180567 0.773797 0.046883
v 0.179490 0.773647 0.045889
v 0.173423 0.893825 0.035467
v 0.172427 0.893042 0.035573
v 0.173504 0.893192 0.036567
v 0.324133 0.757554 -0.212291
v 0.323490 0.758198 -0.212969
v 0.324803 0.758222 -0.212917
v 0.321533 0.865317 -0.212132
v 0.322152 0.865974 -0.211444
v 0.322846 0.865341 -0.212080
v 0.428038 0.758574 -0.099912
v 0.428709 0.759242 -0.100538
v 0.428658 0.759231 -0.099225
v 0.426058 0.866994 -0.099065
v 0.426701 0.866350 -0.098388
v 0.426752 0.866361 -0.099701
v 0.211784 0.754690 -0.108387
v 0.211090 0.755323 -0.107751
v 0.211141 0.755334 -0.109065
v 0.209803 0.863110 -0.107540
v 0.209184 0.862453 -0.108228
v 0.209133 0.862442 -0.106914
v 0.315690 0.755710 0.003992
v 0.316309 0.756367 0.004679
v 0.314995 0.756343 0.004628
v 0.313709 0.864130 0.004839
v 0.313039 0.863462 0.005465
v 0.314352 0.863486 0.005516
v 0.177463 0.757186 -0.105288
v 0.176478 0.757843 -0.105576
v 0.177731 0.757922 -0.106222
v 0.170596 0.872719 -0.102844
v 0.171510 0.873458 -0.102523
v 0.171849 0.872798 -0.103490
v 0.333847 0.764000 -0.055138
v 0.334115 0.764736 -0.056072
v 0.334761 0.764739 -0.054817
v 0.327895 0.880272 -0.052373
v 0.328880 0.879615 -0.052085
v 0.328233 0.879612 -0.053340
v 0.127554 0.750910 0.051196
v 0.127216 0.751569 0.052162
v 0.126569 0.751566 0.050908
v 0.121602 0.867181 0.053961
v 0.120688 0.866442 0.053640
v 0.121334 0.866445 0.054895
v 0.283939 0.757723 0.101346
v 0.284853 0.758462 0.101667
v 0.283600 0.758383 0.102313
v 0.277986 0.873995 0.104111
v 0.277718 0.873259 0.105045
v 0.278971 0.873338 0.104399
v 0.325477 0.754309 -0.154432
v 0.325344 0.754949 -0.155490
v 0.326456 0.755060 -0.154581
v 0.319888 0.871969 -0.163201
v 0.319954 0.872751 -0.162236
v 0.320999 0.872081 -0.162292
v 0.341798 0.766042 0.012075
v 0.342777 0.766793 0.011926
v 0.341864 0.766824 0.013039
v 0.336275 0.884484 0.004270
v 0.336407 0.883844 0.005328
v 0.337320 0.883814 0.004215
v 0.158739 0.747642 -0.137618
v 0.157693 0.748312 -0.137563
v 0.158607 0.748282 -0.138676
v 0.153216 0.866084 -0.145423
v 0.153150 0.865302 -0.146388
v 0.152237 0.865333 -0.145274
v 0.175060 0.759375 0.028888
v 0.175126 0.760157 0.029853
v 0.174014 0.760045 0.028944
v 0.169537 0.877817 0.021084
v 0.168558 0.877066 0.021232
v 0.169669 0.877177 0.022142
v -0.573119 0.003556 0.033095
v -0.573688 0.012826 0.031861
v -0.571861 0.012824 0.032550
v -0.573696 0.766491 0.033780
v -0.573127 0.775754 0.035061
v -0.571870 0.766489 0.034469
v -0.526855 0.003297 0.135356
v -0.525598 0.012564 0.134811
v -0.526286 0.012560 0.136637
v -0.526864 0.775494 0.137322
v -0.526295 0.766225 0.138556
v -0.525606 0.766229 0.136730
v -0.675381 0.003438 0.079358
v -0.676638 0.012702 0.079951
v -0.675949 0.012707 0.078125
v -0.675389 0.775635 0.081324
v -0.675958 0.766372 0.080043
v -0.676646 0.766367 0.081870
v -0.629117 0.003178 0.181620
v -0.628548 0.012441 0.182901
v -0.630374 0.012443 0.182212
v -0.629126 0.775375 0.183586
v -0.630383 0.766107 0.184131
v -0.628557 0.766106 0.184820
v -0.547052 0.004029 0.107705
v -0.548026 0.013286 0.106647
v -0.546075 0.013291 0.106691
v -0.549649 0.766936 0.101723
v -0.548715 0.776210 0.102660
v -0.547697 0.766940 0.101767
v -0.469491 0.004726 0.188832
v -0.468513 0.013988 0.187818
v -0.468557 0.014001 0.189769
v -0.471154 0.776908 0.183787
v -0.470180 0.767650 0.184845
v -0.470136 0.767637 0.182894
v -0.628182 0.004361 0.185266
v -0.629199 0.013631 0.186159
v -0.629155 0.013618 0.184208
v -0.629844 0.776543 0.180221
v -0.630778 0.767268 0.179284
v -0.630822 0.767280 0.181235
v -0.550620 0.005058 0.266393
v -0.549687 0.014333 0.267330
v -0.551638 0.014328 0.267286
v -0.552283 0.777240 0.261348
v -0.553261 0.767978 0.262362
v -0.551309 0.767982 0.262406
v -0.500199 0.004296 0.162413
v -0.501471 0.013560 0.161840
v -0.499622 0.013570 0.161214
v -0.504264 0.767216 0.164923
v -0.503061 0.776484 0.165573
v -0.502416 0.767225 0.164297
v -0.399571 0.004466 0.212131
v -0.398995 0.013739 0.210932
v -0.398369 0.013734 0.212780
v -0.402434 0.776654 0.215290
v -0.401162 0.767390 0.215864
v -0.401788 0.767395 0.214015
v -0.549915 0.003700 0.263040
v -0.550561 0.012959 0.264315
v -0.551187 0.012964 0.262467
v -0.552778 0.775888 0.266199
v -0.553981 0.766620 0.265550
v -0.553355 0.766615 0.267399
v -0.449288 0.003870 0.312758
v -0.448085 0.013138 0.313407
v -0.449933 0.013129 0.314033
v -0.452150 0.776058 0.315917
v -0.452727 0.766784 0.317117
v -0.450878 0.766794 0.316491
v -0.437635 0.004174 0.200089
v -0.439023 0.013439 0.199981
v -0.437515 0.013445 0.198743
v -0.440228 0.767102 0.202211
v -0.438869 0.776370 0.202374
v -0.438719 0.767108 0.200973
v -0.325933 0.004320 0.211065
v -0.325813 0.013591 0.209719
v -0.324574 0.013588 0.211228
v -0.327167 0.776516 0.213350
v -0.325779 0.767251 0.213458
v -0.327017 0.767254 0.211949
v -0.448611 0.003826 0.311790
v -0.448761 0.013088 0.313191
v -0.449999 0.013091 0.311683
v -0.449845 0.776022 0.314075
v -0.451204 0.766754 0.313913
v -0.449965 0.766751 0.315421
v -0.336909 0.003972 0.322767
v -0.335550 0.013240 0.322929
v -0.337059 0.013234 0.324168
v -0.338143 0.776168 0.325052
v -0.338263 0.766897 0.326398
v -0.336755 0.766903 0.325159
v -0.365340 0.003264 0.217938
v -0.366643 0.012537 0.218237
v -0.365640 0.012527 0.216563
v -0.363748 0.766193 0.215236
v -0.362374 0.775453 0.214863
v -0.362746 0.766182 0.213561
v -0.256478 0.002738 0.190615
v -0.256778 0.012000 0.189239
v -0.255103 0.011997 0.190242
v -0.253512 0.774926 0.187539
v -0.252209 0.765653 0.187240
v -0.253884 0.765655 0.186238
v -0.338014 0.003593 0.326801
v -0.337643 0.012863 0.328102
v -0.339317 0.012866 0.327100
v -0.335049 0.775781 0.323725
v -0.336423 0.766521 0.324098
v -0.334749 0.766519 0.325101
v -0.229152 0.003066 0.299477
v -0.227778 0.012326 0.299104
v -0.228781 0.012336 0.300779
v -0.226187 0.775254 0.296402
v -0.225886 0.765992 0.297777
v -0.224884 0.765982 0.296103
v -0.288128 0.002723 0.205225
v -0.289315 0.011987 0.205969
v -0.288942 0.011983 0.204053
v -0.292751 0.765643 0.203719
v -0.291649 0.774912 0.202919
v -0.292379 0.765639 0.201803
v -0.195069 0.002960 0.142474
v -0.195883 0.012220 0.141303
v -0.193967 0.012230 0.141675
v -0.198590 0.775149 0.140169
v -0.197403 0.765886 0.139425
v -0.199319 0.765876 0.139052
v -0.225379 0.003287 0.298285
v -0.224650 0.012561 0.299401
v -0.226566 0.012551 0.299028
v -0.228900 0.775476 0.295979
v -0.230002 0.766207 0.296778
v -0.228086 0.766217 0.297151
v -0.132320 0.003524 0.235534
v -0.131218 0.012794 0.234735
v -0.131590 0.012798 0.236650
v -0.135841 0.775713 0.233228
v -0.135027 0.766454 0.234400
v -0.134654 0.766450 0.232484
v -0.225621 0.003844 0.168342
v -0.226386 0.013117 0.169437
v -0.226684 0.013115 0.167508
v -0.222286 0.766771 0.167977
v -0.221420 0.776031 0.166846
v -0.222584 0.766769 0.166048
v -0.159284 0.003308 0.077805
v -0.160346 0.012578 0.076971
v -0.158418 0.012567 0.076674
v -0.155083 0.775495 0.076309
v -0.154317 0.766222 0.075214
v -0.156246 0.766233 0.075512
v -0.135085 0.003480 0.234681
v -0.133922 0.012742 0.235479
v -0.135850 0.012753 0.235776
v -0.130884 0.775667 0.233185
v -0.131750 0.766407 0.234316
v -0.129821 0.766396 0.234019
v -0.068748 0.002944 0.144144
v -0.067882 0.012203 0.143013
v -0.067584 0.012205 0.144942
v -0.064547 0.775131 0.142649
v -0.063484 0.765860 0.143482
v -0.063781 0.765858 0.141553
v -0.174458 0.003813 0.111619
v -0.174836 0.013082 0.112933
v -0.175786 0.013079 0.111228
v -0.174854 0.766748 0.111785
v -0.174477 0.776012 0.110444
v -0.175805 0.766745 0.110081
v -0.143780 0.003650 0.003653
v -0.145108 0.012916 0.003262
v -0.143403 0.012914 0.002312
v -0.143799 0.775849 0.002478
v -0.143422 0.766580 0.001164
v -0.145127 0.766582 0.002115
v -0.066492 0.003863 0.142297
v -0.065165 0.013130 0.142660
v -0.066870 0.013131 0.143611
v -0.066511 0.776062 0.141122
v -0.066888 0.766797 0.142463
v -0.065184 0.766796 0.141513
v -0.035814 0.003699 0.034331
v -0.035437 0.012964 0.032990
v -0.034487 0.012966 0.034694
v -0.035833 0.775898 0.033156
v -0.034506 0.766632 0.033547
v -0.035456 0.766630 0.031842
v -0.150549 0.003932 0.041039
v -0.150414 0.013195 0.042432
v -0.151880 0.013205 0.041143
v -0.146712 0.766852 0.043734
v -0.146755 0.776121 0.042373
v -0.148178 0.766862 0.042446
v -0.157775 0.004161 -0.070968
v -0.159106 0.013434 -0.070864
v -0.157818 0.013430 -0.072330
v -0.153982 0.776350 -0.069634
v -0.154116 0.767087 -0.071027
v -0.155404 0.767091 -0.069561
v -0.038543 0.003394 0.033811
v -0.037120 0.012654 0.033739
v -0.038408 0.012657 0.035205
v -0.034750 0.775584 0.035146
v -0.034706 0.766315 0.036507
v -0.033418 0.766311 0.035041
v -0.045769 0.003623 -0.078195
v -0.045812 0.012892 -0.079557
v -0.044346 0.012883 -0.078268
v -0.041976 0.775813 -0.076861
v -0.040644 0.766540 -0.076966
v -0.042110 0.766549 -0.078254
v -0.149638 0.003686 -0.034125
v -0.149008 0.012946 -0.032849
v -0.150828 0.012961 -0.033554
v -0.143133 0.766589 -0.031782
v -0.143618 0.775861 -0.033032
v -0.144953 0.766604 -0.032487
v -0.195002 0.004185 -0.136787
v -0.196192 0.013460 -0.136217
v -0.195488 0.013457 -0.138037
v -0.188983 0.776360 -0.135694
v -0.189613 0.767100 -0.136970
v -0.190317 0.767103 -0.135150
v -0.046978 0.002950 -0.079491
v -0.045643 0.012207 -0.080036
v -0.046348 0.012210 -0.078216
v -0.040958 0.775125 -0.078398
v -0.040473 0.765853 -0.077149
v -0.039768 0.765850 -0.078969
v -0.092342 0.003449 -0.182154
v -0.092828 0.012721 -0.183403
v -0.091008 0.012706 -0.182699
v -0.086322 0.775624 -0.181061
v -0.085132 0.766349 -0.181632
v -0.086952 0.766364 -0.182336
v -0.168143 0.004544 -0.103771
v -0.167250 0.013819 -0.102797
v -0.169201 0.013805 -0.102830
v -0.172592 0.767466 -0.104246
v -0.173617 0.776723 -0.105256
v -0.174543 0.767452 -0.104279
v -0.246147 0.003836 -0.184473
v -0.247205 0.013097 -0.183532
v -0.247172 0.013093 -0.185483
v -0.251620 0.776015 -0.185957
v -0.252514 0.766740 -0.186932
v -0.252547 0.766744 -0.184980
v -0.087443 0.004966 -0.181778
v -0.086516 0.014237 -0.182755
v -0.086549 0.014241 -0.180804
v -0.092916 0.777145 -0.183262
v -0.091891 0.767888 -0.182252
v -0.091858 0.767884 -0.184204
v -0.165446 0.004258 -0.262479
v -0.166471 0.013515 -0.263490
v -0.164520 0.013529 -0.263456
v -0.170920 0.776437 -0.263964
v -0.169862 0.767176 -0.264905
v -0.171813 0.767162 -0.264938
v -0.219795 0.003010 -0.166197
v -0.218510 0.012267 -0.165540
v -0.220352 0.012271 -0.164895
v -0.215078 0.765911 -0.160744
v -0.216279 0.775186 -0.161284
v -0.216920 0.765915 -0.160099
v -0.320920 0.003780 -0.214891
v -0.321477 0.013041 -0.213588
v -0.322121 0.013056 -0.215430
v -0.317403 0.775957 -0.209977
v -0.318689 0.766700 -0.210635
v -0.318044 0.766685 -0.208793
v -0.171099 0.003432 -0.267322
v -0.170458 0.012703 -0.268507
v -0.169813 0.012688 -0.266665
v -0.167582 0.775608 -0.262409
v -0.166381 0.766332 -0.261869
v -0.167025 0.766347 -0.263711
v -0.272223 0.004202 -0.316016
v -0.273424 0.013478 -0.316555
v -0.271582 0.013473 -0.317200
v -0.268707 0.776378 -0.311102
v -0.268150 0.767118 -0.312404
v -0.269992 0.767122 -0.311760
v -0.282574 0.003376 -0.201352
v -0.281218 0.012645 -0.201213
v -0.282735 0.012643 -0.199985
v -0.282560 0.766311 -0.201675
v -0.283949 0.775575 -0.201825
v -0.284077 0.766309 -0.200447
v -0.394197 0.003170 -0.213105
v -0.394358 0.012437 -0.211738
v -0.395586 0.012434 -0.213255
v -0.395572 0.775369 -0.213578
v -0.396928 0.766100 -0.213717
v -0.395700 0.766103 -0.212200
v -0.270821 0.003329 -0.312975
v -0.270693 0.012595 -0.314353
v -0.269465 0.012598 -0.312836
v -0.272196 0.775528 -0.313448
v -0.270807 0.766264 -0.313298
v -0.272035 0.766261 -0.314815
v -0.382444 0.003123 -0.324728
v -0.383833 0.012387 -0.324878
v -0.382316 0.012389 -0.326106
v -0.383819 0.775322 -0.325201
v -0.383658 0.766055 -0.326568
v -0.385175 0.766053 -0.325340
v -0.355050 0.005092 -0.215226
v -0.353740 0.014362 -0.215581
v -0.354737 0.014361 -0.213904
v -0.355963 0.768024 -0.216841
v -0.357327 0.777287 -0.216516
v -0.356960 0.768024 -0.215163
v -0.463821 0.004817 -0.187538
v -0.463508 0.014087 -0.186216
v -0.465186 0.014080 -0.187213
v -0.466099 0.777013 -0.188829
v -0.467409 0.767743 -0.188473
v -0.465731 0.767750 -0.187476
v -0.382736 0.004828 -0.323997
v -0.383104 0.014091 -0.325350
v -0.381426 0.014098 -0.324353
v -0.385014 0.777024 -0.325287
v -0.383649 0.767761 -0.325612
v -0.385327 0.767754 -0.326609
v -0.491508 0.004554 -0.296310
v -0.492872 0.013817 -0.295985
v -0.491875 0.013817 -0.297662
v -0.493785 0.776749 -0.297600
v -0.494098 0.767480 -0.298922
v -0.495095 0.767480 -0.297244
v -0.430033 0.004412 -0.202321
v -0.428902 0.013676 -0.203139
v -0.429279 0.013686 -0.201224
v -0.430148 0.767332 -0.207113
v -0.431309 0.776601 -0.206392
v -0.430525 0.767342 -0.205198
v -0.523217 0.004588 -0.139756
v -0.522463 0.013862 -0.138659
v -0.524378 0.013857 -0.139035
v -0.524494 0.776776 -0.143827
v -0.525624 0.767512 -0.143009
v -0.523709 0.767517 -0.142632
v -0.492598 0.003818 -0.295504
v -0.493383 0.013077 -0.296698
v -0.491468 0.013082 -0.296322
v -0.493875 0.776006 -0.299575
v -0.492714 0.766737 -0.300296
v -0.494629 0.766732 -0.300672
v -0.585783 0.003993 -0.232938
v -0.586944 0.013262 -0.232218
v -0.586567 0.013252 -0.234133
v -0.587059 0.776182 -0.237010
v -0.587813 0.766908 -0.238107
v -0.588190 0.766918 -0.236192
v -0.495712 0.002825 -0.164371
v -0.494892 0.012083 -0.165553
v -0.494596 0.012097 -0.163624
v -0.494589 0.765729 -0.171214
v -0.495401 0.775003 -0.170171
v -0.494292 0.765743 -0.169285
v -0.562098 0.003532 -0.073871
v -0.560982 0.012804 -0.073125
v -0.562910 0.012807 -0.072828
v -0.561787 0.775710 -0.079671
v -0.562607 0.766453 -0.078489
v -0.560678 0.766450 -0.078785
v -0.586215 0.002363 -0.230755
v -0.587324 0.011624 -0.231641
v -0.585395 0.011621 -0.231938
v -0.585904 0.774541 -0.236555
v -0.585091 0.765267 -0.237598
v -0.587020 0.765270 -0.237302
v -0.652601 0.003070 -0.140255
v -0.653413 0.012345 -0.139212
v -0.653710 0.012330 -0.141141
v -0.652290 0.775248 -0.146055
v -0.653406 0.765976 -0.146802
v -0.653110 0.765990 -0.144873
v -0.541886 0.005011 -0.110488
v -0.541554 0.014278 -0.111822
v -0.540619 0.014286 -0.110109
v -0.546193 0.767930 -0.112665
v -0.546639 0.777196 -0.111352
v -0.545258 0.767938 -0.110952
v -0.573531 0.004936 -0.002801
v -0.572264 0.014211 -0.002422
v -0.573977 0.014202 -0.001487
v -0.578283 0.777121 -0.003665
v -0.578615 0.767854 -0.002330
v -0.576902 0.767864 -0.003265
v -0.649571 0.004313 -0.142132
v -0.650952 0.013570 -0.142531
v -0.649239 0.013580 -0.143466
v -0.654323 0.776497 -0.142996
v -0.653877 0.767232 -0.144309
v -0.655590 0.767223 -0.143374
v -0.681215 0.004238 -0.034445
v -0.681661 0.013504 -0.033131
v -0.682596 0.013496 -0.034845
v -0.685968 0.776423 -0.035309
v -0.687235 0.767148 -0.035688
v -0.686300 0.767156 -0.033975
v -0.570533 0.004800 -0.042824
v -0.570680 0.014070 -0.044172
v -0.569214 0.014075 -0.042884
v -0.575362 0.767719 -0.041809
v -0.575330 0.776981 -0.040403
v -0.573895 0.767724 -0.040522
v -0.563258 0.004494 0.069180
v -0.561938 0.013769 0.069119
v -0.563226 0.013756 0.070586
v -0.568054 0.776675 0.071600
v -0.567907 0.767405 0.072948
v -0.566620 0.767418 0.071482
v -0.682535 0.004081 -0.035550
v -0.683970 0.013339 -0.035432
v -0.682682 0.013351 -0.036898
v -0.687332 0.776263 -0.033130
v -0.687364 0.767000 -0.034536
v -0.688651 0.766988 -0.033069
v -0.675259 0.003775 0.076453
v -0.675227 0.013038 0.077859
v -0.676694 0.013033 0.076572
v -0.680056 0.775957 0.078874
v -0.681376 0.766682 0.078934
v -0.679909 0.766687 0.080222
v -0.361874 0.087300 0.338242
v -0.361908 0.093300 0.344495
v -0.361874 0.162300 0.338242
v -0.361908 0.156300 0.344495
v -0.544443 0.087300 0.283534
v -0.547853 0.093300 0.288776
v -0.544443 0.162300 0.283534
v -0.547853 0.156300 0.288776
v -0.668454 0.087300 0.138806
v -0.674156 0.093300 0.141372
v -0.668454 0.162300 0.138806
v -0.674156 0.156300 0.141372
v -0.694532 0.087300 -0.049991
v -0.700717 0.093300 -0.050916
v -0.694532 0.162300 -0.049991
v -0.700717 0.156300 -0.050916
v -0.614399 0.087300 -0.222917
v -0.619102 0.093300 -0.227038
v -0.614399 0.162300 -0.222917
v -0.619102 0.156300 -0.227038
v -0.453496 0.087300 -0.325068
v -0.455224 0.093300 -0.331078
v -0.453496 0.162300 -0.325068
v -0.455224 0.156300 -0.331078
v -0.262908 0.087300 -0.324012
v -0.261114 0.093300 -0.330003
v -0.262908 0.162300 -0.324012
v -0.261114 0.156300 -0.330003
v -0.103147 0.087300 -0.220085
v -0.098399 0.093300 -0.224154
v -0.103147 0.162300 -0.220085
v -0.098399 0.156300 -0.224154
v -0.024935 0.087300 -0.046282
v -0.018740 0.093300 -0.047138
v -0.024935 0.162300 -0.046282
v -0.018740 0.156300 -0.047138
v -0.053103 0.087300 0.142215
v -0.047429 0.093300 0.144844
v -0.053103 0.162300 0.142215
v -0.047429 0.156300 0.144844
v -0.178709 0.087300 0.285560
v -0.175358 0.093300 0.290839
v -0.178709 0.162300 0.285560
v -0.175358 0.156300 0.290839
v -0.375367 0.430500 0.337897
v -0.375652 0.436500 0.344144
v -0.375367 0.505500 0.337897
v -0.375652 0.499500 0.344144
v -0.555609 0.430500 0.275949
v -0.559225 0.436500 0.281051
v -0.555609 0.505500 0.275949
v -0.559225 0.499500 0.281051
v -0.673746 0.430500 0.126389
v -0.679547 0.436500 0.128726
v -0.673746 0.505500 0.126389
v -0.679547 0.499500 0.128726
v -0.692271 0.430500 -0.063299
v -0.698414 0.436500 -0.064469
v -0.692271 0.505500 -0.063299
v -0.698414 0.499500 -0.064469
v -0.605302 0.430500 -0.232890
v -0.609837 0.436500 -0.237195
v -0.605302 0.505500 -0.232890
v -0.609837 0.499500 -0.237195
v -0.440452 0.430500 -0.328540
v -0.441939 0.436500 -0.334614
v -0.440452 0.505500 -0.328540
v -0.441939 0.499500 -0.334614
v -0.250058 0.430500 -0.319881
v -0.248026 0.436500 -0.325794
v -0.250058 0.505500 -0.319881
v -0.248026 0.499500 -0.325794
v -0.094571 0.430500 -0.209662
v -0.089664 0.436500 -0.213538
v -0.094571 0.505500 -0.209662
v -0.089664 0.499500 -0.213538
v -0.023355 0.430500 -0.032877
v -0.017131 0.436500 -0.033485
v -0.023355 0.505500 -0.032877
v -0.017131 0.499500 -0.033485
v -0.059022 0.430500 0.154346
v -0.053457 0.436500 0.157200
v -0.059022 0.505500 0.154346
v -0.053457 0.499500 0.157200
v -0.190247 0.430500 0.292566
v -0.187108 0.436500 0.297974
v -0.190247 0.505500 0.292566
v -0.187108 0.499500 0.297974
v -0.371629 0.695700 0.306026
v -0.371866 0.701700 0.312275
v -0.371629 0.770700 0.306026
v -0.371866 0.764700 0.312275
v -0.535233 0.695700 0.251158
v -0.538811 0.701700 0.256287
v -0.535233 0.770700 0.251158
v -0.538811 0.764700 0.256287
v -0.643202 0.695700 0.116550
v -0.648984 0.701700 0.118929
v -0.643202 0.770700 0.116550
v -0.648984 0.764700 0.118929
v -0.661256 0.695700 -0.055063
v -0.667407 0.701700 -0.056187
v -0.661256 0.770700 -0.055063
v -0.667407 0.764700 -0.056187
v -0.583663 0.695700 -0.209193
v -0.588230 0.701700 -0.213464
v -0.583663 0.770700 -0.209193
v -0.588230 0.764700 -0.213464
v -0.435060 0.695700 -0.296906
v -0.436592 0.701700 -0.302968
v -0.435060 0.770700 -0.296906
v -0.436592 0.764700 -0.302968
v -0.262625 0.695700 -0.290353
v -0.260636 0.701700 -0.296282
v -0.262625 0.770700 -0.290353
v -0.260636 0.764700 -0.296282
v -0.121106 0.695700 -0.191616
v -0.116228 0.701700 -0.195528
v -0.121106 0.770700 -0.191616
v -0.116228 0.764700 -0.195528
v -0.055434 0.695700 -0.032041
v -0.049215 0.701700 -0.032696
v -0.055434 0.770700 -0.032041
v -0.049215 0.764700 -0.032696
v -0.086460 0.695700 0.137706
v -0.080875 0.701700 0.140518
v -0.086460 0.770700 0.137706
v -0.080875 0.764700 0.140518
v -0.204333 0.695700 0.263732
v -0.201154 0.701700 0.269118
v -0.204333 0.770700 0.263732
v -0.201154 0.764700 0.269118
v -0.098595 0.191246 -0.254435
v -0.098520 0.192312 -0.260797
v -0.092224 0.192257 -0.254374
v -0.097570 0.280146 -0.260988
v -0.097621 0.281241 -0.254630
v -0.091274 0.280092 -0.254565
v -0.103703 0.192426 0.262819
v -0.097332 0.193437 0.262879
v -0.103754 0.193521 0.269176
v -0.102729 0.282421 0.262623
v -0.102804 0.281355 0.268985
v -0.096382 0.281272 0.262688
v -0.615819 0.196830 -0.259555
v -0.622167 0.197979 -0.259620
v -0.615745 0.197896 -0.265917
v -0.614846 0.286825 -0.259751
v -0.614795 0.285731 -0.266108
v -0.621217 0.285814 -0.259811
v -0.620927 0.198011 0.257698
v -0.620979 0.199105 0.264056
v -0.627275 0.199159 0.257633
v -0.619954 0.288005 0.257503
v -0.626325 0.286994 0.257442
v -0.620028 0.286940 0.263865
v -0.259776 0.711129 -0.132518
v -0.260047 0.711767 -0.133547
v -0.258835 0.711892 -0.132784
v -0.267982 0.828447 -0.140123
v -0.267809 0.829226 -0.139174
v -0.266771 0.828572 -0.139359
v -0.223231 0.722793 0.030360
v -0.222290 0.723557 0.030094
v -0.223057 0.723573 0.031309
v -0.231263 0.840890 0.023704
v -0.230993 0.840253 0.024733
v -0.230226 0.840236 0.023518
v -0.422677 0.702145 -0.095324
v -0.423715 0.702799 -0.095139
v -0.422947 0.702783 -0.096354
v -0.430710 0.820242 -0.101980
v -0.430883 0.819463 -0.102929
v -0.431651 0.819479 -0.101714
v -0.386132 0.713810 0.067553
v -0.385958 0.714589 0.068503
v -0.387170 0.714464 0.067739
v -0.394164 0.831907 0.060898
v -0.395105 0.831144 0.061164
v -0.393894 0.831269 0.061927
v -0.372476 0.673178 0.000781
v -0.372867 0.673817 -0.000099
v -0.371623 0.673855 0.000394
v -0.375480 0.782920 -0.001917
v -0.375121 0.783606 -0.001059
v -0.374236 0.782958 -0.001424
v -0.310703 0.677042 0.143899
v -0.309850 0.677719 0.143512
v -0.310344 0.677728 0.144757
v -0.313348 0.787471 0.142059
v -0.312957 0.786832 0.142939
v -0.312463 0.786823 0.141694
v -0.515597 0.670780 0.062620
v -0.516482 0.671429 0.062984
v -0.515988 0.671420 0.061740
v -0.518242 0.781209 0.060780
v -0.518602 0.780523 0.059922
v -0.519096 0.780532 0.061166
v -0.453825 0.674645 0.205738
v -0.453465 0.675331 0.206596
v -0.454710 0.675293 0.206102
v -0.456470 0.785073 0.203898
v -0.457323 0.784396 0.204284
v -0.456079 0.784434 0.204778
v -0.259939 0.672430 -0.199922
v -0.260578 0.673084 -0.200791
v -0.259145 0.673197 -0.200531
v -0.269360 0.791742 -0.204119
v -0.268828 0.792530 -0.203291
v -0.267927 0.791855 -0.203859
v -0.163600 0.683479 -0.060241
v -0.162806 0.684246 -0.060849
v -0.163068 0.684266 -0.059412
v -0.172489 0.803578 -0.063609
v -0.171851 0.802925 -0.062741
v -0.171588 0.802904 -0.064177
v -0.399494 0.664818 -0.103068
v -0.400395 0.665493 -0.102500
v -0.400133 0.665472 -0.103937
v -0.408383 0.784918 -0.106437
v -0.408915 0.784130 -0.107265
v -0.409177 0.784151 -0.105829
v -0.303155 0.675867 0.036613
v -0.302623 0.676654 0.037441
v -0.304056 0.676541 0.037181
v -0.312044 0.795966 0.033244
v -0.312838 0.795199 0.033853
v -0.311406 0.795313 0.034113
v -0.458142 0.673549 -0.015205
v -0.459265 0.674190 -0.015385
v -0.458017 0.674356 -0.016223
v -0.472296 0.796645 -0.010468
v -0.471332 0.797492 -0.010228
v -0.471048 0.796812 -0.011306
v -0.286332 0.690444 0.019353
v -0.286207 0.691252 0.018335
v -0.285368 0.691290 0.019593
v -0.299521 0.814387 0.024330
v -0.298399 0.813746 0.024510
v -0.299238 0.813707 0.023253
v -0.491805 0.663040 0.157291
v -0.492089 0.663720 0.158368
v -0.492928 0.663681 0.157111
v -0.504994 0.786982 0.162268
v -0.505959 0.786136 0.162028
v -0.505120 0.786175 0.163286
v -0.319995 0.679935 0.191849
v -0.319031 0.680781 0.192089
v -0.320278 0.680615 0.192926
v -0.333184 0.803878 0.196826
v -0.333309 0.803070 0.197844
v -0.332061 0.803237 0.197006
v -0.233605 0.685740 -0.166386
v -0.233753 0.686376 -0.167720
v -0.232497 0.686708 -0.166591
v -0.250165 0.823907 -0.189890
v -0.250217 0.824942 -0.188825
v -0.248910 0.824239 -0.188761
v -0.225721 0.718522 0.031143
v -0.224613 0.719490 0.030938
v -0.225772 0.719556 0.032208
v -0.242332 0.857724 0.008704
v -0.242185 0.857088 0.010038
v -0.241025 0.857021 0.008768
v -0.432459 0.663874 -0.154820
v -0.433766 0.664576 -0.154884
v -0.432606 0.664510 -0.156154
v -0.449070 0.803076 -0.177259
v -0.449019 0.802041 -0.178323
v -0.450178 0.802108 -0.177054
v -0.424574 0.696656 0.042709
v -0.424626 0.697690 0.043774
v -0.425881 0.697359 0.042645
v -0.441186 0.835858 0.020270
v -0.442294 0.834890 0.020475
v -0.441038 0.835222 0.021605
v -0.379000 0.677338 -0.035091
v -0.379896 0.677975 -0.035774
v -0.378412 0.678131 -0.035929
v -0.392910 0.799520 -0.038252
v -0.392172 0.800359 -0.037599
v -0.391426 0.799676 -0.038407
v -0.244408 0.693993 0.074978
v -0.243821 0.694786 0.074140
v -0.243670 0.694832 0.075631
v -0.257580 0.817014 0.072470
v -0.256684 0.816377 0.073153
v -0.256834 0.816330 0.071662
v -0.488758 0.668351 0.100481
v -0.489504 0.669034 0.101290
v -0.489654 0.668988 0.099798
v -0.501930 0.791372 0.097973
v -0.502668 0.790532 0.097320
v -0.502517 0.790579 0.098812
v -0.354166 0.685005 0.210550
v -0.353428 0.685844 0.211203
v -0.354912 0.685689 0.211358
v -0.367338 0.808026 0.208042
v -0.367926 0.807233 0.208880
v -0.366442 0.807389 0.208725
v -0.405688 0.711402 -0.155667
v -0.406754 0.712034 -0.155969
v -0.405450 0.712179 -0.156650
v -0.418920 0.831866 -0.153812
v -0.418002 0.832689 -0.153484
v -0.417616 0.832011 -0.154494
v -0.242332 0.727053 -0.103832
v -0.242095 0.727830 -0.104815
v -0.241414 0.727876 -0.103504
v -0.254646 0.848340 -0.101649
v -0.253580 0.847708 -0.101347
v -0.254260 0.847662 -0.102658
v -0.456970 0.703242 0.008408
v -0.457355 0.703920 0.009417
v -0.458036 0.703875 0.008106
v -0.469283 0.824529 0.010591
v -0.470202 0.823707 0.010263
v -0.469521 0.823752 0.011574
v -0.293614 0.718894 0.060243
v -0.292696 0.719716 0.060571
v -0.293999 0.719572 0.061253
v -0.305927 0.840181 0.062426
v -0.306165 0.839404 0.063410
v -0.304862 0.839548 0.062728
v -0.327317 0.699879 -0.166589
v -0.327697 0.700522 -0.167464
v -0.326468 0.700566 -0.166951
v -0.331358 0.809107 -0.167992
v -0.331022 0.809783 -0.167124
v -0.330128 0.809151 -0.167479
v -0.268297 0.702566 -0.023061
v -0.267448 0.703253 -0.023423
v -0.267961 0.703242 -0.022192
v -0.272002 0.812471 -0.023595
v -0.271622 0.811828 -0.022721
v -0.271109 0.811839 -0.023951
v -0.470775 0.695330 -0.107513
v -0.471668 0.695961 -0.107158
v -0.471155 0.695973 -0.108388
v -0.474480 0.805234 -0.108048
v -0.474816 0.804558 -0.108916
v -0.475329 0.804547 -0.107686
v -0.411755 0.698017 0.036015
v -0.411419 0.698693 0.036883
v -0.412649 0.698649 0.036371
v -0.415460 0.807922 0.035480
v -0.416309 0.807235 0.035842
v -0.415080 0.807279 0.036355
v 0.677685 0.115608 -0.396897
v 0.677566 0.117187 -0.406493
v 0.694473 0.117283 -0.397082
v 0.676702 0.244064 -0.406229
v 0.676799 0.245605 -0.396627
v 0.693608 0.244160 -0.396819
v 0.686471 0.114045 0.383852
v 0.703259 0.115720 0.383667
v 0.686569 0.115586 0.393455
v 0.685586 0.244041 0.384122
v 0.685704 0.242462 0.393719
v 0.702395 0.242596 0.383930
v -0.688597 0.106267 -0.381539
v -0.705406 0.107712 -0.381347
v -0.688716 0.107846 -0.391135
v -0.689483 0.236264 -0.381269
v -0.689580 0.234723 -0.390872
v -0.706271 0.234589 -0.381083
v -0.679810 0.104704 0.399210
v -0.679713 0.106245 0.408812
v -0.696619 0.106149 0.399402
v -0.680696 0.234701 0.399480
v -0.697484 0.233026 0.399666
v -0.680577 0.233122 0.409076
v 0.722833 -0.006546 -0.370532
v 0.722865 -0.004881 -0.372227
v 0.740603 -0.004997 -0.370334
v 0.723890 0.131749 -0.373462
v 0.723882 0.133445 -0.371798
v 0.741628 0.131633 -0.371569
v 0.721198 -0.005298 -0.233908
v 0.738969 -0.003750 -0.233709
v 0.721190 -0.003603 -0.232243
v 0.722247 0.134692 -0.235173
v 0.722215 0.133027 -0.233478
v 0.739993 0.132881 -0.234944
v -0.721503 0.004127 -0.387913
v -0.739249 0.005939 -0.388141
v -0.721471 0.005792 -0.389608
v -0.720454 0.144118 -0.389178
v -0.720446 0.142422 -0.390843
v -0.738225 0.142569 -0.389377
v -0.723138 0.005375 -0.251288
v -0.723146 0.007070 -0.249623
v -0.740884 0.007186 -0.251517
v -0.722089 0.145365 -0.252554
v -0.739859 0.143816 -0.252752
v -0.722121 0.143700 -0.250859
v 0.719200 -0.008708 0.231767
v 0.719198 -0.007045 0.230070
v 0.736977 -0.007238 0.231515
v 0.720795 0.129578 0.228660
v 0.720837 0.131275 0.230322
v 0.738575 0.129385 0.230106
v 0.721016 -0.007320 0.368388
v 0.738793 -0.005850 0.368136
v 0.721058 -0.005623 0.370050
v 0.722654 0.132663 0.366943
v 0.722656 0.131001 0.368640
v 0.740391 0.130773 0.366727
v -0.725053 0.008378 0.250792
v -0.742791 0.010268 0.251009
v -0.725056 0.010041 0.249095
v -0.723416 0.148361 0.249348
v -0.723458 0.146665 0.247685
v -0.741193 0.146892 0.249599
v -0.723237 0.009767 0.387413
v -0.723195 0.011464 0.389075
v -0.740975 0.011657 0.387629
v -0.721600 0.149750 0.385969
v -0.739377 0.148280 0.386220
v -0.721597 0.148087 0.387666
v 0.669020 0.113841 -0.360257
v 0.669084 0.115275 -0.369138
v 0.670708 0.115271 -0.360247
v 0.669760 0.232393 -0.369210
v 0.669712 0.233839 -0.360331
v 0.671384 0.232389 -0.360319
v 0.664438 0.114311 0.361968
v 0.666126 0.115741 0.361978
v 0.664390 0.115756 0.370847
v 0.665131 0.234309 0.361895
v 0.665066 0.232874 0.370775
v 0.666802 0.232859 0.361906
v 0.532385 0.114629 -0.361124
v 0.530713 0.116079 -0.361136
v 0.532449 0.116063 -0.370005
v 0.533077 0.234627 -0.361198
v 0.533125 0.233181 -0.370077
v 0.531389 0.233197 -0.361208
v 0.527803 0.115099 0.361101
v 0.527755 0.116545 0.369980
v 0.526131 0.116549 0.361090
v 0.528496 0.235097 0.361027
v 0.526807 0.233667 0.361018
v 0.528431 0.233663 0.369908
v 0.647304 0.231523 -0.384350
v 0.647293 0.231692 -0.389030
v 0.647904 0.231691 -0.384351
v 0.647292 0.259356 -0.389022
v 0.647302 0.259523 -0.384342
v 0.647902 0.259355 -0.384344
v 0.649103 0.231310 0.386288
v 0.649703 0.231478 0.386286
v 0.649114 0.231477 0.390968
v 0.649101 0.259310 0.386295
v 0.649112 0.259141 0.390975
v 0.649701 0.259142 0.386294
v 0.548505 0.231516 -0.384120
v 0.547905 0.231684 -0.384118
v 0.548494 0.231686 -0.388799
v 0.548503 0.259516 -0.384112
v 0.548492 0.259350 -0.388792
v 0.547903 0.259348 -0.384110
v 0.550303 0.231303 0.386518
v 0.550314 0.231470 0.391198
v 0.549703 0.231471 0.386520
v 0.550301 0.259303 0.386526
v 0.549701 0.259135 0.386527
v 0.550312 0.259134 0.391206
v -0.530609 0.115274 -0.359264
v -0.530585 0.116728 -0.368142
v -0.528933 0.116718 -0.359257
v -0.530880 0.233847 -0.367959
v -0.530910 0.235273 -0.359077
v -0.529227 0.233837 -0.359074
v -0.532827 0.114138 0.362971
v -0.531150 0.115582 0.362979
v -0.532858 0.115564 0.371853
v -0.533128 0.234138 0.363159
v -0.533152 0.232684 0.372037
v -0.531445 0.232702 0.363162
v -0.667248 0.114931 -0.359685
v -0.668931 0.116367 -0.359688
v -0.667224 0.116385 -0.368562
v -0.667549 0.234931 -0.359497
v -0.667518 0.233505 -0.368379
v -0.669226 0.233486 -0.359504
v -0.669466 0.113796 0.362551
v -0.669496 0.115222 0.371433
v -0.671149 0.115231 0.362548
v -0.669767 0.233795 0.362739
v -0.671443 0.232351 0.362731
v -0.669791 0.232341 0.371617
v -0.550523 0.232982 -0.386398
v -0.550512 0.233169 -0.391077
v -0.549924 0.233154 -0.386396
v -0.550693 0.260832 -0.390964
v -0.550707 0.260981 -0.386284
v -0.550106 0.260817 -0.386283
v -0.552562 0.229820 0.384233
v -0.551963 0.229992 0.384235
v -0.552575 0.229969 0.388913
v -0.552746 0.257819 0.384347
v -0.552757 0.257632 0.389026
v -0.552144 0.257655 0.384348
v -0.649320 0.232334 -0.386662
v -0.649921 0.232498 -0.386663
v -0.649309 0.232521 -0.391341
v -0.649504 0.260333 -0.386548
v -0.649491 0.260184 -0.391228
v -0.650103 0.260161 -0.386550
v -0.651359 0.229172 0.383969
v -0.651373 0.229320 0.388649
v -0.651960 0.229336 0.383968
v -0.651543 0.257171 0.384083
v -0.652142 0.256999 0.384081
v -0.651554 0.256984 0.388762
vn 0.7018 -0.0973 -0.7057
vn 0.7027 0.0929 -0.7054
vn 0.7051 -0.0991 0.7021
vn 0.7060 0.0910 0.7024
vn -0.7060 -0.0910 -0.7024
vn -0.7051 0.0991 -0.7021
vn -0.7027 -0.0929 0.7054
vn -0.7018 0.0973 0.7057
vn 0.9904 -0.1382 -0.0025
vn 0.7054 -0.0022 -0.7088
vn 0.9916 0.1295 -0.0022
vn 0.7088 -0.0041 0.7054
vn 0.0017 -0.1352 0.9908
vn 0.0029 0.1326 0.9912
vn -0.7054 0.0022 0.7088
vn -0.9916 -0.1295 0.0022
vn -0.9904 0.1382 0.0025
vn -0.7088 0.0041 -0.7054
vn -0.0029 -0.1326 -0.9912
vn -0.0017 0.1352 -0.9908
vn -0.0044 -1.0000 -0.0013
vn 1.0000 -0.0044 -0.0024
vn -0.0024 0.0013 -1.0000
vn 0.0044 1.0000 0.0013
vn 0.0024 -0.0013 1.0000
vn -1.0000 0.0044 0.0024
vn 0.4311 -0.0912 -0.8977
vn 0.4308 0.0989 -0.8970
vn 0.8975 -0.0949 0.4306
vn 0.8972 0.0952 0.4313
vn -0.8972 -0.0952 -0.4313
vn -0.8975 0.0949 -0.4306
vn -0.4308 -0.0989 0.8970
vn -0.4311 0.0912 0.8977
vn 0.9353 -0.1310 -0.3288
vn 0.4329 0.0039 -0.9014
vn 0.9348 0.1367 -0.3278
vn 0.9014 0.0001 0.4329
vn 0.3285 -0.1365 0.9346
vn 0.3281 0.1312 0.9355
vn -0.4329 -0.0039 0.9014
vn -0.9348 -0.1367 0.3278
vn -0.9353 0.1311 0.3288
vn -0.9014 -0.0001 -0.4329
vn -0.3281 -0.1313 -0.9355
vn -0.3285 0.1365 -0.9346
vn 0.0018 -1.0000 -0.0034
vn 0.9435 0.0028 -0.3313
vn -0.3313 0.0026 -0.9435
vn -0.0018 1.0000 0.0034
vn 0.3313 -0.0026 0.9435
vn -0.9435 -0.0028 0.3313
vn 0.1285 -0.0889 -0.9877
vn 0.1279 0.1012 -0.9866
vn 0.9875 -0.0926 0.1277
vn 0.9869 0.0975 0.1288
vn -0.9869 -0.0975 -0.1288
vn -0.9875 0.0926 -0.1277
vn -0.1279 -0.1012 0.9866
vn -0.1285 0.0889 0.9877
vn 0.7856 -0.1278 -0.6054
vn 0.1288 0.0062 -0.9917
vn 0.7847 0.1399 -0.6039
vn 0.9917 0.0024 0.1288
vn 0.6051 -0.1365 0.7844
vn 0.6042 0.1312 0.7859
vn -0.1288 -0.0062 0.9917
vn -0.7847 -0.1399 0.6039
vn -0.7856 0.1278 0.6054
vn -0.9917 -0.0024 -0.1288
vn -0.6042 -0.1313 -0.7859
vn -0.6051 0.1365 -0.7844
vn 0.0032 -1.0000 -0.0058
vn 0.7923 0.0061 -0.6101
vn -0.6101 0.0026 -0.7923
vn -0.0032 1.0000 0.0058
vn 0.6101 -0.0026 0.7923
vn -0.7923 -0.0061 0.6101
vn -0.2064 -0.0947 -0.9739
vn -0.2061 0.0955 -0.9739
vn 0.9737 -0.0968 -0.2062
vn 0.9740 0.0934 -0.2062
vn -0.9740 -0.0934 0.2062
vn -0.9737 0.0968 0.2062
vn 0.2060 -0.0955 0.9739
vn 0.2064 0.0947 0.9739
vn 0.5401 -0.1348 -0.8307
vn -0.2072 0.0004 -0.9783
vn 0.5406 0.1329 -0.8307
vn 0.9783 -0.0017 -0.2072
vn 0.8305 -0.1353 0.5404
vn 0.8309 0.1324 0.5404
vn 0.2071 -0.0004 0.9783
vn -0.5406 -0.1329 0.8307
vn -0.5401 0.1348 0.8307
vn -0.9783 0.0017 0.2072
vn -0.8309 -0.1324 -0.5404
vn -0.8305 0.1353 -0.5404
vn -0.0018 -1.0000 -0.0000
vn 0.5453 -0.0009 -0.8383
vn -0.8383 0.0015 -0.5453
vn 0.0018 1.0000 -0.0000
vn 0.8382 -0.0015 0.5453
vn -0.5453 0.0009 0.8383
vn -0.5140 -0.0922 -0.8528
vn -0.5133 0.0979 -0.8526
vn 0.8524 -0.0973 -0.5138
vn 0.8530 0.0928 -0.5136
vn -0.8530 -0.0929 0.5135
vn -0.8524 0.0973 0.5138
vn 0.5133 -0.0979 0.8526
vn 0.5140 0.0922 0.8528
vn 0.2382 -0.1334 -0.9620
vn -0.5160 0.0029 -0.8566
vn 0.2391 0.1343 -0.9617
vn 0.8566 -0.0022 -0.5160
vn 0.9614 -0.1374 0.2385
vn 0.9623 0.1303 0.2388
vn 0.5160 -0.0029 0.8566
vn -0.2391 -0.1343 0.9617
vn -0.2382 0.1334 0.9620
vn -0.8566 0.0022 0.5160
vn -0.9623 -0.1303 -0.2388
vn -0.9614 0.1374 -0.2385
vn -0.0034 -1.0000 -0.0013
vn 0.2408 0.0004 -0.9706
vn -0.9706 0.0036 -0.2408
vn 0.0034 1.0000 0.0013
vn 0.9706 -0.0036 0.2408
vn -0.2408 -0.0004 0.9706
vn -0.7638 -0.0899 -0.6391
vn -0.7632 0.1002 -0.6384
vn 0.6384 -0.0942 -0.7639
vn 0.6391 0.0960 -0.7631
vn -0.6391 -0.0960 0.7631
vn -0.6384 0.0942 0.7639
vn 0.7632 -0.1002 0.6384
vn 0.7638 0.0899 0.6391
vn -0.0883 -0.1296 -0.9876
vn -0.7670 0.0052 -0.6416
vn -0.0874 0.1381 -0.9866
vn 0.6417 0.0009 -0.7670
vn 0.9866 -0.1369 -0.0884
vn 0.9876 0.1308 -0.0873
vn 0.7670 -0.0052 0.6416
vn 0.0874 -0.1381 0.9866
vn 0.0883 0.1296 0.9876
vn -0.6416 -0.0009 0.7670
vn -0.9876 -0.1308 0.0873
vn -0.9866 0.1369 0.0884
vn -0.0034 -1.0000 -0.0040
vn -0.0886 0.0043 -0.9961
vn -0.9961 0.0030 0.0886
vn 0.0034 1.0000 0.0040
vn 0.9961 -0.0030 -0.0886
vn 0.0886 -0.0043 0.9961
vn -0.9255 -0.0951 -0.3667
vn -0.9261 0.0950 -0.3651
vn 0.3662 -0.0862 -0.9265
vn 0.3656 0.1039 -0.9250
vn -0.3656 -0.1039 0.9250
vn -0.3662 0.0862 0.9265
vn 0.9261 -0.0950 0.3651
vn 0.9254 0.0951 0.3667
vn -0.3937 -0.1277 -0.9103
vn -0.9300 -0.0001 -0.3676
vn -0.3946 0.1400 -0.9081
vn 0.3676 0.0089 -0.9300
vn 0.9097 -0.1276 -0.3952
vn 0.9088 0.1401 -0.3930
vn 0.9300 0.0001 0.3676
vn 0.3946 -0.1400 0.9081
vn 0.3937 0.1277 0.9103
vn -0.3676 -0.0089 0.9300
vn -0.9088 -0.1401 0.3930
vn -0.9097 0.1276 0.3952
vn 0.0033 -1.0000 -0.0082
vn -0.3977 0.0062 -0.9175
vn -0.9175 -0.0063 0.3977
vn -0.0033 1.0000 0.0082
vn 0.9175 0.0063 -0.3977
vn 0.3977 -0.0062 0.9175
vn -0.9949 -0.0901 -0.0458
vn -0.9939 0.1001 -0.0464
vn 0.0456 -0.0986 -0.9941
vn 0.0466 0.0915 -0.9947
vn -0.0466 -0.0915 0.9947
vn -0.0456 0.0986 0.9941
vn 0.9939 -0.1001 0.0464
vn 0.9949 0.0901 0.0458
vn -0.6682 -0.1328 -0.7320
vn -0.9989 0.0050 -0.0463
vn -0.6668 0.1349 -0.7329
vn 0.0463 -0.0036 -0.9989
vn 0.7317 -0.1399 -0.6671
vn 0.7331 0.1278 -0.6680
vn 0.9989 -0.0050 0.0464
vn 0.6668 -0.1349 0.7329
vn 0.6682 0.1328 0.7320
vn -0.0463 0.0036 0.9989
vn -0.7331 -0.1278 0.6680
vn -0.7317 0.1399 0.6671
vn -0.0052 -1.0000 0.0033
vn -0.6736 0.0010 -0.7391
vn -0.7391 0.0061 0.6736
vn 0.0052 1.0000 -0.0033
vn 0.7391 -0.0061 -0.6736
vn 0.6736 -0.0010 0.7391
vn -0.9551 -0.0962 0.2802
vn -0.9552 0.0940 0.2807
vn -0.2804 -0.0924 -0.9554
vn -0.2805 0.0977 -0.9549
vn 0.2805 -0.0977 0.9549
vn 0.2804 0.0924 0.9554
vn 0.9552 -0.0940 -0.2806
vn 0.9551 0.0962 -0.2802
vn -0.8697 -0.1328 -0.4753
vn -0.9595 -0.0011 0.2817
vn -0.8698 0.1349 -0.4746
vn -0.2817 0.0026 -0.9595
vn 0.4750 -0.1312 -0.8701
vn 0.4749 0.1365 -0.8694
vn 0.9595 0.0011 -0.2817
vn 0.8698 -0.1349 0.4746
vn 0.8697 0.1328 0.4753
vn 0.2817 -0.0026 0.9595
vn -0.4749 -0.1365 0.8694
vn -0.4750 0.1312 0.8701
vn 0.0003 -1.0000 -0.0029
vn -0.8777 0.0011 -0.4793
vn -0.4793 -0.0027 0.8777
vn -0.0003 1.0000 0.0029
vn 0.4793 0.0027 -0.8777
vn 0.8777 -0.0011 0.4793
vn -0.8113 -0.1033 0.5754
vn -0.8125 0.0868 0.5765
vn -0.5754 -0.0944 -0.8124
vn -0.5766 0.0957 -0.8114
vn 0.5766 -0.0957 0.8114
vn 0.5754 0.0944 0.8124
vn 0.8125 -0.0868 -0.5764
vn 0.8113 0.1033 -0.5754
vn -0.9761 -0.1392 -0.1668
vn -0.8156 -0.0083 0.5785
vn -0.9778 0.1285 -0.1654
vn -0.5786 0.0006 -0.8156
vn 0.1669 -0.1276 -0.9777
vn 0.1652 0.1401 -0.9763
vn 0.8156 0.0083 -0.5786
vn 0.9778 -0.1285 0.1654
vn 0.9761 0.1392 0.1668
vn 0.5786 -0.0006 0.8156
vn -0.1652 -0.1401 0.9763
vn -0.1669 0.1276 0.9777
vn 0.0064 -1.0000 -0.0053
vn -0.9858 -0.0054 -0.1676
vn -0.1676 -0.0063 0.9858
vn -0.0064 1.0000 0.0053
vn 0.1676 0.0063 -0.9858
vn 0.9858 0.0054 0.1676
vn -0.5744 -0.0986 0.8126
vn -0.5755 0.0916 0.8126
vn -0.8121 -0.0999 -0.5750
vn -0.8132 0.0903 -0.5750
vn 0.8132 -0.0903 0.5750
vn 0.8120 0.0999 0.5750
vn 0.5755 -0.0916 -0.8127
vn 0.5744 0.0986 -0.8126
vn -0.9760 -0.1397 0.1673
vn -0.5776 -0.0035 0.8163
vn -0.9776 0.1280 0.1673
vn -0.8163 -0.0048 -0.5776
vn -0.1665 -0.1348 -0.9768
vn -0.1681 0.1330 -0.9768
vn 0.5776 0.0035 -0.8163
vn 0.9776 -0.1280 -0.1673
vn 0.9760 0.1397 -0.1673
vn 0.8163 0.0048 0.5776
vn 0.1681 -0.1330 0.9768
vn 0.1665 0.1348 0.9768
vn 0.0060 -1.0000 -0.0001
vn -0.9856 -0.0059 0.1688
vn 0.1688 0.0009 0.9856
vn -0.0060 1.0000 0.0001
vn -0.1688 -0.0009 -0.9856
vn 0.9856 0.0059 -0.1688
vn -0.2773 -0.1013 0.9554
vn -0.2783 0.0888 0.9564
vn -0.9554 -0.0985 -0.2784
vn -0.9564 0.0917 -0.2773
vn 0.9564 -0.0917 0.2774
vn 0.9554 0.0985 0.2784
vn 0.2783 -0.0888 -0.9564
vn 0.2773 0.1013 -0.9554
vn -0.8678 -0.1407 0.4766
vn -0.2791 -0.0063 0.9602
vn -0.8691 0.1270 0.4780
vn -0.9603 -0.0034 -0.2790
vn -0.4766 -0.1318 -0.8692
vn -0.4780 0.1359 -0.8678
vn 0.2791 0.0063 -0.9602
vn 0.8691 -0.1270 -0.4780
vn 0.8678 0.1407 -0.4766
vn 0.9602 0.0034 0.2792
vn 0.4780 -0.1359 0.8678
vn 0.4766 0.1318 0.8692
vn 0.0051 -1.0000 -0.0051
vn -0.8764 -0.0069 0.4816
vn 0.4816 -0.0020 0.8764
vn -0.0051 1.0000 0.0051
vn -0.4816 0.0020 -0.8764
vn 0.8764 0.0069 -0.4816
vn 0.0458 -0.0970 0.9942
vn 0.0471 0.0931 0.9945
vn -0.9950 -0.0882 0.0462
vn -0.9937 0.1019 0.0466
vn 0.9937 -0.1019 -0.0466
vn 0.9950 0.0882 -0.0462
vn -0.0471 -0.0931 -0.9945
vn -0.0457 0.0970 -0.9942
vn -0.6682 -0.1304 0.7324
vn 0.0466 -0.0019 0.9989
vn -0.6664 0.1373 0.7329
vn -0.9989 0.0069 0.0466
vn -0.7336 -0.1277 -0.6675
vn -0.7317 0.1400 -0.6671
vn -0.0466 0.0019 -0.9989
vn 0.6664 -0.1373 -0.7329
vn 0.6682 0.1304 -0.7324
vn 0.9989 -0.0069 -0.0466
vn 0.7317 -0.1400 0.6671
vn 0.7336 0.1277 0.6675
vn -0.0070 -1.0000 -0.0016
vn -0.6734 0.0035 0.7393
vn 0.7393 -0.0062 0.6734
vn 0.0070 1.0000 0.0016
vn -0.7393 0.0062 -0.6734
vn 0.6734 -0.0035 -0.7393
vn 0.3660 -0.0934 0.9259
vn 0.3657 0.0967 0.9257
vn -0.9257 -0.0960 0.3660
vn -0.9259 0.0942 0.3658
vn 0.9259 -0.0942 -0.3658
vn 0.9257 0.0960 -0.3659
vn -0.3657 -0.0967 -0.9257
vn -0.3660 0.0934 -0.9259
vn -0.3940 -0.1333 0.9094
vn 0.3675 0.0017 0.9300
vn -0.3944 0.1344 0.9091
vn -0.9300 -0.0009 0.3675
vn -0.9090 -0.1357 -0.3940
vn -0.9094 0.1321 -0.3943
vn -0.3675 -0.0017 -0.9300
vn 0.3944 -0.1344 -0.9091
vn 0.3940 0.1333 -0.9094
vn 0.9300 0.0009 -0.3675
vn 0.9094 -0.1321 0.3943
vn 0.9090 0.1356 0.3940
vn 0.0014 -1.0000 0.0012
vn -0.3977 0.0005 0.9175
vn 0.9175 0.0018 0.3977
vn -0.0014 1.0000 -0.0012
vn -0.9175 -0.0018 -0.3977
vn 0.3977 -0.0005 -0.9175
vn 0.6405 -0.0928 0.7623
vn 0.6404 0.0973 0.7618
vn -0.7620 -0.0939 0.6407
vn -0.7621 0.0963 0.6403
vn 0.7621 -0.0963 -0.6403
vn 0.7620 0.0939 -0.6407
vn -0.6404 -0.0973 -0.7618
vn -0.6405 0.0928 -0.7623
vn -0.0855 -0.1314 0.9876
vn 0.6434 0.0022 0.7655
vn -0.0856 0.1363 0.9870
vn -0.7655 0.0012 0.6434
vn -0.9872 -0.1346 -0.0852
vn -0.9874 0.1331 -0.0859
vn -0.6434 -0.0022 -0.7655
vn 0.0856 -0.1363 -0.9870
vn 0.0855 0.1314 -0.9876
vn 0.7655 -0.0012 -0.6434
vn 0.9874 -0.1331 0.0859
vn 0.9872 0.1346 0.0852
vn 0.0005 -1.0000 0.0025
vn -0.0864 0.0024 0.9963
vn 0.9963 0.0007 0.0864
vn -0.0005 1.0000 -0.0025
vn -0.9963 -0.0007 -0.0864
vn 0.0864 -0.0024 -0.9963
vn 0.8585 -0.0938 0.5041
vn 0.8575 0.0964 0.5053
vn -0.5042 -0.1033 0.8574
vn -0.5052 0.0868 0.8586
vn 0.5052 -0.0868 -0.8586
vn 0.5042 0.1033 -0.8574
vn -0.8575 -0.0964 -0.5053
vn -0.8585 0.0938 -0.5041
vn 0.2494 -0.1388 0.9584
vn 0.8619 0.0013 0.5070
vn 0.2480 0.1289 0.9601
vn -0.5070 -0.0083 0.8619
vn -0.9586 -0.1406 0.2478
vn -0.9600 0.1271 0.2496
vn -0.8619 -0.0013 -0.5070
vn -0.2480 -0.1289 -0.9601
vn -0.2494 0.1388 -0.9584
vn 0.5070 0.0083 -0.8619
vn 0.9600 -0.1271 -0.2496
vn 0.9585 0.1406 -0.2478
vn 0.0053 -1.0000 -0.0065
vn 0.2510 -0.0050 0.9680
vn 0.9680 0.0068 -0.2510
vn -0.0053 1.0000 0.0065
vn -0.9680 -0.0068 0.2510
vn -0.2510 0.0050 -0.9680
vn 0.9742 -0.0996 0.2027
vn 0.9748 0.0905 0.2037
vn -0.2036 -0.0994 0.9740
vn -0.2029 0.0907 0.9750
vn 0.2029 -0.0907 -0.9750
vn 0.2036 0.0994 -0.9740
vn -0.9748 -0.0905 -0.2037
vn -0.9742 0.0996 -0.2027
vn 0.5424 -0.1401 0.8283
vn 0.9789 -0.0046 0.2041
vn 0.5434 0.1276 0.8297
vn -0.2042 -0.0044 0.9789
vn -0.8295 -0.1337 0.5422
vn -0.8286 0.1340 0.5436
vn -0.9789 0.0046 -0.2041
vn -0.5434 -0.1276 -0.8297
vn -0.5424 0.1401 -0.8283
vn 0.2042 0.0044 -0.9789
vn 0.8286 -0.1340 -0.5436
vn 0.8295 0.1337 -0.5422
vn -0.0036 -1.0000 -0.0052
vn 0.5478 -0.0063 0.8366
vn 0.8366 -0.0001 -0.5479
vn 0.0036 1.0000 0.0052
vn -0.8366 0.0001 0.5479
vn -0.5478 0.0063 -0.8366
vn 0.9873 -0.0964 -0.1266
vn 0.9876 0.0938 -0.1258
vn 0.1260 -0.0991 0.9871
vn 0.1264 0.0911 0.9878
vn -0.1264 -0.0911 -0.9878
vn -0.1260 0.0991 -0.9871
vn -0.9876 -0.0938 0.1258
vn -0.9873 0.0964 0.1266
vn 0.7837 -0.1376 0.6057
vn 0.9919 -0.0013 -0.1268
vn 0.7842 0.1301 0.6068
vn 0.1268 -0.0040 0.9919
vn -0.6065 -0.1358 0.7834
vn -0.6060 0.1320 0.7844
vn -0.9919 0.0013 0.1268
vn -0.7842 -0.1301 -0.6068
vn -0.7837 0.1376 -0.6057
vn -0.1268 0.0040 -0.9919
vn 0.6060 -0.1320 -0.7844
vn 0.6065 0.1358 -0.7834
vn -0.0018 -1.0000 -0.0038
vn 0.7910 -0.0038 0.6117
vn 0.6118 0.0019 -0.7910
vn 0.0018 1.0000 0.0038
vn -0.6118 -0.0019 0.7910
vn -0.7910 0.0038 -0.6117
vn 0.8921 -0.0951 -0.4417
vn 0.8921 0.0950 -0.4418
vn 0.4418 -0.0944 0.8922
vn 0.4417 0.0958 0.8920
vn -0.4417 -0.0958 -0.8920
vn -0.4418 0.0944 -0.8922
vn -0.8921 -0.0950 0.4418
vn -0.8921 0.0951 0.4417
vn 0.9390 -0.1334 0.3171
vn 0.8962 -0.0001 -0.4437
vn 0.9389 0.1343 0.3169
vn 0.4437 0.0007 0.8962
vn -0.3170 -0.1333 0.9390
vn -0.3171 0.1344 0.9388
vn -0.8962 0.0001 0.4437
vn -0.9389 -0.1343 -0.3169
vn -0.9390 0.1334 -0.3171
vn -0.4437 -0.0007 -0.8962
vn 0.3171 -0.1344 -0.9388
vn 0.3170 0.1333 -0.9390
vn 0.0003 -1.0000 0.0007
vn 0.9475 0.0005 0.3199
vn 0.3199 -0.0005 -0.9475
vn -0.0003 1.0000 -0.0007
vn -0.3199 0.0005 0.9475
vn -0.9475 -0.0005 -0.3199
vn -0.2223 -0.7071 0.6713
vn -0.2223 0.7071 0.6713
vn -0.5499 -0.7071 0.4445
vn -0.5499 0.7071 0.4445
vn -0.7029 -0.7071 0.0767
vn -0.7029 0.7071 0.0767
vn -0.6328 -0.7071 -0.3155
vn -0.6328 0.7071 -0.3155
vn -0.3617 -0.7071 -0.6076
vn -0.3617 0.7071 -0.6076
vn 0.0241 -0.7071 -0.7067
vn 0.0241 0.7071 -0.7067
vn 0.4024 -0.7071 -0.5815
vn 0.4024 0.7071 -0.5815
vn 0.6529 -0.7071 -0.2716
vn 0.6529 0.7071 -0.2716
vn 0.6961 -0.7071 0.1245
vn 0.6961 0.7071 0.1245
vn 0.5183 -0.7071 0.4810
vn 0.5183 0.7071 0.4810
vn 0.1759 -0.7071 0.6849
vn 0.1759 0.7071 0.6849
vn -0.0000 -1.0000 -0.0000
vn -0.3143 -0.0000 0.9493
vn 0.2488 -0.0000 0.9686
vn -0.0000 1.0000 -0.0000
vn -0.7777 -0.0000 0.6287
vn -0.9941 -0.0000 0.1084
vn -0.8949 -0.0000 -0.4462
vn -0.5116 -0.0000 -0.8592
vn 0.0342 -0.0000 -0.9994
vn 0.5691 -0.0000 -0.8223
vn 0.9233 -0.0000 -0.3841
vn 0.9844 -0.0000 0.1760
vn 0.7329 -0.0000 0.6803
vn -0.2275 -0.7071 0.6695
vn -0.2275 0.7071 0.6695
vn -0.5534 -0.7071 0.4402
vn -0.5534 0.7071 0.4402
vn -0.7035 -0.7071 0.0711
vn -0.7035 0.7071 0.0711
vn -0.6303 -0.7071 -0.3205
vn -0.6303 0.7071 -0.3205
vn -0.3570 -0.7071 -0.6104
vn -0.3570 0.7071 -0.6104
vn 0.0297 -0.7071 -0.7065
vn 0.0297 0.7071 -0.7065
vn 0.4069 -0.7071 -0.5783
vn 0.4069 0.7071 -0.5783
vn 0.6550 -0.7071 -0.2665
vn 0.6550 0.7071 -0.2665
vn 0.6951 -0.7071 0.1299
vn 0.6951 0.7071 0.1299
vn 0.5145 -0.7071 0.4851
vn 0.5145 0.7071 0.4851
vn 0.1705 -0.7071 0.6862
vn 0.1705 0.7071 0.6862
vn -0.3218 -0.0000 0.9468
vn 0.2412 -0.0000 0.9705
vn -0.7826 -0.0000 0.6225
vn -0.9949 -0.0000 0.1006
vn -0.8914 -0.0000 -0.4533
vn -0.5048 -0.0000 -0.8632
vn 0.0420 -0.0000 -0.9991
vn 0.5755 -0.0000 -0.8178
vn 0.9263 -0.0000 -0.3768
vn 0.9830 -0.0000 0.1838
vn 0.7276 -0.0000 0.6860
vn -0.2280 -0.7071 0.6693
vn -0.2280 0.7071 0.6693
vn -0.5537 -0.7071 0.4398
vn -0.5537 0.7071 0.4398
vn -0.7036 -0.7071 0.0706
vn -0.7036 0.7071 0.0706
vn -0.6301 -0.7071 -0.3209
vn -0.6301 0.7071 -0.3209
vn -0.3565 -0.7071 -0.6106
vn -0.3565 0.7071 -0.6106
vn 0.0302 -0.7071 -0.7065
vn 0.0302 0.7071 -0.7065
vn 0.4073 -0.7071 -0.5780
vn 0.4074 0.7071 -0.5780
vn 0.6552 -0.7071 -0.2660
vn 0.6552 0.7071 -0.2660
vn 0.6950 -0.7071 0.1304
vn 0.6950 0.7071 0.1304
vn 0.5141 -0.7071 0.4855
vn 0.5141 0.7071 0.4855
vn 0.1701 -0.7071 0.6863
vn 0.1701 0.7071 0.6864
vn -0.3225 -0.0000 0.9466
vn 0.2405 -0.0000 0.9707
vn -0.7830 -0.0000 0.6220
vn -0.9950 -0.0000 0.0999
vn -0.8911 -0.0000 -0.4539
vn -0.5042 -0.0000 -0.8636
vn 0.0427 -0.0000 -0.9991
vn 0.5761 -0.0000 -0.8174
vn 0.9265 -0.0000 -0.3762
vn 0.9828 -0.0000 0.1845
vn 0.7271 -0.0000 0.6865
vn 0.1638 -0.9738 -0.1578
vn 0.1414 0.9780 -0.1534
vn 0.1668 -0.9745 0.1504
vn 0.1444 0.9773 0.1548
vn -0.1444 -0.9773 -0.1548
vn -0.1668 0.9745 -0.1504
vn -0.1414 -0.9780 0.1534
vn -0.1638 0.9738 0.1578
vn 0.1673 -0.9859 -0.0037
vn 0.7001 0.0096 -0.7140
vn 0.1446 0.9895 0.0007
vn 0.7140 0.0066 0.7002
vn 0.0129 -0.9880 0.1538
vn -0.0098 0.9874 0.1582
vn -0.7001 -0.0096 0.7140
vn -0.1446 -0.9895 -0.0007
vn -0.1673 0.9859 0.0037
vn -0.7139 -0.0066 -0.7002
vn 0.0098 -0.9874 -0.1582
vn -0.0129 0.9880 -0.1538
vn 0.0115 -0.9999 -0.0022
vn 0.9999 0.0115 -0.0098
vn -0.0098 0.0021 -0.9999
vn -0.0115 0.9999 0.0022
vn 0.0098 -0.0021 0.9999
vn -0.9999 -0.0115 0.0098
vn -0.1260 -0.7262 -0.6758
vn -0.5074 0.6395 -0.5776
vn 0.7900 -0.4927 -0.3650
vn 0.4085 0.8729 -0.2668
vn -0.4085 -0.8729 0.2668
vn -0.7899 0.4927 0.3650
vn 0.5074 -0.6394 0.5776
vn 0.1260 0.7262 0.6758
vn 0.3827 -0.7026 -0.5999
vn -0.4501 -0.0617 -0.8908
vn -0.0571 0.8717 -0.4867
vn 0.8517 0.2702 -0.4490
vn 0.7477 -0.6526 0.1226
vn 0.3080 0.9217 0.2358
vn 0.4501 0.0617 0.8908
vn 0.0571 -0.8717 0.4867
vn -0.3827 0.7026 0.5999
vn -0.8517 -0.2702 0.4490
vn -0.3080 -0.9217 -0.2358
vn -0.7478 0.6525 -0.1225
vn 0.2684 -0.9608 -0.0691
vn 0.2839 0.1475 -0.9474
vn -0.9205 -0.2347 -0.3124
vn -0.2684 0.9608 0.0691
vn 0.9205 0.2347 0.3124
vn -0.2839 -0.1475 0.9474
vn -0.3207 -0.7275 -0.6065
vn -0.3847 0.6923 -0.6105
vn 0.6398 -0.6837 -0.3511
vn 0.5762 0.7362 -0.3551
vn -0.5761 -0.7362 0.3551
vn -0.6398 0.6837 0.3511
vn 0.3847 -0.6923 0.6105
vn 0.3207 0.7275 0.6065
vn 0.1839 -0.8134 -0.5519
vn -0.5013 -0.0250 -0.8649
vn 0.1103 0.8234 -0.5566
vn 0.8641 0.0374 -0.5019
vn 0.5904 -0.7931 0.1495
vn 0.5168 0.8437 0.1449
vn 0.5013 0.0250 0.8649
vn -0.1103 -0.8234 0.5566
vn -0.1839 0.8134 0.5519
vn -0.8641 -0.0374 0.5019
vn -0.5169 -0.8437 -0.1449
vn -0.5904 0.7931 -0.1495
vn 0.0449 -0.9990 0.0029
vn 0.2566 0.0088 -0.9665
vn -0.9655 -0.0441 -0.2567
vn -0.0449 0.9990 -0.0029
vn 0.9655 0.0441 0.2567
vn -0.2566 -0.0088 0.9665
vn -0.1276 -0.7129 -0.6895
vn -0.4934 0.6555 -0.5717
vn 0.7876 -0.4963 -0.3653
vn 0.4219 0.8722 -0.2475
vn -0.4220 -0.8722 0.2475
vn -0.7876 0.4963 0.3653
vn 0.4933 -0.6555 0.5718
vn 0.1278 0.7129 0.6895
vn 0.3803 -0.6969 -0.6080
vn -0.4414 -0.0408 -0.8964
vn -0.0411 0.8805 -0.4722
vn 0.8596 0.2672 -0.4355
vn 0.7383 -0.6639 0.1190
vn 0.3168 0.9136 0.2548
vn 0.4414 0.0408 0.8964
vn 0.0412 -0.8805 0.4722
vn -0.3803 0.6969 0.6080
vn -0.8596 -0.2672 0.4355
vn -0.3168 -0.9136 -0.2548
vn -0.7384 0.6638 -0.1190
vn 0.2572 -0.9628 -0.0829
vn 0.2957 0.1601 -0.9418
vn -0.9200 -0.2178 -0.3259
vn -0.2572 0.9628 0.0829
vn 0.9200 0.2178 0.3259
vn -0.2957 -0.1601 0.9418
vn -0.0544 -0.7181 -0.6938
vn -0.1944 0.6963 -0.6909
vn 0.7589 -0.6388 -0.1263
vn 0.6190 0.7757 -0.1233
vn -0.6191 -0.7756 0.1233
vn -0.7589 0.6388 0.1263
vn 0.1943 -0.6964 0.6909
vn 0.0544 0.7181 0.6938
vn 0.4061 -0.7821 -0.4727
vn -0.1767 -0.0154 -0.9841
vn 0.2448 0.8484 -0.4693
vn 0.9793 0.0973 -0.1774
vn 0.5494 -0.7695 0.3255
vn 0.3881 0.8609 0.3288
vn 0.1767 0.0154 0.9841
vn -0.2449 -0.8484 0.4693
vn -0.4061 0.7821 0.4727
vn -0.9793 -0.0973 0.1774
vn -0.3881 -0.8610 -0.3288
vn -0.5494 0.7696 -0.3255
vn 0.0985 -0.9951 -0.0021
vn 0.5675 0.0579 -0.8213
vn -0.8175 -0.0797 -0.5705
vn -0.0985 0.9951 0.0021
vn 0.8175 0.0797 0.5705
vn -0.5675 -0.0579 0.8213
vn 0.5199 -0.7231 -0.4548
vn 0.4364 0.6905 -0.5769
vn 0.5563 -0.6354 0.5356
vn 0.4726 0.7783 0.4135
vn -0.4727 -0.7782 -0.4135
vn -0.5563 0.6353 -0.5356
vn -0.4363 -0.6905 0.5769
vn -0.5199 0.7231 0.4548
vn 0.6203 -0.7830 0.0466
vn 0.6796 -0.0232 -0.7332
vn 0.5238 0.8466 -0.0942
vn 0.7312 0.1015 0.6745
vn 0.0691 -0.7642 0.6413
vn -0.0273 0.8653 0.5004
vn -0.6796 0.0232 0.7332
vn -0.5239 -0.8466 0.0942
vn -0.6202 0.7830 -0.0466
vn -0.7312 -0.1015 -0.6745
vn 0.0272 -0.8653 -0.5005
vn -0.0691 0.7642 -0.6413
vn 0.0588 -0.9946 0.0859
vn 0.9976 0.0554 -0.0415
vn -0.0365 -0.0882 -0.9954
vn -0.0588 0.9946 -0.0859
vn 0.0365 0.0882 0.9954
vn -0.9976 -0.0554 0.0415
vn 0.0404 -0.7045 -0.7085
vn 0.0144 0.7165 -0.6974
vn 0.7159 -0.6979 0.0220
vn 0.6900 0.7231 0.0331
vn -0.6899 -0.7232 -0.0331
vn -0.7158 0.6980 -0.0220
vn -0.0144 -0.7165 0.6974
vn -0.0405 0.7045 0.7085
vn 0.4358 -0.8084 -0.3957
vn 0.0390 0.0085 -0.9992
vn 0.4059 0.8298 -0.3829
vn 0.9991 0.0179 0.0392
vn 0.4042 -0.8153 0.4147
vn 0.3743 0.8229 0.4275
vn -0.0390 -0.0085 0.9992
vn -0.4059 -0.8298 0.3829
vn -0.4360 0.8083 0.3957
vn -0.9991 -0.0179 -0.0392
vn -0.3743 -0.8229 -0.4275
vn -0.4044 0.8152 -0.4146
vn 0.0183 -0.9998 -0.0078
vn 0.7340 0.0187 -0.6789
vn -0.6789 -0.0067 -0.7342
vn -0.0183 0.9998 0.0078
vn 0.6789 0.0067 0.7342
vn -0.7340 -0.0187 0.6789
vn -0.2860 -0.7112 -0.6423
vn -0.3586 0.7079 -0.6085
vn 0.6607 -0.6699 -0.3387
vn 0.5881 0.7491 -0.3049
vn -0.5881 -0.7491 0.3049
vn -0.6607 0.6699 0.3387
vn 0.3586 -0.7079 0.6085
vn 0.2860 0.7112 0.6422
vn 0.2160 -0.7960 -0.5654
vn -0.4581 -0.0023 -0.8889
vn 0.1323 0.8398 -0.5265
vn 0.8875 0.0563 -0.4574
vn 0.5874 -0.7942 0.1555
vn 0.5037 0.8417 0.1944
vn 0.4581 0.0023 0.8889
vn -0.1323 -0.8398 0.5265
vn -0.2160 0.7960 0.5654
vn -0.8875 -0.0563 0.4574
vn -0.5037 -0.8417 -0.1944
vn -0.5874 0.7942 -0.1555
vn 0.0511 -0.9984 -0.0237
vn 0.3036 0.0382 -0.9520
vn -0.9514 -0.0415 -0.3051
vn -0.0511 0.9984 0.0237
vn 0.9514 0.0415 0.3051
vn -0.3036 -0.0382 0.9520
vn 0.4793 -0.7234 -0.4970
vn 0.4131 0.6933 -0.5905
vn 0.5760 -0.6538 0.4907
vn 0.5099 0.7629 0.3973
vn -0.5100 -0.7629 -0.3973
vn -0.5760 0.6538 -0.4907
vn -0.4131 -0.6934 0.5904
vn -0.4793 0.7234 0.4970
vn 0.6083 -0.7937 -0.0037
vn 0.6342 -0.0214 -0.7729
vn 0.5320 0.8394 -0.1113
vn 0.7718 0.0776 0.6311
vn 0.0939 -0.7765 0.6231
vn 0.0177 0.8567 0.5155
vn -0.6342 0.0214 0.7729
vn -0.5320 -0.8394 0.1113
vn -0.6084 0.7937 0.0037
vn -0.7718 -0.0776 -0.6311
vn -0.0177 -0.8567 -0.5155
vn -0.0939 0.7765 -0.6231
vn 0.0465 -0.9968 0.0657
vn 0.9942 0.0398 -0.1002
vn -0.0973 -0.0700 -0.9928
vn -0.0465 0.9968 -0.0657
vn 0.0973 0.0700 0.9928
vn -0.9942 -0.0398 0.1002
vn 0.3508 -0.1024 -0.9308
vn 0.3509 0.1071 -0.9303
vn 0.9306 -0.1056 0.3506
vn 0.9306 0.1038 0.3511
vn -0.9306 -0.1038 -0.3511
vn -0.9305 0.1056 -0.3506
vn -0.3509 -0.1071 0.9303
vn -0.3508 0.1024 0.9308
vn 0.9012 -0.1462 -0.4081
vn 0.3528 0.0024 -0.9357
vn 0.9012 0.1483 -0.4073
vn 0.9357 -0.0009 0.3528
vn 0.4077 -0.1496 0.9008
vn 0.4077 0.1450 0.9015
vn -0.3528 -0.0024 0.9357
vn -0.9012 -0.1483 0.4073
vn -0.9012 0.1463 0.4081
vn -0.9357 0.0009 -0.3528
vn -0.4077 -0.1450 -0.9015
vn -0.4077 0.1496 -0.9008
vn -0.0000 -1.0000 -0.0025
vn 0.9111 0.0011 -0.4122
vn -0.4122 0.0023 -0.9111
vn -0.0000 1.0000 0.0025
vn 0.4122 -0.0023 0.9111
vn -0.9111 -0.0011 0.4122
vn 0.0226 -0.1112 -0.9935
vn 0.0221 0.0983 -0.9949
vn 0.9945 -0.1024 0.0230
vn 0.9940 0.1070 0.0216
vn -0.9940 -0.1070 -0.0216
vn -0.9945 0.1024 -0.0230
vn -0.0221 -0.0983 0.9949
vn -0.0226 0.1112 0.9935
vn 0.7153 -0.1502 -0.6825
vn 0.0225 -0.0065 -0.9997
vn 0.7146 0.1444 -0.6845
vn 0.9997 0.0023 0.0225
vn 0.6838 -0.1412 0.7159
vn 0.6832 0.1534 0.7139
vn -0.0225 0.0065 0.9997
vn -0.7146 -0.1444 0.6845
vn -0.7153 0.1502 0.6825
vn -0.9997 -0.0023 -0.0224
vn -0.6832 -0.1534 -0.7140
vn -0.6838 0.1412 -0.7159
vn 0.0022 -1.0000 0.0065
vn 0.7228 -0.0030 -0.6910
vn -0.6910 -0.0062 -0.7228
vn -0.0022 1.0000 -0.0065
vn 0.6910 0.0062 0.7228
vn -0.7228 0.0030 0.6910
vn -0.3186 -0.1021 -0.9424
vn -0.3194 0.1074 -0.9415
vn 0.9423 -0.0999 -0.3194
vn 0.9416 0.1095 -0.3185
vn -0.9415 -0.1095 0.3186
vn -0.9424 0.0999 0.3193
vn 0.3194 -0.1074 0.9415
vn 0.3186 0.1021 0.9424
vn 0.4387 -0.1420 -0.8874
vn -0.3208 0.0027 -0.9472
vn 0.4376 0.1525 -0.8861
vn 0.9471 0.0048 -0.3208
vn 0.8873 -0.1458 0.4375
vn 0.8862 0.1488 0.4387
vn 0.3207 -0.0027 0.9472
vn -0.4376 -0.1526 0.8861
vn -0.4387 0.1421 0.8874
vn -0.9471 -0.0048 0.3208
vn -0.8862 -0.1488 -0.4387
vn -0.8873 0.1458 -0.4375
vn 0.0037 -1.0000 -0.0041
vn 0.4429 0.0053 -0.8965
vn -0.8965 -0.0015 -0.4430
vn -0.0037 1.0000 0.0041
vn 0.8965 0.0015 0.4430
vn -0.4429 -0.0053 0.8965
vn -0.6309 -0.1035 -0.7689
vn -0.6313 0.1060 -0.7683
vn 0.7688 -0.1016 -0.6314
vn 0.7684 0.1078 -0.6308
vn -0.7684 -0.1078 0.6308
vn -0.7688 0.1016 0.6314
vn 0.6312 -0.1060 0.7683
vn 0.6309 0.1035 0.7689
vn 0.0970 -0.1442 -0.9848
vn -0.6346 0.0013 -0.7729
vn 0.0965 0.1504 -0.9839
vn 0.7729 0.0031 -0.6346
vn 0.9846 -0.1460 0.0963
vn 0.9841 0.1486 0.0972
vn 0.6346 -0.0013 0.7729
vn -0.0965 -0.1504 0.9839
vn -0.0970 0.1442 0.9848
vn -0.7729 -0.0031 0.6346
vn -0.9841 -0.1486 -0.0972
vn -0.9846 0.1460 -0.0963
vn 0.0016 -1.0000 -0.0030
vn 0.0978 0.0031 -0.9952
vn -0.9952 -0.0013 -0.0978
vn -0.0016 1.0000 0.0030
vn 0.9952 0.0013 0.0978
vn -0.0978 -0.0031 0.9952
vn -0.8537 -0.1035 -0.5104
vn -0.8529 0.1060 -0.5112
vn 0.5105 -0.1101 -0.8528
vn 0.5112 0.0994 -0.8537
vn -0.5113 -0.0994 0.8537
vn -0.5105 0.1101 0.8528
vn 0.8529 -0.1060 0.5113
vn 0.8537 0.1035 0.5104
vn -0.2414 -0.1502 -0.9587
vn -0.8580 0.0012 -0.5137
vn -0.2402 0.1444 -0.9599
vn 0.5137 -0.0054 -0.8580
vn 0.9588 -0.1519 -0.2402
vn 0.9599 0.1427 -0.2414
vn 0.8580 -0.0012 0.5137
vn 0.2402 -0.1444 0.9599
vn 0.2414 0.1502 0.9587
vn -0.5137 0.0054 0.8580
vn -0.9599 -0.1427 0.2414
vn -0.9588 0.1519 0.2402
vn -0.0038 -1.0000 0.0040
vn -0.2435 -0.0029 -0.9699
vn -0.9699 0.0047 0.2434
vn 0.0038 1.0000 -0.0040
vn 0.9699 -0.0047 -0.2434
vn 0.2435 0.0029 0.9699
vn -0.9757 -0.1097 -0.1896
vn -0.9767 0.0997 -0.1902
vn 0.1904 -0.1068 -0.9759
vn 0.1894 0.1027 -0.9765
vn -0.1894 -0.1027 0.9765
vn -0.1904 0.1068 0.9759
vn 0.9767 -0.0997 0.1902
vn 0.9757 0.1097 0.1896
vn -0.5523 -0.1523 -0.8196
vn -0.9816 -0.0050 -0.1909
vn -0.5536 0.1423 -0.8205
vn 0.1910 -0.0021 -0.9816
vn 0.8207 -0.1452 -0.5525
vn 0.8194 0.1494 -0.5534
vn 0.9816 0.0050 0.1910
vn 0.5536 -0.1423 0.8205
vn 0.5523 0.1523 0.8196
vn -0.1910 0.0021 0.9816
vn -0.8194 -0.1494 0.5534
vn -0.8207 0.1452 0.5525
vn 0.0046 -1.0000 0.0030
vn -0.5591 -0.0050 -0.8291
vn -0.8291 -0.0021 0.5591
vn -0.0046 1.0000 -0.0030
vn 0.8291 0.0021 -0.5591
vn 0.5591 0.0050 0.8291
vn -0.9834 -0.0991 0.1518
vn -0.9823 0.1104 0.1514
vn -0.1522 -0.1058 -0.9827
vn -0.1510 0.1036 -0.9831
vn 0.1510 -0.1036 0.9831
vn 0.1522 0.1058 0.9827
vn 0.9823 -0.1104 -0.1514
vn 0.9834 0.0991 -0.1518
vn -0.7986 -0.1441 -0.5843
vn -0.9883 0.0057 0.1524
vn -0.7970 0.1505 -0.5849
vn -0.1525 -0.0011 -0.9883
vn 0.5838 -0.1520 -0.7975
vn 0.5854 0.1426 -0.7981
vn 0.9883 -0.0057 -0.1524
vn 0.7970 -0.1505 0.5849
vn 0.7986 0.1441 0.5843
vn 0.1525 0.0011 0.9883
vn -0.5854 -0.1426 0.7981
vn -0.5838 0.1520 0.7975
vn -0.0054 -1.0000 0.0019
vn -0.8066 0.0032 -0.5910
vn -0.5910 0.0048 0.8066
vn 0.0054 1.0000 -0.0019
vn 0.5910 -0.0048 -0.8066
vn 0.8066 -0.0032 0.5910
vn -0.8687 -0.1040 0.4844
vn -0.8687 0.1054 0.4841
vn -0.4842 -0.1061 -0.8685
vn -0.4842 0.1034 -0.8688
vn 0.4842 -0.1034 0.8688
vn 0.4842 0.1061 0.8685
vn 0.8687 -0.1054 -0.4841
vn 0.8686 0.1040 -0.4844
vn -0.9514 -0.1477 -0.2701
vn -0.8735 0.0007 0.4869
vn -0.9514 0.1469 -0.2706
vn -0.4869 -0.0013 -0.8735
vn 0.2703 -0.1487 -0.9512
vn 0.2703 0.1459 -0.9517
vn 0.8735 -0.0007 -0.4869
vn 0.9514 -0.1469 0.2706
vn 0.9514 0.1477 0.2701
vn 0.4869 0.0013 0.8735
vn -0.2703 -0.1459 0.9517
vn -0.2703 0.1487 0.9512
vn -0.0000 -1.0000 0.0015
vn -0.9619 -0.0004 -0.2733
vn -0.2733 0.0015 0.9619
vn -0.0000 1.0000 -0.0015
vn 0.2733 -0.0015 -0.9619
vn 0.9619 0.0004 0.2733
vn -0.6570 -0.1028 0.7469
vn -0.6560 0.1067 0.7472
vn -0.7475 -0.0999 -0.6567
vn -0.7465 0.1095 -0.6563
vn 0.7465 -0.1095 0.6563
vn 0.7475 0.0999 0.6567
vn 0.6560 -0.1067 -0.7472
vn 0.6570 0.1028 -0.7469
vn -0.9878 -0.1426 0.0634
vn -0.6601 0.0019 0.7512
vn -0.9863 0.1520 0.0639
vn -0.7511 0.0048 -0.6601
vn -0.0644 -0.1453 -0.9873
vn -0.0630 0.1493 -0.9868
vn 0.6601 -0.0019 -0.7512
vn 0.9863 -0.1520 -0.0639
vn 0.9878 0.1426 -0.0634
vn 0.7512 -0.0048 0.6601
vn 0.0630 -0.1493 0.9868
vn 0.0644 0.1453 0.9873
vn -0.0049 -1.0000 -0.0017
vn -0.9979 0.0048 0.0644
vn 0.0644 -0.0020 0.9979
vn 0.0049 1.0000 0.0017
vn -0.0644 0.0020 -0.9979
vn 0.9979 -0.0048 -0.0644
vn -0.3598 -0.1032 0.9273
vn -0.3582 0.1062 0.9276
vn -0.9282 -0.0970 -0.3591
vn -0.9266 0.1125 -0.3588
vn 0.9266 -0.1125 0.3588
vn 0.9282 0.0970 0.3591
vn 0.3582 -0.1062 -0.9276
vn 0.3598 0.1032 -0.9273
vn -0.9058 -0.1408 0.3996
vn -0.3610 0.0015 0.9326
vn -0.9035 0.1538 0.4000
vn -0.9325 0.0078 -0.3610
vn -0.4009 -0.1429 -0.9049
vn -0.3986 0.1517 -0.9045
vn 0.3610 -0.0015 -0.9326
vn 0.9035 -0.1538 -0.4000
vn 0.9058 0.1408 -0.3996
vn 0.9325 -0.0078 0.3610
vn 0.3986 -0.1517 0.9045
vn 0.4009 0.1429 0.9049
vn -0.0078 -1.0000 -0.0014
vn -0.9147 0.0066 0.4042
vn 0.4042 -0.0044 0.9147
vn 0.0078 1.0000 0.0014
vn -0.4042 0.0044 -0.9147
vn 0.9147 -0.0066 -0.4042
vn -0.0162 -0.1029 0.9946
vn -0.0176 0.1065 0.9942
vn -0.9936 -0.1118 -0.0167
vn -0.9951 0.0976 -0.0171
vn 0.9951 -0.0976 0.0171
vn 0.9936 0.1118 0.0167
vn 0.0176 -0.1065 -0.9942
vn 0.0162 0.1029 -0.9946
vn -0.7101 -0.1510 0.6877
vn -0.0170 0.0018 0.9999
vn -0.7122 0.1436 0.6871
vn -0.9998 -0.0071 -0.0170
vn -0.6863 -0.1535 -0.7109
vn -0.6884 0.1411 -0.7114
vn 0.0170 -0.0018 -0.9999
vn 0.7122 -0.1436 -0.6871
vn 0.7101 0.1510 -0.6877
vn 0.9998 0.0071 0.0170
vn 0.6884 -0.1411 0.7114
vn 0.6863 0.1535 0.7109
vn 0.0071 -1.0000 0.0019
vn -0.7190 -0.0038 0.6950
vn 0.6950 0.0063 0.7190
vn -0.0071 1.0000 -0.0019
vn -0.6950 -0.0063 -0.7190
vn 0.7190 0.0038 -0.6950
vn 0.3280 -0.1122 0.9380
vn 0.3290 0.0973 0.9393
vn -0.9392 -0.1025 0.3278
vn -0.9382 0.1069 0.3291
vn 0.9382 -0.1069 -0.3292
vn 0.9392 0.1025 -0.3278
vn -0.3290 -0.0973 -0.9393
vn -0.3280 0.1122 -0.9380
vn -0.4298 -0.1510 0.8902
vn 0.3303 -0.0075 0.9438
vn -0.4285 0.1436 0.8921
vn -0.9439 0.0022 0.3303
vn -0.8918 -0.1405 -0.4300
vn -0.8905 0.1541 -0.4282
vn -0.3303 0.0075 -0.9439
vn 0.4285 -0.1436 -0.8921
vn 0.4298 0.1510 -0.8902
vn 0.9439 -0.0022 -0.3303
vn 0.8905 -0.1541 0.4282
vn 0.8918 0.1405 0.4300
vn -0.0046 -1.0000 -0.0064
vn -0.4339 -0.0038 0.9010
vn 0.9010 -0.0069 0.4338
vn 0.0046 1.0000 0.0064
vn -0.9010 0.0069 -0.4338
vn 0.4339 0.0038 -0.9010
vn 0.6259 -0.1031 0.7731
vn 0.6255 0.1063 0.7729
vn -0.7728 -0.1057 0.6258
vn -0.7732 0.1037 0.6257
vn 0.7732 -0.1037 -0.6257
vn 0.7728 0.1057 -0.6258
vn -0.6255 -0.1063 -0.7729
vn -0.6259 0.1031 -0.7731
vn -0.1033 -0.1469 0.9837
vn 0.6292 0.0016 0.7773
vn -0.1038 0.1477 0.9836
vn -0.7773 -0.0010 0.6292
vn -0.9834 -0.1491 -0.1035
vn -0.9839 0.1455 -0.1037
vn -0.6292 -0.0016 -0.7773
vn 0.1038 -0.1477 -0.9836
vn 0.1033 0.1469 -0.9837
vn 0.7773 0.0010 -0.6292
vn 0.9839 -0.1455 0.1037
vn 0.9834 0.1491 0.1035
vn 0.0018 -1.0000 0.0006
vn -0.1047 0.0004 0.9945
vn 0.9945 0.0018 0.1047
vn -0.0018 1.0000 -0.0006
vn -0.9945 -0.0018 -0.1047
vn 0.1047 -0.0004 -0.9945
vn 0.8553 -0.1014 0.5082
vn 0.8546 0.1081 0.5078
vn -0.5077 -0.1048 0.8551
vn -0.5083 0.1047 0.8548
vn 0.5083 -0.1047 -0.8548
vn 0.5077 0.1048 -0.8551
vn -0.8546 -0.1081 -0.5078
vn -0.8552 0.1014 -0.5082
vn 0.2444 -0.1450 0.9588
vn 0.8597 0.0034 0.5108
vn 0.2435 0.1496 0.9583
vn -0.5108 -0.0001 0.8597
vn -0.9581 -0.1497 0.2442
vn -0.9590 0.1449 0.2437
vn -0.8597 -0.0034 -0.5108
vn -0.2435 -0.1496 -0.9583
vn -0.2444 0.1450 -0.9588
vn 0.5108 0.0001 -0.8597
vn 0.9590 -0.1449 -0.2437
vn 0.9581 0.1497 -0.2442
vn 0.0029 -1.0000 0.0017
vn 0.2467 0.0023 0.9691
vn 0.9691 0.0024 -0.2467
vn -0.0029 1.0000 -0.0017
vn -0.9691 -0.0024 0.2467
vn -0.2467 -0.0023 -0.9691
vn 0.9760 -0.1021 0.1924
vn 0.9756 0.1073 0.1913
vn -0.1917 -0.0999 0.9764
vn -0.1920 0.1096 0.9753
vn 0.1920 -0.1096 -0.9753
vn 0.1917 0.0999 -0.9764
vn -0.9757 -0.1073 -0.1913
vn -0.9760 0.1021 -0.1924
vn 0.5516 -0.1421 0.8219
vn 0.9812 0.0026 0.1928
vn 0.5511 0.1525 0.8204
vn -0.1929 0.0049 0.9812
vn -0.8209 -0.1457 0.5521
vn -0.8214 0.1489 0.5506
vn -0.9812 -0.0026 -0.1929
vn -0.5511 -0.1525 -0.8204
vn -0.5516 0.1421 -0.8219
vn 0.1929 -0.0049 -0.9812
vn 0.8214 -0.1488 -0.5506
vn 0.8209 0.1457 -0.5521
vn 0.0017 -1.0000 0.0053
vn 0.5574 0.0053 0.8302
vn 0.8302 -0.0016 -0.5574
vn -0.0017 1.0000 -0.0053
vn -0.8302 0.0016 0.5574
vn -0.5574 -0.0053 -0.8302
vn 0.9829 -0.1063 -0.1503
vn 0.9830 0.1032 -0.1519
vn 0.1511 -0.0974 0.9837
vn 0.1511 0.1120 0.9821
vn -0.1511 -0.1120 -0.9821
vn -0.1510 0.0974 -0.9837
vn -0.9830 -0.1032 0.1519
vn -0.9829 0.1063 0.1503
vn 0.7975 -0.1432 0.5861
vn 0.9884 -0.0015 -0.1520
vn 0.7976 0.1514 0.5839
vn 0.1519 0.0074 0.9884
vn -0.5851 -0.1411 0.7986
vn -0.5850 0.1535 0.7964
vn -0.9884 0.0015 0.1519
vn -0.7976 -0.1514 -0.5839
vn -0.7975 0.1432 -0.5861
vn -0.1519 -0.0074 -0.9884
vn 0.5850 -0.1535 -0.7964
vn 0.5851 0.1411 -0.7986
vn -0.0004 -1.0000 0.0075
vn 0.8063 0.0041 0.5915
vn 0.5915 -0.0063 -0.8063
vn 0.0004 1.0000 -0.0075
vn -0.5915 0.0063 0.8063
vn -0.8063 -0.0041 -0.5914
vn 0.8736 -0.0999 -0.4763
vn 0.8723 0.1096 -0.4766
vn 0.4771 -0.1008 0.8731
vn 0.4758 0.1086 0.8728
vn -0.4758 -0.1086 -0.8728
vn -0.4771 0.1008 -0.8731
vn -0.8723 -0.1096 0.4765
vn -0.8736 0.0999 0.4764
vn 0.9499 -0.1411 0.2790
vn 0.8778 0.0049 -0.4790
vn 0.9480 0.1535 0.2787
vn 0.4791 0.0039 0.8778
vn -0.2780 -0.1480 0.9491
vn -0.2798 0.1466 0.9488
vn -0.8778 -0.0049 0.4791
vn -0.9480 -0.1534 -0.2787
vn -0.9499 0.1411 -0.2790
vn -0.4791 -0.0039 -0.8778
vn 0.2798 -0.1466 -0.9488
vn 0.2780 0.1480 -0.9491
vn 0.0062 -1.0000 0.0011
vn 0.9594 0.0062 0.2819
vn 0.2819 0.0007 -0.9594
vn -0.0062 1.0000 -0.0011
vn -0.2819 -0.0007 0.9594
vn -0.9594 -0.0062 -0.2819
vn 0.6568 -0.0983 -0.7476
vn 0.6555 0.1111 -0.7470
vn 0.7480 -0.1021 0.6558
vn 0.7467 0.1073 0.6565
vn -0.7467 -0.1073 -0.6565
vn -0.7480 0.1021 -0.6558
vn -0.6555 -0.1111 0.7470
vn -0.6568 0.0983 0.7477
vn 0.9879 -0.1410 -0.0646
vn 0.6598 0.0065 -0.7514
vn 0.9861 0.1536 -0.0636
vn 0.7514 0.0026 0.6598
vn 0.0650 -0.1500 0.9865
vn 0.0632 0.1446 0.9875
vn -0.6598 -0.0065 0.7514
vn -0.9861 -0.1536 0.0636
vn -0.9879 0.1410 0.0646
vn -0.7514 -0.0026 -0.6598
vn -0.0632 -0.1446 -0.9875
vn -0.0650 0.1500 -0.9865
vn 0.0062 -1.0000 -0.0031
vn 0.9979 0.0064 -0.0648
vn -0.0648 0.0027 -0.9979
vn -0.0062 1.0000 0.0031
vn 0.0648 -0.0027 0.9979
vn -0.9979 -0.0064 0.0648
vn -0.2030 -0.7071 0.6773
vn -0.2030 0.7071 0.6774
vn -0.5370 -0.7071 0.4601
vn -0.5370 0.7071 0.4601
vn -0.7005 -0.7071 0.0968
vn -0.7005 0.7071 0.0968
vn -0.6416 -0.7071 -0.2973
vn -0.6416 0.7071 -0.2973
vn -0.3790 -0.7071 -0.5970
vn -0.3790 0.7071 -0.5970
vn 0.0039 -0.7071 -0.7071
vn 0.0039 0.7071 -0.7071
vn 0.3856 -0.7071 -0.5927
vn 0.3856 0.7071 -0.5927
vn 0.6448 -0.7071 -0.2902
vn 0.6448 0.7071 -0.2902
vn 0.6993 -0.7071 0.1045
vn 0.6993 0.7071 0.1045
vn 0.5318 -0.7071 0.4660
vn 0.5318 0.7071 0.4660
vn 0.1955 -0.7071 0.6796
vn 0.1955 0.7071 0.6796
vn -0.2870 -0.0000 0.9579
vn 0.2764 -0.0000 0.9610
vn -0.7594 -0.0000 0.6507
vn -0.9906 -0.0000 0.1368
vn -0.9073 -0.0000 -0.4204
vn -0.5360 -0.0000 -0.8442
vn 0.0055 -0.0000 -1.0000
vn 0.5453 -0.0000 -0.8382
vn 0.9119 -0.0000 -0.4104
vn 0.9890 -0.0000 0.1478
vn 0.7521 -0.0000 0.6590
vn -0.2298 -0.7071 0.6687
vn -0.2298 0.7071 0.6687
vn -0.5549 -0.7071 0.4383
vn -0.5549 0.7071 0.4383
vn -0.7038 -0.7071 0.0687
vn -0.7038 0.7071 0.0687
vn -0.6292 -0.7071 -0.3227
vn -0.6292 0.7071 -0.3227
vn -0.3549 -0.7071 -0.6116
vn -0.3549 0.7071 -0.6116
vn 0.0321 -0.7071 -0.7064
vn 0.0321 0.7071 -0.7064
vn 0.4089 -0.7071 -0.5769
vn 0.4089 0.7071 -0.5769
vn 0.6559 -0.7071 -0.2642
vn 0.6559 0.7071 -0.2642
vn 0.6946 -0.7071 0.1323
vn 0.6946 0.7071 0.1323
vn 0.5128 -0.7071 0.4869
vn 0.5128 0.7071 0.4869
vn 0.1682 -0.7071 0.6868
vn 0.1682 0.7071 0.6868
vn -0.3250 -0.0000 0.9457
vn 0.2378 -0.0000 0.9713
vn -0.7847 -0.0000 0.6198
vn -0.9953 -0.0000 0.0972
vn -0.8898 -0.0000 -0.4563
vn -0.5019 -0.0000 -0.8649
vn 0.0454 -0.0000 -0.9990
vn 0.5783 -0.0000 -0.8158
vn 0.9276 -0.0000 -0.3737
vn 0.9823 -0.0000 0.1871
vn 0.7252 -0.0000 0.6885
vn -0.2248 -0.7071 0.6704
vn -0.2248 0.7071 0.6704
vn -0.5516 -0.7071 0.4424
vn -0.5516 0.7071 0.4424
vn -0.7032 -0.7071 0.0740
vn -0.7032 0.7071 0.0740
vn -0.6316 -0.7071 -0.3180
vn -0.6316 0.7071 -0.3180
vn -0.3594 -0.7071 -0.6089
vn -0.3594 0.7071 -0.6089
vn 0.0269 -0.7071 -0.7066
vn 0.0269 0.7071 -0.7066
vn 0.4046 -0.7071 -0.5799
vn 0.4046 0.7071 -0.5799
vn 0.6539 -0.7071 -0.2691
vn 0.6539 0.7071 -0.2691
vn 0.6956 -0.7071 0.1271
vn 0.6956 0.7071 0.1271
vn 0.5164 -0.7071 0.4830
vn 0.5164 0.7071 0.4830
vn 0.1733 -0.7071 0.6855
vn 0.1733 0.7071 0.6855
vn -0.3180 -0.0000 0.9481
vn 0.2451 -0.0000 0.9695
vn -0.7801 -0.0000 0.6257
vn -0.9945 -0.0000 0.1046
vn -0.8932 -0.0000 -0.4497
vn -0.5083 -0.0000 -0.8612
vn 0.0380 -0.0000 -0.9993
vn 0.5722 -0.0000 -0.8201
vn 0.9248 -0.0000 -0.3806
vn 0.9837 -0.0000 0.1798
vn 0.7303 -0.0000 0.6831
vn 0.1562 -0.9745 -0.1614
vn 0.1773 0.9701 -0.1656
vn 0.1529 -0.9737 0.1689
vn 0.1740 0.9709 0.1646
vn -0.1740 -0.9709 -0.1646
vn -0.1529 0.9737 -0.1689
vn -0.1772 -0.9701 0.1656
vn -0.1562 0.9745 0.1614
vn 0.1567 -0.9876 0.0038
vn 0.7140 -0.0092 -0.7001
vn 0.1781 0.9840 -0.0005
vn 0.7001 -0.0060 0.7141
vn -0.0123 -0.9854 0.1695
vn 0.0090 0.9862 0.1653
vn -0.7140 0.0092 0.7001
vn -0.1781 -0.9840 0.0005
vn -0.1567 0.9876 -0.0038
vn -0.7000 0.0060 -0.7141
vn -0.0090 -0.9862 -0.1653
vn 0.0123 0.9854 -0.1695
vn -0.0108 -0.9999 0.0022
vn 0.9999 -0.0108 0.0099
vn 0.0099 -0.0023 -0.9999
vn 0.0108 0.9999 -0.0022
vn -0.0099 0.0023 0.9999
vn -0.9999 0.0108 -0.0099
vn 0.4239 -0.7159 -0.5549
vn 0.3275 0.7000 -0.6347
vn 0.6410 -0.6466 0.4136
vn 0.5448 0.7693 0.3338
vn -0.5448 -0.7693 -0.3337
vn -0.6411 0.6465 -0.4136
vn -0.3274 -0.7000 0.6347
vn -0.4238 0.7159 0.5549
vn 0.6137 -0.7853 -0.0815
vn 0.5340 -0.0113 -0.8454
vn 0.5028 0.8468 -0.1734
vn 0.8428 0.0873 0.5311
vn 0.1807 -0.7761 0.6042
vn 0.0697 0.8560 0.5122
vn -0.5340 0.0113 0.8454
vn -0.5028 -0.8468 0.1735
vn -0.6137 0.7853 0.0815
vn -0.8428 -0.0873 -0.5311
vn -0.0697 -0.8560 -0.5122
vn -0.1807 0.7761 -0.6042
vn 0.0677 -0.9961 0.0561
vn 0.9735 0.0537 -0.2223
vn -0.2184 -0.0697 -0.9734
vn -0.0678 0.9961 -0.0561
vn 0.2184 0.0697 0.9734
vn -0.9735 -0.0537 0.2223
vn 0.2765 -0.7150 -0.6421
vn 0.2426 0.7057 -0.6657
vn 0.6707 -0.6904 0.2712
vn 0.6366 0.7304 0.2475
vn -0.6367 -0.7303 -0.2475
vn -0.6707 0.6903 -0.2712
vn -0.2425 -0.7057 0.6657
vn -0.2765 0.7150 0.6421
vn 0.5460 -0.8101 -0.2138
vn 0.3689 -0.0067 -0.9294
vn 0.5067 0.8277 -0.2411
vn 0.9292 0.0284 0.3686
vn 0.2468 -0.8047 0.5400
vn 0.2075 0.8331 0.5127
vn -0.3689 0.0067 0.9294
vn -0.5068 -0.8277 0.2411
vn -0.5459 0.8101 0.2138
vn -0.9291 -0.0284 -0.3687
vn -0.2076 -0.8331 -0.5127
vn -0.2468 0.8047 -0.5400
vn 0.0239 -0.9996 0.0167
vn 0.9179 0.0154 -0.3966
vn -0.3962 -0.0248 -0.9178
vn -0.0239 0.9996 -0.0167
vn 0.3962 0.0248 0.9178
vn -0.9179 -0.0154 0.3966
vn 0.1789 -0.7185 -0.6721
vn 0.0741 0.6984 -0.7119
vn 0.7425 -0.6539 0.1452
vn 0.6377 0.7630 0.1054
vn -0.6377 -0.7630 -0.1054
vn -0.7425 0.6539 -0.1452
vn -0.0740 -0.6984 0.7119
vn -0.1789 0.7185 0.6721
vn 0.5311 -0.7910 -0.3037
vn 0.1797 -0.0143 -0.9836
vn 0.4103 0.8423 -0.3495
vn 0.9809 0.0776 0.1781
vn 0.3853 -0.7794 0.4940
vn 0.2645 0.8539 0.4482
vn -0.1797 0.0143 0.9836
vn -0.4103 -0.8423 0.3495
vn -0.5311 0.7910 0.3037
vn -0.9809 -0.0776 -0.1781
vn -0.2644 -0.8539 -0.4482
vn -0.3854 0.7794 -0.4940
vn 0.0738 -0.9969 0.0280
vn 0.8207 0.0448 -0.5696
vn -0.5666 -0.0650 -0.8215
vn -0.0738 0.9969 -0.0280
vn 0.5666 0.0650 0.8215
vn -0.8207 -0.0448 0.5696
vn -0.3152 -0.7241 -0.6134
vn -0.4655 0.6881 -0.5567
vn 0.6557 -0.6287 -0.4181
vn 0.5053 0.7836 -0.3614
vn -0.5054 -0.7836 0.3614
vn -0.6557 0.6287 0.4181
vn 0.4654 -0.6881 0.5567
vn 0.3152 0.7242 0.6134
vn 0.1963 -0.7798 -0.5945
vn -0.5548 -0.0256 -0.8316
vn 0.0230 0.8482 -0.5292
vn 0.8252 0.1101 -0.5540
vn 0.6462 -0.7589 0.0799
vn 0.4729 0.8690 0.1453
vn 0.5548 0.0256 0.8316
vn -0.0230 -0.8482 0.5292
vn -0.1963 0.7798 0.5945
vn -0.8252 -0.1101 0.5540
vn -0.4729 -0.8690 -0.1453
vn -0.6463 0.7589 -0.0799
vn 0.1057 -0.9936 -0.0399
vn 0.1912 0.0597 -0.9797
vn -0.9758 -0.0960 -0.1963
vn -0.1057 0.9936 0.0399
vn 0.9758 0.0960 0.1963
vn -0.1912 -0.0597 0.9797
vn 0.5572 -0.7239 -0.4068
vn 0.3910 0.6697 -0.6314
vn 0.5964 -0.5611 0.5740
vn 0.4302 0.8324 0.3493
vn -0.4301 -0.8325 -0.3493
vn -0.5963 0.5611 -0.5740
vn -0.3910 -0.6697 0.6314
vn -0.5572 0.7239 0.4068
vn 0.6649 -0.7407 0.0964
vn 0.6739 -0.0385 -0.7378
vn 0.4732 0.8658 -0.1626
vn 0.7295 0.1928 0.6562
vn 0.1184 -0.7094 0.6948
vn -0.0733 0.8971 0.4358
vn -0.6739 0.0385 0.7378
vn -0.4732 -0.8658 0.1626
vn -0.6649 0.7407 -0.0964
vn -0.7295 -0.1928 -0.6562
vn 0.0733 -0.8970 -0.4358
vn -0.1184 0.7094 -0.6948
vn 0.1170 -0.9805 0.1581
vn 0.9924 0.1091 -0.0577
vn -0.0393 -0.1636 -0.9857
vn -0.1170 0.9805 -0.1581
vn 0.0393 0.1636 0.9857
vn -0.9924 -0.1091 0.0577
vn 0.0049 -0.7283 -0.6852
vn -0.1463 0.6847 -0.7140
vn 0.7716 -0.6334 -0.0582
vn 0.6203 0.7795 -0.0870
vn -0.6203 -0.7795 0.0871
vn -0.7716 0.6334 0.0582
vn 0.1464 -0.6846 0.7140
vn -0.0050 0.7283 0.6852
vn 0.4476 -0.7849 -0.4285
vn -0.1005 -0.0310 -0.9944
vn 0.2732 0.8439 -0.4617
vn 0.9892 0.1038 -0.1032
vn 0.5291 -0.7598 0.3780
vn 0.3547 0.8691 0.3448
vn 0.1005 0.0310 0.9944
vn -0.2732 -0.8439 0.4617
vn -0.4476 0.7849 0.4285
vn -0.9892 -0.1038 0.1032
vn -0.3547 -0.8691 -0.3448
vn -0.5291 0.7597 -0.3780
vn 0.1064 -0.9941 0.0203
vn 0.6284 0.0515 -0.7762
vn -0.7706 -0.0954 -0.6302
vn -0.1064 0.9941 -0.0203
vn 0.7706 0.0954 0.6302
vn -0.6284 -0.0515 0.7762
vn -0.2522 -0.7286 -0.6368
vn -0.3958 0.6853 -0.6114
vn 0.6922 -0.6381 -0.3372
vn 0.5487 0.7757 -0.3117
vn -0.5487 -0.7757 0.3117
vn -0.6922 0.6381 0.3372
vn 0.3958 -0.6853 0.6114
vn 0.2522 0.7286 0.6368
vn 0.2536 -0.7877 -0.5614
vn -0.4605 -0.0308 -0.8871
vn 0.0882 0.8421 -0.5320
vn 0.8819 0.0978 -0.4612
vn 0.6271 -0.7628 0.1581
vn 0.4616 0.8671 0.1874
vn 0.4605 0.0308 0.8871
vn -0.0882 -0.8421 0.5321
vn -0.2536 0.7877 0.5614
vn -0.8819 -0.0978 0.4612
vn -0.4615 -0.8671 -0.1874
vn -0.6270 0.7628 -0.1581
vn 0.1010 -0.9947 -0.0179
vn 0.2980 0.0474 -0.9534
vn -0.9492 -0.0909 -0.3012
vn -0.1010 0.9947 0.0179
vn 0.9492 0.0909 0.3012
vn -0.2980 -0.0474 0.9534
vn 0.2946 -0.7043 -0.6459
vn 0.2467 0.7162 -0.6529
vn 0.6729 -0.6871 0.2742
vn 0.6250 0.7334 0.2673
vn -0.6250 -0.7334 -0.2672
vn -0.6729 0.6871 -0.2741
vn -0.2467 -0.7162 0.6528
vn -0.2946 0.7043 0.6459
vn 0.5577 -0.8019 -0.2143
vn 0.3847 0.0085 -0.9230
vn 0.5025 0.8355 -0.2223
vn 0.9224 0.0330 0.3847
vn 0.2457 -0.8088 0.5343
vn 0.1905 0.8287 0.5263
vn -0.3847 -0.0085 0.9230
vn -0.5025 -0.8355 0.2222
vn -0.5576 0.8020 0.2143
vn -0.9224 -0.0330 -0.3847
vn -0.1905 -0.8287 -0.5263
vn -0.2456 0.8088 -0.5343
vn 0.0337 -0.9994 0.0049
vn 0.9243 0.0293 -0.3806
vn -0.3803 -0.0173 -0.9247
vn -0.0337 0.9994 -0.0049
vn 0.3802 0.0173 0.9247
vn -0.9243 -0.0293 0.3806
vn 0.0962 -0.9820 -0.1628
vn 0.0828 0.9839 -0.1587
vn 0.0998 -0.9826 0.1566
vn 0.0864 0.9832 0.1607
vn -0.0864 -0.9832 -0.1607
vn -0.0998 0.9826 -0.1566
vn -0.0828 -0.9839 0.1587
vn -0.0962 0.9820 0.1628
vn 0.0992 -0.9951 -0.0031
vn 0.4863 0.0051 -0.8738
vn 0.0857 0.9963 0.0010
vn 0.5059 0.0017 0.8626
vn 0.0085 -0.9873 0.1583
vn -0.0049 0.9867 0.1624
vn -0.4863 -0.0051 0.8738
vn -0.0857 -0.9963 -0.0010
vn -0.0992 0.9951 0.0031
vn -0.5059 -0.0017 -0.8626
vn 0.0049 -0.9867 -0.1624
vn -0.0085 0.9873 -0.1583
vn 0.0068 -1.0000 -0.0021
vn 0.9999 0.0068 -0.0112
vn -0.0113 0.0020 -0.9999
vn -0.0068 1.0000 0.0021
vn 0.0113 -0.0020 0.9999
vn -0.9999 -0.0068 0.0112
vn 0.0699 -0.7124 -0.6983
vn 0.0805 0.6986 -0.7110
vn 0.0530 -0.6995 0.7126
vn 0.0636 0.7114 0.6999
vn -0.0636 -0.7114 -0.6999
vn -0.0530 0.6995 -0.7126
vn -0.0805 -0.6985 0.7110
vn -0.0699 0.7124 0.6983
vn 0.0867 -0.9962 0.0101
vn 0.1061 -0.0098 -0.9943
vn 0.1016 0.9948 -0.0079
vn 0.0823 0.0084 0.9966
vn -0.0138 -0.7006 0.7134
vn -0.0032 0.7135 0.7006
vn -0.1061 0.0098 0.9943
vn -0.1016 -0.9948 0.0079
vn -0.0867 0.9962 -0.0101
vn -0.0823 -0.0084 -0.9966
vn 0.0032 -0.7135 -0.7006
vn 0.0138 0.7006 -0.7134
vn -0.0075 -0.9999 0.0090
vn 0.9999 -0.0074 0.0120
vn 0.0120 -0.0091 -0.9999
vn 0.0075 0.9999 -0.0090
vn -0.0120 0.0091 0.9999
vn -0.9999 0.0074 -0.0120
vn 0.0491 -0.7134 -0.6990
vn 0.0656 0.6975 -0.7136
vn 0.0679 -0.6991 0.7118
vn 0.0844 0.7118 0.6973
vn -0.0844 -0.7118 -0.6973
vn -0.0679 0.6991 -0.7118
vn -0.0656 -0.6975 0.7136
vn -0.0491 0.7134 0.6990
vn 0.0825 -0.9965 0.0090
vn 0.0809 -0.0112 -0.9967
vn 0.1058 0.9943 -0.0115
vn 0.1074 0.0090 0.9942
vn 0.0011 -0.6998 0.7143
vn 0.0177 0.7142 0.6997
vn -0.0809 0.0112 0.9967
vn -0.1058 -0.9943 0.0115
vn -0.0825 0.9965 -0.0090
vn -0.1074 -0.0090 -0.9942
vn -0.0177 -0.7142 -0.6997
vn -0.0011 0.6998 -0.7143
vn -0.0117 -0.9999 0.0103
vn 0.9998 -0.0118 -0.0132
vn -0.0133 -0.0102 -0.9999
vn 0.0117 0.9999 -0.0103
vn 0.0133 0.0102 0.9999
vn -0.9998 0.0118 0.0132
vn 0.6423 -0.7574 -0.1176
vn 0.6510 0.7498 -0.1186
vn 0.6408 -0.7572 0.1268
vn 0.6494 0.7499 0.1258
vn -0.6495 -0.7499 -0.1258
vn -0.6407 0.7572 -0.1268
vn -0.6510 -0.7498 0.1186
vn -0.6423 0.7574 0.1176
vn 0.6464 -0.7630 0.0046
vn 0.9837 -0.0058 -0.1796
vn 0.6552 0.7555 0.0037
vn 0.9814 -0.0055 0.1921
vn -0.0067 -0.9870 0.1607
vn 0.0047 0.9872 0.1595
vn -0.9837 0.0058 0.1797
vn -0.6552 -0.7555 -0.0037
vn -0.6464 0.7630 -0.0046
vn -0.9814 0.0055 -0.1921
vn -0.0047 -0.9872 -0.1595
vn 0.0067 0.9870 -0.1607
vn -0.0058 -1.0000 0.0006
vn 1.0000 -0.0058 0.0063
vn 0.0063 -0.0007 -1.0000
vn 0.0058 1.0000 -0.0006
vn -0.0063 0.0007 1.0000
vn -1.0000 0.0058 -0.0063
vn 0.2694 -0.9624 -0.0354
vn 0.2694 0.9624 -0.0349
vn 0.2696 -0.9624 0.0337
vn 0.2695 0.9624 0.0342
vn -0.2695 -0.9624 -0.0342
vn -0.2696 0.9624 -0.0337
vn -0.2694 -0.9624 0.0349
vn -0.2695 0.9624 0.0354
vn 0.2697 -0.9630 -0.0009
vn 0.9916 0.0001 -0.1295
vn 0.2696 0.9630 -0.0004
vn 0.9922 -0.0000 0.1249
vn 0.0001 -0.9994 0.0356
vn -0.0000 0.9993 0.0362
vn -0.9916 -0.0001 0.1295
vn -0.2695 -0.9630 0.0004
vn -0.2698 0.9629 0.0009
vn -0.9922 -0.0000 -0.1249
vn -0.0000 -0.9993 -0.0361
vn -0.0001 0.9994 -0.0356
vn 0.0001 -1.0000 -0.0003
vn 1.0000 0.0001 -0.0023
vn -0.0023 0.0003 -1.0000
vn -0.0001 1.0000 0.0003
vn 0.0023 -0.0003 1.0000
vn -1.0000 -0.0001 0.0023
vn 0.6482 -0.7518 -0.1214
vn 0.6444 0.7554 -0.1190
vn 0.6474 -0.7521 0.1230
vn 0.6436 0.7550 0.1254
vn -0.6436 -0.7550 -0.1254
vn -0.6474 0.7521 -0.1230
vn -0.6444 -0.7554 0.1190
vn -0.6482 0.7518 0.1214
vn 0.6527 -0.7576 0.0008
vn 0.9831 0.0028 -0.1829
vn 0.6489 0.7609 0.0032
vn 0.9820 0.0022 0.1889
vn 0.0020 -0.9874 0.1585
vn -0.0030 0.9868 0.1616
vn -0.9831 -0.0028 0.1829
vn -0.6489 -0.7609 -0.0032
vn -0.6527 0.7576 -0.0008
vn -0.9820 -0.0022 -0.1889
vn 0.0030 -0.9868 -0.1616
vn -0.0020 0.9874 -0.1585
vn 0.0025 -1.0000 -0.0016
vn 1.0000 0.0025 0.0031
vn 0.0031 0.0016 -1.0000
vn -0.0025 1.0000 0.0016
vn -0.0031 -0.0016 1.0000
vn -1.0000 -0.0025 -0.0031
vn 0.2759 -0.9605 -0.0378
vn 0.2631 0.9643 -0.0299
vn 0.2758 -0.9607 0.0313
vn 0.2630 0.9640 0.0392
vn -0.2629 -0.9640 -0.0392
vn -0.2756 0.9608 -0.0313
vn -0.2633 -0.9642 0.0299
vn -0.2759 0.9605 0.0378
vn 0.2760 -0.9612 -0.0032
vn 0.9922 0.0070 -0.1245
vn 0.2632 0.9647 0.0047
vn 0.9915 0.0060 0.1298
vn 0.0065 -0.9995 0.0318
vn -0.0067 0.9992 0.0400
vn -0.9922 -0.0070 0.1245
vn -0.2633 -0.9647 -0.0047
vn -0.2759 0.9612 0.0032
vn -0.9915 -0.0060 -0.1298
vn 0.0067 -0.9992 -0.0400
vn -0.0065 0.9995 -0.0318
vn 0.0066 -1.0000 -0.0041
vn 1.0000 0.0066 0.0027
vn 0.0026 0.0041 -1.0000
vn -0.0066 1.0000 0.0041
vn -0.0026 -0.0041 1.0000
vn -1.0000 -0.0066 -0.0027
vn 0.9353 -0.1311 -0.3288
vn -0.3281 -0.1312 -0.9355
vn 0.7847 0.1399 -0.6038
vn 0.6042 0.1313 0.7859
vn 0.8305 -0.1354 0.5404
vn -0.8382 0.0015 -0.5453
vn 0.6416 0.0009 -0.7670
vn 0.7670 -0.0052 0.6417
vn -0.6417 -0.0009 0.7670
vn -0.9989 0.0050 -0.0464
vn -0.9595 -0.0011 0.2816
vn 0.9595 0.0011 -0.2816
vn -0.8156 -0.0083 0.5786
vn 0.8156 0.0083 -0.5785
vn -0.5775 -0.0035 0.8163
vn 0.5775 0.0035 -0.8164
vn -0.9602 -0.0034 -0.2792
vn 0.9603 0.0034 0.2791
vn 0.9989 -0.0069 -0.0467
vn 0.9090 0.1357 0.3940
vn -0.0015 1.0000 -0.0012
vn 0.0855 0.1315 -0.9876
vn 0.8620 0.0013 0.5070
vn 0.9586 0.1406 -0.2478
vn 0.9789 -0.0046 0.2042
vn -0.9789 0.0046 -0.2042
vn 0.7842 0.1301 0.6067
vn -0.3618 -0.7071 -0.6076
vn -0.3618 0.7071 -0.6076
vn 0.4074 -0.7071 -0.5780
vn 0.4073 0.7071 -0.5780
vn 0.1701 -0.7071 0.6864
vn 0.1701 0.7071 0.6863
vn 0.7139 0.0066 0.7002
vn 0.0098 -0.9874 -0.1581
vn 0.3827 -0.7025 -0.5999
vn 0.8517 0.2702 -0.4491
vn 0.7478 -0.6525 0.1225
vn 0.3079 0.9217 0.2358
vn -0.3828 0.7026 0.5999
vn 0.1104 0.8234 -0.5566
vn 0.5905 -0.7931 0.1495
vn 0.5170 0.8437 0.1449
vn -0.1104 -0.8234 0.5566
vn -0.5905 0.7931 -0.1495
vn -0.0412 0.8805 -0.4722
vn 0.7384 -0.6638 0.1190
vn 0.0411 -0.8805 0.4722
vn -0.3803 0.6970 0.6080
vn -0.7383 0.6639 -0.1190
vn 0.5494 -0.7696 0.3254
vn 0.3882 0.8609 0.3288
vn -0.2448 -0.8484 0.4693
vn -0.5495 0.7695 -0.3254
vn 0.6202 -0.7830 0.0466
vn 0.5239 0.8465 -0.0942
vn -0.0272 0.8653 0.5005
vn -0.5238 -0.8466 0.0942
vn -0.6204 0.7829 -0.0466
vn 0.0273 -0.8653 -0.5004
vn -0.0692 0.7642 -0.6413
vn 0.4360 -0.8083 -0.3957
vn 0.4060 0.8298 -0.3829
vn 0.9991 0.0179 0.0391
vn 0.4043 -0.8152 0.4146
vn 0.3744 0.8229 0.4274
vn -0.4061 -0.8298 0.3829
vn -0.4358 0.8084 0.3957
vn -0.9991 -0.0179 -0.0391
vn -0.3744 -0.8229 -0.4275
vn -0.4042 0.8153 -0.4147
vn -0.4580 -0.0023 -0.8889
vn 0.1322 0.8398 -0.5265
vn 0.5876 -0.7941 0.1555
vn 0.4580 0.0023 0.8889
vn -0.5875 0.7941 -0.1555
vn 0.6081 -0.7938 -0.0037
vn 0.6341 -0.0214 -0.7729
vn 0.5319 0.8394 -0.1113
vn -0.5319 -0.8395 0.1113
vn -0.6082 0.7938 0.0037
vn 0.9012 -0.1463 -0.4081
vn -0.9012 0.1462 0.4081
vn -0.9357 0.0009 -0.3527
vn 0.9997 0.0023 0.0224
vn -0.7152 0.1502 0.6825
vn -0.9997 -0.0023 -0.0225
vn -0.3207 0.0027 -0.9472
vn 0.9472 0.0048 -0.3207
vn -0.4376 -0.1525 0.8862
vn -0.4387 0.1420 0.8874
vn -0.9472 -0.0048 0.3207
vn -0.6345 0.0013 -0.7729
vn 0.9816 0.0050 0.1909
vn -0.1524 -0.0011 -0.9883
vn 0.1524 0.0011 0.9883
vn -0.5838 0.1520 0.7976
vn -0.8734 0.0007 0.4869
vn -0.2704 0.1487 0.9512
vn -0.7512 0.0048 -0.6601
vn -0.6884 0.1411 -0.7115
vn 0.6864 0.1535 0.7109
vn -0.3303 0.0075 -0.9438
vn 0.2436 0.1496 0.9583
vn 0.9812 0.0026 0.1929
vn -0.8214 0.1488 0.5506
vn 0.8214 -0.1489 -0.5506
vn 0.9884 -0.0015 -0.1519
vn 0.8063 0.0041 0.5914
vn 0.9480 0.1534 0.2787
vn -0.9480 -0.1535 -0.2787
vn -0.4790 -0.0039 -0.8778
vn 0.6597 0.0065 -0.7515
vn -0.6597 -0.0065 0.7515
vn -0.2030 -0.7071 0.6774
vn -0.2030 0.7071 0.6773
vn 0.0268 -0.7071 -0.7066
vn 0.7000 -0.0060 0.7141
vn -0.0123 -0.9854 0.1696
vn 0.6139 -0.7852 -0.0815
vn 0.5339 -0.0113 -0.8455
vn 0.5027 0.8469 -0.1735
vn -0.5339 0.0113 0.8455
vn -0.5027 -0.8469 0.1735
vn -0.6139 0.7852 0.0815
vn -0.1808 0.7761 -0.6042
vn 0.0678 -0.9961 0.0561
vn 0.5068 0.8277 -0.2411
vn 0.9291 0.0284 0.3686
vn 0.2076 0.8331 0.5127
vn -0.3689 0.0067 0.9295
vn -0.5067 -0.8277 0.2411
vn -0.5460 0.8101 0.2138
vn -0.9292 -0.0284 -0.3686
vn -0.2075 -0.8331 -0.5127
vn 0.4102 0.8424 -0.3495
vn 0.9810 0.0776 0.1781
vn -0.4101 -0.8424 0.3496
vn -0.9810 -0.0776 -0.1780
vn -0.2645 -0.8539 -0.4482
vn 0.6462 -0.7590 0.0799
vn 0.4730 0.8690 0.1452
vn -0.0230 -0.8482 0.5291
vn -0.6462 0.7590 -0.0799
vn 0.4733 0.8658 -0.1626
vn -0.0733 0.8970 0.4358
vn 0.0733 -0.8971 -0.4358
vn 0.2731 0.8439 -0.4617
vn 0.9892 0.1038 -0.1033
vn 0.5292 -0.7597 0.3780
vn 0.3548 0.8691 0.3447
vn -0.2731 -0.8439 0.4617
vn -0.4475 0.7849 0.4285
vn -0.9892 -0.1038 0.1033
vn 0.0881 0.8421 -0.5321
vn 0.6270 -0.7628 0.1581
vn -0.0881 -0.8421 0.5320
vn -0.4616 -0.8671 -0.1874
vn 0.5575 -0.8020 -0.2143
vn 0.5025 0.8355 -0.2222
vn -0.5024 -0.8356 0.2223
vn -0.5575 0.8020 0.2143
vn -0.1904 -0.8287 -0.5263
vn -0.2457 0.8088 -0.5343
vn 0.3803 0.0173 0.9247
vn 0.6551 0.7555 0.0037
vn -0.6551 -0.7555 -0.0037
vn 0.2697 -0.9629 -0.0009
vn 0.9922 -0.0000 0.1248
vn 0.0002 -0.9994 0.0356
vn -0.2696 -0.9630 0.0004
vn -0.2696 0.9630 0.0009
vn -0.0000 -0.9993 -0.0362
vn -0.0002 0.9994 -0.0356
vn 0.2759 -0.9612 -0.0032
vn 0.2633 0.9647 0.0047
vt 0.445897 0.074130
vt 0.445855 0.084348
vt 0.444472 0.084341
vt 0.442177 0.915306
vt 0.442128 0.925521
vt 0.440794 0.915298
vt 0.555433 0.073983
vt 0.555443 0.084193
vt 0.556826 0.084197
vt 0.556542 0.925373
vt 0.557909 0.915155
vt 0.556526 0.915151
vt 0.443458 0.074627
vt 0.443474 0.084849
vt 0.442091 0.084845
vt 0.444567 0.926017
vt 0.443174 0.915803
vt 0.444557 0.915807
vt 0.557872 0.074479
vt 0.557823 0.084694
vt 0.559206 0.084702
vt 0.554103 0.925870
vt 0.555528 0.915659
vt 0.554145 0.915652
vt 0.443193 0.074130
vt 0.444286 0.915298
vt 0.444303 0.925521
vt 0.445633 0.073983
vt 0.441864 0.925373
vt 0.441906 0.915155
vt 0.555697 0.074479
vt 0.556797 0.915659
vt 0.556807 0.925870
vt 0.558136 0.074627
vt 0.554415 0.915803
vt 0.554367 0.926017
vt 0.445633 0.555433
vt 0.558136 0.443458
vt 0.445897 0.443193
vt 0.443203 0.084341
vt 0.558094 0.084845
vt 0.441864 0.556542
vt 0.554367 0.444567
vt 0.554103 0.556807
vt 0.445585 0.084197
vt 0.555714 0.084702
vt 0.464875 0.074609
vt 0.465351 0.084830
vt 0.463592 0.084830
vt 0.466845 0.915790
vt 0.466406 0.926003
vt 0.465086 0.915790
vt 0.532905 0.074314
vt 0.532482 0.084535
vt 0.534242 0.084527
vt 0.535815 0.925708
vt 0.537082 0.915488
vt 0.535322 0.915495
vt 0.464185 0.074292
vt 0.464678 0.084505
vt 0.462918 0.084512
vt 0.467095 0.925686
vt 0.465758 0.915473
vt 0.467518 0.915465
vt 0.533594 0.073997
vt 0.533155 0.084210
vt 0.534914 0.084210
vt 0.535125 0.925391
vt 0.536408 0.915170
vt 0.534649 0.915170
vt 0.427003 0.074609
vt 0.429913 0.926003
vt 0.429421 0.915790
vt 0.427253 0.084527
vt 0.428747 0.915488
vt 0.429223 0.925708
vt 0.570579 0.084210
vt 0.573419 0.915170
vt 0.572997 0.925391
vt 0.570777 0.074292
vt 0.572747 0.915473
vt 0.572308 0.925686
vt 0.533594 0.570087
vt 0.464875 0.427003
vt 0.427692 0.532905
vt 0.426581 0.084830
vt 0.571253 0.084512
vt 0.535125 0.572997
vt 0.466406 0.429913
vt 0.572308 0.467095
vt 0.488409 0.074798
vt 0.489283 0.085018
vt 0.487348 0.085023
vt 0.491956 0.915966
vt 0.491147 0.926179
vt 0.490021 0.915971
vt 0.507758 0.074503
vt 0.506975 0.084728
vt 0.508910 0.084716
vt 0.512689 0.925885
vt 0.513723 0.915664
vt 0.511788 0.915676
vt 0.487311 0.074115
vt 0.488212 0.084324
vt 0.486277 0.084336
vt 0.492242 0.925497
vt 0.491089 0.915284
vt 0.493025 0.915272
vt 0.508853 0.073821
vt 0.508044 0.084034
vt 0.509979 0.084029
vt 0.511591 0.925202
vt 0.512652 0.914977
vt 0.510717 0.914982
vt 0.418831 0.074798
vt 0.422861 0.915971
vt 0.423762 0.926179
vt 0.419927 0.074503
vt 0.421790 0.915664
vt 0.422665 0.925885
vt 0.577139 0.084029
vt 0.581951 0.914977
vt 0.581169 0.925202
vt 0.577335 0.074115
vt 0.580883 0.915284
vt 0.580073 0.925497
vt 0.419927 0.507758
vt 0.577335 0.487311
vt 0.488409 0.418831
vt 0.418049 0.085023
vt 0.578210 0.084336
vt 0.422665 0.512689
vt 0.580073 0.492242
vt 0.511591 0.581169
vt 0.419117 0.084716
vt 0.517197 0.074332
vt 0.518336 0.084551
vt 0.516427 0.084548
vt 0.516860 0.915516
vt 0.515685 0.925731
vt 0.514951 0.915513
vt 0.483545 0.074163
vt 0.482388 0.084379
vt 0.484298 0.084378
vt 0.483573 0.925562
vt 0.484325 0.915343
vt 0.482415 0.915344
vt 0.516427 0.074438
vt 0.517585 0.084656
vt 0.515675 0.084657
vt 0.516455 0.925837
vt 0.515702 0.915622
vt 0.517612 0.915621
vt 0.484315 0.074269
vt 0.483140 0.084484
vt 0.485049 0.084487
vt 0.482803 0.925668
vt 0.483573 0.915452
vt 0.481664 0.915449
vt 0.423112 0.074163
vt 0.422342 0.084379
vt 0.421600 0.925562
vt 0.578383 0.084484
vt 0.577630 0.074269
vt 0.577658 0.925668
vt 0.579134 0.084656
vt 0.578400 0.074438
vt 0.576888 0.925837
vt 0.421590 0.084551
vt 0.422342 0.074332
vt 0.421617 0.915516
vt 0.423112 0.483545
vt 0.578400 0.516427
vt 0.517197 0.422342
vt 0.421600 0.483573
vt 0.576888 0.516455
vt 0.482803 0.577658
vt 0.542397 0.074529
vt 0.543702 0.084751
vt 0.542030 0.084747
vt 0.540883 0.915712
vt 0.539509 0.925924
vt 0.539211 0.915708
vt 0.458497 0.074125
vt 0.457171 0.084342
vt 0.458843 0.084337
vt 0.459596 0.925519
vt 0.459915 0.915298
vt 0.458243 0.915303
vt 0.540404 0.074481
vt 0.541757 0.084697
vt 0.540085 0.084702
vt 0.541503 0.925875
vt 0.541157 0.915663
vt 0.542829 0.915658
vt 0.460491 0.074076
vt 0.459117 0.084288
vt 0.460789 0.084292
vt 0.457603 0.925470
vt 0.457970 0.915253
vt 0.456298 0.915249
vt 0.433094 0.084342
vt 0.433461 0.074125
vt 0.430573 0.925519
vt 0.567434 0.074076
vt 0.567779 0.084288
vt 0.568533 0.925470
vt 0.569427 0.074481
vt 0.569725 0.084697
vt 0.566906 0.915658
vt 0.431467 0.074529
vt 0.431148 0.084751
vt 0.432566 0.925924
vt 0.460491 0.567434
vt 0.542397 0.431467
vt 0.433461 0.458497
vt 0.432221 0.915712
vt 0.430573 0.459596
vt 0.566539 0.541503
vt 0.457603 0.568533
vt 0.447370 0.074717
vt 0.447533 0.084938
vt 0.446036 0.084940
vt 0.450862 0.915893
vt 0.450780 0.926106
vt 0.449365 0.915895
vt 0.450526 0.074376
vt 0.450614 0.084599
vt 0.449117 0.084588
vt 0.447622 0.925764
vt 0.446282 0.915543
vt 0.447779 0.915554
vt 0.552378 0.074236
vt 0.552221 0.084446
vt 0.553718 0.084457
vt 0.549474 0.925624
vt 0.550883 0.915412
vt 0.549386 0.915401
vt 0.549220 0.073894
vt 0.549138 0.084107
vt 0.550635 0.084105
vt 0.552630 0.925282
vt 0.553964 0.915060
vt 0.552467 0.915062
vt 0.562324 0.074717
vt 0.559420 0.926106
vt 0.559577 0.915895
vt 0.437422 0.074376
vt 0.440833 0.925764
vt 0.440669 0.915543
vt 0.440580 0.073894
vt 0.437589 0.915060
vt 0.437676 0.925282
vt 0.559331 0.084457
vt 0.562659 0.915412
vt 0.562578 0.925624
vt 0.440580 0.549220
vt 0.562324 0.447370
vt 0.450526 0.437422
vt 0.562411 0.084940
vt 0.447622 0.440833
vt 0.549474 0.562578
vt 0.437676 0.552630
vt 0.437341 0.084588
vt 0.440423 0.084105
vt 0.467316 0.074313
vt 0.467949 0.084520
vt 0.466134 0.084538
vt 0.474803 0.915454
vt 0.474338 0.925679
vt 0.472988 0.915471
vt 0.469418 0.075022
vt 0.470000 0.085247
vt 0.468185 0.085247
vt 0.472239 0.926389
vt 0.470939 0.916181
vt 0.472754 0.916181
vt 0.527761 0.073611
vt 0.527246 0.083819
vt 0.529061 0.083819
vt 0.530582 0.924978
vt 0.531815 0.914753
vt 0.530000 0.914753
vt 0.525662 0.074321
vt 0.525197 0.084546
vt 0.527012 0.084529
vt 0.532684 0.925687
vt 0.533866 0.915462
vt 0.532051 0.915480
vt 0.572399 0.074313
vt 0.575735 0.915471
vt 0.575220 0.925679
vt 0.422682 0.075022
vt 0.429071 0.916181
vt 0.429704 0.926389
vt 0.424780 0.074321
vt 0.427018 0.915462
vt 0.427601 0.925687
vt 0.570296 0.073611
vt 0.577782 0.914753
vt 0.577318 0.924978
vt 0.424780 0.525662
vt 0.572399 0.467316
vt 0.469418 0.422682
vt 0.572982 0.084538
vt 0.570929 0.083819
vt 0.472239 0.429704
vt 0.530582 0.577318
vt 0.427601 0.532684
vt 0.422218 0.085247
vt 0.424265 0.084529
vt 0.497744 0.074708
vt 0.498640 0.084933
vt 0.496690 0.084926
vt 0.495863 0.915884
vt 0.494900 0.926092
vt 0.493914 0.915877
vt 0.498539 0.074024
vt 0.499415 0.084242
vt 0.497466 0.084232
vt 0.494108 0.925408
vt 0.493141 0.915183
vt 0.495091 0.915193
vt 0.505892 0.074592
vt 0.504909 0.084807
vt 0.506859 0.084817
vt 0.501461 0.925976
vt 0.502534 0.915768
vt 0.500585 0.915758
vt 0.505100 0.073908
vt 0.504137 0.084116
vt 0.506086 0.084123
vt 0.502256 0.925292
vt 0.503310 0.915074
vt 0.501360 0.915067
vt 0.581495 0.074708
vt 0.578047 0.915877
vt 0.577064 0.926092
vt 0.422142 0.074024
vt 0.418402 0.915183
vt 0.419298 0.925408
vt 0.421953 0.084123
vt 0.417629 0.915074
vt 0.418505 0.925292
vt 0.580702 0.074592
vt 0.578821 0.915768
vt 0.577857 0.925976
vt 0.422936 0.505100
vt 0.581495 0.497744
vt 0.498539 0.422142
vt 0.582371 0.084926
vt 0.581598 0.084817
vt 0.494108 0.419298
vt 0.501461 0.577857
vt 0.418505 0.502256
vt 0.421179 0.084232
vt 0.521144 0.074212
vt 0.522384 0.084426
vt 0.520512 0.084431
vt 0.524753 0.915389
vt 0.523571 0.925609
vt 0.522881 0.915394
vt 0.522215 0.074511
vt 0.523430 0.084730
vt 0.521557 0.084732
vt 0.522500 0.925908
vt 0.521836 0.915695
vt 0.523708 0.915693
vt 0.477500 0.074092
vt 0.476292 0.084307
vt 0.478164 0.084305
vt 0.477785 0.925489
vt 0.478443 0.915268
vt 0.476570 0.915270
vt 0.476429 0.074391
vt 0.475247 0.084611
vt 0.477119 0.084606
vt 0.478856 0.925788
vt 0.479488 0.915569
vt 0.477616 0.915574
vt 0.422003 0.084730
vt 0.422635 0.074511
vt 0.424372 0.915693
vt 0.423706 0.074391
vt 0.423048 0.084611
vt 0.423991 0.925788
vt 0.575628 0.084307
vt 0.574938 0.074092
vt 0.577997 0.915270
vt 0.576674 0.084426
vt 0.576009 0.074212
vt 0.576294 0.925609
vt 0.522215 0.422635
vt 0.477500 0.574938
vt 0.576009 0.521144
vt 0.522500 0.425062
vt 0.477785 0.577365
vt 0.423991 0.478856
vt 0.543650 0.073656
vt 0.545065 0.083863
vt 0.543473 0.083865
vt 0.549496 0.914801
vt 0.548190 0.925026
vt 0.547904 0.914802
vt 0.543198 0.074366
vt 0.544624 0.084575
vt 0.543032 0.084591
vt 0.548646 0.925737
vt 0.548349 0.915529
vt 0.549941 0.915513
vt 0.451354 0.074263
vt 0.450059 0.084487
vt 0.451651 0.084471
vt 0.456802 0.925634
vt 0.456968 0.915409
vt 0.455376 0.915425
vt 0.451810 0.074974
vt 0.450504 0.085199
vt 0.452096 0.085198
vt 0.456350 0.926344
vt 0.456527 0.916135
vt 0.454935 0.916137
vt 0.432822 0.084575
vt 0.432999 0.074366
vt 0.437539 0.925737
vt 0.432547 0.074974
vt 0.432381 0.085199
vt 0.437995 0.926344
vt 0.562747 0.084487
vt 0.562461 0.074263
vt 0.567001 0.925634
vt 0.562302 0.083863
vt 0.562005 0.073656
vt 0.567453 0.925026
vt 0.543198 0.432999
vt 0.451354 0.562461
vt 0.562005 0.543650
vt 0.437995 0.456350
vt 0.567453 0.548190
vt 0.456802 0.567001
vt 0.543301 0.074028
vt 0.543129 0.084246
vt 0.544722 0.084236
vt 0.548082 0.915197
vt 0.548376 0.925413
vt 0.549675 0.915188
vt 0.454118 0.073926
vt 0.454352 0.084135
vt 0.452758 0.084141
vt 0.454204 0.925311
vt 0.452843 0.915093
vt 0.454436 0.915086
vt 0.545796 0.074689
vt 0.545564 0.084914
vt 0.547157 0.084907
vt 0.545882 0.926074
vt 0.547242 0.915859
vt 0.545648 0.915865
vt 0.451624 0.074587
vt 0.451918 0.084803
vt 0.450325 0.084812
vt 0.456699 0.925972
vt 0.455278 0.915764
vt 0.456871 0.915754
vt 0.564746 0.074028
vt 0.565065 0.915188
vt 0.564833 0.925413
vt 0.562545 0.084141
vt 0.567498 0.915093
vt 0.567326 0.925311
vt 0.434935 0.084812
vt 0.435020 0.915764
vt 0.435254 0.925972
vt 0.432502 0.084907
vt 0.437455 0.915859
vt 0.437749 0.926074
vt 0.451624 0.435167
vt 0.543301 0.564746
vt 0.562251 0.454118
vt 0.564980 0.084236
vt 0.456699 0.435254
vt 0.548376 0.564833
vt 0.437749 0.545882
vt 0.519998 0.073811
vt 0.519385 0.084025
vt 0.521259 0.084018
vt 0.523588 0.914970
vt 0.524304 0.925189
vt 0.525462 0.914963
vt 0.475681 0.074038
vt 0.476398 0.084245
vt 0.474524 0.084258
vt 0.480013 0.925416
vt 0.478752 0.915202
vt 0.480626 0.915190
vt 0.519987 0.074584
vt 0.519374 0.084810
vt 0.521248 0.084797
vt 0.524319 0.925962
vt 0.525476 0.915743
vt 0.523602 0.915755
vt 0.475696 0.074811
vt 0.476412 0.085030
vt 0.474538 0.085037
vt 0.480002 0.926189
vt 0.478741 0.915982
vt 0.480615 0.915975
vt 0.574044 0.073811
vt 0.578376 0.925189
vt 0.578989 0.914963
vt 0.574058 0.074038
vt 0.578364 0.925416
vt 0.578977 0.915202
vt 0.421624 0.074811
vt 0.425239 0.915982
vt 0.425956 0.926189
vt 0.421023 0.084797
vt 0.425226 0.915743
vt 0.425942 0.925962
vt 0.475696 0.421624
vt 0.519998 0.574044
vt 0.574058 0.475681
vt 0.574761 0.084018
vt 0.578364 0.480013
vt 0.425942 0.524319
vt 0.480002 0.425956
vt 0.574774 0.084258
vt 0.421011 0.085037
vt 0.499269 0.074156
vt 0.498177 0.084364
vt 0.500127 0.084378
vt 0.492382 0.915310
vt 0.493331 0.925535
vt 0.494332 0.915323
vt 0.503010 0.074858
vt 0.504047 0.085079
vt 0.502098 0.085083
vt 0.504392 0.926236
vt 0.503446 0.916028
vt 0.505395 0.916024
vt 0.495608 0.073764
vt 0.494605 0.083976
vt 0.496554 0.083972
vt 0.496990 0.925142
vt 0.497902 0.914917
vt 0.495953 0.914921
vt 0.506669 0.074465
vt 0.507618 0.084690
vt 0.505668 0.084677
vt 0.500731 0.925844
vt 0.499873 0.915622
vt 0.501823 0.915636
vt 0.583104 0.085079
vt 0.582246 0.074858
vt 0.576309 0.926236
vt 0.420030 0.074465
vt 0.419117 0.084690
vt 0.421411 0.925844
vt 0.422691 0.083976
vt 0.423691 0.073764
vt 0.417754 0.925142
vt 0.579534 0.084364
vt 0.578588 0.074156
vt 0.580883 0.915310
vt 0.506669 0.420030
vt 0.499269 0.578588
vt 0.582246 0.503010
vt 0.577309 0.916024
vt 0.500731 0.421411
vt 0.493331 0.579970
vt 0.417754 0.496990
vt 0.420466 0.915636
vt 0.470214 0.074433
vt 0.468963 0.084652
vt 0.470778 0.084650
vt 0.470167 0.915617
vt 0.471448 0.925831
vt 0.471982 0.915615
vt 0.529687 0.074229
vt 0.530940 0.084447
vt 0.529125 0.084443
vt 0.528651 0.925628
vt 0.528115 0.915408
vt 0.529930 0.915412
vt 0.471349 0.074372
vt 0.470070 0.084588
vt 0.471885 0.084592
vt 0.470313 0.925771
vt 0.470875 0.915557
vt 0.469060 0.915553
vt 0.528552 0.074169
vt 0.529833 0.084383
vt 0.528018 0.084385
vt 0.529786 0.925567
vt 0.529222 0.915350
vt 0.531037 0.915348
vt 0.573194 0.074229
vt 0.573758 0.084447
vt 0.574962 0.915412
vt 0.426145 0.084383
vt 0.426707 0.074169
vt 0.425135 0.915348
vt 0.425038 0.084588
vt 0.425572 0.074372
vt 0.426806 0.925771
vt 0.574865 0.084652
vt 0.574329 0.074433
vt 0.573293 0.925831
vt 0.528552 0.426707
vt 0.470214 0.574329
vt 0.573194 0.529687
vt 0.529786 0.425671
vt 0.471448 0.573293
vt 0.426806 0.470313
vt 0.448712 0.074479
vt 0.447343 0.084697
vt 0.448837 0.084699
vt 0.447780 0.915661
vt 0.449160 0.925876
vt 0.449274 0.915663
vt 0.552121 0.074396
vt 0.553471 0.084616
vt 0.551977 0.084612
vt 0.550006 0.925794
vt 0.549913 0.915576
vt 0.551407 0.915580
vt 0.449994 0.074206
vt 0.448593 0.084420
vt 0.450087 0.084424
vt 0.447879 0.925604
vt 0.448023 0.915388
vt 0.446529 0.915384
vt 0.550840 0.074124
vt 0.552220 0.084339
vt 0.550726 0.084337
vt 0.551288 0.925521
vt 0.551163 0.915301
vt 0.552657 0.915303
vt 0.560533 0.074396
vt 0.560657 0.084616
vt 0.561094 0.915580
vt 0.440157 0.084339
vt 0.440301 0.074124
vt 0.438186 0.925521
vt 0.439019 0.074206
vt 0.438906 0.084420
vt 0.439467 0.925604
vt 0.561814 0.074479
vt 0.561908 0.084697
vt 0.559699 0.925876
vt 0.560533 0.552121
vt 0.439019 0.449994
vt 0.448712 0.561814
vt 0.560981 0.550006
vt 0.439467 0.447879
vt 0.551288 0.438186
vt 0.439343 0.915384
vt 0.537474 0.074418
vt 0.537194 0.084644
vt 0.538876 0.084628
vt 0.542592 0.915581
vt 0.543005 0.925788
vt 0.544275 0.915565
vt 0.537968 0.073656
vt 0.537676 0.083866
vt 0.539359 0.083863
vt 0.542506 0.925026
vt 0.543788 0.914800
vt 0.542105 0.914803
vt 0.457494 0.074974
vt 0.457895 0.085197
vt 0.456212 0.085200
vt 0.462032 0.926344
vt 0.460641 0.916137
vt 0.462324 0.916134
vt 0.456995 0.074212
vt 0.457408 0.084419
vt 0.455725 0.084435
vt 0.462526 0.925582
vt 0.461124 0.915372
vt 0.462806 0.915356
vt 0.429323 0.074418
vt 0.433861 0.925788
vt 0.433460 0.915565
vt 0.565641 0.073656
vt 0.571452 0.914800
vt 0.571172 0.925026
vt 0.566139 0.074212
vt 0.570677 0.925582
vt 0.570969 0.915372
vt 0.428548 0.085200
vt 0.433947 0.916137
vt 0.434359 0.926344
vt 0.566139 0.456995
vt 0.429323 0.537474
vt 0.537968 0.565641
vt 0.429031 0.084628
vt 0.542506 0.571172
vt 0.462032 0.434359
vt 0.570677 0.462526
vt 0.566053 0.083863
vt 0.566540 0.084435
vt 0.513990 0.073947
vt 0.513287 0.084164
vt 0.515198 0.084155
vt 0.517604 0.915113
vt 0.518413 0.925330
vt 0.519515 0.915105
vt 0.517722 0.073963
vt 0.516929 0.084171
vt 0.518840 0.084179
vt 0.514685 0.925346
vt 0.515876 0.915129
vt 0.513965 0.915120
vt 0.485315 0.074654
vt 0.486035 0.084880
vt 0.484124 0.084871
vt 0.482278 0.926037
vt 0.481160 0.915821
vt 0.483071 0.915829
vt 0.481587 0.074670
vt 0.482396 0.084887
vt 0.480485 0.084895
vt 0.486010 0.926053
vt 0.484802 0.915845
vt 0.486712 0.915836
vt 0.423825 0.073947
vt 0.420068 0.915105
vt 0.420788 0.925330
vt 0.576291 0.084179
vt 0.579905 0.925346
vt 0.580608 0.915129
vt 0.579212 0.074670
vt 0.576967 0.915845
vt 0.576175 0.926053
vt 0.420095 0.074654
vt 0.423709 0.915821
vt 0.424518 0.926037
vt 0.579212 0.481587
vt 0.423825 0.513990
vt 0.517722 0.575482
vt 0.423033 0.084155
vt 0.419392 0.084871
vt 0.514685 0.579905
vt 0.482278 0.424518
vt 0.576175 0.486010
vt 0.579932 0.084895
vt 0.488307 0.074199
vt 0.487255 0.084418
vt 0.489191 0.084410
vt 0.490437 0.915377
vt 0.491567 0.925591
vt 0.492373 0.915369
vt 0.490714 0.073984
vt 0.489603 0.084196
vt 0.491539 0.084198
vt 0.489162 0.925376
vt 0.490025 0.915157
vt 0.488089 0.915154
vt 0.510838 0.074624
vt 0.511911 0.084846
vt 0.509975 0.084843
vt 0.509286 0.926016
vt 0.508461 0.915802
vt 0.510397 0.915804
vt 0.508433 0.074409
vt 0.509563 0.084623
vt 0.507627 0.084631
vt 0.511693 0.925801
vt 0.510809 0.915590
vt 0.512745 0.915582
vt 0.577095 0.073984
vt 0.577978 0.084196
vt 0.580355 0.925376
vt 0.580326 0.084623
vt 0.579501 0.074409
vt 0.577949 0.925801
vt 0.418840 0.084846
vt 0.419645 0.074624
vt 0.422905 0.926016
vt 0.421188 0.084418
vt 0.422051 0.074199
vt 0.420499 0.925591
vt 0.490714 0.577095
vt 0.510838 0.419645
vt 0.422051 0.488307
vt 0.581160 0.915154
vt 0.489162 0.580355
vt 0.509286 0.422905
vt 0.577949 0.511693
vt 0.578812 0.915582
vt 0.465067 0.074296
vt 0.463753 0.084512
vt 0.465502 0.084514
vt 0.463197 0.915478
vt 0.464497 0.925696
vt 0.464946 0.915480
vt 0.464665 0.074357
vt 0.463360 0.084575
vt 0.465109 0.084575
vt 0.464899 0.925757
vt 0.465338 0.915541
vt 0.463589 0.915541
vt 0.535101 0.074243
vt 0.536411 0.084459
vt 0.534662 0.084459
vt 0.535335 0.925643
vt 0.534891 0.915425
vt 0.536640 0.915425
vt 0.535503 0.074304
vt 0.536803 0.084522
vt 0.535055 0.084520
vt 0.534933 0.925704
vt 0.534498 0.915486
vt 0.536247 0.915488
vt 0.571843 0.084575
vt 0.571409 0.074357
vt 0.570839 0.925757
vt 0.571451 0.084522
vt 0.571007 0.074304
vt 0.571241 0.925704
vt 0.428713 0.084459
vt 0.429161 0.074243
vt 0.428157 0.915425
vt 0.428759 0.074296
vt 0.428320 0.084512
vt 0.428993 0.925696
vt 0.464665 0.571409
vt 0.535101 0.429161
vt 0.428759 0.465067
vt 0.464899 0.570839
vt 0.535335 0.428591
vt 0.571241 0.534933
vt 0.709193 0.794103
vt 0.514007 0.852413
vt 0.514220 0.858663
vt 0.705634 0.788961
vt 0.838310 0.634382
vt 0.832537 0.631980
vt 0.860579 0.430210
vt 0.854424 0.431311
vt 0.768929 0.246410
vt 0.764346 0.250664
vt 0.590903 0.147394
vt 0.592459 0.141337
vt 0.387196 0.148352
vt 0.389161 0.154288
vt 0.218309 0.265226
vt 0.223172 0.269157
vt 0.139421 0.454854
vt 0.145637 0.455532
vt 0.181172 0.654239
vt 0.175576 0.657030
vt 0.315296 0.807564
vt 0.318495 0.802191
vt 0.514220 0.531500
vt 0.709193 0.468500
vt 0.514220 0.468500
vt 0.315296 0.531500
vt 0.315296 0.468500
vt 0.794103 0.531500
vt 0.634382 0.468500
vt 0.794103 0.468500
vt 0.634382 0.531500
vt 0.430210 0.468500
vt 0.430210 0.531500
vt 0.246410 0.468500
vt 0.768929 0.531500
vt 0.592459 0.468500
vt 0.768929 0.468500
vt 0.592459 0.531500
vt 0.387196 0.468500
vt 0.387196 0.531500
vt 0.218309 0.468500
vt 0.265226 0.531500
vt 0.454854 0.468500
vt 0.265226 0.468500
vt 0.454854 0.531500
vt 0.657030 0.468500
vt 0.657030 0.531500
vt 0.807564 0.468500
vt 0.517493 0.858959
vt 0.708352 0.787755
vt 0.517230 0.852712
vt 0.711951 0.792868
vt 0.834016 0.629780
vt 0.839809 0.632137
vt 0.854325 0.428945
vt 0.860471 0.427796
vt 0.762829 0.249012
vt 0.767379 0.244722
vt 0.588579 0.147109
vt 0.590087 0.141041
vt 0.384885 0.149669
vt 0.386898 0.155590
vt 0.221818 0.271761
vt 0.216924 0.267868
vt 0.139529 0.458111
vt 0.145750 0.458740
vt 0.177273 0.659996
vt 0.182847 0.657161
vt 0.318172 0.809426
vt 0.321329 0.804028
vt 0.517493 0.531500
vt 0.711951 0.468500
vt 0.517493 0.468500
vt 0.318172 0.531500
vt 0.318172 0.468500
vt 0.792868 0.531500
vt 0.632137 0.468500
vt 0.792868 0.468500
vt 0.632137 0.531500
vt 0.427796 0.468500
vt 0.427796 0.531500
vt 0.244722 0.468500
vt 0.767379 0.531500
vt 0.590087 0.468500
vt 0.767379 0.468500
vt 0.590087 0.531500
vt 0.384885 0.468500
vt 0.384885 0.531500
vt 0.216924 0.468500
vt 0.267868 0.531500
vt 0.458111 0.468500
vt 0.267868 0.468500
vt 0.458111 0.531500
vt 0.659996 0.468500
vt 0.659996 0.531500
vt 0.809426 0.468500
vt 0.516223 0.827469
vt 0.689965 0.761944
vt 0.515956 0.821221
vt 0.693568 0.767056
vt 0.804304 0.618001
vt 0.810097 0.620353
vt 0.828815 0.433939
vt 0.822669 0.435092
vt 0.743778 0.266997
vt 0.739232 0.271290
vt 0.580481 0.178601
vt 0.581985 0.172531
vt 0.394804 0.180533
vt 0.396820 0.186453
vt 0.241663 0.288463
vt 0.246560 0.292352
vt 0.171185 0.462053
vt 0.177407 0.462678
vt 0.205744 0.646190
vt 0.211316 0.643352
vt 0.334370 0.782412
vt 0.337523 0.777012
vt 0.516223 0.531500
vt 0.693568 0.468500
vt 0.516223 0.468500
vt 0.334370 0.531500
vt 0.334370 0.468500
vt 0.767056 0.531500
vt 0.620353 0.468500
vt 0.767056 0.468500
vt 0.620353 0.531500
vt 0.433939 0.468500
vt 0.433939 0.531500
vt 0.266997 0.468500
vt 0.743778 0.531500
vt 0.581985 0.468500
vt 0.743778 0.468500
vt 0.581985 0.531500
vt 0.394804 0.468500
vt 0.394804 0.531500
vt 0.241663 0.468500
vt 0.288463 0.531500
vt 0.462053 0.468500
vt 0.288463 0.468500
vt 0.462053 0.531500
vt 0.646190 0.468500
vt 0.646190 0.531500
vt 0.782412 0.468500
vt 0.224079 0.219037
vt 0.224158 0.212200
vt 0.217252 0.218973
vt 0.225166 0.212395
vt 0.225112 0.219237
vt 0.218260 0.219168
vt 0.218631 0.775329
vt 0.211805 0.775265
vt 0.218577 0.782171
vt 0.219664 0.775529
vt 0.219585 0.782366
vt 0.212813 0.775460
vt 0.780336 0.224471
vt 0.787187 0.224540
vt 0.780415 0.217634
vt 0.781369 0.224671
vt 0.781423 0.217829
vt 0.788195 0.224735
vt 0.774888 0.780763
vt 0.774834 0.787605
vt 0.781740 0.780832
vt 0.775921 0.780963
vt 0.782748 0.781027
vt 0.775842 0.787800
vt 0.225166 0.547717
vt 0.217252 0.459947
vt 0.224158 0.459883
vt 0.782171 0.458679
vt 0.775460 0.546606
vt 0.782366 0.546513
vt 0.781740 0.452219
vt 0.775842 0.540118
vt 0.782748 0.540053
vt 0.217634 0.453487
vt 0.224735 0.541228
vt 0.217829 0.541321
vt 0.219168 0.547781
vt 0.775265 0.458772
vt 0.218973 0.459947
vt 0.780415 0.453487
vt 0.219585 0.546513
vt 0.774834 0.452283
vt 0.218577 0.458679
vt 0.780832 0.452219
vt 0.224540 0.453394
vt 0.549012 0.356286
vt 0.550491 0.355934
vt 0.548884 0.355087
vt 0.591758 0.366557
vt 0.590781 0.367038
vt 0.590152 0.365710
vt 0.424895 0.467217
vt 0.423696 0.468311
vt 0.425376 0.468427
vt 0.388629 0.435647
vt 0.387151 0.435999
vt 0.388000 0.434319
vt 0.611371 0.564353
vt 0.612000 0.565681
vt 0.612849 0.564001
vt 0.575105 0.532783
vt 0.574624 0.531573
vt 0.576304 0.531689
vt 0.409219 0.632962
vt 0.408242 0.633443
vt 0.409848 0.634290
vt 0.450988 0.643714
vt 0.451116 0.644913
vt 0.449509 0.644066
vt 0.346861 0.424895
vt 0.346733 0.423696
vt 0.591758 0.563960
vt 0.548884 0.416766
vt 0.550491 0.416256
vt 0.434319 0.616015
vt 0.435999 0.616131
vt 0.632962 0.434830
vt 0.633443 0.436040
vt 0.451116 0.583234
vt 0.408242 0.436040
vt 0.449509 0.583744
vt 0.653139 0.575105
vt 0.565681 0.383985
vt 0.366557 0.563960
vt 0.590152 0.564470
vt 0.346733 0.468311
vt 0.355934 0.416256
vt 0.564001 0.383869
vt 0.612000 0.383985
vt 0.409848 0.435530
vt 0.553400 0.403696
vt 0.554355 0.403449
vt 0.553185 0.402769
vt 0.559312 0.403134
vt 0.558417 0.403378
vt 0.558141 0.402454
vt 0.401118 0.444182
vt 0.400903 0.443254
vt 0.400224 0.444426
vt 0.406135 0.443863
vt 0.405180 0.444111
vt 0.405859 0.442940
vt 0.593865 0.556137
vt 0.594141 0.557060
vt 0.594820 0.555889
vt 0.598882 0.555818
vt 0.599776 0.555574
vt 0.599097 0.556746
vt 0.441583 0.596622
vt 0.440688 0.596866
vt 0.441859 0.597546
vt 0.446600 0.596304
vt 0.446815 0.597231
vt 0.445645 0.596551
vt 0.554355 0.442022
vt 0.558141 0.552369
vt 0.553185 0.442073
vt 0.444111 0.559361
vt 0.443254 0.449031
vt 0.442940 0.559327
vt 0.441859 0.447631
vt 0.445645 0.557978
vt 0.446815 0.557927
vt 0.555889 0.440639
vt 0.556746 0.550969
vt 0.555574 0.550935
vt 0.405859 0.559327
vt 0.400903 0.449031
vt 0.403134 0.552318
vt 0.403449 0.442022
vt 0.444426 0.449065
vt 0.596551 0.557978
vt 0.596866 0.447682
vt 0.594141 0.440673
vt 0.548692 0.353882
vt 0.550164 0.353524
vt 0.548537 0.352700
vt 0.589838 0.366302
vt 0.588848 0.366816
vt 0.588211 0.365478
vt 0.425687 0.466476
vt 0.424505 0.467591
vt 0.426201 0.467669
vt 0.386151 0.438621
vt 0.384679 0.438979
vt 0.385514 0.437283
vt 0.613849 0.561379
vt 0.614486 0.562717
vt 0.615321 0.561021
vt 0.574313 0.533525
vt 0.573799 0.532331
vt 0.575495 0.532409
vt 0.411152 0.633184
vt 0.410162 0.633698
vt 0.411789 0.634522
vt 0.451308 0.646118
vt 0.451463 0.647300
vt 0.449836 0.646476
vt 0.345994 0.425687
vt 0.345840 0.424505
vt 0.550164 0.419107
vt 0.588211 0.568103
vt 0.548537 0.419613
vt 0.437283 0.616081
vt 0.438979 0.616159
vt 0.633184 0.431210
vt 0.633698 0.432403
vt 0.411789 0.431897
vt 0.449836 0.580893
vt 0.451463 0.580387
vt 0.654006 0.574313
vt 0.562717 0.383919
vt 0.366302 0.567597
vt 0.345840 0.467591
vt 0.353524 0.419107
vt 0.561021 0.383841
vt 0.646476 0.580893
vt 0.614486 0.383919
vt 0.515732 0.378352
vt 0.516672 0.377749
vt 0.515203 0.377483
vt 0.528707 0.378002
vt 0.527913 0.378608
vt 0.527238 0.377736
vt 0.477968 0.450449
vt 0.477098 0.451249
vt 0.478574 0.451272
vt 0.385165 0.478224
vt 0.384225 0.478827
vt 0.384490 0.477351
vt 0.614835 0.521776
vt 0.615510 0.522649
vt 0.615775 0.521173
vt 0.522032 0.549551
vt 0.521426 0.548728
vt 0.522902 0.548751
vt 0.472087 0.621392
vt 0.471293 0.621998
vt 0.472762 0.622264
vt 0.484268 0.621648
vt 0.484797 0.622517
vt 0.483328 0.622251
vt 0.372456 0.477098
vt 0.372984 0.477968
vt 0.528707 0.558831
vt 0.515203 0.437334
vt 0.516672 0.437188
vt 0.478827 0.572915
vt 0.477351 0.572892
vt 0.372191 0.478574
vt 0.472762 0.441023
vt 0.483328 0.562812
vt 0.484797 0.562666
vt 0.627015 0.522032
vt 0.522649 0.427108
vt 0.627809 0.521426
vt 0.527238 0.558977
vt 0.372456 0.451249
vt 0.521173 0.427085
vt 0.378002 0.558831
vt 0.377749 0.437188
vt 0.621998 0.441169
vt 0.615510 0.427108
vt 0.414015 0.416304
vt 0.414096 0.415204
vt 0.413019 0.416198
vt 0.421159 0.404888
vt 0.421164 0.405862
vt 0.420082 0.405882
vt 0.407751 0.587018
vt 0.406755 0.586912
vt 0.407756 0.587992
vt 0.414900 0.576577
vt 0.414819 0.577676
vt 0.413818 0.576596
vt 0.585100 0.423423
vt 0.586182 0.423404
vt 0.585181 0.422324
vt 0.592249 0.412982
vt 0.592244 0.412008
vt 0.593245 0.413088
vt 0.578836 0.594137
vt 0.578841 0.595112
vt 0.579918 0.594118
vt 0.585985 0.583696
vt 0.586981 0.583802
vt 0.585904 0.584796
vt 0.414096 0.437403
vt 0.420082 0.556948
vt 0.413019 0.437553
vt 0.587992 0.452707
vt 0.576596 0.572068
vt 0.577676 0.572102
vt 0.579918 0.443052
vt 0.585904 0.562597
vt 0.586981 0.562447
vt 0.422324 0.427898
vt 0.413088 0.547327
vt 0.412008 0.547293
vt 0.405882 0.556948
vt 0.586912 0.452673
vt 0.416198 0.437553
vt 0.585181 0.427898
vt 0.421159 0.556798
vt 0.414819 0.572102
vt 0.578841 0.443202
vt 0.407756 0.452707
vt 0.583802 0.562447
vt 0.423404 0.427932
vt 0.594118 0.443052
vt 0.494788 0.446712
vt 0.495431 0.447356
vt 0.494118 0.447380
vt 0.497388 0.391595
vt 0.496769 0.392282
vt 0.496075 0.391646
vt 0.503814 0.447732
vt 0.503188 0.448400
vt 0.504502 0.448389
vt 0.392863 0.504661
vt 0.392220 0.505338
vt 0.392169 0.504025
vt 0.607137 0.495339
vt 0.607831 0.495975
vt 0.607780 0.494662
vt 0.496186 0.552268
vt 0.495498 0.551611
vt 0.496812 0.551600
vt 0.503231 0.607718
vt 0.502612 0.608405
vt 0.503925 0.608354
vt 0.505212 0.553288
vt 0.505882 0.552620
vt 0.504569 0.552644
vt 0.390882 0.503814
vt 0.494118 0.390809
vt 0.390212 0.503188
vt 0.497388 0.554475
vt 0.504025 0.555519
vt 0.505338 0.555508
vt 0.390263 0.504502
vt 0.505212 0.608565
vt 0.502612 0.445525
vt 0.609118 0.496186
vt 0.505882 0.609191
vt 0.494662 0.444492
vt 0.495431 0.390758
vt 0.494788 0.391435
vt 0.609737 0.495498
vt 0.391646 0.554499
vt 0.390809 0.447380
vt 0.607780 0.444492
vt 0.392220 0.555508
vt 0.390263 0.448389
vt 0.609191 0.552620
vt 0.495975 0.444481
vt 0.608354 0.445501
vt 0.550261 0.395300
vt 0.551247 0.395012
vt 0.549994 0.394367
vt 0.557128 0.397744
vt 0.556214 0.398066
vt 0.555875 0.397099
vt 0.393877 0.445451
vt 0.393610 0.444517
vt 0.392963 0.445772
vt 0.399830 0.448216
vt 0.398845 0.448504
vt 0.399491 0.447249
vt 0.600170 0.551784
vt 0.600509 0.552751
vt 0.601156 0.551496
vt 0.606123 0.554549
vt 0.607037 0.554228
vt 0.606390 0.555483
vt 0.443786 0.601934
vt 0.442872 0.602256
vt 0.444125 0.602901
vt 0.449739 0.604700
vt 0.450006 0.605633
vt 0.448753 0.604988
vt 0.551247 0.442252
vt 0.555875 0.557208
vt 0.549994 0.442332
vt 0.445772 0.449149
vt 0.447249 0.564021
vt 0.448504 0.564025
vt 0.444125 0.442792
vt 0.448753 0.557748
vt 0.450006 0.557668
vt 0.554228 0.550851
vt 0.552751 0.435979
vt 0.555483 0.550855
vt 0.393610 0.449145
vt 0.395012 0.442252
vt 0.551496 0.435975
vt 0.602256 0.442872
vt 0.606390 0.550855
vt 0.600509 0.435979
vt 0.422030 0.412242
vt 0.422163 0.411184
vt 0.421051 0.412093
vt 0.427619 0.403473
vt 0.427553 0.404438
vt 0.426507 0.404382
vt 0.405709 0.578749
vt 0.404730 0.578600
vt 0.405643 0.579713
vt 0.411232 0.570944
vt 0.411100 0.572002
vt 0.410187 0.570889
vt 0.588768 0.429056
vt 0.589813 0.429111
vt 0.588900 0.427998
vt 0.594291 0.421251
vt 0.594357 0.420287
vt 0.595270 0.421400
vt 0.572447 0.595562
vt 0.572381 0.596527
vt 0.573493 0.595618
vt 0.577970 0.587758
vt 0.578949 0.587907
vt 0.577837 0.588816
vt 0.427619 0.555906
vt 0.421051 0.438997
vt 0.422163 0.438886
vt 0.579713 0.450761
vt 0.570889 0.567751
vt 0.572002 0.567781
vt 0.573493 0.443982
vt 0.577837 0.561114
vt 0.578949 0.561003
vt 0.427998 0.432219
vt 0.421400 0.549270
vt 0.420287 0.549239
vt 0.404382 0.556018
vt 0.578600 0.450730
vt 0.412093 0.438997
vt 0.594357 0.549239
vt 0.588900 0.432219
vt 0.411100 0.567781
vt 0.572381 0.444094
vt 0.405643 0.450761
vt 0.587907 0.561003
vt 0.429111 0.432249
vt 0.595618 0.443982
vt 0.471996 0.114091
vt 0.472565 0.123360
vt 0.470739 0.123358
vt 0.472574 0.877025
vt 0.472005 0.886288
vt 0.470748 0.877023
vt 0.527016 0.113831
vt 0.526471 0.123099
vt 0.528297 0.123094
vt 0.528982 0.886028
vt 0.530216 0.876759
vt 0.528390 0.876763
vt 0.471018 0.113972
vt 0.471610 0.123237
vt 0.469784 0.123241
vt 0.472984 0.886169
vt 0.471703 0.876906
vt 0.473529 0.876901
vt 0.527995 0.113712
vt 0.527426 0.122975
vt 0.529252 0.122977
vt 0.528004 0.885909
vt 0.529261 0.876642
vt 0.527435 0.876640
vt 0.424754 0.114091
vt 0.426128 0.877023
vt 0.426720 0.886288
vt 0.425164 0.123094
vt 0.425742 0.886028
vt 0.425173 0.876759
vt 0.573280 0.113712
vt 0.575245 0.885909
vt 0.575791 0.876642
vt 0.574258 0.113972
vt 0.574836 0.876906
vt 0.574267 0.886169
vt 0.425733 0.527016
vt 0.574258 0.471018
vt 0.471996 0.424754
vt 0.424209 0.123358
vt 0.574827 0.123241
vt 0.425742 0.528982
vt 0.574267 0.472984
vt 0.528004 0.575245
vt 0.573872 0.122977
vt 0.497385 0.113395
vt 0.498358 0.122652
vt 0.496407 0.122657
vt 0.499981 0.876302
vt 0.499047 0.885576
vt 0.498030 0.876306
vt 0.504305 0.114092
vt 0.503291 0.123354
vt 0.505242 0.123366
vt 0.499260 0.886273
vt 0.500318 0.877016
vt 0.498367 0.877003
vt 0.500740 0.113727
vt 0.501633 0.122997
vt 0.499682 0.122984
vt 0.495694 0.885908
vt 0.494758 0.876634
vt 0.496709 0.876646
vt 0.500953 0.114424
vt 0.500019 0.123698
vt 0.501970 0.123694
vt 0.502615 0.886605
vt 0.503593 0.877343
vt 0.501642 0.877348
vt 0.423179 0.113395
vt 0.417240 0.876306
vt 0.418133 0.885576
vt 0.419823 0.114092
vt 0.421486 0.886273
vt 0.420512 0.877016
vt 0.581867 0.114424
vt 0.577835 0.877343
vt 0.576821 0.886605
vt 0.579488 0.122984
vt 0.581110 0.876634
vt 0.580177 0.885908
vt 0.419823 0.504305
vt 0.578514 0.500740
vt 0.497385 0.423179
vt 0.422165 0.122657
vt 0.421486 0.499260
vt 0.580177 0.495694
vt 0.502615 0.576821
vt 0.418890 0.123366
vt 0.582760 0.123694
vt 0.524025 0.114119
vt 0.525296 0.123383
vt 0.523448 0.123393
vt 0.528090 0.877039
vt 0.526887 0.886307
vt 0.526241 0.877048
vt 0.472966 0.114289
vt 0.471767 0.123562
vt 0.473615 0.123557
vt 0.476125 0.886477
vt 0.476699 0.877213
vt 0.474850 0.877218
vt 0.523875 0.113523
vt 0.525150 0.122782
vt 0.523301 0.122787
vt 0.527034 0.885711
vt 0.526385 0.876443
vt 0.528233 0.876438
vt 0.473113 0.113693
vt 0.471910 0.122961
vt 0.473759 0.122952
vt 0.475975 0.885881
vt 0.476552 0.876607
vt 0.474704 0.876617
vt 0.422820 0.123562
vt 0.423397 0.114289
vt 0.425613 0.877218
vt 0.574242 0.122961
vt 0.573593 0.113693
vt 0.576752 0.885881
vt 0.574387 0.122782
vt 0.573741 0.113523
vt 0.577180 0.876438
vt 0.422675 0.123383
vt 0.423248 0.114119
vt 0.426407 0.886307
vt 0.423397 0.472966
vt 0.573741 0.523875
vt 0.524025 0.423248
vt 0.426259 0.476125
vt 0.576603 0.527034
vt 0.475975 0.576752
vt 0.549746 0.114003
vt 0.551134 0.123268
vt 0.549626 0.123274
vt 0.552339 0.876931
vt 0.550980 0.886199
vt 0.550830 0.876937
vt 0.448495 0.114149
vt 0.447149 0.123420
vt 0.448657 0.123417
vt 0.450780 0.886345
vt 0.450888 0.877080
vt 0.449379 0.877083
vt 0.549220 0.113655
vt 0.550621 0.122917
vt 0.549112 0.122920
vt 0.551505 0.885851
vt 0.551343 0.876583
vt 0.552851 0.876580
vt 0.449020 0.113801
vt 0.447661 0.123069
vt 0.449170 0.123063
vt 0.450254 0.885997
vt 0.450374 0.876726
vt 0.448866 0.876732
vt 0.438044 0.114149
vt 0.437924 0.123420
vt 0.439278 0.886345
vt 0.560197 0.113801
vt 0.560359 0.123069
vt 0.562589 0.876732
vt 0.560872 0.122917
vt 0.560722 0.113655
vt 0.561956 0.885851
vt 0.437519 0.114003
vt 0.437411 0.123268
vt 0.439803 0.886199
vt 0.449020 0.560197
vt 0.549746 0.437519
vt 0.438044 0.448495
vt 0.439641 0.876931
vt 0.439278 0.450780
vt 0.561956 0.551505
vt 0.450254 0.562481
vt 0.460768 0.114005
vt 0.461067 0.123278
vt 0.459393 0.123267
vt 0.458066 0.876933
vt 0.457693 0.886193
vt 0.456391 0.876923
vt 0.460714 0.113478
vt 0.461015 0.122740
vt 0.459340 0.122738
vt 0.457749 0.885666
vt 0.456446 0.876394
vt 0.458120 0.876396
vt 0.542251 0.114334
vt 0.541880 0.123604
vt 0.543554 0.123606
vt 0.539286 0.886522
vt 0.540660 0.877262
vt 0.538985 0.877260
vt 0.542307 0.113807
vt 0.541934 0.123067
vt 0.543609 0.123077
vt 0.539232 0.885995
vt 0.540607 0.876733
vt 0.538933 0.876722
vt 0.569576 0.114005
vt 0.566983 0.876923
vt 0.566611 0.886193
vt 0.433445 0.113478
vt 0.430070 0.876394
vt 0.430369 0.885666
vt 0.433389 0.113807
vt 0.430123 0.876733
vt 0.430424 0.885995
vt 0.569631 0.114334
vt 0.566555 0.886522
vt 0.566928 0.877262
vt 0.433389 0.542307
vt 0.569576 0.460768
vt 0.460714 0.433445
vt 0.569877 0.123267
vt 0.569930 0.123606
vt 0.457749 0.430369
vt 0.539286 0.566555
vt 0.430424 0.539232
vt 0.433072 0.122738
vt 0.433017 0.123077
vt 0.485999 0.113505
vt 0.486743 0.122769
vt 0.484827 0.122765
vt 0.484492 0.876425
vt 0.483693 0.885694
vt 0.482576 0.876421
vt 0.483084 0.113742
vt 0.483898 0.123002
vt 0.481982 0.123011
vt 0.486605 0.885931
vt 0.485419 0.876667
vt 0.487335 0.876658
vt 0.513395 0.114069
vt 0.512665 0.123342
vt 0.514581 0.123333
vt 0.516916 0.886258
vt 0.518018 0.876989
vt 0.516102 0.876998
vt 0.516307 0.114306
vt 0.515508 0.123575
vt 0.517424 0.123579
vt 0.514001 0.886495
vt 0.515173 0.877235
vt 0.513257 0.877231
vt 0.576958 0.122765
vt 0.579665 0.885694
vt 0.580394 0.876421
vt 0.423248 0.113742
vt 0.420198 0.876667
vt 0.420942 0.885931
vt 0.420335 0.114306
vt 0.423042 0.877235
vt 0.423856 0.886495
vt 0.579058 0.114069
vt 0.577551 0.876989
vt 0.576752 0.886258
vt 0.420335 0.516307
vt 0.576144 0.485999
vt 0.483084 0.423248
vt 0.579802 0.123333
vt 0.486605 0.420942
vt 0.516916 0.576752
vt 0.423856 0.514001
vt 0.422449 0.123011
vt 0.419606 0.123579
vt 0.512847 0.114357
vt 0.513942 0.123629
vt 0.512013 0.123627
vt 0.512482 0.877284
vt 0.511351 0.886544
vt 0.510553 0.877282
vt 0.514200 0.113820
vt 0.515263 0.123091
vt 0.513334 0.123080
vt 0.509999 0.886007
vt 0.509234 0.876735
vt 0.511162 0.876746
vt 0.490001 0.113993
vt 0.488838 0.123254
vt 0.490766 0.123265
vt 0.485800 0.886180
vt 0.486666 0.876920
vt 0.484737 0.876909
vt 0.488649 0.113456
vt 0.487518 0.122716
vt 0.489447 0.122718
vt 0.487153 0.885643
vt 0.487987 0.876373
vt 0.486058 0.876371
vt 0.422310 0.113820
vt 0.421476 0.123091
vt 0.420814 0.886007
vt 0.422798 0.122716
vt 0.423664 0.113456
vt 0.419463 0.885643
vt 0.579186 0.113993
vt 0.579984 0.123254
vt 0.578524 0.876909
vt 0.581303 0.123629
vt 0.580537 0.114357
vt 0.576336 0.886544
vt 0.423664 0.488649
vt 0.580537 0.512847
vt 0.514200 0.422310
vt 0.509999 0.420814
vt 0.485800 0.577690
vt 0.419463 0.487153
vt 0.539232 0.113958
vt 0.540545 0.123226
vt 0.538840 0.123223
vt 0.539398 0.876892
vt 0.538056 0.886157
vt 0.537693 0.876890
vt 0.538634 0.113794
vt 0.539962 0.123060
vt 0.538258 0.123058
vt 0.538654 0.885993
vt 0.538276 0.876725
vt 0.539981 0.876726
vt 0.461346 0.114007
vt 0.460019 0.123274
vt 0.461724 0.123275
vt 0.461366 0.886206
vt 0.461742 0.876942
vt 0.460038 0.876940
vt 0.461944 0.113843
vt 0.460602 0.123108
vt 0.462307 0.123110
vt 0.460768 0.886042
vt 0.461160 0.876777
vt 0.459455 0.876774
vt 0.430875 0.123060
vt 0.431266 0.113794
vt 0.430090 0.885993
vt 0.430291 0.123108
vt 0.430668 0.113843
vt 0.430687 0.886042
vt 0.570273 0.123274
vt 0.569910 0.114007
vt 0.568734 0.886206
vt 0.569690 0.123226
vt 0.569313 0.113958
vt 0.569332 0.886157
vt 0.430668 0.461944
vt 0.569313 0.539232
vt 0.538634 0.431266
vt 0.569709 0.876892
vt 0.538654 0.430090
vt 0.461366 0.568734
vt 0.430687 0.460768
vt 0.554286 0.114060
vt 0.554152 0.123323
vt 0.555618 0.123332
vt 0.550450 0.876980
vt 0.550493 0.886249
vt 0.551916 0.876989
vt 0.446943 0.114289
vt 0.447048 0.123562
vt 0.445582 0.123558
vt 0.448278 0.886478
vt 0.446884 0.877215
vt 0.448350 0.877219
vt 0.551722 0.113522
vt 0.551650 0.122781
vt 0.553116 0.122785
vt 0.553057 0.885711
vt 0.554418 0.876442
vt 0.552952 0.876438
vt 0.449507 0.113751
vt 0.449550 0.123020
vt 0.448084 0.123011
vt 0.445714 0.885940
vt 0.444382 0.876668
vt 0.445848 0.876677
vt 0.558950 0.114060
vt 0.560357 0.876989
vt 0.560284 0.886249
vt 0.561556 0.123558
vt 0.557854 0.877215
vt 0.557719 0.886478
vt 0.439716 0.113751
vt 0.440946 0.876668
vt 0.441050 0.885940
vt 0.442281 0.113522
vt 0.438444 0.876442
vt 0.438488 0.885711
vt 0.449507 0.439716
vt 0.554286 0.558950
vt 0.561512 0.446943
vt 0.559054 0.123332
vt 0.442146 0.122785
vt 0.557719 0.448278
vt 0.438488 0.553057
vt 0.445714 0.441050
vt 0.439643 0.123011
vt 0.531658 0.114031
vt 0.531028 0.123291
vt 0.532848 0.123306
vt 0.525153 0.876934
vt 0.525638 0.886206
vt 0.526973 0.876949
vt 0.470805 0.114530
vt 0.471376 0.123805
vt 0.469556 0.123802
vt 0.471898 0.886705
vt 0.470623 0.877445
vt 0.472443 0.877448
vt 0.528102 0.113295
vt 0.527557 0.122552
vt 0.529377 0.122555
vt 0.529195 0.885470
vt 0.530444 0.876198
vt 0.528624 0.876195
vt 0.474362 0.113794
vt 0.474847 0.123066
vt 0.473027 0.123051
vt 0.468342 0.885969
vt 0.467152 0.876694
vt 0.468972 0.876709
vt 0.574039 0.123306
vt 0.574561 0.886206
vt 0.575106 0.876949
vt 0.577022 0.114530
vt 0.571632 0.877445
vt 0.571002 0.886705
vt 0.424894 0.123051
vt 0.425961 0.876694
vt 0.426532 0.885969
vt 0.428998 0.113295
vt 0.422978 0.885470
vt 0.422492 0.876198
vt 0.474362 0.425439
vt 0.531658 0.573468
vt 0.577022 0.470805
vt 0.428368 0.122555
vt 0.571002 0.471898
vt 0.422978 0.529195
vt 0.468342 0.426532
vt 0.577508 0.123802
vt 0.498612 0.114053
vt 0.497718 0.123328
vt 0.499670 0.123314
vt 0.503060 0.876975
vt 0.504085 0.886233
vt 0.505012 0.876961
vt 0.499395 0.113345
vt 0.500336 0.122606
vt 0.498385 0.122603
vt 0.497910 0.885525
vt 0.496936 0.876250
vt 0.498887 0.876253
vt 0.502090 0.114475
vt 0.501113 0.123747
vt 0.503064 0.123750
vt 0.500605 0.886655
vt 0.501615 0.877397
vt 0.499664 0.877394
vt 0.495915 0.113767
vt 0.496940 0.123025
vt 0.494988 0.123039
vt 0.501388 0.885947
vt 0.500330 0.876686
vt 0.502281 0.876672
vt 0.580096 0.114053
vt 0.579589 0.876961
vt 0.578612 0.886233
vt 0.576616 0.113345
vt 0.582982 0.876250
vt 0.582089 0.885525
vt 0.420411 0.123039
vt 0.418962 0.876686
vt 0.419904 0.885947
vt 0.417911 0.114475
vt 0.422360 0.877397
vt 0.423384 0.886655
vt 0.495915 0.421388
vt 0.498612 0.580096
vt 0.576616 0.499395
vt 0.581038 0.123314
vt 0.417018 0.123750
vt 0.582089 0.497910
vt 0.423384 0.500605
vt 0.501388 0.419904
vt 0.577640 0.122603
vt 0.475544 0.113316
vt 0.474259 0.122572
vt 0.476101 0.122577
vt 0.470827 0.876217
vt 0.472028 0.885492
vt 0.472669 0.876221
vt 0.523759 0.114086
vt 0.525061 0.123347
vt 0.523219 0.123362
vt 0.528673 0.886263
vt 0.528015 0.877006
vt 0.529857 0.876991
vt 0.471327 0.113737
vt 0.470143 0.123009
vt 0.471985 0.122994
vt 0.476241 0.885914
vt 0.476781 0.876638
vt 0.474939 0.876653
vt 0.527972 0.114508
vt 0.529173 0.123783
vt 0.527331 0.123779
vt 0.524456 0.886684
vt 0.523899 0.877423
vt 0.525741 0.877428
vt 0.577226 0.123347
vt 0.576669 0.114086
vt 0.573152 0.886263
vt 0.422094 0.123783
vt 0.422634 0.114508
vt 0.427548 0.886684
vt 0.426207 0.123009
vt 0.426848 0.113737
vt 0.423331 0.885914
vt 0.572452 0.113316
vt 0.573110 0.122572
vt 0.577366 0.885492
vt 0.576669 0.523759
vt 0.426848 0.471327
vt 0.475544 0.572452
vt 0.577906 0.876217
vt 0.573152 0.528673
vt 0.423331 0.476241
vt 0.524456 0.427548
vt 0.449378 0.114027
vt 0.448022 0.123296
vt 0.449539 0.123294
vt 0.449363 0.876962
vt 0.450752 0.886226
vt 0.450880 0.876960
vt 0.550172 0.113821
vt 0.551538 0.123088
vt 0.550022 0.123085
vt 0.549698 0.886020
vt 0.549560 0.876751
vt 0.551077 0.876754
vt 0.450302 0.113980
vt 0.448923 0.123246
vt 0.450440 0.123249
vt 0.449828 0.886178
vt 0.449978 0.876915
vt 0.448462 0.876912
vt 0.549248 0.113774
vt 0.550637 0.123038
vt 0.549120 0.123040
vt 0.550622 0.885973
vt 0.550461 0.876706
vt 0.551978 0.876704
vt 0.561161 0.123088
vt 0.561000 0.113821
vt 0.562375 0.886020
vt 0.438399 0.123038
vt 0.438549 0.113774
vt 0.438076 0.885973
vt 0.437625 0.113980
vt 0.437497 0.123246
vt 0.438839 0.876912
vt 0.562063 0.123296
vt 0.561924 0.114027
vt 0.561601 0.876962
vt 0.561000 0.550172
vt 0.437625 0.450302
vt 0.449378 0.561924
vt 0.562503 0.876754
vt 0.562375 0.549698
vt 0.439000 0.449828
vt 0.550622 0.438076
vt 0.541187 0.114171
vt 0.540831 0.123441
vt 0.542509 0.123441
vt 0.539572 0.877104
vt 0.539897 0.886367
vt 0.541250 0.877104
vt 0.539403 0.113897
vt 0.539090 0.123166
vt 0.540768 0.123160
vt 0.541681 0.886092
vt 0.542991 0.876822
vt 0.541313 0.876829
vt 0.458319 0.113908
vt 0.458687 0.123171
vt 0.457009 0.123177
vt 0.460597 0.886103
vt 0.459232 0.876840
vt 0.460910 0.876834
vt 0.460103 0.113633
vt 0.460428 0.122896
vt 0.458750 0.122896
vt 0.458813 0.885829
vt 0.457491 0.876559
vt 0.459169 0.876559
vt 0.430632 0.114171
vt 0.432910 0.886367
vt 0.432542 0.877104
vt 0.568875 0.113897
vt 0.567940 0.876822
vt 0.567584 0.886092
vt 0.567458 0.122896
vt 0.569681 0.876559
vt 0.569368 0.885829
vt 0.432416 0.113908
vt 0.431125 0.886103
vt 0.430801 0.876840
vt 0.567090 0.460103
vt 0.430632 0.541187
vt 0.539403 0.568875
vt 0.430319 0.123441
vt 0.432060 0.123177
vt 0.569368 0.458813
vt 0.432910 0.539897
vt 0.460597 0.431125
vt 0.569199 0.123160
vt 0.517344 0.114115
vt 0.516526 0.123379
vt 0.518441 0.123389
vt 0.512553 0.877035
vt 0.513273 0.886304
vt 0.514468 0.877045
vt 0.514671 0.114291
vt 0.513917 0.123565
vt 0.515832 0.123560
vt 0.515948 0.886479
vt 0.517078 0.877215
vt 0.515163 0.877220
vt 0.484052 0.113521
vt 0.484837 0.122780
vt 0.482922 0.122785
vt 0.485329 0.885709
vt 0.484168 0.876440
vt 0.486083 0.876435
vt 0.486727 0.113696
vt 0.487447 0.122965
vt 0.485532 0.122955
vt 0.482656 0.885885
vt 0.481559 0.876611
vt 0.483474 0.876621
vt 0.420733 0.123389
vt 0.421979 0.877045
vt 0.422763 0.886304
vt 0.579910 0.114291
vt 0.576657 0.877215
vt 0.575838 0.886479
vt 0.578021 0.122955
vt 0.578513 0.885885
vt 0.579267 0.876611
vt 0.423343 0.122785
vt 0.419370 0.876440
vt 0.420090 0.885709
vt 0.514671 0.579910
vt 0.484052 0.424162
vt 0.421487 0.517344
vt 0.515948 0.575838
vt 0.485329 0.420090
vt 0.578513 0.482656
vt 0.580630 0.123560
vt 0.490842 0.113789
vt 0.489660 0.123046
vt 0.491589 0.123061
vt 0.483999 0.876692
vt 0.485042 0.885967
vt 0.485928 0.876706
vt 0.488097 0.114495
vt 0.486981 0.123767
vt 0.488910 0.123770
vt 0.487786 0.886673
vt 0.488606 0.877416
vt 0.486677 0.877413
vt 0.512214 0.113327
vt 0.513323 0.122587
vt 0.511394 0.122584
vt 0.511903 0.885505
vt 0.511090 0.876230
vt 0.513019 0.876233
vt 0.514958 0.114033
vt 0.516001 0.123308
vt 0.514072 0.123294
vt 0.509158 0.886211
vt 0.508411 0.876939
vt 0.510340 0.876954
vt 0.582089 0.123767
vt 0.581342 0.114495
vt 0.575542 0.886673
vt 0.579412 0.123308
vt 0.578600 0.114033
vt 0.579109 0.876954
vt 0.424458 0.113327
vt 0.423572 0.122587
vt 0.418658 0.885505
vt 0.420891 0.123046
vt 0.421711 0.113789
vt 0.420588 0.876692
vt 0.578600 0.514958
vt 0.421711 0.490842
vt 0.488097 0.581342
vt 0.487786 0.575542
vt 0.511903 0.418658
vt 0.578289 0.509158
vt 0.462411 0.114294
vt 0.461076 0.123561
vt 0.462789 0.123569
vt 0.460233 0.877213
vt 0.461547 0.886479
vt 0.461946 0.877221
vt 0.459604 0.114219
vt 0.458337 0.123494
vt 0.460050 0.123485
vt 0.464356 0.886404
vt 0.464688 0.877137
vt 0.462975 0.877147
vt 0.535644 0.113596
vt 0.537025 0.122853
vt 0.535312 0.122863
vt 0.540396 0.885781
vt 0.539950 0.876515
vt 0.541663 0.876506
vt 0.538453 0.113521
vt 0.539767 0.122787
vt 0.538054 0.122779
vt 0.537589 0.885706
vt 0.537211 0.876431
vt 0.538924 0.876439
vt 0.570476 0.123494
vt 0.570098 0.114219
vt 0.569234 0.886404
vt 0.567734 0.122787
vt 0.567288 0.113521
vt 0.572041 0.885706
vt 0.430766 0.113596
vt 0.430367 0.122853
vt 0.429903 0.885781
vt 0.427627 0.123561
vt 0.427959 0.114294
vt 0.432712 0.886479
vt 0.567288 0.538453
vt 0.427959 0.462411
vt 0.459604 0.570098
vt 0.464356 0.569234
vt 0.540396 0.429903
vt 0.572041 0.537589
vt 0.445239 0.114422
vt 0.445386 0.123692
vt 0.443919 0.123697
vt 0.450067 0.877340
vt 0.450035 0.886603
vt 0.448601 0.877346
vt 0.551155 0.114116
vt 0.551094 0.123391
vt 0.552561 0.123378
vt 0.553575 0.886297
vt 0.554923 0.877027
vt 0.553457 0.877040
vt 0.446425 0.113703
vt 0.446543 0.122960
vt 0.445077 0.122973
vt 0.448845 0.885884
vt 0.447439 0.876622
vt 0.448906 0.876609
vt 0.549965 0.113397
vt 0.549933 0.122660
vt 0.551399 0.122654
vt 0.554761 0.885578
vt 0.556081 0.876303
vt 0.554614 0.876308
vt 0.439151 0.114422
vt 0.441453 0.877346
vt 0.441572 0.886603
vt 0.437963 0.114116
vt 0.442613 0.877027
vt 0.442760 0.886297
vt 0.558428 0.113397
vt 0.560909 0.876303
vt 0.560849 0.885578
vt 0.557240 0.113703
vt 0.562037 0.885884
vt 0.562069 0.876622
vt 0.549965 0.558428
vt 0.445239 0.439151
vt 0.437963 0.551155
vt 0.439091 0.123697
vt 0.557387 0.122973
vt 0.554761 0.560849
vt 0.450035 0.441572
vt 0.562037 0.448845
vt 0.437931 0.123378
vt 0.558547 0.122654
vt 0.502180 0.837786
vt 0.684715 0.776825
vt 0.502145 0.831533
vt 0.688125 0.782067
vt 0.808725 0.632098
vt 0.814428 0.634664
vt 0.834804 0.443300
vt 0.840988 0.442376
vt 0.754670 0.270374
vt 0.759374 0.266253
vt 0.595496 0.162214
vt 0.593767 0.168223
vt 0.401385 0.163289
vt 0.403180 0.169279
vt 0.238670 0.269138
vt 0.243419 0.273207
vt 0.159012 0.446154
vt 0.165206 0.447010
vt 0.193375 0.635507
vt 0.187701 0.638136
vt 0.315629 0.784131
vt 0.318981 0.778852
vt 0.502180 0.531500
vt 0.688125 0.468500
vt 0.502180 0.468500
vt 0.315629 0.531500
vt 0.315629 0.468500
vt 0.782067 0.531500
vt 0.634664 0.468500
vt 0.782067 0.468500
vt 0.634664 0.531500
vt 0.442376 0.468500
vt 0.442376 0.531500
vt 0.266253 0.468500
vt 0.759374 0.531500
vt 0.595496 0.468500
vt 0.759374 0.468500
vt 0.595496 0.531500
vt 0.401385 0.468500
vt 0.401385 0.531500
vt 0.238670 0.468500
vt 0.269138 0.531500
vt 0.446154 0.468500
vt 0.269138 0.468500
vt 0.446154 0.531500
vt 0.638136 0.468500
vt 0.638136 0.531500
vt 0.784131 0.468500
vt 0.701453 0.776285
vt 0.517595 0.833132
vt 0.517879 0.839379
vt 0.697837 0.771184
vt 0.815974 0.621624
vt 0.821774 0.623960
vt 0.840641 0.430766
vt 0.834499 0.431936
vt 0.747530 0.262345
vt 0.752065 0.258039
vt 0.582679 0.166695
vt 0.584167 0.160621
vt 0.390253 0.169440
vt 0.392286 0.175354
vt 0.231891 0.281697
vt 0.236798 0.285573
vt 0.159359 0.461750
vt 0.165582 0.462358
vt 0.195685 0.652435
vt 0.201249 0.649581
vt 0.332474 0.787800
vt 0.329336 0.793209
vt 0.517879 0.531500
vt 0.701453 0.468500
vt 0.517879 0.468500
vt 0.329336 0.531500
vt 0.329336 0.468500
vt 0.776285 0.531500
vt 0.623960 0.468500
vt 0.776285 0.468500
vt 0.623960 0.531500
vt 0.430766 0.468500
vt 0.430766 0.531500
vt 0.258039 0.468500
vt 0.752065 0.531500
vt 0.584167 0.468500
vt 0.752065 0.468500
vt 0.584167 0.531500
vt 0.390253 0.468500
vt 0.390253 0.531500
vt 0.231891 0.468500
vt 0.281697 0.531500
vt 0.461750 0.468500
vt 0.281697 0.468500
vt 0.461750 0.531500
vt 0.652435 0.468500
vt 0.652435 0.531500
vt 0.793209 0.468500
vt 0.513555 0.807622
vt 0.676922 0.746505
vt 0.513318 0.801373
vt 0.680500 0.751634
vt 0.790673 0.614276
vt 0.784891 0.611897
vt 0.809096 0.439160
vt 0.802945 0.440284
vt 0.729919 0.281882
vt 0.725352 0.286154
vt 0.576748 0.198441
vt 0.578281 0.192378
vt 0.404313 0.204994
vt 0.402325 0.199065
vt 0.257917 0.299819
vt 0.262795 0.303731
vt 0.190904 0.462651
vt 0.197123 0.463306
vt 0.222563 0.635865
vt 0.228149 0.633053
vt 0.342843 0.764465
vt 0.346022 0.759079
vt 0.513555 0.531500
vt 0.680500 0.468500
vt 0.513555 0.468500
vt 0.342843 0.531500
vt 0.342843 0.468500
vt 0.751634 0.531500
vt 0.614276 0.468500
vt 0.751634 0.468500
vt 0.614276 0.531500
vt 0.439160 0.468500
vt 0.439160 0.531500
vt 0.281882 0.468500
vt 0.729919 0.531500
vt 0.578281 0.468500
vt 0.729919 0.468500
vt 0.578281 0.531500
vt 0.402325 0.468500
vt 0.402325 0.531500
vt 0.257917 0.468500
vt 0.299819 0.531500
vt 0.462651 0.468500
vt 0.299819 0.468500
vt 0.462651 0.531500
vt 0.635865 0.468500
vt 0.635865 0.531500
vt 0.764465 0.468500
vt 0.239321 0.244031
vt 0.239246 0.237669
vt 0.232950 0.244092
vt 0.238296 0.237478
vt 0.238347 0.243836
vt 0.231999 0.243901
vt 0.244429 0.761285
vt 0.238058 0.761345
vt 0.244480 0.767642
vt 0.243455 0.761089
vt 0.243529 0.767451
vt 0.237107 0.761154
vt 0.756545 0.238911
vt 0.762893 0.238846
vt 0.756471 0.232549
vt 0.755571 0.238715
vt 0.755520 0.232358
vt 0.761942 0.238655
vt 0.761653 0.756164
vt 0.761704 0.762522
vt 0.768001 0.756099
vt 0.760679 0.755969
vt 0.767050 0.755908
vt 0.760754 0.762331
vt 0.237478 0.540521
vt 0.244092 0.452632
vt 0.237669 0.452686
vt 0.244480 0.453895
vt 0.237107 0.541647
vt 0.243529 0.541730
vt 0.756099 0.459534
vt 0.762331 0.547314
vt 0.755908 0.547368
vt 0.755520 0.546105
vt 0.762893 0.458353
vt 0.761942 0.546188
vt 0.243901 0.540466
vt 0.761345 0.453812
vt 0.239246 0.452686
vt 0.756471 0.458270
vt 0.761704 0.459479
vt 0.238846 0.458353
vt 0.432806 0.403292
vt 0.433076 0.402263
vt 0.431865 0.403026
vt 0.441012 0.395687
vt 0.440838 0.396637
vt 0.439801 0.396451
vt 0.396261 0.566170
vt 0.395320 0.565904
vt 0.396087 0.567119
vt 0.404293 0.559514
vt 0.404023 0.560543
vt 0.403256 0.559328
vt 0.595707 0.440486
vt 0.596744 0.440672
vt 0.595977 0.439457
vt 0.603739 0.433830
vt 0.603913 0.432881
vt 0.604680 0.434096
vt 0.559162 0.603363
vt 0.558988 0.604313
vt 0.560199 0.603549
vt 0.567194 0.596708
vt 0.568135 0.596974
vt 0.566924 0.597737
vt 0.441012 0.556929
vt 0.431865 0.440374
vt 0.433076 0.440249
vt 0.567119 0.452055
vt 0.559328 0.568718
vt 0.560543 0.568735
vt 0.568135 0.559626
vt 0.558988 0.443071
vt 0.566924 0.559751
vt 0.432881 0.547945
vt 0.440672 0.431282
vt 0.434096 0.547961
vt 0.403026 0.440374
vt 0.565904 0.452039
vt 0.603913 0.547945
vt 0.595977 0.431265
vt 0.404023 0.568735
vt 0.396087 0.452055
vt 0.596974 0.559626
vt 0.603549 0.442946
vt 0.458003 0.398442
vt 0.458394 0.397561
vt 0.457150 0.398055
vt 0.461007 0.395743
vt 0.460648 0.396601
vt 0.459763 0.396237
vt 0.396230 0.541560
vt 0.395377 0.541173
vt 0.395871 0.542418
vt 0.398875 0.539719
vt 0.398484 0.540600
vt 0.397990 0.539355
vt 0.601125 0.460281
vt 0.602010 0.460645
vt 0.601516 0.459400
vt 0.603770 0.458440
vt 0.604129 0.457582
vt 0.604623 0.458827
vt 0.539352 0.603399
vt 0.538993 0.604257
vt 0.540237 0.603763
vt 0.541997 0.601558
vt 0.542850 0.601945
vt 0.541606 0.602439
vt 0.461007 0.553795
vt 0.457150 0.444729
vt 0.458394 0.444691
vt 0.542418 0.448603
vt 0.539355 0.557697
vt 0.540600 0.557706
vt 0.540237 0.446167
vt 0.541606 0.555309
vt 0.542850 0.555271
vt 0.457582 0.551397
vt 0.460645 0.442303
vt 0.458827 0.551406
vt 0.398055 0.444729
vt 0.541173 0.448594
vt 0.604129 0.551397
vt 0.601516 0.442294
vt 0.398484 0.557706
vt 0.538993 0.446205
vt 0.395871 0.448603
vt 0.601945 0.555271
vt 0.603763 0.446167
vt 0.473948 0.383417
vt 0.474586 0.382548
vt 0.473153 0.382808
vt 0.483368 0.557544
vt 0.482836 0.558331
vt 0.481936 0.557657
vt 0.523098 0.449281
vt 0.522490 0.450047
vt 0.523926 0.450068
vt 0.386497 0.519729
vt 0.385859 0.520598
vt 0.385596 0.519161
vt 0.613503 0.480271
vt 0.614404 0.480839
vt 0.614141 0.479402
vt 0.476902 0.550719
vt 0.476074 0.549932
vt 0.477510 0.549953
vt 0.517164 0.441669
vt 0.516632 0.442456
vt 0.518064 0.442343
vt 0.526052 0.616583
vt 0.526847 0.617192
vt 0.525414 0.617452
vt 0.377608 0.523098
vt 0.376814 0.522490
vt 0.473153 0.438999
vt 0.474586 0.438885
vt 0.481936 0.379480
vt 0.482836 0.380048
vt 0.520598 0.568727
vt 0.519161 0.568706
vt 0.516632 0.620780
vt 0.517164 0.619952
vt 0.526847 0.561001
vt 0.525414 0.561115
vt 0.623186 0.477510
vt 0.479402 0.431273
vt 0.622392 0.476902
vt 0.483368 0.379220
vt 0.622923 0.476074
vt 0.379480 0.557657
vt 0.382808 0.438999
vt 0.622923 0.549932
vt 0.614141 0.431273
vt 0.377077 0.450068
vt 0.620520 0.442343
vt 0.480839 0.431294
vt 0.562479 0.393984
vt 0.563602 0.393804
vt 0.562354 0.392967
vt 0.576633 0.398722
vt 0.575668 0.398961
vt 0.575385 0.397884
vt 0.428542 0.451731
vt 0.427525 0.452538
vt 0.428782 0.452577
vt 0.403858 0.433520
vt 0.402735 0.433700
vt 0.403574 0.432442
vt 0.596142 0.566480
vt 0.596426 0.567558
vt 0.597265 0.566300
vt 0.571458 0.548269
vt 0.571218 0.547423
vt 0.572475 0.547462
vt 0.424332 0.601039
vt 0.423367 0.601278
vt 0.424615 0.602116
vt 0.437521 0.606016
vt 0.437646 0.607033
vt 0.436398 0.606196
vt 0.390544 0.427525
vt 0.390669 0.428542
vt 0.576633 0.557932
vt 0.562354 0.435643
vt 0.563602 0.435477
vt 0.432442 0.574994
vt 0.433700 0.575032
vt 0.424615 0.441902
vt 0.436398 0.564523
vt 0.437646 0.564357
vt 0.609331 0.571458
vt 0.567558 0.425006
vt 0.610295 0.571218
vt 0.575385 0.558098
vt 0.390544 0.452538
vt 0.393804 0.435477
vt 0.566300 0.424968
vt 0.606196 0.564523
vt 0.601278 0.442068
vt 0.609456 0.547462
vt 0.596426 0.425006
vt 0.396210 0.406672
vt 0.396357 0.405338
vt 0.395102 0.406467
vt 0.412770 0.383168
vt 0.412822 0.384233
vt 0.411514 0.384297
vt 0.604201 0.457723
vt 0.603996 0.458691
vt 0.605266 0.458757
vt 0.404937 0.581762
vt 0.404789 0.583096
vt 0.403630 0.581826
vt 0.595063 0.418238
vt 0.596370 0.418174
vt 0.595211 0.416904
vt 0.395799 0.542277
vt 0.394734 0.541243
vt 0.396004 0.541309
vt 0.587178 0.615767
vt 0.587230 0.616832
vt 0.588486 0.615703
vt 0.603790 0.593328
vt 0.604898 0.593533
vt 0.603643 0.594662
vt 0.388325 0.604201
vt 0.387217 0.603996
vt 0.412770 0.563108
vt 0.395102 0.425909
vt 0.396357 0.425577
vt 0.581826 0.596222
vt 0.583096 0.596289
vt 0.604898 0.574091
vt 0.587230 0.436892
vt 0.603643 0.574423
vt 0.612783 0.396004
vt 0.418174 0.403778
vt 0.611675 0.395799
vt 0.611623 0.394734
vt 0.406467 0.425909
vt 0.611623 0.541243
vt 0.595211 0.403711
vt 0.404789 0.596289
vt 0.388377 0.458757
vt 0.593533 0.574091
vt 0.615703 0.436560
vt 0.505831 0.378434
vt 0.506727 0.377750
vt 0.505243 0.377595
vt 0.519741 0.556838
vt 0.519003 0.557677
vt 0.518257 0.556993
vt 0.488502 0.451311
vt 0.487664 0.452103
vt 0.489156 0.452150
vt 0.384411 0.485994
vt 0.383515 0.486678
vt 0.383665 0.485186
vt 0.615589 0.514006
vt 0.616335 0.514814
vt 0.616485 0.513322
vt 0.511498 0.548689
vt 0.510844 0.547850
vt 0.512336 0.547897
vt 0.480997 0.442323
vt 0.480259 0.443162
vt 0.481743 0.443006
vt 0.494169 0.621566
vt 0.494757 0.622405
vt 0.493273 0.622250
vt 0.370652 0.487664
vt 0.371239 0.488502
vt 0.505243 0.435449
vt 0.506727 0.435293
vt 0.518257 0.375117
vt 0.519003 0.375926
vt 0.485186 0.573648
vt 0.486678 0.573695
vt 0.480259 0.624728
vt 0.480997 0.624074
vt 0.493273 0.564707
vt 0.494757 0.564551
vt 0.628761 0.511498
vt 0.513322 0.426305
vt 0.629499 0.510844
vt 0.370652 0.452103
vt 0.375272 0.556838
vt 0.377750 0.435293
vt 0.624728 0.443162
vt 0.616335 0.426352
vt 0.549880 0.390953
vt 0.550946 0.390652
vt 0.549643 0.389970
vt 0.563112 0.392808
vt 0.562194 0.393136
vt 0.561808 0.392127
vt 0.442789 0.451262
vt 0.441805 0.452039
vt 0.443117 0.452085
vt 0.398838 0.444972
vt 0.397772 0.445273
vt 0.398453 0.443962
vt 0.601162 0.555028
vt 0.601547 0.556038
vt 0.602228 0.554727
vt 0.557211 0.548738
vt 0.556884 0.547915
vt 0.558195 0.547961
vt 0.437806 0.606864
vt 0.436888 0.607192
vt 0.438192 0.607873
vt 0.450120 0.609047
vt 0.450357 0.610030
vt 0.449054 0.609348
vt 0.386524 0.442789
vt 0.386287 0.441805
vt 0.563112 0.556075
vt 0.549643 0.436388
vt 0.550946 0.436243
vt 0.443962 0.571871
vt 0.445273 0.571916
vt 0.385606 0.443117
vt 0.438192 0.443780
vt 0.449054 0.563757
vt 0.450357 0.563612
vt 0.613476 0.557211
vt 0.554727 0.428084
vt 0.614394 0.556884
vt 0.561808 0.556220
vt 0.386287 0.452039
vt 0.392808 0.556075
vt 0.390652 0.436243
vt 0.607192 0.443925
vt 0.601547 0.428129
vt 0.455928 0.398965
vt 0.456309 0.398090
vt 0.455079 0.398603
vt 0.459969 0.397562
vt 0.459633 0.398431
vt 0.458740 0.398075
vt 0.396909 0.542493
vt 0.396060 0.542131
vt 0.396572 0.543362
vt 0.400614 0.541959
vt 0.400233 0.542834
vt 0.399720 0.541603
vt 0.599386 0.458041
vt 0.600280 0.458397
vt 0.599767 0.457166
vt 0.603091 0.457507
vt 0.603428 0.456638
vt 0.603940 0.457869
vt 0.540367 0.601569
vt 0.540031 0.602438
vt 0.541260 0.601925
vt 0.544072 0.601035
vt 0.544921 0.601397
vt 0.543691 0.601910
vt 0.459969 0.555207
vt 0.455079 0.446665
vt 0.456309 0.446621
vt 0.543362 0.449342
vt 0.541603 0.557939
vt 0.542834 0.557927
vt 0.544921 0.553335
vt 0.540031 0.444793
vt 0.543691 0.553379
vt 0.456638 0.550658
vt 0.458397 0.442061
vt 0.457869 0.550647
vt 0.398075 0.555251
vt 0.542131 0.449353
vt 0.398603 0.446665
vt 0.599767 0.442073
vt 0.400233 0.557927
vt 0.396572 0.449342
vt 0.601397 0.553335
vt 0.601925 0.444749
vt -0.179190 0.101812
vt -0.179072 0.092215
vt -0.195978 0.101626
vt -0.178207 0.092479
vt -0.178305 0.102082
vt -0.195114 0.101890
vt -0.187977 0.882561
vt -0.204765 0.882375
vt -0.188074 0.892163
vt -0.187091 0.882831
vt -0.187210 0.892427
vt -0.203900 0.882639
vt 1.187091 0.117169
vt 1.203900 0.117361
vt 1.187210 0.107573
vt 1.187977 0.117439
vt 1.188074 0.107837
vt 1.204765 0.117625
vt 1.178305 0.897918
vt 1.178207 0.907521
vt 1.195114 0.898110
vt 1.179190 0.898188
vt 1.195978 0.898374
vt 1.179072 0.907785
vt -0.178207 0.568910
vt -0.195978 0.442129
vt -0.179072 0.442033
vt -0.188074 0.440431
vt -0.203900 0.567442
vt -0.187210 0.567308
vt 1.195114 0.430995
vt 1.179072 0.557967
vt 1.195978 0.557871
vt 1.187210 0.432692
vt 1.204765 0.559435
vt 1.188074 0.559569
vt 0.101890 0.569005
vt 0.882375 0.440565
vt 0.101626 0.442129
vt 1.178207 0.431090
vt 0.898374 0.557871
vt 0.117361 0.432558
vt 0.898110 0.430995
vt -0.222461 0.441011
vt -0.222493 0.439316
vt -0.240231 0.441209
vt -0.223518 0.562340
vt -0.223510 0.564035
vt -0.241256 0.562224
vt -0.220826 0.425292
vt -0.238597 0.426841
vt -0.220818 0.426987
vt -0.221875 0.576370
vt -0.221843 0.578065
vt -0.239621 0.576599
vt 1.221875 0.423630
vt 1.239621 0.423401
vt 1.221843 0.421935
vt 1.220826 0.574708
vt 1.220818 0.573013
vt 1.238597 0.573159
vt 1.223510 0.435965
vt 1.223518 0.437660
vt 1.241256 0.437776
vt 1.222461 0.558989
vt 1.240231 0.558791
vt 1.222493 0.560684
vt -0.238597 0.577834
vt -0.220826 0.577635
vt -0.240231 0.425593
vt -0.222493 0.425709
vt -0.241256 0.439974
vt -0.223510 0.439745
vt -0.239621 0.563471
vt -0.221843 0.563618
vt 1.222493 0.574291
vt 1.240231 0.574407
vt 1.223510 0.560255
vt 1.220826 0.422365
vt 1.239621 0.436529
vt 0.439974 0.562224
vt 0.577834 0.426841
vt 0.441209 0.425593
vt 1.221843 0.436382
vt 0.560026 0.437776
vt 0.422166 0.573159
vt 0.423401 0.436529
vt -0.220400 0.422899
vt -0.220398 0.421202
vt -0.238177 0.422648
vt -0.221995 0.559057
vt -0.222037 0.560754
vt -0.239775 0.558864
vt -0.222216 0.422159
vt -0.239993 0.423629
vt -0.222258 0.423856
vt -0.223853 0.558076
vt -0.223856 0.559773
vt -0.241591 0.557859
vt 1.223853 0.441924
vt 1.241591 0.442141
vt 1.223856 0.440227
vt 1.222216 0.577841
vt 1.222258 0.576144
vt 1.239993 0.576371
vt 1.222037 0.439246
vt 1.221995 0.440943
vt 1.239775 0.441136
vt 1.220400 0.577101
vt 1.238177 0.577352
vt 1.220397 0.578798
vt -0.222216 0.559520
vt -0.239993 0.559269
vt -0.220398 0.422434
vt -0.238177 0.422241
vt -0.239775 0.421238
vt -0.222037 0.421455
vt -0.223856 0.560480
vt -0.241591 0.560253
vt 1.220397 0.577566
vt 1.238177 0.577759
vt 1.239775 0.578762
vt 1.222216 0.440480
vt 1.223856 0.439520
vt 0.421238 0.558864
vt 0.559269 0.423629
vt 0.422648 0.422241
vt 0.577352 0.577759
vt 0.442141 0.439747
vt 0.578762 0.441136
vt 0.429738 0.139358
vt 0.429673 0.130477
vt 0.428050 0.139368
vt 0.428997 0.130405
vt 0.429045 0.139284
vt 0.427374 0.139296
vt 0.434320 0.861583
vt 0.432631 0.861593
vt 0.434368 0.870462
vt 0.433627 0.861510
vt 0.433692 0.870390
vt 0.431955 0.861521
vt 0.566373 0.138490
vt 0.568045 0.138479
vt 0.566308 0.129610
vt 0.565680 0.138417
vt 0.565632 0.129538
vt 0.567369 0.138407
vt 0.570955 0.860716
vt 0.571003 0.869595
vt 0.572626 0.860704
vt 0.570262 0.860642
vt 0.571950 0.860632
vt 0.570327 0.869523
vt 0.130477 0.440806
vt 0.139296 0.557920
vt 0.139368 0.440802
vt 0.870462 0.441288
vt 0.861521 0.558390
vt 0.870390 0.558406
vt 0.860704 0.442080
vt 0.869523 0.559194
vt 0.860632 0.559198
vt 0.129610 0.441594
vt 0.138407 0.558728
vt 0.129538 0.558712
vt 0.861593 0.441272
vt 0.565632 0.558712
vt 0.429673 0.440806
vt 0.566308 0.441594
vt 0.433692 0.558406
vt 0.571003 0.442076
vt 0.434368 0.441288
vt 0.138479 0.441610
vt 0.451499 0.114562
vt 0.451509 0.109882
vt 0.450899 0.114561
vt 0.451511 0.109890
vt 0.451500 0.114570
vt 0.450900 0.114568
vt 0.449700 0.885200
vt 0.449100 0.885198
vt 0.449689 0.889880
vt 0.449702 0.885207
vt 0.449691 0.889887
vt 0.449102 0.885206
vt 0.550298 0.114793
vt 0.550898 0.114794
vt 0.550309 0.110113
vt 0.550300 0.114800
vt 0.550311 0.110120
vt 0.550900 0.114802
vt 0.548500 0.885430
vt 0.548489 0.890110
vt 0.549100 0.885432
vt 0.548501 0.885438
vt 0.549101 0.885439
vt 0.548491 0.890118
vt 0.109882 0.486279
vt 0.114568 0.513942
vt 0.114561 0.486278
vt 0.889880 0.486063
vt 0.885206 0.513729
vt 0.889887 0.513727
vt 0.885432 0.486058
vt 0.890118 0.513721
vt 0.885439 0.513722
vt 0.110120 0.513937
vt 0.114794 0.486271
vt 0.114802 0.513935
vt 0.885198 0.486065
vt 0.550309 0.486273
vt 0.451511 0.513943
vt 0.451509 0.486279
vt 0.449691 0.513727
vt 0.548489 0.486057
vt 0.449689 0.486063
vt 0.430421 0.138998
vt 0.430397 0.130121
vt 0.428745 0.139006
vt 0.430692 0.130304
vt 0.430722 0.139186
vt 0.429039 0.139189
vt 0.432639 0.861234
vt 0.430962 0.861241
vt 0.432670 0.870116
vt 0.432940 0.861422
vt 0.432964 0.870299
vt 0.431257 0.861425
vt 0.567060 0.138578
vt 0.568743 0.138575
vt 0.567036 0.129701
vt 0.567361 0.138766
vt 0.567330 0.129884
vt 0.569038 0.138759
vt 0.569278 0.860814
vt 0.569308 0.869696
vt 0.570961 0.860811
vt 0.569579 0.861002
vt 0.571255 0.860994
vt 0.569603 0.869879
vt 0.130304 0.559313
vt 0.139006 0.442184
vt 0.130121 0.442193
vt 0.870116 0.441030
vt 0.861425 0.558168
vt 0.870299 0.558149
vt 0.860811 0.440697
vt 0.869879 0.557807
vt 0.860994 0.557816
vt 0.129884 0.558970
vt 0.138575 0.441832
vt 0.138759 0.558952
vt 0.139189 0.559303
vt 0.861241 0.441048
vt 0.567330 0.558970
vt 0.430397 0.442193
vt 0.567036 0.441851
vt 0.432670 0.441030
vt 0.569603 0.557807
vt 0.569308 0.440687
vt 0.449490 0.114759
vt 0.449479 0.110080
vt 0.448891 0.114762
vt 0.449660 0.110193
vt 0.449674 0.114874
vt 0.449073 0.114875
vt 0.451529 0.885390
vt 0.450930 0.885393
vt 0.451542 0.890071
vt 0.451713 0.885505
vt 0.451724 0.890184
vt 0.451112 0.885506
vt 0.548287 0.114495
vt 0.548889 0.114494
vt 0.548276 0.109816
vt 0.548471 0.114610
vt 0.548458 0.109929
vt 0.549070 0.114607
vt 0.550326 0.885126
vt 0.550340 0.889807
vt 0.550927 0.885125
vt 0.550510 0.885241
vt 0.551109 0.885238
vt 0.550521 0.889920
vt 0.110080 0.488093
vt 0.114875 0.515741
vt 0.114762 0.488078
vt 0.890071 0.484892
vt 0.885506 0.512579
vt 0.890184 0.512555
vt 0.885125 0.484259
vt 0.889920 0.511907
vt 0.885238 0.511922
vt 0.109816 0.487445
vt 0.114607 0.515085
vt 0.109929 0.515108
vt 0.885393 0.484915
vt 0.548276 0.487445
vt 0.449660 0.515756
vt 0.449479 0.488093
vt 0.451724 0.512555
vt 0.550340 0.484244
vt 0.451542 0.484892
vt 0.114494 0.487421
vt 0.557872 0.555697
vt 0.442128 0.444303
vt 0.427692 0.074314
vt 0.570087 0.073997
vt 0.570777 0.464185
vt 0.429223 0.535815
vt 0.576238 0.073821
vt 0.508853 0.576238
vt 0.491147 0.423762
vt 0.420866 0.915344
vt 0.578410 0.915449
vt 0.577658 0.915621
vt 0.422370 0.925731
vt 0.484315 0.577630
vt 0.515685 0.422370
vt 0.430275 0.915303
vt 0.568852 0.915249
vt 0.566539 0.925875
vt 0.569427 0.540404
vt 0.539509 0.432566
vt 0.559167 0.074236
vt 0.552378 0.559167
vt 0.559420 0.450780
vt 0.527761 0.570296
vt 0.575220 0.474338
vt 0.422936 0.073908
vt 0.505892 0.580702
vt 0.577064 0.494900
vt 0.425062 0.925908
vt 0.423326 0.915574
vt 0.577365 0.925489
vt 0.576952 0.915389
vt 0.423706 0.476429
vt 0.576294 0.523571
vt 0.437253 0.915513
vt 0.437698 0.916137
vt 0.567178 0.915425
vt 0.567619 0.914801
vt 0.432547 0.451810
vt 0.548646 0.437539
vt 0.562251 0.073926
vt 0.435167 0.074587
vt 0.432674 0.074689
vt 0.432674 0.545796
vt 0.567326 0.454204
vt 0.421636 0.074584
vt 0.421636 0.519987
vt 0.524304 0.578376
vt 0.416896 0.914921
vt 0.579970 0.925535
vt 0.423691 0.495608
vt 0.576309 0.504392
vt 0.574428 0.925628
vt 0.425671 0.925567
vt 0.426242 0.915553
vt 0.573855 0.915617
vt 0.425572 0.471349
vt 0.574428 0.528651
vt 0.560981 0.925794
vt 0.438092 0.915303
vt 0.559843 0.915661
vt 0.550840 0.440301
vt 0.449160 0.559699
vt 0.428828 0.074974
vt 0.457494 0.428828
vt 0.433861 0.543005
vt 0.575482 0.073963
vt 0.485315 0.420095
vt 0.420788 0.518413
vt 0.422022 0.915804
vt 0.419674 0.915377
vt 0.579501 0.508433
vt 0.420499 0.491567
vt 0.571287 0.915541
vt 0.571680 0.915488
vt 0.428591 0.925643
vt 0.428549 0.915478
vt 0.571007 0.535503
vt 0.428993 0.464497
vt 0.709193 0.531500
vt 0.246410 0.531500
vt 0.218309 0.531500
vt 0.807564 0.531500
vt 0.711951 0.531500
vt 0.244722 0.531500
vt 0.216924 0.531500
vt 0.809426 0.531500
vt 0.693568 0.531500
vt 0.266997 0.531500
vt 0.241663 0.531500
vt 0.782412 0.531500
vt 0.218260 0.547781
vt 0.781423 0.541321
vt 0.781027 0.540053
vt 0.653267 0.576304
vt 0.367038 0.565170
vt 0.388000 0.616015
vt 0.644066 0.583744
vt 0.653267 0.531689
vt 0.559312 0.552318
vt 0.440688 0.447682
vt 0.557060 0.440673
vt 0.599097 0.550969
vt 0.589838 0.567597
vt 0.410162 0.432403
vt 0.654160 0.575495
vt 0.366816 0.568790
vt 0.385514 0.616081
vt 0.654160 0.532409
vt 0.471293 0.441169
vt 0.627544 0.522902
vt 0.384490 0.572892
vt 0.622251 0.562812
vt 0.627544 0.548751
vt 0.592244 0.547293
vt 0.496075 0.554499
vt 0.504569 0.609242
vt 0.503925 0.445501
vt 0.609788 0.496812
vt 0.609737 0.551611
vt 0.557128 0.557128
vt 0.444517 0.449145
vt 0.442872 0.442872
vt 0.399491 0.564021
vt 0.397744 0.557128
vt 0.604988 0.557748
vt 0.426507 0.556018
vt 0.425733 0.113831
vt 0.527995 0.573280
vt 0.472005 0.426720
vt 0.578514 0.113727
vt 0.500953 0.581867
vt 0.499047 0.418133
vt 0.426259 0.886477
vt 0.577325 0.876617
vt 0.576603 0.885711
vt 0.425758 0.877039
vt 0.473113 0.573593
vt 0.526887 0.426407
vt 0.439128 0.877083
vt 0.562481 0.885997
vt 0.562076 0.876580
vt 0.560722 0.549220
vt 0.550980 0.439803
vt 0.542251 0.569631
vt 0.566611 0.457693
vt 0.576144 0.113505
vt 0.513395 0.579058
vt 0.579665 0.483693
vt 0.420016 0.876746
vt 0.418697 0.876371
vt 0.577690 0.886180
vt 0.577202 0.877284
vt 0.490001 0.579186
vt 0.576336 0.511351
vt 0.429727 0.876726
vt 0.430310 0.876774
vt 0.569125 0.876940
vt 0.461346 0.569910
vt 0.569332 0.538056
vt 0.561512 0.114289
vt 0.442281 0.551722
vt 0.550493 0.560284
vt 0.573468 0.114031
vt 0.425439 0.113794
vt 0.428998 0.528102
vt 0.525638 0.574561
vt 0.421388 0.113767
vt 0.417911 0.502090
vt 0.504085 0.578612
vt 0.573793 0.876991
vt 0.426890 0.877428
vt 0.422774 0.876653
vt 0.527972 0.422634
vt 0.472028 0.577366
vt 0.437937 0.876704
vt 0.439000 0.886178
vt 0.561451 0.886226
vt 0.549248 0.438549
vt 0.450752 0.561451
vt 0.567090 0.113633
vt 0.458319 0.432416
vt 0.541681 0.567584
vt 0.421487 0.114115
vt 0.577237 0.113696
vt 0.424162 0.113521
vt 0.577237 0.486727
vt 0.422763 0.513273
vt 0.576428 0.877413
vt 0.578289 0.886211
vt 0.417911 0.876233
vt 0.421400 0.885967
vt 0.512214 0.424458
vt 0.421400 0.485042
vt 0.569633 0.877147
vt 0.572373 0.876439
vt 0.429524 0.876506
vt 0.432266 0.877213
vt 0.535644 0.430766
vt 0.432712 0.461547
vt 0.557240 0.446425
vt 0.442760 0.553575
vt 0.688125 0.531500
vt 0.266253 0.531500
vt 0.238670 0.531500
vt 0.784131 0.531500
vt 0.701453 0.531500
vt 0.258039 0.531500
vt 0.231891 0.531500
vt 0.793209 0.531500
vt 0.680500 0.531500
vt 0.281882 0.531500
vt 0.257917 0.531500
vt 0.764465 0.531500
vt 0.238058 0.453812
vt 0.762522 0.459479
vt 0.761154 0.541647
vt 0.238296 0.540521
vt 0.760754 0.547314
vt 0.238655 0.546188
vt 0.439801 0.557054
vt 0.560199 0.442946
vt 0.439457 0.431265
vt 0.396451 0.557054
vt 0.459763 0.553833
vt 0.459400 0.442294
vt 0.396237 0.553833
vt 0.377077 0.523926
vt 0.518064 0.620520
vt 0.385859 0.568727
vt 0.617192 0.561001
vt 0.389705 0.428782
vt 0.423367 0.442068
vt 0.609456 0.572475
vt 0.403574 0.574994
vt 0.398722 0.557932
vt 0.411514 0.563440
vt 0.388377 0.605266
vt 0.588486 0.436560
vt 0.416904 0.403711
vt 0.384297 0.563440
vt 0.370501 0.489156
vt 0.481743 0.624883
vt 0.629348 0.512336
vt 0.514814 0.426352
vt 0.519741 0.375272
vt 0.383665 0.573648
vt 0.622250 0.564707
vt 0.629348 0.547897
vt 0.436888 0.443925
vt 0.613713 0.558195
vt 0.556038 0.428129
vt 0.398453 0.571871
vt 0.609348 0.563757
vt 0.613713 0.547961
vt 0.458740 0.555251
vt 0.541260 0.444749
vt 0.457166 0.442073
vt 0.603428 0.550658
vt -0.195114 0.569005
vt -0.204765 0.440565
vt 1.203900 0.432558
vt 0.882639 0.567442
vt 0.117625 0.559435
vt 1.241256 0.560026
vt 1.238597 0.422166
vt 0.576599 0.563471
vt 0.558791 0.574407
vt 1.222037 0.578545
vt 1.239993 0.440731
vt 1.241591 0.439747
vt 0.557859 0.560253
vt 0.440731 0.576371
vt 0.130405 0.557924
vt 0.869595 0.442076
vt 0.428997 0.557924
vt 0.570327 0.559194
vt 0.109890 0.513943
vt 0.890110 0.486057
vt 0.110113 0.486273
vt 0.550311 0.513937
vt 0.548491 0.513721
vt 0.869696 0.440687
vt 0.129701 0.441851
vt 0.430692 0.559313
vt 0.432964 0.558149
vt 0.110193 0.515756
vt 0.889807 0.484244
vt 0.548458 0.515108
vt 0.550521 0.511907
s 0
usemtl wood
f 1/1/1 2/2/1 3/3/1
f 4/4/2 5/5/2 6/6/2
f 7/7/3 8/8/3 9/9/3
f 10/10/4 11/11/4 12/12/4
f 13/13/5 14/14/5 15/15/5
f 16/16/6 17/17/6 18/18/6
f 19/19/7 20/20/7 21/21/7
f 22/22/8 23/23/8 24/24/8
f 1/25/9 8/8/9 7/7/9
f 4/4/10 3/3/10 2/2/10
f 10/10/11 6/26/11 5/27/11
f 9/9/12 12/12/12 11/11/12
f 7/28/13 20/20/13 19/19/13
f 10/29/14 24/24/14 11/30/14
f 23/23/15 20/20/15 24/24/15
f 19/31/16 14/14/16 13/13/16
f 16/16/17 23/32/17 22/33/17
f 15/15/18 18/18/18 17/17/18
f 13/34/19 2/2/19 1/1/19
f 5/5/20 17/35/20 16/36/20
f 7/37/21 13/38/21 1/39/21
f 3/40/22 12/12/22 8/8/22
f 15/41/23 4/4/23 2/2/23
f 10/42/24 16/43/24 22/44/24
f 11/30/25 20/20/25 9/45/25
f 23/32/26 14/14/26 21/46/26
f 25/47/27 26/48/27 27/49/27
f 28/50/28 29/51/28 30/52/28
f 31/53/29 32/54/29 33/55/29
f 34/56/30 35/57/30 36/58/30
f 37/59/31 38/60/31 39/61/31
f 40/62/32 41/63/32 42/64/32
f 43/65/33 44/66/33 45/67/33
f 46/68/34 47/69/34 48/70/34
f 25/71/35 32/54/35 31/53/35
f 26/48/36 30/52/36 27/49/36
f 29/72/37 36/58/37 30/73/37
f 33/55/38 36/58/38 35/57/38
f 43/65/39 33/74/39 44/66/39
f 46/68/40 35/75/40 34/76/40
f 45/67/41 48/70/41 47/69/41
f 37/59/42 45/77/42 38/60/42
f 40/62/43 47/78/43 46/79/43
f 39/61/44 42/64/44 41/63/44
f 37/80/45 26/48/45 25/47/45
f 29/51/46 41/81/46 40/82/46
f 43/83/47 25/84/47 31/85/47
f 30/73/48 32/54/48 27/86/48
f 39/87/49 28/50/49 26/48/49
f 46/88/50 29/89/50 40/90/50
f 33/74/51 48/70/51 44/66/51
f 45/77/52 42/64/52 38/60/52
f 49/91/53 50/92/53 51/93/53
f 52/94/54 53/95/54 54/96/54
f 55/97/55 56/98/55 57/99/55
f 58/100/56 59/101/56 60/102/56
f 61/103/57 62/104/57 63/105/57
f 64/106/58 65/107/58 66/108/58
f 67/109/59 68/110/59 69/111/59
f 70/112/60 71/113/60 72/114/60
f 49/115/61 56/98/61 55/97/61
f 52/94/62 51/93/62 50/92/62
f 58/100/63 54/116/63 53/117/63
f 57/99/64 60/102/64 59/101/64
f 55/118/65 68/110/65 67/109/65
f 70/112/66 59/119/66 58/120/66
f 69/111/67 72/114/67 71/113/67
f 61/103/68 69/121/68 62/104/68
f 64/106/69 71/122/69 70/123/69
f 65/107/70 62/104/70 66/108/70
f 61/124/71 50/92/71 49/91/71
f 53/95/72 65/125/72 64/126/72
f 55/127/73 61/128/73 49/129/73
f 54/116/74 56/98/74 51/130/74
f 65/125/75 50/92/75 63/131/75
f 58/132/76 64/133/76 70/134/76
f 59/119/77 68/110/77 57/135/77
f 71/122/78 62/104/78 69/121/78
f 73/136/79 74/137/79 75/138/79
f 76/139/80 77/140/80 78/141/80
f 79/142/81 80/143/81 81/144/81
f 82/145/82 83/146/82 84/147/82
f 85/148/83 86/149/83 87/150/83
f 88/151/84 89/152/84 90/153/84
f 91/154/85 92/155/85 93/156/85
f 94/157/86 95/158/86 96/159/86
f 79/160/87 75/138/87 80/161/87
f 76/139/88 75/138/88 74/137/88
f 82/162/89 78/141/89 77/140/89
f 81/144/90 84/147/90 83/146/90
f 79/142/91 92/163/91 91/164/91
f 94/165/92 83/146/92 82/145/92
f 93/156/93 96/159/93 95/158/93
f 91/154/94 86/166/94 85/167/94
f 88/168/95 95/158/95 94/157/95
f 89/152/96 86/149/96 90/153/96
f 85/148/97 74/169/97 73/170/97
f 88/151/98 76/171/98 89/152/98
f 79/172/99 85/173/99 73/174/99
f 78/141/100 80/161/100 75/138/100
f 89/152/101 74/169/101 87/150/101
f 82/175/102 88/176/102 94/177/102
f 83/146/103 92/163/103 81/144/103
f 95/158/104 86/166/104 93/156/104
f 97/178/105 98/179/105 99/180/105
f 100/181/106 101/182/106 102/183/106
f 103/184/107 104/185/107 105/186/107
f 106/187/108 107/188/108 108/189/108
f 109/190/109 110/191/109 111/192/109
f 112/193/110 113/194/110 114/195/110
f 115/196/111 116/197/111 117/198/111
f 118/199/112 119/200/112 120/201/112
f 97/178/113 104/202/113 103/203/113
f 100/181/114 99/180/114 98/179/114
f 106/204/115 102/183/115 101/182/115
f 105/186/116 108/189/116 107/188/116
f 115/205/117 105/186/117 116/206/117
f 118/207/118 107/188/118 106/187/118
f 119/200/119 116/197/119 120/201/119
f 109/208/120 117/198/120 110/209/120
f 118/199/121 114/210/121 119/200/121
f 111/192/122 114/195/122 113/194/122
f 97/211/123 111/192/123 98/212/123
f 101/213/124 113/194/124 112/193/124
f 115/214/125 97/215/125 103/216/125
f 102/183/126 104/202/126 99/180/126
f 111/192/127 100/217/127 98/212/127
f 106/218/128 112/219/128 118/220/128
f 107/188/129 116/206/129 105/186/129
f 119/200/130 110/209/130 117/198/130
f 121/221/131 122/222/131 123/223/131
f 124/224/132 125/225/132 126/226/132
f 127/227/133 128/228/133 129/229/133
f 130/230/134 131/231/134 132/232/134
f 133/233/135 134/234/135 135/235/135
f 136/236/136 137/237/136 138/238/136
f 139/239/137 140/240/137 141/241/137
f 142/242/138 143/243/138 144/244/138
f 121/245/139 128/228/139 127/227/139
f 124/224/140 123/223/140 122/222/140
f 125/246/141 132/232/141 126/247/141
f 129/229/142 132/232/142 131/231/142
f 127/248/143 140/240/143 139/239/143
f 130/249/144 144/244/144 131/250/144
f 141/241/145 144/244/145 143/243/145
f 139/251/146 134/234/146 133/233/146
f 136/236/147 143/252/147 142/253/147
f 137/237/148 134/234/148 138/238/148
f 121/221/149 135/254/149 122/222/149
f 125/225/150 137/255/150 136/256/150
f 139/257/151 121/258/151 127/259/151
f 126/247/152 128/228/152 123/260/152
f 137/255/153 122/222/153 135/254/153
f 130/261/154 136/262/154 142/263/154
f 131/250/155 140/240/155 129/264/155
f 141/265/156 138/238/156 134/234/156
f 145/266/157 146/267/157 147/268/157
f 148/269/158 149/270/158 150/271/158
f 151/272/159 152/273/159 153/274/159
f 154/275/160 155/276/160 156/277/160
f 157/278/161 158/279/161 159/280/161
f 160/281/162 161/282/162 162/283/162
f 163/284/163 164/285/163 165/286/163
f 166/287/164 167/288/164 168/289/164
f 145/290/165 152/273/165 151/272/165
f 146/267/166 150/271/166 147/268/166
f 154/275/167 150/291/167 149/292/167
f 153/274/168 156/277/168 155/276/168
f 151/293/169 164/285/169 163/284/169
f 166/287/170 155/294/170 154/295/170
f 167/288/171 164/285/171 168/289/171
f 163/296/172 158/279/172 157/278/172
f 160/281/173 167/297/173 166/298/173
f 159/280/174 162/283/174 161/282/174
f 157/299/175 146/267/175 145/266/175
f 149/270/176 161/300/176 160/301/176
f 163/302/177 145/303/177 151/304/177
f 147/305/178 156/277/178 152/273/178
f 161/300/179 146/267/179 159/306/179
f 154/307/180 160/308/180 166/309/180
f 155/294/181 164/285/181 153/310/181
f 167/297/182 158/279/182 165/311/182
f 169/312/183 170/313/183 171/314/183
f 172/315/184 173/316/184 174/317/184
f 175/318/185 176/319/185 177/320/185
f 178/321/186 179/322/186 180/323/186
f 181/324/187 182/325/187 183/326/187
f 184/327/188 185/328/188 186/329/188
f 187/330/189 188/331/189 189/332/189
f 190/333/190 191/334/190 192/335/190
f 169/336/191 176/319/191 175/318/191
f 170/313/192 174/317/192 171/314/192
f 178/321/193 174/337/193 173/338/193
f 179/322/194 176/319/194 180/323/194
f 175/339/195 188/331/195 187/330/195
f 190/333/196 179/340/196 178/341/196
f 191/334/197 188/331/197 192/335/197
f 181/324/198 189/342/198 182/325/198
f 184/327/199 191/343/199 190/344/199
f 185/328/200 182/325/200 186/329/200
f 181/345/201 170/313/201 169/312/201
f 173/316/202 185/346/202 184/347/202
f 187/348/203 169/349/203 175/350/203
f 174/337/204 176/319/204 171/351/204
f 183/352/205 172/315/205 170/313/205
f 178/353/206 184/354/206 190/355/206
f 179/340/207 188/331/207 177/356/207
f 189/342/208 186/329/208 182/325/208
f 193/357/209 194/358/209 195/359/209
f 196/360/210 197/361/210 198/362/210
f 199/363/211 200/364/211 201/365/211
f 202/366/212 203/367/212 204/368/212
f 205/369/213 206/370/213 207/371/213
f 208/372/214 209/373/214 210/374/214
f 211/375/215 212/376/215 213/377/215
f 214/378/216 215/379/216 216/380/216
f 193/357/217 200/381/217 199/382/217
f 196/360/218 195/359/218 194/358/218
f 197/361/219 204/383/219 198/362/219
f 201/365/220 204/368/220 203/367/220
f 211/384/221 201/365/221 212/385/221
f 214/386/222 203/367/222 202/366/222
f 215/379/223 212/376/223 216/380/223
f 211/375/224 206/387/224 205/388/224
f 214/378/225 210/389/225 215/379/225
f 207/371/226 210/374/226 209/373/226
f 205/369/227 194/390/227 193/391/227
f 197/392/228 209/373/228 208/372/228
f 199/393/229 205/394/229 193/395/229
f 198/362/230 200/381/230 195/359/230
f 209/373/231 194/390/231 207/371/231
f 202/396/232 208/397/232 214/398/232
f 203/367/233 212/385/233 201/365/233
f 215/379/234 206/387/234 213/377/234
f 217/399/235 218/400/235 219/401/235
f 220/402/236 221/403/236 222/404/236
f 223/405/237 224/406/237 225/407/237
f 226/408/238 227/409/238 228/410/238
f 229/411/239 230/412/239 231/413/239
f 232/414/240 233/415/240 234/416/240
f 235/417/241 236/418/241 237/419/241
f 238/420/242 239/421/242 240/422/242
f 217/399/243 224/423/243 223/424/243
f 220/402/244 219/401/244 218/400/244
f 226/425/245 222/404/245 221/403/245
f 225/407/246 228/410/246 227/409/246
f 235/426/247 225/407/247 236/427/247
f 238/428/248 227/409/248 226/408/248
f 237/419/249 240/422/249 239/421/249
f 235/417/250 230/429/250 229/430/250
f 232/431/251 239/421/251 238/420/251
f 231/413/252 234/416/252 233/415/252
f 229/411/253 218/432/253 217/433/253
f 221/434/254 233/415/254 232/414/254
f 223/435/255 229/436/255 217/437/255
f 222/404/256 224/423/256 219/401/256
f 233/415/257 218/432/257 231/413/257
f 238/438/258 221/439/258 232/440/258
f 227/409/259 236/427/259 225/407/259
f 239/421/260 230/429/260 237/419/260
f 241/441/261 242/442/261 243/443/261
f 244/444/262 245/445/262 246/446/262
f 247/447/263 248/448/263 249/449/263
f 250/450/264 251/451/264 252/452/264
f 253/453/265 254/454/265 255/455/265
f 256/456/266 257/457/266 258/458/266
f 259/459/267 260/460/267 261/461/267
f 262/462/268 263/463/268 264/464/268
f 241/465/269 248/448/269 247/447/269
f 242/442/270 246/446/270 243/443/270
f 250/450/271 246/466/271 245/467/271
f 249/449/272 252/452/272 251/451/272
f 259/459/273 249/468/273 260/460/273
f 262/462/274 251/469/274 250/470/274
f 261/461/275 264/464/275 263/463/275
f 253/453/276 261/471/276 254/454/276
f 256/456/277 263/472/277 262/473/277
f 255/455/278 258/458/278 257/457/278
f 241/441/279 255/474/279 242/442/279
f 245/445/280 257/475/280 256/476/280
f 259/477/281 241/478/281 247/479/281
f 246/466/282 248/448/282 243/480/282
f 257/475/283 242/442/283 255/474/283
f 262/481/284 245/482/284 256/483/284
f 249/468/285 264/464/285 260/460/285
f 261/471/286 258/458/286 254/454/286
f 265/484/287 266/485/287 267/486/287
f 268/487/288 269/488/288 270/489/288
f 271/490/289 272/491/289 273/492/289
f 274/493/290 275/494/290 276/495/290
f 277/496/291 278/497/291 279/498/291
f 280/499/292 281/500/292 282/501/292
f 283/502/293 284/503/293 285/504/293
f 286/505/294 287/506/294 288/507/294
f 265/508/295 272/491/295 271/490/295
f 266/485/296 270/489/296 267/486/296
f 269/509/297 276/495/297 270/510/297
f 273/492/298 276/495/298 275/494/298
f 271/511/299 284/503/299 283/502/299
f 274/512/300 288/507/300 275/513/300
f 287/506/301 284/503/301 288/507/301
f 283/514/302 278/497/302 277/496/302
f 280/499/303 287/515/303 286/516/303
f 281/500/304 278/497/304 282/501/304
f 265/484/305 279/517/305 266/485/305
f 269/488/306 281/518/306 280/519/306
f 283/520/307 265/521/307 271/522/307
f 270/510/308 272/491/308 267/523/308
f 281/518/309 266/485/309 279/517/309
f 274/524/310 280/525/310 286/526/310
f 275/513/311 284/503/311 273/527/311
f 287/515/312 278/497/312 285/528/312
f 289/529/313 290/530/313 291/531/313
f 292/532/314 293/533/314 294/534/314
f 295/535/315 296/536/315 297/537/315
f 298/538/316 299/539/316 300/540/316
f 301/541/317 302/542/317 303/543/317
f 304/544/318 305/545/318 306/546/318
f 307/547/319 308/548/319 309/549/319
f 310/550/320 311/551/320 312/552/320
f 289/529/321 296/553/321 295/554/321
f 292/532/322 291/531/322 290/530/322
f 298/555/323 294/534/323 293/533/323
f 297/537/324 300/540/324 299/539/324
f 307/556/325 297/537/325 308/557/325
f 310/558/326 299/539/326 298/538/326
f 309/549/327 312/552/327 311/551/327
f 307/547/328 302/559/328 301/560/328
f 304/561/329 311/551/329 310/550/329
f 303/543/330 306/546/330 305/545/330
f 301/541/331 290/562/331 289/563/331
f 304/544/332 292/564/332 305/545/332
f 307/565/333 289/566/333 295/567/333
f 291/531/334 300/568/334 296/553/334
f 305/545/335 290/562/335 303/543/335
f 310/569/336 293/570/336 304/571/336
f 297/537/337 312/572/337 308/557/337
f 311/551/338 302/559/338 309/549/338
f 313/573/339 314/574/339 315/575/339
f 316/576/340 317/577/340 318/578/340
f 319/579/341 320/580/341 321/581/341
f 322/582/342 323/583/342 324/584/342
f 325/585/343 326/586/343 327/587/343
f 328/588/344 329/589/344 330/590/344
f 331/591/345 332/592/345 333/593/345
f 334/594/346 335/595/346 336/596/346
f 319/597/347 315/575/347 320/598/347
f 316/576/348 315/575/348 314/574/348
f 317/577/349 324/599/349 318/578/349
f 321/581/350 324/584/350 323/583/350
f 319/579/351 332/600/351 331/601/351
f 322/582/352 336/602/352 323/583/352
f 333/593/353 336/596/353 335/595/353
f 331/591/354 326/603/354 325/604/354
f 328/605/355 335/595/355 334/594/355
f 329/589/356 326/586/356 330/590/356
f 325/585/357 314/606/357 313/607/357
f 317/608/358 329/589/358 328/588/358
f 331/609/359 313/610/359 319/611/359
f 315/575/360 324/599/360 320/598/360
f 329/589/361 314/606/361 327/587/361
f 334/612/362 317/613/362 328/614/362
f 323/583/363 332/600/363 321/581/363
f 335/595/364 326/603/364 333/593/364
f 337/615/365 338/616/365 339/617/365
f 340/618/366 341/619/366 342/620/366
f 343/621/367 344/622/367 345/623/367
f 346/624/368 347/625/368 348/626/368
f 349/627/369 350/628/369 351/629/369
f 352/630/370 353/631/370 354/632/370
f 355/633/371 356/634/371 357/635/371
f 358/636/372 359/637/372 360/638/372
f 343/639/373 339/617/373 344/640/373
f 338/616/374 342/620/374 339/617/374
f 341/619/375 348/641/375 342/620/375
f 345/623/376 348/626/376 347/625/376
f 343/621/377 356/642/377 355/643/377
f 358/644/378 347/625/378 346/624/378
f 357/635/379 360/638/379 359/637/379
f 349/645/380 357/635/380 350/646/380
f 352/647/381 359/637/381 358/636/381
f 353/631/382 350/628/382 354/632/382
f 337/648/383 351/629/383 338/649/383
f 341/650/384 353/631/384 352/630/384
f 343/651/385 349/652/385 337/653/385
f 342/620/386 344/640/386 339/617/386
f 353/631/387 338/649/387 351/629/387
f 346/654/388 352/655/388 358/656/388
f 347/625/389 356/642/389 345/623/389
f 357/635/390 354/657/390 350/646/390
f 361/658/391 362/659/391 363/660/391
f 364/661/392 365/662/392 366/663/392
f 367/664/393 368/665/393 369/666/393
f 370/667/394 371/668/394 372/669/394
f 373/670/395 374/671/395 375/672/395
f 376/673/396 377/674/396 378/675/396
f 379/676/397 380/677/397 381/678/397
f 382/679/398 383/680/398 384/681/398
f 361/682/399 368/665/399 367/664/399
f 362/659/400 366/663/400 363/660/400
f 365/683/401 372/669/401 366/684/401
f 369/666/402 372/669/402 371/668/402
f 367/685/403 380/677/403 379/676/403
f 382/679/404 371/686/404 370/687/404
f 381/678/405 384/681/405 383/680/405
f 379/688/406 374/671/406 373/670/406
f 382/689/407 378/675/407 383/690/407
f 375/672/408 378/675/408 377/674/408
f 361/658/409 375/691/409 362/659/409
f 365/662/410 377/692/410 376/693/410
f 379/694/411 361/695/411 367/696/411
f 366/684/412 368/665/412 363/697/412
f 377/692/413 362/659/413 375/691/413
f 370/698/414 376/699/414 382/700/414
f 371/686/415 380/677/415 369/701/415
f 383/690/416 374/671/416 381/702/416
f 385/703/417 386/704/417 387/705/417
f 388/706/418 389/707/418 390/708/418
f 391/709/419 392/710/419 393/711/419
f 394/712/420 395/713/420 396/714/420
f 397/715/421 398/716/421 399/717/421
f 400/718/422 401/719/422 402/720/422
f 403/721/423 404/722/423 405/723/423
f 406/724/424 407/725/424 408/726/424
f 385/727/425 392/710/425 391/709/425
f 388/706/426 387/705/426 386/704/426
f 394/712/427 390/728/427 389/729/427
f 393/711/428 396/714/428 395/713/428
f 403/721/429 393/730/429 404/722/429
f 394/731/430 408/726/430 395/732/430
f 405/723/431 408/726/431 407/725/431
f 403/733/432 398/716/432 397/715/432
f 400/718/433 407/734/433 406/735/433
f 399/717/434 402/720/434 401/719/434
f 397/736/435 386/704/435 385/703/435
f 389/707/436 401/737/436 400/738/436
f 403/739/437 385/740/437 391/741/437
f 390/728/438 392/710/438 387/742/438
f 401/737/439 386/704/439 399/743/439
f 394/744/440 400/745/440 406/746/440
f 395/732/441 404/722/441 393/730/441
f 405/747/442 402/720/442 398/716/442
f 409/748/443 410/749/443 411/750/443
f 412/751/444 413/752/444 414/753/444
f 415/754/445 416/755/445 417/756/445
f 418/757/446 419/758/446 420/759/446
f 421/760/447 422/761/447 423/762/447
f 424/763/448 425/764/448 426/765/448
f 427/766/449 428/767/449 429/768/449
f 430/769/450 431/770/450 432/771/450
f 415/772/451 411/750/451 416/773/451
f 412/751/452 411/750/452 410/749/452
f 418/774/453 414/753/453 413/752/453
f 417/756/454 420/759/454 419/758/454
f 415/754/455 428/775/455 427/776/455
f 430/777/456 419/758/456 418/757/456
f 429/768/457 432/771/457 431/770/457
f 427/766/458 422/778/458 421/779/458
f 424/780/459 431/770/459 430/769/459
f 423/762/460 426/765/460 425/764/460
f 421/760/461 410/781/461 409/782/461
f 413/783/462 425/764/462 424/763/462
f 415/784/463 421/785/463 409/786/463
f 411/750/464 420/787/464 416/773/464
f 425/764/465 410/781/465 423/762/465
f 418/788/466 424/789/466 430/790/466
f 417/756/467 432/791/467 428/775/467
f 431/770/468 422/778/468 429/768/468
f 433/792/469 434/793/469 435/794/469
f 436/795/470 437/796/470 438/797/470
f 439/798/471 440/799/471 441/800/471
f 442/801/472 443/802/472 444/803/472
f 445/804/473 446/805/473 447/806/473
f 448/807/474 449/808/474 450/809/474
f 451/810/475 452/811/475 453/812/475
f 454/813/476 455/814/476 456/815/476
f 433/792/477 440/816/477 439/817/477
f 436/795/478 435/794/478 434/793/478
f 442/818/479 438/797/479 437/796/479
f 441/800/480 444/803/480 443/802/480
f 439/798/481 452/819/481 451/820/481
f 454/821/482 443/802/482 442/801/482
f 453/812/483 456/815/483 455/814/483
f 451/810/484 446/822/484 445/823/484
f 454/813/485 450/824/485 455/814/485
f 447/806/486 450/809/486 449/808/486
f 433/825/487 447/806/487 434/826/487
f 437/827/488 449/808/488 448/807/488
f 439/828/489 445/829/489 433/830/489
f 438/797/490 440/816/490 435/794/490
f 449/808/491 434/826/491 447/806/491
f 442/831/492 448/832/492 454/833/492
f 443/802/493 452/819/493 441/800/493
f 455/814/494 446/822/494 453/812/494
f 589/978/596 590/979/596 591/980/596
f 592/981/597 593/982/597 594/983/597
f 595/984/598 596/985/598 597/986/598
f 598/987/599 599/988/599 600/989/599
f 601/990/600 602/991/600 603/992/600
f 604/993/601 605/994/601 606/995/601
f 607/996/602 608/997/602 609/998/602
f 610/999/603 611/1000/603 612/1001/603
f 589/978/604 596/985/604 595/984/604
f 592/1002/605 591/1003/605 590/1004/605
f 598/987/606 594/983/606 593/982/606
f 597/1005/607 600/1006/607 599/1007/607
f 595/984/608 608/997/608 607/996/608
f 610/999/609 599/988/609 598/987/609
f 609/1008/610 612/1009/610 611/1010/610
f 607/996/611 602/991/611 601/990/611
f 610/999/612 606/995/612 611/1000/612
f 603/1011/613 606/1012/613 605/1013/613
f 601/990/614 590/979/614 589/978/614
f 593/982/615 605/994/615 604/993/615
f 607/996/616 589/978/616 595/984/616
f 594/1014/617 596/1015/617 591/1016/617
f 603/1017/618 592/1002/618 590/1004/618
f 598/987/619 604/993/619 610/999/619
f 599/1018/620 608/1019/620 597/1020/620
f 609/1021/621 606/1012/621 602/1022/621
f 805/1384/830 806/1385/830 807/1386/830
f 808/1387/831 809/1388/831 810/1389/831
f 811/1390/832 812/1391/832 813/1392/832
f 814/1393/833 815/1394/833 816/1395/833
f 817/1396/834 818/1397/834 819/1398/834
f 820/1399/835 821/1400/835 822/1401/835
f 823/1402/836 824/1403/836 825/1404/836
f 826/1405/837 827/1406/837 828/1407/837
f 805/1408/838 812/1391/838 811/1390/838
f 806/1385/839 810/1389/839 807/1386/839
f 814/1393/840 810/1409/840 809/1410/840
f 813/1392/841 816/1395/841 815/1394/841
f 823/1402/842 813/1411/842 824/1403/842
f 814/1412/843 828/1407/843 815/1413/843
f 825/1404/844 828/1407/844 827/1406/844
f 823/1414/845 818/1397/845 817/1396/845
f 826/1415/846 822/1401/846 827/1416/846
f 821/1400/847 818/1397/847 822/1401/847
f 817/1417/848 806/1385/848 805/1384/848
f 809/1388/849 821/1418/849 820/1419/849
f 811/1420/850 817/1421/850 805/1422/850
f 807/1423/851 816/1395/851 812/1391/851
f 821/1418/852 806/1385/852 819/1424/852
f 814/1425/853 820/1426/853 826/1427/853
f 815/1413/854 824/1403/854 813/1411/854
f 827/1416/855 818/1397/855 825/1428/855
f 829/1429/856 830/1430/856 831/1431/856
f 832/1432/857 833/1433/857 834/1434/857
f 835/1435/858 836/1436/858 837/1437/858
f 838/1438/859 839/1439/859 840/1440/859
f 841/1441/860 842/1442/860 843/1443/860
f 844/1444/861 845/1445/861 846/1446/861
f 847/1447/862 848/1448/862 849/1449/862
f 850/1450/863 851/1451/863 852/1452/863
f 829/1453/864 836/1436/864 835/1435/864
f 832/1432/865 831/1431/865 830/1430/865
f 838/1438/866 834/1454/866 833/1455/866
f 837/1437/867 840/1440/867 839/1439/867
f 835/1456/868 848/1448/868 847/1447/868
f 838/1457/869 852/1452/869 839/1458/869
f 851/1451/870 848/1448/870 852/1452/870
f 847/1459/871 842/1442/871 841/1441/871
f 844/1444/872 851/1460/872 850/1461/872
f 843/1443/873 846/1446/873 845/1445/873
f 829/1429/874 843/1462/874 830/1430/874
f 833/1433/875 845/1463/875 844/1464/875
f 835/1465/876 841/1466/876 829/1467/876
f 834/1454/877 836/1436/877 831/1468/877
f 845/1463/878 830/1430/878 843/1462/878
f 838/1469/879 844/1470/879 850/1471/879
f 839/1458/880 848/1448/880 837/1472/880
f 851/1460/881 842/1442/881 849/1473/881
f 853/1474/882 854/1475/882 855/1476/882
f 856/1477/883 857/1478/883 858/1479/883
f 859/1480/884 860/1481/884 861/1482/884
f 862/1483/885 863/1484/885 864/1485/885
f 865/1486/886 866/1487/886 867/1488/886
f 868/1489/887 869/1490/887 870/1491/887
f 871/1492/888 872/1493/888 873/1494/888
f 874/1495/889 875/1496/889 876/1497/889
f 853/1474/890 860/1498/890 859/1499/890
f 856/1477/891 855/1476/891 854/1475/891
f 857/1478/892 864/1500/892 858/1479/892
f 861/1482/893 864/1485/893 863/1484/893
f 859/1480/894 872/1501/894 871/1502/894
f 874/1503/895 863/1484/895 862/1483/895
f 873/1494/896 876/1497/896 875/1496/896
f 871/1492/897 866/1504/897 865/1505/897
f 874/1495/898 870/1506/898 875/1496/898
f 867/1488/899 870/1491/899 869/1490/899
f 865/1486/900 854/1507/900 853/1508/900
f 857/1509/901 869/1490/901 868/1489/901
f 859/1510/902 865/1511/902 853/1512/902
f 858/1479/903 860/1498/903 855/1476/903
f 869/1490/904 854/1507/904 867/1488/904
f 862/1513/905 868/1514/905 874/1515/905
f 863/1484/906 872/1501/906 861/1482/906
f 875/1496/907 866/1504/907 873/1494/907
f 877/1516/908 878/1517/908 879/1518/908
f 880/1519/909 881/1520/909 882/1521/909
f 883/1522/910 884/1523/910 885/1524/910
f 886/1525/911 887/1526/911 888/1527/911
f 889/1528/912 890/1529/912 891/1530/912
f 892/1531/913 893/1532/913 894/1533/913
f 895/1534/914 896/1535/914 897/1536/914
f 898/1537/915 899/1538/915 900/1539/915
f 883/1540/916 879/1518/916 884/1541/916
f 880/1519/917 879/1518/917 878/1517/917
f 886/1542/918 882/1521/918 881/1520/918
f 885/1524/919 888/1527/919 887/1526/919
f 895/1543/920 885/1524/920 896/1544/920
f 886/1525/921 900/1545/921 887/1526/921
f 899/1538/922 896/1535/922 900/1539/922
f 895/1534/923 890/1546/923 889/1547/923
f 892/1548/924 899/1538/924 898/1537/924
f 891/1530/925 894/1533/925 893/1532/925
f 877/1549/926 891/1530/926 878/1550/926
f 881/1551/927 893/1532/927 892/1531/927
f 895/1552/928 877/1553/928 883/1554/928
f 882/1521/929 884/1541/929 879/1518/929
f 891/1530/930 880/1555/930 878/1550/930
f 886/1556/931 892/1557/931 898/1558/931
f 887/1526/932 896/1544/932 885/1524/932
f 899/1538/933 890/1546/933 897/1536/933
f 901/1559/934 902/1560/934 903/1561/934
f 904/1562/935 905/1563/935 906/1564/935
f 907/1565/936 908/1566/936 909/1567/936
f 910/1568/937 911/1569/937 912/1570/937
f 913/1571/938 914/1572/938 915/1573/938
f 916/1574/939 917/1575/939 918/1576/939
f 919/1577/940 920/1578/940 921/1579/940
f 922/1580/941 923/1581/941 924/1582/941
f 901/1583/942 908/1566/942 907/1565/942
f 904/1562/943 903/1561/943 902/1560/943
f 910/1568/944 906/1584/944 905/1585/944
f 911/1569/945 908/1566/945 912/1570/945
f 907/1586/946 920/1578/946 919/1577/946
f 922/1580/947 911/1587/947 910/1588/947
f 923/1581/948 920/1578/948 924/1582/948
f 919/1589/949 914/1572/949 913/1571/949
f 916/1574/950 923/1590/950 922/1591/950
f 915/1573/951 918/1576/951 917/1575/951
f 913/1592/952 902/1560/952 901/1559/952
f 916/1593/953 904/1562/953 917/1594/953
f 919/1595/954 901/1596/954 907/1597/954
f 903/1598/955 912/1570/955 908/1566/955
f 917/1594/956 902/1560/956 915/1599/956
f 910/1600/957 916/1601/957 922/1602/957
f 911/1587/958 920/1578/958 909/1603/958
f 921/1604/959 918/1576/959 914/1572/959
f 925/1605/960 926/1606/960 927/1607/960
f 928/1608/961 929/1609/961 930/1610/961
f 931/1611/962 932/1612/962 933/1613/962
f 934/1614/963 935/1615/963 936/1616/963
f 937/1617/964 938/1618/964 939/1619/964
f 940/1620/965 941/1621/965 942/1622/965
f 943/1623/966 944/1624/966 945/1625/966
f 946/1626/967 947/1627/967 948/1628/967
f 931/1611/968 927/1629/968 932/1612/968
f 928/1608/969 927/1607/969 926/1606/969
f 929/1630/970 936/1616/970 930/1631/970
f 935/1615/971 932/1612/971 936/1616/971
f 931/1632/972 944/1624/972 943/1623/972
f 946/1626/973 935/1633/973 934/1634/973
f 945/1625/974 948/1628/974 947/1627/974
f 943/1635/975 938/1618/975 937/1617/975
f 940/1620/976 947/1636/976 946/1637/976
f 939/1619/977 942/1622/977 941/1621/977
f 937/1638/978 926/1606/978 925/1605/978
f 929/1609/979 941/1639/979 940/1640/979
f 943/1641/980 925/1642/980 931/1643/980
f 930/1631/981 932/1612/981 927/1629/981
f 941/1639/982 926/1606/982 939/1644/982
f 934/1645/983 940/1646/983 946/1647/983
f 935/1633/984 944/1624/984 933/1648/984
f 945/1649/985 942/1622/985 938/1618/985
f 949/1650/986 950/1651/986 951/1652/986
f 952/1653/987 953/1654/987 954/1655/987
f 955/1656/988 956/1657/988 957/1658/988
f 958/1659/989 959/1660/989 960/1661/989
f 961/1662/990 962/1663/990 963/1664/990
f 964/1665/991 965/1666/991 966/1667/991
f 967/1668/992 968/1669/992 969/1670/992
f 970/1671/993 971/1672/993 972/1673/993
f 955/1674/994 951/1652/994 956/1675/994
f 952/1653/995 951/1652/995 950/1651/995
f 958/1676/996 954/1655/996 953/1654/996
f 959/1660/997 956/1657/997 960/1661/997
f 955/1656/998 968/1677/998 967/1678/998
f 970/1679/999 959/1660/999 958/1659/999
f 969/1670/1000 972/1673/1000 971/1672/1000
f 961/1680/1001 969/1670/1001 962/1681/1001
f 970/1671/1002 966/1682/1002 971/1672/1002
f 963/1664/1003 966/1667/1003 965/1666/1003
f 961/1662/1004 950/1683/1004 949/1684/1004
f 953/1685/1005 965/1666/1005 964/1665/1005
f 967/1686/1006 949/1687/1006 955/1688/1006
f 954/1655/1007 956/1675/1007 951/1652/1007
f 965/1666/1008 950/1683/1008 963/1664/1008
f 958/1689/1009 964/1690/1009 970/1691/1009
f 959/1660/1010 968/1677/1010 957/1658/1010
f 971/1672/1011 962/1681/1011 969/1670/1011
f 973/1692/1012 974/1693/1012 975/1694/1012
f 976/1695/1013 977/1696/1013 978/1697/1013
f 979/1698/1014 980/1699/1014 981/1700/1014
f 982/1701/1015 983/1702/1015 984/1703/1015
f 985/1704/1016 986/1705/1016 987/1706/1016
f 988/1707/1017 989/1708/1017 990/1709/1017
f 991/1710/1018 992/1711/1018 993/1712/1018
f 994/1713/1019 995/1714/1019 996/1715/1019
f 973/1692/1020 980/1716/1020 979/1717/1020
f 976/1695/1021 975/1694/1021 974/1693/1021
f 982/1718/1022 978/1697/1022 977/1696/1022
f 981/1700/1023 984/1703/1023 983/1702/1023
f 979/1698/1024 992/1719/1024 991/1720/1024
f 994/1721/1025 983/1702/1025 982/1701/1025
f 993/1712/1026 996/1715/1026 995/1714/1026
f 991/1710/1027 986/1722/1027 985/1723/1027
f 988/1724/1028 995/1714/1028 994/1713/1028
f 989/1708/1029 986/1705/1029 990/1709/1029
f 985/1704/1030 974/1725/1030 973/1726/1030
f 977/1727/1031 989/1708/1031 988/1707/1031
f 991/1728/1032 973/1729/1032 979/1730/1032
f 978/1697/1033 980/1716/1033 975/1694/1033
f 987/1706/1034 976/1731/1034 974/1725/1034
f 982/1732/1035 988/1733/1035 994/1734/1035
f 983/1702/1036 992/1719/1036 981/1700/1036
f 995/1714/1037 986/1722/1037 993/1712/1037
f 997/1735/1038 998/1736/1038 999/1737/1038
f 1000/1738/1039 1001/1739/1039 1002/1740/1039
f 1003/1741/1040 1004/1742/1040 1005/1743/1040
f 1006/1744/1041 1007/1745/1041 1008/1746/1041
f 1009/1747/1042 1010/1748/1042 1011/1749/1042
f 1012/1750/1043 1013/1751/1043 1014/1752/1043
f 1015/1753/1044 1016/1754/1044 1017/1755/1044
f 1018/1756/1045 1019/1757/1045 1020/1758/1045
f 997/1759/1046 1004/1742/1046 1003/1741/1046
f 1000/1738/1047 999/1737/1047 998/1736/1047
f 1006/1744/1048 1002/1760/1048 1001/1761/1048
f 1005/1743/1049 1008/1746/1049 1007/1745/1049
f 1015/1753/1050 1005/1762/1050 1016/1754/1050
f 1018/1756/1051 1007/1763/1051 1006/1764/1051
f 1017/1755/1052 1020/1758/1052 1019/1757/1052
f 1015/1765/1053 1010/1748/1053 1009/1747/1053
f 1012/1750/1054 1019/1766/1054 1018/1767/1054
f 1011/1749/1055 1014/1752/1055 1013/1751/1055
f 1009/1768/1056 998/1736/1056 997/1735/1056
f 1001/1739/1057 1013/1769/1057 1012/1770/1057
f 1015/1771/1058 997/1772/1058 1003/1773/1058
f 1002/1760/1059 1004/1742/1059 999/1774/1059
f 1013/1769/1060 998/1736/1060 1011/1775/1060
f 1006/1776/1061 1012/1777/1061 1018/1778/1061
f 1005/1762/1062 1020/1758/1062 1016/1754/1062
f 1019/1766/1063 1010/1748/1063 1017/1779/1063
f 1021/1780/1064 1022/1781/1064 1023/1782/1064
f 1024/1783/1065 1025/1784/1065 1026/1785/1065
f 1027/1786/1066 1028/1787/1066 1029/1788/1066
f 1030/1789/1067 1031/1790/1067 1032/1791/1067
f 1033/1792/1068 1034/1793/1068 1035/1794/1068
f 1036/1795/1069 1037/1796/1069 1038/1797/1069
f 1039/1798/1070 1040/1799/1070 1041/1800/1070
f 1042/1801/1071 1043/1802/1071 1044/1803/1071
f 1027/1786/1072 1023/1804/1072 1028/1787/1072
f 1024/1783/1073 1023/1782/1073 1022/1781/1073
f 1025/1805/1074 1032/1791/1074 1026/1806/1074
f 1029/1788/1075 1032/1791/1075 1031/1790/1075
f 1027/1807/1076 1040/1799/1076 1039/1798/1076
f 1042/1801/1077 1031/1808/1077 1030/1809/1077
f 1041/1800/1078 1044/1803/1078 1043/1802/1078
f 1033/1792/1079 1041/1810/1079 1034/1793/1079
f 1036/1795/1080 1043/1811/1080 1042/1812/1080
f 1037/1796/1081 1034/1793/1081 1038/1797/1081
f 1033/1813/1082 1022/1781/1082 1021/1780/1082
f 1036/1814/1083 1024/1783/1083 1037/1815/1083
f 1039/1816/1084 1021/1817/1084 1027/1818/1084
f 1023/1804/1085 1032/1791/1085 1028/1787/1085
f 1037/1815/1086 1022/1781/1086 1035/1819/1086
f 1030/1820/1087 1036/1821/1087 1042/1822/1087
f 1031/1808/1088 1040/1799/1088 1029/1823/1088
f 1043/1811/1089 1034/1793/1089 1041/1810/1089
f 1045/1824/1090 1046/1825/1090 1047/1826/1090
f 1048/1827/1091 1049/1828/1091 1050/1829/1091
f 1051/1830/1092 1052/1831/1092 1053/1832/1092
f 1054/1833/1093 1055/1834/1093 1056/1835/1093
f 1057/1836/1094 1058/1837/1094 1059/1838/1094
f 1060/1839/1095 1061/1840/1095 1062/1841/1095
f 1063/1842/1096 1064/1843/1096 1065/1844/1096
f 1066/1845/1097 1067/1846/1097 1068/1847/1097
f 1045/1848/1098 1052/1831/1098 1051/1830/1098
f 1048/1827/1099 1047/1826/1099 1046/1825/1099
f 1054/1833/1100 1050/1849/1100 1049/1850/1100
f 1053/1832/1101 1056/1835/1101 1055/1834/1101
f 1051/1851/1102 1064/1843/1102 1063/1842/1102
f 1066/1845/1103 1055/1852/1103 1054/1853/1103
f 1065/1844/1104 1068/1847/1104 1067/1846/1104
f 1057/1836/1105 1065/1854/1105 1058/1837/1105
f 1060/1839/1106 1067/1855/1106 1066/1856/1106
f 1059/1838/1107 1062/1841/1107 1061/1840/1107
f 1057/1857/1108 1046/1825/1108 1045/1824/1108
f 1049/1828/1109 1061/1858/1109 1060/1859/1109
f 1063/1860/1110 1045/1861/1110 1051/1862/1110
f 1050/1849/1111 1052/1831/1111 1047/1863/1111
f 1061/1858/1112 1046/1825/1112 1059/1864/1112
f 1054/1865/1113 1060/1866/1113 1066/1867/1113
f 1055/1852/1114 1064/1843/1114 1053/1868/1114
f 1067/1855/1115 1058/1837/1115 1065/1854/1115
f 1069/1869/1116 1070/1870/1116 1071/1871/1116
f 1072/1872/1117 1073/1873/1117 1074/1874/1117
f 1075/1875/1118 1076/1876/1118 1077/1877/1118
f 1078/1878/1119 1079/1879/1119 1080/1880/1119
f 1081/1881/1120 1082/1882/1120 1083/1883/1120
f 1084/1884/1121 1085/1885/1121 1086/1886/1121
f 1087/1887/1122 1088/1888/1122 1089/1889/1122
f 1090/1890/1123 1091/1891/1123 1092/1892/1123
f 1069/1869/1124 1076/1893/1124 1075/1894/1124
f 1070/1870/1125 1074/1874/1125 1071/1871/1125
f 1078/1895/1126 1074/1874/1126 1073/1873/1126
f 1077/1877/1127 1080/1880/1127 1079/1879/1127
f 1075/1875/1128 1088/1896/1128 1087/1897/1128
f 1090/1898/1129 1079/1879/1129 1078/1878/1129
f 1089/1889/1130 1092/1892/1130 1091/1891/1130
f 1087/1887/1131 1082/1899/1131 1081/1900/1131
f 1084/1901/1132 1091/1891/1132 1090/1890/1132
f 1083/1883/1133 1086/1886/1133 1085/1885/1133
f 1069/1902/1134 1083/1883/1134 1070/1903/1134
f 1073/1904/1135 1085/1885/1135 1084/1884/1135
f 1075/1905/1136 1081/1906/1136 1069/1907/1136
f 1074/1874/1137 1076/1893/1137 1071/1871/1137
f 1083/1883/1138 1072/1908/1138 1070/1903/1138
f 1078/1909/1139 1084/1910/1139 1090/1911/1139
f 1079/1879/1140 1088/1896/1140 1077/1877/1140
f 1091/1891/1141 1082/1899/1141 1089/1889/1141
f 1093/1912/1142 1094/1913/1142 1095/1914/1142
f 1096/1915/1143 1097/1916/1143 1098/1917/1143
f 1099/1918/1144 1100/1919/1144 1101/1920/1144
f 1102/1921/1145 1103/1922/1145 1104/1923/1145
f 1105/1924/1146 1106/1925/1146 1107/1926/1146
f 1108/1927/1147 1109/1928/1147 1110/1929/1147
f 1111/1930/1148 1112/1931/1148 1113/1932/1148
f 1114/1933/1149 1115/1934/1149 1116/1935/1149
f 1093/1912/1150 1100/1936/1150 1099/1937/1150
f 1096/1915/1151 1095/1914/1151 1094/1913/1151
f 1102/1938/1152 1098/1917/1152 1097/1916/1152
f 1101/1920/1153 1104/1923/1153 1103/1922/1153
f 1099/1918/1154 1112/1939/1154 1111/1940/1154
f 1114/1941/1155 1103/1922/1155 1102/1921/1155
f 1113/1932/1156 1116/1935/1156 1115/1934/1156
f 1105/1942/1157 1113/1932/1157 1106/1943/1157
f 1114/1933/1158 1110/1944/1158 1115/1934/1158
f 1109/1928/1159 1106/1925/1159 1110/1929/1159
f 1105/1924/1160 1094/1945/1160 1093/1946/1160
f 1108/1927/1161 1096/1947/1161 1109/1928/1161
f 1099/1948/1162 1105/1949/1162 1093/1950/1162
f 1095/1914/1163 1104/1951/1163 1100/1936/1163
f 1107/1926/1164 1096/1947/1164 1094/1945/1164
f 1102/1952/1165 1108/1953/1165 1114/1954/1165
f 1103/1922/1166 1112/1939/1166 1101/1920/1166
f 1115/1934/1167 1106/1943/1167 1113/1932/1167
f 1117/1955/1168 1118/1956/1168 1119/1957/1168
f 1120/1958/1169 1121/1959/1169 1122/1960/1169
f 1123/1961/1170 1124/1962/1170 1125/1963/1170
f 1126/1964/1171 1127/1965/1171 1128/1966/1171
f 1129/1967/1172 1130/1968/1172 1131/1969/1172
f 1132/1970/1173 1133/1971/1173 1134/1972/1173
f 1135/1973/1174 1136/1974/1174 1137/1975/1174
f 1138/1976/1175 1139/1977/1175 1140/1978/1175
f 1117/1979/1176 1124/1962/1176 1123/1961/1176
f 1120/1958/1177 1119/1957/1177 1118/1956/1177
f 1121/1980/1178 1128/1966/1178 1122/1981/1178
f 1125/1963/1179 1128/1966/1179 1127/1965/1179
f 1123/1982/1180 1136/1974/1180 1135/1973/1180
f 1138/1976/1181 1127/1983/1181 1126/1984/1181
f 1139/1977/1182 1136/1974/1182 1140/1978/1182
f 1129/1967/1183 1137/1985/1183 1130/1968/1183
f 1132/1970/1184 1139/1986/1184 1138/1987/1184
f 1131/1969/1185 1134/1972/1185 1133/1971/1185
f 1129/1988/1186 1118/1956/1186 1117/1955/1186
f 1132/1989/1187 1120/1958/1187 1133/1990/1187
f 1135/1991/1188 1117/1992/1188 1123/1993/1188
f 1119/1994/1189 1128/1966/1189 1124/1962/1189
f 1133/1990/1190 1118/1956/1190 1131/1995/1190
f 1138/1996/1191 1121/1997/1191 1132/1998/1191
f 1127/1983/1192 1136/1974/1192 1125/1999/1192
f 1139/1986/1193 1130/1968/1193 1137/1985/1193
f 1141/2000/1194 1142/2001/1194 1143/2002/1194
f 1144/2003/1195 1145/2004/1195 1146/2005/1195
f 1147/2006/1196 1148/2007/1196 1149/2008/1196
f 1150/2009/1197 1151/2010/1197 1152/2011/1197
f 1153/2012/1198 1154/2013/1198 1155/2014/1198
f 1156/2015/1199 1157/2016/1199 1158/2017/1199
f 1159/2018/1200 1160/2019/1200 1161/2020/1200
f 1162/2021/1201 1163/2022/1201 1164/2023/1201
f 1147/2006/1202 1143/2024/1202 1148/2007/1202
f 1144/2003/1203 1143/2002/1203 1142/2001/1203
f 1150/2009/1204 1146/2025/1204 1145/2026/1204
f 1149/2008/1205 1152/2011/1205 1151/2010/1205
f 1147/2027/1206 1160/2019/1206 1159/2018/1206
f 1162/2021/1207 1151/2028/1207 1150/2029/1207
f 1161/2020/1208 1164/2023/1208 1163/2022/1208
f 1153/2012/1209 1161/2030/1209 1154/2013/1209
f 1162/2031/1210 1158/2017/1210 1163/2032/1210
f 1157/2016/1211 1154/2013/1211 1158/2017/1211
f 1141/2000/1212 1155/2033/1212 1142/2001/1212
f 1145/2004/1213 1157/2034/1213 1156/2035/1213
f 1147/2036/1214 1153/2037/1214 1141/2038/1214
f 1146/2025/1215 1148/2007/1215 1143/2024/1215
f 1157/2034/1216 1142/2001/1216 1155/2033/1216
f 1150/2039/1217 1156/2040/1217 1162/2041/1217
f 1149/2042/1218 1164/2023/1218 1160/2019/1218
f 1163/2032/1219 1154/2013/1219 1161/2030/1219
f 1165/2043/1220 1166/2044/1220 1167/2045/1220
f 1168/2046/1221 1169/2047/1221 1170/2048/1221
f 1171/2049/1222 1172/2050/1222 1173/2051/1222
f 1174/2052/1223 1175/2053/1223 1176/2054/1223
f 1177/2055/1224 1178/2056/1224 1179/2057/1224
f 1180/2058/1225 1181/2059/1225 1182/2060/1225
f 1183/2061/1226 1184/2062/1226 1185/2063/1226
f 1186/2064/1227 1187/2065/1227 1188/2066/1227
f 1165/2043/1228 1172/2067/1228 1171/2068/1228
f 1166/2044/1229 1170/2048/1229 1167/2045/1229
f 1174/2069/1230 1170/2048/1230 1169/2047/1230
f 1173/2051/1231 1176/2054/1231 1175/2053/1231
f 1171/2049/1232 1184/2070/1232 1183/2071/1232
f 1174/2052/1233 1188/2072/1233 1175/2053/1233
f 1187/2065/1234 1184/2062/1234 1188/2066/1234
f 1177/2073/1235 1185/2063/1235 1178/2074/1235
f 1180/2075/1236 1187/2065/1236 1186/2064/1236
f 1179/2057/1237 1182/2060/1237 1181/2059/1237
f 1177/2055/1238 1166/2076/1238 1165/2077/1238
f 1180/2058/1239 1168/2078/1239 1181/2059/1239
f 1183/2079/1240 1165/2080/1240 1171/2081/1240
f 1170/2048/1241 1172/2067/1241 1167/2045/1241
f 1181/2059/1242 1166/2076/1242 1179/2057/1242
f 1174/2082/1243 1180/2083/1243 1186/2084/1243
f 1173/2051/1244 1188/2072/1244 1184/2070/1244
f 1187/2065/1245 1178/2074/1245 1185/2063/1245
f 1189/2085/1246 1190/2086/1246 1191/2087/1246
f 1192/2088/1247 1193/2089/1247 1194/2090/1247
f 1195/2091/1248 1196/2092/1248 1197/2093/1248
f 1198/2094/1249 1199/2095/1249 1200/2096/1249
f 1201/2097/1250 1202/2098/1250 1203/2099/1250
f 1204/2100/1251 1205/2101/1251 1206/2102/1251
f 1207/2103/1252 1208/2104/1252 1209/2105/1252
f 1210/2106/1253 1211/2107/1253 1212/2108/1253
f 1189/2085/1254 1196/2109/1254 1195/2110/1254
f 1190/2086/1255 1194/2090/1255 1191/2087/1255
f 1198/2111/1256 1194/2090/1256 1193/2089/1256
f 1197/2093/1257 1200/2096/1257 1199/2095/1257
f 1195/2091/1258 1208/2112/1258 1207/2113/1258
f 1210/2114/1259 1199/2095/1259 1198/2094/1259
f 1211/2107/1260 1208/2104/1260 1212/2108/1260
f 1201/2115/1261 1209/2105/1261 1202/2116/1261
f 1204/2117/1262 1211/2107/1262 1210/2106/1262
f 1203/2099/1263 1206/2102/1263 1205/2101/1263
f 1201/2097/1264 1190/2118/1264 1189/2119/1264
f 1193/2120/1265 1205/2101/1265 1204/2100/1265
f 1207/2121/1266 1189/2122/1266 1195/2123/1266
f 1194/2090/1267 1196/2109/1267 1191/2087/1267
f 1205/2101/1268 1190/2118/1268 1203/2099/1268
f 1198/2124/1269 1204/2125/1269 1210/2126/1269
f 1199/2095/1270 1208/2112/1270 1197/2093/1270
f 1211/2107/1271 1202/2116/1271 1209/2105/1271
f 1213/2127/1272 1214/2128/1272 1215/2129/1272
f 1216/2130/1273 1217/2131/1273 1218/2132/1273
f 1219/2133/1274 1220/2134/1274 1221/2135/1274
f 1222/2136/1275 1223/2137/1275 1224/2138/1275
f 1225/2139/1276 1226/2140/1276 1227/2141/1276
f 1228/2142/1277 1229/2143/1277 1230/2144/1277
f 1231/2145/1278 1232/2146/1278 1233/2147/1278
f 1234/2148/1279 1235/2149/1279 1236/2150/1279
f 1213/2151/1280 1220/2134/1280 1219/2133/1280
f 1216/2130/1281 1215/2129/1281 1214/2128/1281
f 1222/2136/1282 1218/2152/1282 1217/2153/1282
f 1223/2137/1283 1220/2134/1283 1224/2138/1283
f 1219/2154/1284 1232/2146/1284 1231/2145/1284
f 1234/2148/1285 1223/2155/1285 1222/2156/1285
f 1233/2147/1286 1236/2150/1286 1235/2149/1286
f 1231/2157/1287 1226/2140/1287 1225/2139/1287
f 1228/2142/1288 1235/2158/1288 1234/2159/1288
f 1229/2143/1289 1226/2140/1289 1230/2144/1289
f 1225/2160/1290 1214/2128/1290 1213/2127/1290
f 1228/2161/1291 1216/2130/1291 1229/2162/1291
f 1231/2163/1292 1213/2164/1292 1219/2165/1292
f 1218/2152/1293 1220/2134/1293 1215/2166/1293
f 1229/2162/1294 1214/2128/1294 1227/2167/1294
f 1234/2168/1295 1217/2169/1295 1228/2170/1295
f 1223/2155/1296 1232/2146/1296 1221/2171/1296
f 1235/2158/1297 1226/2140/1297 1233/2172/1297
f 1369/2317/1397 1370/2318/1397 1371/2319/1397
f 1372/2320/1398 1373/2321/1398 1374/2322/1398
f 1375/2323/1399 1376/2324/1399 1377/2325/1399
f 1378/2326/1400 1379/2327/1400 1380/2328/1400
f 1381/2329/1401 1382/2330/1401 1383/2331/1401
f 1384/2332/1402 1385/2333/1402 1386/2334/1402
f 1387/2335/1403 1388/2336/1403 1389/2337/1403
f 1390/2338/1404 1391/2339/1404 1392/2340/1404
f 1369/2317/1405 1376/2324/1405 1375/2323/1405
f 1372/2341/1406 1371/2342/1406 1370/2343/1406
f 1378/2326/1407 1374/2322/1407 1373/2321/1407
f 1377/2344/1408 1380/2345/1408 1379/2346/1408
f 1387/2335/1409 1377/2325/1409 1388/2336/1409
f 1378/2326/1410 1392/2340/1410 1379/2327/1410
f 1389/2347/1411 1392/2348/1411 1391/2349/1411
f 1387/2335/1412 1382/2330/1412 1381/2329/1412
f 1384/2332/1413 1391/2339/1413 1390/2338/1413
f 1385/2350/1414 1382/2351/1414 1386/2352/1414
f 1381/2329/1415 1370/2318/1415 1369/2317/1415
f 1373/2321/1416 1385/2333/1416 1384/2332/1416
f 1387/2335/1417 1369/2317/1417 1375/2323/1417
f 1374/2353/1418 1376/2354/1418 1371/2342/1418
f 1385/2350/1419 1370/2355/1419 1383/2356/1419
f 1378/2326/1420 1384/2332/1420 1390/2338/1420
f 1379/2346/1421 1388/2357/1421 1377/2344/1421
f 1391/2349/1422 1382/2358/1422 1389/2347/1422
f 1585/2718/1631 1586/2719/1631 1587/2720/1631
f 1588/2721/1632 1589/2722/1632 1590/2723/1632
f 1591/2724/1633 1592/2725/1633 1593/2726/1633
f 1594/2727/1634 1595/2728/1634 1596/2729/1634
f 1597/2730/1635 1598/2731/1635 1599/2732/1635
f 1600/2733/1636 1601/2734/1636 1602/2735/1636
f 1603/2736/1637 1604/2737/1637 1605/2738/1637
f 1606/2739/1638 1607/2740/1638 1608/2741/1638
f 1591/2724/1639 1587/2720/1639 1592/2725/1639
f 1588/2742/1640 1587/2743/1640 1586/2744/1640
f 1594/2727/1641 1590/2723/1641 1589/2722/1641
f 1593/2745/1642 1596/2746/1642 1595/2747/1642
f 1591/2724/1643 1604/2737/1643 1603/2736/1643
f 1606/2739/1644 1595/2728/1644 1594/2727/1644
f 1605/2748/1645 1608/2749/1645 1607/2750/1645
f 1603/2736/1646 1598/2731/1646 1597/2730/1646
f 1600/2733/1647 1607/2740/1647 1606/2739/1647
f 1599/2751/1648 1602/2752/1648 1601/2753/1648
f 1585/2718/1649 1599/2732/1649 1586/2719/1649
f 1600/2733/1650 1588/2721/1650 1601/2734/1650
f 1591/2724/1651 1597/2730/1651 1585/2718/1651
f 1590/2754/1652 1592/2755/1652 1587/2756/1652
f 1601/2753/1653 1586/2744/1653 1599/2751/1653
f 1594/2727/1654 1600/2733/1654 1606/2739/1654
f 1595/2747/1655 1604/2757/1655 1593/2745/1655
f 1607/2758/1656 1598/2759/1656 1605/2760/1656
f 1609/2761/1657 1610/2762/1657 1611/2763/1657
f 1612/2764/1658 1613/2765/1658 1614/2766/1658
f 1615/2767/1659 1616/2768/1659 1617/2769/1659
f 1618/2770/1660 1619/2771/1660 1620/2772/1660
f 1621/2773/1661 1622/2774/1661 1623/2775/1661
f 1624/2776/1662 1625/2777/1662 1626/2778/1662
f 1627/2779/1663 1628/2780/1663 1629/2781/1663
f 1630/2782/1664 1631/2783/1664 1632/2784/1664
f 1609/2761/1665 1616/2785/1665 1615/2786/1665
f 1612/2764/1666 1611/2787/1666 1610/2788/1666
f 1618/2770/1667 1614/2789/1667 1613/2790/1667
f 1617/2769/1668 1620/2791/1668 1619/2792/1668
f 1627/2779/1669 1617/2769/1669 1628/2780/1669
f 1618/2770/1670 1632/2784/1670 1619/2771/1670
f 1629/2781/1671 1632/2793/1671 1631/2794/1671
f 1627/2795/1672 1622/2774/1672 1621/2773/1672
f 1624/2796/1673 1631/2783/1673 1630/2782/1673
f 1625/2777/1674 1622/2797/1674 1626/2778/1674
f 1609/2761/1675 1623/2775/1675 1610/2762/1675
f 1613/2765/1676 1625/2777/1676 1624/2776/1676
f 1627/2795/1677 1609/2761/1677 1615/2786/1677
f 1614/2798/1678 1616/2799/1678 1611/2800/1678
f 1625/2777/1679 1610/2788/1679 1623/2801/1679
f 1618/2770/1680 1624/2796/1680 1630/2782/1680
f 1619/2792/1681 1628/2780/1681 1617/2769/1681
f 1629/2802/1682 1626/2803/1682 1622/2804/1682
f 1633/2805/1683 1634/2806/1683 1635/2807/1683
f 1636/2808/1684 1637/2809/1684 1638/2810/1684
f 1639/2811/1685 1640/2812/1685 1641/2813/1685
f 1642/2814/1686 1643/2815/1686 1644/2816/1686
f 1645/2817/1687 1646/2818/1687 1647/2819/1687
f 1648/2820/1688 1649/2821/1688 1650/2822/1688
f 1651/2823/1689 1652/2824/1689 1653/2825/1689
f 1654/2826/1690 1655/2827/1690 1656/2828/1690
f 1639/2829/1691 1635/2807/1691 1640/2830/1691
f 1634/2831/1692 1638/2810/1692 1635/2832/1692
f 1642/2814/1693 1638/2833/1693 1637/2834/1693
f 1643/2835/1694 1640/2812/1694 1644/2836/1694
f 1639/2811/1695 1652/2824/1695 1651/2823/1695
f 1642/2814/1696 1656/2828/1696 1643/2815/1696
f 1653/2825/1697 1656/2837/1697 1655/2838/1697
f 1645/2817/1698 1653/2839/1698 1646/2818/1698
f 1648/2840/1699 1655/2827/1699 1654/2826/1699
f 1647/2841/1700 1650/2822/1700 1649/2821/1700
f 1633/2805/1701 1647/2819/1701 1634/2806/1701
f 1648/2820/1702 1636/2808/1702 1649/2821/1702
f 1639/2829/1703 1645/2817/1703 1633/2805/1703
f 1638/2842/1704 1640/2843/1704 1635/2844/1704
f 1649/2821/1705 1634/2831/1705 1647/2841/1705
f 1654/2826/1706 1637/2834/1706 1648/2840/1706
f 1643/2835/1707 1652/2824/1707 1641/2813/1707
f 1655/2845/1708 1646/2846/1708 1653/2847/1708
f 1657/2848/1709 1658/2849/1709 1659/2850/1709
f 1660/2851/1710 1661/2852/1710 1662/2853/1710
f 1663/2854/1711 1664/2855/1711 1665/2856/1711
f 1666/2857/1712 1667/2858/1712 1668/2859/1712
f 1669/2860/1713 1670/2861/1713 1671/2862/1713
f 1672/2863/1714 1673/2864/1714 1674/2865/1714
f 1675/2866/1715 1676/2867/1715 1677/2868/1715
f 1678/2869/1716 1679/2870/1716 1680/2871/1716
f 1657/2848/1717 1664/2855/1717 1663/2854/1717
f 1658/2872/1718 1662/2873/1718 1659/2874/1718
f 1666/2857/1719 1662/2853/1719 1661/2852/1719
f 1665/2875/1720 1668/2876/1720 1667/2877/1720
f 1663/2854/1721 1676/2867/1721 1675/2866/1721
f 1678/2869/1722 1667/2858/1722 1666/2857/1722
f 1677/2878/1723 1680/2879/1723 1679/2880/1723
f 1669/2860/1724 1677/2868/1724 1670/2861/1724
f 1678/2869/1725 1674/2865/1725 1679/2870/1725
f 1671/2881/1726 1674/2882/1726 1673/2883/1726
f 1669/2860/1727 1658/2849/1727 1657/2848/1727
f 1672/2863/1728 1660/2851/1728 1673/2864/1728
f 1675/2866/1729 1657/2848/1729 1663/2854/1729
f 1662/2873/1730 1664/2884/1730 1659/2874/1730
f 1673/2885/1731 1658/2886/1731 1671/2887/1731
f 1666/2857/1732 1672/2863/1732 1678/2869/1732
f 1667/2888/1733 1676/2889/1733 1665/2890/1733
f 1679/2880/1734 1670/2891/1734 1677/2878/1734
f 1705/2935/1761 1706/2936/1761 1707/2937/1761
f 1708/2938/1762 1709/2939/1762 1710/2940/1762
f 1711/2941/1763 1712/2942/1763 1713/2943/1763
f 1714/2944/1764 1715/2945/1764 1716/2946/1764
f 1717/2947/1765 1718/2948/1765 1719/2949/1765
f 1720/2950/1766 1721/2951/1766 1722/2952/1766
f 1723/2953/1767 1724/2954/1767 1725/2955/1767
f 1726/2956/1768 1727/2957/1768 1728/2958/1768
f 1711/2941/1769 1707/2937/1769 1712/2942/1769
f 1708/2959/1770 1707/2960/1770 1706/2961/1770
f 1714/2944/1771 1710/2940/1771 1709/2939/1771
f 1713/2962/1772 1716/2963/1772 1715/2964/1772
f 1711/2941/1773 1724/2954/1773 1723/2953/1773
f 1726/2956/1774 1715/2945/1774 1714/2944/1774
f 1725/2965/1775 1728/2966/1775 1727/2967/1775
f 1723/2953/1776 1718/2948/1776 1717/2947/1776
f 1720/2950/1777 1727/2957/1777 1726/2956/1777
f 1721/2968/1778 1718/2969/1778 1722/2970/1778
f 1705/2935/1779 1719/2949/1779 1706/2936/1779
f 1720/2950/1780 1708/2938/1780 1721/2951/1780
f 1723/2953/1781 1705/2935/1781 1711/2941/1781
f 1710/2971/1782 1712/2972/1782 1707/2960/1782
f 1721/2973/1783 1706/2974/1783 1719/2975/1783
f 1714/2944/1784 1720/2950/1784 1726/2956/1784
f 1713/2976/1785 1728/2977/1785 1724/2978/1785
f 1727/2967/1786 1718/2969/1786 1725/2965/1786
f 1/25/9 3/40/9 8/8/9
f 4/4/10 6/6/10 3/3/10
f 10/10/11 12/12/11 6/26/11
f 9/9/12 8/8/12 12/12/12
f 7/28/13 9/45/13 20/20/13
f 10/29/14 22/22/14 24/24/14
f 23/23/15 21/21/15 20/20/15
f 19/31/16 21/46/16 14/14/16
f 16/16/17 18/18/17 23/32/17
f 15/15/18 14/14/18 18/18/18
f 13/34/19 15/41/19 2/2/19
f 5/5/20 4/4/20 17/35/20
f 7/37/21 19/3023/21 13/38/21
f 3/40/22 6/26/22 12/12/22
f 15/41/23 17/35/23 4/4/23
f 10/42/24 5/3024/24 16/43/24
f 11/30/25 24/24/25 20/20/25
f 23/32/26 18/18/26 14/14/26
f 25/71/1813 27/86/1813 32/54/1813
f 26/48/36 28/50/36 30/52/36
f 29/72/37 34/56/37 36/58/37
f 33/55/38 32/54/38 36/58/38
f 43/65/39 31/3025/39 33/74/39
f 46/68/40 48/70/40 35/75/40
f 45/67/41 44/66/41 48/70/41
f 37/59/42 43/3026/42 45/77/42
f 40/62/43 42/64/43 47/78/43
f 39/61/44 38/60/44 42/64/44
f 37/80/1814 39/87/1814 26/48/1814
f 29/51/46 28/50/46 41/81/46
f 43/83/47 37/3027/47 25/84/47
f 30/73/48 36/58/48 32/54/48
f 39/87/49 41/81/49 28/50/49
f 46/88/50 34/3028/50 29/89/50
f 33/74/51 35/75/51 48/70/51
f 45/77/52 47/78/52 42/64/52
f 49/115/61 51/130/61 56/98/61
f 52/94/62 54/96/62 51/93/62
f 58/100/1815 60/102/1815 54/116/1815
f 57/99/64 56/98/64 60/102/64
f 55/118/65 57/135/65 68/110/65
f 70/112/1816 72/114/1816 59/119/1816
f 69/111/67 68/110/67 72/114/67
f 61/103/68 67/3029/68 69/121/68
f 64/106/69 66/108/69 71/122/69
f 65/107/70 63/105/70 62/104/70
f 61/124/71 63/131/71 50/92/71
f 53/95/72 52/94/72 65/125/72
f 55/127/73 67/3030/73 61/128/73
f 54/116/74 60/102/74 56/98/74
f 65/125/75 52/94/75 50/92/75
f 58/132/76 53/3031/76 64/133/76
f 59/119/77 72/114/77 68/110/77
f 71/122/78 66/108/78 62/104/78
f 79/160/87 73/136/87 75/138/87
f 76/139/88 78/141/88 75/138/88
f 82/162/89 84/3032/89 78/141/89
f 81/144/90 80/143/90 84/147/90
f 79/142/1817 81/144/1817 92/163/1817
f 94/165/92 96/3033/92 83/146/92
f 93/156/93 92/155/93 96/159/93
f 91/154/94 93/156/94 86/166/94
f 88/168/95 90/3034/95 95/158/95
f 89/152/96 87/150/96 86/149/96
f 85/148/97 87/150/97 74/169/97
f 88/151/98 77/3035/98 76/171/98
f 79/172/99 91/3036/99 85/173/99
f 78/141/100 84/3032/100 80/161/100
f 89/152/1818 76/171/1818 74/169/1818
f 82/175/102 77/3037/102 88/176/102
f 83/146/103 96/3033/103 92/163/103
f 95/158/104 90/3034/104 86/166/104
f 97/178/113 99/180/113 104/202/113
f 100/181/114 102/183/114 99/180/114
f 106/204/115 108/3038/115 102/183/115
f 105/186/116 104/185/116 108/189/116
f 115/205/117 103/184/117 105/186/117
f 118/207/118 120/3039/118 107/188/118
f 119/200/119 117/198/119 116/197/119
f 109/208/120 115/196/120 117/198/120
f 118/199/121 112/3040/121 114/210/121
f 111/192/122 110/191/122 114/195/122
f 97/211/123 109/190/123 111/192/123
f 101/213/124 100/217/124 113/194/124
f 115/214/125 109/3041/125 97/215/125
f 102/183/126 108/3038/126 104/202/126
f 111/192/127 113/194/127 100/217/127
f 106/218/128 101/3042/128 112/219/128
f 107/188/129 120/3039/129 116/206/129
f 119/200/130 114/210/130 110/209/130
f 121/245/139 123/260/139 128/228/139
f 124/224/140 126/226/140 123/223/140
f 125/246/141 130/230/141 132/232/141
f 129/229/1819 128/228/1819 132/232/1819
f 127/248/143 129/264/143 140/240/143
f 130/249/144 142/242/144 144/244/144
f 141/241/1820 140/240/1820 144/244/1820
f 139/251/146 141/265/146 134/234/146
f 136/236/147 138/238/147 143/252/147
f 137/237/1821 135/235/1821 134/234/1821
f 121/221/149 133/3043/149 135/254/149
f 125/225/150 124/224/150 137/255/150
f 139/257/151 133/3044/151 121/258/151
f 126/247/152 132/232/152 128/228/152
f 137/255/153 124/224/153 122/222/153
f 130/261/154 125/3045/154 136/262/154
f 131/250/155 144/244/155 140/240/155
f 141/265/156 143/252/156 138/238/156
f 145/290/165 147/305/165 152/273/165
f 146/267/166 148/269/166 150/271/166
f 154/275/167 156/277/167 150/291/167
f 153/274/168 152/273/168 156/277/168
f 151/293/169 153/310/169 164/285/169
f 166/287/170 168/289/170 155/294/170
f 167/288/171 165/286/171 164/285/171
f 163/296/172 165/311/172 158/279/172
f 160/281/173 162/283/173 167/297/173
f 159/280/174 158/279/174 162/283/174
f 157/299/175 159/306/175 146/267/175
f 149/270/176 148/269/176 161/300/176
f 163/302/177 157/3046/177 145/303/177
f 147/305/178 150/291/178 156/277/178
f 161/300/179 148/269/179 146/267/179
f 154/307/180 149/3047/180 160/308/180
f 155/294/181 168/289/181 164/285/181
f 167/297/182 162/283/182 158/279/182
f 169/336/191 171/351/191 176/319/191
f 170/313/1822 172/315/1822 174/317/1822
f 178/321/193 180/323/193 174/337/193
f 179/322/194 177/320/194 176/319/194
f 175/339/195 177/356/195 188/331/195
f 190/333/196 192/335/196 179/340/196
f 191/334/197 189/332/197 188/331/197
f 181/324/198 187/3048/198 189/342/198
f 184/327/199 186/329/199 191/343/199
f 185/328/200 183/326/200 182/325/200
f 181/345/201 183/352/201 170/313/201
f 173/316/202 172/315/202 185/346/202
f 187/348/203 181/3049/203 169/349/203
f 174/337/204 180/323/204 176/319/204
f 183/352/205 185/346/205 172/315/205
f 178/353/206 173/3050/206 184/354/206
f 179/340/207 192/335/207 188/331/207
f 189/342/208 191/343/208 186/329/208
f 193/357/217 195/359/217 200/381/217
f 196/360/1823 198/362/1823 195/359/1823
f 197/361/219 202/3051/219 204/383/219
f 201/365/220 200/364/220 204/368/220
f 211/384/221 199/363/221 201/365/221
f 214/386/222 216/3052/222 203/367/222
f 215/379/1824 213/377/1824 212/376/1824
f 211/375/224 213/377/224 206/387/224
f 214/378/225 208/3053/225 210/389/225
f 207/371/226 206/370/226 210/374/226
f 205/369/227 207/371/227 194/390/227
f 197/392/228 196/3054/228 209/373/228
f 199/393/229 211/3055/229 205/394/229
f 198/362/230 204/383/230 200/381/230
f 209/373/231 196/3054/231 194/390/231
f 202/396/232 197/3056/232 208/397/232
f 203/367/233 216/3052/233 212/385/233
f 215/379/234 210/389/234 206/387/234
f 217/399/243 219/401/243 224/423/243
f 220/402/1825 222/404/1825 219/401/1825
f 226/425/245 228/3057/245 222/404/245
f 225/407/246 224/406/246 228/410/246
f 235/426/247 223/405/247 225/407/247
f 238/428/248 240/3058/248 227/409/248
f 237/419/1826 236/418/1826 240/422/1826
f 235/417/250 237/419/250 230/429/250
f 232/431/251 234/3059/251 239/421/251
f 231/413/252 230/412/252 234/416/252
f 229/411/253 231/413/253 218/432/253
f 221/434/254 220/3060/254 233/415/254
f 223/435/255 235/3061/255 229/436/255
f 222/404/256 228/3057/256 224/423/256
f 233/415/257 220/3060/257 218/432/257
f 238/438/258 226/3062/258 221/439/258
f 227/409/259 240/3058/259 236/427/259
f 239/421/260 234/3059/260 230/429/260
f 241/465/269 243/480/269 248/448/269
f 242/442/1827 244/444/1827 246/446/1827
f 250/450/271 252/452/271 246/466/271
f 249/449/272 248/448/272 252/452/272
f 259/459/273 247/3063/273 249/468/273
f 262/462/274 264/464/274 251/469/274
f 261/461/1828 260/460/1828 264/464/1828
f 253/453/276 259/3064/276 261/471/276
f 256/456/277 258/458/277 263/472/277
f 255/455/278 254/454/278 258/458/278
f 241/441/279 253/3065/279 255/474/279
f 245/445/280 244/444/280 257/475/280
f 259/477/281 253/3066/281 241/478/281
f 246/466/282 252/452/282 248/448/282
f 257/475/283 244/444/283 242/442/283
f 262/481/284 250/3067/284 245/482/284
f 249/468/285 251/469/285 264/464/285
f 261/471/286 263/472/286 258/458/286
f 265/508/295 267/523/295 272/491/295
f 266/485/296 268/487/296 270/489/296
f 269/509/297 274/493/297 276/495/297
f 273/492/1829 272/491/1829 276/495/1829
f 271/511/299 273/527/299 284/503/299
f 274/512/300 286/505/300 288/507/300
f 287/506/301 285/504/301 284/503/301
f 283/514/302 285/528/302 278/497/302
f 280/499/303 282/501/303 287/515/303
f 281/500/1830 279/498/1830 278/497/1830
f 265/484/305 277/3068/305 279/517/305
f 269/488/306 268/487/306 281/518/306
f 283/520/307 277/3069/307 265/521/307
f 270/510/308 276/495/308 272/491/308
f 281/518/309 268/487/309 266/485/309
f 274/524/310 269/3070/310 280/525/310
f 275/513/311 288/507/311 284/503/311
f 287/515/312 282/501/312 278/497/312
f 289/529/321 291/531/321 296/553/321
f 292/532/322 294/534/322 291/531/322
f 298/555/323 300/568/323 294/534/323
f 297/537/324 296/536/324 300/540/324
f 307/556/325 295/535/325 297/537/325
f 310/558/326 312/572/326 299/539/326
f 309/549/327 308/548/327 312/552/327
f 307/547/328 309/549/328 302/559/328
f 304/561/329 306/3071/329 311/551/329
f 303/543/1831 302/542/1831 306/546/1831
f 301/541/331 303/543/331 290/562/331
f 304/544/332 293/3072/332 292/564/332
f 307/565/333 301/3073/333 289/566/333
f 291/531/334 294/534/334 300/568/334
f 305/545/335 292/564/335 290/562/335
f 310/569/336 298/3074/336 293/570/336
f 297/537/337 299/539/337 312/572/337
f 311/551/338 306/3071/338 302/559/338
f 319/597/347 313/573/347 315/575/347
f 316/576/348 318/578/348 315/575/348
f 317/577/349 322/3075/349 324/599/349
f 321/581/350 320/580/350 324/584/350
f 319/579/351 321/581/351 332/600/351
f 322/582/352 334/3076/352 336/602/352
f 333/593/353 332/592/353 336/596/353
f 331/591/354 333/593/354 326/603/354
f 328/605/355 330/3077/355 335/595/355
f 329/589/356 327/587/356 326/586/356
f 325/585/357 327/587/357 314/606/357
f 317/608/1832 316/3078/1832 329/589/1832
f 331/609/359 325/3079/359 313/610/359
f 315/575/360 318/578/360 324/599/360
f 329/589/361 316/3078/361 314/606/361
f 334/612/1833 322/3080/1833 317/613/1833
f 323/583/363 336/602/363 332/600/363
f 335/595/364 330/3077/364 326/603/364
f 343/639/373 337/615/373 339/617/373
f 338/616/374 340/618/374 342/620/374
f 341/619/375 346/3081/375 348/641/375
f 345/623/376 344/622/376 348/626/376
f 343/621/377 345/623/377 356/642/377
f 358/644/378 360/3082/378 347/625/378
f 357/635/379 356/634/379 360/638/379
f 349/645/380 355/633/380 357/635/380
f 352/647/1834 354/657/1834 359/637/1834
f 353/631/382 351/629/382 350/628/382
f 337/648/383 349/627/383 351/629/383
f 341/650/384 340/3083/384 353/631/384
f 343/651/385 355/3084/385 349/652/385
f 342/620/386 348/641/386 344/640/386
f 353/631/387 340/3083/387 338/649/387
f 346/654/388 341/3085/388 352/655/388
f 347/625/389 360/3082/389 356/642/389
f 357/635/390 359/637/390 354/657/390
f 361/682/399 363/697/399 368/665/399
f 362/659/1835 364/661/1835 366/663/1835
f 365/683/401 370/667/401 372/669/401
f 369/666/402 368/665/402 372/669/402
f 367/685/403 369/701/403 380/677/403
f 382/679/404 384/681/404 371/686/404
f 381/678/405 380/677/405 384/681/405
f 379/688/406 381/702/406 374/671/406
f 382/689/407 376/673/407 378/675/407
f 375/672/408 374/671/408 378/675/408
f 361/658/409 373/3086/409 375/691/409
f 365/662/1836 364/661/1836 377/692/1836
f 379/694/411 373/3087/411 361/695/411
f 366/684/412 372/669/412 368/665/412
f 377/692/413 364/661/413 362/659/413
f 370/698/414 365/3088/414 376/699/414
f 371/686/415 384/681/415 380/677/415
f 383/690/416 378/675/416 374/671/416
f 385/727/425 387/742/425 392/710/425
f 388/706/1837 390/708/1837 387/705/1837
f 394/712/427 396/714/427 390/728/427
f 393/711/428 392/710/428 396/714/428
f 403/721/429 391/3089/429 393/730/429
f 394/731/430 406/724/430 408/726/430
f 405/723/1838 404/722/1838 408/726/1838
f 403/733/432 405/747/432 398/716/432
f 400/718/433 402/720/433 407/734/433
f 399/717/434 398/716/434 402/720/434
f 397/736/435 399/743/435 386/704/435
f 389/707/436 388/706/436 401/737/436
f 403/739/437 397/3090/437 385/740/437
f 390/728/438 396/714/438 392/710/438
f 401/737/439 388/706/439 386/704/439
f 394/744/440 389/3091/440 400/745/440
f 395/732/441 408/726/441 404/722/441
f 405/747/442 407/734/442 402/720/442
f 415/772/451 409/748/451 411/750/451
f 412/751/452 414/753/452 411/750/452
f 418/774/1839 420/787/1839 414/753/1839
f 417/756/454 416/755/454 420/759/454
f 415/754/455 417/756/455 428/775/455
f 430/777/456 432/791/456 419/758/456
f 429/768/457 428/767/457 432/771/457
f 427/766/458 429/768/458 422/778/458
f 424/780/459 426/3092/459 431/770/459
f 423/762/460 422/761/460 426/765/460
f 421/760/461 423/762/461 410/781/461
f 413/783/462 412/3093/462 425/764/462
f 415/784/463 427/3094/463 421/785/463
f 411/750/464 414/753/464 420/787/464
f 425/764/465 412/3093/465 410/781/465
f 418/788/466 413/3095/466 424/789/466
f 417/756/467 419/758/467 432/791/467
f 431/770/468 426/3092/468 422/778/468
f 433/792/477 435/794/477 440/816/477
f 436/795/478 438/797/478 435/794/478
f 442/818/479 444/3096/479 438/797/479
f 441/800/480 440/799/480 444/803/480
f 439/798/481 441/800/481 452/819/481
f 454/821/482 456/3097/482 443/802/482
f 453/812/483 452/811/483 456/815/483
f 451/810/484 453/812/484 446/822/484
f 454/813/485 448/3098/485 450/824/485
f 447/806/486 446/805/486 450/809/486
f 433/825/487 445/804/487 447/806/487
f 437/827/488 436/3099/488 449/808/488
f 439/828/489 451/3100/489 445/829/489
f 438/797/490 444/3096/490 440/816/490
f 449/808/491 436/3099/491 434/826/491
f 442/831/492 437/3101/492 448/832/492
f 443/802/493 456/3097/493 452/819/493
f 455/814/494 450/824/494 446/822/494
f 589/978/604 591/980/604 596/985/604
f 592/1002/605 594/3114/605 591/1003/605
f 598/987/606 600/989/606 594/983/606
f 597/1005/1846 596/1015/1846 600/1006/1846
f 595/984/608 597/986/608 608/997/608
f 610/999/609 612/1001/609 599/988/609
f 609/1008/610 608/1019/610 612/1009/610
f 607/996/611 609/998/611 602/991/611
f 610/999/612 604/993/612 606/995/612
f 603/1011/613 602/1022/613 606/1012/613
f 601/990/1847 603/992/1847 590/979/1847
f 593/982/615 592/981/615 605/994/615
f 607/996/616 601/990/616 589/978/616
f 594/1014/617 600/1006/617 596/1015/617
f 603/1017/618 605/3115/618 592/1002/618
f 598/987/619 593/982/619 604/993/619
f 599/1018/620 612/1009/620 608/1019/620
f 609/1021/621 611/3116/621 606/1012/621
f 805/1408/1894 807/1423/1894 812/1391/1894
f 806/1385/839 808/1387/839 810/1389/839
f 814/1393/840 816/1395/840 810/1409/840
f 813/1392/841 812/1391/841 816/1395/841
f 823/1402/842 811/3150/842 813/1411/842
f 814/1412/843 826/1405/843 828/1407/843
f 825/1404/844 824/1403/844 828/1407/844
f 823/1414/845 825/1428/845 818/1397/845
f 826/1415/1895 820/1399/1895 822/1401/1895
f 821/1400/1896 819/1398/1896 818/1397/1896
f 817/1417/848 819/1424/848 806/1385/848
f 809/1388/849 808/1387/849 821/1418/849
f 811/1420/850 823/3151/850 817/1421/850
f 807/1423/851 810/1409/851 816/1395/851
f 821/1418/852 808/1387/852 806/1385/852
f 814/1425/853 809/3152/853 820/1426/853
f 815/1413/854 828/1407/854 824/1403/854
f 827/1416/855 822/1401/855 818/1397/855
f 829/1453/864 831/1468/864 836/1436/864
f 832/1432/865 834/1434/865 831/1431/865
f 838/1438/866 840/1440/866 834/1454/866
f 837/1437/1897 836/1436/1897 840/1440/1897
f 835/1456/868 837/1472/868 848/1448/868
f 838/1457/869 850/1450/869 852/1452/869
f 851/1451/870 849/1449/870 848/1448/870
f 847/1459/871 849/1473/871 842/1442/871
f 844/1444/1898 846/1446/1898 851/1460/1898
f 843/1443/1899 842/1442/1899 846/1446/1899
f 829/1429/874 841/3153/874 843/1462/874
f 833/1433/875 832/1432/875 845/1463/875
f 835/1465/876 847/3154/876 841/1466/876
f 834/1454/877 840/1440/877 836/1436/877
f 845/1463/878 832/1432/878 830/1430/878
f 838/1469/879 833/3155/879 844/1470/879
f 839/1458/880 852/1452/880 848/1448/880
f 851/1460/881 846/1446/881 842/1442/881
f 853/1474/890 855/1476/890 860/1498/890
f 856/1477/1900 858/1479/1900 855/1476/1900
f 857/1478/892 862/3156/892 864/1500/892
f 861/1482/1901 860/1481/1901 864/1485/1901
f 859/1480/894 861/1482/894 872/1501/894
f 874/1503/895 876/3157/895 863/1484/895
f 873/1494/896 872/1493/896 876/1497/896
f 871/1492/1902 873/1494/1902 866/1504/1902
f 874/1495/1903 868/3158/1903 870/1506/1903
f 867/1488/1904 866/1487/1904 870/1491/1904
f 865/1486/900 867/1488/900 854/1507/900
f 857/1509/901 856/3159/901 869/1490/901
f 859/1510/902 871/3160/902 865/1511/902
f 858/1479/903 864/1500/903 860/1498/903
f 869/1490/904 856/3159/904 854/1507/904
f 862/1513/905 857/3161/905 868/1514/905
f 863/1484/906 876/3157/906 872/1501/906
f 875/1496/907 870/1506/907 866/1504/907
f 883/1540/916 877/1516/916 879/1518/916
f 880/1519/1905 882/1521/1905 879/1518/1905
f 886/1542/918 888/3162/918 882/1521/918
f 885/1524/919 884/1523/919 888/1527/919
f 895/1543/920 883/1522/920 885/1524/920
f 886/1525/921 898/3163/921 900/1545/921
f 899/1538/922 897/1536/922 896/1535/922
f 895/1534/923 897/1536/923 890/1546/923
f 892/1548/924 894/3164/924 899/1538/924
f 891/1530/925 890/1529/925 894/1533/925
f 877/1549/926 889/1528/926 891/1530/926
f 881/1551/927 880/1555/927 893/1532/927
f 895/1552/928 889/3165/928 877/1553/928
f 882/1521/929 888/3162/929 884/1541/929
f 891/1530/930 893/1532/930 880/1555/930
f 886/1556/931 881/3166/931 892/1557/931
f 887/1526/932 900/1545/932 896/1544/932
f 899/1538/933 894/3164/933 890/1546/933
f 901/1583/942 903/1598/942 908/1566/942
f 904/1562/943 906/1564/943 903/1561/943
f 910/1568/944 912/1570/944 906/1584/944
f 911/1569/945 909/1567/945 908/1566/945
f 907/1586/946 909/1603/946 920/1578/946
f 922/1580/947 924/1582/947 911/1587/947
f 923/1581/948 921/1579/948 920/1578/948
f 919/1589/949 921/1604/949 914/1572/949
f 916/1574/950 918/1576/950 923/1590/950
f 915/1573/951 914/1572/951 918/1576/951
f 913/1592/952 915/1599/952 902/1560/952
f 916/1593/953 905/1563/953 904/1562/953
f 919/1595/954 913/3167/954 901/1596/954
f 903/1598/955 906/1584/955 912/1570/955
f 917/1594/956 904/1562/956 902/1560/956
f 910/1600/957 905/3168/957 916/1601/957
f 911/1587/958 924/1582/958 920/1578/958
f 921/1604/959 923/1590/959 918/1576/959
f 931/1611/968 925/3169/968 927/1629/968
f 928/1608/969 930/1610/969 927/1607/969
f 929/1630/970 934/1614/970 936/1616/970
f 935/1615/971 933/1613/971 932/1612/971
f 931/1632/972 933/1648/972 944/1624/972
f 946/1626/973 948/1628/973 935/1633/973
f 945/1625/1906 944/1624/1906 948/1628/1906
f 943/1635/975 945/1649/975 938/1618/975
f 940/1620/976 942/1622/976 947/1636/976
f 939/1619/977 938/1618/977 942/1622/977
f 937/1638/978 939/1644/978 926/1606/978
f 929/1609/979 928/1608/979 941/1639/979
f 943/1641/980 937/3170/980 925/1642/980
f 930/1631/981 936/1616/981 932/1612/981
f 941/1639/982 928/1608/982 926/1606/982
f 934/1645/983 929/3171/983 940/1646/983
f 935/1633/984 948/1628/984 944/1624/984
f 945/1649/985 947/1636/985 942/1622/985
f 955/1674/994 949/1650/994 951/1652/994
f 952/1653/995 954/1655/995 951/1652/995
f 958/1676/996 960/3172/996 954/1655/996
f 959/1660/1907 957/1658/1907 956/1657/1907
f 955/1656/998 957/1658/998 968/1677/998
f 970/1679/999 972/3173/999 959/1660/999
f 969/1670/1000 968/1669/1000 972/1673/1000
f 961/1680/1001 967/1668/1001 969/1670/1001
f 970/1671/1002 964/3174/1002 966/1682/1002
f 963/1664/1908 962/1663/1908 966/1667/1908
f 961/1662/1004 963/1664/1004 950/1683/1004
f 953/1685/1909 952/3175/1909 965/1666/1909
f 967/1686/1006 961/3176/1006 949/1687/1006
f 954/1655/1007 960/3172/1007 956/1675/1007
f 965/1666/1008 952/3175/1008 950/1683/1008
f 958/1689/1009 953/3177/1009 964/1690/1009
f 959/1660/1010 972/3173/1010 968/1677/1010
f 971/1672/1011 966/1682/1011 962/1681/1011
f 973/1692/1020 975/1694/1020 980/1716/1020
f 976/1695/1910 978/1697/1910 975/1694/1910
f 982/1718/1022 984/3178/1022 978/1697/1022
f 981/1700/1023 980/1699/1023 984/1703/1023
f 979/1698/1024 981/1700/1024 992/1719/1024
f 994/1721/1025 996/3179/1025 983/1702/1025
f 993/1712/1026 992/1711/1026 996/1715/1026
f 991/1710/1027 993/1712/1027 986/1722/1027
f 988/1724/1028 990/3180/1028 995/1714/1028
f 989/1708/1029 987/1706/1029 986/1705/1029
f 985/1704/1030 987/1706/1030 974/1725/1030
f 977/1727/1911 976/1731/1911 989/1708/1911
f 991/1728/1032 985/3181/1032 973/1729/1032
f 978/1697/1033 984/3178/1033 980/1716/1033
f 987/1706/1034 989/1708/1034 976/1731/1034
f 982/1732/1035 977/3182/1035 988/1733/1035
f 983/1702/1036 996/3179/1036 992/1719/1036
f 995/1714/1037 990/3180/1037 986/1722/1037
f 997/1759/1046 999/1774/1046 1004/1742/1046
f 1000/1738/1047 1002/1740/1047 999/1737/1047
f 1006/1744/1048 1008/1746/1048 1002/1760/1048
f 1005/1743/1912 1004/1742/1912 1008/1746/1912
f 1015/1753/1050 1003/3183/1050 1005/1762/1050
f 1018/1756/1051 1020/1758/1051 1007/1763/1051
f 1017/1755/1052 1016/1754/1052 1020/1758/1052
f 1015/1765/1053 1017/1779/1053 1010/1748/1053
f 1012/1750/1054 1014/1752/1054 1019/1766/1054
f 1011/1749/1055 1010/1748/1055 1014/1752/1055
f 1009/1768/1056 1011/1775/1056 998/1736/1056
f 1001/1739/1057 1000/1738/1057 1013/1769/1057
f 1015/1771/1058 1009/3184/1058 997/1772/1058
f 1002/1760/1059 1008/1746/1059 1004/1742/1059
f 1013/1769/1060 1000/1738/1060 998/1736/1060
f 1006/1776/1061 1001/3185/1061 1012/1777/1061
f 1005/1762/1062 1007/1763/1062 1020/1758/1062
f 1019/1766/1063 1014/1752/1063 1010/1748/1063
f 1027/1786/1072 1021/3186/1072 1023/1804/1072
f 1024/1783/1073 1026/1785/1073 1023/1782/1073
f 1025/1805/1074 1030/1789/1074 1032/1791/1074
f 1029/1788/1075 1028/1787/1075 1032/1791/1075
f 1027/1807/1076 1029/1823/1076 1040/1799/1076
f 1042/1801/1077 1044/1803/1077 1031/1808/1077
f 1041/1800/1078 1040/1799/1078 1044/1803/1078
f 1033/1792/1079 1039/3187/1079 1041/1810/1079
f 1036/1795/1080 1038/1797/1080 1043/1811/1080
f 1037/1796/1081 1035/1794/1081 1034/1793/1081
f 1033/1813/1082 1035/1819/1082 1022/1781/1082
f 1036/1814/1083 1025/1784/1083 1024/1783/1083
f 1039/1816/1084 1033/3188/1084 1021/1817/1084
f 1023/1804/1085 1026/1806/1085 1032/1791/1085
f 1037/1815/1086 1024/1783/1086 1022/1781/1086
f 1030/1820/1087 1025/3189/1087 1036/1821/1087
f 1031/1808/1088 1044/1803/1088 1040/1799/1088
f 1043/1811/1089 1038/1797/1089 1034/1793/1089
f 1045/1848/1098 1047/1863/1098 1052/1831/1098
f 1048/1827/1099 1050/1829/1099 1047/1826/1099
f 1054/1833/1100 1056/1835/1100 1050/1849/1100
f 1053/1832/1101 1052/1831/1101 1056/1835/1101
f 1051/1851/1102 1053/1868/1102 1064/1843/1102
f 1066/1845/1913 1068/1847/1913 1055/1852/1913
f 1065/1844/1104 1064/1843/1104 1068/1847/1104
f 1057/1836/1105 1063/3190/1105 1065/1854/1105
f 1060/1839/1106 1062/1841/1106 1067/1855/1106
f 1059/1838/1107 1058/1837/1107 1062/1841/1107
f 1057/1857/1108 1059/1864/1108 1046/1825/1108
f 1049/1828/1914 1048/1827/1914 1061/1858/1914
f 1063/1860/1110 1057/3191/1110 1045/1861/1110
f 1050/1849/1111 1056/1835/1111 1052/1831/1111
f 1061/1858/1112 1048/1827/1112 1046/1825/1112
f 1054/1865/1113 1049/3192/1113 1060/1866/1113
f 1055/1852/1114 1068/1847/1114 1064/1843/1114
f 1067/1855/1115 1062/1841/1115 1058/1837/1115
f 1069/1869/1124 1071/1871/1124 1076/1893/1124
f 1070/1870/1125 1072/1872/1125 1074/1874/1125
f 1078/1895/1126 1080/3193/1126 1074/1874/1126
f 1077/1877/1127 1076/1876/1127 1080/1880/1127
f 1075/1875/1128 1077/1877/1128 1088/1896/1128
f 1090/1898/1129 1092/3194/1129 1079/1879/1129
f 1089/1889/1915 1088/1888/1915 1092/1892/1915
f 1087/1887/1131 1089/1889/1131 1082/1899/1131
f 1084/1901/1132 1086/3195/1132 1091/1891/1132
f 1083/1883/1133 1082/1882/1133 1086/1886/1133
f 1069/1902/1134 1081/1881/1134 1083/1883/1134
f 1073/1904/1135 1072/1908/1135 1085/1885/1135
f 1075/1905/1136 1087/3196/1136 1081/1906/1136
f 1074/1874/1137 1080/3193/1137 1076/1893/1137
f 1083/1883/1138 1085/1885/1138 1072/1908/1138
f 1078/1909/1139 1073/3197/1139 1084/1910/1139
f 1079/1879/1140 1092/3194/1140 1088/1896/1140
f 1091/1891/1141 1086/3195/1141 1082/1899/1141
f 1093/1912/1150 1095/1914/1150 1100/1936/1150
f 1096/1915/1151 1098/1917/1151 1095/1914/1151
f 1102/1938/1152 1104/1951/1152 1098/1917/1152
f 1101/1920/1153 1100/1919/1153 1104/1923/1153
f 1099/1918/1154 1101/1920/1154 1112/1939/1154
f 1114/1941/1155 1116/3198/1155 1103/1922/1155
f 1113/1932/1156 1112/1931/1156 1116/1935/1156
f 1105/1942/1157 1111/1930/1157 1113/1932/1157
f 1114/1933/1158 1108/3199/1158 1110/1944/1158
f 1109/1928/1159 1107/1926/1159 1106/1925/1159
f 1105/1924/1160 1107/1926/1160 1094/1945/1160
f 1108/1927/1161 1097/3200/1161 1096/1947/1161
f 1099/1948/1162 1111/3201/1162 1105/1949/1162
f 1095/1914/1163 1098/1917/1163 1104/1951/1163
f 1107/1926/1164 1109/1928/1164 1096/1947/1164
f 1102/1952/1165 1097/3202/1165 1108/1953/1165
f 1103/1922/1166 1116/3198/1166 1112/1939/1166
f 1115/1934/1167 1110/1944/1167 1106/1943/1167
f 1117/1979/1176 1119/1994/1176 1124/1962/1176
f 1120/1958/1177 1122/1960/1177 1119/1957/1177
f 1121/1980/1916 1126/1964/1916 1128/1966/1916
f 1125/1963/1179 1124/1962/1179 1128/1966/1179
f 1123/1982/1180 1125/1999/1180 1136/1974/1180
f 1138/1976/1181 1140/1978/1181 1127/1983/1181
f 1139/1977/1182 1137/1975/1182 1136/1974/1182
f 1129/1967/1183 1135/3203/1183 1137/1985/1183
f 1132/1970/1184 1134/1972/1184 1139/1986/1184
f 1131/1969/1185 1130/1968/1185 1134/1972/1185
f 1129/1988/1186 1131/1995/1186 1118/1956/1186
f 1132/1989/1187 1121/1959/1187 1120/1958/1187
f 1135/1991/1188 1129/3204/1188 1117/1992/1188
f 1119/1994/1189 1122/1981/1189 1128/1966/1189
f 1133/1990/1190 1120/1958/1190 1118/1956/1190
f 1138/1996/1191 1126/3205/1191 1121/1997/1191
f 1127/1983/1192 1140/1978/1192 1136/1974/1192
f 1139/1986/1193 1134/1972/1193 1130/1968/1193
f 1147/2006/1202 1141/3206/1202 1143/2024/1202
f 1144/2003/1917 1146/2005/1917 1143/2002/1917
f 1150/2009/1204 1152/2011/1204 1146/2025/1204
f 1149/2008/1205 1148/2007/1205 1152/2011/1205
f 1147/2027/1206 1149/2042/1206 1160/2019/1206
f 1162/2021/1918 1164/2023/1918 1151/2028/1918
f 1161/2020/1208 1160/2019/1208 1164/2023/1208
f 1153/2012/1209 1159/3207/1209 1161/2030/1209
f 1162/2031/1210 1156/2015/1210 1158/2017/1210
f 1157/2016/1211 1155/2014/1211 1154/2013/1211
f 1141/2000/1919 1153/3208/1919 1155/2033/1919
f 1145/2004/1213 1144/2003/1213 1157/2034/1213
f 1147/2036/1214 1159/3209/1214 1153/2037/1214
f 1146/2025/1215 1152/2011/1215 1148/2007/1215
f 1157/2034/1216 1144/2003/1216 1142/2001/1216
f 1150/2039/1217 1145/3210/1217 1156/2040/1217
f 1149/2042/1218 1151/2028/1218 1164/2023/1218
f 1163/2032/1219 1158/2017/1219 1154/2013/1219
f 1165/2043/1228 1167/2045/1228 1172/2067/1228
f 1166/2044/1920 1168/2046/1920 1170/2048/1920
f 1174/2069/1230 1176/3211/1230 1170/2048/1230
f 1173/2051/1231 1172/2050/1231 1176/2054/1231
f 1171/2049/1232 1173/2051/1232 1184/2070/1232
f 1174/2052/1233 1186/3212/1233 1188/2072/1233
f 1187/2065/1234 1185/2063/1234 1184/2062/1234
f 1177/2073/1235 1183/2061/1235 1185/2063/1235
f 1180/2075/1236 1182/3213/1236 1187/2065/1236
f 1179/2057/1237 1178/2056/1237 1182/2060/1237
f 1177/2055/1238 1179/2057/1238 1166/2076/1238
f 1180/2058/1239 1169/3214/1239 1168/2078/1239
f 1183/2079/1240 1177/3215/1240 1165/2080/1240
f 1170/2048/1921 1176/3211/1921 1172/2067/1921
f 1181/2059/1242 1168/2078/1242 1166/2076/1242
f 1174/2082/1243 1169/3216/1243 1180/2083/1243
f 1173/2051/1244 1175/2053/1244 1188/2072/1244
f 1187/2065/1245 1182/3213/1245 1178/2074/1245
f 1189/2085/1254 1191/2087/1254 1196/2109/1254
f 1190/2086/1255 1192/2088/1255 1194/2090/1255
f 1198/2111/1922 1200/3217/1922 1194/2090/1922
f 1197/2093/1257 1196/2092/1257 1200/2096/1257
f 1195/2091/1258 1197/2093/1258 1208/2112/1258
f 1210/2114/1259 1212/3218/1259 1199/2095/1259
f 1211/2107/1260 1209/2105/1260 1208/2104/1260
f 1201/2115/1923 1207/2103/1923 1209/2105/1923
f 1204/2117/1262 1206/3219/1262 1211/2107/1262
f 1203/2099/1924 1202/2098/1924 1206/2102/1924
f 1201/2097/1264 1203/2099/1264 1190/2118/1264
f 1193/2120/1265 1192/3220/1265 1205/2101/1265
f 1207/2121/1266 1201/3221/1266 1189/2122/1266
f 1194/2090/1267 1200/3217/1267 1196/2109/1267
f 1205/2101/1268 1192/3220/1268 1190/2118/1268
f 1198/2124/1269 1193/3222/1269 1204/2125/1269
f 1199/2095/1270 1212/3218/1270 1208/2112/1270
f 1211/2107/1271 1206/3219/1271 1202/2116/1271
f 1213/2151/1280 1215/2166/1280 1220/2134/1280
f 1216/2130/1925 1218/2132/1925 1215/2129/1925
f 1222/2136/1282 1224/2138/1282 1218/2152/1282
f 1223/2137/1283 1221/2135/1283 1220/2134/1283
f 1219/2154/1284 1221/2171/1284 1232/2146/1284
f 1234/2148/1285 1236/2150/1285 1223/2155/1285
f 1233/2147/1926 1232/2146/1926 1236/2150/1926
f 1231/2157/1287 1233/2172/1287 1226/2140/1287
f 1228/2142/1288 1230/2144/1288 1235/2158/1288
f 1229/2143/1289 1227/2141/1289 1226/2140/1289
f 1225/2160/1290 1227/2167/1290 1214/2128/1290
f 1228/2161/1291 1217/2131/1291 1216/2130/1291
f 1231/2163/1292 1225/3223/1292 1213/2164/1292
f 1218/2152/1293 1224/2138/1293 1220/2134/1293
f 1229/2162/1294 1216/2130/1294 1214/2128/1294
f 1234/2168/1295 1222/3224/1295 1217/2169/1295
f 1223/2155/1296 1236/2150/1296 1232/2146/1296
f 1235/2158/1297 1230/2144/1297 1226/2140/1297
f 1369/2317/1405 1371/2319/1405 1376/2324/1405
f 1372/2341/1406 1374/2353/1406 1371/2342/1406
f 1378/2326/1407 1380/2328/1407 1374/2322/1407
f 1377/2344/1930 1376/3237/1930 1380/2345/1930
f 1387/2335/1931 1375/2323/1931 1377/2325/1931
f 1378/2326/1410 1390/2338/1410 1392/2340/1410
f 1389/2347/1411 1388/3238/1411 1392/2348/1411
f 1387/2335/1412 1389/2337/1412 1382/2330/1412
f 1384/2332/1413 1386/2334/1413 1391/2339/1413
f 1385/2350/1414 1383/2356/1414 1382/2351/1414
f 1381/2329/1415 1383/2331/1415 1370/2318/1415
f 1373/2321/1416 1372/2320/1416 1385/2333/1416
f 1387/2335/1417 1381/2329/1417 1369/2317/1417
f 1374/2353/1418 1380/3239/1418 1376/2354/1418
f 1385/2350/1419 1372/3240/1419 1370/2355/1419
f 1378/2326/1420 1373/2321/1420 1384/2332/1420
f 1379/2346/1421 1392/3241/1421 1388/2357/1421
f 1391/2349/1422 1386/3242/1422 1382/2358/1422
f 1591/2724/1639 1585/2718/1639 1587/2720/1639
f 1588/2742/1640 1590/3282/1640 1587/2743/1640
f 1594/2727/1641 1596/2729/1641 1590/2723/1641
f 1593/2745/1642 1592/3283/1642 1596/2746/1642
f 1591/2724/1643 1593/2726/1643 1604/2737/1643
f 1606/2739/1644 1608/2741/1644 1595/2728/1644
f 1605/2748/1645 1604/2757/1645 1608/2749/1645
f 1603/2736/1646 1605/2738/1646 1598/2731/1646
f 1600/2733/1647 1602/2735/1647 1607/2740/1647
f 1599/2751/1648 1598/3284/1648 1602/2752/1648
f 1585/2718/1649 1597/2730/1649 1599/2732/1649
f 1600/2733/1650 1589/2722/1650 1588/2721/1650
f 1591/2724/1651 1603/2736/1651 1597/2730/1651
f 1590/2754/1652 1596/3285/1652 1592/2755/1652
f 1601/2753/1653 1588/2742/1653 1586/2744/1653
f 1594/2727/1654 1589/2722/1654 1600/2733/1654
f 1595/2747/1655 1608/2749/1655 1604/2757/1655
f 1607/2758/1656 1602/3286/1656 1598/2759/1656
f 1609/2761/1665 1611/2763/1665 1616/2785/1665
f 1612/2764/1666 1614/2766/1666 1611/2787/1666
f 1618/2770/1667 1620/2772/1667 1614/2789/1667
f 1617/2769/1668 1616/2768/1668 1620/2791/1668
f 1627/2779/1669 1615/2767/1669 1617/2769/1669
f 1618/2770/1670 1630/2782/1670 1632/2784/1670
f 1629/2781/1671 1628/2780/1671 1632/2793/1671
f 1627/2795/1672 1629/3287/1672 1622/2774/1672
f 1624/2796/1673 1626/3288/1673 1631/2783/1673
f 1625/2777/1674 1623/2801/1674 1622/2797/1674
f 1609/2761/1675 1621/2773/1675 1623/2775/1675
f 1613/2765/1676 1612/2764/1676 1625/2777/1676
f 1627/2795/1677 1621/2773/1677 1609/2761/1677
f 1614/2798/1678 1620/3289/1678 1616/2799/1678
f 1625/2777/1679 1612/2764/1679 1610/2788/1679
f 1618/2770/1680 1613/2790/1680 1624/2796/1680
f 1619/2792/1681 1632/2793/1681 1628/2780/1681
f 1629/2802/1682 1631/3290/1682 1626/2803/1682
f 1639/2829/1691 1633/2805/1691 1635/2807/1691
f 1634/2831/1692 1636/2808/1692 1638/2810/1692
f 1642/2814/1693 1644/2816/1693 1638/2833/1693
f 1643/2835/1694 1641/2813/1694 1640/2812/1694
f 1639/2811/1695 1641/2813/1695 1652/2824/1695
f 1642/2814/1696 1654/2826/1696 1656/2828/1696
f 1653/2825/1697 1652/2824/1697 1656/2837/1697
f 1645/2817/1698 1651/3291/1698 1653/2839/1698
f 1648/2840/1699 1650/3292/1699 1655/2827/1699
f 1647/2841/1700 1646/3293/1700 1650/2822/1700
f 1633/2805/1701 1645/2817/1701 1647/2819/1701
f 1648/2820/1702 1637/2809/1702 1636/2808/1702
f 1639/2829/1703 1651/3291/1703 1645/2817/1703
f 1638/2842/1704 1644/3294/1704 1640/2843/1704
f 1649/2821/1705 1636/2808/1705 1634/2831/1705
f 1654/2826/1706 1642/2814/1706 1637/2834/1706
f 1643/2835/1707 1656/2837/1707 1652/2824/1707
f 1655/2845/1708 1650/3295/1708 1646/2846/1708
f 1657/2848/1717 1659/2850/1717 1664/2855/1717
f 1658/2872/1718 1660/3296/1718 1662/2873/1718
f 1666/2857/1978 1668/2859/1978 1662/2853/1978
f 1665/2875/1720 1664/2884/1720 1668/2876/1720
f 1663/2854/1721 1665/2856/1721 1676/2867/1721
f 1678/2869/1722 1680/2871/1722 1667/2858/1722
f 1677/2878/1723 1676/3297/1723 1680/2879/1723
f 1669/2860/1979 1675/2866/1979 1677/2868/1979
f 1678/2869/1725 1672/2863/1725 1674/2865/1725
f 1671/2881/1726 1670/2891/1726 1674/2882/1726
f 1669/2860/1727 1671/2862/1727 1658/2849/1727
f 1672/2863/1728 1661/2852/1728 1660/2851/1728
f 1675/2866/1729 1669/2860/1729 1657/2848/1729
f 1662/2873/1730 1668/2876/1730 1664/2884/1730
f 1673/2885/1731 1660/3298/1731 1658/2886/1731
f 1666/2857/1732 1661/2852/1732 1672/2863/1732
f 1667/2888/1733 1680/3299/1733 1676/2889/1733
f 1679/2880/1734 1674/2882/1734 1670/2891/1734
f 1711/2941/1769 1705/2935/1769 1707/2937/1769
f 1708/2959/1770 1710/2971/1770 1707/2960/1770
f 1714/2944/1771 1716/2946/1771 1710/2940/1771
f 1713/2962/1772 1712/2972/1772 1716/2963/1772
f 1711/2941/1773 1713/2943/1773 1724/2954/1773
f 1726/2956/1774 1728/2958/1774 1715/2945/1774
f 1725/2965/1775 1724/3305/1775 1728/2966/1775
f 1723/2953/1776 1725/2955/1776 1718/2948/1776
f 1720/2950/1777 1722/2952/1777 1727/2957/1777
f 1721/2968/1778 1719/3306/1778 1718/2969/1778
f 1705/2935/1779 1717/2947/1779 1719/2949/1779
f 1720/2950/1780 1709/2939/1780 1708/2938/1780
f 1723/2953/1781 1717/2947/1781 1705/2935/1781
f 1710/2971/1782 1716/2963/1782 1712/2972/1782
f 1721/2973/1783 1708/3307/1783 1706/2974/1783
f 1714/2944/1784 1709/2939/1784 1720/2950/1784
f 1713/2976/1785 1715/3308/1785 1728/2977/1785
f 1727/2967/1786 1722/2970/1786 1718/2969/1786
usemtl iron
f 462/834/495 457/835/495 458/836/495
f 460/836/496 463/837/496 464/834/496
f 466/838/497 461/837/497 462/834/497
f 468/838/498 463/837/498 467/839/498
f 470/840/499 465/839/499 466/838/499
f 468/838/500 471/841/500 472/840/500
f 474/842/501 469/841/501 470/840/501
f 472/840/502 475/843/502 476/842/502
f 474/842/503 477/844/503 473/843/503
f 476/842/504 479/844/504 480/845/504
f 482/846/505 477/844/505 478/845/505
f 484/846/506 479/844/506 483/847/506
f 486/848/507 481/847/507 482/846/507
f 488/848/508 483/847/508 487/849/508
f 490/850/509 485/849/509 486/848/509
f 492/850/510 487/849/510 491/851/510
f 490/850/511 493/852/511 489/851/511
f 492/850/512 495/852/512 496/853/512
f 498/854/513 493/852/513 494/853/513
f 496/853/514 499/855/514 500/854/514
f 458/836/515 497/855/515 498/854/515
f 500/854/516 459/835/516 460/836/516
f 461/837/517 477/844/517 493/852/517
f 460/856/518 462/857/518 458/858/518
f 500/859/519 458/858/519 498/860/519
f 459/835/520 487/849/520 471/841/520
f 464/861/521 466/862/521 462/863/521
f 468/864/522 470/865/522 466/862/522
f 472/866/523 474/867/523 470/865/523
f 476/868/524 478/869/524 474/870/524
f 480/871/525 482/872/525 478/869/525
f 484/873/526 486/874/526 482/872/526
f 488/875/527 490/876/527 486/877/527
f 492/878/528 494/879/528 490/876/528
f 496/880/529 498/881/529 494/879/529
f 502/882/530 505/883/530 501/884/530
f 504/882/531 507/883/531 508/885/531
f 506/885/532 509/886/532 505/883/532
f 508/885/533 511/886/533 512/887/533
f 510/887/534 513/888/534 509/886/534
f 512/887/535 515/888/535 516/889/535
f 514/889/536 517/890/536 513/888/536
f 516/889/537 519/890/537 520/891/537
f 518/891/538 521/892/538 517/890/538
f 520/891/539 523/892/539 524/893/539
f 526/894/540 521/892/540 522/893/540
f 524/893/541 527/895/541 528/894/541
f 526/894/542 529/896/542 525/895/542
f 528/894/543 531/896/543 532/897/543
f 534/898/544 529/896/544 530/897/544
f 532/897/545 535/899/545 536/898/545
f 538/900/546 533/899/546 534/898/546
f 536/898/547 539/901/547 540/900/547
f 542/902/548 537/901/548 538/900/548
f 544/902/549 539/901/549 543/903/549
f 502/882/550 541/903/550 542/902/550
f 544/902/551 503/884/551 504/882/551
f 521/892/517 529/896/517 537/901/517
f 504/904/552 506/905/552 502/906/552
f 544/907/553 502/906/553 542/908/553
f 503/884/520 531/896/520 515/888/520
f 508/909/554 510/910/554 506/911/554
f 512/912/555 514/913/555 510/910/555
f 516/914/556 518/915/556 514/913/556
f 520/916/557 522/917/557 518/918/557
f 524/919/558 526/920/558 522/917/558
f 528/921/559 530/922/559 526/920/559
f 532/923/560 534/924/560 530/925/560
f 536/926/561 538/927/561 534/924/561
f 540/928/562 542/929/562 538/927/562
f 546/930/563 549/931/563 545/932/563
f 548/930/564 551/931/564 552/933/564
f 550/933/565 553/934/565 549/931/565
f 552/933/566 555/934/566 556/935/566
f 558/936/567 553/934/567 554/935/567
f 556/935/568 559/937/568 560/936/568
f 562/938/569 557/937/569 558/936/569
f 560/936/570 563/939/570 564/938/570
f 562/938/571 565/940/571 561/939/571
f 564/938/572 567/940/572 568/941/572
f 570/942/573 565/940/573 566/941/573
f 568/941/574 571/943/574 572/942/574
f 574/944/575 569/943/575 570/942/575
f 576/944/576 571/943/576 575/945/576
f 578/946/577 573/945/577 574/944/577
f 576/944/578 579/947/578 580/946/578
f 582/948/579 577/947/579 578/946/579
f 580/946/580 583/949/580 584/948/580
f 586/950/581 581/949/581 582/948/581
f 588/950/582 583/949/582 587/951/582
f 546/930/583 585/951/583 586/950/583
f 548/930/584 587/951/584 547/932/584
f 549/931/517 565/940/517 581/949/517
f 548/952/585 550/953/585 546/954/585
f 588/955/586 546/954/586 586/956/586
f 547/932/520 575/945/520 559/937/520
f 552/957/587 554/958/587 550/959/587
f 556/960/588 558/961/588 554/958/588
f 560/962/589 562/963/589 558/961/589
f 564/964/590 566/965/590 562/966/590
f 568/967/591 570/968/591 566/965/591
f 572/969/592 574/970/592 570/968/592
f 576/971/593 578/972/593 574/973/593
f 580/974/594 582/975/594 578/972/594
f 584/976/595 586/977/595 582/975/595
f 1238/2173/1298 1241/2174/1298 1237/2175/1298
f 1240/2173/1299 1243/2174/1299 1244/2176/1299
f 1242/2176/1300 1245/2177/1300 1241/2174/1300
f 1244/2176/1301 1247/2177/1301 1248/2178/1301
f 1246/2178/1302 1249/2179/1302 1245/2177/1302
f 1248/2178/1303 1251/2179/1303 1252/2180/1303
f 1250/2180/1304 1253/2181/1304 1249/2179/1304
f 1252/2180/1305 1255/2181/1305 1256/2182/1305
f 1258/2183/1306 1253/2181/1306 1254/2182/1306
f 1256/2182/1307 1259/2184/1307 1260/2183/1307
f 1262/2185/1308 1257/2184/1308 1258/2183/1308
f 1260/2183/1309 1263/2186/1309 1264/2185/1309
f 1266/2187/1310 1261/2186/1310 1262/2185/1310
f 1264/2185/1311 1267/2188/1311 1268/2187/1311
f 1270/2189/1312 1265/2188/1312 1266/2187/1312
f 1268/2187/1313 1271/2190/1313 1272/2189/1313
f 1270/2189/1314 1273/2191/1314 1269/2190/1314
f 1276/2192/1315 1271/2190/1315 1275/2191/1315
f 1278/2193/1316 1273/2191/1316 1274/2192/1316
f 1280/2193/1317 1275/2191/1317 1279/2194/1317
f 1238/2173/1318 1277/2194/1318 1278/2193/1318
f 1240/2173/1319 1279/2194/1319 1239/2175/1319
f 1265/2188/517 1273/2191/517 1241/2174/517
f 1240/2195/1320 1242/2196/1320 1238/2197/1320
f 1280/2198/1321 1238/2197/1321 1278/2199/1321
f 1239/2175/520 1267/2188/520 1251/2179/520
f 1244/2200/1322 1246/2201/1322 1242/2202/1322
f 1248/2203/1323 1250/2204/1323 1246/2201/1323
f 1252/2205/1324 1254/2206/1324 1250/2204/1324
f 1256/2207/1325 1258/2208/1325 1254/2209/1325
f 1260/2210/1326 1262/2211/1326 1258/2208/1326
f 1264/2212/1327 1266/2213/1327 1262/2211/1327
f 1268/2214/1328 1270/2215/1328 1266/2216/1328
f 1272/2217/1329 1274/2218/1329 1270/2215/1329
f 1276/2219/1330 1278/2220/1330 1274/2218/1330
f 1286/2221/1331 1281/2222/1331 1282/2223/1331
f 1288/2221/1332 1283/2222/1332 1287/2224/1332
f 1286/2221/1333 1289/2225/1333 1285/2224/1333
f 1288/2221/1334 1291/2225/1334 1292/2226/1334
f 1294/2227/1335 1289/2225/1335 1290/2226/1335
f 1296/2227/1336 1291/2225/1336 1295/2228/1336
f 1294/2227/1337 1297/2229/1337 1293/2228/1337
f 1296/2227/1338 1299/2229/1338 1300/2230/1338
f 1298/2230/1339 1301/2231/1339 1297/2229/1339
f 1300/2230/1340 1303/2231/1340 1304/2232/1340
f 1306/2233/1341 1301/2231/1341 1302/2232/1341
f 1304/2232/1342 1307/2234/1342 1308/2233/1342
f 1310/2235/1343 1305/2234/1343 1306/2233/1343
f 1308/2233/1344 1311/2236/1344 1312/2235/1344
f 1314/2237/1345 1309/2236/1345 1310/2235/1345
f 1316/2237/1346 1311/2236/1346 1315/2238/1346
f 1318/2239/1347 1313/2238/1347 1314/2237/1347
f 1316/2237/1348 1319/2240/1348 1320/2239/1348
f 1318/2239/1349 1321/2241/1349 1317/2240/1349
f 1324/2242/1350 1319/2240/1350 1323/2241/1350
f 1282/2223/1351 1321/2241/1351 1322/2242/1351
f 1324/2242/1352 1283/2222/1352 1284/2223/1352
f 1285/2224/517 1301/2231/517 1317/2240/517
f 1284/2243/1353 1286/2244/1353 1282/2245/1353
f 1324/2246/1354 1282/2245/1354 1322/2247/1354
f 1283/2222/520 1311/2236/520 1295/2228/520
f 1288/2248/1355 1290/2249/1355 1286/2250/1355
f 1292/2251/1356 1294/2252/1356 1290/2249/1356
f 1296/2253/1357 1298/2254/1357 1294/2252/1357
f 1300/2255/1358 1302/2256/1358 1298/2257/1358
f 1304/2258/1359 1306/2259/1359 1302/2256/1359
f 1308/2260/1360 1310/2261/1360 1306/2259/1360
f 1312/2262/1361 1314/2263/1361 1310/2264/1361
f 1316/2265/1362 1318/2266/1362 1314/2263/1362
f 1320/2267/1363 1322/2268/1363 1318/2266/1363
f 1326/2269/1364 1329/2270/1364 1325/2271/1364
f 1328/2269/1365 1331/2270/1365 1332/2272/1365
f 1334/2273/1366 1329/2270/1366 1330/2272/1366
f 1332/2272/1367 1335/2274/1367 1336/2273/1367
f 1338/2275/1368 1333/2274/1368 1334/2273/1368
f 1336/2273/1369 1339/2276/1369 1340/2275/1369
f 1342/2277/1370 1337/2276/1370 1338/2275/1370
f 1340/2275/1371 1343/2278/1371 1344/2277/1371
f 1342/2277/1372 1345/2279/1372 1341/2278/1372
f 1344/2277/1373 1347/2279/1373 1348/2280/1373
f 1346/2280/1374 1349/2281/1374 1345/2279/1374
f 1348/2280/1375 1351/2281/1375 1352/2282/1375
f 1354/2283/1376 1349/2281/1376 1350/2282/1376
f 1352/2282/1377 1355/2284/1377 1356/2283/1377
f 1358/2285/1378 1353/2284/1378 1354/2283/1378
f 1360/2285/1379 1355/2284/1379 1359/2286/1379
f 1362/2287/1380 1357/2286/1380 1358/2285/1380
f 1360/2285/1381 1363/2288/1381 1364/2287/1381
f 1366/2289/1382 1361/2288/1382 1362/2287/1382
f 1364/2287/1383 1367/2290/1383 1368/2289/1383
f 1366/2289/1384 1325/2271/1384 1365/2290/1384
f 1368/2289/1385 1327/2271/1385 1328/2269/1385
f 1353/2284/517 1361/2288/517 1329/2270/517
f 1328/2291/1386 1330/2292/1386 1326/2293/1386
f 1368/2294/1387 1326/2293/1387 1366/2295/1387
f 1327/2271/520 1355/2284/520 1339/2276/520
f 1332/2296/1388 1334/2297/1388 1330/2298/1388
f 1336/2299/1389 1338/2300/1389 1334/2297/1389
f 1340/2301/1390 1342/2302/1390 1338/2300/1390
f 1344/2303/1391 1346/2304/1391 1342/2305/1391
f 1348/2306/1392 1350/2307/1392 1346/2304/1392
f 1352/2308/1393 1354/2309/1393 1350/2307/1393
f 1356/2310/1394 1358/2311/1394 1354/2312/1394
f 1360/2313/1395 1362/2314/1395 1358/2311/1395
f 1364/2315/1396 1366/2316/1396 1362/2314/1396
f 1681/2892/1735 1682/2893/1735 1683/2894/1735
f 1684/2895/1736 1685/2896/1736 1686/2897/1736
f 1687/2898/1737 1688/2899/1737 1689/2900/1737
f 1690/2901/1738 1691/2902/1738 1692/2903/1738
f 1693/2904/1739 1694/2905/1739 1695/2906/1739
f 1696/2907/1740 1697/2908/1740 1698/2909/1740
f 1699/2910/1741 1700/2911/1741 1701/2912/1741
f 1702/2913/1742 1703/2914/1742 1704/2915/1742
f 1681/2892/1743 1688/2899/1743 1687/2898/1743
f 1682/2916/1744 1686/2917/1744 1683/2918/1744
f 1690/2901/1745 1686/2897/1745 1685/2896/1745
f 1689/2919/1746 1692/2920/1746 1691/2921/1746
f 1687/2898/1747 1700/2911/1747 1699/2910/1747
f 1702/2913/1748 1691/2902/1748 1690/2901/1748
f 1701/2922/1749 1704/2923/1749 1703/2924/1749
f 1699/2910/1750 1694/2905/1750 1693/2904/1750
f 1696/2907/1751 1703/2914/1751 1702/2913/1751
f 1697/2925/1752 1694/2926/1752 1698/2927/1752
f 1681/2892/1753 1695/2906/1753 1682/2893/1753
f 1685/2896/1754 1697/2908/1754 1696/2907/1754
f 1699/2910/1755 1681/2892/1755 1687/2898/1755
f 1686/2917/1756 1688/2928/1756 1683/2918/1756
f 1695/2929/1757 1684/2930/1757 1682/2931/1757
f 1690/2901/1758 1696/2907/1758 1702/2913/1758
f 1691/2932/1759 1700/2933/1759 1689/2934/1759
f 1703/2924/1760 1694/2926/1760 1701/2922/1760
f 1729/2979/1787 1730/2980/1787 1731/2981/1787
f 1732/2982/1788 1733/2983/1788 1734/2984/1788
f 1735/2985/1789 1736/2986/1789 1737/2987/1789
f 1738/2988/1790 1739/2989/1790 1740/2990/1790
f 1741/2991/1791 1742/2992/1791 1743/2993/1791
f 1744/2994/1792 1745/2995/1792 1746/2996/1792
f 1747/2997/1793 1748/2998/1793 1749/2999/1793
f 1750/3000/1794 1751/3001/1794 1752/3002/1794
f 1735/2985/1795 1731/2981/1795 1736/2986/1795
f 1730/3003/1796 1734/3004/1796 1731/3005/1796
f 1738/2988/1797 1734/2984/1797 1733/2983/1797
f 1737/3006/1798 1740/3007/1798 1739/3008/1798
f 1735/2985/1799 1748/2998/1799 1747/2997/1799
f 1750/3000/1800 1739/2989/1800 1738/2988/1800
f 1749/3009/1801 1752/3010/1801 1751/3011/1801
f 1741/2991/1802 1749/2999/1802 1742/2992/1802
f 1744/2994/1803 1751/3001/1803 1750/3000/1803
f 1743/3012/1804 1746/3013/1804 1745/3014/1804
f 1741/2991/1805 1730/2980/1805 1729/2979/1805
f 1733/2983/1806 1745/2995/1806 1744/2994/1806
f 1747/2997/1807 1729/2979/1807 1735/2985/1807
f 1731/3005/1808 1740/3007/1808 1736/3015/1808
f 1743/3016/1809 1732/3017/1809 1730/3018/1809
f 1750/3000/1810 1733/2983/1810 1744/2994/1810
f 1739/3019/1811 1748/3020/1811 1737/3021/1811
f 1751/3011/1812 1742/3022/1812 1749/3009/1812
f 462/834/495 461/837/495 457/835/495
f 460/836/496 459/835/496 463/837/496
f 466/838/497 465/839/497 461/837/497
f 468/838/498 464/834/498 463/837/498
f 470/840/499 469/841/499 465/839/499
f 468/838/500 467/839/500 471/841/500
f 474/842/501 473/843/501 469/841/501
f 472/840/502 471/841/502 475/843/502
f 474/842/1840 478/845/1840 477/844/1840
f 476/842/1841 475/843/1841 479/844/1841
f 482/846/505 481/847/505 477/844/505
f 484/846/506 480/845/506 479/844/506
f 486/848/507 485/849/507 481/847/507
f 488/848/508 484/846/508 483/847/508
f 490/850/509 489/851/509 485/849/509
f 492/850/510 488/848/510 487/849/510
f 490/850/511 494/853/511 493/852/511
f 492/850/512 491/851/512 495/852/512
f 498/854/513 497/855/513 493/852/513
f 496/853/514 495/852/514 499/855/514
f 458/836/515 457/835/515 497/855/515
f 500/854/516 499/855/516 459/835/516
f 497/855/517 457/835/517 461/837/517
f 461/837/517 465/839/517 477/844/517
f 465/839/517 469/841/517 477/844/517
f 469/841/517 473/843/517 477/844/517
f 477/844/517 481/847/517 485/849/517
f 485/849/517 489/851/517 477/844/517
f 489/851/517 493/852/517 477/844/517
f 493/852/517 497/855/517 461/837/517
f 460/856/518 464/3102/518 462/857/518
f 500/859/519 460/856/519 458/858/519
f 467/839/520 463/837/520 459/835/520
f 459/835/520 499/855/520 495/852/520
f 495/852/520 491/851/520 459/835/520
f 491/851/520 487/849/520 459/835/520
f 487/849/520 483/847/520 471/841/520
f 483/847/520 479/844/520 471/841/520
f 479/844/520 475/843/520 471/841/520
f 471/841/520 467/839/520 459/835/520
f 464/861/521 468/864/521 466/862/521
f 468/864/522 472/866/522 470/865/522
f 472/866/523 476/3103/523 474/867/523
f 476/868/524 480/871/524 478/869/524
f 480/871/525 484/873/525 482/872/525
f 484/873/526 488/3104/526 486/874/526
f 488/875/527 492/878/527 490/876/527
f 492/878/528 496/880/528 494/879/528
f 496/880/529 500/3105/529 498/881/529
f 502/882/530 506/885/530 505/883/530
f 504/882/531 503/884/531 507/883/531
f 506/885/532 510/887/532 509/886/532
f 508/885/533 507/883/533 511/886/533
f 510/887/534 514/889/534 513/888/534
f 512/887/535 511/886/535 515/888/535
f 514/889/536 518/891/536 517/890/536
f 516/889/537 515/888/537 519/890/537
f 518/891/538 522/893/538 521/892/538
f 520/891/539 519/890/539 523/892/539
f 526/894/540 525/895/540 521/892/540
f 524/893/541 523/892/541 527/895/541
f 526/894/542 530/897/542 529/896/542
f 528/894/543 527/895/543 531/896/543
f 534/898/544 533/899/544 529/896/544
f 532/897/545 531/896/545 535/899/545
f 538/900/546 537/901/546 533/899/546
f 536/898/547 535/899/547 539/901/547
f 542/902/548 541/903/548 537/901/548
f 544/902/549 540/900/549 539/901/549
f 502/882/550 501/884/550 541/903/550
f 544/902/551 543/903/551 503/884/551
f 541/903/517 501/884/517 505/883/517
f 505/883/517 509/886/517 513/888/517
f 513/888/517 517/890/517 521/892/517
f 521/892/517 525/895/517 529/896/517
f 529/896/517 533/899/517 537/901/517
f 537/901/517 541/903/517 521/892/517
f 541/903/517 505/883/517 521/892/517
f 505/883/517 513/888/517 521/892/517
f 504/904/552 508/3106/552 506/905/552
f 544/907/553 504/904/553 502/906/553
f 511/886/520 507/883/520 503/884/520
f 503/884/520 543/903/520 539/901/520
f 539/901/520 535/899/520 531/896/520
f 531/896/520 527/895/520 523/892/520
f 523/892/520 519/890/520 515/888/520
f 515/888/520 511/886/520 503/884/520
f 503/884/520 539/901/520 531/896/520
f 531/896/520 523/892/520 515/888/520
f 508/909/554 512/912/554 510/910/554
f 512/912/555 516/914/555 514/913/555
f 516/914/556 520/3107/556 518/915/556
f 520/916/557 524/919/557 522/917/557
f 524/919/558 528/921/558 526/920/558
f 528/921/559 532/3108/559 530/922/559
f 532/923/560 536/926/560 534/924/560
f 536/926/561 540/928/561 538/927/561
f 540/928/562 544/3109/562 542/929/562
f 546/930/563 550/933/563 549/931/563
f 548/930/564 547/932/564 551/931/564
f 550/933/565 554/935/565 553/934/565
f 552/933/566 551/931/566 555/934/566
f 558/936/567 557/937/567 553/934/567
f 556/935/568 555/934/568 559/937/568
f 562/938/569 561/939/569 557/937/569
f 560/936/570 559/937/570 563/939/570
f 562/938/571 566/941/571 565/940/571
f 564/938/572 563/939/572 567/940/572
f 570/942/573 569/943/573 565/940/573
f 568/941/574 567/940/574 571/943/574
f 574/944/1842 573/945/1842 569/943/1842
f 576/944/1843 572/942/1843 571/943/1843
f 578/946/577 577/947/577 573/945/577
f 576/944/578 575/945/578 579/947/578
f 582/948/579 581/949/579 577/947/579
f 580/946/580 579/947/580 583/949/580
f 586/950/581 585/951/581 581/949/581
f 588/950/582 584/948/582 583/949/582
f 546/930/1844 545/932/1844 585/951/1844
f 548/930/1845 588/950/1845 587/951/1845
f 585/951/517 545/932/517 549/931/517
f 549/931/517 553/934/517 557/937/517
f 557/937/517 561/939/517 549/931/517
f 561/939/517 565/940/517 549/931/517
f 565/940/517 569/943/517 573/945/517
f 573/945/517 577/947/517 565/940/517
f 577/947/517 581/949/517 565/940/517
f 581/949/517 585/951/517 549/931/517
f 548/952/585 552/3110/585 550/953/585
f 588/955/586 548/952/586 546/954/586
f 555/934/520 551/931/520 547/932/520
f 547/932/520 587/951/520 575/945/520
f 587/951/520 583/949/520 575/945/520
f 583/949/520 579/947/520 575/945/520
f 575/945/520 571/943/520 559/937/520
f 571/943/520 567/940/520 559/937/520
f 567/940/520 563/939/520 559/937/520
f 559/937/520 555/934/520 547/932/520
f 552/957/587 556/960/587 554/958/587
f 556/960/588 560/962/588 558/961/588
f 560/962/589 564/3111/589 562/963/589
f 564/964/590 568/967/590 566/965/590
f 568/967/591 572/969/591 570/968/591
f 572/969/592 576/3112/592 574/970/592
f 576/971/593 580/974/593 578/972/593
f 580/974/594 584/976/594 582/975/594
f 584/976/595 588/3113/595 586/977/595
f 1238/2173/1927 1242/2176/1927 1241/2174/1927
f 1240/2173/1928 1239/2175/1928 1243/2174/1928
f 1242/2176/1300 1246/2178/1300 1245/2177/1300
f 1244/2176/1301 1243/2174/1301 1247/2177/1301
f 1246/2178/1302 1250/2180/1302 1249/2179/1302
f 1248/2178/1303 1247/2177/1303 1251/2179/1303
f 1250/2180/1304 1254/2182/1304 1253/2181/1304
f 1252/2180/1305 1251/2179/1305 1255/2181/1305
f 1258/2183/1306 1257/2184/1306 1253/2181/1306
f 1256/2182/1307 1255/2181/1307 1259/2184/1307
f 1262/2185/1308 1261/2186/1308 1257/2184/1308
f 1260/2183/1309 1259/2184/1309 1263/2186/1309
f 1266/2187/1310 1265/2188/1310 1261/2186/1310
f 1264/2185/1311 1263/2186/1311 1267/2188/1311
f 1270/2189/1312 1269/2190/1312 1265/2188/1312
f 1268/2187/1313 1267/2188/1313 1271/2190/1313
f 1270/2189/1314 1274/2192/1314 1273/2191/1314
f 1276/2192/1315 1272/2189/1315 1271/2190/1315
f 1278/2193/1316 1277/2194/1316 1273/2191/1316
f 1280/2193/1317 1276/2192/1317 1275/2191/1317
f 1238/2173/1318 1237/2175/1318 1277/2194/1318
f 1240/2173/1319 1280/2193/1319 1279/2194/1319
f 1277/2194/517 1237/2175/517 1241/2174/517
f 1241/2174/517 1245/2177/517 1249/2179/517
f 1249/2179/517 1253/2181/517 1241/2174/517
f 1253/2181/517 1257/2184/517 1241/2174/517
f 1257/2184/517 1261/2186/517 1265/2188/517
f 1265/2188/517 1269/2190/517 1273/2191/517
f 1273/2191/517 1277/2194/517 1241/2174/517
f 1257/2184/517 1265/2188/517 1241/2174/517
f 1240/2195/1320 1244/3225/1320 1242/2196/1320
f 1280/2198/1321 1240/2195/1321 1238/2197/1321
f 1247/2177/520 1243/2174/520 1239/2175/520
f 1239/2175/520 1279/2194/520 1275/2191/520
f 1275/2191/520 1271/2190/520 1239/2175/520
f 1271/2190/520 1267/2188/520 1239/2175/520
f 1267/2188/520 1263/2186/520 1251/2179/520
f 1263/2186/520 1259/2184/520 1251/2179/520
f 1259/2184/520 1255/2181/520 1251/2179/520
f 1251/2179/520 1247/2177/520 1239/2175/520
f 1244/2200/1322 1248/2203/1322 1246/2201/1322
f 1248/2203/1323 1252/2205/1323 1250/2204/1323
f 1252/2205/1324 1256/3226/1324 1254/2206/1324
f 1256/2207/1325 1260/2210/1325 1258/2208/1325
f 1260/2210/1326 1264/2212/1326 1262/2211/1326
f 1264/2212/1327 1268/3227/1327 1266/2213/1327
f 1268/2214/1328 1272/2217/1328 1270/2215/1328
f 1272/2217/1329 1276/2219/1329 1274/2218/1329
f 1276/2219/1330 1280/3228/1330 1278/2220/1330
f 1286/2221/1331 1285/2224/1331 1281/2222/1331
f 1288/2221/1332 1284/2223/1332 1283/2222/1332
f 1286/2221/1333 1290/2226/1333 1289/2225/1333
f 1288/2221/1334 1287/2224/1334 1291/2225/1334
f 1294/2227/1335 1293/2228/1335 1289/2225/1335
f 1296/2227/1336 1292/2226/1336 1291/2225/1336
f 1294/2227/1337 1298/2230/1337 1297/2229/1337
f 1296/2227/1338 1295/2228/1338 1299/2229/1338
f 1298/2230/1339 1302/2232/1339 1301/2231/1339
f 1300/2230/1340 1299/2229/1340 1303/2231/1340
f 1306/2233/1341 1305/2234/1341 1301/2231/1341
f 1304/2232/1342 1303/2231/1342 1307/2234/1342
f 1310/2235/1343 1309/2236/1343 1305/2234/1343
f 1308/2233/1344 1307/2234/1344 1311/2236/1344
f 1314/2237/1345 1313/2238/1345 1309/2236/1345
f 1316/2237/1346 1312/2235/1346 1311/2236/1346
f 1318/2239/1347 1317/2240/1347 1313/2238/1347
f 1316/2237/1348 1315/2238/1348 1319/2240/1348
f 1318/2239/1349 1322/2242/1349 1321/2241/1349
f 1324/2242/1350 1320/2239/1350 1319/2240/1350
f 1282/2223/1351 1281/2222/1351 1321/2241/1351
f 1324/2242/1352 1323/2241/1352 1283/2222/1352
f 1321/2241/517 1281/2222/517 1285/2224/517
f 1285/2224/517 1289/2225/517 1293/2228/517
f 1293/2228/517 1297/2229/517 1285/2224/517
f 1297/2229/517 1301/2231/517 1285/2224/517
f 1301/2231/517 1305/2234/517 1309/2236/517
f 1309/2236/517 1313/2238/517 1317/2240/517
f 1317/2240/517 1321/2241/517 1285/2224/517
f 1301/2231/517 1309/2236/517 1317/2240/517
f 1284/2243/1353 1288/3229/1353 1286/2244/1353
f 1324/2246/1354 1284/2243/1354 1282/2245/1354
f 1291/2225/520 1287/2224/520 1283/2222/520
f 1283/2222/520 1323/2241/520 1319/2240/520
f 1319/2240/520 1315/2238/520 1283/2222/520
f 1315/2238/520 1311/2236/520 1283/2222/520
f 1311/2236/520 1307/2234/520 1295/2228/520
f 1307/2234/520 1303/2231/520 1295/2228/520
f 1303/2231/520 1299/2229/520 1295/2228/520
f 1295/2228/520 1291/2225/520 1283/2222/520
f 1288/2248/1355 1292/2251/1355 1290/2249/1355
f 1292/2251/1356 1296/2253/1356 1294/2252/1356
f 1296/2253/1357 1300/3230/1357 1298/2254/1357
f 1300/2255/1358 1304/2258/1358 1302/2256/1358
f 1304/2258/1359 1308/2260/1359 1306/2259/1359
f 1308/2260/1360 1312/3231/1360 1310/2261/1360
f 1312/2262/1361 1316/2265/1361 1314/2263/1361
f 1316/2265/1362 1320/2267/1362 1318/2266/1362
f 1320/2267/1363 1324/3232/1363 1322/2268/1363
f 1326/2269/1364 1330/2272/1364 1329/2270/1364
f 1328/2269/1365 1327/2271/1365 1331/2270/1365
f 1334/2273/1366 1333/2274/1366 1329/2270/1366
f 1332/2272/1367 1331/2270/1367 1335/2274/1367
f 1338/2275/1368 1337/2276/1368 1333/2274/1368
f 1336/2273/1369 1335/2274/1369 1339/2276/1369
f 1342/2277/1370 1341/2278/1370 1337/2276/1370
f 1340/2275/1371 1339/2276/1371 1343/2278/1371
f 1342/2277/1372 1346/2280/1372 1345/2279/1372
f 1344/2277/1373 1343/2278/1373 1347/2279/1373
f 1346/2280/1929 1350/2282/1929 1349/2281/1929
f 1348/2280/1375 1347/2279/1375 1351/2281/1375
f 1354/2283/1376 1353/2284/1376 1349/2281/1376
f 1352/2282/1377 1351/2281/1377 1355/2284/1377
f 1358/2285/1378 1357/2286/1378 1353/2284/1378
f 1360/2285/1379 1356/2283/1379 1355/2284/1379
f 1362/2287/1380 1361/2288/1380 1357/2286/1380
f 1360/2285/1381 1359/2286/1381 1363/2288/1381
f 1366/2289/1382 1365/2290/1382 1361/2288/1382
f 1364/2287/1383 1363/2288/1383 1367/2290/1383
f 1366/2289/1384 1326/2269/1384 1325/2271/1384
f 1368/2289/1385 1367/2290/1385 1327/2271/1385
f 1365/2290/517 1325/2271/517 1329/2270/517
f 1329/2270/517 1333/2274/517 1337/2276/517
f 1337/2276/517 1341/2278/517 1345/2279/517
f 1345/2279/517 1349/2281/517 1353/2284/517
f 1353/2284/517 1357/2286/517 1361/2288/517
f 1361/2288/517 1365/2290/517 1329/2270/517
f 1329/2270/517 1337/2276/517 1345/2279/517
f 1345/2279/517 1353/2284/517 1329/2270/517
f 1328/2291/1386 1332/3233/1386 1330/2292/1386
f 1368/2294/1387 1328/2291/1387 1326/2293/1387
f 1335/2274/520 1331/2270/520 1339/2276/520
f 1331/2270/520 1327/2271/520 1339/2276/520
f 1327/2271/520 1367/2290/520 1355/2284/520
f 1367/2290/520 1363/2288/520 1355/2284/520
f 1363/2288/520 1359/2286/520 1355/2284/520
f 1355/2284/520 1351/2281/520 1339/2276/520
f 1351/2281/520 1347/2279/520 1339/2276/520
f 1347/2279/520 1343/2278/520 1339/2276/520
f 1332/2296/1388 1336/2299/1388 1334/2297/1388
f 1336/2299/1389 1340/2301/1389 1338/2300/1389
f 1340/2301/1390 1344/3234/1390 1342/2302/1390
f 1344/2303/1391 1348/2306/1391 1346/2304/1391
f 1348/2306/1392 1352/2308/1392 1350/2307/1392
f 1352/2308/1393 1356/3235/1393 1354/2309/1393
f 1356/2310/1394 1360/2313/1394 1358/2311/1394
f 1360/2313/1395 1364/2315/1395 1362/2314/1395
f 1364/2315/1396 1368/3236/1396 1366/2316/1396
f 1681/2892/1980 1683/2894/1980 1688/2899/1980
f 1682/2916/1744 1684/3300/1744 1686/2917/1744
f 1690/2901/1745 1692/2903/1745 1686/2897/1745
f 1689/2919/1981 1688/2928/1981 1692/2920/1981
f 1687/2898/1982 1689/2900/1982 1700/2911/1982
f 1702/2913/1748 1704/2915/1748 1691/2902/1748
f 1701/2922/1749 1700/3301/1749 1704/2923/1749
f 1699/2910/1983 1701/2912/1983 1694/2905/1983
f 1696/2907/1984 1698/2909/1984 1703/2914/1984
f 1697/2925/1752 1695/3302/1752 1694/2926/1752
f 1681/2892/1985 1693/2904/1985 1695/2906/1985
f 1685/2896/1986 1684/2895/1986 1697/2908/1986
f 1699/2910/1755 1693/2904/1755 1681/2892/1755
f 1686/2917/1756 1692/2920/1756 1688/2928/1756
f 1695/2929/1757 1697/3303/1757 1684/2930/1757
f 1690/2901/1758 1685/2896/1758 1696/2907/1758
f 1691/2932/1759 1704/3304/1759 1700/2933/1759
f 1703/2924/1760 1698/2927/1760 1694/2926/1760
f 1735/2985/1987 1729/2979/1987 1731/2981/1987
f 1730/3003/1796 1732/3309/1796 1734/3004/1796
f 1738/2988/1988 1740/2990/1988 1734/2984/1988
f 1737/3006/1798 1736/3015/1798 1740/3007/1798
f 1735/2985/1799 1737/2987/1799 1748/2998/1799
f 1750/3000/1800 1752/3002/1800 1739/2989/1800
f 1749/3009/1801 1748/3310/1801 1752/3010/1801
f 1741/2991/1802 1747/2997/1802 1749/2999/1802
f 1744/2994/1803 1746/2996/1803 1751/3001/1803
f 1743/3012/1804 1742/3022/1804 1746/3013/1804
f 1741/2991/1805 1743/2993/1805 1730/2980/1805
f 1733/2983/1806 1732/2982/1806 1745/2995/1806
f 1747/2997/1807 1741/2991/1807 1729/2979/1807
f 1731/3005/1808 1734/3004/1808 1740/3007/1808
f 1743/3016/1809 1745/3311/1809 1732/3017/1809
f 1750/3000/1810 1738/2988/1810 1733/2983/1810
f 1739/3019/1811 1752/3312/1811 1748/3020/1811
f 1751/3011/1812 1746/3013/1812 1742/3022/1812
usemtl ore
f 613/1023/622 614/1024/622 615/1025/622
f 616/1026/623 617/1027/623 618/1028/623
f 619/1029/624 620/1030/624 621/1031/624
f 622/1032/625 623/1033/625 624/1034/625
f 625/1035/626 626/1036/626 627/1037/626
f 628/1038/627 629/1039/627 630/1040/627
f 631/1041/628 632/1042/628 633/1043/628
f 634/1044/629 635/1045/629 636/1046/629
f 619/1047/630 615/1025/630 620/1048/630
f 616/1049/631 615/1050/631 614/1051/631
f 617/1027/632 624/1034/632 618/1028/632
f 621/1031/633 624/1052/633 623/1053/633
f 631/1054/634 621/1031/634 632/1055/634
f 634/1044/635 623/1033/635 622/1032/635
f 635/1056/636 632/1057/636 636/1058/636
f 625/1035/637 633/1043/637 626/1036/637
f 628/1059/638 635/1045/638 634/1044/638
f 629/1039/639 626/1060/639 630/1040/639
f 625/1035/640 614/1024/640 613/1023/640
f 628/1038/641 616/1061/641 629/1039/641
f 631/1041/642 613/1023/642 619/1047/642
f 618/1062/643 620/1063/643 615/1050/643
f 629/1039/644 614/1064/644 627/1065/644
f 622/1032/645 628/1059/645 634/1044/645
f 623/1053/646 632/1055/646 621/1031/646
f 635/1056/647 626/1066/647 633/1067/647
f 637/1068/648 638/1069/648 639/1070/648
f 640/1071/649 641/1072/649 642/1073/649
f 643/1074/650 644/1075/650 645/1076/650
f 646/1077/651 647/1078/651 648/1079/651
f 649/1080/652 650/1081/652 651/1082/652
f 652/1083/653 653/1084/653 654/1085/653
f 655/1086/654 656/1087/654 657/1088/654
f 658/1089/655 659/1090/655 660/1091/655
f 643/1074/656 639/1070/656 644/1075/656
f 638/1092/657 642/1093/657 639/1094/657
f 646/1077/658 642/1073/658 641/1072/658
f 647/1095/659 644/1096/659 648/1097/659
f 643/1074/660 656/1087/660 655/1086/660
f 646/1077/661 660/1091/661 647/1078/661
f 657/1098/662 660/1099/662 659/1100/662
f 655/1086/663 650/1081/663 649/1080/663
f 652/1083/664 659/1090/664 658/1089/664
f 651/1101/665 654/1102/665 653/1103/665
f 649/1080/666 638/1069/666 637/1068/666
f 641/1072/667 653/1084/667 652/1083/667
f 643/1074/668 649/1080/668 637/1068/668
f 639/1094/669 648/1104/669 644/1105/669
f 651/1101/670 640/1106/670 638/1107/670
f 646/1077/671 652/1083/671 658/1089/671
f 645/1108/672 660/1109/672 656/1110/672
f 659/1100/673 650/1111/673 657/1098/673
f 661/1112/674 662/1113/674 663/1114/674
f 664/1115/675 665/1116/675 666/1117/675
f 667/1118/676 668/1119/676 669/1120/676
f 670/1121/677 671/1122/677 672/1123/677
f 673/1124/678 674/1125/678 675/1126/678
f 676/1127/679 677/1128/679 678/1129/679
f 679/1130/680 680/1131/680 681/1132/680
f 682/1133/681 683/1134/681 684/1135/681
f 667/1136/682 663/1114/682 668/1137/682
f 662/1138/683 666/1139/683 663/1140/683
f 670/1121/684 666/1117/684 665/1116/684
f 669/1120/685 672/1141/685 671/1142/685
f 679/1143/686 669/1120/686 680/1144/686
f 682/1133/687 671/1122/687 670/1121/687
f 681/1145/688 684/1146/688 683/1147/688
f 673/1124/689 681/1132/689 674/1125/689
f 676/1148/690 683/1134/690 682/1133/690
f 677/1128/691 674/1149/691 678/1129/691
f 673/1124/692 662/1113/692 661/1112/692
f 676/1127/693 664/1150/693 677/1128/693
f 679/1130/694 661/1112/694 667/1136/694
f 666/1139/695 668/1151/695 663/1140/695
f 677/1128/696 662/1152/696 675/1153/696
f 670/1121/697 676/1148/697 682/1133/697
f 669/1120/698 684/1154/698 680/1144/698
f 683/1147/699 674/1155/699 681/1145/699
f 685/1156/700 686/1157/700 687/1158/700
f 688/1159/701 689/1160/701 690/1161/701
f 691/1162/702 692/1163/702 693/1164/702
f 694/1165/703 695/1166/703 696/1167/703
f 697/1168/704 698/1169/704 699/1170/704
f 700/1171/705 701/1172/705 702/1173/705
f 703/1174/706 704/1175/706 705/1176/706
f 706/1177/707 707/1178/707 708/1179/707
f 685/1156/708 692/1180/708 691/1181/708
f 688/1182/709 687/1183/709 686/1184/709
f 694/1165/710 690/1161/710 689/1160/710
f 695/1185/711 692/1163/711 696/1186/711
f 703/1174/712 693/1187/712 704/1175/712
f 694/1165/713 708/1179/713 695/1166/713
f 705/1188/714 708/1189/714 707/1190/714
f 703/1174/715 698/1169/715 697/1168/715
f 700/1191/716 707/1178/716 706/1177/716
f 701/1172/717 698/1192/717 702/1173/717
f 685/1156/718 699/1170/718 686/1157/718
f 689/1160/719 701/1193/719 700/1191/719
f 703/1174/720 685/1156/720 691/1181/720
f 690/1194/721 692/1195/721 687/1183/721
f 699/1196/722 688/1197/722 686/1198/722
f 694/1165/723 700/1191/723 706/1177/723
f 695/1185/724 704/1199/724 693/1164/724
f 707/1190/725 698/1200/725 705/1188/725
f 709/1201/726 710/1202/726 711/1203/726
f 712/1204/727 713/1205/727 714/1206/727
f 715/1207/728 716/1208/728 717/1209/728
f 718/1210/729 719/1211/729 720/1212/729
f 721/1213/730 722/1214/730 723/1215/730
f 724/1216/731 725/1217/731 726/1218/731
f 727/1219/732 728/1220/732 729/1221/732
f 730/1222/733 731/1223/733 732/1224/733
f 715/1207/734 711/1203/734 716/1208/734
f 710/1225/735 714/1226/735 711/1227/735
f 713/1205/736 720/1212/736 714/1206/736
f 717/1228/737 720/1229/737 719/1230/737
f 727/1219/738 717/1209/738 728/1220/738
f 730/1222/739 719/1211/739 718/1210/739
f 729/1231/740 732/1232/740 731/1233/740
f 727/1219/741 722/1214/741 721/1213/741
f 730/1222/742 726/1218/742 731/1223/742
f 723/1234/743 726/1235/743 725/1236/743
f 709/1201/744 723/1215/744 710/1202/744
f 713/1205/745 725/1217/745 724/1216/745
f 727/1219/746 709/1201/746 715/1207/746
f 714/1237/747 716/1238/747 711/1239/747
f 723/1240/748 712/1241/748 710/1225/748
f 718/1210/749 724/1216/749 730/1222/749
f 719/1242/750 728/1243/750 717/1244/750
f 731/1245/751 722/1246/751 729/1247/751
f 733/1248/752 734/1249/752 735/1250/752
f 736/1251/753 737/1252/753 738/1253/753
f 739/1254/754 740/1255/754 741/1256/754
f 742/1257/755 743/1258/755 744/1259/755
f 745/1260/756 746/1261/756 747/1262/756
f 748/1263/757 749/1264/757 750/1265/757
f 751/1266/758 752/1267/758 753/1268/758
f 754/1269/759 755/1270/759 756/1271/759
f 739/1272/760 735/1273/760 740/1274/760
f 736/1275/761 735/1250/761 734/1249/761
f 742/1257/762 738/1253/762 737/1252/762
f 741/1256/763 744/1276/763 743/1277/763
f 751/1266/764 741/1278/764 752/1267/764
f 754/1279/765 743/1258/765 742/1257/765
f 755/1270/766 752/1280/766 756/1271/766
f 751/1266/767 746/1261/767 745/1260/767
f 748/1281/768 755/1282/768 754/1279/768
f 747/1283/769 750/1265/769 749/1264/769
f 745/1260/770 734/1284/770 733/1285/770
f 737/1252/771 749/1286/771 748/1281/771
f 751/1266/772 733/1285/772 739/1272/772
f 738/1287/773 740/1255/773 735/1288/773
f 747/1289/774 736/1275/774 734/1249/774
f 754/1279/775 737/1252/775 748/1281/775
f 743/1290/776 752/1280/776 741/1291/776
f 755/1292/777 746/1293/777 753/1294/777
f 757/1295/778 758/1296/778 759/1297/778
f 760/1298/779 761/1299/779 762/1300/779
f 763/1301/780 764/1302/780 765/1303/780
f 766/1304/781 767/1305/781 768/1306/781
f 769/1307/782 770/1308/782 771/1309/782
f 772/1310/783 773/1311/783 774/1312/783
f 775/1313/784 776/1314/784 777/1315/784
f 778/1316/785 779/1317/785 780/1318/785
f 757/1295/786 764/1302/786 763/1301/786
f 758/1319/787 762/1320/787 759/1321/787
f 766/1304/788 762/1300/788 761/1299/788
f 765/1322/789 768/1323/789 767/1324/789
f 775/1313/790 765/1303/790 776/1314/790
f 766/1304/791 780/1318/791 767/1305/791
f 777/1325/792 780/1326/792 779/1327/792
f 769/1307/793 777/1315/793 770/1308/793
f 772/1310/794 779/1317/794 778/1316/794
f 773/1328/795 770/1329/795 774/1330/795
f 769/1307/796 758/1296/796 757/1295/796
f 772/1310/797 760/1298/797 773/1311/797
f 775/1313/798 757/1295/798 763/1301/798
f 762/1320/799 764/1331/799 759/1321/799
f 773/1328/800 758/1332/800 771/1333/800
f 766/1304/801 772/1310/801 778/1316/801
f 767/1324/802 776/1334/802 765/1322/802
f 777/1325/803 774/1335/803 770/1336/803
f 781/1337/804 782/1338/804 783/1339/804
f 784/1340/805 785/1341/805 786/1342/805
f 787/1343/806 788/1344/806 789/1345/806
f 790/1346/807 791/1347/807 792/1348/807
f 793/1349/808 794/1350/808 795/1351/808
f 796/1352/809 797/1353/809 798/1354/809
f 799/1355/810 800/1356/810 801/1357/810
f 802/1358/811 803/1359/811 804/1360/811
f 787/1343/812 783/1339/812 788/1344/812
f 784/1361/813 783/1362/813 782/1363/813
f 785/1341/814 792/1348/814 786/1342/814
f 789/1364/815 792/1365/815 791/1366/815
f 787/1343/816 800/1356/816 799/1355/816
f 790/1346/817 804/1360/817 791/1347/817
f 801/1367/818 804/1368/818 803/1369/818
f 799/1355/819 794/1350/819 793/1349/819
f 802/1358/820 798/1354/820 803/1359/820
f 795/1370/821 798/1371/821 797/1372/821
f 781/1337/822 795/1351/822 782/1338/822
f 785/1341/823 797/1353/823 796/1352/823
f 787/1343/824 793/1349/824 781/1337/824
f 786/1373/825 788/1374/825 783/1375/825
f 797/1376/826 782/1363/826 795/1377/826
f 790/1346/827 796/1352/827 802/1358/827
f 791/1378/828 800/1379/828 789/1380/828
f 803/1381/829 794/1382/829 801/1383/829
f 619/1047/1848 613/1023/1848 615/1025/1848
f 616/1049/631 618/1062/631 615/1050/631
f 617/1027/632 622/1032/632 624/1034/632
f 621/1031/1849 620/1030/1849 624/1052/1849
f 631/1054/1850 619/1029/1850 621/1031/1850
f 634/1044/1851 636/1046/1851 623/1033/1851
f 635/1056/636 633/1067/636 632/1057/636
f 625/1035/637 631/1041/637 633/1043/637
f 628/1059/1852 630/3117/1852 635/1045/1852
f 629/1039/639 627/1065/639 626/1060/639
f 625/1035/640 627/1037/640 614/1024/640
f 628/1038/641 617/3118/641 616/1061/641
f 631/1041/642 625/1035/642 613/1023/642
f 618/1062/643 624/3119/643 620/1063/643
f 629/1039/644 616/1061/644 614/1064/644
f 622/1032/645 617/1027/645 628/1059/645
f 623/1053/646 636/3120/646 632/1055/646
f 635/1056/647 630/3121/647 626/1066/647
f 643/1074/656 637/1068/656 639/1070/656
f 638/1092/657 640/3122/657 642/1093/657
f 646/1077/1853 648/1079/1853 642/1073/1853
f 647/1095/659 645/1108/659 644/1096/659
f 643/1074/1854 645/1076/1854 656/1087/1854
f 646/1077/1855 658/1089/1855 660/1091/1855
f 657/1098/662 656/3123/662 660/1099/662
f 655/1086/1856 657/1088/1856 650/1081/1856
f 652/1083/664 654/1085/664 659/1090/664
f 651/1101/665 650/3124/665 654/1102/665
f 649/1080/666 651/1082/666 638/1069/666
f 641/1072/1857 640/1071/1857 653/1084/1857
f 643/1074/668 655/1086/668 649/1080/668
f 639/1094/669 642/1093/669 648/1104/669
f 651/1101/670 653/1103/670 640/1106/670
f 646/1077/671 641/1072/671 652/1083/671
f 645/1108/672 647/1095/672 660/1109/672
f 659/1100/673 654/3125/673 650/1111/673
f 667/1136/682 661/1112/682 663/1114/682
f 662/1138/683 664/3126/683 666/1139/683
f 670/1121/1858 672/1123/1858 666/1117/1858
f 669/1120/685 668/1119/685 672/1141/685
f 679/1143/1859 667/1118/1859 669/1120/1859
f 682/1133/687 684/1135/687 671/1122/687
f 681/1145/688 680/3127/688 684/1146/688
f 673/1124/1860 679/1130/1860 681/1132/1860
f 676/1148/1861 678/3128/1861 683/1134/1861
f 677/1128/691 675/1153/691 674/1149/691
f 673/1124/692 675/1126/692 662/1113/692
f 676/1127/1862 665/3129/1862 664/1150/1862
f 679/1130/694 673/1124/694 661/1112/694
f 666/1139/695 672/3130/695 668/1151/695
f 677/1128/696 664/1150/696 662/1152/696
f 670/1121/697 665/1116/697 676/1148/697
f 669/1120/698 671/1142/698 684/1154/698
f 683/1147/699 678/3131/699 674/1155/699
f 685/1156/708 687/1158/708 692/1180/708
f 688/1182/709 690/1194/709 687/1183/709
f 694/1165/710 696/1167/710 690/1161/710
f 695/1185/711 693/1164/711 692/1163/711
f 703/1174/1863 691/1181/1863 693/1187/1863
f 694/1165/1864 706/1177/1864 708/1179/1864
f 705/1188/714 704/3132/714 708/1189/714
f 703/1174/1865 705/1176/1865 698/1169/1865
f 700/1191/716 702/3133/716 707/1178/716
f 701/1172/717 699/1196/717 698/1192/717
f 685/1156/718 697/1168/718 699/1170/718
f 689/1160/1866 688/1159/1866 701/1193/1866
f 703/1174/720 697/1168/720 685/1156/720
f 690/1194/721 696/3134/721 692/1195/721
f 699/1196/722 701/1172/722 688/1197/722
f 694/1165/723 689/1160/723 700/1191/723
f 695/1185/724 708/3135/724 704/1199/724
f 707/1190/725 702/3136/725 698/1200/725
f 715/1207/1867 709/1201/1867 711/1203/1867
f 710/1225/735 712/1241/735 714/1226/735
f 713/1205/1868 718/1210/1868 720/1212/1868
f 717/1228/737 716/1238/737 720/1229/737
f 727/1219/738 715/1207/738 717/1209/738
f 730/1222/1869 732/1224/1869 719/1211/1869
f 729/1231/740 728/1243/740 732/1232/740
f 727/1219/1870 729/1221/1870 722/1214/1870
f 730/1222/1871 724/1216/1871 726/1218/1871
f 723/1234/743 722/1246/743 726/1235/743
f 709/1201/1872 721/1213/1872 723/1215/1872
f 713/1205/1873 712/1204/1873 725/1217/1873
f 727/1219/746 721/1213/746 709/1201/746
f 714/1237/747 720/1229/747 716/1238/747
f 723/1240/748 725/3137/748 712/1241/748
f 718/1210/749 713/1205/749 724/1216/749
f 719/1242/750 732/1232/750 728/1243/750
f 731/1245/751 726/1235/751 722/1246/751
f 739/1272/1874 733/1285/1874 735/1273/1874
f 736/1275/761 738/3138/761 735/1250/761
f 742/1257/1875 744/1259/1875 738/1253/1875
f 741/1256/1876 740/1255/1876 744/1276/1876
f 751/1266/1877 739/1272/1877 741/1278/1877
f 754/1279/1878 756/3139/1878 743/1258/1878
f 755/1270/766 753/3140/766 752/1280/766
f 751/1266/1879 753/1268/1879 746/1261/1879
f 748/1281/1880 750/3141/1880 755/1282/1880
f 747/1283/1881 746/1293/1881 750/1265/1881
f 745/1260/1882 747/1262/1882 734/1284/1882
f 737/1252/1883 736/1251/1883 749/1286/1883
f 751/1266/772 745/1260/772 733/1285/772
f 738/1287/773 744/1276/773 740/1255/773
f 747/1289/774 749/3142/774 736/1275/774
f 754/1279/775 742/1257/775 737/1252/775
f 743/1290/776 756/1271/776 752/1280/776
f 755/1292/777 750/1265/777 746/1293/777
f 757/1295/786 759/1297/786 764/1302/786
f 758/1319/1884 760/3143/1884 762/1320/1884
f 766/1304/1885 768/1306/1885 762/1300/1885
f 765/1322/789 764/3144/789 768/1323/789
f 775/1313/1886 763/1301/1886 765/1303/1886
f 766/1304/791 778/1316/791 780/1318/791
f 777/1325/1887 776/3145/1887 780/1326/1887
f 769/1307/793 775/1313/793 777/1315/793
f 772/1310/794 774/1312/794 779/1317/794
f 773/1328/795 771/1333/795 770/1329/795
f 769/1307/796 771/1309/796 758/1296/796
f 772/1310/1888 761/1299/1888 760/1298/1888
f 775/1313/798 769/1307/798 757/1295/798
f 762/1320/799 768/3146/799 764/1331/799
f 773/1328/800 760/3147/800 758/1332/800
f 766/1304/801 761/1299/801 772/1310/801
f 767/1324/802 780/3148/802 776/1334/802
f 777/1325/803 779/1327/803 774/1335/803
f 787/1343/1889 781/1337/1889 783/1339/1889
f 784/1361/1890 786/3149/1890 783/1362/1890
f 785/1341/1891 790/1346/1891 792/1348/1891
f 789/1364/815 788/1374/815 792/1365/815
f 787/1343/816 789/1345/816 800/1356/816
f 790/1346/817 802/1358/817 804/1360/817
f 801/1367/818 800/1379/818 804/1368/818
f 799/1355/1892 801/1357/1892 794/1350/1892
f 802/1358/1893 796/1352/1893 798/1354/1893
f 795/1370/821 794/1382/821 798/1371/821
f 781/1337/822 793/1349/822 795/1351/822
f 785/1341/823 784/1340/823 797/1353/823
f 787/1343/824 799/1355/824 793/1349/824
f 786/1373/825 792/1365/825 788/1374/825
f 797/1376/826 784/1361/826 782/1363/826
f 790/1346/827 785/1341/827 796/1352/827
f 791/1378/828 804/1368/828 800/1379/828
f 803/1381/829 798/1371/829 794/1382/829
usemtl coal
f 1393/2359/1423 1394/2360/1423 1395/2361/1423
f 1396/2362/1424 1397/2363/1424 1398/2364/1424
f 1399/2365/1425 1400/2366/1425 1401/2367/1425
f 1402/2368/1426 1403/2369/1426 1404/2370/1426
f 1405/2371/1427 1406/2372/1427 1407/2373/1427
f 1408/2374/1428 1409/2375/1428 1410/2376/1428
f 1411/2377/1429 1412/2378/1429 1413/2379/1429
f 1414/2380/1430 1415/2381/1430 1416/2382/1430
f 1399/2365/1431 1395/2361/1431 1400/2366/1431
f 1396/2383/1432 1395/2384/1432 1394/2385/1432
f 1397/2363/1433 1404/2370/1433 1398/2364/1433
f 1401/2386/1434 1404/2387/1434 1403/2388/1434
f 1399/2365/1435 1412/2378/1435 1411/2377/1435
f 1414/2380/1436 1403/2369/1436 1402/2368/1436
f 1415/2389/1437 1412/2390/1437 1416/2391/1437
f 1411/2377/1438 1406/2372/1438 1405/2371/1438
f 1414/2380/1439 1410/2376/1439 1415/2381/1439
f 1409/2392/1440 1406/2393/1440 1410/2394/1440
f 1393/2359/1441 1407/2373/1441 1394/2360/1441
f 1408/2374/1442 1396/2362/1442 1409/2375/1442
f 1399/2365/1443 1405/2371/1443 1393/2359/1443
f 1395/2395/1444 1404/2387/1444 1400/2396/1444
f 1409/2397/1445 1394/2385/1445 1407/2398/1445
f 1402/2368/1446 1408/2374/1446 1414/2380/1446
f 1403/2399/1447 1412/2390/1447 1401/2400/1447
f 1415/2401/1448 1406/2393/1448 1413/2402/1448
f 1417/2403/1449 1418/2404/1449 1419/2405/1449
f 1420/2406/1450 1421/2407/1450 1422/2408/1450
f 1423/2409/1451 1424/2410/1451 1425/2411/1451
f 1426/2412/1452 1427/2413/1452 1428/2414/1452
f 1429/2415/1453 1430/2416/1453 1431/2417/1453
f 1432/2418/1454 1433/2419/1454 1434/2420/1454
f 1435/2421/1455 1436/2422/1455 1437/2423/1455
f 1438/2424/1456 1439/2425/1456 1440/2426/1456
f 1417/2403/1457 1424/2410/1457 1423/2409/1457
f 1420/2427/1458 1419/2428/1458 1418/2429/1458
f 1426/2412/1459 1422/2408/1459 1421/2407/1459
f 1425/2430/1460 1428/2431/1460 1427/2432/1460
f 1423/2409/1461 1436/2422/1461 1435/2421/1461
f 1438/2424/1462 1427/2413/1462 1426/2412/1462
f 1437/2433/1463 1440/2434/1463 1439/2435/1463
f 1435/2421/1464 1430/2416/1464 1429/2415/1464
f 1432/2418/1465 1439/2425/1465 1438/2424/1465
f 1433/2436/1466 1430/2437/1466 1434/2438/1466
f 1417/2403/1467 1431/2417/1467 1418/2404/1467
f 1421/2407/1468 1433/2419/1468 1432/2418/1468
f 1423/2409/1469 1429/2415/1469 1417/2403/1469
f 1419/2439/1470 1428/2431/1470 1424/2440/1470
f 1433/2441/1471 1418/2429/1471 1431/2442/1471
f 1426/2412/1472 1432/2418/1472 1438/2424/1472
f 1427/2443/1473 1436/2444/1473 1425/2445/1473
f 1439/2446/1474 1430/2437/1474 1437/2447/1474
f 1441/2448/1475 1442/2449/1475 1443/2450/1475
f 1444/2451/1476 1445/2452/1476 1446/2453/1476
f 1447/2454/1477 1448/2455/1477 1449/2456/1477
f 1450/2457/1478 1451/2458/1478 1452/2459/1478
f 1453/2460/1479 1454/2461/1479 1455/2462/1479
f 1456/2463/1480 1457/2464/1480 1458/2465/1480
f 1459/2466/1481 1460/2467/1481 1461/2468/1481
f 1462/2469/1482 1463/2470/1482 1464/2471/1482
f 1447/2472/1483 1443/2450/1483 1448/2473/1483
f 1444/2451/1484 1443/2474/1484 1442/2475/1484
f 1450/2457/1485 1446/2476/1485 1445/2477/1485
f 1451/2478/1486 1448/2455/1486 1452/2479/1486
f 1447/2472/1487 1460/2480/1487 1459/2481/1487
f 1462/2469/1488 1451/2458/1488 1450/2457/1488
f 1463/2482/1489 1460/2467/1489 1464/2483/1489
f 1459/2481/1490 1454/2461/1490 1453/2460/1490
f 1462/2469/1491 1458/2484/1491 1463/2470/1491
f 1455/2485/1492 1458/2465/1492 1457/2464/1492
f 1453/2460/1493 1442/2449/1493 1441/2448/1493
f 1456/2486/1494 1444/2487/1494 1457/2488/1494
f 1447/2472/1495 1453/2460/1495 1441/2448/1495
f 1446/2489/1496 1448/2455/1496 1443/2490/1496
f 1457/2491/1497 1442/2475/1497 1455/2492/1497
f 1450/2457/1498 1456/2486/1498 1462/2469/1498
f 1449/2493/1499 1464/2483/1499 1460/2467/1499
f 1461/2494/1500 1458/2465/1500 1454/2495/1500
f 1465/2496/1501 1466/2497/1501 1467/2498/1501
f 1468/2499/1502 1469/2500/1502 1470/2501/1502
f 1471/2502/1503 1472/2503/1503 1473/2504/1503
f 1474/2505/1504 1475/2506/1504 1476/2507/1504
f 1477/2508/1505 1478/2509/1505 1479/2510/1505
f 1480/2511/1506 1481/2512/1506 1482/2513/1506
f 1483/2514/1507 1484/2515/1507 1485/2516/1507
f 1486/2517/1508 1487/2518/1508 1488/2519/1508
f 1465/2496/1509 1472/2520/1509 1471/2521/1509
f 1468/2522/1510 1467/2523/1510 1466/2524/1510
f 1474/2505/1511 1470/2501/1511 1469/2500/1511
f 1473/2504/1512 1476/2525/1512 1475/2526/1512
f 1471/2521/1513 1484/2515/1513 1483/2514/1513
f 1486/2517/1514 1475/2506/1514 1474/2505/1514
f 1485/2527/1515 1488/2528/1515 1487/2529/1515
f 1483/2514/1516 1478/2509/1516 1477/2508/1516
f 1480/2530/1517 1487/2518/1517 1486/2517/1517
f 1481/2512/1518 1478/2531/1518 1482/2513/1518
f 1465/2496/1519 1479/2510/1519 1466/2497/1519
f 1480/2530/1520 1468/2499/1520 1481/2532/1520
f 1483/2514/1521 1465/2496/1521 1471/2521/1521
f 1470/2533/1522 1472/2534/1522 1467/2523/1522
f 1481/2512/1523 1466/2535/1523 1479/2536/1523
f 1474/2505/1524 1480/2530/1524 1486/2517/1524
f 1473/2504/1525 1488/2537/1525 1484/2538/1525
f 1485/2527/1526 1482/2539/1526 1478/2540/1526
f 1489/2541/1527 1490/2542/1527 1491/2543/1527
f 1492/2544/1528 1493/2545/1528 1494/2546/1528
f 1495/2547/1529 1496/2548/1529 1497/2549/1529
f 1498/2550/1530 1499/2551/1530 1500/2552/1530
f 1501/2553/1531 1502/2554/1531 1503/2555/1531
f 1504/2556/1532 1505/2557/1532 1506/2558/1532
f 1507/2559/1533 1508/2560/1533 1509/2561/1533
f 1510/2562/1534 1511/2563/1534 1512/2564/1534
f 1495/2565/1535 1491/2543/1535 1496/2566/1535
f 1492/2567/1536 1491/2568/1536 1490/2569/1536
f 1498/2550/1537 1494/2546/1537 1493/2545/1537
f 1497/2549/1538 1500/2570/1538 1499/2571/1538
f 1495/2565/1539 1508/2560/1539 1507/2559/1539
f 1498/2550/1540 1512/2564/1540 1499/2551/1540
f 1511/2572/1541 1508/2573/1541 1512/2574/1541
f 1507/2559/1542 1502/2554/1542 1501/2553/1542
f 1510/2562/1543 1506/2575/1543 1511/2563/1543
f 1505/2557/1544 1502/2576/1544 1506/2558/1544
f 1501/2553/1545 1490/2542/1545 1489/2541/1545
f 1504/2577/1546 1492/2544/1546 1505/2578/1546
f 1495/2565/1547 1501/2553/1547 1489/2541/1547
f 1491/2579/1548 1500/2570/1548 1496/2548/1548
f 1505/2580/1549 1490/2569/1549 1503/2581/1549
f 1498/2550/1550 1504/2577/1550 1510/2562/1550
f 1499/2582/1551 1508/2573/1551 1497/2583/1551
f 1511/2584/1552 1502/2576/1552 1509/2585/1552
f 1513/2586/1553 1514/2587/1553 1515/2588/1553
f 1516/2589/1554 1517/2590/1554 1518/2591/1554
f 1519/2592/1555 1520/2593/1555 1521/2594/1555
f 1522/2595/1556 1523/2596/1556 1524/2597/1556
f 1525/2598/1557 1526/2599/1557 1527/2600/1557
f 1528/2601/1558 1529/2602/1558 1530/2603/1558
f 1531/2604/1559 1532/2605/1559 1533/2606/1559
f 1534/2607/1560 1535/2608/1560 1536/2609/1560
f 1513/2586/1561 1520/2610/1561 1519/2611/1561
f 1516/2589/1562 1515/2612/1562 1514/2613/1562
f 1522/2595/1563 1518/2614/1563 1517/2615/1563
f 1521/2594/1564 1524/2616/1564 1523/2617/1564
f 1519/2611/1565 1532/2618/1565 1531/2619/1565
f 1534/2607/1566 1523/2596/1566 1522/2595/1566
f 1533/2606/1567 1536/2620/1567 1535/2621/1567
f 1531/2619/1568 1526/2599/1568 1525/2598/1568
f 1528/2622/1569 1535/2608/1569 1534/2607/1569
f 1527/2623/1570 1530/2603/1570 1529/2602/1570
f 1513/2586/1571 1527/2600/1571 1514/2587/1571
f 1517/2615/1572 1529/2624/1572 1528/2622/1572
f 1531/2619/1573 1513/2586/1573 1519/2611/1573
f 1518/2591/1574 1520/2625/1574 1515/2612/1574
f 1527/2623/1575 1516/2626/1575 1514/2627/1575
f 1522/2595/1576 1528/2622/1576 1534/2607/1576
f 1523/2617/1577 1532/2628/1577 1521/2594/1577
f 1535/2621/1578 1526/2629/1578 1533/2606/1578
f 1537/2630/1579 1538/2631/1579 1539/2632/1579
f 1540/2633/1580 1541/2634/1580 1542/2635/1580
f 1543/2636/1581 1544/2637/1581 1545/2638/1581
f 1546/2639/1582 1547/2640/1582 1548/2641/1582
f 1549/2642/1583 1550/2643/1583 1551/2644/1583
f 1552/2645/1584 1553/2646/1584 1554/2647/1584
f 1555/2648/1585 1556/2649/1585 1557/2650/1585
f 1558/2651/1586 1559/2652/1586 1560/2653/1586
f 1543/2654/1587 1539/2632/1587 1544/2655/1587
f 1540/2656/1588 1539/2657/1588 1538/2658/1588
f 1541/2634/1589 1548/2641/1589 1542/2635/1589
f 1545/2638/1590 1548/2659/1590 1547/2660/1590
f 1555/2648/1591 1545/2661/1591 1556/2649/1591
f 1546/2639/1592 1560/2653/1592 1547/2640/1592
f 1557/2662/1593 1560/2663/1593 1559/2664/1593
f 1549/2642/1594 1557/2650/1594 1550/2643/1594
f 1552/2665/1595 1559/2652/1595 1558/2651/1595
f 1551/2666/1596 1554/2647/1596 1553/2646/1596
f 1549/2642/1597 1538/2631/1597 1537/2630/1597
f 1541/2634/1598 1553/2667/1598 1552/2665/1598
f 1555/2648/1599 1537/2630/1599 1543/2654/1599
f 1542/2668/1600 1544/2669/1600 1539/2657/1600
f 1551/2666/1601 1540/2670/1601 1538/2671/1601
f 1546/2639/1602 1552/2665/1602 1558/2651/1602
f 1547/2660/1603 1556/2672/1603 1545/2638/1603
f 1559/2664/1604 1550/2673/1604 1557/2662/1604
f 1561/2674/1605 1562/2675/1605 1563/2676/1605
f 1564/2677/1606 1565/2678/1606 1566/2679/1606
f 1567/2680/1607 1568/2681/1607 1569/2682/1607
f 1570/2683/1608 1571/2684/1608 1572/2685/1608
f 1573/2686/1609 1574/2687/1609 1575/2688/1609
f 1576/2689/1610 1577/2690/1610 1578/2691/1610
f 1579/2692/1611 1580/2693/1611 1581/2694/1611
f 1582/2695/1612 1583/2696/1612 1584/2697/1612
f 1561/2674/1613 1568/2681/1613 1567/2680/1613
f 1564/2698/1614 1563/2699/1614 1562/2700/1614
f 1570/2683/1615 1566/2679/1615 1565/2678/1615
f 1569/2701/1616 1572/2702/1616 1571/2703/1616
f 1567/2680/1617 1580/2693/1617 1579/2692/1617
f 1582/2695/1618 1571/2684/1618 1570/2683/1618
f 1583/2704/1619 1580/2705/1619 1584/2706/1619
f 1579/2692/1620 1574/2687/1620 1573/2686/1620
f 1576/2689/1621 1583/2696/1621 1582/2695/1621
f 1577/2707/1622 1574/2708/1622 1578/2709/1622
f 1573/2686/1623 1562/2675/1623 1561/2674/1623
f 1576/2689/1624 1564/2677/1624 1577/2690/1624
f 1579/2692/1625 1561/2674/1625 1567/2680/1625
f 1566/2710/1626 1568/2711/1626 1563/2712/1626
f 1575/2713/1627 1564/2698/1627 1562/2700/1627
f 1582/2695/1628 1565/2678/1628 1576/2689/1628
f 1571/2714/1629 1580/2705/1629 1569/2715/1629
f 1583/2716/1630 1574/2708/1630 1581/2717/1630
f 1399/2365/1932 1393/2359/1932 1395/2361/1932
f 1396/2383/1933 1398/3243/1933 1395/2384/1933
f 1397/2363/1934 1402/2368/1934 1404/2370/1934
f 1401/2386/1434 1400/2396/1434 1404/2387/1434
f 1399/2365/1435 1401/2367/1435 1412/2378/1435
f 1414/2380/1436 1416/2382/1436 1403/2369/1436
f 1415/2389/1935 1413/3244/1935 1412/2390/1935
f 1411/2377/1936 1413/2379/1936 1406/2372/1936
f 1414/2380/1937 1408/2374/1937 1410/2376/1937
f 1409/2392/1440 1407/3245/1440 1406/2393/1440
f 1393/2359/1441 1405/2371/1441 1407/2373/1441
f 1408/2374/1938 1397/2363/1938 1396/2362/1938
f 1399/2365/1939 1411/2377/1939 1405/2371/1939
f 1395/2395/1444 1398/3246/1444 1404/2387/1444
f 1409/2397/1445 1396/2383/1445 1394/2385/1445
f 1402/2368/1446 1397/2363/1446 1408/2374/1446
f 1403/2399/1447 1416/2391/1447 1412/2390/1447
f 1415/2401/1448 1410/2394/1448 1406/2393/1448
f 1417/2403/1457 1419/2405/1457 1424/2410/1457
f 1420/2427/1458 1422/3247/1458 1419/2428/1458
f 1426/2412/1940 1428/2414/1940 1422/2408/1940
f 1425/2430/1941 1424/2440/1941 1428/2431/1941
f 1423/2409/1461 1425/2411/1461 1436/2422/1461
f 1438/2424/1942 1440/2426/1942 1427/2413/1942
f 1437/2433/1943 1436/2444/1943 1440/2434/1943
f 1435/2421/1944 1437/2423/1944 1430/2416/1944
f 1432/2418/1945 1434/2420/1945 1439/2425/1945
f 1433/2436/1946 1431/3248/1946 1430/2437/1946
f 1417/2403/1947 1429/2415/1947 1431/2417/1947
f 1421/2407/1468 1420/2406/1468 1433/2419/1468
f 1423/2409/1469 1435/2421/1469 1429/2415/1469
f 1419/2439/1470 1422/3249/1470 1428/2431/1470
f 1433/2441/1471 1420/2427/1471 1418/2429/1471
f 1426/2412/1472 1421/2407/1472 1432/2418/1472
f 1427/2443/1473 1440/2434/1473 1436/2444/1473
f 1439/2446/1474 1434/2438/1474 1430/2437/1474
f 1447/2472/1483 1441/2448/1483 1443/2450/1483
f 1444/2451/1484 1446/2453/1484 1443/2474/1484
f 1450/2457/1948 1452/2459/1948 1446/2476/1948
f 1451/2478/1949 1449/2456/1949 1448/2455/1949
f 1447/2472/1487 1449/3250/1487 1460/2480/1487
f 1462/2469/1488 1464/2471/1488 1451/2458/1488
f 1463/2482/1489 1461/2468/1489 1460/2467/1489
f 1459/2481/1950 1461/3251/1950 1454/2461/1950
f 1462/2469/1491 1456/2486/1491 1458/2484/1491
f 1455/2485/1951 1454/2495/1951 1458/2465/1951
f 1453/2460/1952 1455/2462/1952 1442/2449/1952
f 1456/2486/1494 1445/2477/1494 1444/2487/1494
f 1447/2472/1495 1459/2481/1495 1453/2460/1495
f 1446/2489/1496 1452/2479/1496 1448/2455/1496
f 1457/2491/1497 1444/2451/1497 1442/2475/1497
f 1450/2457/1498 1445/2477/1498 1456/2486/1498
f 1449/2493/1499 1451/3252/1499 1464/2483/1499
f 1461/2494/1500 1463/3253/1500 1458/2465/1500
f 1465/2496/1509 1467/2498/1509 1472/2520/1509
f 1468/2522/1510 1470/2533/1510 1467/2523/1510
f 1474/2505/1511 1476/2507/1511 1470/2501/1511
f 1473/2504/1512 1472/2503/1512 1476/2525/1512
f 1471/2521/1953 1473/3254/1953 1484/2515/1953
f 1486/2517/1954 1488/2519/1954 1475/2506/1954
f 1485/2527/1515 1484/3255/1515 1488/2528/1515
f 1483/2514/1955 1485/2516/1955 1478/2509/1955
f 1480/2530/1517 1482/3256/1517 1487/2518/1517
f 1481/2512/1518 1479/2536/1518 1478/2531/1518
f 1465/2496/1519 1477/2508/1519 1479/2510/1519
f 1480/2530/1956 1469/2500/1956 1468/2499/1956
f 1483/2514/1521 1477/2508/1521 1465/2496/1521
f 1470/2533/1522 1476/3257/1522 1472/2534/1522
f 1481/2512/1523 1468/3258/1523 1466/2535/1523
f 1474/2505/1524 1469/2500/1524 1480/2530/1524
f 1473/2504/1525 1475/2526/1525 1488/2537/1525
f 1485/2527/1526 1487/2529/1526 1482/2539/1526
f 1495/2565/1535 1489/2541/1535 1491/2543/1535
f 1492/2567/1536 1494/3259/1536 1491/2568/1536
f 1498/2550/1957 1500/2552/1957 1494/2546/1957
f 1497/2549/1538 1496/2548/1538 1500/2570/1538
f 1495/2565/1539 1497/3260/1539 1508/2560/1539
f 1498/2550/1958 1510/2562/1958 1512/2564/1958
f 1511/2572/1541 1509/3261/1541 1508/2573/1541
f 1507/2559/1542 1509/2561/1542 1502/2554/1542
f 1510/2562/1543 1504/2577/1543 1506/2575/1543
f 1505/2557/1544 1503/3262/1544 1502/2576/1544
f 1501/2553/1959 1503/2555/1959 1490/2542/1959
f 1504/2577/1546 1493/2545/1546 1492/2544/1546
f 1495/2565/1547 1507/2559/1547 1501/2553/1547
f 1491/2579/1548 1494/3263/1548 1500/2570/1548
f 1505/2580/1549 1492/2567/1549 1490/2569/1549
f 1498/2550/1550 1493/2545/1550 1504/2577/1550
f 1499/2582/1551 1512/2574/1551 1508/2573/1551
f 1511/2584/1552 1506/2558/1552 1502/2576/1552
f 1513/2586/1561 1515/2588/1561 1520/2610/1561
f 1516/2589/1562 1518/2591/1562 1515/2612/1562
f 1522/2595/1960 1524/2597/1960 1518/2614/1960
f 1521/2594/1961 1520/2593/1961 1524/2616/1961
f 1519/2611/1962 1521/3264/1962 1532/2618/1962
f 1534/2607/1963 1536/2609/1963 1523/2596/1963
f 1533/2606/1567 1532/2605/1567 1536/2620/1567
f 1531/2619/1964 1533/3265/1964 1526/2599/1964
f 1528/2622/1965 1530/3266/1965 1535/2608/1965
f 1527/2623/1966 1526/3267/1966 1530/2603/1966
f 1513/2586/1571 1525/2598/1571 1527/2600/1571
f 1517/2615/1572 1516/3268/1572 1529/2624/1572
f 1531/2619/1573 1525/2598/1573 1513/2586/1573
f 1518/2591/1574 1524/3269/1574 1520/2625/1574
f 1527/2623/1575 1529/2602/1575 1516/2626/1575
f 1522/2595/1576 1517/2615/1576 1528/2622/1576
f 1523/2617/1577 1536/3270/1577 1532/2628/1577
f 1535/2621/1578 1530/3271/1578 1526/2629/1578
f 1543/2654/1587 1537/2630/1587 1539/2632/1587
f 1540/2656/1588 1542/2668/1588 1539/2657/1588
f 1541/2634/1967 1546/2639/1967 1548/2641/1967
f 1545/2638/1590 1544/2637/1590 1548/2659/1590
f 1555/2648/1968 1543/2654/1968 1545/2661/1968
f 1546/2639/1592 1558/2651/1592 1560/2653/1592
f 1557/2662/1593 1556/3272/1593 1560/2663/1593
f 1549/2642/1969 1555/2648/1969 1557/2650/1969
f 1552/2665/1595 1554/3273/1595 1559/2652/1595
f 1551/2666/1596 1550/3274/1596 1554/2647/1596
f 1549/2642/1970 1551/2644/1970 1538/2631/1970
f 1541/2634/1598 1540/2633/1598 1553/2667/1598
f 1555/2648/1599 1549/2642/1599 1537/2630/1599
f 1542/2668/1600 1548/3275/1600 1544/2669/1600
f 1551/2666/1601 1553/2646/1601 1540/2670/1601
f 1546/2639/1602 1541/2634/1602 1552/2665/1602
f 1547/2660/1603 1560/3276/1603 1556/2672/1603
f 1559/2664/1604 1554/3277/1604 1550/2673/1604
f 1561/2674/1971 1563/2676/1971 1568/2681/1971
f 1564/2698/1614 1566/3278/1614 1563/2699/1614
f 1570/2683/1972 1572/2685/1972 1566/2679/1972
f 1569/2701/1616 1568/2711/1616 1572/2702/1616
f 1567/2680/1617 1569/2682/1617 1580/2693/1617
f 1582/2695/1618 1584/2697/1618 1571/2684/1618
f 1583/2704/1619 1581/3279/1619 1580/2705/1619
f 1579/2692/1973 1581/2694/1973 1574/2687/1973
f 1576/2689/1974 1578/2691/1974 1583/2696/1974
f 1577/2707/1622 1575/3280/1622 1574/2708/1622
f 1573/2686/1975 1575/2688/1975 1562/2675/1975
f 1576/2689/1976 1565/2678/1976 1564/2677/1976
f 1579/2692/1625 1573/2686/1625 1561/2674/1625
f 1566/2710/1626 1572/2702/1626 1568/2711/1626
f 1575/2713/1627 1577/3281/1627 1564/2698/1627
f 1582/2695/1628 1570/2683/1628 1565/2678/1628
f 1571/2714/1977 1584/2706/1977 1580/2705/1977
f 1583/2716/1630 1578/2709/1630 1574/2708/1630
