# Blender 4.5.10 LTS
# www.blender.org
mtllib stoker_trough_scuttle.mtl
o stoker_trough_scuttle
v 0.454820 0.386281 -0.411579
v 0.454872 0.392764 -0.412762
v 0.466157 0.392661 -0.411615
v 0.454833 0.388181 -0.412423
v 0.461353 0.388964 -0.412295
v 0.462849 0.392692 -0.412448
v 0.462813 0.388108 -0.411612
v 0.459541 0.919781 -0.411399
v 0.459604 0.926258 -0.410183
v 0.470826 0.919678 -0.410253
v 0.459583 0.924362 -0.411036
v 0.466089 0.923463 -0.410913
v 0.467563 0.924289 -0.410225
v 0.467518 0.919710 -0.411085
v 0.455278 0.386024 -0.313980
v 0.466615 0.392404 -0.314017
v 0.455341 0.392501 -0.312764
v 0.463271 0.387852 -0.314013
v 0.461818 0.388704 -0.313311
v 0.463315 0.392431 -0.313153
v 0.455299 0.387920 -0.313127
v 0.460062 0.926001 -0.312584
v 0.460010 0.919519 -0.311401
v 0.471284 0.919422 -0.312654
v 0.460049 0.924101 -0.311740
v 0.466553 0.923203 -0.311929
v 0.467984 0.919449 -0.311790
v 0.468021 0.924033 -0.312627
v -0.462574 0.394397 -0.407252
v -0.473796 0.400977 -0.407182
v -0.462522 0.400880 -0.408435
v -0.470533 0.396365 -0.407209
v -0.469065 0.397195 -0.407907
v -0.470496 0.400950 -0.408046
v -0.462561 0.396297 -0.408096
v -0.457790 0.934374 -0.405856
v -0.457853 0.927898 -0.407072
v -0.469127 0.927994 -0.405819
v -0.457811 0.932478 -0.406709
v -0.464330 0.931695 -0.406525
v -0.465827 0.927967 -0.406683
v -0.465783 0.932547 -0.405823
v -0.462116 0.394141 -0.309653
v -0.462053 0.400617 -0.308437
v -0.473338 0.400720 -0.309583
v -0.462095 0.396036 -0.308800
v -0.468601 0.396935 -0.308923
v -0.470030 0.400689 -0.308751
v -0.470075 0.396109 -0.309611
v -0.457332 0.934118 -0.308257
v -0.468669 0.927738 -0.308221
v -0.457384 0.927635 -0.307074
v -0.465325 0.932290 -0.308224
v -0.463865 0.931435 -0.307541
v -0.465361 0.927706 -0.307388
v -0.457345 0.932218 -0.307413
v 0.461224 0.394157 0.301866
v 0.461171 0.400644 0.300700
v 0.472466 0.400701 0.301743
v 0.461201 0.396060 0.301027
v 0.467710 0.396937 0.301097
v 0.469151 0.400687 0.300941
v 0.469188 0.396100 0.301765
v 0.458228 0.927668 0.303513
v 0.458208 0.934142 0.304748
v 0.469523 0.927725 0.304556
v 0.458207 0.932248 0.303889
v 0.464726 0.931443 0.303949
v 0.466194 0.932289 0.304626
v 0.466208 0.927711 0.303753
v 0.462586 0.393644 0.399455
v 0.473828 0.400188 0.399332
v 0.462566 0.400118 0.400689
v 0.470550 0.395587 0.399354
v 0.469092 0.396416 0.400072
v 0.470537 0.400165 0.400227
v 0.462587 0.395538 0.400313
v 0.459570 0.933628 0.402337
v 0.459623 0.927142 0.403502
v 0.470885 0.927212 0.402145
v 0.459593 0.931726 0.403175
v 0.466107 0.930923 0.402924
v 0.467594 0.927189 0.403040
v 0.467556 0.931776 0.402215
v -0.456113 0.388967 0.314642
v -0.467428 0.395383 0.314833
v -0.456166 0.395453 0.313476
v -0.464099 0.390820 0.314763
v -0.462650 0.391672 0.314054
v -0.464136 0.395406 0.313939
v -0.456135 0.390869 0.313803
v -0.459128 0.928951 0.317523
v -0.459109 0.922477 0.316289
v -0.470371 0.922407 0.317646
v -0.459129 0.927058 0.316665
v -0.465634 0.926179 0.316907
v -0.467079 0.922431 0.316752
v -0.467093 0.927008 0.317624
v -0.454751 0.388454 0.412231
v -0.454770 0.394927 0.413465
v -0.466066 0.394870 0.412423
v -0.454750 0.390347 0.413089
v -0.461268 0.391152 0.413029
v -0.462750 0.394884 0.413225
v -0.462737 0.390306 0.412352
v -0.457766 0.928438 0.415113
v -0.469009 0.921894 0.415235
v -0.457713 0.921952 0.416278
v -0.465731 0.926495 0.415214
v -0.464253 0.925659 0.415881
v -0.465693 0.921908 0.416038
v -0.457744 0.926535 0.415951
v 0.473966 0.392823 -0.304412
v 0.473964 0.399342 -0.311818
v 0.475087 0.399317 -0.304366
v 0.473997 0.394749 -0.309663
v 0.474670 0.395593 -0.308686
v 0.474790 0.399341 -0.309630
v 0.474792 0.394731 -0.304393
v 0.467525 0.926336 -0.309116
v 0.467369 0.932776 -0.301643
v 0.468648 0.926311 -0.301664
v 0.467446 0.930906 -0.306914
v 0.468139 0.930068 -0.305945
v 0.468241 0.930889 -0.301644
v 0.468351 0.926335 -0.306928
v 0.467755 0.389645 0.300668
v 0.468875 0.396139 0.300714
v 0.467599 0.396085 0.308141
v 0.468580 0.391553 0.300687
v 0.468370 0.392369 0.304985
v 0.468470 0.396107 0.305971
v 0.467677 0.391515 0.305938
v 0.461157 0.929598 0.303437
v 0.461160 0.923079 0.310843
v 0.462436 0.923133 0.303416
v 0.461126 0.927672 0.308687
v 0.461839 0.926845 0.307725
v 0.462031 0.923101 0.308673
v 0.462029 0.927710 0.303436
v 0.376379 0.391636 -0.305420
v 0.375100 0.398101 -0.305399
v 0.376376 0.398155 -0.312826
v 0.375507 0.393523 -0.305419
v 0.375697 0.394389 -0.309708
v 0.375505 0.398133 -0.310656
v 0.376410 0.393561 -0.310671
v 0.369781 0.931589 -0.302651
v 0.369937 0.925148 -0.310124
v 0.368661 0.925095 -0.302697
v 0.369859 0.929719 -0.307922
v 0.369166 0.928864 -0.306968
v 0.369066 0.925127 -0.307954
v 0.368956 0.929681 -0.302670
v 0.370167 0.388458 0.299660
v 0.370012 0.394898 0.307133
v 0.368888 0.394923 0.299681
v 0.370090 0.390328 0.304930
v 0.369397 0.391165 0.303962
v 0.369185 0.394899 0.304945
v 0.369295 0.390345 0.299661
v 0.363570 0.928410 0.302429
v 0.362449 0.921916 0.302383
v 0.363572 0.921892 0.309835
v 0.362744 0.926502 0.302410
v 0.362866 0.925641 0.306703
v 0.362746 0.921893 0.307647
v 0.363539 0.926485 0.307679
v -0.371377 0.389599 -0.302568
v -0.371395 0.396102 -0.309989
v -0.370165 0.396077 -0.302554
v -0.371395 0.391513 -0.307824
v -0.370696 0.392349 -0.306858
v -0.370537 0.396093 -0.307813
v -0.370525 0.391495 -0.302566
v -0.370396 0.923138 -0.308405
v -0.370354 0.929596 -0.300945
v -0.369167 0.923114 -0.300970
v -0.370379 0.927714 -0.306212
v -0.369684 0.926869 -0.305252
v -0.369509 0.927696 -0.300955
v -0.369539 0.923130 -0.306229
v -0.368976 0.387776 0.302544
v -0.367764 0.394253 0.302559
v -0.368934 0.394233 0.310003
v -0.368124 0.389672 0.302546
v -0.368261 0.390500 0.306845
v -0.368094 0.394238 0.307821
v -0.368952 0.389658 0.307811
v -0.367953 0.927773 0.304167
v -0.367936 0.921270 0.311588
v -0.366766 0.921290 0.304143
v -0.367936 0.925859 0.309422
v -0.367249 0.925020 0.308451
v -0.367096 0.921275 0.309405
v -0.367108 0.925873 0.304158
v -0.468976 0.389783 -0.302181
v -0.470164 0.396265 -0.302156
v -0.468994 0.396285 -0.309601
v -0.469821 0.391682 -0.302172
v -0.469681 0.392536 -0.306465
v -0.469833 0.396280 -0.307419
v -0.468994 0.391697 -0.307436
v -0.467954 0.929780 -0.300558
v -0.467995 0.923322 -0.308017
v -0.469166 0.923302 -0.300572
v -0.467978 0.927897 -0.305824
v -0.468669 0.927055 -0.304859
v -0.468835 0.923317 -0.305835
v -0.468806 0.927883 -0.300560
v -0.466575 0.387959 0.302932
v -0.466533 0.394417 0.310391
v -0.467763 0.394442 0.302956
v -0.466551 0.389842 0.308198
v -0.467246 0.390687 0.307238
v -0.467391 0.394425 0.308216
v -0.467420 0.389859 0.302941
v -0.465552 0.927956 0.304555
v -0.466765 0.921479 0.304540
v -0.465535 0.921454 0.311975
v -0.466404 0.926060 0.304553
v -0.466233 0.925206 0.308845
v -0.466392 0.921462 0.309800
v -0.465535 0.926042 0.309810
v 0.455992 0.394511 -0.405184
v 0.455897 0.395542 -0.415016
v 0.467271 0.395481 -0.405285
v 0.455925 0.394843 -0.412139
v 0.462449 0.394964 -0.410924
v 0.463900 0.395528 -0.412211
v 0.463968 0.394799 -0.405259
v 0.455834 0.473620 -0.414453
v 0.455928 0.474509 -0.404607
v 0.467208 0.473559 -0.404722
v 0.455861 0.474278 -0.411566
v 0.462386 0.474150 -0.410353
v 0.463904 0.474235 -0.404685
v 0.463838 0.473606 -0.411648
v 0.463687 0.388743 0.395078
v 0.474966 0.389713 0.394977
v 0.463781 0.389632 0.404925
v 0.471663 0.389031 0.395004
v 0.470254 0.389113 0.400700
v 0.471729 0.389660 0.401966
v 0.463754 0.388974 0.402038
v 0.463623 0.468741 0.395656
v 0.463718 0.467710 0.405488
v 0.474903 0.467791 0.395540
v 0.463690 0.468410 0.402611
v 0.470190 0.468300 0.401271
v 0.471666 0.467738 0.402530
v 0.471599 0.468467 0.395577
v -0.461405 0.393712 -0.396368
v -0.472686 0.394662 -0.396253
v -0.461501 0.394743 -0.406201
v -0.469381 0.393986 -0.396290
v -0.467972 0.394153 -0.401984
v -0.469449 0.394715 -0.403242
v -0.461473 0.394043 -0.403324
v -0.461469 0.473710 -0.395791
v -0.461563 0.472821 -0.405637
v -0.472748 0.472740 -0.395690
v -0.461536 0.473479 -0.402751
v -0.468036 0.473339 -0.401412
v -0.469511 0.472793 -0.402679
v -0.469445 0.473422 -0.395717
v -0.453710 0.387944 0.403894
v -0.453616 0.388833 0.413740
v -0.464991 0.388894 0.404009
v -0.453644 0.388175 0.410854
v -0.460168 0.388303 0.409640
v -0.461620 0.388847 0.410935
v -0.461686 0.388218 0.403973
v -0.453774 0.467942 0.404471
v -0.465053 0.466972 0.404573
v -0.453679 0.466911 0.414304
v -0.461750 0.467653 0.404546
v -0.460232 0.467489 0.410212
v -0.461683 0.466924 0.411498
v -0.453707 0.467610 0.411427
v 0.019691 0.709330 -0.276360
v 0.019038 0.709905 -0.277522
v 0.020583 0.710293 -0.276981
v 0.019299 0.709402 -0.277140
v 0.019951 0.709626 -0.277315
v 0.019929 0.710082 -0.277579
v 0.020391 0.709676 -0.276757
v -0.008516 0.843121 -0.294255
v -0.008197 0.844164 -0.293297
v -0.006971 0.843508 -0.293714
v -0.008492 0.843762 -0.294016
v -0.007796 0.843776 -0.294165
v -0.007400 0.844035 -0.293634
v -0.007625 0.843298 -0.294311
v 0.099660 0.747793 -0.101822
v 0.100551 0.748756 -0.102443
v 0.099978 0.748836 -0.100864
v 0.100359 0.748139 -0.102219
v 0.100480 0.748359 -0.101553
v 0.100584 0.748876 -0.101541
v 0.099954 0.748196 -0.101102
v 0.071771 0.882627 -0.118758
v 0.072424 0.882052 -0.117596
v 0.072997 0.881972 -0.119175
v 0.072163 0.882555 -0.117979
v 0.072733 0.882509 -0.118403
v 0.073030 0.882092 -0.118274
v 0.072569 0.882499 -0.119095
v -0.154647 0.684004 -0.190903
v -0.155873 0.684660 -0.190486
v -0.155300 0.684580 -0.192065
v -0.155444 0.684133 -0.190566
v -0.155609 0.684123 -0.191258
v -0.155906 0.684540 -0.191387
v -0.155039 0.684076 -0.191682
v -0.182535 0.818838 -0.207839
v -0.182854 0.817796 -0.208797
v -0.183427 0.817875 -0.207218
v -0.182830 0.818436 -0.208559
v -0.183356 0.818273 -0.208108
v -0.183460 0.817755 -0.208120
v -0.183235 0.818493 -0.207442
v -0.074678 0.722468 -0.016365
v -0.074360 0.723511 -0.015406
v -0.075904 0.723123 -0.015947
v -0.074384 0.722870 -0.015645
v -0.075080 0.722856 -0.015496
v -0.075251 0.723333 -0.015350
v -0.075476 0.722596 -0.016027
v -0.102567 0.857302 -0.033301
v -0.103458 0.856339 -0.032680
v -0.101914 0.856726 -0.032139
v -0.103266 0.856956 -0.032904
v -0.102827 0.857006 -0.032346
v -0.102805 0.856549 -0.032082
v -0.102174 0.857230 -0.032521
v -0.213851 0.706167 -0.217380
v -0.214715 0.706761 -0.217676
v -0.213568 0.706826 -0.218200
v -0.214450 0.706328 -0.217596
v -0.214165 0.706434 -0.218036
v -0.214250 0.706795 -0.218176
v -0.213639 0.706375 -0.217966
v -0.219362 0.809534 -0.215047
v -0.218555 0.810188 -0.214719
v -0.218215 0.809599 -0.215571
v -0.219137 0.809984 -0.214944
v -0.218845 0.809927 -0.215389
v -0.218326 0.810030 -0.215315
v -0.218897 0.809567 -0.215547
v -0.076222 0.711074 -0.165921
v -0.075939 0.711734 -0.166741
v -0.075415 0.711728 -0.165592
v -0.076010 0.711282 -0.166507
v -0.075572 0.711375 -0.166216
v -0.075439 0.711744 -0.166275
v -0.075640 0.711278 -0.165695
v -0.080926 0.815095 -0.163259
v -0.080062 0.814500 -0.162963
v -0.080587 0.814506 -0.164111
v -0.080327 0.814933 -0.163043
v -0.080252 0.814869 -0.163568
v -0.080087 0.814517 -0.163646
v -0.080698 0.814937 -0.163855
v -0.265115 0.700327 -0.079715
v -0.265455 0.700915 -0.078863
v -0.265979 0.700921 -0.080012
v -0.265344 0.700484 -0.079120
v -0.265789 0.700553 -0.079406
v -0.265954 0.700904 -0.079329
v -0.265714 0.700488 -0.079932
v -0.269819 0.804347 -0.077054
v -0.270627 0.803693 -0.077383
v -0.270102 0.803688 -0.076234
v -0.270402 0.804143 -0.077280
v -0.270469 0.804046 -0.076759
v -0.270602 0.803677 -0.076700
v -0.270031 0.804139 -0.076468
v -0.127487 0.705234 -0.028256
v -0.126679 0.705888 -0.027928
v -0.127826 0.705822 -0.027404
v -0.126904 0.705438 -0.028030
v -0.127196 0.705494 -0.027586
v -0.127144 0.705854 -0.027428
v -0.127715 0.705391 -0.027660
v -0.132191 0.809255 -0.025595
v -0.132474 0.808595 -0.024775
v -0.131327 0.808660 -0.025298
v -0.132403 0.809047 -0.025008
v -0.131876 0.808987 -0.024939
v -0.131792 0.808626 -0.024799
v -0.131591 0.809093 -0.025379
v 0.213552 0.710332 -0.031667
v 0.213105 0.710904 -0.032745
v 0.214453 0.711152 -0.032121
v 0.213275 0.710433 -0.032393
v 0.213884 0.710598 -0.032488
v 0.213913 0.711012 -0.032715
v 0.214229 0.710607 -0.031952
v 0.197532 0.831852 -0.047022
v 0.197789 0.832749 -0.046116
v 0.198880 0.832100 -0.046397
v 0.197568 0.832419 -0.046792
v 0.198201 0.832394 -0.046865
v 0.198521 0.832594 -0.046351
v 0.198339 0.831960 -0.046991
v 0.271545 0.737082 0.131692
v 0.272447 0.737901 0.131238
v 0.271803 0.737979 0.132598
v 0.272222 0.737357 0.131407
v 0.272284 0.737535 0.132016
v 0.272404 0.737991 0.132047
v 0.271767 0.737412 0.132368
v 0.255783 0.859499 0.117243
v 0.256229 0.858927 0.118321
v 0.256873 0.858850 0.116962
v 0.256059 0.859399 0.117969
v 0.256601 0.859331 0.117640
v 0.256831 0.858940 0.117771
v 0.256515 0.859344 0.117008
v 0.049519 0.696355 0.028855
v 0.048429 0.697004 0.029136
v 0.049073 0.696927 0.027776
v 0.048787 0.696510 0.029089
v 0.048701 0.696522 0.028458
v 0.048471 0.696914 0.028327
v 0.049243 0.696455 0.028128
v 0.033757 0.818772 0.014405
v 0.033499 0.817875 0.013500
v 0.032855 0.817953 0.014859
v 0.033535 0.818442 0.013729
v 0.033018 0.818319 0.014081
v 0.032898 0.817863 0.014050
v 0.033080 0.818497 0.014690
v 0.107513 0.723104 0.192214
v 0.107770 0.724001 0.193119
v 0.106422 0.723754 0.192495
v 0.107734 0.723434 0.192890
v 0.107101 0.723460 0.192962
v 0.106963 0.723894 0.193088
v 0.106781 0.723260 0.192448
v 0.091750 0.845522 0.177764
v 0.090849 0.844702 0.178218
v 0.092197 0.844950 0.178843
v 0.091073 0.845246 0.178049
v 0.091418 0.845256 0.178586
v 0.091389 0.844842 0.178812
v 0.092027 0.845421 0.178491
v -0.176704 0.702850 -0.253948
v -0.177287 0.703421 -0.254632
v -0.176061 0.703485 -0.254511
v -0.177103 0.703002 -0.254428
v -0.176647 0.703100 -0.254661
v -0.176649 0.703451 -0.254825
v -0.176237 0.703047 -0.254342
v -0.182352 0.803783 -0.256193
v -0.181831 0.804430 -0.255528
v -0.181127 0.803846 -0.256072
v -0.182212 0.804225 -0.256002
v -0.181748 0.804165 -0.256233
v -0.181346 0.804270 -0.255917
v -0.181714 0.803812 -0.256386
v -0.085822 0.709163 -0.142981
v -0.085179 0.709798 -0.143543
v -0.085301 0.709811 -0.142316
v -0.085355 0.709360 -0.143375
v -0.085127 0.709458 -0.142915
v -0.084986 0.709818 -0.142905
v -0.085441 0.709369 -0.142507
v -0.090949 0.810743 -0.144561
v -0.090366 0.810172 -0.143877
v -0.090244 0.810159 -0.145104
v -0.090550 0.810592 -0.144081
v -0.090228 0.810523 -0.144487
v -0.090052 0.810179 -0.144466
v -0.090464 0.810583 -0.144949
v -0.287615 0.698669 -0.162875
v -0.288319 0.699253 -0.162331
v -0.288198 0.699240 -0.163558
v -0.288100 0.698829 -0.162486
v -0.288336 0.698890 -0.162948
v -0.288512 0.699233 -0.162969
v -0.288014 0.698820 -0.163354
v -0.292742 0.800249 -0.164454
v -0.293263 0.799601 -0.165119
v -0.293385 0.799614 -0.163892
v -0.293123 0.800043 -0.164928
v -0.293437 0.799955 -0.164520
v -0.293578 0.799595 -0.164530
v -0.293209 0.800053 -0.164061
v -0.196733 0.704982 -0.051907
v -0.196212 0.705630 -0.051243
v -0.197437 0.705566 -0.051363
v -0.196352 0.705187 -0.051433
v -0.196816 0.705247 -0.051203
v -0.196850 0.705600 -0.051049
v -0.197218 0.705142 -0.051519
v -0.201860 0.806562 -0.053487
v -0.202503 0.805927 -0.052924
v -0.201277 0.805991 -0.052804
v -0.202327 0.806366 -0.053093
v -0.201917 0.806312 -0.052775
v -0.201915 0.805962 -0.052610
v -0.201461 0.806411 -0.053008
v 0.241880 0.695373 0.049720
v 0.241041 0.695904 0.048592
v 0.242677 0.696383 0.048945
v 0.241377 0.695406 0.048966
v 0.242016 0.695658 0.048699
v 0.241941 0.696121 0.048418
v 0.242534 0.695745 0.049216
v 0.204922 0.831993 0.031118
v 0.205322 0.833115 0.032034
v 0.206558 0.832473 0.031471
v 0.204948 0.832664 0.031343
v 0.205644 0.832701 0.031103
v 0.206105 0.833003 0.031592
v 0.205822 0.832210 0.030944
v 0.343858 0.744044 0.217986
v 0.344655 0.745054 0.217211
v 0.344258 0.745166 0.218902
v 0.344513 0.744416 0.217482
v 0.344710 0.744670 0.218145
v 0.344795 0.745210 0.218130
v 0.344232 0.744495 0.218678
v 0.307300 0.881786 0.200301
v 0.308139 0.881255 0.201428
v 0.308536 0.881144 0.199737
v 0.307802 0.881753 0.201054
v 0.308337 0.881714 0.200549
v 0.308676 0.881299 0.200656
v 0.308083 0.881674 0.199858
v 0.074488 0.665096 0.159926
v 0.073252 0.665739 0.160489
v 0.073649 0.665627 0.158798
v 0.073705 0.665208 0.160368
v 0.073451 0.665169 0.159677
v 0.073112 0.665584 0.159570
v 0.073986 0.665129 0.159172
v 0.037930 0.802838 0.142240
v 0.037530 0.801716 0.141324
v 0.037133 0.801828 0.143015
v 0.037556 0.802387 0.141548
v 0.037078 0.802212 0.142081
v 0.036993 0.801673 0.142097
v 0.037275 0.802466 0.142744
v 0.176466 0.713767 0.328192
v 0.176866 0.714889 0.329108
v 0.175230 0.714410 0.328755
v 0.176840 0.714218 0.328884
v 0.176144 0.714181 0.329124
v 0.175966 0.714673 0.329282
v 0.175683 0.713879 0.328634
v 0.139908 0.851510 0.310506
v 0.139111 0.850499 0.311282
v 0.140747 0.850979 0.311634
v 0.139254 0.851137 0.311011
v 0.139772 0.851225 0.311528
v 0.139847 0.850762 0.311808
v 0.140411 0.851476 0.311260
v -0.005868 0.760049 -0.161518
v -0.006966 0.760638 -0.161811
v -0.005662 0.760867 -0.162481
v -0.006598 0.760165 -0.161739
v -0.006302 0.760331 -0.162267
v -0.006453 0.760744 -0.162420
v -0.005677 0.760327 -0.162212
v -0.025156 0.880014 -0.156352
v -0.024279 0.880875 -0.155993
v -0.023852 0.880243 -0.157021
v -0.024945 0.880566 -0.156233
v -0.024620 0.880544 -0.156770
v -0.024023 0.880728 -0.156706
v -0.024643 0.880120 -0.156960
v 0.156719 0.782366 -0.107794
v 0.156925 0.783185 -0.108756
v 0.157596 0.783227 -0.107434
v 0.156911 0.782645 -0.108488
v 0.157425 0.782805 -0.108166
v 0.157531 0.783253 -0.108234
v 0.157385 0.782675 -0.107554
v 0.138308 0.903192 -0.102268
v 0.139406 0.902603 -0.101975
v 0.138735 0.902561 -0.103297
v 0.139039 0.903076 -0.102047
v 0.139108 0.903018 -0.102669
v 0.139340 0.902629 -0.102775
v 0.138564 0.903046 -0.102982
v -0.057917 0.744621 0.002408
v -0.058343 0.745252 0.003437
v -0.059015 0.745210 0.002115
v -0.058173 0.744767 0.003122
v -0.058716 0.744795 0.002809
v -0.058949 0.745184 0.002915
v -0.058647 0.744737 0.002187
v -0.076328 0.865447 0.007934
v -0.077205 0.864586 0.007575
v -0.076534 0.864628 0.008896
v -0.076994 0.865139 0.007694
v -0.077034 0.865008 0.008306
v -0.077139 0.864560 0.008374
v -0.076519 0.865168 0.008628
v 0.104670 0.766939 0.056133
v 0.105547 0.767799 0.056492
v 0.104244 0.767570 0.057161
v 0.105336 0.767247 0.056373
v 0.105011 0.767269 0.056910
v 0.105035 0.767693 0.057100
v 0.104415 0.767085 0.056846
v 0.086259 0.887764 0.061658
v 0.086054 0.886946 0.062621
v 0.087357 0.887175 0.061951
v 0.086068 0.887486 0.062353
v 0.086694 0.887482 0.062407
v 0.086844 0.887069 0.062560
v 0.086990 0.887648 0.061879
v 0.188223 0.697833 -0.263197
v 0.188132 0.698401 -0.264441
v 0.189249 0.698728 -0.263360
v 0.188196 0.697916 -0.264019
v 0.188828 0.698115 -0.263907
v 0.188921 0.698549 -0.264134
v 0.188985 0.698148 -0.263255
v 0.173296 0.824915 -0.287393
v 0.173207 0.825884 -0.286428
v 0.174413 0.825242 -0.286313
v 0.173233 0.825517 -0.287168
v 0.173889 0.825516 -0.287021
v 0.174023 0.825748 -0.286404
v 0.174085 0.825063 -0.287087
v 0.188446 0.730865 -0.081268
v 0.189472 0.731760 -0.081432
v 0.188358 0.731834 -0.080303
v 0.189209 0.731179 -0.081326
v 0.189053 0.731378 -0.080703
v 0.189146 0.731864 -0.080644
v 0.188421 0.731232 -0.080528
v 0.173431 0.858915 -0.104499
v 0.173522 0.858348 -0.103255
v 0.174636 0.858274 -0.104384
v 0.173458 0.858832 -0.103677
v 0.174113 0.858779 -0.103816
v 0.174310 0.858378 -0.103596
v 0.174246 0.858780 -0.104475
v 0.004539 0.677020 -0.259192
v 0.003333 0.677662 -0.259307
v 0.004447 0.677588 -0.260437
v 0.003724 0.677156 -0.259216
v 0.003856 0.677156 -0.259875
v 0.003659 0.677557 -0.260096
v 0.004512 0.677103 -0.260014
v -0.010477 0.805071 -0.282423
v -0.010388 0.804102 -0.283389
v -0.011502 0.804176 -0.282260
v -0.010451 0.804704 -0.283164
v -0.011084 0.804557 -0.282988
v -0.011177 0.804071 -0.283048
v -0.011239 0.804756 -0.282365
v 0.004762 0.710052 -0.077264
v 0.004673 0.711021 -0.076298
v 0.003556 0.710694 -0.077379
v 0.004737 0.710419 -0.076523
v 0.004081 0.710419 -0.076671
v 0.003884 0.710873 -0.076605
v 0.003947 0.710187 -0.077287
v -0.010254 0.838102 -0.100495
v -0.011279 0.837208 -0.100331
v -0.010162 0.837535 -0.099251
v -0.011016 0.837788 -0.100437
v -0.010859 0.837820 -0.099784
v -0.010951 0.837386 -0.099557
v -0.010226 0.838019 -0.099673
v 0.140902 0.704642 -0.091114
v 0.139788 0.705217 -0.091554
v 0.141206 0.705497 -0.092084
v 0.140173 0.704738 -0.091433
v 0.140538 0.704920 -0.091941
v 0.140388 0.705343 -0.092119
v 0.141175 0.704937 -0.091807
v 0.116504 0.828483 -0.088696
v 0.117335 0.829405 -0.088221
v 0.117922 0.828763 -0.089225
v 0.116689 0.829063 -0.088549
v 0.117091 0.829050 -0.089062
v 0.117692 0.829261 -0.088924
v 0.117104 0.828610 -0.089260
v 0.301012 0.733136 -0.015716
v 0.301317 0.733992 -0.016686
v 0.301843 0.734058 -0.015240
v 0.301286 0.733431 -0.016409
v 0.301771 0.733614 -0.016014
v 0.301874 0.734083 -0.016073
v 0.301658 0.733478 -0.015387
v 0.277446 0.857899 -0.012822
v 0.278560 0.857324 -0.012382
v 0.278033 0.857258 -0.013827
v 0.278175 0.857802 -0.012503
v 0.278324 0.857745 -0.013135
v 0.278590 0.857349 -0.013214
v 0.277802 0.857756 -0.013525
v 0.067482 0.687003 0.071461
v 0.066894 0.687644 0.072466
v 0.066368 0.687578 0.071021
v 0.067125 0.687146 0.072164
v 0.066603 0.687158 0.071774
v 0.066337 0.687553 0.071853
v 0.066753 0.687100 0.071142
v 0.043915 0.811766 0.074355
v 0.043084 0.810845 0.073879
v 0.043611 0.810910 0.075325
v 0.043269 0.811425 0.074026
v 0.043156 0.811288 0.074653
v 0.043054 0.810820 0.074712
v 0.043641 0.811471 0.075048
v 0.227592 0.715498 0.146860
v 0.228423 0.716419 0.147335
v 0.227005 0.716139 0.147864
v 0.228238 0.715839 0.147188
v 0.227837 0.715852 0.147701
v 0.227823 0.716293 0.147899
v 0.227236 0.715641 0.147563
v 0.204026 0.840261 0.149753
v 0.203721 0.839405 0.150723
v 0.205140 0.839685 0.150194
v 0.203752 0.839966 0.150446
v 0.204390 0.839982 0.150580
v 0.204540 0.839559 0.150758
v 0.204755 0.840164 0.150072
v 0.035113 0.744403 -0.092368
v 0.034001 0.745004 -0.092555
v 0.035232 0.745211 -0.093350
v 0.034367 0.744528 -0.092516
v 0.034611 0.744686 -0.093071
v 0.034451 0.745099 -0.093211
v 0.035238 0.744674 -0.093078
v 0.018021 0.864423 -0.086245
v 0.018939 0.865272 -0.085981
v 0.019252 0.864630 -0.087040
v 0.018250 0.864972 -0.086152
v 0.018519 0.864942 -0.086717
v 0.019120 0.865118 -0.086714
v 0.018472 0.864518 -0.086900
v 0.202180 0.764797 -0.055235
v 0.202299 0.765605 -0.056217
v 0.203097 0.765646 -0.054971
v 0.202304 0.765068 -0.055945
v 0.202849 0.765223 -0.055678
v 0.202953 0.765668 -0.055759
v 0.202869 0.765097 -0.055064
v 0.186006 0.885666 -0.048848
v 0.187117 0.885064 -0.048661
v 0.186319 0.885023 -0.049907
v 0.186751 0.885541 -0.048700
v 0.186757 0.885479 -0.049323
v 0.186973 0.885087 -0.049448
v 0.186187 0.885512 -0.049581
v -0.000575 0.730746 0.075698
v -0.000889 0.731389 0.076757
v -0.001687 0.731348 0.075510
v -0.000757 0.730900 0.076431
v -0.001327 0.730934 0.076173
v -0.001543 0.731325 0.076298
v -0.001321 0.730871 0.075549
v -0.016749 0.851616 0.082085
v -0.017667 0.850766 0.081821
v -0.016869 0.850807 0.083067
v -0.017438 0.851315 0.081914
v -0.017419 0.851190 0.082527
v -0.017523 0.850744 0.082608
v -0.016874 0.851344 0.082795
v 0.166492 0.751140 0.112831
v 0.167409 0.751989 0.113095
v 0.166178 0.751782 0.113890
v 0.167181 0.751440 0.113001
v 0.166911 0.751470 0.113566
v 0.166959 0.751894 0.113750
v 0.166310 0.751294 0.113564
v 0.150318 0.872009 0.119218
v 0.150198 0.871201 0.120200
v 0.151429 0.871408 0.119405
v 0.150193 0.871738 0.119928
v 0.150819 0.871726 0.119921
v 0.150979 0.871313 0.120060
v 0.151063 0.871884 0.119366
v 0.064378 0.712505 0.029178
v 0.063503 0.713073 0.028180
v 0.065115 0.713467 0.028392
v 0.063837 0.712574 0.028500
v 0.064436 0.712800 0.028196
v 0.064358 0.713254 0.027944
v 0.064977 0.712852 0.028650
v 0.032522 0.845450 0.017498
v 0.033022 0.846491 0.018366
v 0.034134 0.845845 0.017710
v 0.032590 0.846088 0.017725
v 0.033238 0.846106 0.017438
v 0.033730 0.846367 0.017875
v 0.033377 0.845631 0.017261
v 0.177615 0.751408 0.182862
v 0.178352 0.752370 0.182076
v 0.178115 0.752448 0.183730
v 0.178214 0.751755 0.182333
v 0.178467 0.751975 0.182957
v 0.178567 0.752491 0.182947
v 0.178046 0.751810 0.183503
v 0.146258 0.885393 0.172050
v 0.147134 0.884826 0.173048
v 0.147371 0.884748 0.171393
v 0.146800 0.885325 0.172729
v 0.147269 0.885281 0.172199
v 0.147586 0.884868 0.172264
v 0.146967 0.885270 0.171559
v -0.087849 0.686462 0.147935
v -0.088962 0.687108 0.148591
v -0.088725 0.687030 0.146937
v -0.088558 0.686586 0.148426
v -0.088859 0.686574 0.147785
v -0.089177 0.686987 0.147720
v -0.088390 0.686531 0.147256
v -0.119206 0.820448 0.137123
v -0.119706 0.819408 0.136254
v -0.119942 0.819486 0.137909
v -0.119637 0.820045 0.136482
v -0.120057 0.819880 0.137028
v -0.120158 0.819365 0.137038
v -0.119805 0.820100 0.137652
v 0.025388 0.725365 0.301618
v 0.025887 0.726405 0.302487
v 0.024275 0.726011 0.302275
v 0.025819 0.725768 0.302259
v 0.025171 0.725750 0.302546
v 0.025032 0.726224 0.302723
v 0.024679 0.725489 0.302109
v -0.005969 0.859351 0.290806
v -0.006706 0.858389 0.291592
v -0.005093 0.858783 0.291804
v -0.006568 0.859003 0.291335
v -0.006026 0.859056 0.291789
v -0.005948 0.858602 0.292041
v -0.005428 0.859282 0.291485
v -0.210639 0.720445 -0.069956
v -0.211536 0.721026 -0.070133
v -0.210486 0.721083 -0.070817
v -0.211261 0.720599 -0.070084
v -0.211047 0.720694 -0.070560
v -0.211152 0.721050 -0.070693
v -0.210519 0.720639 -0.070568
v -0.216373 0.823130 -0.069057
v -0.215536 0.823789 -0.068867
v -0.215323 0.823186 -0.069741
v -0.216140 0.823579 -0.068999
v -0.215918 0.823514 -0.069477
v -0.215398 0.823620 -0.069483
v -0.215990 0.823154 -0.069617
v -0.067905 0.726889 -0.039764
v -0.067752 0.727527 -0.040625
v -0.067068 0.727548 -0.039574
v -0.067785 0.727083 -0.040376
v -0.067312 0.727184 -0.040157
v -0.067193 0.727549 -0.040242
v -0.067301 0.727098 -0.039633
v -0.072802 0.830233 -0.038676
v -0.071906 0.829652 -0.038499
v -0.072590 0.829631 -0.039550
v -0.072180 0.830079 -0.038548
v -0.072183 0.830004 -0.039073
v -0.072030 0.829653 -0.039166
v -0.072664 0.830064 -0.039291
v -0.240728 0.717514 0.072915
v -0.240940 0.718116 0.073789
v -0.241624 0.718095 0.072738
v -0.240866 0.717683 0.073530
v -0.241346 0.717743 0.073313
v -0.241499 0.718094 0.073405
v -0.241349 0.717668 0.072787
v -0.245624 0.820858 0.074004
v -0.246461 0.820199 0.073814
v -0.245777 0.820220 0.074865
v -0.246228 0.820649 0.073872
v -0.246217 0.820563 0.074396
v -0.246337 0.820198 0.074481
v -0.245745 0.820664 0.074615
v -0.097994 0.723958 0.103107
v -0.097156 0.724618 0.103297
v -0.098206 0.724561 0.103981
v -0.097390 0.724168 0.103238
v -0.097611 0.724233 0.103716
v -0.097539 0.724594 0.103856
v -0.098132 0.724127 0.103722
v -0.102890 0.827302 0.104195
v -0.103043 0.826665 0.105057
v -0.101994 0.826721 0.104372
v -0.103011 0.827108 0.104807
v -0.102483 0.827053 0.104799
v -0.102377 0.826697 0.104932
v -0.102269 0.827148 0.104323
v -0.196839 0.703258 -0.275694
v -0.197853 0.703844 -0.275900
v -0.196684 0.703997 -0.276614
v -0.197526 0.703392 -0.275851
v -0.197282 0.703527 -0.276363
v -0.197417 0.703914 -0.276501
v -0.196700 0.703500 -0.276355
v -0.209746 0.815421 -0.271557
v -0.208877 0.816190 -0.271298
v -0.208577 0.815573 -0.272270
v -0.209521 0.815927 -0.271470
v -0.209259 0.815886 -0.271989
v -0.208695 0.816035 -0.271975
v -0.209310 0.815491 -0.272157
v -0.041767 0.718300 -0.237481
v -0.041612 0.719039 -0.238400
v -0.040897 0.719069 -0.237223
v -0.041627 0.718542 -0.238142
v -0.041122 0.718674 -0.237882
v -0.041012 0.719085 -0.237959
v -0.041122 0.718563 -0.237310
v -0.053804 0.831232 -0.233085
v -0.052790 0.830646 -0.232880
v -0.053505 0.830615 -0.234057
v -0.053117 0.831098 -0.232929
v -0.053099 0.831033 -0.233508
v -0.052905 0.830662 -0.233616
v -0.053622 0.831076 -0.233761
v -0.234227 0.693213 -0.120018
v -0.234526 0.693829 -0.119046
v -0.235241 0.693799 -0.120224
v -0.234408 0.693368 -0.119342
v -0.234932 0.693411 -0.119595
v -0.235125 0.693783 -0.119487
v -0.234914 0.693347 -0.120174
v -0.246264 0.806144 -0.115622
v -0.247134 0.805376 -0.115880
v -0.246419 0.805406 -0.114703
v -0.246909 0.805881 -0.115794
v -0.246908 0.805770 -0.115221
v -0.247018 0.805359 -0.115144
v -0.246404 0.805903 -0.114961
v -0.079154 0.708255 -0.081805
v -0.078285 0.709024 -0.081546
v -0.079453 0.708871 -0.080833
v -0.078509 0.708518 -0.081633
v -0.078772 0.708559 -0.081114
v -0.078721 0.708954 -0.080946
v -0.079336 0.708410 -0.081129
v -0.091192 0.821186 -0.077409
v -0.091347 0.820448 -0.076490
v -0.090178 0.820600 -0.077203
v -0.091331 0.820945 -0.076748
v -0.090749 0.820918 -0.076740
v -0.090614 0.820530 -0.076602
v -0.090505 0.821053 -0.077252
v -0.360811 0.837097 -0.319253
v -0.361163 0.838081 -0.327178
v -0.356285 0.840022 -0.319238
v -0.360897 0.837376 -0.324855
v -0.358114 0.838617 -0.323816
v -0.357697 0.839444 -0.324844
v -0.357448 0.838749 -0.319241
v -0.393081 0.919916 -0.327575
v -0.393514 0.920945 -0.319660
v -0.388202 0.921857 -0.319635
v -0.393370 0.920634 -0.325259
v -0.390485 0.921614 -0.324219
v -0.389921 0.922007 -0.319644
v -0.389614 0.921279 -0.325241
v -0.364125 0.838929 0.324896
v -0.359599 0.841854 0.324911
v -0.364558 0.839958 0.332811
v -0.360762 0.840580 0.324908
v -0.361474 0.840475 0.329478
v -0.361068 0.841308 0.330505
v -0.364269 0.839240 0.330495
v -0.396828 0.922776 0.324489
v -0.396476 0.921793 0.332414
v -0.391516 0.923689 0.324514
v -0.396742 0.922498 0.330091
v -0.393845 0.923472 0.329075
v -0.392986 0.923143 0.330108
v -0.393234 0.923838 0.324505
v -0.760892 0.681048 -0.320868
v -0.766204 0.680135 -0.320892
v -0.761244 0.682031 -0.328792
v -0.764486 0.679986 -0.320883
v -0.763875 0.680352 -0.325454
v -0.764734 0.680681 -0.326487
v -0.760978 0.681327 -0.326469
v -0.793595 0.764895 -0.321274
v -0.793162 0.763866 -0.329189
v -0.798121 0.761970 -0.321289
v -0.793451 0.764585 -0.326873
v -0.796245 0.763349 -0.325856
v -0.796652 0.762516 -0.326884
v -0.796958 0.763244 -0.321287
v -0.764206 0.682880 0.323281
v -0.764639 0.683908 0.331196
v -0.769518 0.681967 0.323257
v -0.764350 0.683190 0.328880
v -0.767235 0.682210 0.327840
v -0.768106 0.682545 0.328863
v -0.767799 0.681818 0.323266
v -0.796909 0.766727 0.322875
v -0.801435 0.763802 0.322860
v -0.796557 0.765743 0.330800
v -0.800272 0.765076 0.322862
v -0.799606 0.765207 0.327438
v -0.800023 0.764380 0.328466
v -0.796822 0.766448 0.328476
v 0.058415 0.484549 -0.424129
v 0.058410 0.484760 -0.429288
v 0.059136 0.484738 -0.424129
v 0.058411 0.484619 -0.427777
v 0.058828 0.484639 -0.427108
v 0.058921 0.484752 -0.427777
v 0.058925 0.484603 -0.424129
v 0.058542 0.516376 -0.429169
v 0.058549 0.516548 -0.424008
v 0.059268 0.516353 -0.424010
v 0.058544 0.516506 -0.427657
v 0.058961 0.516477 -0.426988
v 0.059058 0.516490 -0.424009
v 0.059053 0.516368 -0.427658
v 0.059445 0.481347 0.425545
v 0.060166 0.481536 0.425545
v 0.059452 0.481519 0.430706
v 0.059955 0.481401 0.425545
v 0.059865 0.481415 0.428524
v 0.059960 0.481523 0.429194
v 0.059450 0.481389 0.429194
v 0.059579 0.513346 0.425665
v 0.059585 0.513135 0.430824
v 0.060298 0.513151 0.425664
v 0.059583 0.513276 0.429314
v 0.059998 0.513252 0.428644
v 0.060092 0.513139 0.429313
v 0.060088 0.513288 0.425664
v -0.060144 0.485044 -0.423983
v -0.060863 0.485239 -0.423981
v -0.060149 0.485255 -0.429142
v -0.060653 0.485102 -0.423982
v -0.060563 0.485138 -0.426961
v -0.060656 0.485252 -0.427630
v -0.060148 0.485114 -0.427631
v -0.060010 0.517043 -0.423862
v -0.060017 0.516871 -0.429023
v -0.060731 0.516854 -0.423862
v -0.060015 0.517001 -0.427511
v -0.060430 0.516975 -0.426841
v -0.060524 0.516867 -0.427511
v -0.060519 0.516989 -0.423862
v -0.059113 0.481842 0.425690
v -0.059106 0.482015 0.430851
v -0.059833 0.482037 0.425692
v -0.059109 0.481884 0.429339
v -0.059525 0.481914 0.428670
v -0.059617 0.482022 0.429340
v -0.059622 0.481900 0.425691
v -0.058980 0.513841 0.425811
v -0.059701 0.513652 0.425811
v -0.058974 0.513630 0.430970
v -0.059489 0.513787 0.425811
v -0.059392 0.513751 0.428790
v -0.059485 0.513638 0.429459
v -0.058976 0.513771 0.429459
v 0.058059 0.784315 -0.424333
v 0.058043 0.784523 -0.429492
v 0.058780 0.784501 -0.424335
v 0.058047 0.784383 -0.427981
v 0.058465 0.784402 -0.427313
v 0.058557 0.784514 -0.427983
v 0.058568 0.784367 -0.424335
v 0.058290 0.816138 -0.429395
v 0.058309 0.816314 -0.424235
v 0.059027 0.816116 -0.424238
v 0.058296 0.816269 -0.427884
v 0.058714 0.816239 -0.427216
v 0.058817 0.816254 -0.424237
v 0.058804 0.816129 -0.427886
v 0.060930 0.781686 0.425338
v 0.061651 0.781872 0.425336
v 0.060948 0.781862 0.430499
v 0.061439 0.781738 0.425337
v 0.061356 0.781754 0.428316
v 0.061452 0.781862 0.428986
v 0.060942 0.781731 0.428987
v 0.061180 0.813685 0.425436
v 0.061196 0.813477 0.430596
v 0.061898 0.813487 0.425433
v 0.061191 0.813617 0.429085
v 0.061605 0.813591 0.428414
v 0.061700 0.813477 0.429083
v 0.061688 0.813624 0.425434
v -0.060497 0.785240 -0.423930
v -0.061216 0.785438 -0.423927
v -0.060513 0.785448 -0.429089
v -0.061006 0.785301 -0.423928
v -0.060922 0.785334 -0.426907
v -0.061017 0.785448 -0.427576
v -0.060509 0.785308 -0.427578
v -0.060247 0.817239 -0.423831
v -0.060266 0.817063 -0.428992
v -0.060968 0.817053 -0.423830
v -0.060260 0.817194 -0.427480
v -0.060673 0.817171 -0.426809
v -0.060770 0.817062 -0.427479
v -0.060757 0.817187 -0.423830
v -0.057626 0.782611 0.425742
v -0.057607 0.782787 0.430902
v -0.058345 0.782809 0.425745
v -0.057613 0.782656 0.429390
v -0.058031 0.782686 0.428722
v -0.058121 0.782796 0.429393
v -0.058135 0.782671 0.425743
v -0.057376 0.814610 0.425840
v -0.058098 0.814423 0.425842
v -0.057360 0.814402 0.430999
v -0.057886 0.814558 0.425841
v -0.057782 0.814523 0.428820
v -0.057874 0.814411 0.429490
v -0.057364 0.814542 0.429488
v 0.513608 0.012878 -0.419015
v 0.513628 0.015696 -0.429352
v 0.526362 0.015603 -0.419050
v 0.513607 0.013678 -0.426318
v 0.520957 0.013971 -0.424991
v 0.522626 0.015605 -0.426342
v 0.522612 0.013612 -0.419033
v 0.516467 0.249915 -0.430745
v 0.516517 0.252856 -0.420442
v 0.529201 0.249822 -0.420443
v 0.516496 0.251969 -0.427735
v 0.523837 0.251514 -0.426403
v 0.525501 0.251903 -0.420450
v 0.525465 0.249824 -0.427735
v 0.514833 0.017854 0.420329
v 0.527587 0.020579 0.420294
v 0.514883 0.020794 0.430632
v 0.523837 0.018588 0.420312
v 0.522200 0.019017 0.426270
v 0.523872 0.020667 0.427597
v 0.514854 0.018740 0.427621
v 0.517742 0.257832 0.418902
v 0.517722 0.255013 0.429239
v 0.530426 0.254798 0.418902
v 0.517743 0.257032 0.426205
v 0.525080 0.256561 0.424857
v 0.526712 0.254886 0.426204
v 0.526726 0.256879 0.418895
v -0.520875 0.025427 -0.417580
v -0.533559 0.028461 -0.417579
v -0.520855 0.028246 -0.427917
v -0.529859 0.026380 -0.417572
v -0.528212 0.026698 -0.423535
v -0.529845 0.028373 -0.424882
v -0.520876 0.026228 -0.424882
v -0.517966 0.265406 -0.419007
v -0.518016 0.262465 -0.429309
v -0.530720 0.262680 -0.418972
v -0.517987 0.264519 -0.426299
v -0.525333 0.264242 -0.424947
v -0.527005 0.262592 -0.426274
v -0.526970 0.264671 -0.418989
v -0.519650 0.030403 0.421765
v -0.519600 0.033344 0.432068
v -0.532334 0.033437 0.421765
v -0.519629 0.031290 0.429057
v -0.526970 0.031745 0.427726
v -0.528598 0.033435 0.429057
v -0.528633 0.031356 0.421772
v -0.516741 0.270381 0.420338
v -0.529494 0.267656 0.420373
v -0.516760 0.267563 0.430675
v -0.525745 0.269647 0.420355
v -0.524090 0.269289 0.426313
v -0.525759 0.267654 0.427665
v -0.516740 0.269581 0.427640
v 0.467904 0.200513 -0.424671
v 0.467862 0.205793 -0.426233
v 0.469412 0.205808 -0.424663
v 0.467896 0.202059 -0.425775
v 0.468788 0.202753 -0.425567
v 0.468962 0.205804 -0.425769
v 0.468992 0.202071 -0.424665
v 0.463600 0.635212 -0.426351
v 0.463538 0.640492 -0.424793
v 0.465151 0.635227 -0.424782
v 0.463560 0.638945 -0.425896
v 0.464467 0.638269 -0.425687
v 0.464657 0.638956 -0.424786
v 0.464701 0.635223 -0.425888
v 0.467117 0.200540 -0.297794
v 0.468625 0.205836 -0.297786
v 0.467055 0.205821 -0.296235
v 0.468205 0.202098 -0.297787
v 0.467990 0.202781 -0.296888
v 0.468161 0.205831 -0.296685
v 0.467095 0.202087 -0.296691
v 0.462751 0.640519 -0.297915
v 0.462794 0.635239 -0.296354
v 0.464363 0.635255 -0.297904
v 0.462760 0.638973 -0.296812
v 0.463668 0.638296 -0.297009
v 0.463900 0.635250 -0.296804
v 0.463869 0.638983 -0.297908
v 0.341033 0.199254 -0.425458
v 0.339421 0.204518 -0.425469
v 0.340990 0.204533 -0.427020
v 0.339915 0.200789 -0.425465
v 0.340116 0.201476 -0.426365
v 0.339884 0.204523 -0.426570
v 0.341024 0.200800 -0.426562
v 0.336667 0.639232 -0.425580
v 0.336729 0.633952 -0.427138
v 0.335159 0.633937 -0.425588
v 0.336689 0.637686 -0.426683
v 0.335794 0.636992 -0.426486
v 0.335623 0.633941 -0.426688
v 0.335579 0.637675 -0.425586
v 0.340246 0.199281 -0.298581
v 0.340184 0.204561 -0.297022
v 0.338634 0.204545 -0.298592
v 0.340224 0.200828 -0.297478
v 0.339317 0.201504 -0.297686
v 0.339084 0.204550 -0.297486
v 0.339127 0.200817 -0.298588
v 0.335880 0.639260 -0.298702
v 0.334372 0.633964 -0.298711
v 0.335922 0.633980 -0.297141
v 0.334792 0.637702 -0.298709
v 0.334996 0.637019 -0.297807
v 0.334822 0.633969 -0.297605
v 0.335888 0.637713 -0.297599
v 0.465679 0.199990 0.300835
v 0.465692 0.205249 0.299207
v 0.467240 0.205269 0.300779
v 0.465688 0.201522 0.299712
v 0.466587 0.202209 0.299913
v 0.466791 0.205255 0.299672
v 0.466782 0.201536 0.300824
v 0.465759 0.634653 0.293625
v 0.465748 0.639952 0.295116
v 0.467307 0.634673 0.295197
v 0.465756 0.638392 0.294033
v 0.466655 0.637709 0.294251
v 0.466850 0.638406 0.295145
v 0.466858 0.634658 0.294090
v 0.464700 0.201639 0.427701
v 0.466261 0.206918 0.427644
v 0.464689 0.206939 0.429192
v 0.465803 0.203185 0.427689
v 0.465594 0.203882 0.428579
v 0.465795 0.206933 0.428743
v 0.464692 0.203200 0.428783
v 0.464769 0.641602 0.421982
v 0.464756 0.636342 0.423610
v 0.466328 0.636322 0.422062
v 0.464760 0.640070 0.423105
v 0.465662 0.639382 0.422918
v 0.465862 0.636336 0.423162
v 0.465872 0.640055 0.422010
v 0.338803 0.199997 0.299856
v 0.337243 0.205276 0.299775
v 0.338815 0.205256 0.298228
v 0.337700 0.201543 0.299828
v 0.337909 0.202216 0.298920
v 0.337709 0.205262 0.298676
v 0.338811 0.201529 0.298733
v 0.338871 0.639960 0.294137
v 0.338883 0.634660 0.292646
v 0.337310 0.634680 0.294194
v 0.338880 0.638399 0.293054
v 0.337977 0.637716 0.293259
v 0.337776 0.634666 0.293094
v 0.337768 0.638413 0.294149
v 0.337824 0.201646 0.426722
v 0.337813 0.206946 0.428213
v 0.336265 0.206926 0.426641
v 0.337816 0.203207 0.427804
v 0.336917 0.203889 0.427586
v 0.336713 0.206940 0.427747
v 0.336721 0.203192 0.426693
v 0.337893 0.641609 0.421003
v 0.336332 0.636329 0.421059
v 0.337880 0.636350 0.422631
v 0.336789 0.640063 0.421014
v 0.336985 0.639389 0.421925
v 0.336780 0.636344 0.422166
v 0.337884 0.640077 0.422126
v -0.340881 0.199343 -0.425871
v -0.340816 0.204630 -0.427406
v -0.339252 0.204602 -0.425851
v -0.340864 0.200894 -0.426966
v -0.339954 0.201566 -0.426764
v -0.339712 0.204613 -0.426952
v -0.339758 0.200874 -0.425867
v -0.335157 0.634028 -0.425390
v -0.335083 0.639300 -0.423806
v -0.333593 0.634000 -0.423835
v -0.335107 0.637759 -0.424916
v -0.334215 0.637061 -0.424720
v -0.334000 0.637739 -0.423816
v -0.334053 0.634011 -0.424937
v -0.340501 0.198742 -0.298993
v -0.338872 0.204001 -0.298973
v -0.340427 0.204014 -0.297408
v -0.339378 0.200274 -0.298989
v -0.339569 0.200957 -0.298084
v -0.339325 0.204002 -0.297868
v -0.340478 0.200283 -0.297882
v -0.334703 0.638699 -0.296928
v -0.334768 0.633412 -0.295393
v -0.333213 0.633399 -0.296957
v -0.334720 0.637148 -0.295832
v -0.333829 0.636452 -0.296040
v -0.333666 0.633400 -0.295853
v -0.333620 0.637138 -0.296938
v -0.467750 0.201013 -0.425483
v -0.469240 0.206313 -0.425453
v -0.467685 0.206300 -0.427018
v -0.468832 0.202574 -0.425472
v -0.468624 0.203260 -0.426370
v -0.468787 0.206312 -0.426558
v -0.467733 0.202564 -0.426579
v -0.461952 0.640970 -0.423418
v -0.462026 0.635698 -0.425003
v -0.463581 0.635711 -0.423438
v -0.461975 0.639429 -0.424528
v -0.462884 0.638755 -0.424326
v -0.463127 0.635710 -0.424542
v -0.463075 0.639438 -0.423422
v -0.467370 0.200412 -0.298605
v -0.467295 0.205684 -0.297020
v -0.468860 0.205712 -0.298575
v -0.467346 0.201953 -0.297494
v -0.468238 0.202651 -0.297691
v -0.468400 0.205701 -0.297473
v -0.468452 0.201973 -0.298594
v -0.461571 0.640369 -0.296540
v -0.463201 0.635110 -0.296560
v -0.461636 0.635082 -0.295005
v -0.462695 0.638838 -0.296544
v -0.462499 0.638146 -0.295647
v -0.462741 0.635099 -0.295458
v -0.461589 0.638818 -0.295444
v -0.338524 0.198505 0.296594
v -0.338460 0.203794 0.295068
v -0.336900 0.203765 0.296628
v -0.338505 0.200058 0.295501
v -0.337596 0.200731 0.295708
v -0.337357 0.203778 0.295525
v -0.337402 0.200038 0.296604
v -0.333279 0.633194 0.297865
v -0.333215 0.638463 0.299459
v -0.331719 0.633165 0.299424
v -0.333234 0.636924 0.298346
v -0.332342 0.636227 0.298544
v -0.332131 0.636904 0.299449
v -0.332176 0.633178 0.298321
v -0.338497 0.197678 0.423471
v -0.336873 0.202939 0.423505
v -0.338432 0.202947 0.425066
v -0.337375 0.199211 0.423481
v -0.337569 0.199893 0.424386
v -0.337330 0.202937 0.424608
v -0.338478 0.199217 0.424584
v -0.333188 0.637637 0.426336
v -0.333251 0.632347 0.427862
v -0.331692 0.632338 0.426301
v -0.333206 0.636083 0.427429
v -0.332314 0.635389 0.427222
v -0.332148 0.632337 0.427405
v -0.332104 0.636077 0.426326
v -0.465394 0.200035 0.296631
v -0.466891 0.205334 0.296666
v -0.465331 0.205325 0.295106
v -0.466479 0.201595 0.296642
v -0.466268 0.202283 0.295745
v -0.466434 0.205335 0.295563
v -0.465376 0.201589 0.295538
v -0.460086 0.639994 0.299496
v -0.460150 0.634725 0.297902
v -0.461709 0.634733 0.299462
v -0.460105 0.638455 0.298383
v -0.461014 0.637779 0.298581
v -0.461253 0.634735 0.298359
v -0.461208 0.638461 0.299486
v -0.465367 0.199209 0.423508
v -0.465303 0.204478 0.425103
v -0.466863 0.204507 0.423543
v -0.465348 0.200748 0.424622
v -0.466241 0.201445 0.424424
v -0.466406 0.204494 0.424646
v -0.466452 0.200768 0.423519
v -0.460059 0.639167 0.426373
v -0.461682 0.633907 0.426340
v -0.460122 0.633878 0.427899
v -0.461180 0.637634 0.426364
v -0.460986 0.636941 0.427260
v -0.461225 0.633894 0.427442
v -0.460077 0.637614 0.427466
vn 0.1105 -0.4986 -0.8597
vn 0.0283 -0.0741 -0.9968
vn 0.2388 -0.1762 -0.9549
vn 0.0398 0.0609 -0.9973
vn 0.0736 0.4087 -0.9097
vn 0.2419 0.1769 -0.9540
vn 0.0750 -0.4100 0.9090
vn 0.2478 -0.1812 0.9517
vn 0.0481 -0.0617 0.9969
vn 0.1274 0.4966 0.8586
vn 0.0390 0.0735 0.9965
vn 0.2509 0.1719 0.9526
vn -0.0822 -0.4040 -0.9111
vn -0.2509 -0.1719 -0.9526
vn -0.0491 -0.0557 -0.9972
vn -0.1185 0.5032 -0.8560
vn -0.0377 0.0794 -0.9961
vn -0.2478 0.1812 -0.9517
vn -0.1193 -0.5010 0.8572
vn -0.0297 -0.0787 0.9965
vn -0.2419 -0.1769 0.9540
vn -0.0664 0.4053 0.9118
vn -0.2388 0.1762 0.9549
vn -0.0387 0.0565 0.9977
vn 0.2229 -0.9748 -0.0036
vn 0.8059 -0.5920 -0.0053
vn 0.0393 0.0022 -0.9992
vn 0.2442 0.0003 -0.9697
vn 0.2401 0.9708 0.0014
vn 0.8163 0.5777 -0.0023
vn 0.0487 -0.0030 0.9988
vn 0.2533 -0.0047 0.9674
vn 0.0007 -0.4105 0.9119
vn 0.0040 -0.0791 0.9969
vn 0.0079 0.4057 0.9140
vn 0.0054 0.0739 0.9973
vn -0.2442 -0.0003 0.9697
vn -0.0393 -0.0022 0.9992
vn -0.2401 -0.9707 -0.0014
vn -0.8163 -0.5777 0.0023
vn -0.2229 0.9748 0.0036
vn -0.8059 0.5920 0.0053
vn -0.0487 0.0030 -0.9988
vn -0.2533 0.0047 -0.9674
vn -0.0079 -0.4057 -0.9140
vn -0.0054 -0.0739 -0.9973
vn -0.0007 0.4105 -0.9119
vn -0.0040 0.0791 -0.9969
vn -0.0089 -1.0000 -0.0026
vn 0.9999 -0.0088 -0.0047
vn -0.0047 0.0026 -1.0000
vn 0.0089 1.0000 0.0026
vn 0.0047 -0.0026 1.0000
vn -0.9999 0.0088 0.0047
vn 0.1097 -0.4946 -0.8621
vn 0.0202 -0.0710 -0.9973
vn 0.2325 -0.1702 -0.9576
vn 0.0297 0.0642 -0.9975
vn 0.0593 0.4122 -0.9092
vn 0.2305 0.1829 -0.9557
vn 0.0893 -0.4114 0.9071
vn 0.2591 -0.1802 0.9489
vn 0.0582 -0.0637 0.9963
vn 0.1281 0.4960 0.8588
vn 0.0472 0.0714 0.9963
vn 0.2572 0.1729 0.9508
vn -0.0847 -0.4026 -0.9114
vn -0.2572 -0.1729 -0.9508
vn -0.0575 -0.0537 -0.9969
vn -0.1337 0.5036 -0.8535
vn -0.0480 0.0815 -0.9955
vn -0.2591 0.1802 -0.9489
vn -0.1042 -0.5051 0.8568
vn -0.0194 -0.0819 0.9965
vn -0.2305 -0.1829 0.9557
vn -0.0639 0.4018 0.9135
vn -0.2325 0.1701 0.9576
vn -0.0303 0.0532 0.9981
vn 0.2369 -0.9715 -0.0084
vn 0.8143 -0.5802 -0.0144
vn 0.0301 0.0055 -0.9995
vn 0.2352 0.0065 -0.9719
vn 0.2260 0.9741 0.0020
vn 0.8078 0.5894 -0.0082
vn 0.0579 -0.0050 0.9983
vn 0.2623 -0.0037 0.9650
vn 0.0150 -0.4130 0.9106
vn 0.0143 -0.0817 0.9966
vn 0.0105 0.4033 0.9150
vn 0.0135 0.0712 0.9974
vn -0.2352 -0.0065 0.9719
vn -0.0301 -0.0055 0.9995
vn -0.2260 -0.9741 -0.0020
vn -0.8078 -0.5894 0.0082
vn -0.2369 0.9715 0.0084
vn -0.8143 0.5802 0.0144
vn -0.0580 0.0050 -0.9983
vn -0.2622 0.0037 -0.9650
vn -0.0105 -0.4034 -0.9150
vn -0.0135 -0.0712 -0.9974
vn -0.0150 0.4129 -0.9106
vn -0.0143 0.0817 -0.9966
vn 0.0056 -1.0000 -0.0053
vn 0.9999 0.0057 -0.0139
vn -0.0140 0.0053 -0.9999
vn -0.0056 1.0000 0.0053
vn 0.0140 -0.0053 0.9999
vn -0.9999 -0.0057 0.0139
vn 0.9131 -0.3939 -0.1050
vn 0.8788 -0.1974 -0.4345
vn 0.9973 -0.0461 -0.0565
vn 0.9258 0.1444 -0.3495
vn 0.8458 0.5066 -0.1674
vn 0.9952 0.0888 -0.0403
vn 0.8543 -0.4858 0.1849
vn 0.9961 -0.0645 0.0609
vn 0.9216 -0.1219 0.3686
vn 0.9009 0.4160 0.1237
vn 0.8646 0.2186 0.4524
vn 0.9945 0.0704 0.0771
vn -0.8422 -0.5047 -0.1900
vn -0.9942 -0.0882 -0.0617
vn -0.9184 -0.1406 -0.3699
vn -0.9108 0.3951 -0.1195
vn -0.8697 0.2021 -0.4503
vn -0.9960 0.0469 -0.0765
vn -0.9032 -0.4172 0.1008
vn -0.8736 -0.2233 0.4323
vn -0.9959 -0.0711 0.0559
vn -0.8579 0.4840 0.1724
vn -0.9971 0.0640 0.0412
vn -0.9290 0.1181 0.3508
vn 0.9178 -0.3970 0.0073
vn 0.9979 -0.0643 0.0099
vn 0.9355 0.0132 -0.3532
vn 0.9983 0.0125 -0.0564
vn 0.9078 0.4192 0.0115
vn 0.9960 0.0886 0.0107
vn 0.9280 0.0094 0.3724
vn 0.9970 0.0118 0.0770
vn 0.0080 -0.9424 0.3345
vn -0.0040 -0.4342 0.9008
vn -0.0150 0.9388 0.3441
vn -0.0145 0.4247 0.9052
vn -0.9983 -0.0125 0.0563
vn -0.9355 -0.0132 0.3532
vn -0.9078 -0.4192 -0.0115
vn -0.9960 -0.0886 -0.0107
vn -0.9178 0.3970 -0.0073
vn -0.9979 0.0643 -0.0099
vn -0.9280 -0.0094 -0.3724
vn -0.9970 -0.0118 -0.0770
vn 0.0150 -0.9388 -0.3442
vn 0.0145 -0.4247 -0.9052
vn -0.0080 0.9424 -0.3345
vn 0.0040 0.4342 -0.9008
vn 0.0122 -0.9999 -0.0051
vn 0.9999 0.0122 0.0103
vn 0.0103 0.0053 -0.9999
vn -0.0122 0.9999 0.0051
vn -0.0103 -0.0053 0.9999
vn -0.9999 -0.0122 -0.0103
vn 0.9059 -0.4069 -0.1171
vn 0.8696 -0.2107 -0.4465
vn 0.9957 -0.0603 -0.0707
vn 0.9226 0.1306 -0.3630
vn 0.8504 0.4942 -0.1805
vn 0.9957 0.0747 -0.0548
vn 0.8499 -0.4975 0.1738
vn 0.9958 -0.0784 0.0469
vn 0.9250 -0.1341 0.3556
vn 0.9084 0.4035 0.1099
vn 0.8739 0.2074 0.4396
vn 0.9964 0.0565 0.0628
vn -0.8518 -0.4932 -0.1768
vn -0.9961 -0.0744 -0.0473
vn -0.9255 -0.1284 -0.3564
vn -0.9068 0.4076 -0.1074
vn -0.8731 0.2134 -0.4383
vn -0.9962 0.0607 -0.0624
vn -0.9075 -0.4042 0.1147
vn -0.8704 -0.2101 0.4452
vn -0.9959 -0.0570 0.0703
vn -0.8485 0.4963 0.1836
vn -0.9954 0.0781 0.0552
vn -0.9221 0.1319 0.3638
vn 0.9121 -0.4099 -0.0049
vn 0.9969 -0.0784 -0.0042
vn 0.9304 -0.0007 -0.3665
vn 0.9975 -0.0017 -0.0706
vn 0.9137 0.4064 -0.0024
vn 0.9972 0.0746 -0.0037
vn 0.9333 -0.0028 0.3591
vn 0.9980 -0.0021 0.0627
vn -0.0004 -0.9417 0.3365
vn 0.0028 -0.4322 0.9018
vn 0.0031 0.9396 0.3422
vn 0.0044 0.4267 0.9044
vn -0.9975 0.0017 0.0706
vn -0.9304 0.0007 0.3666
vn -0.9137 -0.4064 0.0024
vn -0.9972 -0.0746 0.0037
vn -0.9121 0.4098 0.0049
vn -0.9969 0.0784 0.0042
vn -0.9333 0.0028 -0.3591
vn -0.9980 0.0021 -0.0627
vn -0.0031 -0.9396 -0.3422
vn -0.0044 -0.4268 -0.9044
vn 0.0004 0.9417 -0.3365
vn -0.0028 0.4322 -0.9018
vn -0.0019 -1.0000 -0.0030
vn 1.0000 -0.0019 -0.0040
vn -0.0040 0.0030 -1.0000
vn 0.0019 1.0000 0.0030
vn 0.0040 -0.0030 1.0000
vn -1.0000 0.0019 0.0040
vn 0.0357 -0.9986 -0.0385
vn 0.0620 -0.9697 -0.2364
vn 0.2563 -0.9576 -0.1313
vn 0.1019 0.9528 -0.2859
vn 0.0258 0.9991 -0.0334
vn 0.1992 0.9776 -0.0680
vn 0.0282 -0.9991 0.0329
vn 0.2022 -0.9772 0.0642
vn 0.1090 -0.9526 0.2839
vn 0.0347 0.9987 0.0378
vn 0.0649 0.9698 0.2352
vn 0.2571 0.9581 0.1263
vn -0.0266 -0.9985 -0.0473
vn -0.2006 -0.9765 -0.0782
vn -0.1075 -0.9486 -0.2976
vn -0.0363 0.9991 -0.0234
vn -0.0664 0.9730 -0.2212
vn -0.2587 0.9594 -0.1125
vn -0.0341 -0.9991 0.0241
vn -0.0604 -0.9731 0.2224
vn -0.2548 -0.9598 0.1175
vn -0.0274 0.9985 0.0478
vn -0.2008 0.9762 0.0821
vn -0.1034 0.9484 0.2997
vn 0.0360 -0.9993 -0.0075
vn 0.2020 -0.9793 -0.0090
vn 0.3308 0.0071 -0.9437
vn 0.8992 0.0039 -0.4376
vn 0.0344 0.9994 0.0069
vn 0.2004 0.9797 0.0051
vn 0.3489 -0.0065 0.9372
vn 0.9074 -0.0023 0.4202
vn 0.0012 -0.9994 0.0332
vn 0.0030 -0.9750 0.2222
vn -0.0004 0.9989 0.0476
vn 0.0014 0.9717 0.2363
vn -0.8992 -0.0039 0.4376
vn -0.3308 -0.0071 0.9437
vn -0.0344 -0.9994 -0.0069
vn -0.2005 -0.9797 -0.0051
vn -0.0360 0.9993 0.0075
vn -0.2021 0.9793 0.0090
vn -0.3489 0.0065 -0.9372
vn -0.9074 0.0023 -0.4202
vn 0.0004 -0.9989 -0.0476
vn -0.0014 -0.9717 -0.2363
vn -0.0012 0.9994 -0.0332
vn -0.0030 0.9750 -0.2222
vn 0.0008 -1.0000 -0.0072
vn 1.0000 0.0009 -0.0096
vn -0.0096 0.0072 -0.9999
vn -0.0008 1.0000 0.0072
vn 0.0096 -0.0072 0.9999
vn -1.0000 -0.0009 0.0096
vn 0.3461 -0.9187 -0.1905
vn -0.0053 -0.6064 -0.7951
vn 0.6922 -0.3351 -0.6392
vn -0.1114 0.2542 -0.9607
vn -0.1141 0.8864 -0.4487
vn 0.5327 0.5330 -0.6574
vn 0.4862 -0.8323 0.2662
vn 0.9456 -0.3182 -0.0671
vn 0.7400 -0.1630 0.6525
vn 0.1390 0.9892 -0.0473
vn 0.4751 0.6747 0.5648
vn 0.8250 0.5554 -0.1044
vn -0.1085 -0.9934 -0.0369
vn -0.7482 -0.6366 0.1870
vn -0.5844 -0.5890 -0.5582
vn -0.5166 0.8366 -0.1821
vn -0.6727 0.2802 -0.6848
vn -0.9805 0.1965 0.0100
vn 0.0316 -0.9071 0.4198
vn 0.2030 -0.3485 0.9151
vn -0.5366 -0.4168 0.7337
vn -0.2637 0.9393 0.2193
vn -0.7301 0.4219 0.5375
vn -0.0441 0.4977 0.8662
vn 0.4411 -0.8974 -0.0043
vn 0.8687 -0.3837 -0.3134
vn -0.0366 -0.1320 -0.9906
vn 0.6663 0.0443 -0.7444
vn 0.0549 0.9695 -0.2388
vn 0.6638 0.6064 -0.4379
vn 0.7181 0.2310 0.6565
vn 0.9789 0.1947 -0.0621
vn 0.3069 -0.8788 0.3655
vn 0.4539 -0.3259 0.8293
vn -0.0793 0.9882 0.1310
vn 0.2492 0.6641 0.7049
vn -0.6663 -0.0443 0.7444
vn 0.0365 0.1320 0.9906
vn -0.0550 -0.9695 0.2388
vn -0.6639 -0.6063 0.4378
vn -0.4409 0.8975 0.0043
vn -0.8687 0.3836 0.3134
vn -0.7181 -0.2310 -0.6565
vn -0.9789 -0.1947 0.0621
vn 0.0794 -0.9882 -0.1310
vn -0.2492 -0.6640 -0.7050
vn -0.3069 0.8788 -0.3655
vn -0.4539 0.3259 -0.8293
vn 0.2010 -0.9719 0.1221
vn 0.8904 0.1293 -0.4365
vn -0.4084 -0.1964 -0.8914
vn -0.2010 0.9719 -0.1221
vn 0.4084 0.1964 0.8914
vn -0.8904 -0.1293 0.4365
vn -0.0583 -0.9341 -0.3521
vn -0.6630 -0.5077 -0.5502
vn -0.0158 -0.3643 -0.9311
vn -0.6920 0.3720 -0.6187
vn -0.2246 0.9372 -0.2670
vn 0.0203 0.5147 -0.8571
vn 0.3701 -0.9206 -0.1244
vn 0.5586 -0.4488 -0.6975
vn 0.9380 -0.3439 -0.0421
vn 0.2481 0.9558 -0.1578
vn 0.8469 0.5288 0.0561
vn 0.6100 0.4319 -0.6644
vn -0.2856 -0.9553 0.0763
vn -0.5143 -0.5323 0.6724
vn -0.9031 -0.4288 0.0224
vn -0.3330 0.9202 0.2059
vn -0.8914 0.4522 -0.0310
vn -0.6447 0.3408 0.6842
vn 0.1433 -0.9418 0.3041
vn 0.7073 -0.4733 0.5251
vn 0.0507 -0.4084 0.9114
vn 0.1398 0.9388 0.3149
vn -0.0647 0.4663 0.8822
vn 0.6570 0.4007 0.6385
vn 0.1404 -0.9481 -0.2853
vn 0.3230 -0.4745 -0.8189
vn -0.7314 -0.0156 -0.6817
vn -0.0361 0.0239 -0.9991
vn 0.0537 0.9702 -0.2362
vn 0.2771 0.5428 -0.7929
vn 0.9983 0.0460 -0.0350
vn 0.6804 0.0495 -0.7312
vn 0.3041 -0.9499 0.0730
vn 0.8286 -0.4799 0.2883
vn 0.2173 0.9685 0.1220
vn 0.7827 0.5373 0.3142
vn 0.0360 -0.0239 0.9991
vn 0.7315 0.0156 0.6817
vn -0.0537 -0.9702 0.2362
vn -0.2771 -0.5428 0.7928
vn -0.1405 0.9481 0.2853
vn -0.3232 0.4743 0.8189
vn -0.9983 -0.0460 0.0350
vn -0.6804 -0.0495 0.7312
vn -0.2173 -0.9685 -0.1220
vn -0.7827 -0.5372 -0.3142
vn -0.3039 0.9499 -0.0730
vn -0.8287 0.4798 -0.2882
vn 0.0452 -0.9987 -0.0255
vn 0.3487 0.0397 -0.9364
vn -0.9361 -0.0334 -0.3500
vn -0.0452 0.9987 0.0255
vn 0.9361 0.0334 0.3500
vn -0.3487 -0.0397 0.9364
vn 0.3046 -0.9354 -0.1794
vn 0.0346 -0.5895 -0.8071
vn 0.7291 -0.3671 -0.5776
vn -0.0008 0.2793 -0.9602
vn -0.0135 0.9004 -0.4349
vn 0.6267 0.5098 -0.5893
vn 0.4045 -0.8671 0.2909
vn 0.9258 -0.3777 0.0163
vn 0.6607 -0.2231 0.7167
vn 0.2046 0.9788 -0.0085
vn 0.4590 0.6315 0.6249
vn 0.8643 0.5029 -0.0104
vn -0.1663 -0.9834 -0.0723
vn -0.8013 -0.5903 0.0978
vn -0.5626 -0.5391 -0.6267
vn -0.4429 0.8717 -0.2099
vn -0.5835 0.3363 -0.7393
vn -0.9625 0.2593 -0.0796
vn -0.0666 -0.9150 0.3979
vn 0.0900 -0.3784 0.9213
vn -0.6309 -0.3952 0.6677
vn -0.2246 0.9501 0.2165
vn -0.7514 0.4580 0.4750
vn -0.0973 0.4828 0.8703
vn 0.3825 -0.9238 0.0156
vn 0.8694 -0.4332 -0.2377
vn 0.0524 -0.1104 -0.9925
vn 0.7375 0.0153 -0.6752
vn 0.1387 0.9683 -0.2078
vn 0.7402 0.5703 -0.3562
vn 0.6634 0.1714 0.7284
vn 0.9905 0.1320 0.0376
vn 0.2139 -0.9036 0.3710
vn 0.3492 -0.3704 0.8607
vn -0.0298 0.9886 0.1477
vn 0.2199 0.6330 0.7423
vn -0.7375 -0.0153 0.6752
vn -0.0524 0.1104 0.9925
vn -0.1387 -0.9683 0.2078
vn -0.7403 -0.5702 0.3562
vn -0.3822 0.9239 -0.0156
vn -0.8695 0.4330 0.2377
vn -0.6633 -0.1714 -0.7284
vn -0.9905 -0.1320 -0.0376
vn 0.0297 -0.9886 -0.1477
vn -0.2200 -0.6329 -0.7423
vn -0.2139 0.9037 -0.3710
vn -0.3492 0.3704 -0.8608
vn 0.1268 -0.9851 0.1163
vn 0.9352 0.0797 -0.3451
vn -0.3306 -0.1525 -0.9314
vn -0.1268 0.9851 -0.1163
vn 0.3306 0.1525 0.9314
vn -0.9352 -0.0797 0.3450
vn 0.1256 -0.9392 -0.3196
vn -0.2969 -0.5193 -0.8013
vn 0.4542 -0.3771 -0.8072
vn -0.2862 0.3593 -0.8883
vn -0.0582 0.9321 -0.3576
vn 0.4497 0.5031 -0.7380
vn 0.3813 -0.9198 0.0925
vn 0.8331 -0.4547 -0.3150
vn 0.8315 -0.3385 0.4405
vn 0.2955 0.9550 -0.0258
vn 0.7046 0.5347 0.4665
vn 0.8620 0.4266 -0.2736
vn -0.2863 -0.9561 -0.0633
vn -0.7835 -0.5264 0.3303
vn -0.7925 -0.4340 -0.4286
vn -0.3900 0.9208 -0.0033
vn -0.7540 0.4464 -0.4820
vn -0.9011 0.3459 0.2616
vn -0.0305 -0.9367 0.3489
vn 0.3464 -0.4616 0.8166
vn -0.4153 -0.3956 0.8191
vn -0.0365 0.9438 0.3284
vn -0.4989 0.4780 0.7229
vn 0.2472 0.4134 0.8764
vn 0.2634 -0.9510 -0.1617
vn 0.6904 -0.4836 -0.5381
vn -0.2892 -0.0295 -0.9568
vn 0.4715 0.0101 -0.8818
vn 0.1669 0.9672 -0.1916
vn 0.6392 0.5336 -0.5538
vn 0.8805 0.0518 0.4713
vn 0.9559 0.0437 -0.2903
vn 0.2249 -0.9468 0.2302
vn 0.5706 -0.4706 0.6730
vn 0.1278 0.9714 0.2003
vn 0.5189 0.5465 0.6573
vn -0.4715 -0.0101 0.8818
vn 0.2892 0.0295 0.9568
vn -0.1666 -0.9672 0.1916
vn -0.6391 -0.5336 0.5539
vn -0.2636 0.9510 0.1617
vn -0.6904 0.4836 0.5381
vn -0.8805 -0.0518 -0.4713
vn -0.9559 -0.0437 0.2903
vn -0.1279 -0.9713 -0.2003
vn -0.5189 -0.5465 -0.6573
vn -0.2247 0.9469 -0.2301
vn -0.5705 0.4706 -0.6731
vn 0.0504 -0.9986 0.0155
vn 0.7725 0.0291 -0.6343
vn -0.6330 -0.0440 -0.7729
vn -0.0504 0.9986 -0.0155
vn 0.6330 0.0440 0.7729
vn -0.7725 -0.0291 0.6343
vn 0.3588 -0.9104 -0.2059
vn -0.0748 -0.6311 -0.7721
vn 0.6245 -0.3285 -0.7086
vn -0.2356 0.2192 -0.9468
vn -0.2036 0.8667 -0.4554
vn 0.4276 0.5318 -0.7310
vn 0.5487 -0.8043 0.2282
vn 0.9434 -0.2837 -0.1718
vn 0.8186 -0.1137 0.5630
vn 0.0909 0.9918 -0.0903
vn 0.5106 0.7099 0.4851
vn 0.7827 0.5830 -0.2179
vn -0.0707 -0.9975 0.0032
vn -0.6933 -0.6585 0.2928
vn -0.6216 -0.6284 -0.4678
vn -0.5691 0.8101 -0.1411
vn -0.7605 0.2325 -0.6063
vn -0.9796 0.1590 0.1226
vn 0.1194 -0.8914 0.4373
vn 0.3247 -0.3114 0.8931
vn -0.4275 -0.4137 0.8038
vn -0.2746 0.9351 0.2241
vn -0.6778 0.4106 0.6099
vn 0.0388 0.5229 0.8515
vn 0.4745 -0.8796 -0.0331
vn 0.8404 -0.3599 -0.4053
vn -0.1488 -0.1647 -0.9751
vn 0.5705 0.0461 -0.8200
vn -0.0144 0.9628 -0.2697
vn 0.5810 0.6171 -0.5307
vn 0.7809 0.2790 0.5588
vn 0.9555 0.2299 -0.1846
vn 0.3846 -0.8543 0.3495
vn 0.5626 -0.2819 0.7772
vn -0.1043 0.9881 0.1129
vn 0.3034 0.6951 0.6518
vn -0.5705 -0.0461 0.8200
vn 0.1488 0.1647 0.9751
vn 0.0145 -0.9628 0.2697
vn -0.5811 -0.6170 0.5307
vn -0.4746 0.8796 0.0331
vn -0.8404 0.3599 0.4052
vn -0.7809 -0.2790 -0.5589
vn -0.9555 -0.2299 0.1847
vn 0.1043 -0.9881 -0.1129
vn -0.3034 -0.6951 -0.6518
vn -0.3846 0.8544 -0.3494
vn -0.5627 0.2818 -0.7771
vn 0.2546 -0.9592 0.1232
vn 0.8259 0.1494 -0.5437
vn -0.5031 -0.2401 -0.8302
vn -0.2546 0.9592 -0.1232
vn 0.5031 0.2401 0.8302
vn -0.8259 -0.1494 0.5437
vn 0.0269 -0.9302 -0.3660
vn -0.6281 -0.5688 -0.5310
vn -0.0172 -0.3515 -0.9360
vn -0.7539 0.3035 -0.5826
vn -0.3346 0.9111 -0.2407
vn -0.0720 0.5252 -0.8479
vn 0.4609 -0.8736 -0.1561
vn 0.5727 -0.3768 -0.7280
vn 0.9667 -0.2404 -0.0875
vn 0.1374 0.9789 -0.1510
vn 0.7872 0.6159 0.0300
vn 0.5308 0.5038 -0.6815
vn -0.1779 -0.9815 0.0713
vn -0.4247 -0.5934 0.6837
vn -0.8503 -0.5237 0.0525
vn -0.4203 0.8762 0.2359
vn -0.9350 0.3543 0.0143
vn -0.6473 0.2603 0.7165
vn 0.2561 -0.9249 0.2811
vn 0.7760 -0.4014 0.4865
vn 0.1337 -0.4126 0.9011
vn 0.0521 0.9441 0.3255
vn -0.0756 0.4450 0.8923
vn 0.6376 0.4607 0.6175
vn 0.2286 -0.9236 -0.3077
vn 0.3360 -0.4261 -0.8400
vn -0.7545 -0.0852 -0.6507
vn -0.0819 0.0331 -0.9961
vn -0.0606 0.9734 -0.2211
vn 0.1827 0.5799 -0.7939
vn 0.9852 0.1536 -0.0759
vn 0.6387 0.1320 -0.7580
vn 0.4068 -0.9125 0.0433
vn 0.8870 -0.3917 0.2447
vn 0.1177 0.9845 0.1300
vn 0.7337 0.6141 0.2907
vn 0.0818 -0.0331 0.9961
vn 0.7546 0.0852 0.6507
vn 0.0605 -0.9734 0.2210
vn -0.1827 -0.5799 0.7939
vn -0.2284 0.9236 0.3077
vn -0.3361 0.4260 0.8400
vn -0.9852 -0.1536 0.0758
vn -0.6388 -0.1320 0.7580
vn -0.1175 -0.9845 -0.1300
vn -0.7338 -0.6141 -0.2907
vn -0.4068 0.9125 -0.0433
vn -0.8869 0.3918 -0.2448
vn 0.1505 -0.9876 -0.0452
vn 0.3014 0.0893 -0.9493
vn -0.9415 -0.1292 -0.3111
vn -0.1505 0.9876 0.0452
vn 0.9415 0.1292 0.3111
vn -0.3014 -0.0893 0.9493
vn 0.3778 -0.9248 -0.0450
vn 0.3176 -0.5987 -0.7353
vn 0.8902 -0.3453 -0.2972
vn 0.3051 0.2657 -0.9145
vn 0.0996 0.8929 -0.4390
vn 0.7680 0.5265 -0.3646
vn 0.3155 -0.8459 0.4300
vn 0.8812 -0.3396 0.3288
vn 0.3960 -0.1862 0.8992
vn 0.1631 0.9860 0.0331
vn 0.2068 0.6581 0.7239
vn 0.8024 0.5370 0.2602
vn -0.1003 -0.9902 -0.0969
vn -0.7688 -0.6206 -0.1545
vn -0.3073 -0.5700 -0.7620
vn -0.3785 0.8501 -0.3662
vn -0.3194 0.3020 -0.8982
vn -0.8911 0.2192 -0.3973
vn -0.1626 -0.9114 0.3780
vn -0.2048 -0.3616 0.9096
vn -0.8016 -0.4109 0.4342
vn -0.3151 0.9431 0.1059
vn -0.8807 0.4338 0.1904
vn -0.3939 0.4906 0.7773
vn 0.3865 -0.9075 0.1643
vn 0.9133 -0.4009 0.0717
vn 0.3790 -0.1220 -0.9173
vn 0.9173 0.0356 -0.3966
vn 0.1666 0.9701 -0.1763
vn 0.7967 0.5945 -0.1089
vn 0.3813 0.2081 0.9007
vn 0.9182 0.1724 0.3566
vn 0.1104 -0.8890 0.4443
vn 0.0594 -0.3440 0.9371
vn -0.1097 0.9885 0.1037
vn -0.0573 0.6515 0.7565
vn -0.9173 -0.0356 0.3965
vn -0.3790 0.1220 0.9173
vn -0.1665 -0.9701 0.1763
vn -0.7966 -0.5946 0.1089
vn -0.3868 0.9074 -0.1643
vn -0.9133 0.4009 -0.0717
vn -0.3813 -0.2081 -0.9007
vn -0.9182 -0.1724 -0.3565
vn 0.1097 -0.9885 -0.1037
vn 0.0573 -0.6515 -0.7564
vn -0.1104 0.8890 -0.4443
vn -0.0594 0.3440 -0.9371
vn 0.1146 -0.9775 0.1773
vn 0.9934 0.1126 -0.0217
vn -0.0012 -0.1786 -0.9839
vn -0.1146 0.9775 -0.1773
vn 0.0012 0.1786 0.9839
vn -0.9934 -0.1126 0.0217
vn 0.0992 -0.9291 -0.3562
vn -0.5422 -0.5886 -0.5997
vn 0.1056 -0.3523 -0.9299
vn -0.6882 0.2793 -0.6696
vn -0.3319 0.9000 -0.2826
vn 0.0132 0.5223 -0.8526
vn 0.5032 -0.8588 -0.0963
vn 0.6669 -0.3589 -0.6531
vn 0.9773 -0.2099 0.0295
vn 0.1238 0.9827 -0.1377
vn 0.7584 0.6404 0.1211
vn 0.5922 0.5200 -0.6155
vn -0.1546 -0.9865 0.0535
vn -0.4845 -0.6061 0.6307
vn -0.8337 -0.5502 -0.0471
vn -0.4723 0.8627 0.1805
vn -0.9407 0.3247 -0.0987
vn -0.7359 0.2401 0.6330
vn 0.2494 -0.9162 0.3135
vn 0.7246 -0.3766 0.5772
vn 0.0381 -0.4077 0.9123
vn -0.0164 0.9454 0.3255
vn -0.1956 0.4428 0.8750
vn 0.5448 0.4807 0.6871
vn 0.2923 -0.9161 -0.2744
vn 0.4470 -0.4156 -0.7921
vn -0.6685 -0.1092 -0.7356
vn 0.0366 0.0301 -0.9989
vn -0.0641 0.9709 -0.2307
vn 0.2580 0.5850 -0.7689
vn 0.9820 0.1845 0.0415
vn 0.7202 0.1517 -0.6769
vn 0.4269 -0.8993 0.0953
vn 0.8632 -0.3635 0.3504
vn 0.0705 0.9878 0.1390
vn 0.6741 0.6372 0.3736
vn -0.0366 -0.0301 0.9989
vn 0.6685 0.1092 0.7357
vn 0.0642 -0.9709 0.2307
vn -0.2581 -0.5849 0.7689
vn -0.2922 0.9161 0.2744
vn -0.4470 0.4156 0.7921
vn -0.9820 -0.1845 -0.0415
vn -0.7202 -0.1517 0.6769
vn -0.0705 -0.9878 -0.1390
vn -0.6741 -0.6372 -0.3736
vn -0.4269 0.8993 -0.0952
vn -0.8632 0.3635 -0.3504
vn 0.1856 -0.9824 -0.0228
vn 0.4096 0.0984 -0.9070
vn -0.8932 -0.1590 -0.4206
vn -0.1856 0.9824 0.0228
vn 0.8932 0.1590 0.4206
vn -0.4096 -0.0984 0.9069
vn -0.0220 -0.9328 -0.3597
vn -0.6849 -0.5636 -0.4619
vn -0.1145 -0.3571 -0.9270
vn -0.8041 0.3100 -0.5073
vn -0.3450 0.9140 -0.2134
vn -0.1490 0.5207 -0.8406
vn 0.4318 -0.8808 -0.1942
vn 0.4925 -0.3893 -0.7784
vn 0.9501 -0.2541 -0.1808
vn 0.1346 0.9760 -0.1714
vn 0.7942 0.6053 -0.0527
vn 0.4673 0.4921 -0.7345
vn -0.1830 -0.9784 0.0960
vn -0.3626 -0.5832 0.7269
vn -0.8476 -0.5117 0.1403
vn -0.3833 0.8834 0.2697
vn -0.9244 0.3670 0.1041
vn -0.5698 0.2736 0.7749
vn 0.2706 -0.9265 0.2615
vn 0.8151 -0.4089 0.4104
vn 0.2170 -0.4087 0.8865
vn 0.0964 0.9453 0.3116
vn 0.0189 0.4517 0.8920
vn 0.7014 0.4558 0.5479
vn 0.1849 -0.9286 -0.3218
vn 0.2456 -0.4359 -0.8658
vn -0.8163 -0.0790 -0.5722
vn -0.1797 0.0279 -0.9833
vn -0.0696 0.9727 -0.2213
vn 0.1108 0.5722 -0.8126
vn 0.9748 0.1396 -0.1741
vn 0.5622 0.1185 -0.8185
vn 0.3971 -0.9177 0.0098
vn 0.9017 -0.4023 0.1588
vn 0.1427 0.9836 0.1102
vn 0.7667 0.6060 0.2121
vn 0.1797 -0.0279 0.9833
vn 0.8163 0.0790 0.5722
vn 0.0695 -0.9727 0.2213
vn -0.1107 -0.5723 0.8125
vn -0.1849 0.9286 0.3218
vn -0.2457 0.4359 0.8658
vn -0.9748 -0.1396 0.1741
vn -0.5623 -0.1185 0.8184
vn -0.1427 -0.9836 -0.1102
vn -0.7667 -0.6059 -0.2121
vn -0.3972 0.9177 -0.0098
vn -0.9017 0.4022 -0.1588
vn 0.1325 -0.9898 -0.0523
vn 0.2071 0.0792 -0.9751
vn -0.9693 -0.1183 -0.2154
vn -0.1325 0.9898 0.0523
vn 0.9693 0.1183 0.2154
vn -0.2071 -0.0792 0.9751
vn 0.3047 -0.9170 -0.2573
vn -0.1647 -0.6073 -0.7772
vn 0.5484 -0.3321 -0.7674
vn -0.3073 0.2525 -0.9175
vn -0.2084 0.8853 -0.4158
vn 0.3836 0.5351 -0.7526
vn 0.5350 -0.8294 0.1610
vn 0.9136 -0.3132 -0.2594
vn 0.8588 -0.1582 0.4873
vn 0.1209 0.9898 -0.0747
vn 0.5771 0.6778 0.4555
vn 0.7829 0.5599 -0.2713
vn -0.1082 -0.9940 -0.0139
vn -0.6905 -0.6404 0.3363
vn -0.6830 -0.5928 -0.4266
vn -0.5476 0.8336 -0.0723
vn -0.8001 0.2759 -0.5326
vn -0.9587 0.1912 0.2107
vn 0.1220 -0.9064 0.4045
vn 0.3879 -0.3463 0.8542
vn -0.3726 -0.4190 0.8280
vn -0.2186 0.9381 0.2687
vn -0.6068 0.4186 0.6757
vn 0.1316 0.4984 0.8569
vn 0.4357 -0.8951 -0.0945
vn 0.7882 -0.3792 -0.4846
vn -0.2380 -0.1333 -0.9621
vn 0.4995 0.0471 -0.8651
vn -0.0005 0.9695 -0.2450
vn 0.5567 0.6094 -0.5645
vn 0.8360 0.2356 0.4955
vn 0.9443 0.1999 -0.2613
vn 0.3800 -0.8767 0.2949
vn 0.6159 -0.3225 0.7188
vn -0.0563 0.9879 0.1445
vn 0.3845 0.6662 0.6390
vn -0.4995 -0.0471 0.8651
vn 0.2380 0.1333 0.9621
vn 0.0005 -0.9695 0.2450
vn -0.5567 -0.6094 0.5645
vn -0.4356 0.8952 0.0945
vn -0.7882 0.3793 0.4847
vn -0.8360 -0.2356 -0.4955
vn -0.9443 -0.1999 0.2613
vn 0.0563 -0.9879 -0.1445
vn -0.3845 -0.6662 -0.6390
vn -0.3800 0.8767 -0.2949
vn -0.6159 0.3225 -0.7188
vn 0.2272 -0.9707 0.0783
vn 0.7814 0.1337 -0.6096
vn -0.5812 -0.1997 -0.7889
vn -0.2272 0.9707 -0.0783
vn 0.5812 0.1997 0.7889
vn -0.7814 -0.1337 0.6096
vn -0.1036 -0.9419 -0.3195
vn -0.7338 -0.5219 -0.4349
vn -0.1510 -0.3849 -0.9105
vn -0.7782 0.3559 -0.5174
vn -0.2673 0.9303 -0.2510
vn -0.1102 0.4956 -0.8615
vn 0.3538 -0.9219 -0.1580
vn 0.4524 -0.4623 -0.7627
vn 0.9238 -0.3416 -0.1731
vn 0.2159 0.9528 -0.2134
vn 0.8425 0.5326 -0.0814
vn 0.5022 0.4190 -0.7564
vn -0.2646 -0.9544 0.1383
vn -0.4060 -0.5188 0.7524
vn -0.8871 -0.4311 0.1650
vn -0.3049 0.9234 0.2331
vn -0.8890 0.4487 0.0917
vn -0.5387 0.3537 0.7646
vn 0.1927 -0.9344 0.2997
vn 0.7802 -0.4594 0.4246
vn 0.1877 -0.3878 0.9024
vn 0.1785 0.9460 0.2707
vn 0.0636 0.4857 0.8718
vn 0.7416 0.4170 0.5255
vn 0.1029 -0.9537 -0.2825
vn 0.2014 -0.4913 -0.8474
vn -0.8241 -0.0331 -0.5654
vn -0.1837 0.0017 -0.9830
vn 0.0119 0.9649 -0.2623
vn 0.1532 0.5259 -0.8366
vn 0.9818 0.0485 -0.1834
vn 0.5644 0.0354 -0.8248
vn 0.3177 -0.9470 0.0475
vn 0.8652 -0.4707 0.1726
vn 0.2266 0.9716 0.0677
vn 0.8171 0.5466 0.1833
vn 0.1837 -0.0017 0.9830
vn 0.8241 0.0331 0.5654
vn -0.0120 -0.9649 0.2623
vn -0.1532 -0.5258 0.8367
vn -0.1028 0.9537 0.2826
vn -0.2014 0.4914 0.8473
vn -0.9818 -0.0485 0.1834
vn -0.5644 -0.0354 0.8247
vn -0.2268 -0.9716 -0.0677
vn -0.8171 -0.5466 -0.1833
vn -0.3176 0.9471 -0.0475
vn -0.8652 0.4707 -0.1726
vn 0.0473 -0.9988 -0.0105
vn 0.2060 0.0201 -0.9783
vn -0.9774 -0.0441 -0.2067
vn -0.0473 0.9988 0.0105
vn 0.9774 0.0441 0.2067
vn -0.2060 -0.0201 0.9783
vn -0.0393 -0.9358 -0.3504
vn -0.6890 -0.5494 -0.4727
vn -0.1015 -0.3641 -0.9258
vn -0.7823 0.3265 -0.5305
vn -0.3141 0.9208 -0.2313
vn -0.1136 0.5154 -0.8494
vn 0.4115 -0.8946 -0.1743
vn 0.5006 -0.4113 -0.7617
vn 0.9468 -0.2824 -0.1545
vn 0.1660 0.9699 -0.1781
vn 0.8119 0.5825 -0.0392
vn 0.4988 0.4707 -0.7277
vn -0.2124 -0.9719 0.1016
vn -0.3965 -0.5648 0.7238
vn -0.8648 -0.4864 0.1246
vn -0.3650 0.8966 0.2508
vn -0.9160 0.3937 0.0773
vn -0.5806 0.2979 0.7577
vn 0.2380 -0.9307 0.2777
vn 0.7930 -0.4268 0.4348
vn 0.1836 -0.4045 0.8959
vn 0.1149 0.9457 0.3040
vn 0.0097 0.4608 0.8874
vn 0.7004 0.4421 0.5603
vn 0.1666 -0.9369 -0.3074
vn 0.2545 -0.4521 -0.8549
vn -0.8039 -0.0627 -0.5915
vn -0.1546 0.0220 -0.9877
vn -0.0368 0.9718 -0.2331
vn 0.1467 0.5598 -0.8155
vn 0.9823 0.1106 -0.1513
vn 0.5852 0.0937 -0.8054
vn 0.3711 -0.9281 0.0292
vn 0.8859 -0.4254 0.1853
vn 0.1676 0.9804 0.1035
vn 0.7779 0.5868 0.2247
vn 0.1546 -0.0220 0.9877
vn 0.8039 0.0627 0.5915
vn 0.0368 -0.9718 0.2331
vn -0.1466 -0.5599 0.8155
vn -0.1667 0.9369 0.3074
vn -0.2545 0.4521 0.8549
vn -0.9823 -0.1106 0.1513
vn -0.5853 -0.0937 0.8054
vn -0.1674 -0.9804 -0.1035
vn -0.7780 -0.5867 -0.2247
vn -0.3709 0.9282 -0.0292
vn -0.8859 0.4253 -0.1853
vn 0.1059 -0.9936 -0.0387
vn 0.2331 0.0626 -0.9704
vn -0.9667 -0.0938 -0.2382
vn -0.1059 0.9936 0.0387
vn 0.9667 0.0938 0.2382
vn -0.2331 -0.0626 0.9704
vn 0.4405 -0.8969 -0.0383
vn 0.5181 -0.8002 -0.3021
vn 0.8016 -0.5807 -0.1420
vn -0.1595 0.9371 -0.3104
vn -0.3014 0.9516 -0.0605
vn 0.0868 0.9916 -0.0958
vn 0.4220 -0.9045 0.0610
vn 0.7346 -0.6712 0.0991
vn 0.5149 -0.7985 0.3119
vn -0.2834 0.9582 0.0390
vn -0.1627 0.9389 0.3035
vn 0.1957 0.9697 0.1461
vn 0.3020 -0.9519 -0.0520
vn -0.0858 -0.9921 -0.0910
vn 0.1627 -0.9388 -0.3035
vn -0.4401 0.8967 -0.0480
vn -0.5149 0.7985 -0.3119
vn -0.8001 0.5799 -0.1536
vn 0.2829 -0.9580 0.0473
vn 0.1595 -0.9371 0.3104
vn -0.1970 -0.9689 0.1495
vn -0.4226 0.9048 0.0515
vn -0.7355 0.6718 0.0877
vn -0.5181 0.8002 0.3020
vn 0.4407 -0.8976 0.0048
vn 0.7383 -0.6745 0.0057
vn 0.4960 0.1893 -0.8474
vn 0.8994 0.3495 -0.2625
vn -0.2834 0.9590 -0.0042
vn 0.0867 0.9962 -0.0024
vn 0.4873 0.1942 0.8514
vn 0.8967 0.3510 0.2698
vn 0.3625 -0.9300 0.0609
vn 0.3435 -0.8840 0.3170
vn -0.3631 0.9303 0.0519
vn -0.3467 0.8858 0.3084
vn -0.8994 -0.3495 0.2625
vn -0.4960 -0.1894 0.8474
vn 0.2835 -0.9590 0.0042
vn -0.0867 -0.9962 0.0024
vn -0.4407 0.8976 -0.0048
vn -0.7382 0.6745 -0.0057
vn -0.4873 -0.1942 -0.8514
vn -0.8967 -0.3510 -0.2698
vn 0.3631 -0.9303 -0.0519
vn 0.3468 -0.8858 -0.3084
vn -0.3625 0.9300 -0.0609
vn -0.3435 0.8840 -0.3170
vn 0.3634 -0.9316 0.0045
vn 0.9316 0.3634 0.0038
vn 0.0051 -0.0028 -1.0000
vn -0.3634 0.9316 -0.0045
vn -0.0051 0.0028 1.0000
vn -0.9316 -0.3634 -0.0038
vn 0.1057 -0.9943 -0.0156
vn 0.2525 -0.9634 -0.0904
vn 0.6387 -0.7683 -0.0408
vn 0.2606 0.9619 -0.0832
vn 0.0886 0.9960 -0.0117
vn 0.5450 0.8382 -0.0215
vn 0.0803 -0.9967 0.0115
vn 0.5377 -0.8429 0.0202
vn 0.2527 -0.9640 0.0825
vn 0.1141 0.9933 0.0153
vn 0.2608 0.9612 0.0898
vn 0.6454 0.7628 0.0392
vn -0.0887 -0.9959 -0.0190
vn -0.5448 -0.8381 -0.0265
vn -0.2608 -0.9612 -0.0898
vn -0.1056 0.9944 -0.0079
vn -0.2528 0.9640 -0.0825
vn -0.6390 0.7685 -0.0335
vn -0.1140 -0.9935 0.0081
vn -0.2607 -0.9618 0.0832
vn -0.6455 -0.7630 0.0350
vn -0.0804 0.9966 0.0192
vn -0.5374 0.8429 0.0278
vn -0.2524 0.9634 0.0904
vn 0.1056 -0.9944 -0.0039
vn 0.5378 -0.8430 -0.0038
vn 0.9473 -0.0028 -0.3204
vn 0.9983 -0.0040 -0.0589
vn 0.1140 0.9935 0.0036
vn 0.5447 0.8386 0.0025
vn 0.9480 -0.0052 0.3181
vn 0.9984 -0.0044 0.0565
vn -0.0042 -0.9999 0.0116
vn -0.0041 -0.9963 0.0857
vn 0.0042 0.9998 0.0192
vn 0.0043 0.9956 0.0932
vn -0.9983 0.0040 0.0589
vn -0.9473 0.0028 0.3204
vn -0.1138 -0.9935 -0.0036
vn -0.5450 -0.8385 -0.0025
vn -0.1056 0.9944 0.0039
vn -0.5380 0.8429 0.0038
vn -0.9481 0.0052 -0.3181
vn -0.9984 0.0044 -0.0565
vn -0.0042 -0.9998 -0.0192
vn -0.0043 -0.9956 -0.0932
vn 0.0042 0.9999 -0.0117
vn 0.0041 0.9963 -0.0857
vn -0.0042 -1.0000 -0.0038
vn 1.0000 -0.0042 -0.0012
vn -0.0012 0.0038 -1.0000
vn 0.0042 1.0000 0.0038
vn 0.0012 -0.0038 1.0000
vn -1.0000 0.0042 0.0012
vn 0.1019 -0.9947 -0.0152
vn 0.2490 -0.9643 -0.0903
vn 0.6355 -0.7709 -0.0417
vn 0.2642 0.9608 -0.0844
vn 0.0922 0.9957 -0.0126
vn 0.5476 0.8364 -0.0233
vn 0.0768 -0.9970 0.0120
vn 0.5341 -0.8452 0.0196
vn 0.2493 -0.9649 0.0826
vn 0.1178 0.9929 0.0144
vn 0.2645 0.9603 0.0885
vn 0.6480 0.7607 0.0373
vn -0.0921 -0.9956 -0.0181
vn -0.5477 -0.8363 -0.0247
vn -0.2645 -0.9603 -0.0885
vn -0.1019 0.9948 -0.0083
vn -0.2496 0.9648 -0.0826
vn -0.6364 0.7707 -0.0326
vn -0.1172 -0.9931 0.0091
vn -0.2636 -0.9609 0.0844
vn -0.6487 -0.7602 0.0369
vn -0.0762 0.9969 0.0187
vn -0.5350 0.8444 0.0284
vn -0.2491 0.9643 0.0903
vn 0.1022 -0.9948 -0.0034
vn 0.5348 -0.8450 -0.0044
vn 0.9466 -0.0064 -0.3225
vn 0.9981 -0.0076 -0.0611
vn 0.1178 0.9930 0.0027
vn 0.5474 0.8369 0.0007
vn 0.9487 -0.0084 0.3160
vn 0.9985 -0.0080 0.0543
vn -0.0078 -0.9999 0.0123
vn -0.0075 -0.9962 0.0864
vn 0.0079 0.9998 0.0185
vn 0.0081 0.9957 0.0925
vn -0.9981 0.0076 0.0611
vn -0.9466 0.0064 0.3225
vn -0.1174 -0.9931 -0.0027
vn -0.5477 -0.8367 -0.0007
vn -0.1022 0.9948 0.0034
vn -0.5347 0.8450 0.0044
vn -0.9487 0.0084 -0.3160
vn -0.9985 0.0080 -0.0543
vn -0.0079 -0.9998 -0.0185
vn -0.0081 -0.9957 -0.0925
vn 0.0078 0.9999 -0.0123
vn 0.0075 0.9962 -0.0864
vn -0.0078 -1.0000 -0.0031
vn 1.0000 -0.0078 -0.0034
vn -0.0034 0.0031 -1.0000
vn 0.0078 1.0000 0.0031
vn 0.0034 -0.0031 1.0000
vn -1.0000 0.0078 0.0034
vn 0.0809 -0.9933 -0.0822
vn 0.1319 -0.8258 -0.5483
vn 0.4552 -0.8593 -0.2334
vn 0.2244 0.7271 -0.6488
vn 0.0831 0.9892 -0.1205
vn 0.4758 0.8452 -0.2436
vn 0.0595 -0.9910 0.1203
vn 0.4559 -0.8564 0.2423
vn 0.2085 -0.7324 0.6482
vn 0.1052 0.9911 0.0819
vn 0.1533 0.8223 0.5480
vn 0.4765 0.8480 0.2321
vn -0.0835 -0.9906 -0.1085
vn -0.4765 -0.8480 -0.2321
vn -0.2263 -0.7348 -0.6395
vn -0.0811 0.9923 -0.0937
vn -0.1335 0.8192 -0.5577
vn -0.4559 0.8564 -0.2423
vn -0.1049 -0.9900 0.0940
vn -0.1518 -0.8158 0.5581
vn -0.4758 -0.8451 0.2435
vn -0.0591 0.9923 0.1087
vn -0.4552 0.8593 0.2334
vn -0.2066 0.7400 0.6401
vn 0.0813 -0.9967 0.0058
vn 0.4690 -0.8832 0.0046
vn 0.3171 -0.0095 -0.9483
vn 0.8899 -0.0135 -0.4559
vn 0.1054 0.9944 -0.0060
vn 0.4902 0.8716 -0.0059
vn 0.3199 0.0018 0.9474
vn 0.8912 -0.0081 0.4535
vn -0.0119 -0.9926 0.1207
vn -0.0092 -0.8259 0.5637
vn 0.0122 0.9940 0.1089
vn 0.0109 0.8326 0.5538
vn -0.8899 0.0135 0.4559
vn -0.3171 0.0095 0.9483
vn -0.1054 -0.9944 0.0060
vn -0.4902 -0.8716 0.0059
vn -0.0813 0.9967 -0.0058
vn -0.4690 0.8832 -0.0046
vn -0.3199 -0.0018 -0.9474
vn -0.8912 0.0081 -0.4534
vn -0.0122 -0.9940 -0.1089
vn -0.0109 -0.8326 -0.5538
vn 0.0119 0.9926 -0.1207
vn 0.0092 0.8259 -0.5637
vn -0.0121 -0.9999 0.0059
vn 0.9999 -0.0121 -0.0014
vn -0.0015 -0.0059 -1.0000
vn 0.0121 0.9999 -0.0059
vn 0.0015 0.0059 1.0000
vn -0.9999 0.0121 0.0014
vn 0.6397 -0.4442 -0.6273
vn 0.3079 -0.1131 -0.9447
vn 0.9236 -0.0774 -0.3755
vn 0.3861 0.0900 -0.9181
vn 0.6307 0.4565 -0.6275
vn 0.9472 0.1252 -0.2951
vn 0.6319 -0.4439 0.6354
vn 0.9458 -0.1064 0.3068
vn 0.3764 -0.0824 0.9228
vn 0.6229 0.4567 0.6351
vn 0.2938 0.1190 0.9484
vn 0.9171 0.0957 0.3869
vn -0.6229 -0.4567 -0.6351
vn -0.9435 -0.1253 -0.3067
vn -0.3746 -0.0904 -0.9228
vn -0.6318 0.4439 -0.6354
vn -0.2961 0.1126 -0.9485
vn -0.9189 0.0772 -0.3870
vn -0.6308 -0.4564 0.6275
vn -0.3056 -0.1186 0.9448
vn -0.9219 -0.0955 0.3756
vn -0.6397 0.4442 0.6273
vn -0.9496 0.1065 0.2950
vn -0.3878 0.0829 0.9180
vn 0.8198 -0.5726 0.0052
vn 0.9937 -0.1116 0.0062
vn 0.3884 0.0036 -0.9215
vn 0.9262 0.0091 -0.3770
vn 0.8083 0.5888 0.0049
vn 0.9913 0.1313 0.0061
vn 0.3769 0.0040 0.9262
vn 0.9215 0.0093 0.3884
vn 0.0007 -0.5805 0.8142
vn -0.0050 -0.1212 0.9926
vn -0.0108 0.5809 0.8139
vn -0.0074 0.1217 0.9925
vn -0.9262 -0.0091 0.3769
vn -0.3884 -0.0036 0.9215
vn -0.8083 -0.5888 -0.0049
vn -0.9913 -0.1313 -0.0061
vn -0.8198 0.5726 -0.0052
vn -0.9937 0.1116 -0.0062
vn -0.3769 -0.0040 -0.9262
vn -0.9214 -0.0093 -0.3884
vn 0.0108 -0.5809 -0.8139
vn 0.0074 -0.1217 -0.9925
vn -0.0007 0.5805 -0.8143
vn 0.0050 0.1213 -0.9926
vn 0.0099 -1.0000 0.0003
vn 0.9999 0.0099 0.0062
vn 0.0062 -0.0002 -1.0000
vn -0.0099 1.0000 -0.0003
vn -0.0062 0.0002 1.0000
vn -0.9999 -0.0099 -0.0062
vn 0.6362 -0.4585 -0.6205
vn 0.3081 -0.1282 -0.9427
vn 0.9233 -0.0914 -0.3730
vn 0.3883 0.0745 -0.9185
vn 0.6363 0.4421 -0.6322
vn 0.9489 0.1119 -0.2950
vn 0.6264 -0.4422 0.6420
vn 0.9442 -0.1120 0.3097
vn 0.3741 -0.0745 0.9244
vn 0.6265 0.4585 0.6304
vn 0.2936 0.1281 0.9473
vn 0.9175 0.0913 0.3872
vn -0.6265 -0.4584 -0.6303
vn -0.9443 -0.1197 -0.3066
vn -0.3742 -0.0984 -0.9221
vn -0.6264 0.4421 -0.6420
vn -0.2936 0.1035 -0.9503
vn -0.9175 0.0815 -0.3894
vn -0.6362 -0.4420 0.6323
vn -0.3081 -0.1035 0.9457
vn -0.9233 -0.0814 0.3752
vn -0.6361 0.4585 0.6206
vn -0.9489 0.1198 0.2920
vn -0.3882 0.0984 0.9163
vn 0.8140 -0.5807 0.0138
vn 0.9925 -0.1215 0.0092
vn 0.3898 -0.0120 -0.9208
vn 0.9268 -0.0050 -0.3755
vn 0.8142 0.5806 -0.0013
vn 0.9926 0.1214 0.0061
vn 0.3755 0.0120 0.9267
vn 0.9209 0.0049 0.3898
vn -0.0064 -0.5701 0.8216
vn -0.0077 -0.1086 0.9941
vn -0.0062 0.5912 0.8065
vn -0.0076 0.1344 0.9909
vn -0.9268 0.0050 0.3755
vn -0.3897 0.0120 0.9209
vn -0.8142 -0.5806 0.0013
vn -0.9926 -0.1214 -0.0061
vn -0.8140 0.5807 -0.0138
vn -0.9925 0.1215 -0.0092
vn -0.3755 -0.0120 -0.9267
vn -0.9209 -0.0049 -0.3898
vn 0.0062 -0.5912 -0.8065
vn 0.0076 -0.1344 -0.9909
vn 0.0064 0.5701 -0.8216
vn 0.0077 0.1086 -0.9941
vn -0.0002 -0.9999 0.0130
vn 1.0000 -0.0001 0.0077
vn 0.0077 -0.0130 -0.9999
vn 0.0002 0.9999 -0.0130
vn -0.0077 0.0130 0.9999
vn -1.0000 0.0001 -0.0077
vn 0.6235 -0.4556 -0.6354
vn 0.2965 -0.1153 -0.9481
vn 0.9180 -0.0967 -0.3845
vn 0.3796 0.0857 -0.9212
vn 0.6354 0.4450 -0.6311
vn 0.9471 0.1048 -0.3032
vn 0.6273 -0.4616 0.6273
vn 0.9459 -0.1297 0.2974
vn 0.3828 -0.0958 0.9188
vn 0.6391 0.4390 0.6316
vn 0.3052 0.1074 0.9462
vn 0.9226 0.0725 0.3789
vn -0.6391 -0.4390 -0.6315
vn -0.9489 -0.1019 -0.2985
vn -0.3851 -0.0771 -0.9197
vn -0.6272 0.4616 -0.6273
vn -0.3022 0.1243 -0.9451
vn -0.9204 0.1004 -0.3780
vn -0.6353 -0.4450 0.6311
vn -0.2995 -0.1164 0.9470
vn -0.9203 -0.0761 0.3837
vn -0.6235 0.4556 0.6354
vn -0.9441 0.1269 0.3043
vn -0.3773 0.0871 0.9220
vn 0.8064 -0.5913 -0.0052
vn 0.9909 -0.1345 -0.0036
vn 0.3799 -0.0007 -0.9250
vn 0.9226 -0.0104 -0.3855
vn 0.8217 0.5699 0.0002
vn 0.9941 0.1084 -0.0025
vn 0.3854 -0.0094 0.9227
vn 0.9249 -0.0140 0.3799
vn -0.0052 -0.5845 0.8114
vn 0.0014 -0.1262 0.9920
vn 0.0101 0.5768 0.8168
vn 0.0046 0.1168 0.9931
vn -0.9227 0.0104 0.3855
vn -0.3799 0.0007 0.9250
vn -0.8217 -0.5699 -0.0002
vn -0.9941 -0.1084 0.0025
vn -0.8064 0.5914 0.0052
vn -0.9909 0.1345 0.0036
vn -0.3854 0.0094 -0.9227
vn -0.9250 0.0140 -0.3798
vn -0.0101 -0.5768 -0.8168
vn -0.0046 -0.1168 -0.9932
vn 0.0052 0.5845 -0.8114
vn -0.0014 0.1262 -0.9920
vn -0.0132 -0.9999 -0.0047
vn 0.9999 -0.0132 -0.0031
vn -0.0030 0.0047 -1.0000
vn 0.0132 0.9999 0.0047
vn 0.0030 -0.0047 1.0000
vn -0.9999 0.0132 0.0031
vn 0.6257 -0.4538 -0.6344
vn 0.2992 -0.1133 -0.9474
vn 0.9192 -0.0950 -0.3820
vn 0.3820 0.0879 -0.9200
vn 0.6366 0.4468 -0.6285
vn 0.9479 0.1064 -0.3004
vn 0.6260 -0.4620 0.6282
vn 0.9452 -0.1292 0.2998
vn 0.3804 -0.0970 0.9197
vn 0.6369 0.4386 0.6340
vn 0.3024 0.1060 0.9473
vn 0.9215 0.0728 0.3815
vn -0.6369 -0.4386 -0.6341
vn -0.9480 -0.1025 -0.3014
vn -0.3825 -0.0758 -0.9209
vn -0.6260 0.4620 -0.6282
vn -0.2997 0.1256 -0.9457
vn -0.9194 0.1000 -0.3804
vn -0.6366 -0.4468 0.6286
vn -0.3020 -0.1184 0.9459
vn -0.9213 -0.0778 0.3810
vn -0.6257 0.4538 0.6345
vn -0.9451 0.1253 0.3019
vn -0.3800 0.0850 0.9211
vn 0.8071 -0.5905 -0.0040
vn 0.9911 -0.1334 -0.0011
vn 0.3825 0.0014 -0.9240
vn 0.9237 -0.0087 -0.3830
vn 0.8211 0.5708 0.0035
vn 0.9940 0.1095 0.0005
vn 0.3828 -0.0106 0.9238
vn 0.9239 -0.0136 0.3824
vn -0.0068 -0.5860 0.8103
vn -0.0013 -0.1279 0.9918
vn 0.0072 0.5753 0.8179
vn 0.0017 0.1150 0.9934
vn -0.9237 0.0087 0.3830
vn -0.3825 -0.0014 0.9240
vn -0.8210 -0.5709 -0.0035
vn -0.9940 -0.1095 -0.0005
vn -0.8070 0.5905 0.0040
vn -0.9911 0.1334 0.0011
vn -0.3829 0.0106 -0.9237
vn -0.9239 0.0136 -0.3824
vn -0.0072 -0.5753 -0.8179
vn -0.0017 -0.1150 -0.9934
vn 0.0068 0.5860 -0.8103
vn 0.0013 0.1279 -0.9918
vn -0.0121 -0.9999 -0.0065
vn 0.9999 -0.0121 -0.0003
vn -0.0002 0.0065 -1.0000
vn 0.0121 0.9999 0.0065
vn 0.0002 -0.0065 1.0000
vn -0.9999 0.0121 0.0003
vn 0.0664 -0.4053 -0.9118
vn 0.0387 -0.0565 -0.9977
vn 0.3335 -0.1718 -0.9269
vn 0.0297 0.0788 -0.9965
vn 0.1193 0.5010 -0.8572
vn 0.3366 0.1707 -0.9261
vn 0.1185 -0.5032 0.8560
vn 0.3422 -0.1767 0.9229
vn 0.0377 -0.0794 0.9961
vn 0.0822 0.4039 0.9111
vn 0.0492 0.0557 0.9972
vn 0.3453 0.1658 0.9237
vn -0.1274 -0.4966 -0.8586
vn -0.3453 -0.1658 -0.9237
vn -0.0390 -0.0735 -0.9965
vn -0.0750 0.4101 -0.9090
vn -0.0481 0.0617 -0.9969
vn -0.3422 0.1767 -0.9229
vn -0.0736 -0.4088 0.9097
vn -0.0398 -0.0609 0.9973
vn -0.3366 -0.1707 0.9261
vn -0.1105 0.4986 0.8597
vn -0.3336 0.1719 0.9269
vn -0.0283 0.0741 0.9968
vn 0.2401 0.9707 0.0014
vn 0.0007 -0.4105 0.9118
vn 0.0079 0.4058 0.9139
vn -0.2228 0.9748 0.0036
vn -0.0007 0.4105 -0.9118
vn 0.0639 -0.4018 -0.9135
vn 0.0303 -0.0532 -0.9981
vn 0.3274 -0.1645 -0.9305
vn 0.0193 0.0819 -0.9965
vn 0.1042 0.5050 -0.8568
vn 0.3255 0.1781 -0.9286
vn 0.1337 -0.5037 0.8535
vn 0.3532 -0.1742 0.9192
vn 0.0480 -0.0815 0.9955
vn 0.0848 0.4026 0.9114
vn 0.0575 0.0537 0.9969
vn 0.3513 0.1683 0.9210
vn -0.1281 -0.4960 -0.8588
vn -0.3513 -0.1683 -0.9210
vn -0.0472 -0.0714 -0.9963
vn -0.0893 0.4114 -0.9071
vn -0.0582 0.0637 -0.9963
vn -0.3532 0.1742 -0.9192
vn -0.0593 -0.4122 0.9091
vn -0.0297 -0.0642 0.9975
vn -0.3256 -0.1781 0.9286
vn -0.1098 0.4947 0.8621
vn -0.3274 0.1645 0.9305
vn -0.0202 0.0710 0.9973
vn 0.8143 -0.5803 -0.0144
vn 0.0580 -0.0050 0.9983
vn 0.0150 -0.4129 0.9106
vn -0.8143 0.5803 0.0144
vn -0.2623 0.0037 -0.9650
vn -0.0105 -0.4033 -0.9150
vn -0.0135 -0.0713 -0.9974
vn 0.8579 -0.4840 -0.1724
vn 0.9290 -0.1181 -0.3508
vn 0.9971 -0.0640 -0.0412
vn 0.8736 0.2233 -0.4323
vn 0.9032 0.4172 -0.1008
vn 0.9959 0.0711 -0.0559
vn 0.9108 -0.3951 0.1196
vn 0.9960 -0.0469 0.0765
vn 0.8697 -0.2021 0.4503
vn 0.8422 0.5047 0.1900
vn 0.9184 0.1406 0.3699
vn 0.9942 0.0882 0.0617
vn -0.9009 -0.4160 -0.1237
vn -0.9945 -0.0704 -0.0771
vn -0.8646 -0.2186 -0.4524
vn -0.8542 0.4859 -0.1850
vn -0.9216 0.1219 -0.3685
vn -0.9961 0.0645 -0.0609
vn -0.8458 -0.5066 0.1673
vn -0.9257 -0.1444 0.3495
vn -0.9952 -0.0888 0.0404
vn -0.9131 0.3939 0.1050
vn -0.9973 0.0462 0.0566
vn -0.8788 0.1975 0.4344
vn 0.9354 0.0132 -0.3532
vn 0.9983 0.0125 -0.0563
vn -0.9354 -0.0132 0.3533
vn -0.9280 -0.0094 -0.3725
vn 0.8485 -0.4964 -0.1835
vn 0.9221 -0.1319 -0.3638
vn 0.9954 -0.0781 -0.0552
vn 0.8704 0.2101 -0.4452
vn 0.9074 0.4042 -0.1147
vn 0.9959 0.0570 -0.0703
vn 0.9068 -0.4076 0.1075
vn 0.9962 -0.0607 0.0624
vn 0.8731 -0.2134 0.4383
vn 0.8518 0.4932 0.1768
vn 0.9254 0.1285 0.3564
vn 0.9961 0.0744 0.0473
vn -0.9084 -0.4035 -0.1099
vn -0.9964 -0.0565 -0.0628
vn -0.8739 -0.2074 -0.4396
vn -0.8499 0.4975 -0.1738
vn -0.9250 0.1341 -0.3556
vn -0.9958 0.0784 -0.0469
vn -0.8504 -0.4942 0.1806
vn -0.9226 -0.1306 0.3630
vn -0.9957 -0.0747 0.0548
vn -0.9059 0.4069 0.1171
vn -0.9957 0.0603 0.0707
vn -0.8697 0.2107 0.4464
vn 0.9121 -0.4098 -0.0049
vn 0.9304 -0.0007 -0.3666
vn 0.9333 -0.0028 0.3592
vn -0.9969 0.0783 0.0042
vn -0.9333 0.0028 -0.3592
vn 0.0274 -0.9985 -0.0478
vn 0.1034 -0.9484 -0.2997
vn 0.2008 -0.9762 -0.0821
vn 0.0605 0.9731 -0.2224
vn 0.0341 0.9991 -0.0241
vn 0.2548 0.9598 -0.1174
vn 0.0363 -0.9991 0.0234
vn 0.2587 -0.9594 0.1125
vn 0.0664 -0.9730 0.2212
vn 0.0266 0.9985 0.0473
vn 0.1075 0.9486 0.2976
vn 0.2006 0.9765 0.0782
vn -0.0347 -0.9987 -0.0378
vn -0.2571 -0.9581 -0.1263
vn -0.0648 -0.9698 -0.2352
vn -0.0282 0.9991 -0.0329
vn -0.1090 0.9526 -0.2839
vn -0.2022 0.9772 -0.0642
vn -0.0258 -0.9991 0.0334
vn -0.1019 -0.9528 0.2860
vn -0.1992 -0.9776 0.0680
vn -0.0357 0.9986 0.0385
vn -0.2563 0.9576 0.1313
vn -0.0620 0.9697 0.2364
vn 0.2005 0.9797 0.0051
vn -0.2020 0.9793 0.0090
vn 0.2637 -0.9394 -0.2193
vn 0.0441 -0.4977 -0.8662
vn 0.7300 -0.4220 -0.5376
vn -0.2029 0.3486 -0.9151
vn -0.0316 0.9071 -0.4198
vn 0.5365 0.4168 -0.7338
vn 0.5167 -0.8366 0.1821
vn 0.9805 -0.1965 -0.0100
vn 0.6726 -0.2803 0.6849
vn 0.1086 0.9934 0.0369
vn 0.5845 0.5890 0.5581
vn 0.7481 0.6367 -0.1871
vn -0.1390 -0.9892 0.0472
vn -0.8250 -0.5554 0.1044
vn -0.4752 -0.6747 -0.5648
vn -0.4862 0.8323 -0.2662
vn -0.7399 0.1630 -0.6527
vn -0.9456 0.3182 0.0671
vn 0.1141 -0.8864 0.4487
vn 0.1115 -0.2542 0.9607
vn -0.5327 -0.5330 0.6574
vn -0.3460 0.9187 0.1905
vn -0.6921 0.3352 0.6393
vn 0.0053 0.6064 0.7951
vn 0.4409 -0.8975 -0.0043
vn 0.6638 0.6063 -0.4378
vn 0.3068 -0.8788 0.3655
vn 0.4538 -0.3259 0.8293
vn 0.2490 0.6641 0.7050
vn 0.0366 0.1320 0.9906
vn -0.0548 -0.9695 0.2388
vn -0.4411 0.8975 0.0043
vn -0.8686 0.3838 0.3135
vn 0.0793 -0.9882 -0.1310
vn -0.2490 -0.6641 -0.7049
vn -0.3068 0.8788 -0.3655
vn -0.1395 -0.9388 -0.3150
vn -0.6569 -0.4009 -0.6386
vn 0.0646 -0.4664 -0.8822
vn -0.7073 0.4733 -0.5251
vn -0.1432 0.9418 -0.3041
vn -0.0507 0.4084 -0.9114
vn 0.3330 -0.9202 -0.2059
vn 0.6449 -0.3408 -0.6841
vn 0.8913 -0.4523 0.0309
vn 0.2856 0.9553 -0.0763
vn 0.9031 0.4288 -0.0224
vn 0.5143 0.5323 -0.6724
vn -0.2482 -0.9558 0.1579
vn -0.6100 -0.4319 0.6643
vn -0.8470 -0.5287 -0.0560
vn -0.3703 0.9206 0.1243
vn -0.9380 0.3440 0.0421
vn -0.5586 0.4489 0.6974
vn 0.2243 -0.9372 0.2670
vn 0.6920 -0.3719 0.6188
vn -0.0202 -0.5147 0.8572
vn 0.0580 0.9341 0.3521
vn 0.0157 0.3643 0.9312
vn 0.6629 0.5079 0.5501
vn 0.1405 -0.9481 -0.2853
vn 0.3232 -0.4743 -0.8189
vn -0.7315 -0.0156 -0.6817
vn 0.0538 0.9702 -0.2362
vn 0.2771 0.5427 -0.7929
vn 0.6804 0.0495 -0.7311
vn 0.3041 -0.9499 0.0729
vn 0.8287 -0.4798 0.2882
vn 0.2175 0.9684 0.1220
vn 0.0361 -0.0239 0.9991
vn 0.7314 0.0156 0.6817
vn -0.0536 -0.9702 0.2362
vn -0.2771 -0.5427 0.7929
vn -0.3230 0.4745 0.8188
vn -0.9983 -0.0460 0.0349
vn -0.2174 -0.9684 -0.1220
vn -0.7826 -0.5373 -0.3143
vn -0.3041 0.9499 -0.0730
vn -0.8286 0.4800 -0.2883
vn 0.2246 -0.9501 -0.2165
vn 0.0974 -0.4829 -0.8702
vn 0.7514 -0.4580 -0.4751
vn -0.0899 0.3783 -0.9213
vn 0.0662 0.9151 -0.3978
vn 0.6309 0.3952 -0.6677
vn 0.4430 -0.8716 0.2097
vn 0.9625 -0.2593 0.0797
vn 0.5836 -0.3362 0.7392
vn 0.1664 0.9834 0.0723
vn 0.5624 0.5393 0.6268
vn 0.8014 0.5902 -0.0977
vn -0.2047 -0.9788 0.0086
vn -0.8643 -0.5028 0.0103
vn -0.4590 -0.6315 -0.6249
vn -0.4046 0.8671 -0.2907
vn -0.6609 0.2230 -0.7166
vn -0.9258 0.3775 -0.0164
vn 0.0138 -0.9003 0.4350
vn 0.0007 -0.2793 0.9602
vn -0.6268 -0.5098 0.5892
vn -0.3046 0.9354 0.1793
vn -0.7292 0.3669 0.5777
vn -0.0345 0.5894 0.8071
vn 0.3822 -0.9239 0.0156
vn 0.8694 -0.4331 -0.2377
vn 0.7403 0.5702 -0.3562
vn 0.6633 0.1714 0.7284
vn 0.9905 0.1320 0.0377
vn 0.2139 -0.9036 0.3711
vn 0.3491 -0.3704 0.8608
vn -0.0297 0.9886 0.1477
vn 0.2200 0.6329 0.7423
vn -0.7374 -0.0153 0.6752
vn -0.1388 -0.9683 0.2078
vn -0.7402 -0.5703 0.3562
vn -0.3823 0.9239 -0.0156
vn -0.8694 0.4332 0.2378
vn -0.6634 -0.1714 -0.7284
vn -0.2199 -0.6329 -0.7423
vn -0.3491 0.3704 -0.8608
vn 0.9352 0.0797 -0.3450
vn 0.0362 -0.9438 -0.3284
vn -0.2471 -0.4135 -0.8763
vn 0.4989 -0.4780 -0.7229
vn -0.3465 0.4616 -0.8167
vn 0.0306 0.9367 -0.3488
vn 0.4153 0.3955 -0.8192
vn 0.3899 -0.9209 0.0034
vn 0.9010 -0.3460 -0.2617
vn 0.7539 -0.4465 0.4819
vn 0.2866 0.9560 0.0633
vn 0.7924 0.4340 0.4286
vn 0.7835 0.5263 -0.3303
vn -0.2956 -0.9550 0.0258
vn -0.8621 -0.4265 0.2735
vn -0.7047 -0.5346 -0.4665
vn -0.3811 0.9199 -0.0925
vn -0.8313 0.3386 -0.4407
vn -0.8329 0.4549 0.3152
vn 0.0580 -0.9321 0.3576
vn 0.2862 -0.3592 0.8883
vn -0.4496 -0.5031 0.7381
vn -0.1252 0.9392 0.3196
vn -0.4542 0.3770 0.8072
vn 0.2969 0.5193 0.8014
vn 0.2636 -0.9510 -0.1617
vn 0.6906 -0.4834 -0.5379
vn 0.1667 0.9672 -0.1916
vn 0.6391 0.5336 -0.5538
vn 0.2244 -0.9469 0.2302
vn 0.5704 -0.4708 0.6730
vn 0.1279 0.9714 0.2003
vn 0.5193 0.5463 0.6572
vn -0.1669 -0.9672 0.1916
vn -0.6392 -0.5336 0.5538
vn -0.6906 0.4835 0.5379
vn -0.9560 -0.0437 0.2901
vn -0.1279 -0.9714 -0.2003
vn -0.5192 -0.5464 -0.6572
vn -0.2248 0.9468 -0.2302
vn -0.5703 0.4708 -0.6731
vn 0.2745 -0.9351 -0.2240
vn -0.0388 -0.5229 -0.8515
vn 0.6779 -0.4105 -0.6099
vn -0.3248 0.3112 -0.8931
vn -0.1193 0.8914 -0.4372
vn 0.4275 0.4135 -0.8039
vn 0.5692 -0.8100 0.1411
vn 0.9796 -0.1592 -0.1227
vn 0.7605 -0.2325 0.6063
vn 0.0706 0.9975 -0.0033
vn 0.6217 0.6283 0.4678
vn 0.6933 0.6585 -0.2929
vn -0.0909 -0.9918 0.0902
vn -0.7827 -0.5831 0.2179
vn -0.5105 -0.7099 -0.4852
vn -0.5487 0.8043 -0.2281
vn -0.8186 0.1137 -0.5630
vn -0.9433 0.2839 0.1719
vn 0.2035 -0.8667 0.4555
vn 0.2357 -0.2193 0.9468
vn -0.4277 -0.5319 0.7309
vn -0.3589 0.9104 0.2059
vn -0.6246 0.3285 0.7085
vn 0.0748 0.6311 0.7721
vn 0.4744 -0.8797 -0.0331
vn 0.8404 -0.3599 -0.4052
vn 0.5704 0.0461 -0.8200
vn -0.0146 0.9628 -0.2697
vn 0.7809 0.2790 0.5589
vn 0.9555 0.2299 -0.1847
vn 0.5627 -0.2819 0.7771
vn -0.1045 0.9881 0.1129
vn 0.3033 0.6952 0.6517
vn 0.0144 -0.9628 0.2697
vn -0.5810 -0.6171 0.5307
vn -0.4745 0.8796 0.0331
vn -0.8404 0.3600 0.4052
vn -0.9555 -0.2299 0.1846
vn 0.1044 -0.9881 -0.1129
vn -0.3034 -0.6952 -0.6517
vn -0.3846 0.8544 -0.3495
vn -0.5625 0.2818 -0.7773
vn -0.0521 -0.9441 -0.3255
vn -0.6375 -0.4607 -0.6176
vn 0.0757 -0.4451 -0.8923
vn -0.7760 0.4014 -0.4865
vn -0.2560 0.9249 -0.2812
vn -0.1337 0.4125 -0.9011
vn 0.4201 -0.8763 -0.2359
vn 0.6472 -0.2603 -0.7165
vn 0.9350 -0.3544 -0.0144
vn 0.1780 0.9814 -0.0713
vn 0.8504 0.5235 -0.0525
vn 0.4247 0.5934 -0.6838
vn -0.1374 -0.9789 0.1511
vn -0.5307 -0.5039 0.6815
vn -0.7872 -0.6160 -0.0300
vn -0.4608 0.8737 0.1560
vn -0.9667 0.2403 0.0874
vn -0.5725 0.3768 0.7281
vn 0.3346 -0.9111 0.2407
vn 0.7539 -0.3035 0.5827
vn 0.0722 -0.5252 0.8479
vn -0.0266 0.9302 0.3660
vn 0.0172 0.3515 0.9360
vn 0.6282 0.5687 0.5309
vn 0.2284 -0.9236 -0.3078
vn -0.0818 0.0331 -0.9961
vn -0.0606 0.9734 -0.2209
vn 0.1828 0.5798 -0.7940
vn 0.9852 0.1536 -0.0758
vn 0.6388 0.1320 -0.7580
vn 0.4065 -0.9126 0.0433
vn 0.8869 -0.3918 0.2448
vn 0.1176 0.9845 0.1300
vn 0.7338 0.6140 0.2907
vn 0.7545 0.0852 0.6507
vn 0.0606 -0.9734 0.2210
vn -0.1827 -0.5798 0.7940
vn -0.2285 0.9237 0.3077
vn -0.9852 -0.1536 0.0759
vn -0.1178 -0.9845 -0.1300
vn -0.7337 -0.6142 -0.2908
vn -0.8870 0.3917 -0.2447
vn 0.3151 -0.9431 -0.1059
vn 0.3938 -0.4906 -0.7773
vn 0.8807 -0.4337 -0.1905
vn 0.2048 0.3616 -0.9095
vn 0.1625 0.9114 -0.3781
vn 0.8016 0.4110 -0.4342
vn 0.3783 -0.8501 0.3663
vn 0.8911 -0.2192 0.3973
vn 0.3194 -0.3021 0.8982
vn 0.1001 0.9902 0.0969
vn 0.3071 0.5700 0.7621
vn 0.7687 0.6207 0.1545
vn -0.1631 -0.9860 -0.0332
vn -0.8023 -0.5372 -0.2602
vn -0.2068 -0.6582 -0.7239
vn -0.3155 0.8459 -0.4300
vn -0.3960 0.1862 -0.8992
vn -0.8812 0.3396 -0.3288
vn -0.0995 -0.8929 0.4390
vn -0.3052 -0.2656 0.9145
vn -0.7680 -0.5265 0.3647
vn -0.3779 0.9248 0.0449
vn -0.8903 0.3453 0.2970
vn -0.3176 0.5987 0.7354
vn 0.3868 -0.9074 0.1643
vn 0.3791 -0.1220 -0.9173
vn 0.9173 0.0356 -0.3965
vn 0.1665 0.9701 -0.1764
vn 0.7966 0.5946 -0.1089
vn 0.3812 0.2081 0.9007
vn 0.9183 0.1724 0.3565
vn -0.1097 0.9885 0.1036
vn -0.3791 0.1220 0.9173
vn -0.7967 -0.5945 0.1089
vn -0.9133 0.4010 -0.0717
vn -0.9183 -0.1724 -0.3565
vn 0.0573 -0.6515 -0.7565
vn -0.1104 0.8891 -0.4443
vn 0.0167 -0.9454 -0.3254
vn -0.5446 -0.4808 -0.6872
vn 0.1955 -0.4428 -0.8751
vn -0.7246 0.3765 -0.5772
vn -0.2493 0.9163 -0.3135
vn -0.0381 0.4077 -0.9123
vn 0.4727 -0.8626 -0.1804
vn 0.7359 -0.2401 -0.6330
vn 0.9406 -0.3247 0.0987
vn 0.1546 0.9865 -0.0535
vn 0.8337 0.5502 0.0471
vn 0.4846 0.6061 -0.6307
vn -0.1239 -0.9827 0.1377
vn -0.5924 -0.5199 0.6154
vn -0.7584 -0.6405 -0.1211
vn -0.5033 0.8587 0.0964
vn -0.9773 0.2099 -0.0295
vn -0.6669 0.3588 0.6531
vn 0.3320 -0.8999 0.2826
vn 0.6882 -0.2793 0.6697
vn -0.0132 -0.5224 0.8526
vn -0.0992 0.9291 0.3563
vn -0.1057 0.3523 0.9299
vn 0.5422 0.5886 0.5997
vn 0.4470 -0.4156 -0.7922
vn -0.6685 -0.1092 -0.7357
vn 0.4270 -0.8992 0.0953
vn 0.8632 -0.3636 0.3504
vn 0.0706 0.9878 0.1390
vn 0.6742 0.6371 0.3736
vn -0.2579 -0.5850 0.7689
vn -0.2923 0.9161 0.2744
vn -0.4470 0.4155 0.7922
vn -0.6744 -0.6370 -0.3735
vn -0.4270 0.8992 -0.0952
vn -0.4096 -0.0984 0.9070
vn -0.0962 -0.9453 -0.3116
vn -0.7015 -0.4557 -0.5479
vn -0.0188 -0.4516 -0.8920
vn -0.8150 0.4090 -0.4105
vn -0.2708 0.9265 -0.2614
vn -0.2169 0.4087 -0.8865
vn 0.3834 -0.8833 -0.2697
vn 0.5698 -0.2736 -0.7749
vn 0.9243 -0.3671 -0.1041
vn 0.1829 0.9784 -0.0960
vn 0.8476 0.5118 -0.1403
vn 0.3625 0.5833 -0.7269
vn -0.1346 -0.9760 0.1714
vn -0.4673 -0.4922 0.7344
vn -0.7942 -0.6054 0.0527
vn -0.4317 0.8809 0.1942
vn -0.9501 0.2541 0.1808
vn -0.4927 0.3892 0.7783
vn 0.3452 -0.9140 0.2133
vn 0.8039 -0.3101 0.5076
vn 0.1488 -0.5208 0.8406
vn 0.0217 0.9328 0.3597
vn 0.1145 0.3572 0.9270
vn 0.6850 0.5635 0.4618
vn 0.1849 -0.9286 -0.3217
vn 0.2457 -0.4359 -0.8658
vn 0.1107 0.5723 -0.8125
vn 0.5622 0.1185 -0.8184
vn 0.3972 -0.9177 0.0098
vn 0.9017 -0.4022 0.1588
vn 0.1429 0.9836 0.1102
vn 0.1796 -0.0279 0.9833
vn 0.0696 -0.9727 0.2213
vn -0.1108 -0.5723 0.8125
vn -0.2457 0.4358 0.8658
vn -0.1428 -0.9836 -0.1102
vn -0.7668 -0.6059 -0.2121
vn -0.9017 0.4023 -0.1588
vn 0.2183 -0.9382 -0.2687
vn -0.1316 -0.4985 -0.8569
vn 0.6069 -0.4186 -0.6756
vn -0.3879 0.3463 -0.8542
vn -0.1219 0.9064 -0.4044
vn 0.3727 0.4189 -0.8280
vn 0.5477 -0.8336 0.0724
vn 0.9587 -0.1912 -0.2107
vn 0.8002 -0.2759 0.5325
vn 0.1082 0.9940 0.0139
vn 0.6830 0.5928 0.4267
vn 0.6904 0.6404 -0.3363
vn -0.1208 -0.9899 0.0748
vn -0.7829 -0.5599 0.2712
vn -0.5770 -0.6779 -0.4555
vn -0.5349 0.8294 -0.1610
vn -0.8589 0.1581 -0.4872
vn -0.9136 0.3131 0.2593
vn 0.2083 -0.8853 0.4158
vn 0.3073 -0.2527 0.9175
vn -0.3836 -0.5350 0.7528
vn -0.3046 0.9171 0.2573
vn -0.5485 0.3321 0.7674
vn 0.1646 0.6072 0.7773
vn 0.4358 -0.8951 -0.0945
vn 0.7881 -0.3794 -0.4848
vn 0.4994 0.0471 -0.8651
vn -0.0007 0.9695 -0.2450
vn 0.5568 0.6093 -0.5645
vn 0.3801 -0.8767 0.2949
vn 0.6159 -0.3226 0.7187
vn -0.0564 0.9879 0.1445
vn 0.3846 0.6661 0.6391
vn 0.2379 0.1333 0.9621
vn 0.0006 -0.9695 0.2450
vn -0.5568 -0.6093 0.5645
vn -0.4359 0.8950 0.0945
vn -0.8360 -0.2356 -0.4956
vn -0.6159 0.3224 -0.7188
vn -0.1788 -0.9460 -0.2706
vn -0.7417 -0.4169 -0.5255
vn -0.0636 -0.4856 -0.8719
vn -0.7802 0.4593 -0.4246
vn -0.1928 0.9344 -0.2997
vn -0.1877 0.3880 -0.9024
vn 0.3049 -0.9234 -0.2331
vn 0.5386 -0.3538 -0.7647
vn 0.8889 -0.4488 -0.0917
vn 0.2648 0.9543 -0.1383
vn 0.8871 0.4311 -0.1651
vn 0.4056 0.5190 -0.7524
vn -0.2160 -0.9528 0.2133
vn -0.5019 -0.4191 0.7566
vn -0.8425 -0.5326 0.0814
vn -0.3536 0.9219 0.1581
vn -0.9236 0.3418 0.1733
vn -0.4522 0.4623 0.7628
vn 0.2676 -0.9303 0.2508
vn 0.7784 -0.3558 0.5173
vn 0.1102 -0.4956 0.8615
vn 0.1038 0.9419 0.3195
vn 0.1510 0.3849 0.9105
vn 0.7338 0.5219 0.4349
vn 0.1028 -0.9537 -0.2825
vn 0.2014 -0.4914 -0.8473
vn -0.8242 -0.0331 -0.5653
vn 0.0119 0.9649 -0.2624
vn 0.1532 0.5260 -0.8366
vn 0.5644 0.0354 -0.8247
vn 0.3179 -0.9470 0.0475
vn 0.8653 -0.4707 0.1726
vn 0.2269 0.9716 0.0677
vn 0.1837 -0.0016 0.9830
vn -0.0119 -0.9649 0.2623
vn -0.1532 -0.5259 0.8367
vn -0.1029 0.9537 0.2826
vn -0.5644 -0.0354 0.8248
vn -0.8170 -0.5467 -0.1833
vn -0.3176 0.9470 -0.0475
vn -0.8653 0.4707 -0.1726
vn -0.1149 -0.9457 -0.3041
vn -0.7003 -0.4421 -0.5604
vn -0.0097 -0.4609 -0.8874
vn -0.7930 0.4268 -0.4346
vn -0.2380 0.9307 -0.2778
vn -0.1835 0.4045 -0.8959
vn 0.3649 -0.8966 -0.2508
vn 0.5806 -0.2980 -0.7577
vn 0.9160 -0.3937 -0.0773
vn 0.2125 0.9719 -0.1015
vn 0.8649 0.4863 -0.1245
vn 0.3965 0.5648 -0.7237
vn -0.1660 -0.9699 0.1782
vn -0.4987 -0.4708 0.7278
vn -0.8119 -0.5825 0.0393
vn -0.4113 0.8947 0.1742
vn -0.9468 0.2823 0.1544
vn -0.5007 0.4113 0.7617
vn 0.3140 -0.9208 0.2313
vn 0.7823 -0.3265 0.5305
vn 0.1136 -0.5153 0.8495
vn 0.0393 0.9358 0.3504
vn 0.1016 0.3641 0.9258
vn 0.6890 0.5493 0.4727
vn -0.8039 -0.0627 -0.5914
vn -0.0368 0.9718 -0.2330
vn 0.1465 0.5600 -0.8154
vn 0.5853 0.0937 -0.8054
vn 0.3709 -0.9282 0.0292
vn 0.8859 -0.4253 0.1853
vn 0.1675 0.9804 0.1035
vn 0.7781 0.5866 0.2247
vn 0.1547 -0.0220 0.9877
vn -0.1666 0.9369 0.3073
vn -0.1677 -0.9804 -0.1035
vn -0.7779 -0.5868 -0.2247
vn -0.3710 0.9282 -0.0292
vn 0.4227 -0.9048 -0.0515
vn 0.4950 -0.7640 -0.4138
vn 0.7356 -0.6717 -0.0877
vn -0.1516 0.8939 -0.4218
vn -0.2829 0.9580 -0.0473
vn 0.1972 0.9689 -0.1495
vn 0.4401 -0.8967 0.0479
vn 0.8001 -0.5799 0.1536
vn 0.4907 -0.7616 0.4233
vn -0.3020 0.9519 0.0520
vn -0.1559 0.8963 0.4152
vn 0.0858 0.9921 0.0910
vn 0.2834 -0.9582 -0.0390
vn -0.1957 -0.9697 -0.1461
vn 0.1559 -0.8963 -0.4152
vn -0.4221 0.9045 -0.0610
vn -0.4907 0.7616 -0.4232
vn -0.7346 0.6712 -0.0991
vn 0.3014 -0.9516 0.0605
vn 0.1516 -0.8939 0.4218
vn -0.0869 -0.9916 0.0958
vn -0.4405 0.8969 0.0383
vn -0.8016 0.5807 0.1420
vn -0.4950 0.7640 0.4138
vn 0.7384 -0.6744 0.0057
vn 0.4960 0.1894 -0.8474
vn 0.0866 0.9962 -0.0024
vn -0.8994 -0.3495 0.2626
vn 0.2834 -0.9590 0.0042
vn -0.7383 0.6744 -0.0057
vn 0.3467 -0.8858 -0.3084
vn 0.0803 -0.9966 -0.0192
vn 0.2515 -0.9595 -0.1270
vn 0.5374 -0.8428 -0.0278
vn 0.2596 0.9583 -0.1198
vn 0.1138 0.9935 -0.0081
vn 0.6455 0.7630 -0.0350
vn 0.1057 -0.9944 0.0079
vn 0.6391 -0.7684 0.0335
vn 0.2518 -0.9604 0.1192
vn 0.0887 0.9959 0.0190
vn 0.2601 0.9573 0.1264
vn 0.5446 0.8383 0.0265
vn -0.1138 -0.9934 -0.0154
vn -0.6458 -0.7625 -0.0392
vn -0.2598 -0.9574 -0.1264
vn -0.0802 0.9967 -0.0115
vn -0.2518 0.9604 -0.1192
vn -0.5379 0.8428 -0.0202
vn -0.0886 -0.9960 0.0117
vn -0.2597 -0.9582 0.1198
vn -0.5446 -0.8384 0.0215
vn -0.1057 0.9943 0.0156
vn -0.6387 0.7683 0.0408
vn -0.2518 0.9594 0.1269
vn 0.1058 -0.9944 -0.0039
vn 0.5374 -0.8433 -0.0038
vn 0.1141 0.9935 0.0036
vn 0.5448 0.8385 0.0025
vn -0.0042 -0.9999 0.0117
vn -0.1141 -0.9935 -0.0036
vn -0.5446 -0.8387 -0.0025
vn -0.1058 0.9944 0.0039
vn -0.9480 0.0052 -0.3181
vn 0.0042 0.9999 -0.0116
vn 0.0041 0.9963 -0.0858
vn 0.0765 -0.9969 -0.0187
vn 0.2482 -0.9604 -0.1268
vn 0.5350 -0.8444 -0.0284
vn 0.2626 0.9573 -0.1211
vn 0.1172 0.9931 -0.0091
vn 0.6481 0.7607 -0.0370
vn 0.1022 -0.9947 0.0083
vn 0.6367 -0.7704 0.0326
vn 0.2486 -0.9612 0.1193
vn 0.0921 0.9956 0.0181
vn 0.2636 0.9565 0.1251
vn 0.5473 0.8366 0.0248
vn -0.1178 -0.9929 -0.0144
vn -0.6482 -0.7606 -0.0373
vn -0.2633 -0.9566 -0.1251
vn -0.0769 0.9970 -0.0120
vn -0.2488 0.9612 -0.1192
vn -0.5341 0.8452 -0.0196
vn -0.0925 -0.9956 0.0126
vn -0.2626 -0.9573 0.1210
vn -0.5476 -0.8364 0.0233
vn -0.1019 0.9947 0.0152
vn -0.6357 0.7708 0.0417
vn -0.2479 0.9605 0.1269
vn 0.5349 -0.8449 -0.0044
vn 0.1175 0.9931 0.0027
vn 0.5481 0.8364 0.0007
vn -0.1175 -0.9931 -0.0027
vn -0.5480 -0.8365 -0.0007
vn -0.1018 0.9948 0.0034
vn -0.5348 0.8450 0.0044
vn 0.0591 -0.9923 -0.1087
vn 0.2066 -0.7400 -0.6401
vn 0.5915 -0.7782 -0.2111
vn 0.1518 0.8158 -0.5581
vn 0.1049 0.9900 -0.0940
vn 0.6102 0.7611 -0.2202
vn 0.0811 -0.9923 0.0937
vn 0.5921 -0.7757 0.2185
vn 0.1335 -0.8192 0.5577
vn 0.0835 0.9906 0.1085
vn 0.2263 0.7347 0.6395
vn 0.6108 0.7636 0.2094
vn -0.1052 -0.9911 -0.0819
vn -0.6108 -0.7636 -0.2094
vn -0.1534 -0.8223 -0.5480
vn -0.0595 0.9910 -0.1203
vn -0.2085 0.7324 -0.6482
vn -0.5921 0.7757 -0.2185
vn -0.0831 -0.9892 0.1205
vn -0.2244 -0.7271 0.6488
vn -0.6101 -0.7611 0.2202
vn -0.0809 0.9933 0.0822
vn -0.5915 0.7782 0.2111
vn -0.1318 0.8258 0.5484
vn 0.4903 0.8716 -0.0059
vn 0.8912 -0.0081 0.4534
vn -0.8913 0.0081 -0.4534
vn 0.5830 -0.5790 -0.5699
vn 0.3878 -0.0829 -0.9180
vn 0.9495 -0.1065 -0.2950
vn 0.3056 0.1186 -0.9448
vn 0.5714 0.5902 -0.5703
vn 0.9219 0.0955 -0.3755
vn 0.5758 -0.5789 0.5773
vn 0.9189 -0.0772 0.3869
vn 0.2961 -0.1127 0.9485
vn 0.5643 0.5904 0.5770
vn 0.3747 0.0904 0.9227
vn 0.9435 0.1253 0.3067
vn -0.5643 -0.5904 -0.5771
vn -0.9171 -0.0957 -0.3870
vn -0.2938 -0.1190 -0.9484
vn -0.5759 0.5788 -0.5774
vn -0.3764 0.0825 -0.9228
vn -0.9458 0.1064 -0.3068
vn -0.5714 -0.5902 0.5703
vn -0.3861 -0.0900 0.9181
vn -0.9473 -0.1252 0.2950
vn -0.5831 0.5790 0.5699
vn -0.9236 0.0774 0.3755
vn -0.3079 0.1131 0.9447
vn 0.9262 0.0091 -0.3769
vn 0.9214 0.0093 0.3884
vn 0.0007 -0.5805 0.8143
vn -0.0050 -0.1213 0.9926
vn -0.0108 0.5808 0.8139
vn -0.8083 -0.5887 -0.0049
vn 0.5780 -0.5921 -0.5615
vn 0.3883 -0.0984 -0.9163
vn 0.9489 -0.1198 -0.2920
vn 0.3082 0.1035 -0.9457
vn 0.5782 0.5771 -0.5768
vn 0.9234 0.0815 -0.3752
vn 0.5691 -0.5771 0.5857
vn 0.9175 -0.0815 0.3894
vn 0.2935 -0.1035 0.9503
vn 0.5694 0.5920 0.5704
vn 0.3742 0.0984 0.9221
vn 0.9443 0.1197 0.3067
vn -0.5693 -0.5921 -0.5704
vn -0.9175 -0.0913 -0.3872
vn -0.2935 -0.1281 -0.9473
vn -0.5691 0.5772 -0.5856
vn -0.3741 0.0745 -0.9244
vn -0.9442 0.1120 -0.3096
vn -0.5781 -0.5772 0.5768
vn -0.3884 -0.0744 0.9185
vn -0.9489 -0.1119 0.2950
vn -0.5780 0.5921 0.5616
vn -0.9233 0.0915 0.3730
vn -0.3081 0.1282 0.9427
vn 0.3897 -0.0120 -0.9209
vn 0.3756 0.0120 0.9267
vn -0.3898 0.0120 0.9208
vn -0.3756 -0.0120 -0.9267
vn 0.5642 -0.5894 -0.5781
vn 0.3773 -0.0871 -0.9220
vn 0.9441 -0.1269 -0.3043
vn 0.2995 0.1163 -0.9470
vn 0.5795 0.5798 -0.5727
vn 0.9203 0.0761 -0.3837
vn 0.5676 -0.5949 0.5692
vn 0.9203 -0.1003 0.3780
vn 0.3022 -0.1243 0.9451
vn 0.5831 0.5743 0.5746
vn 0.3851 0.0770 0.9197
vn 0.9490 0.1019 0.2985
vn -0.5831 -0.5743 -0.5746
vn -0.9226 -0.0725 -0.3788
vn -0.3053 -0.1074 -0.9462
vn -0.5676 0.5948 -0.5692
vn -0.3828 0.0958 -0.9188
vn -0.9459 0.1297 -0.2974
vn -0.5796 -0.5798 0.5727
vn -0.3796 -0.0858 0.9212
vn -0.9471 -0.1048 0.3032
vn -0.5642 0.5894 0.5782
vn -0.9181 0.0967 0.3845
vn -0.2965 0.1153 0.9481
vn 0.8064 -0.5914 -0.0052
vn 0.9227 -0.0103 -0.3855
vn 0.9250 -0.0140 0.3798
vn 0.0046 0.1167 0.9932
vn -0.9227 0.0104 0.3854
vn -0.9249 0.0140 -0.3799
vn -0.0101 -0.5769 -0.8168
vn -0.0046 -0.1167 -0.9932
vn 0.5664 -0.5878 -0.5776
vn 0.3800 -0.0850 -0.9211
vn 0.9451 -0.1253 -0.3019
vn 0.3021 0.1183 -0.9459
vn 0.5805 0.5814 -0.5700
vn 0.9213 0.0778 -0.3809
vn 0.5667 -0.5953 0.5696
vn 0.9193 -0.1000 0.3805
vn 0.2996 -0.1256 0.9458
vn 0.5807 0.5740 0.5773
vn 0.3824 0.0758 0.9209
vn 0.9480 0.1025 0.3013
vn -0.5808 -0.5739 -0.5773
vn -0.9214 -0.0728 -0.3816
vn -0.3025 -0.1060 -0.9472
vn -0.5667 0.5952 -0.5697
vn -0.3804 0.0970 -0.9197
vn -0.9452 0.1292 -0.2998
vn -0.5805 -0.5814 0.5700
vn -0.3821 -0.0878 0.9200
vn -0.9479 -0.1064 0.3003
vn -0.5664 0.5878 0.5776
vn -0.9192 0.0950 0.3821
vn -0.2992 0.1133 0.9475
vn 0.8070 -0.5905 -0.0040
vn 0.3824 0.0014 -0.9240
vn 0.9237 -0.0087 -0.3829
vn 0.3829 -0.0106 0.9237
vn 0.9239 -0.0136 0.3825
vn -0.8211 -0.5708 -0.0035
vn -0.8071 0.5905 0.0040
vn -0.9239 0.0136 -0.3825
vn -0.0072 -0.5754 -0.8179
vt -0.090324 0.412655
vt -0.096858 0.415338
vt -0.098317 0.414482
vt -0.090376 0.419138
vt -0.090337 0.414555
vt -0.098354 0.419066
vt -0.101661 0.419035
vt -0.095045 0.946155
vt -0.101593 0.949838
vt -0.103023 0.946084
vt -0.095108 0.952632
vt -0.095087 0.950736
vt -0.103067 0.950664
vt -0.106330 0.946052
vt -0.090783 0.412398
vt -0.097322 0.415078
vt -0.090803 0.414294
vt -0.098820 0.418805
vt -0.098775 0.414226
vt -0.102119 0.418778
vt -0.090846 0.418875
vt -0.095566 0.952376
vt -0.102058 0.949577
vt -0.103525 0.950407
vt -0.095515 0.945893
vt -0.095554 0.950475
vt -0.103489 0.945823
vt -0.106788 0.945796
vt 0.827070 0.420771
vt 0.833561 0.423569
vt 0.827057 0.422671
vt 0.834992 0.427324
vt 0.835029 0.422740
vt 0.838292 0.427351
vt 0.827018 0.427254
vt 0.822286 0.960748
vt 0.828825 0.958069
vt 0.830278 0.958921
vt 0.822349 0.954272
vt 0.822307 0.958853
vt 0.830323 0.954341
vt 0.833623 0.954368
vt 0.826611 0.420515
vt 0.833096 0.423309
vt 0.834570 0.422483
vt 0.826548 0.426991
vt 0.826591 0.422410
vt 0.834526 0.427063
vt 0.837833 0.427094
vt 0.821828 0.960492
vt 0.828361 0.957809
vt 0.821840 0.958592
vt 0.829857 0.954080
vt 0.829820 0.958664
vt 0.833164 0.954112
vt 0.821879 0.954009
vt -0.090324 0.087760
vt -0.098775 0.185326
vt -0.090783 0.185358
vt 0.087727 0.414482
vt 0.185322 0.418778
vt 0.185326 0.414226
vt -0.095566 0.186755
vt -0.103067 0.089114
vt -0.095108 0.089156
vt 0.186712 0.950407
vt 0.089086 0.946052
vt 0.089114 0.950664
vt 0.826611 0.189685
vt 0.835029 0.092129
vt 0.827070 0.092087
vt 0.092129 0.422740
vt 0.189755 0.427094
vt 0.092157 0.427351
vt 0.822286 0.093483
vt 0.829820 0.191114
vt 0.821828 0.191082
vt 0.093516 0.958921
vt 0.191118 0.954112
vt 0.191114 0.958664
vt 0.087723 0.419035
vt 0.093520 0.954368
vt -0.096728 0.420532
vt -0.103215 0.423311
vt -0.104693 0.422475
vt -0.096675 0.427018
vt -0.096706 0.422434
vt -0.104655 0.427061
vt -0.107971 0.427075
vt -0.093732 0.954042
vt -0.100230 0.957817
vt -0.101712 0.954085
vt -0.093713 0.960516
vt -0.093712 0.958622
vt -0.101699 0.958663
vt -0.105028 0.954100
vt -0.098090 0.420018
vt -0.104596 0.422790
vt -0.098091 0.421912
vt -0.106041 0.426539
vt -0.106055 0.421961
vt -0.109333 0.426562
vt -0.098071 0.426492
vt -0.095075 0.960002
vt -0.101612 0.957297
vt -0.103061 0.958150
vt -0.095128 0.953516
vt -0.095097 0.958100
vt -0.103098 0.953563
vt -0.106390 0.953586
vt 0.820608 0.415341
vt 0.827145 0.418047
vt 0.820631 0.417243
vt 0.828632 0.421780
vt 0.828594 0.417194
vt 0.831923 0.421757
vt 0.820661 0.421827
vt 0.823624 0.955325
vt 0.830130 0.952553
vt 0.831588 0.953382
vt 0.823604 0.948852
vt 0.823625 0.953432
vt 0.831575 0.948805
vt 0.834866 0.948781
vt 0.819246 0.414828
vt 0.825764 0.417526
vt 0.827232 0.416681
vt 0.819266 0.421301
vt 0.819245 0.416721
vt 0.827246 0.421258
vt 0.830561 0.421244
vt 0.822262 0.954812
vt 0.828748 0.952033
vt 0.822239 0.952909
vt 0.830189 0.948282
vt 0.830226 0.952869
vt 0.833504 0.948268
vt 0.822209 0.948326
vt -0.096728 0.801205
vt -0.106055 0.898693
vt -0.098090 0.898794
vt 0.801104 0.422475
vt 0.898671 0.426562
vt 0.898693 0.421961
vt -0.095075 0.901675
vt -0.101699 0.803965
vt -0.093713 0.804086
vt 0.803965 0.958663
vt 0.901484 0.953586
vt 0.803895 0.954100
vt 0.820608 0.813981
vt 0.827232 0.911691
vt 0.828594 0.814102
vt 0.911691 0.416681
vt 0.814172 0.421757
vt 0.814102 0.417194
vt 0.823624 0.816862
vt 0.830226 0.914552
vt 0.822262 0.914451
vt 0.914552 0.952869
vt 0.816985 0.948781
vt 0.914574 0.948268
vt 0.819246 0.911570
vt 0.801082 0.427075
vt 0.911761 0.421244
vt 0.194927 0.419197
vt 0.190653 0.421967
vt 0.194945 0.421105
vt 0.187521 0.425716
vt 0.189676 0.421123
vt 0.194973 0.425691
vt 0.189708 0.425715
vt 0.190223 0.952710
vt 0.193393 0.956442
vt 0.192410 0.952709
vt 0.197695 0.959150
vt 0.192425 0.957280
vt 0.197675 0.952685
vt 0.197695 0.957263
vt 0.800007 0.416019
vt 0.804323 0.418743
vt 0.805277 0.417889
vt 0.800053 0.422513
vt 0.800025 0.417927
vt 0.807480 0.422459
vt 0.805309 0.422481
vt 0.802775 0.955972
vt 0.807064 0.953219
vt 0.802774 0.954084
vt 0.810182 0.949453
vt 0.808026 0.954046
vt 0.802755 0.949507
vt 0.808011 0.949475
vt 0.193919 0.418010
vt 0.189631 0.420763
vt 0.188668 0.419936
vt 0.193940 0.424475
vt 0.193920 0.419898
vt 0.186513 0.424529
vt 0.188683 0.424507
vt 0.196687 0.957963
vt 0.192371 0.955238
vt 0.196669 0.956055
vt 0.189215 0.951522
vt 0.191417 0.956093
vt 0.196642 0.951469
vt 0.191385 0.951501
vt 0.798999 0.414832
vt 0.803301 0.417539
vt 0.799000 0.416719
vt 0.806472 0.421272
vt 0.804269 0.416702
vt 0.799020 0.421297
vt 0.804284 0.421273
vt 0.801767 0.954785
vt 0.806041 0.952015
vt 0.807018 0.952859
vt 0.801722 0.948290
vt 0.801749 0.952876
vt 0.809174 0.948266
vt 0.806986 0.948267
vt -0.005672 0.798999
vt -0.103182 0.805277
vt -0.005594 0.804269
vt -0.005594 0.416702
vt -0.103104 0.422459
vt -0.005516 0.421272
vt 0.000926 0.801767
vt -0.096631 0.808026
vt -0.096662 0.802775
vt -0.096631 0.954046
vt 0.000923 0.948266
vt -0.096664 0.949453
vt -0.011883 0.193919
vt -0.109502 0.189676
vt -0.109471 0.194927
vt -0.109502 0.421123
vt -0.011880 0.424529
vt -0.109468 0.425716
vt -0.005286 0.196687
vt -0.102951 0.192425
vt -0.005363 0.191417
vt -0.102951 0.957280
vt -0.005441 0.951522
vt -0.005363 0.956093
vt -0.103259 0.800007
vt 0.196770 0.415973
vt 0.192480 0.418724
vt 0.196773 0.417870
vt 0.189350 0.422476
vt 0.191515 0.417887
vt 0.196785 0.422451
vt 0.191526 0.422467
vt 0.190934 0.949512
vt 0.194087 0.953243
vt 0.193110 0.949504
vt 0.198393 0.955970
vt 0.193127 0.954088
vt 0.198369 0.949488
vt 0.198384 0.954070
vt 0.801883 0.414150
vt 0.806184 0.416874
vt 0.807149 0.416032
vt 0.801898 0.420628
vt 0.801885 0.416046
vt 0.809342 0.420607
vt 0.807160 0.420612
vt 0.803506 0.954147
vt 0.807790 0.951394
vt 0.803497 0.952247
vt 0.810926 0.947644
vt 0.808761 0.952233
vt 0.803482 0.947664
vt 0.808744 0.947649
vt 0.197158 0.416157
vt 0.192874 0.418910
vt 0.191903 0.418071
vt 0.197182 0.422639
vt 0.197167 0.418056
vt 0.189738 0.422659
vt 0.191920 0.422654
vt 0.198781 0.956154
vt 0.194480 0.953429
vt 0.198779 0.954257
vt 0.191322 0.949696
vt 0.193515 0.954272
vt 0.198766 0.949676
vt 0.193504 0.949691
vt 0.802271 0.414334
vt 0.806577 0.417061
vt 0.802280 0.416233
vt 0.809730 0.420791
vt 0.807537 0.416216
vt 0.802295 0.420816
vt 0.807554 0.420799
vt 0.803894 0.954330
vt 0.808184 0.951580
vt 0.809149 0.952417
vt 0.803879 0.947853
vt 0.803891 0.952434
vt 0.811314 0.947828
vt 0.809138 0.947836
vt 0.733472 0.801883
vt 0.831046 0.807537
vt 0.831071 0.802271
vt 0.733447 0.416032
vt 0.831029 0.420791
vt 0.831046 0.416216
vt 0.732449 0.803506
vt 0.830031 0.809149
vt 0.732432 0.808761
vt 0.732432 0.952233
vt 0.830031 0.947828
vt 0.732432 0.947644
vt 0.833472 0.197158
vt 0.735890 0.191515
vt 0.735873 0.196770
vt 0.735890 0.417887
vt 0.833489 0.422659
vt 0.735890 0.422476
vt 0.734850 0.198393
vt 0.832474 0.193515
vt 0.832449 0.198781
vt 0.832474 0.954272
vt 0.734892 0.949512
vt 0.832491 0.949696
vt 0.830048 0.803894
vt 0.733430 0.420607
vt -0.091496 0.094155
vt -0.097954 0.088414
vt -0.099472 0.094080
vt -0.091401 0.084322
vt -0.091429 0.087199
vt -0.102775 0.094053
vt -0.099405 0.087128
vt -0.091339 0.084886
vt -0.097890 0.088986
vt -0.099342 0.087691
vt -0.091432 0.094732
vt -0.091366 0.087773
vt -0.102713 0.094617
vt -0.099408 0.094653
vt -0.099192 0.894417
vt -0.105758 0.900038
vt -0.099258 0.901377
vt -0.110470 0.894316
vt -0.107167 0.894343
vt -0.099285 0.904263
vt -0.107234 0.901305
vt -0.099127 0.894994
vt -0.105695 0.900610
vt -0.107103 0.894916
vt -0.099223 0.904827
vt -0.099195 0.901950
vt -0.110408 0.894879
vt -0.107171 0.901868
vt 0.825901 0.102970
vt 0.832468 0.097355
vt 0.825968 0.096015
vt 0.837181 0.103086
vt 0.833877 0.103049
vt 0.825996 0.093138
vt 0.833944 0.096096
vt 0.825965 0.103548
vt 0.832532 0.097926
vt 0.833941 0.103622
vt 0.826059 0.093701
vt 0.826032 0.096588
vt 0.837244 0.103649
vt 0.834007 0.096660
vt 0.818206 0.903233
vt 0.824664 0.908979
vt 0.826182 0.903311
vt 0.818112 0.913079
vt 0.818139 0.910192
vt 0.829486 0.903348
vt 0.826116 0.910274
vt 0.818270 0.903810
vt 0.824727 0.909550
vt 0.818203 0.910765
vt 0.829549 0.903911
vt 0.826246 0.903885
vt 0.818175 0.913642
vt 0.826178 0.910837
vt -0.091401 0.421916
vt -0.099342 0.499980
vt -0.099405 0.421902
vt 0.087691 0.499980
vt 0.094053 0.421855
vt 0.087128 0.421902
vt -0.099285 0.416006
vt -0.107171 0.494112
vt -0.099223 0.494084
vt 0.901868 0.494112
vt 0.894316 0.416087
vt 0.894879 0.494165
vt 0.903911 0.493346
vt 0.910274 0.415221
vt 0.910837 0.493299
vt 0.826116 0.415221
vt 0.818175 0.493285
vt 0.826178 0.493299
vt 0.825996 0.421117
vt 0.834007 0.499167
vt 0.826059 0.499195
vt 0.096660 0.499167
vt 0.103086 0.421036
vt 0.103649 0.499114
vt 0.818112 0.415207
vt 0.903348 0.415268
vt 0.344804 0.222978
vt 0.344544 0.222024
vt 0.344105 0.222582
vt 0.345457 0.736279
vt 0.344544 0.736000
vt 0.345197 0.735776
vt 0.222358 0.736667
vt 0.222024 0.736000
vt 0.221760 0.736457
vt 0.373011 0.869495
vt 0.372291 0.870150
vt 0.372120 0.869672
vt 0.372693 0.206042
vt 0.372291 0.205174
vt 0.372987 0.205323
vt 0.371467 0.869882
vt 0.371895 0.870409
vt 0.264836 0.397517
vt 0.264015 0.397786
vt 0.264542 0.398236
vt 0.396896 0.775130
vt 0.397786 0.774733
vt 0.397120 0.774513
vt 0.398475 0.775210
vt 0.397798 0.775250
vt 0.292725 0.380581
vt 0.291762 0.380936
vt 0.291927 0.380243
vt 0.292072 0.381742
vt 0.292332 0.381360
vt 0.380163 0.908346
vt 0.380936 0.908883
vt 0.381065 0.908466
vt 0.519142 0.308436
vt 0.520105 0.308080
vt 0.519535 0.307657
vt 0.308853 0.711034
vt 0.308080 0.710497
vt 0.308773 0.710507
vt 0.519795 0.307274
vt 0.520402 0.307952
vt 0.547031 0.291500
vt 0.547852 0.291230
vt 0.547730 0.291896
vt 0.290541 0.844170
vt 0.291230 0.844647
vt 0.290780 0.844810
vt 0.292120 0.844249
vt 0.291219 0.844129
vt 0.439174 0.482974
vt 0.439576 0.483843
vt 0.439972 0.483311
vt 0.438856 0.749885
vt 0.439576 0.749230
vt 0.438880 0.749244
vt 0.440400 0.749497
vt 0.439746 0.749708
vt 0.467062 0.466038
vt 0.467323 0.466993
vt 0.466670 0.466817
vt 0.466659 0.882713
vt 0.466993 0.883380
vt 0.466435 0.883330
vt 0.466410 0.883101
vt 0.467323 0.883380
vt 0.467300 0.882923
vt 0.264136 0.397120
vt 0.222582 0.736050
vt 0.344567 0.736457
vt 0.343913 0.736667
vt 0.371895 0.205705
vt 0.205705 0.870409
vt 0.205625 0.869882
vt 0.381742 0.908426
vt 0.438880 0.483694
vt 0.264518 0.775210
vt 0.292332 0.908929
vt 0.292072 0.908426
vt 0.467954 0.882713
vt 0.519940 0.308773
vt 0.483392 0.749497
vt 0.467762 0.466435
vt 0.291896 0.844867
vt 0.307952 0.710914
vt 0.345197 0.222199
vt 0.519795 0.710954
vt 0.547325 0.290780
vt 0.547325 0.844810
vt 0.547349 0.844170
vt 0.578346 0.281959
vt 0.578661 0.281302
vt 0.578134 0.281372
vt 0.281662 0.733135
vt 0.281302 0.732808
vt 0.281743 0.732702
vt 0.578063 0.733200
vt 0.578661 0.732808
vt 0.578745 0.733169
vt 0.284292 0.835908
vt 0.283950 0.836301
vt 0.283792 0.835942
vt 0.583050 0.284620
vt 0.583341 0.283950
vt 0.583633 0.284394
vt 0.582711 0.835973
vt 0.583341 0.836301
vt 0.582822 0.836404
vt 0.440718 0.333418
vt 0.440067 0.333123
vt 0.440135 0.333644
vt 0.440435 0.738108
vt 0.440067 0.737749
vt 0.440506 0.737656
vt 0.333746 0.738102
vt 0.333123 0.737749
vt 0.333064 0.738118
vt 0.445422 0.336079
vt 0.444748 0.335770
vt 0.445193 0.335483
vt 0.336376 0.840875
vt 0.335770 0.841243
vt 0.336296 0.841307
vt 0.445082 0.840880
vt 0.444748 0.841243
vt 0.444582 0.840891
vt 0.629611 0.419623
vt 0.630285 0.419932
vt 0.630210 0.419407
vt 0.629950 0.727289
vt 0.630285 0.726927
vt 0.629839 0.726858
vt 0.419327 0.727295
vt 0.419932 0.726927
vt 0.420010 0.727279
vt 0.634315 0.422285
vt 0.634965 0.422580
vt 0.634526 0.422871
vt 0.421956 0.830068
vt 0.422580 0.830420
vt 0.422059 0.830518
vt 0.634598 0.830062
vt 0.634965 0.830420
vt 0.635098 0.830051
vt 0.491982 0.471083
vt 0.491691 0.471752
vt 0.492211 0.471678
vt 0.471411 0.732262
vt 0.471752 0.731868
vt 0.471308 0.731812
vt 0.492322 0.732196
vt 0.491691 0.731868
vt 0.491640 0.732228
vt 0.496686 0.473744
vt 0.496372 0.474400
vt 0.496087 0.473960
vt 0.496969 0.834969
vt 0.496372 0.835362
vt 0.496898 0.835421
vt 0.474040 0.835034
vt 0.474400 0.835362
vt 0.474540 0.835001
vt 0.440506 0.332832
vt 0.281163 0.733169
vt 0.582822 0.284024
vt 0.335693 0.840891
vt 0.439935 0.738118
vt 0.491400 0.471308
vt 0.444823 0.336296
vt 0.473960 0.835467
vt 0.496287 0.835001
vt 0.471911 0.732228
vt 0.629839 0.420219
vt 0.492211 0.731766
vt 0.496898 0.474330
vt 0.634526 0.830513
vt 0.422639 0.830051
vt 0.630450 0.727279
vt 0.578946 0.281743
vt 0.634897 0.422059
vt 0.284394 0.836358
vt 0.150944 0.467672
vt 0.150612 0.466851
vt 0.150267 0.467387
vt 0.151390 0.737278
vt 0.150612 0.736972
vt 0.151220 0.736807
vt 0.467218 0.737526
vt 0.466851 0.736972
vt 0.466624 0.737386
vt 0.166964 0.858227
vt 0.166295 0.858768
vt 0.166157 0.858334
vt 0.166706 0.453222
vt 0.166295 0.452474
vt 0.166928 0.452546
vt 0.452942 0.858474
vt 0.452474 0.858768
vt 0.452988 0.858968
vt 0.092950 0.631031
vt 0.092212 0.631355
vt 0.092729 0.631707
vt 0.630577 0.764275
vt 0.631355 0.763909
vt 0.630746 0.763731
vt 0.092693 0.764353
vt 0.092212 0.763909
vt 0.092091 0.764365
vt 0.108713 0.616581
vt 0.107895 0.616979
vt 0.107981 0.616347
vt 0.108266 0.885301
vt 0.107895 0.885705
vt 0.108436 0.885773
vt 0.616300 0.885224
vt 0.616979 0.885705
vt 0.617110 0.885314
vt 0.314976 0.528194
vt 0.315795 0.527796
vt 0.315253 0.527467
vt 0.528474 0.723378
vt 0.527796 0.722896
vt 0.528428 0.722884
vt 0.315423 0.723301
vt 0.315795 0.722896
vt 0.316024 0.723288
vt 0.330739 0.513744
vt 0.331477 0.513420
vt 0.331416 0.514029
vt 0.330997 0.844249
vt 0.331477 0.844693
vt 0.330960 0.844816
vt 0.514198 0.844327
vt 0.513420 0.844693
vt 0.513389 0.844237
vt 0.256983 0.691552
vt 0.257395 0.692301
vt 0.257715 0.691787
vt 0.256725 0.750376
vt 0.257395 0.749834
vt 0.256761 0.749809
vt 0.691833 0.750128
vt 0.692301 0.749834
vt 0.692427 0.750268
vt 0.272746 0.677103
vt 0.273077 0.677924
vt 0.272469 0.677830
vt 0.677557 0.871076
vt 0.677924 0.871630
vt 0.677388 0.871621
vt 0.272299 0.871324
vt 0.273077 0.871630
vt 0.273106 0.871216
vt 0.092274 0.630746
vt 0.150583 0.737386
vt 0.452348 0.858334
vt 0.165974 0.452988
vt 0.616347 0.885718
vt 0.107665 0.885314
vt 0.631386 0.764365
vt 0.256761 0.692228
vt 0.092729 0.763786
vt 0.108436 0.617308
vt 0.678151 0.871216
vt 0.315708 0.528428
vt 0.273422 0.677388
vt 0.514029 0.844871
vt 0.331598 0.844237
vt 0.527665 0.723288
vt 0.151220 0.466945
vt 0.330960 0.513068
vt 0.166928 0.858793
vt 0.541200 0.245390
vt 0.541142 0.244678
vt 0.540732 0.244997
vt 0.541782 0.729795
vt 0.541142 0.729474
vt 0.541599 0.729376
vt 0.540557 0.729859
vt 0.541144 0.729825
vt 0.546848 0.830157
vt 0.546243 0.830539
vt 0.546210 0.830186
vt 0.546327 0.243810
vt 0.546243 0.243106
vt 0.546708 0.243337
vt 0.545622 0.830220
vt 0.545841 0.830644
vt 0.450317 0.356358
vt 0.449623 0.356424
vt 0.449936 0.356832
vt 0.355795 0.736172
vt 0.356424 0.735832
vt 0.355964 0.735734
vt 0.357022 0.736185
vt 0.356434 0.736192
vt 0.455444 0.354778
vt 0.454724 0.354852
vt 0.454959 0.354390
vt 0.355461 0.836546
vt 0.354852 0.836897
vt 0.355257 0.836966
vt 0.354234 0.836533
vt 0.354873 0.836553
vt 0.652111 0.336464
vt 0.652831 0.336390
vt 0.652510 0.335985
vt 0.337008 0.725627
vt 0.336390 0.725264
vt 0.336852 0.725204
vt 0.335781 0.725614
vt 0.336369 0.725607
vt 0.657238 0.334884
vt 0.657932 0.334819
vt 0.657705 0.335278
vt 0.334220 0.825975
vt 0.334819 0.826329
vt 0.334411 0.826418
vt 0.335447 0.825988
vt 0.334808 0.825969
vt 0.561229 0.447432
vt 0.561312 0.448136
vt 0.561714 0.447820
vt 0.560707 0.732004
vt 0.561312 0.731621
vt 0.560847 0.731562
vt 0.561933 0.731940
vt 0.561345 0.731974
vt 0.566356 0.445852
vt 0.566413 0.446564
vt 0.565956 0.446331
vt 0.566998 0.832301
vt 0.566413 0.832686
vt 0.566823 0.832740
vt 0.565773 0.832365
vt 0.566411 0.832336
vt 0.449850 0.355964
vt 0.244828 0.729859
vt 0.545841 0.243422
vt 0.243422 0.830644
vt 0.243267 0.830220
vt 0.560847 0.447906
vt 0.449936 0.735743
vt 0.455045 0.355257
vt 0.455045 0.836966
vt 0.454862 0.836546
vt 0.652596 0.336852
vt 0.447975 0.731940
vt 0.566823 0.446246
vt 0.446246 0.832740
vt 0.446414 0.832301
vt 0.541599 0.244911
vt 0.652693 0.725614
vt 0.657619 0.334411
vt 0.546708 0.830599
vt 0.657759 0.825975
vt 0.657619 0.826418
vt 0.449796 0.736185
vt 0.122616 0.549059
vt 0.122479 0.548038
vt 0.121961 0.548555
vt 0.123455 0.722278
vt 0.122479 0.722032
vt 0.123118 0.721780
vt 0.121819 0.722757
vt 0.122554 0.722495
vt 0.159574 0.858367
vt 0.158852 0.859075
vt 0.158673 0.858584
vt 0.159174 0.531373
vt 0.158852 0.530441
vt 0.159547 0.530681
vt 0.157938 0.858847
vt 0.158391 0.859377
vt 0.020638 0.717325
vt 0.019786 0.717484
vt 0.020264 0.718017
vt 0.716550 0.771428
vt 0.717484 0.771044
vt 0.716821 0.770790
vt 0.718241 0.771540
vt 0.717468 0.771584
vt 0.057195 0.699639
vt 0.056158 0.699888
vt 0.056412 0.699197
vt 0.056357 0.700767
vt 0.056693 0.700393
vt 0.699076 0.907518
vt 0.699888 0.908088
vt 0.699995 0.907673
vt 0.290008 0.659265
vt 0.291045 0.659016
vt 0.290510 0.658511
vt 0.659828 0.692113
vt 0.659016 0.691543
vt 0.659707 0.691582
vt 0.290846 0.658137
vt 0.291384 0.658909
vt 0.326566 0.641579
vt 0.327417 0.641420
vt 0.327220 0.642083
vt 0.640663 0.828091
vt 0.641420 0.828586
vt 0.640887 0.828761
vt 0.642354 0.828202
vt 0.641436 0.828047
vt 0.188029 0.827531
vt 0.188352 0.828462
vt 0.188813 0.827973
vt 0.187630 0.741264
vt 0.188352 0.740555
vt 0.187656 0.740593
vt 0.189265 0.740784
vt 0.188530 0.741047
vt 0.224587 0.809845
vt 0.224724 0.810866
vt 0.224085 0.810599
vt 0.225384 0.876873
vt 0.224724 0.877599
vt 0.225242 0.877512
vt 0.223749 0.877353
vt 0.224649 0.877136
vt 0.019983 0.716821
vt 0.548283 0.722757
vt 0.158391 0.530931
vt 0.157938 0.530810
vt 0.700767 0.907629
vt 0.187656 0.828222
vt 0.020264 0.770869
vt 0.290791 0.659707
vt 0.189265 0.828094
vt 0.291244 0.659828
vt 0.225242 0.810349
vt 0.642083 0.828840
vt 0.810620 0.876873
vt 0.810349 0.877512
vt 0.658909 0.691958
vt 0.123118 0.548305
vt 0.123455 0.547931
vt 0.326939 0.640887
vt 0.326939 0.828761
vt 0.326966 0.828091
vt 0.530810 0.858847
vt 0.290846 0.692001
vt 0.056357 0.907629
vt 0.020238 0.771540
vt 0.828094 0.740784
vt 0.370364 0.337821
vt 0.370798 0.337071
vt 0.370172 0.337126
vt 0.337527 0.787012
vt 0.337071 0.786705
vt 0.337600 0.786539
vt 0.370158 0.787241
vt 0.370798 0.786705
vt 0.370949 0.787118
vt 0.342987 0.906388
vt 0.342569 0.906918
vt 0.342378 0.906494
vt 0.388775 0.343346
vt 0.389116 0.342569
vt 0.389440 0.343106
vt 0.388348 0.906617
vt 0.389116 0.906918
vt 0.388519 0.907103
vt 0.207776 0.391545
vt 0.207070 0.391172
vt 0.207110 0.391785
vt 0.207571 0.809559
vt 0.207070 0.809179
vt 0.207585 0.809019
vt 0.391904 0.809601
vt 0.391172 0.809179
vt 0.391105 0.809628
vt 0.226187 0.397070
vt 0.225388 0.396670
vt 0.225931 0.396357
vt 0.397364 0.928977
vt 0.396670 0.929392
vt 0.397292 0.929450
vt 0.225761 0.928935
vt 0.225388 0.929392
vt 0.225155 0.929003
vt 0.422413 0.501747
vt 0.423212 0.502147
vt 0.423143 0.501526
vt 0.422839 0.771626
vt 0.423212 0.771169
vt 0.422668 0.771141
vt 0.501454 0.771584
vt 0.502147 0.771169
vt 0.502254 0.771558
vt 0.440824 0.507273
vt 0.441530 0.507645
vt 0.441015 0.507967
vt 0.506913 0.890960
vt 0.507645 0.891382
vt 0.507032 0.891513
vt 0.441029 0.891002
vt 0.441530 0.891382
vt 0.441635 0.890934
vt 0.259825 0.555471
vt 0.259484 0.556248
vt 0.260081 0.556185
vt 0.555831 0.794173
vt 0.556248 0.793643
vt 0.555712 0.793621
vt 0.260252 0.793944
vt 0.259484 0.793643
vt 0.259461 0.794067
vt 0.278236 0.560997
vt 0.277802 0.561746
vt 0.277506 0.561218
vt 0.278442 0.913320
vt 0.277802 0.913856
vt 0.278427 0.913860
vt 0.561290 0.913549
vt 0.561746 0.913856
vt 0.561899 0.913443
vt 0.207585 0.390851
vt 0.370172 0.786701
vt 0.336919 0.787118
vt 0.388519 0.342633
vt 0.396564 0.929003
vt 0.206965 0.809628
vt 0.259159 0.555712
vt 0.225457 0.397292
vt 0.561218 0.914022
vt 0.277651 0.913443
vt 0.556439 0.794067
vt 0.422668 0.502461
vt 0.278427 0.561691
vt 0.441015 0.891542
vt 0.507713 0.890934
vt 0.371094 0.337600
vt 0.501526 0.771111
vt 0.441490 0.507032
vt 0.343106 0.906940
vt 0.176273 0.236142
vt 0.175667 0.235431
vt 0.175510 0.236084
vt 0.176364 0.724775
vt 0.175667 0.724489
vt 0.176300 0.724290
vt 0.235978 0.725102
vt 0.235431 0.724489
vt 0.235204 0.724923
vt 0.191199 0.851289
vt 0.190607 0.851890
vt 0.190410 0.851437
vt 0.191288 0.212911
vt 0.190607 0.212318
vt 0.191263 0.212171
vt 0.213026 0.851616
vt 0.212318 0.851890
vt 0.212935 0.852122
vt 0.176049 0.418071
vt 0.175443 0.418636
vt 0.176075 0.418811
vt 0.417907 0.758134
vt 0.418636 0.757752
vt 0.418013 0.757553
vt 0.176138 0.758208
vt 0.175443 0.757752
vt 0.175350 0.758238
vt 0.191065 0.394840
vt 0.190382 0.395522
vt 0.190250 0.394863
vt 0.190974 0.884722
vt 0.190382 0.885154
vt 0.191038 0.885206
vt 0.394955 0.884648
vt 0.395522 0.885154
vt 0.395743 0.884752
vt 0.359957 0.240146
vt 0.360640 0.239464
vt 0.359984 0.239324
vt 0.240031 0.704036
vt 0.239464 0.703530
vt 0.240123 0.703530
vt 0.360048 0.703962
vt 0.360640 0.703530
vt 0.360837 0.703931
vt 0.374972 0.216915
vt 0.375579 0.216351
vt 0.375735 0.216973
vt 0.374884 0.830476
vt 0.375579 0.830931
vt 0.374947 0.831078
vt 0.217079 0.830550
vt 0.216351 0.830931
vt 0.216291 0.830445
vt 0.359734 0.422075
vt 0.360415 0.422668
vt 0.360549 0.422051
vt 0.359822 0.737395
vt 0.360415 0.736793
vt 0.359759 0.736793
vt 0.421960 0.737068
vt 0.422668 0.736793
vt 0.422734 0.737247
vt 0.374749 0.398844
vt 0.375354 0.399555
vt 0.374722 0.399666
vt 0.399008 0.863582
vt 0.399555 0.864195
vt 0.398902 0.864162
vt 0.374658 0.863909
vt 0.375354 0.864195
vt 0.375447 0.863761
vt 0.175287 0.418013
vt 0.175575 0.724923
vt 0.190473 0.212935
vt 0.394863 0.885154
vt 0.190185 0.884752
vt 0.418695 0.758238
vt 0.359759 0.422815
vt 0.176075 0.757606
vt 0.191038 0.395662
vt 0.374722 0.864393
vt 0.399782 0.863761
vt 0.360611 0.737247
vt 0.360772 0.240123
vt 0.422051 0.736562
vt 0.375512 0.398902
vt 0.216973 0.831130
vt 0.375672 0.830445
vt 0.239243 0.703931
vt 0.176300 0.235320
vt 0.359984 0.703477
vt 0.374947 0.216175
vt 0.191263 0.851891
vt 0.223594 0.408225
vt 0.223958 0.407398
vt 0.223320 0.407532
vt 0.224708 0.731591
vt 0.223958 0.731294
vt 0.224323 0.731112
vt 0.223290 0.731871
vt 0.224108 0.731718
vt 0.410643 0.854857
vt 0.410276 0.855424
vt 0.410079 0.854984
vt 0.247161 0.411118
vt 0.247405 0.410276
vt 0.247807 0.410789
vt 0.246573 0.855137
vt 0.247405 0.855424
vt 0.246804 0.855635
vt 0.063483 0.483623
vt 0.062724 0.483325
vt 0.062837 0.483952
vt 0.482653 0.760366
vt 0.483325 0.759988
vt 0.482930 0.759805
vt 0.484098 0.760432
vt 0.483266 0.760457
vt 0.087050 0.486517
vt 0.086171 0.486204
vt 0.086693 0.485813
vt 0.486957 0.883698
vt 0.486204 0.884119
vt 0.486835 0.884176
vt 0.086463 0.883632
vt 0.086171 0.884119
vt 0.085906 0.883723
vt 0.297014 0.570800
vt 0.297893 0.571113
vt 0.297743 0.570481
vt 0.297601 0.714018
vt 0.297893 0.713532
vt 0.297371 0.713521
vt 0.570359 0.713953
vt 0.571113 0.713532
vt 0.571192 0.713928
vt 0.320580 0.573693
vt 0.321339 0.573992
vt 0.320854 0.574386
vt 0.573218 0.837219
vt 0.573992 0.837662
vt 0.573364 0.837799
vt 0.574663 0.837285
vt 0.574050 0.837194
vt 0.136903 0.646198
vt 0.136659 0.647040
vt 0.137260 0.646902
vt 0.646674 0.742793
vt 0.647040 0.742226
vt 0.646527 0.742213
vt 0.137491 0.742513
vt 0.136659 0.742226
vt 0.136672 0.742667
vt 0.160470 0.649092
vt 0.160106 0.649919
vt 0.159741 0.649410
vt 0.160774 0.865779
vt 0.160106 0.866356
vt 0.160744 0.866340
vt 0.159356 0.866059
vt 0.159956 0.865933
vt 0.063210 0.482930
vt 0.063210 0.759805
vt 0.063179 0.760366
vt 0.247991 0.854857
vt 0.246804 0.410415
vt 0.486125 0.883723
vt 0.485512 0.883632
vt 0.136257 0.646527
vt 0.086321 0.486835
vt 0.649532 0.866059
vt 0.136072 0.742793
vt 0.297371 0.571503
vt 0.137260 0.742015
vt 0.160744 0.649785
vt 0.320854 0.837845
vt 0.224323 0.407906
vt 0.570481 0.713474
vt 0.407784 0.731591
vt 0.407906 0.731112
vt 0.321226 0.573364
vt 0.329383 0.406971
vt 0.329885 0.406268
vt 0.329258 0.406260
vt 0.406784 0.771378
vt 0.406268 0.771060
vt 0.406823 0.770902
vt 0.329263 0.771585
vt 0.329885 0.771060
vt 0.330044 0.771473
vt 0.413094 0.890797
vt 0.412622 0.891316
vt 0.412438 0.890892
vt 0.345557 0.413358
vt 0.345977 0.412622
vt 0.346246 0.413187
vt 0.345243 0.891004
vt 0.345977 0.891316
vt 0.345375 0.891492
vt 0.162316 0.444104
vt 0.161646 0.443661
vt 0.161627 0.444275
vt 0.162196 0.791979
vt 0.161646 0.791597
vt 0.162191 0.791442
vt 0.444368 0.792020
vt 0.443661 0.791597
vt 0.443580 0.792042
vt 0.178490 0.450491
vt 0.177738 0.450016
vt 0.178308 0.449758
vt 0.450678 0.911438
vt 0.450016 0.911853
vt 0.450639 0.911915
vt 0.178176 0.911398
vt 0.177738 0.911853
vt 0.177522 0.911461
vt 0.365071 0.575036
vt 0.365823 0.575512
vt 0.365817 0.574888
vt 0.365385 0.757763
vt 0.365823 0.757308
vt 0.365253 0.757274
vt 0.574849 0.757722
vt 0.575512 0.757308
vt 0.575637 0.757699
vt 0.381245 0.581423
vt 0.381915 0.581866
vt 0.381370 0.582134
vt 0.581159 0.877141
vt 0.581866 0.877564
vt 0.581253 0.877690
vt 0.381365 0.877181
vt 0.381915 0.877564
vt 0.382019 0.877118
vt 0.198004 0.612169
vt 0.197584 0.612905
vt 0.198186 0.612902
vt 0.612433 0.778363
vt 0.612905 0.777844
vt 0.612340 0.777814
vt 0.198318 0.778157
vt 0.197584 0.777844
vt 0.197537 0.778268
vt 0.214178 0.618556
vt 0.213676 0.619260
vt 0.213432 0.618705
vt 0.214298 0.897575
vt 0.213676 0.898100
vt 0.214303 0.898112
vt 0.618743 0.897782
vt 0.619260 0.898100
vt 0.619399 0.897687
vt 0.162191 0.443393
vt 0.406128 0.771473
vt 0.346024 0.890892
vt 0.345375 0.412625
vt 0.178308 0.911886
vt 0.449890 0.911461
vt 0.197315 0.612340
vt 0.177744 0.450639
vt 0.618705 0.898259
vt 0.213517 0.897687
vt 0.365253 0.575769
vt 0.198186 0.777668
vt 0.214303 0.619267
vt 0.381370 0.877719
vt 0.581947 0.877118
vt 0.330129 0.406823
vt 0.574888 0.757245
vt 0.381934 0.581253
vt 0.413187 0.891346
vt 0.300117 0.528517
vt 0.300060 0.527535
vt 0.299519 0.527988
vt 0.300993 0.739447
vt 0.300060 0.739174
vt 0.300658 0.738948
vt 0.299381 0.739841
vt 0.300138 0.739628
vt 0.331974 0.871825
vt 0.331258 0.872480
vt 0.331118 0.872006
vt 0.331474 0.517705
vt 0.331258 0.516777
vt 0.331905 0.517064
vt 0.330361 0.872219
vt 0.330765 0.872741
vt 0.186880 0.682201
vt 0.186029 0.682296
vt 0.186449 0.682841
vt 0.681415 0.778744
vt 0.682296 0.778350
vt 0.681672 0.778129
vt 0.683069 0.778822
vt 0.682286 0.778865
vt 0.218237 0.671388
vt 0.217227 0.671538
vt 0.217528 0.670897
vt 0.217361 0.672387
vt 0.217696 0.672067
vt 0.670732 0.911122
vt 0.671538 0.911655
vt 0.671603 0.911242
vt 0.452345 0.647274
vt 0.453355 0.647124
vt 0.452886 0.646595
vt 0.647930 0.713482
vt 0.647124 0.712948
vt 0.647765 0.712960
vt 0.453221 0.646276
vt 0.453673 0.647059
vt 0.483702 0.636461
vt 0.484553 0.636366
vt 0.484300 0.636990
vt 0.635593 0.845782
vt 0.636366 0.846254
vt 0.635821 0.846419
vt 0.637248 0.845860
vt 0.636376 0.845739
vt 0.339108 0.800957
vt 0.339324 0.801885
vt 0.339817 0.801448
vt 0.338608 0.752779
vt 0.339324 0.752124
vt 0.338677 0.752142
vt 0.340221 0.752385
vt 0.339463 0.752598
vt 0.370465 0.790145
vt 0.370522 0.791128
vt 0.369923 0.790824
vt 0.371201 0.884763
vt 0.370522 0.885430
vt 0.371063 0.885377
vt 0.369589 0.885157
vt 0.370444 0.884976
vt 0.186282 0.681672
vt 0.527988 0.739227
vt 0.330765 0.517214
vt 0.217125 0.670732
vt 0.330361 0.517049
vt 0.672387 0.911200
vt 0.338677 0.801598
vt 0.186381 0.778822
vt 0.369589 0.791143
vt 0.453054 0.647765
vt 0.453457 0.647930
vt 0.371063 0.790674
vt 0.790674 0.885377
vt 0.790931 0.884763
vt 0.646276 0.713404
vt 0.647059 0.713361
vt 0.300658 0.527838
vt 0.300993 0.527519
vt 0.484133 0.635821
vt 0.331905 0.872462
vt 0.484201 0.845782
vt 0.484133 0.846419
vt 0.517049 0.872219
vt 0.527731 0.739841
vt 0.453221 0.713404
vt 0.217361 0.911200
vt 0.801613 0.752385
vt 0.575135 0.429383
vt 0.575542 0.428779
vt 0.575014 0.428771
vt 0.429206 0.747400
vt 0.428779 0.747069
vt 0.429255 0.746973
vt 0.574982 0.747457
vt 0.575542 0.747069
vt 0.575648 0.747424
vt 0.430282 0.849504
vt 0.429862 0.849888
vt 0.429722 0.849528
vt 0.580031 0.430472
vt 0.580414 0.429862
vt 0.580636 0.430340
vt 0.579819 0.849560
vt 0.580414 0.849888
vt 0.579893 0.849994
vt 0.432401 0.459574
vt 0.431808 0.459182
vt 0.431797 0.459706
vt 0.432248 0.753901
vt 0.431808 0.753558
vt 0.432280 0.753457
vt 0.459764 0.753922
vt 0.459182 0.753558
vt 0.459097 0.753924
vt 0.437297 0.460663
vt 0.436679 0.460265
vt 0.437160 0.460048
vt 0.460840 0.856026
vt 0.460265 0.856378
vt 0.460791 0.856453
vt 0.437085 0.856005
vt 0.436679 0.856378
vt 0.436526 0.856027
vt 0.605223 0.572254
vt 0.605842 0.572652
vt 0.605845 0.572126
vt 0.605435 0.744490
vt 0.605842 0.744117
vt 0.605361 0.744057
vt 0.572077 0.744469
vt 0.572652 0.744117
vt 0.572744 0.744468
vt 0.610120 0.573343
vt 0.610713 0.573735
vt 0.610240 0.573954
vt 0.573153 0.846573
vt 0.573735 0.846937
vt 0.573211 0.847023
vt 0.610273 0.846594
vt 0.610713 0.846937
vt 0.610832 0.846572
vt 0.462489 0.602445
vt 0.462107 0.603055
vt 0.462627 0.603061
vt 0.602635 0.750992
vt 0.603055 0.750607
vt 0.602577 0.750542
vt 0.462702 0.750935
vt 0.462107 0.750607
vt 0.462035 0.750968
vt 0.467386 0.603534
vt 0.466978 0.604138
vt 0.466764 0.603662
vt 0.467539 0.853039
vt 0.466978 0.853427
vt 0.467506 0.853482
vt 0.603711 0.853096
vt 0.604138 0.853427
vt 0.604271 0.853072
vt 0.432280 0.458963
vt 0.428646 0.747424
vt 0.580486 0.849528
vt 0.579893 0.429856
vt 0.437160 0.856438
vt 0.460173 0.856027
vt 0.461885 0.602577
vt 0.459706 0.753473
vt 0.436676 0.460791
vt 0.603662 0.853523
vt 0.466873 0.853072
vt 0.603195 0.750968
vt 0.605361 0.572869
vt 0.462627 0.750502
vt 0.467506 0.604146
vt 0.573820 0.846572
vt 0.575756 0.429255
vt 0.572126 0.744042
vt 0.610724 0.573211
vt 0.430340 0.849954
vt 0.561335 0.223644
vt 0.561778 0.222976
vt 0.561195 0.222983
vt 0.223439 0.730219
vt 0.222976 0.729901
vt 0.223488 0.729766
vt 0.561180 0.730371
vt 0.561778 0.729901
vt 0.561912 0.730288
vt 0.227782 0.841795
vt 0.227349 0.842260
vt 0.227181 0.841865
vt 0.573372 0.228040
vt 0.573754 0.227349
vt 0.574017 0.227869
vt 0.573073 0.841947
vt 0.573754 0.842260
vt 0.573190 0.842409
vt 0.406262 0.261857
vt 0.405618 0.261457
vt 0.405617 0.262029
vt 0.406107 0.745413
vt 0.405618 0.745049
vt 0.406123 0.744916
vt 0.262116 0.745443
vt 0.261457 0.745049
vt 0.261379 0.745459
vt 0.418300 0.266254
vt 0.417594 0.265831
vt 0.418118 0.265577
vt 0.266459 0.857020
vt 0.265831 0.857407
vt 0.266410 0.857472
vt 0.418001 0.856989
vt 0.417594 0.857407
vt 0.417401 0.857036
vt 0.598722 0.379321
vt 0.599427 0.379744
vt 0.599409 0.379164
vt 0.599021 0.720204
vt 0.599427 0.719785
vt 0.598904 0.719742
vt 0.379115 0.720173
vt 0.379744 0.719785
vt 0.379852 0.720157
vt 0.610760 0.383717
vt 0.611404 0.384118
vt 0.610899 0.384378
vt 0.383459 0.831750
vt 0.384118 0.832144
vt 0.383545 0.832255
vt 0.610915 0.831780
vt 0.611404 0.832144
vt 0.611514 0.831733
vt 0.443650 0.417534
vt 0.443268 0.418225
vt 0.443832 0.418210
vt 0.417792 0.735398
vt 0.418225 0.734933
vt 0.417706 0.734892
vt 0.443949 0.735245
vt 0.443268 0.734933
vt 0.443217 0.735328
vt 0.455687 0.421930
vt 0.455244 0.422599
vt 0.455000 0.422087
vt 0.455842 0.846822
vt 0.455244 0.847292
vt 0.455827 0.847319
vt 0.422136 0.846974
vt 0.422599 0.847292
vt 0.422736 0.846904
vt 0.406123 0.261197
vt 0.561195 0.729874
vt 0.222838 0.730288
vt 0.573805 0.841865
vt 0.573190 0.227364
vt 0.418118 0.857450
vt 0.265723 0.857036
vt 0.405508 0.745459
vt 0.443005 0.417706
vt 0.417613 0.266410
vt 0.422087 0.847427
vt 0.455110 0.846904
vt 0.418393 0.735328
vt 0.598904 0.379997
vt 0.443832 0.734784
vt 0.455827 0.422591
vt 0.610899 0.832277
vt 0.384195 0.831733
vt 0.562022 0.223488
vt 0.611405 0.383545
vt 0.227869 0.842301
vt 0.725307 0.180086
vt 0.722609 0.175522
vt 0.721944 0.180098
vt 0.722192 0.174495
vt 0.725393 0.174484
vt 0.725659 0.172161
vt 0.180101 0.866396
vt 0.175522 0.864991
vt 0.174495 0.865818
vt 0.757866 0.174080
vt 0.754110 0.174098
vt 0.757576 0.171764
vt 0.758010 0.179679
vt 0.754980 0.175120
vt 0.752698 0.179704
vt 0.754416 0.179694
vt 0.728621 0.824235
vt 0.725970 0.828817
vt 0.728764 0.829833
vt 0.824250 0.868228
vt 0.828817 0.866849
vt 0.824247 0.866954
vt 0.725564 0.829844
vt 0.729054 0.832150
vt 0.761323 0.823828
vt 0.758341 0.828414
vt 0.757730 0.823843
vt 0.757481 0.829447
vt 0.761237 0.829430
vt 0.760972 0.831753
vt 0.756012 0.823853
vt 1.125388 0.178471
vt 1.128370 0.173885
vt 1.125474 0.172870
vt 1.130699 0.178446
vt 1.128981 0.178456
vt 1.129230 0.172852
vt 1.125740 0.170546
vt 1.158090 0.178065
vt 1.160741 0.173483
vt 1.161454 0.178052
vt 1.161147 0.172455
vt 1.157947 0.172466
vt 1.157657 0.170150
vt 0.178050 0.788345
vt 0.173483 0.789723
vt 0.172455 0.788890
vt 1.128702 0.822620
vt 1.131731 0.827179
vt 1.132295 0.822605
vt 1.132601 0.828202
vt 1.128845 0.828219
vt 1.129135 0.830535
vt 1.134013 0.822595
vt 1.161404 0.822213
vt 1.164102 0.826777
vt 1.161318 0.827815
vt 0.822199 0.790176
vt 0.826777 0.791581
vt 0.822201 0.791450
vt 1.164519 0.827805
vt 1.161052 0.830138
vt 0.725257 0.824247
vt 0.725659 0.864455
vt 0.754110 0.947653
vt 0.722192 0.865818
vt 0.179704 0.948231
vt 0.729054 0.866332
vt 0.757481 0.949517
vt 0.760972 0.948167
vt 0.829447 0.949517
vt 0.823853 0.950063
vt 0.822595 0.708341
vt 0.827805 0.790754
vt 1.164519 0.790754
vt 1.129135 0.710282
vt 1.161052 0.792117
vt 1.164768 0.822201
vt 1.157657 0.790241
vt 1.129230 0.707055
vt 1.161147 0.788890
vt 0.178446 0.706509
vt 1.125740 0.708405
vt 0.757576 0.946290
vt 0.306080 0.075210
vt 0.305668 0.072231
vt 0.305571 0.075210
vt 0.305575 0.071562
vt 0.306085 0.071562
vt 0.306086 0.070051
vt 0.305360 0.075210
vt 0.305951 0.071682
vt 0.305443 0.071681
vt 0.305954 0.070170
vt 0.305947 0.075331
vt 0.305535 0.072351
vt 0.305227 0.075329
vt 0.305438 0.075330
vt 0.305050 0.924884
vt 0.304631 0.927863
vt 0.305046 0.928532
vt 0.304329 0.924883
vt 0.304541 0.924883
vt 0.304536 0.928532
vt 0.305043 0.930044
vt 0.304916 0.925004
vt 0.304497 0.927982
vt 0.304408 0.925003
vt 0.304404 0.928651
vt 0.304912 0.928652
vt 0.304911 0.930163
vt 0.304197 0.925002
vt 0.424639 0.075356
vt 0.425058 0.072378
vt 0.424643 0.071707
vt 0.425358 0.075357
vt 0.425148 0.075357
vt 0.425152 0.071709
vt 0.424645 0.070197
vt 0.424505 0.075476
vt 0.424925 0.072497
vt 0.425015 0.075477
vt 0.425020 0.071828
vt 0.424510 0.071827
vt 0.424513 0.070316
vt 0.425226 0.075476
vt 0.423609 0.925029
vt 0.424021 0.928009
vt 0.424118 0.925030
vt 0.424113 0.928679
vt 0.423604 0.928678
vt 0.423602 0.930190
vt 0.424328 0.925031
vt 0.423475 0.925150
vt 0.423888 0.928129
vt 0.423471 0.928798
vt 0.424196 0.925150
vt 0.423985 0.925150
vt 0.423981 0.928798
vt 0.423470 0.930309
vt 0.070170 0.542750
vt 0.071562 0.511126
vt 0.070051 0.511134
vt 0.075329 0.542727
vt 0.075210 0.511112
vt 0.930163 0.539509
vt 0.928532 0.507897
vt 0.928651 0.539513
vt 0.924883 0.507910
vt 0.925002 0.539526
vt 0.925150 0.540027
vt 0.928679 0.508396
vt 0.928798 0.540012
vt 0.930309 0.540004
vt 0.070316 0.543245
vt 0.071709 0.511626
vt 0.071828 0.543241
vt 0.075357 0.511613
vt 0.075476 0.543228
vt 0.424513 0.543245
vt 0.306086 0.511134
vt 0.424645 0.511629
vt 0.304911 0.539509
vt 0.423602 0.508389
vt 0.305043 0.507894
vt 0.925031 0.508411
vt 0.306437 0.075006
vt 0.306031 0.072026
vt 0.305927 0.075004
vt 0.305939 0.071356
vt 0.306449 0.071357
vt 0.306453 0.069846
vt 0.305716 0.075004
vt 0.306200 0.071455
vt 0.305692 0.071453
vt 0.306206 0.069943
vt 0.306187 0.075104
vt 0.305782 0.072123
vt 0.305468 0.075101
vt 0.305678 0.075102
vt 0.303566 0.924677
vt 0.303140 0.927655
vt 0.303553 0.928326
vt 0.302845 0.924675
vt 0.303057 0.924675
vt 0.303043 0.928324
vt 0.303547 0.929837
vt 0.303316 0.924775
vt 0.302891 0.927752
vt 0.302807 0.924773
vt 0.302796 0.928421
vt 0.303304 0.928424
vt 0.303300 0.929935
vt 0.302598 0.924772
vt 0.424993 0.075409
vt 0.425418 0.072432
vt 0.425005 0.071761
vt 0.425711 0.075412
vt 0.425501 0.075411
vt 0.425513 0.071763
vt 0.425009 0.070250
vt 0.424743 0.075507
vt 0.425169 0.072529
vt 0.425252 0.075509
vt 0.425265 0.071860
vt 0.424755 0.071859
vt 0.424762 0.070347
vt 0.425464 0.075509
vt 0.422122 0.925080
vt 0.422527 0.928061
vt 0.422630 0.925082
vt 0.422617 0.928731
vt 0.422109 0.928729
vt 0.422103 0.930241
vt 0.422840 0.925083
vt 0.421872 0.925179
vt 0.422278 0.928159
vt 0.421860 0.928827
vt 0.422593 0.925180
vt 0.422381 0.925180
vt 0.422370 0.928828
vt 0.421856 0.930338
vt 0.069846 0.810897
vt 0.071453 0.842503
vt 0.071356 0.810888
vt 0.075004 0.810876
vt 0.929935 0.839851
vt 0.928324 0.808236
vt 0.928421 0.839851
vt 0.924675 0.808246
vt 0.924772 0.839861
vt 0.925083 0.809183
vt 0.928828 0.840785
vt 0.925180 0.840798
vt 0.930241 0.809161
vt 0.930338 0.840776
vt 0.070250 0.811822
vt 0.071860 0.843437
vt 0.070347 0.843437
vt 0.071763 0.811822
vt 0.075509 0.843427
vt 0.425009 0.811822
vt 0.306206 0.842512
vt 0.306453 0.810897
vt 0.303300 0.839851
vt 0.422103 0.809161
vt 0.303547 0.808236
vt 0.075412 0.811812
vt -0.149112 0.080323
vt -0.156462 0.074348
vt -0.158116 0.080306
vt -0.149132 0.069986
vt -0.149112 0.073021
vt -0.158130 0.072996
vt -0.161866 0.080288
vt -0.151971 0.068594
vt -0.159341 0.072935
vt -0.160970 0.071604
vt -0.152022 0.078896
vt -0.152001 0.071604
vt -0.161005 0.078889
vt -0.164706 0.078896
vt -0.150337 0.919668
vt -0.157704 0.925609
vt -0.150358 0.926960
vt -0.159377 0.926935
vt -0.159341 0.919650
vt -0.163091 0.919633
vt -0.150387 0.929971
vt -0.153247 0.918241
vt -0.160584 0.924196
vt -0.162230 0.918233
vt -0.153227 0.928578
vt -0.153247 0.925543
vt -0.162216 0.925543
vt -0.165931 0.918240
vt 0.885371 0.081759
vt 0.892708 0.075804
vt 0.885371 0.074457
vt 0.894340 0.074457
vt 0.894354 0.081766
vt 0.898055 0.081760
vt 0.885351 0.071422
vt 0.882461 0.080332
vt 0.889828 0.074391
vt 0.891465 0.080350
vt 0.882511 0.070029
vt 0.882482 0.073040
vt 0.891501 0.073065
vt 0.895215 0.080367
vt 0.884145 0.921104
vt 0.891465 0.927065
vt 0.893129 0.921111
vt 0.884095 0.931406
vt 0.884125 0.928396
vt 0.893094 0.928396
vt 0.896829 0.921104
vt 0.881236 0.919677
vt 0.888586 0.925652
vt 0.881236 0.926979
vt 0.890254 0.927004
vt 0.890240 0.919694
vt 0.893990 0.919711
vt 0.881256 0.930014
vt -0.151971 0.276289
vt -0.158130 0.041979
vt -0.149132 0.042070
vt 0.072996 0.041979
vt 0.078896 0.276196
vt 0.080288 0.041977
vt -0.150387 0.047169
vt -0.162216 0.281260
vt -0.153227 0.281387
vt 0.926935 0.047042
vt 0.918240 0.281172
vt 0.925543 0.281260
vt 0.921104 0.059811
vt 0.927004 0.294028
vt 0.919711 0.294030
vt 0.890254 0.294028
vt 0.884095 0.059718
vt 0.881256 0.293937
vt 0.882511 0.288839
vt 0.894340 0.054747
vt 0.891501 0.288966
vt 0.074457 0.054747
vt 0.080367 0.289054
vt 0.073065 0.288966
vt 0.919633 0.046953
vt 0.885351 0.054620
vt 0.081760 0.054836
vt 0.073564 0.228433
vt 0.074674 0.228445
vt 0.074667 0.226887
vt -0.103366 0.232167
vt -0.104293 0.229127
vt -0.103400 0.228433
vt 0.074676 0.232182
vt 0.073772 0.229127
vt 0.073570 0.232178
vt -0.099105 0.661586
vt -0.099971 0.664643
vt -0.100205 0.661597
vt 0.074553 0.665330
vt 0.073443 0.665319
vt 0.074546 0.666866
vt 0.074557 0.661601
vt 0.073651 0.664643
vt -0.103709 0.228472
vt -0.102599 0.228461
vt -0.102622 0.226915
vt 0.201553 0.232210
vt 0.202451 0.229155
vt 0.201551 0.228472
vt -0.102559 0.232195
vt -0.103494 0.229155
vt -0.103665 0.232205
vt -0.098264 0.665347
vt -0.099374 0.665357
vt -0.098255 0.666893
vt -0.098298 0.661614
vt -0.099173 0.664671
vt 0.201434 0.661629
vt 0.202330 0.664671
vt 0.202535 0.661624
vt 0.024581 0.227163
vt 0.023471 0.227174
vt 0.023463 0.225628
vt 0.073869 0.230892
vt 0.072974 0.227850
vt 0.073873 0.227163
vt 0.023505 0.230907
vt 0.024380 0.227850
vt 0.024611 0.230897
vt 0.027806 0.664060
vt 0.028916 0.664049
vt 0.027829 0.665606
vt 0.027767 0.660326
vt 0.028702 0.663366
vt 0.073751 0.660311
vt 0.072853 0.663366
vt 0.072650 0.660316
vt 0.201861 0.227202
vt 0.200751 0.227191
vt 0.200758 0.225655
vt 0.024312 0.230935
vt 0.025178 0.227878
vt 0.024272 0.227202
vt 0.200747 0.230920
vt 0.201653 0.227878
vt 0.201853 0.230924
vt 0.200630 0.664076
vt 0.201740 0.664088
vt 0.200636 0.665634
vt 0.200628 0.660339
vt 0.201532 0.663393
vt 0.028573 0.660354
vt 0.029500 0.663393
vt 0.029673 0.660343
vt 0.201545 0.226915
vt -0.104466 0.232178
vt 0.073451 0.661597
vt 0.201423 0.666893
vt 0.201431 0.665357
vt -0.099404 0.661624
vt 0.024250 0.225655
vt 0.028607 0.664088
vt 0.201734 0.660343
vt 0.025412 0.230924
vt 0.073881 0.225628
vt 0.073759 0.665606
vt 0.073752 0.664049
vt 0.028872 0.660316
vt 0.072769 0.230897
vt -0.103409 0.226887
vt -0.099043 0.666866
vt -0.099065 0.665319
vt -0.102622 0.201545
vt 0.023463 0.073881
vt -0.103409 0.074667
vt -0.098255 0.201423
vt 0.027829 0.073759
vt 0.028616 0.200636
vt 0.799051 0.227896
vt 0.800162 0.227910
vt 0.800174 0.226364
vt -0.101196 0.231623
vt -0.102091 0.228583
vt -0.101192 0.227896
vt 0.800117 0.231643
vt 0.799251 0.228583
vt 0.799011 0.231629
vt -0.101263 0.661027
vt -0.102159 0.664083
vt -0.102363 0.661033
vt 0.794483 0.664780
vt 0.793372 0.664766
vt 0.794455 0.666327
vt 0.794535 0.661047
vt 0.793590 0.664083
vt -0.101308 0.229559
vt -0.100196 0.229574
vt -0.100204 0.228013
vt 0.926983 0.233292
vt 0.927918 0.230256
vt 0.927028 0.229559
vt -0.100193 0.233313
vt -0.101098 0.230256
vt -0.101300 0.233307
vt -0.100264 0.666444
vt -0.101376 0.666429
vt -0.100273 0.667976
vt -0.100260 0.662717
vt -0.101166 0.665756
vt 0.921401 0.662696
vt 0.922257 0.665756
vt 0.922500 0.662711
vt 0.026796 0.227917
vt 0.025684 0.227903
vt 0.025693 0.226371
vt 0.799114 0.231650
vt 0.798258 0.228590
vt 0.799166 0.227917
vt 0.025680 0.231630
vt 0.026586 0.228590
vt 0.026787 0.231636
vt 0.025616 0.664773
vt 0.026728 0.664787
vt 0.025624 0.666334
vt 0.025613 0.661034
vt 0.026518 0.664091
vt 0.793532 0.661054
vt 0.792597 0.664091
vt 0.792433 0.661040
vt 0.927143 0.229581
vt 0.926032 0.229566
vt 0.926060 0.228020
vt 0.026683 0.233320
vt 0.027579 0.230263
vt 0.026680 0.229581
vt 0.925980 0.233300
vt 0.926925 0.230263
vt 0.927086 0.233314
vt 0.920353 0.666437
vt 0.921464 0.666451
vt 0.920341 0.667983
vt 0.920398 0.662703
vt 0.921264 0.665763
vt 0.026616 0.662724
vt 0.027511 0.665763
vt 0.027716 0.662718
vt 0.927039 0.228013
vt -0.102296 0.231629
vt 0.793429 0.661033
vt 0.921320 0.667976
vt -0.101367 0.662711
vt 0.928082 0.233307
vt 0.026672 0.228020
vt 0.026603 0.667983
vt 0.921504 0.662718
vt 0.027783 0.233314
vt 0.799195 0.226371
vt 0.793476 0.666334
vt 0.793487 0.664787
vt 0.026720 0.661040
vt 0.798015 0.231636
vt -0.101183 0.226364
vt -0.101252 0.666327
vt -0.101260 0.664766
vt 0.026672 0.926060
vt -0.101183 0.800174
vt -0.100204 0.927039
vt -0.100273 0.921320
vt 0.025624 0.793476
vt 0.026603 0.920341
vt 0.705360 0.227268
vt 0.704254 0.227249
vt 0.705377 0.225717
vt 0.705312 0.231004
vt 0.704450 0.227941
vt 0.073488 0.230976
vt 0.072575 0.227941
vt 0.072386 0.230987
vt 0.699653 0.660402
vt 0.698710 0.663435
vt 0.698549 0.660385
vt 0.075522 0.664113
vt 0.074423 0.664133
vt 0.075533 0.665674
vt 0.075503 0.660374
vt 0.074619 0.663435
vt 0.703874 0.226648
vt 0.704973 0.226657
vt 0.704997 0.225116
vt 0.200366 0.230375
vt 0.201254 0.227331
vt 0.200350 0.226648
vt 0.704923 0.230388
vt 0.704064 0.227331
vt 0.703821 0.230376
vt 0.203507 0.663522
vt 0.202400 0.663512
vt 0.202411 0.665073
vt 0.699264 0.659786
vt 0.698325 0.662826
vt 0.699216 0.663522
vt 0.202381 0.659773
vt 0.203298 0.662826
vt 0.203486 0.659774
vt 0.073867 0.228948
vt 0.072760 0.228938
vt 0.073856 0.227387
vt 0.073886 0.232687
vt 0.072969 0.229634
vt 0.832181 0.232674
vt 0.833119 0.229634
vt 0.833282 0.232686
vt 0.826471 0.665803
vt 0.827570 0.665812
vt 0.826447 0.667344
vt 0.826521 0.662072
vt 0.827380 0.665129
vt 0.075901 0.662085
vt 0.075013 0.665129
vt 0.074796 0.662084
vt 0.201844 0.228328
vt 0.200745 0.228347
vt 0.200734 0.226786
vt 0.831791 0.232059
vt 0.832734 0.229025
vt 0.831842 0.228328
vt 0.200764 0.232086
vt 0.201648 0.229025
vt 0.201865 0.232075
vt 0.827190 0.665212
vt 0.826084 0.665192
vt 0.826067 0.666743
vt 0.202779 0.661484
vt 0.203692 0.664520
vt 0.202795 0.665212
vt 0.826132 0.661457
vt 0.826994 0.664520
vt 0.827236 0.661473
vt 0.200346 0.225116
vt 0.073472 0.227249
vt 0.704208 0.230987
vt 0.698162 0.659774
vt 0.831865 0.226786
vt 0.699199 0.665073
vt 0.203881 0.661473
vt 0.832895 0.232075
vt 0.075921 0.667344
vt 0.202799 0.666743
vt 0.827623 0.662084
vt 0.072781 0.232686
vt 0.832245 0.227387
vt 0.832228 0.228938
vt 0.699602 0.664133
vt 0.831865 0.200734
vt 0.705377 0.073468
vt 0.704997 0.200346
vt 0.826067 0.202799
vt 0.699579 0.075533
vt 0.826447 0.075921
vt 0.703001 0.226432
vt 0.701898 0.226412
vt 0.703019 0.224879
vt 0.702956 0.230168
vt 0.702092 0.227105
vt 0.795967 0.230139
vt 0.795046 0.227105
vt 0.794864 0.230152
vt 0.697775 0.659568
vt 0.696837 0.662601
vt 0.696672 0.659552
vt 0.798787 0.663278
vt 0.797684 0.663298
vt 0.798798 0.664837
vt 0.798763 0.659539
vt 0.797882 0.662601
vt 0.701870 0.225585
vt 0.702973 0.225591
vt 0.702992 0.224052
vt 0.922844 0.229313
vt 0.923725 0.226267
vt 0.922820 0.225585
vt 0.702928 0.229321
vt 0.702064 0.226267
vt 0.701825 0.229311
vt 0.926768 0.662457
vt 0.925665 0.662451
vt 0.925675 0.664011
vt 0.697747 0.658721
vt 0.696810 0.661763
vt 0.697702 0.662457
vt 0.925640 0.658713
vt 0.926561 0.661763
vt 0.926743 0.658711
vt 0.795980 0.227969
vt 0.794877 0.227963
vt 0.795970 0.226409
vt 0.796005 0.231708
vt 0.795084 0.228657
vt 0.829827 0.231699
vt 0.830764 0.228657
vt 0.830930 0.231709
vt 0.824600 0.664829
vt 0.825703 0.664835
vt 0.824582 0.666368
vt 0.824646 0.661099
vt 0.825509 0.664153
vt 0.798801 0.661107
vt 0.797920 0.664153
vt 0.797698 0.661109
vt 0.923960 0.227122
vt 0.922858 0.227142
vt 0.922847 0.225583
vt 0.829799 0.230852
vt 0.830736 0.227819
vt 0.829844 0.227122
vt 0.922882 0.230881
vt 0.923763 0.227819
vt 0.923985 0.230868
vt 0.825676 0.664008
vt 0.824573 0.663988
vt 0.824554 0.665541
vt 0.925678 0.660281
vt 0.926599 0.663315
vt 0.925702 0.664008
vt 0.824618 0.660252
vt 0.825482 0.663315
vt 0.825721 0.660268
vt 0.922810 0.224052
vt 0.795942 0.226412
vt 0.701853 0.230152
vt 0.797660 0.659552
vt 0.696644 0.658711
vt 0.923947 0.229311
vt 0.829863 0.225583
vt 0.697683 0.664011
vt 0.926781 0.660268
vt 0.798835 0.666368
vt 0.925712 0.665541
vt 0.825748 0.661109
vt 0.794901 0.231709
vt 0.829872 0.227963
vt 0.697730 0.663298
vt 0.702992 0.922810
vt 0.829890 0.795970
vt 0.703019 0.795933
vt 0.824554 0.925712
vt 0.697711 0.798798
vt 0.824582 0.798835
vt -0.098317 0.087727
vt -0.103525 0.186712
vt 0.186685 0.945796
vt 0.834570 0.189728
vt 0.189728 0.422483
vt 0.830278 0.093516
vt -0.104693 0.801104
vt -0.103061 0.901554
vt 0.901554 0.958150
vt 0.831588 0.816963
vt 0.816963 0.953382
vt -0.103182 0.417889
vt 0.000957 0.807018
vt 0.000957 0.952859
vt -0.011914 0.188668
vt -0.011914 0.419936
vt -0.102873 0.197695
vt -0.103029 0.952710
vt 0.733447 0.807149
vt 0.830031 0.952417
vt 0.833489 0.191903
vt 0.833489 0.418071
vt 0.734874 0.193127
vt 0.734874 0.954088
vt -0.091339 0.499994
vt 0.094617 0.499933
vt -0.107234 0.416034
vt 0.901305 0.416034
vt 0.833944 0.421089
vt 0.096096 0.421089
vt 0.372987 0.870136
vt 0.398236 0.774570
vt 0.291465 0.381065
vt 0.380243 0.908873
vt 0.439972 0.748970
vt 0.467256 0.882923
vt 0.466670 0.883604
vt 0.264542 0.774570
vt 0.483311 0.748970
vt 0.307274 0.710954
vt 0.519535 0.710450
vt 0.578134 0.732749
vt 0.583393 0.835942
vt 0.333644 0.737652
vt 0.445193 0.841311
vt 0.419407 0.726862
vt 0.467387 0.736982
vt 0.315253 0.722829
vt 0.257533 0.750268
vt 0.691787 0.749634
vt 0.272469 0.871795
vt 0.540732 0.729421
vt 0.356832 0.735743
vt 0.354390 0.836957
vt 0.335985 0.725194
vt 0.335278 0.826427
vt 0.561714 0.731516
vt 0.565956 0.832785
vt 0.244997 0.729421
vt 0.447820 0.731516
vt 0.652510 0.725194
vt 0.121961 0.722119
vt 0.159547 0.859038
vt 0.718017 0.770869
vt 0.055819 0.699995
vt 0.699197 0.908048
vt 0.188813 0.740254
vt 0.224085 0.877851
vt 0.548555 0.722119
vt 0.055959 0.699076
vt 0.223749 0.810973
vt 0.658137 0.692001
vt 0.389139 0.906494
vt 0.391785 0.809049
vt 0.225931 0.929420
vt 0.423445 0.771558
vt 0.260081 0.793459
vt 0.236084 0.724522
vt 0.212252 0.851437
vt 0.223320 0.731311
vt 0.410789 0.855437
vt 0.247391 0.854984
vt 0.483952 0.759852
vt 0.086693 0.884130
vt 0.298158 0.713928
vt 0.574386 0.837845
vt 0.647238 0.742667
vt 0.159741 0.866538
vt 0.649410 0.866538
vt 0.320885 0.837285
vt 0.571805 0.714018
vt 0.329258 0.771048
vt 0.161542 0.792042
vt 0.444275 0.791471
vt 0.366039 0.757699
vt 0.613089 0.778268
vt 0.299519 0.739227
vt 0.682841 0.778185
vt 0.216909 0.671603
vt 0.670897 0.911644
vt 0.636990 0.846475
vt 0.339817 0.751863
vt 0.369923 0.885656
vt 0.186449 0.778185
vt 0.340221 0.801613
vt 0.575014 0.747013
vt 0.431688 0.753924
vt 0.605995 0.744468
vt 0.610240 0.847038
vt 0.262029 0.744937
vt 0.599621 0.720157
vt 0.379164 0.719721
vt 0.180098 0.865123
vt 0.829844 0.867682
vt 0.178052 0.789618
vt 0.174098 0.947653
vt 0.725564 0.867682
vt 0.828202 0.708919
vt 1.132601 0.708919
vt 0.172852 0.707055
vt 0.071681 0.542742
vt 0.930044 0.507894
vt 0.930190 0.508389
vt 0.070197 0.511629
vt 0.305954 0.542750
vt 0.423470 0.540004
vt 0.069943 0.842512
vt 0.075101 0.842490
vt 0.929837 0.808236
vt 0.928731 0.809170
vt 0.424762 0.843437
vt 0.421856 0.840776
vt -0.160970 0.276198
vt 0.071604 0.276198
vt -0.159377 0.047042
vt 0.928396 0.059809
vt 0.893094 0.059809
vt 0.202653 0.232205
vt 0.028616 0.665634
vt 0.024250 0.200758
vt -0.099043 0.074546
vt 0.921349 0.666429
vt 0.026612 0.666451
vt 0.025693 0.799195
vt -0.101252 0.794455
vt 0.074402 0.660385
vt 0.201471 0.230376
vt 0.075917 0.665812
vt 0.073468 0.225717
vt 0.699579 0.665674
vt 0.832245 0.073856
vt 0.699199 0.202411
vt 0.798825 0.664835
vt 0.830902 0.230868
vt 0.795933 0.224879
vt 0.829890 0.226409
vt 0.697711 0.664837
vt 0.829863 0.922847
vt 0.697683 0.925675
s 0
usemtl wood
f 1/1/1 5/2/1 7/3/1
f 2/4/2 5/2/2 4/5/2
f 7/3/3 6/6/3 3/7/3
f 8/8/4 12/9/4 14/10/4
f 9/11/5 12/9/5 11/12/5
f 14/10/6 13/13/6 10/14/6
f 15/15/7 19/16/7 21/17/7
f 20/18/8 18/19/8 16/20/8
f 17/21/9 19/16/9 20/18/9
f 22/22/10 26/23/10 28/24/10
f 23/25/11 26/23/11 25/26/11
f 28/24/12 27/27/12 24/28/12
f 29/29/13 33/30/13 35/31/13
f 34/32/14 32/33/14 30/34/14
f 31/35/15 33/30/15 34/32/15
f 36/36/16 40/37/16 42/38/16
f 37/39/17 40/37/17 39/40/17
f 42/38/18 41/41/18 38/42/18
f 43/43/19 47/44/19 49/45/19
f 44/46/20 47/44/20 46/47/20
f 49/45/21 48/48/21 45/49/21
f 50/50/22 54/51/22 56/52/22
f 55/53/23 53/54/23 51/55/23
f 52/56/24 54/51/24 55/53/24
f 1/57/25 18/58/25 15/59/25
f 7/60/26 16/61/26 18/62/26
f 2/4/27 14/10/27 6/6/27
f 6/6/28 10/14/28 3/7/28
f 22/63/29 13/64/29 9/65/29
f 28/66/30 10/67/30 13/68/30
f 17/21/31 27/27/31 23/25/31
f 27/27/32 16/20/32 24/28/32
f 15/15/33 46/47/33 43/43/33
f 21/17/34 44/46/34 46/47/34
f 50/50/35 25/26/35 22/22/35
f 56/52/36 23/25/36 25/26/36
f 45/49/37 55/53/37 51/55/37
f 48/48/38 52/56/38 55/53/38
f 43/69/39 32/70/39 29/71/39
f 32/72/40 45/73/40 30/74/40
f 36/75/41 53/76/41 50/77/41
f 42/78/42 51/79/42 53/80/42
f 37/39/43 34/32/43 41/41/43
f 34/32/44 38/42/44 41/41/44
f 1/1/45 35/31/45 4/5/45
f 35/31/46 2/4/46 4/5/46
f 36/36/47 11/12/47 39/40/47
f 39/40/48 8/8/48 37/39/48
f 43/69/49 1/57/49 15/59/49
f 10/67/50 16/61/50 3/81/50
f 37/39/51 2/4/51 31/35/51
f 22/63/52 36/75/52 50/77/52
f 17/21/53 52/56/53 44/46/53
f 45/73/54 38/82/54 30/74/54
f 57/83/55 61/84/55 63/85/55
f 58/86/56 61/84/56 60/87/56
f 63/85/57 62/88/57 59/89/57
f 64/90/58 68/91/58 70/92/58
f 65/93/59 68/91/59 67/94/59
f 70/92/60 69/95/60 66/96/60
f 71/97/61 75/98/61 77/99/61
f 76/100/62 74/101/62 72/102/62
f 73/103/63 75/98/63 76/100/63
f 78/104/64 82/105/64 84/106/64
f 79/107/65 82/105/65 81/108/65
f 84/106/66 83/109/66 80/110/66
f 85/111/67 89/112/67 91/113/67
f 90/114/68 88/115/68 86/116/68
f 87/117/69 89/112/69 90/114/69
f 92/118/70 96/119/70 98/120/70
f 93/121/71 96/119/71 95/122/71
f 98/120/72 97/123/72 94/124/72
f 99/125/73 103/126/73 105/127/73
f 100/128/74 103/126/74 102/129/74
f 105/127/75 104/130/75 101/131/75
f 106/132/76 110/133/76 112/134/76
f 111/135/77 109/136/77 107/137/77
f 108/138/78 110/133/78 111/135/78
f 57/139/79 74/140/79 71/141/79
f 63/142/80 72/143/80 74/144/80
f 64/90/81 62/88/81 58/86/81
f 62/88/82 66/96/82 59/89/82
f 78/145/83 69/146/83 65/147/83
f 69/148/84 80/149/84 66/150/84
f 73/103/85 83/109/85 79/107/85
f 83/109/86 72/102/86 80/110/86
f 71/97/87 102/129/87 99/125/87
f 77/99/88 100/128/88 102/129/88
f 78/104/89 112/134/89 81/108/89
f 112/134/90 79/107/90 81/108/90
f 101/131/91 111/135/91 107/137/91
f 104/130/92 108/138/92 111/135/92
f 85/151/93 105/152/93 88/153/93
f 105/154/94 86/155/94 88/156/94
f 92/157/95 109/158/95 106/159/95
f 109/160/96 94/161/96 107/162/96
f 87/117/97 97/123/97 93/121/97
f 97/123/98 86/116/98 94/124/98
f 85/111/99 60/87/99 57/83/99
f 91/113/100 58/86/100 60/87/100
f 65/93/101 95/122/101 92/118/101
f 67/94/102 93/121/102 95/122/102
f 99/163/103 57/139/103 71/141/103
f 66/150/104 72/143/104 59/164/104
f 93/121/105 58/86/105 87/117/105
f 78/145/106 92/157/106 106/159/106
f 73/103/107 108/138/107 100/128/107
f 107/162/108 86/155/108 101/165/108
f 113/166/109 117/167/109 119/168/109
f 114/169/110 117/167/110 116/170/110
f 115/171/111 117/167/111 118/172/111
f 120/173/112 124/174/112 126/175/112
f 121/176/113 124/174/113 123/177/113
f 122/178/114 124/174/114 125/179/114
f 127/180/115 131/181/115 133/182/115
f 128/183/116 131/181/116 130/184/116
f 129/185/117 131/181/117 132/186/117
f 134/187/118 138/188/118 140/189/118
f 135/190/119 138/188/119 137/191/119
f 136/192/120 138/188/120 139/193/120
f 141/194/121 145/195/121 147/196/121
f 142/197/122 145/195/122 144/198/122
f 143/199/123 145/195/123 146/200/123
f 148/201/124 152/202/124 154/203/124
f 149/204/125 152/202/125 151/205/125
f 150/206/126 152/202/126 153/207/126
f 155/208/127 159/209/127 161/210/127
f 156/211/128 159/209/128 158/212/128
f 157/213/129 159/209/129 160/214/129
f 162/215/130 166/216/130 168/217/130
f 163/218/131 166/216/131 165/219/131
f 164/220/132 166/216/132 167/221/132
f 127/180/133 119/168/133 130/184/133
f 130/184/134 115/171/134 128/183/134
f 120/173/135 118/172/135 114/169/135
f 126/175/136 115/171/136 118/172/136
f 121/176/137 140/189/137 125/179/137
f 140/189/138 122/178/138 125/179/138
f 135/190/139 132/186/139 139/193/139
f 132/186/140 136/192/140 139/193/140
f 155/222/141 133/223/141 158/224/141
f 158/225/142 129/226/142 156/227/142
f 162/228/143 137/229/143 134/230/143
f 137/231/144 164/232/144 135/233/144
f 163/218/145 160/214/145 167/221/145
f 160/214/146 164/220/146 167/221/146
f 155/208/147 144/198/147 141/194/147
f 144/198/148 157/213/148 142/197/148
f 148/201/149 165/219/149 162/215/149
f 154/203/150 163/218/150 165/219/150
f 143/199/151 153/207/151 149/204/151
f 153/207/152 142/197/152 150/206/152
f 141/234/153 116/235/153 113/236/153
f 116/237/154 143/238/154 114/239/154
f 148/240/155 123/241/155 151/242/155
f 123/243/156 149/244/156 151/245/156
f 155/222/157 113/236/157 127/246/157
f 122/178/158 128/183/158 115/171/158
f 149/244/159 114/239/159 143/238/159
f 134/230/160 148/240/160 162/228/160
f 135/233/161 156/227/161 129/226/161
f 163/218/162 142/197/162 157/213/162
f 169/247/163 173/248/163 175/249/163
f 170/250/164 173/248/164 172/251/164
f 171/252/165 173/248/165 174/253/165
f 176/254/166 180/255/166 182/256/166
f 177/257/167 180/255/167 179/258/167
f 178/259/168 180/255/168 181/260/168
f 183/261/169 187/262/169 189/263/169
f 184/264/170 187/262/170 186/265/170
f 185/266/171 187/262/171 188/267/171
f 190/268/172 194/269/172 196/270/172
f 191/271/173 194/269/173 193/272/173
f 192/273/174 194/269/174 195/274/174
f 197/275/175 201/276/175 203/277/175
f 198/278/176 201/276/176 200/279/176
f 199/280/177 201/276/177 202/281/177
f 204/282/178 208/283/178 210/284/178
f 205/285/179 208/283/179 207/286/179
f 206/287/180 208/283/180 209/288/180
f 211/289/181 215/290/181 217/291/181
f 212/292/182 215/290/182 214/293/182
f 213/294/183 215/290/183 216/295/183
f 218/296/184 222/297/184 224/298/184
f 219/299/185 222/297/185 221/300/185
f 220/301/186 222/297/186 223/302/186
f 183/261/187 175/249/187 186/265/187
f 175/249/188 184/264/188 186/265/188
f 170/250/189 182/256/189 174/253/189
f 182/256/190 171/252/190 174/253/190
f 190/268/191 181/260/191 177/257/191
f 196/270/192 178/259/192 181/260/192
f 185/266/193 195/274/193 191/271/193
f 195/274/194 184/264/194 192/273/194
f 183/303/195 214/304/195 211/305/195
f 189/306/196 212/307/196 214/308/196
f 190/309/197 224/310/197 193/311/197
f 193/312/198 220/313/198 191/314/198
f 213/294/199 223/302/199 219/299/199
f 223/302/200 212/292/200 220/301/200
f 197/275/201 217/291/201 200/279/201
f 217/291/202 198/278/202 200/279/202
f 204/282/203 221/300/203 218/296/203
f 210/284/204 219/299/204 221/300/204
f 199/280/205 209/288/205 205/285/205
f 202/281/206 206/287/206 209/288/206
f 197/315/207 172/316/207 169/317/207
f 172/318/208 199/319/208 170/320/208
f 177/321/209 207/322/209 204/323/209
f 207/324/210 176/325/210 205/326/210
f 183/303/211 197/315/211 169/317/211
f 178/259/212 184/264/212 171/252/212
f 205/326/213 170/320/213 199/319/213
f 190/309/214 204/323/214 218/327/214
f 191/314/215 212/307/215 185/328/215
f 213/294/216 206/287/216 198/278/216
f 225/329/217 229/330/217 231/331/217
f 226/332/218 229/330/218 228/333/218
f 227/334/219 229/330/219 230/335/219
f 232/336/220 236/337/220 238/338/220
f 233/339/221 236/337/221 235/340/221
f 234/341/222 236/337/222 237/342/222
f 239/343/223 243/344/223 245/345/223
f 240/346/224 243/344/224 242/347/224
f 241/348/225 243/344/225 244/349/225
f 246/350/226 250/351/226 252/352/226
f 247/353/227 250/351/227 249/354/227
f 248/355/228 250/351/228 251/356/228
f 253/357/229 257/358/229 259/359/229
f 254/360/230 257/358/230 256/361/230
f 255/362/231 257/358/231 258/363/231
f 260/364/232 264/365/232 266/366/232
f 261/367/233 264/365/233 263/368/233
f 262/369/234 264/365/234 265/370/234
f 267/371/235 271/372/235 273/373/235
f 268/374/236 271/372/236 270/375/236
f 269/376/237 271/372/237 272/377/237
f 274/378/238 278/379/238 280/380/238
f 275/381/239 278/379/239 277/382/239
f 276/383/240 278/379/240 279/384/240
f 225/329/241 242/347/241 239/343/241
f 242/347/242 227/334/242 240/346/242
f 226/385/243 238/386/243 230/387/243
f 238/388/244 227/389/244 230/390/244
f 233/339/245 252/352/245 237/342/245
f 252/352/246 234/341/246 237/342/246
f 241/391/247 251/392/247 247/393/247
f 251/394/248 240/395/248 248/396/248
f 239/343/249 270/375/249 267/371/249
f 245/345/250 268/374/250 270/375/250
f 246/350/251 280/380/251 249/354/251
f 280/380/252 247/353/252 249/354/252
f 275/397/253 272/398/253 279/399/253
f 272/400/254 276/401/254 279/402/254
f 267/371/255 256/361/255 253/357/255
f 256/361/256 269/376/256 254/360/256
f 274/378/257 266/366/257 277/382/257
f 266/366/258 275/381/258 277/382/258
f 255/403/259 265/404/259 261/405/259
f 265/406/260 254/407/260 262/408/260
f 253/357/261 228/333/261 225/329/261
f 259/359/262 226/332/262 228/333/262
f 260/364/263 235/340/263 263/368/263
f 235/340/264 261/367/264 263/368/264
f 267/371/265 225/329/265 239/343/265
f 227/389/266 248/396/266 240/395/266
f 261/405/267 226/385/267 255/403/267
f 246/350/268 260/364/268 274/378/268
f 247/393/269 268/409/269 241/391/269
f 275/397/270 254/407/270 269/410/270
f 1180/1828/1135 1183/1829/1135 1177/1830/1135
f 1178/1831/1136 1181/1832/1136 1180/1833/1136
f 1179/1834/1137 1181/1835/1137 1182/1836/1137
f 1184/1837/1138 1188/1838/1138 1190/1839/1138
f 1189/1840/1139 1187/1841/1139 1185/1842/1139
f 1186/1843/1140 1188/1844/1140 1189/1840/1140
f 1194/1845/1141 1197/1846/1141 1191/1847/1141
f 1192/1848/1142 1195/1849/1142 1194/1850/1142
f 1193/1851/1143 1195/1852/1143 1196/1853/1143
f 1201/1854/1144 1204/1855/1144 1198/1856/1144
f 1199/1857/1145 1202/1858/1145 1201/1854/1145
f 1200/1859/1146 1202/1860/1146 1203/1861/1146
f 1208/1862/1147 1211/1863/1147 1205/1864/1147
f 1206/1865/1148 1209/1866/1148 1208/1867/1148
f 1207/1868/1149 1209/1869/1149 1210/1870/1149
f 1215/1871/1150 1218/1872/1150 1212/1873/1150
f 1213/1874/1151 1216/1875/1151 1215/1871/1151
f 1214/1876/1152 1216/1877/1152 1217/1878/1152
f 1222/1879/1153 1225/1880/1153 1219/1881/1153
f 1220/1882/1154 1223/1883/1154 1222/1884/1154
f 1221/1885/1155 1223/1886/1155 1224/1887/1155
f 1229/1888/1156 1232/1889/1156 1226/1890/1156
f 1227/1891/1157 1230/1892/1157 1229/1888/1157
f 1228/1893/1158 1230/1894/1158 1231/1895/1158
f 1177/1830/1159 1194/1850/1159 1191/1896/1159
f 1194/1850/1160 1179/1834/1160 1192/1848/1160
f 1184/1837/1161 1182/1897/1161 1178/1831/1161
f 1190/1898/1162 1179/1834/1162 1182/1836/1162
f 1198/1899/1163 1189/1840/1163 1185/1842/1163
f 1204/1900/1164 1186/1843/1164 1189/1840/1164
f 1193/1851/1165 1203/1901/1165 1199/1857/1165
f 1203/1861/1166 1192/1848/1166 1200/1859/1166
f 1191/1847/1167 1222/1884/1167 1219/1902/1167
f 1222/1884/1168 1193/1851/1168 1220/1882/1168
f 1198/1856/1169 1232/1903/1169 1201/1854/1169
f 1232/1903/1170 1199/1857/1170 1201/1854/1170
f 1227/1891/1171 1224/1887/1171 1231/1904/1171
f 1224/1905/1172 1228/1893/1172 1231/1895/1172
f 1205/1906/1173 1225/1880/1173 1208/1867/1173
f 1225/1880/1174 1206/1865/1174 1208/1867/1174
f 1212/1907/1175 1229/1888/1175 1226/1890/1175
f 1218/1908/1176 1227/1891/1176 1229/1888/1176
f 1207/1868/1177 1217/1909/1177 1213/1874/1177
f 1210/1910/1178 1214/1876/1178 1217/1878/1178
f 1205/1864/1179 1180/1833/1179 1177/1911/1179
f 1180/1833/1180 1207/1868/1180 1178/1831/1180
f 1185/1912/1181 1215/1871/1181 1212/1873/1181
f 1187/1913/1182 1213/1874/1182 1215/1871/1182
f 1191/1914/1183 1205/1915/1183 1177/1916/1183
f 1186/1843/1184 1192/1848/1184 1179/1834/1184
f 1213/1874/1185 1178/1831/1185 1207/1868/1185
f 1198/1917/1186 1212/1918/1186 1226/1919/1186
f 1193/1851/1187 1228/1893/1187 1220/1882/1187
f 1227/1891/1188 1206/1865/1188 1221/1885/1188
f 1236/1920/1189 1239/1921/1189 1233/1922/1189
f 1234/1923/1190 1237/1924/1190 1236/1925/1190
f 1235/1926/1191 1237/1927/1191 1238/1928/1191
f 1240/1929/1192 1244/1930/1192 1246/1931/1192
f 1245/1932/1193 1243/1933/1193 1241/1934/1193
f 1242/1935/1194 1244/1936/1194 1245/1932/1194
f 1250/1937/1195 1253/1938/1195 1247/1939/1195
f 1248/1940/1196 1251/1941/1196 1250/1942/1196
f 1249/1943/1197 1251/1944/1197 1252/1945/1197
f 1257/1946/1198 1260/1947/1198 1254/1948/1198
f 1255/1949/1199 1258/1950/1199 1257/1946/1199
f 1256/1951/1200 1258/1952/1200 1259/1953/1200
f 1264/1954/1201 1267/1955/1201 1261/1956/1201
f 1262/1957/1202 1265/1958/1202 1264/1959/1202
f 1263/1960/1203 1265/1961/1203 1266/1962/1203
f 1271/1963/1204 1274/1964/1204 1268/1965/1204
f 1269/1966/1205 1272/1967/1205 1271/1963/1205
f 1270/1968/1206 1272/1969/1206 1273/1970/1206
f 1278/1971/1207 1281/1972/1207 1275/1973/1207
f 1276/1974/1208 1279/1975/1208 1278/1976/1208
f 1277/1977/1209 1279/1978/1209 1280/1979/1209
f 1285/1980/1210 1288/1981/1210 1282/1982/1210
f 1283/1983/1211 1286/1984/1211 1285/1980/1211
f 1284/1985/1212 1286/1986/1212 1287/1987/1212
f 1247/1988/1213 1239/1921/1213 1250/1942/1213
f 1239/1921/1214 1248/1940/1214 1250/1942/1214
f 1240/1929/1215 1238/1989/1215 1234/1923/1215
f 1246/1990/1216 1235/1926/1216 1238/1928/1216
f 1254/1991/1217 1245/1932/1217 1241/1934/1217
f 1245/1932/1218 1256/1951/1218 1242/1935/1218
f 1249/1943/1219 1259/1992/1219 1255/1949/1219
f 1252/1993/1220 1256/1951/1220 1259/1953/1220
f 1247/1939/1221 1278/1976/1221 1275/1994/1221
f 1253/1938/1222 1276/1974/1222 1278/1976/1222
f 1282/1995/1223 1257/1946/1223 1254/1948/1223
f 1257/1946/1224 1284/1985/1224 1255/1949/1224
f 1277/1977/1225 1287/1996/1225 1283/1983/1225
f 1280/1997/1226 1284/1985/1226 1287/1987/1226
f 1275/1973/1227 1264/1959/1227 1261/1998/1227
f 1264/1959/1228 1277/1977/1228 1262/1957/1228
f 1268/1999/1229 1285/1980/1229 1282/1982/1229
f 1274/2000/1230 1283/1983/1230 1285/1980/1230
f 1263/1960/1231 1273/2001/1231 1269/1966/1231
f 1266/2002/1232 1270/1968/1232 1273/1970/1232
f 1261/1956/1233 1236/1925/1233 1233/2003/1233
f 1267/1955/1234 1234/1923/1234 1236/1925/1234
f 1241/2004/1235 1271/1963/1235 1268/1965/1235
f 1243/2005/1236 1269/1966/1236 1271/1963/1236
f 1275/2006/1237 1233/2007/1237 1247/2008/1237
f 1242/1935/1238 1248/1940/1238 1235/1926/1238
f 1269/1966/1239 1234/1923/1239 1263/1960/1239
f 1254/2009/1240 1268/2010/1240 1282/2011/1240
f 1255/1949/1241 1276/1974/1241 1249/1943/1241
f 1283/1983/1242 1262/1957/1242 1277/1977/1242
f 1292/2012/1243 1295/2013/1243 1289/2014/1243
f 1290/2015/1244 1293/2016/1244 1292/2012/1244
f 1291/2017/1245 1293/2018/1245 1294/2019/1245
f 1296/2020/1246 1300/2021/1246 1302/2022/1246
f 1301/2023/1247 1299/2024/1247 1297/2025/1247
f 1298/2026/1248 1300/2027/1248 1301/2023/1248
f 1306/2028/1249 1309/2029/1249 1303/2030/1249
f 1304/2031/1250 1307/2032/1250 1306/2033/1250
f 1305/2034/1251 1307/2035/1251 1308/2036/1251
f 1313/2037/1252 1316/2038/1252 1310/2039/1252
f 1311/2040/1253 1314/2041/1253 1313/2042/1253
f 1312/2043/1254 1314/2044/1254 1315/2045/1254
f 1320/2046/1255 1323/2047/1255 1317/2048/1255
f 1318/2049/1256 1321/2050/1256 1320/2046/1256
f 1319/2051/1257 1321/2052/1257 1322/2053/1257
f 1327/2054/1258 1330/2055/1258 1324/2056/1258
f 1325/2057/1259 1328/2058/1259 1327/2054/1259
f 1326/2059/1260 1328/2060/1260 1329/2061/1260
f 1334/2062/1261 1337/2063/1261 1331/2064/1261
f 1332/2065/1262 1335/2066/1262 1334/2067/1262
f 1333/2068/1263 1335/2069/1263 1336/2070/1263
f 1341/2071/1264 1344/2072/1264 1338/2073/1264
f 1339/2074/1265 1342/2075/1265 1341/2076/1265
f 1340/2077/1266 1342/2078/1266 1343/2079/1266
f 1303/2080/1267 1295/2081/1267 1306/2033/1267
f 1295/2081/1268 1304/2031/1268 1306/2033/1268
f 1296/2020/1269 1294/2082/1269 1290/2015/1269
f 1294/2019/1270 1298/2026/1270 1291/2017/1270
f 1310/2039/1271 1301/2023/1271 1297/2025/1271
f 1301/2023/1272 1312/2043/1272 1298/2026/1272
f 1311/2040/1273 1308/2036/1273 1315/2083/1273
f 1315/2045/1274 1304/2031/1274 1312/2043/1274
f 1331/2084/1275 1309/2029/1275 1334/2067/1275
f 1334/2067/1276 1305/2034/1276 1332/2065/1276
f 1338/2073/1277 1313/2042/1277 1310/2085/1277
f 1344/2072/1278 1311/2040/1278 1313/2042/1278
f 1339/2074/1279 1336/2070/1279 1343/2086/1279
f 1336/2087/1280 1340/2077/1280 1343/2079/1280
f 1331/2064/1281 1320/2046/1281 1317/2048/1281
f 1337/2063/1282 1318/2049/1282 1320/2046/1282
f 1324/2088/1283 1341/2076/1283 1338/2089/1283
f 1341/2076/1284 1326/2059/1284 1339/2074/1284
f 1325/2057/1285 1322/2053/1285 1329/2090/1285
f 1322/2091/1286 1326/2059/1286 1329/2061/1286
f 1317/2092/1287 1292/2012/1287 1289/2014/1287
f 1323/2093/1288 1290/2015/1288 1292/2012/1288
f 1324/2056/1289 1299/2094/1289 1327/2054/1289
f 1299/2094/1290 1325/2057/1290 1327/2054/1290
f 1331/2095/1291 1289/2096/1291 1303/2097/1291
f 1298/2026/1292 1304/2031/1292 1291/2017/1292
f 1325/2057/1293 1290/2015/1293 1319/2051/1293
f 1338/2098/1294 1297/2099/1294 1324/2100/1294
f 1311/2040/1295 1332/2065/1295 1305/2034/1295
f 1333/2068/1296 1326/2059/1296 1318/2049/1296
f 1348/2101/1297 1351/2102/1297 1345/2103/1297
f 1346/2104/1298 1349/2105/1298 1348/2101/1298
f 1347/2106/1299 1349/2107/1299 1350/2108/1299
f 1352/2109/1300 1356/2110/1300 1358/2111/1300
f 1357/2112/1301 1355/2113/1301 1353/2114/1301
f 1354/2115/1302 1356/2116/1302 1357/2112/1302
f 1362/2117/1303 1365/2118/1303 1359/2119/1303
f 1360/2120/1304 1363/2121/1304 1362/2122/1304
f 1361/2123/1305 1363/2124/1305 1364/2125/1305
f 1369/2126/1306 1372/2127/1306 1366/2128/1306
f 1367/2129/1307 1370/2130/1307 1369/2131/1307
f 1368/2132/1308 1370/2133/1308 1371/2134/1308
f 1376/2135/1309 1379/2136/1309 1373/2137/1309
f 1374/2138/1310 1377/2139/1310 1376/2135/1310
f 1375/2140/1311 1377/2141/1311 1378/2142/1311
f 1383/2143/1312 1386/2144/1312 1380/2145/1312
f 1381/2146/1313 1384/2147/1313 1383/2143/1313
f 1382/2148/1314 1384/2149/1314 1385/2150/1314
f 1390/2151/1315 1393/2152/1315 1387/2153/1315
f 1388/2154/1316 1391/2155/1316 1390/2156/1316
f 1389/2157/1317 1391/2158/1317 1392/2159/1317
f 1397/2160/1318 1400/2161/1318 1394/2162/1318
f 1395/2163/1319 1398/2164/1319 1397/2165/1319
f 1396/2166/1320 1398/2167/1320 1399/2168/1320
f 1359/2169/1321 1351/2170/1321 1362/2122/1321
f 1362/2122/1322 1347/2106/1322 1360/2120/1322
f 1346/2104/1323 1358/2111/1323 1350/2171/1323
f 1358/2172/1324 1347/2106/1324 1350/2108/1324
f 1366/2128/1325 1357/2112/1325 1353/2114/1325
f 1357/2112/1326 1368/2132/1326 1354/2115/1326
f 1361/2123/1327 1371/2173/1327 1367/2129/1327
f 1364/2174/1328 1368/2132/1328 1371/2134/1328
f 1359/2119/1329 1390/2156/1329 1387/2175/1329
f 1390/2156/1330 1361/2123/1330 1388/2154/1330
f 1394/2162/1331 1369/2131/1331 1366/2176/1331
f 1400/2161/1332 1367/2129/1332 1369/2131/1332
f 1389/2157/1333 1399/2177/1333 1395/2163/1333
f 1399/2168/1334 1388/2154/1334 1396/2166/1334
f 1387/2153/1335 1376/2135/1335 1373/2137/1335
f 1376/2135/1336 1389/2157/1336 1374/2138/1336
f 1380/2178/1337 1397/2165/1337 1394/2179/1337
f 1397/2165/1338 1382/2148/1338 1395/2163/1338
f 1375/2140/1339 1385/2180/1339 1381/2146/1339
f 1378/2181/1340 1382/2148/1340 1385/2150/1340
f 1345/2103/1341 1379/2182/1341 1348/2101/1341
f 1348/2101/1342 1375/2140/1342 1346/2104/1342
f 1380/2145/1343 1355/2183/1343 1383/2143/1343
f 1355/2183/1344 1381/2146/1344 1383/2143/1344
f 1359/2184/1345 1373/2185/1345 1345/2186/1345
f 1347/2106/1346 1368/2132/1346 1360/2120/1346
f 1381/2146/1347 1346/2104/1347 1375/2140/1347
f 1394/2187/1348 1353/2188/1348 1380/2189/1348
f 1367/2129/1349 1388/2154/1349 1361/2123/1349
f 1395/2163/1350 1374/2138/1350 1389/2157/1350
f 1/1/1351 4/5/1351 5/2/1351
f 2/4/1352 6/6/1352 5/2/1352
f 7/3/1353 5/2/1353 6/6/1353
f 8/8/1354 11/12/1354 12/9/1354
f 9/11/1355 13/13/1355 12/9/1355
f 14/10/1356 12/9/1356 13/13/1356
f 15/15/1357 18/19/1357 19/16/1357
f 20/18/1358 19/16/1358 18/19/1358
f 17/21/1359 21/17/1359 19/16/1359
f 22/22/1360 25/26/1360 26/23/1360
f 23/25/1361 27/27/1361 26/23/1361
f 28/24/1362 26/23/1362 27/27/1362
f 29/29/1363 32/33/1363 33/30/1363
f 34/32/1364 33/30/1364 32/33/1364
f 31/35/1365 35/31/1365 33/30/1365
f 36/36/1366 39/40/1366 40/37/1366
f 37/39/1367 41/41/1367 40/37/1367
f 42/38/1368 40/37/1368 41/41/1368
f 43/43/1369 46/47/1369 47/44/1369
f 44/46/1370 48/48/1370 47/44/1370
f 49/45/1371 47/44/1371 48/48/1371
f 50/50/1372 53/54/1372 54/51/1372
f 55/53/1373 54/51/1373 53/54/1373
f 52/56/1374 56/52/1374 54/51/1374
f 1/57/25 7/2190/25 18/58/25
f 7/60/26 3/81/26 16/61/26
f 2/4/27 8/8/27 14/10/27
f 6/6/28 14/10/28 10/14/28
f 22/63/1375 28/2191/1375 13/64/1375
f 28/66/30 24/2192/30 10/67/30
f 17/21/31 20/18/31 27/27/31
f 27/27/32 20/18/32 16/20/32
f 15/15/1376 21/17/1376 46/47/1376
f 21/17/34 17/21/34 44/46/34
f 50/50/1377 56/52/1377 25/26/1377
f 56/52/36 52/56/36 23/25/36
f 45/49/37 48/48/37 55/53/37
f 48/48/38 44/46/38 52/56/38
f 43/69/39 49/2193/39 32/70/39
f 32/72/40 49/2194/40 45/73/40
f 36/75/1378 42/2195/1378 53/76/1378
f 42/78/42 38/82/42 51/79/42
f 37/39/43 31/35/43 34/32/43
f 34/32/44 30/34/44 38/42/44
f 1/1/45 29/29/45 35/31/45
f 35/31/46 31/35/46 2/4/46
f 36/36/1379 9/11/1379 11/12/1379
f 39/40/48 11/12/48 8/8/48
f 43/69/49 29/71/49 1/57/49
f 10/67/50 24/2192/50 16/61/50
f 37/39/51 8/8/51 2/4/51
f 22/63/52 9/65/52 36/75/52
f 17/21/53 23/25/53 52/56/53
f 45/73/54 51/79/54 38/82/54
f 57/83/1380 60/87/1380 61/84/1380
f 58/86/1381 62/88/1381 61/84/1381
f 63/85/1382 61/84/1382 62/88/1382
f 64/90/1383 67/94/1383 68/91/1383
f 65/93/1384 69/95/1384 68/91/1384
f 70/92/1385 68/91/1385 69/95/1385
f 71/97/1386 74/101/1386 75/98/1386
f 76/100/1387 75/98/1387 74/101/1387
f 73/103/1388 77/99/1388 75/98/1388
f 78/104/1389 81/108/1389 82/105/1389
f 79/107/1390 83/109/1390 82/105/1390
f 84/106/1391 82/105/1391 83/109/1391
f 85/111/1392 88/115/1392 89/112/1392
f 90/114/1393 89/112/1393 88/115/1393
f 87/117/1394 91/113/1394 89/112/1394
f 92/118/1395 95/122/1395 96/119/1395
f 93/121/1396 97/123/1396 96/119/1396
f 98/120/1397 96/119/1397 97/123/1397
f 99/125/1398 102/129/1398 103/126/1398
f 100/128/1399 104/130/1399 103/126/1399
f 105/127/1400 103/126/1400 104/130/1400
f 106/132/1401 109/136/1401 110/133/1401
f 111/135/1402 110/133/1402 109/136/1402
f 108/138/1403 112/134/1403 110/133/1403
f 57/139/79 63/2196/79 74/140/79
f 63/142/1404 59/164/1404 72/143/1404
f 64/90/81 70/92/81 62/88/81
f 62/88/82 70/92/82 66/96/82
f 78/145/83 84/2197/83 69/146/83
f 69/148/84 84/2198/84 80/149/84
f 73/103/1405 76/100/1405 83/109/1405
f 83/109/86 76/100/86 72/102/86
f 71/97/1406 77/99/1406 102/129/1406
f 77/99/88 73/103/88 100/128/88
f 78/104/89 106/132/89 112/134/89
f 112/134/90 108/138/90 79/107/90
f 101/131/91 104/130/91 111/135/91
f 104/130/92 100/128/92 108/138/92
f 85/151/93 99/163/93 105/152/93
f 105/154/94 101/165/94 86/155/94
f 92/157/95 98/2199/95 109/158/95
f 109/160/1407 98/2200/1407 94/161/1407
f 87/117/97 90/114/97 97/123/97
f 97/123/1408 90/114/1408 86/116/1408
f 85/111/1409 91/113/1409 60/87/1409
f 91/113/1410 87/117/1410 58/86/1410
f 65/93/101 67/94/101 95/122/101
f 67/94/102 64/90/102 93/121/102
f 99/163/103 85/151/103 57/139/103
f 66/150/104 80/149/104 72/143/104
f 93/121/105 64/90/105 58/86/105
f 78/145/106 65/147/106 92/157/106
f 73/103/107 79/107/107 108/138/107
f 107/162/108 94/161/108 86/155/108
f 113/166/1411 116/170/1411 117/167/1411
f 114/169/1412 118/172/1412 117/167/1412
f 115/171/1413 119/168/1413 117/167/1413
f 120/173/1414 123/177/1414 124/174/1414
f 121/176/1415 125/179/1415 124/174/1415
f 122/178/1416 126/175/1416 124/174/1416
f 127/180/1417 130/184/1417 131/181/1417
f 128/183/1418 132/186/1418 131/181/1418
f 129/185/1419 133/182/1419 131/181/1419
f 134/187/1420 137/191/1420 138/188/1420
f 135/190/1421 139/193/1421 138/188/1421
f 136/192/1422 140/189/1422 138/188/1422
f 141/194/1423 144/198/1423 145/195/1423
f 142/197/1424 146/200/1424 145/195/1424
f 143/199/1425 147/196/1425 145/195/1425
f 148/201/1426 151/205/1426 152/202/1426
f 149/204/1427 153/207/1427 152/202/1427
f 150/206/1428 154/203/1428 152/202/1428
f 155/208/1429 158/212/1429 159/209/1429
f 156/211/1430 160/214/1430 159/209/1430
f 157/213/1431 161/210/1431 159/209/1431
f 162/215/1432 165/219/1432 166/216/1432
f 163/218/1433 167/221/1433 166/216/1433
f 164/220/1434 168/217/1434 166/216/1434
f 127/180/133 113/166/133 119/168/133
f 130/184/134 119/168/134 115/171/134
f 120/173/1435 126/175/1435 118/172/1435
f 126/175/1436 122/178/1436 115/171/1436
f 121/176/137 134/187/137 140/189/137
f 140/189/138 136/192/138 122/178/138
f 135/190/139 129/185/139 132/186/139
f 132/186/140 128/183/140 136/192/140
f 155/222/141 127/246/141 133/223/141
f 158/225/142 133/2201/142 129/226/142
f 162/228/143 168/2202/143 137/229/143
f 137/231/144 168/2203/144 164/232/144
f 163/218/145 157/213/145 160/214/145
f 160/214/1437 156/211/1437 164/220/1437
f 155/208/147 161/210/147 144/198/147
f 144/198/148 161/210/148 157/213/148
f 148/201/149 154/203/149 165/219/149
f 154/203/150 150/206/150 163/218/150
f 143/199/1438 146/200/1438 153/207/1438
f 153/207/152 146/200/152 142/197/152
f 141/234/153 147/2204/153 116/235/153
f 116/237/154 147/2205/154 143/238/154
f 148/240/155 121/2206/155 123/241/155
f 123/243/156 120/2207/156 149/244/156
f 155/222/157 141/234/157 113/236/157
f 122/178/158 136/192/158 128/183/158
f 149/244/159 120/2207/159 114/239/159
f 134/230/160 121/2206/160 148/240/160
f 135/233/161 164/232/161 156/227/161
f 163/218/162 150/206/162 142/197/162
f 169/247/1439 172/251/1439 173/248/1439
f 170/250/1440 174/253/1440 173/248/1440
f 171/252/1441 175/249/1441 173/248/1441
f 176/254/1442 179/258/1442 180/255/1442
f 177/257/1443 181/260/1443 180/255/1443
f 178/259/1444 182/256/1444 180/255/1444
f 183/261/1445 186/265/1445 187/262/1445
f 184/264/1446 188/267/1446 187/262/1446
f 185/266/1447 189/263/1447 187/262/1447
f 190/268/1448 193/272/1448 194/269/1448
f 191/271/1449 195/274/1449 194/269/1449
f 192/273/1450 196/270/1450 194/269/1450
f 197/275/1451 200/279/1451 201/276/1451
f 198/278/1452 202/281/1452 201/276/1452
f 199/280/1453 203/277/1453 201/276/1453
f 204/282/1454 207/286/1454 208/283/1454
f 205/285/1455 209/288/1455 208/283/1455
f 206/287/1456 210/284/1456 208/283/1456
f 211/289/1457 214/293/1457 215/290/1457
f 212/292/1458 216/295/1458 215/290/1458
f 213/294/1459 217/291/1459 215/290/1459
f 218/296/1460 221/300/1460 222/297/1460
f 219/299/1461 223/302/1461 222/297/1461
f 220/301/1462 224/298/1462 222/297/1462
f 183/261/1463 169/247/1463 175/249/1463
f 175/249/188 171/252/188 184/264/188
f 170/250/1464 176/254/1464 182/256/1464
f 182/256/190 178/259/190 171/252/190
f 190/268/191 196/270/191 181/260/191
f 196/270/192 192/273/192 178/259/192
f 185/266/1465 188/267/1465 195/274/1465
f 195/274/194 188/267/194 184/264/194
f 183/303/195 189/2208/195 214/304/195
f 189/306/196 185/328/196 212/307/196
f 190/309/197 218/327/197 224/310/197
f 193/312/198 224/2209/198 220/313/198
f 213/294/199 216/295/199 223/302/199
f 223/302/200 216/295/200 212/292/200
f 197/275/201 211/289/201 217/291/201
f 217/291/202 213/294/202 198/278/202
f 204/282/203 210/284/203 221/300/203
f 210/284/1466 206/287/1466 219/299/1466
f 199/280/1467 202/281/1467 209/288/1467
f 202/281/206 198/278/206 206/287/206
f 197/315/207 203/2210/207 172/316/207
f 172/318/208 203/2211/208 199/319/208
f 177/321/209 179/2212/209 207/322/209
f 207/324/210 179/2213/210 176/325/210
f 183/303/211 211/305/211 197/315/211
f 178/259/212 192/273/212 184/264/212
f 205/326/213 176/325/213 170/320/213
f 190/309/214 177/321/214 204/323/214
f 191/314/215 220/313/215 212/307/215
f 213/294/216 219/299/216 206/287/216
f 225/329/1468 228/333/1468 229/330/1468
f 226/332/1469 230/335/1469 229/330/1469
f 227/334/1470 231/331/1470 229/330/1470
f 232/336/1471 235/340/1471 236/337/1471
f 233/339/1472 237/342/1472 236/337/1472
f 234/341/1473 238/338/1473 236/337/1473
f 239/343/1474 242/347/1474 243/344/1474
f 240/346/1475 244/349/1475 243/344/1475
f 241/348/1476 245/345/1476 243/344/1476
f 246/350/1477 249/354/1477 250/351/1477
f 247/353/1478 251/356/1478 250/351/1478
f 248/355/1479 252/352/1479 250/351/1479
f 253/357/1480 256/361/1480 257/358/1480
f 254/360/1481 258/363/1481 257/358/1481
f 255/362/1482 259/359/1482 257/358/1482
f 260/364/1483 263/368/1483 264/365/1483
f 261/367/1484 265/370/1484 264/365/1484
f 262/369/1485 266/366/1485 264/365/1485
f 267/371/1486 270/375/1486 271/372/1486
f 268/374/1487 272/377/1487 271/372/1487
f 269/376/1488 273/373/1488 271/372/1488
f 274/378/1489 277/382/1489 278/379/1489
f 275/381/1490 279/384/1490 278/379/1490
f 276/383/1491 280/380/1491 278/379/1491
f 225/329/241 231/331/241 242/347/241
f 242/347/242 231/331/242 227/334/242
f 226/385/243 232/2214/243 238/386/243
f 238/388/244 234/2215/244 227/389/244
f 233/339/245 246/350/245 252/352/245
f 252/352/1492 248/355/1492 234/341/1492
f 241/391/247 244/2216/247 251/392/247
f 251/394/248 244/2217/248 240/395/248
f 239/343/249 245/345/249 270/375/249
f 245/345/250 241/348/250 268/374/250
f 246/350/251 274/378/251 280/380/251
f 280/380/252 276/383/252 247/353/252
f 275/397/253 269/410/253 272/398/253
f 272/400/254 268/409/254 276/401/254
f 267/371/255 273/373/255 256/361/255
f 256/361/256 273/373/256 269/376/256
f 274/378/257 260/364/257 266/366/257
f 266/366/1493 262/369/1493 275/381/1493
f 255/403/259 258/2218/259 265/404/259
f 265/406/260 258/2219/260 254/407/260
f 253/357/261 259/359/261 228/333/261
f 259/359/262 255/362/262 226/332/262
f 260/364/263 233/339/263 235/340/263
f 235/340/264 232/336/264 261/367/264
f 267/371/265 253/357/265 225/329/265
f 227/389/266 234/2215/266 248/396/266
f 261/405/267 232/2214/267 226/385/267
f 246/350/268 233/339/268 260/364/268
f 247/393/269 276/401/269 268/409/269
f 275/397/270 262/408/270 254/407/270
f 1180/1828/2092 1181/1835/2092 1183/1829/2092
f 1178/1831/2093 1182/1897/2093 1181/1832/2093
f 1179/1834/2094 1183/1829/2094 1181/1835/2094
f 1184/1837/2095 1187/1913/2095 1188/1838/2095
f 1189/1840/2096 1188/1844/2096 1187/1841/2096
f 1186/1843/2097 1190/1898/2097 1188/1844/2097
f 1194/1845/2098 1195/1852/2098 1197/1846/2098
f 1192/1848/2099 1196/2327/2099 1195/1849/2099
f 1193/1851/2100 1197/1846/2100 1195/1852/2100
f 1201/1854/2101 1202/1858/2101 1204/1855/2101
f 1199/1857/2102 1203/1901/2102 1202/1858/2102
f 1200/1859/2103 1204/1900/2103 1202/1860/2103
f 1208/1862/2104 1209/1869/2104 1211/1863/2104
f 1206/1865/2105 1210/1910/2105 1209/1866/2105
f 1207/1868/2106 1211/1863/2106 1209/1869/2106
f 1215/1871/2107 1216/1875/2107 1218/1872/2107
f 1213/1874/2108 1217/1909/2108 1216/1875/2108
f 1214/1876/2109 1218/1908/2109 1216/1877/2109
f 1222/1879/2110 1223/1886/2110 1225/1880/2110
f 1220/1882/2111 1224/1905/2111 1223/1883/2111
f 1221/1885/2112 1225/1880/2112 1223/1886/2112
f 1229/1888/2113 1230/1892/2113 1232/1889/2113
f 1227/1891/2114 1231/1904/2114 1230/1892/2114
f 1228/1893/2115 1232/1903/2115 1230/1894/2115
f 1177/1830/1159 1183/1829/1159 1194/1850/1159
f 1194/1850/1160 1183/1829/1160 1179/1834/1160
f 1184/1837/1161 1190/1839/1161 1182/1897/1161
f 1190/1898/2116 1186/1843/2116 1179/1834/2116
f 1198/1899/1163 1204/1900/1163 1189/1840/1163
f 1204/1900/1164 1200/1859/1164 1186/1843/1164
f 1193/1851/1165 1196/1853/1165 1203/1901/1165
f 1203/1861/2117 1196/2327/2117 1192/1848/2117
f 1191/1847/2118 1197/1846/2118 1222/1884/2118
f 1222/1884/2119 1197/1846/2119 1193/1851/2119
f 1198/1856/2120 1226/2328/2120 1232/1903/2120
f 1232/1903/1170 1228/1893/1170 1199/1857/1170
f 1227/1891/1171 1221/1885/1171 1224/1887/1171
f 1224/1905/1172 1220/1882/1172 1228/1893/1172
f 1205/1906/2121 1219/1881/2121 1225/1880/2121
f 1225/1880/1174 1221/1885/1174 1206/1865/1174
f 1212/1907/1175 1218/1908/1175 1229/1888/1175
f 1218/1908/1176 1214/1876/1176 1227/1891/1176
f 1207/1868/1177 1210/1870/1177 1217/1909/1177
f 1210/1910/1178 1206/1865/1178 1214/1876/1178
f 1205/1864/1179 1211/1863/1179 1180/1833/1179
f 1180/1833/1180 1211/1863/1180 1207/1868/1180
f 1185/1912/1181 1187/1913/1181 1215/1871/1181
f 1187/1913/1182 1184/1837/1182 1213/1874/1182
f 1191/1914/1183 1219/2329/1183 1205/1915/1183
f 1186/1843/1184 1200/1859/1184 1192/1848/1184
f 1213/1874/1185 1184/1837/1185 1178/1831/1185
f 1198/1917/1186 1185/2330/1186 1212/1918/1186
f 1193/1851/1187 1199/1857/1187 1228/1893/1187
f 1227/1891/1188 1214/1876/1188 1206/1865/1188
f 1236/1920/2122 1237/1927/2122 1239/1921/2122
f 1234/1923/2123 1238/1989/2123 1237/1924/2123
f 1235/1926/2124 1239/1921/2124 1237/1927/2124
f 1240/1929/2125 1243/2005/2125 1244/1930/2125
f 1245/1932/2126 1244/1936/2126 1243/1933/2126
f 1242/1935/2127 1246/1990/2127 1244/1936/2127
f 1250/1937/2128 1251/1944/2128 1253/1938/2128
f 1248/1940/2129 1252/1993/2129 1251/1941/2129
f 1249/1943/2130 1253/1938/2130 1251/1944/2130
f 1257/1946/2131 1258/1950/2131 1260/1947/2131
f 1255/1949/2132 1259/1992/2132 1258/1950/2132
f 1256/1951/2133 1260/2331/2133 1258/1952/2133
f 1264/1954/2134 1265/1961/2134 1267/1955/2134
f 1262/1957/2135 1266/2002/2135 1265/1958/2135
f 1263/1960/2136 1267/1955/2136 1265/1961/2136
f 1271/1963/2137 1272/1967/2137 1274/1964/2137
f 1269/1966/2138 1273/2001/2138 1272/1967/2138
f 1270/1968/2139 1274/2000/2139 1272/1969/2139
f 1278/1971/2140 1279/1978/2140 1281/1972/2140
f 1276/1974/2141 1280/1997/2141 1279/1975/2141
f 1277/1977/2142 1281/1972/2142 1279/1978/2142
f 1285/1980/2143 1286/1984/2143 1288/1981/2143
f 1283/1983/2144 1287/1996/2144 1286/1984/2144
f 1284/1985/2145 1288/2332/2145 1286/1986/2145
f 1247/1988/1213 1233/1922/1213 1239/1921/1213
f 1239/1921/1214 1235/1926/1214 1248/1940/1214
f 1240/1929/2146 1246/1931/2146 1238/1989/2146
f 1246/1990/1216 1242/1935/1216 1235/1926/1216
f 1254/1991/1217 1260/2331/1217 1245/1932/1217
f 1245/1932/1218 1260/2331/1218 1256/1951/1218
f 1249/1943/2147 1252/1945/2147 1259/1992/2147
f 1252/1993/1220 1248/1940/1220 1256/1951/1220
f 1247/1939/1221 1253/1938/1221 1278/1976/1221
f 1253/1938/1222 1249/1943/1222 1276/1974/1222
f 1282/1995/1223 1288/2332/1223 1257/1946/1223
f 1257/1946/1224 1288/2332/1224 1284/1985/1224
f 1277/1977/1225 1280/1979/1225 1287/1996/1225
f 1280/1997/2148 1276/1974/2148 1284/1985/2148
f 1275/1973/1227 1281/1972/1227 1264/1959/1227
f 1264/1959/1228 1281/1972/1228 1277/1977/1228
f 1268/1999/1229 1274/2000/1229 1285/1980/1229
f 1274/2000/1230 1270/1968/1230 1283/1983/1230
f 1263/1960/2149 1266/1962/2149 1273/2001/2149
f 1266/2002/1232 1262/1957/1232 1270/1968/1232
f 1261/1956/1233 1267/1955/1233 1236/1925/1233
f 1267/1955/1234 1263/1960/1234 1234/1923/1234
f 1241/2004/1235 1243/2005/1235 1271/1963/1235
f 1243/2005/1236 1240/1929/1236 1269/1966/1236
f 1275/2006/1237 1261/2333/1237 1233/2007/1237
f 1242/1935/1238 1256/1951/1238 1248/1940/1238
f 1269/1966/1239 1240/1929/1239 1234/1923/1239
f 1254/2009/1240 1241/2334/1240 1268/2010/1240
f 1255/1949/1241 1284/1985/1241 1276/1974/1241
f 1283/1983/1242 1270/1968/1242 1262/1957/1242
f 1292/2012/2150 1293/2016/2150 1295/2013/2150
f 1290/2015/2151 1294/2082/2151 1293/2016/2151
f 1291/2017/2152 1295/2081/2152 1293/2018/2152
f 1296/2020/2153 1299/2094/2153 1300/2021/2153
f 1301/2023/2154 1300/2027/2154 1299/2024/2154
f 1298/2026/2155 1302/2335/2155 1300/2027/2155
f 1306/2028/2156 1307/2035/2156 1309/2029/2156
f 1304/2031/2157 1308/2336/2157 1307/2032/2157
f 1305/2034/2158 1309/2029/2158 1307/2035/2158
f 1313/2037/2159 1314/2044/2159 1316/2038/2159
f 1311/2040/2160 1315/2083/2160 1314/2041/2160
f 1312/2043/2161 1316/2038/2161 1314/2044/2161
f 1320/2046/2162 1321/2050/2162 1323/2047/2162
f 1318/2049/2163 1322/2091/2163 1321/2050/2163
f 1319/2051/2164 1323/2093/2164 1321/2052/2164
f 1327/2054/2165 1328/2058/2165 1330/2055/2165
f 1325/2057/2166 1329/2090/2166 1328/2058/2166
f 1326/2059/2167 1330/2337/2167 1328/2060/2167
f 1334/2062/2168 1335/2069/2168 1337/2063/2168
f 1332/2065/2169 1336/2087/2169 1335/2066/2169
f 1333/2068/2170 1337/2063/2170 1335/2069/2170
f 1341/2071/2171 1342/2078/2171 1344/2072/2171
f 1339/2074/2172 1343/2086/2172 1342/2075/2172
f 1340/2077/2173 1344/2072/2173 1342/2078/2173
f 1303/2080/2174 1289/2338/2174 1295/2081/2174
f 1295/2081/1268 1291/2017/1268 1304/2031/1268
f 1296/2020/1269 1302/2022/1269 1294/2082/1269
f 1294/2019/2175 1302/2335/2175 1298/2026/2175
f 1310/2039/1271 1316/2038/1271 1301/2023/1271
f 1301/2023/1272 1316/2038/1272 1312/2043/1272
f 1311/2040/1273 1305/2034/1273 1308/2036/1273
f 1315/2045/2176 1308/2336/2176 1304/2031/2176
f 1331/2084/1275 1303/2030/1275 1309/2029/1275
f 1334/2067/1276 1309/2029/1276 1305/2034/1276
f 1338/2073/1277 1344/2072/1277 1313/2042/1277
f 1344/2072/2177 1340/2077/2177 1311/2040/2177
f 1339/2074/2178 1333/2068/2178 1336/2070/2178
f 1336/2087/1280 1332/2065/1280 1340/2077/1280
f 1331/2064/1281 1337/2063/1281 1320/2046/1281
f 1337/2063/1282 1333/2068/1282 1318/2049/1282
f 1324/2088/1283 1330/2337/1283 1341/2076/1283
f 1341/2076/1284 1330/2337/1284 1326/2059/1284
f 1325/2057/1285 1319/2051/1285 1322/2053/1285
f 1322/2091/2179 1318/2049/2179 1326/2059/2179
f 1317/2092/2180 1323/2093/2180 1292/2012/2180
f 1323/2093/2181 1319/2051/2181 1290/2015/2181
f 1324/2056/1289 1297/2339/1289 1299/2094/1289
f 1299/2094/1290 1296/2020/1290 1325/2057/1290
f 1331/2095/1291 1317/2340/1291 1289/2096/1291
f 1298/2026/1292 1312/2043/1292 1304/2031/1292
f 1325/2057/1293 1296/2020/1293 1290/2015/1293
f 1338/2098/1294 1310/2341/1294 1297/2099/1294
f 1311/2040/1295 1340/2077/1295 1332/2065/1295
f 1333/2068/1296 1339/2074/1296 1326/2059/1296
f 1348/2101/2182 1349/2105/2182 1351/2102/2182
f 1346/2104/2183 1350/2171/2183 1349/2105/2183
f 1347/2106/2184 1351/2170/2184 1349/2107/2184
f 1352/2109/2185 1355/2183/2185 1356/2110/2185
f 1357/2112/2186 1356/2116/2186 1355/2113/2186
f 1354/2115/2187 1358/2172/2187 1356/2116/2187
f 1362/2117/2188 1363/2124/2188 1365/2118/2188
f 1360/2120/2189 1364/2174/2189 1363/2121/2189
f 1361/2123/2190 1365/2118/2190 1363/2124/2190
f 1369/2126/2191 1370/2133/2191 1372/2127/2191
f 1367/2129/2192 1371/2173/2192 1370/2130/2192
f 1368/2132/2193 1372/2127/2193 1370/2133/2193
f 1376/2135/2194 1377/2139/2194 1379/2136/2194
f 1374/2138/2195 1378/2181/2195 1377/2139/2195
f 1375/2140/2196 1379/2182/2196 1377/2141/2196
f 1383/2143/2197 1384/2147/2197 1386/2144/2197
f 1381/2146/2198 1385/2180/2198 1384/2147/2198
f 1382/2148/2199 1386/2342/2199 1384/2149/2199
f 1390/2151/2200 1391/2158/2200 1393/2152/2200
f 1388/2154/2201 1392/2343/2201 1391/2155/2201
f 1389/2157/2202 1393/2152/2202 1391/2158/2202
f 1397/2160/2203 1398/2167/2203 1400/2161/2203
f 1395/2163/2204 1399/2177/2204 1398/2164/2204
f 1396/2166/2205 1400/2161/2205 1398/2167/2205
f 1359/2169/2206 1345/2344/2206 1351/2170/2206
f 1362/2122/1322 1351/2170/1322 1347/2106/1322
f 1346/2104/2207 1352/2109/2207 1358/2111/2207
f 1358/2172/2208 1354/2115/2208 1347/2106/2208
f 1366/2128/1325 1372/2127/1325 1357/2112/1325
f 1357/2112/1326 1372/2127/1326 1368/2132/1326
f 1361/2123/2209 1364/2125/2209 1371/2173/2209
f 1364/2174/2210 1360/2120/2210 1368/2132/2210
f 1359/2119/1329 1365/2118/1329 1390/2156/1329
f 1390/2156/1330 1365/2118/1330 1361/2123/1330
f 1394/2162/1331 1400/2161/1331 1369/2131/1331
f 1400/2161/1332 1396/2166/1332 1367/2129/1332
f 1389/2157/1333 1392/2159/1333 1399/2177/1333
f 1399/2168/1334 1392/2343/1334 1388/2154/1334
f 1387/2153/2211 1393/2152/2211 1376/2135/2211
f 1376/2135/1336 1393/2152/1336 1389/2157/1336
f 1380/2178/2212 1386/2342/2212 1397/2165/2212
f 1397/2165/1338 1386/2342/1338 1382/2148/1338
f 1375/2140/1339 1378/2142/1339 1385/2180/1339
f 1378/2181/2213 1374/2138/2213 1382/2148/2213
f 1345/2103/2214 1373/2345/2214 1379/2182/2214
f 1348/2101/1342 1379/2182/1342 1375/2140/1342
f 1380/2145/1343 1353/2346/1343 1355/2183/1343
f 1355/2183/1344 1352/2109/1344 1381/2146/1344
f 1359/2184/1345 1387/2347/1345 1373/2185/1345
f 1347/2106/1346 1354/2115/1346 1368/2132/1346
f 1381/2146/1347 1352/2109/1347 1346/2104/1347
f 1394/2187/1348 1366/2348/1348 1353/2188/1348
f 1367/2129/1349 1396/2166/1349 1388/2154/1349
f 1395/2163/1350 1382/2148/1350 1374/2138/1350
usemtl coal
f 281/411/271 285/412/271 287/413/271
f 282/414/272 285/415/272 284/416/272
f 283/417/273 285/418/273 286/419/273
f 288/420/274 292/421/274 294/422/274
f 289/423/275 292/424/275 291/425/275
f 290/426/276 292/421/276 293/427/276
f 295/428/277 299/429/277 301/430/277
f 296/431/278 299/432/278 298/433/278
f 297/434/279 299/432/279 300/435/279
f 302/436/280 306/437/280 308/438/280
f 303/439/281 306/437/281 305/440/281
f 304/441/282 306/442/282 307/443/282
f 309/444/283 313/445/283 315/446/283
f 310/447/284 313/448/284 312/449/284
f 311/450/285 313/445/285 314/451/285
f 316/452/286 320/453/286 322/454/286
f 317/455/287 320/456/287 319/457/287
f 318/458/288 320/456/288 321/459/288
f 323/460/289 327/461/289 329/462/289
f 324/463/290 327/464/290 326/465/290
f 325/466/291 327/464/291 328/467/291
f 330/468/292 334/469/292 336/470/292
f 331/471/293 334/472/293 333/473/293
f 332/474/294 334/475/294 335/476/294
f 281/411/295 298/477/295 295/428/295
f 287/478/296 296/431/296 298/433/296
f 288/420/297 286/479/297 282/414/297
f 294/422/298 283/480/298 286/479/298
f 289/423/299 308/438/299 293/481/299
f 293/482/300 304/441/300 290/483/300
f 297/434/301 307/443/301 303/484/301
f 307/443/302 296/431/302 304/441/302
f 323/460/303 301/430/303 326/485/303
f 326/465/304 297/486/304 324/463/304
f 330/468/305 305/440/305 302/436/305
f 305/487/306 332/474/306 303/488/306
f 325/466/307 335/476/307 331/489/307
f 335/476/308 324/463/308 332/474/308
f 323/460/309 312/490/309 309/444/309
f 312/449/310 325/491/310 310/447/310
f 330/468/311 322/454/311 333/492/311
f 322/493/312 331/471/312 333/473/312
f 317/455/313 314/494/313 321/459/313
f 321/459/314 310/447/314 318/458/314
f 309/444/315 284/495/315 281/411/315
f 284/416/316 311/496/316 282/414/316
f 316/452/317 291/425/317 319/497/317
f 319/498/318 288/420/318 317/499/318
f 323/460/319 281/411/319 295/428/319
f 290/483/320 296/431/320 283/417/320
f 317/499/321 282/414/321 311/496/321
f 302/436/322 316/452/322 330/468/322
f 297/486/323 332/474/323 324/463/323
f 331/471/324 310/447/324 325/491/324
f 337/500/325 341/501/325 343/502/325
f 338/503/326 341/504/326 340/505/326
f 339/506/327 341/507/327 342/508/327
f 344/509/328 348/510/328 350/511/328
f 345/512/329 348/513/329 347/514/329
f 346/515/330 348/516/330 349/517/330
f 351/518/331 355/519/331 357/520/331
f 352/521/332 355/522/332 354/523/332
f 353/524/333 355/525/333 356/526/333
f 358/527/334 362/528/334 364/529/334
f 359/530/335 362/531/335 361/532/335
f 360/533/336 362/534/336 363/535/336
f 365/536/337 369/537/337 371/538/337
f 366/539/338 369/540/338 368/541/338
f 367/542/339 369/543/339 370/544/339
f 372/545/340 376/546/340 378/547/340
f 373/548/341 376/549/341 375/550/341
f 374/551/342 376/552/342 377/553/342
f 379/554/343 383/555/343 385/556/343
f 380/557/344 383/558/344 382/559/344
f 381/560/345 383/561/345 384/562/345
f 386/563/346 390/564/346 392/565/346
f 387/566/347 390/567/347 389/568/347
f 388/569/348 390/570/348 391/571/348
f 351/518/349 343/502/349 354/572/349
f 354/523/350 339/506/350 352/521/350
f 344/509/351 342/573/351 338/503/351
f 342/508/352 346/515/352 339/506/352
f 358/527/353 349/574/353 345/512/353
f 349/517/354 360/533/354 346/515/354
f 359/530/355 356/526/355 363/575/355
f 356/576/356 360/533/356 363/535/356
f 351/518/357 382/577/357 379/554/357
f 382/559/358 353/524/358 380/557/358
f 358/527/359 392/565/359 361/578/359
f 392/579/360 359/530/360 361/532/360
f 387/566/361 384/562/361 391/580/361
f 384/581/362 388/569/362 391/571/362
f 365/536/363 385/556/363 368/582/363
f 385/583/364 366/539/364 368/541/364
f 386/563/365 378/547/365 389/584/365
f 378/585/366 387/566/366 389/568/366
f 373/548/367 370/544/367 377/586/367
f 370/587/368 374/551/368 377/553/368
f 337/500/369 371/538/369 340/588/369
f 340/505/370 367/542/370 338/503/370
f 345/512/371 375/589/371 372/545/371
f 347/590/372 373/548/372 375/550/372
f 379/554/373 337/500/373 351/518/373
f 339/506/374 360/533/374 352/521/374
f 373/548/375 338/503/375 367/542/375
f 358/527/376 372/545/376 386/563/376
f 359/530/377 380/557/377 353/524/377
f 387/566/378 366/539/378 381/560/378
f 393/591/379 397/592/379 399/593/379
f 394/594/380 397/595/380 396/596/380
f 395/597/381 397/598/381 398/599/381
f 400/600/382 404/601/382 406/602/382
f 401/603/383 404/604/383 403/605/383
f 402/606/384 404/607/384 405/608/384
f 407/609/385 411/610/385 413/611/385
f 408/612/386 411/613/386 410/614/386
f 409/615/387 411/616/387 412/617/387
f 414/618/388 418/619/388 420/620/388
f 415/621/389 418/622/389 417/623/389
f 416/624/390 418/625/390 419/626/390
f 421/627/391 425/628/391 427/629/391
f 422/630/392 425/631/392 424/632/392
f 423/633/393 425/634/393 426/635/393
f 428/636/394 432/637/394 434/638/394
f 429/639/395 432/640/395 431/641/395
f 430/642/396 432/643/396 433/644/396
f 435/645/397 439/646/397 441/647/397
f 436/648/398 439/649/398 438/650/398
f 437/651/399 439/652/399 440/653/399
f 442/654/400 446/655/400 448/656/400
f 443/657/401 446/658/401 445/659/401
f 444/660/402 446/661/402 447/662/402
f 393/591/403 410/663/403 407/609/403
f 410/614/404 395/597/404 408/612/404
f 394/594/405 406/602/405 398/664/405
f 406/665/406 395/597/406 398/599/406
f 401/603/407 420/620/407 405/666/407
f 420/667/408 402/606/408 405/608/408
f 409/615/409 419/668/409 415/621/409
f 412/669/410 416/624/410 419/626/410
f 435/645/411 413/611/411 438/670/411
f 413/671/412 436/648/412 438/650/412
f 442/654/413 417/672/413 414/618/413
f 417/623/414 444/660/414 415/621/414
f 437/651/415 447/673/415 443/657/415
f 447/662/416 436/648/416 444/660/416
f 435/645/417 424/674/417 421/627/417
f 424/632/418 437/651/418 422/630/418
f 442/654/419 434/638/419 445/675/419
f 434/676/420 443/657/420 445/659/420
f 423/633/421 433/677/421 429/639/421
f 426/678/422 430/642/422 433/644/422
f 421/627/423 396/679/423 393/591/423
f 396/596/424 423/633/424 394/594/424
f 428/636/425 403/605/425 431/680/425
f 403/681/426 429/639/426 431/641/426
f 435/645/427 393/591/427 407/609/427
f 402/606/428 408/612/428 395/597/428
f 429/639/429 394/594/429 423/633/429
f 414/618/430 428/636/430 442/654/430
f 415/621/431 436/648/431 409/615/431
f 443/657/432 422/630/432 437/651/432
f 449/682/433 453/683/433 455/684/433
f 450/685/434 453/686/434 452/687/434
f 451/688/435 453/686/435 454/689/435
f 456/690/436 460/691/436 462/692/436
f 457/693/437 460/694/437 459/695/437
f 458/696/438 460/691/438 461/697/438
f 463/698/439 467/699/439 469/700/439
f 464/701/440 467/702/440 466/703/440
f 465/704/441 467/702/441 468/705/441
f 470/706/442 474/707/442 476/708/442
f 471/709/443 474/710/443 473/711/443
f 472/712/444 474/710/444 475/713/444
f 477/714/445 481/715/445 483/716/445
f 478/717/446 481/718/446 480/719/446
f 479/720/447 481/718/447 482/721/447
f 484/722/448 488/723/448 490/724/448
f 485/725/449 488/726/449 487/727/449
f 486/728/450 488/726/450 489/729/450
f 491/730/451 495/731/451 497/732/451
f 492/733/452 495/734/452 494/735/452
f 493/736/453 495/734/453 496/737/453
f 498/738/454 502/739/454 504/740/454
f 499/741/455 502/742/455 501/743/455
f 500/744/456 502/742/456 503/745/456
f 463/698/457 455/684/457 466/746/457
f 466/703/458 451/747/458 464/701/458
f 456/690/459 454/689/459 450/685/459
f 462/692/460 451/688/460 454/689/460
f 457/693/461 476/708/461 461/748/461
f 461/749/462 472/712/462 458/750/462
f 465/704/463 475/713/463 471/709/463
f 468/705/464 472/712/464 475/713/464
f 463/698/465 494/751/465 491/730/465
f 469/752/466 492/733/466 494/735/466
f 498/738/467 473/753/467 470/706/467
f 473/754/468 500/744/468 471/755/468
f 493/736/469 503/745/469 499/741/469
f 503/745/470 492/733/470 500/744/470
f 491/730/471 480/756/471 477/714/471
f 480/719/472 493/757/472 478/717/472
f 484/722/473 501/758/473 498/738/473
f 501/759/474 486/728/474 499/760/474
f 485/725/475 482/721/475 489/729/475
f 482/721/476 486/728/476 489/729/476
f 477/714/477 452/761/477 449/682/477
f 452/687/478 479/762/478 450/685/478
f 484/722/479 459/695/479 487/763/479
f 459/764/480 485/765/480 487/766/480
f 491/730/481 449/682/481 463/698/481
f 451/747/482 472/712/482 464/701/482
f 485/765/483 450/685/483 479/762/483
f 470/706/484 484/722/484 498/738/484
f 471/755/485 492/733/485 465/767/485
f 499/760/486 478/717/486 493/757/486
f 505/768/487 509/769/487 511/770/487
f 506/771/488 509/772/488 508/773/488
f 507/774/489 509/772/489 510/775/489
f 512/776/490 516/777/490 518/778/490
f 513/779/491 516/780/491 515/781/491
f 514/782/492 516/777/492 517/783/492
f 519/784/493 523/785/493 525/786/493
f 520/787/494 523/788/494 522/789/494
f 521/790/495 523/788/495 524/791/495
f 526/792/496 530/793/496 532/794/496
f 527/795/497 530/793/497 529/796/497
f 528/797/498 530/798/498 531/799/498
f 533/800/499 537/801/499 539/802/499
f 534/803/500 537/804/500 536/805/500
f 535/806/501 537/801/501 538/807/501
f 540/808/502 544/809/502 546/810/502
f 541/811/503 544/812/503 543/813/503
f 542/814/504 544/812/504 545/815/504
f 547/816/505 551/817/505 553/818/505
f 548/819/506 551/820/506 550/821/506
f 549/822/507 551/820/507 552/823/507
f 554/824/508 558/825/508 560/826/508
f 555/827/509 558/828/509 557/829/509
f 556/830/510 558/828/510 559/831/510
f 505/768/511 522/832/511 519/784/511
f 522/789/512 507/833/512 520/787/512
f 506/771/513 518/778/513 510/775/513
f 518/778/514 507/774/514 510/775/514
f 513/779/515 532/794/515 517/834/515
f 532/794/516 514/835/516 517/834/516
f 521/790/517 531/799/517 527/836/517
f 524/791/518 528/797/518 531/799/518
f 547/816/519 525/786/519 550/837/519
f 525/838/520 548/819/520 550/821/520
f 526/792/521 560/826/521 529/796/521
f 560/826/522 527/795/522 529/796/522
f 555/827/523 552/823/523 559/831/523
f 552/823/524 556/830/524 559/831/524
f 547/816/525 536/839/525 533/800/525
f 536/839/526 549/840/526 534/841/526
f 554/824/527 546/810/527 557/842/527
f 546/843/528 555/844/528 557/845/528
f 541/811/529 538/846/529 545/815/529
f 538/846/530 542/814/530 545/815/530
f 533/800/531 508/847/531 505/768/531
f 539/802/532 506/848/532 508/847/532
f 513/779/533 543/849/533 540/808/533
f 543/850/534 512/776/534 541/851/534
f 519/784/535 533/800/535 505/768/535
f 514/852/536 520/787/536 507/833/536
f 535/853/537 512/776/537 506/771/537
f 526/792/538 540/808/538 554/824/538
f 527/854/539 548/819/539 521/855/539
f 549/856/540 542/814/540 534/803/540
f 561/857/541 565/858/541 567/859/541
f 562/860/542 565/861/542 564/862/542
f 563/863/543 565/864/543 566/865/543
f 568/866/544 572/867/544 574/868/544
f 569/869/545 572/870/545 571/871/545
f 570/872/546 572/873/546 573/874/546
f 575/875/547 579/876/547 581/877/547
f 576/878/548 579/879/548 578/880/548
f 577/881/549 579/882/549 580/883/549
f 582/884/550 586/885/550 588/886/550
f 583/887/551 586/888/551 585/889/551
f 584/890/552 586/891/552 587/892/552
f 589/893/553 593/894/553 595/895/553
f 590/896/554 593/897/554 592/898/554
f 591/899/555 593/900/555 594/901/555
f 596/902/556 600/903/556 602/904/556
f 597/905/557 600/906/557 599/907/557
f 598/908/558 600/909/558 601/910/558
f 603/911/559 607/912/559 609/913/559
f 604/914/560 607/915/560 606/916/560
f 605/917/561 607/918/561 608/919/561
f 610/920/562 614/921/562 616/922/562
f 611/923/563 614/924/563 613/925/563
f 612/926/564 614/927/564 615/928/564
f 575/875/565 567/859/565 578/929/565
f 567/930/566 576/878/566 578/880/566
f 568/866/567 566/931/567 562/860/567
f 566/865/568 570/872/568 563/863/568
f 569/869/569 588/886/569 573/932/569
f 573/874/570 584/890/570 570/872/570
f 577/881/571 587/933/571 583/887/571
f 580/934/572 584/890/572 587/892/572
f 603/911/573 581/877/573 606/935/573
f 606/916/574 577/881/574 604/914/574
f 610/920/575 585/936/575 582/884/575
f 616/937/576 583/887/576 585/889/576
f 611/923/577 608/919/577 615/938/577
f 608/939/578 612/926/578 615/928/578
f 589/893/579 609/913/579 592/940/579
f 592/898/580 605/917/580 590/896/580
f 610/920/581 602/904/581 613/941/581
f 602/942/582 611/923/582 613/925/582
f 591/899/583 601/943/583 597/905/583
f 601/910/584 590/896/584 598/908/584
f 561/857/585 595/895/585 564/944/585
f 595/945/586 562/860/586 564/862/586
f 596/902/587 571/871/587 599/946/587
f 571/947/588 597/905/588 599/907/588
f 603/911/589 561/857/589 575/875/589
f 570/872/590 576/878/590 563/863/590
f 597/905/591 562/860/591 591/899/591
f 610/920/592 569/869/592 596/902/592
f 577/881/593 612/926/593 604/914/593
f 611/923/594 590/896/594 605/917/594
f 617/948/595 621/949/595 623/950/595
f 618/951/596 621/952/596 620/953/596
f 619/954/597 621/955/597 622/956/597
f 624/957/598 628/958/598 630/959/598
f 625/960/599 628/961/599 627/962/599
f 626/963/600 628/964/600 629/965/600
f 631/966/601 635/967/601 637/968/601
f 632/969/602 635/970/602 634/971/602
f 633/972/603 635/973/603 636/974/603
f 638/975/604 642/976/604 644/977/604
f 639/978/605 642/979/605 641/980/605
f 640/981/606 642/982/606 643/983/606
f 645/984/607 649/985/607 651/986/607
f 646/987/608 649/988/608 648/989/608
f 647/990/609 649/991/609 650/992/609
f 652/993/610 656/994/610 658/995/610
f 653/996/611 656/997/611 655/998/611
f 654/999/612 656/1000/612 657/1001/612
f 659/1002/613 663/1003/613 665/1004/613
f 660/1005/614 663/1006/614 662/1007/614
f 661/1008/615 663/1009/615 664/1010/615
f 666/1011/616 670/1012/616 672/1013/616
f 667/1014/617 670/1015/617 669/1016/617
f 668/1017/618 670/1018/618 671/1019/618
f 631/966/619 623/950/619 634/1020/619
f 634/971/620 619/954/620 632/969/620
f 618/951/621 630/959/621 622/1021/621
f 622/956/622 626/963/622 619/954/622
f 638/975/623 629/1022/623 625/960/623
f 644/1023/624 626/963/624 629/965/624
f 639/978/625 636/974/625 643/1024/625
f 636/1025/626 640/981/626 643/983/626
f 631/966/627 662/1026/627 659/1002/627
f 637/1027/628 660/1005/628 662/1007/628
f 638/975/629 672/1013/629 641/1028/629
f 672/1029/630 639/978/630 641/980/630
f 667/1014/631 664/1010/631 671/1030/631
f 664/1031/632 668/1017/632 671/1019/632
f 659/1002/633 648/1032/633 645/984/633
f 665/1033/634 646/987/634 648/989/634
f 666/1011/635 658/995/635 669/1034/635
f 658/1035/636 667/1014/636 669/1016/636
f 647/990/637 657/1036/637 653/996/637
f 650/1037/638 654/999/638 657/1001/638
f 617/948/639 651/986/639 620/1038/639
f 651/1039/640 618/951/640 620/953/640
f 625/960/641 655/1040/641 652/993/641
f 627/1041/642 653/996/642 655/998/642
f 631/966/643 645/984/643 617/948/643
f 626/963/644 632/969/644 619/954/644
f 653/996/645 618/951/645 647/990/645
f 638/975/646 652/993/646 666/1011/646
f 639/978/647 660/1005/647 633/972/647
f 667/1014/648 646/987/648 661/1008/648
f 673/1042/649 677/1043/649 679/1044/649
f 674/1045/650 677/1046/650 676/1047/650
f 675/1048/651 677/1046/651 678/1049/651
f 680/1050/652 684/1051/652 686/1052/652
f 681/1053/653 684/1054/653 683/1055/653
f 682/1056/654 684/1057/654 685/1058/654
f 687/1059/655 691/1060/655 693/1061/655
f 688/1062/656 691/1063/656 690/1064/656
f 689/1065/657 691/1063/657 692/1066/657
f 694/1067/658 698/1068/658 700/1069/658
f 695/1070/659 698/1071/659 697/1072/659
f 696/1073/660 698/1074/660 699/1075/660
f 701/1076/661 705/1077/661 707/1078/661
f 702/1079/662 705/1080/662 704/1081/662
f 703/1082/663 705/1083/663 706/1084/663
f 708/1085/664 712/1086/664 714/1087/664
f 709/1088/665 712/1089/665 711/1090/665
f 710/1091/666 712/1089/666 713/1092/666
f 715/1093/667 719/1094/667 721/1095/667
f 716/1096/668 719/1097/668 718/1098/668
f 717/1099/669 719/1100/669 720/1101/669
f 722/1102/670 726/1103/670 728/1104/670
f 723/1105/671 726/1106/671 725/1107/671
f 724/1108/672 726/1106/672 727/1109/672
f 673/1042/673 690/1110/673 687/1059/673
f 690/1111/674 675/1048/674 688/1112/674
f 680/1113/675 678/1049/675 674/1045/675
f 678/1049/676 682/1056/676 675/1048/676
f 681/1053/677 700/1069/677 685/1114/677
f 685/1058/678 696/1073/678 682/1056/678
f 689/1065/679 699/1115/679 695/1070/679
f 692/1066/680 696/1116/680 699/1115/680
f 687/1059/681 718/1117/681 715/1093/681
f 718/1098/682 689/1065/682 716/1096/682
f 694/1067/683 728/1104/683 697/1118/683
f 697/1072/684 724/1119/684 695/1070/684
f 723/1105/685 720/1101/685 727/1109/685
f 727/1109/686 716/1120/686 724/1108/686
f 701/1076/687 721/1095/687 704/1121/687
f 721/1122/688 702/1079/688 704/1081/688
f 708/1085/689 725/1123/689 722/1102/689
f 714/1124/690 723/1105/690 725/1107/690
f 709/1088/691 706/1084/691 713/1092/691
f 706/1084/692 710/1091/692 713/1092/692
f 673/1042/693 707/1078/693 676/1125/693
f 707/1126/694 674/1127/694 676/1128/694
f 708/1085/695 683/1055/695 711/1129/695
f 711/1090/696 680/1050/696 709/1088/696
f 715/1093/697 673/1042/697 687/1059/697
f 675/1048/698 696/1073/698 688/1112/698
f 709/1088/699 674/1127/699 703/1082/699
f 694/1067/700 708/1085/700 722/1102/700
f 695/1070/701 716/1096/701 689/1065/701
f 723/1105/702 702/1079/702 717/1099/702
f 729/1130/703 733/1131/703 735/1132/703
f 730/1133/704 733/1134/704 732/1135/704
f 731/1136/705 733/1137/705 734/1138/705
f 736/1139/706 740/1140/706 742/1141/706
f 737/1142/707 740/1143/707 739/1144/707
f 738/1145/708 740/1146/708 741/1147/708
f 743/1148/709 747/1149/709 749/1150/709
f 744/1151/710 747/1152/710 746/1153/710
f 745/1154/711 747/1155/711 748/1156/711
f 750/1157/712 754/1158/712 756/1159/712
f 751/1160/713 754/1161/713 753/1162/713
f 752/1163/714 754/1164/714 755/1165/714
f 757/1166/715 761/1167/715 763/1168/715
f 758/1169/716 761/1170/716 760/1171/716
f 759/1172/717 761/1173/717 762/1174/717
f 764/1175/718 768/1176/718 770/1177/718
f 765/1178/719 768/1179/719 767/1180/719
f 766/1181/720 768/1182/720 769/1183/720
f 771/1184/721 775/1185/721 777/1186/721
f 772/1187/722 775/1188/722 774/1189/722
f 773/1190/723 775/1191/723 776/1192/723
f 778/1193/724 782/1194/724 784/1195/724
f 779/1196/725 782/1197/725 781/1198/725
f 780/1199/726 782/1200/726 783/1201/726
f 743/1148/727 735/1132/727 746/1202/727
f 746/1153/728 731/1136/728 744/1151/728
f 736/1139/729 734/1203/729 730/1133/729
f 742/1204/730 731/1136/730 734/1138/730
f 750/1157/731 741/1205/731 737/1142/731
f 756/1206/732 738/1145/732 741/1147/732
f 745/1154/733 755/1207/733 751/1160/733
f 755/1165/734 744/1151/734 752/1163/734
f 743/1148/735 774/1208/735 771/1184/735
f 774/1189/736 745/1154/736 772/1187/736
f 778/1193/737 753/1209/737 750/1157/737
f 784/1210/738 751/1160/738 753/1162/738
f 773/1190/739 783/1211/739 779/1196/739
f 783/1201/740 772/1187/740 780/1199/740
f 757/1166/741 777/1186/741 760/1212/741
f 777/1213/742 758/1169/742 760/1171/742
f 778/1193/743 770/1177/743 781/1214/743
f 770/1215/744 779/1196/744 781/1198/744
f 759/1172/745 769/1216/745 765/1178/745
f 769/1183/746 758/1169/746 766/1181/746
f 729/1130/747 763/1168/747 732/1217/747
f 763/1218/748 730/1133/748 732/1135/748
f 737/1142/749 767/1219/749 764/1175/749
f 739/1220/750 765/1178/750 767/1180/750
f 771/1184/751 729/1130/751 743/1148/751
f 731/1136/752 752/1163/752 744/1151/752
f 765/1178/753 730/1133/753 759/1172/753
f 750/1157/754 764/1175/754 778/1193/754
f 751/1160/755 772/1187/755 745/1154/755
f 779/1196/756 758/1169/756 773/1190/756
f 785/1221/757 789/1222/757 791/1223/757
f 786/1224/758 789/1225/758 788/1226/758
f 787/1227/759 789/1225/759 790/1228/759
f 792/1229/760 796/1230/760 798/1231/760
f 793/1232/761 796/1233/761 795/1234/761
f 794/1235/762 796/1230/762 797/1236/762
f 799/1237/763 803/1238/763 805/1239/763
f 800/1240/764 803/1241/764 802/1242/764
f 801/1243/765 803/1241/765 804/1244/765
f 806/1245/766 810/1246/766 812/1247/766
f 807/1248/767 810/1246/767 809/1249/767
f 808/1250/768 810/1251/768 811/1252/768
f 813/1253/769 817/1254/769 819/1255/769
f 814/1256/770 817/1257/770 816/1258/770
f 815/1259/771 817/1254/771 818/1260/771
f 820/1261/772 824/1262/772 826/1263/772
f 821/1264/773 824/1265/773 823/1266/773
f 822/1267/774 824/1265/774 825/1268/774
f 827/1269/775 831/1270/775 833/1271/775
f 828/1272/776 831/1273/776 830/1274/776
f 829/1275/777 831/1273/777 832/1276/777
f 834/1277/778 838/1278/778 840/1279/778
f 835/1280/779 838/1281/779 837/1282/779
f 836/1283/780 838/1281/780 839/1284/780
f 799/1237/781 791/1223/781 802/1285/781
f 791/1286/782 800/1240/782 802/1242/782
f 792/1229/783 790/1228/783 786/1224/783
f 798/1231/784 787/1227/784 790/1228/784
f 793/1232/785 812/1247/785 797/1287/785
f 797/1287/786 808/1288/786 794/1289/786
f 801/1243/787 811/1252/787 807/1290/787
f 804/1244/788 808/1250/788 811/1252/788
f 827/1269/789 805/1239/789 830/1291/789
f 830/1274/790 801/1292/790 828/1272/790
f 834/1277/791 809/1249/791 806/1245/791
f 809/1249/792 836/1293/792 807/1248/792
f 835/1280/793 832/1276/793 839/1284/793
f 832/1276/794 836/1283/794 839/1284/794
f 813/1253/795 833/1271/795 816/1294/795
f 833/1271/796 814/1295/796 816/1294/796
f 834/1277/797 826/1263/797 837/1296/797
f 837/1297/798 822/1267/798 835/1298/798
f 815/1299/799 825/1268/799 821/1264/799
f 818/1300/800 822/1267/800 825/1268/800
f 785/1221/801 819/1255/801 788/1301/801
f 819/1255/802 786/1302/802 788/1301/802
f 793/1232/803 823/1303/803 820/1261/803
f 795/1304/804 821/1305/804 823/1306/804
f 799/1237/805 813/1253/805 785/1221/805
f 794/1307/806 800/1240/806 787/1308/806
f 821/1305/807 786/1224/807 815/1309/807
f 834/1277/808 793/1232/808 820/1261/808
f 807/1310/809 828/1272/809 801/1292/809
f 829/1311/810 822/1267/810 814/1256/810
f 841/1312/811 845/1313/811 847/1314/811
f 842/1315/812 845/1316/812 844/1317/812
f 843/1318/813 845/1319/813 846/1320/813
f 848/1321/814 852/1322/814 854/1323/814
f 849/1324/815 852/1325/815 851/1326/815
f 850/1327/816 852/1328/816 853/1329/816
f 855/1330/817 859/1331/817 861/1332/817
f 856/1333/818 859/1334/818 858/1335/818
f 857/1336/819 859/1337/819 860/1338/819
f 862/1339/820 866/1340/820 868/1341/820
f 863/1342/821 866/1343/821 865/1344/821
f 864/1345/822 866/1346/822 867/1347/822
f 869/1348/823 873/1349/823 875/1350/823
f 870/1351/824 873/1352/824 872/1353/824
f 871/1354/825 873/1355/825 874/1356/825
f 876/1357/826 880/1358/826 882/1359/826
f 877/1360/827 880/1361/827 879/1362/827
f 878/1363/828 880/1364/828 881/1365/828
f 883/1366/829 887/1367/829 889/1368/829
f 884/1369/830 887/1370/830 886/1371/830
f 885/1372/831 887/1373/831 888/1374/831
f 890/1375/832 894/1376/832 896/1377/832
f 891/1378/833 894/1379/833 893/1380/833
f 892/1381/834 894/1382/834 895/1383/834
f 841/1312/835 858/1384/835 855/1330/835
f 858/1335/836 843/1318/836 856/1333/836
f 842/1315/837 854/1323/837 846/1385/837
f 854/1386/838 843/1318/838 846/1320/838
f 849/1324/839 868/1341/839 853/1387/839
f 868/1388/840 850/1327/840 853/1329/840
f 857/1336/841 867/1389/841 863/1342/841
f 867/1347/842 856/1333/842 864/1345/842
f 855/1330/843 886/1390/843 883/1366/843
f 861/1391/844 884/1369/844 886/1371/844
f 862/1339/845 896/1377/845 865/1392/845
f 896/1393/846 863/1342/846 865/1344/846
f 891/1378/847 888/1374/847 895/1394/847
f 888/1395/848 892/1381/848 895/1383/848
f 883/1366/849 872/1396/849 869/1348/849
f 889/1397/850 870/1351/850 872/1353/850
f 890/1375/851 882/1359/851 893/1398/851
f 893/1380/852 878/1363/852 891/1378/852
f 871/1354/853 881/1399/853 877/1360/853
f 881/1365/854 870/1351/854 878/1363/854
f 869/1348/855 844/1400/855 841/1312/855
f 875/1401/856 842/1315/856 844/1317/856
f 876/1357/857 851/1326/857 879/1402/857
f 851/1403/858 877/1360/858 879/1362/858
f 883/1366/859 841/1312/859 855/1330/859
f 843/1318/860 864/1345/860 856/1333/860
f 877/1360/861 842/1315/861 871/1354/861
f 862/1339/862 876/1357/862 890/1375/862
f 857/1336/863 892/1381/863 884/1369/863
f 885/1372/864 878/1363/864 870/1351/864
f 897/1404/865 901/1405/865 903/1406/865
f 898/1407/866 901/1408/866 900/1409/866
f 899/1410/867 901/1411/867 902/1412/867
f 904/1413/868 908/1414/868 910/1415/868
f 905/1416/869 908/1417/869 907/1418/869
f 906/1419/870 908/1420/870 909/1421/870
f 911/1422/871 915/1423/871 917/1424/871
f 912/1425/872 915/1426/872 914/1427/872
f 913/1428/873 915/1429/873 916/1430/873
f 918/1431/874 922/1432/874 924/1433/874
f 919/1434/875 922/1435/875 921/1436/875
f 920/1437/876 922/1438/876 923/1439/876
f 925/1440/877 929/1441/877 931/1442/877
f 926/1443/878 929/1444/878 928/1445/878
f 927/1446/879 929/1447/879 930/1448/879
f 932/1449/880 936/1450/880 938/1451/880
f 933/1452/881 936/1453/881 935/1454/881
f 934/1455/882 936/1456/882 937/1457/882
f 939/1458/883 943/1459/883 945/1460/883
f 940/1461/884 943/1462/884 942/1463/884
f 941/1464/885 943/1465/885 944/1466/885
f 946/1467/886 950/1468/886 952/1469/886
f 947/1470/887 950/1471/887 949/1472/887
f 948/1473/888 950/1474/888 951/1475/888
f 897/1404/889 914/1476/889 911/1422/889
f 903/1477/890 912/1425/890 914/1427/890
f 898/1407/891 910/1415/891 902/1478/891
f 910/1479/892 899/1410/892 902/1412/892
f 918/1431/893 909/1480/893 905/1416/893
f 924/1481/894 906/1419/894 909/1421/894
f 913/1428/895 923/1482/895 919/1434/895
f 916/1483/896 920/1437/896 923/1439/896
f 911/1422/897 942/1484/897 939/1458/897
f 942/1463/898 913/1428/898 940/1461/898
f 918/1431/899 952/1469/899 921/1485/899
f 952/1486/900 919/1434/900 921/1436/900
f 947/1470/901 944/1466/901 951/1487/901
f 944/1488/902 948/1473/902 951/1475/902
f 939/1458/903 928/1489/903 925/1440/903
f 945/1490/904 926/1443/904 928/1445/904
f 932/1449/905 949/1491/905 946/1467/905
f 938/1492/906 947/1470/906 949/1472/906
f 933/1452/907 930/1448/907 937/1493/907
f 937/1457/908 926/1443/908 934/1455/908
f 925/1440/909 900/1494/909 897/1404/909
f 900/1409/910 927/1446/910 898/1407/910
f 932/1449/911 907/1418/911 935/1495/911
f 907/1496/912 933/1452/912 935/1454/912
f 911/1422/913 925/1440/913 897/1404/913
f 906/1419/914 912/1425/914 899/1410/914
f 927/1446/915 904/1413/915 898/1407/915
f 918/1431/916 932/1449/916 946/1467/916
f 919/1434/917 940/1461/917 913/1428/917
f 947/1470/918 926/1443/918 941/1464/918
f 281/411/1494 284/495/1494 285/412/1494
f 282/414/1495 286/479/1495 285/415/1495
f 283/417/1496 287/478/1496 285/418/1496
f 288/420/1497 291/2220/1497 292/421/1497
f 289/423/1498 293/481/1498 292/424/1498
f 290/426/1499 294/422/1499 292/421/1499
f 295/428/1500 298/477/1500 299/429/1500
f 296/431/1501 300/435/1501 299/432/1501
f 297/434/1502 301/2221/1502 299/432/1502
f 302/436/1503 305/440/1503 306/437/1503
f 303/439/1504 307/2222/1504 306/437/1504
f 304/441/1505 308/2223/1505 306/442/1505
f 309/444/1506 312/490/1506 313/445/1506
f 310/447/1507 314/494/1507 313/448/1507
f 311/450/1508 315/446/1508 313/445/1508
f 316/452/1509 319/497/1509 320/453/1509
f 317/455/1510 321/459/1510 320/456/1510
f 318/458/1511 322/493/1511 320/456/1511
f 323/460/1512 326/485/1512 327/461/1512
f 324/463/1513 328/467/1513 327/464/1513
f 325/466/1514 329/2224/1514 327/464/1514
f 330/468/1515 333/492/1515 334/469/1515
f 331/471/1516 335/2225/1516 334/472/1516
f 332/474/1517 336/2226/1517 334/475/1517
f 281/411/1518 287/413/1518 298/477/1518
f 287/478/296 283/417/296 296/431/296
f 288/420/297 294/422/297 286/479/297
f 294/422/298 290/426/298 283/480/298
f 289/423/299 302/436/299 308/438/299
f 293/482/1519 308/2223/1519 304/441/1519
f 297/434/301 300/435/301 307/443/301
f 307/443/302 300/435/302 296/431/302
f 323/460/1520 295/428/1520 301/430/1520
f 326/465/1521 301/2227/1521 297/486/1521
f 330/468/305 336/470/305 305/440/305
f 305/487/1522 336/2226/1522 332/474/1522
f 325/466/307 328/467/307 335/476/307
f 335/476/1523 328/467/1523 324/463/1523
f 323/460/1524 329/462/1524 312/490/1524
f 312/449/310 329/2228/310 325/491/310
f 330/468/1525 316/452/1525 322/454/1525
f 322/493/1526 318/458/1526 331/471/1526
f 317/455/313 311/2229/313 314/494/313
f 321/459/314 314/494/314 310/447/314
f 309/444/1527 315/446/1527 284/495/1527
f 284/416/1528 315/2230/1528 311/496/1528
f 316/452/1529 289/423/1529 291/425/1529
f 319/498/318 291/2220/318 288/420/318
f 323/460/319 309/444/319 281/411/319
f 290/483/320 304/441/320 296/431/320
f 317/499/321 288/420/321 282/414/321
f 302/436/322 289/423/322 316/452/322
f 297/486/323 303/488/323 332/474/323
f 331/471/324 318/458/324 310/447/324
f 337/500/1530 340/588/1530 341/501/1530
f 338/503/1531 342/573/1531 341/504/1531
f 339/506/1532 343/2231/1532 341/507/1532
f 344/509/1533 347/590/1533 348/510/1533
f 345/512/1534 349/574/1534 348/513/1534
f 346/515/1535 350/2232/1535 348/516/1535
f 351/518/1536 354/572/1536 355/519/1536
f 352/521/1537 356/576/1537 355/522/1537
f 353/524/1538 357/2233/1538 355/525/1538
f 358/527/1539 361/578/1539 362/528/1539
f 359/530/1540 363/575/1540 362/531/1540
f 360/533/1541 364/2234/1541 362/534/1541
f 365/536/1542 368/582/1542 369/537/1542
f 366/539/1543 370/587/1543 369/540/1543
f 367/542/1544 371/2235/1544 369/543/1544
f 372/545/1545 375/589/1545 376/546/1545
f 373/548/1546 377/586/1546 376/549/1546
f 374/551/1547 378/585/1547 376/552/1547
f 379/554/1548 382/577/1548 383/555/1548
f 380/557/1549 384/581/1549 383/558/1549
f 381/560/1550 385/583/1550 383/561/1550
f 386/563/1551 389/584/1551 390/564/1551
f 387/566/1552 391/580/1552 390/567/1552
f 388/569/1553 392/579/1553 390/570/1553
f 351/518/1554 337/500/1554 343/502/1554
f 354/523/1555 343/2231/1555 339/506/1555
f 344/509/1556 350/511/1556 342/573/1556
f 342/508/352 350/2232/352 346/515/352
f 358/527/1557 364/529/1557 349/574/1557
f 349/517/1558 364/2234/1558 360/533/1558
f 359/530/355 353/524/355 356/526/355
f 356/576/1559 352/521/1559 360/533/1559
f 351/518/1560 357/520/1560 382/577/1560
f 382/559/1561 357/2233/1561 353/524/1561
f 358/527/1562 386/563/1562 392/565/1562
f 392/579/360 388/569/360 359/530/360
f 387/566/1563 381/560/1563 384/562/1563
f 384/581/1564 380/557/1564 388/569/1564
f 365/536/1565 379/554/1565 385/556/1565
f 385/583/1566 381/560/1566 366/539/1566
f 386/563/365 372/545/365 378/547/365
f 378/585/1567 374/551/1567 387/566/1567
f 373/548/1568 367/542/1568 370/544/1568
f 370/587/368 366/539/368 374/551/368
f 337/500/1569 365/536/1569 371/538/1569
f 340/505/1570 371/2235/1570 367/542/1570
f 345/512/1571 347/514/1571 375/589/1571
f 347/590/1572 344/509/1572 373/548/1572
f 379/554/373 365/536/373 337/500/373
f 339/506/374 346/515/374 360/533/374
f 373/548/375 344/509/375 338/503/375
f 358/527/376 345/512/376 372/545/376
f 359/530/377 388/569/377 380/557/377
f 387/566/378 374/551/378 366/539/378
f 393/591/1573 396/679/1573 397/592/1573
f 394/594/1574 398/664/1574 397/595/1574
f 395/597/1575 399/2236/1575 397/598/1575
f 400/600/1576 403/681/1576 404/601/1576
f 401/603/1577 405/666/1577 404/604/1577
f 402/606/1578 406/665/1578 404/607/1578
f 407/609/1579 410/663/1579 411/610/1579
f 408/612/1580 412/669/1580 411/613/1580
f 409/615/1581 413/671/1581 411/616/1581
f 414/618/1582 417/672/1582 418/619/1582
f 415/621/1583 419/668/1583 418/622/1583
f 416/624/1584 420/667/1584 418/625/1584
f 421/627/1585 424/674/1585 425/628/1585
f 422/630/1586 426/678/1586 425/631/1586
f 423/633/1587 427/2237/1587 425/634/1587
f 428/636/1588 431/680/1588 432/637/1588
f 429/639/1589 433/677/1589 432/640/1589
f 430/642/1590 434/676/1590 432/643/1590
f 435/645/1591 438/670/1591 439/646/1591
f 436/648/1592 440/2238/1592 439/649/1592
f 437/651/1593 441/2239/1593 439/652/1593
f 442/654/1594 445/675/1594 446/655/1594
f 443/657/1595 447/673/1595 446/658/1595
f 444/660/1596 448/2240/1596 446/661/1596
f 393/591/1597 399/593/1597 410/663/1597
f 410/614/1598 399/2236/1598 395/597/1598
f 394/594/405 400/600/405 406/602/405
f 406/665/406 402/606/406 395/597/406
f 401/603/407 414/618/407 420/620/407
f 420/667/1599 416/624/1599 402/606/1599
f 409/615/1600 412/617/1600 419/668/1600
f 412/669/1601 408/612/1601 416/624/1601
f 435/645/1602 407/609/1602 413/611/1602
f 413/671/1603 409/615/1603 436/648/1603
f 442/654/1604 448/656/1604 417/672/1604
f 417/623/1605 448/2240/1605 444/660/1605
f 437/651/1606 440/653/1606 447/673/1606
f 447/662/416 440/2238/416 436/648/416
f 435/645/1607 441/647/1607 424/674/1607
f 424/632/1608 441/2239/1608 437/651/1608
f 442/654/1609 428/636/1609 434/638/1609
f 434/676/1610 430/642/1610 443/657/1610
f 423/633/1611 426/635/1611 433/677/1611
f 426/678/422 422/630/422 430/642/422
f 421/627/423 427/629/423 396/679/423
f 396/596/1612 427/2237/1612 423/633/1612
f 428/636/425 401/603/425 403/605/425
f 403/681/1613 400/600/1613 429/639/1613
f 435/645/427 421/627/427 393/591/427
f 402/606/1614 416/624/1614 408/612/1614
f 429/639/429 400/600/429 394/594/429
f 414/618/430 401/603/430 428/636/430
f 415/621/431 444/660/431 436/648/431
f 443/657/432 430/642/432 422/630/432
f 449/682/1615 452/761/1615 453/683/1615
f 450/685/1616 454/689/1616 453/686/1616
f 451/688/1617 455/2241/1617 453/686/1617
f 456/690/1618 459/764/1618 460/691/1618
f 457/693/1619 461/748/1619 460/694/1619
f 458/696/1620 462/692/1620 460/691/1620
f 463/698/1621 466/746/1621 467/699/1621
f 464/701/1622 468/705/1622 467/702/1622
f 465/704/1623 469/2242/1623 467/702/1623
f 470/706/1624 473/753/1624 474/707/1624
f 471/709/1625 475/713/1625 474/710/1625
f 472/712/1626 476/2243/1626 474/710/1626
f 477/714/1627 480/756/1627 481/715/1627
f 478/717/1628 482/721/1628 481/718/1628
f 479/720/1629 483/2244/1629 481/718/1629
f 484/722/1630 487/763/1630 488/723/1630
f 485/725/1631 489/729/1631 488/726/1631
f 486/728/1632 490/2245/1632 488/726/1632
f 491/730/1633 494/751/1633 495/731/1633
f 492/733/1634 496/737/1634 495/734/1634
f 493/736/1635 497/2246/1635 495/734/1635
f 498/738/1636 501/758/1636 502/739/1636
f 499/741/1637 503/745/1637 502/742/1637
f 500/744/1638 504/2247/1638 502/742/1638
f 463/698/1639 449/682/1639 455/684/1639
f 466/703/1640 455/2248/1640 451/747/1640
f 456/690/459 462/692/459 454/689/459
f 462/692/460 458/696/460 451/688/460
f 457/693/1641 470/706/1641 476/708/1641
f 461/749/1642 476/2243/1642 472/712/1642
f 465/704/463 468/705/463 475/713/463
f 468/705/464 464/701/464 472/712/464
f 463/698/1643 469/700/1643 494/751/1643
f 469/752/1644 465/767/1644 492/733/1644
f 498/738/1645 504/740/1645 473/753/1645
f 473/754/1646 504/2247/1646 500/744/1646
f 493/736/469 496/737/469 503/745/469
f 503/745/470 496/737/470 492/733/470
f 491/730/1647 497/732/1647 480/756/1647
f 480/719/1648 497/2249/1648 493/757/1648
f 484/722/473 490/724/473 501/758/473
f 501/759/1649 490/2245/1649 486/728/1649
f 485/725/475 479/720/475 482/721/475
f 482/721/1650 478/717/1650 486/728/1650
f 477/714/1651 483/716/1651 452/761/1651
f 452/687/1652 483/2250/1652 479/762/1652
f 484/722/1653 457/693/1653 459/695/1653
f 459/764/1654 456/690/1654 485/765/1654
f 491/730/481 477/714/481 449/682/481
f 451/747/482 458/750/482 472/712/482
f 485/765/483 456/690/483 450/685/483
f 470/706/484 457/693/484 484/722/484
f 471/755/485 500/744/485 492/733/485
f 499/760/486 486/728/486 478/717/486
f 505/768/1655 508/847/1655 509/769/1655
f 506/771/1656 510/775/1656 509/772/1656
f 507/774/1657 511/2251/1657 509/772/1657
f 512/776/1658 515/2252/1658 516/777/1658
f 513/779/1659 517/834/1659 516/780/1659
f 514/782/1660 518/778/1660 516/777/1660
f 519/784/1661 522/832/1661 523/785/1661
f 520/787/1662 524/791/1662 523/788/1662
f 521/790/1663 525/2253/1663 523/788/1663
f 526/792/1664 529/796/1664 530/793/1664
f 527/795/1665 531/2254/1665 530/793/1665
f 528/797/1666 532/2255/1666 530/798/1666
f 533/800/1667 536/839/1667 537/801/1667
f 534/803/1668 538/846/1668 537/804/1668
f 535/806/1669 539/802/1669 537/801/1669
f 540/808/1670 543/849/1670 544/809/1670
f 541/811/1671 545/815/1671 544/812/1671
f 542/814/1672 546/843/1672 544/812/1672
f 547/816/1673 550/837/1673 551/817/1673
f 548/819/1674 552/823/1674 551/820/1674
f 549/822/1675 553/2256/1675 551/820/1675
f 554/824/1676 557/842/1676 558/825/1676
f 555/827/1677 559/831/1677 558/828/1677
f 556/830/1678 560/2257/1678 558/828/1678
f 505/768/1679 511/770/1679 522/832/1679
f 522/789/1680 511/2258/1680 507/833/1680
f 506/771/513 512/776/513 518/778/513
f 518/778/1681 514/782/1681 507/774/1681
f 513/779/1682 526/792/1682 532/794/1682
f 532/794/516 528/2259/516 514/835/516
f 521/790/1683 524/791/1683 531/799/1683
f 524/791/1684 520/787/1684 528/797/1684
f 547/816/519 519/784/519 525/786/519
f 525/838/1685 521/855/1685 548/819/1685
f 526/792/1686 554/824/1686 560/826/1686
f 560/826/1687 556/2260/1687 527/795/1687
f 555/827/523 549/822/523 552/823/523
f 552/823/524 548/819/524 556/830/524
f 547/816/1688 553/818/1688 536/839/1688
f 536/839/1689 553/818/1689 549/840/1689
f 554/824/1690 540/808/1690 546/810/1690
f 546/843/1691 542/814/1691 555/844/1691
f 541/811/529 535/2261/529 538/846/529
f 538/846/1692 534/803/1692 542/814/1692
f 533/800/1693 539/802/1693 508/847/1693
f 539/802/1694 535/806/1694 506/848/1694
f 513/779/1695 515/781/1695 543/849/1695
f 543/850/1696 515/2252/1696 512/776/1696
f 519/784/535 547/816/535 533/800/535
f 514/852/536 528/797/536 520/787/536
f 535/853/537 541/851/537 512/776/537
f 526/792/538 513/779/538 540/808/538
f 527/854/539 556/830/539 548/819/539
f 549/856/540 555/844/540 542/814/540
f 561/857/1697 564/944/1697 565/858/1697
f 562/860/1698 566/931/1698 565/861/1698
f 563/863/1699 567/930/1699 565/864/1699
f 568/866/1700 571/947/1700 572/867/1700
f 569/869/1701 573/932/1701 572/870/1701
f 570/872/1702 574/2262/1702 572/873/1702
f 575/875/1703 578/929/1703 579/876/1703
f 576/878/1704 580/934/1704 579/879/1704
f 577/881/1705 581/2263/1705 579/882/1705
f 582/884/1706 585/936/1706 586/885/1706
f 583/887/1707 587/933/1707 586/888/1707
f 584/890/1708 588/2264/1708 586/891/1708
f 589/893/1709 592/940/1709 593/894/1709
f 590/896/1710 594/2265/1710 593/897/1710
f 591/899/1711 595/945/1711 593/900/1711
f 596/902/1712 599/946/1712 600/903/1712
f 597/905/1713 601/943/1713 600/906/1713
f 598/908/1714 602/942/1714 600/909/1714
f 603/911/1715 606/935/1715 607/912/1715
f 604/914/1716 608/939/1716 607/915/1716
f 605/917/1717 609/2266/1717 607/918/1717
f 610/920/1718 613/941/1718 614/921/1718
f 611/923/1719 615/938/1719 614/924/1719
f 612/926/1720 616/937/1720 614/927/1720
f 575/875/1721 561/857/1721 567/859/1721
f 567/930/566 563/863/566 576/878/566
f 568/866/567 574/868/567 566/931/567
f 566/865/1722 574/2262/1722 570/872/1722
f 569/869/1723 582/884/1723 588/886/1723
f 573/874/1724 588/2264/1724 584/890/1724
f 577/881/1725 580/883/1725 587/933/1725
f 580/934/1726 576/878/1726 584/890/1726
f 603/911/1727 575/875/1727 581/877/1727
f 606/916/1728 581/2263/1728 577/881/1728
f 610/920/1729 616/922/1729 585/936/1729
f 616/937/1730 612/926/1730 583/887/1730
f 611/923/577 605/917/577 608/919/577
f 608/939/1731 604/914/1731 612/926/1731
f 589/893/1732 603/911/1732 609/913/1732
f 592/898/1733 609/2266/1733 605/917/1733
f 610/920/1734 596/902/1734 602/904/1734
f 602/942/582 598/908/582 611/923/582
f 591/899/1735 594/901/1735 601/943/1735
f 601/910/584 594/2265/584 590/896/584
f 561/857/1736 589/893/1736 595/895/1736
f 595/945/1737 591/899/1737 562/860/1737
f 596/902/587 569/869/587 571/871/587
f 571/947/1738 568/866/1738 597/905/1738
f 603/911/589 589/893/589 561/857/589
f 570/872/590 584/890/590 576/878/590
f 597/905/591 568/866/591 562/860/591
f 610/920/592 582/884/592 569/869/592
f 577/881/593 583/887/593 612/926/593
f 611/923/594 598/908/594 590/896/594
f 617/948/1739 620/1038/1739 621/949/1739
f 618/951/1740 622/1021/1740 621/952/1740
f 619/954/1741 623/2267/1741 621/955/1741
f 624/957/1742 627/1041/1742 628/958/1742
f 625/960/1743 629/1022/1743 628/961/1743
f 626/963/1744 630/2268/1744 628/964/1744
f 631/966/1745 634/1020/1745 635/967/1745
f 632/969/1746 636/1025/1746 635/970/1746
f 633/972/1747 637/1027/1747 635/973/1747
f 638/975/1748 641/1028/1748 642/976/1748
f 639/978/1749 643/1024/1749 642/979/1749
f 640/981/1750 644/1023/1750 642/982/1750
f 645/984/1751 648/1032/1751 649/985/1751
f 646/987/1752 650/1037/1752 649/988/1752
f 647/990/1753 651/1039/1753 649/991/1753
f 652/993/1754 655/1040/1754 656/994/1754
f 653/996/1755 657/1036/1755 656/997/1755
f 654/999/1756 658/1035/1756 656/1000/1756
f 659/1002/1757 662/1026/1757 663/1003/1757
f 660/1005/1758 664/1031/1758 663/1006/1758
f 661/1008/1759 665/1033/1759 663/1009/1759
f 666/1011/1760 669/1034/1760 670/1012/1760
f 667/1014/1761 671/1030/1761 670/1015/1761
f 668/1017/1762 672/1029/1762 670/1018/1762
f 631/966/1763 617/948/1763 623/950/1763
f 634/971/620 623/2267/620 619/954/620
f 618/951/1764 624/957/1764 630/959/1764
f 622/956/1765 630/2268/1765 626/963/1765
f 638/975/1766 644/977/1766 629/1022/1766
f 644/1023/1767 640/981/1767 626/963/1767
f 639/978/1768 633/972/1768 636/974/1768
f 636/1025/1769 632/969/1769 640/981/1769
f 631/966/627 637/968/627 662/1026/627
f 637/1027/628 633/972/628 660/1005/628
f 638/975/1770 666/1011/1770 672/1013/1770
f 672/1029/630 668/1017/630 639/978/630
f 667/1014/631 661/1008/631 664/1010/631
f 664/1031/1771 660/1005/1771 668/1017/1771
f 659/1002/633 665/1004/633 648/1032/633
f 665/1033/1772 661/1008/1772 646/987/1772
f 666/1011/635 652/993/635 658/995/635
f 658/1035/1773 654/999/1773 667/1014/1773
f 647/990/637 650/992/637 657/1036/637
f 650/1037/1774 646/987/1774 654/999/1774
f 617/948/639 645/984/639 651/986/639
f 651/1039/1775 647/990/1775 618/951/1775
f 625/960/1776 627/962/1776 655/1040/1776
f 627/1041/642 624/957/642 653/996/642
f 631/966/643 659/1002/643 645/984/643
f 626/963/644 640/981/644 632/969/644
f 653/996/645 624/957/645 618/951/645
f 638/975/646 625/960/646 652/993/646
f 639/978/647 668/1017/647 660/1005/647
f 667/1014/648 654/999/648 646/987/648
f 673/1042/1777 676/1125/1777 677/1043/1777
f 674/1045/1778 678/1049/1778 677/1046/1778
f 675/1048/1779 679/2269/1779 677/1046/1779
f 680/1050/1780 683/2270/1780 684/1051/1780
f 681/1053/1781 685/1114/1781 684/1054/1781
f 682/1056/1782 686/2271/1782 684/1057/1782
f 687/1059/1783 690/1110/1783 691/1060/1783
f 688/1062/1784 692/1066/1784 691/1063/1784
f 689/1065/1785 693/2272/1785 691/1063/1785
f 694/1067/1786 697/1118/1786 698/1068/1786
f 695/1070/1787 699/1115/1787 698/1071/1787
f 696/1073/1788 700/2273/1788 698/1074/1788
f 701/1076/1789 704/1121/1789 705/1077/1789
f 702/1079/1790 706/2274/1790 705/1080/1790
f 703/1082/1791 707/1126/1791 705/1083/1791
f 708/1085/1792 711/1129/1792 712/1086/1792
f 709/1088/1793 713/1092/1793 712/1089/1793
f 710/1091/1794 714/2275/1794 712/1089/1794
f 715/1093/1795 718/1117/1795 719/1094/1795
f 716/1096/1796 720/2276/1796 719/1097/1796
f 717/1099/1797 721/1122/1797 719/1100/1797
f 722/1102/1798 725/1123/1798 726/1103/1798
f 723/1105/1799 727/1109/1799 726/1106/1799
f 724/1108/1800 728/2277/1800 726/1106/1800
f 673/1042/673 679/1044/673 690/1110/673
f 690/1111/1801 679/2269/1801 675/1048/1801
f 680/1113/1802 686/2271/1802 678/1049/1802
f 678/1049/676 686/2271/676 682/1056/676
f 681/1053/677 694/1067/677 700/1069/677
f 685/1058/678 700/2273/678 696/1073/678
f 689/1065/679 692/1066/679 699/1115/679
f 692/1066/680 688/1062/680 696/1116/680
f 687/1059/1803 693/1061/1803 718/1117/1803
f 718/1098/1804 693/2272/1804 689/1065/1804
f 694/1067/1805 722/1102/1805 728/1104/1805
f 697/1072/1806 728/2278/1806 724/1119/1806
f 723/1105/685 717/1099/685 720/1101/685
f 727/1109/686 720/1101/686 716/1120/686
f 701/1076/687 715/1093/687 721/1095/687
f 721/1122/1807 717/1099/1807 702/1079/1807
f 708/1085/1808 714/1087/1808 725/1123/1808
f 714/1124/1809 710/2279/1809 723/1105/1809
f 709/1088/691 703/1082/691 706/1084/691
f 706/1084/692 702/2280/692 710/1091/692
f 673/1042/693 701/1076/693 707/1078/693
f 707/1126/1810 703/1082/1810 674/1127/1810
f 708/1085/1811 681/1053/1811 683/1055/1811
f 711/1090/696 683/2270/696 680/1050/696
f 715/1093/697 701/1076/697 673/1042/697
f 675/1048/698 682/1056/698 696/1073/698
f 709/1088/699 680/1050/699 674/1127/699
f 694/1067/700 681/1053/700 708/1085/700
f 695/1070/701 724/1119/701 716/1096/701
f 723/1105/1812 710/2279/1812 702/1079/1812
f 729/1130/1813 732/1217/1813 733/1131/1813
f 730/1133/1814 734/1203/1814 733/1134/1814
f 731/1136/1815 735/2281/1815 733/1137/1815
f 736/1139/1816 739/1220/1816 740/1140/1816
f 737/1142/1817 741/1205/1817 740/1143/1817
f 738/1145/1818 742/1204/1818 740/1146/1818
f 743/1148/1819 746/1202/1819 747/1149/1819
f 744/1151/1820 748/2282/1820 747/1152/1820
f 745/1154/1821 749/2283/1821 747/1155/1821
f 750/1157/1822 753/1209/1822 754/1158/1822
f 751/1160/1823 755/1207/1823 754/1161/1823
f 752/1163/1824 756/1206/1824 754/1164/1824
f 757/1166/1825 760/1212/1825 761/1167/1825
f 758/1169/1826 762/2284/1826 761/1170/1826
f 759/1172/1827 763/1218/1827 761/1173/1827
f 764/1175/1828 767/1219/1828 768/1176/1828
f 765/1178/1829 769/1216/1829 768/1179/1829
f 766/1181/1830 770/1215/1830 768/1182/1830
f 771/1184/1831 774/1208/1831 775/1185/1831
f 772/1187/1832 776/2285/1832 775/1188/1832
f 773/1190/1833 777/1213/1833 775/1191/1833
f 778/1193/1834 781/1214/1834 782/1194/1834
f 779/1196/1835 783/1211/1835 782/1197/1835
f 780/1199/1836 784/1210/1836 782/1200/1836
f 743/1148/1837 729/1130/1837 735/1132/1837
f 746/1153/1838 735/2281/1838 731/1136/1838
f 736/1139/729 742/1141/729 734/1203/729
f 742/1204/730 738/1145/730 731/1136/730
f 750/1157/731 756/1159/731 741/1205/731
f 756/1206/1839 752/1163/1839 738/1145/1839
f 745/1154/733 748/1156/733 755/1207/733
f 755/1165/1840 748/2282/1840 744/1151/1840
f 743/1148/1841 749/1150/1841 774/1208/1841
f 774/1189/1842 749/2283/1842 745/1154/1842
f 778/1193/1843 784/1195/1843 753/1209/1843
f 784/1210/738 780/1199/738 751/1160/738
f 773/1190/1844 776/1192/1844 783/1211/1844
f 783/1201/740 776/2285/740 772/1187/740
f 757/1166/1845 771/1184/1845 777/1186/1845
f 777/1213/1846 773/1190/1846 758/1169/1846
f 778/1193/743 764/1175/743 770/1177/743
f 770/1215/1847 766/1181/1847 779/1196/1847
f 759/1172/745 762/1174/745 769/1216/745
f 769/1183/746 762/2284/746 758/1169/746
f 729/1130/1848 757/1166/1848 763/1168/1848
f 763/1218/1849 759/1172/1849 730/1133/1849
f 737/1142/749 739/1144/749 767/1219/749
f 739/1220/1850 736/1139/1850 765/1178/1850
f 771/1184/751 757/1166/751 729/1130/751
f 731/1136/752 738/1145/752 752/1163/752
f 765/1178/753 736/1139/753 730/1133/753
f 750/1157/754 737/1142/754 764/1175/754
f 751/1160/755 780/1199/755 772/1187/755
f 779/1196/756 766/1181/756 758/1169/756
f 785/1221/1851 788/1301/1851 789/1222/1851
f 786/1224/1852 790/1228/1852 789/1225/1852
f 787/1227/1853 791/2286/1853 789/1225/1853
f 792/1229/1854 795/1304/1854 796/1230/1854
f 793/1232/1855 797/1287/1855 796/1233/1855
f 794/1235/1856 798/1231/1856 796/1230/1856
f 799/1237/1857 802/1285/1857 803/1238/1857
f 800/1240/1858 804/1244/1858 803/1241/1858
f 801/1243/1859 805/2287/1859 803/1241/1859
f 806/1245/1860 809/1249/1860 810/1246/1860
f 807/1248/1861 811/2288/1861 810/1246/1861
f 808/1250/1862 812/2289/1862 810/1251/1862
f 813/1253/1863 816/1294/1863 817/1254/1863
f 814/1256/1864 818/1300/1864 817/1257/1864
f 815/1259/1865 819/1255/1865 817/1254/1865
f 820/1261/1866 823/1303/1866 824/1262/1866
f 821/1264/1867 825/1268/1867 824/1265/1867
f 822/1267/1868 826/2290/1868 824/1265/1868
f 827/1269/1869 830/1291/1869 831/1270/1869
f 828/1272/1870 832/1276/1870 831/1273/1870
f 829/1275/1871 833/2291/1871 831/1273/1871
f 834/1277/1872 837/1296/1872 838/1278/1872
f 835/1280/1873 839/1284/1873 838/1281/1873
f 836/1283/1874 840/2292/1874 838/1281/1874
f 799/1237/1875 785/1221/1875 791/1223/1875
f 791/1286/1876 787/1308/1876 800/1240/1876
f 792/1229/783 798/1231/783 790/1228/783
f 798/1231/1877 794/1235/1877 787/1227/1877
f 793/1232/1878 806/1245/1878 812/1247/1878
f 797/1287/1879 812/1247/1879 808/1288/1879
f 801/1243/787 804/1244/787 811/1252/787
f 804/1244/788 800/1240/788 808/1250/788
f 827/1269/1880 799/1237/1880 805/1239/1880
f 830/1274/1881 805/2293/1881 801/1292/1881
f 834/1277/1882 840/1279/1882 809/1249/1882
f 809/1249/1883 840/1279/1883 836/1293/1883
f 835/1280/793 829/1275/793 832/1276/793
f 832/1276/1884 828/1272/1884 836/1283/1884
f 813/1253/1885 827/1269/1885 833/1271/1885
f 833/1271/1886 829/2294/1886 814/1295/1886
f 834/1277/1887 820/1261/1887 826/1263/1887
f 837/1297/798 826/2290/798 822/1267/798
f 815/1299/1888 818/1300/1888 825/1268/1888
f 818/1300/800 814/1256/800 822/1267/800
f 785/1221/801 813/1253/801 819/1255/801
f 819/1255/802 815/1259/802 786/1302/802
f 793/1232/803 795/1234/803 823/1303/803
f 795/1304/1889 792/1229/1889 821/1305/1889
f 799/1237/805 827/1269/805 813/1253/805
f 794/1307/806 808/1250/806 800/1240/806
f 821/1305/807 792/1229/807 786/1224/807
f 834/1277/808 806/1245/808 793/1232/808
f 807/1310/809 836/1283/809 828/1272/809
f 829/1311/810 835/1298/810 822/1267/810
f 841/1312/1890 844/1400/1890 845/1313/1890
f 842/1315/1891 846/1385/1891 845/1316/1891
f 843/1318/1892 847/2295/1892 845/1319/1892
f 848/1321/1893 851/1403/1893 852/1322/1893
f 849/1324/1894 853/1387/1894 852/1325/1894
f 850/1327/1895 854/1386/1895 852/1328/1895
f 855/1330/1896 858/1384/1896 859/1331/1896
f 856/1333/1897 860/2296/1897 859/1334/1897
f 857/1336/1898 861/1391/1898 859/1337/1898
f 862/1339/1899 865/1392/1899 866/1340/1899
f 863/1342/1900 867/1389/1900 866/1343/1900
f 864/1345/1901 868/1388/1901 866/1346/1901
f 869/1348/1902 872/1396/1902 873/1349/1902
f 870/1351/1903 874/2297/1903 873/1352/1903
f 871/1354/1904 875/1401/1904 873/1355/1904
f 876/1357/1905 879/1402/1905 880/1358/1905
f 877/1360/1906 881/1399/1906 880/1361/1906
f 878/1363/1907 882/2298/1907 880/1364/1907
f 883/1366/1908 886/1390/1908 887/1367/1908
f 884/1369/1909 888/1395/1909 887/1370/1909
f 885/1372/1910 889/1397/1910 887/1373/1910
f 890/1375/1911 893/1398/1911 894/1376/1911
f 891/1378/1912 895/1394/1912 894/1379/1912
f 892/1381/1913 896/1393/1913 894/1382/1913
f 841/1312/1914 847/1314/1914 858/1384/1914
f 858/1335/1915 847/2295/1915 843/1318/1915
f 842/1315/1916 848/1321/1916 854/1323/1916
f 854/1386/838 850/1327/838 843/1318/838
f 849/1324/1917 862/1339/1917 868/1341/1917
f 868/1388/1918 864/1345/1918 850/1327/1918
f 857/1336/841 860/1338/841 867/1389/841
f 867/1347/1919 860/2296/1919 856/1333/1919
f 855/1330/1920 861/1332/1920 886/1390/1920
f 861/1391/1921 857/1336/1921 884/1369/1921
f 862/1339/1922 890/1375/1922 896/1377/1922
f 896/1393/846 892/1381/846 863/1342/846
f 891/1378/1923 885/1372/1923 888/1374/1923
f 888/1395/848 884/1369/848 892/1381/848
f 883/1366/1924 889/1368/1924 872/1396/1924
f 889/1397/1925 885/1372/1925 870/1351/1925
f 890/1375/1926 876/1357/1926 882/1359/1926
f 893/1380/852 882/2298/852 878/1363/852
f 871/1354/853 874/1356/853 881/1399/853
f 881/1365/1927 874/2297/1927 870/1351/1927
f 869/1348/855 875/1350/855 844/1400/855
f 875/1401/1928 871/1354/1928 842/1315/1928
f 876/1357/1929 849/1324/1929 851/1326/1929
f 851/1403/1930 848/1321/1930 877/1360/1930
f 883/1366/859 869/1348/859 841/1312/859
f 843/1318/860 850/1327/860 864/1345/860
f 877/1360/861 848/1321/861 842/1315/861
f 862/1339/862 849/1324/862 876/1357/862
f 857/1336/863 863/1342/863 892/1381/863
f 885/1372/864 891/1378/864 878/1363/864
f 897/1404/1931 900/1494/1931 901/1405/1931
f 898/1407/1932 902/1478/1932 901/1408/1932
f 899/1410/1933 903/1477/1933 901/1411/1933
f 904/1413/1934 907/1496/1934 908/1414/1934
f 905/1416/1935 909/1480/1935 908/1417/1935
f 906/1419/1936 910/1479/1936 908/1420/1936
f 911/1422/1937 914/1476/1937 915/1423/1937
f 912/1425/1938 916/1483/1938 915/1426/1938
f 913/1428/1939 917/2299/1939 915/1429/1939
f 918/1431/1940 921/1485/1940 922/1432/1940
f 919/1434/1941 923/1482/1941 922/1435/1941
f 920/1437/1942 924/1481/1942 922/1438/1942
f 925/1440/1943 928/1489/1943 929/1441/1943
f 926/1443/1944 930/2300/1944 929/1444/1944
f 927/1446/1945 931/2301/1945 929/1447/1945
f 932/1449/1946 935/1495/1946 936/1450/1946
f 933/1452/1947 937/1493/1947 936/1453/1947
f 934/1455/1948 938/1492/1948 936/1456/1948
f 939/1458/1949 942/1484/1949 943/1459/1949
f 940/1461/1950 944/1488/1950 943/1462/1950
f 941/1464/1951 945/1490/1951 943/1465/1951
f 946/1467/1952 949/1491/1952 950/1468/1952
f 947/1470/1953 951/1487/1953 950/1471/1953
f 948/1473/1954 952/1486/1954 950/1474/1954
f 897/1404/889 903/1406/889 914/1476/889
f 903/1477/890 899/1410/890 912/1425/890
f 898/1407/1955 904/1413/1955 910/1415/1955
f 910/1479/892 906/1419/892 899/1410/892
f 918/1431/1956 924/1433/1956 909/1480/1956
f 924/1481/1957 920/1437/1957 906/1419/1957
f 913/1428/895 916/1430/895 923/1482/895
f 916/1483/1958 912/1425/1958 920/1437/1958
f 911/1422/1959 917/1424/1959 942/1484/1959
f 942/1463/1960 917/2299/1960 913/1428/1960
f 918/1431/1961 946/1467/1961 952/1469/1961
f 952/1486/1962 948/1473/1962 919/1434/1962
f 947/1470/1963 941/1464/1963 944/1466/1963
f 944/1488/902 940/1461/902 948/1473/902
f 939/1458/903 945/1460/903 928/1489/903
f 945/1490/904 941/1464/904 926/1443/904
f 932/1449/1964 938/1451/1964 949/1491/1964
f 938/1492/906 934/1455/906 947/1470/906
f 933/1452/907 927/1446/907 930/1448/907
f 937/1457/908 930/2300/908 926/1443/908
f 925/1440/1965 931/1442/1965 900/1494/1965
f 900/1409/1966 931/2301/1966 927/1446/1966
f 932/1449/1967 905/1416/1967 907/1418/1967
f 907/1496/912 904/1413/912 933/1452/912
f 911/1422/913 939/1458/913 925/1440/913
f 906/1419/914 920/1437/914 912/1425/914
f 927/1446/915 933/1452/915 904/1413/915
f 918/1431/916 905/1416/916 932/1449/916
f 919/1434/917 948/1473/917 940/1461/917
f 947/1470/918 934/1455/918 926/1443/918
usemtl iron
f 953/1497/919 957/1498/919 959/1499/919
f 958/1500/920 956/1501/920 954/1502/920
f 955/1503/921 957/1504/921 958/1505/921
f 963/1506/922 966/1507/922 960/1508/922
f 961/1509/923 964/1510/923 963/1506/923
f 962/1511/924 964/1510/924 965/1512/924
f 967/1513/925 971/1514/925 973/1515/925
f 968/1516/926 971/1517/926 970/1518/926
f 973/1515/927 972/1519/927 969/1520/927
f 974/1521/928 978/1522/928 980/1523/928
f 979/1524/929 977/1525/929 975/1526/929
f 976/1527/930 978/1522/930 979/1524/930
f 981/1528/931 985/1529/931 987/1530/931
f 982/1531/932 985/1529/932 984/1532/932
f 987/1530/933 986/1533/933 983/1534/933
f 988/1535/934 992/1536/934 994/1537/934
f 993/1538/935 991/1539/935 989/1540/935
f 990/1541/936 992/1542/936 993/1543/936
f 995/1544/937 999/1545/937 1001/1546/937
f 1000/1547/938 998/1548/938 996/1549/938
f 997/1550/939 999/1545/939 1000/1547/939
f 1002/1551/940 1006/1552/940 1008/1553/940
f 1003/1554/941 1006/1555/941 1005/1556/941
f 1008/1553/942 1007/1557/942 1004/1558/942
f 953/1497/943 970/1559/943 967/1513/943
f 970/1518/944 955/1503/944 968/1516/944
f 954/1560/945 966/1561/945 958/1562/945
f 958/1505/946 962/1563/946 955/1503/946
f 974/1521/947 965/1512/947 961/1509/947
f 980/1523/948 962/1511/948 965/1512/948
f 969/1564/949 979/1565/949 975/1566/949
f 979/1567/950 968/1516/950 976/1568/950
f 995/1544/951 973/1515/951 998/1548/951
f 998/1548/952 969/1520/952 996/1549/952
f 974/1521/953 1008/1553/953 977/1525/953
f 1008/1553/954 975/1526/954 977/1525/954
f 997/1569/955 1007/1570/955 1003/1554/955
f 1007/1571/956 996/1572/956 1004/1573/956
f 981/1528/957 1001/1546/957 984/1532/957
f 1001/1546/958 982/1531/958 984/1532/958
f 1002/1551/959 994/1537/959 1005/1574/959
f 1005/1556/960 990/1541/960 1003/1554/960
f 989/1575/961 986/1576/961 993/1577/961
f 993/1543/962 982/1578/962 990/1541/962
f 953/1497/963 987/1530/963 956/1501/963
f 987/1530/964 954/1502/964 956/1501/964
f 961/1509/965 991/1539/965 988/1535/965
f 991/1539/966 960/1508/966 989/1540/966
f 995/1544/967 953/1497/967 967/1513/967
f 955/1503/968 976/1568/968 968/1516/968
f 983/1579/969 960/1580/969 954/1560/969
f 974/1521/970 988/1535/970 1002/1551/970
f 975/1566/971 996/1572/971 969/1564/971
f 1003/1554/972 982/1578/972 997/1569/972
f 1009/1581/973 1013/1582/973 1015/1583/973
f 1014/1584/974 1012/1585/974 1010/1586/974
f 1011/1587/975 1013/1582/975 1014/1584/975
f 1019/1588/976 1022/1589/976 1016/1590/976
f 1017/1591/977 1020/1592/977 1019/1588/977
f 1018/1593/978 1020/1592/978 1021/1594/978
f 1023/1595/979 1027/1596/979 1029/1597/979
f 1024/1598/980 1027/1596/980 1026/1599/980
f 1029/1597/981 1028/1600/981 1025/1601/981
f 1030/1602/982 1034/1603/982 1036/1604/982
f 1035/1605/983 1033/1606/983 1031/1607/983
f 1032/1608/984 1034/1603/984 1035/1605/984
f 1037/1609/985 1041/1610/985 1043/1611/985
f 1038/1612/986 1041/1610/986 1040/1613/986
f 1043/1611/987 1042/1614/987 1039/1615/987
f 1044/1616/988 1048/1617/988 1050/1618/988
f 1049/1619/989 1047/1620/989 1045/1621/989
f 1046/1622/990 1048/1617/990 1049/1619/990
f 1051/1623/991 1055/1624/991 1057/1625/991
f 1056/1626/992 1054/1627/992 1052/1628/992
f 1053/1629/993 1055/1624/993 1056/1626/993
f 1058/1630/994 1062/1631/994 1064/1632/994
f 1059/1633/995 1062/1631/995 1061/1634/995
f 1064/1632/996 1063/1635/996 1060/1636/996
f 1023/1595/997 1015/1583/997 1026/1599/997
f 1015/1583/998 1024/1598/998 1026/1599/998
f 1016/1637/999 1014/1638/999 1010/1639/999
f 1014/1638/1000 1018/1640/1000 1011/1641/1000
f 1030/1602/1001 1021/1594/1001 1017/1591/1001
f 1036/1604/1002 1018/1593/1002 1021/1594/1002
f 1031/1642/1003 1028/1643/1003 1035/1644/1003
f 1035/1644/1004 1024/1645/1004 1032/1646/1004
f 1051/1623/1005 1029/1597/1005 1054/1627/1005
f 1029/1597/1006 1052/1628/1006 1054/1627/1006
f 1058/1630/1007 1033/1606/1007 1030/1602/1007
f 1033/1606/1008 1060/1636/1008 1031/1607/1008
f 1059/1647/1009 1056/1648/1009 1063/1649/1009
f 1056/1648/1010 1060/1650/1010 1063/1649/1010
f 1051/1623/1011 1040/1613/1011 1037/1609/1011
f 1057/1625/1012 1038/1612/1012 1040/1613/1012
f 1058/1630/1013 1050/1618/1013 1061/1634/1013
f 1050/1618/1014 1059/1633/1014 1061/1634/1014
f 1045/1651/1015 1042/1652/1015 1049/1653/1015
f 1049/1653/1016 1038/1654/1016 1046/1655/1016
f 1037/1609/1017 1012/1585/1017 1009/1581/1017
f 1043/1611/1018 1010/1586/1018 1012/1585/1018
f 1044/1616/1019 1019/1588/1019 1047/1620/1019
f 1047/1620/1020 1016/1590/1020 1045/1621/1020
f 1051/1623/1021 1009/1581/1021 1023/1595/1021
f 1018/1640/1022 1024/1645/1022 1011/1641/1022
f 1045/1656/1023 1010/1657/1023 1039/1658/1023
f 1030/1602/1024 1044/1616/1024 1058/1630/1024
f 1031/1659/1025 1052/1660/1025 1025/1661/1025
f 1059/1647/1026 1038/1654/1026 1053/1662/1026
f 1065/1663/1027 1069/1664/1027 1071/1665/1027
f 1070/1666/1028 1068/1667/1028 1066/1668/1028
f 1067/1669/1029 1069/1664/1029 1070/1666/1029
f 1075/1670/1030 1078/1671/1030 1072/1672/1030
f 1073/1673/1031 1076/1674/1031 1075/1670/1031
f 1074/1675/1032 1076/1674/1032 1077/1676/1032
f 1079/1677/1033 1083/1678/1033 1085/1679/1033
f 1080/1680/1034 1083/1678/1034 1082/1681/1034
f 1085/1679/1035 1084/1682/1035 1081/1683/1035
f 1086/1684/1036 1090/1685/1036 1092/1686/1036
f 1091/1687/1037 1089/1688/1037 1087/1689/1037
f 1088/1690/1038 1090/1685/1038 1091/1687/1038
f 1093/1691/1039 1097/1692/1039 1099/1693/1039
f 1094/1694/1040 1097/1692/1040 1096/1695/1040
f 1099/1693/1041 1098/1696/1041 1095/1697/1041
f 1100/1698/1042 1104/1699/1042 1106/1700/1042
f 1105/1701/1043 1103/1702/1043 1101/1703/1043
f 1102/1704/1044 1104/1699/1044 1105/1701/1044
f 1107/1705/1045 1111/1706/1045 1113/1707/1045
f 1112/1708/1046 1110/1709/1046 1108/1710/1046
f 1109/1711/1047 1111/1706/1047 1112/1708/1047
f 1114/1712/1048 1118/1713/1048 1120/1714/1048
f 1115/1715/1049 1118/1713/1049 1117/1716/1049
f 1120/1714/1050 1119/1717/1050 1116/1718/1050
f 1079/1677/1051 1071/1665/1051 1082/1681/1051
f 1082/1681/1052 1067/1669/1052 1080/1680/1052
f 1066/1719/1053 1078/1720/1053 1070/1721/1053
f 1078/1720/1054 1067/1722/1054 1070/1721/1054
f 1073/1673/1055 1092/1686/1055 1077/1676/1055
f 1092/1686/1056 1074/1675/1056 1077/1676/1056
f 1087/1723/1057 1084/1724/1057 1091/1725/1057
f 1091/1725/1058 1080/1726/1058 1088/1727/1058
f 1079/1677/1059 1110/1709/1059 1107/1705/1059
f 1085/1679/1060 1108/1710/1060 1110/1709/1060
f 1086/1684/1061 1120/1714/1061 1089/1688/1061
f 1089/1688/1062 1116/1718/1062 1087/1689/1062
f 1109/1728/1063 1119/1729/1063 1115/1730/1063
f 1119/1729/1064 1108/1731/1064 1116/1732/1064
f 1107/1705/1065 1096/1695/1065 1093/1691/1065
f 1096/1695/1066 1109/1711/1066 1094/1694/1066
f 1114/1712/1067 1106/1700/1067 1117/1716/1067
f 1106/1700/1068 1115/1715/1068 1117/1716/1068
f 1095/1733/1069 1105/1734/1069 1101/1735/1069
f 1098/1736/1070 1102/1737/1070 1105/1734/1070
f 1065/1663/1071 1099/1693/1071 1068/1667/1071
f 1099/1693/1072 1066/1668/1072 1068/1667/1072
f 1073/1673/1073 1103/1702/1073 1100/1698/1073
f 1075/1670/1074 1101/1703/1074 1103/1702/1074
f 1079/1677/1075 1093/1691/1075 1065/1663/1075
f 1067/1722/1076 1088/1727/1076 1080/1726/1076
f 1095/1738/1077 1072/1739/1077 1066/1740/1077
f 1086/1684/1078 1100/1698/1078 1114/1712/1078
f 1087/1741/1079 1108/1742/1079 1081/1743/1079
f 1115/1730/1080 1094/1744/1080 1109/1728/1080
f 953/1497/1968 956/1501/1968 957/1498/1968
f 958/1500/1969 957/1498/1969 956/1501/1969
f 955/1503/1970 959/2302/1970 957/1504/1970
f 963/1506/1971 964/1510/1971 966/1507/1971
f 961/1509/1972 965/1512/1972 964/1510/1972
f 962/1511/1973 966/1507/1973 964/1510/1973
f 967/1513/1974 970/1559/1974 971/1514/1974
f 968/1516/1975 972/2303/1975 971/1517/1975
f 973/1515/1976 971/1514/1976 972/1519/1976
f 974/1521/1977 977/1525/1977 978/1522/1977
f 979/1524/1978 978/1522/1978 977/1525/1978
f 976/1527/1979 980/1523/1979 978/1522/1979
f 981/1528/1980 984/1532/1980 985/1529/1980
f 982/1531/1981 986/1533/1981 985/1529/1981
f 987/1530/1982 985/1529/1982 986/1533/1982
f 988/1535/1983 991/1539/1983 992/1536/1983
f 993/1538/1984 992/1536/1984 991/1539/1984
f 990/1541/1985 994/2304/1985 992/1542/1985
f 995/1544/1986 998/1548/1986 999/1545/1986
f 1000/1547/1987 999/1545/1987 998/1548/1987
f 997/1550/1988 1001/1546/1988 999/1545/1988
f 1002/1551/1989 1005/1574/1989 1006/1552/1989
f 1003/1554/1990 1007/1570/1990 1006/1555/1990
f 1008/1553/1991 1006/1552/1991 1007/1557/1991
f 953/1497/943 959/1499/943 970/1559/943
f 970/1518/1992 959/2302/1992 955/1503/1992
f 954/1560/1993 960/1580/1993 966/1561/1993
f 958/1505/946 966/2305/946 962/1563/946
f 974/1521/947 980/1523/947 965/1512/947
f 980/1523/1994 976/1527/1994 962/1511/1994
f 969/1564/949 972/2306/949 979/1565/949
f 979/1567/950 972/2303/950 968/1516/950
f 995/1544/951 967/1513/951 973/1515/951
f 998/1548/952 973/1515/952 969/1520/952
f 974/1521/953 1002/1551/953 1008/1553/953
f 1008/1553/954 1004/1558/954 975/1526/954
f 997/1569/1995 1000/2307/1995 1007/1570/1995
f 1007/1571/956 1000/2308/956 996/1572/956
f 981/1528/1996 995/1544/1996 1001/1546/1996
f 1001/1546/958 997/1550/958 982/1531/958
f 1002/1551/959 988/1535/959 994/1537/959
f 1005/1556/1997 994/2304/1997 990/1541/1997
f 989/1575/961 983/1579/961 986/1576/961
f 993/1543/962 986/2309/962 982/1578/962
f 953/1497/963 981/1528/963 987/1530/963
f 987/1530/1998 983/1534/1998 954/1502/1998
f 961/1509/965 963/1506/965 991/1539/965
f 991/1539/966 963/1506/966 960/1508/966
f 995/1544/967 981/1528/967 953/1497/967
f 955/1503/968 962/1563/968 976/1568/968
f 983/1579/969 989/1575/969 960/1580/969
f 974/1521/970 961/1509/970 988/1535/970
f 975/1566/971 1004/1573/971 996/1572/971
f 1003/1554/972 990/1541/972 982/1578/972
f 1009/1581/1999 1012/1585/1999 1013/1582/1999
f 1014/1584/2000 1013/1582/2000 1012/1585/2000
f 1011/1587/2001 1015/1583/2001 1013/1582/2001
f 1019/1588/2002 1020/1592/2002 1022/1589/2002
f 1017/1591/2003 1021/1594/2003 1020/1592/2003
f 1018/1593/2004 1022/1589/2004 1020/1592/2004
f 1023/1595/2005 1026/1599/2005 1027/1596/2005
f 1024/1598/2006 1028/1600/2006 1027/1596/2006
f 1029/1597/2007 1027/1596/2007 1028/1600/2007
f 1030/1602/2008 1033/1606/2008 1034/1603/2008
f 1035/1605/2009 1034/1603/2009 1033/1606/2009
f 1032/1608/2010 1036/1604/2010 1034/1603/2010
f 1037/1609/2011 1040/1613/2011 1041/1610/2011
f 1038/1612/2012 1042/1614/2012 1041/1610/2012
f 1043/1611/2013 1041/1610/2013 1042/1614/2013
f 1044/1616/2014 1047/1620/2014 1048/1617/2014
f 1049/1619/2015 1048/1617/2015 1047/1620/2015
f 1046/1622/2016 1050/1618/2016 1048/1617/2016
f 1051/1623/2017 1054/1627/2017 1055/1624/2017
f 1056/1626/2018 1055/1624/2018 1054/1627/2018
f 1053/1629/2019 1057/1625/2019 1055/1624/2019
f 1058/1630/2020 1061/1634/2020 1062/1631/2020
f 1059/1633/2021 1063/1635/2021 1062/1631/2021
f 1064/1632/2022 1062/1631/2022 1063/1635/2022
f 1023/1595/2023 1009/1581/2023 1015/1583/2023
f 1015/1583/2024 1011/1587/2024 1024/1598/2024
f 1016/1637/999 1022/2310/999 1014/1638/999
f 1014/1638/1000 1022/2310/1000 1018/1640/1000
f 1030/1602/2025 1036/1604/2025 1021/1594/2025
f 1036/1604/2026 1032/1608/2026 1018/1593/2026
f 1031/1642/1003 1025/2311/1003 1028/1643/1003
f 1035/1644/1004 1028/1643/1004 1024/1645/1004
f 1051/1623/2027 1023/1595/2027 1029/1597/2027
f 1029/1597/1006 1025/1601/1006 1052/1628/1006
f 1058/1630/1007 1064/1632/1007 1033/1606/1007
f 1033/1606/1008 1064/1632/1008 1060/1636/1008
f 1059/1647/1009 1053/1662/1009 1056/1648/1009
f 1056/1648/1010 1052/2312/1010 1060/1650/1010
f 1051/1623/2028 1057/1625/2028 1040/1613/2028
f 1057/1625/2029 1053/1629/2029 1038/1612/2029
f 1058/1630/2030 1044/1616/2030 1050/1618/2030
f 1050/1618/1014 1046/1622/1014 1059/1633/1014
f 1045/1651/2031 1039/2313/2031 1042/1652/2031
f 1049/1653/1016 1042/1652/1016 1038/1654/1016
f 1037/1609/1017 1043/1611/1017 1012/1585/1017
f 1043/1611/1018 1039/1615/1018 1010/1586/1018
f 1044/1616/2032 1017/1591/2032 1019/1588/2032
f 1047/1620/2033 1019/1588/2033 1016/1590/2033
f 1051/1623/1021 1037/1609/1021 1009/1581/1021
f 1018/1640/1022 1032/1646/1022 1024/1645/1022
f 1045/1656/1023 1016/2314/1023 1010/1657/1023
f 1030/1602/1024 1017/1591/1024 1044/1616/1024
f 1031/1659/1025 1060/2315/1025 1052/1660/1025
f 1059/1647/1026 1046/1655/1026 1038/1654/1026
f 1065/1663/2034 1068/1667/2034 1069/1664/2034
f 1070/1666/2035 1069/1664/2035 1068/1667/2035
f 1067/1669/2036 1071/1665/2036 1069/1664/2036
f 1075/1670/2037 1076/1674/2037 1078/1671/2037
f 1073/1673/2038 1077/1676/2038 1076/1674/2038
f 1074/1675/2039 1078/1671/2039 1076/1674/2039
f 1079/1677/2040 1082/1681/2040 1083/1678/2040
f 1080/1680/2041 1084/1682/2041 1083/1678/2041
f 1085/1679/2042 1083/1678/2042 1084/1682/2042
f 1086/1684/2043 1089/1688/2043 1090/1685/2043
f 1091/1687/2044 1090/1685/2044 1089/1688/2044
f 1088/1690/2045 1092/1686/2045 1090/1685/2045
f 1093/1691/2046 1096/1695/2046 1097/1692/2046
f 1094/1694/2047 1098/1696/2047 1097/1692/2047
f 1099/1693/2048 1097/1692/2048 1098/1696/2048
f 1100/1698/2049 1103/1702/2049 1104/1699/2049
f 1105/1701/2050 1104/1699/2050 1103/1702/2050
f 1102/1704/2051 1106/1700/2051 1104/1699/2051
f 1107/1705/2052 1110/1709/2052 1111/1706/2052
f 1112/1708/2053 1111/1706/2053 1110/1709/2053
f 1109/1711/2054 1113/1707/2054 1111/1706/2054
f 1114/1712/2055 1117/1716/2055 1118/1713/2055
f 1115/1715/2056 1119/1717/2056 1118/1713/2056
f 1120/1714/2057 1118/1713/2057 1119/1717/2057
f 1079/1677/1051 1065/1663/1051 1071/1665/1051
f 1082/1681/2058 1071/1665/2058 1067/1669/2058
f 1066/1719/1053 1072/2316/1053 1078/1720/1053
f 1078/1720/1054 1074/2317/1054 1067/1722/1054
f 1073/1673/2059 1086/1684/2059 1092/1686/2059
f 1092/1686/2060 1088/1690/2060 1074/1675/2060
f 1087/1723/1057 1081/2318/1057 1084/1724/1057
f 1091/1725/1058 1084/1724/1058 1080/1726/1058
f 1079/1677/1059 1085/1679/1059 1110/1709/1059
f 1085/1679/1060 1081/1683/1060 1108/1710/1060
f 1086/1684/1061 1114/1712/1061 1120/1714/1061
f 1089/1688/1062 1120/1714/1062 1116/1718/1062
f 1109/1728/1063 1112/2319/1063 1119/1729/1063
f 1119/1729/1064 1112/2319/1064 1108/1731/1064
f 1107/1705/2061 1113/1707/2061 1096/1695/2061
f 1096/1695/2062 1113/1707/2062 1109/1711/2062
f 1114/1712/2063 1100/1698/2063 1106/1700/2063
f 1106/1700/2064 1102/1704/2064 1115/1715/2064
f 1095/1733/1069 1098/1736/1069 1105/1734/1069
f 1098/1736/1070 1094/1744/1070 1102/1737/1070
f 1065/1663/1071 1093/1691/1071 1099/1693/1071
f 1099/1693/1072 1095/1697/1072 1066/1668/1072
f 1073/1673/1073 1075/1670/1073 1103/1702/1073
f 1075/1670/1074 1072/1672/1074 1101/1703/1074
f 1079/1677/1075 1107/1705/1075 1093/1691/1075
f 1067/1722/1076 1074/2317/1076 1088/1727/1076
f 1095/1738/1077 1101/2320/1077 1072/1739/1077
f 1086/1684/1078 1073/1673/1078 1100/1698/1078
f 1087/1741/1079 1116/2321/1079 1108/1742/1079
f 1115/1730/1080 1102/1737/1080 1094/1744/1080
usemtl stone
f 1121/1745/1081 1125/1746/1081 1127/1747/1081
f 1122/1748/1082 1125/1746/1082 1124/1749/1082
f 1127/1747/1083 1126/1750/1083 1123/1751/1083
f 1128/1752/1084 1132/1753/1084 1134/1754/1084
f 1129/1755/1085 1132/1753/1085 1131/1756/1085
f 1134/1754/1086 1133/1757/1086 1130/1758/1086
f 1135/1759/1087 1139/1760/1087 1141/1761/1087
f 1140/1762/1088 1138/1763/1088 1136/1764/1088
f 1137/1765/1089 1139/1760/1089 1140/1762/1089
f 1142/1766/1090 1146/1767/1090 1148/1768/1090
f 1143/1769/1091 1146/1767/1091 1145/1770/1091
f 1148/1768/1092 1147/1771/1092 1144/1772/1092
f 1149/1773/1093 1153/1774/1093 1155/1775/1093
f 1154/1776/1094 1152/1777/1094 1150/1778/1094
f 1151/1779/1095 1153/1774/1095 1154/1776/1095
f 1156/1780/1096 1160/1781/1096 1162/1782/1096
f 1157/1783/1097 1160/1781/1097 1159/1784/1097
f 1162/1782/1098 1161/1785/1098 1158/1786/1098
f 1163/1787/1099 1167/1788/1099 1169/1789/1099
f 1164/1790/1100 1167/1788/1100 1166/1791/1100
f 1169/1789/1101 1168/1792/1101 1165/1793/1101
f 1170/1794/1102 1174/1795/1102 1176/1796/1102
f 1175/1797/1103 1173/1798/1103 1171/1799/1103
f 1172/1800/1104 1174/1795/1104 1175/1797/1104
f 1135/1759/1105 1127/1747/1105 1138/1763/1105
f 1127/1747/1106 1136/1764/1106 1138/1763/1106
f 1128/1801/1107 1126/1802/1107 1122/1803/1107
f 1126/1804/1108 1130/1805/1108 1123/1806/1108
f 1142/1766/1109 1133/1757/1109 1129/1755/1109
f 1148/1768/1110 1130/1758/1110 1133/1757/1110
f 1137/1807/1111 1147/1808/1111 1143/1809/1111
f 1140/1810/1112 1144/1811/1112 1147/1812/1112
f 1163/1787/1113 1141/1761/1113 1166/1791/1113
f 1141/1761/1114 1164/1790/1114 1166/1791/1114
f 1170/1794/1115 1145/1770/1115 1142/1766/1115
f 1176/1796/1116 1143/1769/1116 1145/1770/1116
f 1165/1813/1117 1175/1814/1117 1171/1815/1117
f 1175/1816/1118 1164/1817/1118 1172/1818/1118
f 1149/1773/1119 1169/1789/1119 1152/1777/1119
f 1152/1777/1120 1165/1793/1120 1150/1778/1120
f 1170/1794/1121 1162/1782/1121 1173/1798/1121
f 1162/1782/1122 1171/1799/1122 1173/1798/1122
f 1157/1819/1123 1154/1820/1123 1161/1821/1123
f 1154/1822/1124 1158/1823/1124 1161/1824/1124
f 1149/1773/1125 1124/1749/1125 1121/1745/1125
f 1124/1749/1126 1151/1779/1126 1122/1748/1126
f 1156/1780/1127 1131/1756/1127 1159/1784/1127
f 1131/1756/1128 1157/1783/1128 1159/1784/1128
f 1163/1787/1129 1121/1745/1129 1135/1759/1129
f 1130/1805/1130 1136/1825/1130 1123/1806/1130
f 1157/1819/1131 1122/1803/1131 1151/1826/1131
f 1142/1766/1132 1156/1780/1132 1170/1794/1132
f 1143/1809/1133 1164/1817/1133 1137/1807/1133
f 1171/1815/1134 1150/1827/1134 1165/1813/1134
f 1121/1745/2065 1124/1749/2065 1125/1746/2065
f 1122/1748/2066 1126/1750/2066 1125/1746/2066
f 1127/1747/2067 1125/1746/2067 1126/1750/2067
f 1128/1752/2068 1131/1756/2068 1132/1753/2068
f 1129/1755/2069 1133/1757/2069 1132/1753/2069
f 1134/1754/2070 1132/1753/2070 1133/1757/2070
f 1135/1759/2071 1138/1763/2071 1139/1760/2071
f 1140/1762/2072 1139/1760/2072 1138/1763/2072
f 1137/1765/2073 1141/1761/2073 1139/1760/2073
f 1142/1766/2074 1145/1770/2074 1146/1767/2074
f 1143/1769/2075 1147/1771/2075 1146/1767/2075
f 1148/1768/2076 1146/1767/2076 1147/1771/2076
f 1149/1773/2077 1152/1777/2077 1153/1774/2077
f 1154/1776/2078 1153/1774/2078 1152/1777/2078
f 1151/1779/2079 1155/1775/2079 1153/1774/2079
f 1156/1780/2080 1159/1784/2080 1160/1781/2080
f 1157/1783/2081 1161/1785/2081 1160/1781/2081
f 1162/1782/2082 1160/1781/2082 1161/1785/2082
f 1163/1787/2083 1166/1791/2083 1167/1788/2083
f 1164/1790/2084 1168/1792/2084 1167/1788/2084
f 1169/1789/2085 1167/1788/2085 1168/1792/2085
f 1170/1794/2086 1173/1798/2086 1174/1795/2086
f 1175/1797/2087 1174/1795/2087 1173/1798/2087
f 1172/1800/2088 1176/1796/2088 1174/1795/2088
f 1135/1759/1105 1121/1745/1105 1127/1747/1105
f 1127/1747/1106 1123/1751/1106 1136/1764/1106
f 1128/1801/1107 1134/2322/1107 1126/1802/1107
f 1126/1804/1108 1134/2323/1108 1130/1805/1108
f 1142/1766/1109 1148/1768/1109 1133/1757/1109
f 1148/1768/2089 1144/1772/2089 1130/1758/2089
f 1137/1807/1111 1140/2324/1111 1147/1808/1111
f 1140/1810/2090 1136/1825/2090 1144/1811/2090
f 1163/1787/1113 1135/1759/1113 1141/1761/1113
f 1141/1761/1114 1137/1765/1114 1164/1790/1114
f 1170/1794/1115 1176/1796/1115 1145/1770/1115
f 1176/1796/1116 1172/1800/1116 1143/1769/1116
f 1165/1813/1117 1168/2325/1117 1175/1814/1117
f 1175/1816/1118 1168/2326/1118 1164/1817/1118
f 1149/1773/1119 1163/1787/1119 1169/1789/1119
f 1152/1777/1120 1169/1789/1120 1165/1793/1120
f 1170/1794/1121 1156/1780/1121 1162/1782/1121
f 1162/1782/1122 1158/1786/1122 1171/1799/1122
f 1157/1819/1123 1151/1826/1123 1154/1820/1123
f 1154/1822/2091 1150/1827/2091 1158/1823/2091
f 1149/1773/1125 1155/1775/1125 1124/1749/1125
f 1124/1749/1126 1155/1775/1126 1151/1779/1126
f 1156/1780/1127 1129/1755/1127 1131/1756/1127
f 1131/1756/1128 1128/1752/1128 1157/1783/1128
f 1163/1787/1129 1149/1773/1129 1121/1745/1129
f 1130/1805/1130 1144/1811/1130 1136/1825/1130
f 1157/1819/1131 1128/1801/1131 1122/1803/1131
f 1142/1766/1132 1129/1755/1132 1156/1780/1132
f 1143/1809/1133 1172/1818/1133 1164/1817/1133
f 1171/1815/1134 1158/1823/1134 1150/1827/1134
