# Blender 4.5.10 LTS
# www.blender.org
mtllib stoker_trough_casks.mtl
o stoker_trough_casks
v 0.320229 0.000000 0.233152
v 0.320718 0.009957 0.244307
v 0.321824 0.384800 0.269517
v 0.322231 0.374843 0.278790
v 0.224513 0.000000 0.217156
v 0.220423 0.009957 0.227545
v 0.211179 0.384800 0.251026
v 0.207779 0.374843 0.259662
v 0.143578 0.000000 0.163611
v 0.135616 0.009957 0.171438
v 0.117621 0.384800 0.189129
v 0.111003 0.374843 0.195636
v 0.091420 0.000000 0.081776
v 0.080962 0.009957 0.085688
v 0.057328 0.384800 0.094531
v 0.048635 0.374843 0.097783
v 0.077056 0.000000 -0.014199
v 0.065911 0.009957 -0.014878
v 0.040723 0.384800 -0.016413
v 0.031459 0.374843 -0.016978
v 0.102970 0.000000 -0.107718
v 0.093065 0.009957 -0.112871
v 0.070679 0.384800 -0.124519
v 0.062446 0.374843 -0.128803
v 0.164681 0.000000 -0.182612
v 0.157729 0.009957 -0.191349
v 0.142016 0.384800 -0.211094
v 0.136237 0.374843 -0.218357
v 0.251520 0.000000 -0.225931
v 0.248722 0.009957 -0.236740
v 0.242399 0.384800 -0.261169
v 0.240073 0.374843 -0.270155
v 0.348470 0.000000 -0.230184
v 0.350311 0.009957 -0.241197
v 0.354470 0.384800 -0.266086
v 0.356000 0.374843 -0.275241
v 0.438768 0.000000 -0.194636
v 0.444929 0.009957 -0.203948
v 0.458853 0.384800 -0.224994
v 0.463974 0.374843 -0.232735
v 0.506802 0.000000 -0.125434
v 0.516217 0.009957 -0.131435
v 0.537497 0.384800 -0.144998
v 0.545324 0.374843 -0.149987
v 0.540806 0.000000 -0.034544
v 0.551848 0.009957 -0.036196
v 0.576805 0.384800 -0.039931
v 0.585984 0.374843 -0.041305
v 0.534902 0.000000 0.062320
v 0.545662 0.009957 0.065302
v 0.569980 0.384800 0.072040
v 0.578924 0.374843 0.074519
v 0.490110 0.000000 0.148408
v 0.498727 0.009957 0.155508
v 0.518202 0.384800 0.171555
v 0.525365 0.374843 0.177458
v 0.414176 0.000000 0.208835
v 0.419160 0.009957 0.218826
v 0.430424 0.384800 0.241407
v 0.434567 0.374843 0.249713
v 0.310772 0.370000 0.269775
v 0.310800 0.379987 0.279470
v 0.310716 0.740000 0.250176
v 0.310747 0.730013 0.260928
v 0.200978 0.370000 0.246766
v 0.197060 0.379987 0.255634
v 0.208899 0.740000 0.228838
v 0.204553 0.730013 0.238673
v 0.110034 0.370000 0.181089
v 0.102849 0.379987 0.187596
v 0.124562 0.740000 0.167932
v 0.116593 0.730013 0.175150
v 0.053667 0.370000 0.084100
v 0.044456 0.379987 0.087122
v 0.072290 0.740000 0.077990
v 0.062074 0.730013 0.081341
v 0.041622 0.370000 -0.027431
v 0.031978 0.379987 -0.028417
v 0.061120 0.740000 -0.025438
v 0.050423 0.730013 -0.026532
v 0.075981 0.370000 -0.134219
v 0.067572 0.379987 -0.139042
v 0.092984 0.740000 -0.124468
v 0.083656 0.730013 -0.129817
v 0.150805 0.370000 -0.217799
v 0.145085 0.379987 -0.225626
v 0.162371 0.740000 -0.201975
v 0.156026 0.730013 -0.210656
v 0.253155 0.370000 -0.263720
v 0.251112 0.379987 -0.273196
v 0.257285 0.740000 -0.244560
v 0.255019 0.730013 -0.255071
v 0.365334 0.370000 -0.264041
v 0.367323 0.379987 -0.273529
v 0.361314 0.740000 -0.244857
v 0.363519 0.730013 -0.255381
v 0.467945 0.370000 -0.218707
v 0.473621 0.379987 -0.226566
v 0.456470 0.740000 -0.202817
v 0.462765 0.730013 -0.211534
v 0.543246 0.370000 -0.135556
v 0.551628 0.379987 -0.140428
v 0.526300 0.740000 -0.125708
v 0.535597 0.730013 -0.131111
v 0.578217 0.370000 -0.028967
v 0.587855 0.379987 -0.030008
v 0.558730 0.740000 -0.026863
v 0.569420 0.730013 -0.028017
v 0.566810 0.370000 0.082631
v 0.576039 0.379987 0.085600
v 0.548152 0.740000 0.076627
v 0.558388 0.730013 0.079921
v 0.510999 0.370000 0.179941
v 0.518222 0.379987 0.186407
v 0.496396 0.740000 0.166868
v 0.504407 0.730013 0.174040
v 0.420433 0.370000 0.246138
v 0.424401 0.379987 0.254983
v 0.412410 0.740000 0.228255
v 0.416811 0.730013 0.238066
v 0.311331 0.053000 0.255206
v 0.311363 0.059000 0.261340
v 0.311331 0.095000 0.255206
v 0.311363 0.089000 0.261340
v 0.207414 0.053000 0.233684
v 0.204948 0.059000 0.239301
v 0.207414 0.095000 0.233684
v 0.204948 0.089000 0.239301
v 0.121235 0.053000 0.171756
v 0.116698 0.059000 0.175884
v 0.121235 0.095000 0.171756
v 0.116698 0.089000 0.175884
v 0.067695 0.053000 0.080129
v 0.061872 0.059000 0.082055
v 0.067695 0.095000 0.080129
v 0.061872 0.089000 0.082055
v 0.056052 0.053000 -0.025353
v 0.049949 0.059000 -0.025962
v 0.056052 0.095000 -0.025353
v 0.049949 0.089000 -0.025962
v 0.088319 0.053000 -0.126451
v 0.082991 0.059000 -0.129490
v 0.088319 0.095000 -0.126451
v 0.082991 0.089000 -0.129490
v 0.158917 0.053000 -0.205684
v 0.155285 0.059000 -0.210628
v 0.158917 0.095000 -0.205684
v 0.155285 0.089000 -0.210628
v 0.255638 0.053000 -0.249353
v 0.254331 0.059000 -0.255346
v 0.255638 0.095000 -0.249353
v 0.254331 0.089000 -0.255346
v 0.361759 0.053000 -0.249906
v 0.363003 0.059000 -0.255913
v 0.361759 0.095000 -0.249906
v 0.363003 0.089000 -0.255913
v 0.458930 0.053000 -0.207249
v 0.462509 0.059000 -0.212230
v 0.458930 0.095000 -0.207249
v 0.462509 0.089000 -0.212230
v 0.530350 0.053000 -0.128756
v 0.535646 0.059000 -0.131851
v 0.530350 0.095000 -0.128756
v 0.535646 0.089000 -0.131851
v 0.563669 0.053000 -0.028000
v 0.569766 0.059000 -0.028673
v 0.563669 0.095000 -0.028000
v 0.569766 0.089000 -0.028673
v 0.553127 0.053000 0.077597
v 0.558971 0.059000 0.079462
v 0.553127 0.095000 0.077597
v 0.558971 0.089000 0.079462
v 0.500546 0.053000 0.169777
v 0.505126 0.059000 0.173858
v 0.500546 0.095000 0.169777
v 0.505126 0.089000 0.173858
v 0.415018 0.053000 0.232601
v 0.417542 0.059000 0.238192
v 0.415018 0.095000 0.232601
v 0.417542 0.089000 0.238192
v 0.307223 0.349000 0.281852
v 0.307162 0.355000 0.287986
v 0.307223 0.391000 0.281852
v 0.307162 0.385000 0.287986
v 0.192823 0.349000 0.256355
v 0.190273 0.355000 0.261934
v 0.192823 0.391000 0.256355
v 0.190273 0.385000 0.261934
v 0.098684 0.349000 0.186532
v 0.094086 0.355000 0.190591
v 0.098684 0.391000 0.186532
v 0.094086 0.385000 0.190591
v 0.041084 0.349000 0.084456
v 0.035232 0.355000 0.086294
v 0.041084 0.391000 0.084456
v 0.035232 0.385000 0.086294
v 0.029982 0.349000 -0.032224
v 0.023888 0.355000 -0.032925
v 0.029982 0.391000 -0.032224
v 0.023888 0.385000 -0.032925
v 0.067298 0.349000 -0.143332
v 0.062016 0.355000 -0.146451
v 0.067298 0.391000 -0.143332
v 0.062016 0.385000 -0.146451
v 0.146578 0.349000 -0.229656
v 0.143022 0.355000 -0.234654
v 0.146578 0.391000 -0.229656
v 0.143022 0.385000 -0.234654
v 0.254116 0.349000 -0.276271
v 0.252900 0.355000 -0.282283
v 0.254116 0.391000 -0.276271
v 0.252900 0.385000 -0.282283
v 0.371317 0.349000 -0.275116
v 0.372652 0.355000 -0.281103
v 0.371317 0.391000 -0.275116
v 0.372652 0.385000 -0.281103
v 0.477916 0.349000 -0.226391
v 0.481570 0.355000 -0.231317
v 0.477916 0.391000 -0.226391
v 0.481570 0.385000 -0.231317
v 0.555480 0.349000 -0.138521
v 0.560822 0.355000 -0.141535
v 0.555480 0.391000 -0.138521
v 0.560822 0.385000 -0.141535
v 0.590599 0.349000 -0.026699
v 0.596705 0.355000 -0.027280
v 0.590599 0.391000 -0.026699
v 0.596705 0.385000 -0.027280
v 0.577199 0.349000 0.089739
v 0.583014 0.355000 0.091692
v 0.577199 0.391000 0.089739
v 0.583014 0.385000 0.091692
v 0.517599 0.349000 0.190660
v 0.522116 0.355000 0.194809
v 0.517599 0.391000 0.190660
v 0.522116 0.385000 0.194809
v 0.422102 0.349000 0.258615
v 0.424542 0.355000 0.264243
v 0.422102 0.391000 0.258615
v 0.424542 0.385000 0.264243
v 0.301208 0.682000 0.264920
v 0.301005 0.688000 0.271051
v 0.301208 0.724000 0.264920
v 0.301005 0.718000 0.271051
v 0.194215 0.682000 0.238441
v 0.191536 0.688000 0.243958
v 0.194215 0.724000 0.238441
v 0.191536 0.718000 0.243958
v 0.107243 0.682000 0.170732
v 0.102551 0.688000 0.174683
v 0.107243 0.724000 0.170732
v 0.102551 0.718000 0.174683
v 0.055329 0.682000 0.073503
v 0.049436 0.688000 0.075204
v 0.055329 0.724000 0.073503
v 0.049436 0.718000 0.075204
v 0.047450 0.682000 -0.036436
v 0.041374 0.688000 -0.037279
v 0.047450 0.724000 -0.036436
v 0.041374 0.718000 -0.037279
v 0.084968 0.682000 -0.140074
v 0.079761 0.688000 -0.143316
v 0.084968 0.724000 -0.140074
v 0.079761 0.718000 -0.143316
v 0.161397 0.682000 -0.219493
v 0.157958 0.688000 -0.224572
v 0.161397 0.724000 -0.219493
v 0.157958 0.718000 -0.224572
v 0.263520 0.682000 -0.260959
v 0.262444 0.688000 -0.266998
v 0.263520 0.724000 -0.260959
v 0.262444 0.718000 -0.266998
v 0.373680 0.682000 -0.257303
v 0.375154 0.688000 -0.263257
v 0.373680 0.724000 -0.257303
v 0.375154 0.718000 -0.263257
v 0.472829 0.682000 -0.209157
v 0.476597 0.688000 -0.213997
v 0.472829 0.724000 -0.209157
v 0.476597 0.718000 -0.213997
v 0.543824 0.682000 -0.124846
v 0.549235 0.688000 -0.127735
v 0.543824 0.724000 -0.124846
v 0.549235 0.718000 -0.127735
v 0.574388 0.682000 -0.018948
v 0.580506 0.688000 -0.019386
v 0.574388 0.724000 -0.018948
v 0.580506 0.718000 -0.019386
v 0.559237 0.682000 0.090227
v 0.565005 0.688000 0.092314
v 0.559237 0.724000 0.090227
v 0.565005 0.718000 0.092314
v 0.500991 0.682000 0.183800
v 0.505411 0.688000 0.188053
v 0.500991 0.724000 0.183800
v 0.505411 0.718000 0.188053
v 0.409721 0.682000 0.245593
v 0.412029 0.688000 0.251276
v 0.409721 0.724000 0.245593
v 0.412029 0.718000 0.251276
v 0.310000 0.525700 0.000000
v 0.122073 0.597561 -0.105217
v 0.351995 0.597561 -0.211243
v 0.523882 0.597562 -0.025337
v 0.400189 0.597561 0.195584
v 0.151858 0.597561 0.146214
v 0.219811 0.713839 -0.195584
v 0.468142 0.713839 -0.146214
v 0.497927 0.713839 0.105217
v 0.268005 0.713839 0.211243
v 0.096118 0.713838 0.025337
v 0.310000 0.785700 0.000000
v 0.334684 0.545115 -0.124165
v 0.199540 0.545115 -0.061845
v 0.224223 0.587354 -0.186011
v 0.106586 0.587354 0.024097
v 0.217047 0.545115 0.085942
v 0.435717 0.545115 -0.014893
v 0.460401 0.587354 -0.139058
v 0.363012 0.545115 0.114961
v 0.488729 0.587354 0.100068
v 0.270058 0.587354 0.200904
v 0.073822 0.655700 -0.046952
v 0.091329 0.655700 0.100835
v 0.281672 0.655700 -0.239128
v 0.146526 0.655700 -0.176808
v 0.528671 0.655700 -0.100835
v 0.427638 0.655700 -0.210109
v 0.473474 0.655700 0.176808
v 0.546178 0.655700 0.046952
v 0.192362 0.655700 0.210109
v 0.338328 0.655700 0.239128
v 0.131271 0.724046 -0.100068
v 0.349942 0.724046 -0.200904
v 0.513414 0.724046 -0.024097
v 0.395777 0.724046 0.186011
v 0.159599 0.724046 0.139058
v 0.256988 0.766285 -0.114961
v 0.184283 0.766285 0.014893
v 0.402953 0.766285 -0.085942
v 0.420460 0.766285 0.061845
v 0.285316 0.766285 0.124165
v 0.480465 0.694230 -0.180218
v 0.480161 0.694488 -0.180723
v 0.480852 0.694660 -0.180502
v 0.467646 0.753608 -0.187417
v 0.467799 0.754068 -0.186994
v 0.468337 0.753779 -0.187196
v 0.518165 0.710869 -0.103760
v 0.518551 0.711298 -0.104044
v 0.518318 0.711329 -0.103336
v 0.505498 0.770706 -0.110536
v 0.505803 0.770448 -0.110031
v 0.506037 0.770417 -0.110738
v 0.404288 0.682644 -0.140135
v 0.403749 0.682932 -0.139932
v 0.403983 0.682902 -0.140640
v 0.391621 0.742481 -0.146911
v 0.391468 0.742021 -0.147335
v 0.391234 0.742051 -0.146627
v 0.441987 0.699282 -0.063677
v 0.442140 0.699742 -0.063254
v 0.441448 0.699571 -0.063474
v 0.429320 0.759119 -0.070453
v 0.428934 0.758690 -0.070169
v 0.429625 0.758861 -0.069948
v 0.148011 0.695629 -0.167089
v 0.147643 0.695889 -0.167241
v 0.148153 0.695905 -0.167450
v 0.146119 0.740792 -0.167369
v 0.146469 0.741078 -0.167219
v 0.146629 0.740809 -0.167578
v 0.207144 0.697706 -0.142214
v 0.207285 0.697982 -0.142574
v 0.207493 0.697991 -0.142064
v 0.205602 0.743155 -0.142344
v 0.205970 0.742895 -0.142192
v 0.205762 0.742886 -0.142702
v 0.123144 0.694954 -0.107921
v 0.122984 0.695223 -0.107562
v 0.122776 0.695214 -0.108073
v 0.121602 0.740403 -0.108050
v 0.121252 0.740118 -0.108201
v 0.121461 0.740126 -0.107690
v 0.182277 0.697031 -0.083045
v 0.182627 0.697316 -0.082895
v 0.182116 0.697300 -0.082687
v 0.180735 0.742480 -0.083175
v 0.180593 0.742203 -0.082815
v 0.181103 0.742220 -0.083023
v 0.181689 0.700903 -0.137119
v 0.181190 0.701171 -0.137212
v 0.181751 0.701272 -0.137555
v 0.173538 0.754758 -0.133944
v 0.173945 0.755141 -0.133811
v 0.174099 0.754859 -0.134287
v 0.256291 0.710422 -0.118530
v 0.256353 0.710791 -0.118966
v 0.256698 0.710806 -0.118398
v 0.248546 0.764660 -0.115222
v 0.249046 0.764392 -0.115129
v 0.248701 0.764378 -0.115698
v 0.163895 0.693784 -0.062057
v 0.163740 0.694066 -0.061582
v 0.163395 0.694052 -0.062150
v 0.156150 0.748022 -0.058749
v 0.155743 0.747639 -0.058882
v 0.156088 0.747653 -0.058313
v 0.238497 0.703303 -0.043469
v 0.238903 0.703686 -0.043336
v 0.238342 0.703585 -0.042993
v 0.230752 0.757541 -0.040161
v 0.230690 0.757172 -0.039725
v 0.231251 0.757273 -0.040068
v 0.384379 0.694041 -0.180077
v 0.383935 0.694303 -0.180101
v 0.384391 0.694358 -0.180484
v 0.379938 0.742847 -0.177922
v 0.380333 0.743175 -0.177870
v 0.380394 0.742902 -0.178304
v 0.453537 0.699454 -0.173798
v 0.453549 0.699770 -0.174206
v 0.453932 0.699781 -0.173747
v 0.449491 0.748587 -0.171592
v 0.449935 0.748325 -0.171567
v 0.449552 0.748314 -0.172026
v 0.378370 0.690435 -0.110777
v 0.378309 0.690707 -0.110343
v 0.377926 0.690696 -0.110802
v 0.374324 0.739568 -0.108571
v 0.373929 0.739240 -0.108622
v 0.374312 0.739251 -0.108163
v 0.447528 0.695847 -0.104499
v 0.447923 0.696175 -0.104448
v 0.447467 0.696120 -0.104065
v 0.443482 0.744980 -0.102292
v 0.443470 0.744664 -0.101885
v 0.443926 0.744718 -0.102268
v 0.320605 0.698686 -0.172541
v 0.320358 0.698939 -0.173107
v 0.321037 0.699130 -0.172790
v 0.307853 0.759893 -0.182990
v 0.307948 0.760380 -0.182545
v 0.308532 0.760084 -0.182673
v 0.348769 0.717967 -0.089258
v 0.349200 0.718411 -0.089507
v 0.348864 0.718454 -0.088813
v 0.336112 0.779662 -0.099262
v 0.336358 0.779409 -0.098696
v 0.336695 0.779365 -0.099390
v 0.237007 0.686573 -0.141467
v 0.236423 0.686870 -0.141339
v 0.236760 0.686826 -0.142033
v 0.224350 0.748268 -0.151470
v 0.224255 0.747781 -0.151916
v 0.223918 0.747824 -0.151222
v 0.265170 0.705855 -0.058184
v 0.265265 0.706342 -0.057739
v 0.264587 0.706151 -0.058056
v 0.252513 0.767549 -0.068187
v 0.252081 0.767106 -0.067939
v 0.252760 0.767296 -0.067622
v 0.171807 0.694490 0.108884
v 0.171633 0.694752 0.108529
v 0.172153 0.694764 0.108709
v 0.170897 0.739576 0.107610
v 0.171062 0.739859 0.107954
v 0.171417 0.739589 0.107790
v 0.199734 0.696129 0.166510
v 0.200080 0.696404 0.166335
v 0.199899 0.696412 0.166854
v 0.198989 0.741498 0.165580
v 0.199163 0.741236 0.165935
v 0.199344 0.741229 0.165416
v 0.114168 0.694116 0.136828
v 0.113813 0.694385 0.136992
v 0.113994 0.694378 0.136473
v 0.113423 0.739485 0.135898
v 0.113258 0.739202 0.135554
v 0.113077 0.739210 0.136074
v 0.142095 0.695755 0.194454
v 0.142260 0.696038 0.194798
v 0.141740 0.696025 0.194618
v 0.141350 0.741124 0.193524
v 0.141004 0.740850 0.193699
v 0.141524 0.740862 0.193880
v -0.381510 0.000000 0.185169
v -0.382206 0.009952 0.196371
v -0.383324 0.291200 0.214363
v -0.383897 0.281248 0.223569
v -0.455830 0.000000 0.164479
v -0.461022 0.009952 0.174429
v -0.469362 0.291200 0.190411
v -0.473629 0.281248 0.198588
v -0.515309 0.000000 0.115349
v -0.524099 0.009952 0.122327
v -0.538218 0.291200 0.133535
v -0.545443 0.281248 0.139270
v -0.549663 0.000000 0.046274
v -0.560531 0.009952 0.049073
v -0.577989 0.291200 0.053570
v -0.586921 0.281248 0.055870
v -0.552952 0.000000 -0.030802
v -0.564019 0.009952 -0.032665
v -0.581796 0.291200 -0.035658
v -0.590892 0.281248 -0.037190
v -0.524606 0.000000 -0.102552
v -0.533959 0.009952 -0.108756
v -0.548982 0.291200 -0.118721
v -0.556668 0.281248 -0.123819
v -0.469528 0.000000 -0.156570
v -0.475549 0.009952 -0.166042
v -0.485220 0.291200 -0.181255
v -0.490168 0.281248 -0.189039
v -0.397241 0.000000 -0.183516
v -0.398889 0.009952 -0.194617
v -0.401535 0.291200 -0.212449
v -0.402890 0.281248 -0.221573
v -0.320243 0.000000 -0.178730
v -0.317233 0.009952 -0.189542
v -0.312398 0.291200 -0.206908
v -0.309925 0.281248 -0.215794
v -0.251849 0.000000 -0.143040
v -0.244701 0.009952 -0.151693
v -0.233221 0.291200 -0.165591
v -0.227347 0.281248 -0.172703
v -0.203884 0.000000 -0.082617
v -0.193835 0.009952 -0.087615
v -0.177694 0.291200 -0.095642
v -0.169435 0.281248 -0.099750
v -0.184642 0.000000 -0.007909
v -0.173429 0.009952 -0.008387
v -0.155419 0.291200 -0.009156
v -0.146203 0.281248 -0.009549
v -0.197450 0.000000 0.068167
v -0.187012 0.009952 0.072290
v -0.170246 0.291200 0.078914
v -0.161668 0.281248 0.082303
v -0.240094 0.000000 0.132456
v -0.232236 0.009952 0.140468
v -0.219613 0.291200 0.153339
v -0.213155 0.281248 0.159924
v -0.305200 0.000000 0.173842
v -0.301280 0.009952 0.184358
v -0.294983 0.291200 0.201250
v -0.291761 0.281248 0.209893
v -0.356709 0.280000 0.214365
v -0.356111 0.289985 0.224008
v -0.357683 0.560000 0.198645
v -0.357016 0.550015 0.209410
v -0.445048 0.280000 0.201238
v -0.448424 0.289985 0.210291
v -0.439544 0.560000 0.186481
v -0.443313 0.550015 0.196586
v -0.520411 0.280000 0.153316
v -0.527177 0.289985 0.160212
v -0.509381 0.560000 0.142073
v -0.516934 0.550015 0.149771
v -0.569766 0.280000 0.078883
v -0.578752 0.289985 0.082432
v -0.555117 0.560000 0.073099
v -0.565148 0.550015 0.077060
v -0.584580 0.280000 -0.009189
v -0.594233 0.289985 -0.009602
v -0.568844 0.560000 -0.008515
v -0.579620 0.550015 -0.008976
v -0.562291 0.280000 -0.095672
v -0.570941 0.289985 -0.099976
v -0.548190 0.560000 -0.088656
v -0.557846 0.550015 -0.093460
v -0.506754 0.280000 -0.165612
v -0.512905 0.289985 -0.173062
v -0.496725 0.560000 -0.153468
v -0.503592 0.550015 -0.161784
v -0.427570 0.280000 -0.206917
v -0.430160 0.289985 -0.216225
v -0.423348 0.560000 -0.191743
v -0.426239 0.550015 -0.202134
v -0.338432 0.280000 -0.212444
v -0.337012 0.289985 -0.222001
v -0.340747 0.560000 -0.196865
v -0.339162 0.550015 -0.207533
v -0.254752 0.280000 -0.181237
v -0.249568 0.289985 -0.189390
v -0.263204 0.560000 -0.167947
v -0.257417 0.550015 -0.177048
v -0.191000 0.280000 -0.118693
v -0.182948 0.289985 -0.124033
v -0.204127 0.560000 -0.109989
v -0.195138 0.550015 -0.115949
v -0.158199 0.280000 -0.035626
v -0.148671 0.289985 -0.037228
v -0.173730 0.560000 -0.033013
v -0.163095 0.550015 -0.034802
v -0.162020 0.280000 0.053602
v -0.152664 0.289985 0.056013
v -0.177271 0.560000 0.049671
v -0.166827 0.550015 0.052362
v -0.201802 0.280000 0.133561
v -0.194236 0.289985 0.139569
v -0.214136 0.560000 0.123766
v -0.205690 0.550015 0.130473
v -0.270668 0.280000 0.190426
v -0.266199 0.289985 0.198992
v -0.277952 0.560000 0.176462
v -0.272964 0.550015 0.186024
v -0.363220 0.035000 0.205334
v -0.363017 0.041000 0.211465
v -0.363220 0.077000 0.205334
v -0.363017 0.071000 0.211465
v -0.447323 0.035000 0.190340
v -0.449632 0.041000 0.196023
v -0.447323 0.077000 0.190340
v -0.449632 0.071000 0.196023
v -0.518056 0.035000 0.142434
v -0.522477 0.041000 0.146687
v -0.518056 0.077000 0.142434
v -0.522477 0.071000 0.146687
v -0.563189 0.035000 0.069900
v -0.568957 0.041000 0.071987
v -0.563189 0.077000 0.069900
v -0.568957 0.071000 0.071987
v -0.574918 0.035000 -0.014720
v -0.581036 0.041000 -0.015160
v -0.574918 0.077000 -0.014720
v -0.581036 0.071000 -0.015160
v -0.551215 0.035000 -0.096795
v -0.556625 0.041000 -0.099685
v -0.551215 0.077000 -0.096795
v -0.556625 0.071000 -0.099685
v -0.496177 0.035000 -0.162133
v -0.499945 0.041000 -0.166974
v -0.496177 0.077000 -0.162133
v -0.499945 0.071000 -0.166974
v -0.419323 0.035000 -0.199437
v -0.420796 0.041000 -0.205392
v -0.419323 0.077000 -0.199437
v -0.420796 0.071000 -0.205392
v -0.333941 0.035000 -0.202257
v -0.332864 0.041000 -0.208295
v -0.333941 0.077000 -0.202257
v -0.332864 0.071000 -0.208295
v -0.254793 0.035000 -0.170104
v -0.251353 0.041000 -0.175183
v -0.254793 0.077000 -0.170104
v -0.251353 0.071000 -0.175183
v -0.195566 0.035000 -0.108539
v -0.190357 0.041000 -0.111779
v -0.195566 0.077000 -0.108539
v -0.190357 0.071000 -0.111779
v -0.166499 0.035000 -0.028206
v -0.160424 0.041000 -0.029048
v -0.166499 0.077000 -0.028206
v -0.160424 0.071000 -0.029048
v -0.172621 0.035000 0.057003
v -0.166727 0.041000 0.058705
v -0.172621 0.077000 0.057003
v -0.166727 0.071000 0.058705
v -0.212870 0.035000 0.132357
v -0.208179 0.041000 0.136309
v -0.212870 0.077000 0.132357
v -0.208179 0.071000 0.136309
v -0.280289 0.035000 0.184824
v -0.277611 0.041000 0.190343
v -0.280289 0.077000 0.184824
v -0.277611 0.071000 0.190343
v -0.366558 0.259000 0.226840
v -0.366465 0.265000 0.232973
v -0.366558 0.301000 0.226840
v -0.366465 0.295000 0.232973
v -0.459119 0.259000 0.208629
v -0.461529 0.265000 0.214270
v -0.459119 0.301000 0.208629
v -0.461529 0.295000 0.214270
v -0.536272 0.259000 0.154344
v -0.540767 0.265000 0.158517
v -0.536272 0.301000 0.154344
v -0.540767 0.295000 0.158517
v -0.584674 0.259000 0.073371
v -0.590478 0.265000 0.075355
v -0.584674 0.301000 0.073371
v -0.590478 0.295000 0.075355
v -0.595957 0.259000 -0.020288
v -0.602066 0.265000 -0.020836
v -0.595957 0.301000 -0.020288
v -0.602066 0.295000 -0.020836
v -0.568170 0.259000 -0.110439
v -0.573528 0.265000 -0.113425
v -0.568170 0.301000 -0.110439
v -0.573528 0.295000 -0.113425
v -0.506118 0.259000 -0.181494
v -0.509798 0.265000 -0.186401
v -0.506118 0.301000 -0.181494
v -0.509798 0.295000 -0.186401
v -0.420530 0.259000 -0.221167
v -0.421896 0.265000 -0.227147
v -0.420530 0.301000 -0.221167
v -0.421896 0.295000 -0.227147
v -0.326204 0.259000 -0.222599
v -0.325020 0.265000 -0.228617
v -0.326204 0.301000 -0.222599
v -0.325020 0.295000 -0.228617
v -0.239452 0.259000 -0.185541
v -0.235922 0.265000 -0.190557
v -0.239452 0.301000 -0.185541
v -0.235922 0.295000 -0.190557
v -0.175272 0.259000 -0.116401
v -0.170007 0.265000 -0.119548
v -0.175272 0.301000 -0.116401
v -0.170007 0.295000 -0.119548
v -0.144763 0.259000 -0.027135
v -0.138673 0.265000 -0.027868
v -0.144763 0.301000 -0.027135
v -0.138673 0.295000 -0.027868
v -0.153199 0.259000 0.066824
v -0.147337 0.265000 0.068630
v -0.153199 0.301000 0.066824
v -0.147337 0.295000 0.068630
v -0.199122 0.259000 0.149227
v -0.194502 0.265000 0.153262
v -0.199122 0.301000 0.149227
v -0.194502 0.295000 0.153262
v -0.274591 0.259000 0.205828
v -0.272012 0.265000 0.211394
v -0.274591 0.301000 0.205828
v -0.272012 0.295000 0.211394
v -0.381011 0.511000 0.213082
v -0.381327 0.517000 0.219208
v -0.381011 0.553000 0.213082
v -0.381327 0.547000 0.219208
v -0.466727 0.511000 0.190181
v -0.469508 0.517000 0.195649
v -0.466727 0.553000 0.190181
v -0.469508 0.547000 0.195649
v -0.535718 0.511000 0.134397
v -0.540482 0.517000 0.138261
v -0.535718 0.553000 0.134397
v -0.540482 0.547000 0.138261
v -0.576055 0.511000 0.055374
v -0.581979 0.517000 0.056966
v -0.576055 0.553000 0.055374
v -0.581979 0.547000 0.056966
v -0.580764 0.511000 -0.033223
v -0.586823 0.517000 -0.034178
v -0.580764 0.553000 -0.033223
v -0.586823 0.547000 -0.034178
v -0.549029 0.511000 -0.116076
v -0.554176 0.517000 -0.119413
v -0.549029 0.553000 -0.116076
v -0.554176 0.547000 -0.119413
v -0.486339 0.511000 -0.178859
v -0.489683 0.517000 -0.184001
v -0.486339 0.553000 -0.178859
v -0.489683 0.547000 -0.184001
v -0.403532 0.511000 -0.210715
v -0.404496 0.517000 -0.216772
v -0.403532 0.553000 -0.210715
v -0.404496 0.547000 -0.216772
v -0.314928 0.511000 -0.206136
v -0.313345 0.517000 -0.212062
v -0.314928 0.553000 -0.206136
v -0.313345 0.547000 -0.212062
v -0.235846 0.511000 -0.165915
v -0.231989 0.517000 -0.170685
v -0.235846 0.553000 -0.165915
v -0.231989 0.547000 -0.170685
v -0.179961 0.511000 -0.097005
v -0.174497 0.517000 -0.099794
v -0.179961 0.553000 -0.097005
v -0.174497 0.547000 -0.099794
v -0.156935 0.511000 -0.011323
v -0.150809 0.517000 -0.011648
v -0.156935 0.553000 -0.011323
v -0.150809 0.547000 -0.011648
v -0.170750 0.511000 0.076317
v -0.165021 0.517000 0.078512
v -0.170750 0.553000 0.076317
v -0.165021 0.547000 0.078512
v -0.219017 0.511000 0.150762
v -0.214676 0.517000 0.155096
v -0.219017 0.553000 0.150762
v -0.214676 0.547000 0.155096
v -0.293390 0.511000 0.199138
v -0.291188 0.517000 0.204863
v -0.293390 0.553000 0.199138
v -0.291188 0.547000 0.204863
v -0.370000 0.358300 0.000000
v -0.535112 0.430161 -0.051881
v -0.371680 0.430161 -0.173063
v -0.205926 0.430162 -0.055077
v -0.266918 0.430161 0.139024
v -0.470366 0.430161 0.140997
v -0.473082 0.546439 -0.139024
v -0.269634 0.546439 -0.140997
v -0.204888 0.546439 0.051881
v -0.368320 0.546439 0.173063
v -0.534074 0.546438 0.055077
v -0.370000 0.618300 0.000000
v -0.370988 0.377715 -0.101723
v -0.467050 0.377715 -0.030495
v -0.468038 0.419954 -0.132219
v -0.526043 0.419954 0.052381
v -0.428993 0.377715 0.082876
v -0.273560 0.377715 -0.032373
v -0.274547 0.419954 -0.134097
v -0.309410 0.377715 0.081716
v -0.212969 0.419954 0.049343
v -0.368404 0.419954 0.164592
v -0.563491 0.488300 0.001879
v -0.525434 0.488300 0.115249
v -0.431578 0.488300 -0.183441
v -0.527641 0.488300 -0.112212
v -0.214566 0.488300 -0.115249
v -0.311994 0.488300 -0.184601
v -0.212359 0.488300 0.112212
v -0.176509 0.488300 -0.001879
v -0.428006 0.488300 0.184601
v -0.308422 0.488300 0.183441
v -0.527031 0.556646 -0.049343
v -0.371596 0.556646 -0.164592
v -0.213957 0.556646 -0.052381
v -0.271962 0.556646 0.132219
v -0.465453 0.556646 0.134097
v -0.430590 0.598885 -0.081716
v -0.466440 0.598885 0.032373
v -0.311007 0.598885 -0.082876
v -0.272950 0.598885 0.030495
v -0.369012 0.598885 0.101723
v -0.524864 0.530025 -0.067116
v -0.525267 0.530293 -0.067145
v -0.524838 0.530312 -0.067507
v -0.526474 0.576042 -0.066275
v -0.526086 0.576329 -0.066235
v -0.526045 0.576060 -0.066636
v -0.459740 0.531636 -0.061461
v -0.459714 0.531923 -0.061852
v -0.459352 0.531924 -0.061422
v -0.460962 0.577940 -0.060580
v -0.460559 0.577672 -0.060551
v -0.460921 0.577671 -0.060981
v -0.530486 0.528638 -0.001984
v -0.530527 0.528907 -0.001584
v -0.530889 0.528906 -0.002013
v -0.531708 0.574942 -0.001103
v -0.532096 0.574654 -0.001143
v -0.531734 0.574655 -0.000713
v -0.465362 0.530249 0.003671
v -0.464974 0.530536 0.003710
v -0.465403 0.530518 0.004071
v -0.466584 0.576552 0.004552
v -0.466610 0.576266 0.004942
v -0.466181 0.576284 0.004581
v -0.376235 0.536392 0.029110
v -0.376611 0.536660 0.028757
v -0.375945 0.536760 0.028766
v -0.384741 0.590911 0.026791
v -0.384464 0.591302 0.027121
v -0.384075 0.591011 0.026801
v -0.322500 0.546480 0.085324
v -0.322210 0.546849 0.084981
v -0.322223 0.546871 0.085654
v -0.330729 0.601391 0.083335
v -0.330353 0.601122 0.083688
v -0.330340 0.601100 0.083015
v -0.432154 0.529990 0.083712
v -0.432543 0.530280 0.084032
v -0.432530 0.530258 0.083359
v -0.440383 0.584900 0.081723
v -0.440660 0.584509 0.081394
v -0.440673 0.584532 0.082067
v -0.378419 0.540079 0.139926
v -0.378142 0.540469 0.140256
v -0.378808 0.540369 0.140246
v -0.386648 0.594989 0.137937
v -0.386938 0.594620 0.138281
v -0.386272 0.594721 0.138290
v -0.454012 0.528465 -0.167721
v -0.454413 0.528727 -0.167776
v -0.453965 0.528746 -0.168111
v -0.456095 0.574280 -0.167548
v -0.455714 0.574571 -0.167490
v -0.455647 0.574298 -0.167883
v -0.389608 0.530796 -0.158374
v -0.389562 0.531077 -0.158764
v -0.389227 0.531087 -0.158316
v -0.391310 0.576902 -0.158143
v -0.390909 0.576639 -0.158088
v -0.391243 0.576629 -0.158536
v -0.463340 0.527798 -0.103276
v -0.463407 0.528071 -0.102883
v -0.463742 0.528061 -0.103331
v -0.465043 0.573904 -0.103045
v -0.465424 0.573613 -0.103103
v -0.465089 0.573623 -0.102655
v -0.398937 0.530129 -0.093929
v -0.398556 0.530420 -0.093871
v -0.399004 0.530402 -0.093536
v -0.400639 0.576235 -0.093698
v -0.400685 0.575954 -0.093308
v -0.400238 0.575972 -0.093643
v -0.385412 0.536737 0.009174
v -0.385743 0.536999 0.008713
v -0.385050 0.537144 0.008867
v -0.396641 0.594764 0.003586
v -0.396442 0.595202 0.003985
v -0.395948 0.594908 0.003741
v -0.341880 0.551225 0.079889
v -0.341518 0.551632 0.079583
v -0.341682 0.551664 0.080287
v -0.352910 0.609691 0.074700
v -0.352580 0.609428 0.075160
v -0.352416 0.609397 0.074456
v -0.455898 0.527459 0.054465
v -0.456392 0.527753 0.054709
v -0.456228 0.527721 0.054005
v -0.466928 0.585924 0.049276
v -0.467126 0.585486 0.048878
v -0.467290 0.585517 0.049583
v -0.412365 0.541947 0.125180
v -0.412167 0.542386 0.125579
v -0.412860 0.542242 0.125424
v -0.423395 0.600413 0.119992
v -0.423757 0.600006 0.120298
v -0.423065 0.600150 0.120452
v -0.349689 0.534275 0.059688
v -0.349764 0.534536 0.059280
v -0.349303 0.534566 0.059609
v -0.351283 0.580687 0.057259
v -0.351226 0.580987 0.057642
v -0.350822 0.580717 0.057588
v -0.338836 0.537481 0.124740
v -0.338450 0.537772 0.124661
v -0.338779 0.537781 0.125123
v -0.340373 0.584193 0.122694
v -0.340298 0.583932 0.123102
v -0.339969 0.583923 0.122640
v -0.414784 0.532612 0.070630
v -0.415188 0.532883 0.070684
v -0.414859 0.532873 0.070222
v -0.416321 0.579324 0.068584
v -0.416378 0.579024 0.068201
v -0.416707 0.579034 0.068663
v -0.403931 0.535818 0.135682
v -0.403874 0.536118 0.136065
v -0.404336 0.536088 0.135736
v -0.405468 0.582530 0.133636
v -0.405854 0.582240 0.133715
v -0.405393 0.582269 0.134044
v -0.495956 0.534205 -0.066357
v -0.496448 0.534468 -0.066385
v -0.495950 0.534560 -0.066787
v -0.503150 0.586629 -0.062644
v -0.502739 0.587000 -0.062570
v -0.502652 0.586722 -0.063046
v -0.421646 0.543148 -0.057931
v -0.421640 0.543504 -0.058362
v -0.421236 0.543519 -0.057857
v -0.428429 0.595943 -0.054144
v -0.427937 0.595681 -0.054116
v -0.428342 0.595665 -0.054620
v -0.503657 0.527861 0.008298
v -0.503745 0.528139 0.008775
v -0.504149 0.528124 0.008270
v -0.510440 0.580656 0.012085
v -0.510851 0.580285 0.012011
v -0.510446 0.580301 0.012516
v -0.429347 0.536804 0.016724
v -0.428937 0.537175 0.016798
v -0.429435 0.537082 0.017200
v -0.436131 0.589599 0.020511
v -0.436137 0.589244 0.020941
v -0.435639 0.589337 0.020539
vn -0.1111 -0.7390 0.6645
vn -0.1218 0.6737 0.7289
vn -0.3717 -0.7390 0.5619
vn -0.4077 0.6737 0.6163
vn -0.5682 -0.7390 0.3621
vn -0.6231 0.6737 0.3972
vn -0.6663 -0.7390 0.0997
vn -0.7308 0.6737 0.1094
vn -0.6493 -0.7390 -0.1799
vn -0.7121 0.6737 -0.1973
vn -0.5200 -0.7390 -0.4284
vn -0.5703 0.6737 -0.4699
vn -0.3007 -0.7390 -0.6029
vn -0.3299 0.6737 -0.6613
vn -0.0295 -0.7390 -0.6731
vn -0.0324 0.6737 -0.7383
vn 0.2468 -0.7390 -0.6269
vn 0.2707 0.6737 -0.6876
vn 0.4804 -0.7390 -0.4723
vn 0.5270 0.6737 -0.5181
vn 0.6310 -0.7390 -0.2361
vn 0.6921 0.6737 -0.2589
vn 0.6725 -0.7390 0.0410
vn 0.7376 0.6737 0.0450
vn 0.5977 -0.7390 0.3110
vn 0.6555 0.6737 0.3411
vn 0.4195 -0.7390 0.5272
vn 0.4601 0.6737 0.5782
vn 0.1688 -0.7390 0.6522
vn 0.1852 0.6737 0.7154
vn -0.0000 -1.0000 -0.0000
vn -0.1641 -0.0921 0.9821
vn 0.2495 -0.0921 0.9640
vn -0.0000 1.0000 -0.0000
vn -0.5494 -0.0921 0.8305
vn -0.8397 -0.0921 0.5352
vn -0.9848 -0.0921 0.1474
vn -0.9596 -0.0921 -0.2659
vn -0.7685 -0.0921 -0.6332
vn -0.4445 -0.0921 -0.8910
vn -0.0436 -0.0921 -0.9948
vn 0.3647 -0.0921 -0.9265
vn 0.7101 -0.0921 -0.6981
vn 0.9326 -0.0921 -0.3489
vn 0.9939 -0.0921 0.0606
vn 0.8833 -0.0921 0.4596
vn 0.6200 -0.0921 0.7791
vn -0.1487 -0.6886 0.7098
vn -0.1412 0.7252 0.6739
vn -0.4246 -0.6886 0.5879
vn -0.4031 0.7252 0.5582
vn -0.6270 -0.6886 0.3644
vn -0.5953 0.7252 0.3460
vn -0.7210 -0.6886 0.0779
vn -0.6846 0.7252 0.0739
vn -0.6903 -0.6886 -0.2221
vn -0.6555 0.7252 -0.2109
vn -0.5403 -0.6886 -0.4837
vn -0.5130 0.7252 -0.4593
vn -0.2969 -0.6886 -0.6616
vn -0.2819 0.7252 -0.6282
vn -0.0021 -0.6886 -0.7252
vn -0.0020 0.7252 -0.6886
vn 0.2931 -0.6886 -0.6633
vn 0.2783 0.7252 -0.6298
vn 0.5375 -0.6886 -0.4868
vn 0.5104 0.7252 -0.4622
vn 0.6890 -0.6886 -0.2261
vn 0.6543 0.7252 -0.2147
vn 0.7214 -0.6886 0.0737
vn 0.6850 0.7252 0.0700
vn 0.6291 -0.6886 0.3608
vn 0.5973 0.7252 0.3426
vn 0.4279 -0.6886 0.5855
vn 0.4063 0.7252 0.5559
vn 0.1528 -0.6886 0.7089
vn 0.1451 0.7252 0.6731
vn -0.2048 0.0517 0.9774
vn 0.2104 0.0517 0.9762
vn -0.5847 0.0517 0.8096
vn -0.8634 0.0517 0.5018
vn -0.9929 0.0517 0.1072
vn -0.9507 0.0517 -0.3059
vn -0.7441 0.0517 -0.6661
vn -0.4088 0.0517 -0.9112
vn -0.0029 0.0517 -0.9987
vn 0.4036 0.0517 -0.9135
vn 0.7402 0.0517 -0.6704
vn 0.9489 0.0517 -0.3113
vn 0.9935 0.0517 0.1015
vn 0.8663 0.0517 0.4969
vn 0.5893 0.0517 0.8062
vn -0.1434 -0.7071 0.6924
vn -0.1434 0.7071 0.6924
vn -0.4126 -0.7071 0.5742
vn -0.4126 0.7071 0.5742
vn -0.6105 -0.7071 0.3567
vn -0.6105 0.7071 0.3567
vn -0.7028 -0.7071 0.0776
vn -0.7028 0.7071 0.0776
vn -0.6736 -0.7071 -0.2150
vn -0.6736 0.7071 -0.2150
vn -0.5279 -0.7071 -0.4704
vn -0.5279 0.7071 -0.4704
vn -0.2910 -0.7071 -0.6445
vn -0.2910 0.7071 -0.6445
vn -0.0037 -0.7071 -0.7071
vn -0.0037 0.7071 -0.7071
vn 0.2842 -0.7071 -0.6475
vn 0.2842 0.7071 -0.6475
vn 0.5230 -0.7071 -0.4759
vn 0.5230 0.7071 -0.4759
vn 0.6713 -0.7071 -0.2220
vn 0.6714 0.7071 -0.2220
vn 0.7036 -0.7071 0.0702
vn 0.7036 0.7071 0.0702
vn 0.6142 -0.7071 0.3504
vn 0.6142 0.7071 0.3504
vn 0.4186 -0.7071 0.5699
vn 0.4186 0.7071 0.5699
vn 0.1506 -0.7071 0.6909
vn 0.1506 0.7071 0.6909
vn -0.2028 -0.0000 0.9792
vn 0.2130 -0.0000 0.9771
vn -0.5836 -0.0000 0.8121
vn -0.8634 -0.0000 0.5045
vn -0.9940 -0.0000 0.1097
vn -0.9527 -0.0000 -0.3041
vn -0.7466 -0.0000 -0.6652
vn -0.4115 -0.0000 -0.9114
vn -0.0052 -0.0000 -1.0000
vn 0.4020 -0.0000 -0.9157
vn 0.7396 -0.0000 -0.6730
vn 0.9494 -0.0000 -0.3140
vn 0.9951 -0.0000 0.0993
vn 0.8686 -0.0000 0.4955
vn 0.5920 -0.0000 0.8059
vn -0.1538 -0.7071 0.6902
vn -0.1538 0.7071 0.6902
vn -0.4212 -0.7071 0.5679
vn -0.4212 0.7071 0.5679
vn -0.6158 -0.7071 0.3475
vn -0.6158 0.7071 0.3475
vn -0.7039 -0.7071 0.0670
vn -0.7039 0.7071 0.0670
vn -0.6703 -0.7071 -0.2251
vn -0.6703 0.7071 -0.2251
vn -0.5208 -0.7071 -0.4783
vn -0.5208 0.7071 -0.4783
vn -0.2812 -0.7071 -0.6488
vn -0.2812 0.7071 -0.6488
vn 0.0070 -0.7071 -0.7071
vn 0.0070 0.7071 -0.7071
vn 0.2940 -0.7071 -0.6431
vn 0.2940 0.7071 -0.6431
vn 0.5301 -0.7071 -0.4679
vn 0.5301 0.7071 -0.4679
vn 0.6746 -0.7071 -0.2119
vn 0.6746 0.7071 -0.2119
vn 0.7025 -0.7071 0.0808
vn 0.7025 0.7071 0.0808
vn 0.6089 -0.7071 0.3596
vn 0.6089 0.7071 0.3596
vn 0.4100 -0.7071 0.5761
vn 0.4100 0.7071 0.5761
vn 0.1402 -0.7071 0.6931
vn 0.1402 0.7071 0.6931
vn -0.2175 -0.0000 0.9761
vn 0.1983 -0.0000 0.9801
vn -0.5957 -0.0000 0.8032
vn -0.8709 -0.0000 0.4914
vn -0.9955 -0.0000 0.0947
vn -0.9480 -0.0000 -0.3184
vn -0.7365 -0.0000 -0.6764
vn -0.3977 -0.0000 -0.9175
vn 0.0099 -0.0000 -1.0000
vn 0.4157 -0.0000 -0.9095
vn 0.7497 -0.0000 -0.6618
vn 0.9541 -0.0000 -0.2996
vn 0.9934 -0.0000 0.1143
vn 0.8611 -0.0000 0.5085
vn 0.5798 -0.0000 0.8148
vn -0.1699 -0.7071 0.6864
vn -0.1699 0.7071 0.6864
vn -0.4344 -0.7071 0.5580
vn -0.4344 0.7071 0.5580
vn -0.6238 -0.7071 0.3330
vn -0.6238 0.7071 0.3330
vn -0.7053 -0.7071 0.0505
vn -0.7053 0.7071 0.0505
vn -0.6649 -0.7071 -0.2407
vn -0.6649 0.7071 -0.2407
vn -0.5095 -0.7071 -0.4903
vn -0.5095 0.7071 -0.4903
vn -0.2660 -0.7071 -0.6552
vn -0.2660 0.7071 -0.6552
vn 0.0235 -0.7071 -0.7067
vn 0.0235 0.7071 -0.7067
vn 0.3089 -0.7071 -0.6361
vn 0.3089 0.7071 -0.6361
vn 0.5409 -0.7071 -0.4555
vn 0.5409 0.7071 -0.4555
vn 0.6794 -0.7071 -0.1961
vn 0.6794 0.7071 -0.1961
vn 0.7004 -0.7071 0.0972
vn 0.7004 0.7071 0.0972
vn 0.6003 -0.7071 0.3737
vn 0.6003 0.7071 0.3737
vn 0.3964 -0.7071 0.5855
vn 0.3964 0.7071 0.5855
vn 0.1240 -0.7071 0.6961
vn 0.1240 0.7071 0.6962
vn -0.2402 -0.0000 0.9707
vn 0.1754 -0.0000 0.9845
vn -0.6143 -0.0000 0.7891
vn -0.8821 -0.0000 0.4710
vn -0.9974 -0.0000 0.0715
vn -0.9403 -0.0000 -0.3404
vn -0.7205 -0.0000 -0.6934
vn -0.3762 -0.0000 -0.9265
vn 0.0332 -0.0000 -0.9994
vn 0.4368 -0.0000 -0.8996
vn 0.7649 -0.0000 -0.6441
vn 0.9608 -0.0000 -0.2773
vn 0.9905 -0.0000 0.1375
vn 0.8490 -0.0000 0.5284
vn 0.5606 -0.0000 0.8281
vn -0.0780 -0.9825 -0.1691
vn -0.5059 -0.8531 -0.1279
vn 0.1368 -0.9825 -0.1264
vn 0.1625 -0.9825 0.0910
vn -0.0363 -0.9825 0.1827
vn -0.8270 -0.5440 -0.1420
vn -0.1205 -0.5440 -0.8304
vn 0.7525 -0.5440 -0.3712
vn 0.5856 -0.5440 0.6009
vn -0.3906 -0.5440 0.7426
vn -0.8495 -0.2284 -0.4756
vn 0.1898 -0.2284 -0.9549
vn 0.9668 -0.2284 -0.1145
vn 0.4077 -0.2284 0.8841
vn -0.7149 -0.2284 0.6609
vn -0.3341 0.8530 -0.4009
vn 0.2780 0.8530 -0.4416
vn 0.5059 0.8530 0.1279
vn 0.0347 0.8530 0.5207
vn -0.4845 0.8530 0.1939
vn -0.1368 0.9825 0.1264
vn -0.2799 0.9245 0.2588
vn -0.2312 0.8530 0.4678
vn 0.0780 0.9825 0.1691
vn 0.1597 0.9245 0.3462
vn 0.3735 0.8531 0.3644
vn 0.1850 0.9825 -0.0219
vn 0.3786 0.9245 -0.0449
vn 0.4620 0.8531 -0.2426
vn 0.0363 0.9825 -0.1827
vn 0.0743 0.9245 -0.3739
vn -0.0879 0.8530 -0.5144
vn -0.1625 0.9825 -0.0910
vn -0.3327 0.9245 -0.1863
vn -0.5164 0.8530 -0.0753
vn -0.7525 0.5440 0.3712
vn -0.6922 0.3335 0.6400
vn -0.4290 0.5440 0.7211
vn 0.1205 0.5440 0.8304
vn 0.3948 0.3335 0.8561
vn 0.5533 0.5440 0.6308
vn 0.8270 0.5440 0.1420
vn 0.9362 0.3335 -0.1109
vn 0.7709 0.5440 -0.3313
vn 0.3906 0.5440 -0.7426
vn 0.1838 0.3335 -0.9247
vn -0.0768 0.5440 -0.8355
vn -0.5856 0.5440 -0.6009
vn -0.8226 0.3335 -0.4606
vn -0.8184 0.5440 -0.1851
vn -0.1898 0.2284 0.9549
vn -0.1838 -0.3335 0.9246
vn 0.0768 -0.5440 0.8355
vn 0.8495 0.2284 0.4756
vn 0.8226 -0.3335 0.4606
vn 0.8184 -0.5440 0.1851
vn 0.7149 0.2284 -0.6609
vn 0.6922 -0.3335 -0.6400
vn 0.4290 -0.5440 -0.7211
vn -0.4077 0.2284 -0.8841
vn -0.3948 -0.3335 -0.8561
vn -0.5533 -0.5440 -0.6308
vn -0.9668 0.2284 0.1145
vn -0.9362 -0.3335 0.1109
vn -0.7709 -0.5440 0.3313
vn -0.2780 -0.8531 0.4416
vn -0.0743 -0.9245 0.3739
vn 0.0879 -0.8530 0.5144
vn 0.3341 -0.8530 0.4009
vn 0.3327 -0.9245 0.1863
vn 0.5164 -0.8530 0.0753
vn 0.4845 -0.8530 -0.1939
vn 0.2799 -0.9245 -0.2588
vn 0.2312 -0.8530 -0.4678
vn -0.4620 -0.8530 0.2426
vn -0.3786 -0.9245 0.0449
vn -0.1850 -0.9825 0.0219
vn -0.0347 -0.8530 -0.5207
vn -0.1597 -0.9245 -0.3462
vn -0.3735 -0.8530 -0.3644
vn 0.3667 -0.7199 -0.5893
vn 0.0741 0.6621 -0.7457
vn 0.7985 -0.5294 0.2866
vn 0.5061 0.8526 0.1301
vn -0.5060 -0.8527 -0.1302
vn -0.7986 0.5293 -0.2865
vn -0.0741 -0.6621 0.7457
vn -0.3666 0.7200 0.5893
vn 0.6716 -0.7201 -0.1744
vn 0.3133 -0.0411 -0.9488
vn 0.3344 0.8731 -0.3548
vn 0.9270 0.2298 0.2963
vn 0.4175 -0.6868 0.5950
vn 0.0802 0.9065 0.4146
vn -0.3133 0.0411 0.9488
vn -0.3344 -0.8731 0.3548
vn -0.6715 0.7201 0.1744
vn -0.9271 -0.2298 -0.2961
vn -0.0803 -0.9064 -0.4147
vn -0.4176 0.6867 -0.5950
vn 0.2058 -0.9724 0.1101
vn 0.8771 0.1334 -0.4615
vn -0.4340 -0.1916 -0.8803
vn -0.2058 0.9724 -0.1101
vn 0.4340 0.1916 0.8803
vn -0.8771 -0.1334 0.4615
vn -0.2415 -0.7211 -0.6494
vn -0.2897 0.6994 -0.6534
vn 0.6752 -0.6889 -0.2637
vn 0.6270 0.7316 -0.2678
vn -0.6268 -0.7317 0.2678
vn -0.6753 0.6888 0.2637
vn 0.2897 -0.6994 0.6534
vn 0.2414 0.7211 0.6494
vn 0.2501 -0.8127 -0.5263
vn -0.3775 -0.0154 -0.9259
vn 0.1944 0.8248 -0.5310
vn 0.9254 0.0303 -0.3778
vn 0.5563 -0.8001 0.2246
vn 0.5005 0.8374 0.2199
vn 0.3775 0.0154 0.9259
vn -0.1944 -0.8248 0.5309
vn -0.2499 0.8127 0.5263
vn -0.9254 -0.0303 0.3778
vn -0.5006 -0.8373 -0.2199
vn -0.5563 0.8001 -0.2246
vn 0.0339 -0.9994 0.0029
vn 0.3874 0.0105 -0.9218
vn -0.9213 -0.0324 -0.3876
vn -0.0339 0.9994 -0.0029
vn 0.9213 0.0324 0.3876
vn -0.3874 -0.0105 0.9218
vn -0.2647 -0.7176 -0.6441
vn -0.4648 0.6870 -0.5586
vn 0.6937 -0.5953 -0.4054
vn 0.4932 0.8090 -0.3198
vn -0.4932 -0.8090 0.3198
vn -0.6937 0.5954 0.4054
vn 0.4649 -0.6869 0.5585
vn 0.2646 0.7176 0.6442
vn 0.2473 -0.7568 -0.6050
vn -0.5185 -0.0219 -0.8548
vn 0.0162 0.8622 -0.5062
vn 0.8433 0.1519 -0.5155
vn 0.6678 -0.7391 0.0882
vn 0.4365 0.8801 0.1870
vn 0.5185 0.0219 0.8548
vn -0.0162 -0.8622 0.5063
vn -0.2474 0.7568 0.6050
vn -0.8434 -0.1519 0.5154
vn -0.4367 -0.8800 -0.1870
vn -0.6678 0.7391 -0.0882
vn 0.1411 -0.9882 -0.0603
vn 0.2297 0.0919 -0.9689
vn -0.9630 -0.1229 -0.2399
vn -0.1411 0.9882 0.0603
vn 0.9630 0.1229 0.2399
vn -0.2297 -0.0919 0.9689
vn -0.3928 -0.7204 -0.5716
vn -0.5091 0.6948 -0.5080
vn 0.5951 -0.6431 -0.4819
vn 0.4786 0.7720 -0.4182
vn -0.4784 -0.7721 0.4184
vn -0.5951 0.6431 0.4820
vn 0.5091 -0.6947 0.5081
vn 0.3928 0.7204 0.5716
vn 0.1166 -0.7859 -0.6072
vn -0.6411 -0.0183 -0.7673
vn -0.0177 0.8454 -0.5339
vn 0.7631 0.0916 -0.6398
vn 0.6366 -0.7711 0.0151
vn 0.5023 0.8601 0.0883
vn 0.6410 0.0183 0.7673
vn 0.0177 -0.8454 0.5339
vn -0.1166 0.7859 0.6072
vn -0.7631 -0.0916 0.6398
vn -0.5023 -0.8601 -0.0883
vn -0.6365 0.7711 -0.0151
vn 0.0820 -0.9956 -0.0447
vn 0.0863 0.0518 -0.9949
vn -0.9929 -0.0777 -0.0901
vn -0.0820 0.9956 0.0447
vn 0.9929 0.0777 0.0901
vn -0.0863 -0.0518 0.9949
vn 0.4474 -0.7272 -0.5206
vn 0.1653 0.6479 -0.7436
vn 0.7589 -0.5139 0.4000
vn 0.4766 0.8611 0.1771
vn -0.4767 -0.8610 -0.1771
vn -0.7588 0.5140 -0.4001
vn -0.1654 -0.6479 0.7435
vn -0.4474 0.7272 0.5206
vn 0.6953 -0.7154 -0.0695
vn 0.4355 -0.0563 -0.8984
vn 0.3702 0.8697 -0.3265
vn 0.8780 0.2466 0.4102
vn 0.3421 -0.6697 0.6591
vn 0.0168 0.9154 0.4021
vn -0.4355 0.0563 0.8984
vn -0.3700 -0.8698 0.3265
vn -0.6952 0.7154 0.0695
vn -0.8780 -0.2466 -0.4102
vn -0.0169 -0.9154 -0.4021
vn -0.3421 0.6697 -0.6592
vn 0.1985 -0.9675 0.1569
vn 0.9288 0.1346 -0.3452
vn -0.3129 -0.2142 -0.9253
vn -0.1985 0.9675 -0.1569
vn 0.3129 0.2142 0.9253
vn -0.9288 -0.1346 0.3452
vn 0.2423 -0.7203 -0.6500
vn 0.2191 0.7006 -0.6791
vn 0.6764 -0.6946 0.2450
vn 0.6528 0.7261 0.2160
vn -0.6528 -0.7261 -0.2160
vn -0.6763 0.6946 -0.2450
vn -0.2192 -0.7005 0.6791
vn -0.2422 0.7203 0.6500
vn 0.5293 -0.8157 -0.2334
vn 0.3280 -0.0140 -0.9446
vn 0.5025 0.8223 -0.2670
vn 0.9445 0.0222 0.3276
vn 0.2635 -0.8043 0.5327
vn 0.2366 0.8336 0.4991
vn -0.3280 0.0140 0.9446
vn -0.5025 -0.8223 0.2669
vn -0.5294 0.8157 0.2334
vn -0.9445 -0.0222 -0.3277
vn -0.2366 -0.8336 -0.4991
vn -0.2635 0.8043 -0.5327
vn 0.0164 -0.9997 0.0205
vn 0.8998 0.0058 -0.4362
vn -0.4360 -0.0256 -0.8996
vn -0.0164 0.9997 -0.0205
vn 0.4360 0.0256 0.8996
vn -0.8998 -0.0058 0.4362
vn -0.1801 -0.7409 0.6470
vn -0.1987 0.6716 0.7137
vn -0.4277 -0.7409 0.5178
vn -0.4718 0.6716 0.5712
vn -0.6014 -0.7409 0.2991
vn -0.6634 0.6716 0.3299
vn -0.6710 -0.7409 0.0286
vn -0.7402 0.6716 0.0316
vn -0.6247 -0.7409 -0.2468
vn -0.6891 0.6716 -0.2722
vn -0.4703 -0.7409 -0.4795
vn -0.5188 0.6716 -0.5289
vn -0.2346 -0.7409 -0.6293
vn -0.2588 0.6716 -0.6942
vn 0.0417 -0.7409 -0.6704
vn 0.0460 0.6716 -0.7394
vn 0.3107 -0.7409 -0.5955
vn 0.3427 0.6716 -0.6568
vn 0.5261 -0.7409 -0.4176
vn 0.5803 0.6716 -0.4606
vn 0.6504 -0.7409 -0.1675
vn 0.7175 0.6716 -0.1848
vn 0.6623 -0.7409 0.1115
vn 0.7306 0.6716 0.1230
vn 0.5597 -0.7409 0.3713
vn 0.6174 0.6716 0.4095
vn 0.3603 -0.7409 0.5668
vn 0.3975 0.6716 0.6252
vn 0.0986 -0.7409 0.6644
vn 0.1088 0.6716 0.7328
vn -0.2669 -0.0978 0.9587
vn 0.1461 -0.0978 0.9844
vn -0.6338 -0.0978 0.7673
vn -0.8911 -0.0978 0.4432
vn -0.9943 -0.0978 0.0424
vn -0.9256 -0.0978 -0.3657
vn -0.6968 -0.0978 -0.7105
vn -0.3476 -0.0978 -0.9325
vn 0.0617 -0.0978 -0.9933
vn 0.4604 -0.0978 -0.8823
vn 0.7795 -0.0978 -0.6188
vn 0.9638 -0.0978 -0.2482
vn 0.9814 -0.0978 0.1652
vn 0.8293 -0.0978 0.5501
vn 0.5339 -0.0978 0.8399
vn -0.1067 -0.6874 0.7184
vn -0.1010 0.7263 0.6799
vn -0.3897 -0.6874 0.6129
vn -0.3689 0.7263 0.5801
vn -0.6053 -0.6874 0.4014
vn -0.5729 0.7263 0.3799
vn -0.7162 -0.6874 0.1205
vn -0.6779 0.7263 0.1140
vn -0.7033 -0.6874 -0.1813
vn -0.6657 0.7263 -0.1716
vn -0.5688 -0.6874 -0.4516
vn -0.5383 0.7263 -0.4275
vn -0.3359 -0.6874 -0.6439
vn -0.3179 0.7263 -0.6095
vn -0.0449 -0.6874 -0.7249
vn -0.0425 0.7263 -0.6861
vn 0.2538 -0.6874 -0.6805
vn 0.2402 0.7263 -0.6441
vn 0.5086 -0.6874 -0.5184
vn 0.4814 0.7263 -0.4907
vn 0.6755 -0.6874 -0.2667
vn 0.6394 0.7263 -0.2525
vn 0.7256 -0.6874 0.0311
vn 0.6868 0.7263 0.0294
vn 0.6502 -0.6874 0.3235
vn 0.6154 0.7263 0.3062
vn 0.4624 -0.6874 0.5600
vn 0.4377 0.7263 0.5301
vn 0.1947 -0.6874 0.6997
vn 0.1843 0.7263 0.6623
vn -0.1468 0.0549 0.9876
vn 0.2676 0.0549 0.9620
vn -0.5358 0.0549 0.8426
vn -0.8322 0.0549 0.5518
vn -0.9847 0.0549 0.1656
vn -0.9669 0.0549 -0.2492
vn -0.7819 0.0549 -0.6209
vn -0.4618 0.0549 -0.8853
vn -0.0618 0.0549 -0.9966
vn 0.3489 0.0549 -0.9356
vn 0.6993 0.0549 -0.7128
vn 0.9287 0.0549 -0.3667
vn 0.9976 0.0549 0.0427
vn 0.8940 0.0549 0.4448
vn 0.6358 0.0549 0.7699
vn -0.1241 -0.7071 0.6961
vn -0.1241 0.7071 0.6961
vn -0.3965 -0.7071 0.5855
vn -0.3965 0.7071 0.5855
vn -0.6004 -0.7071 0.3736
vn -0.6004 0.7071 0.3736
vn -0.7004 -0.7071 0.0971
vn -0.7004 0.7071 0.0971
vn -0.6793 -0.7071 -0.1962
vn -0.6793 0.7071 -0.1962
vn -0.5408 -0.7071 -0.4555
vn -0.5408 0.7071 -0.4555
vn -0.3088 -0.7071 -0.6361
vn -0.3088 0.7071 -0.6361
vn -0.0233 -0.7071 -0.7067
vn -0.0233 0.7071 -0.7067
vn 0.2661 -0.7071 -0.6551
vn 0.2661 0.7071 -0.6551
vn 0.5096 -0.7071 -0.4902
vn 0.5096 0.7071 -0.4902
vn 0.6649 -0.7071 -0.2406
vn 0.6649 0.7071 -0.2406
vn 0.7053 -0.7071 0.0507
vn 0.7053 0.7071 0.0507
vn 0.6237 -0.7071 0.3332
vn 0.6237 0.7071 0.3332
vn 0.4343 -0.7071 0.5580
vn 0.4343 0.7071 0.5580
vn 0.1698 -0.7071 0.6864
vn 0.1698 0.7071 0.6864
vn -0.1755 -0.0000 0.9845
vn 0.2401 -0.0000 0.9708
vn -0.5608 -0.0000 0.8280
vn -0.8491 -0.0000 0.5283
vn -0.9905 -0.0000 0.1373
vn -0.9607 -0.0000 -0.2775
vn -0.7648 -0.0000 -0.6442
vn -0.4367 -0.0000 -0.8996
vn -0.0330 -0.0000 -0.9995
vn 0.3764 -0.0000 -0.9265
vn 0.7207 -0.0000 -0.6933
vn 0.9403 -0.0000 -0.3402
vn 0.9974 -0.0000 0.0717
vn 0.8821 -0.0000 0.4711
vn 0.6142 -0.0000 0.7892
vn -0.1365 -0.7071 0.6938
vn -0.1365 0.7071 0.6938
vn -0.4069 -0.7071 0.5783
vn -0.4069 0.7071 0.5783
vn -0.6069 -0.7071 0.3628
vn -0.6069 0.7071 0.3628
vn -0.7020 -0.7071 0.0846
vn -0.7020 0.7071 0.0846
vn -0.6757 -0.7071 -0.2083
vn -0.6757 0.7071 -0.2083
vn -0.5326 -0.7071 -0.4651
vn -0.5326 0.7071 -0.4651
vn -0.2974 -0.7071 -0.6415
vn -0.2974 0.7071 -0.6415
vn -0.0107 -0.7071 -0.7070
vn -0.0107 0.7071 -0.7070
vn 0.2778 -0.7071 -0.6503
vn 0.2778 0.7071 -0.6503
vn 0.5182 -0.7071 -0.4811
vn 0.5182 0.7071 -0.4811
vn 0.6691 -0.7071 -0.2287
vn 0.6691 0.7071 -0.2287
vn 0.7043 -0.7071 0.0632
vn 0.7043 0.7071 0.0632
vn 0.6177 -0.7071 0.3442
vn 0.6177 0.7071 0.3442
vn 0.4243 -0.7071 0.5657
vn 0.4243 0.7071 0.5657
vn 0.1575 -0.7071 0.6893
vn 0.1575 0.7071 0.6893
vn -0.1930 -0.0000 0.9812
vn 0.2227 -0.0000 0.9749
vn -0.5754 -0.0000 0.8178
vn -0.8583 -0.0000 0.5131
vn -0.9928 -0.0000 0.1196
vn -0.9556 -0.0000 -0.2946
vn -0.7532 -0.0000 -0.6578
vn -0.4206 -0.0000 -0.9073
vn -0.0152 -0.0000 -0.9999
vn 0.3928 -0.0000 -0.9196
vn 0.7329 -0.0000 -0.6803
vn 0.9463 -0.0000 -0.3234
vn 0.9960 -0.0000 0.0894
vn 0.8735 -0.0000 0.4868
vn 0.6000 -0.0000 0.8000
vn -0.1825 -0.7071 0.6831
vn -0.1825 0.7071 0.6831
vn -0.4446 -0.7071 0.5499
vn -0.4446 0.7071 0.5499
vn -0.6298 -0.7071 0.3215
vn -0.6298 0.7071 0.3215
vn -0.7061 -0.7071 0.0375
vn -0.7061 0.7071 0.0375
vn -0.6603 -0.7071 -0.2529
vn -0.6603 0.7071 -0.2529
vn -0.5004 -0.7071 -0.4996
vn -0.5004 0.7071 -0.4996
vn -0.2539 -0.7071 -0.6600
vn -0.2539 0.7071 -0.6600
vn 0.0365 -0.7071 -0.7062
vn 0.0365 0.7071 -0.7062
vn 0.3206 -0.7071 -0.6303
vn 0.3206 0.7071 -0.6303
vn 0.5492 -0.7071 -0.4454
vn 0.5492 0.7071 -0.4454
vn 0.6829 -0.7071 -0.1835
vn 0.6829 0.7071 -0.1835
vn 0.6985 -0.7071 0.1101
vn 0.6985 0.7071 0.1101
vn 0.5933 -0.7071 0.3847
vn 0.5933 0.7071 0.3847
vn 0.3856 -0.7071 0.5927
vn 0.3856 0.7071 0.5928
vn 0.1111 -0.7071 0.6983
vn 0.1111 0.7071 0.6983
vn -0.2581 -0.0000 0.9661
vn 0.1572 -0.0000 0.9876
vn -0.6288 -0.0000 0.7776
vn -0.8907 -0.0000 0.4546
vn -0.9986 -0.0000 0.0531
vn -0.9338 -0.0000 -0.3577
vn -0.7076 -0.0000 -0.7066
vn -0.3591 -0.0000 -0.9333
vn 0.0516 -0.0000 -0.9987
vn 0.4533 -0.0000 -0.8913
vn 0.7767 -0.0000 -0.6299
vn 0.9657 -0.0000 -0.2595
vn 0.9878 -0.0000 0.1557
vn 0.8391 -0.0000 0.5440
vn 0.5453 -0.0000 0.8383
vn -0.1368 -0.9733 -0.1844
vn -0.6052 -0.7957 -0.0253
vn 0.1332 -0.9733 -0.1871
vn 0.2190 -0.9733 0.0688
vn 0.0022 -0.9733 0.2296
vn -0.8863 -0.4621 0.0319
vn -0.3042 -0.4621 -0.8331
vn 0.6983 -0.4621 -0.5467
vn 0.7357 -0.4621 0.4952
vn -0.2436 -0.4621 0.8527
vn -0.9375 -0.1852 -0.2946
vn -0.0095 -0.1852 -0.9826
vn 0.9316 -0.1852 -0.3127
vn 0.5853 -0.1852 0.7894
vn -0.5699 -0.1852 0.8006
vn -0.4748 0.7957 -0.3762
vn 0.2110 0.7957 -0.5678
vn 0.6052 0.7957 0.0253
vn 0.1630 0.7957 0.5834
vn -0.5045 0.7957 0.3353
vn -0.1331 0.9733 0.1871
vn -0.2648 0.8897 0.3720
vn -0.1516 0.7957 0.5864
vn 0.1368 0.9733 0.1844
vn 0.2720 0.8897 0.3668
vn 0.5109 0.7957 0.3254
vn 0.2177 0.9733 -0.0731
vn 0.4329 0.8897 -0.1453
vn 0.4674 0.7957 -0.3853
vn -0.0022 0.9733 -0.2296
vn -0.0044 0.8897 -0.4566
vn -0.2220 0.7957 -0.5636
vn -0.2190 0.9733 -0.0688
vn -0.4356 0.8897 -0.1369
vn -0.6046 0.7957 0.0370
vn -0.6983 0.4621 0.5467
vn -0.5578 0.2734 0.7836
vn -0.2879 0.4621 0.8388
vn 0.3042 0.4621 0.8331
vn 0.5729 0.2734 0.7727
vn 0.7088 0.4621 0.5330
vn 0.8863 0.4621 -0.0319
vn 0.9119 0.2734 -0.3061
vn 0.7260 0.4621 -0.5094
vn 0.2436 0.4621 -0.8527
vn -0.0093 0.2734 -0.9618
vn -0.2601 0.4621 -0.8479
vn -0.7357 0.4621 -0.4952
vn -0.9177 0.2734 -0.2883
vn -0.8867 0.4621 -0.0146
vn 0.0095 0.1852 0.9826
vn 0.0093 -0.2734 0.9618
vn 0.2601 -0.4621 0.8479
vn 0.9375 0.1852 0.2946
vn 0.9177 -0.2734 0.2883
vn 0.8867 -0.4621 0.0146
vn 0.5699 0.1852 -0.8006
vn 0.5578 -0.2734 -0.7836
vn 0.2879 -0.4621 -0.8388
vn -0.5853 0.1852 -0.7894
vn -0.5729 -0.2734 -0.7727
vn -0.7088 -0.4621 -0.5330
vn -0.9316 0.1852 0.3127
vn -0.9119 -0.2734 0.3061
vn -0.7260 -0.4621 0.5094
vn -0.2110 -0.7957 0.5678
vn 0.0044 -0.8897 0.4566
vn 0.2220 -0.7957 0.5636
vn 0.4748 -0.7957 0.3762
vn 0.4356 -0.8897 0.1369
vn 0.6046 -0.7957 -0.0370
vn 0.5045 -0.7957 -0.3353
vn 0.2648 -0.8897 -0.3720
vn 0.1516 -0.7957 -0.5864
vn -0.4674 -0.7957 0.3853
vn -0.4329 -0.8897 0.1453
vn -0.2177 -0.9733 0.0731
vn -0.1630 -0.7957 -0.5834
vn -0.2720 -0.8897 -0.3668
vn -0.5109 -0.7957 -0.3254
vn -0.4339 -0.7120 -0.5521
vn -0.4713 0.7087 -0.5251
vn 0.5569 -0.6876 -0.4659
vn 0.5194 0.7331 -0.4390
vn -0.5196 -0.7331 0.4389
vn -0.5569 0.6875 0.4660
vn 0.4713 -0.7087 0.5250
vn 0.4339 0.7120 0.5520
vn 0.0709 -0.8067 -0.5867
vn -0.6434 -0.0024 -0.7655
vn 0.0277 0.8310 -0.5556
vn 0.7651 0.0324 -0.6431
vn 0.5926 -0.8048 0.0340
vn 0.5496 0.8329 0.0652
vn 0.6435 0.0024 0.7654
vn -0.0277 -0.8310 0.5556
vn -0.0709 0.8067 0.5867
vn -0.7651 -0.0324 0.6430
vn -0.5494 -0.8330 -0.0652
vn -0.5927 0.8047 -0.0340
vn 0.0264 -0.9995 -0.0190
vn 0.0860 0.0212 -0.9961
vn -0.9959 -0.0246 -0.0865
vn -0.0264 0.9995 0.0190
vn 0.9959 0.0246 0.0865
vn -0.0860 -0.0212 0.9961
vn 0.1190 -0.7258 -0.6776
vn -0.0915 0.6789 -0.7285
vn 0.8009 -0.5978 0.0356
vn 0.5904 0.8070 -0.0153
vn -0.5903 -0.8071 0.0152
vn -0.8009 0.5978 -0.0356
vn 0.0914 -0.6790 0.7284
vn -0.1191 0.7258 0.6776
vn 0.5303 -0.7628 -0.3700
vn 0.0197 -0.0332 -0.9993
vn 0.2876 0.8565 -0.4287
vn 0.9888 0.1487 0.0145
vn 0.5143 -0.7359 0.4404
vn 0.2715 0.8835 0.3817
vn -0.0197 0.0333 0.9993
vn -0.2877 -0.8565 0.4286
vn -0.5303 0.7628 0.3699
vn -0.9888 -0.1487 -0.0145
vn -0.2717 -0.8834 -0.3818
vn -0.5143 0.7359 -0.4404
vn 0.1481 -0.9883 0.0358
vn 0.7131 0.0816 -0.6963
vn -0.6852 -0.1287 -0.7169
vn -0.1481 0.9883 -0.0358
vn 0.6852 0.1287 0.7169
vn -0.7131 -0.0816 0.6963
vn -0.3944 -0.7230 -0.5672
vn -0.4468 0.6974 -0.5603
vn 0.5896 -0.6872 -0.4244
vn 0.5370 0.7331 -0.4174
vn -0.5370 -0.7331 0.4174
vn -0.5895 0.6872 0.4245
vn 0.4469 -0.6975 0.5602
vn 0.3946 0.7229 0.5672
vn 0.1124 -0.8128 -0.5716
vn -0.5980 -0.0181 -0.8013
vn 0.0520 0.8245 -0.5635
vn 0.8007 0.0326 -0.5982
vn 0.5976 -0.7980 0.0782
vn 0.5370 0.8392 0.0864
vn 0.5981 0.0181 0.8012
vn -0.0519 -0.8246 0.5634
vn -0.1124 0.8128 0.5716
vn -0.8007 -0.0326 0.5982
vn -0.5368 -0.8392 -0.0864
vn -0.5973 0.7982 -0.0782
vn 0.0369 -0.9993 -0.0050
vn 0.1433 0.0102 -0.9896
vn -0.9890 -0.0358 -0.1435
vn -0.0369 0.9993 0.0050
vn 0.9890 0.0358 0.1435
vn -0.1433 -0.0102 0.9896
vn 0.2902 -0.7265 -0.6229
vn 0.0279 0.6650 -0.7463
vn 0.8041 -0.5555 0.2118
vn 0.5416 0.8360 0.0883
vn -0.5416 -0.8360 -0.0883
vn -0.8041 0.5554 -0.2118
vn -0.0277 -0.6649 0.7464
vn -0.2902 0.7265 0.6229
vn 0.6308 -0.7389 -0.2370
vn 0.2261 -0.0437 -0.9731
vn 0.3282 0.8651 -0.3793
vn 0.9564 0.1994 0.2133
vn 0.4475 -0.7034 0.5523
vn 0.1448 0.9006 0.4099
vn -0.2261 0.0437 0.9731
vn -0.3283 -0.8651 0.3793
vn -0.6308 0.7389 0.2370
vn -0.9564 -0.1994 -0.2132
vn -0.1449 -0.9006 -0.4099
vn -0.4475 0.7034 -0.5523
vn 0.1847 -0.9789 0.0869
vn 0.8362 0.1101 -0.5373
vn -0.5164 -0.1719 -0.8389
vn -0.1847 0.9789 -0.0869
vn 0.5164 0.1719 0.8389
vn -0.8362 -0.1101 0.5373
vn 0.4320 -0.7212 -0.5415
vn 0.3853 0.6980 -0.6036
vn 0.5955 -0.6729 0.4388
vn 0.5488 0.7463 0.3766
vn -0.5488 -0.7464 -0.3765
vn -0.5955 0.6729 -0.4388
vn -0.3854 -0.6980 0.6036
vn -0.4319 0.7212 0.5416
vn 0.5922 -0.8036 -0.0592
vn 0.5809 -0.0165 -0.8138
vn 0.5383 0.8325 -0.1308
vn 0.8133 0.0521 0.5795
vn 0.1212 -0.7902 0.6008
vn 0.0673 0.8458 0.5292
vn -0.5809 0.0165 0.8138
vn -0.5384 -0.8325 0.1308
vn -0.5923 0.8036 0.0592
vn -0.8133 -0.0521 -0.5795
vn -0.0673 -0.8458 -0.5292
vn -0.1212 0.7902 -0.6008
vn 0.0329 -0.9985 0.0437
vn 0.9859 0.0252 -0.1657
vn -0.1644 -0.0486 -0.9852
vn -0.0329 0.9985 -0.0437
vn 0.1644 0.0486 0.9852
vn -0.9859 -0.0252 0.1657
vn -0.3496 -0.7203 -0.5991
vn -0.5303 0.6859 -0.4983
vn 0.6319 -0.6021 -0.4879
vn 0.4512 0.8041 -0.3870
vn -0.4514 -0.8041 0.3869
vn -0.6319 0.6022 0.4879
vn 0.5302 -0.6860 0.4983
vn 0.3497 0.7202 0.5992
vn 0.1628 -0.7622 -0.6265
vn -0.6253 -0.0244 -0.7800
vn -0.0455 0.8588 -0.5103
vn 0.7699 0.1435 -0.6218
vn 0.6699 -0.7424 0.0060
vn 0.4617 0.8786 0.1223
vn 0.6253 0.0244 0.7800
vn 0.0455 -0.8588 0.5103
vn -0.1628 0.7622 0.6266
vn -0.7700 -0.1435 0.6217
vn -0.4617 -0.8786 -0.1223
vn -0.6698 0.7425 -0.0060
vn 0.1271 -0.9893 -0.0710
vn 0.1022 0.0842 -0.9912
vn -0.9866 -0.1187 -0.1119
vn -0.1271 0.9893 0.0710
vn 0.9866 0.1187 0.1119
vn -0.1022 -0.0842 0.9912
vn -0.6232 0.6737 0.3972
vn -0.3008 -0.7390 -0.6029
vn 0.4805 -0.7390 -0.4723
vn -0.2968 -0.6886 -0.6616
vn 0.6714 -0.7071 -0.2220
vn 0.6713 0.7071 -0.2220
vn 0.1240 -0.7071 0.6962
vn 0.8490 -0.0000 0.5285
vn 0.6715 -0.7201 -0.1744
vn 0.3343 0.8731 -0.3548
vn 0.9271 0.2298 0.2961
vn 0.4175 -0.6867 0.5951
vn 0.0803 0.9064 0.4146
vn -0.3132 0.0411 0.9488
vn -0.3343 -0.8731 0.3549
vn -0.6717 0.7200 0.1744
vn -0.9271 -0.2298 -0.2962
vn -0.0803 -0.9064 -0.4146
vn -0.4175 0.6868 -0.5950
vn 0.2499 -0.8128 -0.5263
vn 0.1944 0.8248 -0.5309
vn 0.5562 -0.8001 0.2246
vn 0.5006 0.8373 0.2199
vn -0.1943 -0.8248 0.5310
vn -0.5005 -0.8373 -0.2199
vn -0.5562 0.8001 -0.2246
vn 0.2473 -0.7569 -0.6050
vn 0.0161 0.8622 -0.5063
vn 0.6679 -0.7390 0.0882
vn 0.4369 0.8799 0.1869
vn -0.0161 -0.8622 0.5062
vn -0.2473 0.7568 0.6050
vn -0.8434 -0.1519 0.5155
vn -0.4365 -0.8801 -0.1870
vn -0.6410 -0.0183 -0.7673
vn 0.6365 -0.7712 0.0151
vn 0.5022 0.8602 0.0883
vn -0.7631 -0.0916 0.6397
vn -0.5021 -0.8603 -0.0883
vn -0.6365 0.7712 -0.0151
vn 0.6952 -0.7154 -0.0695
vn 0.3699 0.8698 -0.3265
vn 0.8780 0.2466 0.4103
vn 0.3420 -0.6697 0.6592
vn -0.6954 0.7153 0.0695
vn -0.0167 -0.9154 -0.4021
vn -0.3420 0.6697 -0.6591
vn 0.5024 0.8224 -0.2669
vn 0.9445 0.0222 0.3277
vn 0.2634 -0.8043 0.5326
vn 0.2365 0.8336 0.4991
vn -0.5024 -0.8224 0.2670
vn -0.5295 0.8156 0.2334
vn -0.2367 -0.8336 -0.4991
vn -0.2635 0.8043 -0.5326
vn -0.6656 0.7263 -0.1716
vn 0.6237 0.7071 0.3331
vn -0.1825 0.7071 0.6832
vn 0.3855 -0.7071 0.5927
vn 0.3856 0.7071 0.5927
vn 0.0709 -0.8066 -0.5868
vn -0.6435 -0.0024 -0.7655
vn 0.0277 0.8309 -0.5557
vn 0.7650 0.0324 -0.6432
vn 0.5925 -0.8048 0.0340
vn 0.5494 0.8330 0.0652
vn 0.6434 0.0024 0.7655
vn -0.0277 -0.8310 0.5557
vn -0.0709 0.8066 0.5868
vn -0.7650 -0.0324 0.6433
vn -0.5496 -0.8329 -0.0652
vn 0.5302 -0.7629 -0.3700
vn 0.2877 0.8565 -0.4286
vn 0.2716 0.8835 0.3817
vn -0.0197 0.0332 0.9993
vn -0.2876 -0.8565 0.4286
vn -0.5302 0.7628 0.3700
vn -0.9888 -0.1487 -0.0144
vn -0.2716 -0.8834 -0.3818
vn -0.5143 0.7359 -0.4405
vn -0.5981 -0.0181 -0.8012
vn 0.0519 0.8245 -0.5635
vn 0.5973 -0.7982 0.0782
vn 0.5370 0.8391 0.0864
vn 0.5981 0.0181 0.8013
vn -0.0519 -0.8245 0.5634
vn -0.1123 0.8128 0.5716
vn -0.8006 -0.0326 0.5983
vn -0.5367 -0.8393 -0.0864
vn -0.5975 0.7981 -0.0782
vn 0.6308 -0.7388 -0.2370
vn 0.3283 0.8651 -0.3793
vn 0.9565 0.1994 0.2131
vn 0.4474 -0.7034 0.5523
vn -0.3282 -0.8651 0.3793
vn -0.6309 0.7388 0.2370
vn -0.9564 -0.1994 -0.2133
vn -0.4474 0.7035 -0.5522
vn 0.5924 -0.8035 -0.0592
vn 0.5385 0.8324 -0.1308
vn 0.1211 -0.7902 0.6008
vn 0.0673 0.8459 0.5291
vn -0.5385 -0.8324 0.1308
vn -0.5924 0.8035 0.0592
vn -0.0673 -0.8459 -0.5291
vn -0.1212 0.7902 -0.6007
vn 0.7700 0.1435 -0.6217
vn 0.4618 0.8785 0.1223
vn 0.6254 0.0244 0.7800
vn -0.1628 0.7622 0.6265
vn -0.7699 -0.1435 0.6218
vn -0.4618 -0.8785 -0.1223
vn -0.6700 0.7423 -0.0060
vt 0.879646 0.408779
vt 0.760854 0.403800
vt 0.879646 0.403800
vt 0.879646 0.591221
vt 0.761059 0.596200
vt 0.761103 0.591221
vt 0.642457 0.408779
vt 0.760924 0.408779
vt 0.642783 0.591221
vt 0.642704 0.596200
vt 0.524455 0.408779
vt 0.642331 0.403800
vt 0.524767 0.596200
vt 0.524868 0.591221
vt 0.407034 0.408779
vt 0.524294 0.403800
vt 0.407358 0.596200
vt 0.407462 0.591221
vt 0.290068 0.403800
vt 0.406868 0.403800
vt 0.290490 0.596200
vt 0.290580 0.591221
vt 0.173898 0.408779
vt 0.290211 0.408779
vt 0.174086 0.596200
vt 0.174147 0.591221
vt 0.057892 0.403800
vt 0.173801 0.403800
vt 0.058014 0.591221
vt 0.057992 0.596200
vt 1.817218 0.408779
vt 1.701400 0.403800
vt 1.817184 0.403800
vt 1.817306 0.591221
vt 1.701300 0.596200
vt 1.701278 0.591221
vt 1.701366 0.408779
vt 1.585490 0.403800
vt 1.585206 0.596200
vt 1.585145 0.591221
vt 1.585394 0.408779
vt 1.469224 0.403800
vt 1.468711 0.591221
vt 1.468802 0.596200
vt 1.469081 0.408779
vt 1.352423 0.403800
vt 1.351829 0.591221
vt 1.351934 0.596200
vt 1.352258 0.408779
vt 1.234997 0.403800
vt 1.234424 0.591221
vt 1.234524 0.596200
vt 1.234837 0.408779
vt 1.116961 0.403800
vt 1.116588 0.596200
vt 1.116508 0.591221
vt 0.998368 0.408779
vt 1.116835 0.408779
vt 0.998233 0.596200
vt 0.998189 0.591221
vt 0.998438 0.403800
vt 0.879646 0.596200
vt 2.049360 0.403800
vt 1.817284 0.596200
vt 2.049782 0.596200
vt 0.057926 0.408779
vt 0.761103 0.412493
vt 0.879646 0.407500
vt 0.879646 0.412493
vt 0.761013 0.587507
vt 0.879646 0.592500
vt 0.760954 0.592500
vt 0.642783 0.412493
vt 0.761057 0.407500
vt 0.642619 0.587507
vt 0.642513 0.592500
vt 0.524868 0.412493
vt 0.642700 0.407500
vt 0.524525 0.592500
vt 0.524660 0.587507
vt 0.407353 0.407500
vt 0.524763 0.407500
vt 0.407247 0.587507
vt 0.407107 0.592500
vt 0.407462 0.412493
vt 0.290486 0.407500
vt 0.290274 0.592500
vt 0.290394 0.587507
vt 0.174147 0.412493
vt 0.290580 0.412493
vt 0.173940 0.592500
vt 0.174021 0.587507
vt 0.058014 0.412493
vt 0.174083 0.407500
vt 0.057970 0.587507
vt 0.057941 0.592500
vt 1.701278 0.412493
vt 1.817283 0.407500
vt 1.817306 0.412493
vt 1.817261 0.587507
vt 1.701351 0.592500
vt 1.701322 0.587507
vt 1.585145 0.412493
vt 1.701301 0.407500
vt 1.585352 0.592500
vt 1.585271 0.587507
vt 1.468806 0.407500
vt 1.585209 0.407500
vt 1.469018 0.592500
vt 1.468898 0.587507
vt 1.351829 0.412493
vt 1.468712 0.412493
vt 1.352045 0.587507
vt 1.352185 0.592500
vt 1.234424 0.412493
vt 1.351938 0.407500
vt 1.234767 0.592500
vt 1.234632 0.587507
vt 1.116591 0.407500
vt 1.234529 0.407500
vt 1.116779 0.592500
vt 1.116673 0.587507
vt 0.998189 0.412493
vt 1.116508 0.412493
vt 0.998338 0.592500
vt 0.998279 0.587507
vt 0.998235 0.407500
vt 0.879646 0.587507
vt 2.049778 0.407500
vt 1.817233 0.592500
vt 0.710392 0.492500
vt 0.821036 0.489500
vt 0.821036 0.492500
vt 0.821036 0.507500
vt 0.710363 0.510500
vt 0.710392 0.507500
vt 0.599956 0.492500
vt 0.710363 0.489500
vt 0.599904 0.510500
vt 0.599956 0.507500
vt 0.489897 0.492500
vt 0.599904 0.489500
vt 0.489897 0.507500
vt 0.489831 0.510500
vt 0.380314 0.492500
vt 0.489831 0.489500
vt 0.380314 0.507500
vt 0.380246 0.510500
vt 0.271219 0.492500
vt 0.380246 0.489500
vt 0.271161 0.510500
vt 0.271219 0.507500
vt 0.162544 0.492500
vt 0.271161 0.489500
vt 0.162544 0.507500
vt 0.162504 0.510500
vt 0.054148 0.492500
vt 0.162504 0.489500
vt 0.054148 0.507500
vt 0.054134 0.510500
vt 1.587924 0.492500
vt 1.696207 0.489500
vt 1.696221 0.492500
vt 1.696221 0.507500
vt 1.587938 0.510500
vt 1.587924 0.507500
vt 1.479569 0.489500
vt 1.587938 0.489500
vt 1.479569 0.510500
vt 1.479529 0.507500
vt 1.479529 0.492500
vt 1.370912 0.489500
vt 1.370912 0.510500
vt 1.370853 0.507500
vt 1.370853 0.492500
vt 1.261827 0.489500
vt 1.261827 0.510500
vt 1.261759 0.507500
vt 1.152176 0.492500
vt 1.261759 0.492500
vt 1.152242 0.510500
vt 1.152176 0.507500
vt 1.042117 0.492500
vt 1.152242 0.489500
vt 1.042117 0.507500
vt 1.042169 0.510500
vt 0.931681 0.492500
vt 1.042169 0.489500
vt 0.931681 0.507500
vt 0.931710 0.510500
vt 0.931710 0.489500
vt 0.821036 0.510500
vt 1.913233 0.489500
vt 1.696207 0.510500
vt 0.904779 0.492500
vt 0.782820 0.489500
vt 0.904779 0.489500
vt 0.904779 0.507500
vt 0.782820 0.510500
vt 0.782849 0.507500
vt 0.782849 0.492500
vt 0.661097 0.489500
vt 0.661097 0.510500
vt 0.661149 0.507500
vt 0.661149 0.492500
vt 0.539799 0.489500
vt 0.539799 0.510500
vt 0.539864 0.507500
vt 0.419104 0.492500
vt 0.539864 0.492500
vt 0.419036 0.510500
vt 0.419104 0.507500
vt 0.298883 0.492500
vt 0.419036 0.489500
vt 0.298824 0.510500
vt 0.298883 0.507500
vt 0.179122 0.492500
vt 0.298824 0.489500
vt 0.179083 0.510500
vt 0.179122 0.507500
vt 0.059671 0.492500
vt 0.179083 0.489500
vt 0.059657 0.510500
vt 0.059671 0.507500
vt 1.749886 0.492500
vt 1.869215 0.489500
vt 1.869228 0.492500
vt 1.869228 0.507500
vt 1.749900 0.510500
vt 1.749886 0.507500
vt 1.630435 0.492500
vt 1.749900 0.489500
vt 1.630435 0.507500
vt 1.630475 0.510500
vt 1.510733 0.489500
vt 1.630475 0.489500
vt 1.510733 0.510500
vt 1.510675 0.507500
vt 1.390453 0.492500
vt 1.510675 0.492500
vt 1.390521 0.510500
vt 1.390453 0.507500
vt 1.269693 0.492500
vt 1.390521 0.489500
vt 1.269758 0.510500
vt 1.269693 0.507500
vt 1.148409 0.492500
vt 1.269758 0.489500
vt 1.148460 0.510500
vt 1.148409 0.507500
vt 1.026737 0.489500
vt 1.148460 0.489500
vt 1.026737 0.510500
vt 1.026709 0.507500
vt 1.026709 0.492500
vt 0.904779 0.510500
vt 2.108381 0.489500
vt 1.869215 0.510500
vt 0.737182 0.492500
vt 0.852000 0.489500
vt 0.852000 0.492500
vt 0.852000 0.507500
vt 0.737154 0.510500
vt 0.737182 0.507500
vt 0.622530 0.489500
vt 0.737154 0.489500
vt 0.622582 0.507500
vt 0.622530 0.510500
vt 0.622582 0.492500
vt 0.508307 0.489500
vt 0.508307 0.510500
vt 0.508372 0.507500
vt 0.394657 0.492500
vt 0.508372 0.492500
vt 0.394588 0.510500
vt 0.394657 0.507500
vt 0.281448 0.492500
vt 0.394588 0.489500
vt 0.281389 0.510500
vt 0.281448 0.507500
vt 0.168674 0.492500
vt 0.281389 0.489500
vt 0.168634 0.510500
vt 0.168674 0.507500
vt 0.056190 0.492500
vt 0.168634 0.489500
vt 0.056177 0.510500
vt 0.056190 0.507500
vt 1.760190 0.492500
vt 1.647823 0.489500
vt 1.760176 0.489500
vt 1.647809 0.507500
vt 1.760176 0.510500
vt 1.647823 0.510500
vt 1.647809 0.492500
vt 1.535366 0.489500
vt 1.535366 0.510500
vt 1.535326 0.507500
vt 1.422552 0.492500
vt 1.535326 0.492500
vt 1.422611 0.510500
vt 1.422552 0.507500
vt 1.309343 0.492500
vt 1.422611 0.489500
vt 1.309411 0.510500
vt 1.309343 0.507500
vt 1.195627 0.492500
vt 1.309411 0.489500
vt 1.195693 0.510500
vt 1.195627 0.507500
vt 1.081418 0.492500
vt 1.195693 0.489500
vt 1.081470 0.510500
vt 1.081418 0.507500
vt 0.966846 0.489500
vt 1.081470 0.489500
vt 0.966846 0.510500
vt 0.966817 0.507500
vt 0.966817 0.492500
vt 0.852000 0.510500
vt 1.985389 0.489500
vt 1.760190 0.507500
vt 0.500000 0.500000
vt 0.602418 0.425590
vt 0.460881 0.379601
vt 0.674245 0.373405
vt 0.704836 0.500000
vt 0.373404 0.500000
vt 0.460881 0.620399
vt 0.602418 0.574410
vt 0.373405 0.441861
vt 0.500000 0.431654
vt 0.425590 0.500000
vt 0.433446 0.441861
vt 0.563299 0.431654
vt 0.500000 0.441862
vt 0.379601 0.431654
vt 0.334284 0.431654
vt 0.358461 0.500000
vt 0.674245 0.441861
vt 0.641539 0.500000
vt 0.305189 0.500000
vt 0.574410 0.500000
vt 0.626595 0.441861
vt 0.694811 0.500000
vt 0.566554 0.295164
vt 0.665716 0.379601
vt 0.539119 0.379601
vt 0.325755 0.373405
vt 0.436701 0.305190
vt 0.397582 0.425590
vt 0.325755 0.626595
vt 0.295164 0.500000
vt 0.397582 0.574410
vt 0.566554 0.704836
vt 0.436701 0.694810
vt 0.539119 0.620399
vt 0.715378 0.500000
vt 0.665716 0.620399
vt 0.626596 0.500000
vt 0.620399 0.568346
vt 0.500000 0.558138
vt 0.566554 0.558139
vt 0.665716 0.568346
vt 0.436701 0.568346
vt 0.325755 0.558139
vt 0.500000 0.568346
vt 0.626595 0.558139
vt 0.373405 0.558139
vt 0.379601 0.568346
vt 0.620399 0.431654
vt 0.563299 0.694810
vt 0.674245 0.626595
vt 0.433446 0.704836
vt 0.334284 0.620399
vt 0.284622 0.500000
vt 0.334284 0.379601
vt 0.433446 0.295164
vt 0.563299 0.305190
vt 0.456572 0.456572
vt 0.456572 0.456045
vt 0.456045 0.456572
vt 0.456572 0.543428
vt 0.456045 0.543428
vt 0.456572 0.543955
vt 0.543428 0.456572
vt 0.543955 0.456572
vt 0.543428 0.456045
vt 0.543428 0.543428
vt 0.543428 0.543955
vt 0.543955 0.543428
vt 0.456572 0.530399
vt 0.456045 0.469601
vt 0.456572 0.469601
vt 0.456045 0.530399
vt 0.543955 0.469601
vt 0.543428 0.530399
vt 0.543955 0.530399
vt 0.543428 0.469601
vt 0.467907 0.467907
vt 0.467907 0.467518
vt 0.467518 0.467907
vt 0.467907 0.532093
vt 0.467518 0.532093
vt 0.467907 0.532482
vt 0.532093 0.467907
vt 0.532482 0.467907
vt 0.532093 0.467518
vt 0.532093 0.532093
vt 0.532093 0.532482
vt 0.532482 0.532093
vt 0.467907 0.477535
vt 0.467518 0.522465
vt 0.467518 0.477535
vt 0.467907 0.522465
vt 0.532482 0.477535
vt 0.532093 0.522465
vt 0.532482 0.522465
vt 0.532093 0.477535
vt 0.461265 0.461265
vt 0.461265 0.460795
vt 0.460795 0.461265
vt 0.461265 0.538735
vt 0.460795 0.538735
vt 0.461265 0.539205
vt 0.538735 0.461265
vt 0.539205 0.461265
vt 0.538735 0.460795
vt 0.538735 0.538735
vt 0.538735 0.539205
vt 0.539205 0.538735
vt 0.461265 0.527115
vt 0.460795 0.472886
vt 0.461265 0.472886
vt 0.460795 0.527115
vt 0.539205 0.472886
vt 0.538735 0.527115
vt 0.539205 0.527115
vt 0.538735 0.472886
vt 0.465174 0.465174
vt 0.465174 0.464751
vt 0.464751 0.465174
vt 0.465174 0.534826
vt 0.464751 0.534826
vt 0.465174 0.535249
vt 0.534826 0.465174
vt 0.535249 0.465174
vt 0.534826 0.464751
vt 0.534826 0.534826
vt 0.534826 0.535249
vt 0.535249 0.534826
vt 0.465174 0.524378
vt 0.464751 0.475622
vt 0.465174 0.475622
vt 0.464751 0.524378
vt 0.535249 0.475622
vt 0.534826 0.524378
vt 0.535249 0.524378
vt 0.534826 0.475622
vt 0.454997 0.454997
vt 0.454997 0.454451
vt 0.454451 0.454997
vt 0.454997 0.545003
vt 0.454451 0.545003
vt 0.454997 0.545549
vt 0.545003 0.454997
vt 0.545549 0.454997
vt 0.545003 0.454451
vt 0.545003 0.545003
vt 0.545003 0.545549
vt 0.545549 0.545003
vt 0.454997 0.468498
vt 0.454451 0.531502
vt 0.454451 0.468498
vt 0.454997 0.531502
vt 0.545549 0.468498
vt 0.545003 0.531502
vt 0.545549 0.531502
vt 0.545003 0.468498
vt 0.467971 0.467971
vt 0.467971 0.467582
vt 0.467582 0.467971
vt 0.467971 0.532029
vt 0.467582 0.532029
vt 0.467971 0.532418
vt 0.532029 0.467971
vt 0.532418 0.467971
vt 0.532029 0.467582
vt 0.532029 0.532029
vt 0.532029 0.532418
vt 0.532418 0.532029
vt 0.467971 0.477580
vt 0.467582 0.522420
vt 0.467582 0.477580
vt 0.467971 0.522420
vt 0.532418 0.477580
vt 0.532029 0.522420
vt 0.532418 0.522420
vt 0.532029 0.477580
vt 0.611459 0.432176
vt 0.706858 0.427200
vt 0.706858 0.432176
vt 0.706858 0.567824
vt 0.611557 0.572800
vt 0.611601 0.567824
vt 0.516265 0.432176
vt 0.611389 0.427200
vt 0.516443 0.572800
vt 0.516522 0.567824
vt 0.421281 0.427200
vt 0.516137 0.427200
vt 0.421668 0.572800
vt 0.421769 0.567824
vt 0.327087 0.432176
vt 0.421443 0.432176
vt 0.327320 0.572800
vt 0.327425 0.567824
vt 0.233211 0.432176
vt 0.326919 0.427200
vt 0.233412 0.572800
vt 0.233502 0.567824
vt 0.139743 0.432176
vt 0.233066 0.427200
vt 0.139939 0.567824
vt 0.139878 0.572800
vt 0.046515 0.427200
vt 0.139645 0.427200
vt 0.046597 0.572800
vt 0.046618 0.567824
vt 1.367168 0.432176
vt 1.460231 0.427200
vt 1.460266 0.432176
vt 1.460335 0.567824
vt 1.367120 0.572800
vt 1.367099 0.567824
vt 1.273974 0.432176
vt 1.367202 0.427200
vt 1.273838 0.572800
vt 1.273777 0.567824
vt 1.180506 0.432176
vt 1.274071 0.427200
vt 1.180305 0.572800
vt 1.180215 0.567824
vt 1.086629 0.432176
vt 1.180651 0.427200
vt 1.086292 0.567824
vt 1.086396 0.572800
vt 0.992436 0.427200
vt 1.086797 0.427200
vt 0.992049 0.572800
vt 0.991948 0.567824
vt 0.992274 0.432176
vt 0.897579 0.427200
vt 0.897274 0.572800
vt 0.897194 0.567824
vt 0.897451 0.432176
vt 0.802328 0.427200
vt 0.802160 0.572800
vt 0.802116 0.567824
vt 0.802258 0.432176
vt 0.706858 0.572800
vt 1.646783 0.427200
vt 1.647128 0.572800
vt 0.046549 0.432176
vt 0.611601 0.434992
vt 0.706858 0.430000
vt 0.706858 0.434992
vt 0.706858 0.565008
vt 0.611470 0.570000
vt 0.611529 0.565008
vt 0.516522 0.434992
vt 0.611555 0.430000
vt 0.516286 0.570000
vt 0.516393 0.565008
vt 0.421769 0.434992
vt 0.516439 0.430000
vt 0.421605 0.565008
vt 0.421468 0.570000
vt 0.327425 0.434992
vt 0.421663 0.430000
vt 0.327255 0.565008
vt 0.327114 0.570000
vt 0.233407 0.430000
vt 0.327315 0.430000
vt 0.233233 0.570000
vt 0.233355 0.565008
vt 0.139939 0.434992
vt 0.233502 0.434992
vt 0.139840 0.565008
vt 0.139758 0.570000
vt 0.046596 0.430000
vt 0.139875 0.430000
vt 0.046554 0.570000
vt 0.046583 0.565008
vt 1.460335 0.434992
vt 1.367121 0.430000
vt 1.460312 0.430000
vt 1.460300 0.565008
vt 1.367162 0.570000
vt 1.367133 0.565008
vt 1.367099 0.434992
vt 1.273841 0.430000
vt 1.273958 0.570000
vt 1.273876 0.565008
vt 1.273777 0.434992
vt 1.180309 0.430000
vt 1.180483 0.570000
vt 1.180361 0.565008
vt 1.180215 0.434992
vt 1.086401 0.430000
vt 1.086603 0.570000
vt 1.086462 0.565008
vt 1.086292 0.434992
vt 0.992054 0.430000
vt 0.992248 0.570000
vt 0.992112 0.565008
vt 0.991948 0.434992
vt 0.897278 0.430000
vt 0.897431 0.570000
vt 0.897324 0.565008
vt 0.897194 0.434992
vt 0.802162 0.430000
vt 0.802247 0.570000
vt 0.802187 0.565008
vt 0.802116 0.434992
vt 0.706858 0.570000
vt 1.647124 0.430000
vt 1.460271 0.570000
vt 0.046618 0.434992
vt 0.575122 0.492500
vt 0.664698 0.489500
vt 0.664698 0.492500
vt 0.575122 0.507500
vt 0.664698 0.510500
vt 0.575093 0.510500
vt 0.485715 0.492500
vt 0.575093 0.489500
vt 0.485715 0.507500
vt 0.485663 0.510500
vt 0.396613 0.492500
vt 0.485663 0.489500
vt 0.396613 0.507500
vt 0.396547 0.510500
vt 0.307896 0.492500
vt 0.396547 0.489500
vt 0.307896 0.507500
vt 0.307828 0.510500
vt 0.219575 0.492500
vt 0.307828 0.489500
vt 0.219516 0.510500
vt 0.219575 0.507500
vt 0.131553 0.489500
vt 0.219516 0.489500
vt 0.131593 0.507500
vt 0.131553 0.510500
vt 0.043838 0.492500
vt 0.131593 0.492500
vt 0.043838 0.507500
vt 0.043824 0.510500
vt 1.285559 0.492500
vt 1.373220 0.489500
vt 1.373234 0.492500
vt 1.373234 0.507500
vt 1.285573 0.510500
vt 1.285559 0.507500
vt 1.197804 0.492500
vt 1.285573 0.489500
vt 1.197844 0.510500
vt 1.197804 0.507500
vt 1.109821 0.492500
vt 1.197844 0.489500
vt 1.109881 0.510500
vt 1.109821 0.507500
vt 1.021500 0.492500
vt 1.109881 0.489500
vt 1.021500 0.507500
vt 1.021569 0.510500
vt 0.932783 0.492500
vt 1.021569 0.489500
vt 0.932783 0.507500
vt 0.932850 0.510500
vt 0.843682 0.492500
vt 0.932850 0.489500
vt 0.843734 0.510500
vt 0.843682 0.507500
vt 0.754274 0.492500
vt 0.843734 0.489500
vt 0.754303 0.510500
vt 0.754274 0.507500
vt 0.754303 0.489500
vt 0.664698 0.507500
vt 1.548912 0.489500
vt 1.373220 0.510500
vt 1.548912 0.510500
vt 0.633346 0.492500
vt 0.731991 0.489500
vt 0.731991 0.492500
vt 0.633346 0.507500
vt 0.731991 0.510500
vt 0.633318 0.510500
vt 0.534888 0.492500
vt 0.633318 0.489500
vt 0.534836 0.510500
vt 0.534888 0.507500
vt 0.436765 0.492500
vt 0.534836 0.489500
vt 0.436699 0.510500
vt 0.436765 0.507500
vt 0.339067 0.492500
vt 0.436699 0.489500
vt 0.338999 0.510500
vt 0.339067 0.507500
vt 0.241745 0.489500
vt 0.338999 0.489500
vt 0.241745 0.510500
vt 0.241804 0.507500
vt 0.241804 0.492500
vt 0.144875 0.489500
vt 0.144875 0.510500
vt 0.144915 0.507500
vt 0.048276 0.492500
vt 0.144915 0.492500
vt 0.048262 0.510500
vt 0.048276 0.507500
vt 1.415707 0.492500
vt 1.512244 0.489500
vt 1.512258 0.492500
vt 1.512258 0.507500
vt 1.415720 0.510500
vt 1.415707 0.507500
vt 1.319107 0.489500
vt 1.415720 0.489500
vt 1.319107 0.510500
vt 1.319067 0.507500
vt 1.319067 0.492500
vt 1.222237 0.489500
vt 1.222237 0.510500
vt 1.222178 0.507500
vt 1.124915 0.492500
vt 1.222178 0.492500
vt 1.124915 0.507500
vt 1.124984 0.510500
vt 1.027217 0.492500
vt 1.124984 0.489500
vt 1.027283 0.510500
vt 1.027217 0.507500
vt 0.929146 0.489500
vt 1.027283 0.489500
vt 0.929146 0.510500
vt 0.929094 0.507500
vt 0.929094 0.492500
vt 0.830664 0.489500
vt 0.830664 0.510500
vt 0.830636 0.507500
vt 0.830636 0.492500
vt 0.731991 0.507500
vt 1.705728 0.489500
vt 0.596650 0.492500
vt 0.689580 0.489500
vt 0.689580 0.492500
vt 0.689580 0.507500
vt 0.596622 0.510500
vt 0.596650 0.507500
vt 0.503896 0.492500
vt 0.596622 0.489500
vt 0.503844 0.510500
vt 0.503896 0.507500
vt 0.411459 0.492500
vt 0.503844 0.489500
vt 0.411393 0.510500
vt 0.411459 0.507500
vt 0.319353 0.489500
vt 0.411393 0.489500
vt 0.319353 0.510500
vt 0.319421 0.507500
vt 0.227794 0.492500
vt 0.319421 0.492500
vt 0.227735 0.510500
vt 0.227794 0.507500
vt 0.136519 0.492500
vt 0.227735 0.489500
vt 0.136519 0.507500
vt 0.136479 0.510500
vt 0.045479 0.492500
vt 0.136479 0.489500
vt 0.045479 0.507500
vt 0.045465 0.510500
vt 1.333681 0.492500
vt 1.424624 0.489500
vt 1.424638 0.492500
vt 1.424638 0.507500
vt 1.333695 0.510500
vt 1.333681 0.507500
vt 1.242641 0.492500
vt 1.333695 0.489500
vt 1.242680 0.510500
vt 1.242641 0.507500
vt 1.151365 0.492500
vt 1.242680 0.489500
vt 1.151424 0.510500
vt 1.151365 0.507500
vt 1.059738 0.492500
vt 1.151424 0.489500
vt 1.059738 0.507500
vt 1.059806 0.510500
vt 0.967700 0.492500
vt 1.059806 0.489500
vt 0.967766 0.510500
vt 0.967700 0.507500
vt 0.875263 0.492500
vt 0.967766 0.489500
vt 0.875263 0.507500
vt 0.875315 0.510500
vt 0.782538 0.489500
vt 0.875315 0.489500
vt 0.782538 0.510500
vt 0.782509 0.507500
vt 0.782509 0.492500
vt 0.689580 0.510500
vt 1.606894 0.489500
vt 0.582300 0.440206
vt 0.468565 0.403251
vt 0.640018 0.398272
vt 0.664600 0.500000
vt 0.398271 0.500000
vt 0.468565 0.596749
vt 0.582300 0.559794
vt 0.398272 0.441861
vt 0.440206 0.500000
vt 0.446519 0.441861
vt 0.550865 0.431654
vt 0.403251 0.431654
vt 0.366835 0.431654
vt 0.386263 0.500000
vt 0.640018 0.441861
vt 0.613737 0.500000
vt 0.343455 0.500000
vt 0.559794 0.500000
vt 0.601728 0.441861
vt 0.656545 0.500000
vt 0.553481 0.335399
vt 0.633165 0.403251
vt 0.531435 0.403251
vt 0.359982 0.398272
vt 0.449135 0.343456
vt 0.417700 0.440206
vt 0.359982 0.601728
vt 0.335400 0.500000
vt 0.417700 0.559794
vt 0.553481 0.664601
vt 0.449135 0.656544
vt 0.531435 0.596749
vt 0.673072 0.500000
vt 0.633165 0.596749
vt 0.601729 0.500000
vt 0.596749 0.568346
vt 0.553481 0.558139
vt 0.633165 0.568346
vt 0.449135 0.568346
vt 0.359982 0.558139
vt 0.601728 0.558139
vt 0.398272 0.558139
vt 0.403251 0.568346
vt 0.596749 0.431654
vt 0.550865 0.656544
vt 0.640018 0.601728
vt 0.446519 0.664601
vt 0.366835 0.596749
vt 0.326929 0.500000
vt 0.366835 0.403251
vt 0.446519 0.335399
vt 0.550865 0.343456
vt 0.467306 0.467306
vt 0.467306 0.466908
vt 0.466908 0.467306
vt 0.467306 0.532694
vt 0.466908 0.532694
vt 0.467306 0.533092
vt 0.532694 0.467306
vt 0.533092 0.467306
vt 0.532694 0.466908
vt 0.532694 0.532694
vt 0.532694 0.533092
vt 0.533092 0.532694
vt 0.467306 0.522886
vt 0.466908 0.477114
vt 0.467306 0.477114
vt 0.466908 0.522886
vt 0.533092 0.477114
vt 0.532694 0.522886
vt 0.533092 0.522886
vt 0.532694 0.477114
vt 0.460791 0.460791
vt 0.460791 0.460315
vt 0.460315 0.460791
vt 0.460791 0.539209
vt 0.460315 0.539209
vt 0.460791 0.539685
vt 0.539209 0.460791
vt 0.539685 0.460791
vt 0.539209 0.460315
vt 0.539209 0.539209
vt 0.539209 0.539685
vt 0.539685 0.539209
vt 0.460791 0.472554
vt 0.460315 0.527446
vt 0.460315 0.472554
vt 0.460791 0.527446
vt 0.539685 0.527446
vt 0.539209 0.472554
vt 0.539209 0.527446
vt 0.467440 0.467440
vt 0.467440 0.467045
vt 0.467045 0.467440
vt 0.467440 0.532560
vt 0.467045 0.532560
vt 0.467440 0.532955
vt 0.532560 0.467440
vt 0.532955 0.467440
vt 0.532560 0.467045
vt 0.532560 0.532560
vt 0.532560 0.532955
vt 0.532955 0.532560
vt 0.467440 0.522792
vt 0.467045 0.477208
vt 0.467440 0.477208
vt 0.467045 0.522792
vt 0.532955 0.522792
vt 0.532560 0.477208
vt 0.532560 0.522792
vt 0.532955 0.477208
vt 0.457853 0.457853
vt 0.457853 0.457341
vt 0.457341 0.457853
vt 0.457853 0.542147
vt 0.457341 0.542147
vt 0.457853 0.542659
vt 0.542147 0.457853
vt 0.542659 0.457853
vt 0.542147 0.457341
vt 0.542147 0.542147
vt 0.542147 0.542659
vt 0.542659 0.542147
vt 0.457853 0.470497
vt 0.457341 0.529503
vt 0.457341 0.470497
vt 0.457853 0.529503
vt 0.542659 0.470497
vt 0.542147 0.529503
vt 0.542659 0.529503
vt 0.542147 0.470497
vt 0.466985 0.466985
vt 0.466985 0.466584
vt 0.466584 0.466985
vt 0.466985 0.533015
vt 0.466584 0.533015
vt 0.466985 0.533416
vt 0.533015 0.466985
vt 0.533416 0.466985
vt 0.533015 0.466584
vt 0.533015 0.533015
vt 0.533015 0.533416
vt 0.533416 0.533015
vt 0.466985 0.476890
vt 0.466584 0.523110
vt 0.466584 0.476890
vt 0.466985 0.523110
vt 0.533416 0.476890
vt 0.533015 0.523110
vt 0.533416 0.523110
vt 0.533015 0.476890
vt 0.462341 0.462341
vt 0.462341 0.461883
vt 0.461883 0.462341
vt 0.462341 0.537659
vt 0.461883 0.537659
vt 0.462341 0.538117
vt 0.537659 0.462341
vt 0.538117 0.462341
vt 0.537659 0.461883
vt 0.537659 0.537659
vt 0.537659 0.538117
vt 0.538117 0.537659
vt 0.462341 0.473638
vt 0.461883 0.526362
vt 0.461883 0.473638
vt 0.462341 0.526362
vt 0.538117 0.473638
vt 0.537659 0.526362
vt 0.538117 0.526362
vt 0.537659 0.473638
vt 2.166160 0.403800
vt 1.933093 0.403800
vt 1.933378 0.596200
vt 2.166650 0.596200
vt 0.057991 0.407500
vt 2.166645 0.407500
vt 1.933375 0.407500
vt 1.933232 0.592500
vt 2.049566 0.592500
vt 2.166399 0.592500
vt 0.054134 0.489500
vt 2.022318 0.489500
vt 1.804577 0.489500
vt 1.804577 0.510500
vt 1.913233 0.510500
vt 2.022318 0.510500
vt 0.059657 0.489500
vt 2.228594 0.489500
vt 1.988640 0.489500
vt 1.988640 0.510500
vt 2.108381 0.510500
vt 2.228594 0.510500
vt 0.056177 0.489500
vt 2.098588 0.489500
vt 1.872634 0.489500
vt 1.872634 0.510500
vt 1.985389 0.510500
vt 2.098588 0.510500
vt 1.460313 0.572800
vt 1.740636 0.427200
vt 1.553362 0.427200
vt 1.553595 0.572800
vt 1.741037 0.572800
vt 1.741032 0.430000
vt 1.553592 0.430000
vt 1.553475 0.570000
vt 1.646950 0.570000
vt 1.740831 0.570000
vt 0.043824 0.489500
vt 1.637224 0.489500
vt 1.460949 0.489500
vt 1.460949 0.510500
vt 1.637224 0.510500
vt 0.048262 0.489500
vt 1.512244 0.510500
vt 1.802981 0.489500
vt 1.608857 0.489500
vt 1.608857 0.510500
vt 1.705728 0.510500
vt 1.802981 0.510500
vt 0.045465 0.489500
vt 1.424624 0.510500
vt 1.698512 0.489500
vt 1.515638 0.489500
vt 1.515638 0.510500
vt 1.606894 0.510500
vt 1.698512 0.510500
vt 0.539685 0.472554
s 0
usemtl wood
f 2/1/1 5/2/1 1/3/1
f 4/4/2 7/5/2 8/6/2
f 10/7/3 5/2/3 6/8/3
f 12/9/4 7/5/4 11/10/4
f 14/11/5 9/12/5 10/7/5
f 12/9/6 15/13/6 16/14/6
f 18/15/7 13/16/7 14/11/7
f 16/14/8 19/17/8 20/18/8
f 18/15/9 21/19/9 17/20/9
f 20/18/10 23/21/10 24/22/10
f 26/23/11 21/19/11 22/24/11
f 24/22/12 27/25/12 28/26/12
f 26/23/13 29/27/13 25/28/13
f 32/29/14 27/25/14 31/30/14
f 30/31/15 33/32/15 29/33/15
f 32/34/16 35/35/16 36/36/16
f 34/37/17 37/38/17 33/32/17
f 36/36/18 39/39/18 40/40/18
f 38/41/19 41/42/19 37/38/19
f 44/43/20 39/39/20 43/44/20
f 42/45/21 45/46/21 41/42/21
f 48/47/22 43/44/22 47/48/22
f 46/49/23 49/50/23 45/46/23
f 52/51/24 47/48/24 51/52/24
f 50/53/25 53/54/25 49/50/25
f 52/51/26 55/55/26 56/56/26
f 58/57/27 53/54/27 54/58/27
f 56/56/28 59/59/28 60/60/28
f 58/57/29 1/3/29 57/61/29
f 4/4/30 59/59/30 3/62/30
f 21/63/31 37/38/31 53/54/31
f 4/4/32 6/8/32 2/1/32
f 60/60/33 2/1/33 58/57/33
f 31/64/34 23/65/34 15/13/34
f 8/6/35 10/7/35 6/8/35
f 12/9/36 14/11/36 10/7/36
f 16/14/37 18/15/37 14/11/37
f 20/18/38 22/24/38 18/15/38
f 22/24/39 28/26/39 26/23/39
f 28/26/40 30/66/40 26/23/40
f 32/34/41 34/37/41 30/31/41
f 34/37/42 40/40/42 38/41/42
f 40/40/43 42/45/43 38/41/43
f 44/43/44 46/49/44 42/45/44
f 48/47/45 50/53/45 46/49/45
f 52/51/46 54/58/46 50/53/46
f 54/58/47 60/60/47 58/57/47
f 66/67/48 61/68/48 62/69/48
f 68/70/49 63/71/49 67/72/49
f 70/73/50 65/74/50 66/67/50
f 72/75/51 67/72/51 71/76/51
f 74/77/52 69/78/52 70/73/52
f 72/75/53 75/79/53 76/80/53
f 74/77/54 77/81/54 73/82/54
f 80/83/55 75/79/55 79/84/55
f 78/85/56 81/86/56 77/81/56
f 80/83/57 83/87/57 84/88/57
f 86/89/58 81/86/58 82/90/58
f 84/88/59 87/91/59 88/92/59
f 90/93/60 85/94/60 86/89/60
f 92/95/61 87/91/61 91/96/61
f 94/97/62 89/98/62 90/99/62
f 92/100/63 95/101/63 96/102/63
f 98/103/64 93/104/64 94/97/64
f 96/102/65 99/105/65 100/106/65
f 98/103/66 101/107/66 97/108/66
f 100/106/67 103/109/67 104/110/67
f 106/111/68 101/107/68 102/112/68
f 108/113/69 103/109/69 107/114/69
f 110/115/70 105/116/70 106/111/70
f 108/113/71 111/117/71 112/118/71
f 110/115/72 113/119/72 109/120/72
f 112/118/73 115/121/73 116/122/73
f 118/123/74 113/119/74 114/124/74
f 116/122/75 119/125/75 120/126/75
f 62/69/76 117/127/76 118/123/76
f 120/126/77 63/71/77 64/128/77
f 65/74/31 81/129/31 97/108/31
f 64/128/78 66/67/78 62/69/78
f 120/126/79 62/69/79 118/123/79
f 63/71/34 107/114/34 91/130/34
f 68/70/80 70/73/80 66/67/80
f 72/75/81 74/77/81 70/73/81
f 76/80/82 78/85/82 74/77/82
f 80/83/83 82/90/83 78/85/83
f 84/88/84 86/89/84 82/90/84
f 88/92/85 90/93/85 86/89/85
f 92/100/86 94/97/86 90/99/86
f 96/102/87 98/103/87 94/97/87
f 100/106/88 102/112/88 98/103/88
f 104/110/89 106/111/89 102/112/89
f 108/113/90 110/115/90 106/111/90
f 112/118/91 114/124/91 110/115/91
f 116/122/92 118/123/92 114/124/92
f 492/500/464 487/501/464 488/502/464
f 490/503/465 493/504/465 494/505/465
f 496/506/466 491/507/466 492/500/466
f 494/505/467 497/508/467 498/509/467
f 496/506/468 499/510/468 495/511/468
f 498/509/469 501/512/469 502/513/469
f 504/514/470 499/510/470 500/515/470
f 502/513/471 505/516/471 506/517/471
f 508/518/472 503/519/472 504/514/472
f 506/517/473 509/520/473 510/521/473
f 512/522/474 507/523/474 508/518/474
f 514/524/475 509/520/475 513/525/475
f 512/522/476 515/526/476 511/527/476
f 514/524/477 517/528/477 518/529/477
f 520/530/478 515/531/478 516/532/478
f 518/533/479 521/534/479 522/535/479
f 524/536/480 519/537/480 520/530/480
f 522/535/481 525/538/481 526/539/481
f 528/540/482 523/541/482 524/536/482
f 526/539/483 529/542/483 530/543/483
f 532/544/484 527/545/484 528/540/484
f 534/546/485 529/542/485 533/547/485
f 532/544/486 535/548/486 531/549/486
f 534/546/487 537/550/487 538/551/487
f 536/552/488 539/553/488 535/548/488
f 538/551/489 541/554/489 542/555/489
f 540/556/490 543/557/490 539/553/490
f 542/555/491 545/558/491 546/559/491
f 544/560/492 487/501/492 543/557/492
f 546/559/493 489/561/493 490/503/493
f 507/562/31 523/541/31 539/553/31
f 490/503/494 492/500/494 488/502/494
f 546/559/495 488/502/495 544/560/495
f 509/563/34 501/512/34 533/547/34
f 494/505/496 496/506/496 492/500/496
f 498/509/497 500/515/497 496/506/497
f 502/513/498 504/514/498 500/515/498
f 506/517/499 508/518/499 504/514/499
f 510/521/500 512/522/500 508/518/500
f 514/524/501 516/564/501 512/522/501
f 516/532/502 522/535/502 520/530/502
f 522/535/503 524/536/503 520/530/503
f 526/539/504 528/540/504 524/536/504
f 528/540/505 534/546/505 532/544/505
f 534/546/506 536/552/506 532/544/506
f 536/552/507 542/555/507 540/556/507
f 542/555/508 544/560/508 540/556/508
f 552/565/509 547/566/509 548/567/509
f 550/568/510 553/569/510 554/570/510
f 556/571/511 551/572/511 552/565/511
f 554/570/512 557/573/512 558/574/512
f 560/575/513 555/576/513 556/571/513
f 562/577/514 557/573/514 561/578/514
f 564/579/515 559/580/515 560/575/515
f 566/581/516 561/578/516 565/582/516
f 564/579/517 567/583/517 563/584/517
f 566/581/518 569/585/518 570/586/518
f 572/587/519 567/583/519 568/588/519
f 574/589/520 569/585/520 573/590/520
f 572/587/521 575/591/521 571/592/521
f 574/589/522 577/593/522 578/594/522
f 576/595/523 579/596/523 575/597/523
f 578/598/524 581/599/524 582/600/524
f 580/601/525 583/602/525 579/596/525
f 582/600/526 585/603/526 586/604/526
f 584/605/527 587/606/527 583/602/527
f 586/604/528 589/607/528 590/608/528
f 588/609/529 591/610/529 587/606/529
f 590/608/530 593/611/530 594/612/530
f 592/613/531 595/614/531 591/610/531
f 594/612/532 597/615/532 598/616/532
f 596/617/533 599/618/533 595/614/533
f 598/616/534 601/619/534 602/620/534
f 600/621/535 603/622/535 599/618/535
f 602/620/536 605/623/536 606/624/536
f 548/567/537 603/622/537 604/625/537
f 550/568/538 605/623/538 549/626/538
f 567/627/31 583/602/31 599/618/31
f 550/568/539 552/565/539 548/567/539
f 606/624/540 548/567/540 604/625/540
f 593/611/34 577/628/34 561/578/34
f 554/570/541 556/571/541 552/565/541
f 558/574/542 560/575/542 556/571/542
f 562/577/543 564/579/543 560/575/543
f 566/581/544 568/588/544 564/579/544
f 570/586/545 572/587/545 568/588/545
f 574/589/546 576/629/546 572/587/546
f 578/598/547 580/601/547 576/595/547
f 582/600/548 584/605/548 580/601/548
f 586/604/549 588/609/549 584/605/549
f 588/609/550 594/612/550 592/613/550
f 594/612/551 596/617/551 592/613/551
f 598/616/552 600/621/552 596/617/552
f 602/620/553 604/625/553 600/621/553
f 2/1/1 6/8/1 5/2/1
f 4/4/2 3/62/2 7/5/2
f 10/7/3 9/12/3 5/2/3
f 12/9/4 8/6/4 7/5/4
f 14/11/5 13/16/5 9/12/5
f 12/9/925 11/10/925 15/13/925
f 18/15/7 17/20/7 13/16/7
f 16/14/8 15/13/8 19/17/8
f 18/15/9 22/24/9 21/19/9
f 20/18/10 19/17/10 23/21/10
f 26/23/11 25/28/11 21/19/11
f 24/22/12 23/21/12 27/25/12
f 26/23/926 30/66/926 29/27/926
f 32/29/14 28/26/14 27/25/14
f 30/31/15 34/37/15 33/32/15
f 32/34/16 31/64/16 35/35/16
f 34/37/17 38/41/17 37/38/17
f 36/36/18 35/35/18 39/39/18
f 38/41/927 42/45/927 41/42/927
f 44/43/20 40/40/20 39/39/20
f 42/45/21 46/49/21 45/46/21
f 48/47/22 44/43/22 43/44/22
f 46/49/23 50/53/23 49/50/23
f 52/51/24 48/47/24 47/48/24
f 50/53/25 54/58/25 53/54/25
f 52/51/26 51/52/26 55/55/26
f 58/57/27 57/61/27 53/54/27
f 56/56/28 55/55/28 59/59/28
f 58/57/29 2/1/29 1/3/29
f 4/4/30 60/60/30 59/59/30
f 57/61/31 1/3/31 5/2/31
f 5/2/31 9/12/31 13/16/31
f 13/16/31 17/992/31 5/2/31
f 17/992/31 21/63/31 5/2/31
f 21/63/31 25/993/31 29/33/31
f 29/33/31 33/32/31 37/38/31
f 37/38/31 41/42/31 45/46/31
f 45/46/31 49/50/31 53/54/31
f 53/54/31 57/61/31 21/63/31
f 57/61/31 5/2/31 21/63/31
f 21/63/31 29/33/31 37/38/31
f 37/38/31 45/46/31 53/54/31
f 4/4/32 8/6/32 6/8/32
f 60/60/33 4/4/33 2/1/33
f 11/10/34 7/5/34 15/13/34
f 7/5/34 3/62/34 15/13/34
f 3/62/34 59/59/34 55/55/34
f 55/55/34 51/52/34 47/48/34
f 47/48/34 43/44/34 39/39/34
f 39/39/34 35/35/34 31/64/34
f 31/64/34 27/994/34 23/65/34
f 23/65/34 19/995/34 15/13/34
f 3/62/34 55/55/34 15/13/34
f 55/55/34 47/48/34 15/13/34
f 47/48/34 39/39/34 15/13/34
f 39/39/34 31/64/34 15/13/34
f 8/6/35 12/9/35 10/7/35
f 12/9/36 16/14/36 14/11/36
f 16/14/37 20/18/37 18/15/37
f 20/18/38 24/22/38 22/24/38
f 22/24/39 24/22/39 28/26/39
f 28/26/40 32/29/40 30/66/40
f 32/34/41 36/36/41 34/37/41
f 34/37/42 36/36/42 40/40/42
f 40/40/43 44/43/43 42/45/43
f 44/43/44 48/47/44 46/49/44
f 48/47/45 52/51/45 50/53/45
f 52/51/46 56/56/46 54/58/46
f 54/58/47 56/56/47 60/60/47
f 66/67/48 65/74/48 61/68/48
f 68/70/49 64/128/49 63/71/49
f 70/73/50 69/78/50 65/74/50
f 72/75/51 68/70/51 67/72/51
f 74/77/52 73/82/52 69/78/52
f 72/75/53 71/76/53 75/79/53
f 74/77/54 78/85/54 77/81/54
f 80/83/55 76/80/55 75/79/55
f 78/85/56 82/90/56 81/86/56
f 80/83/57 79/84/57 83/87/57
f 86/89/58 85/94/58 81/86/58
f 84/88/59 83/87/59 87/91/59
f 90/93/928 89/996/928 85/94/928
f 92/95/61 88/92/61 87/91/61
f 94/97/62 93/104/62 89/98/62
f 92/100/63 91/130/63 95/101/63
f 98/103/64 97/108/64 93/104/64
f 96/102/65 95/101/65 99/105/65
f 98/103/66 102/112/66 101/107/66
f 100/106/67 99/105/67 103/109/67
f 106/111/68 105/116/68 101/107/68
f 108/113/69 104/110/69 103/109/69
f 110/115/70 109/120/70 105/116/70
f 108/113/71 107/114/71 111/117/71
f 110/115/72 114/124/72 113/119/72
f 112/118/73 111/117/73 115/121/73
f 118/123/74 117/127/74 113/119/74
f 116/122/75 115/121/75 119/125/75
f 62/69/76 61/68/76 117/127/76
f 120/126/77 119/125/77 63/71/77
f 117/127/31 61/68/31 65/74/31
f 65/74/31 69/78/31 73/82/31
f 73/82/31 77/997/31 65/74/31
f 77/997/31 81/129/31 65/74/31
f 81/129/31 85/998/31 97/108/31
f 85/998/31 89/98/31 97/108/31
f 89/98/31 93/104/31 97/108/31
f 97/108/31 101/107/31 105/116/31
f 105/116/31 109/120/31 113/119/31
f 113/119/31 117/127/31 65/74/31
f 97/108/31 105/116/31 113/119/31
f 113/119/31 65/74/31 97/108/31
f 64/128/78 68/70/78 66/67/78
f 120/126/79 64/128/79 62/69/79
f 71/76/34 67/72/34 63/71/34
f 63/71/34 119/125/34 115/121/34
f 115/121/34 111/117/34 107/114/34
f 107/114/34 103/109/34 99/105/34
f 99/105/34 95/101/34 107/114/34
f 95/101/34 91/130/34 107/114/34
f 91/130/34 87/999/34 83/1000/34
f 83/1000/34 79/1001/34 75/79/34
f 75/79/34 71/76/34 63/71/34
f 63/71/34 115/121/34 107/114/34
f 91/130/34 83/1000/34 75/79/34
f 75/79/34 63/71/34 91/130/34
f 68/70/80 72/75/80 70/73/80
f 72/75/81 76/80/81 74/77/81
f 76/80/82 80/83/82 78/85/82
f 80/83/83 84/88/83 82/90/83
f 84/88/84 88/92/84 86/89/84
f 88/92/85 92/95/85 90/93/85
f 92/100/86 96/102/86 94/97/86
f 96/102/87 100/106/87 98/103/87
f 100/106/88 104/110/88 102/112/88
f 104/110/89 108/113/89 106/111/89
f 108/113/90 112/118/90 110/115/90
f 112/118/91 116/122/91 114/124/91
f 116/122/92 120/126/92 118/123/92
f 492/500/464 491/507/464 487/501/464
f 490/503/465 489/561/465 493/504/465
f 496/506/466 495/511/466 491/507/466
f 494/505/467 493/504/467 497/508/467
f 496/506/468 500/515/468 499/510/468
f 498/509/469 497/508/469 501/512/469
f 504/514/470 503/519/470 499/510/470
f 502/513/471 501/512/471 505/516/471
f 508/518/472 507/523/472 503/519/472
f 506/517/473 505/516/473 509/520/473
f 512/522/474 511/527/474 507/523/474
f 514/524/475 510/521/475 509/520/475
f 512/522/476 516/564/476 515/526/476
f 514/524/477 513/525/477 517/528/477
f 520/530/478 519/537/478 515/531/478
f 518/533/479 517/1020/479 521/534/479
f 524/536/480 523/541/480 519/537/480
f 522/535/481 521/534/481 525/538/481
f 528/540/482 527/545/482 523/541/482
f 526/539/483 525/538/483 529/542/483
f 532/544/484 531/549/484 527/545/484
f 534/546/485 530/543/485 529/542/485
f 532/544/486 536/552/486 535/548/486
f 534/546/487 533/547/487 537/550/487
f 536/552/488 540/556/488 539/553/488
f 538/551/489 537/550/489 541/554/489
f 540/556/490 544/560/490 543/557/490
f 542/555/491 541/554/491 545/558/491
f 544/560/492 488/502/492 487/501/492
f 546/559/493 545/558/493 489/561/493
f 543/557/31 487/501/31 491/507/31
f 491/507/31 495/511/31 499/510/31
f 499/510/31 503/1021/31 491/507/31
f 503/1021/31 507/562/31 491/507/31
f 507/562/31 511/1022/31 523/541/31
f 511/1022/31 515/531/31 523/541/31
f 515/531/31 519/537/31 523/541/31
f 523/541/31 527/545/31 531/549/31
f 531/549/31 535/548/31 523/541/31
f 535/548/31 539/553/31 523/541/31
f 539/553/31 543/557/31 491/507/31
f 539/553/31 491/507/31 507/562/31
f 490/503/494 494/505/494 492/500/494
f 546/559/495 490/503/495 488/502/495
f 497/508/34 493/504/34 489/561/34
f 489/561/34 545/558/34 541/554/34
f 541/554/34 537/550/34 533/547/34
f 533/547/34 529/542/34 525/538/34
f 525/538/34 521/534/34 517/1020/34
f 517/1020/34 513/1023/34 509/563/34
f 509/563/34 505/1024/34 501/512/34
f 501/512/34 497/508/34 533/547/34
f 497/508/34 489/561/34 533/547/34
f 489/561/34 541/554/34 533/547/34
f 533/547/34 525/538/34 517/1020/34
f 517/1020/34 509/563/34 533/547/34
f 494/505/496 498/509/496 496/506/496
f 498/509/497 502/513/497 500/515/497
f 502/513/498 506/517/498 504/514/498
f 506/517/499 510/521/499 508/518/499
f 510/521/500 514/524/500 512/522/500
f 514/524/501 518/529/501 516/564/501
f 516/532/502 518/533/502 522/535/502
f 522/535/503 526/539/503 524/536/503
f 526/539/504 530/543/504 528/540/504
f 528/540/505 530/543/505 534/546/505
f 534/546/506 538/551/506 536/552/506
f 536/552/507 538/551/507 542/555/507
f 542/555/508 546/559/508 544/560/508
f 552/565/509 551/572/509 547/566/509
f 550/568/510 549/626/510 553/569/510
f 556/571/511 555/576/511 551/572/511
f 554/570/512 553/569/512 557/573/512
f 560/575/513 559/580/513 555/576/513
f 562/577/514 558/574/514 557/573/514
f 564/579/515 563/584/515 559/580/515
f 566/581/516 562/577/516 561/578/516
f 564/579/517 568/588/517 567/583/517
f 566/581/980 565/582/980 569/585/980
f 572/587/519 571/592/519 567/583/519
f 574/589/520 570/586/520 569/585/520
f 572/587/521 576/629/521 575/591/521
f 574/589/522 573/590/522 577/593/522
f 576/595/523 580/601/523 579/596/523
f 578/598/524 577/628/524 581/599/524
f 580/601/525 584/605/525 583/602/525
f 582/600/526 581/599/526 585/603/526
f 584/605/527 588/609/527 587/606/527
f 586/604/528 585/603/528 589/607/528
f 588/609/529 592/613/529 591/610/529
f 590/608/530 589/607/530 593/611/530
f 592/613/531 596/617/531 595/614/531
f 594/612/532 593/611/532 597/615/532
f 596/617/533 600/621/533 599/618/533
f 598/616/534 597/615/534 601/619/534
f 600/621/535 604/625/535 603/622/535
f 602/620/536 601/619/536 605/623/536
f 548/567/537 547/566/537 603/622/537
f 550/568/538 606/624/538 605/623/538
f 603/622/31 547/566/31 551/572/31
f 551/572/31 555/576/31 559/580/31
f 559/580/31 563/1025/31 567/627/31
f 567/627/31 571/1026/31 583/602/31
f 571/1026/31 575/597/31 583/602/31
f 575/597/31 579/596/31 583/602/31
f 583/602/31 587/606/31 591/610/31
f 591/610/31 595/614/31 599/618/31
f 599/618/31 603/622/31 551/572/31
f 551/572/31 559/580/31 599/618/31
f 559/580/31 567/627/31 599/618/31
f 583/602/31 591/610/31 599/618/31
f 550/568/539 554/570/539 552/565/539
f 606/624/540 550/568/540 548/567/540
f 557/573/34 553/569/34 549/626/34
f 549/626/34 605/623/34 601/619/34
f 601/619/34 597/615/34 549/626/34
f 597/615/34 593/611/34 549/626/34
f 593/611/34 589/607/34 577/628/34
f 589/607/34 585/603/34 577/628/34
f 585/603/34 581/599/34 577/628/34
f 577/628/34 573/1027/34 569/1028/34
f 569/1028/34 565/1029/34 561/578/34
f 561/578/34 557/573/34 549/626/34
f 577/628/34 569/1028/34 561/578/34
f 561/578/34 549/626/34 593/611/34
f 554/570/541 558/574/541 556/571/541
f 558/574/542 562/577/542 560/575/542
f 562/577/543 566/581/543 564/579/543
f 566/581/544 570/586/544 568/588/544
f 570/586/545 574/589/545 572/587/545
f 574/589/546 578/594/546 576/629/546
f 578/598/547 582/600/547 580/601/547
f 582/600/548 586/604/548 584/605/548
f 586/604/549 590/608/549 588/609/549
f 588/609/550 590/608/550 594/612/550
f 594/612/551 598/616/551 596/617/551
f 598/616/552 602/620/552 600/621/552
f 602/620/553 606/624/553 604/625/553
usemtl iron
f 126/131/93 121/132/93 122/133/93
f 124/134/94 127/135/94 128/136/94
f 130/137/95 125/138/95 126/131/95
f 128/136/96 131/139/96 132/140/96
f 134/141/97 129/142/97 130/137/97
f 136/143/98 131/139/98 135/144/98
f 138/145/99 133/146/99 134/141/99
f 140/147/100 135/144/100 139/148/100
f 142/149/101 137/150/101 138/145/101
f 140/147/102 143/151/102 144/152/102
f 146/153/103 141/154/103 142/149/103
f 148/155/104 143/151/104 147/156/104
f 150/157/105 145/158/105 146/153/105
f 152/159/106 147/156/106 151/160/106
f 154/161/107 149/162/107 150/163/107
f 152/164/108 155/165/108 156/166/108
f 154/161/109 157/167/109 153/168/109
f 156/166/110 159/169/110 160/170/110
f 158/171/111 161/172/111 157/167/111
f 160/170/112 163/173/112 164/174/112
f 162/175/113 165/176/113 161/172/113
f 164/174/114 167/177/114 168/178/114
f 170/179/115 165/176/115 166/180/115
f 168/178/116 171/181/116 172/182/116
f 174/183/117 169/184/117 170/179/117
f 176/185/118 171/181/118 175/186/118
f 178/187/119 173/188/119 174/183/119
f 180/189/120 175/186/120 179/190/120
f 122/133/121 177/191/121 178/187/121
f 124/134/122 179/190/122 123/192/122
f 125/138/31 141/193/31 157/167/31
f 124/134/123 126/131/123 122/133/123
f 180/189/124 122/133/124 178/187/124
f 167/177/34 151/194/34 135/144/34
f 128/136/125 130/137/125 126/131/125
f 132/140/126 134/141/126 130/137/126
f 136/143/127 138/145/127 134/141/127
f 140/147/128 142/149/128 138/145/128
f 144/152/129 146/153/129 142/149/129
f 148/155/130 150/157/130 146/153/130
f 152/164/131 154/161/131 150/163/131
f 156/166/132 158/171/132 154/161/132
f 160/170/133 162/175/133 158/171/133
f 164/174/134 166/180/134 162/175/134
f 168/178/135 170/179/135 166/180/135
f 172/182/136 174/183/136 170/179/136
f 176/185/137 178/187/137 174/183/137
f 182/195/138 185/196/138 181/197/138
f 184/198/139 187/199/139 188/200/139
f 186/201/140 189/202/140 185/196/140
f 188/200/141 191/203/141 192/204/141
f 190/205/142 193/206/142 189/202/142
f 192/204/143 195/207/143 196/208/143
f 198/209/144 193/206/144 194/210/144
f 196/208/145 199/211/145 200/212/145
f 202/213/146 197/214/146 198/209/146
f 200/212/147 203/215/147 204/216/147
f 206/217/148 201/218/148 202/213/148
f 204/216/149 207/219/149 208/220/149
f 210/221/150 205/222/150 206/217/150
f 208/220/151 211/223/151 212/224/151
f 214/225/152 209/226/152 210/227/152
f 212/228/153 215/229/153 216/230/153
f 218/231/154 213/232/154 214/225/154
f 220/233/155 215/229/155 219/234/155
f 218/231/156 221/235/156 217/236/156
f 220/233/157 223/237/157 224/238/157
f 226/239/158 221/235/158 222/240/158
f 224/238/159 227/241/159 228/242/159
f 230/243/160 225/244/160 226/239/160
f 228/242/161 231/245/161 232/246/161
f 234/247/162 229/248/162 230/243/162
f 232/246/163 235/249/163 236/250/163
f 234/247/164 237/251/164 233/252/164
f 236/250/165 239/253/165 240/254/165
f 238/255/166 181/197/166 237/251/166
f 240/254/167 183/256/167 184/198/167
f 185/196/31 201/257/31 217/236/31
f 184/198/168 186/201/168 182/195/168
f 240/254/169 182/195/169 238/255/169
f 227/241/34 211/258/34 195/207/34
f 188/200/170 190/205/170 186/201/170
f 192/204/171 194/210/171 190/205/171
f 196/208/172 198/209/172 194/210/172
f 200/212/173 202/213/173 198/209/173
f 204/216/174 206/217/174 202/213/174
f 208/220/175 210/221/175 206/217/175
f 212/228/176 214/225/176 210/227/176
f 216/230/177 218/231/177 214/225/177
f 220/233/178 222/240/178 218/231/178
f 224/238/179 226/239/179 222/240/179
f 228/242/180 230/243/180 226/239/180
f 232/246/181 234/247/181 230/243/181
f 236/250/182 238/255/182 234/247/182
f 246/259/183 241/260/183 242/261/183
f 244/262/184 247/263/184 248/264/184
f 246/259/185 249/265/185 245/266/185
f 252/267/186 247/263/186 251/268/186
f 250/269/187 253/270/187 249/265/187
f 252/267/188 255/271/188 256/272/188
f 258/273/189 253/270/189 254/274/189
f 256/272/190 259/275/190 260/276/190
f 262/277/191 257/278/191 258/273/191
f 260/276/192 263/279/192 264/280/192
f 266/281/193 261/282/193 262/277/193
f 264/280/194 267/283/194 268/284/194
f 270/285/195 265/286/195 266/281/195
f 268/284/196 271/287/196 272/288/196
f 270/289/197 273/290/197 269/291/197
f 276/292/198 271/293/198 275/294/198
f 274/295/199 277/296/199 273/290/199
f 276/292/200 279/297/200 280/298/200
f 282/299/201 277/296/201 278/300/201
f 280/298/202 283/301/202 284/302/202
f 286/303/203 281/304/203 282/299/203
f 284/302/204 287/305/204 288/306/204
f 290/307/205 285/308/205 286/303/205
f 288/306/206 291/309/206 292/310/206
f 294/311/207 289/312/207 290/307/207
f 292/310/208 295/313/208 296/314/208
f 294/311/209 297/315/209 293/316/209
f 296/314/210 299/317/210 300/318/210
f 298/319/211 241/260/211 297/315/211
f 300/318/212 243/320/212 244/262/212
f 245/266/31 261/321/31 277/296/31
f 244/262/213 246/259/213 242/261/213
f 300/318/214 242/261/214 298/319/214
f 287/305/34 271/293/34 255/271/34
f 248/264/215 250/269/215 246/259/215
f 252/267/216 254/274/216 250/269/216
f 256/272/217 258/273/217 254/274/217
f 260/276/218 262/277/218 258/273/218
f 264/280/219 266/281/219 262/277/219
f 268/284/220 270/285/220 266/281/220
f 272/322/221 274/295/221 270/289/221
f 276/292/222 278/300/222 274/295/222
f 280/298/223 282/299/223 278/300/223
f 284/302/224 286/303/224 282/299/224
f 288/306/225 290/307/225 286/303/225
f 292/310/226 294/311/226 290/307/226
f 296/314/227 298/319/227 294/311/227
f 612/630/554 607/631/554 608/632/554
f 614/633/555 609/634/555 613/635/555
f 616/636/556 611/637/556 612/630/556
f 618/638/557 613/635/557 617/639/557
f 620/640/558 615/641/558 616/636/558
f 622/642/559 617/639/559 621/643/559
f 624/644/560 619/645/560 620/640/560
f 626/646/561 621/643/561 625/647/561
f 628/648/562 623/649/562 624/644/562
f 626/646/563 629/650/563 630/651/563
f 628/648/564 631/652/564 627/653/564
f 634/654/565 629/650/565 633/655/565
f 636/656/566 631/652/566 632/657/566
f 638/658/567 633/655/567 637/659/567
f 640/660/568 635/661/568 636/662/568
f 638/663/569 641/664/569 642/665/569
f 644/666/570 639/667/570 640/660/570
f 642/665/571 645/668/571 646/669/571
f 648/670/572 643/671/572 644/666/572
f 646/669/573 649/672/573 650/673/573
f 652/674/574 647/675/574 648/670/574
f 654/676/575 649/672/575 653/677/575
f 656/678/576 651/679/576 652/674/576
f 658/680/577 653/677/577 657/681/577
f 660/682/578 655/683/578 656/678/578
f 658/680/579 661/684/579 662/685/579
f 664/686/580 659/687/580 660/682/580
f 662/685/581 665/688/581 666/689/581
f 664/686/582 607/631/582 663/690/582
f 666/689/583 609/634/583 610/691/583
f 611/637/31 627/692/31 643/671/31
f 610/691/584 612/630/584 608/632/584
f 666/689/585 608/632/585 664/686/585
f 637/693/34 629/694/34 621/643/34
f 614/633/586 616/636/586 612/630/586
f 618/638/587 620/640/587 616/636/587
f 622/642/588 624/644/588 620/640/588
f 626/646/589 628/648/589 624/644/589
f 630/651/590 632/657/590 628/648/590
f 634/654/591 636/656/591 632/657/591
f 638/663/592 640/660/592 636/662/592
f 642/665/593 644/666/593 640/660/593
f 646/669/594 648/670/594 644/666/594
f 650/673/595 652/674/595 648/670/595
f 654/676/596 656/678/596 652/674/596
f 658/680/597 660/682/597 656/678/597
f 662/685/598 664/686/598 660/682/598
f 672/695/599 667/696/599 668/697/599
f 674/698/600 669/699/600 673/700/600
f 676/701/601 671/702/601 672/695/601
f 674/698/602 677/703/602 678/704/602
f 680/705/603 675/706/603 676/701/603
f 678/704/604 681/707/604 682/708/604
f 684/709/605 679/710/605 680/705/605
f 682/708/606 685/711/606 686/712/606
f 684/709/607 687/713/607 683/714/607
f 686/712/608 689/715/608 690/716/608
f 688/717/609 691/718/609 687/713/609
f 690/716/610 693/719/610 694/720/610
f 696/721/611 691/718/611 692/722/611
f 694/720/612 697/723/612 698/724/612
f 700/725/613 695/726/613 696/727/613
f 698/728/614 701/729/614 702/730/614
f 700/725/615 703/731/615 699/732/615
f 702/730/616 705/733/616 706/734/616
f 704/735/617 707/736/617 703/731/617
f 706/734/618 709/737/618 710/738/618
f 712/739/619 707/736/619 708/740/619
f 714/741/620 709/737/620 713/742/620
f 716/743/621 711/744/621 712/739/621
f 714/741/622 717/745/622 718/746/622
f 716/743/623 719/747/623 715/748/623
f 718/746/624 721/749/624 722/750/624
f 720/751/625 723/752/625 719/747/625
f 722/750/626 725/753/626 726/754/626
f 668/697/627 723/752/627 724/755/627
f 670/756/628 725/753/628 669/699/628
f 671/702/31 687/757/31 703/731/31
f 670/756/629 672/695/629 668/697/629
f 726/754/630 668/697/630 724/755/630
f 681/707/34 669/699/34 713/742/34
f 674/698/631 676/701/631 672/695/631
f 678/704/632 680/705/632 676/701/632
f 682/708/633 684/709/633 680/705/633
f 686/712/634 688/717/634 684/709/634
f 690/716/635 692/722/635 688/717/635
f 694/720/636 696/721/636 692/722/636
f 698/728/637 700/725/637 696/727/637
f 702/730/638 704/735/638 700/725/638
f 706/734/639 708/740/639 704/735/639
f 710/738/640 712/739/640 708/740/640
f 714/741/641 716/743/641 712/739/641
f 718/746/642 720/751/642 716/743/642
f 722/750/643 724/755/643 720/751/643
f 732/758/644 727/759/644 728/760/644
f 730/761/645 733/762/645 734/763/645
f 736/764/646 731/765/646 732/758/646
f 734/763/647 737/766/647 738/767/647
f 740/768/648 735/769/648 736/764/648
f 738/767/649 741/770/649 742/771/649
f 740/768/650 743/772/650 739/773/650
f 742/771/651 745/774/651 746/775/651
f 748/776/652 743/772/652 744/777/652
f 746/775/653 749/778/653 750/779/653
f 752/780/654 747/781/654 748/776/654
f 754/782/655 749/778/655 753/783/655
f 756/784/656 751/785/656 752/780/656
f 758/786/657 753/783/657 757/787/657
f 760/788/658 755/789/658 756/790/658
f 758/791/659 761/792/659 762/793/659
f 764/794/660 759/795/660 760/788/660
f 762/793/661 765/796/661 766/797/661
f 768/798/662 763/799/662 764/794/662
f 766/797/663 769/800/663 770/801/663
f 772/802/664 767/803/664 768/798/664
f 774/804/665 769/800/665 773/805/665
f 776/806/666 771/807/666 772/802/666
f 774/804/667 777/808/667 778/809/667
f 780/810/668 775/811/668 776/806/668
f 782/812/669 777/808/669 781/813/669
f 780/810/670 783/814/670 779/815/670
f 782/812/671 785/816/671 786/817/671
f 784/818/672 727/759/672 783/814/672
f 786/817/673 729/819/673 730/761/673
f 747/820/31 763/799/31 779/815/31
f 730/761/674 732/758/674 728/760/674
f 786/817/675 728/760/675 784/818/675
f 741/770/34 729/819/34 773/805/34
f 734/763/676 736/764/676 732/758/676
f 738/767/677 740/768/677 736/764/677
f 742/771/678 744/777/678 740/768/678
f 746/775/679 748/776/679 744/777/679
f 750/779/680 752/780/680 748/776/680
f 754/782/681 756/784/681 752/780/681
f 758/791/682 760/788/682 756/790/682
f 762/793/683 764/794/683 760/788/683
f 766/797/684 768/798/684 764/794/684
f 770/801/685 772/802/685 768/798/685
f 774/804/686 776/806/686 772/802/686
f 778/809/687 780/810/687 776/806/687
f 782/812/688 784/818/688 780/810/688
f 126/131/93 125/138/93 121/132/93
f 124/134/94 123/192/94 127/135/94
f 130/137/95 129/142/95 125/138/95
f 128/136/96 127/135/96 131/139/96
f 134/141/97 133/146/97 129/142/97
f 136/143/98 132/140/98 131/139/98
f 138/145/99 137/150/99 133/146/99
f 140/147/100 136/143/100 135/144/100
f 142/149/101 141/154/101 137/150/101
f 140/147/102 139/148/102 143/151/102
f 146/153/103 145/158/103 141/154/103
f 148/155/104 144/152/104 143/151/104
f 150/157/105 149/1002/105 145/158/105
f 152/159/106 148/155/106 147/156/106
f 154/161/107 153/168/107 149/162/107
f 152/164/108 151/194/108 155/165/108
f 154/161/109 158/171/109 157/167/109
f 156/166/110 155/165/110 159/169/110
f 158/171/111 162/175/111 161/172/111
f 160/170/112 159/169/112 163/173/112
f 162/175/929 166/180/929 165/176/929
f 164/174/930 163/173/930 167/177/930
f 170/179/115 169/184/115 165/176/115
f 168/178/116 167/177/116 171/181/116
f 174/183/117 173/188/117 169/184/117
f 176/185/118 172/182/118 171/181/118
f 178/187/119 177/191/119 173/188/119
f 180/189/120 176/185/120 175/186/120
f 122/133/121 121/132/121 177/191/121
f 124/134/122 180/189/122 179/190/122
f 177/191/31 121/132/31 125/138/31
f 125/138/31 129/142/31 141/193/31
f 129/142/31 133/146/31 141/193/31
f 133/146/31 137/1003/31 141/193/31
f 141/193/31 145/1004/31 149/162/31
f 149/162/31 153/168/31 157/167/31
f 157/167/31 161/172/31 165/176/31
f 165/176/31 169/184/31 157/167/31
f 169/184/31 173/188/31 157/167/31
f 173/188/31 177/191/31 125/138/31
f 141/193/31 149/162/31 157/167/31
f 173/188/31 125/138/31 157/167/31
f 124/134/123 128/136/123 126/131/123
f 180/189/124 124/134/124 122/133/124
f 131/139/34 127/135/34 135/144/34
f 127/135/34 123/192/34 135/144/34
f 123/192/34 179/190/34 175/186/34
f 175/186/34 171/181/34 167/177/34
f 167/177/34 163/173/34 159/169/34
f 159/169/34 155/165/34 167/177/34
f 155/165/34 151/194/34 167/177/34
f 151/194/34 147/1005/34 143/1006/34
f 143/1006/34 139/1007/34 135/144/34
f 123/192/34 175/186/34 135/144/34
f 175/186/34 167/177/34 135/144/34
f 151/194/34 143/1006/34 135/144/34
f 128/136/125 132/140/125 130/137/125
f 132/140/126 136/143/126 134/141/126
f 136/143/127 140/147/127 138/145/127
f 140/147/128 144/152/128 142/149/128
f 144/152/129 148/155/129 146/153/129
f 148/155/130 152/159/130 150/157/130
f 152/164/131 156/166/131 154/161/131
f 156/166/132 160/170/132 158/171/132
f 160/170/133 164/174/133 162/175/133
f 164/174/134 168/178/134 166/180/134
f 168/178/135 172/182/135 170/179/135
f 172/182/136 176/185/136 174/183/136
f 176/185/137 180/189/137 178/187/137
f 182/195/138 186/201/138 185/196/138
f 184/198/139 183/256/139 187/199/139
f 186/201/140 190/205/140 189/202/140
f 188/200/141 187/199/141 191/203/141
f 190/205/142 194/210/142 193/206/142
f 192/204/143 191/203/143 195/207/143
f 198/209/144 197/214/144 193/206/144
f 196/208/145 195/207/145 199/211/145
f 202/213/146 201/218/146 197/214/146
f 200/212/147 199/211/147 203/215/147
f 206/217/148 205/222/148 201/218/148
f 204/216/149 203/215/149 207/219/149
f 210/221/150 209/1008/150 205/222/150
f 208/220/151 207/219/151 211/223/151
f 214/225/152 213/232/152 209/226/152
f 212/228/153 211/258/153 215/229/153
f 218/231/154 217/236/154 213/232/154
f 220/233/155 216/230/155 215/229/155
f 218/231/156 222/240/156 221/235/156
f 220/233/157 219/234/157 223/237/157
f 226/239/158 225/244/158 221/235/158
f 224/238/159 223/237/159 227/241/159
f 230/243/160 229/248/160 225/244/160
f 228/242/161 227/241/161 231/245/161
f 234/247/162 233/252/162 229/248/162
f 232/246/163 231/245/163 235/249/163
f 234/247/164 238/255/164 237/251/164
f 236/250/165 235/249/165 239/253/165
f 238/255/166 182/195/166 181/197/166
f 240/254/167 239/253/167 183/256/167
f 237/251/31 181/197/31 185/196/31
f 185/196/31 189/202/31 193/206/31
f 193/206/31 197/1009/31 185/196/31
f 197/1009/31 201/257/31 185/196/31
f 201/257/31 205/1010/31 217/236/31
f 205/1010/31 209/226/31 217/236/31
f 209/226/31 213/232/31 217/236/31
f 217/236/31 221/235/31 233/252/31
f 221/235/31 225/244/31 233/252/31
f 225/244/31 229/248/31 233/252/31
f 233/252/31 237/251/31 185/196/31
f 233/252/31 185/196/31 217/236/31
f 184/198/168 188/200/168 186/201/168
f 240/254/169 184/198/169 182/195/169
f 191/203/34 187/199/34 195/207/34
f 187/199/34 183/256/34 195/207/34
f 183/256/34 239/253/34 235/249/34
f 235/249/34 231/245/34 183/256/34
f 231/245/34 227/241/34 183/256/34
f 227/241/34 223/237/34 211/258/34
f 223/237/34 219/234/34 211/258/34
f 219/234/34 215/229/34 211/258/34
f 211/258/34 207/1011/34 195/207/34
f 207/1011/34 203/1012/34 195/207/34
f 203/1012/34 199/1013/34 195/207/34
f 195/207/34 183/256/34 227/241/34
f 188/200/170 192/204/170 190/205/170
f 192/204/171 196/208/171 194/210/171
f 196/208/172 200/212/172 198/209/172
f 200/212/173 204/216/173 202/213/173
f 204/216/174 208/220/174 206/217/174
f 208/220/175 212/224/175 210/221/175
f 212/228/176 216/230/176 214/225/176
f 216/230/177 220/233/177 218/231/177
f 220/233/178 224/238/178 222/240/178
f 224/238/179 228/242/179 226/239/179
f 228/242/180 232/246/180 230/243/180
f 232/246/181 236/250/181 234/247/181
f 236/250/182 240/254/182 238/255/182
f 246/259/183 245/266/183 241/260/183
f 244/262/184 243/320/184 247/263/184
f 246/259/185 250/269/185 249/265/185
f 252/267/186 248/264/186 247/263/186
f 250/269/187 254/274/187 253/270/187
f 252/267/188 251/268/188 255/271/188
f 258/273/189 257/278/189 253/270/189
f 256/272/190 255/271/190 259/275/190
f 262/277/191 261/282/191 257/278/191
f 260/276/192 259/275/192 263/279/192
f 266/281/193 265/286/193 261/282/193
f 264/280/194 263/279/194 267/283/194
f 270/285/195 269/1014/195 265/286/195
f 268/284/196 267/283/196 271/287/196
f 270/289/197 274/295/197 273/290/197
f 276/292/198 272/322/198 271/293/198
f 274/295/199 278/300/199 277/296/199
f 276/292/200 275/294/200 279/297/200
f 282/299/201 281/304/201 277/296/201
f 280/298/202 279/297/202 283/301/202
f 286/303/203 285/308/203 281/304/203
f 284/302/204 283/301/204 287/305/204
f 290/307/205 289/312/205 285/308/205
f 288/306/206 287/305/206 291/309/206
f 294/311/207 293/316/207 289/312/207
f 292/310/208 291/309/208 295/313/208
f 294/311/209 298/319/209 297/315/209
f 296/314/210 295/313/210 299/317/210
f 298/319/931 242/261/931 241/260/931
f 300/318/212 299/317/212 243/320/212
f 297/315/31 241/260/31 245/266/31
f 245/266/31 249/265/31 253/270/31
f 253/270/31 257/1015/31 261/321/31
f 261/321/31 265/1016/31 269/291/31
f 269/291/31 273/290/31 277/296/31
f 277/296/31 281/304/31 285/308/31
f 285/308/31 289/312/31 277/296/31
f 289/312/31 293/316/31 277/296/31
f 293/316/31 297/315/31 245/266/31
f 245/266/31 253/270/31 261/321/31
f 261/321/31 269/291/31 277/296/31
f 293/316/31 245/266/31 277/296/31
f 244/262/213 248/264/213 246/259/213
f 300/318/214 244/262/214 242/261/214
f 251/268/34 247/263/34 255/271/34
f 247/263/34 243/320/34 255/271/34
f 243/320/34 299/317/34 295/313/34
f 295/313/34 291/309/34 287/305/34
f 287/305/34 283/301/34 271/293/34
f 283/301/34 279/297/34 271/293/34
f 279/297/34 275/294/34 271/293/34
f 271/293/34 267/1017/34 263/1018/34
f 263/1018/34 259/1019/34 255/271/34
f 243/320/34 295/313/34 255/271/34
f 295/313/34 287/305/34 255/271/34
f 271/293/34 263/1018/34 255/271/34
f 248/264/215 252/267/215 250/269/215
f 252/267/216 256/272/216 254/274/216
f 256/272/217 260/276/217 258/273/217
f 260/276/218 264/280/218 262/277/218
f 264/280/219 268/284/219 266/281/219
f 268/284/220 272/288/220 270/285/220
f 272/322/221 276/292/221 274/295/221
f 276/292/222 280/298/222 278/300/222
f 280/298/223 284/302/223 282/299/223
f 284/302/224 288/306/224 286/303/224
f 288/306/225 292/310/225 290/307/225
f 292/310/932 296/314/932 294/311/932
f 296/314/227 300/318/227 298/319/227
f 612/630/554 611/637/554 607/631/554
f 614/633/555 610/691/555 609/634/555
f 616/636/556 615/641/556 611/637/556
f 618/638/557 614/633/557 613/635/557
f 620/640/558 619/645/558 615/641/558
f 622/642/559 618/638/559 617/639/559
f 624/644/560 623/649/560 619/645/560
f 626/646/561 622/642/561 621/643/561
f 628/648/562 627/653/562 623/649/562
f 626/646/563 625/647/563 629/650/563
f 628/648/564 632/657/564 631/652/564
f 634/654/565 630/651/565 629/650/565
f 636/656/566 635/1030/566 631/652/566
f 638/658/567 634/654/567 633/655/567
f 640/660/568 639/667/568 635/661/568
f 638/663/569 637/693/569 641/664/569
f 644/666/570 643/671/570 639/667/570
f 642/665/571 641/664/571 645/668/571
f 648/670/572 647/675/572 643/671/572
f 646/669/573 645/668/573 649/672/573
f 652/674/574 651/679/574 647/675/574
f 654/676/575 650/673/575 649/672/575
f 656/678/576 655/683/576 651/679/576
f 658/680/577 654/676/577 653/677/577
f 660/682/578 659/687/578 655/683/578
f 658/680/981 657/681/981 661/684/981
f 664/686/580 663/690/580 659/687/580
f 662/685/581 661/684/581 665/688/581
f 664/686/582 608/632/582 607/631/582
f 666/689/583 665/688/583 609/634/583
f 663/690/31 607/631/31 611/637/31
f 611/637/31 615/641/31 619/645/31
f 619/645/31 623/1031/31 611/637/31
f 623/1031/31 627/692/31 611/637/31
f 627/692/31 631/1032/31 643/671/31
f 631/1032/31 635/661/31 643/671/31
f 635/661/31 639/667/31 643/671/31
f 643/671/31 647/675/31 651/679/31
f 651/679/31 655/683/31 643/671/31
f 655/683/31 659/687/31 643/671/31
f 659/687/31 663/690/31 611/637/31
f 659/687/31 611/637/31 643/671/31
f 610/691/584 614/633/584 612/630/584
f 666/689/585 610/691/585 608/632/585
f 617/639/34 613/635/34 609/634/34
f 609/634/34 665/688/34 661/684/34
f 661/684/34 657/681/34 609/634/34
f 657/681/34 653/677/34 609/634/34
f 653/677/34 649/672/34 645/668/34
f 645/668/34 641/664/34 637/693/34
f 637/693/34 633/1033/34 629/694/34
f 629/694/34 625/1034/34 621/643/34
f 621/643/34 617/639/34 653/677/34
f 617/639/34 609/634/34 653/677/34
f 653/677/34 645/668/34 621/643/34
f 645/668/34 637/693/34 621/643/34
f 614/633/586 618/638/586 616/636/586
f 618/638/587 622/642/587 620/640/587
f 622/642/588 626/646/588 624/644/588
f 626/646/589 630/651/589 628/648/589
f 630/651/590 634/654/590 632/657/590
f 634/654/591 638/658/591 636/656/591
f 638/663/592 642/665/592 640/660/592
f 642/665/593 646/669/593 644/666/593
f 646/669/594 650/673/594 648/670/594
f 650/673/595 654/676/595 652/674/595
f 654/676/596 658/680/596 656/678/596
f 658/680/597 662/685/597 660/682/597
f 662/685/598 666/689/598 664/686/598
f 672/695/599 671/702/599 667/696/599
f 674/698/600 670/756/600 669/699/600
f 676/701/601 675/706/601 671/702/601
f 674/698/602 673/700/602 677/703/602
f 680/705/603 679/710/603 675/706/603
f 678/704/604 677/703/604 681/707/604
f 684/709/605 683/714/605 679/710/605
f 682/708/606 681/707/606 685/711/606
f 684/709/607 688/717/607 687/713/607
f 686/712/608 685/711/608 689/715/608
f 688/717/609 692/722/609 691/718/609
f 690/716/610 689/715/610 693/719/610
f 696/721/611 695/1035/611 691/718/611
f 694/720/612 693/719/612 697/723/612
f 700/725/613 699/732/613 695/726/613
f 698/728/614 697/1036/614 701/729/614
f 700/725/615 704/735/615 703/731/615
f 702/730/616 701/729/616 705/733/616
f 704/735/617 708/740/617 707/736/617
f 706/734/618 705/733/618 709/737/618
f 712/739/619 711/744/619 707/736/619
f 714/741/620 710/738/620 709/737/620
f 716/743/621 715/748/621 711/744/621
f 714/741/622 713/742/622 717/745/622
f 716/743/623 720/751/623 719/747/623
f 718/746/624 717/745/624 721/749/624
f 720/751/625 724/755/625 723/752/625
f 722/750/626 721/749/626 725/753/626
f 668/697/627 667/696/627 723/752/627
f 670/756/628 726/754/628 725/753/628
f 723/752/31 667/696/31 671/702/31
f 671/702/31 675/706/31 679/710/31
f 679/710/31 683/1037/31 687/757/31
f 687/757/31 691/1038/31 695/726/31
f 695/726/31 699/732/31 703/731/31
f 703/731/31 707/736/31 711/744/31
f 711/744/31 715/748/31 703/731/31
f 715/748/31 719/747/31 703/731/31
f 719/747/31 723/752/31 671/702/31
f 671/702/31 679/710/31 687/757/31
f 687/757/31 695/726/31 703/731/31
f 719/747/31 671/702/31 703/731/31
f 670/756/629 674/698/629 672/695/629
f 726/754/630 670/756/630 668/697/630
f 677/703/34 673/700/34 681/707/34
f 673/700/34 669/699/34 681/707/34
f 669/699/34 725/753/34 721/749/34
f 721/749/34 717/745/34 669/699/34
f 717/745/34 713/742/34 669/699/34
f 713/742/34 709/737/34 705/733/34
f 705/733/34 701/729/34 697/1036/34
f 697/1036/34 693/1039/34 681/707/34
f 693/1039/34 689/1040/34 681/707/34
f 689/1040/34 685/1041/34 681/707/34
f 713/742/34 705/733/34 681/707/34
f 705/733/34 697/1036/34 681/707/34
f 674/698/631 678/704/631 676/701/631
f 678/704/632 682/708/632 680/705/632
f 682/708/633 686/712/633 684/709/633
f 686/712/634 690/716/634 688/717/634
f 690/716/635 694/720/635 692/722/635
f 694/720/636 698/724/636 696/721/636
f 698/728/637 702/730/637 700/725/637
f 702/730/638 706/734/638 704/735/638
f 706/734/639 710/738/639 708/740/639
f 710/738/640 714/741/640 712/739/640
f 714/741/641 718/746/641 716/743/641
f 718/746/642 722/750/642 720/751/642
f 722/750/643 726/754/643 724/755/643
f 732/758/644 731/765/644 727/759/644
f 730/761/982 729/819/982 733/762/982
f 736/764/646 735/769/646 731/765/646
f 734/763/647 733/762/647 737/766/647
f 740/768/648 739/773/648 735/769/648
f 738/767/649 737/766/649 741/770/649
f 740/768/650 744/777/650 743/772/650
f 742/771/651 741/770/651 745/774/651
f 748/776/652 747/781/652 743/772/652
f 746/775/653 745/774/653 749/778/653
f 752/780/654 751/785/654 747/781/654
f 754/782/655 750/779/655 749/778/655
f 756/784/656 755/1042/656 751/785/656
f 758/786/657 754/782/657 753/783/657
f 760/788/658 759/795/658 755/789/658
f 758/791/659 757/1043/659 761/792/659
f 764/794/660 763/799/660 759/795/660
f 762/793/661 761/792/661 765/796/661
f 768/798/662 767/803/662 763/799/662
f 766/797/663 765/796/663 769/800/663
f 772/802/664 771/807/664 767/803/664
f 774/804/665 770/801/665 769/800/665
f 776/806/666 775/811/666 771/807/666
f 774/804/667 773/805/667 777/808/667
f 780/810/668 779/815/668 775/811/668
f 782/812/669 778/809/669 777/808/669
f 780/810/983 784/818/983 783/814/983
f 782/812/984 781/813/984 785/816/984
f 784/818/672 728/760/672 727/759/672
f 786/817/673 785/816/673 729/819/673
f 783/814/31 727/759/31 731/765/31
f 731/765/31 735/769/31 739/773/31
f 739/773/31 743/1044/31 747/820/31
f 747/820/31 751/1045/31 755/789/31
f 755/789/31 759/795/31 747/820/31
f 759/795/31 763/799/31 747/820/31
f 763/799/31 767/803/31 779/815/31
f 767/803/31 771/807/31 779/815/31
f 771/807/31 775/811/31 779/815/31
f 779/815/31 783/814/31 731/765/31
f 731/765/31 739/773/31 779/815/31
f 739/773/31 747/820/31 779/815/31
f 730/761/674 734/763/674 732/758/674
f 786/817/675 730/761/675 728/760/675
f 737/766/34 733/762/34 741/770/34
f 733/762/34 729/819/34 741/770/34
f 729/819/34 785/816/34 781/813/34
f 781/813/34 777/808/34 773/805/34
f 773/805/34 769/800/34 765/796/34
f 765/796/34 761/792/34 773/805/34
f 761/792/34 757/1043/34 773/805/34
f 757/1043/34 753/1046/34 749/1047/34
f 749/1047/34 745/1048/34 741/770/34
f 729/819/34 781/813/34 773/805/34
f 757/1043/34 749/1047/34 773/805/34
f 749/1047/34 741/770/34 773/805/34
f 734/763/676 738/767/676 736/764/676
f 738/767/677 742/771/677 740/768/677
f 742/771/678 746/775/678 744/777/678
f 746/775/679 750/779/679 748/776/679
f 750/779/680 754/782/680 752/780/680
f 754/782/681 758/786/681 756/784/681
f 758/791/682 762/793/682 760/788/682
f 762/793/683 766/797/683 764/794/683
f 766/797/684 770/801/684 768/798/684
f 770/801/685 774/804/685 772/802/685
f 774/804/686 778/809/686 776/806/686
f 778/809/687 782/812/687 780/810/687
f 782/812/688 786/817/688 784/818/688
usemtl ore
f 301/323/228 314/324/228 313/325/228
f 302/326/229 314/324/229 316/327/229
f 301/323/230 313/325/230 318/328/230
f 301/323/231 318/328/231 320/329/231
f 301/323/232 320/329/232 317/330/232
f 302/331/233 316/332/233 323/333/233
f 303/334/234 315/335/234 325/323/234
f 304/336/235 319/337/235 327/333/235
f 305/334/236 321/338/236 329/339/236
f 306/340/237 322/335/237 331/341/237
f 302/331/238 323/333/238 326/342/238
f 303/334/239 325/323/239 328/339/239
f 304/336/240 327/333/240 330/343/240
f 305/334/241 329/339/241 332/323/241
f 306/344/242 331/345/242 324/343/242
f 307/346/243 333/347/243 338/348/243
f 308/349/244 334/350/244 340/351/244
f 309/352/245 335/353/245 341/354/245
f 310/355/246 336/356/246 342/357/246
f 311/358/247 337/359/247 339/360/247
f 339/360/248 342/357/248 312/323/248
f 339/360/249 337/359/249 342/357/249
f 337/359/250 310/355/250 342/357/250
f 342/357/251 341/354/251 312/323/251
f 342/357/252 336/356/252 341/354/252
f 336/356/253 309/352/253 341/354/253
f 341/354/254 340/351/254 312/323/254
f 341/354/255 335/353/255 340/351/255
f 335/353/256 308/349/256 340/351/256
f 340/351/257 338/348/257 312/323/257
f 340/351/258 334/350/258 338/348/258
f 334/350/259 307/346/259 338/348/259
f 338/348/260 339/360/260 312/323/260
f 338/348/261 333/347/261 339/360/261
f 333/347/262 311/358/262 339/360/262
f 324/343/263 337/361/263 311/362/263
f 324/343/264 331/345/264 337/361/264
f 331/341/265 310/363/265 337/364/265
f 332/323/266 336/365/266 310/363/266
f 332/323/267 329/339/267 336/365/267
f 329/339/268 309/366/268 336/365/268
f 330/343/269 335/367/269 309/368/269
f 330/343/270 327/333/270 335/367/270
f 327/333/271 308/369/271 335/367/271
f 328/339/272 334/365/272 308/366/272
f 328/339/273 325/323/273 334/365/273
f 325/323/274 307/363/274 334/365/274
f 326/341/275 333/364/275 307/363/275
f 326/342/276 323/333/276 333/370/276
f 323/333/277 311/362/277 333/370/277
f 331/341/278 332/323/278 310/363/278
f 331/341/279 322/335/279 332/323/279
f 322/335/280 305/334/280 332/323/280
f 329/345/281 330/343/281 309/368/281
f 329/345/282 321/371/282 330/343/282
f 321/371/283 304/336/283 330/343/283
f 327/333/284 328/342/284 308/369/284
f 327/333/285 319/337/285 328/342/285
f 319/338/286 303/334/286 328/339/286
f 325/323/287 326/341/287 307/363/287
f 325/323/288 315/335/288 326/341/288
f 315/335/289 302/340/289 326/341/289
f 323/333/290 324/343/290 311/362/290
f 323/333/291 316/332/291 324/343/291
f 316/332/292 306/344/292 324/343/292
f 317/330/293 322/372/293 306/373/293
f 317/330/294 320/329/294 322/372/294
f 320/329/295 305/374/295 322/372/295
f 320/329/296 321/375/296 305/374/296
f 320/329/297 318/328/297 321/375/297
f 318/328/298 304/376/298 321/375/298
f 318/328/299 319/377/299 304/376/299
f 318/328/300 313/325/300 319/377/300
f 313/325/301 303/378/301 319/377/301
f 316/327/302 317/330/302 306/373/302
f 316/327/303 314/324/303 317/330/303
f 314/324/304 301/323/304 317/330/304
f 313/325/305 315/379/305 303/378/305
f 313/325/306 314/324/306 315/379/306
f 314/324/307 302/326/307 315/379/307
f 343/380/308 344/381/308 345/382/308
f 346/381/309 347/380/309 348/382/309
f 349/383/310 350/384/310 351/385/310
f 352/383/311 353/385/311 354/384/311
f 355/386/312 356/387/312 357/388/312
f 358/386/313 359/388/313 360/387/313
f 361/389/314 362/390/314 363/391/314
f 364/389/315 365/391/315 366/390/315
f 343/380/316 350/384/316 349/383/316
f 346/392/317 345/393/317 344/394/317
f 347/380/318 354/384/318 348/382/318
f 353/392/319 350/393/319 354/395/319
f 361/389/320 351/385/320 362/390/320
f 352/383/321 366/390/321 353/385/321
f 363/396/322 366/397/322 365/398/322
f 361/389/323 356/387/323 355/386/323
f 364/389/324 360/387/324 365/391/324
f 357/399/325 360/398/325 359/397/325
f 355/386/326 344/381/326 343/380/326
f 347/380/327 359/388/327 358/386/327
f 361/389/328 343/380/328 349/383/328
f 348/392/329 350/399/329 345/394/329
f 359/397/330 344/394/330 357/399/330
f 364/389/331 347/380/331 358/386/331
f 351/394/332 366/397/332 362/399/332
f 365/397/333 356/394/333 363/399/333
f 367/400/334 368/401/334 369/402/334
f 370/401/335 371/400/335 372/402/335
f 373/403/336 374/404/336 375/405/336
f 376/403/337 377/405/337 378/404/337
f 379/406/338 380/407/338 381/408/338
f 382/406/339 383/408/339 384/407/339
f 385/409/340 386/410/340 387/411/340
f 388/409/341 389/411/341 390/410/341
f 373/403/342 369/402/342 374/404/342
f 368/412/343 372/413/343 369/414/343
f 376/403/344 372/402/344 371/400/344
f 375/412/345 378/413/345 377/415/345
f 373/403/346 386/410/346 385/409/346
f 388/409/347 377/405/347 376/403/347
f 387/416/348 390/417/348 389/418/348
f 385/409/349 380/407/349 379/406/349
f 382/406/350 389/411/350 388/409/350
f 381/419/351 384/418/351 383/417/351
f 367/400/352 381/408/352 368/401/352
f 371/400/353 383/408/353 382/406/353
f 385/409/354 367/400/354 373/403/354
f 369/412/355 378/417/355 374/419/355
f 383/417/356 368/412/356 381/419/356
f 376/403/357 382/406/357 388/409/357
f 377/415/358 386/419/358 375/412/358
f 389/417/359 380/412/359 387/419/359
f 391/420/360 392/421/360 393/422/360
f 394/421/361 395/420/361 396/422/361
f 397/423/362 398/424/362 399/425/362
f 400/423/363 401/425/363 402/424/363
f 403/426/364 404/427/364 405/428/364
f 406/426/365 407/428/365 408/427/365
f 409/429/366 410/430/366 411/431/366
f 412/429/367 413/431/367 414/430/367
f 391/420/368 398/424/368 397/423/368
f 394/432/369 393/433/369 392/434/369
f 395/420/370 402/424/370 396/422/370
f 399/434/371 402/435/371 401/432/371
f 409/429/372 399/425/372 410/430/372
f 400/423/373 414/430/373 401/425/373
f 411/436/374 414/437/374 413/438/374
f 403/426/375 411/431/375 404/427/375
f 412/429/376 408/427/376 413/431/376
f 407/437/377 404/436/377 408/438/377
f 403/426/378 392/421/378 391/420/378
f 395/420/379 407/428/379 406/426/379
f 409/429/380 391/420/380 397/423/380
f 396/432/381 398/439/381 393/434/381
f 407/437/382 392/434/382 405/439/382
f 412/429/383 395/420/383 406/426/383
f 401/432/384 410/439/384 399/434/384
f 411/439/385 408/432/385 404/434/385
f 415/440/386 416/441/386 417/442/386
f 418/441/387 419/440/387 420/442/387
f 421/443/388 422/444/388 423/445/388
f 424/443/389 425/445/389 426/444/389
f 427/446/390 428/447/390 429/448/390
f 430/446/391 431/448/391 432/447/391
f 433/449/392 434/450/392 435/451/392
f 436/449/393 437/451/393 438/450/393
f 421/443/394 417/442/394 422/444/394
f 418/452/395 417/453/395 416/454/395
f 419/440/396 426/444/396 420/442/396
f 423/454/397 426/455/397 425/452/397
f 421/443/398 434/450/398 433/449/398
f 424/443/399 438/450/399 425/445/399
f 435/456/400 438/457/400 437/458/400
f 427/446/401 435/451/401 428/447/401
f 430/446/402 437/451/402 436/449/402
f 429/459/403 432/458/403 431/457/403
f 415/440/404 429/448/404 416/441/404
f 419/440/405 431/448/405 430/446/405
f 433/449/406 415/440/406 421/443/406
f 420/452/407 422/459/407 417/454/407
f 431/457/408 416/454/408 429/459/408
f 436/449/409 419/440/409 430/446/409
f 423/454/410 438/457/410 434/459/410
f 437/457/411 428/454/411 435/459/411
f 439/460/412 440/461/412 441/462/412
f 442/461/413 443/460/413 444/462/413
f 445/463/414 446/464/414 447/465/414
f 448/463/415 449/465/415 450/464/415
f 451/466/416 452/467/416 453/468/416
f 454/466/417 455/468/417 456/467/417
f 457/469/418 458/470/418 459/471/418
f 460/469/419 461/471/419 462/470/419
f 445/463/420 441/462/420 446/464/420
f 440/472/421 444/473/421 441/474/421
f 443/460/422 450/464/422 444/462/422
f 449/475/423 446/474/423 450/473/423
f 457/469/424 447/465/424 458/470/424
f 460/469/425 449/465/425 448/463/425
f 459/476/426 462/477/426 461/478/426
f 451/466/427 459/471/427 452/467/427
f 454/466/428 461/471/428 460/469/428
f 453/479/429 456/478/429 455/477/429
f 451/466/430 440/461/430 439/460/430
f 454/466/431 442/461/431 455/468/431
f 457/469/432 439/460/432 445/463/432
f 444/475/433 446/479/433 441/472/433
f 453/479/434 442/475/434 440/472/434
f 448/463/435 454/466/435 460/469/435
f 449/475/436 458/479/436 447/472/436
f 459/479/437 456/475/437 452/472/437
f 463/480/438 464/481/438 465/482/438
f 466/481/439 467/480/439 468/482/439
f 469/483/440 470/484/440 471/485/440
f 472/483/441 473/485/441 474/484/441
f 475/486/442 476/487/442 477/488/442
f 478/486/443 479/488/443 480/487/443
f 481/489/444 482/490/444 483/491/444
f 484/489/445 485/491/445 486/490/445
f 463/480/446 470/484/446 469/483/446
f 464/492/447 468/493/447 465/494/447
f 472/483/448 468/482/448 467/480/448
f 473/495/449 470/494/449 474/493/449
f 469/483/450 482/490/450 481/489/450
f 484/489/451 473/485/451 472/483/451
f 483/496/452 486/497/452 485/498/452
f 481/489/453 476/487/453 475/486/453
f 478/486/454 485/491/454 484/489/454
f 477/499/455 480/498/455 479/497/455
f 463/480/456 477/488/456 464/481/456
f 467/480/457 479/488/457 478/486/457
f 481/489/458 463/480/458 469/483/458
f 468/495/459 470/499/459 465/492/459
f 479/497/460 464/492/460 477/499/460
f 472/483/461 478/486/461 484/489/461
f 473/495/462 482/499/462 471/492/462
f 485/497/463 476/492/463 483/499/463
f 343/380/933 345/382/933 350/384/933
f 346/392/317 348/395/317 345/393/317
f 347/380/934 352/383/934 354/384/934
f 353/392/935 351/394/935 350/393/935
f 361/389/936 349/383/936 351/385/936
f 352/383/937 364/389/937 366/390/937
f 363/396/938 362/399/938 366/397/938
f 361/389/939 363/391/939 356/387/939
f 364/389/940 358/386/940 360/387/940
f 357/399/941 356/396/941 360/398/941
f 355/386/942 357/388/942 344/381/942
f 347/380/943 346/381/943 359/388/943
f 361/389/328 355/386/328 343/380/328
f 348/392/329 354/397/329 350/399/329
f 359/397/330 346/392/330 344/394/330
f 364/389/331 352/383/331 347/380/331
f 351/394/332 353/392/332 366/397/332
f 365/397/333 360/392/333 356/394/333
f 373/403/944 367/400/944 369/402/944
f 368/412/343 370/415/343 372/413/343
f 376/403/945 378/404/945 372/402/945
f 375/412/345 374/414/345 378/413/345
f 373/403/946 375/405/946 386/410/946
f 388/409/947 390/410/947 377/405/947
f 387/416/348 386/419/348 390/417/348
f 385/409/948 387/411/948 380/407/948
f 382/406/350 384/407/350 389/411/350
f 381/419/351 380/416/351 384/418/351
f 367/400/949 379/406/949 381/408/949
f 371/400/950 370/401/950 383/408/950
f 385/409/354 379/406/354 367/400/354
f 369/412/355 372/415/355 378/417/355
f 383/417/356 370/415/356 368/412/356
f 376/403/357 371/400/357 382/406/357
f 377/415/358 390/417/358 386/419/358
f 389/417/359 384/415/359 380/412/359
f 391/420/951 393/422/951 398/424/951
f 394/432/369 396/435/369 393/433/369
f 395/420/952 400/423/952 402/424/952
f 399/434/371 398/433/371 402/435/371
f 409/429/953 397/423/953 399/425/953
f 400/423/954 412/429/954 414/430/954
f 411/436/374 410/439/374 414/437/374
f 403/426/955 409/429/955 411/431/955
f 412/429/956 406/426/956 408/427/956
f 407/437/957 405/439/957 404/436/957
f 403/426/958 405/428/958 392/421/958
f 395/420/379 394/421/379 407/428/379
f 409/429/380 403/426/380 391/420/380
f 396/432/381 402/437/381 398/439/381
f 407/437/382 394/432/382 392/434/382
f 412/429/383 400/423/383 395/420/383
f 401/432/384 414/437/384 410/439/384
f 411/439/385 413/437/385 408/432/385
f 421/443/394 415/440/394 417/442/394
f 418/452/959 420/455/959 417/453/959
f 419/440/396 424/443/396 426/444/396
f 423/454/397 422/453/397 426/455/397
f 421/443/960 423/445/960 434/450/960
f 424/443/961 436/449/961 438/450/961
f 435/456/400 434/459/400 438/457/400
f 427/446/401 433/449/401 435/451/401
f 430/446/402 432/447/402 437/451/402
f 429/459/962 428/456/962 432/458/962
f 415/440/963 427/446/963 429/448/963
f 419/440/964 418/441/964 431/448/964
f 433/449/406 427/446/406 415/440/406
f 420/452/407 426/457/407 422/459/407
f 431/457/408 418/452/408 416/454/408
f 436/449/409 424/443/409 419/440/409
f 423/454/410 425/452/410 438/457/410
f 437/457/411 432/452/411 428/454/411
f 445/463/965 439/460/965 441/462/965
f 440/472/421 442/475/421 444/473/421
f 443/460/966 448/463/966 450/464/966
f 449/475/967 447/472/967 446/474/967
f 457/469/968 445/463/968 447/465/968
f 460/469/425 462/470/425 449/465/425
f 459/476/426 458/479/426 462/477/426
f 451/466/427 457/469/427 459/471/427
f 454/466/969 456/467/969 461/471/969
f 453/479/429 452/476/429 456/478/429
f 451/466/970 453/468/970 440/461/970
f 454/466/971 443/460/971 442/461/971
f 457/469/432 451/466/432 439/460/432
f 444/475/433 450/477/433 446/479/433
f 453/479/434 455/477/434 442/475/434
f 448/463/435 443/460/435 454/466/435
f 449/475/436 462/477/436 458/479/436
f 459/479/437 461/477/437 456/475/437
f 463/480/446 465/482/446 470/484/446
f 464/492/447 466/495/447 468/493/447
f 472/483/972 474/484/972 468/482/972
f 473/495/973 471/492/973 470/494/973
f 469/483/974 471/485/974 482/490/974
f 484/489/975 486/490/975 473/485/975
f 483/496/452 482/499/452 486/497/452
f 481/489/976 483/491/976 476/487/976
f 478/486/977 480/487/977 485/491/977
f 477/499/455 476/496/455 480/498/455
f 463/480/978 475/486/978 477/488/978
f 467/480/979 466/481/979 479/488/979
f 481/489/458 475/486/458 463/480/458
f 468/495/459 474/497/459 470/499/459
f 479/497/460 466/495/460 464/492/460
f 472/483/461 467/480/461 478/486/461
f 473/495/462 486/497/462 482/499/462
f 485/497/463 480/495/463 476/492/463
usemtl coal
f 787/323/689 800/821/689 799/822/689
f 788/823/690 800/821/690 802/824/690
f 787/323/691 799/822/691 804/825/691
f 787/323/692 804/825/692 806/826/692
f 787/323/693 806/826/693 803/827/693
f 788/828/694 802/332/694 809/829/694
f 789/830/695 801/831/695 811/323/695
f 790/336/696 805/832/696 813/829/696
f 791/830/697 807/833/697 815/834/697
f 792/835/698 808/831/698 817/836/698
f 788/828/699 809/829/699 812/837/699
f 789/830/700 811/323/700 814/834/700
f 790/336/701 813/829/701 816/838/701
f 791/830/702 815/834/702 818/323/702
f 792/839/703 817/840/703 810/838/703
f 793/841/704 819/842/704 824/843/704
f 794/844/705 820/845/705 826/846/705
f 795/847/706 821/848/706 827/849/706
f 796/850/707 822/851/707 828/852/707
f 797/853/708 823/854/708 825/855/708
f 825/855/709 828/852/709 798/323/709
f 825/855/710 823/854/710 828/852/710
f 823/854/711 796/850/711 828/852/711
f 828/852/712 827/849/712 798/323/712
f 828/852/713 822/851/713 827/849/713
f 822/851/714 795/847/714 827/849/714
f 827/849/715 826/846/715 798/323/715
f 827/849/716 821/848/716 826/846/716
f 821/848/717 794/844/717 826/846/717
f 826/846/718 824/843/718 798/323/718
f 826/846/719 820/845/719 824/843/719
f 820/845/720 793/841/720 824/843/720
f 824/843/721 825/855/721 798/323/721
f 824/843/722 819/842/722 825/855/722
f 819/842/723 797/853/723 825/855/723
f 810/838/724 823/856/724 797/362/724
f 810/838/725 817/840/725 823/856/725
f 817/836/726 796/857/726 823/858/726
f 818/323/727 822/859/727 796/857/727
f 818/323/728 815/834/728 822/859/728
f 815/834/729 795/860/729 822/859/729
f 816/838/730 821/367/730 795/861/730
f 816/838/731 813/829/731 821/367/731
f 813/829/732 794/862/732 821/367/732
f 814/834/733 820/859/733 794/860/733
f 814/834/734 811/323/734 820/859/734
f 811/323/735 793/857/735 820/859/735
f 812/836/736 819/858/736 793/857/736
f 812/837/737 809/829/737 819/863/737
f 809/829/738 797/362/738 819/863/738
f 817/836/739 818/323/739 796/857/739
f 817/836/740 808/831/740 818/323/740
f 808/831/741 791/830/741 818/323/741
f 815/840/742 816/838/742 795/861/742
f 815/840/743 807/864/743 816/838/743
f 807/864/744 790/336/744 816/838/744
f 813/829/745 814/837/745 794/862/745
f 813/829/746 805/832/746 814/837/746
f 805/833/747 789/830/747 814/834/747
f 811/323/748 812/836/748 793/857/748
f 811/323/749 801/831/749 812/836/749
f 801/831/750 788/835/750 812/836/750
f 809/829/751 810/838/751 797/362/751
f 809/829/752 802/332/752 810/838/752
f 802/332/753 792/839/753 810/838/753
f 803/827/754 808/865/754 792/866/754
f 803/827/755 806/826/755 808/865/755
f 806/826/756 791/867/756 808/865/756
f 806/826/757 807/868/757 791/867/757
f 806/826/758 804/825/758 807/868/758
f 804/825/759 790/869/759 807/868/759
f 804/825/760 805/870/760 790/869/760
f 804/825/761 799/822/761 805/870/761
f 799/822/762 789/871/762 805/870/762
f 802/824/763 803/827/763 792/866/763
f 802/824/764 800/821/764 803/827/764
f 800/821/765 787/323/765 803/827/765
f 799/822/766 801/872/766 789/871/766
f 799/822/767 800/821/767 801/872/767
f 800/821/768 788/823/768 801/872/768
f 829/873/769 830/874/769 831/875/769
f 832/874/770 833/873/770 834/875/770
f 835/876/771 836/877/771 837/878/771
f 838/876/772 839/878/772 840/877/772
f 841/879/773 842/880/773 843/881/773
f 844/879/774 845/881/774 846/880/774
f 847/882/775 848/883/775 849/884/775
f 850/882/776 851/884/776 852/883/776
f 835/876/777 831/875/777 836/877/777
f 832/885/778 831/886/778 830/887/778
f 838/876/779 834/875/779 833/873/779
f 837/887/780 840/888/780 839/885/780
f 847/882/781 837/878/781 848/883/781
f 850/882/782 839/878/782 838/876/782
f 849/889/783 852/890/783 851/891/783
f 847/882/784 842/880/784 841/879/784
f 850/882/785 846/880/785 851/884/785
f 843/892/786 846/891/786 845/890/786
f 841/879/787 830/874/787 829/873/787
f 844/879/788 832/874/788 845/881/788
f 847/882/789 829/873/789 835/876/789
f 831/887/790 840/890/790 836/892/790
f 843/892/791 832/885/791 830/887/791
f 838/876/792 844/879/792 850/882/792
f 837/887/793 852/890/793 848/892/793
f 849/892/794 846/885/794 842/887/794
f 853/893/795 854/894/795 855/895/795
f 856/894/796 857/893/796 858/895/796
f 859/896/797 860/897/797 861/898/797
f 862/896/798 863/898/798 864/897/798
f 865/899/799 866/900/799 867/901/799
f 868/899/800 869/901/800 870/900/800
f 871/902/801 872/903/801 873/904/801
f 874/902/802 875/904/802 876/903/802
f 859/896/803 855/895/803 860/897/803
f 854/905/804 858/906/804 855/907/804
f 862/896/805 858/895/805 857/893/805
f 861/905/806 864/906/806 863/908/806
f 859/896/807 872/903/807 871/902/807
f 862/896/808 876/903/808 863/898/808
f 875/909/809 872/910/809 876/911/809
f 871/902/810 866/900/810 865/899/810
f 874/902/811 870/900/811 875/904/811
f 867/910/812 870/909/812 869/911/812
f 865/899/813 854/894/813 853/893/813
f 868/899/814 856/894/814 869/901/814
f 859/896/815 865/899/815 853/893/815
f 858/908/816 860/910/816 855/905/816
f 867/910/817 856/908/817 854/905/817
f 862/896/818 868/899/818 874/902/818
f 861/905/819 876/911/819 872/910/819
f 875/911/820 866/905/820 873/910/820
f 877/912/821 878/913/821 879/914/821
f 880/913/822 881/912/822 882/914/822
f 883/915/823 884/916/823 885/917/823
f 886/915/824 887/917/824 888/916/824
f 889/918/825 890/919/825 891/920/825
f 892/918/826 893/920/826 894/919/826
f 895/921/827 896/922/827 897/923/827
f 898/921/828 899/923/828 900/922/828
f 883/915/829 879/914/829 884/916/829
f 880/924/830 879/925/830 878/926/830
f 886/915/831 882/914/831 881/912/831
f 885/926/832 888/927/832 887/924/832
f 883/915/833 896/922/833 895/921/833
f 898/921/834 887/917/834 886/915/834
f 899/928/835 896/929/835 900/930/835
f 889/918/836 897/923/836 890/919/836
f 892/918/837 899/923/837 898/921/837
f 893/930/838 890/931/838 894/928/838
f 889/918/839 878/913/839 877/912/839
f 881/912/840 893/920/840 892/918/840
f 895/921/841 877/912/841 883/915/841
f 882/924/842 884/929/842 879/926/842
f 893/930/843 878/926/843 891/929/843
f 898/921/844 881/912/844 892/918/844
f 887/924/845 896/929/845 885/926/845
f 897/929/846 894/924/846 890/926/846
f 901/932/847 902/933/847 903/934/847
f 904/933/848 905/932/848 906/934/848
f 907/935/849 908/936/849 909/937/849
f 910/935/850 911/937/850 912/936/850
f 913/938/851 914/939/851 915/940/851
f 916/938/852 917/940/852 918/939/852
f 919/941/853 920/942/853 921/943/853
f 922/941/854 923/943/854 924/942/854
f 907/935/855 903/934/855 908/936/855
f 902/944/856 906/945/856 903/946/856
f 905/932/857 912/936/857 906/934/857
f 909/944/858 912/945/858 911/947/858
f 919/941/859 909/937/859 920/942/859
f 922/941/860 911/937/860 910/935/860
f 921/948/861 924/949/861 923/950/861
f 913/938/862 921/943/862 914/939/862
f 916/938/863 923/943/863 922/941/863
f 917/949/864 914/948/864 918/950/864
f 901/932/865 915/940/865 902/933/865
f 905/932/866 917/940/866 916/938/866
f 919/941/867 901/932/867 907/935/867
f 906/947/868 908/951/868 903/944/868
f 917/949/869 902/944/869 915/951/869
f 910/935/870 916/938/870 922/941/870
f 911/947/871 920/951/871 909/944/871
f 923/949/872 914/944/872 921/951/872
f 925/952/873 926/953/873 927/954/873
f 928/953/874 929/952/874 930/954/874
f 931/955/875 932/956/875 933/957/875
f 934/955/876 935/957/876 936/956/876
f 937/958/877 938/959/877 939/960/877
f 940/958/878 941/960/878 942/959/878
f 943/961/879 944/962/879 945/963/879
f 946/961/880 947/963/880 948/962/880
f 931/955/881 927/954/881 932/956/881
f 926/964/882 930/965/882 927/966/882
f 934/955/883 930/954/883 929/952/883
f 933/964/884 936/965/884 935/967/884
f 931/955/885 944/962/885 943/961/885
f 934/955/886 948/962/886 935/957/886
f 945/968/887 948/969/887 947/970/887
f 943/961/888 938/959/888 937/958/888
f 940/958/889 947/963/889 946/961/889
f 939/971/890 942/970/890 941/969/890
f 937/958/891 926/953/891 925/952/891
f 929/952/892 941/960/892 940/958/892
f 931/955/893 937/958/893 925/952/893
f 927/964/894 936/969/894 932/971/894
f 941/969/895 926/964/895 939/971/895
f 934/955/896 940/958/896 946/961/896
f 933/964/897 948/969/897 944/971/897
f 945/971/898 942/967/898 938/964/898
f 949/972/899 950/973/899 951/974/899
f 952/973/900 953/972/900 954/974/900
f 955/975/901 956/976/901 957/977/901
f 958/975/902 959/977/902 960/976/902
f 961/978/903 962/979/903 963/980/903
f 964/978/904 965/980/904 966/979/904
f 967/981/905 968/982/905 969/983/905
f 970/981/906 971/983/906 972/982/906
f 955/975/907 951/974/907 956/976/907
f 950/984/908 954/985/908 951/986/908
f 958/975/909 954/974/909 953/972/909
f 959/987/910 956/986/910 960/985/910
f 955/975/911 968/982/911 967/981/911
f 958/975/912 972/982/912 959/977/912
f 969/988/913 972/989/913 971/990/913
f 961/978/914 969/983/914 962/979/914
f 970/981/915 966/979/915 971/983/915
f 963/991/916 966/990/916 965/989/916
f 949/972/917 963/980/917 950/973/917
f 953/972/918 965/980/918 964/978/918
f 967/981/919 949/972/919 955/975/919
f 951/984/920 960/989/920 956/991/920
f 965/989/921 950/984/921 963/991/921
f 958/975/922 964/978/922 970/981/922
f 959/987/923 968/991/923 957/984/923
f 971/989/924 962/984/924 969/991/924
f 835/876/985 829/873/985 831/875/985
f 832/885/986 834/888/986 831/886/986
f 838/876/987 840/877/987 834/875/987
f 837/887/988 836/886/988 840/888/988
f 847/882/989 835/876/989 837/878/989
f 850/882/990 852/883/990 839/878/990
f 849/889/991 848/892/991 852/890/991
f 847/882/992 849/884/992 842/880/992
f 850/882/993 844/879/993 846/880/993
f 843/892/994 842/889/994 846/891/994
f 841/879/995 843/881/995 830/874/995
f 844/879/788 833/873/788 832/874/788
f 847/882/789 841/879/789 829/873/789
f 831/887/790 834/885/790 840/890/790
f 843/892/791 845/890/791 832/885/791
f 838/876/792 833/873/792 844/879/792
f 837/887/793 839/885/793 852/890/793
f 849/892/794 851/890/794 846/885/794
f 859/896/996 853/893/996 855/895/996
f 854/905/804 856/908/804 858/906/804
f 862/896/997 864/897/997 858/895/997
f 861/905/806 860/907/806 864/906/806
f 859/896/807 861/898/807 872/903/807
f 862/896/998 874/902/998 876/903/998
f 875/909/999 873/1049/999 872/910/999
f 871/902/1000 873/904/1000 866/900/1000
f 874/902/1001 868/899/1001 870/900/1001
f 867/910/1002 866/1049/1002 870/909/1002
f 865/899/1003 867/901/1003 854/894/1003
f 868/899/1004 857/893/1004 856/894/1004
f 859/896/815 871/902/815 865/899/815
f 858/908/816 864/911/816 860/910/816
f 867/910/817 869/911/817 856/908/817
f 862/896/818 857/893/818 868/899/818
f 861/905/819 863/908/819 876/911/819
f 875/911/820 870/908/820 866/905/820
f 883/915/829 877/912/829 879/914/829
f 880/924/1005 882/927/1005 879/925/1005
f 886/915/1006 888/916/1006 882/914/1006
f 885/926/832 884/925/832 888/927/832
f 883/915/1007 885/917/1007 896/922/1007
f 898/921/1008 900/922/1008 887/917/1008
f 899/928/1009 897/931/1009 896/929/1009
f 889/918/1010 895/921/1010 897/923/1010
f 892/918/1011 894/919/1011 899/923/1011
f 893/930/1012 891/929/1012 890/931/1012
f 889/918/1013 891/920/1013 878/913/1013
f 881/912/1014 880/913/1014 893/920/1014
f 895/921/841 889/918/841 877/912/841
f 882/924/842 888/930/842 884/929/842
f 893/930/843 880/924/843 878/926/843
f 898/921/844 886/915/844 881/912/844
f 887/924/845 900/930/845 896/929/845
f 897/929/846 899/930/846 894/924/846
f 907/935/1015 901/932/1015 903/934/1015
f 902/944/856 904/947/856 906/945/856
f 905/932/1016 910/935/1016 912/936/1016
f 909/944/1017 908/946/1017 912/945/1017
f 919/941/1018 907/935/1018 909/937/1018
f 922/941/860 924/942/860 911/937/860
f 921/948/861 920/951/861 924/949/861
f 913/938/1019 919/941/1019 921/943/1019
f 916/938/1020 918/939/1020 923/943/1020
f 917/949/1021 915/951/1021 914/948/1021
f 901/932/865 913/938/865 915/940/865
f 905/932/1022 904/933/1022 917/940/1022
f 919/941/867 913/938/867 901/932/867
f 906/947/868 912/949/868 908/951/868
f 917/949/869 904/947/869 902/944/869
f 910/935/870 905/932/870 916/938/870
f 911/947/871 924/949/871 920/951/871
f 923/949/872 918/947/872 914/944/872
f 931/955/1023 925/952/1023 927/954/1023
f 926/964/882 928/967/882 930/965/882
f 934/955/1024 936/956/1024 930/954/1024
f 933/964/884 932/966/884 936/965/884
f 931/955/1025 933/957/1025 944/962/1025
f 934/955/1026 946/961/1026 948/962/1026
f 945/968/887 944/971/887 948/969/887
f 943/961/1027 945/963/1027 938/959/1027
f 940/958/1028 942/959/1028 947/963/1028
f 939/971/890 938/968/890 942/970/890
f 937/958/1029 939/960/1029 926/953/1029
f 929/952/1030 928/953/1030 941/960/1030
f 931/955/893 943/961/893 937/958/893
f 927/964/894 930/967/894 936/969/894
f 941/969/895 928/967/895 926/964/895
f 934/955/896 929/952/896 940/958/896
f 933/964/897 935/967/897 948/969/897
f 945/971/898 947/969/898 942/967/898
f 955/975/907 949/972/907 951/974/907
f 950/984/908 952/987/908 954/985/908
f 958/975/909 960/976/909 954/974/909
f 959/987/1031 957/984/1031 956/986/1031
f 955/975/911 957/977/911 968/982/911
f 958/975/1032 970/981/1032 972/982/1032
f 969/988/1033 968/991/1033 972/989/1033
f 961/978/914 967/981/914 969/983/914
f 970/981/1034 964/978/1034 966/979/1034
f 963/991/1035 962/988/1035 966/990/1035
f 949/972/1036 961/978/1036 963/980/1036
f 953/972/1037 952/973/1037 965/980/1037
f 967/981/919 961/978/919 949/972/919
f 951/984/920 954/987/920 960/989/920
f 965/989/921 952/987/921 950/984/921
f 958/975/922 953/972/922 964/978/922
f 959/987/923 972/989/923 968/991/923
f 971/989/924 966/987/924 962/984/924
