# Blender 4.5.10 LTS
# www.blender.org
mtllib stoker_trough_pit.mtl
o stoker_trough_pit
v 0.861246 0.001470 -0.605553
v 0.861205 0.005092 -0.608041
v 0.866090 0.005093 -0.605569
v 0.861224 0.002540 -0.607325
v 0.864031 0.003018 -0.607022
v 0.864649 0.005102 -0.607337
v 0.864678 0.002541 -0.605577
v 0.859849 0.297877 -0.605437
v 0.859858 0.301455 -0.602885
v 0.864734 0.297878 -0.602965
v 0.859845 0.300416 -0.604676
v 0.862656 0.299960 -0.604381
v 0.863299 0.300417 -0.602928
v 0.863293 0.297887 -0.604733
v 0.863274 -0.000343 -0.400611
v 0.868117 0.003280 -0.400627
v 0.863282 0.003234 -0.398059
v 0.866706 0.000727 -0.400636
v 0.866087 0.001179 -0.399170
v 0.866712 0.003257 -0.398831
v 0.863287 0.000695 -0.398820
v 0.861885 0.299642 -0.397943
v 0.861927 0.296020 -0.395455
v 0.866762 0.296065 -0.398023
v 0.861908 0.298572 -0.396171
v 0.864713 0.298121 -0.396530
v 0.865356 0.296042 -0.396227
v 0.865327 0.298604 -0.397986
v 0.465951 -0.000395 -0.601658
v 0.461074 0.003182 -0.601578
v 0.465909 0.003228 -0.604146
v 0.462509 0.000644 -0.601615
v 0.463123 0.001127 -0.603072
v 0.462480 0.003205 -0.603374
v 0.465928 0.000676 -0.603431
v 0.464562 0.299590 -0.598991
v 0.464554 0.296013 -0.601542
v 0.459719 0.295968 -0.598975
v 0.464549 0.298552 -0.600782
v 0.461749 0.298069 -0.600431
v 0.461124 0.295990 -0.600770
v 0.461130 0.298520 -0.598966
v 0.467979 -0.002208 -0.396716
v 0.467987 0.001370 -0.394165
v 0.463102 0.001369 -0.396637
v 0.467991 -0.001169 -0.394925
v 0.465180 -0.000712 -0.395220
v 0.464543 0.001360 -0.394869
v 0.464537 -0.001170 -0.396673
v 0.466590 0.297777 -0.394049
v 0.461746 0.294154 -0.394033
v 0.466631 0.294155 -0.391561
v 0.463158 0.296707 -0.394024
v 0.463805 0.296230 -0.392580
v 0.463187 0.294145 -0.392265
v 0.466612 0.296707 -0.392276
v 0.533356 0.000970 -0.603962
v 0.533416 0.004951 -0.606777
v 0.538181 0.005031 -0.603857
v 0.533412 0.002120 -0.605929
v 0.536200 0.002671 -0.605485
v 0.536824 0.004992 -0.605855
v 0.536781 0.002177 -0.603864
v 0.530757 0.331867 -0.611421
v 0.530632 0.335925 -0.608720
v 0.535522 0.331947 -0.608501
v 0.530707 0.334721 -0.610654
v 0.533504 0.334228 -0.610195
v 0.534076 0.334777 -0.608589
v 0.534165 0.331908 -0.610499
v 0.525858 0.004096 -0.379629
v 0.530683 0.008157 -0.379524
v 0.525733 0.008154 -0.376928
v 0.529284 0.005303 -0.379531
v 0.528596 0.005841 -0.377967
v 0.529195 0.008172 -0.377621
v 0.525783 0.005300 -0.377695
v 0.523134 0.339051 -0.384387
v 0.523075 0.335070 -0.381572
v 0.528024 0.335073 -0.384168
v 0.523078 0.337901 -0.382420
v 0.525899 0.337399 -0.382677
v 0.526536 0.335088 -0.382265
v 0.526579 0.337903 -0.384256
v 0.138271 -0.002430 -0.617119
v 0.133380 0.001547 -0.617338
v 0.138330 0.001551 -0.619935
v 0.134826 -0.001282 -0.617250
v 0.135506 -0.000778 -0.618829
v 0.134868 0.001533 -0.619241
v 0.138326 -0.001280 -0.619086
v 0.135547 0.332525 -0.621878
v 0.135671 0.328467 -0.624579
v 0.130722 0.328464 -0.621982
v 0.135621 0.331321 -0.623811
v 0.132809 0.330780 -0.623540
v 0.132210 0.328449 -0.623885
v 0.132121 0.331318 -0.621975
v 0.130773 0.000696 -0.392786
v 0.130648 0.004754 -0.390085
v 0.125882 0.004673 -0.393005
v 0.130698 0.001900 -0.390853
v 0.127901 0.002393 -0.391311
v 0.127240 0.004713 -0.391008
v 0.127328 0.001843 -0.392917
v 0.128049 0.335651 -0.397545
v 0.123224 0.331590 -0.397650
v 0.127989 0.331670 -0.394730
v 0.124623 0.334444 -0.397642
v 0.125205 0.333950 -0.396022
v 0.124581 0.331629 -0.395652
v 0.127993 0.334501 -0.395578
v 0.199162 0.001211 -0.622301
v 0.199130 0.004843 -0.625262
v 0.203997 0.004844 -0.622273
v 0.199150 0.002288 -0.624411
v 0.201954 0.002770 -0.624023
v 0.202569 0.004857 -0.624391
v 0.202591 0.002289 -0.622298
v 0.197107 0.297619 -0.622120
v 0.197089 0.301186 -0.619081
v 0.201974 0.297620 -0.619131
v 0.197091 0.300155 -0.621214
v 0.199902 0.299703 -0.620836
v 0.200533 0.300156 -0.619100
v 0.200546 0.297633 -0.621249
v 0.199724 -0.001404 -0.378316
v 0.204560 0.002229 -0.378288
v 0.199706 0.002163 -0.375277
v 0.203154 -0.000326 -0.378312
v 0.202524 0.000118 -0.376574
v 0.203141 0.002196 -0.376164
v 0.199722 -0.000373 -0.376183
v 0.197652 0.298571 -0.375096
v 0.197683 0.294939 -0.372135
v 0.202537 0.295005 -0.375145
v 0.197664 0.297494 -0.372986
v 0.200472 0.297051 -0.373387
v 0.201118 0.294973 -0.373021
v 0.201096 0.297541 -0.375115
v -0.196147 -0.001530 -0.621419
v -0.201032 0.002036 -0.621370
v -0.196179 0.002101 -0.624380
v -0.199591 -0.000500 -0.621400
v -0.198967 -0.000010 -0.623129
v -0.199613 0.002068 -0.623494
v -0.196159 -0.000453 -0.623529
v -0.198220 0.298445 -0.618199
v -0.198202 0.294878 -0.621238
v -0.203055 0.294812 -0.618227
v -0.198217 0.297414 -0.620332
v -0.201019 0.296923 -0.619941
v -0.201636 0.294844 -0.620351
v -0.201649 0.297367 -0.618203
v -0.195584 -0.004145 -0.377434
v -0.195602 -0.000578 -0.374395
v -0.200469 -0.000579 -0.377384
v -0.195587 -0.003114 -0.375301
v -0.198397 -0.002662 -0.375679
v -0.199041 -0.000592 -0.375266
v -0.199028 -0.003115 -0.377415
v -0.197657 0.295830 -0.374214
v -0.202493 0.292197 -0.374242
v -0.197625 0.292198 -0.371253
v -0.201087 0.294752 -0.374218
v -0.200449 0.294271 -0.372492
v -0.201064 0.292184 -0.372124
v -0.197645 0.294753 -0.372104
v -0.131151 0.000845 -0.599382
v -0.131149 0.004871 -0.601892
v -0.126326 0.004907 -0.599301
v -0.131135 0.002027 -0.601161
v -0.128339 0.002572 -0.600791
v -0.127723 0.004899 -0.601103
v -0.127725 0.002052 -0.599328
v -0.133960 0.331818 -0.601120
v -0.134031 0.335832 -0.598590
v -0.129137 0.331854 -0.598528
v -0.133995 0.334659 -0.600375
v -0.131190 0.334161 -0.600008
v -0.130585 0.334684 -0.598543
v -0.130534 0.331846 -0.600331
v -0.134168 0.000335 -0.394444
v -0.129343 0.004397 -0.394363
v -0.134240 0.004349 -0.391915
v -0.130742 0.001542 -0.394391
v -0.131398 0.002055 -0.392944
v -0.130792 0.004380 -0.392603
v -0.134204 0.001508 -0.392660
v -0.137048 0.335322 -0.393653
v -0.137051 0.331296 -0.391143
v -0.132154 0.331344 -0.393591
v -0.137064 0.334140 -0.391874
v -0.134249 0.333643 -0.392161
v -0.133603 0.331327 -0.391830
v -0.133602 0.334174 -0.393605
v -0.526413 -0.002539 -0.605208
v -0.531307 0.001439 -0.605271
v -0.526410 0.001487 -0.607719
v -0.529859 -0.001392 -0.605256
v -0.529212 -0.000861 -0.606700
v -0.529858 0.001455 -0.607031
v -0.526397 -0.001358 -0.606987
v -0.529293 0.332447 -0.604417
v -0.529221 0.328434 -0.606946
v -0.534118 0.328386 -0.604498
v -0.529257 0.331274 -0.606202
v -0.532063 0.330728 -0.605917
v -0.532669 0.328402 -0.606259
v -0.532719 0.331240 -0.604471
v -0.529430 -0.003049 -0.400271
v -0.529501 0.000964 -0.397742
v -0.534324 0.000929 -0.400333
v -0.529466 -0.001877 -0.398487
v -0.532271 -0.001378 -0.398854
v -0.532927 0.000937 -0.398531
v -0.532876 -0.001902 -0.400319
v -0.532310 0.331937 -0.399480
v -0.537135 0.327876 -0.399561
v -0.532312 0.327911 -0.396970
v -0.535736 0.330730 -0.399533
v -0.535122 0.330211 -0.398071
v -0.535738 0.327884 -0.397758
v -0.532326 0.330755 -0.397701
v -0.469843 -0.003961 -0.612404
v -0.469851 -0.000389 -0.615200
v -0.464962 -0.000391 -0.612493
v -0.469858 -0.002927 -0.614366
v -0.467045 -0.002473 -0.614043
v -0.466406 -0.000402 -0.614429
v -0.466400 -0.002928 -0.612451
v -0.468102 0.292390 -0.618192
v -0.468051 0.296018 -0.615469
v -0.463212 0.292389 -0.615485
v -0.468078 0.294944 -0.617410
v -0.465271 0.294463 -0.617077
v -0.464620 0.294943 -0.615495
v -0.464657 0.292378 -0.617421
v -0.467414 -0.001682 -0.387948
v -0.462532 0.001888 -0.388037
v -0.467362 0.001946 -0.385225
v -0.463971 -0.000648 -0.387996
v -0.464581 -0.000161 -0.386401
v -0.463934 0.001917 -0.386071
v -0.467386 -0.000608 -0.386008
v -0.465621 0.298297 -0.391014
v -0.465613 0.294725 -0.388217
v -0.460783 0.294668 -0.391029
v -0.465606 0.297263 -0.389052
v -0.462807 0.296775 -0.389435
v -0.462185 0.294696 -0.389063
v -0.462191 0.297222 -0.391040
v -0.865132 -0.001556 -0.608149
v -0.869971 0.002074 -0.608134
v -0.865140 0.002016 -0.610946
v -0.868562 -0.000480 -0.608123
v -0.867946 -0.000033 -0.609728
v -0.868568 0.002045 -0.610101
v -0.865147 -0.000521 -0.610111
v -0.863340 0.298423 -0.611215
v -0.863391 0.294796 -0.613938
v -0.868221 0.294853 -0.611126
v -0.863367 0.297349 -0.613155
v -0.866172 0.296903 -0.612762
v -0.866819 0.294825 -0.613092
v -0.866782 0.297390 -0.611167
v -0.862702 0.000724 -0.383694
v -0.862651 0.004351 -0.380971
v -0.867541 0.004353 -0.383678
v -0.862675 0.001798 -0.381753
v -0.865482 0.002278 -0.382086
v -0.866096 0.004364 -0.381742
v -0.866133 0.001799 -0.383668
v -0.860910 0.300703 -0.386759
v -0.865792 0.297132 -0.386670
v -0.860902 0.297131 -0.383963
v -0.864353 0.299669 -0.386712
v -0.863708 0.299214 -0.385120
v -0.864347 0.297144 -0.384734
v -0.860895 0.299668 -0.384797
v 0.862571 0.000347 0.393479
v 0.862471 0.003914 0.390916
v 0.867384 0.004007 0.393330
v 0.862520 0.001379 0.391685
v 0.865326 0.001885 0.391945
v 0.865923 0.003967 0.391579
v 0.865994 0.001444 0.393392
v 0.858733 0.296668 0.387294
v 0.858741 0.300299 0.389769
v 0.863646 0.296761 0.389708
v 0.858716 0.299223 0.388000
v 0.861535 0.298795 0.388272
v 0.862190 0.299288 0.389708
v 0.862185 0.296720 0.387958
v 0.866964 0.002938 0.598376
v 0.871777 0.006598 0.598226
v 0.866972 0.006569 0.600851
v 0.870386 0.004035 0.598289
v 0.869781 0.004512 0.599751
v 0.870392 0.006603 0.600039
v 0.866989 0.004014 0.600144
v 0.863134 0.302890 0.594665
v 0.863234 0.299323 0.597229
v 0.868039 0.299352 0.594605
v 0.863185 0.301859 0.596460
v 0.865990 0.301422 0.596078
v 0.866654 0.299356 0.596417
v 0.866583 0.301879 0.594604
v 0.467375 -0.004594 0.402014
v 0.462470 -0.001056 0.402075
v 0.467275 -0.001027 0.399450
v 0.463926 -0.003583 0.402075
v 0.464519 -0.003126 0.400601
v 0.463855 -0.001060 0.400263
v 0.467324 -0.003563 0.400220
v 0.463545 0.295358 0.398304
v 0.463537 0.291727 0.395829
v 0.458732 0.291698 0.398453
v 0.463520 0.294282 0.396535
v 0.460728 0.293784 0.396929
v 0.460117 0.291693 0.396641
v 0.460123 0.294261 0.398391
v 0.471768 -0.002003 0.606911
v 0.471776 0.001628 0.609385
v 0.466863 0.001535 0.606971
v 0.471793 -0.000927 0.608679
v 0.468974 -0.000499 0.608407
v 0.468324 0.001576 0.608722
v 0.468319 -0.000992 0.606972
v 0.467938 0.297949 0.603200
v 0.463125 0.294289 0.603350
v 0.468038 0.294382 0.605764
v 0.464515 0.296852 0.603287
v 0.465183 0.296411 0.604734
v 0.464586 0.294329 0.605100
v 0.467989 0.296917 0.604995
v 0.528040 -0.003954 0.391171
v 0.528109 0.000060 0.388404
v 0.532940 0.000017 0.391215
v 0.528072 -0.002780 0.389217
v 0.530880 -0.002286 0.389605
v 0.531537 0.000027 0.389249
v 0.531488 -0.002811 0.391206
v 0.531397 0.327003 0.387761
v 0.531408 0.331029 0.390513
v 0.536228 0.326960 0.390573
v 0.531417 0.329847 0.388564
v 0.534214 0.329298 0.388953
v 0.534833 0.329817 0.390552
v 0.534825 0.326970 0.388606
v 0.525645 -0.003489 0.615638
v 0.530546 0.000482 0.615682
v 0.525656 0.000537 0.618390
v 0.529094 -0.002346 0.615672
v 0.528451 -0.001815 0.617258
v 0.529101 0.000501 0.617618
v 0.525636 -0.002307 0.617587
v 0.529014 0.331494 0.614980
v 0.528944 0.327480 0.617748
v 0.533833 0.327425 0.615040
v 0.528981 0.330320 0.616934
v 0.531786 0.329770 0.616607
v 0.532389 0.327444 0.616976
v 0.532438 0.330282 0.615019
v 0.132763 0.000013 0.386947
v 0.127943 0.004081 0.386887
v 0.132833 0.004027 0.384179
v 0.129338 0.001224 0.386908
v 0.129991 0.001736 0.385320
v 0.129388 0.004063 0.384951
v 0.132796 0.001186 0.384993
v 0.136131 0.334995 0.386289
v 0.136120 0.330970 0.383537
v 0.131231 0.331024 0.386244
v 0.136140 0.333814 0.384339
v 0.133325 0.333321 0.384669
v 0.132675 0.331006 0.384308
v 0.132683 0.333852 0.386254
v 0.130369 0.000478 0.611414
v 0.130380 0.004503 0.614166
v 0.125549 0.004546 0.611354
v 0.130360 0.001659 0.613363
v 0.127563 0.002208 0.612974
v 0.126952 0.004536 0.613320
v 0.126944 0.001690 0.611375
v 0.133737 0.335460 0.610755
v 0.128837 0.331489 0.610711
v 0.133667 0.331446 0.613523
v 0.130289 0.334317 0.610721
v 0.130897 0.333793 0.612322
v 0.130239 0.331479 0.612678
v 0.133704 0.334287 0.612709
v 0.200256 -0.000728 0.381737
v 0.200354 0.002894 0.378766
v 0.205150 0.002823 0.381867
v 0.200310 0.000342 0.379625
v 0.203112 0.000779 0.380076
v 0.203771 0.002853 0.379716
v 0.203702 0.000292 0.381817
v 0.203226 0.295671 0.381043
v 0.203198 0.299249 0.384070
v 0.208022 0.295600 0.384143
v 0.203232 0.298210 0.381941
v 0.206025 0.297712 0.382385
v 0.206624 0.298160 0.384134
v 0.206643 0.295631 0.381993
v 0.195163 -0.002575 0.625677
v 0.200057 0.000976 0.625806
v 0.195135 0.001002 0.628704
v 0.198609 -0.001555 0.625757
v 0.197947 -0.001095 0.627479
v 0.198590 0.000974 0.627898
v 0.195129 -0.001537 0.627806
v 0.198105 0.297401 0.628010
v 0.198007 0.293779 0.630981
v 0.202929 0.293753 0.628083
v 0.198051 0.296331 0.630123
v 0.200860 0.295839 0.629788
v 0.201462 0.293751 0.630174
v 0.201531 0.296313 0.628073
v -0.194958 0.003213 0.373516
v -0.199782 0.006861 0.373443
v -0.194860 0.006835 0.370544
v -0.198384 0.004302 0.373452
v -0.197713 0.004775 0.371738
v -0.198315 0.006863 0.371351
v -0.194904 0.004283 0.371403
v -0.192015 0.303190 0.375849
v -0.191988 0.299612 0.372821
v -0.196910 0.299638 0.375719
v -0.191982 0.302151 0.373720
v -0.194800 0.301709 0.374047
v -0.195442 0.299640 0.373628
v -0.195462 0.302169 0.375769
v -0.200051 0.001366 0.617456
v -0.200079 0.004943 0.620483
v -0.204875 0.005014 0.617383
v -0.200085 0.002404 0.619585
v -0.202878 0.002902 0.619141
v -0.203496 0.004984 0.619533
v -0.203477 0.002454 0.617392
v -0.197109 0.301342 0.619789
v -0.202003 0.297791 0.619659
v -0.197207 0.297720 0.622760
v -0.200555 0.300322 0.619709
v -0.199965 0.299836 0.621450
v -0.200624 0.297761 0.621810
v -0.197163 0.300272 0.621901
v -0.140215 -0.004492 0.394212
v -0.140224 -0.000508 0.391636
v -0.135312 -0.000528 0.394053
v -0.140240 -0.003340 0.392414
v -0.137421 -0.002845 0.392675
v -0.136773 -0.000536 0.392302
v -0.136766 -0.003354 0.394123
v -0.136640 0.326400 0.387024
v -0.136543 0.330454 0.389487
v -0.131728 0.326380 0.389441
v -0.136593 0.329252 0.387722
v -0.133787 0.328704 0.387997
v -0.133120 0.329238 0.389431
v -0.133188 0.326372 0.387690
v -0.135877 -0.001649 0.599106
v -0.130974 0.002316 0.598948
v -0.135780 0.002405 0.601569
v -0.132428 -0.000510 0.599018
v -0.133022 0.000038 0.600478
v -0.132359 0.002356 0.600759
v -0.135827 -0.000447 0.600871
v -0.132205 0.333298 0.594381
v -0.132196 0.329313 0.596957
v -0.127390 0.329223 0.594335
v -0.132180 0.332145 0.596179
v -0.129387 0.331587 0.595800
v -0.128775 0.329264 0.596147
v -0.128782 0.332082 0.594325
v -0.535422 -0.000042 0.402517
v -0.540236 0.004032 0.402562
v -0.535431 0.003942 0.399941
v -0.538845 0.001174 0.402573
v -0.538239 0.001668 0.401097
v -0.538851 0.003991 0.400751
v -0.535446 0.001110 0.400719
v -0.531749 0.334904 0.397791
v -0.531847 0.330850 0.395329
v -0.536653 0.330940 0.397950
v -0.531800 0.333702 0.396027
v -0.534604 0.333217 0.396420
v -0.535267 0.330899 0.396139
v -0.535198 0.333766 0.397880
v -0.531084 0.002801 0.607411
v -0.530986 0.006855 0.609874
v -0.535899 0.006875 0.607457
v -0.531033 0.004003 0.609176
v -0.533840 0.004551 0.608901
v -0.534438 0.006884 0.609208
v -0.534507 0.004017 0.607467
v -0.527412 0.337747 0.602686
v -0.532315 0.333783 0.602845
v -0.527403 0.333763 0.605262
v -0.530861 0.336609 0.602775
v -0.530205 0.336100 0.604223
v -0.530854 0.333791 0.604596
v -0.527387 0.336595 0.604484
v -0.463274 -0.001411 0.390957
v -0.463304 0.002154 0.388152
v -0.458446 0.002231 0.390914
v -0.463283 -0.000381 0.388992
v -0.460481 0.000115 0.389346
v -0.459868 0.002194 0.388962
v -0.459847 -0.000327 0.390945
v -0.465880 0.294920 0.384525
v -0.465913 0.298554 0.387240
v -0.461021 0.294997 0.387287
v -0.465903 0.297476 0.385302
v -0.463092 0.297038 0.385667
v -0.462467 0.297530 0.387255
v -0.462443 0.294961 0.385335
v -0.463408 0.001369 0.615420
v -0.458579 0.005011 0.615377
v -0.463441 0.005002 0.618135
v -0.459980 0.002453 0.615408
v -0.460616 0.002934 0.616995
v -0.460004 0.005023 0.617328
v -0.463418 0.002447 0.617358
v -0.466046 0.301334 0.611703
v -0.466016 0.297769 0.614507
v -0.461154 0.297777 0.611750
v -0.466038 0.300304 0.613667
v -0.463228 0.299857 0.613316
v -0.462579 0.297789 0.613701
v -0.462600 0.300310 0.611718
v -0.858578 -0.004891 0.390765
v -0.863470 -0.001334 0.390718
v -0.858608 -0.001325 0.387961
v -0.862024 -0.003867 0.390750
v -0.861397 -0.003414 0.389152
v -0.862045 -0.001346 0.388768
v -0.858586 -0.003861 0.388801
v -0.861217 0.295075 0.387049
v -0.861183 0.291441 0.384333
v -0.866045 0.291432 0.387091
v -0.861206 0.293996 0.385110
v -0.864008 0.293509 0.385473
v -0.864621 0.291421 0.385140
v -0.864644 0.293990 0.387060
v -0.858711 -0.002111 0.615228
v -0.858745 0.001523 0.617943
v -0.863603 0.001446 0.615181
v -0.858722 -0.001032 0.617166
v -0.861532 -0.000595 0.616801
v -0.862181 0.001483 0.617133
v -0.862157 -0.001087 0.615213
v -0.861350 0.297854 0.611511
v -0.866179 0.294212 0.611554
v -0.861320 0.294289 0.614316
v -0.864777 0.296770 0.611523
v -0.864144 0.296328 0.613122
v -0.864756 0.294249 0.613506
v -0.861342 0.296824 0.613476
v 0.848017 0.002772 -0.539084
v 0.848107 0.006419 -0.544026
v 0.850490 0.006403 -0.538981
v 0.848100 0.003860 -0.542592
v 0.849531 0.004339 -0.541903
v 0.849849 0.006428 -0.542520
v 0.849785 0.003848 -0.539025
v 0.844372 0.299183 -0.541297
v 0.844191 0.302734 -0.536288
v 0.846755 0.299166 -0.536252
v 0.844300 0.301714 -0.539816
v 0.845743 0.301259 -0.539135
v 0.845985 0.301702 -0.536249
v 0.846114 0.299191 -0.539791
v 0.836965 -0.001142 -0.134409
v 0.839438 0.002489 -0.134306
v 0.836783 0.002410 -0.129400
v 0.838733 -0.000065 -0.134350
v 0.838322 0.000370 -0.131482
v 0.838604 0.002446 -0.130808
v 0.836856 -0.000122 -0.130881
v 0.833138 0.298821 -0.131613
v 0.833048 0.295173 -0.126671
v 0.835703 0.295253 -0.131577
v 0.833056 0.297732 -0.128104
v 0.834534 0.297290 -0.128714
v 0.834869 0.295209 -0.128079
v 0.834933 0.297789 -0.131574
v 0.643151 0.000210 -0.544704
v 0.640586 0.003779 -0.544740
v 0.643240 0.003858 -0.549646
v 0.641356 0.001242 -0.544743
v 0.641755 0.001741 -0.547602
v 0.641420 0.003822 -0.548238
v 0.643233 0.001299 -0.548212
v 0.639324 0.300173 -0.541908
v 0.639506 0.296622 -0.546917
v 0.636851 0.296542 -0.542010
v 0.639433 0.299153 -0.545436
v 0.637967 0.298661 -0.544834
v 0.637685 0.296585 -0.545508
v 0.637556 0.299097 -0.541966
v 0.632098 -0.003703 -0.140029
v 0.631916 -0.000152 -0.135020
v 0.629533 -0.000135 -0.140065
v 0.631989 -0.002683 -0.136501
v 0.630546 -0.002228 -0.137182
v 0.630175 -0.000160 -0.136526
v 0.630304 -0.002671 -0.140068
v 0.628271 0.296259 -0.137233
v 0.625799 0.292628 -0.137335
v 0.628181 0.292612 -0.132291
v 0.626504 0.295183 -0.137291
v 0.626758 0.294692 -0.134414
v 0.626440 0.292604 -0.133797
v 0.628189 0.295171 -0.133724
v 0.845332 0.000436 -0.208715
v 0.845153 0.004474 -0.213675
v 0.848087 0.004459 -0.208797
v 0.845207 0.001626 -0.212228
v 0.846822 0.002147 -0.211637
v 0.847155 0.004470 -0.212286
v 0.847281 0.001615 -0.208779
v 0.844842 0.331431 -0.212477
v 0.845014 0.335433 -0.207488
v 0.847776 0.331416 -0.207600
v 0.844891 0.334269 -0.211010
v 0.846507 0.333746 -0.210422
v 0.846966 0.334258 -0.207561
v 0.846844 0.331428 -0.211089
v 0.859591 -0.001033 0.195876
v 0.862345 0.002990 0.195794
v 0.859762 0.002969 0.200865
v 0.861540 0.000147 0.195812
v 0.861283 0.000657 0.198698
v 0.861661 0.002976 0.199340
v 0.859714 0.000132 0.199398
v 0.859273 0.333965 0.197103
v 0.859452 0.329927 0.202063
v 0.862035 0.329948 0.196991
v 0.859398 0.332775 0.200617
v 0.860968 0.332257 0.199913
v 0.861351 0.329934 0.200537
v 0.861224 0.332789 0.197030
v 0.620991 0.000194 -0.200810
v 0.618229 0.004211 -0.200698
v 0.620812 0.004232 -0.205769
v 0.619040 0.001369 -0.200736
v 0.619296 0.001901 -0.203619
v 0.618913 0.004224 -0.204244
v 0.620866 0.001384 -0.204323
v 0.620673 0.335191 -0.199582
v 0.620502 0.331189 -0.204572
v 0.617919 0.331168 -0.199500
v 0.620551 0.334027 -0.203104
v 0.618981 0.333501 -0.202404
v 0.618603 0.331182 -0.203046
v 0.618724 0.334012 -0.199518
v 0.635250 -0.001275 0.203781
v 0.635422 0.002727 0.208771
v 0.632488 0.002742 0.203893
v 0.635373 -0.000110 0.207303
v 0.633757 0.000412 0.206716
v 0.633420 0.002730 0.207382
v 0.633299 -0.000100 0.203855
v 0.634932 0.333723 0.205009
v 0.632177 0.329700 0.205091
v 0.635111 0.329685 0.209968
v 0.632983 0.332543 0.205073
v 0.633442 0.332012 0.207931
v 0.633109 0.329688 0.208580
v 0.635057 0.332533 0.208522
v 0.861275 -0.002114 0.139550
v 0.861313 0.001462 0.134555
v 0.864302 0.001463 0.139539
v 0.861290 -0.001077 0.136025
v 0.863024 -0.000620 0.136672
v 0.863431 0.001453 0.136017
v 0.863404 -0.001076 0.139549
v 0.863535 0.294250 0.133137
v 0.863552 0.297874 0.138097
v 0.866525 0.294251 0.138121
v 0.863552 0.296802 0.134583
v 0.865279 0.296325 0.135234
v 0.865666 0.296803 0.138107
v 0.865654 0.294241 0.134599
v 0.860433 -0.000147 0.544389
v 0.863460 0.003430 0.544378
v 0.860450 0.003477 0.549349
v 0.862562 0.000891 0.544389
v 0.862170 0.001375 0.547259
v 0.862574 0.003454 0.547896
v 0.860434 0.000924 0.547904
v 0.862710 0.299841 0.542936
v 0.862673 0.296265 0.547931
v 0.865683 0.296218 0.542960
v 0.862695 0.298804 0.546461
v 0.864425 0.298320 0.545821
v 0.864797 0.296242 0.546478
v 0.864824 0.298770 0.542946
v 0.617282 -0.000264 0.139033
v 0.614310 0.003358 0.139010
v 0.617320 0.003312 0.134039
v 0.615169 0.000806 0.139024
v 0.615568 0.001257 0.136149
v 0.615196 0.003335 0.135492
v 0.617298 0.000773 0.135509
v 0.619560 0.299724 0.137581
v 0.619543 0.296100 0.132621
v 0.616533 0.296147 0.137592
v 0.619559 0.298652 0.134066
v 0.617822 0.298201 0.134710
v 0.617419 0.296123 0.134074
v 0.617431 0.298685 0.137581
v 0.616440 0.001703 0.543873
v 0.616457 0.005327 0.548833
v 0.613468 0.005326 0.543849
v 0.616441 0.002774 0.547387
v 0.614714 0.003252 0.546735
v 0.614339 0.005336 0.547370
v 0.614327 0.002773 0.543863
v 0.618718 0.301691 0.542420
v 0.615691 0.298114 0.542431
v 0.618680 0.298115 0.547415
v 0.616589 0.300653 0.542420
v 0.616968 0.300196 0.545297
v 0.616562 0.298124 0.545952
v 0.618703 0.300654 0.545944
v -0.632803 -0.003475 -0.539893
v -0.632680 0.000068 -0.544910
v -0.630291 0.000131 -0.539869
v -0.632713 -0.002461 -0.543424
v -0.631277 -0.001983 -0.542745
v -0.630937 0.000089 -0.543406
v -0.631024 -0.002416 -0.539859
v -0.633263 0.292849 -0.548255
v -0.633401 0.296505 -0.543321
v -0.630875 0.292911 -0.543214
v -0.633307 0.295411 -0.546827
v -0.631868 0.294954 -0.546138
v -0.631617 0.295455 -0.543262
v -0.631520 0.292869 -0.546751
v -0.643393 0.001127 -0.135213
v -0.640881 0.004733 -0.135189
v -0.643531 0.004784 -0.130279
v -0.641614 0.002186 -0.135179
v -0.642017 0.002685 -0.132320
v -0.641711 0.004771 -0.131690
v -0.643487 0.002222 -0.131707
v -0.643991 0.301107 -0.138641
v -0.644114 0.297564 -0.133624
v -0.641464 0.297513 -0.138534
v -0.644081 0.300093 -0.135110
v -0.642609 0.299622 -0.135712
v -0.642294 0.297552 -0.135035
v -0.642207 0.300057 -0.138582
v -0.837693 -0.003944 -0.545250
v -0.840219 -0.000350 -0.545357
v -0.837570 -0.000401 -0.550267
v -0.839476 -0.002894 -0.545308
v -0.839075 -0.002459 -0.548178
v -0.839389 -0.000389 -0.548856
v -0.837603 -0.002930 -0.548780
v -0.838290 0.296036 -0.548677
v -0.838153 0.292379 -0.553611
v -0.840802 0.292430 -0.548702
v -0.838196 0.294941 -0.552183
v -0.839666 0.294478 -0.551570
v -0.839972 0.292392 -0.552201
v -0.840069 0.294977 -0.548712
v -0.848283 0.000658 -0.140570
v -0.848420 0.004314 -0.135635
v -0.850809 0.004252 -0.140677
v -0.848377 0.001752 -0.137063
v -0.849815 0.002209 -0.137752
v -0.850163 0.004294 -0.137139
v -0.850066 0.001708 -0.140628
v -0.848880 0.300638 -0.143997
v -0.851392 0.297032 -0.144022
v -0.849003 0.297095 -0.138980
v -0.850659 0.299580 -0.144031
v -0.850407 0.299146 -0.141145
v -0.850747 0.297074 -0.140484
v -0.848970 0.299624 -0.140467
v -0.628692 0.000312 -0.204720
v -0.628767 0.004314 -0.209712
v -0.625959 0.004350 -0.204762
v -0.628734 0.001476 -0.208244
v -0.627138 0.002011 -0.207616
v -0.626801 0.004332 -0.208273
v -0.626748 0.001502 -0.204744
v -0.630926 0.331264 -0.210887
v -0.630903 0.335302 -0.205924
v -0.628117 0.331301 -0.205937
v -0.630930 0.334112 -0.209439
v -0.629327 0.333603 -0.208807
v -0.628944 0.334138 -0.205939
v -0.628960 0.331283 -0.209448
v -0.624712 0.001793 0.200102
v -0.621979 0.005831 0.200061
v -0.624690 0.005831 0.205065
v -0.622768 0.002983 0.200079
v -0.623102 0.003513 0.202954
v -0.622753 0.005838 0.203588
v -0.624685 0.002983 0.203618
v -0.626923 0.336783 0.198898
v -0.626848 0.332782 0.203890
v -0.624137 0.332782 0.198886
v -0.626881 0.335619 0.202422
v -0.625291 0.335105 0.201763
v -0.624911 0.332789 0.202413
v -0.624964 0.335619 0.198884
v -0.853156 -0.001162 -0.202508
v -0.855942 0.002840 -0.202495
v -0.853232 0.002840 -0.207500
v -0.855115 0.000003 -0.202493
v -0.854789 0.000516 -0.205372
v -0.855169 0.002832 -0.206023
v -0.853199 0.000003 -0.206032
v -0.855367 0.333829 -0.203712
v -0.855390 0.329791 -0.208675
v -0.858101 0.329791 -0.203670
v -0.855394 0.332638 -0.207227
v -0.856978 0.332109 -0.206564
v -0.857327 0.329783 -0.207198
v -0.857311 0.332639 -0.203688
v -0.849176 0.000319 0.202314
v -0.849154 0.004357 0.207277
v -0.851963 0.004321 0.202327
v -0.849150 0.001509 0.205830
v -0.850753 0.002018 0.205198
v -0.851120 0.004339 0.205839
v -0.851136 0.001484 0.202329
v -0.851388 0.335310 0.201111
v -0.854121 0.331272 0.201152
v -0.851312 0.331308 0.206102
v -0.853331 0.334119 0.201134
v -0.852942 0.333611 0.204006
v -0.853278 0.331290 0.204664
v -0.851345 0.334145 0.204634
v -0.616182 0.000754 0.138299
v -0.616116 0.004394 0.133351
v -0.613158 0.004334 0.138354
v -0.616145 0.001837 0.134788
v -0.614415 0.002288 0.135453
v -0.614007 0.004369 0.134827
v -0.614053 0.001795 0.138326
v -0.614191 0.297178 0.135735
v -0.614210 0.300738 0.140741
v -0.611234 0.297118 0.140737
v -0.614187 0.299712 0.137213
v -0.612464 0.299228 0.137870
v -0.612096 0.299670 0.140751
v -0.612083 0.297153 0.137210
v -0.619636 -0.002518 0.543116
v -0.616613 0.001062 0.543171
v -0.619655 0.001041 0.548123
v -0.617508 -0.001478 0.543143
v -0.617919 -0.001032 0.546017
v -0.617521 0.001039 0.546683
v -0.619659 -0.001492 0.546644
v -0.617665 0.297465 0.545558
v -0.617731 0.293825 0.550506
v -0.614689 0.293846 0.545554
v -0.617702 0.296382 0.549069
v -0.615967 0.295909 0.548434
v -0.615597 0.293823 0.549066
v -0.615550 0.296397 0.545568
v -0.860168 0.002375 0.136230
v -0.863144 0.005994 0.136234
v -0.860101 0.006015 0.131282
v -0.862282 0.003443 0.136221
v -0.861865 0.003931 0.133354
v -0.862235 0.006017 0.132722
v -0.860131 0.003458 0.132719
v -0.858196 0.302358 0.138672
v -0.858177 0.298799 0.133666
v -0.861220 0.298778 0.138618
v -0.858173 0.301332 0.135144
v -0.859913 0.300872 0.135772
v -0.860311 0.298801 0.135105
v -0.860324 0.301318 0.138646
v -0.863622 -0.000898 0.541047
v -0.863641 0.002661 0.546054
v -0.866598 0.002722 0.541051
v -0.863645 0.000128 0.544575
v -0.865368 0.000612 0.543918
v -0.865749 0.002687 0.544578
v -0.865736 0.000170 0.541038
v -0.861651 0.299086 0.543489
v -0.864674 0.295506 0.543434
v -0.861717 0.295446 0.548437
v -0.863779 0.298045 0.543463
v -0.863417 0.297552 0.546336
v -0.863825 0.295471 0.546961
v -0.861688 0.298003 0.547000
v 0.658016 -0.004046 -0.411219
v 0.658149 -0.002731 -0.421524
v 0.674107 -0.003029 -0.411021
v 0.658105 -0.003613 -0.418512
v 0.667373 -0.003578 -0.417064
v 0.669483 -0.002894 -0.418371
v 0.669389 -0.003824 -0.411085
v 0.659249 0.094857 -0.420418
v 0.659142 0.095941 -0.410086
v 0.675206 0.094558 -0.409914
v 0.659223 0.095672 -0.417386
v 0.668488 0.095395 -0.415942
v 0.670507 0.095460 -0.409959
v 0.670582 0.094694 -0.417265
v 0.648255 -0.013451 0.428031
v 0.664346 -0.012435 0.428230
v 0.648148 -0.012367 0.438363
v 0.659627 -0.013230 0.428166
v 0.657474 -0.013117 0.434101
v 0.659552 -0.012463 0.435472
v 0.648174 -0.013182 0.435332
v 0.649381 0.086536 0.429165
v 0.649247 0.085220 0.439470
v 0.665445 0.085153 0.429336
v 0.649292 0.086103 0.436457
v 0.658589 0.085856 0.435223
v 0.660652 0.085125 0.436578
v 0.660746 0.086055 0.429292
v -0.649653 0.010855 -0.426261
v -0.665717 0.012238 -0.426433
v -0.649520 0.012170 -0.436567
v -0.661018 0.011336 -0.426388
v -0.658861 0.011534 -0.432320
v -0.660924 0.012266 -0.433675
v -0.649564 0.011288 -0.433554
v -0.648527 0.110842 -0.425128
v -0.648420 0.109758 -0.435460
v -0.664618 0.109825 -0.425326
v -0.648446 0.110572 -0.432428
v -0.657746 0.110507 -0.431198
v -0.659824 0.109853 -0.432569
v -0.659900 0.110620 -0.425263
v -0.659414 0.001449 0.412989
v -0.659521 0.002533 0.423321
v -0.675478 0.002832 0.412818
v -0.659495 0.001719 0.420290
v -0.668760 0.001995 0.418846
v -0.670854 0.002697 0.420168
v -0.670779 0.001930 0.412862
v -0.658288 0.101436 0.414123
v -0.674379 0.100420 0.413924
v -0.658421 0.100121 0.424428
v -0.669661 0.101215 0.413988
v -0.667645 0.100968 0.419968
v -0.669755 0.100284 0.421275
v -0.658377 0.101003 0.421415
v 0.061728 0.025238 -0.436431
v 0.061719 0.028713 -0.447272
v 0.063133 0.028851 -0.436469
v 0.061736 0.026204 -0.444080
v 0.062559 0.026695 -0.442682
v 0.062729 0.028759 -0.444107
v 0.062736 0.026302 -0.436441
v 0.058867 0.321480 -0.450645
v 0.058806 0.325204 -0.439887
v 0.060281 0.321618 -0.439842
v 0.058834 0.324061 -0.447511
v 0.059667 0.323619 -0.446102
v 0.059834 0.324159 -0.439872
v 0.059877 0.321526 -0.447479
v 0.059616 0.035336 0.441908
v 0.061020 0.038949 0.441870
v 0.059555 0.039059 0.452666
v 0.060624 0.036400 0.441898
v 0.060417 0.036937 0.448128
v 0.060580 0.039033 0.449505
v 0.059587 0.036478 0.449532
v 0.056693 0.335302 0.438453
v 0.056702 0.331826 0.449293
v 0.058168 0.331716 0.438497
v 0.056685 0.334335 0.446101
v 0.057524 0.333860 0.444707
v 0.057728 0.331800 0.446133
v 0.057722 0.334257 0.438467
v -0.055386 0.024094 -0.436700
v -0.056861 0.027679 -0.436744
v -0.055395 0.027569 -0.447540
v -0.056415 0.025138 -0.436714
v -0.056217 0.025535 -0.442954
v -0.056421 0.027595 -0.444380
v -0.055378 0.025060 -0.444348
v -0.058308 0.324059 -0.440155
v -0.058247 0.320336 -0.450913
v -0.059713 0.320446 -0.440117
v -0.058280 0.322917 -0.447779
v -0.059110 0.322458 -0.446375
v -0.059273 0.320362 -0.447752
v -0.059316 0.322995 -0.440146
v -0.057499 0.034192 0.441640
v -0.057560 0.037915 0.452398
v -0.058973 0.037777 0.441595
v -0.057527 0.035334 0.449264
v -0.058360 0.035777 0.447855
v -0.058570 0.037869 0.449232
v -0.058527 0.035236 0.441625
v -0.060421 0.334158 0.438184
v -0.061826 0.330544 0.438222
v -0.060412 0.330682 0.449025
v -0.061429 0.333093 0.438194
v -0.061252 0.332700 0.444435
v -0.061422 0.330636 0.445859
v -0.060429 0.333191 0.445832
v 0.409159 0.194710 0.024248
v 0.408485 0.195239 0.023218
v 0.409945 0.195588 0.023611
v 0.408747 0.194774 0.023556
v 0.409337 0.194975 0.023350
v 0.409303 0.195395 0.023106
v 0.409779 0.195021 0.023834
v 0.382951 0.318274 0.008747
v 0.383315 0.319239 0.009601
v 0.384411 0.318623 0.009141
v 0.382993 0.318866 0.008961
v 0.383624 0.318873 0.008778
v 0.384026 0.319113 0.009239
v 0.383768 0.318430 0.008635
v 0.494562 0.230680 0.179372
v 0.495348 0.231558 0.178736
v 0.494925 0.231645 0.180227
v 0.495182 0.230991 0.178959
v 0.495339 0.231197 0.179562
v 0.495439 0.231674 0.179563
v 0.494883 0.231053 0.180013
v 0.468717 0.355209 0.164726
v 0.469391 0.354680 0.165756
v 0.469814 0.354592 0.164265
v 0.469129 0.355144 0.165417
v 0.469626 0.355095 0.164990
v 0.469905 0.354709 0.165092
v 0.469428 0.355082 0.164363
v 0.254153 0.173165 0.114581
v 0.253057 0.173782 0.115042
v 0.253480 0.173694 0.113551
v 0.253442 0.173292 0.114943
v 0.253245 0.173279 0.114317
v 0.252966 0.173665 0.114215
v 0.253741 0.173230 0.113889
v 0.228309 0.297694 0.099934
v 0.227945 0.296729 0.099080
v 0.227523 0.296816 0.100571
v 0.227988 0.297321 0.099294
v 0.227531 0.297177 0.099744
v 0.227432 0.296700 0.099744
v 0.227689 0.297383 0.100348
v 0.339556 0.209135 0.269705
v 0.339920 0.210100 0.270559
v 0.338460 0.209751 0.270166
v 0.339877 0.209508 0.270346
v 0.339246 0.209501 0.270529
v 0.339102 0.209944 0.270671
v 0.338845 0.209261 0.270067
v 0.313711 0.333664 0.255059
v 0.312925 0.332786 0.255695
v 0.314385 0.333135 0.256088
v 0.313091 0.333353 0.255472
v 0.313533 0.333399 0.255956
v 0.313568 0.332979 0.256200
v 0.314124 0.333600 0.255750
v 0.398208 0.199193 -0.239974
v 0.397119 0.199737 -0.240553
v 0.398601 0.200086 -0.240903
v 0.397511 0.199265 -0.240386
v 0.397935 0.199471 -0.240850
v 0.397789 0.199897 -0.241044
v 0.398558 0.199512 -0.240633
v 0.368140 0.323651 -0.239542
v 0.368877 0.324612 -0.238950
v 0.369621 0.324000 -0.239892
v 0.368283 0.324244 -0.239366
v 0.368753 0.324255 -0.239831
v 0.369330 0.324491 -0.239613
v 0.368810 0.323812 -0.240032
v 0.548417 0.233533 -0.143484
v 0.548809 0.234426 -0.144413
v 0.549153 0.234494 -0.142892
v 0.548767 0.233853 -0.144144
v 0.549197 0.234053 -0.143683
v 0.549288 0.234533 -0.143725
v 0.549010 0.233901 -0.143068
v 0.519086 0.358953 -0.142460
v 0.520174 0.358409 -0.141880
v 0.519830 0.358341 -0.143402
v 0.519782 0.358880 -0.142047
v 0.520015 0.358836 -0.142664
v 0.520309 0.358447 -0.142713
v 0.519539 0.358832 -0.143123
v 0.304529 0.176027 -0.085896
v 0.303784 0.176638 -0.084954
v 0.303441 0.176571 -0.086476
v 0.304075 0.176148 -0.085233
v 0.303599 0.176143 -0.085691
v 0.303306 0.176532 -0.085643
v 0.303832 0.176100 -0.086309
v 0.275198 0.301446 -0.084872
v 0.274462 0.300485 -0.085464
v 0.274805 0.300553 -0.083943
v 0.274604 0.301078 -0.085288
v 0.274417 0.300926 -0.084673
v 0.274327 0.300447 -0.084631
v 0.274847 0.301126 -0.084212
v 0.454738 0.210367 0.010594
v 0.455474 0.211328 0.011186
v 0.453993 0.210979 0.011536
v 0.455331 0.210735 0.011010
v 0.454862 0.210724 0.011475
v 0.454805 0.211168 0.011676
v 0.454284 0.210488 0.011257
v 0.425407 0.335787 0.011618
v 0.425014 0.334894 0.012547
v 0.426495 0.335243 0.012198
v 0.425056 0.335467 0.012278
v 0.425679 0.335508 0.012494
v 0.425826 0.335082 0.012688
v 0.426103 0.335714 0.012030
v 0.203844 0.185803 0.019141
v 0.202750 0.186319 0.018593
v 0.204195 0.186692 0.018218
v 0.203148 0.185862 0.018749
v 0.203552 0.186074 0.018284
v 0.203396 0.186490 0.018097
v 0.204170 0.186126 0.018484
v 0.171883 0.307871 0.020378
v 0.172603 0.308831 0.020948
v 0.173329 0.308244 0.020003
v 0.172016 0.308458 0.020550
v 0.172469 0.308478 0.020082
v 0.173038 0.308722 0.020284
v 0.172530 0.308043 0.019882
v 0.353186 0.222375 0.111137
v 0.353537 0.223264 0.110215
v 0.353905 0.223336 0.111707
v 0.353512 0.222698 0.110480
v 0.353941 0.222902 0.110925
v 0.354020 0.223377 0.110883
v 0.353772 0.222749 0.111536
v 0.321944 0.345404 0.112944
v 0.323039 0.344888 0.113492
v 0.322670 0.344816 0.112000
v 0.322641 0.345345 0.113336
v 0.322858 0.345307 0.112723
v 0.323154 0.344929 0.112668
v 0.322380 0.345294 0.112281
v 0.115208 0.161037 0.172874
v 0.114482 0.161625 0.173819
v 0.114113 0.161553 0.172326
v 0.114772 0.161147 0.173538
v 0.114294 0.161134 0.173095
v 0.113998 0.161512 0.173150
v 0.114511 0.161096 0.172482
v 0.083966 0.284065 0.174681
v 0.083247 0.283105 0.174112
v 0.083615 0.283177 0.175604
v 0.083380 0.283692 0.174283
v 0.083211 0.283538 0.174893
v 0.083132 0.283064 0.174935
v 0.083640 0.283743 0.175338
v 0.264549 0.197609 0.264871
v 0.265269 0.198570 0.265440
v 0.263823 0.198197 0.265815
v 0.265136 0.197983 0.265269
v 0.264683 0.197963 0.265737
v 0.264622 0.198398 0.265937
v 0.264114 0.197719 0.265534
v 0.233308 0.320638 0.266677
v 0.232957 0.319749 0.267600
v 0.234402 0.320122 0.267225
v 0.232982 0.320315 0.267335
v 0.233600 0.320367 0.267534
v 0.233756 0.319950 0.267722
v 0.234004 0.320579 0.267069
v 0.438202 0.192203 -0.151184
v 0.437107 0.192749 -0.151384
v 0.438308 0.192997 -0.152130
v 0.437477 0.192299 -0.151342
v 0.437719 0.192464 -0.151874
v 0.437553 0.192860 -0.152011
v 0.438327 0.192475 -0.151869
v 0.417325 0.307893 -0.144909
v 0.418179 0.308746 -0.144631
v 0.418526 0.308141 -0.145655
v 0.417525 0.308432 -0.144811
v 0.417798 0.308416 -0.145354
v 0.418375 0.308608 -0.145339
v 0.417770 0.308005 -0.145536
v 0.598674 0.217561 -0.111848
v 0.598780 0.218355 -0.112794
v 0.599528 0.218415 -0.111570
v 0.598799 0.217833 -0.112533
v 0.599317 0.218000 -0.112262
v 0.599403 0.218436 -0.112336
v 0.599328 0.217875 -0.111667
v 0.578651 0.334104 -0.105294
v 0.579746 0.333559 -0.105095
v 0.578998 0.333499 -0.106319
v 0.579376 0.334008 -0.105137
v 0.579396 0.333952 -0.105742
v 0.579621 0.333580 -0.105861
v 0.578847 0.333966 -0.106003
v 0.400896 0.176673 0.011015
v 0.400549 0.177278 0.012040
v 0.399801 0.177218 0.010816
v 0.400700 0.176811 0.011723
v 0.400152 0.176825 0.011463
v 0.399926 0.177197 0.011582
v 0.400172 0.176769 0.010858
v 0.380873 0.293216 0.017569
v 0.380019 0.292363 0.017291
v 0.380767 0.292422 0.018515
v 0.380219 0.292902 0.017388
v 0.380231 0.292777 0.017983
v 0.380144 0.292341 0.018057
v 0.380748 0.292944 0.018254
v 0.561368 0.202031 0.050352
v 0.562222 0.202884 0.050630
v 0.561021 0.202636 0.051376
v 0.562022 0.202345 0.050532
v 0.561749 0.202361 0.051075
v 0.561777 0.202773 0.051257
v 0.561173 0.202169 0.051060
v 0.541345 0.318574 0.056905
v 0.541239 0.317780 0.057851
v 0.542440 0.318029 0.057105
v 0.541220 0.318302 0.057590
v 0.541828 0.318313 0.057595
v 0.541994 0.317917 0.057732
v 0.542070 0.318478 0.057063
v 0.391995 0.220629 -0.143939
v 0.391294 0.221163 -0.144295
v 0.392339 0.221169 -0.144642
v 0.391502 0.220781 -0.144188
v 0.391793 0.220850 -0.144545
v 0.391745 0.221163 -0.144685
v 0.392241 0.220785 -0.144433
v 0.390420 0.310928 -0.145412
v 0.391111 0.311484 -0.145070
v 0.391465 0.310933 -0.145759
v 0.390620 0.311316 -0.145315
v 0.390913 0.311244 -0.145671
v 0.391359 0.311320 -0.145560
v 0.390871 0.310927 -0.145802
v 0.506624 0.222461 -0.086447
v 0.506968 0.223001 -0.087150
v 0.507315 0.223017 -0.086105
v 0.506869 0.222617 -0.086942
v 0.507225 0.222695 -0.086651
v 0.507358 0.223010 -0.086700
v 0.507114 0.222629 -0.086203
v 0.505739 0.313316 -0.087578
v 0.506440 0.312782 -0.087222
v 0.506093 0.312765 -0.088268
v 0.506233 0.313164 -0.087329
v 0.506345 0.313089 -0.087776
v 0.506483 0.312775 -0.087817
v 0.505987 0.313152 -0.088069
v 0.334488 0.221496 -0.029307
v 0.334134 0.222046 -0.028618
v 0.333787 0.222030 -0.029663
v 0.334240 0.221659 -0.028817
v 0.333883 0.221723 -0.029110
v 0.333744 0.222037 -0.029069
v 0.333995 0.221648 -0.029556
v 0.333603 0.312351 -0.030438
v 0.332913 0.311794 -0.030780
v 0.333260 0.311811 -0.029735
v 0.333113 0.312183 -0.030683
v 0.333002 0.312117 -0.030235
v 0.332870 0.311801 -0.030186
v 0.333358 0.312195 -0.029944
v 0.449117 0.223328 0.028184
v 0.449807 0.223884 0.028527
v 0.448762 0.223878 0.028874
v 0.449607 0.223496 0.028429
v 0.449315 0.223568 0.028785
v 0.449357 0.223885 0.028917
v 0.448868 0.223491 0.028675
v 0.448232 0.314183 0.027053
v 0.447888 0.313643 0.027756
v 0.448933 0.313649 0.027409
v 0.447986 0.314027 0.027548
v 0.448434 0.313962 0.027660
v 0.448482 0.313649 0.027799
v 0.448726 0.314031 0.027302
v 0.505858 0.188267 -0.245608
v 0.505081 0.188813 -0.246286
v 0.506419 0.189005 -0.246316
v 0.505348 0.188379 -0.246080
v 0.505803 0.188524 -0.246396
v 0.505745 0.188901 -0.246581
v 0.506294 0.188514 -0.246102
v 0.489393 0.297847 -0.249195
v 0.489980 0.298624 -0.248552
v 0.490731 0.298038 -0.249224
v 0.489526 0.298349 -0.249013
v 0.490006 0.298322 -0.249324
v 0.490472 0.298484 -0.249035
v 0.490057 0.297934 -0.249489
v 0.618039 0.207309 -0.136823
v 0.618600 0.208047 -0.137531
v 0.618625 0.208086 -0.136180
v 0.618475 0.207556 -0.137316
v 0.618771 0.207699 -0.136848
v 0.618890 0.208106 -0.136862
v 0.618493 0.207584 -0.136361
v 0.602160 0.317667 -0.139766
v 0.602937 0.317120 -0.139088
v 0.602912 0.317080 -0.140439
v 0.602670 0.317554 -0.139294
v 0.602973 0.317497 -0.139776
v 0.603202 0.317140 -0.139770
v 0.602653 0.317526 -0.140250
v 0.397716 0.175740 -0.131898
v 0.396964 0.176326 -0.131225
v 0.396940 0.176286 -0.132577
v 0.397224 0.175880 -0.131415
v 0.396904 0.175909 -0.131889
v 0.396675 0.176266 -0.131895
v 0.397207 0.175852 -0.132371
v 0.381838 0.286098 -0.134842
v 0.381252 0.285320 -0.135485
v 0.381277 0.285359 -0.134134
v 0.381384 0.285822 -0.135304
v 0.381106 0.285707 -0.134817
v 0.380987 0.285300 -0.134803
v 0.381402 0.285850 -0.134348
v 0.509897 0.194782 -0.023113
v 0.510483 0.195560 -0.022470
v 0.509145 0.195368 -0.022440
v 0.510351 0.195058 -0.022651
v 0.509871 0.195085 -0.022341
v 0.509820 0.195472 -0.022175
v 0.509405 0.194922 -0.022630
v 0.494019 0.305140 -0.026057
v 0.493458 0.304402 -0.025348
v 0.494796 0.304593 -0.025378
v 0.493583 0.304892 -0.025563
v 0.494073 0.304883 -0.025269
v 0.494132 0.304506 -0.025084
v 0.494529 0.305028 -0.025584
v 0.420745 0.210708 -0.191996
v 0.420296 0.211235 -0.193134
v 0.421638 0.211584 -0.192455
v 0.420483 0.210773 -0.192753
v 0.421100 0.210974 -0.192834
v 0.421115 0.211392 -0.193077
v 0.421432 0.211019 -0.192272
v 0.398162 0.333644 -0.212116
v 0.398342 0.334603 -0.211208
v 0.399504 0.333992 -0.211436
v 0.398159 0.334233 -0.211897
v 0.398811 0.334241 -0.211948
v 0.399108 0.334479 -0.211417
v 0.398981 0.333801 -0.212059
v 0.472460 0.246182 -0.023528
v 0.473353 0.247058 -0.023986
v 0.472640 0.247141 -0.022620
v 0.473147 0.246494 -0.023804
v 0.473178 0.246697 -0.023184
v 0.473274 0.247172 -0.023162
v 0.472643 0.246552 -0.022838
v 0.450057 0.370078 -0.042740
v 0.450506 0.369550 -0.041601
v 0.451219 0.369467 -0.042968
v 0.450319 0.370012 -0.041982
v 0.450889 0.369964 -0.042298
v 0.451140 0.369580 -0.042144
v 0.450823 0.369954 -0.042949
v 0.251511 0.188875 -0.135448
v 0.250349 0.189486 -0.135220
v 0.251062 0.189403 -0.136587
v 0.250745 0.188999 -0.135239
v 0.250679 0.188988 -0.135890
v 0.250428 0.189372 -0.136044
v 0.251249 0.188941 -0.136206
v 0.229108 0.312771 -0.154660
v 0.228928 0.311812 -0.155568
v 0.228215 0.311895 -0.154201
v 0.228925 0.312400 -0.155350
v 0.228390 0.312255 -0.155004
v 0.228294 0.311781 -0.155026
v 0.228421 0.312459 -0.154384
v 0.303226 0.224350 0.033020
v 0.303406 0.225309 0.033928
v 0.302064 0.224961 0.033248
v 0.303409 0.224720 0.033709
v 0.302757 0.224712 0.033760
v 0.302587 0.225152 0.033871
v 0.302460 0.224474 0.033229
v 0.280823 0.348245 0.013808
v 0.279930 0.347369 0.014267
v 0.281272 0.347717 0.014946
v 0.280136 0.347934 0.014085
v 0.280468 0.347979 0.014646
v 0.280453 0.347560 0.014889
v 0.281085 0.348180 0.014565
v 0.445454 0.210283 -0.166842
v 0.444884 0.210826 -0.167405
v 0.446005 0.210841 -0.167408
v 0.445054 0.210437 -0.167239
v 0.445449 0.210513 -0.167491
v 0.445444 0.210832 -0.167639
v 0.445847 0.210448 -0.167241
v 0.443665 0.302169 -0.168055
v 0.444219 0.302735 -0.167500
v 0.444786 0.302184 -0.168058
v 0.443824 0.302565 -0.167894
v 0.444221 0.302496 -0.168146
v 0.444617 0.302575 -0.167897
v 0.444225 0.302175 -0.168289
v 0.537994 0.212173 -0.074841
v 0.538546 0.212731 -0.075407
v 0.538549 0.212739 -0.074286
v 0.538387 0.212338 -0.075240
v 0.538638 0.212416 -0.074845
v 0.538779 0.212738 -0.074847
v 0.538390 0.212344 -0.074447
v 0.536760 0.304626 -0.075499
v 0.537329 0.304082 -0.074936
v 0.537326 0.304074 -0.076057
v 0.537160 0.304471 -0.075103
v 0.537410 0.304400 -0.075499
v 0.537560 0.304081 -0.075498
v 0.537157 0.304466 -0.075895
v 0.353450 0.209713 -0.074287
v 0.352884 0.210265 -0.073729
v 0.352880 0.210257 -0.074850
v 0.353052 0.209873 -0.073891
v 0.352800 0.209939 -0.074287
v 0.352650 0.210258 -0.074289
v 0.353050 0.209868 -0.074683
v 0.352215 0.302166 -0.074945
v 0.351661 0.301600 -0.075500
v 0.351664 0.301608 -0.074379
v 0.351820 0.301995 -0.075339
v 0.351571 0.301923 -0.074941
v 0.351430 0.301600 -0.074939
v 0.351822 0.302001 -0.074546
v 0.445990 0.211604 0.017714
v 0.446545 0.212170 0.018269
v 0.445424 0.212155 0.018272
v 0.446385 0.211774 0.018108
v 0.445989 0.211843 0.018359
v 0.445985 0.212164 0.018503
v 0.445593 0.211764 0.018110
v 0.444756 0.304056 0.017056
v 0.444205 0.303498 0.017622
v 0.445325 0.303513 0.017619
v 0.444363 0.303891 0.017455
v 0.444761 0.303826 0.017705
v 0.444766 0.303507 0.017852
v 0.445155 0.303902 0.017452
v 0.253843 0.206599 -0.191277
v 0.253075 0.207144 -0.191843
v 0.254333 0.207283 -0.191984
v 0.253329 0.206725 -0.191676
v 0.253733 0.206850 -0.192009
v 0.253675 0.207209 -0.192175
v 0.254218 0.206823 -0.191775
v 0.241559 0.310282 -0.192437
v 0.242188 0.310989 -0.191878
v 0.242817 0.310421 -0.192578
v 0.241715 0.310748 -0.192275
v 0.242137 0.310711 -0.192607
v 0.242604 0.310847 -0.192374
v 0.242160 0.310347 -0.192769
v 0.368842 0.219972 -0.098666
v 0.369331 0.220657 -0.099372
v 0.369470 0.220679 -0.098107
v 0.369217 0.220197 -0.099164
v 0.369538 0.220317 -0.098748
v 0.369661 0.220697 -0.098769
v 0.369315 0.220213 -0.098269
v 0.357187 0.324362 -0.099267
v 0.357955 0.323817 -0.098701
v 0.357816 0.323794 -0.099966
v 0.357701 0.324236 -0.098868
v 0.357942 0.324178 -0.099347
v 0.358146 0.323835 -0.099363
v 0.357603 0.324220 -0.099763
v 0.161729 0.196981 -0.075507
v 0.161099 0.197549 -0.074807
v 0.160960 0.197526 -0.076073
v 0.161313 0.197123 -0.075010
v 0.160973 0.197165 -0.075427
v 0.160769 0.197509 -0.075411
v 0.161214 0.197107 -0.075905
v 0.150073 0.301372 -0.076108
v 0.149445 0.300664 -0.076667
v 0.149584 0.300687 -0.075401
v 0.149600 0.301131 -0.076504
v 0.149377 0.301026 -0.076025
v 0.149254 0.300646 -0.076005
v 0.149698 0.301147 -0.075610
v 0.276727 0.210354 0.017105
v 0.277356 0.211062 0.017664
v 0.276098 0.210922 0.017804
v 0.277201 0.210595 0.017501
v 0.276778 0.210632 0.017834
v 0.276756 0.210997 0.017996
v 0.276311 0.210496 0.017601
v 0.265072 0.314745 0.016503
v 0.264583 0.314060 0.017210
v 0.265840 0.314200 0.017070
v 0.264697 0.314520 0.017002
v 0.265182 0.314493 0.017236
v 0.265240 0.314134 0.017402
v 0.265586 0.314619 0.016902
v 0.468212 0.198345 -0.129714
v 0.467105 0.198849 -0.130455
v 0.468679 0.199295 -0.130667
v 0.467522 0.198376 -0.130226
v 0.468008 0.198610 -0.130670
v 0.467853 0.199048 -0.130900
v 0.468636 0.198692 -0.130376
v 0.429895 0.328018 -0.135261
v 0.430550 0.329082 -0.134579
v 0.431470 0.328463 -0.135473
v 0.429993 0.328654 -0.135073
v 0.430537 0.328685 -0.135511
v 0.431107 0.328970 -0.135223
v 0.430644 0.328217 -0.135706
v 0.613315 0.244506 -0.012509
v 0.613783 0.245456 -0.013462
v 0.613970 0.245571 -0.011826
v 0.613739 0.244853 -0.013170
v 0.614129 0.245095 -0.012643
v 0.614202 0.245606 -0.012688
v 0.613872 0.244934 -0.012014
v 0.575654 0.375243 -0.017374
v 0.576761 0.374739 -0.016633
v 0.576573 0.374624 -0.018268
v 0.576343 0.375212 -0.016862
v 0.576658 0.375169 -0.017484
v 0.576993 0.374774 -0.017494
v 0.576210 0.375131 -0.018018
v 0.354009 0.171107 0.022400
v 0.353089 0.171726 0.023295
v 0.352902 0.171611 0.021659
v 0.353452 0.171220 0.023045
v 0.353004 0.171181 0.022510
v 0.352669 0.171576 0.022521
v 0.353320 0.171139 0.021888
v 0.316347 0.301845 0.017535
v 0.315692 0.300780 0.016853
v 0.315880 0.300895 0.018488
v 0.315791 0.301417 0.017040
v 0.315534 0.301256 0.017670
v 0.315460 0.300745 0.017714
v 0.315923 0.301498 0.018197
v 0.499112 0.217268 0.139605
v 0.499767 0.218333 0.140288
v 0.498193 0.217887 0.140500
v 0.499669 0.217696 0.140100
v 0.499125 0.217666 0.140537
v 0.499019 0.218134 0.140732
v 0.498555 0.217381 0.140250
v 0.461451 0.348005 0.134740
v 0.460983 0.347056 0.135693
v 0.462558 0.347501 0.135481
v 0.461026 0.347659 0.135402
v 0.461655 0.347740 0.135697
v 0.461809 0.347302 0.135926
v 0.462140 0.347974 0.135252
v 0.354817 0.215318 -0.059107
v 0.353915 0.215834 -0.060076
v 0.355489 0.216284 -0.059904
v 0.354269 0.215358 -0.059765
v 0.354842 0.215600 -0.060078
v 0.354744 0.216041 -0.060328
v 0.355382 0.215677 -0.059643
v 0.318248 0.344690 -0.071174
v 0.318717 0.345740 -0.070340
v 0.319821 0.345141 -0.071002
v 0.318295 0.345322 -0.070958
v 0.318925 0.345361 -0.071253
v 0.319408 0.345640 -0.070836
v 0.319076 0.344898 -0.071426
v 0.467721 0.259358 0.089373
v 0.468393 0.260323 0.088576
v 0.468191 0.260408 0.090208
v 0.468286 0.259716 0.088838
v 0.468539 0.259949 0.089444
v 0.468618 0.260459 0.089428
v 0.468143 0.259776 0.089991
v 0.431621 0.389780 0.078141
v 0.432523 0.389265 0.079110
v 0.432726 0.389180 0.077479
v 0.432169 0.389740 0.078798
v 0.432621 0.389709 0.078269
v 0.432951 0.389316 0.078330
v 0.432313 0.389680 0.077645
v 0.208564 0.185184 0.061041
v 0.207460 0.185783 0.061703
v 0.207662 0.185699 0.060072
v 0.207873 0.185284 0.061537
v 0.207564 0.185255 0.060913
v 0.207235 0.185648 0.060852
v 0.208016 0.185224 0.060383
v 0.172464 0.315606 0.049808
v 0.171995 0.314556 0.048974
v 0.171793 0.314640 0.050605
v 0.172043 0.315187 0.049190
v 0.171647 0.315015 0.049737
v 0.171568 0.314505 0.049754
v 0.171900 0.315247 0.050344
v 0.321469 0.229223 0.209521
v 0.321938 0.230273 0.210356
v 0.320364 0.229823 0.210184
v 0.321890 0.229641 0.210139
v 0.321261 0.229603 0.210435
v 0.321109 0.230065 0.210608
v 0.320777 0.229323 0.210018
v 0.285369 0.359645 0.198289
v 0.284697 0.358680 0.199086
v 0.286271 0.359130 0.199258
v 0.284804 0.359286 0.198825
v 0.285343 0.359363 0.199259
v 0.285442 0.358922 0.199510
v 0.285917 0.359605 0.198946
v 0.496911 0.192517 -0.219317
v 0.496607 0.193070 -0.220403
v 0.497820 0.193321 -0.219639
v 0.496733 0.192615 -0.220047
v 0.497325 0.192782 -0.220063
v 0.497376 0.193183 -0.220274
v 0.497590 0.192792 -0.219507
v 0.481999 0.309779 -0.235456
v 0.482124 0.310643 -0.234553
v 0.483211 0.310029 -0.234692
v 0.481999 0.310326 -0.235229
v 0.482614 0.310309 -0.235221
v 0.482856 0.310503 -0.234689
v 0.482767 0.309892 -0.235328
v 0.532209 0.218049 -0.055616
v 0.533118 0.218853 -0.055938
v 0.532334 0.218913 -0.054714
v 0.532889 0.218324 -0.055806
v 0.532871 0.218494 -0.055214
v 0.532977 0.218935 -0.055167
v 0.532334 0.218367 -0.054940
v 0.517423 0.336176 -0.070852
v 0.517726 0.335622 -0.069767
v 0.518510 0.335562 -0.070991
v 0.517600 0.336078 -0.070123
v 0.518160 0.336021 -0.070373
v 0.518369 0.335644 -0.070221
v 0.518155 0.336036 -0.070988
v 0.332550 0.176830 -0.181430
v 0.331463 0.177444 -0.181291
v 0.332247 0.177384 -0.182515
v 0.331818 0.176970 -0.181294
v 0.331813 0.176985 -0.181910
v 0.331604 0.177362 -0.182062
v 0.332372 0.176928 -0.182160
v 0.317764 0.294956 -0.196666
v 0.317638 0.294093 -0.197569
v 0.316855 0.294152 -0.196345
v 0.317638 0.294639 -0.197342
v 0.317101 0.294512 -0.197069
v 0.316995 0.294071 -0.197115
v 0.317084 0.294681 -0.196477
v 0.367848 0.202363 -0.017729
v 0.367974 0.203227 -0.016826
v 0.366762 0.202976 -0.017590
v 0.367974 0.202680 -0.017053
v 0.367358 0.202697 -0.017061
v 0.367205 0.203114 -0.016955
v 0.367117 0.202503 -0.017593
v 0.353062 0.320489 -0.032965
v 0.352153 0.319685 -0.032644
v 0.353365 0.319936 -0.031880
v 0.352382 0.320214 -0.032776
v 0.352647 0.320224 -0.032220
v 0.352597 0.319823 -0.032008
v 0.353240 0.320391 -0.032236
v 0.457224 0.218634 -0.114936
v 0.456673 0.219175 -0.115601
v 0.457843 0.219247 -0.115465
v 0.456848 0.218775 -0.115402
v 0.457288 0.218873 -0.115617
v 0.457286 0.219208 -0.115775
v 0.457676 0.218826 -0.115306
v 0.451016 0.315193 -0.117323
v 0.451498 0.315818 -0.116680
v 0.452186 0.315264 -0.117188
v 0.451143 0.315617 -0.117139
v 0.451592 0.315564 -0.117352
v 0.451970 0.315668 -0.117043
v 0.451629 0.315226 -0.117498
v 0.542303 0.225579 -0.007235
v 0.542922 0.226192 -0.007764
v 0.542786 0.226205 -0.006591
v 0.542755 0.225771 -0.007604
v 0.542964 0.225867 -0.007161
v 0.543096 0.226213 -0.007149
v 0.542658 0.225780 -0.006776
v 0.536577 0.322763 -0.008979
v 0.537128 0.322222 -0.008314
v 0.537265 0.322209 -0.009486
v 0.536953 0.322622 -0.008513
v 0.537268 0.322558 -0.008896
v 0.537439 0.322230 -0.008872
v 0.537050 0.322613 -0.009342
v 0.349602 0.213825 -0.029609
v 0.348914 0.214378 -0.029102
v 0.349051 0.214365 -0.030274
v 0.349130 0.213975 -0.029246
v 0.348912 0.214030 -0.029692
v 0.348740 0.214357 -0.029716
v 0.349227 0.213965 -0.030075
v 0.343876 0.311008 -0.031353
v 0.343394 0.310383 -0.031997
v 0.343257 0.310396 -0.030824
v 0.343521 0.310807 -0.031812
v 0.343215 0.310720 -0.031427
v 0.343083 0.310374 -0.031438
v 0.343424 0.310816 -0.030983
v 0.434681 0.220769 0.078092
v 0.435164 0.221395 0.078736
v 0.433993 0.221323 0.078600
v 0.435037 0.220970 0.078551
v 0.434588 0.221023 0.078764
v 0.434550 0.221362 0.078910
v 0.434209 0.220920 0.078455
v 0.428956 0.317953 0.076348
v 0.428336 0.317341 0.076877
v 0.429507 0.317412 0.077013
v 0.428503 0.317761 0.076718
v 0.428891 0.317714 0.077029
v 0.428893 0.317379 0.077188
v 0.429331 0.317812 0.076814
v 0.299356 0.209377 0.015640
v 0.298729 0.209911 0.015089
v 0.299874 0.209955 0.015024
v 0.298922 0.209520 0.015255
v 0.299310 0.209604 0.014974
v 0.299288 0.209928 0.014819
v 0.299732 0.209551 0.015209
v 0.295080 0.303363 0.013398
v 0.295662 0.303964 0.013928
v 0.296225 0.303407 0.013332
v 0.295241 0.303774 0.013549
v 0.295634 0.303711 0.013270
v 0.296051 0.303805 0.013502
v 0.295639 0.303380 0.013128
v 0.398944 0.214876 0.104566
v 0.399462 0.215454 0.103951
v 0.399527 0.215477 0.105096
v 0.399319 0.215050 0.104135
v 0.399596 0.215141 0.104524
v 0.399731 0.215475 0.104510
v 0.399365 0.215066 0.104945
v 0.395250 0.309463 0.102854
v 0.395877 0.308929 0.103405
v 0.395812 0.308906 0.102259
v 0.395684 0.309320 0.103239
v 0.395920 0.309248 0.102821
v 0.396082 0.308926 0.102818
v 0.395638 0.309304 0.102429
v 0.210412 0.207709 0.115350
v 0.209850 0.208266 0.115945
v 0.209785 0.208243 0.114800
v 0.210024 0.207868 0.115775
v 0.209742 0.207924 0.115383
v 0.209581 0.208246 0.115386
v 0.209978 0.207851 0.114965
v 0.206718 0.302296 0.113638
v 0.206136 0.301695 0.113108
v 0.206200 0.301718 0.114254
v 0.206297 0.302106 0.113259
v 0.206067 0.302031 0.113680
v 0.205931 0.301697 0.113694
v 0.206343 0.302122 0.114069
v 0.310000 0.213208 0.204277
v 0.310583 0.213809 0.204806
v 0.309438 0.213765 0.204872
v 0.310421 0.213398 0.204656
v 0.310028 0.213461 0.204934
v 0.310024 0.213792 0.205076
v 0.309612 0.213367 0.204702
v 0.306306 0.307795 0.202564
v 0.305788 0.307217 0.203180
v 0.306933 0.307260 0.203115
v 0.305931 0.307621 0.202996
v 0.306353 0.307568 0.203230
v 0.306374 0.307243 0.203385
v 0.306740 0.307652 0.202949
v -0.345672 0.222886 -0.003690
v -0.345957 0.223429 -0.004425
v -0.344949 0.223452 -0.003962
v -0.345868 0.223043 -0.004210
v -0.345410 0.223124 -0.004272
v -0.345357 0.223443 -0.004402
v -0.345155 0.223059 -0.003882
v -0.347998 0.313835 -0.004393
v -0.347738 0.314390 -0.003657
v -0.346990 0.313858 -0.003929
v -0.347927 0.314225 -0.004177
v -0.347466 0.314164 -0.004239
v -0.347215 0.314241 -0.003849
v -0.347399 0.313849 -0.004370
v -0.300805 0.223856 0.117449
v -0.300082 0.224421 0.117177
v -0.300545 0.224410 0.118185
v -0.300289 0.224028 0.117257
v -0.300228 0.224101 0.117717
v -0.300105 0.224421 0.117777
v -0.300616 0.224021 0.117970
v -0.302872 0.315360 0.117482
v -0.302587 0.314817 0.118218
v -0.302124 0.314827 0.117210
v -0.302675 0.315203 0.118002
v -0.302285 0.315141 0.117750
v -0.302147 0.314827 0.117810
v -0.302348 0.315211 0.117290
v -0.466779 0.220135 0.041187
v -0.467528 0.220667 0.041460
v -0.467064 0.220678 0.040452
v -0.467303 0.220284 0.041380
v -0.467367 0.220354 0.040920
v -0.467505 0.220668 0.040860
v -0.466976 0.220291 0.040667
v -0.468846 0.311639 0.041220
v -0.469106 0.311084 0.040485
v -0.469569 0.311073 0.041493
v -0.469035 0.311474 0.040700
v -0.469423 0.311394 0.040953
v -0.469546 0.311074 0.040893
v -0.469363 0.311466 0.041413
v -0.421913 0.221104 0.162327
v -0.421653 0.221659 0.163062
v -0.422661 0.221637 0.162599
v -0.421724 0.221269 0.162847
v -0.422185 0.221330 0.162909
v -0.422253 0.221646 0.163040
v -0.422436 0.221253 0.162519
v -0.423980 0.312608 0.162359
v -0.424703 0.312043 0.162632
v -0.423695 0.312065 0.163095
v -0.424496 0.312436 0.162552
v -0.424242 0.312370 0.162941
v -0.424294 0.312052 0.163072
v -0.423783 0.312452 0.162880
v -0.397202 0.188784 0.047024
v -0.397577 0.189325 0.045963
v -0.396334 0.189599 0.046649
v -0.397423 0.188876 0.046310
v -0.396839 0.189053 0.046259
v -0.396809 0.189452 0.046045
v -0.396544 0.189069 0.046795
v -0.415123 0.304993 0.031597
v -0.414961 0.305857 0.032484
v -0.413880 0.305266 0.032283
v -0.415120 0.305537 0.031821
v -0.414508 0.305531 0.031792
v -0.414241 0.305730 0.032306
v -0.414355 0.305119 0.031679
v -0.352966 0.215401 0.207299
v -0.352098 0.216216 0.206924
v -0.352804 0.216265 0.208185
v -0.352308 0.215686 0.207071
v -0.352293 0.215856 0.207658
v -0.352194 0.216297 0.207697
v -0.352808 0.215721 0.207962
v -0.370726 0.332473 0.192759
v -0.370350 0.331932 0.193820
v -0.369644 0.331883 0.192559
v -0.370504 0.332382 0.193473
v -0.369963 0.332334 0.193192
v -0.369740 0.331964 0.193331
v -0.370005 0.332347 0.192581
v -0.557727 0.170317 0.094395
v -0.558809 0.170907 0.094596
v -0.558102 0.170858 0.093335
v -0.558448 0.170444 0.094573
v -0.558490 0.170456 0.093963
v -0.558713 0.170826 0.093823
v -0.557948 0.170409 0.093682
v -0.575486 0.287389 0.079855
v -0.575649 0.286525 0.078969
v -0.576355 0.286575 0.080230
v -0.575645 0.287069 0.079192
v -0.576159 0.286934 0.079496
v -0.576259 0.286493 0.079457
v -0.576145 0.287104 0.080084
v -0.513492 0.196934 0.254671
v -0.513330 0.197798 0.255557
v -0.514573 0.197524 0.254871
v -0.513333 0.197254 0.255334
v -0.513944 0.197259 0.255362
v -0.514097 0.197671 0.255475
v -0.514212 0.197060 0.254849
v -0.531251 0.314006 0.240131
v -0.532119 0.313191 0.240505
v -0.530876 0.313465 0.241191
v -0.531909 0.313721 0.240359
v -0.531613 0.313738 0.240895
v -0.531644 0.313339 0.241109
v -0.531030 0.313915 0.240844
v -0.310350 0.216119 -0.070692
v -0.311476 0.216633 -0.071243
v -0.310009 0.217014 -0.071650
v -0.311065 0.216171 -0.071083
v -0.310661 0.216382 -0.071565
v -0.310824 0.216804 -0.071760
v -0.310028 0.216441 -0.071371
v -0.343544 0.340452 -0.070658
v -0.342807 0.341443 -0.070100
v -0.342077 0.340834 -0.071065
v -0.343408 0.341054 -0.070493
v -0.342953 0.341070 -0.070977
v -0.342372 0.341324 -0.070781
v -0.342892 0.340623 -0.071176
v -0.157007 0.255402 0.020580
v -0.156666 0.256298 0.019622
v -0.156271 0.256393 0.021138
v -0.156685 0.255724 0.019901
v -0.156242 0.255941 0.020347
v -0.156165 0.256424 0.020296
v -0.156406 0.255791 0.020973
v -0.189464 0.380726 0.021172
v -0.188338 0.380213 0.021722
v -0.188734 0.380117 0.020207
v -0.188749 0.380674 0.021563
v -0.188535 0.380629 0.020935
v -0.188232 0.380244 0.020880
v -0.189029 0.380607 0.020491
v -0.398526 0.192535 0.087600
v -0.399256 0.193144 0.088565
v -0.399652 0.193049 0.087050
v -0.398962 0.192654 0.088281
v -0.399455 0.192633 0.087837
v -0.399758 0.193017 0.087892
v -0.399242 0.192587 0.087210
v -0.430984 0.317859 0.088192
v -0.431720 0.316868 0.087634
v -0.431324 0.316964 0.089150
v -0.431585 0.317470 0.087799
v -0.431748 0.317321 0.088426
v -0.431826 0.316837 0.088476
v -0.431305 0.317537 0.088871
v -0.245183 0.231818 0.178872
v -0.244447 0.232809 0.179430
v -0.245914 0.232427 0.179837
v -0.244582 0.232207 0.179265
v -0.245037 0.232191 0.179749
v -0.245098 0.232638 0.179948
v -0.245619 0.231937 0.179553
v -0.277641 0.357142 0.179464
v -0.277981 0.356247 0.180422
v -0.276515 0.356629 0.180015
v -0.277962 0.356821 0.180143
v -0.277330 0.356879 0.180338
v -0.277166 0.356458 0.180532
v -0.276925 0.357090 0.179855
v -0.476419 0.184482 -0.280408
v -0.477689 0.184982 -0.280736
v -0.476291 0.185424 -0.281440
v -0.477226 0.184515 -0.280661
v -0.476918 0.184749 -0.281230
v -0.477136 0.185182 -0.281391
v -0.476238 0.184828 -0.281159
v -0.513772 0.312266 -0.272355
v -0.512941 0.313312 -0.271925
v -0.512375 0.312709 -0.273059
v -0.513619 0.312893 -0.272208
v -0.513254 0.312926 -0.272791
v -0.512631 0.313206 -0.272706
v -0.513219 0.312466 -0.273010
v -0.303365 0.229430 -0.217988
v -0.303237 0.230373 -0.219020
v -0.302533 0.230476 -0.217558
v -0.303184 0.229777 -0.218739
v -0.302651 0.230012 -0.218373
v -0.302596 0.230516 -0.218435
v -0.302686 0.229850 -0.217705
v -0.339886 0.358260 -0.209505
v -0.338616 0.357760 -0.209177
v -0.339320 0.357657 -0.210639
v -0.339079 0.358227 -0.209252
v -0.338987 0.358189 -0.209933
v -0.338679 0.357800 -0.210054
v -0.339577 0.358154 -0.210286
v -0.533511 0.156551 -0.102013
v -0.534076 0.157154 -0.100878
v -0.534781 0.157051 -0.102341
v -0.533820 0.156657 -0.101232
v -0.534410 0.156622 -0.101584
v -0.534718 0.157011 -0.101464
v -0.534318 0.156584 -0.102266
v -0.570032 0.285381 -0.093530
v -0.570864 0.284335 -0.093960
v -0.570160 0.284438 -0.092497
v -0.570711 0.284962 -0.093813
v -0.570746 0.284799 -0.093145
v -0.570801 0.284295 -0.093083
v -0.570213 0.285035 -0.092779
v -0.360456 0.201499 -0.039593
v -0.359625 0.202545 -0.039163
v -0.361022 0.202102 -0.038458
v -0.359778 0.201919 -0.039310
v -0.360142 0.201885 -0.038727
v -0.360178 0.202345 -0.038508
v -0.360766 0.201606 -0.038812
v -0.396978 0.330329 -0.031110
v -0.397105 0.329387 -0.030077
v -0.395708 0.329829 -0.030782
v -0.397159 0.329983 -0.030359
v -0.396479 0.330062 -0.030287
v -0.396261 0.329629 -0.030127
v -0.396171 0.330296 -0.030857
v -0.223823 0.190109 0.054825
v -0.224632 0.190663 0.054404
v -0.223449 0.190746 0.054055
v -0.224377 0.190248 0.054528
v -0.224042 0.190350 0.054139
v -0.224112 0.190698 0.053984
v -0.223540 0.190307 0.054282
v -0.231787 0.291182 0.053973
v -0.231065 0.291849 0.054389
v -0.230604 0.291265 0.053624
v -0.231594 0.291630 0.054094
v -0.231248 0.291574 0.053706
v -0.230757 0.291689 0.053847
v -0.231268 0.291217 0.053553
v -0.097776 0.199376 0.123757
v -0.097402 0.200013 0.122987
v -0.097054 0.200043 0.124173
v -0.097494 0.199574 0.123214
v -0.097112 0.199682 0.123555
v -0.096983 0.200045 0.123508
v -0.097248 0.199595 0.124052
v -0.105018 0.301116 0.123321
v -0.104209 0.300562 0.123743
v -0.104557 0.300532 0.122557
v -0.104464 0.300977 0.123618
v -0.104317 0.300906 0.123121
v -0.104138 0.300564 0.123077
v -0.104710 0.300956 0.122779
v -0.292620 0.185753 0.181211
v -0.293082 0.186337 0.181976
v -0.293429 0.186308 0.180790
v -0.292929 0.185914 0.181753
v -0.293322 0.185964 0.181411
v -0.293500 0.186305 0.181455
v -0.293174 0.185892 0.180914
v -0.299862 0.287493 0.180775
v -0.300584 0.286826 0.180359
v -0.300236 0.286856 0.181545
v -0.300391 0.287275 0.180480
v -0.300527 0.287187 0.180978
v -0.300655 0.286824 0.181024
v -0.300145 0.287296 0.181319
v -0.166573 0.195021 0.250143
v -0.165851 0.195687 0.250559
v -0.167035 0.195605 0.250908
v -0.166045 0.195239 0.250438
v -0.166391 0.195296 0.250826
v -0.166371 0.195652 0.250979
v -0.166882 0.195181 0.250685
v -0.173815 0.296760 0.249707
v -0.174190 0.296124 0.250477
v -0.173006 0.296206 0.250128
v -0.174098 0.296563 0.250251
v -0.173596 0.296520 0.250393
v -0.173526 0.296171 0.250548
v -0.173261 0.296621 0.250004
v -0.296802 0.199052 0.014552
v -0.297597 0.199611 0.013967
v -0.296299 0.199751 0.013814
v -0.297334 0.199179 0.014142
v -0.296918 0.199305 0.013795
v -0.296979 0.199674 0.013620
v -0.296416 0.199279 0.014034
v -0.309324 0.306108 0.012492
v -0.308672 0.306842 0.013059
v -0.308026 0.306248 0.012339
v -0.309163 0.306591 0.012654
v -0.308728 0.306549 0.012309
v -0.308245 0.306690 0.012546
v -0.308706 0.306171 0.012145
v -0.177591 0.213494 0.109481
v -0.177088 0.214194 0.108743
v -0.176938 0.214229 0.110049
v -0.177206 0.213721 0.108963
v -0.176872 0.213849 0.109389
v -0.176744 0.214241 0.109364
v -0.177100 0.213746 0.109886
v -0.189461 0.321285 0.107988
v -0.188666 0.320726 0.108574
v -0.188816 0.320691 0.107268
v -0.188928 0.321157 0.108398
v -0.188682 0.321093 0.107904
v -0.188472 0.320738 0.107889
v -0.189034 0.321133 0.107475
v -0.391350 0.190303 0.134616
v -0.391996 0.190896 0.135336
v -0.392145 0.190862 0.134030
v -0.391777 0.190455 0.135129
v -0.392130 0.190495 0.134700
v -0.392339 0.190850 0.134715
v -0.391883 0.190430 0.134206
v -0.403220 0.298093 0.133123
v -0.403873 0.297359 0.132555
v -0.403723 0.297393 0.133861
v -0.403711 0.297842 0.132718
v -0.403940 0.297739 0.133215
v -0.404067 0.297347 0.133240
v -0.403605 0.297866 0.133641
v -0.272140 0.204745 0.229545
v -0.271487 0.205480 0.230113
v -0.272785 0.205339 0.230265
v -0.271649 0.204997 0.229950
v -0.272083 0.205039 0.230295
v -0.272105 0.205417 0.230459
v -0.272567 0.204897 0.230058
v -0.284010 0.312536 0.228052
v -0.284513 0.311836 0.228790
v -0.283215 0.311977 0.228637
v -0.284395 0.312309 0.228570
v -0.283893 0.312283 0.228810
v -0.283833 0.311914 0.228984
v -0.283477 0.312409 0.228462
v -0.270377 0.193357 -0.206764
v -0.271239 0.193898 -0.207167
v -0.270042 0.194017 -0.207570
v -0.270960 0.193481 -0.207048
v -0.270635 0.193593 -0.207460
v -0.270723 0.193948 -0.207618
v -0.270114 0.193565 -0.207332
v -0.281704 0.296735 -0.207724
v -0.280969 0.297443 -0.207328
v -0.280507 0.296854 -0.208127
v -0.281515 0.297201 -0.207610
v -0.281173 0.297152 -0.208021
v -0.280669 0.297285 -0.207894
v -0.281188 0.296785 -0.208175
v -0.138925 0.207090 -0.140898
v -0.138590 0.207751 -0.141704
v -0.138190 0.207798 -0.140501
v -0.138662 0.207299 -0.141466
v -0.138261 0.207423 -0.141132
v -0.138142 0.207800 -0.141186
v -0.138379 0.207332 -0.140616
v -0.149517 0.311177 -0.141462
v -0.148655 0.310635 -0.141058
v -0.149055 0.310588 -0.142261
v -0.148934 0.311053 -0.141178
v -0.148799 0.310982 -0.141693
v -0.148607 0.310637 -0.141743
v -0.149216 0.311019 -0.142028
v -0.335978 0.187397 -0.074598
v -0.336440 0.187985 -0.073799
v -0.336840 0.187938 -0.075002
v -0.336278 0.187554 -0.074032
v -0.336696 0.187592 -0.074367
v -0.336887 0.187937 -0.074317
v -0.336561 0.187521 -0.074882
v -0.346570 0.291483 -0.075162
v -0.347305 0.290775 -0.075559
v -0.346905 0.290823 -0.074356
v -0.347116 0.291241 -0.075444
v -0.347234 0.291150 -0.074928
v -0.347352 0.290774 -0.074874
v -0.346833 0.291275 -0.074594
v -0.204525 0.201131 -0.008732
v -0.203791 0.201839 -0.008336
v -0.204987 0.201719 -0.007933
v -0.203979 0.201373 -0.008450
v -0.204321 0.201422 -0.008039
v -0.204306 0.201789 -0.007885
v -0.204826 0.201288 -0.008166
v -0.215117 0.305217 -0.009296
v -0.215452 0.304556 -0.008490
v -0.214256 0.304676 -0.008893
v -0.215381 0.305008 -0.008728
v -0.214860 0.304980 -0.008600
v -0.214771 0.304626 -0.008442
v -0.214534 0.305093 -0.009012
v -0.321236 0.220668 -0.034815
v -0.321870 0.221231 -0.035674
v -0.320513 0.221432 -0.035405
v -0.321645 0.220783 -0.035406
v -0.321116 0.220933 -0.035623
v -0.321134 0.221323 -0.035823
v -0.320686 0.220925 -0.035216
v -0.337307 0.333920 -0.042219
v -0.336861 0.334725 -0.041439
v -0.335950 0.334121 -0.041950
v -0.337215 0.334439 -0.042007
v -0.336661 0.334412 -0.042213
v -0.336256 0.334581 -0.041817
v -0.336571 0.334012 -0.042368
v -0.232316 0.240681 0.100027
v -0.231593 0.241445 0.099437
v -0.231870 0.241487 0.100806
v -0.231766 0.240938 0.099626
v -0.231573 0.241086 0.100165
v -0.231451 0.241508 0.100177
v -0.231962 0.240967 0.100594
v -0.247941 0.354738 0.093403
v -0.247308 0.354175 0.094261
v -0.247031 0.354134 0.092892
v -0.247532 0.354624 0.093993
v -0.247119 0.354565 0.093574
v -0.246888 0.354196 0.093632
v -0.247336 0.354594 0.093025
v -0.455759 0.207505 0.055848
v -0.456670 0.208109 0.056359
v -0.456393 0.208068 0.054989
v -0.456364 0.207649 0.056226
v -0.456582 0.207678 0.055676
v -0.456813 0.208047 0.055618
v -0.456169 0.207619 0.055257
v -0.471385 0.321562 0.049224
v -0.471830 0.320756 0.048445
v -0.472108 0.320798 0.049814
v -0.471739 0.321276 0.048656
v -0.472128 0.321157 0.049085
v -0.472250 0.320735 0.049074
v -0.471935 0.321305 0.049625
v -0.366840 0.227518 0.190690
v -0.366394 0.228324 0.191469
v -0.367750 0.228122 0.191201
v -0.366485 0.227804 0.191257
v -0.367039 0.227831 0.191464
v -0.367129 0.228231 0.191619
v -0.367445 0.227662 0.191068
v -0.382465 0.341575 0.184066
v -0.383188 0.340811 0.184656
v -0.381831 0.341012 0.184924
v -0.383015 0.341318 0.184467
v -0.382585 0.341310 0.184873
v -0.382567 0.340920 0.185074
v -0.382056 0.341461 0.184656
v -0.341509 0.203667 -0.199972
v -0.342041 0.204175 -0.201119
v -0.340640 0.204569 -0.200507
v -0.341820 0.203714 -0.200732
v -0.341199 0.203929 -0.200852
v -0.341205 0.204352 -0.201110
v -0.340829 0.203992 -0.200299
v -0.368094 0.328517 -0.221537
v -0.367879 0.329518 -0.220638
v -0.366693 0.328911 -0.220925
v -0.368097 0.329123 -0.221325
v -0.367435 0.329142 -0.221413
v -0.367106 0.329402 -0.220892
v -0.367258 0.328693 -0.221528
v -0.279950 0.244216 -0.031583
v -0.279081 0.245118 -0.032118
v -0.279735 0.245217 -0.030684
v -0.279270 0.244541 -0.031910
v -0.279208 0.244762 -0.031282
v -0.279118 0.245249 -0.031275
v -0.279733 0.244611 -0.030896
v -0.306320 0.370067 -0.052249
v -0.305788 0.369558 -0.051102
v -0.305135 0.369460 -0.052536
v -0.306009 0.370020 -0.051489
v -0.305444 0.369976 -0.051843
v -0.305171 0.369591 -0.051692
v -0.305547 0.369951 -0.052503
v -0.510666 0.179340 -0.132275
v -0.511851 0.179947 -0.131988
v -0.511198 0.179849 -0.133422
v -0.511438 0.179456 -0.132021
v -0.511541 0.179431 -0.132681
v -0.511815 0.179816 -0.132832
v -0.510977 0.179387 -0.133035
v -0.537035 0.305191 -0.152941
v -0.537251 0.304190 -0.153839
v -0.537904 0.304289 -0.152406
v -0.537253 0.304796 -0.153628
v -0.537777 0.304645 -0.153242
v -0.537868 0.304158 -0.153249
v -0.537715 0.304866 -0.152614
v -0.449107 0.219889 0.036114
v -0.448892 0.220890 0.037013
v -0.450293 0.220496 0.036401
v -0.448889 0.220284 0.036801
v -0.449551 0.220265 0.036889
v -0.449727 0.220713 0.037004
v -0.449880 0.220005 0.036369
v -0.475477 0.345740 0.015448
v -0.476346 0.344838 0.015984
v -0.474945 0.345232 0.016595
v -0.476157 0.345415 0.015776
v -0.475787 0.345478 0.016329
v -0.475781 0.345055 0.016586
v -0.475166 0.345693 0.016208
v -0.432284 0.193641 -0.253129
v -0.433356 0.194187 -0.253666
v -0.431914 0.194514 -0.254042
v -0.432974 0.193721 -0.253515
v -0.432569 0.193921 -0.253977
v -0.432712 0.194339 -0.254161
v -0.431954 0.193953 -0.253781
v -0.460343 0.315569 -0.251336
v -0.459599 0.316497 -0.250771
v -0.458901 0.315897 -0.251712
v -0.460193 0.316146 -0.251165
v -0.459745 0.316154 -0.251630
v -0.459173 0.316378 -0.251431
v -0.459699 0.315721 -0.251830
v -0.282842 0.225123 -0.162345
v -0.282471 0.225997 -0.163258
v -0.282098 0.226052 -0.161779
v -0.282512 0.225436 -0.162996
v -0.282079 0.225624 -0.162556
v -0.281986 0.226092 -0.162597
v -0.282248 0.225474 -0.161951
v -0.310157 0.347980 -0.159986
v -0.309085 0.347434 -0.159449
v -0.309458 0.347379 -0.160928
v -0.309467 0.347899 -0.159601
v -0.309255 0.347857 -0.160209
v -0.308973 0.347474 -0.160266
v -0.309731 0.347860 -0.160646
v -0.520299 0.171141 -0.100443
v -0.520998 0.171742 -0.099502
v -0.521371 0.171687 -0.100980
v -0.520725 0.171260 -0.099783
v -0.521201 0.171263 -0.100220
v -0.521483 0.171646 -0.100163
v -0.520989 0.171222 -0.100829
v -0.547614 0.293997 -0.098085
v -0.548358 0.293069 -0.098650
v -0.547985 0.293124 -0.097172
v -0.548208 0.293646 -0.098479
v -0.548377 0.293497 -0.097874
v -0.548470 0.293028 -0.097833
v -0.547944 0.293685 -0.097433
v -0.370857 0.202624 -0.009659
v -0.370113 0.203552 -0.009093
v -0.371556 0.203224 -0.008717
v -0.370263 0.202975 -0.009265
v -0.370711 0.202967 -0.008799
v -0.370757 0.203399 -0.008599
v -0.371283 0.202743 -0.008999
v -0.398172 0.325480 -0.007300
v -0.398543 0.324606 -0.006387
v -0.397100 0.324934 -0.006763
v -0.398502 0.325168 -0.006649
v -0.397887 0.325200 -0.006453
v -0.397744 0.324782 -0.006269
v -0.397482 0.325399 -0.006914
v -0.190280 0.196352 -0.141978
v -0.190962 0.196891 -0.142804
v -0.189603 0.197109 -0.142616
v -0.190720 0.196452 -0.142543
v -0.190208 0.196604 -0.142790
v -0.190241 0.196988 -0.142994
v -0.189758 0.196606 -0.142410
v -0.207908 0.308637 -0.150212
v -0.207431 0.309456 -0.149476
v -0.206549 0.308856 -0.150024
v -0.207811 0.309158 -0.150015
v -0.207272 0.309134 -0.150250
v -0.206850 0.309313 -0.149882
v -0.207187 0.308734 -0.150402
v -0.094798 0.219356 -0.013384
v -0.094121 0.220113 -0.014022
v -0.094321 0.220174 -0.012648
v -0.094277 0.219610 -0.013817
v -0.094057 0.219769 -0.013295
v -0.093940 0.220189 -0.013296
v -0.094418 0.219653 -0.012845
v -0.111950 0.332459 -0.020882
v -0.111267 0.331921 -0.020056
v -0.111067 0.331860 -0.021430
v -0.111510 0.332359 -0.020317
v -0.111121 0.332299 -0.020754
v -0.110886 0.331935 -0.020704
v -0.111368 0.332316 -0.021288
v -0.318652 0.183358 -0.044336
v -0.319534 0.183957 -0.043788
v -0.319335 0.183896 -0.045162
v -0.319233 0.183500 -0.043930
v -0.319480 0.183518 -0.044464
v -0.319716 0.183882 -0.044514
v -0.319092 0.183457 -0.044902
v -0.335804 0.296461 -0.051834
v -0.336281 0.295643 -0.052570
v -0.336480 0.295704 -0.051196
v -0.336184 0.296164 -0.052373
v -0.336545 0.296048 -0.051924
v -0.336662 0.295628 -0.051922
v -0.336325 0.296207 -0.051402
v -0.223171 0.206361 0.084257
v -0.222694 0.207180 0.084993
v -0.224053 0.206961 0.084805
v -0.222791 0.206659 0.084796
v -0.223329 0.206683 0.085032
v -0.223415 0.207083 0.085184
v -0.223752 0.206504 0.084663
v -0.240322 0.319465 0.076760
v -0.240999 0.318708 0.077398
v -0.239639 0.318926 0.077586
v -0.240843 0.319210 0.077192
v -0.240394 0.319213 0.077572
v -0.240360 0.318829 0.077776
v -0.239882 0.319365 0.077325
v -0.410392 0.227539 -0.151238
v -0.411124 0.228080 -0.151459
v -0.410169 0.228073 -0.151974
v -0.410911 0.227699 -0.151394
v -0.410688 0.227767 -0.151790
v -0.410753 0.228077 -0.151915
v -0.410236 0.227694 -0.151758
v -0.410608 0.316500 -0.151686
v -0.409871 0.317033 -0.151467
v -0.409654 0.316493 -0.152201
v -0.410391 0.316879 -0.151622
v -0.410169 0.316807 -0.152018
v -0.409716 0.316874 -0.151987
v -0.410238 0.316497 -0.152141
v -0.289380 0.226927 -0.115022
v -0.289157 0.227461 -0.115758
v -0.288642 0.227460 -0.114803
v -0.289223 0.227082 -0.115542
v -0.288827 0.227150 -0.115320
v -0.288701 0.227459 -0.115387
v -0.288859 0.227082 -0.114867
v -0.288858 0.316421 -0.115251
v -0.288126 0.315880 -0.115030
v -0.288641 0.315881 -0.115985
v -0.288340 0.316261 -0.115095
v -0.288308 0.316190 -0.115548
v -0.288186 0.315879 -0.115614
v -0.288704 0.316261 -0.115770
v -0.446606 0.228060 -0.030225
v -0.446823 0.228601 -0.029491
v -0.447338 0.228601 -0.030446
v -0.446761 0.228220 -0.029705
v -0.447156 0.228291 -0.029928
v -0.447278 0.228602 -0.029862
v -0.447125 0.228220 -0.030381
v -0.446084 0.317554 -0.030454
v -0.446822 0.317021 -0.030673
v -0.446307 0.317021 -0.029718
v -0.446605 0.317400 -0.030609
v -0.446637 0.317331 -0.030156
v -0.446763 0.317022 -0.030089
v -0.446241 0.317399 -0.029934
v -0.325594 0.227448 0.005992
v -0.324856 0.227981 0.006210
v -0.325810 0.227988 0.006725
v -0.325073 0.227603 0.006147
v -0.325295 0.227675 0.006542
v -0.325226 0.227985 0.006665
v -0.325748 0.227608 0.006511
v -0.325072 0.316942 0.005762
v -0.325295 0.316408 0.006498
v -0.324340 0.316401 0.005983
v -0.325229 0.316787 0.006282
v -0.324776 0.316715 0.006314
v -0.324711 0.316405 0.006439
v -0.324553 0.316782 0.005918
v -0.463768 0.201966 -0.216116
v -0.465008 0.202504 -0.216178
v -0.463816 0.202856 -0.217134
v -0.464578 0.202033 -0.216191
v -0.464393 0.202238 -0.216796
v -0.464612 0.202663 -0.216911
v -0.463735 0.202283 -0.216868
v -0.491660 0.326869 -0.203561
v -0.490743 0.327841 -0.203346
v -0.490468 0.327221 -0.204517
v -0.491458 0.327466 -0.203466
v -0.491232 0.327475 -0.204090
v -0.490616 0.327716 -0.204142
v -0.491264 0.327028 -0.204294
v -0.286168 0.237713 -0.193319
v -0.286217 0.238604 -0.194337
v -0.285252 0.238685 -0.193104
v -0.286136 0.238030 -0.194070
v -0.285549 0.238236 -0.193839
v -0.285488 0.238717 -0.193918
v -0.285453 0.238088 -0.193199
v -0.313144 0.363588 -0.180548
v -0.311904 0.363050 -0.180487
v -0.312869 0.362968 -0.181720
v -0.312334 0.363521 -0.180473
v -0.312387 0.363473 -0.181133
v -0.312139 0.363082 -0.181301
v -0.313016 0.363463 -0.181345
v -0.482421 0.179680 -0.035854
v -0.482696 0.180300 -0.034683
v -0.483661 0.180218 -0.035916
v -0.482548 0.179806 -0.035057
v -0.483178 0.179796 -0.035269
v -0.483425 0.180186 -0.035101
v -0.483231 0.179748 -0.035929
v -0.509396 0.305555 -0.023083
v -0.510313 0.304583 -0.023298
v -0.509348 0.304665 -0.022065
v -0.510112 0.305181 -0.023204
v -0.510016 0.305033 -0.022564
v -0.510077 0.304551 -0.022484
v -0.509429 0.305239 -0.022332
v -0.304822 0.215427 -0.013057
v -0.303905 0.216400 -0.012842
v -0.305097 0.216047 -0.011885
v -0.304107 0.215802 -0.012936
v -0.304333 0.215794 -0.012312
v -0.304301 0.216240 -0.012108
v -0.304949 0.215553 -0.012260
v -0.331797 0.341303 -0.000286
v -0.331749 0.340412 0.000732
v -0.330557 0.340765 -0.000224
v -0.331830 0.340986 0.000465
v -0.331172 0.341031 0.000393
v -0.330953 0.340605 0.000509
v -0.330987 0.341235 -0.000211
v -0.261323 0.236251 -0.067409
v -0.261628 0.236796 -0.068300
v -0.260518 0.236917 -0.067714
v -0.261520 0.236379 -0.068021
v -0.261001 0.236496 -0.068069
v -0.260951 0.236850 -0.068237
v -0.260735 0.236465 -0.067607
v -0.269117 0.339039 -0.075135
v -0.268903 0.339736 -0.074327
v -0.268007 0.339159 -0.074550
v -0.269073 0.339500 -0.074916
v -0.268543 0.339455 -0.074953
v -0.268288 0.339585 -0.074502
v -0.268440 0.339093 -0.075073
v -0.218562 0.248734 0.072446
v -0.217758 0.249399 0.072140
v -0.218348 0.249430 0.073254
v -0.217974 0.248947 0.072247
v -0.217941 0.249066 0.072766
v -0.217823 0.249440 0.072818
v -0.218392 0.248969 0.073034
v -0.226142 0.352218 0.065527
v -0.225837 0.351673 0.066418
v -0.225246 0.351642 0.065305
v -0.225945 0.352090 0.066140
v -0.225482 0.352025 0.065882
v -0.225312 0.351682 0.065982
v -0.225527 0.352068 0.065352
v -0.401325 0.228903 -0.023947
v -0.402221 0.229479 -0.023724
v -0.401631 0.229448 -0.024838
v -0.401940 0.229053 -0.023772
v -0.401985 0.229096 -0.024302
v -0.402156 0.229438 -0.024402
v -0.401522 0.229031 -0.024560
v -0.408905 0.332387 -0.030866
v -0.409119 0.331690 -0.031673
v -0.409710 0.331722 -0.030560
v -0.409075 0.332152 -0.031454
v -0.409526 0.332055 -0.031186
v -0.409644 0.331681 -0.031238
v -0.409493 0.332174 -0.030667
v -0.358565 0.241385 0.115908
v -0.358350 0.242082 0.116715
v -0.359460 0.241961 0.116130
v -0.358394 0.241621 0.116496
v -0.358925 0.241665 0.116533
v -0.359028 0.242028 0.116653
v -0.359179 0.241535 0.116082
v -0.366144 0.344869 0.108989
v -0.366949 0.344204 0.109294
v -0.365839 0.344324 0.109880
v -0.366732 0.344656 0.109188
v -0.366466 0.344625 0.109649
v -0.366516 0.344271 0.109818
v -0.365947 0.344741 0.109602
v 0.865531 0.305080 -0.556341
v 0.865411 0.306307 -0.570008
v 0.868775 0.306146 -0.556359
v 0.865444 0.305500 -0.566009
v 0.867332 0.305614 -0.564250
v 0.867739 0.306254 -0.566022
v 0.867823 0.305387 -0.556358
v 0.865782 0.394141 -0.569065
v 0.865911 0.395074 -0.555375
v 0.869146 0.393980 -0.555416
v 0.865822 0.394862 -0.565050
v 0.867708 0.394695 -0.563294
v 0.868200 0.394748 -0.555399
v 0.868109 0.394089 -0.565079
v 0.875638 0.293096 0.556189
v 0.878882 0.294163 0.556171
v 0.875767 0.294029 0.569879
v 0.877930 0.293403 0.556172
v 0.877582 0.293460 0.564074
v 0.878021 0.294062 0.565852
v 0.875727 0.293308 0.565865
v 0.876018 0.383090 0.557155
v 0.876137 0.381863 0.570822
v 0.879253 0.381997 0.557114
v 0.876104 0.382670 0.566824
v 0.877958 0.382541 0.565031
v 0.878392 0.381897 0.566795
v 0.878307 0.382764 0.557131
v 0.602024 0.306166 -0.553935
v 0.598789 0.307259 -0.553894
v 0.601904 0.307393 -0.567602
v 0.599735 0.306492 -0.553911
v 0.600084 0.306715 -0.561810
v 0.599650 0.307359 -0.563575
v 0.601938 0.306586 -0.563604
v 0.602404 0.396160 -0.552969
v 0.602275 0.395227 -0.566659
v 0.599160 0.395093 -0.552951
v 0.602315 0.395948 -0.562645
v 0.600460 0.395796 -0.560854
v 0.600021 0.395194 -0.562632
v 0.600112 0.395853 -0.552952
v 0.612131 0.294182 0.558595
v 0.612260 0.295115 0.572285
v 0.608896 0.295276 0.558636
v 0.612220 0.294394 0.568270
v 0.610334 0.294561 0.566514
v 0.609933 0.295167 0.568300
v 0.609841 0.294508 0.558619
v 0.612511 0.384176 0.559561
v 0.609266 0.383110 0.559579
v 0.612631 0.382949 0.573228
v 0.610219 0.383869 0.559578
v 0.610710 0.383642 0.567470
v 0.610303 0.383002 0.569242
v 0.612597 0.383756 0.569230
v -0.612699 0.306079 -0.559694
v -0.612842 0.307267 -0.573364
v -0.609462 0.307170 -0.559718
v -0.612798 0.306472 -0.569364
v -0.610910 0.306604 -0.567607
v -0.610510 0.307243 -0.569381
v -0.610409 0.306403 -0.559714
v -0.613154 0.395104 -0.572666
v -0.613019 0.396075 -0.558979
v -0.609775 0.395007 -0.559020
v -0.613116 0.395835 -0.568654
v -0.611227 0.395688 -0.566899
v -0.610726 0.395767 -0.559005
v -0.610822 0.395080 -0.568683
v -0.601360 0.297283 0.552854
v -0.598124 0.298374 0.552830
v -0.601225 0.298255 0.566541
v -0.599071 0.297607 0.552833
v -0.599411 0.297684 0.560736
v -0.598975 0.298295 0.562512
v -0.601263 0.297523 0.562529
v -0.601680 0.387279 0.553569
v -0.601537 0.386091 0.567239
v -0.598437 0.386211 0.553527
v -0.601581 0.386887 0.563239
v -0.599728 0.386767 0.561444
v -0.599287 0.386131 0.563209
v -0.599388 0.386971 0.553543
v -0.876203 0.305121 -0.557016
v -0.879447 0.306189 -0.556974
v -0.876346 0.306309 -0.570686
v -0.878495 0.305429 -0.556990
v -0.878156 0.305633 -0.564891
v -0.878596 0.306269 -0.566656
v -0.876303 0.305513 -0.566686
v -0.876523 0.395117 -0.556301
v -0.876659 0.394145 -0.569988
v -0.879759 0.394026 -0.556277
v -0.876621 0.394877 -0.565976
v -0.878473 0.394716 -0.564183
v -0.878909 0.394105 -0.565959
v -0.878813 0.394793 -0.556280
v -0.864865 0.296325 0.555532
v -0.864730 0.297296 0.569219
v -0.868109 0.297393 0.555573
v -0.864768 0.296564 0.565207
v -0.866657 0.296712 0.563452
v -0.867061 0.297320 0.565236
v -0.867157 0.296633 0.555558
v -0.865185 0.386321 0.556247
v -0.868421 0.385229 0.556271
v -0.865042 0.385133 0.569917
v -0.867475 0.385997 0.556267
v -0.866974 0.385796 0.564160
v -0.867374 0.385156 0.565934
v -0.865085 0.385928 0.565917
v 0.813882 0.000777 -0.570661
v 0.813904 0.007012 -0.572477
v 0.815705 0.007010 -0.570679
v 0.813888 0.002601 -0.571938
v 0.814930 0.003407 -0.571708
v 0.815177 0.007009 -0.571951
v 0.815161 0.002600 -0.570666
v 0.815785 0.514527 -0.573843
v 0.815809 0.520771 -0.572060
v 0.817586 0.514525 -0.572045
v 0.815802 0.518940 -0.573328
v 0.816838 0.518127 -0.573093
v 0.817075 0.518939 -0.572056
v 0.817058 0.514523 -0.573317
v 0.813979 0.001171 -0.424261
v 0.815802 0.007404 -0.424279
v 0.814003 0.007415 -0.422478
v 0.815258 0.002993 -0.424267
v 0.815028 0.003807 -0.423230
v 0.815275 0.007409 -0.423006
v 0.813986 0.003002 -0.422993
v 0.815906 0.521165 -0.425661
v 0.815884 0.514930 -0.423844
v 0.817683 0.514918 -0.425645
v 0.815900 0.519341 -0.424383
v 0.816936 0.518527 -0.424615
v 0.817157 0.514924 -0.424372
v 0.817172 0.519333 -0.425657
v 0.667483 0.001320 -0.570565
v 0.665706 0.007566 -0.570581
v 0.667505 0.007555 -0.572382
v 0.666217 0.003152 -0.570570
v 0.666453 0.003958 -0.571611
v 0.666232 0.007561 -0.571854
v 0.667489 0.003144 -0.571843
v 0.669410 0.521314 -0.571965
v 0.669386 0.515069 -0.573748
v 0.667587 0.515081 -0.571947
v 0.669403 0.519483 -0.573233
v 0.668361 0.518678 -0.572996
v 0.668114 0.515076 -0.573220
v 0.668131 0.519491 -0.571959
v 0.667580 0.001713 -0.424166
v 0.667604 0.007958 -0.422383
v 0.665803 0.007960 -0.424182
v 0.667587 0.003544 -0.422898
v 0.666551 0.004357 -0.423133
v 0.666331 0.007961 -0.422909
v 0.666314 0.003546 -0.424170
v 0.669507 0.521708 -0.425566
v 0.667684 0.515475 -0.425548
v 0.669485 0.515473 -0.423749
v 0.668227 0.519885 -0.425560
v 0.668459 0.519077 -0.424519
v 0.668212 0.515476 -0.424275
v 0.669501 0.519884 -0.424288
v 0.815313 0.001444 0.429222
v 0.815283 0.007661 0.427343
v 0.817082 0.007693 0.429144
v 0.815304 0.003256 0.427926
v 0.816340 0.004073 0.428150
v 0.816556 0.007674 0.427871
v 0.816576 0.003278 0.429200
v 0.812846 0.515135 0.420918
v 0.812815 0.521397 0.422639
v 0.814645 0.515166 0.422719
v 0.812825 0.519553 0.421389
v 0.813868 0.518752 0.421634
v 0.814097 0.519575 0.422662
v 0.814119 0.515147 0.421446
v 0.815236 0.003298 0.575610
v 0.817006 0.009546 0.575532
v 0.815205 0.009560 0.577331
v 0.816500 0.005131 0.575588
v 0.816262 0.005953 0.576617
v 0.816478 0.009559 0.576805
v 0.815227 0.005141 0.576860
v 0.812739 0.523250 0.569027
v 0.812768 0.517033 0.570906
v 0.814569 0.517019 0.569107
v 0.812747 0.521439 0.570323
v 0.813790 0.520631 0.570100
v 0.814041 0.517033 0.570379
v 0.814020 0.521429 0.569051
v 0.668914 0.000740 0.429155
v 0.667084 0.006971 0.429075
v 0.668885 0.006957 0.427276
v 0.667633 0.002562 0.429131
v 0.667863 0.003359 0.428082
v 0.667612 0.006958 0.427802
v 0.668906 0.002552 0.427859
v 0.666417 0.520693 0.422571
v 0.666448 0.514431 0.420851
v 0.664647 0.514445 0.422650
v 0.666426 0.518849 0.421322
v 0.665391 0.518038 0.421565
v 0.665175 0.514431 0.421377
v 0.665153 0.518859 0.422594
v 0.668838 0.002594 0.575543
v 0.668807 0.008856 0.577264
v 0.667008 0.008824 0.575463
v 0.668828 0.004437 0.576792
v 0.667785 0.005239 0.576548
v 0.667534 0.008843 0.576736
v 0.667556 0.004415 0.575519
v 0.666340 0.522546 0.568960
v 0.664571 0.516298 0.569038
v 0.666369 0.516329 0.570838
v 0.665076 0.520712 0.568982
v 0.665313 0.519917 0.570032
v 0.665097 0.516317 0.570311
v 0.666349 0.520735 0.570255
v -0.667554 -0.000917 -0.569370
v -0.667531 0.005300 -0.571246
v -0.665734 0.005316 -0.569443
v -0.667547 0.000895 -0.570665
v -0.666505 0.001704 -0.570440
v -0.666259 0.005303 -0.570717
v -0.666276 0.000906 -0.569391
v -0.665872 0.512781 -0.577398
v -0.665854 0.519042 -0.575674
v -0.664075 0.512796 -0.575596
v -0.665858 0.517199 -0.576925
v -0.664822 0.516389 -0.576680
v -0.664588 0.517210 -0.575650
v -0.664600 0.512783 -0.576869
v -0.667779 0.000858 -0.422981
v -0.665958 0.007092 -0.423054
v -0.667761 0.007120 -0.421257
v -0.666500 0.002682 -0.423001
v -0.666732 0.003505 -0.421972
v -0.666487 0.007109 -0.421782
v -0.667775 0.002701 -0.421731
v -0.666079 0.520817 -0.429285
v -0.666102 0.514600 -0.427409
v -0.664299 0.514572 -0.429207
v -0.666087 0.519005 -0.427990
v -0.665050 0.518189 -0.428212
v -0.664828 0.514589 -0.427935
v -0.664812 0.518986 -0.429261
v -0.813953 -0.000441 -0.569601
v -0.815733 0.005804 -0.569679
v -0.813930 0.005776 -0.571476
v -0.815220 0.001390 -0.569625
v -0.814982 0.002187 -0.570673
v -0.815204 0.005787 -0.570951
v -0.813946 0.001371 -0.570895
v -0.812253 0.519518 -0.575904
v -0.812271 0.513256 -0.577628
v -0.814074 0.513284 -0.575831
v -0.812257 0.517675 -0.577155
v -0.813300 0.516871 -0.576913
v -0.813545 0.513267 -0.577103
v -0.813532 0.517694 -0.575884
v -0.814178 0.001334 -0.423211
v -0.814160 0.007595 -0.421487
v -0.815957 0.007580 -0.423290
v -0.814174 0.003177 -0.421961
v -0.815210 0.003987 -0.422206
v -0.815432 0.007593 -0.422016
v -0.815445 0.003166 -0.423236
v -0.812478 0.521293 -0.429515
v -0.814298 0.515060 -0.429442
v -0.812501 0.515076 -0.427640
v -0.813757 0.519470 -0.429495
v -0.813527 0.518672 -0.428446
v -0.813773 0.515073 -0.428169
v -0.812486 0.519481 -0.428220
v -0.666407 0.002796 0.423369
v -0.666400 0.009060 0.421653
v -0.664613 0.009037 0.423465
v -0.666400 0.004641 0.422121
v -0.665363 0.005448 0.422372
v -0.665131 0.009054 0.422189
v -0.665136 0.004625 0.423402
v -0.666898 0.516534 0.428485
v -0.666916 0.522749 0.430369
v -0.665110 0.516511 0.430297
v -0.666906 0.520938 0.429071
v -0.665867 0.520127 0.429301
v -0.665642 0.520922 0.430353
v -0.665629 0.516528 0.429021
v -0.667406 0.000824 0.569752
v -0.665612 0.007065 0.569848
v -0.667424 0.007040 0.571636
v -0.666135 0.002653 0.569785
v -0.666376 0.003448 0.570834
v -0.666148 0.007048 0.571117
v -0.667416 0.002635 0.571049
v -0.667915 0.520777 0.576752
v -0.667922 0.514513 0.578468
v -0.666109 0.514539 0.576680
v -0.667922 0.518932 0.578000
v -0.666881 0.518127 0.577763
v -0.666645 0.514522 0.577949
v -0.666641 0.518951 0.576736
v -0.812803 0.002666 0.422367
v -0.814609 0.008904 0.422439
v -0.812797 0.008930 0.420652
v -0.814078 0.004492 0.422383
v -0.813838 0.005316 0.421357
v -0.814073 0.008922 0.421170
v -0.812796 0.004511 0.421119
v -0.813313 0.522619 0.429367
v -0.813294 0.516404 0.427484
v -0.815106 0.516378 0.429271
v -0.813302 0.520808 0.428070
v -0.814342 0.519995 0.428286
v -0.814571 0.516395 0.428002
v -0.814584 0.520790 0.429334
v -0.813802 0.000694 0.568751
v -0.813821 0.006910 0.570634
v -0.815608 0.006932 0.568822
v -0.813813 0.002505 0.570048
v -0.814851 0.003317 0.569818
v -0.815090 0.006916 0.570099
v -0.815077 0.002521 0.568767
v -0.814312 0.520647 0.575751
v -0.816106 0.514406 0.575654
v -0.814318 0.514383 0.577466
v -0.815583 0.518818 0.575717
v -0.815356 0.517995 0.576747
v -0.815587 0.514389 0.576931
v -0.814319 0.518802 0.576999
vn 0.2691 -0.8721 -0.4086
vn 0.1482 -0.2660 -0.9525
vn 0.7121 -0.3919 -0.5825
vn 0.1947 0.2220 -0.9554
vn 0.1897 0.8488 -0.4936
vn 0.7084 0.4088 -0.5754
vn 0.2074 -0.8469 0.4896
vn 0.7234 -0.4020 0.5613
vn 0.2156 -0.2200 0.9514
vn 0.2689 0.8747 0.4033
vn 0.1644 0.2674 0.9495
vn 0.7197 0.3987 0.5684
vn -0.1996 -0.8400 -0.5046
vn -0.7197 -0.3986 -0.5684
vn -0.2136 -0.2050 -0.9552
vn -0.2770 0.8792 -0.3877
vn -0.1670 0.2827 -0.9446
vn -0.7234 0.4020 -0.5613
vn -0.2610 -0.8817 0.3930
vn -0.1457 -0.2842 0.9477
vn -0.7084 -0.4088 0.5754
vn -0.1975 0.8381 0.5085
vn -0.7121 0.3919 0.5825
vn -0.1967 0.2031 0.9592
vn 0.2977 -0.9546 -0.0114
vn 0.8750 -0.4839 -0.0129
vn 0.2003 0.0096 -0.9797
vn 0.7751 0.0092 -0.6318
vn 0.2889 0.9574 0.0056
vn 0.8705 0.4922 -0.0043
vn 0.2196 -0.0077 0.9756
vn 0.7874 -0.0018 0.6164
vn 0.0090 -0.8651 0.5016
vn 0.0108 -0.2869 0.9579
vn 0.0011 0.8561 0.5169
vn 0.0082 0.2700 0.9628
vn -0.7751 -0.0092 0.6318
vn -0.2003 -0.0096 0.9797
vn -0.2889 -0.9574 -0.0056
vn -0.8705 -0.4922 0.0043
vn -0.2977 0.9546 0.0114
vn -0.8750 0.4840 0.0129
vn -0.2196 0.0077 -0.9756
vn -0.7874 0.0018 -0.6164
vn -0.0011 -0.8561 -0.5169
vn -0.0082 -0.2700 -0.9628
vn -0.0090 0.8651 -0.5015
vn -0.0108 0.2870 -0.9579
vn 0.0046 -0.9999 -0.0089
vn 0.9999 0.0047 -0.0099
vn -0.0099 0.0088 -0.9999
vn -0.0046 0.9999 0.0089
vn 0.0099 -0.0088 0.9999
vn -0.9999 -0.0047 0.0099
vn 0.3172 -0.8695 -0.3787
vn 0.2048 -0.2812 -0.9376
vn 0.7923 -0.2977 -0.5325
vn 0.2539 0.1964 -0.9471
vn 0.2295 0.8301 -0.5082
vn 0.8108 0.4011 -0.4263
vn 0.2094 -0.8263 0.5228
vn 0.7874 -0.3873 0.4795
vn 0.1937 -0.1926 0.9620
vn 0.2762 0.8746 0.3985
vn 0.1371 0.2841 0.9489
vn 0.7499 0.3109 0.5839
vn -0.1958 -0.8442 -0.4991
vn -0.7809 -0.4135 -0.4682
vn -0.1903 -0.2230 -0.9561
vn -0.2903 0.8583 -0.4231
vn -0.1415 0.2548 -0.9566
vn -0.7547 0.2820 -0.5923
vn -0.3030 -0.8634 0.4033
vn -0.2004 -0.2577 0.9452
vn -0.7875 -0.2953 0.5410
vn -0.2431 0.8404 0.4844
vn -0.8173 0.3997 0.4149
vn -0.2573 0.2191 0.9412
vn 0.3316 -0.9431 0.0242
vn 0.8973 -0.4400 0.0361
vn 0.2613 -0.0116 -0.9652
vn 0.8271 -0.0013 -0.5620
vn 0.3162 0.9487 -0.0027
vn 0.8900 0.4554 0.0234
vn 0.1963 0.0155 0.9804
vn 0.7877 0.0152 0.6158
vn -0.0103 -0.8489 0.5284
vn -0.0299 -0.2601 0.9651
vn -0.0242 0.8633 0.5041
vn -0.0344 0.2869 0.9574
vn -0.8271 0.0013 0.5620
vn -0.2613 0.0116 0.9652
vn -0.3162 -0.9487 0.0027
vn -0.8900 -0.4554 -0.0234
vn -0.3316 0.9431 -0.0242
vn -0.8973 0.4400 -0.0361
vn -0.1963 -0.0155 -0.9804
vn -0.7878 -0.0152 -0.6158
vn 0.0242 -0.8633 -0.5041
vn 0.0344 -0.2869 -0.9574
vn 0.0103 0.8489 -0.5284
vn 0.0299 0.2601 -0.9651
vn 0.0081 -0.9999 0.0142
vn 0.9994 0.0086 0.0333
vn 0.0334 -0.0139 -0.9993
vn -0.0081 0.9999 -0.0142
vn -0.0334 0.0139 0.9993
vn -0.9994 -0.0086 -0.0333
vn 0.2810 -0.8925 -0.3528
vn 0.1824 -0.3096 -0.9332
vn 0.7833 -0.3246 -0.5302
vn 0.2360 0.2603 -0.9362
vn 0.1992 0.8823 -0.4265
vn 0.7920 0.4551 -0.4069
vn 0.2133 -0.8794 0.4256
vn 0.8001 -0.4440 0.4034
vn 0.2438 -0.2569 0.9352
vn 0.2701 0.8963 0.3516
vn 0.1823 0.3121 0.9324
vn 0.7811 0.3354 0.5267
vn -0.2012 -0.8729 -0.4444
vn -0.7939 -0.4463 -0.4129
vn -0.2404 -0.2401 -0.9405
vn -0.2825 0.8999 -0.3323
vn -0.1867 0.3295 -0.9255
vn -0.7857 0.3358 -0.5195
vn -0.2686 -0.9037 0.3335
vn -0.1780 -0.3320 0.9263
vn -0.7786 -0.3467 0.5230
vn -0.2113 0.8701 0.4454
vn -0.7982 0.4352 0.4165
vn -0.2395 0.2368 0.9416
vn 0.2999 -0.9539 -0.0109
vn 0.8761 -0.4820 -0.0072
vn 0.2455 0.0121 -0.9693
vn 0.8291 0.0117 -0.5590
vn 0.2867 0.9580 0.0096
vn 0.8694 0.4941 0.0033
vn 0.2499 -0.0087 0.9682
vn 0.8316 -0.0002 0.5553
vn 0.0072 -0.9002 0.4355
vn 0.0044 -0.3364 0.9417
vn -0.0052 0.8906 0.4547
vn -0.0001 0.3161 0.9487
vn -0.8291 -0.0117 0.5590
vn -0.2454 -0.0121 0.9693
vn -0.2867 -0.9580 -0.0096
vn -0.8694 -0.4941 -0.0033
vn -0.2999 0.9539 0.0109
vn -0.8761 0.4820 0.0072
vn -0.2499 0.0087 -0.9682
vn -0.8316 0.0002 -0.5554
vn 0.0052 -0.8906 -0.4547
vn 0.0001 -0.3162 -0.9487
vn -0.0072 0.9002 -0.4355
vn -0.0044 0.3364 -0.9417
vn 0.0069 -0.9999 -0.0107
vn 1.0000 0.0069 -0.0022
vn -0.0023 0.0107 -0.9999
vn -0.0069 0.9999 0.0107
vn 0.0023 -0.0107 0.9999
vn -1.0000 -0.0069 0.0022
vn 0.3059 -0.8494 -0.4301
vn 0.1737 -0.2444 -0.9540
vn 0.7595 -0.2796 -0.5874
vn 0.2185 0.1954 -0.9561
vn 0.2151 0.8181 -0.5334
vn 0.7877 0.4006 -0.4681
vn 0.2133 -0.8144 0.5397
vn 0.7802 -0.3871 0.4913
vn 0.1936 -0.1918 0.9621
vn 0.2785 0.8544 0.4387
vn 0.1413 0.2472 0.9586
vn 0.7369 0.2925 0.6094
vn -0.1993 -0.8154 -0.5435
vn -0.7735 -0.3982 -0.4931
vn -0.1903 -0.1906 -0.9631
vn -0.2931 0.8515 -0.4347
vn -0.1455 0.2492 -0.9575
vn -0.7418 0.2826 -0.6081
vn -0.2912 -0.8565 0.4261
vn -0.1694 -0.2519 0.9528
vn -0.7545 -0.2955 0.5860
vn -0.2291 0.8118 0.5372
vn -0.7944 0.3848 0.4700
vn -0.2218 0.1870 0.9570
vn 0.3322 -0.9432 0.0025
vn 0.8979 -0.4401 0.0121
vn 0.2243 0.0042 -0.9745
vn 0.7903 0.0082 -0.6126
vn 0.3159 0.9488 0.0070
vn 0.8902 0.4554 0.0142
vn 0.1955 -0.0006 0.9807
vn 0.7720 0.0051 0.6356
vn -0.0009 -0.8357 0.5493
vn -0.0121 -0.2537 0.9672
vn -0.0153 0.8329 0.5532
vn -0.0164 0.2489 0.9684
vn -0.7903 -0.0082 0.6127
vn -0.2243 -0.0042 0.9745
vn -0.3159 -0.9488 -0.0070
vn -0.8901 -0.4555 -0.0142
vn -0.3322 0.9432 -0.0025
vn -0.8978 0.4402 -0.0121
vn -0.1955 0.0006 -0.9807
vn -0.7720 -0.0051 -0.6356
vn 0.0153 -0.8329 -0.5532
vn 0.0164 -0.2489 -0.9684
vn 0.0009 0.8356 -0.5493
vn 0.0121 0.2538 -0.9672
vn 0.0086 -1.0000 -0.0024
vn 0.9999 0.0086 0.0147
vn 0.0147 0.0025 -0.9999
vn -0.0086 1.0000 0.0024
vn -0.0147 -0.0025 0.9999
vn -0.9999 -0.0086 -0.0147
vn 0.2633 -0.8941 -0.3623
vn 0.1576 -0.3089 -0.9380
vn 0.7553 -0.3378 -0.5616
vn 0.2139 0.2198 -0.9518
vn 0.2029 0.8555 -0.4764
vn 0.7821 0.4293 -0.4518
vn 0.2027 -0.8580 0.4720
vn 0.7863 -0.4389 0.4349
vn 0.2316 -0.2225 0.9470
vn 0.2820 0.8908 0.3564
vn 0.1815 0.3068 0.9343
vn 0.7713 0.3285 0.5452
vn -0.2130 -0.8650 -0.4544
vn -0.7915 -0.4382 -0.4260
vn -0.2344 -0.2390 -0.9423
vn -0.2713 0.8866 -0.3745
vn -0.1779 0.2898 -0.9404
vn -0.7673 0.3265 -0.5519
vn -0.2740 -0.8833 0.3804
vn -0.1611 -0.2877 0.9441
vn -0.7592 -0.3173 0.5683
vn -0.1926 0.8674 0.4588
vn -0.7768 0.4478 0.4428
vn -0.2111 0.2417 0.9471
vn 0.2876 -0.9577 0.0066
vn 0.8698 -0.4934 -0.0044
vn 0.2184 -0.0113 -0.9758
vn 0.8015 -0.0109 -0.5980
vn 0.2990 0.9542 -0.0129
vn 0.8757 0.4827 -0.0144
vn 0.2395 0.0085 0.9709
vn 0.8142 0.0011 0.5806
vn -0.0001 -0.8749 0.4843
vn 0.0085 -0.2930 0.9561
vn 0.0104 0.8846 0.4663
vn 0.0121 0.3123 0.9499
vn -0.8014 0.0109 0.5980
vn -0.2184 0.0113 0.9758
vn -0.2990 -0.9542 0.0129
vn -0.8756 -0.4827 0.0144
vn -0.2876 0.9577 -0.0066
vn -0.8698 0.4934 0.0044
vn -0.2395 -0.0085 -0.9709
vn -0.8142 -0.0011 -0.5806
vn -0.0104 -0.8846 -0.4663
vn -0.0121 -0.3123 -0.9499
vn 0.0001 0.8749 -0.4843
vn -0.0085 0.2930 -0.9561
vn -0.0060 -0.9999 0.0102
vn 0.9999 -0.0061 -0.0108
vn -0.0108 -0.0102 -0.9999
vn 0.0060 0.9999 -0.0102
vn 0.0108 0.0102 0.9999
vn -0.9999 0.0061 0.0108
vn 0.2716 -0.8785 -0.3930
vn 0.1394 -0.2850 -0.9483
vn 0.7085 -0.3986 -0.5823
vn 0.1819 0.2030 -0.9621
vn 0.1770 0.8395 -0.5137
vn 0.6983 0.4020 -0.5922
vn 0.2199 -0.8346 0.5051
vn 0.7330 -0.3841 0.5613
vn 0.2283 -0.1979 0.9533
vn 0.2663 0.8852 0.3815
vn 0.1731 0.2890 0.9416
vn 0.7229 0.4165 0.5513
vn -0.1984 -0.8521 -0.4842
vn -0.7228 -0.4165 -0.5514
vn -0.2229 -0.2272 -0.9480
vn -0.2887 0.8684 -0.4031
vn -0.1801 0.2611 -0.9484
vn -0.7331 0.3841 -0.5613
vn -0.2492 -0.8751 0.4148
vn -0.1325 -0.2649 0.9551
vn -0.6983 -0.4020 0.5922
vn -0.1986 0.8472 0.4928
vn -0.7086 0.3986 0.5823
vn -0.1873 0.2220 0.9569
vn 0.3054 -0.9522 0.0055
vn 0.8787 -0.4771 -0.0128
vn 0.1889 -0.0097 -0.9819
vn 0.7676 0.0019 -0.6409
vn 0.2810 0.9595 -0.0182
vn 0.8663 0.4989 -0.0249
vn 0.2308 0.0150 0.9729
vn 0.7945 0.0177 0.6070
vn 0.0219 -0.8540 0.5197
vn 0.0241 -0.2663 0.9636
vn -0.0001 0.8669 0.4985
vn 0.0170 0.2906 0.9567
vn -0.7677 -0.0019 0.6408
vn -0.1889 0.0097 0.9819
vn -0.2810 -0.9595 0.0182
vn -0.8663 -0.4989 0.0249
vn -0.3054 0.9522 -0.0055
vn -0.8788 0.4771 0.0128
vn -0.2308 -0.0150 -0.9729
vn -0.7944 -0.0177 -0.6071
vn 0.0001 -0.8669 -0.4985
vn -0.0170 -0.2905 -0.9567
vn -0.0219 0.8540 -0.5197
vn -0.0241 0.2663 -0.9636
vn 0.0128 -0.9998 0.0124
vn 0.9997 0.0125 -0.0216
vn -0.0214 -0.0126 -0.9997
vn -0.0128 0.9998 -0.0124
vn 0.0214 0.0126 0.9997
vn -0.9997 -0.0125 0.0216
vn 0.2924 -0.8703 -0.3963
vn 0.1784 -0.2731 -0.9453
vn 0.7745 -0.3054 -0.5540
vn 0.2362 0.2036 -0.9501
vn 0.2333 0.8320 -0.5033
vn 0.8083 0.3915 -0.4398
vn 0.2058 -0.8364 0.5079
vn 0.7907 -0.4075 0.4569
vn 0.2117 -0.2081 0.9549
vn 0.3013 0.8644 0.4026
vn 0.1636 0.2697 0.9489
vn 0.7685 0.2899 0.5704
vn -0.2226 -0.8341 -0.5047
vn -0.7988 -0.3933 -0.4553
vn -0.2159 -0.2075 -0.9541
vn -0.2838 0.8687 -0.4060
vn -0.1582 0.2693 -0.9500
vn -0.7625 0.3030 -0.5717
vn -0.3098 -0.8627 0.3997
vn -0.1838 -0.2658 0.9463
vn -0.7805 -0.2875 0.5552
vn -0.2165 0.8385 0.5000
vn -0.8003 0.4093 0.4382
vn -0.2320 0.2119 0.9494
vn 0.3145 -0.9492 0.0053
vn 0.8895 -0.4567 0.0104
vn 0.2393 -0.0043 -0.9709
vn 0.8141 -0.0093 -0.5806
vn 0.3336 0.9427 0.0016
vn 0.8985 0.4388 0.0087
vn 0.2186 -0.0003 0.9758
vn 0.8015 -0.0069 0.5979
vn -0.0141 -0.8551 0.5182
vn -0.0130 -0.2715 0.9623
vn 0.0031 0.8573 0.5149
vn -0.0075 0.2755 0.9613
vn -0.8141 0.0093 0.5806
vn -0.2393 0.0043 0.9709
vn -0.3336 -0.9427 -0.0016
vn -0.8985 -0.4388 -0.0087
vn -0.3145 0.9492 -0.0053
vn -0.8896 0.4567 -0.0104
vn -0.2186 0.0003 -0.9758
vn -0.8015 0.0069 -0.5980
vn -0.0031 -0.8573 -0.5148
vn 0.0075 -0.2755 -0.9613
vn 0.0141 0.8551 -0.5182
vn 0.0130 0.2715 -0.9623
vn -0.0101 -0.9999 0.0020
vn 0.9999 -0.0100 0.0107
vn 0.0107 -0.0021 -0.9999
vn 0.0101 0.9999 -0.0020
vn -0.0107 0.0021 0.9999
vn -0.9999 0.0100 -0.0107
vn 0.2738 -0.8983 -0.3438
vn 0.1985 -0.3156 -0.9279
vn 0.7896 -0.3395 -0.5111
vn 0.2619 0.2532 -0.9313
vn 0.2239 0.8774 -0.4243
vn 0.8088 0.4403 -0.3898
vn 0.1885 -0.8815 0.4329
vn 0.7829 -0.4563 0.4229
vn 0.2178 -0.2581 0.9413
vn 0.2771 0.8928 0.3552
vn 0.1660 0.3119 0.9355
vn 0.7743 0.3239 0.5436
vn -0.2057 -0.8708 -0.4465
vn -0.7917 -0.4341 -0.4299
vn -0.2227 -0.2390 -0.9451
vn -0.2595 0.9035 -0.3412
vn -0.1597 0.3296 -0.9305
vn -0.7677 0.3474 -0.5384
vn -0.2914 -0.8979 0.3298
vn -0.2048 -0.3260 0.9229
vn -0.7962 -0.3318 0.5059
vn -0.2067 0.8749 0.4380
vn -0.8001 0.4500 0.3967
vn -0.2570 0.2438 0.9351
vn 0.2838 -0.9589 -0.0013
vn 0.8678 -0.4968 0.0144
vn 0.2678 0.0049 -0.9634
vn 0.8418 -0.0041 -0.5398
vn 0.3026 0.9530 0.0135
vn 0.8773 0.4794 0.0219
vn 0.2274 -0.0098 0.9738
vn 0.8185 -0.0125 0.5744
vn -0.0181 -0.8988 0.4380
vn -0.0229 -0.3334 0.9425
vn -0.0005 0.8920 0.4519
vn -0.0165 0.3190 0.9476
vn -0.8418 0.0041 0.5398
vn -0.2679 -0.0049 0.9634
vn -0.3026 -0.9530 -0.0135
vn -0.8774 -0.4793 -0.0219
vn -0.2838 0.9589 0.0013
vn -0.8678 0.4968 -0.0144
vn -0.2274 0.0098 -0.9737
vn -0.8185 0.0125 -0.5744
vn 0.0005 -0.8920 -0.4519
vn 0.0165 -0.3191 -0.9476
vn 0.0181 0.8988 -0.4380
vn 0.0229 0.3334 -0.9425
vn -0.0098 -0.9999 -0.0078
vn 0.9997 -0.0100 0.0208
vn 0.0209 0.0076 -0.9998
vn 0.0098 0.9999 0.0078
vn -0.0209 -0.0076 0.9998
vn -0.9997 0.0100 -0.0208
vn 0.2736 -0.8621 -0.4264
vn 0.1345 -0.2632 -0.9553
vn 0.7323 -0.3042 -0.6093
vn 0.1878 0.1756 -0.9664
vn 0.2117 0.8050 -0.5543
vn 0.7780 0.3771 -0.5026
vn 0.2166 -0.8098 0.5453
vn 0.7897 -0.3948 0.4695
vn 0.2242 -0.1802 0.9577
vn 0.3106 0.8556 0.4142
vn 0.1804 0.2596 0.9487
vn 0.7639 0.2874 0.5778
vn -0.2345 -0.8199 -0.5223
vn -0.7984 -0.3904 -0.4585
vn -0.2285 -0.2021 -0.9523
vn -0.2920 0.8502 -0.4381
vn -0.1749 0.2366 -0.9557
vn -0.7576 0.2876 -0.5859
vn -0.2923 -0.8436 0.4505
vn -0.1400 -0.2331 0.9623
vn -0.7386 -0.2707 0.6174
vn -0.1938 0.8247 0.5313
vn -0.7694 0.4082 0.4913
vn -0.1836 0.2068 0.9610
vn 0.3136 -0.9495 0.0065
vn 0.8890 -0.4578 -0.0125
vn 0.1892 -0.0159 -0.9818
vn 0.7679 -0.0175 -0.6404
vn 0.3344 0.9422 -0.0202
vn 0.8988 0.4376 -0.0251
vn 0.2306 0.0112 0.9730
vn 0.7943 -0.0001 0.6075
vn 0.0025 -0.8266 0.5629
vn 0.0177 -0.2378 0.9711
vn 0.0208 0.8418 0.5393
vn 0.0232 0.2647 0.9640
vn -0.7678 0.0175 0.6404
vn -0.1892 0.0159 0.9818
vn -0.3344 -0.9422 0.0202
vn -0.8988 -0.4376 0.0251
vn -0.3136 0.9495 -0.0065
vn -0.8890 0.4578 0.0125
vn -0.2306 -0.0112 -0.9730
vn -0.7943 0.0001 -0.6075
vn -0.0208 -0.8418 -0.5394
vn -0.0232 -0.2647 -0.9640
vn -0.0025 0.8265 -0.5629
vn -0.0177 0.2379 -0.9711
vn -0.0110 -0.9998 0.0141
vn 0.9997 -0.0113 -0.0210
vn -0.0212 -0.0139 -0.9997
vn 0.0110 0.9998 -0.0141
vn 0.0212 0.0139 0.9997
vn -0.9997 0.0113 0.0210
vn 0.2807 -0.8908 -0.3573
vn 0.1727 -0.3084 -0.9355
vn 0.7665 -0.3278 -0.5523
vn 0.2213 0.2210 -0.9498
vn 0.1955 0.8574 -0.4760
vn 0.7806 0.4400 -0.4439
vn 0.2101 -0.8539 0.4762
vn 0.7878 -0.4261 0.4448
vn 0.2242 -0.2171 0.9500
vn 0.2646 0.8956 0.3576
vn 0.1664 0.3114 0.9356
vn 0.7601 0.3412 0.5531
vn -0.1950 -0.8690 -0.4548
vn -0.7800 -0.4508 -0.4340
vn -0.2202 -0.2444 -0.9443
vn -0.2803 0.8817 -0.3796
vn -0.1716 0.2851 -0.9430
vn -0.7658 0.3139 -0.5612
vn -0.2650 -0.8865 0.3793
vn -0.1675 -0.2881 0.9428
vn -0.7608 -0.3274 0.5604
vn -0.2106 0.8654 0.4547
vn -0.7883 0.4370 0.4331
vn -0.2254 0.2405 0.9441
vn 0.3017 -0.9533 0.0120
vn 0.8770 -0.4804 0.0065
vn 0.2295 -0.0100 -0.9733
vn 0.8083 -0.0002 -0.5888
vn 0.2849 0.9585 -0.0117
vn 0.8684 0.4957 -0.0056
vn 0.2284 0.0141 0.9735
vn 0.8075 0.0144 0.5897
vn 0.0075 -0.8738 0.4862
vn 0.0021 -0.2908 0.9568
vn -0.0080 0.8856 0.4644
vn -0.0032 0.3144 0.9493
vn -0.8082 0.0002 0.5888
vn -0.2295 0.0100 0.9732
vn -0.2849 -0.9585 0.0117
vn -0.8685 -0.4957 0.0056
vn -0.3017 0.9533 -0.0120
vn -0.8770 0.4804 -0.0065
vn -0.2284 -0.0141 -0.9735
vn -0.8075 -0.0144 -0.5897
vn 0.0080 -0.8856 -0.4644
vn 0.0032 -0.3144 -0.9493
vn -0.0075 0.8738 -0.4862
vn -0.0021 0.2908 -0.9568
vn 0.0088 -0.9999 0.0124
vn 1.0000 0.0088 0.0005
vn 0.0006 -0.0124 -0.9999
vn -0.0088 0.9999 -0.0124
vn -0.0006 0.0124 0.9999
vn -1.0000 -0.0088 -0.0005
vn 0.5154 -0.8360 -0.1882
vn 0.6031 -0.3911 -0.6952
vn 0.9641 -0.1988 -0.1762
vn 0.5928 0.4193 -0.6876
vn 0.3947 0.8859 -0.2439
vn 0.9494 0.2885 -0.1241
vn 0.4027 -0.8759 0.2658
vn 0.9481 -0.2648 0.1761
vn 0.5645 -0.4048 0.7194
vn 0.4833 0.8485 0.2156
vn 0.5541 0.4056 0.7269
vn 0.9477 0.2228 0.2287
vn -0.3803 -0.8808 -0.2822
vn -0.9411 -0.2856 -0.1813
vn -0.5542 -0.4056 -0.7269
vn -0.5048 0.8398 -0.1998
vn -0.5645 0.4048 -0.7194
vn -0.9531 0.2027 -0.2248
vn -0.4939 -0.8523 0.1724
vn -0.5928 -0.4193 0.6876
vn -0.9586 -0.2266 0.1722
vn -0.4171 0.8708 0.2603
vn -0.9564 0.2618 0.1292
vn -0.6031 0.3911 0.6952
vn 0.5200 -0.8541 0.0059
vn 0.9636 -0.2664 0.0237
vn 0.6541 0.0154 -0.7562
vn 0.9839 0.0142 -0.1783
vn 0.4980 0.8669 0.0220
vn 0.9565 0.2904 0.0289
vn 0.6117 0.0004 0.7911
vn 0.9727 0.0102 0.2319
vn 0.0044 -0.9606 0.2779
vn -0.0174 -0.5053 0.8628
vn -0.0201 0.9550 0.2958
vn -0.0300 0.4885 0.8720
vn -0.9839 -0.0142 0.1783
vn -0.6541 -0.0154 0.7563
vn -0.4980 -0.8669 -0.0220
vn -0.9565 -0.2904 -0.0289
vn -0.5200 0.8542 -0.0059
vn -0.9636 0.2664 -0.0237
vn -0.6118 -0.0004 -0.7910
vn -0.9727 -0.0102 -0.2320
vn 0.0201 -0.9550 -0.2958
vn 0.0300 -0.4885 -0.8720
vn -0.0044 0.9606 -0.2779
vn 0.0174 0.5053 -0.8628
vn 0.0128 -0.9999 -0.0093
vn 0.9995 0.0125 0.0274
vn 0.0273 0.0097 -0.9996
vn -0.0128 0.9999 0.0093
vn -0.0273 -0.0097 0.9996
vn -0.9995 -0.0125 -0.0274
vn 0.4974 -0.8350 -0.2353
vn 0.4266 -0.4032 -0.8096
vn 0.9452 -0.2062 -0.2531
vn 0.5432 0.3041 -0.7826
vn 0.3907 0.8698 -0.3013
vn 0.9416 0.2713 -0.1995
vn 0.4128 -0.8690 0.2730
vn 0.9539 -0.2693 0.1326
vn 0.5976 -0.3028 0.7424
vn 0.5110 0.8360 0.1998
vn 0.4816 0.4041 0.7776
vn 0.9602 0.2082 0.1860
vn -0.4111 -0.8677 -0.2793
vn -0.9534 -0.2701 -0.1346
vn -0.5970 -0.2985 -0.7446
vn -0.5126 0.8365 -0.1937
vn -0.4824 0.4089 -0.7747
vn -0.9606 0.2078 -0.1845
vn -0.4959 -0.8376 0.2292
vn -0.4258 -0.4099 0.8067
vn -0.9448 -0.2098 0.2516
vn -0.3923 0.8669 0.3076
vn -0.9421 0.2681 0.2014
vn -0.5438 0.2973 0.7848
vn 0.5171 -0.8557 -0.0213
vn 0.9615 -0.2725 -0.0349
vn 0.5699 0.0036 -0.8217
vn 0.9661 0.0019 -0.2580
vn 0.5154 0.8568 -0.0151
vn 0.9610 0.2745 -0.0329
vn 0.6263 -0.0023 0.7796
vn 0.9819 0.0002 0.1894
vn 0.0121 -0.9495 0.3136
vn 0.0318 -0.4596 0.8876
vn 0.0103 0.9472 0.3205
vn 0.0309 0.4531 0.8909
vn -0.9661 -0.0019 0.2580
vn -0.5699 -0.0036 0.8217
vn -0.5154 -0.8568 0.0151
vn -0.9610 -0.2746 0.0329
vn -0.5171 0.8557 0.0213
vn -0.9615 0.2725 0.0349
vn -0.6263 0.0023 -0.7796
vn -0.9819 -0.0002 -0.1894
vn -0.0103 -0.9472 -0.3205
vn -0.0309 -0.4531 -0.8909
vn -0.0121 0.9495 -0.3136
vn -0.0318 0.4596 -0.8876
vn 0.0009 -1.0000 -0.0037
vn 0.9994 0.0011 -0.0352
vn -0.0352 0.0036 -0.9994
vn -0.0009 1.0000 0.0037
vn 0.0352 -0.0036 0.9994
vn -0.9994 -0.0011 0.0352
vn 0.4297 -0.8813 -0.1965
vn 0.4143 -0.4589 -0.7860
vn 0.9382 -0.2572 -0.2314
vn 0.5367 0.3327 -0.7754
vn 0.3506 0.8958 -0.2732
vn 0.9329 0.3131 -0.1778
vn 0.3358 -0.9010 0.2746
vn 0.9273 -0.3272 0.1817
vn 0.5283 -0.3408 0.7776
vn 0.4422 0.8747 0.1983
vn 0.4179 0.4526 0.7877
vn 0.9411 0.2429 0.2354
vn -0.3494 -0.8984 -0.2659
vn -0.9322 -0.3149 -0.1786
vn -0.5335 -0.3403 -0.7743
vn -0.4289 0.8794 -0.2068
vn -0.4110 0.4512 -0.7921
vn -0.9373 0.2549 -0.2378
vn -0.4430 -0.8728 0.2050
vn -0.4212 -0.4449 0.7904
vn -0.9421 -0.2406 0.2338
vn -0.3369 0.9036 0.2645
vn -0.9281 0.3290 0.1747
vn -0.5316 0.3483 0.7721
vn 0.4383 -0.8988 0.0053
vn 0.9428 -0.3334 0.0036
vn 0.5681 -0.0083 -0.8229
vn 0.9707 -0.0085 -0.2402
vn 0.4519 0.8921 -0.0034
vn 0.9477 0.3191 0.0004
vn 0.5647 -0.0003 0.8253
vn 0.9697 -0.0062 0.2442
vn -0.0079 -0.9565 0.2916
vn -0.0056 -0.4928 0.8701
vn 0.0067 0.9593 0.2823
vn 0.0020 0.5012 0.8653
vn -0.9707 0.0085 0.2401
vn -0.5681 0.0083 0.8229
vn -0.4519 -0.8921 0.0034
vn -0.9477 -0.3191 -0.0004
vn -0.4383 0.8988 -0.0053
vn -0.9428 0.3334 -0.0036
vn -0.5647 0.0003 -0.8253
vn -0.9697 0.0062 -0.2442
vn -0.0067 -0.9593 -0.2823
vn -0.0020 -0.5011 -0.8654
vn 0.0079 0.9565 -0.2916
vn 0.0056 0.4927 -0.8702
vn -0.0076 -1.0000 0.0048
vn 1.0000 -0.0076 0.0021
vn 0.0021 -0.0049 -1.0000
vn 0.0076 1.0000 -0.0048
vn -0.0021 0.0049 1.0000
vn -1.0000 0.0076 -0.0021
vn 0.5061 -0.8453 -0.1713
vn 0.5980 -0.4119 -0.6875
vn 0.9616 -0.2128 -0.1730
vn 0.5964 0.3985 -0.6968
vn 0.4039 0.8763 -0.2627
vn 0.9523 0.2756 -0.1311
vn 0.3936 -0.8745 0.2835
vn 0.9454 -0.2712 0.1806
vn 0.5610 -0.3958 0.7271
vn 0.4926 0.8475 0.1974
vn 0.5594 0.4146 0.7178
vn 0.9503 0.2172 0.2230
vn -0.3901 -0.8823 -0.2635
vn -0.9443 -0.2791 -0.1743
vn -0.5594 -0.4145 -0.7178
vn -0.4960 0.8408 -0.2167
vn -0.5610 0.3958 -0.7271
vn -0.9511 0.2083 -0.2279
vn -0.5028 -0.8431 0.1906
vn -0.5964 -0.3985 0.6968
vn -0.9608 -0.2126 0.1779
vn -0.4073 0.8805 0.2426
vn -0.9534 0.2747 0.1247
vn -0.5980 0.4119 0.6876
vn 0.5108 -0.8594 0.0231
vn 0.9607 -0.2762 0.0283
vn 0.6533 -0.0073 -0.7571
vn 0.9837 -0.0001 -0.1796
vn 0.5073 0.8617 0.0035
vn 0.9596 0.2806 0.0219
vn 0.6128 0.0102 0.7902
vn 0.9730 0.0046 0.2307
vn -0.0056 -0.9546 0.2978
vn -0.0217 -0.4871 0.8731
vn -0.0094 0.9611 0.2759
vn -0.0237 0.5068 0.8617
vn -0.9838 0.0001 0.1795
vn -0.6532 0.0073 0.7571
vn -0.5074 -0.8617 -0.0035
vn -0.9596 -0.2806 -0.0219
vn -0.5108 0.8594 -0.0231
vn -0.9607 0.2762 -0.0283
vn -0.6128 -0.0102 -0.7902
vn -0.9730 -0.0046 -0.2307
vn 0.0094 -0.9611 -0.2759
vn 0.0237 -0.5068 -0.8617
vn 0.0056 0.9546 -0.2978
vn 0.0217 0.4871 -0.8731
vn 0.0020 -0.9999 0.0114
vn 0.9997 0.0023 0.0261
vn 0.0262 -0.0114 -0.9996
vn -0.0020 0.9999 -0.0114
vn -0.0262 0.0114 0.9996
vn -0.9997 -0.0023 -0.0261
vn 0.5079 -0.8337 -0.2166
vn 0.4492 -0.4064 -0.7956
vn 0.9525 -0.2026 -0.2276
vn 0.5612 0.3016 -0.7707
vn 0.3934 0.8699 -0.2975
vn 0.9448 0.2753 -0.1775
vn 0.4105 -0.8646 0.2897
vn 0.9517 -0.2628 0.1588
vn 0.5802 -0.2941 0.7595
vn 0.5011 0.8403 0.2067
vn 0.4594 0.4124 0.7867
vn 0.9540 0.2151 0.2088
vn -0.3991 -0.8720 -0.2834
vn -0.9481 -0.2765 -0.1568
vn -0.5763 -0.3073 -0.7573
vn -0.5121 0.8322 -0.2127
vn -0.4648 0.4006 -0.7896
vn -0.9568 0.2010 -0.2103
vn -0.4969 -0.8388 0.2226
vn -0.4439 -0.4066 0.7985
vn -0.9497 -0.2135 0.2290
vn -0.4048 0.8667 0.2913
vn -0.9484 0.2641 0.1756
vn -0.5652 0.2998 0.7686
vn 0.5222 -0.8528 -0.0020
vn 0.9636 -0.2672 -0.0085
vn 0.5905 0.0010 -0.8070
vn 0.9724 0.0056 -0.2335
vn 0.5108 0.8597 -0.0082
vn 0.9600 0.2798 -0.0105
vn 0.6063 0.0069 0.7952
vn 0.9768 0.0072 0.2142
vn 0.0094 -0.9472 0.3206
vn 0.0118 -0.4531 0.8914
vn -0.0031 0.9495 0.3138
vn 0.0057 0.4596 0.8881
vn -0.9723 -0.0056 0.2335
vn -0.5906 -0.0010 0.8070
vn -0.5109 -0.8596 0.0082
vn -0.9600 -0.2798 0.0105
vn -0.5222 0.8528 0.0020
vn -0.9636 0.2672 0.0085
vn -0.6063 -0.0069 -0.7952
vn -0.9768 -0.0072 -0.2142
vn 0.0031 -0.9495 -0.3138
vn -0.0057 -0.4596 -0.8881
vn -0.0094 0.9472 -0.3206
vn -0.0118 0.4531 -0.8914
vn 0.0066 -1.0000 0.0036
vn 0.9999 0.0066 -0.0099
vn -0.0098 -0.0037 -0.9999
vn -0.0066 1.0000 -0.0036
vn 0.0098 0.0037 0.9999
vn -0.9999 -0.0066 0.0099
vn 0.4319 -0.8783 -0.2050
vn 0.4199 -0.4483 -0.7892
vn 0.9400 -0.2532 -0.2286
vn 0.5414 0.3432 -0.7675
vn 0.3514 0.8996 -0.2593
vn 0.9337 0.3163 -0.1676
vn 0.3349 -0.9042 0.2651
vn 0.9265 -0.3286 0.1835
vn 0.5237 -0.3503 0.7766
vn 0.4400 0.8725 0.2125
vn 0.4124 0.4427 0.7962
vn 0.9393 0.2408 0.2445
vn -0.3468 -0.8953 -0.2798
vn -0.9307 -0.3134 -0.1887
vn -0.5282 -0.3307 -0.7821
vn -0.4284 0.8816 -0.1982
vn -0.4064 0.4610 -0.7889
vn -0.9360 0.2571 -0.2404
vn -0.4434 -0.8758 0.1908
vn -0.4258 -0.4555 0.7818
vn -0.9433 -0.2446 0.2246
vn -0.3395 0.8998 0.2739
vn -0.9295 0.3258 0.1729
vn -0.5369 0.3378 0.7731
vn 0.4392 -0.8984 -0.0035
vn 0.9431 -0.3325 0.0054
vn 0.5734 0.0029 -0.8193
vn 0.9722 -0.0045 -0.2340
vn 0.4510 0.8925 0.0111
vn 0.9474 0.3200 0.0107
vn 0.5593 -0.0104 0.8289
vn 0.9681 -0.0084 0.2503
vn -0.0087 -0.9602 0.2791
vn -0.0107 -0.5039 0.8637
vn 0.0038 0.9556 0.2947
vn -0.0041 0.4899 0.8717
vn -0.9722 0.0045 0.2339
vn -0.5734 -0.0029 0.8193
vn -0.4509 -0.8925 -0.0111
vn -0.9474 -0.3199 -0.0107
vn -0.4392 0.8984 0.0035
vn -0.9431 0.3325 -0.0054
vn -0.5593 0.0104 -0.8289
vn -0.9681 0.0084 -0.2503
vn -0.0038 -0.9556 -0.2947
vn 0.0041 -0.4899 -0.8718
vn 0.0087 0.9602 -0.2792
vn 0.0107 0.5040 -0.8637
vn -0.0066 -0.9999 -0.0081
vn 0.9999 -0.0066 0.0085
vn 0.0085 0.0081 -0.9999
vn 0.0066 0.9999 0.0081
vn -0.0085 -0.0081 0.9999
vn -0.9999 0.0066 -0.0085
vn 0.0201 -0.9987 -0.0479
vn 0.0474 -0.9588 -0.2801
vn 0.1664 -0.9784 -0.1227
vn 0.1055 0.9379 -0.3304
vn 0.0355 0.9987 -0.0365
vn 0.1885 0.9769 -0.1006
vn 0.0119 -0.9992 0.0370
vn 0.1638 -0.9809 0.1046
vn 0.0764 -0.9400 0.3325
vn 0.0417 0.9979 0.0486
vn 0.0627 0.9575 0.2814
vn 0.1858 0.9744 0.1268
vn -0.0344 -0.9976 -0.0597
vn -0.1858 -0.9744 -0.1268
vn -0.0975 -0.9302 -0.3538
vn -0.0192 0.9995 -0.0259
vn -0.0411 0.9648 -0.2596
vn -0.1638 0.9809 -0.1046
vn -0.0426 -0.9988 0.0252
vn -0.0690 -0.9636 0.2583
vn -0.1885 -0.9769 0.1006
vn -0.0130 0.9982 0.0591
vn -0.1664 0.9784 0.1227
vn -0.0844 0.9323 0.3517
vn 0.0196 -0.9997 -0.0110
vn 0.1662 -0.9860 -0.0091
vn 0.2681 0.0079 -0.9634
vn 0.8464 -0.0035 -0.5325
vn 0.0421 0.9990 0.0117
vn 0.1884 0.9820 0.0132
vn 0.2456 -0.0138 0.9693
vn 0.8338 -0.0156 0.5519
vn -0.0118 -0.9993 0.0368
vn -0.0140 -0.9657 0.2593
vn 0.0107 0.9982 0.0594
vn 0.0077 0.9596 0.2812
vn -0.8464 0.0035 0.5325
vn -0.2681 -0.0079 0.9634
vn -0.0422 -0.9990 -0.0117
vn -0.1884 -0.9820 -0.0132
vn -0.0196 0.9997 0.0110
vn -0.1662 0.9860 0.0091
vn -0.2456 0.0138 -0.9693
vn -0.8338 0.0157 -0.5519
vn -0.0107 -0.9982 -0.0594
vn -0.0077 -0.9596 -0.2812
vn 0.0118 0.9993 -0.0368
vn 0.0140 0.9657 -0.2593
vn -0.0113 -0.9999 -0.0113
vn 0.9999 -0.0114 0.0115
vn 0.0116 0.0112 -0.9999
vn 0.0113 0.9999 0.0113
vn -0.0116 -0.0112 0.9999
vn -0.9999 0.0114 -0.0115
vn 0.7243 -0.6865 -0.0638
vn 0.8937 -0.3504 -0.2802
vn 0.9918 -0.1169 -0.0510
vn 0.8868 0.3612 -0.2884
vn 0.6112 0.7831 -0.1150
vn 0.9842 0.1724 -0.0414
vn 0.6258 -0.7710 0.1178
vn 0.9871 -0.1532 0.0459
vn 0.8923 -0.3438 0.2925
vn 0.7104 0.7006 0.0671
vn 0.8854 0.3678 0.2843
vn 0.9891 0.1362 0.0555
vn -0.6106 -0.7856 -0.0999
vn -0.9840 -0.1734 -0.0421
vn -0.8854 -0.3678 -0.2843
vn -0.7239 0.6849 -0.0830
vn -0.8923 0.3438 -0.2925
vn -0.9916 0.1156 -0.0584
vn -0.7108 -0.6989 0.0797
vn -0.8868 -0.3612 0.2884
vn -0.9894 -0.1350 0.0539
vn -0.6263 0.7735 0.0971
vn -0.9873 0.1542 0.0376
vn -0.8937 0.3504 0.2802
vn 0.7261 -0.6875 0.0097
vn 0.9881 -0.1538 0.0041
vn 0.9526 0.0058 -0.3042
vn 0.9986 0.0091 -0.0528
vn 0.7125 0.7016 -0.0064
vn 0.9849 0.1731 0.0004
vn 0.9511 0.0128 0.3086
vn 0.9983 0.0104 0.0574
vn 0.0093 -0.9889 0.1482
vn 0.0061 -0.7718 0.6359
vn -0.0100 0.9921 0.1254
vn -0.0091 0.7862 0.6179
vn -0.9986 -0.0091 0.0528
vn -0.9526 -0.0058 0.3042
vn -0.7125 -0.7016 0.0064
vn -0.9849 -0.1731 -0.0004
vn -0.7261 0.6875 -0.0097
vn -0.9881 0.1538 -0.0041
vn -0.9511 -0.0128 -0.3086
vn -0.9983 -0.0104 -0.0574
vn 0.0100 -0.9921 -0.1254
vn 0.0091 -0.7862 -0.6179
vn -0.0093 0.9889 -0.1482
vn -0.0061 0.7718 -0.6359
vn 0.0097 -0.9999 0.0115
vn 0.9999 0.0098 0.0023
vn 0.0024 -0.0115 -0.9999
vn -0.0097 0.9999 -0.0115
vn -0.0024 0.0115 0.9999
vn -0.9999 -0.0098 -0.0023
vn 0.3244 -0.9227 -0.2081
vn -0.0668 -0.6116 -0.7884
vn 0.6421 -0.3450 -0.6846
vn -0.1781 0.2488 -0.9520
vn -0.1392 0.8843 -0.4457
vn 0.4882 0.5242 -0.6977
vn 0.4976 -0.8345 0.2369
vn 0.9360 -0.3263 -0.1322
vn 0.7834 -0.1645 0.5993
vn 0.1428 0.9877 -0.0642
vn 0.5195 0.6745 0.5246
vn 0.8195 0.5481 -0.1672
vn -0.1184 -0.9927 -0.0219
vn -0.7376 -0.6294 0.2446
vn -0.6273 -0.5880 -0.5107
vn -0.5220 0.8395 -0.1508
vn -0.7179 0.2811 -0.6369
vn -0.9757 0.2045 0.0786
vn 0.0548 -0.9045 0.4230
vn 0.2652 -0.3440 0.9007
vn -0.4859 -0.4076 0.7731
vn -0.2401 0.9429 0.2308
vn -0.6866 0.4314 0.5853
vn 0.0218 0.5039 0.8635
vn 0.4328 -0.9010 -0.0293
vn 0.8411 -0.3927 -0.3720
vn -0.1084 -0.1383 -0.9844
vn 0.6117 0.0340 -0.7903
vn 0.0450 0.9674 -0.2491
vn 0.6355 0.5979 -0.4885
vn 0.7649 0.2295 0.6018
vn 0.9734 0.1863 -0.1333
vn 0.3255 -0.8788 0.3490
vn 0.5096 -0.3240 0.7971
vn -0.0623 0.9897 0.1292
vn 0.3040 0.6667 0.6806
vn -0.6117 -0.0340 0.7904
vn 0.1084 0.1383 0.9844
vn -0.0450 -0.9674 0.2491
vn -0.6354 -0.5980 0.4885
vn -0.4329 0.9010 0.0294
vn -0.8410 0.3928 0.3720
vn -0.7650 -0.2295 -0.6018
vn -0.9734 -0.1863 0.1333
vn 0.0623 -0.9897 -0.1292
vn -0.3039 -0.6667 -0.6806
vn -0.3255 0.8788 -0.3489
vn -0.5096 0.3241 -0.7971
vn 0.2019 -0.9727 0.1144
vn 0.8578 0.1192 -0.4999
vn -0.4726 -0.1991 -0.8585
vn -0.2019 0.9727 -0.1144
vn 0.4726 0.1991 0.8585
vn -0.8578 -0.1192 0.4999
vn 0.1815 -0.9193 -0.3492
vn -0.4381 -0.6014 -0.6681
vn 0.2355 -0.3348 -0.9124
vn -0.6101 0.2607 -0.7482
vn -0.3312 0.8897 -0.3142
vn 0.0979 0.5343 -0.8396
vn 0.5465 -0.8365 -0.0401
vn 0.7576 -0.3227 -0.5673
vn 0.9738 -0.1707 0.1501
vn 0.0991 0.9887 -0.1124
vn 0.7099 0.6687 0.2209
vn 0.6425 0.5520 -0.5315
vn -0.1188 -0.9926 0.0251
vn -0.5338 -0.6340 0.5595
vn -0.7976 -0.5826 -0.1562
vn -0.5269 0.8404 0.1274
vn -0.9336 0.2880 -0.2131
vn -0.8186 0.2015 0.5378
vn 0.2462 -0.9098 0.3342
vn 0.6618 -0.3551 0.6603
vn -0.0594 -0.4185 0.9063
vn -0.0966 0.9393 0.3292
vn -0.3215 0.4223 0.8475
vn 0.4340 0.4927 0.7542
vn 0.3622 -0.8997 -0.2437
vn 0.5594 -0.3862 -0.7334
vn -0.5662 -0.1258 -0.8146
vn 0.1599 0.0454 -0.9861
vn -0.0752 0.9707 -0.2284
vn 0.3275 0.6055 -0.7253
vn 0.9605 0.2233 0.1660
vn 0.7922 0.1900 -0.5799
vn 0.4488 -0.8826 0.1402
vn 0.8270 -0.3333 0.4527
vn 0.0113 0.9878 0.1554
vn 0.5950 0.6585 0.4608
vn -0.1600 -0.0455 0.9861
vn 0.5662 0.1258 0.8146
vn 0.0752 -0.9707 0.2284
vn -0.3275 -0.6056 0.7253
vn -0.3622 0.8997 0.2436
vn -0.5594 0.3861 0.7334
vn -0.9605 -0.2233 -0.1660
vn -0.7922 -0.1900 0.5799
vn -0.0114 -0.9878 -0.1554
vn -0.5951 -0.6584 -0.4608
vn -0.4488 0.8826 -0.1402
vn -0.8270 0.3334 -0.4527
vn 0.2277 -0.9737 -0.0079
vn 0.5153 0.1274 -0.8475
vn -0.8262 -0.1889 -0.5307
vn -0.2277 0.9737 0.0079
vn 0.8262 0.1889 0.5307
vn -0.5153 -0.1274 0.8475
vn 0.1917 -0.9153 -0.3543
vn -0.4405 -0.6091 -0.6595
vn 0.2225 -0.3292 -0.9177
vn -0.6307 0.2498 -0.7348
vn -0.3548 0.8835 -0.3058
vn 0.0699 0.5370 -0.8407
vn 0.5615 -0.8258 -0.0529
vn 0.7515 -0.3074 -0.5837
vn 0.9799 -0.1523 0.1292
vn 0.0778 0.9905 -0.1130
vn 0.7015 0.6820 0.2068
vn 0.6205 0.5646 -0.5442
vn -0.0992 -0.9947 0.0261
vn -0.5096 -0.6447 0.5698
vn -0.7894 -0.5976 -0.1402
vn -0.5401 0.8299 0.1397
vn -0.9433 0.2701 -0.1928
vn -0.8108 0.1852 0.5553
vn 0.2706 -0.9053 0.3276
vn 0.6823 -0.3431 0.6456
vn -0.0322 -0.4205 0.9067
vn -0.1075 0.9370 0.3325
vn -0.3116 0.4152 0.8547
vn 0.4403 0.5000 0.7457
vn 0.3741 -0.8923 -0.2526
vn 0.5511 -0.3746 -0.7457
vn -0.5807 -0.1357 -0.8027
vn 0.1381 0.0496 -0.9892
vn -0.0986 0.9693 -0.2253
vn 0.3004 0.6125 -0.7311
vn 0.9594 0.2415 0.1460
vn 0.7761 0.2058 -0.5961
vn 0.4685 -0.8740 0.1293
vn 0.8426 -0.3179 0.4346
vn -0.0042 0.9876 0.1567
vn 0.5920 0.6692 0.4491
vn -0.1381 -0.0496 0.9892
vn 0.5808 0.1357 0.8027
vn 0.0986 -0.9693 0.2253
vn -0.3004 -0.6126 0.7311
vn -0.3741 0.8923 0.2526
vn -0.5511 0.3746 0.7456
vn -0.9594 -0.2415 -0.1460
vn -0.7760 -0.2058 0.5962
vn 0.0043 -0.9876 -0.1567
vn -0.5920 -0.6692 -0.4491
vn -0.4684 0.8740 -0.1293
vn -0.8426 0.3178 -0.4347
vn 0.2461 -0.9691 -0.0142
vn 0.4947 0.1382 -0.8580
vn -0.8335 -0.2041 -0.5134
vn -0.2461 0.9691 0.0142
vn 0.8335 0.2041 0.5134
vn -0.4947 -0.1382 0.8580
vn 0.0190 -0.9307 -0.3654
vn -0.6550 -0.5848 -0.4785
vn -0.0832 -0.3550 -0.9312
vn -0.8046 0.2842 -0.5214
vn -0.3736 0.9024 -0.2149
vn -0.1511 0.5204 -0.8405
vn 0.4669 -0.8635 -0.1906
vn 0.5217 -0.3663 -0.7705
vn 0.9620 -0.2186 -0.1633
vn 0.1026 0.9812 -0.1632
vn 0.7727 0.6338 -0.0336
vn 0.4634 0.5134 -0.7222
vn -0.1493 -0.9850 0.0867
vn -0.3555 -0.6006 0.7162
vn -0.8312 -0.5427 0.1206
vn -0.4202 0.8672 0.2671
vn -0.9388 0.3329 0.0879
vn -0.5943 0.2481 0.7650
vn 0.2985 -0.9179 0.2614
vn 0.8211 -0.3820 0.4242
vn 0.2140 -0.4062 0.8884
vn 0.0559 0.9461 0.3189
vn -0.0150 0.4463 0.8948
vn 0.6737 0.4772 0.5643
vn 0.2245 -0.9192 -0.3234
vn 0.2782 -0.4212 -0.8632
vn -0.8015 -0.1046 -0.5887
vn -0.1612 0.0278 -0.9865
vn -0.1002 0.9710 -0.2171
vn 0.1060 0.5811 -0.8069
vn 0.9723 0.1757 -0.1539
vn 0.5735 0.1439 -0.8065
vn 0.4297 -0.9029 0.0124
vn 0.9123 -0.3706 0.1743
vn 0.1050 0.9874 0.1187
vn 0.7400 0.6317 0.2307
vn 0.1612 -0.0278 0.9865
vn 0.8016 0.1046 0.5887
vn 0.1002 -0.9710 0.2171
vn -0.1060 -0.5811 0.8069
vn -0.2245 0.9193 0.3234
vn -0.2782 0.4212 0.8633
vn -0.9724 -0.1757 0.1538
vn -0.5735 -0.1439 0.8065
vn -0.1050 -0.9874 -0.1187
vn -0.7401 -0.6317 -0.2307
vn -0.4298 0.9029 -0.0124
vn -0.9123 0.3706 -0.1744
vn 0.1691 -0.9841 -0.0553
vn 0.2232 0.0929 -0.9703
vn -0.9600 -0.1517 -0.2353
vn -0.1691 0.9841 0.0553
vn 0.9600 0.1517 0.2353
vn -0.2232 -0.0929 0.9703
vn -0.0555 -0.9440 -0.3254
vn -0.6188 -0.5047 -0.6020
vn 0.0704 -0.3975 -0.9149
vn -0.6071 0.3723 -0.7020
vn -0.1589 0.9338 -0.3205
vn 0.1316 0.4817 -0.8664
vn 0.3463 -0.9366 -0.0530
vn 0.6129 -0.4930 -0.6175
vn 0.9235 -0.3770 0.0714
vn 0.2997 0.9403 -0.1613
vn 0.8554 0.5013 0.1302
vn 0.6935 0.3860 -0.6083
vn -0.3280 -0.9416 0.0763
vn -0.6033 -0.4893 0.6298
vn -0.9159 -0.3966 -0.0617
vn -0.3182 0.9380 0.1379
vn -0.8651 0.4809 -0.1424
vn -0.7012 0.3875 0.5985
vn 0.0737 -0.9343 0.3488
vn 0.6284 -0.4774 0.6141
vn -0.0629 -0.3759 0.9245
vn 0.1407 0.9444 0.2971
vn -0.1412 0.5007 0.8540
vn 0.5993 0.4012 0.6927
vn 0.1342 -0.9622 -0.2369
vn 0.3909 -0.5149 -0.7629
vn -0.6540 -0.0158 -0.7563
vn 0.0722 -0.0117 -0.9973
vn 0.1155 0.9585 -0.2608
vn 0.3810 0.5033 -0.7756
vn 0.9973 0.0106 0.0723
vn 0.7563 -0.0008 -0.6542
vn 0.2582 -0.9563 0.1368
vn 0.7742 -0.4969 0.3922
vn 0.2396 0.9643 0.1129
vn 0.7642 0.5216 0.3795
vn -0.0720 0.0117 0.9973
vn 0.6541 0.0158 0.7562
vn -0.1155 -0.9584 0.2609
vn -0.3809 -0.5034 0.7756
vn -0.1342 0.9622 0.2369
vn -0.3908 0.5152 0.7628
vn -0.9973 -0.0106 -0.0721
vn -0.7563 0.0008 0.6542
vn -0.2395 -0.9643 -0.1129
vn -0.7643 -0.5215 -0.3794
vn -0.2583 0.9563 -0.1368
vn -0.7743 0.4967 -0.3922
vn 0.0097 -0.9999 0.0124
vn 0.4484 -0.0068 -0.8938
vn -0.8938 -0.0143 -0.4483
vn -0.0097 0.9999 -0.0124
vn 0.8938 0.0143 0.4483
vn -0.4484 0.0068 0.8938
vn 0.1719 -0.9330 -0.3162
vn -0.3404 -0.5654 -0.7513
vn 0.3888 -0.3576 -0.8491
vn -0.4197 0.3078 -0.8539
vn -0.1841 0.9130 -0.3640
vn 0.3122 0.5203 -0.7949
vn 0.4713 -0.8798 0.0620
vn 0.8283 -0.3880 -0.4043
vn 0.9046 -0.2516 0.3440
vn 0.2023 0.9763 -0.0771
vn 0.7028 0.6075 0.3700
vn 0.7816 0.4933 -0.3817
vn -0.2039 -0.9789 -0.0124
vn -0.6883 -0.5840 0.4303
vn -0.7945 -0.5139 -0.3235
vn -0.4698 0.8823 0.0276
vn -0.8428 0.3646 -0.3960
vn -0.8918 0.2723 0.3613
vn 0.0956 -0.9257 0.3659
vn 0.4802 -0.4066 0.7773
vn -0.2787 -0.4079 0.8694
vn -0.0832 0.9457 0.3144
vn -0.4522 0.4519 0.7690
vn 0.3097 0.4577 0.8335
vn 0.3280 -0.9282 -0.1758
vn 0.6637 -0.4354 -0.6082
vn -0.3955 -0.0813 -0.9149
vn 0.3619 0.0272 -0.9318
vn 0.0546 0.9725 -0.2265
vn 0.5187 0.5725 -0.6351
vn 0.9213 0.1422 0.3620
vn 0.9074 0.1198 -0.4028
vn 0.3351 -0.9167 0.2178
vn 0.6858 -0.3998 0.6082
vn 0.0617 0.9840 0.1671
vn 0.5408 0.6081 0.5812
vn -0.3619 -0.0272 0.9318
vn 0.3956 0.0813 0.9148
vn -0.0546 -0.9725 0.2265
vn -0.5187 -0.5723 0.6351
vn -0.3280 0.9282 0.1757
vn -0.6637 0.4354 0.6082
vn -0.9213 -0.1422 -0.3620
vn -0.9074 -0.1198 0.4029
vn -0.0617 -0.9840 -0.1671
vn -0.5408 -0.6079 -0.5813
vn -0.3352 0.9166 -0.2178
vn -0.6858 0.3998 -0.6082
vn 0.1424 -0.9895 0.0264
vn 0.6870 0.0796 -0.7223
vn -0.7126 -0.1210 -0.6910
vn -0.1424 0.9895 -0.0264
vn 0.7126 0.1210 0.6910
vn -0.6870 -0.0796 0.7223
vn 0.3615 -0.9218 -0.1398
vn 0.0960 -0.6096 -0.7869
vn 0.7686 -0.3425 -0.5404
vn 0.0191 0.2511 -0.9678
vn -0.0468 0.8853 -0.4626
vn 0.6192 0.5266 -0.5825
vn 0.4403 -0.8345 0.3312
vn 0.9438 -0.3250 0.0602
vn 0.6453 -0.1653 0.7458
vn 0.1513 0.9880 -0.0315
vn 0.4009 0.6737 0.6208
vn 0.8355 0.5495 0.0043
vn -0.1099 -0.9928 -0.0478
vn -0.7710 -0.6307 0.0880
vn -0.5092 -0.5873 -0.6291
vn -0.4817 0.8394 -0.2518
vn -0.5735 0.2820 -0.7691
vn -0.9716 0.2031 -0.1211
vn -0.0310 -0.9055 0.4232
vn 0.0768 -0.3461 0.9351
vn -0.6325 -0.4101 0.6571
vn -0.2836 0.9420 0.1793
vn -0.7920 0.4291 0.4344
vn -0.1553 0.5015 0.8511
vn 0.4311 -0.9005 0.0572
vn 0.8998 -0.3909 -0.1939
vn 0.0944 -0.1358 -0.9862
vn 0.7596 0.0367 -0.6493
vn 0.0932 0.9681 -0.2325
vn 0.7206 0.5999 -0.3475
vn 0.6261 0.2288 0.7454
vn 0.9799 0.1877 0.0680
vn 0.2490 -0.8794 0.4059
vn 0.3371 -0.3256 0.8834
vn -0.0888 0.9893 0.1161
vn 0.1580 0.6652 0.7298
vn -0.7596 -0.0367 0.6493
vn -0.0945 0.1358 0.9862
vn -0.0933 -0.9681 0.2325
vn -0.7207 -0.5999 0.3475
vn -0.4311 0.9005 -0.0573
vn -0.8998 0.3908 0.1939
vn -0.6261 -0.2288 -0.7454
vn -0.9799 -0.1877 -0.0680
vn 0.0888 -0.9893 -0.1161
vn -0.1580 -0.6652 -0.7297
vn -0.2491 0.8793 -0.4059
vn -0.3372 0.3256 -0.8834
vn 0.1759 -0.9728 0.1508
vn 0.9414 0.1215 -0.3146
vn -0.2877 -0.1973 -0.9372
vn -0.1759 0.9728 -0.1508
vn 0.2877 0.1973 0.9372
vn -0.9414 -0.1215 0.3146
vn 0.0563 -0.9410 -0.3338
vn -0.3961 -0.5021 -0.7687
vn 0.3556 -0.3882 -0.8502
vn -0.3604 0.3760 -0.8537
vn -0.0583 0.9361 -0.3469
vn 0.3915 0.4909 -0.7783
vn 0.3529 -0.9343 0.0504
vn 0.7788 -0.4837 -0.3993
vn 0.8580 -0.3729 0.3532
vn 0.3276 0.9433 -0.0525
vn 0.7681 0.5043 0.3946
vn 0.8456 0.3957 -0.3583
vn -0.3279 -0.9440 -0.0370
vn -0.7657 -0.4986 0.4063
vn -0.8477 -0.4007 -0.3476
vn -0.3527 0.9349 0.0391
vn -0.7812 0.4780 -0.4016
vn -0.8561 0.3779 0.3526
vn -0.0312 -0.9373 0.3472
vn 0.4092 -0.4802 0.7758
vn -0.3452 -0.3854 0.8558
vn 0.0333 0.9421 0.3335
vn -0.4046 0.4915 0.7712
vn 0.3500 0.3975 0.8482
vn 0.2091 -0.9591 -0.1907
vn 0.6136 -0.5054 -0.6067
vn -0.3853 -0.0117 -0.9227
vn 0.3800 -0.0015 -0.9250
vn 0.1835 0.9615 -0.2043
vn 0.5999 0.5130 -0.6139
vn 0.9248 0.0151 0.3801
vn 0.9226 0.0096 -0.3855
vn 0.2103 -0.9563 0.2032
vn 0.6171 -0.4967 0.6103
vn 0.1846 0.9644 0.1894
vn 0.6035 0.5216 0.6031
vn -0.3799 0.0015 0.9250
vn 0.3852 0.0117 0.9228
vn -0.1835 -0.9615 0.2044
vn -0.5999 -0.5130 0.6139
vn -0.2092 0.9591 0.1907
vn -0.6135 0.5055 0.6067
vn -0.9249 -0.0151 -0.3798
vn -0.9227 -0.0096 0.3854
vn -0.1847 -0.9644 -0.1895
vn -0.6035 -0.5217 -0.6031
vn -0.2103 0.9563 -0.2032
vn -0.6170 0.4967 -0.6104
vn 0.0133 -0.9999 0.0071
vn 0.7050 0.0044 -0.7092
vn -0.7091 -0.0145 -0.7050
vn -0.0133 0.9999 -0.0071
vn 0.7091 0.0145 0.7050
vn -0.7050 -0.0044 0.7092
vn 0.1114 -0.9346 -0.3378
vn -0.4255 -0.5460 -0.7217
vn 0.2985 -0.3610 -0.8835
vn -0.4845 0.3305 -0.8100
vn -0.1855 0.9224 -0.3387
vn 0.2566 0.5182 -0.8159
vn 0.4453 -0.8953 0.0124
vn 0.7749 -0.4105 -0.4806
vn 0.9230 -0.2846 0.2588
vn 0.2271 0.9699 -0.0875
vn 0.7533 0.5802 0.3096
vn 0.7602 0.4714 -0.4470
vn -0.2369 -0.9715 -0.0016
vn -0.6658 -0.5659 0.4862
vn -0.8371 -0.4842 -0.2545
vn -0.4356 0.8969 0.0768
vn -0.8622 0.3963 -0.3153
vn -0.8460 0.2973 0.4426
vn 0.0971 -0.9322 0.3486
vn 0.5345 -0.4304 0.7274
vn -0.2127 -0.4077 0.8880
vn -0.0228 0.9444 0.3279
vn -0.3656 0.4581 0.8102
vn 0.3987 0.4384 0.8055
vn 0.2796 -0.9364 -0.2120
vn 0.5912 -0.4502 -0.6692
vn -0.4789 -0.0585 -0.8759
vn 0.2771 0.0254 -0.9605
vn 0.0665 0.9725 -0.2230
vn 0.4782 0.5619 -0.6749
vn 0.9544 0.1082 0.2783
vn 0.8709 0.0945 -0.4823
vn 0.3225 -0.9294 0.1794
vn 0.7241 -0.4284 0.5405
vn 0.1095 0.9796 0.1685
vn 0.6110 0.5838 0.5346
vn -0.2772 -0.0254 0.9605
vn 0.4788 0.0585 0.8760
vn -0.0664 -0.9726 0.2230
vn -0.4782 -0.5620 0.6749
vn -0.2796 0.9364 0.2120
vn -0.5912 0.4502 0.6691
vn -0.9544 -0.1082 -0.2783
vn -0.8708 -0.0944 0.4824
vn -0.1094 -0.9796 -0.1685
vn -0.6110 -0.5838 -0.5347
vn -0.3226 0.9294 -0.1795
vn -0.7241 0.4286 -0.5404
vn 0.1110 -0.9938 0.0057
vn 0.6213 0.0649 -0.7809
vn -0.7757 -0.0902 -0.6247
vn -0.1110 0.9938 -0.0057
vn 0.7757 0.0902 0.6247
vn -0.6213 -0.0649 0.7809
vn 0.2639 -0.9136 -0.3095
vn -0.3341 -0.6337 -0.6977
vn 0.3468 -0.3354 -0.8759
vn -0.5406 0.2168 -0.8129
vn -0.3412 0.8662 -0.3651
vn 0.1582 0.5260 -0.8356
vn 0.5897 -0.8069 0.0342
vn 0.8285 -0.2907 -0.4787
vn 0.9601 -0.1169 0.2542
vn 0.0598 0.9908 -0.1216
vn 0.6478 0.7085 0.2798
vn 0.6659 0.5770 -0.4729
vn -0.0700 -0.9970 0.0329
vn -0.5568 -0.6528 0.5137
vn -0.7461 -0.6261 -0.2265
vn -0.5795 0.8132 0.0546
vn -0.9196 0.2349 -0.3149
vn -0.8799 0.1658 0.4453
vn 0.2558 -0.8903 0.3767
vn 0.6058 -0.3097 0.7328
vn -0.1328 -0.4074 0.9036
vn -0.1783 0.9378 0.2980
vn -0.4300 0.4174 0.8005
vn 0.3265 0.5262 0.7852
vn 0.4312 -0.8828 -0.1862
vn 0.6524 -0.3671 -0.6631
vn -0.4702 -0.1677 -0.8665
vn 0.2601 0.0390 -0.9648
vn -0.1002 0.9618 -0.2548
vn 0.3706 0.6110 -0.6995
vn 0.9251 0.2762 0.2606
vn 0.8381 0.2229 -0.4980
vn 0.4760 -0.8554 0.2042
vn 0.7907 -0.2823 0.5431
vn -0.0554 0.9892 0.1355
vn 0.5090 0.6958 0.5067
vn -0.2602 -0.0390 0.9648
vn 0.4702 0.1677 0.8665
vn 0.1002 -0.9618 0.2547
vn -0.3706 -0.6110 0.6995
vn -0.4312 0.8828 0.1862
vn -0.6523 0.3670 0.6631
vn -0.9251 -0.2762 -0.2606
vn -0.8381 -0.2229 0.4979
vn 0.0554 -0.9892 -0.1355
vn -0.5090 -0.6958 -0.5067
vn -0.4760 0.8554 -0.2042
vn -0.7907 0.2823 -0.5431
vn 0.2766 -0.9603 0.0357
vn 0.5943 0.1418 -0.7916
vn -0.7551 -0.2402 -0.6100
vn -0.2766 0.9603 -0.0357
vn 0.7551 0.2402 0.6100
vn -0.5943 -0.1418 0.7916
vn 0.3344 -0.9073 -0.2549
vn -0.1571 -0.6210 -0.7679
vn 0.5450 -0.3187 -0.7755
vn -0.3354 0.2313 -0.9132
vn -0.2506 0.8724 -0.4197
vn 0.3475 0.5416 -0.7654
vn 0.5696 -0.8067 0.1576
vn 0.9195 -0.2807 -0.2753
vn 0.8740 -0.1203 0.4709
vn 0.0813 0.9929 -0.0866
vn 0.5598 0.7040 0.4370
vn 0.7552 0.5865 -0.2927
vn -0.0702 -0.9975 -0.0023
vn -0.6583 -0.6629 0.3566
vn -0.6683 -0.6229 -0.4068
vn -0.5806 0.8113 -0.0689
vn -0.8210 0.2395 -0.5183
vn -0.9608 0.1565 0.2286
vn 0.1650 -0.8969 0.4103
vn 0.4183 -0.3225 0.8491
vn -0.3394 -0.4244 0.8395
vn -0.2487 0.9318 0.2643
vn -0.6086 0.4019 0.6842
vn 0.1298 0.5118 0.8492
vn 0.4678 -0.8787 -0.0951
vn 0.7921 -0.3539 -0.4974
vn -0.2522 -0.1521 -0.9557
vn 0.4795 0.0573 -0.8756
vn -0.0428 0.9663 -0.2540
vn 0.5213 0.6244 -0.5816
vn 0.8363 0.2724 0.4759
vn 0.9304 0.2332 -0.2827
vn 0.4194 -0.8585 0.2952
vn 0.6424 -0.2913 0.7089
vn -0.0913 0.9864 0.1363
vn 0.3715 0.6869 0.6246
vn -0.4796 -0.0573 0.8756
vn 0.2522 0.1521 0.9556
vn 0.0428 -0.9662 0.2540
vn -0.5213 -0.6244 0.5816
vn -0.4678 0.8787 0.0951
vn -0.7921 0.3538 0.4974
vn -0.8363 -0.2725 -0.4758
vn -0.9304 -0.2332 0.2827
vn 0.0913 -0.9865 -0.1363
vn -0.3716 -0.6869 -0.6246
vn -0.4194 0.8585 -0.2952
vn -0.6424 0.2913 -0.7089
vn 0.2659 -0.9605 0.0827
vn 0.7631 0.1572 -0.6269
vn -0.5891 -0.2298 -0.7747
vn -0.2659 0.9605 -0.0827
vn 0.5891 0.2298 0.7747
vn -0.7631 -0.1572 0.6269
vn 0.3364 -0.9307 -0.1436
vn 0.1435 -0.5841 -0.7989
vn 0.8007 -0.3551 -0.4824
vn 0.1172 0.2850 -0.9513
vn 0.0303 0.9027 -0.4291
vn 0.6899 0.5206 -0.5031
vn 0.3753 -0.8640 0.3357
vn 0.9209 -0.3668 0.1317
vn 0.5676 -0.2196 0.7935
vn 0.1921 0.9811 0.0218
vn 0.3684 0.6331 0.6808
vn 0.8525 0.5128 0.1015
vn -0.1438 -0.9848 -0.0972
vn -0.7999 -0.6002 -0.0069
vn -0.4723 -0.5418 -0.6952
vn -0.4236 0.8677 -0.2603
vn -0.4895 0.3340 -0.8055
vn -0.9478 0.2486 -0.1996
vn -0.1050 -0.9181 0.3821
vn -0.0226 -0.3828 0.9236
vn -0.7054 -0.4065 0.5807
vn -0.2618 0.9461 0.1906
vn -0.8110 0.4464 0.3782
vn -0.2125 0.4766 0.8531
vn 0.3885 -0.9195 0.0597
vn 0.8978 -0.4215 -0.1278
vn 0.1788 -0.1038 -0.9784
vn 0.8166 0.0279 -0.5765
vn 0.1518 0.9711 -0.1842
vn 0.7723 0.5809 -0.2571
vn 0.5638 0.1747 0.8072
vn 0.9761 0.1432 0.1632
vn 0.1763 -0.9033 0.3911
vn 0.2421 -0.3716 0.8963
vn -0.0603 0.9873 0.1472
vn 0.1166 0.6309 0.7670
vn -0.8167 -0.0279 0.5764
vn -0.1788 0.1038 0.9784
vn -0.1519 -0.9711 0.1842
vn -0.7722 -0.5810 0.2571
vn -0.3885 0.9195 -0.0596
vn -0.8977 0.4216 0.1278
vn -0.5638 -0.1747 -0.8072
vn -0.9761 -0.1432 -0.1632
vn 0.0603 -0.9873 -0.1472
vn -0.1166 -0.6309 -0.7670
vn -0.1764 0.9033 -0.3911
vn -0.2421 0.3715 -0.8963
vn 0.1232 -0.9842 0.1269
vn 0.9703 0.0926 -0.2237
vn -0.2084 -0.1507 -0.9664
vn -0.1232 0.9842 -0.1269
vn 0.2084 0.1507 0.9664
vn -0.9703 -0.0926 0.2237
vn 0.1391 -0.9385 -0.3161
vn -0.2783 -0.5230 -0.8056
vn 0.4714 -0.3742 -0.7986
vn -0.2738 0.3553 -0.8937
vn -0.0603 0.9310 -0.3599
vn 0.4578 0.5060 -0.7310
vn 0.3876 -0.9163 0.1005
vn 0.8423 -0.4479 -0.3000
vn 0.8266 -0.3307 0.4553
vn 0.2874 0.9575 -0.0221
vn 0.6917 0.5414 0.4779
vn 0.8629 0.4338 -0.2593
vn -0.2771 -0.9585 -0.0669
vn -0.7845 -0.5327 0.3174
vn -0.7810 -0.4416 -0.4417
vn -0.3979 0.9174 -0.0115
vn -0.7494 0.4392 -0.4955
vn -0.9084 0.3385 0.2454
vn -0.0287 -0.9364 0.3497
vn 0.3362 -0.4576 0.8231
vn -0.4260 -0.3982 0.8124
vn -0.0501 0.9439 0.3264
vn -0.5157 0.4746 0.7133
vn 0.2284 0.4169 0.8798
vn 0.2746 -0.9489 -0.1557
vn 0.7039 -0.4782 -0.5252
vn -0.2723 -0.0333 -0.9616
vn 0.4866 0.0130 -0.8735
vn 0.1616 0.9684 -0.1901
vn 0.6440 0.5384 -0.5435
vn 0.8717 0.0601 0.4864
vn 0.9604 0.0517 -0.2737
vn 0.2289 -0.9445 0.2355
vn 0.5627 -0.4649 0.6835
vn 0.1159 0.9727 0.2010
vn 0.5029 0.5518 0.6653
vn -0.4867 -0.0130 0.8735
vn 0.2723 0.0333 0.9616
vn -0.1616 -0.9684 0.1901
vn -0.6440 -0.5385 0.5435
vn -0.2747 0.9488 0.1557
vn -0.7039 0.4782 0.5253
vn -0.8717 -0.0601 -0.4864
vn -0.9604 -0.0517 0.2737
vn -0.1159 -0.9727 -0.2010
vn -0.5028 -0.5518 -0.6653
vn -0.2289 0.9445 -0.2354
vn -0.5628 0.4649 -0.6835
vn 0.0588 -0.9981 0.0179
vn 0.7831 0.0350 -0.6209
vn -0.6191 -0.0505 -0.7837
vn -0.0588 0.9981 -0.0179
vn 0.6191 0.0505 0.7837
vn -0.7831 -0.0350 0.6209
vn 0.0622 -0.9436 -0.3252
vn -0.4239 -0.5217 -0.7404
vn 0.3193 -0.3905 -0.8635
vn -0.4151 0.3558 -0.8374
vn -0.1005 0.9298 -0.3542
vn 0.3367 0.4903 -0.8039
vn 0.3787 -0.9245 0.0423
vn 0.7684 -0.4695 -0.4349
vn 0.8849 -0.3470 0.3107
vn 0.3003 0.9504 -0.0811
vn 0.7751 0.5283 0.3467
vn 0.8150 0.4117 -0.4078
vn -0.3054 -0.9522 -0.0083
vn -0.7300 -0.5120 0.4527
vn -0.8548 -0.4258 -0.2966
vn -0.3736 0.9264 0.0472
vn -0.8135 0.4533 -0.3645
vn -0.8451 0.3613 0.3939
vn 0.0112 -0.9332 0.3593
vn 0.4622 -0.4598 0.7583
vn -0.2890 -0.3826 0.8776
vn 0.0272 0.9470 0.3202
vn -0.3750 0.4911 0.7863
vn 0.3850 0.4172 0.8233
vn 0.2229 -0.9561 -0.1904
vn 0.5927 -0.4981 -0.6329
vn -0.4338 -0.0332 -0.9004
vn 0.3298 -0.0042 -0.9440
vn 0.1479 0.9630 -0.2252
vn 0.5530 0.5195 -0.6514
vn 0.9433 0.0428 0.3293
vn 0.9001 0.0273 -0.4349
vn 0.2450 -0.9481 0.2027
vn 0.6613 -0.4733 0.5820
vn 0.1701 0.9710 0.1680
vn 0.6215 0.5443 0.5635
vn -0.3297 0.0042 0.9441
vn 0.4338 0.0332 0.9004
vn -0.1479 -0.9630 0.2252
vn -0.5529 -0.5196 0.6514
vn -0.2228 0.9561 0.1904
vn -0.5927 0.4980 0.6330
vn -0.9433 -0.0428 -0.3292
vn -0.9002 -0.0273 0.4347
vn -0.1700 -0.9710 -0.1679
vn -0.6215 -0.5442 -0.5635
vn -0.2450 0.9481 -0.2027
vn -0.6612 0.4734 -0.5820
vn 0.0390 -0.9991 0.0181
vn 0.6656 0.0125 -0.7462
vn -0.7453 -0.0412 -0.6655
vn -0.0390 0.9991 -0.0181
vn 0.7453 0.0412 0.6655
vn -0.6656 -0.0125 0.7462
vn 0.2039 -0.9348 -0.2909
vn -0.0298 -0.4918 -0.8702
vn 0.6848 -0.3713 -0.6270
vn 0.0263 0.3878 -0.9214
vn 0.0802 0.9414 -0.3276
vn 0.6756 0.5069 -0.5355
vn 0.3118 -0.9325 0.1824
vn 0.8809 -0.4715 -0.0411
vn 0.6354 -0.3729 0.6761
vn 0.3067 0.9464 0.1017
vn 0.5245 0.5031 0.6868
vn 0.9125 0.4075 0.0352
vn -0.2693 -0.9455 -0.1830
vn -0.8589 -0.5106 0.0403
vn -0.6179 -0.4010 -0.6763
vn -0.3491 0.9316 -0.1011
vn -0.5466 0.4791 -0.6868
vn -0.9301 0.3657 -0.0350
vn -0.1616 -0.9432 0.2902
vn 0.0522 -0.4905 0.8699
vn -0.6675 -0.4023 0.6266
vn -0.1225 0.9366 0.3283
vn -0.6978 0.4752 0.5360
vn -0.0438 0.3856 0.9216
vn 0.2828 -0.9543 -0.0971
vn 0.8183 -0.4909 -0.2991
vn 0.0379 0.0012 -0.9993
vn 0.7332 0.0168 -0.6798
vn 0.2395 0.9661 -0.0964
vn 0.7953 0.5275 -0.2987
vn 0.6797 0.0151 0.7333
vn 0.9990 0.0225 0.0379
vn 0.1184 -0.9581 0.2608
vn 0.3104 -0.5028 0.8068
vn 0.0750 0.9623 0.2615
vn 0.2873 0.5157 0.8071
vn -0.7332 -0.0168 0.6798
vn -0.0380 -0.0012 0.9993
vn -0.2393 -0.9661 0.0964
vn -0.7954 -0.5273 0.2988
vn -0.2827 0.9543 0.0971
vn -0.8184 0.4907 0.2992
vn -0.6796 -0.0151 -0.7335
vn -0.9990 -0.0225 -0.0381
vn -0.0750 -0.9623 -0.2615
vn -0.2874 -0.5157 -0.8071
vn -0.1184 0.9581 -0.2607
vn -0.3104 0.5026 -0.8069
vn 0.0226 -0.9997 -0.0004
vn 0.9375 0.0213 -0.3474
vn -0.3473 -0.0075 -0.9377
vn -0.0226 0.9997 0.0004
vn 0.3473 0.0075 0.9377
vn -0.9375 -0.0213 0.3474
vn 0.3445 -0.9249 -0.1611
vn 0.1065 -0.5843 -0.8045
vn 0.7771 -0.3420 -0.5284
vn 0.0551 0.2835 -0.9574
vn -0.0121 0.9016 -0.4325
vn 0.6490 0.5314 -0.5445
vn 0.4106 -0.8557 0.3150
vn 0.9337 -0.3496 0.0773
vn 0.6178 -0.2062 0.7588
vn 0.1747 0.9846 0.0078
vn 0.3964 0.6423 0.6560
vn 0.8473 0.5289 0.0490
vn -0.1310 -0.9877 -0.0859
vn -0.7875 -0.6149 0.0424
vn -0.5027 -0.5530 -0.6645
vn -0.4543 0.8588 -0.2367
vn -0.5427 0.3217 -0.7759
vn -0.9625 0.2300 -0.1436
vn -0.0649 -0.9185 0.3900
vn 0.0396 -0.3797 0.9243
vn -0.6618 -0.4173 0.6228
vn -0.2676 0.9418 0.2035
vn -0.7951 0.4326 0.4251
vn -0.1702 0.4756 0.8630
vn 0.4085 -0.9119 0.0387
vn 0.8961 -0.4057 -0.1799
vn 0.1222 -0.1041 -0.9870
vn 0.7802 0.0408 -0.6242
vn 0.1226 0.9730 -0.1954
vn 0.7446 0.5942 -0.3042
vn 0.6075 0.1880 0.7717
vn 0.9813 0.1618 0.1043
vn 0.2161 -0.8985 0.3821
vn 0.3019 -0.3637 0.8812
vn -0.0698 0.9865 0.1480
vn 0.1503 0.6358 0.7571
vn -0.7803 -0.0409 0.6240
vn -0.1221 0.1041 0.9870
vn -0.1225 -0.9730 0.1954
vn -0.7446 -0.5942 0.3042
vn -0.4084 0.9120 -0.0387
vn -0.8963 0.4053 0.1801
vn -0.6075 -0.1880 -0.7717
vn -0.9813 -0.1618 -0.1045
vn 0.0698 -0.9865 -0.1480
vn -0.1503 -0.6358 -0.7570
vn -0.2161 0.8985 -0.3821
vn -0.3019 0.3635 -0.8813
vn 0.1489 -0.9813 0.1219
vn 0.9533 0.1097 -0.2813
vn -0.2627 -0.1581 -0.9518
vn -0.1489 0.9813 -0.1219
vn 0.2627 0.1581 0.9518
vn -0.9533 -0.1097 0.2813
vn 0.1915 -0.9190 -0.3446
vn -0.4462 -0.6199 -0.6455
vn 0.2119 -0.3403 -0.9161
vn -0.6415 0.2367 -0.7297
vn -0.3633 0.8776 -0.3128
vn 0.0560 0.5260 -0.8487
vn 0.5648 -0.8237 -0.0492
vn 0.7451 -0.3116 -0.5897
vn 0.9822 -0.1457 0.1182
vn 0.0713 0.9893 -0.1273
vn 0.7008 0.6880 0.1883
vn 0.6104 0.5603 -0.5599
vn -0.0939 -0.9947 0.0407
vn -0.4988 -0.6394 0.5851
vn -0.7883 -0.6032 -0.1215
vn -0.5423 0.8291 0.1358
vn -0.9471 0.2630 -0.1839
vn -0.8043 0.1885 0.5636
vn 0.2795 -0.8994 0.3360
vn 0.6924 -0.3311 0.6410
vn -0.0180 -0.4086 0.9125
vn -0.1077 0.9408 0.3213
vn -0.3023 0.4250 0.8532
vn 0.4477 0.5121 0.7330
vn 0.3752 -0.8938 -0.2456
vn 0.5430 -0.3819 -0.7479
vn -0.5906 -0.1492 -0.7930
vn 0.1247 0.0370 -0.9915
vn -0.1064 0.9657 -0.2369
vn 0.2876 0.6041 -0.7432
vn 0.9600 0.2480 0.1300
vn 0.7670 0.2015 -0.6091
vn 0.4744 -0.8699 0.1347
vn 0.8499 -0.3080 0.4275
vn -0.0071 0.9896 0.1435
vn 0.5945 0.6780 0.4322
vn -0.1248 -0.0370 0.9915
vn 0.5907 0.1492 0.7930
vn 0.1064 -0.9657 0.2369
vn -0.2876 -0.6041 0.7432
vn -0.3752 0.8938 0.2456
vn -0.5430 0.3818 0.7479
vn -0.9600 -0.2480 -0.1300
vn -0.7670 -0.2015 0.6092
vn 0.0071 -0.9896 -0.1435
vn -0.5946 -0.6780 -0.4322
vn -0.4746 0.8699 -0.1347
vn -0.8499 0.3080 -0.4275
vn 0.2507 -0.9681 -0.0046
vn 0.4826 0.1291 -0.8663
vn -0.8392 -0.2150 -0.4995
vn -0.2507 0.9681 0.0046
vn 0.8392 0.2150 0.4995
vn -0.4826 -0.1291 0.8663
vn 0.1469 -0.9112 -0.3848
vn -0.5454 -0.6296 -0.5533
vn 0.0396 -0.3295 -0.9433
vn -0.7774 0.2212 -0.5888
vn -0.4415 0.8680 -0.2273
vn -0.1246 0.5314 -0.8379
vn 0.5675 -0.8063 -0.1666
vn 0.6251 -0.2866 -0.7260
vn 0.9902 -0.1173 -0.0761
vn 0.0174 0.9916 -0.1283
vn 0.7043 0.7077 0.0560
vn 0.4742 0.5808 -0.6617
vn -0.0562 -0.9973 0.0477
vn -0.3576 -0.6566 0.6640
vn -0.7798 -0.6255 0.0272
vn -0.5287 0.8120 0.2471
vn -0.9718 0.2356 0.0061
vn -0.6845 0.1622 0.7107
vn 0.3645 -0.8924 0.2660
vn 0.8127 -0.3138 0.4909
vn 0.1709 -0.4133 0.8944
vn -0.0698 0.9356 0.3460
vn -0.1428 0.4118 0.9000
vn 0.5669 0.5215 0.6377
vn 0.3454 -0.8811 -0.3231
vn 0.3981 -0.3620 -0.8429
vn -0.7290 -0.1629 -0.6649
vn -0.0712 0.0454 -0.9964
vn -0.1774 0.9633 -0.2016
vn 0.1208 0.6160 -0.7785
vn 0.9596 0.2757 -0.0561
vn 0.6283 0.2271 -0.7441
vn 0.5159 -0.8561 0.0311
vn 0.9250 -0.2850 0.2514
vn -0.0069 0.9883 0.1525
vn 0.6478 0.6932 0.3158
vn 0.0712 -0.0454 0.9964
vn 0.7289 0.1628 0.6650
vn 0.1775 -0.9633 0.2016
vn -0.1209 -0.6159 0.7785
vn -0.3454 0.8811 0.3230
vn -0.3980 0.3619 0.8430
vn -0.9596 -0.2757 0.0559
vn -0.6281 -0.2271 0.7443
vn 0.0069 -0.9883 -0.1525
vn -0.6479 -0.6932 -0.3159
vn -0.5159 0.8561 -0.0310
vn -0.9251 0.2847 -0.2515
vn 0.2722 -0.9602 -0.0632
vn 0.3015 0.1475 -0.9420
vn -0.9138 -0.2373 -0.3296
vn -0.2722 0.9602 0.0632
vn 0.9138 0.2373 0.3296
vn -0.3015 -0.1475 0.9420
vn 0.0138 -0.9421 -0.3351
vn -0.5658 -0.5354 -0.6270
vn 0.1257 -0.3829 -0.9152
vn -0.6048 0.3417 -0.7194
vn -0.2052 0.9257 -0.3178
vn 0.1308 0.4980 -0.8573
vn 0.4050 -0.9130 -0.0490
vn 0.6627 -0.4477 -0.6003
vn 0.9421 -0.3202 0.0997
vn 0.2465 0.9585 -0.1430
vn 0.8181 0.5514 0.1637
vn 0.6885 0.4346 -0.5806
vn -0.2716 -0.9607 0.0571
vn -0.5930 -0.5320 0.6045
vn -0.8871 -0.4513 -0.0966
vn -0.3798 0.9152 0.1350
vn -0.8877 0.4286 -0.1680
vn -0.7435 0.3373 0.5775
vn 0.1195 -0.9316 0.3432
vn 0.6356 -0.4446 0.6311
vn -0.0706 -0.3889 0.9186
vn 0.0720 0.9481 0.3098
vn -0.2006 0.4818 0.8530
vn 0.5498 0.4298 0.7162
vn 0.2013 -0.9496 -0.2403
vn 0.4474 -0.4818 -0.7534
vn -0.6260 -0.0479 -0.7784
vn 0.1065 0.0033 -0.9943
vn 0.0649 0.9664 -0.2486
vn 0.3752 0.5339 -0.7577
vn 0.9918 0.0711 0.1064
vn 0.7765 0.0526 -0.6279
vn 0.3121 -0.9401 0.1375
vn 0.7896 -0.4527 0.4142
vn 0.1757 0.9759 0.1292
vn 0.7173 0.5634 0.4099
vn -0.1064 -0.0033 0.9943
vn 0.6260 0.0479 0.7784
vn -0.0649 -0.9664 0.2486
vn -0.3751 -0.5340 0.7577
vn -0.2013 0.9496 0.2404
vn -0.4474 0.4819 0.7534
vn -0.9918 -0.0711 -0.1065
vn -0.7764 -0.0526 0.6280
vn -0.1756 -0.9759 -0.1292
vn -0.7174 -0.5634 -0.4099
vn -0.3121 0.9401 -0.1374
vn -0.7896 0.4526 -0.4142
vn 0.0710 -0.9975 0.0043
vn 0.4779 0.0303 -0.8779
vn -0.8756 -0.0644 -0.4788
vn -0.0710 0.9975 -0.0043
vn 0.8756 0.0644 0.4788
vn -0.4779 -0.0303 0.8779
vn 0.1083 -0.9377 -0.3303
vn -0.4297 -0.5515 -0.7150
vn 0.2936 -0.3691 -0.8818
vn -0.4878 0.3242 -0.8105
vn -0.1858 0.9198 -0.3457
vn 0.2534 0.5106 -0.8216
vn 0.4440 -0.8959 0.0178
vn 0.7721 -0.4158 -0.4806
vn 0.9237 -0.2842 0.2568
vn 0.2281 0.9688 -0.0969
vn 0.7558 0.5816 0.3010
vn 0.7586 0.4666 -0.4547
vn -0.2384 -0.9711 0.0081
vn -0.6642 -0.5609 0.4942
vn -0.8390 -0.4853 -0.2461
vn -0.4337 0.8982 0.0711
vn -0.8631 0.3949 -0.3147
vn -0.8432 0.3025 0.4444
vn 0.0974 -0.9293 0.3562
vn 0.5373 -0.4249 0.7285
vn -0.2091 -0.4000 0.8923
vn -0.0199 0.9473 0.3199
vn -0.3611 0.4656 0.8080
vn 0.4032 0.4448 0.7997
vn 0.2771 -0.9387 -0.2052
vn 0.5873 -0.4569 -0.6680
vn -0.4831 -0.0653 -0.8731
vn 0.2725 0.0167 -0.9620
vn 0.0669 0.9705 -0.2316
vn 0.4759 0.5552 -0.6821
vn 0.9559 0.1090 0.2728
vn 0.8686 0.0889 -0.4875
vn 0.3221 -0.9283 0.1860
vn 0.7260 -0.4249 0.5407
vn 0.1116 0.9809 0.1594
vn 0.6145 0.5874 0.5267
vn -0.2726 -0.0167 0.9620
vn 0.4832 0.0653 0.8731
vn -0.0669 -0.9705 0.2317
vn -0.4757 -0.5556 0.6820
vn -0.2771 0.9387 0.2052
vn -0.5874 0.4570 0.6680
vn -0.9559 -0.1090 -0.2728
vn -0.8686 -0.0889 0.4875
vn -0.1118 -0.9808 -0.1595
vn -0.6145 -0.5874 -0.5267
vn -0.3220 0.9283 -0.1859
vn -0.7259 0.4251 -0.5407
vn 0.1094 -0.9939 0.0138
vn 0.6177 0.0572 -0.7844
vn -0.7788 -0.0944 -0.6202
vn -0.1094 0.9939 -0.0138
vn 0.7788 0.0944 0.6202
vn -0.6177 -0.0572 0.7844
vn 0.0301 -0.9428 -0.3319
vn -0.5719 -0.5552 -0.6039
vn 0.1035 -0.3834 -0.9178
vn -0.6407 0.3197 -0.6980
vn -0.2447 0.9175 -0.3135
vn 0.0842 0.4976 -0.8633
vn 0.4304 -0.9006 -0.0605
vn 0.6534 -0.4307 -0.6226
vn 0.9543 -0.2913 0.0661
vn 0.2120 0.9648 -0.1556
vn 0.8065 0.5765 0.1314
vn 0.6534 0.4522 -0.6072
vn -0.2401 -0.9682 0.0707
vn -0.5540 -0.5466 0.6280
vn -0.8762 -0.4780 -0.0619
vn -0.4020 0.9040 0.1455
vn -0.9059 0.4007 -0.1369
vn -0.7318 0.3173 0.6031
vn 0.1602 -0.9259 0.3420
vn 0.6715 -0.4221 0.6091
vn -0.0252 -0.3865 0.9220
vn 0.0544 0.9513 0.3035
vn -0.1836 0.4798 0.8580
vn 0.5625 0.4500 0.6936
vn 0.2210 -0.9442 -0.2441
vn 0.4339 -0.4719 -0.7675
vn -0.6524 -0.0705 -0.7546
vn 0.0698 0.0017 -0.9976
vn 0.0265 0.9667 -0.2544
vn 0.3308 0.5414 -0.7730
vn 0.9924 0.1014 0.0695
vn 0.7511 0.0729 -0.6562
vn 0.3451 -0.9296 0.1294
vn 0.8176 -0.4266 0.3866
vn 0.1507 0.9814 0.1190
vn 0.7145 0.5867 0.3811
vn -0.0698 -0.0017 0.9976
vn 0.6525 0.0705 0.7545
vn -0.0265 -0.9667 0.2544
vn -0.3308 -0.5412 0.7731
vn -0.2209 0.9443 0.2441
vn -0.4339 0.4719 0.7675
vn -0.9924 -0.1014 -0.0695
vn -0.7511 -0.0729 0.6561
vn -0.1507 -0.9814 -0.1190
vn -0.7145 -0.5867 -0.3811
vn -0.3451 0.9296 -0.1294
vn -0.8177 0.4265 -0.3866
vn 0.1012 -0.9948 0.0054
vn 0.4442 0.0404 -0.8950
vn -0.8902 -0.0930 -0.4460
vn -0.1012 0.9948 -0.0054
vn 0.8902 0.0930 0.4460
vn -0.4442 -0.0404 0.8950
vn 0.2383 -0.9327 -0.2709
vn -0.1689 -0.5665 -0.8066
vn 0.5637 -0.3571 -0.7448
vn -0.2261 0.3064 -0.9246
vn -0.1033 0.9124 -0.3960
vn 0.4754 0.5206 -0.7092
vn 0.4488 -0.8786 0.1632
vn 0.8968 -0.3863 -0.2155
vn 0.8095 -0.2494 0.5315
vn 0.2120 0.9767 -0.0325
vn 0.6050 0.6093 0.5125
vn 0.8445 0.4950 -0.2045
vn -0.1943 -0.9794 -0.0552
vn -0.7638 -0.5854 0.2719
vn -0.7046 -0.5162 -0.4870
vn -0.4667 0.8812 -0.0754
vn -0.7383 0.3622 -0.5689
vn -0.9493 0.2706 0.1599
vn 0.0163 -0.9253 0.3788
vn 0.3018 -0.4049 0.8631
vn -0.4591 -0.4080 0.7891
vn -0.1513 0.9456 0.2881
vn -0.6084 0.4512 0.6529
vn 0.1214 0.4587 0.8803
vn 0.3603 -0.9274 -0.1000
vn 0.7803 -0.4342 -0.4501
vn -0.1885 -0.0827 -0.9786
vn 0.5545 0.0277 -0.8317
vn 0.1000 0.9725 -0.2103
vn 0.6423 0.5733 -0.5087
vn 0.8210 0.1446 0.5523
vn 0.9727 0.1218 -0.1976
vn 0.2822 -0.9158 0.2858
vn 0.5392 -0.3977 0.7424
vn 0.0221 0.9842 0.1756
vn 0.4012 0.6096 0.6837
vn -0.5544 -0.0276 0.8318
vn 0.1885 0.0827 0.9786
vn -0.1001 -0.9725 0.2103
vn -0.6423 -0.5733 0.5086
vn -0.3602 0.9275 0.0999
vn -0.7803 0.4341 0.4501
vn -0.8210 -0.1445 -0.5524
vn -0.9727 -0.1218 0.1976
vn -0.0220 -0.9842 -0.1756
vn -0.4012 -0.6094 -0.6838
vn -0.2823 0.9157 -0.2859
vn -0.5393 0.3977 -0.7423
vn 0.1355 -0.9891 0.0574
vn 0.8265 0.0809 -0.5570
vn -0.5463 -0.1230 -0.8285
vn -0.1355 0.9891 -0.0574
vn 0.5463 0.1230 0.8285
vn -0.8265 -0.0809 0.5570
vn 0.3707 -0.9177 -0.1427
vn 0.0643 -0.6229 -0.7796
vn 0.7442 -0.3389 -0.5756
vn -0.0389 0.2327 -0.9718
vn -0.0890 0.8752 -0.4755
vn 0.5760 0.5264 -0.6254
vn 0.4737 -0.8199 0.3216
vn 0.9517 -0.3066 0.0139
vn 0.6884 -0.1391 0.7119
vn 0.1305 0.9898 -0.0579
vn 0.4214 0.6927 0.5853
vn 0.8239 0.5644 -0.0518
vn -0.0934 -0.9954 -0.0235
vn -0.7529 -0.6427 0.1419
vn -0.5318 -0.6084 -0.5891
vn -0.5107 0.8255 -0.2402
vn -0.6203 0.2565 -0.7412
vn -0.9805 0.1831 -0.0709
vn 0.0096 -0.8976 0.4408
vn 0.1347 -0.3265 0.9356
vn -0.5875 -0.4088 0.6984
vn -0.2911 0.9401 0.1775
vn -0.7751 0.4229 0.4694
vn -0.1177 0.5151 0.8490
vn 0.4507 -0.8913 0.0499
vn 0.8951 -0.3782 -0.2361
vn 0.0427 -0.1532 -0.9873
vn 0.7221 0.0379 -0.6908
vn 0.0618 0.9650 -0.2550
vn 0.6888 0.6061 -0.3978
vn 0.6616 0.2544 0.7054
vn 0.9783 0.2067 0.0104
vn 0.2877 -0.8667 0.4075
vn 0.3913 -0.3023 0.8692
vn -0.1012 0.9895 0.1027
vn 0.1851 0.6820 0.7076
vn -0.7221 -0.0379 0.6907
vn -0.0427 0.1532 0.9873
vn -0.0618 -0.9650 0.2550
vn -0.6889 -0.6060 0.3978
vn -0.4508 0.8912 -0.0498
vn -0.8951 0.3781 0.2362
vn -0.6615 -0.2544 -0.7054
vn -0.9784 -0.2067 -0.0102
vn 0.1012 -0.9895 -0.1027
vn -0.1851 -0.6820 -0.7076
vn -0.2877 0.8667 -0.4075
vn -0.3913 0.3022 -0.8692
vn 0.2025 -0.9663 0.1587
vn 0.9202 0.1323 -0.3683
vn -0.3349 -0.2206 -0.9161
vn -0.2025 0.9663 -0.1587
vn 0.3349 0.2206 0.9161
vn -0.9202 -0.1323 0.3683
vn 0.1629 -0.9192 -0.3584
vn -0.4609 -0.5932 -0.6600
vn 0.2091 -0.3323 -0.9197
vn -0.6256 0.2713 -0.7314
vn -0.3293 0.8949 -0.3012
vn 0.0828 0.5379 -0.8390
vn 0.5365 -0.8419 -0.0581
vn 0.7398 -0.3274 -0.5877
vn 0.9753 -0.1820 0.1248
vn 0.1069 0.9882 -0.1097
vn 0.7223 0.6600 0.2066
vn 0.6350 0.5480 -0.5446
vn -0.1288 -0.9914 0.0228
vn -0.5265 -0.6313 0.5695
vn -0.8076 -0.5730 -0.1393
vn -0.5145 0.8452 0.1447
vn -0.9356 0.2987 -0.1879
vn -0.8029 0.2071 0.5590
vn 0.2446 -0.9141 0.3233
vn 0.6741 -0.3657 0.6417
vn -0.0413 -0.4229 0.9052
vn -0.0783 0.9385 0.3363
vn -0.2959 0.4211 0.8574
vn 0.4577 0.4839 0.7459
vn 0.3463 -0.9021 -0.2573
vn 0.5369 -0.3880 -0.7492
vn -0.5874 -0.1152 -0.8010
vn 0.1358 0.0492 -0.9895
vn -0.0704 0.9727 -0.2213
vn 0.3158 0.6061 -0.7300
vn 0.9667 0.2122 0.1431
vn 0.7796 0.1848 -0.5984
vn 0.4426 -0.8880 0.1243
vn 0.8344 -0.3446 0.4302
vn 0.0259 0.9867 0.1603
vn 0.6133 0.6496 0.4493
vn -0.1358 -0.0492 0.9895
vn 0.5875 0.1152 0.8010
vn 0.0704 -0.9726 0.2213
vn -0.3159 -0.6060 0.7301
vn -0.3464 0.9021 0.2574
vn -0.5368 0.3882 0.7491
vn -0.9667 -0.2122 -0.1431
vn -0.7796 -0.1848 0.5984
vn -0.0258 -0.9867 -0.1603
vn -0.6133 -0.6497 -0.4493
vn -0.4426 0.8881 -0.1243
vn -0.8344 0.3444 -0.4302
vn 0.2170 -0.9760 -0.0187
vn 0.4954 0.1266 -0.8594
vn -0.8411 -0.1772 -0.5110
vn -0.2170 0.9760 0.0187
vn 0.8411 0.1772 0.5110
vn -0.4954 -0.1266 0.8594
vn 0.2333 -0.9345 -0.2690
vn -0.2070 -0.5815 -0.7867
vn 0.5255 -0.3634 -0.7692
vn -0.2806 0.2888 -0.9153
vn -0.1355 0.9047 -0.4039
vn 0.4294 0.5138 -0.7427
vn 0.4670 -0.8711 0.1517
vn 0.8878 -0.3803 -0.2590
vn 0.8406 -0.2322 0.4894
vn 0.1988 0.9782 -0.0597
vn 0.6257 0.6239 0.4683
vn 0.8262 0.5003 -0.2589
vn -0.1860 -0.9821 -0.0289
vn -0.7408 -0.5888 0.3233
vn -0.7249 -0.5311 -0.4388
vn -0.4799 0.8750 -0.0633
vn -0.7728 0.3454 -0.5324
vn -0.9420 0.2632 0.2082
vn 0.0477 -0.9188 0.3919
vn 0.3540 -0.3879 0.8510
vn -0.4097 -0.3999 0.8199
vn -0.1456 0.9486 0.2811
vn -0.5763 0.4555 0.6785
vn 0.1648 0.4745 0.8647
vn 0.3646 -0.9252 -0.1052
vn 0.7590 -0.4332 -0.4861
vn -0.2415 -0.1006 -0.9652
vn 0.5071 0.0198 -0.8616
vn 0.0774 0.9699 -0.2309
vn 0.6066 0.5716 -0.5526
vn 0.8488 0.1621 0.5033
vn 0.9588 0.1286 -0.2534
vn 0.3080 -0.9079 0.2842
vn 0.5840 -0.3802 0.7172
vn 0.0207 0.9871 0.1585
vn 0.4317 0.6248 0.6506
vn -0.5072 -0.0198 0.8616
vn 0.2416 0.1006 0.9652
vn -0.0773 -0.9699 0.2309
vn -0.6066 -0.5715 0.5526
vn -0.3647 0.9251 0.1052
vn -0.7589 0.4334 0.4860
vn -0.8488 -0.1621 -0.5032
vn -0.9588 -0.1286 0.2532
vn -0.0207 -0.9871 -0.1585
vn -0.4316 -0.6248 -0.6506
vn -0.3080 0.9080 -0.2841
vn -0.5840 0.3801 -0.7173
vn 0.1496 -0.9866 0.0654
vn 0.7934 0.0803 -0.6034
vn -0.5901 -0.1422 -0.7947
vn -0.1496 0.9866 -0.0654
vn 0.5901 0.1422 0.7947
vn -0.7934 -0.0803 0.6034
vn -0.1276 -0.9393 -0.3184
vn -0.7226 -0.4885 -0.4891
vn -0.0960 -0.3885 -0.9164
vn -0.7127 0.3893 -0.5835
vn -0.1955 0.9397 -0.2807
vn -0.0119 0.4891 -0.8721
vn 0.3153 -0.9414 -0.1197
vn 0.4881 -0.4958 -0.7183
vn 0.9150 -0.3927 -0.0927
vn 0.2838 0.9371 -0.2034
vn 0.8738 0.4861 -0.0160
vn 0.5846 0.3816 -0.7160
vn -0.3263 -0.9371 0.1244
vn -0.4936 -0.4864 0.7209
vn -0.9196 -0.3812 0.0947
vn -0.2727 0.9414 0.1986
vn -0.8680 0.4963 0.0134
vn -0.5801 0.3921 0.7140
vn 0.1166 -0.9391 0.3232
vn 0.7167 -0.4942 0.4922
vn 0.0915 -0.3850 0.9184
vn 0.2065 0.9387 0.2759
vn 0.0176 0.4934 0.8696
vn 0.7172 0.3841 0.5815
vn 0.0742 -0.9616 -0.2643
vn 0.2438 -0.5128 -0.8232
vn -0.7753 0.0029 -0.6316
vn -0.1017 -0.0020 -0.9948
vn 0.0854 0.9593 -0.2692
vn 0.2497 0.5057 -0.8258
vn 0.9948 -0.0061 -0.1018
vn 0.6315 -0.0057 -0.7753
vn 0.2612 -0.9618 0.0823
vn 0.8215 -0.5135 0.2480
vn 0.2724 0.9591 0.0774
vn 0.8274 0.5052 0.2455
vn 0.1017 0.0020 0.9948
vn 0.7753 -0.0029 0.6316
vn -0.0854 -0.9593 0.2692
vn -0.2497 -0.5057 0.8258
vn -0.0743 0.9616 0.2643
vn -0.2437 0.5128 0.8232
vn -0.9948 0.0061 0.1016
vn -0.6315 0.0057 0.7754
vn -0.2724 -0.9591 -0.0774
vn -0.8274 -0.5052 -0.2454
vn -0.2612 0.9618 -0.0823
vn -0.8215 0.5134 -0.2480
vn -0.0058 -1.0000 0.0026
vn 0.2867 -0.0041 -0.9580
vn -0.9580 0.0048 -0.2867
vn 0.0058 1.0000 -0.0026
vn 0.9580 -0.0048 0.2867
vn -0.2867 0.0041 0.9580
vn 0.0205 -0.9216 -0.3876
vn -0.6780 -0.6083 -0.4127
vn -0.1755 -0.3415 -0.9233
vn -0.8732 0.2529 -0.4165
vn -0.4394 0.8861 -0.1476
vn -0.2742 0.5277 -0.8040
vn 0.4821 -0.8351 -0.2651
vn 0.4439 -0.3250 -0.8351
vn 0.9454 -0.1665 -0.2803
vn 0.0353 0.9881 -0.1500
vn 0.7319 0.6727 -0.1082
vn 0.3496 0.5495 -0.7589
vn -0.0904 -0.9927 0.0796
vn -0.2390 -0.6309 0.7381
vn -0.7842 -0.5861 0.2039
vn -0.4271 0.8397 0.3354
vn -0.9368 0.2830 0.2055
vn -0.5111 0.2033 0.8352
vn 0.3713 -0.9062 0.2023
vn 0.8829 -0.3476 0.3158
vn 0.3369 -0.4113 0.8469
vn 0.0478 0.9417 0.3331
vn 0.0694 0.4284 0.9009
vn 0.7119 0.5001 0.4929
vn 0.2287 -0.9006 -0.3697
vn 0.1941 -0.3904 -0.8999
vn -0.8595 -0.1342 -0.4931
vn -0.2778 0.0379 -0.9599
vn -0.1718 0.9685 -0.1802
vn -0.0183 0.6006 -0.7994
vn 0.9377 0.2276 -0.2625
vn 0.4666 0.1877 -0.8643
vn 0.4711 -0.8800 -0.0600
vn 0.9433 -0.3269 0.0572
vn 0.0706 0.9891 0.1296
vn 0.7308 0.6641 0.1577
vn 0.2778 -0.0378 0.9599
vn 0.8595 0.1342 0.4931
vn 0.1718 -0.9685 0.1801
vn 0.0183 -0.6006 0.7994
vn -0.2287 0.9005 0.3697
vn -0.1941 0.3905 0.8999
vn -0.9377 -0.2276 0.2626
vn -0.4666 -0.1877 0.8643
vn -0.0706 -0.9890 -0.1296
vn -0.7309 -0.6640 -0.1577
vn -0.4711 0.8800 0.0601
vn -0.9433 0.3269 -0.0572
vn 0.2085 -0.9730 -0.0987
vn 0.1022 0.1221 -0.9873
vn -0.9727 -0.1958 -0.1249
vn -0.2085 0.9730 0.0987
vn 0.9727 0.1958 0.1249
vn -0.1022 -0.1221 0.9873
vn 0.2673 -0.9388 -0.2173
vn 0.0456 -0.5462 -0.8364
vn 0.7380 -0.3722 -0.5628
vn 0.0601 0.3302 -0.9420
vn 0.0516 0.9220 -0.3838
vn 0.6792 0.5080 -0.5298
vn 0.3472 -0.9010 0.2601
vn 0.9045 -0.4247 0.0382
vn 0.6130 -0.2948 0.7330
vn 0.2523 0.9660 0.0560
vn 0.4576 0.5726 0.6802
vn 0.8873 0.4576 0.0583
vn -0.2102 -0.9683 -0.1351
vn -0.8327 -0.5530 0.0274
vn -0.5566 -0.4751 -0.6815
vn -0.3890 0.9033 -0.1811
vn -0.5295 0.4050 -0.7454
vn -0.9436 0.3123 -0.1097
vn -0.1305 -0.9305 0.3422
vn 0.0260 -0.4314 0.9018
vn -0.6816 -0.3975 0.6143
vn -0.1885 0.9473 0.2589
vn -0.7506 0.4696 0.4647
vn -0.1165 0.4399 0.8905
vn 0.3356 -0.9418 -0.0186
vn 0.8581 -0.4635 -0.2210
vn 0.0959 -0.0594 -0.9936
vn 0.7697 0.0137 -0.6383
vn 0.1957 0.9697 -0.1464
vn 0.7837 0.5499 -0.2887
vn 0.6341 0.0977 0.7670
vn 0.9927 0.0788 0.0911
vn 0.1511 -0.9321 0.3292
vn 0.2878 -0.4336 0.8539
vn 0.0111 0.9794 0.2015
vn 0.2136 0.5800 0.7861
vn -0.7698 -0.0137 0.6381
vn -0.0958 0.0594 0.9936
vn -0.1956 -0.9697 0.1464
vn -0.7837 -0.5500 0.2887
vn -0.3356 0.9418 0.0186
vn -0.8580 0.4636 0.2210
vn -0.6343 -0.0977 -0.7669
vn -0.9927 -0.0788 -0.0911
vn -0.0111 -0.9794 -0.2014
vn -0.2136 -0.5800 -0.7861
vn -0.1511 0.9321 -0.3292
vn -0.2878 0.4336 -0.8539
vn 0.0729 -0.9951 0.0665
vn 0.9538 0.0501 -0.2961
vn -0.2913 -0.0850 -0.9528
vn -0.0729 0.9951 -0.0665
vn 0.2913 0.0850 0.9528
vn -0.9538 -0.0501 0.2961
vn 0.1323 -0.9905 -0.0367
vn 0.3056 -0.9328 -0.1908
vn 0.7183 -0.6906 -0.0848
vn 0.3135 0.9341 -0.1708
vn 0.1092 0.9938 -0.0228
vn 0.6291 0.7761 -0.0445
vn 0.1014 -0.9946 0.0209
vn 0.6233 -0.7813 0.0331
vn 0.3088 -0.9367 0.1650
vn 0.1411 0.9894 0.0342
vn 0.3167 0.9303 0.1851
vn 0.7254 0.6845 0.0716
vn -0.1098 -0.9931 -0.0422
vn -0.6299 -0.7751 -0.0498
vn -0.3167 -0.9303 -0.1851
vn -0.1328 0.9911 -0.0130
vn -0.3088 0.9367 -0.1651
vn -0.7196 0.6921 -0.0568
vn -0.1407 -0.9899 0.0155
vn -0.3135 -0.9341 0.1707
vn -0.7241 -0.6861 0.0700
vn -0.1009 0.9939 0.0441
vn -0.6225 0.7802 0.0612
vn -0.3056 0.9328 0.1908
vn 0.1326 -0.9911 -0.0119
vn 0.6236 -0.7816 -0.0141
vn 0.8635 0.0018 -0.5043
vn 0.9943 -0.0031 -0.1067
vn 0.1409 0.9900 0.0094
vn 0.6302 0.7764 0.0026
vn 0.8726 -0.0089 0.4884
vn 0.9961 -0.0052 0.0885
vn -0.0039 -0.9998 0.0220
vn -0.0024 -0.9843 0.1767
vn 0.0045 0.9990 0.0434
vn 0.0058 0.9802 0.1978
vn -0.9943 0.0031 0.1067
vn -0.8636 -0.0018 0.5043
vn -0.1410 -0.9900 -0.0094
vn -0.6302 -0.7764 -0.0026
vn -0.1326 0.9911 0.0119
vn -0.6236 0.7816 0.0141
vn -0.8726 0.0089 -0.4884
vn -0.9961 0.0052 -0.0885
vn -0.0045 -0.9990 -0.0434
vn -0.0058 -0.9802 -0.1977
vn 0.0039 0.9998 -0.0220
vn 0.0024 0.9843 -0.1767
vn -0.0042 -0.9999 -0.0107
vn 0.9999 -0.0041 -0.0091
vn -0.0091 0.0108 -0.9999
vn 0.0042 0.9999 0.0107
vn 0.0091 -0.0108 0.9999
vn -0.9999 0.0041 0.0091
vn 0.1400 -0.9896 -0.0341
vn 0.3126 -0.9310 -0.1885
vn 0.7236 -0.6852 -0.0836
vn 0.3060 0.9361 -0.1737
vn 0.1014 0.9945 -0.0257
vn 0.6230 0.7808 -0.0473
vn 0.1091 -0.9937 0.0235
vn 0.6294 -0.7763 0.0346
vn 0.3163 -0.9338 0.1673
vn 0.1335 0.9906 0.0313
vn 0.3096 0.9332 0.1822
vn 0.7201 0.6905 0.0689
vn -0.1021 -0.9940 -0.0393
vn -0.6239 -0.7801 -0.0470
vn -0.3097 -0.9332 -0.1822
vn -0.1405 0.9900 -0.0156
vn -0.3163 0.9338 -0.1673
vn -0.7251 0.6862 -0.0580
vn -0.1329 -0.9910 0.0184
vn -0.3060 -0.9361 0.1737
vn -0.7188 -0.6915 0.0727
vn -0.1085 0.9932 0.0415
vn -0.6285 0.7755 0.0597
vn -0.3126 0.9310 0.1885
vn 0.1403 -0.9901 -0.0093
vn 0.6296 -0.7768 -0.0126
vn 0.8630 0.0071 -0.5052
vn 0.9942 0.0044 -0.1077
vn 0.1332 0.9911 0.0065
vn 0.6242 0.7813 -0.0002
vn 0.8731 -0.0008 0.4875
vn 0.9962 0.0028 0.0875
vn 0.0039 -0.9997 0.0247
vn 0.0054 -0.9838 0.1794
vn -0.0032 0.9992 0.0406
vn -0.0016 0.9808 0.1950
vn -0.9942 -0.0044 0.1077
vn -0.8630 -0.0071 0.5052
vn -0.1332 -0.9911 -0.0065
vn -0.6241 -0.7813 0.0002
vn -0.1403 0.9901 0.0093
vn -0.6297 0.7768 0.0126
vn -0.8731 0.0008 -0.4875
vn -0.9962 -0.0028 -0.0875
vn 0.0032 -0.9992 -0.0406
vn 0.0016 -0.9808 -0.1950
vn -0.0039 0.9997 -0.0247
vn -0.0054 0.9838 -0.1794
vn 0.0036 -1.0000 -0.0079
vn 0.9999 0.0036 -0.0102
vn -0.0102 0.0079 -0.9999
vn -0.0036 1.0000 0.0079
vn 0.0102 -0.0079 0.9999
vn -0.9999 -0.0036 0.0102
vn 0.6323 -0.4458 -0.6336
vn 0.2999 -0.1168 -0.9468
vn 0.9201 -0.0889 -0.3815
vn 0.3810 0.0805 -0.9211
vn 0.6356 0.4377 -0.6360
vn 0.9471 0.1088 -0.3018
vn 0.6331 -0.4424 0.6351
vn 0.9466 -0.1158 0.3007
vn 0.3816 -0.0833 0.9205
vn 0.6364 0.4411 0.6328
vn 0.3020 0.1146 0.9464
vn 0.9211 0.0820 0.3805
vn -0.6364 -0.4411 -0.6327
vn -0.9475 -0.1105 -0.3000
vn -0.3822 -0.0854 -0.9201
vn -0.6331 0.4424 -0.6351
vn -0.3012 0.1117 -0.9470
vn -0.9205 0.0868 -0.3809
vn -0.6356 -0.4377 0.6359
vn -0.3008 -0.1095 0.9474
vn -0.9207 -0.0800 0.3820
vn -0.6323 0.4458 0.6336
vn -0.9463 0.1175 0.3012
vn -0.3804 0.0883 0.9206
vn 0.8185 -0.5745 0.0010
vn 0.9925 -0.1223 -0.0003
vn 0.3821 -0.0039 -0.9241
vn 0.9236 -0.0045 -0.3833
vn 0.8227 0.5684 -0.0021
vn 0.9934 0.1149 -0.0010
vn 0.3833 0.0011 0.9236
vn 0.9242 -0.0024 0.3820
vn -0.0016 -0.5693 0.8221
vn 0.0002 -0.1160 0.9933
vn 0.0027 0.5737 0.8191
vn 0.0011 0.1213 0.9926
vn -0.9236 0.0045 0.3832
vn -0.3820 0.0039 0.9242
vn -0.8227 -0.5684 0.0021
vn -0.9934 -0.1150 0.0010
vn -0.8185 0.5745 -0.0010
vn -0.9925 0.1223 0.0003
vn -0.3832 -0.0011 -0.9237
vn -0.9241 0.0024 -0.3821
vn -0.0027 -0.5737 -0.8191
vn -0.0011 -0.1213 -0.9926
vn 0.0016 0.5693 -0.8221
vn -0.0002 0.1160 -0.9933
vn -0.0037 -1.0000 0.0027
vn 1.0000 -0.0037 -0.0007
vn -0.0007 -0.0027 -1.0000
vn 0.0037 1.0000 -0.0027
vn 0.0007 0.0027 1.0000
vn -1.0000 0.0037 0.0007
vn 0.6368 -0.4467 -0.6284
vn 0.3020 -0.1237 -0.9453
vn 0.9212 -0.0848 -0.3798
vn 0.3814 0.0746 -0.9214
vn 0.6326 0.4367 -0.6396
vn 0.9465 0.1139 -0.3019
vn 0.6361 -0.4307 0.6402
vn 0.9473 -0.1048 0.3028
vn 0.3812 -0.0709 0.9218
vn 0.6319 0.4528 0.6290
vn 0.2998 0.1266 0.9456
vn 0.9200 0.0936 0.3807
vn -0.6319 -0.4528 -0.6291
vn -0.9462 -0.1215 -0.3000
vn -0.3804 -0.0979 -0.9196
vn -0.6362 0.4307 -0.6402
vn -0.3010 0.0997 -0.9484
vn -0.9208 0.0751 -0.3827
vn -0.6326 -0.4367 0.6396
vn -0.3009 -0.1026 0.9481
vn -0.9204 -0.0840 0.3819
vn -0.6368 0.4467 0.6285
vn -0.9476 0.1124 0.2990
vn -0.3821 0.0942 0.9193
vn 0.8234 -0.5675 0.0076
vn 0.9935 -0.1139 0.0020
vn 0.3831 -0.0099 -0.9237
vn 0.9241 -0.0004 -0.3821
vn 0.8178 0.5754 -0.0069
vn 0.9924 0.1234 -0.0010
vn 0.3822 0.0135 0.9240
vn 0.9237 0.0093 0.3831
vn 0.0023 -0.5610 0.8278
vn 0.0001 -0.1061 0.9944
vn -0.0032 0.5818 0.8133
vn -0.0011 0.1312 0.9914
vn -0.9241 0.0004 0.3822
vn -0.3831 0.0099 0.9237
vn -0.8179 -0.5754 0.0069
vn -0.9924 -0.1234 0.0010
vn -0.8234 0.5675 -0.0076
vn -0.9935 0.1138 -0.0020
vn -0.3822 -0.0135 -0.9240
vn -0.9237 -0.0093 -0.3830
vn 0.0032 -0.5818 -0.8133
vn 0.0011 -0.1312 -0.9914
vn -0.0023 0.5611 -0.8278
vn -0.0001 0.1060 -0.9944
vn 0.0048 -0.9999 0.0127
vn 1.0000 0.0048 0.0005
vn 0.0005 -0.0127 -0.9999
vn -0.0048 0.9999 -0.0127
vn -0.0005 0.0127 0.9999
vn -1.0000 -0.0048 -0.0005
vn 0.6339 -0.4515 -0.6279
vn 0.3020 -0.1256 -0.9450
vn 0.9209 -0.0920 -0.3788
vn 0.3830 0.0720 -0.9209
vn 0.6368 0.4320 -0.6387
vn 0.9478 0.1064 -0.3007
vn 0.6319 -0.4361 0.6407
vn 0.9461 -0.1125 0.3038
vn 0.3796 -0.0745 0.9221
vn 0.6348 0.4474 0.6300
vn 0.2999 0.1236 0.9459
vn 0.9203 0.0861 0.3816
vn -0.6348 -0.4474 -0.6299
vn -0.9468 -0.1137 -0.3010
vn -0.3801 -0.0943 -0.9201
vn -0.6320 0.4361 -0.6407
vn -0.2991 0.1026 -0.9487
vn -0.9197 0.0828 -0.3838
vn -0.6368 -0.4320 0.6386
vn -0.3028 -0.1007 0.9477
vn -0.9214 -0.0768 0.3809
vn -0.6339 0.4515 0.6280
vn -0.9470 0.1198 0.2979
vn -0.3824 0.0968 0.9189
vn 0.8187 -0.5741 0.0082
vn 0.9925 -0.1218 0.0030
vn 0.3841 -0.0124 -0.9232
vn 0.9245 -0.0076 -0.3812
vn 0.8225 0.5688 -0.0056
vn 0.9933 0.1154 0.0001
vn 0.3812 0.0100 0.9244
vn 0.9233 0.0016 0.3840
vn -0.0031 -0.5615 0.8275
vn -0.0019 -0.1066 0.9943
vn 0.0006 0.5814 0.8136
vn -0.0011 0.1307 0.9914
vn -0.9245 0.0076 0.3811
vn -0.3841 0.0124 0.9232
vn -0.8225 -0.5688 0.0056
vn -0.9933 -0.1154 -0.0001
vn -0.8187 0.5741 -0.0082
vn -0.9925 0.1218 -0.0030
vn -0.3813 -0.0100 -0.9244
vn -0.9233 -0.0016 -0.3841
vn -0.0006 -0.5814 -0.8136
vn 0.0011 -0.1307 -0.9914
vn 0.0031 0.5615 -0.8275
vn 0.0019 0.1066 -0.9943
vn -0.0033 -0.9999 0.0121
vn 1.0000 -0.0033 0.0016
vn 0.0015 -0.0121 -0.9999
vn 0.0033 0.9999 -0.0121
vn -0.0015 0.0121 0.9999
vn -1.0000 0.0033 -0.0016
vn 0.6391 -0.4327 -0.6359
vn 0.3075 -0.1001 -0.9463
vn 0.9232 -0.0784 -0.3761
vn 0.3876 0.0971 -0.9167
vn 0.6382 0.4508 -0.6240
vn 0.9488 0.1180 -0.2929
vn 0.6304 -0.4497 0.6327
vn 0.9450 -0.1164 0.3058
vn 0.3751 -0.0965 0.9220
vn 0.6296 0.4338 0.6445
vn 0.2945 0.1006 0.9504
vn 0.9179 0.0801 0.3887
vn -0.6296 -0.4338 -0.6446
vn -0.9447 -0.1099 -0.3090
vn -0.3749 -0.0723 -0.9242
vn -0.6305 0.4497 -0.6327
vn -0.2946 0.1256 -0.9473
vn -0.9181 0.0887 -0.3864
vn -0.6382 -0.4509 0.6240
vn -0.3073 -0.1261 0.9432
vn -0.9231 -0.0903 0.3738
vn -0.6391 0.4326 0.6359
vn -0.9491 0.1082 0.2959
vn -0.3878 0.0716 0.9190
vn 0.8212 -0.5707 -0.0021
vn 0.9930 -0.1178 0.0052
vn 0.3890 0.0128 -0.9211
vn 0.9265 0.0060 -0.3762
vn 0.8200 0.5722 0.0133
vn 0.9928 0.1195 0.0084
vn 0.3763 -0.0121 0.9264
vn 0.9212 -0.0043 0.3890
vn -0.0050 -0.5825 0.8128
vn -0.0067 -0.1320 0.9912
vn -0.0062 0.5604 0.8282
vn -0.0069 0.1052 0.9944
vn -0.9265 -0.0060 0.3763
vn -0.3891 -0.0128 0.9211
vn -0.8200 -0.5722 -0.0133
vn -0.9928 -0.1195 -0.0084
vn -0.8212 0.5707 0.0021
vn -0.9930 0.1177 -0.0052
vn -0.3764 0.0121 -0.9264
vn -0.9212 0.0043 -0.3889
vn 0.0062 -0.5604 -0.8282
vn 0.0069 -0.1052 -0.9944
vn 0.0050 0.5824 -0.8129
vn 0.0067 0.1320 -0.9912
vn 0.0010 -0.9999 -0.0135
vn 1.0000 0.0009 0.0068
vn 0.0068 0.0135 -0.9999
vn -0.0010 0.9999 0.0135
vn -0.0068 -0.0135 0.9999
vn -1.0000 -0.0009 -0.0068
vn 0.1975 -0.8381 -0.5086
vn 0.1967 -0.2031 -0.9592
vn 0.8228 -0.3153 -0.4729
vn 0.1457 0.2842 -0.9476
vn 0.2610 0.8817 -0.3930
vn 0.8198 0.3313 -0.4671
vn 0.2770 -0.8792 0.3877
vn 0.8320 -0.3235 0.4508
vn 0.1670 -0.2827 0.9446
vn 0.1996 0.8399 0.5046
vn 0.2136 0.2050 0.9552
vn 0.8290 0.3231 0.4566
vn -0.2689 -0.8746 -0.4033
vn -0.8290 -0.3231 -0.4565
vn -0.1644 -0.2674 -0.9495
vn -0.2074 0.8469 -0.4896
vn -0.2156 0.2200 -0.9514
vn -0.8320 0.3235 -0.4508
vn -0.1897 -0.8488 0.4935
vn -0.1947 -0.2220 0.9554
vn -0.8198 -0.3312 0.4671
vn -0.2692 0.8721 0.4086
vn -0.8228 0.3153 0.4728
vn -0.1482 0.2659 0.9525
vn 0.8750 -0.4840 -0.0129
vn 0.7750 0.0092 -0.6319
vn 0.7874 -0.0018 0.6165
vn 0.0090 -0.8651 0.5015
vn -0.8750 0.4839 0.0129
vn -0.0082 -0.2699 -0.9628
vn -0.0090 0.8651 -0.5016
vn -0.0108 0.2869 -0.9579
vn 0.2431 -0.8404 -0.4844
vn 0.2573 -0.2191 -0.9411
vn 0.8173 -0.3997 -0.4149
vn 0.2004 0.2578 -0.9452
vn 0.3030 0.8634 -0.4033
vn 0.7875 0.2952 -0.5410
vn 0.2903 -0.8583 0.4231
vn 0.7547 -0.2820 0.5923
vn 0.1415 -0.2548 0.9566
vn 0.1958 0.8441 0.4991
vn 0.1903 0.2229 0.9561
vn 0.7809 0.4135 0.4682
vn -0.2763 -0.8746 -0.3985
vn -0.7499 -0.3109 -0.5839
vn -0.1371 -0.2841 -0.9489
vn -0.2094 0.8263 -0.5228
vn -0.1937 0.1926 -0.9620
vn -0.7874 0.3873 -0.4795
vn -0.2295 -0.8301 0.5082
vn -0.2539 -0.1964 0.9471
vn -0.8108 -0.4010 0.4263
vn -0.3171 0.8695 0.3787
vn -0.7923 0.2977 0.5325
vn -0.2048 0.2812 0.9376
vn 0.8271 -0.0013 -0.5621
vn 0.7878 0.0152 0.6158
vn -0.0344 0.2869 0.9573
vn -0.7877 -0.0152 -0.6158
vn 0.0344 -0.2869 -0.9573
vn 0.2113 -0.8700 -0.4454
vn 0.2395 -0.2368 -0.9416
vn 0.7982 -0.4352 -0.4165
vn 0.1780 0.3320 -0.9264
vn 0.2686 0.9037 -0.3335
vn 0.7786 0.3467 -0.5230
vn 0.2825 -0.8999 0.3323
vn 0.7857 -0.3358 0.5195
vn 0.1867 -0.3295 0.9255
vn 0.2012 0.8729 0.4445
vn 0.2404 0.2402 0.9405
vn 0.7939 0.4463 0.4129
vn -0.2701 -0.8963 -0.3516
vn -0.7811 -0.3354 -0.5268
vn -0.1822 -0.3121 -0.9324
vn -0.2133 0.8794 -0.4256
vn -0.2438 0.2569 -0.9352
vn -0.8001 0.4440 -0.4034
vn -0.1992 -0.8823 0.4266
vn -0.2360 -0.2603 0.9362
vn -0.7920 -0.4551 0.4069
vn -0.2810 0.8925 0.3528
vn -0.7833 0.3246 0.5302
vn -0.1824 0.3096 0.9332
vn 0.8290 0.0117 -0.5591
vn 0.8316 -0.0002 0.5554
vn -0.8290 -0.0117 0.5591
vn 0.0001 -0.3161 -0.9487
vn 0.2291 -0.8117 -0.5372
vn 0.2218 -0.1870 -0.9570
vn 0.7944 -0.3848 -0.4699
vn 0.1694 0.2519 -0.9528
vn 0.2912 0.8565 -0.4261
vn 0.7545 0.2954 -0.5861
vn 0.2931 -0.8515 0.4347
vn 0.7419 -0.2827 0.6081
vn 0.1456 -0.2492 0.9575
vn 0.1993 0.8154 0.5435
vn 0.1903 0.1906 0.9631
vn 0.7735 0.3982 0.4931
vn -0.2785 -0.8544 -0.4388
vn -0.7369 -0.2925 -0.6095
vn -0.1413 -0.2472 -0.9586
vn -0.2133 0.8144 -0.5397
vn -0.1936 0.1919 -0.9621
vn -0.7803 0.3871 -0.4913
vn -0.2151 -0.8181 0.5333
vn -0.2185 -0.1953 0.9561
vn -0.7877 -0.4006 0.4681
vn -0.3059 0.8494 0.4301
vn -0.7594 0.2796 0.5874
vn -0.1737 0.2444 0.9540
vn -0.7904 -0.0082 0.6126
vn -0.8979 0.4401 -0.0121
vn -0.1956 0.0006 -0.9807
vn 0.0009 0.8357 -0.5492
vn 0.0121 0.2537 -0.9672
vn 0.1926 -0.8674 -0.4588
vn 0.2111 -0.2417 -0.9471
vn 0.7768 -0.4478 -0.4429
vn 0.1611 0.2877 -0.9441
vn 0.2740 0.8833 -0.3804
vn 0.7592 0.3172 -0.5683
vn 0.2713 -0.8866 0.3745
vn 0.7673 -0.3264 0.5519
vn 0.1779 -0.2898 0.9404
vn 0.2130 0.8649 0.4544
vn 0.2344 0.2390 0.9423
vn 0.7915 0.4382 0.4260
vn -0.2819 -0.8908 -0.3564
vn -0.7713 -0.3286 -0.5451
vn -0.1815 -0.3068 -0.9343
vn -0.2027 0.8580 -0.4720
vn -0.2316 0.2226 -0.9470
vn -0.7863 0.4389 -0.4349
vn -0.2029 -0.8555 0.4764
vn -0.2139 -0.2198 0.9518
vn -0.7820 -0.4293 0.4518
vn -0.2633 0.8941 0.3622
vn -0.7553 0.3378 0.5616
vn -0.1575 0.3089 0.9380
vn 0.8015 -0.0109 -0.5979
vn 0.8756 0.4827 -0.0144
vn -0.8015 0.0109 0.5979
vn -0.8756 -0.4828 0.0144
vn -0.8142 -0.0011 -0.5805
vn -0.0085 0.2929 -0.9561
vn 0.1986 -0.8472 -0.4928
vn 0.1873 -0.2220 -0.9569
vn 0.8199 -0.3187 -0.4755
vn 0.1324 0.2649 -0.9551
vn 0.2492 0.8752 -0.4147
vn 0.8117 0.3277 -0.4835
vn 0.2887 -0.8684 0.4031
vn 0.8398 -0.3071 0.4478
vn 0.1801 -0.2611 0.9484
vn 0.1984 0.8521 0.4842
vn 0.2228 0.2272 0.9480
vn 0.8314 0.3394 0.4399
vn -0.2663 -0.8852 -0.3814
vn -0.8315 -0.3394 -0.4399
vn -0.1731 -0.2890 -0.9416
vn -0.2200 0.8345 -0.5051
vn -0.2283 0.1979 -0.9533
vn -0.8397 0.3071 -0.4479
vn -0.1771 -0.8395 0.5137
vn -0.1819 -0.2031 0.9621
vn -0.8117 -0.3278 0.4835
vn -0.2716 0.8785 0.3930
vn -0.8199 0.3188 0.4755
vn -0.1395 0.2850 0.9483
vn 0.8788 -0.4771 -0.0128
vn 0.7677 0.0019 -0.6408
vn 0.2309 0.0150 0.9729
vn 0.7944 0.0177 0.6072
vn 0.0219 -0.8540 0.5198
vn -0.0001 0.8669 0.4984
vn 0.0170 0.2905 0.9567
vn -0.2309 -0.0150 -0.9729
vn -0.7944 -0.0177 -0.6072
vn -0.0170 -0.2906 -0.9567
vn -0.0219 0.8541 -0.5197
vn 0.2165 -0.8386 -0.4999
vn 0.2320 -0.2120 -0.9493
vn 0.8002 -0.4094 -0.4382
vn 0.1838 0.2658 -0.9463
vn 0.3098 0.8627 -0.3997
vn 0.7805 0.2876 -0.5551
vn 0.2838 -0.8687 0.4060
vn 0.7625 -0.3031 0.5716
vn 0.1582 -0.2693 0.9500
vn 0.2226 0.8341 0.5047
vn 0.2159 0.2075 0.9541
vn 0.7988 0.3933 0.4553
vn -0.3013 -0.8644 -0.4026
vn -0.7685 -0.2899 -0.5704
vn -0.1636 -0.2698 -0.9489
vn -0.2058 0.8365 -0.5079
vn -0.2117 0.2080 -0.9549
vn -0.7907 0.4075 -0.4568
vn -0.2333 -0.8321 0.5032
vn -0.2362 -0.2035 0.9502
vn -0.8083 -0.3915 0.4398
vn -0.2924 0.8703 0.3963
vn -0.7745 0.3054 0.5539
vn -0.1784 0.2731 0.9453
vn -0.0130 -0.2716 0.9623
vn -0.8141 0.0093 0.5807
vn -0.2394 0.0043 0.9709
vn -0.8895 0.4567 -0.0104
vn -0.2185 0.0003 -0.9758
vn -0.8015 0.0069 -0.5979
vn -0.0031 -0.8573 -0.5149
vn 0.2067 -0.8749 -0.4379
vn 0.2570 -0.2438 -0.9351
vn 0.8001 -0.4500 -0.3968
vn 0.2048 0.3260 -0.9229
vn 0.2914 0.8980 -0.3298
vn 0.7962 0.3318 -0.5059
vn 0.2595 -0.9035 0.3412
vn 0.7677 -0.3474 0.5384
vn 0.1597 -0.3296 0.9305
vn 0.2057 0.8708 0.4465
vn 0.2227 0.2390 0.9451
vn 0.7917 0.4341 0.4299
vn -0.2771 -0.8928 -0.3552
vn -0.7743 -0.3239 -0.5437
vn -0.1660 -0.3119 -0.9355
vn -0.1885 0.8815 -0.4329
vn -0.2178 0.2580 -0.9413
vn -0.7829 0.4562 -0.4229
vn -0.2239 -0.8774 0.4243
vn -0.2619 -0.2533 0.9313
vn -0.8088 -0.4403 0.3898
vn -0.2738 0.8983 0.3437
vn -0.7897 0.3394 0.5111
vn -0.1985 0.3156 0.9279
vn 0.2678 0.0049 -0.9635
vn 0.8774 0.4793 0.0219
vn -0.0005 0.8920 0.4520
vn -0.0165 0.3192 0.9476
vn -0.2678 -0.0049 0.9635
vn -0.8773 -0.4794 -0.0219
vn 0.0005 -0.8920 -0.4520
vn 0.1938 -0.8247 -0.5313
vn 0.1836 -0.2068 -0.9610
vn 0.7694 -0.4081 -0.4914
vn 0.1400 0.2331 -0.9623
vn 0.2923 0.8435 -0.4505
vn 0.7386 0.2709 -0.6173
vn 0.2919 -0.8501 0.4382
vn 0.7576 -0.2876 0.5859
vn 0.1750 -0.2366 0.9557
vn 0.2345 0.8199 0.5223
vn 0.2284 0.2022 0.9523
vn 0.7983 0.3904 0.4585
vn -0.3106 -0.8555 -0.4142
vn -0.7639 -0.2873 -0.5779
vn -0.1804 -0.2596 -0.9487
vn -0.2166 0.8098 -0.5453
vn -0.2243 0.1802 -0.9577
vn -0.7898 0.3948 -0.4695
vn -0.2117 -0.8049 0.5543
vn -0.1878 -0.1755 0.9664
vn -0.7780 -0.3771 0.5025
vn -0.2736 0.8622 0.4264
vn -0.7323 0.3042 0.6093
vn -0.1345 0.2632 0.9553
vn 0.7679 -0.0175 -0.6403
vn 0.8988 0.4377 -0.0251
vn 0.7943 -0.0001 0.6076
vn 0.0025 -0.8266 0.5628
vn 0.0177 -0.2378 0.9712
vn -0.7943 0.0001 -0.6076
vn -0.0208 -0.8418 -0.5393
vn -0.0025 0.8266 -0.5629
vn -0.0177 0.2378 -0.9711
vn 0.2106 -0.8654 -0.4546
vn 0.2254 -0.2406 -0.9441
vn 0.7883 -0.4370 -0.4331
vn 0.1674 0.2881 -0.9428
vn 0.2650 0.8865 -0.3793
vn 0.7608 0.3274 -0.5604
vn 0.2802 -0.8817 0.3796
vn 0.7659 -0.3140 0.5612
vn 0.1716 -0.2851 0.9430
vn 0.1950 0.8690 0.4548
vn 0.2202 0.2445 0.9443
vn 0.7801 0.4508 0.4340
vn -0.2646 -0.8956 -0.3576
vn -0.7601 -0.3412 -0.5531
vn -0.1664 -0.3114 -0.9356
vn -0.2101 0.8539 -0.4762
vn -0.2242 0.2171 -0.9500
vn -0.7877 0.4262 -0.4448
vn -0.1955 -0.8574 0.4760
vn -0.2213 -0.2210 0.9498
vn -0.7806 -0.4399 0.4440
vn -0.2807 0.8908 0.3572
vn -0.7665 0.3277 0.5523
vn -0.1727 0.3084 0.9354
vn 0.8771 -0.4803 0.0065
vn 0.2295 -0.0100 -0.9732
vn 0.8685 0.4957 -0.0056
vn 0.8075 0.0144 0.5896
vn -0.0032 0.3145 0.9493
vn -0.8082 0.0002 0.5889
vn -0.2295 0.0100 0.9733
vn 0.4171 -0.8708 -0.2603
vn 0.4957 -0.3147 -0.8095
vn 0.9564 -0.2618 -0.1292
vn 0.4873 0.3422 -0.8034
vn 0.4939 0.8523 -0.1724
vn 0.9586 0.2267 -0.1723
vn 0.5048 -0.8398 0.1998
vn 0.9531 -0.2027 0.2247
vn 0.4509 -0.3305 0.8291
vn 0.3803 0.8808 0.2822
vn 0.4425 0.3264 0.8352
vn 0.9411 0.2856 0.1813
vn -0.4833 -0.8485 -0.2156
vn -0.9477 -0.2228 -0.2286
vn -0.4425 -0.3265 -0.8352
vn -0.4027 0.8759 -0.2658
vn -0.4510 0.3306 -0.8290
vn -0.9481 0.2648 -0.1761
vn -0.3947 -0.8859 0.2439
vn -0.4873 -0.3423 0.8034
vn -0.9494 -0.2885 0.1241
vn -0.5154 0.8360 0.1882
vn -0.9641 0.1988 0.1762
vn -0.4957 0.3147 0.8095
vn 0.6540 0.0154 -0.7563
vn 0.6118 0.0004 0.7910
vn 0.9726 0.0102 0.2321
vn -0.6541 -0.0154 0.7562
vn -0.5200 0.8541 -0.0059
vn 0.3923 -0.8669 -0.3076
vn 0.5438 -0.2973 -0.7848
vn 0.9421 -0.2681 -0.2014
vn 0.4258 0.4099 -0.8067
vn 0.4959 0.8376 -0.2292
vn 0.9448 0.2098 -0.2516
vn 0.5126 -0.8365 0.1937
vn 0.9606 -0.2078 0.1845
vn 0.4823 -0.4089 0.7747
vn 0.4111 0.8677 0.2793
vn 0.5970 0.2985 0.7446
vn 0.9534 0.2701 0.1346
vn -0.5110 -0.8360 -0.1999
vn -0.9602 -0.2083 -0.1860
vn -0.4816 -0.4041 -0.7776
vn -0.4128 0.8690 -0.2730
vn -0.5976 0.3029 -0.7424
vn -0.9539 0.2693 -0.1326
vn -0.3907 -0.8698 0.3013
vn -0.5432 -0.3041 0.7826
vn -0.9416 -0.2713 0.1995
vn -0.4975 0.8350 0.2354
vn -0.9452 0.2062 0.2532
vn -0.4265 0.4032 0.8096
vn 0.9661 0.0019 -0.2581
vn 0.9610 0.2746 -0.0329
vn 0.3369 -0.9036 -0.2644
vn 0.5315 -0.3483 -0.7721
vn 0.9280 -0.3290 -0.1747
vn 0.4212 0.4449 -0.7904
vn 0.4430 0.8728 -0.2050
vn 0.9420 0.2406 -0.2338
vn 0.4288 -0.8794 0.2068
vn 0.9373 -0.2549 0.2378
vn 0.4110 -0.4512 0.7922
vn 0.3494 0.8984 0.2659
vn 0.5335 0.3402 0.7744
vn 0.9322 0.3149 0.1786
vn -0.4422 -0.8747 -0.1983
vn -0.9411 -0.2429 -0.2354
vn -0.4179 -0.4526 -0.7878
vn -0.3358 0.9010 -0.2746
vn -0.5283 0.3408 -0.7777
vn -0.9273 0.3273 -0.1817
vn -0.3505 -0.8958 0.2732
vn -0.5367 -0.3327 0.7754
vn -0.9329 -0.3131 0.1778
vn -0.4297 0.8814 0.1964
vn -0.9382 0.2572 0.2314
vn -0.4143 0.4589 0.7860
vn 0.5646 -0.0003 0.8253
vn 0.9697 -0.0062 0.2443
vn -0.9707 0.0085 0.2402
vn -0.5646 0.0003 -0.8253
vn -0.9697 0.0062 -0.2443
vn -0.0020 -0.5012 -0.8653
vn 0.4074 -0.8805 -0.2426
vn 0.4913 -0.3368 -0.8033
vn 0.9534 -0.2747 -0.1247
vn 0.4900 0.3202 -0.8108
vn 0.5028 0.8432 -0.1906
vn 0.9608 0.2126 -0.1779
vn 0.4960 -0.8408 0.2167
vn 0.9512 -0.2083 0.2279
vn 0.4484 -0.3181 0.8353
vn 0.3901 0.8823 0.2634
vn 0.4471 0.3389 0.8278
vn 0.9443 0.2791 0.1743
vn -0.4926 -0.8475 -0.1974
vn -0.9503 -0.2172 -0.2230
vn -0.4471 -0.3390 -0.8278
vn -0.3936 0.8745 -0.2835
vn -0.4484 0.3181 -0.8353
vn -0.9454 0.2713 -0.1806
vn -0.4038 -0.8763 0.2627
vn -0.4899 -0.3203 0.8108
vn -0.9523 -0.2756 0.1310
vn -0.5061 0.8453 0.1713
vn -0.9617 0.2128 0.1730
vn -0.4912 0.3368 0.8033
vn 0.6532 -0.0073 -0.7571
vn 0.5074 0.8617 0.0035
vn 0.9596 0.2807 0.0219
vn 0.6127 0.0102 0.7902
vn -0.9837 0.0001 0.1797
vn -0.6533 0.0073 0.7571
vn -0.5073 -0.8617 -0.0035
vn -0.9596 -0.2807 -0.0219
vn -0.9607 0.2763 -0.0283
vn -0.6127 -0.0102 -0.7902
vn 0.4048 -0.8668 -0.2913
vn 0.5652 -0.2997 -0.7686
vn 0.9484 -0.2640 -0.1755
vn 0.4439 0.4066 -0.7985
vn 0.4968 0.8388 -0.2227
vn 0.9497 0.2135 -0.2291
vn 0.5121 -0.8322 0.2127
vn 0.9568 -0.2010 0.2103
vn 0.4648 -0.4006 0.7896
vn 0.3991 0.8720 0.2834
vn 0.5763 0.3073 0.7573
vn 0.9481 0.2765 0.1568
vn -0.5011 -0.8403 -0.2067
vn -0.9540 -0.2151 -0.2088
vn -0.4594 -0.4124 -0.7867
vn -0.4106 0.8646 -0.2896
vn -0.5802 0.2941 -0.7595
vn -0.9517 0.2629 -0.1587
vn -0.3934 -0.8699 0.2975
vn -0.5612 -0.3017 0.7707
vn -0.9448 -0.2753 0.1775
vn -0.5079 0.8337 0.2167
vn -0.9525 0.2026 0.2276
vn -0.4492 0.4064 0.7956
vn 0.9724 0.0056 -0.2334
vn 0.5109 0.8596 -0.0082
vn -0.9724 -0.0056 0.2334
vn -0.5905 -0.0010 0.8070
vn -0.9767 -0.0072 -0.2143
vn 0.3395 -0.8998 -0.2739
vn 0.5369 -0.3377 -0.7731
vn 0.9295 -0.3258 -0.1729
vn 0.4258 0.4555 -0.7818
vn 0.4434 0.8758 -0.1907
vn 0.9433 0.2445 -0.2246
vn 0.4284 -0.8816 0.1982
vn 0.9360 -0.2570 0.2405
vn 0.4064 -0.4610 0.7889
vn 0.3468 0.8952 0.2798
vn 0.5281 0.3308 0.7821
vn 0.9307 0.3134 0.1887
vn -0.4400 -0.8725 -0.2124
vn -0.9393 -0.2407 -0.2446
vn -0.4123 -0.4428 -0.7962
vn -0.3350 0.9042 -0.2651
vn -0.5236 0.3504 -0.7766
vn -0.9265 0.3286 -0.1835
vn -0.3514 -0.8996 0.2593
vn -0.5413 -0.3433 0.7675
vn -0.9337 -0.3163 0.1677
vn -0.4319 0.8783 0.2050
vn -0.9400 0.2532 0.2286
vn -0.4199 0.4483 0.7892
vn 0.9431 -0.3326 0.0054
vn 0.4509 0.8925 0.0111
vn 0.9474 0.3199 0.0107
vn 0.9681 -0.0084 0.2504
vn -0.0041 0.4899 0.8718
vn -0.4510 -0.8925 -0.0111
vn -0.9474 -0.3200 -0.0107
vn -0.9681 0.0084 -0.2504
vn -0.0038 -0.9556 -0.2948
vn 0.0041 -0.4900 -0.8717
vn 0.0087 0.9602 -0.2791
vn 0.0130 -0.9982 -0.0591
vn 0.0844 -0.9323 -0.3517
vn 0.2382 -0.9638 -0.1199
vn 0.0690 0.9636 -0.2583
vn 0.0426 0.9988 -0.0252
vn 0.2598 0.9607 -0.0981
vn 0.0192 -0.9995 0.0259
vn 0.2356 -0.9663 0.1038
vn 0.0411 -0.9648 0.2596
vn 0.0344 0.9976 0.0597
vn 0.0975 0.9302 0.3537
vn 0.2572 0.9581 0.1256
vn -0.0417 -0.9979 -0.0486
vn -0.2572 -0.9581 -0.1256
vn -0.0627 -0.9575 -0.2814
vn -0.0119 0.9992 -0.0370
vn -0.0764 0.9400 -0.3325
vn -0.2355 0.9663 -0.1038
vn -0.0355 -0.9987 0.0365
vn -0.1055 -0.9379 0.3304
vn -0.2599 -0.9606 0.0981
vn -0.0201 0.9987 0.0479
vn -0.2382 0.9638 0.1199
vn -0.0474 0.9588 0.2801
vn -0.0421 -0.9990 -0.0117
vn -0.8338 0.0156 -0.5519
vn 0.6263 -0.7735 -0.0971
vn 0.8581 -0.3377 -0.3868
vn 0.9873 -0.1542 -0.0376
vn 0.8515 0.3453 -0.3947
vn 0.7108 0.6988 -0.0797
vn 0.9894 0.1349 -0.0539
vn 0.7239 -0.6848 0.0830
vn 0.9916 -0.1156 0.0584
vn 0.8562 -0.3287 0.3986
vn 0.6106 0.7856 0.0999
vn 0.8496 0.3544 0.3907
vn 0.9840 0.1734 0.0422
vn -0.7104 -0.7005 -0.0671
vn -0.9891 -0.1362 -0.0555
vn -0.8496 -0.3544 -0.3907
vn -0.6258 0.7710 -0.1178
vn -0.8562 0.3287 -0.3986
vn -0.9871 0.1532 -0.0459
vn -0.6111 -0.7831 0.1150
vn -0.8514 -0.3453 0.3947
vn -0.9842 -0.1724 0.0414
vn -0.7243 0.6865 0.0638
vn -0.9918 0.1169 0.0510
vn -0.8581 0.3377 0.3868
vn 0.7261 -0.6876 0.0097
vn 0.9986 0.0091 -0.0529
vn -0.9849 -0.1730 -0.0004
vn -0.7261 0.6876 -0.0097
vn 0.2402 -0.9429 -0.2308
vn -0.0218 -0.5038 -0.8635
vn 0.6866 -0.4314 -0.5853
vn -0.2652 0.3440 -0.9008
vn -0.0547 0.9045 -0.4230
vn 0.4860 0.4076 -0.7731
vn 0.5220 -0.8395 0.1507
vn 0.9757 -0.2044 -0.0788
vn 0.7178 -0.2812 0.6370
vn 0.1184 0.9927 0.0218
vn 0.6274 0.5879 0.5107
vn 0.7375 0.6294 -0.2448
vn -0.1428 -0.9877 0.0642
vn -0.8195 -0.5481 0.1673
vn -0.5196 -0.6745 -0.5245
vn -0.4975 0.8345 -0.2367
vn -0.7835 0.1646 -0.5992
vn -0.9360 0.3263 0.1322
vn 0.1391 -0.8843 0.4457
vn 0.1781 -0.2488 0.9520
vn -0.4882 -0.5243 0.6977
vn -0.3245 0.9227 0.2081
vn -0.6421 0.3450 0.6846
vn 0.0668 0.6115 0.7884
vn 0.4327 -0.9010 -0.0293
vn -0.1085 -0.1383 -0.9844
vn 0.6117 0.0340 -0.7904
vn 0.6354 0.5980 -0.4885
vn 0.9734 0.1863 -0.1334
vn 0.5096 -0.3241 0.7971
vn 0.3040 0.6667 0.6805
vn -0.6116 -0.0340 0.7904
vn 0.1085 0.1383 0.9844
vn -0.4327 0.9011 0.0293
vn -0.8411 0.3927 0.3720
vn -0.3039 -0.6667 -0.6805
vn -0.3255 0.8788 -0.3490
vn -0.5096 0.3240 -0.7971
vn 0.0965 -0.9393 -0.3291
vn -0.4340 -0.4927 -0.7543
vn 0.3216 -0.4224 -0.8474
vn -0.6618 0.3550 -0.6603
vn -0.2462 0.9097 -0.3343
vn 0.0593 0.4185 -0.9063
vn 0.5268 -0.8404 -0.1273
vn 0.8186 -0.2014 -0.5379
vn 0.9337 -0.2879 0.2130
vn 0.1188 0.9926 -0.0251
vn 0.7976 0.5826 0.1560
vn 0.5339 0.6339 -0.5596
vn -0.0991 -0.9887 0.1125
vn -0.6425 -0.5519 0.5316
vn -0.7099 -0.6687 -0.2208
vn -0.5466 0.8365 0.0400
vn -0.9738 0.1707 -0.1499
vn -0.7576 0.3227 0.5674
vn 0.3313 -0.8897 0.3142
vn 0.6102 -0.2606 0.7482
vn -0.0979 -0.5343 0.8396
vn -0.1814 0.9193 0.3491
vn -0.2356 0.3348 0.9124
vn 0.4381 0.6015 0.6681
vn 0.3622 -0.8997 -0.2436
vn -0.5662 -0.1258 -0.8147
vn 0.1598 0.0454 -0.9861
vn 0.7923 0.1900 -0.5798
vn 0.8270 -0.3334 0.4527
vn 0.0114 0.9878 0.1554
vn 0.5951 0.6584 0.4608
vn -0.1599 -0.0454 0.9861
vn -0.3275 -0.6055 0.7253
vn -0.5594 0.3862 0.7334
vn -0.7923 -0.1900 0.5798
vn -0.8270 0.3332 -0.4527
vn 0.1075 -0.9370 -0.3325
vn -0.4404 -0.5000 -0.7457
vn 0.3116 -0.4152 -0.8547
vn -0.6823 0.3431 -0.6456
vn -0.2706 0.9053 -0.3276
vn 0.0321 0.4206 -0.9067
vn 0.5401 -0.8300 -0.1397
vn 0.8107 -0.1853 -0.5554
vn 0.9433 -0.2701 0.1929
vn 0.0992 0.9947 -0.0260
vn 0.7895 0.5976 0.1401
vn 0.5095 0.6447 -0.5698
vn -0.0777 -0.9906 0.1130
vn -0.6204 -0.5647 0.5442
vn -0.7015 -0.6820 -0.2068
vn -0.5615 0.8257 0.0529
vn -0.9799 0.1523 -0.1291
vn -0.7515 0.3074 0.5837
vn 0.3548 -0.8835 0.3057
vn 0.6307 -0.2497 0.7348
vn -0.0699 -0.5369 0.8407
vn -0.1916 0.9153 0.3544
vn -0.2225 0.3292 0.9176
vn 0.4405 0.6091 0.6595
vn 0.3742 -0.8923 -0.2526
vn 0.5511 -0.3746 -0.7456
vn -0.0986 0.9693 -0.2252
vn 0.3004 0.6126 -0.7311
vn 0.7760 0.2058 -0.5962
vn 0.8427 -0.3178 0.4347
vn 0.5807 0.1357 0.8027
vn -0.3004 -0.6124 0.7312
vn -0.5511 0.3746 0.7457
vn -0.9594 -0.2415 -0.1461
vn -0.7760 -0.2058 0.5961
vn 0.0042 -0.9876 -0.1567
vn -0.4685 0.8739 -0.1293
vn -0.8426 0.3179 -0.4346
vn -0.0561 -0.9462 -0.3188
vn -0.6737 -0.4771 -0.5643
vn 0.0150 -0.4462 -0.8948
vn -0.8211 0.3819 -0.4243
vn -0.2986 0.9179 -0.2614
vn -0.2141 0.4063 -0.8883
vn 0.4202 -0.8672 -0.2671
vn 0.5944 -0.2480 -0.7650
vn 0.9388 -0.3330 -0.0878
vn 0.1493 0.9850 -0.0868
vn 0.8312 0.5428 -0.1205
vn 0.3555 0.6005 -0.7162
vn -0.1026 -0.9812 0.1631
vn -0.4635 -0.5134 0.7222
vn -0.7728 -0.6338 0.0334
vn -0.4669 0.8635 0.1907
vn -0.9620 0.2187 0.1634
vn -0.5216 0.3662 0.7706
vn 0.3736 -0.9023 0.2149
vn 0.8046 -0.2841 0.5215
vn 0.1510 -0.5205 0.8404
vn -0.0189 0.9307 0.3654
vn 0.0832 0.3551 0.9311
vn 0.6550 0.5847 0.4786
vn 0.2245 -0.9193 -0.3233
vn 0.2782 -0.4211 -0.8633
vn -0.8015 -0.1046 -0.5888
vn 0.9723 0.1757 -0.1540
vn 0.5736 0.1439 -0.8064
vn 0.4298 -0.9029 0.0124
vn 0.7401 0.6317 0.2307
vn 0.8014 0.1046 0.5889
vn -0.2245 0.9192 0.3234
vn -0.9723 -0.1757 0.1538
vn -0.5736 -0.1439 0.8064
vn -0.7402 -0.6316 -0.2307
vn -0.4297 0.9029 -0.0124
vn -0.9123 0.3706 -0.1743
vn -0.1407 -0.9444 -0.2972
vn -0.5994 -0.4014 -0.6925
vn 0.1411 -0.5005 -0.8542
vn -0.6284 0.4775 -0.6140
vn -0.0738 0.9343 -0.3488
vn 0.0629 0.3760 -0.9245
vn 0.3180 -0.9380 -0.1381
vn 0.7012 -0.3875 -0.5985
vn 0.8650 -0.4811 0.1424
vn 0.3280 0.9416 -0.0764
vn 0.9159 0.3965 0.0618
vn 0.6033 0.4893 -0.6297
vn -0.2998 -0.9402 0.1614
vn -0.6937 -0.3860 0.6081
vn -0.8555 -0.5012 -0.1302
vn -0.3463 0.9366 0.0532
vn -0.9235 0.3770 -0.0713
vn -0.6129 0.4929 0.6176
vn 0.1588 -0.9338 0.3206
vn 0.6070 -0.3722 0.7022
vn -0.1317 -0.4817 0.8664
vn 0.0554 0.9440 0.3254
vn -0.0702 0.3974 0.9149
vn 0.6190 0.5048 0.6016
vn 0.1342 -0.9622 -0.2370
vn -0.6542 -0.0158 -0.7561
vn 0.0723 -0.0117 -0.9973
vn 0.1155 0.9584 -0.2609
vn 0.3809 0.5034 -0.7756
vn 0.9974 0.0106 0.0718
vn 0.7562 -0.0008 -0.6543
vn 0.2583 -0.9563 0.1368
vn 0.7742 -0.4969 0.3921
vn 0.7642 0.5215 0.3795
vn -0.0722 0.0117 0.9973
vn 0.6542 0.0158 0.7562
vn -0.3809 -0.5033 0.7756
vn -0.3909 0.5150 0.7629
vn -0.9973 -0.0106 -0.0720
vn -0.2396 -0.9643 -0.1129
vn -0.7642 -0.5216 -0.3794
vn -0.2582 0.9563 -0.1368
vn -0.7741 0.4969 -0.3921
vn 0.0832 -0.9456 -0.3144
vn -0.3097 -0.4577 -0.8334
vn 0.4522 -0.4519 -0.7690
vn -0.4802 0.4067 -0.7772
vn -0.0956 0.9257 -0.3659
vn 0.2786 0.4079 -0.8695
vn 0.4697 -0.8824 -0.0274
vn 0.8918 -0.2723 -0.3613
vn 0.8427 -0.3646 0.3961
vn 0.2040 0.9789 0.0125
vn 0.7944 0.5139 0.3236
vn 0.6882 0.5841 -0.4304
vn -0.2023 -0.9763 0.0771
vn -0.7817 -0.4932 0.3817
vn -0.7029 -0.6074 -0.3701
vn -0.4713 0.8798 -0.0621
vn -0.9046 0.2516 -0.3440
vn -0.8283 0.3880 0.4043
vn 0.1842 -0.9130 0.3639
vn 0.4197 -0.3078 0.8539
vn -0.3122 -0.5202 0.7950
vn -0.1719 0.9330 0.3163
vn -0.3888 0.3575 0.8491
vn 0.3404 0.5654 0.7513
vn 0.0545 0.9725 -0.2265
vn 0.5187 0.5723 -0.6351
vn 0.9212 0.1422 0.3622
vn 0.9073 0.1198 -0.4031
vn 0.3352 -0.9166 0.2178
vn 0.5408 0.6079 0.5813
vn 0.3955 0.0813 0.9149
vn -0.5187 -0.5724 0.6351
vn -0.3280 0.9282 0.1758
vn -0.6637 0.4354 0.6083
vn -0.9073 -0.1198 0.4029
vn -0.5408 -0.6080 -0.5813
vn -0.6858 0.3998 -0.6081
vn 0.2836 -0.9420 -0.1793
vn 0.1552 -0.5016 -0.8511
vn 0.7920 -0.4292 -0.4343
vn -0.0768 0.3459 -0.9351
vn 0.0310 0.9055 -0.4232
vn 0.6325 0.4101 -0.6571
vn 0.4818 -0.8393 0.2519
vn 0.9716 -0.2032 0.1210
vn 0.5736 -0.2819 0.7691
vn 0.1098 0.9928 0.0478
vn 0.5092 0.5873 0.6291
vn 0.7710 0.6307 -0.0880
vn -0.1513 -0.9880 0.0315
vn -0.8355 -0.5494 -0.0044
vn -0.4008 -0.6737 -0.6209
vn -0.4403 0.8345 -0.3312
vn -0.6454 0.1652 -0.7458
vn -0.9438 0.3250 -0.0601
vn 0.0468 -0.8853 0.4626
vn -0.0191 -0.2510 0.9678
vn -0.6192 -0.5266 0.5826
vn -0.3615 0.9218 0.1398
vn -0.7686 0.3424 0.5404
vn -0.0961 0.6096 0.7869
vn 0.4311 -0.9005 0.0573
vn 0.0945 -0.1358 -0.9862
vn 0.7597 0.0367 -0.6493
vn 0.0933 0.9681 -0.2325
vn 0.7206 0.6000 -0.3476
vn 0.6260 0.2288 0.7455
vn 0.2491 -0.8793 0.4059
vn 0.3372 -0.3255 0.8834
vn -0.7597 -0.0367 0.6493
vn -0.0932 -0.9681 0.2325
vn -0.7206 -0.5999 0.3476
vn -0.4312 0.9004 -0.0573
vn -0.8998 0.3909 0.1939
vn -0.6260 -0.2288 -0.7455
vn -0.2490 0.8794 -0.4059
vn -0.3371 0.3255 -0.8834
vn -0.0333 -0.9421 -0.3335
vn -0.3502 -0.3976 -0.8481
vn 0.4047 -0.4913 -0.7713
vn -0.4092 0.4804 -0.7757
vn 0.0312 0.9373 -0.3472
vn 0.3452 0.3854 -0.8557
vn 0.3527 -0.9349 -0.0392
vn 0.8560 -0.3780 -0.3528
vn 0.7812 -0.4780 0.4016
vn 0.3279 0.9440 0.0370
vn 0.8477 0.4007 0.3476
vn 0.7658 0.4986 -0.4061
vn -0.3277 -0.9433 0.0525
vn -0.8457 -0.3956 0.3580
vn -0.7681 -0.5043 -0.3945
vn -0.3530 0.9343 -0.0504
vn -0.8581 0.3729 -0.3531
vn -0.7789 0.4837 0.3993
vn 0.0583 -0.9361 0.3468
vn 0.3605 -0.3758 0.8537
vn -0.3916 -0.4910 0.7782
vn -0.0563 0.9410 0.3338
vn -0.3555 0.3883 0.8502
vn 0.3959 0.5021 0.7689
vn 0.2092 -0.9591 -0.1907
vn 0.6135 -0.5054 -0.6067
vn 0.3799 -0.0015 -0.9250
vn 0.1834 0.9616 -0.2043
vn 0.9249 0.0151 0.3798
vn 0.9227 0.0096 -0.3855
vn 0.6170 -0.4967 0.6103
vn 0.1847 0.9644 0.1895
vn 0.6034 0.5217 0.6030
vn 0.3854 0.0117 0.9227
vn -0.1835 -0.9616 0.2043
vn -0.5999 -0.5130 0.6140
vn -0.2091 0.9591 0.1907
vn -0.6135 0.5055 0.6068
vn -0.9249 -0.0151 -0.3799
vn -0.1846 -0.9644 -0.1895
vn -0.6035 -0.5216 -0.6031
vn -0.6171 0.4968 -0.6103
vn 0.0228 -0.9444 -0.3280
vn -0.3986 -0.4384 -0.8056
vn 0.3656 -0.4581 -0.8102
vn -0.5345 0.4304 -0.7274
vn -0.0972 0.9322 -0.3486
vn 0.2126 0.4079 -0.8879
vn 0.4355 -0.8969 -0.0768
vn 0.8460 -0.2972 -0.4426
vn 0.8623 -0.3962 0.3154
vn 0.2368 0.9716 0.0016
vn 0.8372 0.4841 0.2543
vn 0.6660 0.5658 -0.4861
vn -0.2271 -0.9699 0.0875
vn -0.7601 -0.4716 0.4470
vn -0.7533 -0.5802 -0.3097
vn -0.4453 0.8953 -0.0124
vn -0.9230 0.2847 -0.2588
vn -0.7749 0.4105 0.4807
vn 0.1856 -0.9224 0.3387
vn 0.4845 -0.3304 0.8100
vn -0.2566 -0.5181 0.8159
vn -0.1114 0.9346 0.3378
vn -0.2986 0.3610 0.8835
vn 0.4254 0.5459 0.7218
vn 0.5912 -0.4503 -0.6691
vn -0.4788 -0.0585 -0.8759
vn 0.2772 0.0254 -0.9605
vn 0.0664 0.9726 -0.2229
vn 0.4782 0.5618 -0.6750
vn 0.8708 0.0944 -0.4824
vn 0.3226 -0.9294 0.1795
vn 0.7241 -0.4285 0.5405
vn 0.6110 0.5837 0.5347
vn 0.4789 0.0585 0.8759
vn -0.0665 -0.9726 0.2229
vn -0.4783 -0.5618 0.6750
vn -0.5912 0.4503 0.6691
vn -0.8709 -0.0945 0.4824
vn -0.6110 -0.5837 -0.5347
vn -0.7240 0.4285 -0.5405
vn 0.1784 -0.9378 -0.2980
vn -0.3266 -0.5261 -0.7852
vn 0.4300 -0.4174 -0.8005
vn -0.6059 0.3097 -0.7327
vn -0.2558 0.8903 -0.3766
vn 0.1328 0.4074 -0.9035
vn 0.5795 -0.8132 -0.0545
vn 0.8798 -0.1660 -0.4454
vn 0.9196 -0.2349 0.3149
vn 0.0700 0.9970 -0.0329
vn 0.7461 0.6262 0.2265
vn 0.5568 0.6528 -0.5136
vn -0.0598 -0.9908 0.1217
vn -0.6658 -0.5770 0.4730
vn -0.6477 -0.7086 -0.2799
vn -0.5897 0.8069 -0.0342
vn -0.9601 0.1169 -0.2542
vn -0.8284 0.2908 0.4787
vn 0.3412 -0.8662 0.3651
vn 0.5406 -0.2168 0.8129
vn -0.1582 -0.5260 0.8357
vn -0.2639 0.9136 0.3095
vn -0.3470 0.3355 0.8758
vn 0.3341 0.6338 0.6976
vn 0.4312 -0.8828 -0.1861
vn 0.3706 0.6111 -0.6995
vn 0.8381 0.2229 -0.4978
vn 0.7908 -0.2823 0.5431
vn 0.5089 0.6959 0.5067
vn -0.2600 -0.0390 0.9648
vn 0.4701 0.1677 0.8665
vn 0.1002 -0.9618 0.2548
vn -0.3706 -0.6111 0.6995
vn -0.4312 0.8828 0.1861
vn -0.6524 0.3671 0.6630
vn -0.9251 -0.2762 -0.2605
vn -0.7908 0.2823 -0.5431
vn 0.2487 -0.9318 -0.2643
vn -0.1297 -0.5117 -0.8493
vn 0.6086 -0.4019 -0.6842
vn -0.4183 0.3226 -0.8491
vn -0.1650 0.8969 -0.4103
vn 0.3394 0.4244 -0.8395
vn 0.5806 -0.8113 0.0689
vn 0.9608 -0.1566 -0.2287
vn 0.8210 -0.2395 0.5183
vn 0.0702 0.9975 0.0023
vn 0.6683 0.6228 0.4068
vn 0.6582 0.6630 -0.3567
vn -0.0812 -0.9929 0.0865
vn -0.7551 -0.5866 0.2927
vn -0.5598 -0.7040 -0.4370
vn -0.5695 0.8067 -0.1576
vn -0.8740 0.1203 -0.4708
vn -0.9195 0.2807 0.2753
vn 0.2506 -0.8724 0.4197
vn 0.3354 -0.2312 0.9133
vn -0.3474 -0.5416 0.7655
vn -0.3344 0.9073 0.2549
vn -0.5451 0.3188 0.7754
vn 0.1570 0.6211 0.7679
vn 0.7921 -0.3538 -0.4973
vn -0.2522 -0.1521 -0.9556
vn 0.4795 0.0573 -0.8757
vn -0.0428 0.9662 -0.2541
vn 0.5213 0.6245 -0.5816
vn 0.8363 0.2725 0.4758
vn -0.0912 0.9865 0.1363
vn 0.3716 0.6869 0.6246
vn -0.4795 -0.0573 0.8756
vn 0.0429 -0.9662 0.2540
vn -0.5214 -0.6244 0.5816
vn -0.7921 0.3539 0.4973
vn -0.6423 0.2914 -0.7089
vn 0.2617 -0.9461 -0.1907
vn 0.2125 -0.4765 -0.8531
vn 0.8109 -0.4464 -0.3784
vn 0.0226 0.3828 -0.9236
vn 0.1050 0.9181 -0.3821
vn 0.7054 0.4065 -0.5807
vn 0.4235 -0.8677 0.2603
vn 0.9478 -0.2486 0.1996
vn 0.4896 -0.3338 0.8055
vn 0.1438 0.9848 0.0973
vn 0.4723 0.5418 0.6953
vn 0.7999 0.6001 0.0068
vn -0.1921 -0.9811 -0.0218
vn -0.8525 -0.5128 -0.1014
vn -0.3684 -0.6330 -0.6808
vn -0.3752 0.8640 -0.3357
vn -0.5676 0.2197 -0.7935
vn -0.9209 0.3669 -0.1317
vn -0.0303 -0.9027 0.4292
vn -0.1172 -0.2851 0.9513
vn -0.6899 -0.5206 0.5030
vn -0.3363 0.9307 0.1436
vn -0.8007 0.3551 0.4824
vn -0.1436 0.5842 0.7988
vn 0.3885 -0.9195 0.0596
vn 0.8977 -0.4216 -0.1278
vn 0.1519 0.9711 -0.1842
vn 0.1764 -0.9033 0.3910
vn 0.2421 -0.3714 0.8964
vn 0.1166 0.6310 0.7670
vn -0.8167 -0.0279 0.5765
vn -0.1518 -0.9711 0.1842
vn -0.3886 0.9195 -0.0596
vn -0.8978 0.4215 0.1278
vn -0.1166 -0.6310 -0.7670
vn -0.1763 0.9033 -0.3910
vn 0.0503 -0.9439 -0.3263
vn -0.2283 -0.4169 -0.8798
vn 0.5155 -0.4745 -0.7135
vn -0.3361 0.4576 -0.8232
vn 0.0286 0.9364 -0.3497
vn 0.4260 0.3980 -0.8125
vn 0.3979 -0.9174 0.0114
vn 0.9084 -0.3385 -0.2453
vn 0.7494 -0.4392 0.4956
vn 0.2770 0.9585 0.0668
vn 0.7811 0.4415 0.4415
vn 0.7846 0.5326 -0.3173
vn -0.2875 -0.9575 0.0221
vn -0.8630 -0.4337 0.2592
vn -0.6917 -0.5415 -0.4779
vn -0.3875 0.9164 -0.1005
vn -0.8266 0.3307 -0.4554
vn -0.8423 0.4479 0.2998
vn 0.0602 -0.9310 0.3600
vn 0.2737 -0.3555 0.8937
vn -0.4578 -0.5061 0.7309
vn -0.1393 0.9385 0.3161
vn -0.4715 0.3742 0.7985
vn 0.2785 0.5231 0.8055
vn 0.7039 -0.4781 -0.5252
vn -0.2722 -0.0333 -0.9617
vn 0.4865 0.0130 -0.8736
vn 0.8717 0.0601 0.4863
vn 0.9605 0.0517 -0.2736
vn 0.2289 -0.9446 0.2354
vn 0.5627 -0.4648 0.6836
vn 0.1160 0.9727 0.2011
vn 0.5028 0.5518 0.6653
vn -0.4866 -0.0130 0.8735
vn 0.2722 0.0333 0.9617
vn -0.6440 -0.5385 0.5434
vn -0.2746 0.9489 0.1557
vn -0.7039 0.4782 0.5252
vn -0.8716 -0.0601 -0.4865
vn -0.9605 -0.0517 0.2735
vn -0.2288 0.9446 -0.2354
vn -0.5627 0.4648 -0.6836
vn -0.0272 -0.9470 -0.3202
vn -0.3849 -0.4172 -0.8233
vn 0.3751 -0.4912 -0.7862
vn -0.4622 0.4599 -0.7582
vn -0.0112 0.9331 -0.3593
vn 0.2889 0.3826 -0.8776
vn 0.3736 -0.9264 -0.0472
vn 0.8451 -0.3614 -0.3940
vn 0.8134 -0.4533 0.3647
vn 0.3054 0.9522 0.0083
vn 0.8547 0.4260 0.2966
vn 0.7300 0.5120 -0.4527
vn -0.3004 -0.9503 0.0811
vn -0.8149 -0.4117 0.4079
vn -0.7751 -0.5282 -0.3468
vn -0.3786 0.9246 -0.0423
vn -0.8849 0.3470 -0.3106
vn -0.7683 0.4695 0.4350
vn 0.1005 -0.9298 0.3542
vn 0.4152 -0.3558 0.8373
vn -0.3368 -0.4902 0.8039
vn -0.0620 0.9436 0.3253
vn -0.3192 0.3904 0.8635
vn 0.4239 0.5216 0.7404
vn 0.2228 -0.9561 -0.1904
vn 0.5927 -0.4980 -0.6330
vn 0.3297 -0.0042 -0.9441
vn 0.1478 0.9630 -0.2252
vn 0.9002 0.0273 -0.4347
vn 0.6613 -0.4733 0.5819
vn 0.6215 0.5442 0.5635
vn -0.3298 0.0042 0.9441
vn -0.5530 -0.5195 0.6514
vn -0.2228 0.9561 0.1905
vn -0.5927 0.4981 0.6330
vn -0.1701 -0.9710 -0.1680
vn -0.6215 -0.5443 -0.5635
vn -0.2451 0.9481 -0.2027
vn -0.6613 0.4734 -0.5819
vn 0.1225 -0.9366 -0.3283
vn 0.0437 -0.3857 -0.9216
vn 0.6977 -0.4755 -0.5358
vn -0.0521 0.4905 -0.8699
vn 0.1615 0.9433 -0.2902
vn 0.6673 0.4020 -0.6269
vn 0.3491 -0.9316 0.1011
vn 0.9300 -0.3659 0.0349
vn 0.5468 -0.4792 0.6866
vn 0.2692 0.9455 0.1831
vn 0.6180 0.4008 0.6763
vn 0.8588 0.5106 -0.0408
vn -0.3066 -0.9464 -0.1019
vn -0.9124 -0.4078 -0.0352
vn -0.5248 -0.5030 -0.6867
vn -0.3116 0.9326 -0.1823
vn -0.6355 0.3727 -0.6762
vn -0.8809 0.4716 0.0411
vn -0.0801 -0.9414 0.3277
vn -0.0262 -0.3878 0.9214
vn -0.6755 -0.5069 0.5354
vn -0.2040 0.9348 0.2909
vn -0.6849 0.3710 0.6271
vn 0.0298 0.4918 0.8702
vn 0.2827 -0.9543 -0.0971
vn 0.7331 0.0168 -0.6799
vn 0.2393 0.9661 -0.0964
vn 0.7954 0.5273 -0.2988
vn 0.6796 0.0151 0.7334
vn 0.9990 0.0226 0.0380
vn 0.3104 -0.5027 0.8068
vn 0.0751 0.9623 0.2615
vn 0.2874 0.5157 0.8071
vn -0.7334 -0.0168 0.6796
vn -0.0379 -0.0012 0.9993
vn -0.2395 -0.9661 0.0964
vn -0.7953 -0.5276 0.2988
vn -0.2828 0.9543 0.0971
vn -0.8182 0.4910 0.2991
vn -0.6797 -0.0151 -0.7333
vn -0.9990 -0.0225 -0.0382
vn -0.1184 0.9581 -0.2608
vn -0.3104 0.5027 -0.8068
vn 0.2675 -0.9418 -0.2035
vn 0.1702 -0.4755 -0.8631
vn 0.7951 -0.4327 -0.4250
vn -0.0397 0.3798 -0.9242
vn 0.0648 0.9185 -0.3900
vn 0.6618 0.4171 -0.6229
vn 0.4544 -0.8588 0.2367
vn 0.9625 -0.2303 0.1436
vn 0.5428 -0.3218 0.7758
vn 0.1309 0.9877 0.0859
vn 0.5026 0.5531 0.6645
vn 0.7876 0.6147 -0.0423
vn -0.1747 -0.9846 -0.0078
vn -0.8474 -0.5288 -0.0490
vn -0.3965 -0.6422 -0.6560
vn -0.4106 0.8558 -0.3148
vn -0.6178 0.2059 -0.7589
vn -0.9337 0.3495 -0.0773
vn 0.0121 -0.9016 0.4324
vn -0.0550 -0.2836 0.9574
vn -0.6489 -0.5313 0.5446
vn -0.3445 0.9249 0.1611
vn -0.7771 0.3422 0.5283
vn -0.1066 0.5843 0.8045
vn 0.4084 -0.9120 0.0387
vn 0.8963 -0.4053 -0.1800
vn 0.1222 -0.1040 -0.9870
vn 0.7801 0.0408 -0.6243
vn 0.1225 0.9730 -0.1954
vn 0.7447 0.5941 -0.3042
vn 0.9813 0.1618 0.1045
vn 0.3019 -0.3636 0.8813
vn -0.7801 -0.0408 0.6243
vn -0.7447 -0.5941 0.3042
vn -0.4085 0.9119 -0.0387
vn -0.8962 0.4055 0.1800
vn -0.9813 -0.1618 -0.1043
vn -0.1503 -0.6358 -0.7571
vn -0.3019 0.3637 -0.8812
vn 0.1078 -0.9408 -0.3214
vn -0.4477 -0.5120 -0.7331
vn 0.3024 -0.4251 -0.8532
vn -0.6925 0.3312 -0.6409
vn -0.2795 0.8994 -0.3360
vn 0.0180 0.4086 -0.9125
vn 0.5423 -0.8292 -0.1358
vn 0.8043 -0.1885 -0.5636
vn 0.9471 -0.2629 0.1840
vn 0.0940 0.9947 -0.0407
vn 0.7882 0.6033 0.1216
vn 0.4987 0.6395 -0.5851
vn -0.0713 -0.9893 0.1273
vn -0.6102 -0.5604 0.5600
vn -0.7007 -0.6881 -0.1884
vn -0.5649 0.8237 0.0492
vn -0.9823 0.1457 -0.1180
vn -0.7453 0.3116 0.5895
vn 0.3631 -0.8777 0.3128
vn 0.6416 -0.2370 0.7295
vn -0.0560 -0.5260 0.8487
vn -0.1915 0.9190 0.3446
vn -0.2120 0.3404 0.9161
vn 0.4462 0.6199 0.6455
vn 0.3752 -0.8938 -0.2457
vn -0.5906 -0.1492 -0.7931
vn 0.2876 0.6042 -0.7432
vn 0.9600 0.2480 0.1301
vn 0.7670 0.2015 -0.6092
vn 0.4745 -0.8699 0.1347
vn 0.8499 -0.3079 0.4276
vn -0.0070 0.9896 0.1435
vn 0.5946 0.6780 0.4322
vn -0.1247 -0.0370 0.9915
vn 0.5906 0.1492 0.7930
vn -0.5430 0.3819 0.7479
vn -0.9600 -0.2480 -0.1299
vn -0.7669 -0.2015 0.6093
vn -0.5945 -0.6781 -0.4322
vn -0.4746 0.8698 -0.1348
vn -0.8499 0.3081 -0.4275
vn 0.0697 -0.9357 -0.3460
vn -0.5668 -0.5217 -0.6376
vn 0.1429 -0.4117 -0.9000
vn -0.8127 0.3135 -0.4912
vn -0.3646 0.8924 -0.2660
vn -0.1710 0.4133 -0.8944
vn 0.5287 -0.8120 -0.2470
vn 0.6847 -0.1620 -0.7106
vn 0.9718 -0.2356 -0.0061
vn 0.0562 0.9973 -0.0478
vn 0.7796 0.6256 -0.0274
vn 0.3577 0.6567 -0.6639
vn -0.0174 -0.9916 0.1283
vn -0.4741 -0.5807 0.6619
vn -0.7044 -0.7076 -0.0562
vn -0.5674 0.8064 0.1666
vn -0.9902 0.1174 0.0761
vn -0.6250 0.2865 0.7261
vn 0.4416 -0.8680 0.2272
vn 0.7774 -0.2214 0.5888
vn 0.1246 -0.5314 0.8379
vn -0.1467 0.9113 0.3848
vn -0.0396 0.3295 0.9433
vn 0.5453 0.6298 0.5532
vn 0.3454 -0.8811 -0.3230
vn -0.7288 -0.1628 -0.6650
vn -0.1774 0.9632 -0.2017
vn 0.1208 0.6159 -0.7785
vn 0.9596 0.2757 -0.0560
vn 0.6282 0.2271 -0.7442
vn 0.9250 -0.2847 0.2515
vn -0.0070 0.9883 0.1525
vn 0.6479 0.6932 0.3159
vn -0.1208 -0.6159 0.7785
vn -0.3981 0.3620 0.8429
vn -0.9596 -0.2757 0.0560
vn -0.6282 -0.2271 0.7441
vn 0.0070 -0.9883 -0.1525
vn -0.6478 -0.6932 -0.3158
vn -0.5159 0.8561 -0.0311
vn -0.9251 0.2846 -0.2514
vn -0.0719 -0.9481 -0.3098
vn -0.5498 -0.4299 -0.7162
vn 0.2005 -0.4817 -0.8531
vn -0.6357 0.4445 -0.6311
vn -0.1196 0.9316 -0.3432
vn 0.0707 0.3889 -0.9185
vn 0.3798 -0.9152 -0.1350
vn 0.7437 -0.3372 -0.5773
vn 0.8878 -0.4285 0.1679
vn 0.2716 0.9607 -0.0571
vn 0.8870 0.4516 0.0965
vn 0.5930 0.5320 -0.6044
vn -0.2464 -0.9586 0.1430
vn -0.6887 -0.4343 0.5806
vn -0.8181 -0.5512 -0.1638
vn -0.4050 0.9130 0.0490
vn -0.9420 0.3204 -0.0998
vn -0.6626 0.4477 0.6004
vn 0.2053 -0.9256 0.3178
vn 0.6048 -0.3418 0.7193
vn -0.1308 -0.4981 0.8572
vn -0.0139 0.9421 0.3351
vn -0.1256 0.3828 0.9153
vn 0.5659 0.5355 0.6269
vn 0.2013 -0.9496 -0.2404
vn 0.4475 -0.4818 -0.7534
vn -0.6261 -0.0479 -0.7783
vn 0.3751 0.5340 -0.7577
vn 0.9918 0.0711 0.1063
vn 0.7766 0.0526 -0.6278
vn 0.3120 -0.9401 0.1375
vn 0.7897 -0.4526 0.4142
vn 0.6261 0.0479 0.7783
vn -0.3751 -0.5341 0.7577
vn -0.4474 0.4818 0.7535
vn -0.7767 -0.0526 0.6277
vn -0.7175 -0.5632 -0.4100
vn -0.3120 0.9401 -0.1374
vn -0.7897 0.4526 -0.4142
vn 0.0198 -0.9473 -0.3199
vn -0.4031 -0.4447 -0.7998
vn 0.3610 -0.4657 -0.8079
vn -0.5373 0.4249 -0.7285
vn -0.0973 0.9294 -0.3561
vn 0.2091 0.4000 -0.8923
vn 0.4338 -0.8982 -0.0710
vn 0.8433 -0.3027 -0.4440
vn 0.8632 -0.3949 0.3145
vn 0.2384 0.9711 -0.0080
vn 0.8390 0.4852 0.2463
vn 0.6646 0.5605 -0.4942
vn -0.2282 -0.9688 0.0970
vn -0.7587 -0.4666 0.4546
vn -0.7558 -0.5815 -0.3009
vn -0.4439 0.8959 -0.0180
vn -0.9238 0.2839 -0.2569
vn -0.7720 0.4156 0.4809
vn 0.1858 -0.9197 0.3458
vn 0.4879 -0.3241 0.8105
vn -0.2535 -0.5107 0.8216
vn -0.1083 0.9377 0.3303
vn -0.2937 0.3691 0.8817
vn 0.4298 0.5513 0.7151
vn 0.5873 -0.4570 -0.6680
vn -0.4832 -0.0653 -0.8731
vn 0.2727 0.0167 -0.9620
vn 0.4759 0.5553 -0.6820
vn 0.8687 0.0889 -0.4873
vn 0.3220 -0.9283 0.1859
vn 0.7259 -0.4250 0.5407
vn 0.1118 0.9808 0.1595
vn 0.6145 0.5873 0.5267
vn -0.2727 -0.0167 0.9619
vn 0.4831 0.0653 0.8731
vn -0.4759 -0.5553 0.6821
vn -0.2772 0.9387 0.2052
vn -0.5873 0.4568 0.6681
vn -0.9559 -0.1090 -0.2727
vn -0.8687 -0.0889 0.4873
vn -0.1118 -0.9809 -0.1595
vn -0.6145 -0.5873 -0.5267
vn -0.7260 0.4249 -0.5407
vn -0.0546 -0.9513 -0.3034
vn -0.5625 -0.4500 -0.6937
vn 0.1836 -0.4797 -0.8580
vn -0.6714 0.4222 -0.6090
vn -0.1600 0.9260 -0.3420
vn 0.0252 0.3864 -0.9220
vn 0.4021 -0.9040 -0.1455
vn 0.7318 -0.3176 -0.6030
vn 0.9058 -0.4009 0.1368
vn 0.2401 0.9682 -0.0706
vn 0.8759 0.4784 0.0620
vn 0.5540 0.5467 -0.6278
vn -0.2119 -0.9648 0.1556
vn -0.6535 -0.4518 0.6073
vn -0.8065 -0.5765 -0.1316
vn -0.4304 0.9006 0.0604
vn -0.9545 0.2909 -0.0661
vn -0.6534 0.4306 0.6226
vn 0.2446 -0.9175 0.3136
vn 0.6407 -0.3198 0.6980
vn -0.0841 -0.4977 0.8633
vn -0.0301 0.9428 0.3319
vn -0.1035 0.3834 0.9178
vn 0.5720 0.5551 0.6039
vn 0.2209 -0.9443 -0.2441
vn 0.0697 0.0017 -0.9976
vn 0.0264 0.9667 -0.2544
vn 0.3307 0.5414 -0.7730
vn 0.7511 0.0729 -0.6561
vn 0.8176 -0.4267 0.3866
vn 0.1506 0.9814 0.1190
vn 0.7146 0.5865 0.3811
vn 0.6524 0.0705 0.7546
vn -0.3307 -0.5414 0.7730
vn -0.2210 0.9442 0.2441
vn -0.9924 -0.1014 -0.0694
vn -0.7511 -0.0729 0.6562
vn -0.1506 -0.9814 -0.1190
vn -0.7146 -0.5866 -0.3811
vn -0.8176 0.4267 -0.3866
vn 0.1511 -0.9456 -0.2881
vn -0.1214 -0.4587 -0.8802
vn 0.6086 -0.4513 -0.6527
vn -0.3020 0.4051 -0.8630
vn -0.0162 0.9253 -0.3788
vn 0.4589 0.4081 -0.7892
vn 0.4666 -0.8813 0.0754
vn 0.9494 -0.2703 -0.1599
vn 0.7381 -0.3624 0.5690
vn 0.1943 0.9794 0.0553
vn 0.7046 0.5161 0.4870
vn 0.7638 0.5854 -0.2719
vn -0.2120 -0.9767 0.0325
vn -0.8443 -0.4953 0.2046
vn -0.6052 -0.6093 -0.5124
vn -0.4489 0.8786 -0.1632
vn -0.8094 0.2494 -0.5316
vn -0.8969 0.3862 0.2155
vn 0.1032 -0.9124 0.3960
vn 0.2263 -0.3066 0.9245
vn -0.4755 -0.5206 0.7091
vn -0.2382 0.9327 0.2709
vn -0.5638 0.3571 0.7447
vn 0.1689 0.5663 0.8067
vn 0.3604 -0.9274 -0.1000
vn -0.1884 -0.0826 -0.9786
vn 0.1001 0.9725 -0.2103
vn 0.6424 0.5733 -0.5087
vn 0.8210 0.1445 0.5523
vn 0.9727 0.1218 -0.1975
vn 0.2823 -0.9157 0.2859
vn 0.5392 -0.3979 0.7423
vn 0.0220 0.9842 0.1755
vn 0.4014 0.6093 0.6839
vn -0.5546 -0.0277 0.8317
vn -0.6423 -0.5733 0.5087
vn -0.3603 0.9274 0.1000
vn -0.8211 -0.1446 -0.5522
vn -0.9727 -0.1218 0.1977
vn -0.0220 -0.9842 -0.1755
vn -0.4012 -0.6095 -0.6838
vn -0.5392 0.3979 -0.7423
vn 0.2913 -0.9400 -0.1774
vn 0.1178 -0.5150 -0.8490
vn 0.7750 -0.4230 -0.4695
vn -0.1346 0.3264 -0.9356
vn -0.0095 0.8976 -0.4408
vn 0.5875 0.4088 -0.6984
vn 0.5108 -0.8255 0.2402
vn 0.9805 -0.1831 0.0709
vn 0.6202 -0.2567 0.7412
vn 0.0933 0.9954 0.0235
vn 0.5318 0.6085 0.5890
vn 0.7528 0.6428 -0.1420
vn -0.1305 -0.9898 0.0579
vn -0.8239 -0.5644 0.0517
vn -0.4215 -0.6927 -0.5853
vn -0.4737 0.8200 -0.3214
vn -0.6883 0.1390 -0.7119
vn -0.9518 0.3066 -0.0137
vn 0.0891 -0.8752 0.4755
vn 0.0389 -0.2327 0.9718
vn -0.5761 -0.5263 0.6254
vn -0.3710 0.9176 0.1427
vn -0.7443 0.3388 0.5755
vn -0.0641 0.6229 0.7796
vn 0.8951 -0.3782 -0.2362
vn 0.7220 0.0378 -0.6908
vn 0.0619 0.9650 -0.2550
vn 0.6616 0.2545 0.7054
vn -0.1012 0.9895 0.1028
vn -0.7221 -0.0379 0.6908
vn -0.0428 0.1531 0.9873
vn -0.6888 -0.6060 0.3978
vn -0.4507 0.8913 -0.0499
vn -0.8951 0.3782 0.2362
vn -0.6616 -0.2545 -0.7053
vn -0.9783 -0.2067 -0.0104
vn 0.0783 -0.9385 -0.3364
vn -0.4578 -0.4838 -0.7459
vn 0.2959 -0.4211 -0.8574
vn -0.6740 0.3656 -0.6419
vn -0.2447 0.9141 -0.3232
vn 0.0412 0.4228 -0.9053
vn 0.5146 -0.8451 -0.1448
vn 0.8027 -0.2073 -0.5591
vn 0.9356 -0.2988 0.1882
vn 0.1288 0.9914 -0.0228
vn 0.8076 0.5731 0.1391
vn 0.5266 0.6313 -0.5693
vn -0.1069 -0.9882 0.1097
vn -0.6351 -0.5478 0.5446
vn -0.7224 -0.6599 -0.2067
vn -0.5363 0.8420 0.0582
vn -0.9754 0.1819 -0.1248
vn -0.7399 0.3274 0.5877
vn 0.3293 -0.8949 0.3012
vn 0.6257 -0.2713 0.7314
vn -0.0827 -0.5378 0.8390
vn -0.1629 0.9192 0.3584
vn -0.2092 0.3322 0.9197
vn 0.4608 0.5930 0.6603
vn 0.3464 -0.9021 -0.2573
vn 0.5368 -0.3881 -0.7491
vn -0.5875 -0.1152 -0.8010
vn 0.1357 0.0492 -0.9895
vn -0.0705 0.9726 -0.2213
vn 0.9667 0.2122 0.1433
vn 0.7795 0.1848 -0.5985
vn 0.8344 -0.3444 0.4302
vn 0.0258 0.9867 0.1603
vn 0.6135 0.6494 0.4493
vn 0.0704 -0.9727 0.2213
vn -0.3158 -0.6061 0.7301
vn -0.3463 0.9022 0.2572
vn -0.5369 0.3880 0.7492
vn -0.0259 -0.9867 -0.1603
vn -0.6134 -0.6496 -0.4493
vn -0.4426 0.8881 -0.1242
vn -0.8344 0.3444 -0.4303
vn 0.1455 -0.9486 -0.2811
vn -0.1648 -0.4744 -0.8648
vn 0.5763 -0.4554 -0.6785
vn -0.3541 0.3878 -0.8510
vn -0.0477 0.9188 -0.3918
vn 0.4098 0.3999 -0.8199
vn 0.4799 -0.8750 0.0632
vn 0.9420 -0.2631 -0.2084
vn 0.7727 -0.3454 0.5326
vn 0.1861 0.9821 0.0289
vn 0.7248 0.5311 0.4388
vn 0.7407 0.5889 -0.3234
vn -0.1988 -0.9782 0.0597
vn -0.8263 -0.5002 0.2588
vn -0.6257 -0.6238 -0.4684
vn -0.4671 0.8711 -0.1516
vn -0.8405 0.2323 -0.4894
vn -0.8879 0.3804 0.2588
vn 0.1355 -0.9047 0.4040
vn 0.2805 -0.2888 0.9154
vn -0.4293 -0.5138 0.7427
vn -0.2333 0.9345 0.2690
vn -0.5255 0.3635 0.7692
vn 0.2069 0.5815 0.7868
vn 0.7590 -0.4333 -0.4861
vn -0.2416 -0.1006 -0.9652
vn 0.0772 0.9699 -0.2309
vn 0.6065 0.5716 -0.5526
vn 0.3081 -0.9079 0.2841
vn 0.5840 -0.3801 0.7173
vn 0.0206 0.9871 0.1585
vn 0.4316 0.6248 0.6506
vn -0.5071 -0.0198 0.8617
vn 0.2415 0.1006 0.9652
vn -0.6065 -0.5716 0.5526
vn -0.3645 0.9252 0.1052
vn -0.7589 0.4333 0.4861
vn -0.8488 -0.1621 -0.5033
vn -0.9588 -0.1286 0.2533
vn -0.4317 -0.6248 -0.6506
vn -0.5840 0.3801 -0.7172
vn -0.2065 -0.9388 -0.2758
vn -0.7172 -0.3838 -0.5817
vn -0.0176 -0.4933 -0.8697
vn -0.7169 0.4941 -0.4918
vn -0.1165 0.9391 -0.3232
vn -0.0916 0.3849 -0.9184
vn 0.2728 -0.9414 -0.1984
vn 0.5800 -0.3922 -0.7140
vn 0.8680 -0.4964 -0.0136
vn 0.3263 0.9370 -0.1245
vn 0.9196 0.3812 -0.0948
vn 0.4936 0.4865 -0.7209
vn -0.2838 -0.9371 0.2033
vn -0.5846 -0.3816 0.7159
vn -0.8739 -0.4859 0.0158
vn -0.3152 0.9415 0.1196
vn -0.9151 0.3925 0.0927
vn -0.4879 0.4960 0.7183
vn 0.1955 -0.9397 0.2806
vn 0.7128 -0.3894 0.5833
vn 0.0119 -0.4891 0.8722
vn 0.1275 0.9393 0.3184
vn 0.0960 0.3886 0.9164
vn 0.7225 0.4883 0.4895
vn 0.2438 -0.5127 -0.8232
vn -0.1018 -0.0020 -0.9948
vn 0.0854 0.9593 -0.2693
vn 0.9948 -0.0061 -0.1016
vn 0.6315 -0.0057 -0.7754
vn 0.2726 0.9590 0.0774
vn 0.8274 0.5051 0.2454
vn 0.1018 0.0020 0.9948
vn -0.2497 -0.5056 0.8258
vn -0.0742 0.9616 0.2643
vn -0.2438 0.5129 0.8231
vn -0.9948 0.0061 0.1015
vn -0.8276 -0.5049 -0.2455
vn -0.8215 0.5134 -0.2481
vn -0.0477 -0.9417 -0.3331
vn -0.7119 -0.5002 -0.4929
vn -0.0694 -0.4283 -0.9010
vn -0.8828 0.3478 -0.3156
vn -0.3713 0.9062 -0.2023
vn -0.3369 0.4114 -0.8469
vn 0.4270 -0.8397 -0.3355
vn 0.5109 -0.2033 -0.8352
vn 0.9368 -0.2833 -0.2053
vn 0.0903 0.9927 -0.0796
vn 0.7841 0.5862 -0.2040
vn 0.2391 0.6309 -0.7381
vn -0.0352 -0.9880 0.1501
vn -0.3497 -0.5494 0.7589
vn -0.7321 -0.6726 0.1083
vn -0.4820 0.8351 0.2651
vn -0.9453 0.1665 0.2804
vn -0.4439 0.3249 0.8351
vn 0.4394 -0.8861 0.1477
vn 0.8732 -0.2527 0.4167
vn 0.2743 -0.5277 0.8039
vn -0.0204 0.9216 0.3877
vn 0.1755 0.3416 0.9233
vn 0.6780 0.6082 0.4127
vn 0.2287 -0.9005 -0.3697
vn 0.1941 -0.3906 -0.8999
vn -0.8595 -0.1342 -0.4932
vn -0.1718 0.9685 -0.1801
vn -0.0183 0.6005 -0.7994
vn 0.9433 -0.3270 0.0572
vn 0.0706 0.9890 0.1296
vn 0.7309 0.6640 0.1577
vn 0.2779 -0.0378 0.9599
vn 0.8595 0.1342 0.4932
vn -0.2287 0.9006 0.3697
vn -0.1941 0.3904 0.9000
vn -0.9377 -0.2276 0.2624
vn -0.0706 -0.9891 -0.1296
vn -0.7310 -0.6639 -0.1577
vn -0.4712 0.8800 0.0600
vn -0.9432 0.3272 -0.0572
vn 0.1885 -0.9473 -0.2589
vn 0.1167 -0.4396 -0.8906
vn 0.7507 -0.4696 -0.4647
vn -0.0259 0.4313 -0.9018
vn 0.1303 0.9305 -0.3423
vn 0.6816 0.3976 -0.6142
vn 0.3891 -0.9032 0.1810
vn 0.9437 -0.3122 0.1096
vn 0.5292 -0.4051 0.7456
vn 0.2101 0.9683 0.1352
vn 0.5565 0.4751 0.6815
vn 0.8328 0.5529 -0.0271
vn -0.2522 -0.9660 -0.0559
vn -0.8872 -0.4577 -0.0582
vn -0.4577 -0.5726 -0.6802
vn -0.3472 0.9010 -0.2600
vn -0.6131 0.2949 -0.7329
vn -0.9045 0.4247 -0.0385
vn -0.0514 -0.9219 0.3839
vn -0.0602 -0.3301 0.9420
vn -0.6792 -0.5080 0.5298
vn -0.2673 0.9388 0.2174
vn -0.7380 0.3726 0.5626
vn -0.0458 0.5461 0.8365
vn 0.3357 -0.9418 -0.0185
vn 0.8580 -0.4636 -0.2210
vn 0.0958 -0.0594 -0.9936
vn 0.7697 0.0137 -0.6382
vn 0.1956 0.9697 -0.1464
vn 0.9927 0.0788 0.0909
vn 0.1511 -0.9320 0.3293
vn -0.7698 -0.0137 0.6382
vn -0.7837 -0.5499 0.2887
vn -0.3356 0.9418 0.0185
vn -0.8581 0.4636 0.2209
vn -0.6341 -0.0977 -0.7670
vn -0.9927 -0.0788 -0.0910
vn -0.2878 0.4335 -0.8539
vn 0.1008 -0.9939 -0.0441
vn 0.3000 -0.9170 -0.2628
vn 0.6225 -0.7802 -0.0612
vn 0.3078 0.9199 -0.2430
vn 0.1407 0.9899 -0.0155
vn 0.7241 0.6861 -0.0700
vn 0.1328 -0.9911 0.0130
vn 0.7196 -0.6920 0.0568
vn 0.3046 -0.9224 0.2375
vn 0.1098 0.9931 0.0422
vn 0.3124 0.9145 0.2572
vn 0.6299 0.7751 0.0498
vn -0.1411 -0.9894 -0.0342
vn -0.7254 -0.6846 -0.0716
vn -0.3123 -0.9145 -0.2571
vn -0.1014 0.9946 -0.0209
vn -0.3046 0.9224 -0.2375
vn -0.6234 0.7812 -0.0331
vn -0.1092 -0.9938 0.0228
vn -0.3078 -0.9199 0.2430
vn -0.6291 -0.7761 0.0445
vn -0.1323 0.9905 0.0367
vn -0.7183 0.6905 0.0848
vn -0.3000 0.9170 0.2628
vn 0.9943 -0.0030 -0.1067
vn 0.1410 0.9900 0.0094
vn 0.0058 0.9802 0.1977
vn -0.8636 -0.0018 0.5042
vn -0.1409 -0.9900 -0.0094
vn -0.0058 -0.9802 -0.1978
vn 0.1085 -0.9932 -0.0415
vn 0.3069 -0.9154 -0.2605
vn 0.6285 -0.7755 -0.0597
vn 0.3004 0.9216 -0.2460
vn 0.1329 0.9910 -0.0184
vn 0.7187 0.6915 -0.0727
vn 0.1406 -0.9899 0.0156
vn 0.7251 -0.6862 0.0580
vn 0.3120 -0.9194 0.2397
vn 0.1021 0.9940 0.0393
vn 0.3054 0.9176 0.2543
vn 0.6239 0.7801 0.0470
vn -0.1335 -0.9906 -0.0313
vn -0.7201 -0.6904 -0.0690
vn -0.3054 -0.9176 -0.2543
vn -0.1091 0.9937 -0.0235
vn -0.3120 0.9194 -0.2397
vn -0.6294 0.7763 -0.0346
vn -0.1014 -0.9945 0.0257
vn -0.3003 -0.9216 0.2460
vn -0.6230 -0.7808 0.0473
vn -0.1400 0.9896 0.0341
vn -0.7236 0.6851 0.0836
vn -0.3069 0.9154 0.2606
vn 0.6297 -0.7767 -0.0126
vn 0.1333 0.9911 0.0065
vn 0.6241 0.7813 -0.0002
vn 0.5758 -0.5791 -0.5771
vn 0.3804 -0.0883 -0.9206
vn 0.9463 -0.1175 -0.3013
vn 0.3007 0.1095 -0.9474
vn 0.5800 0.5718 -0.5803
vn 0.9207 0.0799 -0.3821
vn 0.5766 -0.5760 0.5795
vn 0.9205 -0.0868 0.3809
vn 0.3011 -0.1117 0.9470
vn 0.5808 0.5748 0.5764
vn 0.3822 0.0855 0.9201
vn 0.9475 0.1104 0.3000
vn -0.5808 -0.5749 -0.5764
vn -0.9211 -0.0820 -0.3805
vn -0.3020 -0.1146 -0.9464
vn -0.5765 0.5761 -0.5794
vn -0.3816 0.0833 -0.9206
vn -0.9467 0.1158 -0.3007
vn -0.5801 -0.5718 0.5802
vn -0.3810 -0.0805 0.9211
vn -0.9471 -0.1088 0.3019
vn -0.5758 0.5791 0.5772
vn -0.9200 0.0888 0.3817
vn -0.2999 0.1168 0.9468
vn 0.9934 0.1150 -0.0010
vn 0.9241 -0.0024 0.3822
vn -0.0016 -0.5692 0.8222
vn -0.9236 0.0045 0.3833
vn -0.3821 0.0039 0.9241
vn -0.3833 -0.0011 -0.9236
vn -0.9242 0.0024 -0.3820
vn -0.0027 -0.5737 -0.8190
vn 0.5814 -0.5799 -0.5707
vn 0.3822 -0.0942 -0.9193
vn 0.9476 -0.1124 -0.2991
vn 0.3009 0.1026 -0.9481
vn 0.5759 0.5708 -0.5852
vn 0.9204 0.0840 -0.3819
vn 0.5808 -0.5653 0.5858
vn 0.9208 -0.0751 0.3827
vn 0.3010 -0.0997 0.9484
vn 0.5752 0.5855 0.5712
vn 0.3805 0.0979 0.9196
vn 0.9462 0.1215 0.3000
vn -0.5753 -0.5855 -0.5712
vn -0.9200 -0.0937 -0.3806
vn -0.2999 -0.1265 -0.9455
vn -0.5808 0.5652 -0.5858
vn -0.3812 0.0709 -0.9218
vn -0.9473 0.1047 -0.3029
vn -0.5759 -0.5709 0.5852
vn -0.3813 -0.0746 0.9214
vn -0.9465 -0.1139 0.3020
vn -0.5813 0.5800 0.5707
vn -0.9212 0.0848 0.3797
vn -0.3020 0.1236 0.9453
vn 0.9935 -0.1138 0.0020
vn 0.3832 -0.0099 -0.9236
vn 0.9240 -0.0004 -0.3823
vn 0.8179 0.5754 -0.0069
vn 0.0023 -0.5611 0.8277
vn 0.0001 -0.1060 0.9944
vn -0.0032 0.5818 0.8134
vn -0.9241 0.0004 0.3821
vn -0.3830 0.0099 0.9237
vn -0.9935 0.1139 -0.0020
vn -0.3821 -0.0135 -0.9240
vn -0.9237 -0.0093 -0.3831
vn -0.0023 0.5610 -0.8278
vn -0.0001 0.1061 -0.9944
vn 0.5773 -0.5844 -0.5703
vn 0.3824 -0.0968 -0.9189
vn 0.9470 -0.1199 -0.2979
vn 0.3028 0.1007 -0.9477
vn 0.5810 0.5665 -0.5843
vn 0.9214 0.0768 -0.3809
vn 0.5755 -0.5703 0.5862
vn 0.9197 -0.0828 0.3838
vn 0.2991 -0.1026 0.9487
vn 0.5793 0.5805 0.5722
vn 0.3801 0.0943 0.9201
vn 0.9468 0.1137 0.3010
vn -0.5793 -0.5805 -0.5722
vn -0.9203 -0.0860 -0.3816
vn -0.2999 -0.1236 -0.9459
vn -0.5756 0.5703 -0.5861
vn -0.3796 0.0745 -0.9221
vn -0.9460 0.1126 -0.3038
vn -0.5811 -0.5665 0.5843
vn -0.3830 -0.0720 0.9209
vn -0.9477 -0.1064 0.3008
vn -0.5772 0.5844 0.5704
vn -0.9209 0.0920 0.3788
vn -0.3020 0.1256 0.9450
vn 0.8188 -0.5741 0.0082
vn 0.9925 -0.1219 0.0030
vn 0.9245 -0.0076 -0.3811
vn 0.8225 0.5687 -0.0056
vn 0.3813 0.0100 0.9244
vn -0.8188 0.5741 -0.0082
vn -0.9925 0.1219 -0.0030
vn -0.9233 -0.0016 -0.3840
vn 0.5828 -0.5671 -0.5820
vn 0.3877 -0.0716 -0.9190
vn 0.9491 -0.1082 -0.2959
vn 0.3073 0.1261 -0.9432
vn 0.5816 0.5838 -0.5665
vn 0.9230 0.0903 -0.3740
vn 0.5749 -0.5827 0.5744
vn 0.9180 -0.0887 0.3865
vn 0.2947 -0.1256 0.9473
vn 0.5738 0.5680 0.5900
vn 0.3749 0.0724 0.9242
vn 0.9447 0.1099 0.3090
vn -0.5738 -0.5681 -0.5900
vn -0.9179 -0.0801 -0.3886
vn -0.2944 -0.1006 -0.9504
vn -0.5749 0.5826 -0.5745
vn -0.3751 0.0965 -0.9220
vn -0.9449 0.1163 -0.3060
vn -0.5817 -0.5838 0.5665
vn -0.3876 -0.0971 0.9167
vn -0.9489 -0.1180 0.2928
vn -0.5828 0.5671 0.5820
vn -0.9232 0.0784 0.3761
vn -0.3075 0.1001 0.9463
vn 0.9930 -0.1177 0.0052
vn 0.9264 0.0060 -0.3764
vn 0.8201 0.5721 0.0133
vn 0.3765 -0.0121 0.9264
vn 0.9212 -0.0043 0.3891
vn -0.3890 -0.0128 0.9211
vn -0.9213 0.0043 -0.3889
vn 0.0050 0.5825 -0.8128
vt -0.361499 -0.108412
vt -0.364284 -0.109881
vt -0.364931 -0.108437
vt -0.361458 0.250193
vt -0.364284 0.248118
vt -0.361477 0.247641
vt -0.108437 0.247641
vt -0.110196 0.250203
vt -0.108428 0.250193
vt -0.360102 0.542978
vt -0.362909 0.545060
vt -0.363546 0.542988
vt -0.360111 -0.105745
vt -0.362909 -0.107241
vt -0.360098 -0.107536
vt -0.107592 0.542988
vt -0.105788 0.545518
vt -0.105825 0.542979
vt -0.363527 0.096529
vt -0.366340 0.097970
vt -0.363540 0.098321
vt 0.098309 0.248358
vt 0.096505 0.245828
vt 0.096514 0.248380
vt -0.363535 0.248335
vt -0.366340 0.246279
vt -0.366965 0.248358
vt -0.362138 0.099197
vt -0.364966 0.100611
vt -0.365580 0.099154
vt -0.362180 0.541120
vt -0.364966 0.543221
vt -0.362161 0.543672
vt 0.099154 0.543704
vt 0.100913 0.541143
vt 0.099117 0.541166
vt 0.033796 -0.104518
vt 0.036624 -0.105931
vt 0.033819 -0.106290
vt -0.106234 0.248306
vt -0.104475 0.245744
vt -0.104438 0.248283
vt 0.033838 0.248328
vt 0.036624 0.246227
vt 0.037267 0.248306
vt 0.035185 -0.101850
vt 0.037998 -0.103291
vt 0.038617 -0.101826
vt 0.035193 0.541114
vt 0.037998 0.543169
vt 0.035198 0.543653
vt -0.101826 0.543621
vt -0.103630 0.541091
vt -0.101834 0.541068
vt 0.031768 0.100424
vt 0.034567 0.101920
vt 0.035210 0.100467
vt 0.031760 0.246471
vt 0.034567 0.244388
vt 0.031756 0.243932
vt 0.100467 0.243931
vt 0.102272 0.246461
vt 0.100504 0.246470
vt 0.033157 0.103092
vt 0.035942 0.104561
vt 0.033135 0.104864
vt 0.104876 0.539246
vt 0.103116 0.541807
vt 0.103108 0.539255
vt 0.033116 0.539256
vt 0.035942 0.541330
vt 0.036560 0.539246
vt -0.366959 0.096505
vt -0.364902 0.250203
vt -0.363552 -0.105788
vt -0.365609 0.541143
vt 0.031756 0.102215
vt -0.362161 0.100970
vt 0.033135 0.541808
vt 0.035204 0.246461
vt 0.037238 -0.104475
vt 0.036589 0.103116
vt 0.038622 0.541091
vt -0.361477 -0.110185
vt 0.033819 0.245776
vt 0.035198 -0.103641
vt -0.360098 0.545517
vt -0.033609 -0.106821
vt -0.036453 -0.108344
vt -0.037035 -0.106723
vt -0.033669 0.250052
vt -0.036453 0.247771
vt -0.033665 0.247221
vt -0.106716 0.250132
vt -0.108344 0.247771
vt -0.108714 0.250092
vt -0.031010 0.576968
vt -0.033757 0.579329
vt -0.034418 0.577009
vt -0.030885 -0.111580
vt -0.033757 -0.113055
vt -0.030960 -0.113513
vt -0.111361 0.577048
vt -0.113055 0.579329
vt -0.111448 0.579878
vt -0.026111 0.117512
vt -0.028849 0.119174
vt -0.026037 0.119446
vt 0.117617 0.253258
vt 0.119174 0.250942
vt 0.117610 0.250403
vt -0.025986 0.253254
vt -0.028849 0.250942
vt -0.029448 0.253273
vt -0.023387 0.112753
vt -0.026152 0.114463
vt -0.026832 0.112885
vt -0.023328 0.580171
vt -0.026152 0.582499
vt -0.023332 0.583002
vt 0.112972 0.580174
vt 0.114463 0.582499
vt 0.114875 0.580189
vt 0.361476 -0.119979
vt 0.364241 -0.121689
vt 0.361421 -0.121946
vt -0.120198 0.246648
vt -0.121689 0.244323
vt -0.120110 0.243818
vt 0.361417 0.246652
vt 0.364241 0.244323
vt 0.364878 0.246633
vt 0.364200 -0.124737
vt 0.366938 -0.126399
vt 0.367626 -0.124835
vt 0.364075 0.573568
vt 0.366938 0.575881
vt 0.364126 0.576421
vt -0.124842 0.573564
vt -0.126399 0.575881
vt -0.126745 0.573550
vt 0.368974 0.104354
vt 0.371846 0.105829
vt 0.372419 0.104223
vt 0.369099 0.249854
vt 0.371846 0.247493
vt 0.369049 0.247001
vt 0.104135 0.249774
vt 0.105829 0.247493
vt 0.106133 0.249814
vt 0.371698 0.099596
vt 0.374542 0.101119
vt 0.371754 0.101563
vt 0.099491 0.576690
vt 0.101119 0.579051
vt 0.099498 0.579545
vt 0.371758 0.576771
vt 0.374542 0.579051
vt 0.375166 0.576730
vt -0.029537 0.117610
vt -0.106723 0.247277
vt -0.037077 0.250092
vt -0.034330 -0.111448
vt 0.112885 0.583004
vt -0.026790 0.580189
vt 0.369049 0.106288
vt -0.026037 0.250401
vt -0.023332 0.114720
vt 0.101489 0.576730
vt 0.364921 -0.120110
vt 0.104223 0.246944
vt 0.375124 0.099498
vt -0.124835 0.576419
vt 0.367537 0.573550
vt -0.122101 0.246633
vt -0.033665 -0.108788
vt 0.361421 0.243821
vt 0.364126 -0.126671
vt -0.030960 0.579821
vt 0.300585 -0.125161
vt 0.297793 -0.126883
vt 0.297156 -0.125157
vt 0.300617 0.249943
vt 0.297793 0.247871
vt 0.300597 0.247388
vt -0.125133 0.249945
vt -0.126883 0.247871
vt -0.127251 0.249958
vt 0.302640 0.542719
vt 0.299845 0.544804
vt 0.299201 0.542734
vt 0.302658 -0.121941
vt 0.299845 -0.123695
vt 0.302655 -0.124073
vt -0.121990 0.542721
vt -0.123695 0.544804
vt -0.121960 0.545256
vt 0.300023 0.118825
vt 0.297223 0.120567
vt 0.300025 0.120957
vt 0.118853 0.247330
vt 0.120567 0.245219
vt 0.118828 0.244775
vt 0.300041 0.247264
vt 0.297223 0.245219
vt 0.296606 0.247297
vt 0.302095 0.122045
vt 0.299275 0.123754
vt 0.298651 0.122026
vt 0.302064 0.540040
vt 0.299275 0.542151
vt 0.302083 0.542595
vt 0.121995 0.540106
vt 0.123754 0.542151
vt 0.124120 0.540073
vt 0.695894 -0.124279
vt 0.698714 -0.125988
vt 0.695906 -0.126388
vt -0.124229 0.247136
vt -0.125988 0.245091
vt -0.124260 0.244601
vt 0.695926 0.247202
vt 0.698714 0.245091
vt 0.699360 0.247169
vt 0.697967 -0.121059
vt 0.700766 -0.122801
vt 0.701396 -0.121062
vt 0.697949 0.539978
vt 0.700766 0.542024
vt 0.697964 0.542514
vt -0.121086 0.539913
vt -0.122801 0.542024
vt -0.123211 0.539945
vt 0.695331 0.119707
vt 0.698144 0.121461
vt 0.698775 0.119726
vt 0.695349 0.244523
vt 0.698144 0.242439
vt 0.695334 0.241987
vt 0.119756 0.244521
vt 0.121461 0.242439
vt 0.121874 0.244508
vt 0.697404 0.122927
vt 0.700196 0.124649
vt 0.697392 0.125037
vt 0.122899 0.537297
vt 0.124649 0.539371
vt 0.122923 0.539853
vt 0.697372 0.537299
vt 0.700196 0.539371
vt 0.700811 0.537285
vt 0.296593 0.118828
vt -0.125157 0.247390
vt 0.297178 0.249958
vt -0.124108 0.542734
vt 0.299214 -0.121960
vt 0.122026 0.542641
vt 0.298629 0.540073
vt 0.695334 0.121839
vt 0.300025 0.244728
vt 0.302083 0.124155
vt 0.125017 0.537285
vt 0.698788 0.244508
vt 0.699338 -0.124260
vt 0.119726 0.241986
vt 0.700834 0.122923
vt 0.701383 0.539945
vt -0.126354 0.247169
vt 0.300597 -0.127271
vt 0.695906 0.244647
vt 0.697964 -0.123191
vt 0.302655 0.545255
vt 0.630898 -0.102241
vt 0.628085 -0.103651
vt 0.627472 -0.102188
vt 0.630896 0.249972
vt 0.628085 0.247672
vt 0.630882 0.247128
vt -0.102160 0.250007
vt -0.103651 0.247672
vt -0.103963 0.250000
vt 0.633707 0.576919
vt 0.630936 0.579261
vt 0.630281 0.576947
vt 0.633778 -0.101450
vt 0.630936 -0.102867
vt 0.633742 -0.103234
vt -0.101388 0.576954
vt -0.102867 0.579261
vt -0.101402 0.579785
vt 0.633915 0.102696
vt 0.631145 0.104196
vt 0.633951 0.104481
vt 0.102777 0.249497
vt 0.104196 0.247155
vt 0.102749 0.246643
vt 0.633986 0.249449
vt 0.631145 0.247155
vt 0.630539 0.249481
vt 0.636795 0.103487
vt 0.633996 0.104979
vt 0.633348 0.103535
vt 0.636797 0.576397
vt 0.633996 0.578744
vt 0.636811 0.579241
vt 0.103549 0.576444
vt 0.104979 0.578744
vt 0.105310 0.576428
vt 1.026160 -0.108068
vt 1.028959 -0.109560
vt 1.026144 -0.109847
vt -0.108130 0.246539
vt -0.109560 0.244240
vt -0.108116 0.243709
vt 1.026157 0.246587
vt 1.028959 0.244240
vt 1.029605 0.246556
vt 1.029040 -0.107277
vt 1.031810 -0.108777
vt 1.032466 -0.107330
vt 1.028968 0.573534
vt 1.031810 0.575829
vt 1.029004 0.576375
vt -0.107358 0.573487
vt -0.108777 0.575829
vt -0.109119 0.573503
vt 1.029176 0.096869
vt 1.032018 0.098287
vt 1.032623 0.096821
vt 1.029248 0.246065
vt 1.032018 0.243723
vt 1.029213 0.243224
vt 0.096807 0.246030
vt 0.098287 0.243723
vt 0.098610 0.246037
vt 1.032057 0.097660
vt 1.034869 0.099070
vt 1.032073 0.099439
vt 0.097579 0.572977
vt 0.099070 0.575311
vt 0.097607 0.575831
vt 1.032059 0.573012
vt 1.034869 0.575311
vt 1.035485 0.572984
vt 0.630489 0.102749
vt -0.102188 0.247153
vt 0.627470 0.250000
vt -0.103190 0.576947
vt 0.630332 -0.101402
vt 0.633350 0.576428
vt 0.104538 0.249481
vt 1.029213 0.098654
vt 0.636811 0.105266
vt 1.032073 0.575856
vt 0.099382 0.572984
vt 1.029606 -0.108116
vt 0.096821 0.243199
vt 1.035483 0.097607
vt -0.107330 0.576341
vt 1.032416 0.573503
vt 0.630882 -0.104020
vt 1.026144 0.243743
vt 1.029004 -0.109061
vt 0.633742 0.579760
vt 0.969590 -0.115263
vt 0.966792 -0.116902
vt 0.966147 -0.115311
vt 0.969598 0.244711
vt 0.966792 0.242628
vt 0.969605 0.242174
vt -0.115352 0.244710
vt -0.116902 0.242628
vt -0.117288 0.244699
vt 0.967849 0.537491
vt 0.965018 0.539564
vt 0.964404 0.537478
vt 0.967798 -0.118329
vt 0.965018 -0.119937
vt 0.967825 -0.120269
vt -0.118344 0.537489
vt -0.119937 0.539564
vt -0.118355 0.540043
vt 0.967161 0.109192
vt 0.964328 0.110740
vt 0.967133 0.111133
vt 0.109103 0.246989
vt 0.110740 0.244939
vt 0.109144 0.244452
vt 0.967109 0.247047
vt 0.964328 0.244939
vt 0.963681 0.247018
vt 0.965368 0.106127
vt 0.962554 0.107705
vt 0.961938 0.106100
vt 0.965360 0.539826
vt 0.962554 0.541876
vt 0.965353 0.542363
vt 0.106111 0.539769
vt 0.107705 0.541876
vt 0.108078 0.539797
vt 1.364879 -0.111009
vt 1.367693 -0.112587
vt 1.364894 -0.112971
vt -0.110993 0.247175
vt -0.112587 0.245067
vt -0.110983 0.244620
vt 1.364887 0.247117
vt 1.367693 0.245067
vt 1.368315 0.247146
vt 1.363086 -0.114074
vt 1.365919 -0.115622
vt 1.366529 -0.114026
vt 1.363138 0.539896
vt 1.365919 0.542004
vt 1.363114 0.542450
vt -0.113985 0.539954
vt -0.115622 0.542004
vt -0.115952 0.539926
vt 1.362449 0.113447
vt 1.365229 0.115055
vt 1.365880 0.113473
vt 1.362398 0.249452
vt 1.365229 0.247379
vt 1.362422 0.246899
vt 0.113462 0.249454
vt 0.115055 0.247379
vt 0.115398 0.249465
vt 1.360657 0.110381
vt 1.363455 0.112020
vt 1.360642 0.112343
vt 0.110470 0.542233
vt 0.112020 0.544315
vt 0.110429 0.544770
vt 1.360649 0.542232
vt 1.363455 0.544315
vt 1.364094 0.542244
vt 0.963718 0.109144
vt -0.115311 0.242173
vt 0.966153 0.244699
vt -0.120280 0.537478
vt 0.964367 -0.118355
vt 0.106100 0.542323
vt 0.961932 0.539797
vt 0.111070 0.247018
vt 1.362422 0.115387
vt 0.965353 0.108089
vt 1.360642 0.544769
vt 0.112406 0.542244
vt 1.365843 0.249465
vt 1.368309 -0.110983
vt 0.113473 0.246900
vt 1.364100 0.110429
vt -0.114026 0.542491
vt 1.366566 0.539926
vt 0.969605 -0.117225
vt 1.363114 -0.116015
vt 0.967825 0.540045
vt -0.362824 0.890620
vt -0.365579 0.889086
vt -0.366247 0.890533
vt -0.362724 0.249015
vt -0.365579 0.246986
vt -0.362773 0.246479
vt 0.890533 0.246545
vt 0.888720 0.249067
vt 0.890470 0.249108
vt -0.358986 0.541769
vt -0.361788 0.543896
vt -0.362438 0.541821
vt -0.358994 0.886909
vt -0.361788 0.885413
vt -0.358969 0.885141
vt 0.885098 0.541821
vt 0.886848 0.544389
vt 0.886849 0.541862
vt -0.367217 1.095516
vt -0.370034 1.096892
vt -0.367242 1.097285
vt 1.097179 0.251703
vt 1.095429 0.249136
vt 1.095367 0.251699
vt -0.367225 0.251670
vt -0.370034 0.249613
vt -0.370645 0.251703
vt -0.363387 1.091806
vt -0.366243 1.093218
vt -0.366836 1.091745
vt -0.363487 0.544423
vt -0.366243 0.546523
vt -0.363438 0.546959
vt 1.091745 0.546980
vt 1.093558 0.544457
vt 1.091745 0.544452
vt 0.032372 0.899155
vt 0.035228 0.897742
vt 0.032423 0.897360
vt 0.897403 0.244040
vt 0.899216 0.241518
vt 0.899215 0.244045
vt 0.032472 0.244074
vt 0.035228 0.241974
vt 0.035892 0.244040
vt 0.036202 0.895444
vt 0.039019 0.894069
vt 0.039624 0.895531
vt 0.036210 0.536828
vt 0.039019 0.538884
vt 0.036227 0.539382
vt 0.895531 0.539362
vt 0.893782 0.536794
vt 0.895594 0.536799
vt 0.027979 1.104051
vt 0.030773 1.105547
vt 0.031428 1.104113
vt 0.027971 0.246729
vt 0.030773 0.244602
vt 0.027954 0.244174
vt 1.104113 0.244109
vt 1.105862 0.246676
vt 1.104112 0.246636
vt 0.031809 1.100341
vt 0.034564 1.101875
vt 0.031758 1.102135
vt 1.102241 0.539430
vt 1.100428 0.541953
vt 1.100490 0.539390
vt 0.031709 0.539482
vt 0.034564 0.541512
vt 0.035161 0.539430
vt -0.370639 1.095429
vt -0.366176 0.249067
vt -0.362443 0.886848
vt -0.366907 0.544457
vt 0.027954 1.105820
vt -0.367242 0.249115
vt -0.363438 1.093600
vt 0.035821 0.899216
vt 0.035232 1.100428
vt 0.039630 0.536794
vt -0.362773 0.888825
vt 0.032423 0.241538
vt 0.036227 0.893676
vt -0.358969 0.544323
vt -0.028293 0.888312
vt -0.031133 0.886745
vt -0.031741 0.888346
vt -0.028363 0.245161
vt -0.031133 0.242814
vt -0.028325 0.242320
vt 0.888356 0.245118
vt 0.886745 0.242814
vt 0.886389 0.245128
vt -0.031650 0.572104
vt -0.034467 0.574399
vt -0.035078 0.572071
vt -0.031661 0.887654
vt -0.034467 0.886094
vt -0.031670 0.885704
vt 0.887713 0.572061
vt 0.886094 0.574399
vt 0.887693 0.574918
vt -0.025898 1.112779
vt -0.028704 1.114399
vt -0.025889 1.114728
vt 1.112823 0.245583
vt 1.114399 0.243286
vt 1.112813 0.242755
vt -0.025909 0.245638
vt -0.028704 0.243286
vt -0.029355 0.245601
vt -0.029267 1.112120
vt -0.032039 1.113747
vt -0.032691 1.112159
vt -0.029197 0.572580
vt -0.032039 0.574871
vt -0.029234 0.575421
vt 1.112180 0.572526
vt 1.113747 0.574871
vt 1.114116 0.572544
vt 0.366984 0.884087
vt 0.369756 0.882461
vt 0.366951 0.882134
vt 0.884028 0.249182
vt 0.882461 0.246837
vt 0.884048 0.246325
vt 0.366914 0.249127
vt 0.369756 0.246837
vt 0.370359 0.249164
vt 0.363615 0.883429
vt 0.366422 0.881809
vt 0.367064 0.883395
vt 0.363626 0.576070
vt 0.366422 0.578422
vt 0.363607 0.578914
vt 0.883385 0.576125
vt 0.881809 0.578422
vt 0.881449 0.576106
vt 0.369378 1.108554
vt 0.372184 1.110114
vt 0.372803 1.108515
vt 0.369367 0.249604
vt 0.372184 0.247309
vt 0.369387 0.246760
vt 1.108494 0.249647
vt 1.110114 0.247309
vt 1.110461 0.249637
vt 0.366010 1.107896
vt 0.368850 1.109463
vt 0.366042 1.109850
vt 1.107852 0.576590
vt 1.109463 0.578893
vt 1.107862 0.579418
vt 0.366080 0.576547
vt 0.368850 0.578893
vt 0.369508 0.576580
vt -0.029347 1.112813
vt 0.888346 0.242290
vt -0.031790 0.245128
vt 0.885747 0.572071
vt -0.035086 0.887693
vt -0.032642 0.572544
vt 1.114759 0.245601
vt 0.369387 1.110503
vt -0.029234 1.114074
vt 1.109818 0.576580
vt 0.372795 0.249637
vt 0.370409 0.884048
vt 1.108515 0.246790
vt 0.369458 1.107862
vt 0.883395 0.578953
vt 0.367072 0.576106
vt -0.028325 0.886358
vt 0.363607 0.881480
vt -0.031670 0.574948
vt 0.299491 0.878878
vt 0.296635 0.877217
vt 0.296045 0.878958
vt 0.299393 0.247995
vt 0.296635 0.245879
vt 0.299437 0.245443
vt 0.879007 0.247924
vt 0.877217 0.245879
vt 0.876857 0.247954
vt 0.296521 0.540772
vt 0.293722 0.542813
vt 0.293103 0.540731
vt 0.296548 0.881211
vt 0.293722 0.879526
vt 0.296514 0.879082
vt 0.881284 0.540701
vt 0.879526 0.542813
vt 0.881274 0.543261
vt 0.304584 1.122818
vt 0.301800 1.124620
vt 0.304618 1.124947
vt 1.122947 0.246077
vt 1.124620 0.244006
vt 1.122897 0.243546
vt 0.304612 0.246103
vt 0.301800 0.244006
vt 0.301157 0.246075
vt 0.301642 1.125151
vt 0.298887 1.126929
vt 0.298216 1.125214
vt 0.301740 0.538880
vt 0.298887 0.540940
vt 0.301696 0.541432
vt 1.125224 0.538854
vt 1.126929 0.540940
vt 1.127315 0.538852
vt 0.694705 0.870656
vt 0.697459 0.868878
vt 0.694651 0.868544
vt 0.870583 0.251962
vt 0.868878 0.249876
vt 0.870593 0.249402
vt 0.694607 0.251936
vt 0.697459 0.249876
vt 0.698061 0.251964
vt 0.691762 0.872989
vt 0.694547 0.871187
vt 0.695209 0.872909
vt 0.691735 0.544713
vt 0.694547 0.546810
vt 0.691728 0.547252
vt 0.872860 0.544739
vt 0.871187 0.546810
vt 0.870769 0.544741
vt 0.699798 1.114596
vt 0.702625 1.116281
vt 0.703224 1.114533
vt 0.699826 0.250044
vt 0.702625 0.248003
vt 0.699832 0.247505
vt 1.114523 0.250115
vt 1.116281 0.248003
vt 1.116673 0.250085
vt 0.696856 1.116929
vt 0.699712 1.118590
vt 0.696910 1.119042
vt 1.116800 0.542892
vt 1.118590 0.544937
vt 1.116849 0.545423
vt 0.696953 0.542821
vt 0.699712 0.544937
vt 0.700371 0.542862
vt 0.301138 1.122897
vt 0.295976 0.247954
vt 0.879133 0.540731
vt 0.293123 0.881274
vt 0.298285 0.538852
vt 1.125038 0.246075
vt 0.699832 1.116725
vt 0.304618 0.243564
vt 0.301696 1.127263
vt 0.696910 0.545373
vt 1.118950 0.542862
vt 0.703243 0.250085
vt 0.698131 0.870593
vt 1.114533 0.247555
vt 0.700302 1.116849
vt 0.872909 0.547270
vt 0.695189 0.544741
vt 0.868492 0.251964
vt 0.299437 0.876765
vt 0.691728 0.870860
vt 0.296514 0.543311
vt 0.639962 0.891353
vt 0.637168 0.889815
vt 0.636513 0.891264
vt 0.639971 0.244593
vt 0.637168 0.242256
vt 0.639986 0.241761
vt 0.891194 0.244573
vt 0.889815 0.242256
vt 0.889442 0.244564
vt 0.636387 0.571501
vt 0.633534 0.573805
vt 0.632935 0.571472
vt 0.636290 0.886627
vt 0.633534 0.885138
vt 0.636340 0.884862
vt 0.886582 0.571481
vt 0.885138 0.573805
vt 0.886571 0.574339
vt 0.635624 1.096247
vt 0.632769 1.097619
vt 0.635573 1.098012
vt 1.096088 0.247416
vt 1.097619 0.245139
vt 1.096158 0.244590
vt 0.635527 0.247506
vt 0.632769 0.245139
vt 0.632106 0.247457
vt 0.631952 1.091521
vt 0.629134 1.092941
vt 0.628529 1.091466
vt 0.631943 0.574414
vt 0.629134 0.576688
vt 0.631927 0.577246
vt 1.091476 0.574324
vt 1.092941 0.576688
vt 1.093287 0.574365
vt 1.035169 0.899657
vt 1.037986 0.898238
vt 1.035193 0.897860
vt 0.899703 0.249132
vt 0.898238 0.246769
vt 0.899713 0.246274
vt 1.035178 0.249043
vt 1.037986 0.246769
vt 1.038598 0.249092
vt 1.031496 0.894932
vt 1.034351 0.893560
vt 1.034945 0.895021
vt 1.031594 0.575951
vt 1.034351 0.578318
vt 1.031547 0.578803
vt 0.895091 0.576040
vt 0.893560 0.578318
vt 0.893279 0.576000
vt 1.030831 1.104552
vt 1.033587 1.106041
vt 1.034254 1.104607
vt 1.030733 0.251956
vt 1.033587 0.249652
vt 1.030780 0.249104
vt 1.104597 0.251976
vt 1.106041 0.249652
vt 1.106349 0.251984
vt 1.027159 1.099826
vt 1.029952 1.101364
vt 1.027134 1.101624
vt 1.099985 0.578884
vt 1.101364 0.581201
vt 1.099915 0.581710
vt 1.027149 0.578864
vt 1.029952 0.581201
vt 1.030601 0.578892
vt 0.632175 1.096158
vt 0.891264 0.241747
vt 0.636519 0.244564
vt 0.884830 0.571472
vt 0.632867 0.886571
vt 0.628522 0.574365
vt 1.030780 1.106317
vt 0.635573 0.244654
vt 0.631927 1.093319
vt 1.027134 0.581696
vt 1.101737 0.578892
vt 1.038592 0.899713
vt 1.104607 0.249117
vt 1.030607 1.099915
vt 0.895021 0.578866
vt 1.035014 0.576000
vt 0.897892 0.249092
vt 0.639986 0.889555
vt 1.035193 0.246211
vt 1.031547 0.893167
vt 0.963021 0.888097
vt 0.960228 0.886486
vt 0.959594 0.888086
vt 0.963051 0.247255
vt 0.960228 0.245216
vt 0.963030 0.244720
vt 0.888055 0.247332
vt 0.886486 0.245216
vt 0.886103 0.247295
vt 0.965626 0.540021
vt 0.962839 0.542138
vt 0.962190 0.540061
vt 0.965660 0.884381
vt 0.962839 0.882807
vt 0.965649 0.882442
vt 0.884428 0.540098
vt 0.882807 0.542138
vt 0.884395 0.542631
vt 0.963154 1.112560
vt 0.960363 1.114136
vt 0.963165 1.114498
vt 1.112518 0.250112
vt 1.114136 0.248035
vt 1.112549 0.247554
vt 0.963188 0.250103
vt 0.960363 0.248035
vt 0.959751 0.250123
vt 0.965793 1.108843
vt 0.962975 1.110457
vt 0.962347 1.108858
vt 0.965763 0.542869
vt 0.962975 0.544958
vt 0.965785 0.545405
vt 1.108890 0.542878
vt 1.110457 0.544958
vt 1.110841 0.542890
vt 1.358325 0.887906
vt 1.361143 0.886292
vt 1.358333 0.885941
vt 0.887859 0.243767
vt 0.886292 0.241687
vt 0.887891 0.241234
vt 1.358355 0.243775
vt 1.361143 0.241687
vt 1.361792 0.243755
vt 1.360964 0.884189
vt 1.363755 0.882613
vt 1.364391 0.884201
vt 1.360930 0.536542
vt 1.363755 0.538610
vt 1.360953 0.539097
vt 0.884231 0.536533
vt 0.882613 0.538610
vt 0.882281 0.536521
vt 1.358458 1.112368
vt 1.361279 1.113942
vt 1.361904 1.112354
vt 1.358492 0.246624
vt 1.361279 0.244506
vt 1.358469 0.244068
vt 1.112321 0.246547
vt 1.113942 0.244506
vt 1.114274 0.246583
vt 1.361097 1.108652
vt 1.363891 1.110263
vt 1.361089 1.110616
vt 1.108694 0.539313
vt 1.110263 0.541429
vt 1.108663 0.541871
vt 1.361067 0.539390
vt 1.363891 0.541429
vt 1.364503 0.539350
vt 0.959727 1.112549
vt 0.888086 0.244774
vt 0.959615 0.247295
vt 0.882475 0.540061
vt 0.962214 0.884395
vt 1.108858 0.545411
vt 0.962326 0.542890
vt 1.358469 1.114307
vt 0.965785 1.110808
vt 1.361089 0.541925
vt 1.110646 0.539350
vt 1.361928 0.246583
vt 1.361771 0.887891
vt 1.364524 1.108663
vt 1.364367 0.536521
vt 0.885908 0.243755
vt 0.963030 0.886133
vt 1.360953 0.882251
vt 0.965649 0.542576
vt -0.348271 -0.041944
vt -0.349784 -0.044762
vt -0.350038 -0.041885
vt -0.350102 0.251528
vt -0.348353 0.248961
vt -0.348360 0.251520
vt -0.041841 0.251503
vt -0.044762 0.249440
vt -0.045379 0.251528
vt -0.344553 0.546815
vt -0.346367 0.544292
vt -0.344625 0.544284
vt -0.344444 -0.039147
vt -0.345996 -0.041994
vt -0.344553 -0.042675
vt -0.039112 0.544267
vt -0.041994 0.546360
vt -0.039108 0.546803
vt -0.337218 0.362731
vt -0.338575 0.365658
vt -0.337109 0.366260
vt 0.362834 0.247590
vt 0.365658 0.245471
vt 0.362790 0.245035
vt -0.337109 0.244979
vt -0.338857 0.247547
vt -0.337036 0.247510
vt -0.333391 0.365528
vt -0.334787 0.368426
vt -0.335186 0.365567
vt -0.335122 0.540310
vt -0.333309 0.542833
vt -0.333301 0.540274
vt 0.365563 0.540353
vt 0.368426 0.542391
vt 0.369061 0.540310
vt -0.143404 -0.047563
vt -0.142008 -0.050462
vt -0.143486 -0.051072
vt -0.047599 0.248879
vt -0.050462 0.246842
vt -0.047603 0.246343
vt -0.143486 0.246400
vt -0.141673 0.248922
vt -0.143494 0.248959
vt -0.139577 -0.044767
vt -0.138220 -0.047694
vt -0.137809 -0.044826
vt -0.137938 0.541686
vt -0.139686 0.544254
vt -0.139759 0.541722
vt -0.044870 0.541643
vt -0.047694 0.543762
vt -0.048368 0.541686
vt -0.132351 0.357111
vt -0.130799 0.359958
vt -0.130557 0.357072
vt -0.130428 0.244941
vt -0.132242 0.242418
vt -0.132169 0.244949
vt 0.357076 0.244966
vt 0.359958 0.242873
vt 0.360614 0.244941
vt -0.128525 0.359908
vt -0.127011 0.362726
vt -0.128442 0.363416
vt 0.359805 0.537729
vt 0.362726 0.539793
vt 0.359849 0.540284
vt -0.128442 0.540272
vt -0.126693 0.537704
vt -0.128435 0.537713
vt -0.338986 0.362790
vt -0.041885 0.248949
vt -0.042650 0.544292
vt -0.346238 -0.039108
vt 0.365567 0.542889
vt 0.366332 0.247547
vt -0.132242 0.360640
vt -0.333309 0.369036
vt 0.363344 0.537704
vt -0.141609 -0.047603
vt 0.357072 0.242430
vt -0.126757 0.359849
vt -0.044826 0.544197
vt -0.348353 -0.045452
vt -0.139686 -0.048295
vt -0.345585 0.288426
vt -0.347075 0.285504
vt -0.347534 0.288361
vt -0.345406 0.249574
vt -0.347075 0.247248
vt -0.345460 0.246727
vt 0.288343 0.249559
vt 0.285504 0.247248
vt 0.284854 0.249571
vt -0.345096 0.576532
vt -0.346760 0.578847
vt -0.347097 0.576529
vt -0.345267 0.289653
vt -0.346760 0.286718
vt -0.345144 0.286131
vt 0.289541 0.576517
vt 0.286718 0.578847
vt 0.289580 0.579359
vt -0.359844 0.693017
vt -0.361536 0.695839
vt -0.359967 0.696538
vt 0.692934 0.248091
vt 0.695839 0.245758
vt 0.692952 0.245247
vt -0.360015 0.248070
vt -0.361536 0.245758
vt -0.361914 0.248077
vt -0.359526 0.694244
vt -0.361221 0.697054
vt -0.361477 0.694171
vt -0.359705 0.575027
vt -0.361221 0.577358
vt -0.359651 0.577875
vt 0.694132 0.575048
vt 0.697054 0.577358
vt 0.697678 0.575035
vt -0.121244 0.296331
vt -0.119549 0.293521
vt -0.121119 0.292818
vt 0.296443 0.249311
vt 0.293521 0.247002
vt 0.296404 0.246470
vt -0.121065 0.249332
vt -0.119549 0.247002
vt -0.119166 0.249325
vt -0.120926 0.297558
vt -0.119234 0.294736
vt -0.118977 0.297623
vt -0.120755 0.576290
vt -0.119234 0.578602
vt -0.120804 0.579127
vt 0.297641 0.576269
vt 0.294736 0.578602
vt 0.294095 0.576283
vt -0.135503 0.700922
vt -0.134010 0.703856
vt -0.133552 0.700995
vt -0.135675 0.247828
vt -0.134010 0.245513
vt -0.135626 0.244990
vt 0.701034 0.247843
vt 0.703856 0.245513
vt 0.704523 0.247831
vt -0.135185 0.702149
vt -0.133695 0.705071
vt -0.135310 0.705662
vt 0.702232 0.574800
vt 0.705071 0.577112
vt 0.702214 0.577644
vt -0.135364 0.574785
vt -0.133695 0.577112
vt -0.133362 0.574789
vt -0.361793 0.692952
vt -0.347408 0.249571
vt -0.347219 0.289580
vt 0.694171 0.577890
vt -0.361604 0.575035
vt -0.135626 0.704444
vt -0.359651 0.697757
vt -0.135310 0.577633
vt 0.705721 0.574789
vt -0.133673 0.247831
vt -0.119293 0.296404
vt -0.133236 0.702214
vt 0.297623 0.579113
vt -0.118856 0.576283
vt 0.292897 0.249325
vt -0.345460 0.284912
vt -0.121119 0.246485
vt -0.120804 0.294036
vt -0.361528 0.636690
vt -0.363277 0.633813
vt -0.363657 0.636690
vt -0.361566 0.246562
vt -0.363277 0.244481
vt -0.361543 0.244024
vt 0.636679 0.246564
vt 0.633813 0.244481
vt 0.633158 0.246553
vt -0.363789 0.539351
vt -0.365532 0.541426
vt -0.365907 0.539342
vt -0.363806 0.635238
vt -0.365532 0.632375
vt -0.363805 0.631723
vt 0.635261 0.539352
vt 0.632375 0.541426
vt 0.635247 0.541904
vt -0.360686 1.041530
vt -0.362424 1.044400
vt -0.360687 1.045044
vt 1.041519 0.248531
vt 1.044400 0.246476
vt 1.041529 0.245992
vt -0.360703 0.248578
vt -0.362424 0.246476
vt -0.362827 0.248555
vt -0.362963 1.040077
vt -0.364678 1.042962
vt -0.365077 1.040086
vt -0.362926 0.541366
vt -0.364678 0.543421
vt -0.362948 0.543904
vt 1.040100 0.541319
vt 1.042962 0.543421
vt 1.043618 0.541343
vt -0.117536 0.636174
vt -0.115821 0.633289
vt -0.117551 0.632649
vt 0.636150 0.248459
vt 0.633289 0.246357
vt 0.636164 0.245907
vt -0.117573 0.248412
vt -0.115821 0.246357
vt -0.115449 0.248435
vt -0.119813 0.634721
vt -0.118075 0.631851
vt -0.117684 0.634722
vt -0.119796 0.541200
vt -0.118075 0.543302
vt -0.119812 0.543753
vt 0.634732 0.541247
vt 0.631851 0.543302
vt 0.631214 0.541224
vt -0.116693 1.041013
vt -0.114967 1.043876
vt -0.114580 1.041004
vt -0.116710 0.250428
vt -0.114967 0.248352
vt -0.116694 0.247875
vt 1.040989 0.250426
vt 1.043876 0.248352
vt 1.044511 0.250437
vt -0.118971 1.039560
vt -0.117222 1.042438
vt -0.118956 1.043085
vt 1.039571 0.543214
vt 1.042438 0.545297
vt 1.039561 0.545753
vt -0.118933 0.543216
vt -0.117222 0.545297
vt -0.116815 0.543225
vt -0.362815 1.041529
vt 0.636690 0.244025
vt -0.363684 0.246553
vt 0.631740 0.539342
vt -0.365919 0.635247
vt 1.040086 0.543871
vt -0.365050 0.541343
vt 1.045036 0.248555
vt -0.116694 1.044528
vt -0.360687 0.246025
vt -0.362948 1.043602
vt -0.118956 0.545754
vt 1.043093 0.543225
vt -0.114592 0.250437
vt -0.115422 0.636164
vt 1.041004 0.247874
vt -0.116842 1.039561
vt 0.634722 0.543786
vt -0.117672 0.541224
vt 0.632632 0.248435
vt -0.361543 0.633166
vt -0.119812 0.631207
vt -0.363805 0.541903
vt 1.132550 -0.042753
vt 1.131024 -0.045605
vt 1.130771 -0.042718
vt 1.130684 0.245190
vt 1.132460 0.242640
vt 1.132427 0.245169
vt -0.042728 0.245231
vt -0.045605 0.243118
vt -0.046266 0.245190
vt 1.133054 0.540511
vt 1.131267 0.537970
vt 1.133010 0.537949
vt 1.133148 -0.046180
vt 1.131615 -0.048997
vt 1.133054 -0.049686
vt -0.046073 0.538012
vt -0.048997 0.540055
vt -0.046122 0.540555
vt 1.143140 0.361927
vt 1.141764 0.364821
vt 1.143234 0.365433
vt 0.361952 0.249834
vt 0.364821 0.247786
vt 0.361962 0.247287
vt 1.143234 0.247323
vt 1.141458 0.249872
vt 1.143278 0.249885
vt 1.143738 0.358500
vt 1.142355 0.361428
vt 1.141954 0.358559
vt 1.142041 0.542652
vt 1.143828 0.545194
vt 1.143861 0.542665
vt 0.358607 0.542614
vt 0.361428 0.544723
vt 0.362106 0.542652
vt 1.337440 -0.048109
vt 1.338822 -0.051037
vt 1.337350 -0.051640
vt -0.048216 0.244751
vt -0.051037 0.242642
vt -0.048168 0.242207
vt 1.337350 0.242171
vt 1.339136 0.244712
vt 1.337317 0.244700
vt 1.338037 -0.051537
vt 1.339413 -0.054430
vt 1.339816 -0.051571
vt 1.339719 0.537493
vt 1.337943 0.540042
vt 1.337900 0.537480
vt -0.051561 0.537531
vt -0.054430 0.539579
vt -0.055060 0.537493
vt 1.348029 0.356571
vt 1.349562 0.359388
vt 1.349813 0.356512
vt 1.349910 0.249395
vt 1.348124 0.246853
vt 1.348167 0.249415
vt 0.356464 0.249353
vt 0.359388 0.247310
vt 0.360001 0.249395
vt 1.348627 0.353144
vt 1.350154 0.355996
vt 1.348717 0.356674
vt 0.353119 0.542133
vt 0.355996 0.544247
vt 0.353109 0.544680
vt 1.348717 0.544724
vt 1.350493 0.542175
vt 1.348750 0.542196
vt 1.141361 0.361962
vt -0.042718 0.242684
vt -0.049611 0.537970
vt 1.131364 -0.046122
vt 0.358559 0.545158
vt 0.365451 0.249872
vt 1.348124 0.360077
vt 1.143828 0.362030
vt 0.356656 0.542175
vt 1.339223 -0.048168
vt 1.350406 0.353109
vt -0.051715 0.244712
vt 1.132460 -0.046283
vt 1.337943 -0.055043
vt 1.128439 0.292420
vt 1.126885 0.289525
vt 1.126495 0.292397
vt 1.128514 0.249414
vt 1.126885 0.247112
vt 1.128481 0.246577
vt 0.292379 0.249451
vt 0.289525 0.247112
vt 0.288867 0.249432
vt 1.130673 0.576365
vt 1.129074 0.578704
vt 1.128707 0.576383
vt 1.130650 0.291217
vt 1.129074 0.288333
vt 1.130677 0.287701
vt 0.291204 0.576401
vt 0.288333 0.578704
vt 0.291202 0.579239
vt 1.124459 0.697243
vt 1.122849 0.700095
vt 1.124432 0.700758
vt 0.697201 0.250932
vt 0.700095 0.248614
vt 0.697219 0.248084
vt 1.124437 0.250932
vt 1.122849 0.248614
vt 1.122499 0.250939
vt 1.126670 0.696039
vt 1.125037 0.698903
vt 1.124711 0.696024
vt 1.126595 0.577883
vt 1.125037 0.580206
vt 1.126628 0.580720
vt 0.696026 0.577882
vt 0.698903 0.580206
vt 0.699554 0.577890
vt 1.352903 0.294632
vt 1.354536 0.291768
vt 1.352946 0.291109
vt 0.294645 0.247941
vt 0.291768 0.245617
vt 0.294647 0.245103
vt 1.352979 0.247941
vt 1.354536 0.245617
vt 1.354916 0.247933
vt 1.355114 0.293429
vt 1.356725 0.290577
vt 1.357058 0.293452
vt 1.355137 0.574891
vt 1.356725 0.577209
vt 1.355141 0.577739
vt 0.293470 0.574891
vt 0.290577 0.577209
vt 0.289943 0.574884
vt 1.348923 0.699455
vt 1.350500 0.702338
vt 1.350883 0.699470
vt 1.348901 0.249458
vt 1.350500 0.247119
vt 1.348897 0.246610
vt 0.699468 0.249422
vt 0.702338 0.247119
vt 0.702979 0.249440
vt 1.351135 0.698251
vt 1.352688 0.701147
vt 1.351092 0.701775
vt 0.698293 0.576372
vt 0.701147 0.578712
vt 0.698275 0.579220
vt 1.351059 0.576409
vt 1.352688 0.578712
vt 1.353025 0.576391
vt 1.122515 0.697219
vt 1.126548 0.249432
vt 0.287692 0.576383
vt 1.128691 0.291202
vt 0.696024 0.580720
vt 1.124658 0.577890
vt 1.348897 0.702970
vt 1.124432 0.248084
vt 1.126628 0.699563
vt 1.351092 0.579246
vt 0.701804 0.576391
vt 1.354862 0.294647
vt 1.353078 0.698275
vt 1.357074 0.574884
vt 1.128481 0.288897
vt 1.352946 0.245103
vt 1.355141 0.289913
vt 1.115929 0.635440
vt 1.114162 0.632593
vt 1.113800 0.635466
vt 1.115862 0.249495
vt 1.114162 0.247388
vt 1.115892 0.246938
vt 0.635494 0.249435
vt 0.632593 0.247388
vt 0.631967 0.249469
vt 1.113938 0.542279
vt 1.112211 0.544329
vt 1.111830 0.542253
vt 1.113957 0.637882
vt 1.112211 0.635010
vt 1.113934 0.634354
vt 0.637878 0.542219
vt 0.635010 0.544329
vt 0.637891 0.544770
vt 1.119383 1.040256
vt 1.117666 1.043157
vt 1.119406 1.043785
vt 1.040311 0.246162
vt 1.043157 0.244069
vt 1.040283 0.243623
vt 1.119402 0.246142
vt 1.117666 0.244069
vt 1.117268 0.246140
vt 1.117412 1.042699
vt 1.115714 1.045574
vt 1.115297 1.042708
vt 1.117478 0.538926
vt 1.115714 0.541010
vt 1.117448 0.541483
vt 1.042695 0.538946
vt 1.045574 0.541010
vt 1.046207 0.538924
vt 1.359914 0.633371
vt 1.361612 0.630495
vt 1.359878 0.629860
vt 0.633375 0.251095
vt 0.630495 0.249032
vt 0.633361 0.248544
vt 1.359848 0.251116
vt 1.361612 0.249032
vt 1.361982 0.251118
vt 1.357943 0.635813
vt 1.359660 0.632912
vt 1.360071 0.635786
vt 1.357924 0.543900
vt 1.359660 0.545972
vt 1.357920 0.546433
vt 0.635758 0.543879
vt 0.632912 0.545972
vt 0.632246 0.543902
vt 1.363369 1.038188
vt 1.365115 1.041059
vt 1.365483 1.038178
vt 1.363388 0.247762
vt 1.365115 0.245712
vt 1.363392 0.245229
vt 1.038191 0.247822
vt 1.041059 0.245712
vt 1.041718 0.247788
vt 1.361398 1.040630
vt 1.363164 1.043476
vt 1.361434 1.044141
vt 1.040575 0.540606
vt 1.043476 0.542653
vt 1.040603 0.543146
vt 1.361464 0.540546
vt 1.363164 0.542653
vt 1.363572 0.540572
vt 1.117255 1.040283
vt 0.635466 0.246895
vt 1.113754 0.249469
vt 1.111843 0.637891
vt 1.042708 0.541498
vt 1.115344 0.538924
vt 1.363392 1.041716
vt 1.119406 0.243608
vt 1.117448 1.046209
vt 1.044102 0.540572
vt 1.365496 0.247788
vt 1.362029 0.633361
vt 1.363526 1.040603
vt 1.360058 0.543902
vt 0.629863 0.251118
vt 1.115892 0.631929
vt 1.359878 0.248558
vt 1.357920 0.632285
vt -0.158269 0.085921
vt -0.167626 0.080076
vt -0.169642 0.086056
vt -0.158402 0.075616
vt -0.158358 0.078629
vt -0.169736 0.078769
vt -0.174360 0.086120
vt -0.159502 0.076722
vt -0.168741 0.081198
vt -0.170835 0.079875
vt -0.159395 0.087055
vt -0.159476 0.079754
vt -0.170760 0.087181
vt -0.175460 0.087226
vt -0.148508 0.925172
vt -0.157727 0.931242
vt -0.148427 0.932472
vt -0.159805 0.932613
vt -0.159881 0.925306
vt -0.164599 0.925370
vt -0.148401 0.935504
vt -0.149634 0.926305
vt -0.158842 0.932364
vt -0.160999 0.926432
vt -0.149501 0.936610
vt -0.149545 0.933598
vt -0.160905 0.933719
vt -0.165698 0.926477
vt 1.149400 0.070879
vt 1.158608 0.064820
vt 1.149311 0.063587
vt 1.160671 0.063465
vt 1.160765 0.070752
vt 1.165464 0.070708
vt 1.149266 0.060574
vt 1.148274 0.072013
vt 1.157493 0.065943
vt 1.159647 0.071878
vt 1.148167 0.061680
vt 1.148193 0.064712
vt 1.159571 0.064572
vt 1.164365 0.071814
vt 1.159161 0.910130
vt 1.168507 0.915986
vt 1.170526 0.910003
vt 1.159267 0.920462
vt 1.159242 0.917430
vt 1.170601 0.917309
vt 1.175225 0.909958
vt 1.158035 0.911263
vt 1.167392 0.917108
vt 1.158123 0.918556
vt 1.169502 0.918415
vt 1.169407 0.911128
vt 1.174126 0.911065
vt 1.158168 0.921568
vt -0.158402 0.242370
vt -0.170835 0.339794
vt -0.169736 0.242207
vt 0.079875 0.339794
vt 0.086120 0.242071
vt 0.078769 0.242207
vt -0.148401 0.232734
vt -0.160905 0.330225
vt -0.149501 0.330321
vt 0.932613 0.232638
vt 0.926477 0.330254
vt 0.933719 0.330225
vt 0.909958 0.247933
vt 0.918415 0.345385
vt 0.911065 0.345520
vt 1.170601 0.247797
vt 1.158168 0.345222
vt 1.169502 0.345385
vt 1.149266 0.257271
vt 1.159571 0.354954
vt 1.148167 0.354858
vt 0.063465 0.257366
vt 0.071814 0.354926
vt 0.064572 0.354954
vt 0.087226 0.339659
vt 0.925370 0.232666
vt 1.159267 0.247634
vt 0.070708 0.257338
vt 0.438019 0.060709
vt 0.437187 0.054459
vt 0.437011 0.060700
vt 0.053034 0.273860
vt 0.053061 0.271305
vt 0.049869 0.273814
vt 0.060671 0.273952
vt 0.054459 0.271796
vt 0.049630 0.569162
vt 0.049661 0.566627
vt 0.046496 0.566581
vt 0.440941 0.057254
vt 0.440080 0.051038
vt 0.440913 0.049630
vt 0.057298 0.566719
vt 0.051038 0.568719
vt 0.057268 0.569260
vt 0.440131 0.939049
vt 0.439330 0.945268
vt 0.440160 0.946673
vt 0.939011 0.284050
vt 0.945268 0.282038
vt 0.939039 0.281501
vt 0.946673 0.281579
vt 0.946646 0.284134
vt 0.949807 0.284160
vt 0.443054 0.935593
vt 0.442222 0.941848
vt 0.442025 0.935608
vt 0.943273 0.576901
vt 0.943242 0.579436
vt 0.946434 0.576927
vt 0.935638 0.576817
vt 0.941848 0.578961
vt 0.555133 0.060441
vt 0.555964 0.054186
vt 0.555125 0.052792
vt 0.060396 0.272780
vt 0.054186 0.270636
vt 0.060426 0.270239
vt 0.052792 0.270161
vt 0.052761 0.272696
vt 0.049600 0.272670
vt 0.558055 0.056985
vt 0.558857 0.050766
vt 0.559063 0.056995
vt 0.049388 0.565463
vt 0.049361 0.568018
vt 0.046227 0.565436
vt 0.057023 0.565547
vt 0.050766 0.567559
vt 0.557245 0.938780
vt 0.558107 0.944996
vt 0.558274 0.938766
vt 0.946373 0.282970
vt 0.946404 0.280435
vt 0.949538 0.283016
vt 0.938735 0.282878
vt 0.944996 0.280877
vt 0.560168 0.935325
vt 0.560999 0.941575
vt 0.560176 0.942973
vt 0.935363 0.575645
vt 0.941575 0.577801
vt 0.935334 0.578194
vt 0.942973 0.578292
vt 0.943000 0.575737
vt 0.946165 0.575783
vt 0.939049 0.280436
vt 0.060700 0.271403
vt 0.935593 0.580402
vt 0.057254 0.570304
vt 0.557274 0.946404
vt 0.440192 0.949807
vt 0.557306 0.949538
vt 0.443062 0.943242
vt 0.443045 0.946434
vt 0.938780 0.279292
vt 0.060441 0.269194
vt 0.938766 0.280337
vt 0.056985 0.569160
vt 0.935325 0.579258
vt 0.056995 0.568096
vt 0.438011 0.053061
vt 0.438028 0.049869
vt 0.558027 0.049361
vt 0.557994 0.046227
vt 0.555142 0.272670
vt 0.440880 0.566581
vt 0.438028 0.273814
vt 0.443045 0.576927
vt 0.557306 0.283016
vt 0.440192 0.284160
vt 0.090588 0.521389
vt 0.090409 0.520491
vt 0.089968 0.520975
vt 0.091262 0.440340
vt 0.090409 0.440076
vt 0.091000 0.439875
vt 0.520752 0.440689
vt 0.520491 0.440076
vt 0.520247 0.440496
vt 0.116796 0.563374
vt 0.116123 0.563974
vt 0.115978 0.563531
vt 0.116432 0.506742
vt 0.116123 0.505918
vt 0.116754 0.506101
vt 0.115336 0.563724
vt 0.115721 0.564214
vt 0.005185 0.676513
vt 0.004408 0.676703
vt 0.004864 0.677153
vt 0.675876 0.476658
vt 0.676703 0.476298
vt 0.676099 0.476092
vt 0.677367 0.476746
vt 0.676703 0.476774
vt 0.031030 0.661866
vt 0.030121 0.662130
vt 0.030319 0.661504
vt 0.030356 0.662896
vt 0.030618 0.662558
vt 0.661405 0.599693
vt 0.662130 0.600195
vt 0.662232 0.599809
vt 0.245594 0.611721
vt 0.246502 0.611457
vt 0.246006 0.611030
vt 0.612182 0.418882
vt 0.611457 0.418380
vt 0.612084 0.418392
vt 0.246267 0.610691
vt 0.246781 0.611355
vt 0.271438 0.597075
vt 0.272215 0.596885
vt 0.272058 0.597488
vt 0.596221 0.541830
vt 0.596885 0.542278
vt 0.596434 0.542422
vt 0.597711 0.541917
vt 0.596884 0.541801
vt 0.160191 0.766846
vt 0.160501 0.767669
vt 0.160902 0.767208
vt 0.159827 0.455201
vt 0.160501 0.454602
vt 0.159870 0.454609
vt 0.161287 0.454852
vt 0.160645 0.455045
vt 0.186035 0.752199
vt 0.186214 0.753097
vt 0.185623 0.752891
vt 0.752836 0.577887
vt 0.753097 0.578499
vt 0.752613 0.578453
vt 0.185362 0.578236
vt 0.186214 0.578499
vt 0.186179 0.578079
vt 0.004565 0.676099
vt 0.090444 0.440496
vt 0.089802 0.440689
vt 0.115721 0.506380
vt 0.661504 0.600183
vt 0.506281 0.563724
vt 0.506380 0.564214
vt 0.662896 0.599781
vt 0.159870 0.767486
vt 0.004864 0.476154
vt 0.030618 0.600245
vt 0.030356 0.599781
vt 0.186822 0.577887
vt 0.246305 0.612084
vt 0.767208 0.454362
vt 0.186656 0.752613
vt 0.610691 0.418795
vt 0.091000 0.520697
vt 0.246006 0.418330
vt 0.271759 0.596434
vt 0.116754 0.563967
vt 0.271802 0.541830
vt 0.271759 0.542422
vt 0.246267 0.418795
vt 0.004822 0.476746
vt 0.767307 0.454852
vt 0.101539 0.257167
vt 0.101812 0.256291
vt 0.101189 0.256507
vt 0.102627 0.444837
vt 0.101812 0.444572
vt 0.102236 0.444366
vt 0.101146 0.445186
vt 0.101958 0.444998
vt 0.131607 0.568752
vt 0.130994 0.569356
vt 0.130937 0.568912
vt 0.130870 0.258191
vt 0.130994 0.257310
vt 0.131464 0.257775
vt 0.130125 0.569101
vt 0.130416 0.569592
vt -0.048670 0.353657
vt -0.049450 0.353457
vt -0.049263 0.354073
vt 0.352727 0.479527
vt 0.353457 0.479154
vt 0.352997 0.478954
vt 0.354249 0.479595
vt 0.353416 0.479633
vt -0.019339 0.354681
vt -0.020268 0.354476
vt -0.019792 0.354017
vt 0.355260 0.603509
vt 0.354476 0.603937
vt 0.355093 0.603980
vt -0.020083 0.353739
vt -0.020562 0.354427
vt 0.195218 0.411245
vt 0.196148 0.411449
vt 0.195915 0.410832
vt 0.195963 0.412186
vt 0.195672 0.411908
vt 0.410665 0.421671
vt 0.411449 0.421244
vt 0.411498 0.421633
vt 0.224549 0.412268
vt 0.225330 0.412468
vt 0.224900 0.412928
vt 0.411676 0.545586
vt 0.412468 0.546027
vt 0.411852 0.546179
vt 0.413198 0.545654
vt 0.412510 0.545547
vt 0.045009 0.507734
vt 0.044885 0.508615
vt 0.045463 0.508398
vt 0.044273 0.456429
vt 0.044885 0.455825
vt 0.044416 0.455836
vt 0.045754 0.456080
vt 0.044942 0.456268
vt 0.074340 0.508758
vt 0.074068 0.509634
vt 0.073644 0.509171
vt 0.074733 0.579994
vt 0.074068 0.580609
vt 0.074691 0.580568
vt 0.073252 0.580344
vt 0.073921 0.580183
vt -0.049020 0.352997
vt 0.101189 0.444613
vt -0.049063 0.479527
vt -0.049020 0.478954
vt 0.130416 0.257527
vt -0.019792 0.603932
vt 0.354427 0.603548
vt 0.353739 0.603442
vt 0.044416 0.508150
vt 0.508150 0.455836
vt 0.508326 0.456429
vt -0.020035 0.355093
vt 0.073252 0.509338
vt -0.020427 0.355260
vt 0.045463 0.455589
vt 0.195963 0.421739
vt 0.195672 0.421248
vt 0.074691 0.509418
vt 0.224900 0.546227
vt 0.102236 0.256754
vt 0.102627 0.256587
vt 0.225143 0.411852
vt 0.257775 0.569345
vt 0.256587 0.444837
vt 0.295902 0.516281
vt 0.296195 0.515424
vt 0.295577 0.515624
vt 0.296997 0.431420
vt 0.296195 0.431174
vt 0.296599 0.430963
vt 0.295552 0.431792
vt 0.296351 0.431591
vt 0.327864 0.552972
vt 0.327278 0.553579
vt 0.327217 0.553143
vt 0.327144 0.518088
vt 0.327278 0.517222
vt 0.327731 0.517690
vt 0.326418 0.553344
vt 0.326709 0.553822
vt 0.146561 0.608278
vt 0.145806 0.608066
vt 0.145975 0.608676
vt 0.607355 0.468365
vt 0.608066 0.468003
vt 0.607621 0.467799
vt 0.608847 0.468436
vt 0.608024 0.468478
vt 0.177803 0.610085
vt 0.176889 0.609864
vt 0.177367 0.609421
vt 0.610633 0.589989
vt 0.609864 0.590408
vt 0.610477 0.590445
vt 0.177077 0.609140
vt 0.176593 0.609809
vt 0.384539 0.670015
vt 0.385453 0.670236
vt 0.385236 0.669623
vt 0.385265 0.670959
vt 0.384975 0.670678
vt 0.669467 0.406654
vt 0.670236 0.406235
vt 0.670291 0.406612
vt 0.415781 0.671822
vt 0.416536 0.672033
vt 0.416107 0.672479
vt 0.671252 0.528206
vt 0.672033 0.528639
vt 0.671423 0.528793
vt 0.672744 0.528278
vt 0.672076 0.528165
vt 0.235198 0.762011
vt 0.235064 0.762877
vt 0.235633 0.762675
vt 0.234478 0.443670
vt 0.235064 0.443063
vt 0.234611 0.443083
vt 0.235923 0.443298
vt 0.235125 0.443499
vt 0.266439 0.763818
vt 0.266147 0.764675
vt 0.265743 0.764210
vt 0.266790 0.564850
vt 0.266147 0.565468
vt 0.266765 0.565416
vt 0.265345 0.565223
vt 0.265991 0.565051
vt 0.146235 0.607621
vt 0.295577 0.431226
vt 0.146210 0.468365
vt 0.146235 0.467799
vt 0.326709 0.517425
vt 0.177077 0.589917
vt 0.609809 0.590030
vt 0.609140 0.589917
vt 0.234611 0.762409
vt 0.608676 0.467849
vt 0.762581 0.443670
vt 0.762409 0.443083
vt 0.177106 0.610477
vt 0.265345 0.764366
vt 0.176708 0.610633
vt 0.235633 0.442820
vt 0.385265 0.406725
vt 0.384975 0.406248
vt 0.266765 0.764475
vt 0.416132 0.528278
vt 0.296599 0.515890
vt 0.296997 0.515734
vt 0.416367 0.671423
vt 0.517690 0.553559
vt 0.517519 0.552972
vt 0.515734 0.431420
vt 0.764366 0.565223
vt 0.061545 0.345956
vt 0.062028 0.345266
vt 0.061420 0.345271
vt 0.345757 0.437849
vt 0.345266 0.437565
vt 0.345799 0.437400
vt 0.061439 0.438098
vt 0.062028 0.437565
vt 0.062194 0.437961
vt 0.352231 0.552994
vt 0.351786 0.553517
vt 0.351605 0.553105
vt 0.081568 0.352510
vt 0.081949 0.351786
vt 0.082222 0.352329
vt 0.081221 0.553242
vt 0.081949 0.553517
vt 0.081372 0.553709
vt -0.098927 0.385293
vt -0.099570 0.384878
vt -0.099581 0.385473
vt -0.099033 0.463456
vt -0.099570 0.463101
vt -0.099052 0.462933
vt 0.385571 0.463515
vt 0.384878 0.463101
vt 0.384804 0.463537
vt -0.078905 0.391846
vt -0.079649 0.391399
vt -0.079100 0.391138
vt 0.392046 0.578659
vt 0.391399 0.579052
vt 0.392003 0.579109
vt -0.079251 0.578600
vt -0.079649 0.579052
vt -0.079874 0.578681
vt 0.098851 0.508156
vt 0.099595 0.508603
vt 0.099575 0.507998
vt 0.099198 0.422379
vt 0.099595 0.421926
vt 0.099046 0.421912
vt 0.507956 0.422319
vt 0.508603 0.421926
vt 0.508723 0.422298
vt 0.118874 0.514709
vt 0.119516 0.515123
vt 0.118999 0.515394
vt 0.514431 0.537463
vt 0.515123 0.537878
vt 0.514529 0.538003
vt 0.118980 0.537523
vt 0.119516 0.537878
vt 0.119603 0.537442
vt -0.061621 0.547492
vt -0.062002 0.548216
vt -0.061426 0.548200
vt 0.547771 0.447985
vt 0.548216 0.447462
vt 0.547673 0.447446
vt -0.061274 0.447737
vt -0.062002 0.447462
vt -0.062030 0.447873
vt -0.041599 0.554046
vt -0.042081 0.554736
vt -0.042323 0.554203
vt -0.041492 0.562881
vt -0.042081 0.563413
vt -0.041474 0.563403
vt 0.554245 0.563129
vt 0.554736 0.563413
vt 0.554872 0.563017
vt -0.099052 0.384608
vt 0.061420 0.437576
vt 0.345130 0.437961
vt 0.081976 0.553105
vt 0.081372 0.351801
vt -0.079100 0.579067
vt 0.391279 0.578681
vt -0.062275 0.547673
vt -0.079629 0.392003
vt 0.554203 0.563579
vt -0.042248 0.563017
vt 0.548397 0.447873
vt 0.099046 0.508864
vt -0.061426 0.447270
vt -0.041474 0.554731
vt 0.515198 0.537442
vt 0.099821 0.422298
vt 0.062269 0.345799
vt 0.119528 0.514529
vt 0.107751 0.353202
vt 0.107954 0.352595
vt 0.107506 0.352707
vt 0.108453 0.466264
vt 0.107954 0.465951
vt 0.108245 0.465882
vt 0.107408 0.466270
vt 0.108002 0.466263
vt 0.109327 0.556028
vt 0.108834 0.556345
vt 0.108876 0.556028
vt 0.108636 0.352071
vt 0.108834 0.351470
vt 0.109127 0.351826
vt 0.108282 0.556034
vt 0.108388 0.556421
vt -0.006877 0.410693
vt -0.007478 0.410490
vt -0.007367 0.410938
vt 0.409990 0.468102
vt 0.410490 0.467796
vt 0.410199 0.467718
vt 0.411035 0.468118
vt 0.410441 0.468111
vt -0.005992 0.409562
vt -0.006598 0.409365
vt -0.006240 0.409072
vt 0.409918 0.557883
vt 0.409365 0.558190
vt 0.409811 0.558265
vt 0.408873 0.557866
vt 0.409324 0.557876
vt 0.165259 0.467833
vt 0.165864 0.468031
vt 0.165752 0.467584
vt 0.468523 0.467147
vt 0.468031 0.466824
vt 0.468324 0.466760
vt 0.467477 0.467131
vt 0.468072 0.467138
vt 0.166143 0.466702
vt 0.166745 0.466906
vt 0.166389 0.467197
vt 0.466360 0.556895
vt 0.466906 0.557218
vt 0.466458 0.557284
vt 0.467405 0.556911
vt 0.466955 0.556902
vt 0.050630 0.525325
vt 0.050432 0.525926
vt 0.050879 0.525815
vt 0.049940 0.468985
vt 0.050432 0.468669
vt 0.050140 0.468596
vt 0.050985 0.468979
vt 0.050390 0.468985
vt 0.051515 0.524194
vt 0.051313 0.524800
vt 0.051021 0.524443
vt 0.051859 0.558743
vt 0.051313 0.559062
vt 0.051761 0.559127
vt 0.050814 0.558749
vt 0.051265 0.558750
vt -0.007122 0.410199
vt -0.007122 0.467718
vt -0.007221 0.468102
vt 0.108388 0.351580
vt -0.006240 0.558253
vt 0.050140 0.525570
vt 0.410938 0.467729
vt 0.525667 0.468985
vt 0.525570 0.468596
vt -0.006486 0.409811
vt 0.524550 0.558749
vt 0.165507 0.468324
vt 0.050879 0.468592
vt 0.165613 0.467147
vt 0.165507 0.466760
vt 0.051761 0.524688
vt 0.166487 0.556911
vt 0.108245 0.352953
vt 0.352953 0.465882
vt 0.352846 0.466264
vt 0.166634 0.466458
vt 0.351826 0.556417
vt 0.351728 0.556028
vt -0.006111 0.251532
vt -0.006056 0.250745
vt -0.006547 0.251039
vt -0.005334 0.433914
vt -0.006056 0.433624
vt -0.005601 0.433479
vt -0.006672 0.434105
vt -0.005998 0.434001
vt 0.010353 0.542947
vt 0.009741 0.543422
vt 0.009690 0.543035
vt 0.009767 0.248589
vt 0.009741 0.247816
vt 0.010221 0.248127
vt 0.009015 0.543139
vt 0.009275 0.543585
vt -0.118292 0.360318
vt -0.119024 0.360293
vt -0.118746 0.360780
vt 0.359609 0.453148
vt 0.360293 0.452800
vt 0.359824 0.452657
vt 0.360961 0.453187
vt 0.360279 0.453207
vt -0.102413 0.357374
vt -0.103226 0.357364
vt -0.102906 0.356891
vt 0.358052 0.562221
vt 0.357364 0.562598
vt 0.357846 0.562655
vt 0.356701 0.562181
vt 0.357371 0.562241
vt 0.102030 0.365242
vt 0.102843 0.365252
vt 0.102540 0.364770
vt 0.365915 0.421427
vt 0.365252 0.421010
vt 0.365725 0.420981
vt 0.364564 0.421387
vt 0.365246 0.421367
vt 0.117909 0.362299
vt 0.118641 0.362323
vt 0.118345 0.362792
vt 0.361656 0.530421
vt 0.362323 0.530808
vt 0.361837 0.530923
vt 0.363007 0.530460
vt 0.362338 0.530401
vt -0.010150 0.474027
vt -0.010124 0.474800
vt -0.009658 0.474510
vt -0.010736 0.440661
vt -0.010124 0.440186
vt -0.010604 0.440159
vt -0.009398 0.440469
vt -0.010073 0.440573
vt 0.005728 0.471084
vt 0.005673 0.471872
vt 0.005218 0.471556
vt 0.006289 0.549502
vt 0.005673 0.549984
vt 0.006164 0.549993
vt 0.004951 0.549694
vt 0.005615 0.549606
vt -0.118728 0.359824
vt 0.251039 0.433615
vt 0.009275 0.248106
vt -0.103166 0.562181
vt -0.010604 0.474489
vt 0.474489 0.440159
vt 0.474670 0.440661
vt -0.102923 0.357846
vt -0.103190 0.358052
vt 0.102523 0.365725
vt 0.102523 0.420981
vt 0.102782 0.421427
vt 0.006164 0.471577
vt 0.471577 0.549993
vt 0.471792 0.549502
vt -0.005601 0.251060
vt -0.005334 0.250854
vt 0.118363 0.361837
vt 0.248127 0.543449
vt -0.118853 0.453148
vt 0.250854 0.433914
vt 0.471762 0.549694
vt 0.079002 0.305145
vt 0.078647 0.304307
vt 0.078315 0.304868
vt 0.079451 0.456336
vt 0.078647 0.456075
vt 0.079264 0.455874
vt 0.304686 0.456684
vt 0.304307 0.456075
vt 0.304063 0.456493
vt 0.101584 0.578745
vt 0.100936 0.579342
vt 0.100766 0.578902
vt 0.101405 0.285933
vt 0.100936 0.285193
vt 0.101588 0.285243
vt 0.285705 0.579093
vt 0.285193 0.579342
vt 0.285724 0.579580
vt 0.027287 0.473613
vt 0.026569 0.473956
vt 0.027104 0.474302
vt 0.473154 0.492159
vt 0.473956 0.491798
vt 0.473336 0.491594
vt 0.027107 0.492242
vt 0.026569 0.491798
vt 0.026473 0.492272
vt 0.049690 0.454401
vt 0.048858 0.454842
vt 0.048924 0.454192
vt 0.049241 0.455539
vt 0.049428 0.455158
vt 0.454173 0.614568
vt 0.454842 0.615065
vt 0.454997 0.614681
vt 0.248236 0.361692
vt 0.249068 0.361251
vt 0.248498 0.360935
vt 0.361920 0.434587
vt 0.361251 0.434089
vt 0.361901 0.434100
vt 0.248685 0.360554
vt 0.249319 0.361096
vt 0.270639 0.342480
vt 0.271357 0.342137
vt 0.271326 0.342757
vt 0.270819 0.556912
vt 0.271357 0.557356
vt 0.270822 0.557501
vt 0.342939 0.556995
vt 0.342137 0.557356
vt 0.342115 0.556882
vt 0.196521 0.530160
vt 0.196990 0.530901
vt 0.197287 0.530369
vt 0.196341 0.470409
vt 0.196990 0.469813
vt 0.196338 0.469821
vt 0.530388 0.470061
vt 0.530901 0.469813
vt 0.531011 0.470252
vt 0.218924 0.510949
vt 0.219279 0.511786
vt 0.218662 0.511706
vt 0.511407 0.592470
vt 0.511786 0.593080
vt 0.511225 0.593034
vt 0.218475 0.592818
vt 0.219279 0.593080
vt 0.219294 0.592661
vt 0.026600 0.473336
vt 0.078632 0.456493
vt 0.100639 0.285724
vt 0.048606 0.614681
vt 0.049241 0.614650
vt 0.196338 0.530850
vt 0.027104 0.491653
vt 0.218662 0.593280
vt 0.049428 0.615113
vt 0.512030 0.592661
vt 0.197160 0.470252
vt 0.249002 0.361901
vt 0.219611 0.511225
vt 0.342757 0.557560
vt 0.249319 0.434473
vt 0.271453 0.556882
vt 0.361096 0.434473
vt 0.079264 0.304387
vt 0.248498 0.434041
vt 0.270822 0.341791
vt 0.248685 0.434504
vt 0.054293 0.330298
vt 0.054298 0.329649
vt 0.053900 0.329900
vt 0.054863 0.455927
vt 0.054298 0.455614
vt 0.054693 0.455538
vt 0.053742 0.455942
vt 0.054303 0.455933
vt 0.056082 0.547270
vt 0.055526 0.547597
vt 0.055522 0.547276
vt 0.055527 0.329640
vt 0.055526 0.328995
vt 0.055923 0.329246
vt 0.054961 0.547285
vt 0.055130 0.547676
vt -0.038247 0.422299
vt -0.038891 0.422296
vt -0.038643 0.422693
vt 0.421733 0.457832
vt 0.422296 0.457517
vt 0.421901 0.457439
vt 0.422854 0.457840
vt 0.422293 0.457839
vt -0.037013 0.421641
vt -0.037663 0.421641
vt -0.037410 0.421245
vt 0.422204 0.549183
vt 0.421641 0.549501
vt 0.422038 0.549572
vt 0.421083 0.549175
vt 0.421643 0.549182
vt 0.146297 0.422853
vt 0.146947 0.422854
vt 0.146697 0.422457
vt 0.423412 0.455365
vt 0.422854 0.455040
vt 0.423250 0.454974
vt 0.422291 0.455357
vt 0.422852 0.455358
vt 0.147532 0.422195
vt 0.148176 0.422199
vt 0.147924 0.422594
vt 0.421641 0.546700
vt 0.422199 0.547023
vt 0.421802 0.547096
vt 0.422761 0.546708
vt 0.422202 0.546701
vt 0.053757 0.514855
vt 0.053758 0.515500
vt 0.054154 0.515251
vt 0.053202 0.457271
vt 0.053758 0.456943
vt 0.053361 0.456875
vt 0.054323 0.457256
vt 0.053762 0.457265
vt 0.054991 0.514197
vt 0.054986 0.514845
vt 0.054591 0.514593
vt 0.055542 0.548599
vt 0.054986 0.548927
vt 0.055384 0.548992
vt 0.054422 0.548614
vt 0.054981 0.548608
vt -0.038640 0.421901
vt 0.329732 0.455942
vt 0.055130 0.329244
vt -0.037410 0.549566
vt 0.053361 0.515248
vt 0.422693 0.457445
vt 0.515409 0.457271
vt 0.515248 0.456875
vt -0.037413 0.422038
vt 0.514593 0.549002
vt 0.146695 0.423250
vt 0.054154 0.456864
vt 0.146863 0.455365
vt 0.146695 0.454974
vt 0.055384 0.514595
vt 0.422594 0.547102
vt 0.514763 0.548599
vt 0.514595 0.548992
vt 0.054693 0.329902
vt 0.329902 0.455538
vt 0.329736 0.455927
vt 0.147927 0.421802
vt 0.329085 0.547270
vt -0.038799 0.457832
vt 0.245904 0.305864
vt 0.246014 0.305131
vt 0.245529 0.305365
vt 0.246672 0.452245
vt 0.246014 0.451951
vt 0.246418 0.451825
vt 0.245414 0.452384
vt 0.246072 0.452310
vt 0.258187 0.555382
vt 0.257610 0.555812
vt 0.257587 0.555448
vt 0.257559 0.305262
vt 0.257610 0.304533
vt 0.258032 0.304866
vt 0.256930 0.555522
vt 0.257143 0.555948
vt 0.130905 0.398475
vt 0.130209 0.398392
vt 0.130432 0.398872
vt 0.397768 0.465757
vt 0.398392 0.465418
vt 0.397977 0.465297
vt 0.399034 0.465780
vt 0.398372 0.465798
vt 0.142560 0.397874
vt 0.141805 0.397794
vt 0.142144 0.397377
vt 0.398440 0.568918
vt 0.397794 0.569279
vt 0.398272 0.569337
vt 0.397174 0.568895
vt 0.397778 0.568935
vt 0.338018 0.421634
vt 0.338774 0.421714
vt 0.338533 0.421235
vt 0.422333 0.442650
vt 0.421714 0.442266
vt 0.422130 0.442224
vt 0.421068 0.442627
vt 0.421730 0.442609
vt 0.349674 0.421033
vt 0.350370 0.421115
vt 0.350049 0.421531
vt 0.420474 0.545765
vt 0.421115 0.546127
vt 0.420636 0.546231
vt 0.421739 0.545788
vt 0.421136 0.545747
vt 0.223020 0.514245
vt 0.222969 0.514974
vt 0.223436 0.514741
vt 0.222391 0.456162
vt 0.222969 0.455733
vt 0.222546 0.455696
vt 0.223649 0.456023
vt 0.222991 0.456097
vt 0.234675 0.513644
vt 0.234565 0.514376
vt 0.234161 0.514043
vt 0.235164 0.559161
vt 0.234565 0.559594
vt 0.235050 0.559621
vt 0.233907 0.559300
vt 0.234507 0.559235
vt 0.130530 0.397977
vt 0.130530 0.465297
vt 0.130416 0.465757
vt 0.257143 0.304766
vt 0.142144 0.569321
vt 0.222546 0.514642
vt 0.398872 0.465313
vt 0.514804 0.456162
vt 0.514642 0.455696
vt 0.142046 0.398272
vt 0.514043 0.559719
vt 0.338434 0.422130
vt 0.223436 0.455597
vt 0.338648 0.442650
vt 0.338434 0.442224
vt 0.235050 0.514142
vt 0.350049 0.546248
vt 0.246418 0.305465
vt 0.421235 0.442208
vt 0.305298 0.452245
vt 0.305465 0.451825
vt 0.350147 0.420636
vt 0.304703 0.555382
vt 0.350163 0.545788
vt 0.031535 0.367427
vt 0.031739 0.366470
vt 0.031111 0.366765
vt 0.032642 0.443950
vt 0.031739 0.443711
vt 0.032225 0.443477
vt 0.031068 0.444396
vt 0.031894 0.444149
vt 0.069852 0.573118
vt 0.069209 0.573785
vt 0.069103 0.573318
vt 0.069197 0.362562
vt 0.069209 0.361630
vt 0.069753 0.362067
vt 0.068277 0.573564
vt 0.068640 0.574070
vt -0.113568 0.484632
vt -0.114382 0.484497
vt -0.114125 0.485127
vt 0.483679 0.490556
vt 0.484497 0.490196
vt 0.483970 0.489953
vt 0.485314 0.490671
vt 0.484453 0.490706
vt -0.075907 0.479767
vt -0.076911 0.479657
vt -0.076463 0.479122
vt 0.480508 0.619840
vt 0.479657 0.620270
vt 0.480279 0.620313
vt -0.076826 0.478872
vt -0.077246 0.479646
vt 0.145738 0.519541
vt 0.146743 0.519651
vt 0.146427 0.519029
vt 0.146658 0.520435
vt 0.146295 0.520185
vt 0.518800 0.416712
vt 0.519651 0.416282
vt 0.519661 0.416677
vt 0.183399 0.514676
vt 0.184213 0.514811
vt 0.183824 0.515337
vt 0.513993 0.545880
vt 0.514811 0.546356
vt 0.514181 0.546517
vt 0.515629 0.545995
vt 0.514855 0.545846
vt 0.000635 0.636746
vt 0.000622 0.637678
vt 0.001191 0.637390
vt -0.000020 0.463433
vt 0.000622 0.462767
vt 0.000078 0.462797
vt 0.001554 0.462988
vt 0.000728 0.463234
vt 0.038296 0.631881
vt 0.038092 0.632838
vt 0.037607 0.632393
vt 0.038764 0.592156
vt 0.038092 0.592841
vt 0.038720 0.592759
vt 0.037189 0.592602
vt 0.037938 0.592403
vt -0.113992 0.483970
vt 0.031111 0.443792
vt -0.114036 0.490556
vt -0.113992 0.489953
vt 0.068640 0.361917
vt -0.076463 0.620231
vt 0.479646 0.619875
vt 0.478872 0.619725
vt 0.000078 0.637241
vt 0.637241 0.462797
vt 0.637428 0.463433
vt -0.076596 0.480279
vt 0.037189 0.632622
vt -0.077014 0.480508
vt 0.001191 0.462481
vt 0.146658 0.416827
vt 0.146295 0.416321
vt 0.038720 0.632543
vt 0.183824 0.546599
vt 0.520435 0.416827
vt 0.032225 0.366915
vt 0.032642 0.366686
vt 0.183956 0.514181
vt 0.361879 0.573118
vt 0.366686 0.443950
vt 0.144930 0.438033
vt 0.144905 0.437063
vt 0.144365 0.437498
vt 0.145832 0.460934
vt 0.144905 0.460701
vt 0.145478 0.460459
vt 0.144258 0.461385
vt 0.145003 0.461142
vt 0.181499 0.589791
vt 0.180822 0.590462
vt 0.180671 0.589999
vt 0.181030 0.426801
vt 0.180822 0.425887
vt 0.181452 0.426183
vt 0.179926 0.590241
vt 0.180339 0.590741
vt 0.032025 0.586514
vt 0.031208 0.586585
vt 0.031604 0.587132
vt 0.585717 0.505424
vt 0.586585 0.505049
vt 0.585978 0.504817
vt 0.587348 0.505508
vt 0.586568 0.505560
vt 0.068126 0.575282
vt 0.067126 0.575409
vt 0.067434 0.574785
vt 0.067223 0.576251
vt 0.067577 0.575939
vt 0.574619 0.634281
vt 0.575409 0.634810
vt 0.575471 0.634416
vt 0.291182 0.558181
vt 0.292183 0.558053
vt 0.291731 0.557524
vt 0.558843 0.430884
vt 0.558053 0.430355
vt 0.558677 0.430384
vt 0.292085 0.557212
vt 0.292512 0.557992
vt 0.327283 0.546949
vt 0.328100 0.546878
vt 0.327847 0.547484
vt 0.546114 0.559657
vt 0.546878 0.560116
vt 0.546331 0.560288
vt 0.547746 0.559741
vt 0.546895 0.559605
vt 0.178278 0.706662
vt 0.178486 0.707575
vt 0.178969 0.707158
vt 0.177809 0.475374
vt 0.178486 0.474703
vt 0.177857 0.474742
vt 0.179383 0.474923
vt 0.178638 0.475166
vt 0.214378 0.695430
vt 0.214404 0.696400
vt 0.213830 0.696087
vt 0.215050 0.603780
vt 0.214404 0.604464
vt 0.214943 0.604387
vt 0.213476 0.604231
vt 0.214305 0.604023
vt 0.031461 0.585978
vt 0.437498 0.460778
vt 0.180339 0.426305
vt 0.179926 0.426139
vt 0.576251 0.634365
vt 0.177857 0.707280
vt 0.031556 0.505508
vt 0.291874 0.558677
vt 0.292287 0.558843
vt 0.214943 0.695965
vt 0.547484 0.560348
vt 0.696227 0.603780
vt 0.695965 0.604387
vt 0.557212 0.430800
vt 0.557992 0.430749
vt 0.145478 0.437376
vt 0.145832 0.437064
vt 0.327704 0.546331
vt 0.327704 0.560288
vt 0.327752 0.559657
vt 0.426139 0.590241
vt 0.437236 0.461385
vt 0.292085 0.430800
vt 0.067223 0.634365
vt 0.707324 0.474923
vt 0.002836 0.277823
vt 0.002421 0.277078
vt 0.002157 0.277634
vt 0.003139 0.438171
vt 0.002421 0.437882
vt 0.003014 0.437715
vt 0.277502 0.438421
vt 0.277078 0.437882
vt 0.276866 0.438284
vt 0.017748 0.554880
vt 0.017133 0.555410
vt 0.016980 0.554993
vt 0.017623 0.262587
vt 0.017133 0.261919
vt 0.017748 0.261911
vt 0.262449 0.555130
vt 0.261919 0.555410
vt 0.262451 0.555604
vt -0.032462 0.441524
vt -0.033124 0.441927
vt -0.032588 0.442200
vt 0.441203 0.463954
vt 0.441927 0.463594
vt 0.441335 0.463425
vt -0.032588 0.464014
vt -0.033124 0.463594
vt -0.033231 0.464036
vt -0.017676 0.426288
vt -0.018413 0.426768
vt -0.018408 0.426152
vt -0.017979 0.580723
vt -0.018413 0.581122
vt -0.017853 0.581179
vt 0.426149 0.580663
vt 0.426768 0.581122
vt 0.426920 0.580745
vt 0.167197 0.315711
vt 0.167934 0.315231
vt 0.167374 0.314981
vt 0.315849 0.422544
vt 0.315231 0.422086
vt 0.315847 0.422071
vt 0.167500 0.422485
vt 0.167934 0.422086
vt 0.168143 0.422463
vt 0.181983 0.300474
vt 0.182645 0.300072
vt 0.182663 0.300664
vt 0.182109 0.539193
vt 0.182645 0.539613
vt 0.182109 0.539740
vt 0.300796 0.539253
vt 0.300072 0.539613
vt 0.300026 0.539171
vt 0.131899 0.479411
vt 0.132389 0.480080
vt 0.132630 0.479547
vt 0.131773 0.448327
vt 0.132389 0.447798
vt 0.131773 0.447781
vt 0.479550 0.448077
vt 0.480080 0.447798
vt 0.480186 0.448215
vt 0.146685 0.464175
vt 0.147100 0.464921
vt 0.146507 0.464905
vt 0.464497 0.564786
vt 0.464921 0.565325
vt 0.464365 0.565315
vt 0.146382 0.565036
vt 0.147100 0.565325
vt 0.147150 0.564924
vt -0.033142 0.441335
vt 0.277634 0.437892
vt 0.002371 0.438284
vt 0.261813 0.554993
vt 0.016891 0.262451
vt 0.426152 0.581136
vt -0.018622 0.580745
vt 0.131773 0.480088
vt -0.017853 0.427018
vt 0.465132 0.564924
vt 0.132541 0.448215
vt 0.167929 0.315847
vt 0.147364 0.464365
vt 0.182752 0.539171
vt 0.315079 0.422463
vt 0.003014 0.277094
vt 0.167374 0.422029
vt 0.182109 0.299798
vt 0.042523 0.382204
vt 0.042459 0.381523
vt 0.042071 0.381835
vt 0.043074 0.464276
vt 0.042459 0.463974
vt 0.042899 0.463876
vt 0.041904 0.464347
vt 0.042461 0.464309
vt 0.048731 0.560293
vt 0.048155 0.560665
vt 0.048118 0.560326
vt 0.048249 0.380461
vt 0.048155 0.379788
vt 0.048604 0.380001
vt 0.047561 0.560365
vt 0.047777 0.560768
vt -0.042556 0.489906
vt -0.043217 0.489980
vt -0.042912 0.490365
vt 0.489377 0.471292
vt 0.489980 0.470968
vt 0.489536 0.470872
vt 0.490549 0.471305
vt 0.489991 0.471314
vt -0.036830 0.488162
vt -0.037521 0.488245
vt -0.037303 0.487799
vt 0.488826 0.567323
vt 0.488245 0.567658
vt 0.488628 0.567722
vt 0.487654 0.567310
vt 0.488268 0.567331
vt 0.150145 0.467531
vt 0.150835 0.467448
vt 0.150520 0.467066
vt 0.468039 0.459479
vt 0.467448 0.459130
vt 0.467895 0.459075
vt 0.466867 0.459466
vt 0.467425 0.459458
vt 0.155871 0.465788
vt 0.156532 0.465714
vt 0.156323 0.466157
vt 0.465144 0.555483
vt 0.465714 0.555821
vt 0.465328 0.555908
vt 0.466316 0.555496
vt 0.465702 0.555475
vt 0.065066 0.575232
vt 0.065159 0.575905
vt 0.065538 0.575596
vt 0.064583 0.466495
vt 0.065159 0.466124
vt 0.064710 0.466071
vt 0.065754 0.466424
vt 0.065197 0.466462
vt 0.070791 0.573489
vt 0.070856 0.574170
vt 0.070416 0.573954
vt 0.071411 0.562441
vt 0.070856 0.562815
vt 0.071243 0.562862
vt 0.070240 0.562513
vt 0.070854 0.562480
vt -0.043008 0.489536
vt 0.381676 0.464347
vt 0.047777 0.380097
vt 0.487799 0.567713
vt 0.379953 0.560365
vt 0.380097 0.560768
vt 0.064710 0.575692
vt -0.043039 0.471305
vt -0.037206 0.488628
vt 0.070416 0.562913
vt -0.037382 0.567323
vt -0.037206 0.567722
vt 0.150617 0.467895
vt 0.575740 0.466424
vt 0.071243 0.573858
vt 0.573858 0.562862
vt 0.574017 0.562441
vt 0.042899 0.381739
vt 0.150696 0.459466
vt 0.156226 0.465328
vt 0.048604 0.560718
vt 0.156353 0.555483
vt 0.156226 0.555908
vt 0.200391 0.512780
vt 0.200437 0.512115
vt 0.200015 0.512349
vt 0.201018 0.455012
vt 0.200437 0.454704
vt 0.200825 0.454621
vt 0.199873 0.455056
vt 0.200459 0.455029
vt 0.204667 0.548464
vt 0.204113 0.548811
vt 0.204108 0.548481
vt 0.204085 0.511068
vt 0.204113 0.510411
vt 0.204506 0.510689
vt 0.203522 0.548507
vt 0.203696 0.548906
vt 0.100803 0.601707
vt 0.100151 0.601665
vt 0.100382 0.602086
vt 0.601091 0.460555
vt 0.601665 0.460242
vt 0.601276 0.460150
vt 0.602237 0.460578
vt 0.601650 0.460575
vt 0.104497 0.599995
vt 0.103826 0.599961
vt 0.104108 0.599569
vt 0.600545 0.554030
vt 0.599961 0.554349
vt 0.600380 0.554421
vt 0.599399 0.554006
vt 0.599959 0.554027
vt 0.289335 0.612491
vt 0.290005 0.612524
vt 0.289769 0.612106
vt 0.613086 0.453367
vt 0.612524 0.453024
vt 0.612916 0.452969
vt 0.611940 0.453344
vt 0.612527 0.453346
vt 0.293028 0.610778
vt 0.293680 0.610820
vt 0.293404 0.611209
vt 0.610249 0.546795
vt 0.610820 0.547131
vt 0.610399 0.547206
vt 0.611394 0.546819
vt 0.610835 0.546798
vt 0.189747 0.701417
vt 0.189719 0.702074
vt 0.190135 0.701842
vt 0.189164 0.458910
vt 0.189719 0.458562
vt 0.189326 0.458498
vt 0.190309 0.458866
vt 0.189723 0.458893
vt 0.193441 0.699705
vt 0.193394 0.700371
vt 0.193007 0.700090
vt 0.193959 0.552318
vt 0.193394 0.552669
vt 0.193816 0.552722
vt 0.192814 0.552361
vt 0.193373 0.552344
vt 0.100428 0.601276
vt 0.100428 0.460150
vt 0.100285 0.460555
vt 0.203696 0.510643
vt 0.104108 0.554405
vt 0.189326 0.701796
vt 0.701796 0.458498
vt 0.701947 0.458910
vt 0.104063 0.600380
vt 0.700255 0.552361
vt 0.289723 0.612916
vt 0.190135 0.458468
vt 0.289897 0.453367
vt 0.289723 0.452969
vt 0.193816 0.700136
vt 0.293404 0.547223
vt 0.200825 0.512395
vt 0.612106 0.452952
vt 0.512230 0.455012
vt 0.512395 0.454621
vt 0.293450 0.610399
vt 0.510538 0.548464
vt 0.103935 0.554006
vt 0.845419 0.493451
vt 0.845157 0.492869
vt 0.844902 0.493258
vt 0.845704 0.468530
vt 0.845157 0.468225
vt 0.845615 0.468143
vt 0.493179 0.468552
vt 0.492869 0.468225
vt 0.492738 0.468543
vt 0.847745 0.558936
vt 0.847213 0.559265
vt 0.847146 0.558949
vt 0.847485 0.493484
vt 0.847213 0.492902
vt 0.847674 0.492964
vt 0.493211 0.558958
vt 0.492902 0.559265
vt 0.493291 0.559342
vt 0.800552 0.614590
vt 0.799975 0.614857
vt 0.800363 0.615110
vt 0.614318 0.469522
vt 0.614857 0.469201
vt 0.614397 0.469129
vt 0.800292 0.469511
vt 0.799975 0.469201
vt 0.799852 0.469521
vt 0.802619 0.614623
vt 0.802031 0.614890
vt 0.802095 0.614430
vt 0.802334 0.559917
vt 0.802031 0.560241
vt 0.802422 0.560304
vt 0.614350 0.559928
vt 0.614890 0.560241
vt 0.614950 0.559927
vt 0.966526 0.538328
vt 0.967113 0.538061
vt 0.966723 0.537808
vt 0.538601 0.465768
vt 0.538061 0.465454
vt 0.538521 0.465384
vt 0.966811 0.465778
vt 0.967113 0.465454
vt 0.967252 0.465768
vt 0.968593 0.538361
vt 0.969170 0.538093
vt 0.969110 0.538554
vt 0.968853 0.556185
vt 0.969170 0.556494
vt 0.968782 0.556574
vt 0.538633 0.556174
vt 0.538093 0.556494
vt 0.538033 0.556174
vt 0.921660 0.659467
vt 0.921932 0.660049
vt 0.922183 0.659660
vt 0.921400 0.466760
vt 0.921932 0.466431
vt 0.921471 0.466370
vt 0.659740 0.466737
vt 0.660049 0.466431
vt 0.660180 0.466746
vt 0.923726 0.659500
vt 0.923989 0.660082
vt 0.923530 0.660020
vt 0.659772 0.557143
vt 0.660082 0.557471
vt 0.659693 0.557536
vt 0.923442 0.557166
vt 0.923989 0.557471
vt 0.924041 0.557152
vt 0.800036 0.614397
vt 0.845104 0.468543
vt 0.492771 0.558949
vt 0.846962 0.493291
vt 0.614430 0.560311
vt 0.801894 0.559927
vt 0.614918 0.469521
vt 0.921471 0.659987
vt 0.802422 0.615143
vt 0.923530 0.557552
vt 0.660213 0.557152
vt 0.967050 0.538521
vt 0.659660 0.466354
vt 0.924243 0.659693
vt 0.969293 0.556174
vt 0.845615 0.492931
vt 0.966723 0.465392
vt 0.968782 0.537841
vt 0.847674 0.559326
vt 0.896949 0.544165
vt 0.896586 0.543400
vt 0.896291 0.543936
vt 0.897324 0.434426
vt 0.896586 0.434153
vt 0.897170 0.433977
vt 0.543790 0.434700
vt 0.543400 0.434153
vt 0.543186 0.434553
vt 0.914870 0.550093
vt 0.914255 0.550632
vt 0.914102 0.550220
vt 0.914708 0.529624
vt 0.914255 0.528933
vt 0.914867 0.528961
vt 0.529424 0.550367
vt 0.528933 0.550632
vt 0.529446 0.550831
vt 0.852713 0.704440
vt 0.852040 0.704799
vt 0.852555 0.705103
vt 0.704065 0.461316
vt 0.704799 0.460957
vt 0.704211 0.460787
vt 0.852551 0.461366
vt 0.852040 0.460957
vt 0.851941 0.461398
vt 0.870473 0.689900
vt 0.869709 0.690332
vt 0.869752 0.689722
vt 0.870097 0.577033
vt 0.869709 0.577435
vt 0.870251 0.577483
vt 0.689699 0.576984
vt 0.690332 0.577435
vt 0.690472 0.577065
vt 1.057474 0.591536
vt 1.058237 0.591103
vt 1.057695 0.590822
vt 0.591736 0.416008
vt 0.591103 0.415557
vt 0.591714 0.415544
vt 1.057849 0.415959
vt 1.058237 0.415557
vt 1.058460 0.415927
vt 1.075233 0.576996
vt 1.075906 0.576637
vt 1.075891 0.577225
vt 1.075395 0.531626
vt 1.075906 0.532035
vt 1.075392 0.532170
vt 0.577370 0.531676
vt 0.576637 0.532035
vt 0.576598 0.531594
vt 1.013238 0.751811
vt 1.013691 0.752503
vt 1.013959 0.751989
vt 1.013076 0.442899
vt 1.013691 0.442360
vt 1.013080 0.442355
vt 0.752012 0.442625
vt 0.752503 0.442360
vt 0.752616 0.442772
vt 1.030998 0.737271
vt 1.031360 0.738036
vt 1.030777 0.737985
vt 0.737646 0.558292
vt 0.738036 0.558838
vt 0.737500 0.558822
vt 1.030622 0.558566
vt 1.031360 0.558838
vt 1.031391 0.558439
vt 0.852055 0.704211
vt 0.543936 0.434170
vt 0.896556 0.434553
vt 0.913988 0.529446
vt 0.689722 0.577448
vt 0.869487 0.577065
vt 0.704838 0.461398
vt 1.013080 0.752474
vt 0.870251 0.690613
vt 1.030777 0.559015
vt 0.738250 0.558439
vt 1.013844 0.442772
vt 1.058195 0.591714
vt 0.751989 0.442161
vt 1.031656 0.737500
vt 0.577225 0.532205
vt 1.076006 0.531594
vt 0.590964 0.415927
vt 0.897170 0.543451
vt 1.057695 0.415509
vt 1.075392 0.576333
vt 0.914867 0.550637
vt 0.810097 0.426449
vt 0.810407 0.425575
vt 0.809775 0.425770
vt 0.811223 0.461733
vt 0.810407 0.461483
vt 0.810812 0.461271
vt 0.809756 0.462115
vt 0.810571 0.461904
vt 0.843291 0.585553
vt 0.842700 0.586171
vt 0.842639 0.585724
vt 0.842554 0.427040
vt 0.842700 0.426164
vt 0.843155 0.426647
vt 0.841824 0.585935
vt 0.842119 0.586425
vt 0.656754 0.517721
vt 0.655989 0.517487
vt 0.656152 0.518114
vt 0.516763 0.501398
vt 0.517487 0.501041
vt 0.517042 0.500825
vt 0.518278 0.501494
vt 0.517436 0.501525
vt 0.689211 0.518312
vt 0.688282 0.518076
vt 0.688776 0.517631
vt 0.518863 0.625313
vt 0.518076 0.625729
vt 0.518703 0.625775
vt 0.688481 0.517347
vt 0.687979 0.518021
vt 0.898273 0.584741
vt 0.899202 0.584977
vt 0.898989 0.584350
vt 0.899003 0.585706
vt 0.898709 0.585422
vt 0.584190 0.438149
vt 0.584977 0.437733
vt 0.585032 0.438118
vt 0.930730 0.585333
vt 0.931495 0.585566
vt 0.931052 0.586011
vt 0.584775 0.561969
vt 0.585566 0.562421
vt 0.584940 0.562571
vt 0.586290 0.562064
vt 0.585617 0.561938
vt 0.744930 0.676013
vt 0.744784 0.676889
vt 0.745366 0.676694
vt 0.744194 0.477910
vt 0.744784 0.477292
vt 0.744329 0.477308
vt 0.745660 0.477528
vt 0.744845 0.477739
vt 0.777388 0.676605
vt 0.777077 0.677478
vt 0.776672 0.676996
vt 0.777728 0.601348
vt 0.777077 0.601980
vt 0.777709 0.601921
vt 0.776262 0.601729
vt 0.776913 0.601558
vt 0.656432 0.517042
vt 0.809775 0.461541
vt 0.656413 0.501398
vt 0.656432 0.500825
vt 0.842119 0.426359
vt 0.688776 0.625708
vt 0.518021 0.625345
vt 0.517347 0.625218
vt 0.744329 0.676406
vt 0.676406 0.477308
vt 0.676571 0.477910
vt 0.688496 0.518703
vt 0.776262 0.677155
vt 0.688085 0.518863
vt 0.898709 0.437755
vt 0.899003 0.438245
vt 0.777709 0.677283
vt 0.931071 0.562064
vt 0.585706 0.438245
vt 0.810812 0.426058
vt 0.899399 0.584190
vt 0.811223 0.425898
vt 0.931332 0.584940
vt 0.426647 0.586155
vt 0.426482 0.585553
vt 0.425898 0.461733
vt 0.677155 0.601729
vt 0.976166 0.216733
vt 0.976665 0.215910
vt 0.975985 0.215982
vt 0.977436 0.430083
vt 0.976665 0.429850
vt 0.976973 0.429616
vt 0.976038 0.430525
vt 0.976883 0.430282
vt 0.224786 0.557367
vt 0.224350 0.558026
vt 0.224131 0.557567
vt 1.012687 0.225216
vt 1.013001 0.224350
vt 1.013366 0.224933
vt 1.012122 0.557809
vt 1.013001 0.558026
vt 1.012378 0.558306
vt 0.803112 0.279153
vt 0.802397 0.278768
vt 0.802433 0.279436
vt 0.802984 0.475474
vt 0.802397 0.475113
vt 0.802931 0.474877
vt 0.279583 0.475577
vt 0.278768 0.475113
vt 0.278706 0.475617
vt 0.839633 0.287636
vt 0.838734 0.287208
vt 0.839324 0.286855
vt 0.287964 0.602861
vt 0.287208 0.603290
vt 0.287889 0.603328
vt 0.839067 0.602758
vt 0.838734 0.603290
vt 0.838426 0.602901
vt 1.033258 0.395128
vt 1.034157 0.395556
vt 1.034065 0.394875
vt 1.033823 0.402255
vt 1.034157 0.401723
vt 1.033567 0.401758
vt 0.394800 0.402152
vt 0.395556 0.401723
vt 0.395677 0.402112
vt 1.069779 0.403611
vt 1.070493 0.403996
vt 1.069960 0.404362
vt 0.403181 0.529436
vt 0.403996 0.529900
vt 0.403328 0.530062
vt 1.069907 0.529539
vt 1.070493 0.529900
vt 1.070548 0.529396
vt 0.860203 0.457548
vt 0.859889 0.458414
vt 0.860513 0.458329
vt 0.457978 0.447646
vt 0.458414 0.446986
vt 0.457831 0.447019
vt 0.860769 0.447203
vt 0.859889 0.446986
vt 0.859924 0.447446
vt 0.896725 0.466031
vt 0.896226 0.466853
vt 0.895918 0.466284
vt 0.896852 0.574488
vt 0.896226 0.575163
vt 0.896906 0.575084
vt 0.895455 0.574930
vt 0.896008 0.574730
vt 0.802931 0.278402
vt 0.975985 0.429929
vt 0.216405 0.430083
vt 0.215750 0.430282
vt 1.012378 0.224435
vt 0.839324 0.603255
vt 0.287087 0.602901
vt 0.802343 0.475617
vt 0.859524 0.457831
vt 0.279436 0.474950
vt 0.838826 0.287889
vt 0.838363 0.287964
vt 0.458633 0.447446
vt 0.466359 0.574930
vt 0.467014 0.574730
vt 1.033567 0.395909
vt 0.896906 0.466782
vt 0.404058 0.529396
vt 1.034465 0.402112
vt 0.976973 0.216480
vt 1.034528 0.394800
vt 0.977436 0.216405
vt 1.070458 0.403328
vt 0.224933 0.557993
vt 0.723570 0.551966
vt 0.723789 0.551280
vt 0.723287 0.551422
vt 0.724379 0.435764
vt 0.723789 0.435451
vt 0.724124 0.435349
vt 0.723196 0.435847
vt 0.723859 0.435799
vt 0.731534 0.536283
vt 0.730994 0.536674
vt 0.731014 0.536318
vt 0.730812 0.551530
vt 0.730994 0.550846
vt 0.731341 0.551235
vt 0.730351 0.536366
vt 0.730504 0.536789
vt 0.597523 0.620898
vt 0.596858 0.620695
vt 0.596995 0.621193
vt 0.620128 0.445114
vt 0.620695 0.444783
vt 0.620354 0.444675
vt 0.621314 0.445144
vt 0.620648 0.445146
vt 0.604765 0.620462
vt 0.604064 0.620262
vt 0.604457 0.619920
vt 0.620883 0.545663
vt 0.620262 0.546007
vt 0.620759 0.546078
vt 0.619697 0.545633
vt 0.620218 0.545665
vt 0.792367 0.678351
vt 0.793069 0.678552
vt 0.792921 0.678054
vt 0.679116 0.431438
vt 0.678552 0.431064
vt 0.678893 0.431014
vt 0.677930 0.431408
vt 0.678595 0.431406
vt 0.799609 0.677916
vt 0.800274 0.678118
vt 0.799892 0.678459
vt 0.677499 0.531927
vt 0.678118 0.532288
vt 0.677620 0.532375
vt 0.678686 0.531957
vt 0.678165 0.531925
vt 0.666320 0.747283
vt 0.666138 0.747967
vt 0.666628 0.747825
vt 0.665598 0.440788
vt 0.666138 0.440397
vt 0.665792 0.440340
vt 0.666782 0.440705
vt 0.666118 0.440753
vt 0.673562 0.746848
vt 0.673343 0.747534
vt 0.673008 0.747144
vt 0.673937 0.541224
vt 0.673343 0.541620
vt 0.673845 0.541664
vt 0.672753 0.541307
vt 0.673273 0.541272
vt 0.597241 0.620354
vt 0.723287 0.435407
vt 0.597149 0.445114
vt 0.597241 0.444675
vt 0.730504 0.550988
vt 0.604457 0.546057
vt 0.665792 0.747579
vt 0.621193 0.444696
vt 0.747699 0.440788
vt 0.747579 0.440340
vt 0.604211 0.620759
vt 0.747144 0.541722
vt 0.792675 0.678893
vt 0.792675 0.431014
vt 0.792829 0.431438
vt 0.673845 0.747391
vt 0.799892 0.532396
vt 0.724124 0.551669
vt 0.551669 0.435349
vt 0.551544 0.435764
vt 0.800138 0.677620
vt 0.551235 0.536731
vt 0.551114 0.536283
vt 0.747269 0.541307
vt 0.799983 0.531957
vt 0.796549 0.511693
vt 0.796665 0.510935
vt 0.796163 0.511175
vt 0.797344 0.444711
vt 0.796665 0.444406
vt 0.797081 0.444280
vt 0.796046 0.444852
vt 0.796726 0.444775
vt 0.809071 0.551208
vt 0.808475 0.551650
vt 0.808453 0.551272
vt 0.808419 0.510200
vt 0.808475 0.509450
vt 0.808910 0.509795
vt 0.807773 0.551349
vt 0.807992 0.551791
vt 0.677338 0.606622
vt 0.676619 0.606530
vt 0.676847 0.607027
vt 0.605884 0.459295
vt 0.606530 0.458950
vt 0.606104 0.458822
vt 0.607189 0.459329
vt 0.606505 0.459341
vt 0.689208 0.605129
vt 0.688429 0.605044
vt 0.688781 0.604616
vt 0.605714 0.565826
vt 0.605044 0.566193
vt 0.605539 0.566258
vt 0.604409 0.565792
vt 0.605030 0.565838
vt 0.891097 0.631756
vt 0.891877 0.631841
vt 0.891630 0.631346
vt 0.632477 0.435997
vt 0.631841 0.435596
vt 0.632269 0.435555
vt 0.631171 0.435963
vt 0.631855 0.435951
vt 0.902967 0.630263
vt 0.903687 0.630355
vt 0.903352 0.630782
vt 0.629696 0.542460
vt 0.630355 0.542839
vt 0.629858 0.542943
vt 0.631001 0.542494
vt 0.630380 0.542448
vt 0.771886 0.726686
vt 0.771830 0.727436
vt 0.772313 0.727199
vt 0.771234 0.450581
vt 0.771830 0.450140
vt 0.771396 0.450098
vt 0.772532 0.450440
vt 0.771852 0.450517
vt 0.783757 0.725193
vt 0.783640 0.725950
vt 0.783224 0.725603
vt 0.784260 0.556937
vt 0.783640 0.557383
vt 0.784142 0.557410
vt 0.782962 0.557078
vt 0.783580 0.557014
vt 0.676953 0.606104
vt 0.796163 0.444379
vt 0.676835 0.459295
vt 0.676953 0.458822
vt 0.807992 0.509687
vt 0.688563 0.565792
vt 0.771396 0.727091
vt 0.607027 0.458846
vt 0.727253 0.450581
vt 0.727091 0.450098
vt 0.688675 0.605539
vt 0.725603 0.557509
vt 0.891524 0.632269
vt 0.891524 0.435555
vt 0.891743 0.435997
vt 0.784142 0.725711
vt 0.903470 0.542494
vt 0.797081 0.511283
vt 0.631346 0.435531
vt 0.511107 0.444711
vt 0.511283 0.444280
vt 0.903458 0.629858
vt 0.509632 0.551208
vt 0.770124 0.290377
vt 0.770382 0.289681
vt 0.769861 0.289808
vt 0.770986 0.438999
vt 0.770382 0.438694
vt 0.770707 0.438581
vt 0.769789 0.439118
vt 0.770470 0.439049
vt 0.289416 0.541836
vt 0.289120 0.542252
vt 0.288966 0.541886
vt 0.780716 0.289813
vt 0.780920 0.289120
vt 0.781262 0.289531
vt 0.780254 0.541955
vt 0.780920 0.542252
vt 0.780416 0.542386
vt 0.638672 0.356243
vt 0.638008 0.356009
vt 0.638126 0.356525
vt 0.355437 0.452852
vt 0.356009 0.452524
vt 0.355674 0.452400
vt 0.356639 0.452899
vt 0.355955 0.452900
vt 0.649264 0.355679
vt 0.648546 0.355448
vt 0.648963 0.355112
vt 0.356082 0.555736
vt 0.355448 0.556082
vt 0.355963 0.556153
vt 0.648802 0.555689
vt 0.648546 0.556082
vt 0.648354 0.555737
vt 0.835725 0.422542
vt 0.836443 0.422773
vt 0.836308 0.422258
vt 0.836187 0.433086
vt 0.836443 0.432693
vt 0.836025 0.432655
vt 0.422139 0.433039
vt 0.422773 0.432693
vt 0.422824 0.433038
vt 0.846317 0.421978
vt 0.846981 0.422212
vt 0.846580 0.422547
vt 0.421582 0.535876
vt 0.422212 0.536251
vt 0.421696 0.536342
vt 0.422784 0.535923
vt 0.422266 0.535875
vt 0.704272 0.488408
vt 0.704068 0.489101
vt 0.704573 0.488975
vt 0.488805 0.446940
vt 0.489101 0.446523
vt 0.488690 0.446474
vt 0.704734 0.446820
vt 0.704068 0.446523
vt 0.704053 0.446890
vt 0.714864 0.487844
vt 0.714607 0.488540
vt 0.714281 0.488128
vt 0.715199 0.549657
vt 0.714607 0.550081
vt 0.715127 0.550109
vt 0.714003 0.549777
vt 0.714518 0.549727
vt 0.638408 0.355674
vt 0.769861 0.438666
vt 0.638337 0.452852
vt 0.638408 0.452400
vt 0.781451 0.541836
vt 0.780416 0.289246
vt 0.648963 0.556120
vt 0.355398 0.555737
vt 0.354880 0.555689
vt 0.703726 0.488690
vt 0.356525 0.452433
vt 0.648681 0.355963
vt 0.488128 0.550194
vt 0.836025 0.423109
vt 0.704573 0.446389
vt 0.715127 0.488413
vt 0.846652 0.535923
vt 0.423341 0.433086
vt 0.770707 0.290093
vt 0.290093 0.438581
vt 0.289973 0.438999
vt 0.846863 0.421696
vt 0.289531 0.542302
vt 0.820983 0.462325
vt 0.820863 0.461518
vt 0.820433 0.461924
vt 0.821617 0.466332
vt 0.820863 0.466034
vt 0.821392 0.465883
vt 0.820260 0.466533
vt 0.820881 0.466424
vt 0.837054 0.579020
vt 0.836408 0.579513
vt 0.836318 0.579112
vt 0.836608 0.455701
vt 0.836408 0.454927
vt 0.836962 0.455134
vt 0.835697 0.579222
vt 0.836003 0.579682
vt 0.732063 0.597167
vt 0.731320 0.597306
vt 0.731709 0.597735
vt 0.596577 0.486546
vt 0.597306 0.486187
vt 0.596767 0.486039
vt 0.597947 0.486587
vt 0.597318 0.486608
vt 0.747688 0.590543
vt 0.746865 0.590715
vt 0.747083 0.590166
vt 0.591402 0.599276
vt 0.590715 0.599666
vt 0.591134 0.599724
vt 0.590032 0.599235
vt 0.590773 0.599297
vt 0.955506 0.552988
vt 0.956329 0.552817
vt 0.955916 0.552398
vt 0.553499 0.453210
vt 0.552817 0.452778
vt 0.553366 0.452749
vt 0.552130 0.453168
vt 0.552759 0.453147
vt 0.971131 0.546364
vt 0.971875 0.546226
vt 0.971681 0.546765
vt 0.545585 0.565857
vt 0.546226 0.566257
vt 0.545797 0.566377
vt 0.546955 0.565899
vt 0.546214 0.565836
vt 0.866587 0.687831
vt 0.866786 0.688604
vt 0.867192 0.688208
vt 0.866140 0.473424
vt 0.866786 0.472932
vt 0.866232 0.472905
vt 0.867497 0.473223
vt 0.866876 0.473332
vt 0.882212 0.681206
vt 0.882332 0.682014
vt 0.881802 0.681797
vt 0.882935 0.585911
vt 0.882332 0.586411
vt 0.882762 0.586419
vt 0.881578 0.586113
vt 0.882314 0.586021
vt 0.731513 0.596767
vt 0.461924 0.466026
vt 0.836003 0.455323
vt 0.590166 0.599695
vt 0.455190 0.579222
vt 0.455323 0.579682
vt 0.866232 0.688398
vt 0.731617 0.486587
vt 0.747279 0.591134
vt 0.881802 0.586561
vt 0.747055 0.599276
vt 0.747279 0.599724
vt 0.956111 0.553366
vt 0.688341 0.473223
vt 0.882762 0.681607
vt 0.681607 0.586419
vt 0.681797 0.585911
vt 0.821392 0.461735
vt 0.955916 0.452720
vt 0.971486 0.545797
vt 0.836962 0.579540
vt 0.971577 0.565857
vt 0.971486 0.566377
vt 0.461735 0.466533
vt 0.956140 0.453168
vt 0.841256 0.297168
vt 0.840946 0.296288
vt 0.840576 0.296841
vt 0.841788 0.449276
vt 0.840946 0.449030
vt 0.841567 0.448814
vt 0.296633 0.449670
vt 0.296288 0.449030
vt 0.296030 0.449453
vt 0.867841 0.573618
vt 0.867181 0.574243
vt 0.867005 0.573794
vt 0.867625 0.276503
vt 0.867181 0.275727
vt 0.867844 0.275816
vt 0.866440 0.574012
vt 0.866853 0.574502
vt 0.779697 0.465558
vt 0.778955 0.465858
vt 0.779479 0.466244
vt 0.465022 0.490219
vt 0.465858 0.489863
vt 0.465231 0.489642
vt 0.779482 0.490318
vt 0.778955 0.489863
vt 0.778865 0.490350
vt 0.806067 0.444892
vt 0.805191 0.445297
vt 0.805294 0.444638
vt 0.805535 0.446038
vt 0.805756 0.445651
vt 0.444605 0.614561
vt 0.445297 0.615076
vt 0.445448 0.614691
vt 1.010413 0.364865
vt 1.011288 0.364460
vt 1.010723 0.364106
vt 0.365152 0.425048
vt 0.364460 0.424532
vt 0.365120 0.424557
vt 1.010945 0.363719
vt 1.011562 0.364309
vt 1.036782 0.344200
vt 1.037524 0.343899
vt 1.037462 0.344527
vt 1.036998 0.549291
vt 1.037524 0.549746
vt 1.037000 0.549897
vt 0.344735 0.549389
vt 0.343899 0.549746
vt 0.343891 0.549258
vt 0.948854 0.533255
vt 0.949298 0.534030
vt 0.949627 0.533509
vt 0.948639 0.465991
vt 0.949298 0.465365
vt 0.948636 0.465385
vt 0.950040 0.465597
vt 0.949474 0.465814
vt 0.975224 0.512589
vt 0.975534 0.513469
vt 0.974913 0.513348
vt 0.513124 0.589938
vt 0.513469 0.590579
vt 0.512916 0.590515
vt 0.974692 0.590332
vt 0.975534 0.590579
vt 0.975528 0.590156
vt 0.779017 0.465231
vt 0.296841 0.449093
vt 0.840952 0.449453
vt 0.276215 0.574012
vt 0.866853 0.276248
vt 0.444638 0.615051
vt 0.276248 0.574502
vt 0.804918 0.614691
vt 0.805535 0.614659
vt 0.948636 0.533941
vt 0.805756 0.615121
vt 0.534145 0.465814
vt 0.513727 0.590156
vt 1.011185 0.365120
vt 0.533542 0.465597
vt 0.975904 0.512916
vt 1.010945 0.424949
vt 1.037615 0.549258
vt 0.841567 0.296409
vt 1.010723 0.424488
vt 1.037000 0.343513
vt 0.932031 0.244011
vt 0.932316 0.243164
vt 0.931701 0.243360
vt 0.933103 0.439287
vt 0.932316 0.439021
vt 0.932721 0.438822
vt 0.931661 0.439615
vt 0.932459 0.439440
vt 0.960090 0.560669
vt 0.959492 0.561255
vt 0.959446 0.560822
vt 0.959346 0.246370
vt 0.959492 0.245510
vt 0.959940 0.245976
vt 0.958647 0.560997
vt 0.958920 0.561478
vt 0.782589 0.334796
vt 0.781826 0.334585
vt 0.781995 0.335190
vt 0.333883 0.471098
vt 0.334585 0.470725
vt 0.334144 0.470537
vt 0.335361 0.471152
vt 0.334544 0.471193
vt 0.809904 0.337154
vt 0.809002 0.336931
vt 0.809478 0.336494
vt 0.337691 0.592534
vt 0.336931 0.592958
vt 0.337540 0.593000
vt 0.809205 0.336213
vt 0.808720 0.336874
vt 1.020046 0.396697
vt 1.020948 0.396920
vt 1.020736 0.396312
vt 1.020745 0.397639
vt 1.020472 0.397357
vt 0.396160 0.416788
vt 0.396920 0.416364
vt 0.396977 0.416747
vt 1.047361 0.399056
vt 1.048124 0.399267
vt 1.047691 0.399707
vt 0.398490 0.538170
vt 0.399267 0.538597
vt 0.398662 0.538747
vt 0.399969 0.538224
vt 0.399308 0.538129
vt 0.870604 0.487482
vt 0.870458 0.488341
vt 0.871030 0.488142
vt 0.869860 0.448653
vt 0.870458 0.448068
vt 0.870010 0.448076
vt 0.871303 0.448325
vt 0.870504 0.448500
vt 0.897919 0.489840
vt 0.897634 0.490688
vt 0.897229 0.490226
vt 0.898289 0.569707
vt 0.897634 0.570301
vt 0.898249 0.570268
vt 0.896847 0.570035
vt 0.897491 0.569882
vt 0.782259 0.334144
vt 0.931701 0.439054
vt 0.782218 0.471098
vt 0.782259 0.470537
vt 0.958920 0.245710
vt 0.809205 0.592480
vt 0.336874 0.592575
vt 0.336213 0.592480
vt 0.870010 0.487876
vt 0.335190 0.470575
vt 0.488047 0.448653
vt 0.487876 0.448076
vt 0.809214 0.337540
vt 0.808832 0.337691
vt 0.871030 0.447844
vt 1.020745 0.416842
vt 1.020472 0.416361
vt 0.898249 0.490492
vt 1.047691 0.538786
vt 0.397639 0.416842
vt 0.932721 0.243626
vt 0.933103 0.243474
vt 1.047955 0.398662
vt 0.245976 0.561247
vt 0.243474 0.439287
vt 0.690027 0.355163
vt 0.689955 0.354350
vt 0.689505 0.354730
vt 0.690709 0.441992
vt 0.689955 0.441704
vt 0.690467 0.441553
vt 0.689350 0.442210
vt 0.689988 0.442088
vt 0.707655 0.553738
vt 0.707019 0.554234
vt 0.706934 0.553835
vt 0.707178 0.347665
vt 0.707019 0.346891
vt 0.707558 0.347126
vt 0.706296 0.553957
vt 0.706597 0.554413
vt 0.594545 0.483756
vt 0.593804 0.483846
vt 0.594165 0.484295
vt 0.483118 0.465214
vt 0.483846 0.464870
vt 0.483324 0.464711
vt 0.484492 0.465275
vt 0.483844 0.465290
vt 0.611697 0.476259
vt 0.610868 0.476386
vt 0.611115 0.475852
vt 0.477084 0.577021
vt 0.476386 0.577400
vt 0.476824 0.577460
vt 0.475711 0.576960
vt 0.476436 0.577036
vt 0.818399 0.452804
vt 0.819227 0.452677
vt 0.818839 0.452239
vt 0.453352 0.429058
vt 0.452677 0.428619
vt 0.453210 0.428601
vt 0.451978 0.428997
vt 0.452626 0.428982
vt 0.835551 0.445307
vt 0.836292 0.445217
vt 0.836072 0.445739
vt 0.444571 0.540744
vt 0.445217 0.541149
vt 0.444768 0.541264
vt 0.445944 0.540804
vt 0.445219 0.540729
vt 0.722917 0.581398
vt 0.723076 0.582172
vt 0.723499 0.581804
vt 0.722440 0.452280
vt 0.723076 0.451784
vt 0.722538 0.451760
vt 0.723800 0.452062
vt 0.723162 0.452184
vt 0.740069 0.573900
vt 0.740141 0.574712
vt 0.739629 0.574466
vt 0.740746 0.563808
vt 0.740141 0.564314
vt 0.740590 0.564311
vt 0.739386 0.564027
vt 0.740107 0.563930
vt 0.594024 0.483324
vt 0.354730 0.441707
vt 0.706597 0.347259
vt 0.347259 0.554413
vt 0.347117 0.553957
vt 0.722538 0.581937
vt 0.594165 0.464754
vt 0.611257 0.476824
vt 0.739629 0.564466
vt 0.611014 0.577021
vt 0.611257 0.577460
vt 0.818980 0.453210
vt 0.581946 0.452062
vt 0.740590 0.574333
vt 0.574333 0.564311
vt 0.574538 0.563808
vt 0.690467 0.354597
vt 0.819082 0.428997
vt 0.835930 0.444768
vt 0.707558 0.554259
vt 0.836028 0.540744
vt 0.835930 0.541264
vt 0.354525 0.442210
vt 0.594068 0.465275
vt 0.910139 0.345903
vt 0.910435 0.345351
vt 0.909982 0.345382
vt 0.345681 0.473181
vt 0.345351 0.472867
vt 0.345747 0.472800
vt 0.909916 0.473174
vt 0.910435 0.472867
vt 0.910500 0.473177
vt 0.345455 0.561601
vt 0.345122 0.561907
vt 0.344999 0.561597
vt 0.909617 0.345673
vt 0.909916 0.345122
vt 0.910138 0.345518
vt 0.909400 0.561594
vt 0.909916 0.561907
vt 0.909463 0.561974
vt 0.789127 0.382119
vt 0.788574 0.381821
vt 0.788606 0.382274
vt 0.788904 0.472561
vt 0.788574 0.472251
vt 0.788970 0.472183
vt 0.382337 0.472561
vt 0.381821 0.472251
vt 0.381753 0.472560
vt 0.788605 0.381889
vt 0.788055 0.381593
vt 0.788451 0.381370
vt 0.382111 0.560981
vt 0.381593 0.561291
vt 0.382045 0.561362
vt 0.788388 0.560981
vt 0.788055 0.561291
vt 0.787933 0.560980
vt 0.946353 0.466916
vt 0.946903 0.467213
vt 0.946872 0.466760
vt 0.946570 0.473701
vt 0.946903 0.473392
vt 0.946507 0.473321
vt 0.466695 0.473702
vt 0.467213 0.473392
vt 0.467279 0.473703
vt 0.945831 0.466686
vt 0.946384 0.466984
vt 0.945988 0.467206
vt 0.466468 0.562122
vt 0.466984 0.562432
vt 0.466531 0.562500
vt 0.946054 0.562121
vt 0.946384 0.562432
vt 0.946510 0.562123
vt 0.825341 0.503132
vt 0.825042 0.503683
vt 0.825495 0.503651
vt 0.503351 0.473082
vt 0.503683 0.472775
vt 0.503287 0.472704
vt 0.825557 0.473089
vt 0.825042 0.472775
vt 0.824973 0.473085
vt 0.824819 0.502903
vt 0.824523 0.503455
vt 0.824300 0.503059
vt 0.825042 0.561509
vt 0.824523 0.561816
vt 0.824976 0.561888
vt 0.503124 0.561502
vt 0.503455 0.561816
vt 0.503579 0.561505
vt 0.788970 0.381599
vt 0.909982 0.472795
vt 0.345226 0.473177
vt 0.909985 0.561597
vt 0.909463 0.345154
vt 0.381527 0.560980
vt 0.788448 0.472560
vt 0.824820 0.503287
vt 0.382274 0.472182
vt 0.788086 0.382045
vt 0.503059 0.561883
vt 0.824458 0.561505
vt 0.946507 0.467435
vt 0.825495 0.472708
vt 0.824976 0.503423
vt 0.467052 0.562123
vt 0.910658 0.345747
vt 0.946352 0.466531
vt 0.345518 0.561979
vt 0.963515 0.281025
vt 0.964140 0.280345
vt 0.963482 0.280273
vt 0.280963 0.447605
vt 0.280345 0.447338
vt 0.280949 0.447134
vt 0.963563 0.447957
vt 0.964140 0.447338
vt 0.964359 0.447764
vt 0.293580 0.571970
vt 0.293051 0.572575
vt 0.292846 0.572129
vt 0.990490 0.293795
vt 0.990979 0.293051
vt 0.991205 0.293675
vt 0.990215 0.572322
vt 0.990979 0.572575
vt 0.990363 0.572816
vt 0.785915 0.303822
vt 0.785296 0.303302
vt 0.785200 0.303942
vt 0.785964 0.483704
vt 0.785296 0.483336
vt 0.785883 0.483131
vt 0.304037 0.483786
vt 0.303302 0.483336
vt 0.303222 0.483818
vt 0.812891 0.316592
vt 0.812134 0.316008
vt 0.812763 0.315796
vt 0.316654 0.608151
vt 0.316008 0.608573
vt 0.316668 0.608621
vt 0.812616 0.608069
vt 0.812134 0.608573
vt 0.811886 0.608183
vt 0.982168 0.461287
vt 0.982924 0.461871
vt 0.982978 0.461211
vt 0.982443 0.425401
vt 0.982924 0.424897
vt 0.982295 0.424906
vt 0.461225 0.425319
vt 0.461871 0.424897
vt 0.462040 0.425287
vt 1.009143 0.474057
vt 1.009763 0.474577
vt 1.009176 0.474809
vt 0.473842 0.549684
vt 0.474577 0.550134
vt 0.473937 0.550281
vt 1.009095 0.549766
vt 1.009763 0.550134
vt 1.009824 0.549652
vt 0.804569 0.484084
vt 0.804080 0.484828
vt 0.804696 0.484880
vt 0.484299 0.461500
vt 0.484828 0.460894
vt 0.484204 0.460903
vt 0.804844 0.461148
vt 0.804080 0.460894
vt 0.804048 0.461341
vt 0.831544 0.496854
vt 0.830919 0.497534
vt 0.830734 0.496930
vt 0.831496 0.585513
vt 0.830919 0.586131
vt 0.831577 0.586087
vt 0.496916 0.585865
vt 0.497534 0.586131
vt 0.497650 0.585706
vt 0.785883 0.303070
vt 0.280229 0.447764
vt 0.990363 0.292998
vt 0.812763 0.608564
vt 0.315839 0.608183
vt 0.785235 0.483818
vt 0.803853 0.484204
vt 0.812081 0.316668
vt 0.496930 0.586336
vt 0.830700 0.585706
vt 0.485032 0.461341
vt 0.982295 0.462083
vt 0.804696 0.460654
vt 0.831577 0.497606
vt 1.009176 0.550339
vt 0.474657 0.549652
vt 0.964325 0.280949
vt 1.009859 0.473937
vt 0.293675 0.572567
vt 0.761070 0.429732
vt 0.760748 0.429071
vt 0.760482 0.429533
vt 0.761375 0.481897
vt 0.760748 0.481596
vt 0.761267 0.481480
vt 0.429426 0.482017
vt 0.429071 0.481596
vt 0.428903 0.481951
vt 0.768864 0.584140
vt 0.768289 0.584556
vt 0.768187 0.584193
vt 0.768650 0.422813
vt 0.768289 0.422188
vt 0.768820 0.422225
vt 0.422591 0.584260
vt 0.422188 0.584556
vt 0.422639 0.584686
vt 0.718309 0.569586
vt 0.717688 0.569907
vt 0.718139 0.570175
vt 0.569281 0.494500
vt 0.569907 0.494166
vt 0.569387 0.494048
vt 0.718095 0.494531
vt 0.717688 0.494166
vt 0.717570 0.494540
vt 0.725889 0.562667
vt 0.725229 0.563023
vt 0.725274 0.562493
vt 0.725584 0.596774
vt 0.725229 0.597126
vt 0.725692 0.597190
vt 0.562445 0.596742
vt 0.563023 0.597126
vt 0.563123 0.596783
vt 0.901072 0.473194
vt 0.901732 0.472838
vt 0.901269 0.472581
vt 0.473416 0.474580
vt 0.472838 0.474196
vt 0.473368 0.474154
vt 0.901377 0.474549
vt 0.901732 0.474196
vt 0.901903 0.474539
vt 0.908652 0.466275
vt 0.909273 0.465955
vt 0.909240 0.466474
vt 0.908866 0.576791
vt 0.909273 0.577156
vt 0.908822 0.577252
vt 0.466580 0.576822
vt 0.465955 0.577156
vt 0.465903 0.576782
vt 0.858312 0.613048
vt 0.858672 0.613673
vt 0.858926 0.613223
vt 0.858097 0.487182
vt 0.858672 0.486766
vt 0.858141 0.486721
vt 0.613271 0.487062
vt 0.613673 0.486766
vt 0.613794 0.487129
vt 0.865891 0.606129
vt 0.866213 0.606790
vt 0.865694 0.606742
vt 0.606435 0.589305
vt 0.606790 0.589726
vt 0.606328 0.589757
vt 0.865586 0.589425
vt 0.866213 0.589726
vt 0.866263 0.589371
vt 0.717721 0.569387
vt 0.429533 0.481565
vt 0.760698 0.481951
vt 0.768035 0.422639
vt 0.725058 0.596783
vt 0.569959 0.494540
vt 0.858141 0.613637
vt 0.718139 0.494070
vt 0.725692 0.563280
vt 0.606958 0.589371
vt 0.858775 0.487129
vt 0.901687 0.473368
vt 0.613223 0.486636
vt 0.866479 0.606328
vt 0.909391 0.576782
vt 0.761267 0.429119
vt 0.908822 0.465686
vt -0.365784 -0.059200
vt -0.367585 -0.067110
vt -0.368076 -0.059218
vt -0.367992 -0.068882
vt -0.365698 -0.068869
vt -0.365664 -0.072867
vt -0.369028 -0.059218
vt -0.366075 -0.067910
vt -0.368362 -0.067939
vt -0.366035 -0.071924
vt -0.366164 -0.058234
vt -0.367961 -0.066153
vt -0.369399 -0.058275
vt -0.368453 -0.058258
vt -0.375891 1.053330
vt -0.377835 1.061215
vt -0.375980 1.063005
vt -0.379135 1.053312
vt -0.378183 1.053312
vt -0.378274 1.062993
vt -0.376020 1.067020
vt -0.376271 1.054296
vt -0.378211 1.062171
vt -0.378560 1.054271
vt -0.378645 1.063935
vt -0.376357 1.063964
vt -0.376390 1.067963
vt -0.379506 1.054254
vt -0.102277 -0.056794
vt -0.100337 -0.064670
vt -0.102191 -0.066463
vt -0.099042 -0.056753
vt -0.099988 -0.056770
vt -0.099903 -0.066434
vt -0.102157 -0.070462
vt -0.102657 -0.055829
vt -0.100713 -0.063714
vt -0.100365 -0.055811
vt -0.100274 -0.065491
vt -0.102568 -0.065504
vt -0.102528 -0.069519
vt -0.099413 -0.055811
vt -0.112384 1.055735
vt -0.110587 1.063655
vt -0.110095 1.055760
vt -0.110186 1.065440
vt -0.112473 1.065411
vt -0.112513 1.069426
vt -0.109149 1.055776
vt -0.112764 1.056701
vt -0.110963 1.064611
vt -0.112850 1.066370
vt -0.109519 1.056719
vt -0.110472 1.056719
vt -0.110556 1.066383
vt -0.112884 1.070368
vt -0.071924 0.639242
vt -0.068882 0.551355
vt -0.072867 0.551408
vt -0.058275 0.639081
vt -0.059218 0.551247
vt 1.067963 0.626964
vt 1.062993 0.539163
vt 1.063935 0.626997
vt 1.054254 0.627098
vt 1.055776 0.540376
vt 1.066383 0.628102
vt 1.056719 0.628210
vt 1.069426 0.540216
vt 1.070368 0.628050
vt -0.070462 0.552494
vt -0.065491 0.640294
vt -0.069519 0.640328
vt -0.056753 0.552360
vt -0.055811 0.640194
vt 1.053312 0.539263
vt -0.102528 0.640328
vt -0.365664 0.551408
vt -0.102157 0.552494
vt -0.376390 0.626964
vt -0.112513 0.540216
vt -0.376020 0.539129
vt 1.112445 -0.062553
vt 1.110657 -0.070466
vt 1.110156 -0.062574
vt 1.110257 -0.072240
vt 1.112545 -0.072223
vt 1.112589 -0.076223
vt 1.109209 -0.062577
vt 1.112863 -0.071513
vt 1.110569 -0.071543
vt 1.112901 -0.075526
vt 1.112765 -0.061838
vt 1.110974 -0.069758
vt 1.109522 -0.061880
vt 1.110473 -0.061864
vt 1.101107 1.049994
vt 1.099158 1.057877
vt 1.101010 1.059669
vt 1.097871 1.049970
vt 1.098818 1.049974
vt 1.098722 1.059652
vt 1.100972 1.063682
vt 1.101427 1.050709
vt 1.099475 1.058584
vt 1.099135 1.050684
vt 1.099034 1.060350
vt 1.101328 1.060379
vt 1.101284 1.064380
vt 1.098184 1.050668
vt 1.375950 -0.059875
vt 1.377903 -0.067750
vt 1.376050 -0.069545
vt 1.379194 -0.059834
vt 1.378242 -0.059850
vt 1.378343 -0.069516
vt 1.376093 -0.073546
vt 1.376270 -0.059160
vt 1.378219 -0.067043
vt 1.378560 -0.059140
vt 1.378656 -0.068818
vt 1.376367 -0.068835
vt 1.376406 -0.072848
vt 1.379506 -0.059136
vt 1.364612 1.052672
vt 1.366404 1.060593
vt 1.366904 1.052698
vt 1.366808 1.062377
vt 1.364514 1.062347
vt 1.364476 1.066360
vt 1.367856 1.052714
vt 1.364932 1.053387
vt 1.366720 1.061300
vt 1.364832 1.063057
vt 1.368168 1.053411
vt 1.367222 1.053408
vt 1.367121 1.063074
vt 1.364789 1.067057
vt -0.075526 0.640204
vt -0.072240 0.552344
vt -0.076223 0.552368
vt -0.061880 0.640108
vt -0.062577 0.552271
vt 1.064380 0.631192
vt 1.059652 0.543395
vt 1.060350 0.631232
vt 1.050668 0.631312
vt 1.052714 0.542494
vt 1.063074 0.630257
vt 1.053411 0.630330
vt 1.066360 0.542397
vt 1.067057 0.630234
vt -0.073546 0.551409
vt -0.068818 0.639206
vt -0.072848 0.639246
vt -0.069516 0.551369
vt -0.059136 0.639126
vt 1.049970 0.543475
vt 1.376093 0.551409
vt 1.112901 0.640204
vt 1.112589 0.552368
vt 1.101284 0.631192
vt 1.364476 0.542397
vt 1.100972 0.543355
vt -0.059834 0.551290
vt -0.314141 0.247702
vt -0.315414 0.247700
vt -0.314135 0.245878
vt -0.314157 0.252113
vt -0.315183 0.248508
vt -0.073538 0.252111
vt -0.074567 0.248508
vt -0.074811 0.252109
vt -0.316038 0.759627
vt -0.317091 0.763228
vt -0.317311 0.759624
vt -0.317328 0.764040
vt -0.316055 0.764041
vt -0.316062 0.765872
vt -0.074904 0.759625
vt -0.075953 0.763228
vt -0.074916 0.764040
vt -0.315511 0.248094
vt -0.314239 0.248102
vt -0.314232 0.246271
vt 0.072861 0.252504
vt 0.073911 0.248907
vt 0.072874 0.248094
vt -0.314256 0.252516
vt -0.315281 0.248907
vt -0.315528 0.252510
vt 0.072757 0.764442
vt 0.071484 0.764433
vt 0.071480 0.766266
vt -0.316137 0.760031
vt -0.317189 0.763627
vt -0.316153 0.764442
vt 0.071495 0.760019
vt 0.072525 0.763627
vt 0.072768 0.760025
vt -0.073429 0.248253
vt -0.074703 0.248245
vt -0.073425 0.246421
vt -0.073440 0.252667
vt -0.074471 0.249059
vt -0.167758 0.252656
vt -0.166706 0.249059
vt -0.166485 0.252662
vt -0.169656 0.764584
vt -0.168384 0.764592
vt -0.169663 0.766415
vt -0.169639 0.760170
vt -0.168614 0.763779
vt -0.074807 0.760182
vt -0.075856 0.763779
vt -0.076080 0.760176
vt -0.167840 0.248645
vt -0.166567 0.248646
vt -0.167833 0.246814
vt -0.167857 0.253059
vt -0.166804 0.249458
vt 0.072959 0.253061
vt 0.074007 0.249458
vt 0.074231 0.253062
vt -0.168481 0.764986
vt -0.169754 0.764984
vt -0.169760 0.766809
vt 0.071593 0.760575
vt 0.072622 0.764178
vt 0.071581 0.764986
vt -0.169738 0.760574
vt -0.168712 0.764178
vt -0.168465 0.760577
vt -0.073520 0.245878
vt 0.072879 0.246271
vt -0.073526 0.247700
vt -0.315430 0.252109
vt -0.076177 0.759624
vt -0.074920 0.765872
vt -0.317410 0.760025
vt 0.074134 0.252510
vt -0.316159 0.766266
vt 0.072865 0.760577
vt 0.072970 0.248646
vt 0.071575 0.766809
vt -0.074819 0.764592
vt -0.168367 0.760176
vt -0.167736 0.246421
vt -0.167742 0.248245
vt -0.167833 0.072975
vt -0.314135 -0.073520
vt -0.314232 0.072879
vt -0.316159 0.071480
vt -0.169663 -0.074825
vt -0.169760 0.071575
vt 0.925067 0.248357
vt 0.926340 0.248379
vt 0.926363 0.246545
vt -0.315536 0.252762
vt -0.316593 0.249174
vt -0.315557 0.248357
vt 0.926285 0.252793
vt 0.925291 0.249174
vt 0.925012 0.252775
vt -0.313099 0.760235
vt -0.314121 0.763852
vt -0.314372 0.760248
vt -0.314350 0.764676
vt -0.313078 0.764654
vt -0.313068 0.766497
vt 0.919859 0.760267
vt 0.918774 0.763852
vt 0.919803 0.764676
vt -0.316753 0.250232
vt -0.315480 0.250242
vt -0.315489 0.248398
vt 1.072673 0.254646
vt 1.073757 0.251054
vt 1.072729 0.250232
vt -0.315458 0.254661
vt -0.316515 0.251054
vt -0.316731 0.254660
vt 1.067463 0.766539
vt 1.066191 0.766529
vt 1.066168 0.768351
vt -0.313021 0.762134
vt -0.314043 0.765732
vt -0.313000 0.766539
vt 1.066247 0.762120
vt 1.067241 0.765732
vt 1.067520 0.762133
vt 0.926271 0.247663
vt 0.924999 0.247653
vt 0.926295 0.245841
vt 0.926215 0.252072
vt 0.925222 0.248460
vt -0.169138 0.252058
vt -0.168116 0.248460
vt -0.167865 0.252058
vt -0.166679 0.763950
vt -0.165406 0.763960
vt -0.166670 0.765794
vt -0.166701 0.759531
vt -0.165644 0.763138
vt 0.919790 0.759545
vt 0.918706 0.763138
vt 0.918518 0.759532
vt -0.169081 0.249538
vt -0.167809 0.249516
vt -0.169091 0.247694
vt -0.169060 0.253957
vt -0.168038 0.250340
vt 1.072604 0.253925
vt 1.073689 0.250340
vt 1.073877 0.253944
vt 1.066123 0.765813
vt 1.067396 0.765835
vt 1.066100 0.767647
vt 1.066178 0.761399
vt 1.067172 0.765018
vt -0.166623 0.761430
vt -0.165566 0.765018
vt -0.165350 0.761417
vt 1.072751 0.248398
vt -0.316809 0.252775
vt 0.918586 0.760248
vt 0.919779 0.766497
vt -0.314294 0.762133
vt 1.073945 0.254660
vt -0.166594 0.767647
vt -0.312992 0.768351
vt 1.067451 0.761417
vt -0.167787 0.253944
vt 1.072660 0.249516
vt 0.919712 0.765794
vt 0.919734 0.763960
vt -0.165428 0.759532
vt -0.169167 0.245841
vt -0.315566 0.246545
vt -0.169159 0.247653
vt -0.315489 1.072751
vt -0.169167 0.926295
vt -0.315566 0.926363
vt -0.312992 1.066168
vt -0.166670 0.919712
vt -0.166594 1.066100
vt -0.073525 0.245996
vt -0.072250 0.246007
vt -0.072230 0.244184
vt 1.167278 0.250401
vt 1.166252 0.246805
vt 1.167293 0.245996
vt -0.072303 0.250417
vt -0.073299 0.246805
vt -0.073576 0.250403
vt 1.165619 0.757881
vt 1.164569 0.761490
vt 1.164347 0.757884
vt 1.164335 0.762311
vt 1.165605 0.762300
vt 1.165601 0.764143
vt -0.078455 0.757897
vt -0.079539 0.761490
vt -0.078509 0.762311
vt 1.166247 0.247782
vt 1.167522 0.247802
vt 1.167526 0.245959
vt 0.074086 0.252193
vt 0.075168 0.248605
vt 0.074139 0.247782
vt 1.167508 0.252220
vt 1.166479 0.248605
vt 1.166234 0.252210
vt 0.069150 0.764106
vt 0.067880 0.764086
vt 0.067856 0.765918
vt 1.165849 0.759700
vt 1.164797 0.763290
vt 1.165834 0.764106
vt 0.067934 0.759673
vt 0.068928 0.763290
vt 0.069206 0.759690
vt -0.072484 0.246491
vt -0.073755 0.246471
vt -0.072460 0.244659
vt -0.072538 0.250905
vt -0.073533 0.247287
vt 1.313677 0.250877
vt 1.314729 0.247287
vt 1.314951 0.250888
vt 1.312004 0.762776
vt 1.313279 0.762795
vt 1.312000 0.764619
vt 1.312018 0.758357
vt 1.313047 0.761972
vt -0.078691 0.758385
vt -0.079773 0.761972
vt -0.079963 0.758368
vt 1.313921 0.248278
vt 1.315192 0.248267
vt 1.313925 0.246435
vt 1.313907 0.252696
vt 1.314957 0.249088
vt 0.073851 0.252680
vt 0.074935 0.249088
vt 0.075124 0.252694
vt 0.067646 0.764571
vt 0.068920 0.764582
vt 0.067625 0.766394
vt 0.067698 0.760160
vt 0.068695 0.763773
vt 1.312248 0.760176
vt 1.313274 0.763773
vt 1.313520 0.760174
vt 0.074159 0.245959
vt 1.166006 0.250403
vt -0.079729 0.757884
vt -0.078534 0.764143
vt 1.164575 0.759690
vt 1.165826 0.765918
vt 1.312233 0.764582
vt 0.068972 0.760174
vt 1.315179 0.252694
vt 0.073929 0.246435
vt -0.078764 0.764619
vt 1.313292 0.758368
vt 1.313700 0.244659
vt 1.167301 0.244184
vt 1.313925 0.073929
vt 1.167301 -0.072230
vt 1.167526 0.074159
vt 1.312225 0.067625
vt 1.165601 -0.078534
vt 1.312000 -0.078764
vt 0.919261 0.249741
vt 0.920542 0.249725
vt 0.920509 0.247897
vt 1.166147 0.254161
vt 1.165110 0.250549
vt 1.166147 0.249741
vt 0.920605 0.254138
vt 0.919513 0.250549
vt 0.919329 0.254155
vt 1.166645 0.761634
vt 1.165614 0.765227
vt 1.165375 0.761628
vt 0.927493 0.766023
vt 0.926212 0.766039
vt 0.927509 0.767850
vt 0.927437 0.761612
vt 0.926442 0.765227
vt 1.165882 0.247754
vt 1.167163 0.247736
vt 1.167153 0.245925
vt 1.066989 0.252166
vt 1.067974 0.248549
vt 1.066926 0.247754
vt 1.167171 0.252140
vt 1.166123 0.248549
vt 1.165895 0.252149
vt 1.167669 0.764033
vt 1.166388 0.764051
vt 1.167662 0.765878
vt 1.167669 0.759614
vt 1.166628 0.763228
vt 1.073821 0.759640
vt 1.074903 0.763228
vt 1.075090 0.759622
vt 1.313825 0.249593
vt 1.312543 0.249611
vt 1.312550 0.247767
vt 0.919580 0.254005
vt 0.918497 0.250417
vt 0.919524 0.249593
vt 1.312544 0.254031
vt 1.313585 0.250417
vt 1.313820 0.254022
vt 1.313049 0.765909
vt 1.314331 0.765891
vt 1.313060 0.767720
vt 1.313041 0.761504
vt 1.314089 0.765096
vt 0.926412 0.761478
vt 0.925426 0.765096
vt 0.925143 0.761496
vt 1.067189 0.247606
vt 1.065907 0.247622
vt 1.065891 0.245795
vt 1.313568 0.252010
vt 1.314598 0.248417
vt 1.313560 0.247606
vt 1.065963 0.252033
vt 1.066959 0.248417
vt 1.067239 0.252016
vt 1.072858 0.763919
vt 1.074139 0.763903
vt 1.072891 0.765748
vt 1.072795 0.759507
vt 1.073888 0.763096
vt 1.314065 0.759484
vt 1.315103 0.763096
vt 1.315334 0.759490
vt 1.066892 0.245925
vt 1.164878 0.254155
vt 1.073892 0.765878
vt 1.166392 0.759622
vt 1.068258 0.252149
vt 1.313549 0.245795
vt 1.314066 0.763903
vt 1.074071 0.759490
vt 0.919508 0.247767
vt 0.926475 0.765891
vt 1.314317 0.761496
vt 0.918311 0.254022
vt 1.166153 0.247897
vt 1.166653 0.766039
vt 1.313549 1.065891
vt 1.166153 0.920509
vt 1.167153 1.066892
vt 1.167662 1.073892
vt 1.313060 0.926508
vt 1.314059 1.072891
vt -0.109881 0.248118
vt -0.107241 0.545060
vt 0.097970 0.246279
vt -0.363540 0.245796
vt 0.100611 0.543221
vt -0.105931 0.246227
vt -0.103291 0.543169
vt 0.101920 0.244388
vt 0.104561 0.541330
vt -0.113358 0.577009
vt 0.119520 0.253273
vt 0.372507 0.249814
vt 0.371754 0.579602
vt 0.120977 0.247297
vt -0.121062 0.542468
vt 0.697392 0.539854
vt 0.633951 0.246609
vt 0.103535 0.579275
vt -0.109891 0.246556
vt 1.032674 0.246037
vt 0.967133 0.244493
vt -0.112960 0.247146
vt 1.364894 0.244580
vt 0.889086 0.246986
vt 0.885413 0.543896
vt 1.096892 0.249613
vt 1.093218 0.546523
vt 0.897742 0.241974
vt 0.894069 0.538884
vt 0.031423 0.246676
vt 1.105547 0.244602
vt 1.101875 0.541512
vt 0.031758 0.542018
vt -0.025889 0.242794
vt 1.112159 0.575383
vt 0.882091 0.249164
vt 0.366951 0.246287
vt 0.366042 0.579388
vt 0.878958 0.245393
vt 1.125214 0.541414
vt 0.694651 0.249384
vt 0.636340 0.574353
vt 1.097899 0.247457
vt 1.091466 0.577182
vt 1.034185 0.251984
vt 1.114469 0.250123
vt 0.963165 0.247548
vt 1.358333 0.241240
vt 0.884201 0.539091
vt 1.112354 0.244014
vt -0.349784 0.249440
vt -0.345996 0.546360
vt -0.338575 0.245471
vt -0.334787 0.542391
vt -0.051097 0.248922
vt -0.142008 0.246842
vt -0.138220 0.543762
vt -0.130799 0.242873
vt -0.127011 0.539793
vt 0.288361 0.246716
vt -0.345144 0.579369
vt 0.286052 0.576529
vt 0.696480 0.248077
vt -0.359967 0.245232
vt 0.700995 0.245001
vt -0.117551 0.245874
vt 1.131024 0.243118
vt 1.131615 0.540055
vt 1.141764 0.247786
vt 1.142355 0.544723
vt 1.338822 0.242642
vt 1.339413 0.539579
vt -0.051571 0.540078
vt 1.349562 0.247310
vt 0.356512 0.246809
vt 1.350154 0.544247
vt 0.292397 0.246603
vt 1.130677 0.579213
vt 0.700729 0.250939
vt 0.291118 0.247933
vt 0.293452 0.577739
vt 1.350867 0.249440
vt 0.699470 0.246584
vt 1.113934 0.544813
vt 0.634351 0.542253
vt 1.043823 0.246140
vt 0.635786 0.546419
vt 1.038178 0.245271
vt 1.361434 0.543103
vt -0.159502 0.339958
vt -0.159805 0.232638
vt 0.917309 0.247797
vt 1.160671 0.257366
vt 0.439913 0.057268
vt 0.439123 0.939039
vt 0.935608 0.579358
vt 0.556162 0.060426
vt 0.561176 0.935334
vt 0.060709 0.270338
vt 0.560159 0.946165
vt 0.555142 0.049600
vt 0.440880 0.046496
vt 0.557994 0.565436
vt 0.560159 0.575783
vt 0.520975 0.440122
vt 0.677153 0.476154
vt 0.029842 0.662232
vt 0.611355 0.418766
vt 0.597488 0.542484
vt 0.160902 0.454362
vt 0.753341 0.578079
vt 0.185623 0.578700
vt 0.131464 0.569345
vt 0.354073 0.479002
vt 0.196441 0.411498
vt 0.410832 0.421200
vt 0.412928 0.546227
vt 0.073644 0.580815
vt -0.020083 0.603442
vt 0.224942 0.545654
vt 0.412186 0.421739
vt 0.196306 0.410665
vt 0.257599 0.568752
vt 0.509338 0.580344
vt 0.327731 0.553559
vt 0.385749 0.670291
vt 0.669623 0.406197
vt 0.672479 0.528844
vt 0.265743 0.565679
vt 0.177367 0.590395
vt 0.416107 0.528844
vt 0.670959 0.406725
vt 0.385634 0.669467
vt 0.352329 0.553533
vt -0.099656 0.463537
vt 0.385473 0.462976
vt 0.507998 0.421870
vt 0.118999 0.538045
vt 0.107506 0.465886
vt 0.109127 0.556417
vt 0.409072 0.558253
vt 0.467584 0.466749
vt 0.467197 0.557295
vt 0.051021 0.559132
vt -0.006347 0.557866
vt 0.524443 0.559132
vt 0.166389 0.557295
vt -0.006547 0.433615
vt 0.010221 0.543449
vt 0.360780 0.452685
vt 0.356891 0.562627
vt 0.364770 0.420953
vt 0.362792 0.530951
vt -0.009658 0.440023
vt 0.005218 0.550128
vt 0.250824 0.434105
vt -0.102906 0.562627
vt 0.004951 0.471762
vt 0.102807 0.364564
vt 0.247946 0.542947
vt 0.118470 0.530460
vt 0.304868 0.456120
vt 0.101588 0.579334
vt 0.285082 0.578902
vt 0.473978 0.492272
vt 0.048606 0.454997
vt 0.454192 0.615054
vt 0.530369 0.469575
vt 0.053900 0.455549
vt 0.055923 0.547666
vt 0.421245 0.549566
vt 0.422457 0.454968
vt 0.054591 0.549002
vt 0.329900 0.455549
vt -0.037579 0.549175
vt 0.514759 0.548614
vt 0.329246 0.547666
vt 0.148083 0.546708
vt 0.245529 0.451924
vt 0.258032 0.555849
vt 0.397377 0.569321
vt 0.421531 0.546248
vt 0.234161 0.559719
vt 0.141931 0.568895
vt 0.514210 0.559300
vt 0.304866 0.555849
vt 0.069753 0.573755
vt 0.485127 0.490035
vt 0.147078 0.519661
vt 0.519029 0.416239
vt 0.515337 0.546599
vt 0.037607 0.593075
vt -0.076826 0.619725
vt 0.183867 0.545995
vt 0.146845 0.518800
vt 0.362067 0.573755
vt 0.632622 0.592602
vt 0.144365 0.460778
vt 0.181452 0.590423
vt 0.587132 0.504877
vt 0.066796 0.575471
vt 0.574785 0.634781
vt 0.178969 0.474424
vt 0.213830 0.604706
vt 0.067021 0.574619
vt 0.031604 0.504877
vt 0.213476 0.696399
vt 0.179383 0.707324
vt 0.017748 0.555426
vt 0.441973 0.464036
vt -0.032588 0.463467
vt 0.300664 0.539782
vt 0.479547 0.447604
vt 0.146507 0.565492
vt 0.042071 0.463927
vt 0.490365 0.470881
vt 0.467066 0.459066
vt 0.466157 0.555917
vt 0.065538 0.466020
vt 0.381835 0.463927
vt -0.042912 0.470881
vt 0.575596 0.466020
vt 0.150520 0.459066
vt 0.200015 0.454651
vt 0.204506 0.548875
vt 0.602086 0.460167
vt 0.599569 0.554405
vt 0.611209 0.547223
vt 0.193007 0.552753
vt 0.700090 0.552753
vt 0.293546 0.546819
vt 0.510689 0.548875
vt 0.493258 0.468159
vt 0.800363 0.469121
vt 0.538001 0.465768
vt 0.538554 0.556567
vt 0.922000 0.466746
vt 0.528820 0.550220
vt 0.852555 0.460822
vt 0.843155 0.586155
vt 0.518114 0.500892
vt 0.899505 0.585032
vt 0.584350 0.437688
vt 0.586011 0.562638
vt 0.745366 0.477038
vt 0.776672 0.602191
vt 0.688481 0.625218
vt 0.931052 0.562638
vt 1.012966 0.557567
vt 0.394875 0.401685
vt 1.069960 0.530135
vt 0.860513 0.446706
vt 0.895918 0.575397
vt 0.895455 0.466359
vt 0.731341 0.536731
vt 0.619920 0.546057
vt 0.678054 0.430993
vt 0.678459 0.532396
vt 0.666628 0.440282
vt 0.673008 0.541722
vt 0.604304 0.545633
vt 0.808910 0.551691
vt 0.604616 0.566234
vt 0.630782 0.542967
vt 0.772313 0.449998
vt 0.783224 0.557509
vt 0.688781 0.566234
vt 0.725778 0.557078
vt 0.903352 0.542967
vt 0.509795 0.551691
vt 0.780935 0.541886
vt 0.836634 0.433038
vt 0.422258 0.432622
vt 0.422547 0.536375
vt 0.489255 0.446890
vt 0.714281 0.550194
vt 0.488248 0.549777
vt 0.703538 0.446940
vt 0.846580 0.536375
vt 0.820433 0.466026
vt 0.597735 0.486068
vt 0.552398 0.452720
vt 0.546765 0.566406
vt 0.867192 0.472762
vt 0.731709 0.486068
vt 0.688208 0.472762
vt 0.867844 0.574224
vt 0.465866 0.490350
vt 0.779479 0.489712
vt 0.804918 0.445448
vt 0.364309 0.424917
vt 0.344527 0.549967
vt 0.949627 0.465106
vt 0.974913 0.590794
vt 0.275613 0.573794
vt 0.533509 0.465106
vt 1.011562 0.424917
vt 0.959940 0.561247
vt 1.021230 0.396977
vt 0.396312 0.416323
vt 0.399707 0.538786
vt 0.897229 0.570500
vt 0.809478 0.592961
vt 0.896847 0.490378
vt 1.047732 0.538224
vt 1.021118 0.396160
vt 0.245804 0.560669
vt 0.490378 0.570035
vt 0.689505 0.441707
vt 0.484295 0.464754
vt 0.475852 0.577417
vt 0.452239 0.428558
vt 0.445739 0.541307
vt 0.723499 0.451605
vt 0.581804 0.451605
vt 0.818839 0.428558
vt 0.788451 0.561362
vt 0.947025 0.473703
vt 0.466760 0.473321
vt 0.945988 0.562500
vt 0.503806 0.473085
vt 0.963482 0.447383
vt 0.991011 0.572129
vt 0.303942 0.483188
vt 0.983172 0.425287
vt 0.461211 0.424849
vt 0.768820 0.584601
vt 0.422067 0.584193
vt 0.562493 0.597168
vt 0.472738 0.474539
vt 0.901269 0.474132
vt 0.466474 0.577274
vt 0.865694 0.589842
vt -0.067939 0.639189
vt 1.067020 0.539129
vt 1.065440 0.540268
vt -0.066434 0.552460
vt -0.366035 0.639242
vt -0.112884 0.628050
vt -0.071543 0.640181
vt 1.063682 0.543355
vt 1.062377 0.542421
vt 1.376406 0.639246
vt 1.364789 0.630234
vt -0.074714 0.252662
vt -0.166584 0.253062
vt 0.072975 0.246814
vt -0.074825 0.766415
vt -0.167736 -0.073425
vt -0.316062 -0.074920
vt 0.924943 0.252058
vt -0.166602 0.765835
vt 1.072683 0.247694
vt -0.169091 1.072683
vt -0.313068 0.919779
vt 0.075358 0.252210
vt -0.073810 0.250888
vt 1.313692 0.246471
vt -0.078744 0.762795
vt 0.073905 0.248267
vt 1.312225 0.766394
vt 1.313700 -0.072460
vt 1.165826 0.067856
vt 0.926161 0.761628
vt 1.073877 0.764051
vt 1.314837 0.252016
vt 1.314059 0.765748
vt 0.926508 0.767720
vt 1.166663 0.767850
vt 1.312550 0.919508
vt 1.166663 0.927509
s 0
usemtl stone
f 1/1/1 5/2/1 7/3/1
f 2/4/2 5/5/2 4/6/2
f 7/7/3 6/8/3 3/9/3
f 8/10/4 12/11/4 14/12/4
f 9/13/5 12/14/5 11/15/5
f 14/16/6 13/17/6 10/18/6
f 15/19/7 19/20/7 21/21/7
f 20/22/8 18/23/8 16/24/8
f 17/25/9 19/26/9 20/27/9
f 22/28/10 26/29/10 28/30/10
f 23/31/11 26/32/11 25/33/11
f 28/34/12 27/35/12 24/36/12
f 29/37/13 33/38/13 35/39/13
f 34/40/14 32/41/14 30/42/14
f 31/43/15 33/44/15 34/45/15
f 36/46/16 40/47/16 42/48/16
f 37/49/17 40/50/17 39/51/17
f 42/52/18 41/53/18 38/54/18
f 43/55/19 47/56/19 49/57/19
f 44/58/20 47/59/20 46/60/20
f 49/61/21 48/62/21 45/63/21
f 50/64/22 54/65/22 56/66/22
f 55/67/23 53/68/23 51/69/23
f 52/70/24 54/71/24 55/72/24
f 15/19/25 7/3/25 18/73/25
f 7/7/26 16/24/26 18/23/26
f 2/4/27 14/12/27 6/74/27
f 14/16/28 3/9/28 6/8/28
f 22/28/29 13/75/29 9/13/29
f 28/34/30 10/18/30 13/17/30
f 23/31/31 20/27/31 27/76/31
f 27/35/32 16/24/32 24/36/32
f 15/19/33 46/77/33 43/55/33
f 46/60/34 17/25/34 44/58/34
f 50/64/35 25/78/35 22/28/35
f 56/79/36 23/31/36 25/33/36
f 45/63/37 55/67/37 51/69/37
f 48/80/38 52/70/38 55/72/38
f 29/37/39 49/57/39 32/81/39
f 49/61/40 30/42/40 32/41/40
f 36/46/41 53/82/41 50/64/41
f 53/68/42 38/54/42 51/69/42
f 31/43/43 41/83/43 37/49/43
f 34/40/44 38/54/44 41/53/44
f 29/37/45 4/84/45 1/1/45
f 35/85/46 2/4/46 4/6/46
f 9/13/47 39/86/47 36/46/47
f 11/87/48 37/49/48 39/51/48
f 43/55/49 1/1/49 15/19/49
f 10/18/50 16/24/50 3/9/50
f 31/43/51 8/10/51 2/4/51
f 22/28/52 36/46/52 50/64/52
f 23/31/53 44/58/53 17/25/53
f 45/63/54 38/54/54 30/42/54
f 57/88/55 61/89/55 63/90/55
f 58/91/56 61/92/56 60/93/56
f 59/94/57 61/95/57 62/96/57
f 64/97/58 68/98/58 70/99/58
f 65/100/59 68/101/59 67/102/59
f 66/103/60 68/104/60 69/105/60
f 71/106/61 75/107/61 77/108/61
f 72/109/62 75/110/62 74/111/62
f 73/112/63 75/113/63 76/114/63
f 78/115/64 82/116/64 84/117/64
f 79/118/65 82/119/65 81/120/65
f 80/121/66 82/122/66 83/123/66
f 85/124/67 89/125/67 91/126/67
f 86/127/68 89/128/68 88/129/68
f 87/130/69 89/131/69 90/132/69
f 92/133/70 96/134/70 98/135/70
f 93/136/71 96/137/71 95/138/71
f 94/139/72 96/140/72 97/141/72
f 99/142/73 103/143/73 105/144/73
f 100/145/74 103/146/74 102/147/74
f 101/148/75 103/149/75 104/150/75
f 106/151/76 110/152/76 112/153/76
f 107/154/77 110/155/77 109/156/77
f 108/157/78 110/158/78 111/159/78
f 57/88/79 74/160/79 71/106/79
f 63/161/80 72/109/80 74/111/80
f 64/97/81 62/162/81 58/91/81
f 62/96/82 66/103/82 59/94/82
f 78/115/83 69/163/83 65/100/83
f 84/164/84 66/103/84 69/105/84
f 73/112/85 83/165/85 79/118/85
f 83/123/86 72/109/86 80/121/86
f 99/142/87 77/108/87 102/166/87
f 77/167/88 100/145/88 102/147/88
f 106/151/89 81/168/89 78/115/89
f 81/120/90 108/157/90 79/118/90
f 107/154/91 104/150/91 111/169/91
f 111/159/92 100/145/92 108/157/92
f 99/142/93 88/170/93 85/124/93
f 105/171/94 86/127/94 88/129/94
f 106/151/95 98/135/95 109/172/95
f 98/173/96 107/154/96 109/156/96
f 93/136/97 90/132/97 97/174/97
f 90/175/98 94/139/98 97/141/98
f 85/124/99 60/176/99 57/88/99
f 91/177/100 58/91/100 60/93/100
f 92/133/101 67/102/101 95/178/101
f 67/179/102 93/136/102 95/138/102
f 99/142/103 57/88/103 71/106/103
f 59/94/104 80/121/104 72/109/104
f 93/136/105 58/91/105 87/130/105
f 78/115/106 92/133/106 106/151/106
f 73/112/107 108/157/107 100/145/107
f 107/154/108 86/127/108 101/148/108
f 113/180/109 117/181/109 119/182/109
f 114/183/110 117/184/110 116/185/110
f 115/186/111 117/187/111 118/188/111
f 120/189/112 124/190/112 126/191/112
f 121/192/113 124/193/113 123/194/113
f 122/195/114 124/196/114 125/197/114
f 127/198/115 131/199/115 133/200/115
f 128/201/116 131/202/116 130/203/116
f 129/204/117 131/205/117 132/206/117
f 134/207/118 138/208/118 140/209/118
f 135/210/119 138/211/119 137/212/119
f 136/213/120 138/214/120 139/215/120
f 141/216/121 145/217/121 147/218/121
f 142/219/122 145/220/122 144/221/122
f 143/222/123 145/223/123 146/224/123
f 148/225/124 152/226/124 154/227/124
f 149/228/125 152/229/125 151/230/125
f 150/231/126 152/232/126 153/233/126
f 155/234/127 159/235/127 161/236/127
f 156/237/128 159/238/128 158/239/128
f 157/240/129 159/241/129 160/242/129
f 162/243/130 166/244/130 168/245/130
f 163/246/131 166/247/131 165/248/131
f 164/249/132 166/250/132 167/251/132
f 113/180/133 130/252/133 127/198/133
f 119/253/134 128/201/134 130/203/134
f 114/183/135 126/191/135 118/254/135
f 126/255/136 115/186/136 118/188/136
f 121/192/137 140/209/137 125/256/137
f 140/257/138 122/195/138 125/197/138
f 129/204/139 139/258/139 135/210/139
f 139/215/140 128/201/140 136/213/140
f 127/198/141 158/259/141 155/234/141
f 133/260/142 156/237/142 158/239/142
f 162/243/143 137/261/143 134/207/143
f 137/212/144 164/249/144 135/210/144
f 157/240/145 167/262/145 163/246/145
f 160/263/146 164/249/146 167/251/146
f 141/216/147 161/236/147 144/264/147
f 161/265/148 142/219/148 144/221/148
f 148/225/149 165/266/149 162/243/149
f 165/248/150 150/231/150 163/246/150
f 143/222/151 153/267/151 149/228/151
f 146/268/152 150/231/152 153/233/152
f 141/216/153 116/269/153 113/180/153
f 147/270/154 114/183/154 116/185/154
f 121/192/155 151/271/155 148/225/155
f 123/272/156 149/228/156 151/230/156
f 155/234/157 113/180/157 127/198/157
f 115/186/158 136/213/158 128/201/158
f 149/228/159 114/183/159 143/222/159
f 162/243/160 121/192/160 148/225/160
f 135/210/161 156/237/161 129/204/161
f 163/246/162 142/219/162 157/240/162
f 169/273/163 173/274/163 175/275/163
f 170/276/164 173/277/164 172/278/164
f 171/279/165 173/280/165 174/281/165
f 176/282/166 180/283/166 182/284/166
f 177/285/167 180/286/167 179/287/167
f 178/288/168 180/289/168 181/290/168
f 183/291/169 187/292/169 189/293/169
f 184/294/170 187/295/170 186/296/170
f 185/297/171 187/298/171 188/299/171
f 190/300/172 194/301/172 196/302/172
f 191/303/173 194/304/173 193/305/173
f 192/306/174 194/307/174 195/308/174
f 197/309/175 201/310/175 203/311/175
f 198/312/176 201/313/176 200/314/176
f 199/315/177 201/316/177 202/317/177
f 204/318/178 208/319/178 210/320/178
f 205/321/179 208/322/179 207/323/179
f 206/324/180 208/325/180 209/326/180
f 211/327/181 215/328/181 217/329/181
f 212/330/182 215/331/182 214/332/182
f 213/333/183 215/334/183 216/335/183
f 218/336/184 222/337/184 224/338/184
f 219/339/185 222/340/185 221/341/185
f 220/342/186 222/343/186 223/344/186
f 169/273/187 186/345/187 183/291/187
f 175/346/188 184/294/188 186/296/188
f 170/276/189 182/284/189 174/347/189
f 182/348/190 171/279/190 174/281/190
f 190/300/191 181/349/191 177/285/191
f 181/290/192 192/306/192 178/288/192
f 185/297/193 195/350/193 191/303/193
f 188/351/194 192/306/194 195/308/194
f 211/327/195 189/293/195 214/352/195
f 214/332/196 185/297/196 212/330/196
f 218/336/197 193/353/197 190/300/197
f 224/354/198 191/303/198 193/305/198
f 213/333/199 223/355/199 219/339/199
f 223/344/200 212/330/200 220/342/200
f 197/309/201 217/329/201 200/356/201
f 217/357/202 198/312/202 200/314/202
f 218/336/203 210/320/203 221/358/203
f 210/359/204 219/339/204 221/341/204
f 199/315/205 209/360/205 205/321/205
f 209/326/206 198/312/206 206/324/206
f 197/309/207 172/361/207 169/273/207
f 203/362/208 170/276/208 172/278/208
f 204/318/209 179/287/209 207/363/209
f 179/364/210 205/321/210 207/323/210
f 211/327/211 169/273/211 183/291/211
f 178/288/212 184/294/212 171/279/212
f 205/321/213 170/276/213 199/315/213
f 190/300/214 204/318/214 218/336/214
f 191/303/215 212/330/215 185/297/215
f 213/333/216 206/324/216 198/312/216
f 225/365/217 229/366/217 231/367/217
f 226/368/218 229/369/218 228/370/218
f 227/371/219 229/372/219 230/373/219
f 232/374/220 236/375/220 238/376/220
f 233/377/221 236/378/221 235/379/221
f 234/380/222 236/381/222 237/382/222
f 239/383/223 243/384/223 245/385/223
f 240/386/224 243/387/224 242/388/224
f 241/389/225 243/390/225 244/391/225
f 246/392/226 250/393/226 252/394/226
f 247/395/227 250/396/227 249/397/227
f 248/398/228 250/399/228 251/400/228
f 253/401/229 257/402/229 259/403/229
f 254/404/230 257/405/230 256/406/230
f 255/407/231 257/408/231 258/409/231
f 260/410/232 264/411/232 266/412/232
f 261/413/233 264/414/233 263/415/233
f 262/416/234 264/417/234 265/418/234
f 267/419/235 271/420/235 273/421/235
f 268/422/236 271/423/236 270/424/236
f 269/425/237 271/426/237 272/427/237
f 274/428/238 278/429/238 280/430/238
f 275/431/239 278/432/239 277/433/239
f 276/434/240 278/435/240 279/436/240
f 225/365/241 242/437/241 239/383/241
f 231/438/242 240/386/242 242/388/242
f 226/368/243 238/376/243 230/439/243
f 238/440/244 227/371/244 230/373/244
f 246/392/245 237/441/245 233/377/245
f 252/442/246 234/380/246 237/382/246
f 247/395/247 244/391/247 251/443/247
f 244/444/248 248/398/248 251/400/248
f 239/383/249 270/445/249 267/419/249
f 270/424/250 241/389/250 268/422/250
f 274/428/251 249/446/251 246/392/251
f 280/447/252 247/395/252 249/397/252
f 275/431/253 272/427/253 279/448/253
f 272/449/254 276/434/254 279/436/254
f 253/401/255 273/421/255 256/450/255
f 273/451/256 254/404/256 256/406/256
f 260/410/257 277/452/257 274/428/257
f 266/453/258 275/431/258 277/433/258
f 255/407/259 265/454/259 261/413/259
f 265/418/260 254/404/260 262/416/260
f 253/401/261 228/455/261 225/365/261
f 228/370/262 255/407/262 226/368/262
f 233/377/263 263/456/263 260/410/263
f 235/457/264 261/413/264 263/415/264
f 239/383/265 253/401/265 225/365/265
f 234/380/266 240/386/266 227/371/266
f 255/407/267 232/374/267 226/368/267
f 274/428/268 233/377/268 260/410/268
f 241/389/269 276/434/269 268/422/269
f 275/431/270 254/404/270 269/425/270
f 281/458/271 285/459/271 287/460/271
f 282/461/272 285/462/272 284/463/272
f 287/464/273 286/465/273 283/466/273
f 288/467/274 292/468/274 294/469/274
f 289/470/275 292/471/275 291/472/275
f 294/473/276 293/474/276 290/475/276
f 295/476/277 299/477/277 301/478/277
f 300/479/278 298/480/278 296/481/278
f 297/482/279 299/483/279 300/484/279
f 302/485/280 306/486/280 308/487/280
f 303/488/281 306/489/281 305/490/281
f 308/491/282 307/492/282 304/493/282
f 309/494/283 313/495/283 315/496/283
f 314/497/284 312/498/284 310/499/284
f 311/500/285 313/501/285 314/502/285
f 316/503/286 320/504/286 322/505/286
f 317/506/287 320/507/287 319/508/287
f 322/509/288 321/510/288 318/511/288
f 323/512/289 327/513/289 329/514/289
f 324/515/290 327/516/290 326/517/290
f 329/518/291 328/519/291 325/520/291
f 330/521/292 334/522/292 336/523/292
f 335/524/293 333/525/293 331/526/293
f 332/527/294 334/528/294 335/529/294
f 281/458/295 298/530/295 295/476/295
f 287/464/296 296/481/296 298/480/296
f 288/467/297 286/531/297 282/461/297
f 294/473/298 283/466/298 286/465/298
f 302/485/299 293/532/299 289/470/299
f 293/474/300 304/493/300 290/475/300
f 297/482/301 307/533/301 303/488/301
f 300/479/302 304/493/302 307/492/302
f 295/476/303 326/534/303 323/512/303
f 301/535/304 324/515/304 326/517/304
f 330/521/305 305/536/305 302/485/305
f 305/490/306 332/527/306 303/488/306
f 331/526/307 328/519/307 335/524/307
f 335/529/308 324/515/308 332/527/308
f 323/512/309 312/537/309 309/494/309
f 329/518/310 310/499/310 312/498/310
f 316/503/311 333/538/311 330/521/311
f 322/509/312 331/526/312 333/525/312
f 311/500/313 321/539/313 317/506/313
f 314/497/314 318/511/314 321/510/314
f 309/494/315 284/540/315 281/458/315
f 315/541/316 282/461/316 284/463/316
f 289/470/317 319/542/317 316/503/317
f 291/543/318 317/506/318 319/508/318
f 295/476/319 309/494/319 281/458/319
f 290/475/320 296/481/320 283/466/320
f 311/500/321 288/467/321 282/461/321
f 302/485/322 316/503/322 330/521/322
f 297/482/323 332/527/323 324/515/323
f 331/526/324 310/499/324 325/520/324
f 337/544/325 341/545/325 343/546/325
f 338/547/326 341/548/326 340/549/326
f 339/550/327 341/551/327 342/552/327
f 344/553/328 348/554/328 350/555/328
f 345/556/329 348/557/329 347/558/329
f 346/559/330 348/560/330 349/561/330
f 351/562/331 355/563/331 357/564/331
f 352/565/332 355/566/332 354/567/332
f 353/568/333 355/569/333 356/570/333
f 358/571/334 362/572/334 364/573/334
f 359/574/335 362/575/335 361/576/335
f 360/577/336 362/578/336 363/579/336
f 365/580/337 369/581/337 371/582/337
f 366/583/338 369/584/338 368/585/338
f 367/586/339 369/587/339 370/588/339
f 372/589/340 376/590/340 378/591/340
f 373/592/341 376/593/341 375/594/341
f 374/595/342 376/596/342 377/597/342
f 379/598/343 383/599/343 385/600/343
f 380/601/344 383/602/344 382/603/344
f 381/604/345 383/605/345 384/606/345
f 386/607/346 390/608/346 392/609/346
f 387/610/347 390/611/347 389/612/347
f 388/613/348 390/614/348 391/615/348
f 337/544/349 354/616/349 351/562/349
f 343/617/350 352/565/350 354/567/350
f 338/547/351 350/555/351 342/618/351
f 350/619/352 339/550/352 342/552/352
f 345/556/353 364/573/353 349/620/353
f 349/561/354 360/577/354 346/559/354
f 353/568/355 363/621/355 359/574/355
f 356/622/356 360/577/356 363/579/356
f 351/562/357 382/623/357 379/598/357
f 382/603/358 353/568/358 380/601/358
f 386/607/359 361/624/359 358/571/359
f 361/576/360 388/613/360 359/574/360
f 381/604/361 391/625/361 387/610/361
f 384/626/362 388/613/362 391/615/362
f 379/598/363 368/627/363 365/580/363
f 385/628/364 366/583/364 368/585/364
f 372/589/365 389/629/365 386/607/365
f 378/630/366 387/610/366 389/612/366
f 367/586/367 377/631/367 373/592/367
f 377/597/368 366/583/368 374/595/368
f 337/544/369 371/582/369 340/632/369
f 340/549/370 367/586/370 338/547/370
f 345/556/371 375/633/371 372/589/371
f 347/634/372 373/592/372 375/594/372
f 379/598/373 337/544/373 351/562/373
f 346/559/374 352/565/374 339/550/374
f 373/592/375 338/547/375 367/586/375
f 358/571/376 372/589/376 386/607/376
f 353/568/377 388/613/377 380/601/377
f 387/610/378 366/583/378 381/604/378
f 393/635/379 397/636/379 399/637/379
f 394/638/380 397/639/380 396/640/380
f 395/641/381 397/642/381 398/643/381
f 400/644/382 404/645/382 406/646/382
f 401/647/383 404/648/383 403/649/383
f 402/650/384 404/651/384 405/652/384
f 407/653/385 411/654/385 413/655/385
f 408/656/386 411/657/386 410/658/386
f 409/659/387 411/660/387 412/661/387
f 414/662/388 418/663/388 420/664/388
f 415/665/389 418/666/389 417/667/389
f 416/668/390 418/669/390 419/670/390
f 421/671/391 425/672/391 427/673/391
f 422/674/392 425/675/392 424/676/392
f 423/677/393 425/678/393 426/679/393
f 428/680/394 432/681/394 434/682/394
f 429/683/395 432/684/395 431/685/395
f 430/686/396 432/687/396 433/688/396
f 435/689/397 439/690/397 441/691/397
f 436/692/398 439/693/398 438/694/398
f 437/695/399 439/696/399 440/697/399
f 442/698/400 446/699/400 448/700/400
f 443/701/401 446/702/401 445/703/401
f 444/704/402 446/705/402 447/706/402
f 393/635/403 410/707/403 407/653/403
f 410/658/404 395/641/404 408/656/404
f 400/644/405 398/708/405 394/638/405
f 406/709/406 395/641/406 398/643/406
f 414/662/407 405/710/407 401/647/407
f 405/652/408 416/668/408 402/650/408
f 409/659/409 419/711/409 415/665/409
f 412/712/410 416/668/410 419/670/410
f 407/653/411 438/713/411 435/689/411
f 413/714/412 436/692/412 438/694/412
f 442/698/413 417/715/413 414/662/413
f 448/716/414 415/665/414 417/667/414
f 437/695/415 447/717/415 443/701/415
f 440/718/416 444/704/416 447/706/416
f 421/671/417 441/691/417 424/719/417
f 441/720/418 422/674/418 424/676/418
f 428/680/419 445/721/419 442/698/419
f 434/722/420 443/701/420 445/703/420
f 429/683/421 426/679/421 433/723/421
f 426/724/422 430/686/422 433/688/422
f 393/635/423 427/673/423 396/725/423
f 396/640/424 423/677/424 394/638/424
f 428/680/425 403/649/425 431/726/425
f 403/727/426 429/683/426 431/685/426
f 435/689/427 393/635/427 407/653/427
f 395/641/428 416/668/428 408/656/428
f 429/683/429 394/638/429 423/677/429
f 414/662/430 428/680/430 442/698/430
f 415/665/431 436/692/431 409/659/431
f 443/701/432 422/674/432 437/695/432
f 449/728/433 453/729/433 455/730/433
f 450/731/434 453/732/434 452/733/434
f 451/734/435 453/735/435 454/736/435
f 456/737/436 460/738/436 462/739/436
f 457/740/437 460/741/437 459/742/437
f 458/743/438 460/744/438 461/745/438
f 463/746/439 467/747/439 469/748/439
f 464/749/440 467/750/440 466/751/440
f 465/752/441 467/753/441 468/754/441
f 470/755/442 474/756/442 476/757/442
f 471/758/443 474/759/443 473/760/443
f 472/761/444 474/762/444 475/763/444
f 477/764/445 481/765/445 483/766/445
f 478/767/446 481/768/446 480/769/446
f 479/770/447 481/771/447 482/772/447
f 484/773/448 488/774/448 490/775/448
f 485/776/449 488/777/449 487/778/449
f 486/779/450 488/780/450 489/781/450
f 491/782/451 495/783/451 497/784/451
f 492/785/452 495/786/452 494/787/452
f 493/788/453 495/789/453 496/790/453
f 498/791/454 502/792/454 504/793/454
f 499/794/455 502/795/455 501/796/455
f 500/797/456 502/798/456 503/799/456
f 463/746/457 455/730/457 466/800/457
f 455/801/458 464/749/458 466/751/458
f 456/737/459 454/802/459 450/731/459
f 462/803/460 451/734/460 454/736/460
f 470/755/461 461/804/461 457/740/461
f 461/745/462 472/761/462 458/743/462
f 465/752/463 475/805/463 471/758/463
f 475/763/464 464/749/464 472/761/464
f 463/746/465 494/806/465 491/782/465
f 469/807/466 492/785/466 494/787/466
f 498/791/467 473/808/467 470/755/467
f 504/809/468 471/758/468 473/760/468
f 493/788/469 503/810/469 499/794/469
f 503/799/470 492/785/470 500/797/470
f 477/764/471 497/784/471 480/811/471
f 497/812/472 478/767/472 480/769/472
f 498/791/473 490/775/473 501/813/473
f 490/814/474 499/794/474 501/796/474
f 485/776/475 482/772/475 489/815/475
f 482/816/476 486/779/476 489/781/476
f 477/764/477 452/817/477 449/728/477
f 483/818/478 450/731/478 452/733/478
f 457/740/479 487/819/479 484/773/479
f 487/778/480 456/737/480 485/776/480
f 463/746/481 477/764/481 449/728/481
f 458/743/482 464/749/482 451/734/482
f 485/776/483 450/731/483 479/770/483
f 470/755/484 484/773/484 498/791/484
f 471/758/485 492/785/485 465/752/485
f 499/794/486 478/767/486 493/788/486
f 505/820/487 509/821/487 511/822/487
f 506/823/488 509/824/488 508/825/488
f 507/826/489 509/827/489 510/828/489
f 512/829/490 516/830/490 518/831/490
f 513/832/491 516/833/491 515/834/491
f 514/835/492 516/836/492 517/837/492
f 519/838/493 523/839/493 525/840/493
f 520/841/494 523/842/494 522/843/494
f 521/844/495 523/845/495 524/846/495
f 526/847/496 530/848/496 532/849/496
f 527/850/497 530/851/497 529/852/497
f 528/853/498 530/854/498 531/855/498
f 533/856/499 537/857/499 539/858/499
f 534/859/500 537/860/500 536/861/500
f 535/862/501 537/863/501 538/864/501
f 540/865/502 544/866/502 546/867/502
f 541/868/503 544/869/503 543/870/503
f 542/871/504 544/872/504 545/873/504
f 547/874/505 551/875/505 553/876/505
f 548/877/506 551/878/506 550/879/506
f 549/880/507 551/881/507 552/882/507
f 554/883/508 558/884/508 560/885/508
f 555/886/509 558/887/509 557/888/509
f 556/889/510 558/890/510 559/891/510
f 505/820/511 522/892/511 519/838/511
f 511/893/512 520/841/512 522/843/512
f 512/829/513 510/894/513 506/823/513
f 518/895/514 507/826/514 510/828/514
f 526/847/515 517/896/515 513/832/515
f 532/897/516 514/835/516 517/837/516
f 521/844/517 531/898/517 527/850/517
f 531/855/518 520/841/518 528/853/518
f 519/838/519 550/899/519 547/874/519
f 550/879/520 521/844/520 548/877/520
f 526/847/521 560/885/521 529/900/521
f 560/901/522 527/850/522 529/852/522
f 549/880/523 559/902/523 555/886/523
f 552/903/524 556/889/524 559/891/524
f 547/874/525 536/904/525 533/856/525
f 536/861/526 549/880/526 534/859/526
f 540/865/527 557/905/527 554/883/527
f 557/888/528 542/871/528 555/886/528
f 535/862/529 545/906/529 541/868/529
f 538/907/530 542/871/530 545/873/530
f 533/856/531 508/908/531 505/820/531
f 508/825/532 535/862/532 506/823/532
f 540/865/533 515/834/533 543/909/533
f 515/910/534 541/868/534 543/870/534
f 547/874/535 505/820/535 519/838/535
f 514/835/536 520/841/536 507/826/536
f 541/868/537 506/823/537 535/862/537
f 526/847/538 540/865/538 554/883/538
f 527/850/539 548/877/539 521/844/539
f 555/886/540 534/859/540 549/880/540
f 561/911/541 565/912/541 567/913/541
f 566/914/542 564/915/542 562/916/542
f 563/917/543 565/918/543 566/919/543
f 571/920/544 574/921/544 568/922/544
f 569/923/545 572/924/545 571/925/545
f 570/926/546 572/927/546 573/928/546
f 575/929/547 579/930/547 581/931/547
f 576/932/548 579/933/548 578/934/548
f 581/935/549 580/936/549 577/937/549
f 582/938/550 586/939/550 588/940/550
f 587/941/551 585/942/551 583/943/551
f 584/944/552 586/945/552 587/946/552
f 589/947/553 593/948/553 595/949/553
f 590/950/554 593/951/554 592/952/554
f 595/953/555 594/954/555 591/955/555
f 596/956/556 600/957/556 602/958/556
f 601/959/557 599/960/557 597/961/557
f 598/962/558 600/963/558 601/964/558
f 603/965/559 607/966/559 609/967/559
f 608/968/560 606/969/560 604/970/560
f 605/971/561 607/972/561 608/973/561
f 610/974/562 614/975/562 616/976/562
f 611/977/563 614/978/563 613/979/563
f 616/980/564 615/981/564 612/982/564
f 561/911/565 578/983/565 575/929/565
f 567/984/566 576/932/566 578/934/566
f 568/922/567 566/914/567 562/916/567
f 574/985/568 563/917/568 566/919/568
f 569/923/569 588/940/569 573/986/569
f 588/987/570 570/926/570 573/928/570
f 577/937/571 587/941/571 583/943/571
f 580/988/572 584/944/572 587/946/572
f 603/965/573 581/931/573 606/989/573
f 581/935/574 604/970/574 606/969/574
f 610/974/575 585/990/575 582/938/575
f 585/942/576 612/982/576 583/943/576
f 611/977/577 608/973/577 615/991/577
f 608/968/578 612/982/578 615/981/578
f 603/965/579 592/992/579 589/947/579
f 609/993/580 590/950/580 592/952/580
f 610/974/581 602/958/581 613/994/581
f 602/995/582 611/977/582 613/979/582
f 591/955/583 601/959/583 597/961/583
f 601/964/584 590/950/584 598/962/584
f 561/911/585 595/949/585 564/996/585
f 564/915/586 591/955/586 562/916/586
f 569/923/587 599/997/587 596/956/587
f 599/960/588 568/922/588 597/961/588
f 603/965/589 561/911/589 575/929/589
f 570/926/590 576/932/590 563/917/590
f 597/961/591 562/916/591 591/955/591
f 610/974/592 569/923/592 596/956/592
f 583/943/593 604/970/593 577/937/593
f 605/971/594 598/962/594 590/950/594
f 617/998/595 621/999/595 623/1000/595
f 618/1001/596 621/1002/596 620/1003/596
f 619/1004/597 621/1005/597 622/1006/597
f 624/1007/598 628/1008/598 630/1009/598
f 625/1010/599 628/1011/599 627/1012/599
f 626/1013/600 628/1014/600 629/1015/600
f 631/1016/601 635/1017/601 637/1018/601
f 632/1019/602 635/1020/602 634/1021/602
f 633/1022/603 635/1023/603 636/1024/603
f 638/1025/604 642/1026/604 644/1027/604
f 639/1028/605 642/1029/605 641/1030/605
f 640/1031/606 642/1032/606 643/1033/606
f 645/1034/607 649/1035/607 651/1036/607
f 646/1037/608 649/1038/608 648/1039/608
f 647/1040/609 649/1041/609 650/1042/609
f 652/1043/610 656/1044/610 658/1045/610
f 653/1046/611 656/1047/611 655/1048/611
f 654/1049/612 656/1050/612 657/1051/612
f 659/1052/613 663/1053/613 665/1054/613
f 660/1055/614 663/1056/614 662/1057/614
f 661/1058/615 663/1059/615 664/1060/615
f 666/1061/616 670/1062/616 672/1063/616
f 667/1064/617 670/1065/617 669/1066/617
f 668/1067/618 670/1068/618 671/1069/618
f 631/1016/619 623/1000/619 634/1070/619
f 634/1021/620 619/1004/620 632/1019/620
f 618/1001/621 630/1009/621 622/1071/621
f 622/1006/622 626/1013/622 619/1004/622
f 625/1010/623 644/1027/623 629/1072/623
f 644/1073/624 626/1013/624 629/1015/624
f 633/1022/625 643/1074/625 639/1028/625
f 643/1033/626 632/1019/626 640/1031/626
f 631/1016/627 662/1075/627 659/1052/627
f 662/1057/628 633/1022/628 660/1055/628
f 638/1025/629 672/1063/629 641/1076/629
f 672/1077/630 639/1028/630 641/1030/630
f 661/1058/631 671/1078/631 667/1064/631
f 664/1079/632 668/1067/632 671/1069/632
f 659/1052/633 648/1080/633 645/1034/633
f 648/1039/634 661/1058/634 646/1037/634
f 652/1043/635 669/1081/635 666/1061/635
f 658/1082/636 667/1064/636 669/1066/636
f 647/1040/637 657/1083/637 653/1046/637
f 650/1084/638 654/1049/638 657/1051/638
f 617/998/639 651/1036/639 620/1085/639
f 651/1086/640 618/1001/640 620/1003/640
f 652/1043/641 627/1012/641 655/1087/641
f 655/1048/642 624/1007/642 653/1046/642
f 659/1052/643 617/998/643 631/1016/643
f 619/1004/644 640/1031/644 632/1019/644
f 647/1040/645 624/1007/645 618/1001/645
f 638/1025/646 652/1043/646 666/1061/646
f 639/1028/647 660/1055/647 633/1022/647
f 661/1058/648 654/1049/648 646/1037/648
f 673/1088/649 677/1089/649 679/1090/649
f 674/1091/650 677/1092/650 676/1093/650
f 675/1094/651 677/1095/651 678/1096/651
f 680/1097/652 684/1098/652 686/1099/652
f 681/1100/653 684/1101/653 683/1102/653
f 682/1103/654 684/1104/654 685/1105/654
f 687/1106/655 691/1107/655 693/1108/655
f 688/1109/656 691/1110/656 690/1111/656
f 689/1112/657 691/1113/657 692/1114/657
f 694/1115/658 698/1116/658 700/1117/658
f 695/1118/659 698/1119/659 697/1120/659
f 696/1121/660 698/1122/660 699/1123/660
f 701/1124/661 705/1125/661 707/1126/661
f 702/1127/662 705/1128/662 704/1129/662
f 703/1130/663 705/1131/663 706/1132/663
f 708/1133/664 712/1134/664 714/1135/664
f 709/1136/665 712/1137/665 711/1138/665
f 710/1139/666 712/1140/666 713/1141/666
f 715/1142/667 719/1143/667 721/1144/667
f 716/1145/668 719/1146/668 718/1147/668
f 717/1148/669 719/1149/669 720/1150/669
f 722/1151/670 726/1152/670 728/1153/670
f 723/1154/671 726/1155/671 725/1156/671
f 724/1157/672 726/1158/672 727/1159/672
f 687/1106/673 679/1090/673 690/1160/673
f 679/1161/674 688/1109/674 690/1111/674
f 674/1091/675 686/1099/675 678/1162/675
f 686/1163/676 675/1094/676 678/1096/676
f 694/1115/677 685/1164/677 681/1100/677
f 700/1165/678 682/1103/678 685/1105/678
f 689/1112/679 699/1166/679 695/1118/679
f 692/1167/680 696/1121/680 699/1123/680
f 687/1106/681 718/1168/681 715/1142/681
f 693/1169/682 716/1145/682 718/1147/682
f 722/1151/683 697/1170/683 694/1115/683
f 728/1171/684 695/1118/684 697/1120/684
f 717/1148/685 727/1172/685 723/1154/685
f 720/1173/686 724/1157/686 727/1159/686
f 701/1124/687 721/1144/687 704/1174/687
f 721/1175/688 702/1127/688 704/1129/688
f 708/1133/689 725/1176/689 722/1151/689
f 714/1177/690 723/1154/690 725/1156/690
f 703/1130/691 713/1178/691 709/1136/691
f 706/1179/692 710/1139/692 713/1141/692
f 701/1124/693 676/1180/693 673/1088/693
f 676/1093/694 703/1130/694 674/1091/694
f 708/1133/695 683/1102/695 711/1181/695
f 683/1182/696 709/1136/696 711/1138/696
f 687/1106/697 701/1124/697 673/1088/697
f 675/1094/698 696/1121/698 688/1109/698
f 709/1136/699 674/1091/699 703/1130/699
f 694/1115/700 708/1133/700 722/1151/700
f 695/1118/701 716/1145/701 689/1112/701
f 723/1154/702 702/1127/702 717/1148/702
f 729/1183/703 733/1184/703 735/1185/703
f 734/1186/704 732/1187/704 730/1188/704
f 731/1189/705 733/1190/705 734/1191/705
f 739/1192/706 742/1193/706 736/1194/706
f 737/1195/707 740/1196/707 739/1197/707
f 738/1198/708 740/1199/708 741/1200/708
f 743/1201/709 747/1202/709 749/1203/709
f 744/1204/710 747/1205/710 746/1206/710
f 749/1207/711 748/1208/711 745/1209/711
f 750/1210/712 754/1211/712 756/1212/712
f 755/1213/713 753/1214/713 751/1215/713
f 752/1216/714 754/1217/714 755/1218/714
f 757/1219/715 761/1220/715 763/1221/715
f 758/1222/716 761/1223/716 760/1224/716
f 763/1225/717 762/1226/717 759/1227/717
f 764/1228/718 768/1229/718 770/1230/718
f 769/1231/719 767/1232/719 765/1233/719
f 766/1234/720 768/1235/720 769/1236/720
f 771/1237/721 775/1238/721 777/1239/721
f 776/1240/722 774/1241/722 772/1242/722
f 773/1243/723 775/1244/723 776/1245/723
f 778/1246/724 782/1247/724 784/1248/724
f 779/1249/725 782/1250/725 781/1251/725
f 784/1252/726 783/1253/726 780/1254/726
f 729/1183/727 746/1255/727 743/1201/727
f 735/1256/728 744/1204/728 746/1206/728
f 730/1188/729 742/1193/729 734/1186/729
f 742/1257/730 731/1189/730 734/1191/730
f 737/1195/731 756/1212/731 741/1258/731
f 756/1259/732 738/1198/732 741/1200/732
f 745/1209/733 755/1213/733 751/1215/733
f 748/1260/734 752/1216/734 755/1218/734
f 743/1201/735 774/1261/735 771/1237/735
f 774/1241/736 745/1209/736 772/1242/736
f 778/1246/737 753/1262/737 750/1210/737
f 753/1214/738 780/1254/738 751/1215/738
f 779/1249/739 776/1245/739 783/1263/739
f 776/1240/740 780/1254/740 783/1253/740
f 771/1237/741 760/1264/741 757/1219/741
f 760/1224/742 773/1243/742 758/1222/742
f 778/1246/743 770/1230/743 781/1265/743
f 781/1251/744 766/1234/744 779/1249/744
f 759/1227/745 769/1231/745 765/1233/745
f 762/1266/746 766/1234/746 769/1236/746
f 729/1183/747 763/1221/747 732/1267/747
f 732/1187/748 759/1227/748 730/1188/748
f 764/1228/749 739/1197/749 767/1268/749
f 767/1232/750 736/1194/750 765/1233/750
f 771/1237/751 729/1183/751 743/1201/751
f 731/1189/752 752/1216/752 744/1204/752
f 759/1227/753 736/1194/753 730/1188/753
f 750/1210/754 764/1228/754 778/1246/754
f 751/1215/755 772/1242/755 745/1209/755
f 779/1249/756 758/1222/756 773/1243/756
f 785/1269/757 789/1270/757 791/1271/757
f 786/1272/758 789/1273/758 788/1274/758
f 787/1275/759 789/1276/759 790/1277/759
f 792/1278/760 796/1279/760 798/1280/760
f 793/1281/761 796/1282/761 795/1283/761
f 794/1284/762 796/1285/762 797/1286/762
f 799/1287/763 803/1288/763 805/1289/763
f 800/1290/764 803/1291/764 802/1292/764
f 801/1293/765 803/1294/765 804/1295/765
f 806/1296/766 810/1297/766 812/1298/766
f 807/1299/767 810/1300/767 809/1301/767
f 808/1302/768 810/1303/768 811/1304/768
f 813/1305/769 817/1306/769 819/1307/769
f 814/1308/770 817/1309/770 816/1310/770
f 815/1311/771 817/1312/771 818/1313/771
f 820/1314/772 824/1315/772 826/1316/772
f 821/1317/773 824/1318/773 823/1319/773
f 822/1320/774 824/1321/774 825/1322/774
f 827/1323/775 831/1324/775 833/1325/775
f 828/1326/776 831/1327/776 830/1328/776
f 829/1329/777 831/1330/777 832/1331/777
f 834/1332/778 838/1333/778 840/1334/778
f 835/1335/779 838/1336/779 837/1337/779
f 836/1338/780 838/1339/780 839/1340/780
f 785/1269/781 802/1341/781 799/1287/781
f 802/1292/782 787/1275/782 800/1290/782
f 792/1278/783 790/1342/783 786/1272/783
f 798/1343/784 787/1275/784 790/1277/784
f 793/1281/785 812/1298/785 797/1344/785
f 812/1345/786 794/1284/786 797/1286/786
f 801/1293/787 811/1346/787 807/1299/787
f 811/1304/788 800/1290/788 808/1302/788
f 827/1323/789 805/1289/789 830/1347/789
f 805/1348/790 828/1326/790 830/1328/790
f 806/1296/791 840/1334/791 809/1349/791
f 840/1350/792 807/1299/792 809/1301/792
f 829/1329/793 839/1351/793 835/1335/793
f 839/1340/794 828/1326/794 836/1338/794
f 813/1305/795 833/1325/795 816/1352/795
f 816/1310/796 829/1329/796 814/1308/796
f 820/1314/797 837/1353/797 834/1332/797
f 837/1337/798 822/1320/798 835/1335/798
f 821/1317/799 818/1313/799 825/1354/799
f 825/1322/800 814/1308/800 822/1320/800
f 813/1305/801 788/1355/801 785/1269/801
f 819/1356/802 786/1272/802 788/1274/802
f 793/1281/803 823/1357/803 820/1314/803
f 823/1319/804 792/1278/804 821/1317/804
f 799/1287/805 813/1305/805 785/1269/805
f 787/1275/806 808/1302/806 800/1290/806
f 821/1317/807 786/1272/807 815/1311/807
f 834/1332/808 793/1281/808 820/1314/808
f 807/1299/809 828/1326/809 801/1293/809
f 829/1329/810 822/1320/810 814/1308/810
f 841/1358/811 845/1359/811 847/1360/811
f 842/1361/812 845/1362/812 844/1363/812
f 843/1364/813 845/1365/813 846/1366/813
f 848/1367/814 852/1368/814 854/1369/814
f 849/1370/815 852/1371/815 851/1372/815
f 850/1373/816 852/1374/816 853/1375/816
f 855/1376/817 859/1377/817 861/1378/817
f 856/1379/818 859/1380/818 858/1381/818
f 857/1382/819 859/1383/819 860/1384/819
f 862/1385/820 866/1386/820 868/1387/820
f 863/1388/821 866/1389/821 865/1390/821
f 864/1391/822 866/1392/822 867/1393/822
f 869/1394/823 873/1395/823 875/1396/823
f 870/1397/824 873/1398/824 872/1399/824
f 871/1400/825 873/1401/825 874/1402/825
f 876/1403/826 880/1404/826 882/1405/826
f 877/1406/827 880/1407/827 879/1408/827
f 878/1409/828 880/1410/828 881/1411/828
f 883/1412/829 887/1413/829 889/1414/829
f 884/1415/830 887/1416/830 886/1417/830
f 885/1418/831 887/1419/831 888/1420/831
f 890/1421/832 894/1422/832 896/1423/832
f 891/1424/833 894/1425/833 893/1426/833
f 892/1427/834 894/1428/834 895/1429/834
f 855/1376/835 847/1360/835 858/1430/835
f 847/1431/836 856/1379/836 858/1381/836
f 842/1361/837 854/1369/837 846/1432/837
f 846/1366/838 850/1373/838 843/1364/838
f 862/1385/839 853/1433/839 849/1370/839
f 868/1434/840 850/1373/840 853/1375/840
f 857/1382/841 867/1435/841 863/1388/841
f 867/1393/842 856/1379/842 864/1391/842
f 855/1376/843 886/1436/843 883/1412/843
f 861/1437/844 884/1415/844 886/1417/844
f 862/1385/845 896/1423/845 865/1438/845
f 865/1390/846 892/1427/846 863/1388/846
f 885/1418/847 895/1439/847 891/1424/847
f 888/1440/848 892/1427/848 895/1429/848
f 883/1412/849 872/1441/849 869/1394/849
f 872/1399/850 885/1418/850 870/1397/850
f 876/1403/851 893/1442/851 890/1421/851
f 893/1426/852 878/1409/852 891/1424/852
f 871/1400/853 881/1443/853 877/1406/853
f 874/1444/854 878/1409/854 881/1411/854
f 869/1394/855 844/1445/855 841/1358/855
f 875/1446/856 842/1361/856 844/1363/856
f 849/1370/857 879/1447/857 876/1403/857
f 879/1408/858 848/1367/858 877/1406/858
f 855/1376/859 869/1394/859 841/1358/859
f 850/1373/860 856/1379/860 843/1364/860
f 877/1406/861 842/1361/861 871/1400/861
f 862/1385/862 876/1403/862 890/1421/862
f 863/1388/863 884/1415/863 857/1382/863
f 891/1424/864 870/1397/864 885/1418/864
f 897/1448/865 901/1449/865 903/1450/865
f 898/1451/866 901/1449/866 900/1452/866
f 903/1450/867 902/1453/867 899/1454/867
f 904/1455/868 908/1456/868 910/1457/868
f 905/1458/869 908/1456/869 907/1459/869
f 910/1457/870 909/1460/870 906/1461/870
f 911/1462/871 915/1463/871 917/1464/871
f 916/1465/872 914/1466/872 912/1467/872
f 913/1468/873 915/1463/873 916/1465/873
f 918/1469/874 922/1470/874 924/1471/874
f 919/1472/875 922/1470/875 921/1473/875
f 924/1471/876 923/1474/876 920/1475/876
f 925/1476/877 929/1477/877 931/1478/877
f 930/1479/878 928/1480/878 926/1481/878
f 927/1482/879 929/1477/879 930/1479/879
f 932/1483/880 936/1484/880 938/1485/880
f 933/1486/881 936/1484/881 935/1487/881
f 938/1485/882 937/1488/882 934/1489/882
f 939/1490/883 943/1491/883 945/1492/883
f 940/1493/884 943/1491/884 942/1494/884
f 945/1492/885 944/1495/885 941/1496/885
f 946/1497/886 950/1498/886 952/1499/886
f 951/1500/887 949/1501/887 947/1502/887
f 948/1503/888 950/1498/888 951/1500/888
f 911/1462/889 903/1450/889 914/1466/889
f 903/1450/890 912/1467/890 914/1466/890
f 898/1504/891 910/1505/891 902/1506/891
f 910/1507/892 899/1508/892 902/1509/892
f 905/1458/893 924/1471/893 909/1460/893
f 924/1471/894 906/1461/894 909/1460/894
f 913/1510/895 923/1511/895 919/1512/895
f 916/1513/896 920/1514/896 923/1515/896
f 911/1462/897 942/1494/897 939/1490/897
f 917/1464/898 940/1493/898 942/1494/898
f 946/1497/899 921/1473/899 918/1469/899
f 952/1499/900 919/1472/900 921/1473/900
f 941/1516/901 951/1517/901 947/1518/901
f 944/1519/902 948/1520/902 951/1521/902
f 939/1490/903 928/1480/903 925/1476/903
f 928/1480/904 941/1496/904 926/1481/904
f 932/1483/905 949/1501/905 946/1497/905
f 949/1501/906 934/1489/906 947/1502/906
f 927/1522/907 937/1523/907 933/1524/907
f 930/1525/908 934/1526/908 937/1527/908
f 897/1448/909 931/1478/909 900/1452/909
f 931/1478/910 898/1451/910 900/1452/910
f 905/1458/911 935/1487/911 932/1483/911
f 935/1487/912 904/1455/912 933/1486/912
f 911/1462/913 925/1476/913 897/1448/913
f 906/1528/914 912/1529/914 899/1508/914
f 933/1524/915 898/1504/915 927/1522/915
f 946/1497/916 905/1458/916 932/1483/916
f 919/1512/917 940/1530/917 913/1510/917
f 947/1518/918 926/1531/918 941/1516/918
f 1/1/2809 4/84/2809 5/2/2809
f 2/4/2810 6/74/2810 5/5/2810
f 7/7/2811 5/4654/2811 6/8/2811
f 8/10/2812 11/87/2812 12/11/2812
f 9/13/2813 13/75/2813 12/14/2813
f 14/16/2814 12/4655/2814 13/17/2814
f 15/19/2815 18/73/2815 19/20/2815
f 20/22/2816 19/4656/2816 18/23/2816
f 17/25/2817 21/4657/2817 19/26/2817
f 22/28/2818 25/78/2818 26/29/2818
f 23/31/2819 27/76/2819 26/32/2819
f 28/34/2820 26/4658/2820 27/35/2820
f 29/37/2821 32/81/2821 33/38/2821
f 34/40/2822 33/4659/2822 32/41/2822
f 31/43/2823 35/85/2823 33/44/2823
f 36/46/2824 39/86/2824 40/47/2824
f 37/49/2825 41/83/2825 40/50/2825
f 42/52/2826 40/4660/2826 41/53/2826
f 43/55/2827 46/77/2827 47/56/2827
f 44/58/2828 48/80/2828 47/59/2828
f 49/61/2829 47/4661/2829 48/62/2829
f 50/64/2830 53/82/2830 54/65/2830
f 55/67/2831 54/4662/2831 53/68/2831
f 52/70/2832 56/79/2832 54/71/2832
f 15/19/25 1/1/25 7/3/25
f 7/7/2833 3/9/2833 16/24/2833
f 2/4/27 8/10/27 14/12/27
f 14/16/2834 10/18/2834 3/9/2834
f 22/28/29 28/30/29 13/75/29
f 28/34/30 24/36/30 10/18/30
f 23/31/31 17/25/31 20/27/31
f 27/35/2835 20/22/2835 16/24/2835
f 15/19/2836 21/21/2836 46/77/2836
f 46/60/34 21/4657/34 17/25/34
f 50/64/35 56/66/35 25/78/35
f 56/79/36 52/70/36 23/31/36
f 45/63/37 48/62/37 55/67/37
f 48/80/38 44/58/38 52/70/38
f 29/37/39 43/55/39 49/57/39
f 49/61/40 45/63/40 30/42/40
f 36/46/41 42/48/41 53/82/41
f 53/68/2837 42/52/2837 38/54/2837
f 31/43/43 34/45/43 41/83/43
f 34/40/44 30/42/44 38/54/44
f 29/37/45 35/39/45 4/84/45
f 35/85/2838 31/43/2838 2/4/2838
f 9/13/2839 11/15/2839 39/86/2839
f 11/87/2840 8/10/2840 37/49/2840
f 43/55/49 29/37/49 1/1/49
f 10/18/50 24/36/50 16/24/50
f 31/43/51 37/49/51 8/10/51
f 22/28/52 9/13/52 36/46/52
f 23/31/53 52/70/53 44/58/53
f 45/63/54 51/69/54 38/54/54
f 57/88/2841 60/176/2841 61/89/2841
f 58/91/2842 62/162/2842 61/92/2842
f 59/94/2843 63/161/2843 61/95/2843
f 64/97/2844 67/179/2844 68/98/2844
f 65/100/2845 69/163/2845 68/101/2845
f 66/103/2846 70/4663/2846 68/104/2846
f 71/106/2847 74/160/2847 75/107/2847
f 72/109/2848 76/4664/2848 75/110/2848
f 73/112/2849 77/167/2849 75/113/2849
f 78/115/2850 81/168/2850 82/116/2850
f 79/118/2851 83/165/2851 82/119/2851
f 80/121/2852 84/164/2852 82/122/2852
f 85/124/2853 88/170/2853 89/125/2853
f 86/127/2854 90/175/2854 89/128/2854
f 87/130/2855 91/177/2855 89/131/2855
f 92/133/2856 95/178/2856 96/134/2856
f 93/136/2857 97/174/2857 96/137/2857
f 94/139/2858 98/173/2858 96/140/2858
f 99/142/2859 102/166/2859 103/143/2859
f 100/145/2860 104/4665/2860 103/146/2860
f 101/148/2861 105/171/2861 103/149/2861
f 106/151/2862 109/172/2862 110/152/2862
f 107/154/2863 111/169/2863 110/155/2863
f 108/157/2864 112/4666/2864 110/158/2864
f 57/88/79 63/90/79 74/160/79
f 63/161/80 59/94/80 72/109/80
f 64/97/81 70/99/81 62/162/81
f 62/96/2865 70/4663/2865 66/103/2865
f 78/115/83 84/117/83 69/163/83
f 84/164/84 80/121/84 66/103/84
f 73/112/85 76/114/85 83/165/85
f 83/123/2866 76/4664/2866 72/109/2866
f 99/142/87 71/106/87 77/108/87
f 77/167/88 73/112/88 100/145/88
f 106/151/89 112/153/89 81/168/89
f 81/120/2867 112/4666/2867 108/157/2867
f 107/154/91 101/148/91 104/150/91
f 111/159/92 104/4665/92 100/145/92
f 99/142/93 105/144/93 88/170/93
f 105/171/94 101/148/94 86/127/94
f 106/151/95 92/133/95 98/135/95
f 98/173/96 94/139/96 107/154/96
f 93/136/97 87/130/97 90/132/97
f 90/175/2868 86/127/2868 94/139/2868
f 85/124/99 91/126/99 60/176/99
f 91/177/2869 87/130/2869 58/91/2869
f 92/133/101 65/100/101 67/102/101
f 67/179/102 64/97/102 93/136/102
f 99/142/103 85/124/103 57/88/103
f 59/94/104 66/103/104 80/121/104
f 93/136/105 64/97/105 58/91/105
f 78/115/106 65/100/106 92/133/106
f 73/112/107 79/118/107 108/157/107
f 107/154/108 94/139/108 86/127/108
f 113/180/2870 116/269/2870 117/181/2870
f 114/183/2871 118/254/2871 117/184/2871
f 115/186/2872 119/253/2872 117/187/2872
f 120/189/2873 123/272/2873 124/190/2873
f 121/192/2874 125/256/2874 124/193/2874
f 122/195/2875 126/255/2875 124/196/2875
f 127/198/2876 130/252/2876 131/199/2876
f 128/201/2877 132/4667/2877 131/202/2877
f 129/204/2878 133/260/2878 131/205/2878
f 134/207/2879 137/261/2879 138/208/2879
f 135/210/2880 139/258/2880 138/211/2880
f 136/213/2881 140/257/2881 138/214/2881
f 141/216/2882 144/264/2882 145/217/2882
f 142/219/2883 146/268/2883 145/220/2883
f 143/222/2884 147/270/2884 145/223/2884
f 148/225/2885 151/271/2885 152/226/2885
f 149/228/2886 153/267/2886 152/229/2886
f 150/231/2887 154/4668/2887 152/232/2887
f 155/234/2888 158/259/2888 159/235/2888
f 156/237/2889 160/263/2889 159/238/2889
f 157/240/2890 161/265/2890 159/241/2890
f 162/243/2891 165/266/2891 166/244/2891
f 163/246/2892 167/262/2892 166/247/2892
f 164/249/2893 168/4669/2893 166/250/2893
f 113/180/133 119/182/133 130/252/133
f 119/253/134 115/186/134 128/201/134
f 114/183/135 120/189/135 126/191/135
f 126/255/2894 122/195/2894 115/186/2894
f 121/192/137 134/207/137 140/209/137
f 140/257/138 136/213/138 122/195/138
f 129/204/139 132/206/139 139/258/139
f 139/215/2895 132/4667/2895 128/201/2895
f 127/198/141 133/200/141 158/259/141
f 133/260/142 129/204/142 156/237/142
f 162/243/143 168/245/143 137/261/143
f 137/212/144 168/4669/144 164/249/144
f 157/240/2896 160/242/2896 167/262/2896
f 160/263/146 156/237/146 164/249/146
f 141/216/147 155/234/147 161/236/147
f 161/265/148 157/240/148 142/219/148
f 148/225/149 154/227/149 165/266/149
f 165/248/150 154/4668/150 150/231/150
f 143/222/151 146/224/151 153/267/151
f 146/268/152 142/219/152 150/231/152
f 141/216/153 147/218/153 116/269/153
f 147/270/2897 143/222/2897 114/183/2897
f 121/192/155 123/194/155 151/271/155
f 123/272/156 120/189/156 149/228/156
f 155/234/157 141/216/157 113/180/157
f 115/186/158 122/195/158 136/213/158
f 149/228/159 120/189/159 114/183/159
f 162/243/160 134/207/160 121/192/160
f 135/210/161 164/249/161 156/237/161
f 163/246/162 150/231/162 142/219/162
f 169/273/2898 172/361/2898 173/274/2898
f 170/276/2899 174/347/2899 173/277/2899
f 171/279/2900 175/346/2900 173/280/2900
f 176/282/2901 179/364/2901 180/283/2901
f 177/285/2902 181/349/2902 180/286/2902
f 178/288/2903 182/348/2903 180/289/2903
f 183/291/2904 186/345/2904 187/292/2904
f 184/294/2905 188/351/2905 187/295/2905
f 185/297/2906 189/4670/2906 187/298/2906
f 190/300/2907 193/353/2907 194/301/2907
f 191/303/2908 195/350/2908 194/304/2908
f 192/306/2909 196/4671/2909 194/307/2909
f 197/309/2910 200/356/2910 201/310/2910
f 198/312/2911 202/4672/2911 201/313/2911
f 199/315/2912 203/362/2912 201/316/2912
f 204/318/2913 207/363/2913 208/319/2913
f 205/321/2914 209/360/2914 208/322/2914
f 206/324/2915 210/359/2915 208/325/2915
f 211/327/2916 214/352/2916 215/328/2916
f 212/330/2917 216/4673/2917 215/331/2917
f 213/333/2918 217/357/2918 215/334/2918
f 218/336/2919 221/358/2919 222/337/2919
f 219/339/2920 223/355/2920 222/340/2920
f 220/342/2921 224/354/2921 222/343/2921
f 169/273/187 175/275/187 186/345/187
f 175/346/188 171/279/188 184/294/188
f 170/276/189 176/282/189 182/284/189
f 182/348/190 178/288/190 171/279/190
f 190/300/191 196/302/191 181/349/191
f 181/290/192 196/4671/192 192/306/192
f 185/297/193 188/299/193 195/350/193
f 188/351/194 184/294/194 192/306/194
f 211/327/195 183/291/195 189/293/195
f 214/332/196 189/4670/196 185/297/196
f 218/336/197 224/338/197 193/353/197
f 224/354/198 220/342/198 191/303/198
f 213/333/2922 216/335/2922 223/355/2922
f 223/344/200 216/4673/200 212/330/200
f 197/309/201 211/327/201 217/329/201
f 217/357/202 213/333/202 198/312/202
f 218/336/203 204/318/203 210/320/203
f 210/359/2923 206/324/2923 219/339/2923
f 199/315/2924 202/317/2924 209/360/2924
f 209/326/206 202/4672/206 198/312/206
f 197/309/207 203/311/207 172/361/207
f 203/362/208 199/315/208 170/276/208
f 204/318/2925 177/285/2925 179/287/2925
f 179/364/2926 176/282/2926 205/321/2926
f 211/327/211 197/309/211 169/273/211
f 178/288/212 192/306/212 184/294/212
f 205/321/213 176/282/213 170/276/213
f 190/300/214 177/285/214 204/318/214
f 191/303/215 220/342/215 212/330/215
f 213/333/216 219/339/216 206/324/216
f 225/365/2927 228/455/2927 229/366/2927
f 226/368/2928 230/439/2928 229/369/2928
f 227/371/2929 231/438/2929 229/372/2929
f 232/374/2930 235/457/2930 236/375/2930
f 233/377/2931 237/441/2931 236/378/2931
f 234/380/2932 238/440/2932 236/381/2932
f 239/383/2933 242/437/2933 243/384/2933
f 240/386/2934 244/444/2934 243/387/2934
f 241/389/2935 245/4674/2935 243/390/2935
f 246/392/2936 249/446/2936 250/393/2936
f 247/395/2937 251/443/2937 250/396/2937
f 248/398/2938 252/442/2938 250/399/2938
f 253/401/2939 256/450/2939 257/402/2939
f 254/404/2940 258/4675/2940 257/405/2940
f 255/407/2941 259/4676/2941 257/408/2941
f 260/410/2942 263/456/2942 264/411/2942
f 261/413/2943 265/454/2943 264/414/2943
f 262/416/2944 266/453/2944 264/417/2944
f 267/419/2945 270/445/2945 271/420/2945
f 268/422/2946 272/449/2946 271/423/2946
f 269/425/2947 273/451/2947 271/426/2947
f 274/428/2948 277/452/2948 278/429/2948
f 275/431/2949 279/448/2949 278/432/2949
f 276/434/2950 280/447/2950 278/435/2950
f 225/365/241 231/367/241 242/437/241
f 231/438/242 227/371/242 240/386/242
f 226/368/243 232/374/243 238/376/243
f 238/440/2951 234/380/2951 227/371/2951
f 246/392/245 252/394/245 237/441/245
f 252/442/2952 248/398/2952 234/380/2952
f 247/395/247 241/389/247 244/391/247
f 244/444/248 240/386/248 248/398/248
f 239/383/249 245/385/249 270/445/249
f 270/424/250 245/4674/250 241/389/250
f 274/428/251 280/430/251 249/446/251
f 280/447/252 276/434/252 247/395/252
f 275/431/2953 269/425/2953 272/427/2953
f 272/449/254 268/422/254 276/434/254
f 253/401/255 267/419/255 273/421/255
f 273/451/2954 269/425/2954 254/404/2954
f 260/410/257 266/412/257 277/452/257
f 266/453/258 262/416/258 275/431/258
f 255/407/259 258/409/259 265/454/259
f 265/418/2955 258/4675/2955 254/404/2955
f 253/401/261 259/403/261 228/455/261
f 228/370/262 259/4676/262 255/407/262
f 233/377/263 235/379/263 263/456/263
f 235/457/2956 232/374/2956 261/413/2956
f 239/383/265 267/419/265 253/401/265
f 234/380/266 248/398/266 240/386/266
f 255/407/267 261/413/267 232/374/267
f 274/428/268 246/392/268 233/377/268
f 241/389/269 247/395/269 276/434/269
f 275/431/270 262/416/270 254/404/270
f 281/458/2957 284/540/2957 285/459/2957
f 282/461/2958 286/531/2958 285/462/2958
f 287/464/2959 285/4677/2959 286/465/2959
f 288/467/2960 291/543/2960 292/468/2960
f 289/470/2961 293/532/2961 292/471/2961
f 294/473/2962 292/4678/2962 293/474/2962
f 295/476/2963 298/530/2963 299/477/2963
f 300/479/2964 299/4679/2964 298/480/2964
f 297/482/2965 301/535/2965 299/483/2965
f 302/485/2966 305/536/2966 306/486/2966
f 303/488/2967 307/533/2967 306/489/2967
f 308/491/2968 306/4680/2968 307/492/2968
f 309/494/2969 312/537/2969 313/495/2969
f 314/497/2970 313/4681/2970 312/498/2970
f 311/500/2971 315/541/2971 313/501/2971
f 316/503/2972 319/542/2972 320/504/2972
f 317/506/2973 321/539/2973 320/507/2973
f 322/509/2974 320/4682/2974 321/510/2974
f 323/512/2975 326/534/2975 327/513/2975
f 324/515/2976 328/4683/2976 327/516/2976
f 329/518/2977 327/4684/2977 328/519/2977
f 330/521/2978 333/538/2978 334/522/2978
f 335/524/2979 334/4685/2979 333/525/2979
f 332/527/2980 336/4686/2980 334/528/2980
f 281/458/295 287/460/295 298/530/295
f 287/464/2981 283/466/2981 296/481/2981
f 288/467/297 294/469/297 286/531/297
f 294/473/2982 290/475/2982 283/466/2982
f 302/485/299 308/487/299 293/532/299
f 293/474/300 308/491/300 304/493/300
f 297/482/2983 300/484/2983 307/533/2983
f 300/479/2984 296/481/2984 304/493/2984
f 295/476/2985 301/478/2985 326/534/2985
f 301/535/304 297/482/304 324/515/304
f 330/521/2986 336/523/2986 305/536/2986
f 305/490/2987 336/4686/2987 332/527/2987
f 331/526/307 325/520/307 328/519/307
f 335/529/308 328/4683/308 324/515/308
f 323/512/309 329/514/309 312/537/309
f 329/518/310 325/520/310 310/499/310
f 316/503/311 322/505/311 333/538/311
f 322/509/312 318/511/312 331/526/312
f 311/500/2988 314/502/2988 321/539/2988
f 314/497/2989 310/499/2989 318/511/2989
f 309/494/315 315/496/315 284/540/315
f 315/541/2990 311/500/2990 282/461/2990
f 289/470/2991 291/472/2991 319/542/2991
f 291/543/318 288/467/318 317/506/318
f 295/476/319 323/512/319 309/494/319
f 290/475/320 304/493/320 296/481/320
f 311/500/321 317/506/321 288/467/321
f 302/485/322 289/470/322 316/503/322
f 297/482/323 303/488/323 332/527/323
f 331/526/324 318/511/324 310/499/324
f 337/544/2992 340/632/2992 341/545/2992
f 338/547/2993 342/618/2993 341/548/2993
f 339/550/2994 343/617/2994 341/551/2994
f 344/553/2995 347/634/2995 348/554/2995
f 345/556/2996 349/620/2996 348/557/2996
f 346/559/2997 350/619/2997 348/560/2997
f 351/562/2998 354/616/2998 355/563/2998
f 352/565/2999 356/622/2999 355/566/2999
f 353/568/3000 357/4687/3000 355/569/3000
f 358/571/3001 361/624/3001 362/572/3001
f 359/574/3002 363/621/3002 362/575/3002
f 360/577/3003 364/4688/3003 362/578/3003
f 365/580/3004 368/627/3004 369/581/3004
f 366/583/3005 370/4689/3005 369/584/3005
f 367/586/3006 371/4690/3006 369/587/3006
f 372/589/3007 375/633/3007 376/590/3007
f 373/592/3008 377/631/3008 376/593/3008
f 374/595/3009 378/630/3009 376/596/3009
f 379/598/3010 382/623/3010 383/599/3010
f 380/601/3011 384/626/3011 383/602/3011
f 381/604/3012 385/628/3012 383/605/3012
f 386/607/3013 389/629/3013 390/608/3013
f 387/610/3014 391/625/3014 390/611/3014
f 388/613/3015 392/4691/3015 390/614/3015
f 337/544/349 343/546/349 354/616/349
f 343/617/350 339/550/350 352/565/350
f 338/547/351 344/553/351 350/555/351
f 350/619/352 346/559/352 339/550/352
f 345/556/353 358/571/353 364/573/353
f 349/561/354 364/4688/354 360/577/354
f 353/568/355 356/570/355 363/621/355
f 356/622/356 352/565/356 360/577/356
f 351/562/357 357/564/357 382/623/357
f 382/603/3016 357/4687/3016 353/568/3016
f 386/607/359 392/609/359 361/624/359
f 361/576/360 392/4691/360 388/613/360
f 381/604/3017 384/606/3017 391/625/3017
f 384/626/3018 380/601/3018 388/613/3018
f 379/598/363 385/600/363 368/627/363
f 385/628/364 381/604/364 366/583/364
f 372/589/365 378/591/365 389/629/365
f 378/630/3019 374/595/3019 387/610/3019
f 367/586/3020 370/588/3020 377/631/3020
f 377/597/3021 370/4689/3021 366/583/3021
f 337/544/3022 365/580/3022 371/582/3022
f 340/549/370 371/4690/370 367/586/370
f 345/556/371 347/558/371 375/633/371
f 347/634/372 344/553/372 373/592/372
f 379/598/373 365/580/373 337/544/373
f 346/559/374 360/577/374 352/565/374
f 373/592/375 344/553/375 338/547/375
f 358/571/376 345/556/376 372/589/376
f 353/568/377 359/574/377 388/613/377
f 387/610/378 374/595/378 366/583/378
f 393/635/3023 396/725/3023 397/636/3023
f 394/638/3024 398/708/3024 397/639/3024
f 395/641/3025 399/4692/3025 397/642/3025
f 400/644/3026 403/727/3026 404/645/3026
f 401/647/3027 405/710/3027 404/648/3027
f 402/650/3028 406/709/3028 404/651/3028
f 407/653/3029 410/707/3029 411/654/3029
f 408/656/3030 412/712/3030 411/657/3030
f 409/659/3031 413/714/3031 411/660/3031
f 414/662/3032 417/715/3032 418/663/3032
f 415/665/3033 419/711/3033 418/666/3033
f 416/668/3034 420/4693/3034 418/669/3034
f 421/671/3035 424/719/3035 425/672/3035
f 422/674/3036 426/724/3036 425/675/3036
f 423/677/3037 427/4694/3037 425/678/3037
f 428/680/3038 431/726/3038 432/681/3038
f 429/683/3039 433/723/3039 432/684/3039
f 430/686/3040 434/722/3040 432/687/3040
f 435/689/3041 438/713/3041 439/690/3041
f 436/692/3042 440/718/3042 439/693/3042
f 437/695/3043 441/720/3043 439/696/3043
f 442/698/3044 445/721/3044 446/699/3044
f 443/701/3045 447/717/3045 446/702/3045
f 444/704/3046 448/716/3046 446/705/3046
f 393/635/403 399/637/403 410/707/403
f 410/658/404 399/4692/404 395/641/404
f 400/644/3047 406/646/3047 398/708/3047
f 406/709/406 402/650/406 395/641/406
f 414/662/407 420/664/407 405/710/407
f 405/652/3048 420/4693/3048 416/668/3048
f 409/659/409 412/661/409 419/711/409
f 412/712/410 408/656/410 416/668/410
f 407/653/411 413/655/411 438/713/411
f 413/714/412 409/659/412 436/692/412
f 442/698/3049 448/700/3049 417/715/3049
f 448/716/3050 444/704/3050 415/665/3050
f 437/695/415 440/697/415 447/717/415
f 440/718/3051 436/692/3051 444/704/3051
f 421/671/417 435/689/417 441/691/417
f 441/720/3052 437/695/3052 422/674/3052
f 428/680/419 434/682/419 445/721/419
f 434/722/420 430/686/420 443/701/420
f 429/683/421 423/677/421 426/679/421
f 426/724/422 422/674/422 430/686/422
f 393/635/3053 421/671/3053 427/673/3053
f 396/640/424 427/4694/424 423/677/424
f 428/680/425 401/647/425 403/649/425
f 403/727/426 400/644/426 429/683/426
f 435/689/427 421/671/427 393/635/427
f 395/641/428 402/650/428 416/668/428
f 429/683/429 400/644/429 394/638/429
f 414/662/430 401/647/430 428/680/430
f 415/665/431 444/704/431 436/692/431
f 443/701/432 430/686/432 422/674/432
f 449/728/3054 452/817/3054 453/729/3054
f 450/731/3055 454/802/3055 453/732/3055
f 451/734/3056 455/801/3056 453/735/3056
f 456/737/3057 459/4695/3057 460/738/3057
f 457/740/3058 461/804/3058 460/741/3058
f 458/743/3059 462/803/3059 460/744/3059
f 463/746/3060 466/800/3060 467/747/3060
f 464/749/3061 468/4696/3061 467/750/3061
f 465/752/3062 469/807/3062 467/753/3062
f 470/755/3063 473/808/3063 474/756/3063
f 471/758/3064 475/805/3064 474/759/3064
f 472/761/3065 476/4697/3065 474/762/3065
f 477/764/3066 480/811/3066 481/765/3066
f 478/767/3067 482/816/3067 481/768/3067
f 479/770/3068 483/818/3068 481/771/3068
f 484/773/3069 487/819/3069 488/774/3069
f 485/776/3070 489/815/3070 488/777/3070
f 486/779/3071 490/814/3071 488/780/3071
f 491/782/3072 494/806/3072 495/783/3072
f 492/785/3073 496/4698/3073 495/786/3073
f 493/788/3074 497/812/3074 495/789/3074
f 498/791/3075 501/813/3075 502/792/3075
f 499/794/3076 503/810/3076 502/795/3076
f 500/797/3077 504/809/3077 502/798/3077
f 463/746/457 449/728/457 455/730/457
f 455/801/458 451/734/458 464/749/458
f 456/737/459 462/739/459 454/802/459
f 462/803/3078 458/743/3078 451/734/3078
f 470/755/461 476/757/461 461/804/461
f 461/745/3079 476/4697/3079 472/761/3079
f 465/752/463 468/754/463 475/805/463
f 475/763/3080 468/4696/3080 464/749/3080
f 463/746/3081 469/748/3081 494/806/3081
f 469/807/3082 465/752/3082 492/785/3082
f 498/791/467 504/793/467 473/808/467
f 504/809/468 500/797/468 471/758/468
f 493/788/469 496/790/469 503/810/469
f 503/799/470 496/4698/470 492/785/470
f 477/764/471 491/782/471 497/784/471
f 497/812/472 493/788/472 478/767/472
f 498/791/473 484/773/473 490/775/473
f 490/814/474 486/779/474 499/794/474
f 485/776/475 479/770/475 482/772/475
f 482/816/3083 478/767/3083 486/779/3083
f 477/764/3084 483/766/3084 452/817/3084
f 483/818/478 479/770/478 450/731/478
f 457/740/3085 459/742/3085 487/819/3085
f 487/778/3086 459/4695/3086 456/737/3086
f 463/746/481 491/782/481 477/764/481
f 458/743/482 472/761/482 464/749/482
f 485/776/483 456/737/483 450/731/483
f 470/755/484 457/740/484 484/773/484
f 471/758/485 500/797/485 492/785/485
f 499/794/486 486/779/486 478/767/486
f 505/820/3087 508/908/3087 509/821/3087
f 506/823/3088 510/894/3088 509/824/3088
f 507/826/3089 511/893/3089 509/827/3089
f 512/829/3090 515/910/3090 516/830/3090
f 513/832/3091 517/896/3091 516/833/3091
f 514/835/3092 518/895/3092 516/836/3092
f 519/838/3093 522/892/3093 523/839/3093
f 520/841/3094 524/4699/3094 523/842/3094
f 521/844/3095 525/4700/3095 523/845/3095
f 526/847/3096 529/900/3096 530/848/3096
f 527/850/3097 531/898/3097 530/851/3097
f 528/853/3098 532/897/3098 530/854/3098
f 533/856/3099 536/904/3099 537/857/3099
f 534/859/3100 538/907/3100 537/860/3100
f 535/862/3101 539/4701/3101 537/863/3101
f 540/865/3102 543/909/3102 544/866/3102
f 541/868/3103 545/906/3103 544/869/3103
f 542/871/3104 546/4702/3104 544/872/3104
f 547/874/3105 550/899/3105 551/875/3105
f 548/877/3106 552/903/3106 551/878/3106
f 549/880/3107 553/4703/3107 551/881/3107
f 554/883/3108 557/905/3108 558/884/3108
f 555/886/3109 559/902/3109 558/887/3109
f 556/889/3110 560/901/3110 558/890/3110
f 505/820/511 511/822/511 522/892/511
f 511/893/3111 507/826/3111 520/841/3111
f 512/829/3112 518/831/3112 510/894/3112
f 518/895/514 514/835/514 507/826/514
f 526/847/515 532/849/515 517/896/515
f 532/897/3113 528/853/3113 514/835/3113
f 521/844/517 524/846/517 531/898/517
f 531/855/3114 524/4699/3114 520/841/3114
f 519/838/519 525/840/519 550/899/519
f 550/879/520 525/4700/520 521/844/520
f 526/847/521 554/883/521 560/885/521
f 560/901/3115 556/889/3115 527/850/3115
f 549/880/3116 552/882/3116 559/902/3116
f 552/903/3117 548/877/3117 556/889/3117
f 547/874/525 553/876/525 536/904/525
f 536/861/526 553/4703/526 549/880/526
f 540/865/527 546/867/527 557/905/527
f 557/888/528 546/4702/528 542/871/528
f 535/862/529 538/864/529 545/906/529
f 538/907/530 534/859/530 542/871/530
f 533/856/531 539/858/531 508/908/531
f 508/825/532 539/4701/532 535/862/532
f 540/865/533 513/832/533 515/834/533
f 515/910/534 512/829/534 541/868/534
f 547/874/535 533/856/535 505/820/535
f 514/835/536 528/853/536 520/841/536
f 541/868/537 512/829/537 506/823/537
f 526/847/538 513/832/538 540/865/538
f 527/850/539 556/889/539 548/877/539
f 555/886/540 542/871/540 534/859/540
f 561/911/3118 564/996/3118 565/912/3118
f 566/914/3119 565/4704/3119 564/915/3119
f 563/917/3120 567/984/3120 565/918/3120
f 571/920/3121 572/4705/3121 574/921/3121
f 569/923/3122 573/986/3122 572/924/3122
f 570/926/3123 574/985/3123 572/927/3123
f 575/929/3124 578/983/3124 579/930/3124
f 576/932/3125 580/988/3125 579/933/3125
f 581/935/3126 579/4706/3126 580/936/3126
f 582/938/3127 585/990/3127 586/939/3127
f 587/941/3128 586/4707/3128 585/942/3128
f 584/944/3129 588/987/3129 586/945/3129
f 589/947/3130 592/992/3130 593/948/3130
f 590/950/3131 594/4708/3131 593/951/3131
f 595/953/3132 593/4709/3132 594/954/3132
f 596/956/3133 599/997/3133 600/957/3133
f 601/959/3134 600/4710/3134 599/960/3134
f 598/962/3135 602/995/3135 600/963/3135
f 603/965/3136 606/989/3136 607/966/3136
f 608/968/3137 607/4711/3137 606/969/3137
f 605/971/3138 609/993/3138 607/972/3138
f 610/974/3139 613/994/3139 614/975/3139
f 611/977/3140 615/991/3140 614/978/3140
f 616/980/3141 614/4712/3141 615/981/3141
f 561/911/565 567/913/565 578/983/565
f 567/984/566 563/917/566 576/932/566
f 568/922/3142 574/921/3142 566/914/3142
f 574/985/568 570/926/568 563/917/568
f 569/923/569 582/938/569 588/940/569
f 588/987/570 584/944/570 570/926/570
f 577/937/3143 580/936/3143 587/941/3143
f 580/988/3144 576/932/3144 584/944/3144
f 603/965/573 575/929/573 581/931/573
f 581/935/574 577/937/574 604/970/574
f 610/974/575 616/976/575 585/990/575
f 585/942/576 616/980/576 612/982/576
f 611/977/577 605/971/577 608/973/577
f 608/968/3145 604/970/3145 612/982/3145
f 603/965/579 609/967/579 592/992/579
f 609/993/580 605/971/580 590/950/580
f 610/974/3146 596/956/3146 602/958/3146
f 602/995/582 598/962/582 611/977/582
f 591/955/583 594/954/583 601/959/583
f 601/964/584 594/4708/584 590/950/584
f 561/911/585 589/947/585 595/949/585
f 564/915/586 595/953/586 591/955/586
f 569/923/587 571/925/587 599/997/587
f 599/960/588 571/920/588 568/922/588
f 603/965/589 589/947/589 561/911/589
f 570/926/590 584/944/590 576/932/590
f 597/961/591 568/922/591 562/916/591
f 610/974/592 582/938/592 569/923/592
f 583/943/593 612/982/593 604/970/593
f 605/971/594 611/977/594 598/962/594
f 617/998/3147 620/1085/3147 621/999/3147
f 618/1001/3148 622/1071/3148 621/1002/3148
f 619/1004/3149 623/4713/3149 621/1005/3149
f 624/1007/3150 627/4714/3150 628/1008/3150
f 625/1010/3151 629/1072/3151 628/1011/3151
f 626/1013/3152 630/4715/3152 628/1014/3152
f 631/1016/3153 634/1070/3153 635/1017/3153
f 632/1019/3154 636/4716/3154 635/1020/3154
f 633/1022/3155 637/4717/3155 635/1023/3155
f 638/1025/3156 641/1076/3156 642/1026/3156
f 639/1028/3157 643/1074/3157 642/1029/3157
f 640/1031/3158 644/1073/3158 642/1032/3158
f 645/1034/3159 648/1080/3159 649/1035/3159
f 646/1037/3160 650/1084/3160 649/1038/3160
f 647/1040/3161 651/1086/3161 649/1041/3161
f 652/1043/3162 655/1087/3162 656/1044/3162
f 653/1046/3163 657/1083/3163 656/1047/3163
f 654/1049/3164 658/1082/3164 656/1050/3164
f 659/1052/3165 662/1075/3165 663/1053/3165
f 660/1055/3166 664/1079/3166 663/1056/3166
f 661/1058/3167 665/4718/3167 663/1059/3167
f 666/1061/3168 669/1081/3168 670/1062/3168
f 667/1064/3169 671/1078/3169 670/1065/3169
f 668/1067/3170 672/1077/3170 670/1068/3170
f 631/1016/619 617/998/619 623/1000/619
f 634/1021/620 623/4713/620 619/1004/620
f 618/1001/621 624/1007/621 630/1009/621
f 622/1006/3171 630/4715/3171 626/1013/3171
f 625/1010/623 638/1025/623 644/1027/623
f 644/1073/3172 640/1031/3172 626/1013/3172
f 633/1022/625 636/1024/625 643/1074/625
f 643/1033/626 636/4716/626 632/1019/626
f 631/1016/627 637/1018/627 662/1075/627
f 662/1057/628 637/4717/628 633/1022/628
f 638/1025/629 666/1061/629 672/1063/629
f 672/1077/630 668/1067/630 639/1028/630
f 661/1058/631 664/1060/631 671/1078/631
f 664/1079/632 660/1055/632 668/1067/632
f 659/1052/633 665/1054/633 648/1080/633
f 648/1039/634 665/4718/634 661/1058/634
f 652/1043/635 658/1045/635 669/1081/635
f 658/1082/636 654/1049/636 667/1064/636
f 647/1040/637 650/1042/637 657/1083/637
f 650/1084/638 646/1037/638 654/1049/638
f 617/998/639 645/1034/639 651/1036/639
f 651/1086/640 647/1040/640 618/1001/640
f 652/1043/641 625/1010/641 627/1012/641
f 655/1048/642 627/4714/642 624/1007/642
f 659/1052/643 645/1034/643 617/998/643
f 619/1004/644 626/1013/644 640/1031/644
f 647/1040/645 653/1046/645 624/1007/645
f 638/1025/646 625/1010/646 652/1043/646
f 639/1028/647 668/1067/647 660/1055/647
f 661/1058/648 667/1064/648 654/1049/648
f 673/1088/3173 676/1180/3173 677/1089/3173
f 674/1091/3174 678/1162/3174 677/1092/3174
f 675/1094/3175 679/1161/3175 677/1095/3175
f 680/1097/3176 683/1182/3176 684/1098/3176
f 681/1100/3177 685/1164/3177 684/1101/3177
f 682/1103/3178 686/1163/3178 684/1104/3178
f 687/1106/3179 690/1160/3179 691/1107/3179
f 688/1109/3180 692/1167/3180 691/1110/3180
f 689/1112/3181 693/1169/3181 691/1113/3181
f 694/1115/3182 697/1170/3182 698/1116/3182
f 695/1118/3183 699/1166/3183 698/1119/3183
f 696/1121/3184 700/1165/3184 698/1122/3184
f 701/1124/3185 704/1174/3185 705/1125/3185
f 702/1127/3186 706/1179/3186 705/1128/3186
f 703/1130/3187 707/4719/3187 705/1131/3187
f 708/1133/3188 711/1181/3188 712/1134/3188
f 709/1136/3189 713/1178/3189 712/1137/3189
f 710/1139/3190 714/1177/3190 712/1140/3190
f 715/1142/3191 718/1168/3191 719/1143/3191
f 716/1145/3192 720/1173/3192 719/1146/3192
f 717/1148/3193 721/1175/3193 719/1149/3193
f 722/1151/3194 725/1176/3194 726/1152/3194
f 723/1154/3195 727/1172/3195 726/1155/3195
f 724/1157/3196 728/1171/3196 726/1158/3196
f 687/1106/673 673/1088/673 679/1090/673
f 679/1161/674 675/1094/674 688/1109/674
f 674/1091/675 680/1097/675 686/1099/675
f 686/1163/676 682/1103/676 675/1094/676
f 694/1115/677 700/1117/677 685/1164/677
f 700/1165/678 696/1121/678 682/1103/678
f 689/1112/3197 692/1114/3197 699/1166/3197
f 692/1167/3198 688/1109/3198 696/1121/3198
f 687/1106/681 693/1108/681 718/1168/681
f 693/1169/682 689/1112/682 716/1145/682
f 722/1151/683 728/1153/683 697/1170/683
f 728/1171/684 724/1157/684 695/1118/684
f 717/1148/3199 720/1150/3199 727/1172/3199
f 720/1173/686 716/1145/686 724/1157/686
f 701/1124/687 715/1142/687 721/1144/687
f 721/1175/688 717/1148/688 702/1127/688
f 708/1133/689 714/1135/689 725/1176/689
f 714/1177/690 710/1139/690 723/1154/690
f 703/1130/3200 706/1132/3200 713/1178/3200
f 706/1179/3201 702/1127/3201 710/1139/3201
f 701/1124/693 707/1126/693 676/1180/693
f 676/1093/3202 707/4719/3202 703/1130/3202
f 708/1133/695 681/1100/695 683/1102/695
f 683/1182/696 680/1097/696 709/1136/696
f 687/1106/697 715/1142/697 701/1124/697
f 675/1094/698 682/1103/698 696/1121/698
f 709/1136/699 680/1097/699 674/1091/699
f 694/1115/700 681/1100/700 708/1133/700
f 695/1118/701 724/1157/701 716/1145/701
f 723/1154/702 710/1139/702 702/1127/702
f 729/1183/3203 732/1267/3203 733/1184/3203
f 734/1186/3204 733/4720/3204 732/1187/3204
f 731/1189/3205 735/1256/3205 733/1190/3205
f 739/1192/3206 740/4721/3206 742/1193/3206
f 737/1195/3207 741/1258/3207 740/1196/3207
f 738/1198/3208 742/1257/3208 740/1199/3208
f 743/1201/3209 746/1255/3209 747/1202/3209
f 744/1204/3210 748/1260/3210 747/1205/3210
f 749/1207/3211 747/4722/3211 748/1208/3211
f 750/1210/3212 753/1262/3212 754/1211/3212
f 755/1213/3213 754/4723/3213 753/1214/3213
f 752/1216/3214 756/1259/3214 754/1217/3214
f 757/1219/3215 760/1264/3215 761/1220/3215
f 758/1222/3216 762/1266/3216 761/1223/3216
f 763/1225/3217 761/4724/3217 762/1226/3217
f 764/1228/3218 767/1268/3218 768/1229/3218
f 769/1231/3219 768/4725/3219 767/1232/3219
f 766/1234/3220 770/4726/3220 768/1235/3220
f 771/1237/3221 774/1261/3221 775/1238/3221
f 776/1240/3222 775/4727/3222 774/1241/3222
f 773/1243/3223 777/4728/3223 775/1244/3223
f 778/1246/3224 781/1265/3224 782/1247/3224
f 779/1249/3225 783/1263/3225 782/1250/3225
f 784/1252/3226 782/4729/3226 783/1253/3226
f 729/1183/727 735/1185/727 746/1255/727
f 735/1256/728 731/1189/728 744/1204/728
f 730/1188/3227 736/1194/3227 742/1193/3227
f 742/1257/730 738/1198/730 731/1189/730
f 737/1195/3228 750/1210/3228 756/1212/3228
f 756/1259/3229 752/1216/3229 738/1198/3229
f 745/1209/3230 748/1208/3230 755/1213/3230
f 748/1260/734 744/1204/734 752/1216/734
f 743/1201/735 749/1203/735 774/1261/735
f 774/1241/736 749/1207/736 745/1209/736
f 778/1246/737 784/1248/737 753/1262/737
f 753/1214/738 784/1252/738 780/1254/738
f 779/1249/3231 773/1243/3231 776/1245/3231
f 776/1240/3232 772/1242/3232 780/1254/3232
f 771/1237/3233 777/1239/3233 760/1264/3233
f 760/1224/3234 777/4728/3234 773/1243/3234
f 778/1246/743 764/1228/743 770/1230/743
f 781/1251/3235 770/4726/3235 766/1234/3235
f 759/1227/3236 762/1226/3236 769/1231/3236
f 762/1266/746 758/1222/746 766/1234/746
f 729/1183/747 757/1219/747 763/1221/747
f 732/1187/748 763/1225/748 759/1227/748
f 764/1228/749 737/1195/749 739/1197/749
f 767/1232/750 739/1192/750 736/1194/750
f 771/1237/751 757/1219/751 729/1183/751
f 731/1189/752 738/1198/752 752/1216/752
f 759/1227/753 765/1233/753 736/1194/753
f 750/1210/754 737/1195/754 764/1228/754
f 751/1215/755 780/1254/755 772/1242/755
f 779/1249/756 766/1234/756 758/1222/756
f 785/1269/3237 788/1355/3237 789/1270/3237
f 786/1272/3238 790/1342/3238 789/1273/3238
f 787/1275/3239 791/4730/3239 789/1276/3239
f 792/1278/3240 795/4731/3240 796/1279/3240
f 793/1281/3241 797/1344/3241 796/1282/3241
f 794/1284/3242 798/1343/3242 796/1285/3242
f 799/1287/3243 802/1341/3243 803/1288/3243
f 800/1290/3244 804/4732/3244 803/1291/3244
f 801/1293/3245 805/1348/3245 803/1294/3245
f 806/1296/3246 809/1349/3246 810/1297/3246
f 807/1299/3247 811/1346/3247 810/1300/3247
f 808/1302/3248 812/1345/3248 810/1303/3248
f 813/1305/3249 816/1352/3249 817/1306/3249
f 814/1308/3250 818/4733/3250 817/1309/3250
f 815/1311/3251 819/1356/3251 817/1312/3251
f 820/1314/3252 823/1357/3252 824/1315/3252
f 821/1317/3253 825/1354/3253 824/1318/3253
f 822/1320/3254 826/4734/3254 824/1321/3254
f 827/1323/3255 830/1347/3255 831/1324/3255
f 828/1326/3256 832/4735/3256 831/1327/3256
f 829/1329/3257 833/4736/3257 831/1330/3257
f 834/1332/3258 837/1353/3258 838/1333/3258
f 835/1335/3259 839/1351/3259 838/1336/3259
f 836/1338/3260 840/1350/3260 838/1339/3260
f 785/1269/781 791/1271/781 802/1341/781
f 802/1292/782 791/4730/782 787/1275/782
f 792/1278/783 798/1280/783 790/1342/783
f 798/1343/3261 794/1284/3261 787/1275/3261
f 793/1281/3262 806/1296/3262 812/1298/3262
f 812/1345/786 808/1302/786 794/1284/786
f 801/1293/787 804/1295/787 811/1346/787
f 811/1304/788 804/4732/788 800/1290/788
f 827/1323/789 799/1287/789 805/1289/789
f 805/1348/790 801/1293/790 828/1326/790
f 806/1296/791 834/1332/791 840/1334/791
f 840/1350/792 836/1338/792 807/1299/792
f 829/1329/3263 832/1331/3263 839/1351/3263
f 839/1340/3264 832/4735/3264 828/1326/3264
f 813/1305/795 827/1323/795 833/1325/795
f 816/1310/796 833/4736/796 829/1329/796
f 820/1314/797 826/1316/797 837/1353/797
f 837/1337/798 826/4734/798 822/1320/798
f 821/1317/799 815/1311/799 818/1313/799
f 825/1322/3265 818/4733/3265 814/1308/3265
f 813/1305/801 819/1307/801 788/1355/801
f 819/1356/802 815/1311/802 786/1272/802
f 793/1281/803 795/1283/803 823/1357/803
f 823/1319/804 795/4731/804 792/1278/804
f 799/1287/805 827/1323/805 813/1305/805
f 787/1275/806 794/1284/806 808/1302/806
f 821/1317/807 792/1278/807 786/1272/807
f 834/1332/808 806/1296/808 793/1281/808
f 807/1299/809 836/1338/809 828/1326/809
f 829/1329/810 835/1335/810 822/1320/810
f 841/1358/3266 844/1445/3266 845/1359/3266
f 842/1361/3267 846/1432/3267 845/1362/3267
f 843/1364/3268 847/1431/3268 845/1365/3268
f 848/1367/3269 851/4737/3269 852/1368/3269
f 849/1370/3270 853/1433/3270 852/1371/3270
f 850/1373/3271 854/4738/3271 852/1374/3271
f 855/1376/3272 858/1430/3272 859/1377/3272
f 856/1379/3273 860/4739/3273 859/1380/3273
f 857/1382/3274 861/1437/3274 859/1383/3274
f 862/1385/3275 865/1438/3275 866/1386/3275
f 863/1388/3276 867/1435/3276 866/1389/3276
f 864/1391/3277 868/1434/3277 866/1392/3277
f 869/1394/3278 872/1441/3278 873/1395/3278
f 870/1397/3279 874/1444/3279 873/1398/3279
f 871/1400/3280 875/1446/3280 873/1401/3280
f 876/1403/3281 879/1447/3281 880/1404/3281
f 877/1406/3282 881/1443/3282 880/1407/3282
f 878/1409/3283 882/4740/3283 880/1410/3283
f 883/1412/3284 886/1436/3284 887/1413/3284
f 884/1415/3285 888/1440/3285 887/1416/3285
f 885/1418/3286 889/4741/3286 887/1419/3286
f 890/1421/3287 893/1442/3287 894/1422/3287
f 891/1424/3288 895/1439/3288 894/1425/3288
f 892/1427/3289 896/4742/3289 894/1428/3289
f 855/1376/835 841/1358/835 847/1360/835
f 847/1431/3290 843/1364/3290 856/1379/3290
f 842/1361/837 848/1367/837 854/1369/837
f 846/1366/838 854/4738/838 850/1373/838
f 862/1385/3291 868/1387/3291 853/1433/3291
f 868/1434/3292 864/1391/3292 850/1373/3292
f 857/1382/841 860/1384/841 867/1435/841
f 867/1393/3293 860/4739/3293 856/1379/3293
f 855/1376/843 861/1378/843 886/1436/843
f 861/1437/844 857/1382/844 884/1415/844
f 862/1385/845 890/1421/845 896/1423/845
f 865/1390/3294 896/4742/3294 892/1427/3294
f 885/1418/847 888/1420/847 895/1439/847
f 888/1440/848 884/1415/848 892/1427/848
f 883/1412/3295 889/1414/3295 872/1441/3295
f 872/1399/3296 889/4741/3296 885/1418/3296
f 876/1403/851 882/1405/851 893/1442/851
f 893/1426/852 882/4740/852 878/1409/852
f 871/1400/853 874/1402/853 881/1443/853
f 874/1444/3297 870/1397/3297 878/1409/3297
f 869/1394/3298 875/1396/3298 844/1445/3298
f 875/1446/3299 871/1400/3299 842/1361/3299
f 849/1370/3300 851/1372/3300 879/1447/3300
f 879/1408/858 851/4737/858 848/1367/858
f 855/1376/859 883/1412/859 869/1394/859
f 850/1373/860 864/1391/860 856/1379/860
f 877/1406/861 848/1367/861 842/1361/861
f 862/1385/862 849/1370/862 876/1403/862
f 863/1388/863 892/1427/863 884/1415/863
f 891/1424/864 878/1409/864 870/1397/864
f 897/1448/3301 900/1452/3301 901/1449/3301
f 898/1451/3302 902/1453/3302 901/1449/3302
f 903/1450/3303 901/1449/3303 902/1453/3303
f 904/1455/3304 907/1459/3304 908/1456/3304
f 905/1458/3305 909/1460/3305 908/1456/3305
f 910/1457/3306 908/1456/3306 909/1460/3306
f 911/1462/3307 914/1466/3307 915/1463/3307
f 916/1465/3308 915/1463/3308 914/1466/3308
f 913/1468/3309 917/1464/3309 915/1463/3309
f 918/1469/3310 921/1473/3310 922/1470/3310
f 919/1472/3311 923/1474/3311 922/1470/3311
f 924/1471/3312 922/1470/3312 923/1474/3312
f 925/1476/3313 928/1480/3313 929/1477/3313
f 930/1479/3314 929/1477/3314 928/1480/3314
f 927/1482/3315 931/1478/3315 929/1477/3315
f 932/1483/3316 935/1487/3316 936/1484/3316
f 933/1486/3317 937/1488/3317 936/1484/3317
f 938/1485/3318 936/1484/3318 937/1488/3318
f 939/1490/3319 942/1494/3319 943/1491/3319
f 940/1493/3320 944/1495/3320 943/1491/3320
f 945/1492/3321 943/1491/3321 944/1495/3321
f 946/1497/3322 949/1501/3322 950/1498/3322
f 951/1500/3323 950/1498/3323 949/1501/3323
f 948/1503/3324 952/1499/3324 950/1498/3324
f 911/1462/889 897/1448/889 903/1450/889
f 903/1450/890 899/1454/890 912/1467/890
f 898/1504/891 904/4743/891 910/1505/891
f 910/1507/892 906/1528/892 899/1508/892
f 905/1458/893 918/1469/893 924/1471/893
f 924/1471/894 920/1475/894 906/1461/894
f 913/1510/895 916/4744/895 923/1511/895
f 916/1513/896 912/1529/896 920/1514/896
f 911/1462/897 917/1464/897 942/1494/897
f 917/1464/898 913/1468/898 940/1493/898
f 946/1497/899 952/1499/899 921/1473/899
f 952/1499/900 948/1503/900 919/1472/900
f 941/1516/901 944/4745/901 951/1517/901
f 944/1519/902 940/1530/902 948/1520/902
f 939/1490/3325 945/1492/3325 928/1480/3325
f 928/1480/904 945/1492/904 941/1496/904
f 932/1483/905 938/1485/905 949/1501/905
f 949/1501/906 938/1485/906 934/1489/906
f 927/1522/907 930/4746/907 937/1523/907
f 930/1525/3326 926/1531/3326 934/1526/3326
f 897/1448/909 925/1476/909 931/1478/909
f 931/1478/910 927/1482/910 898/1451/910
f 905/1458/911 907/1459/911 935/1487/911
f 935/1487/912 907/1459/912 904/1455/912
f 911/1462/913 939/1490/913 925/1476/913
f 906/1528/914 920/1514/914 912/1529/914
f 933/1524/915 904/4743/915 898/1504/915
f 946/1497/916 918/1469/916 905/1458/916
f 919/1512/917 948/1520/917 940/1530/917
f 947/1518/918 934/1526/918 926/1531/918
usemtl wood
f 953/1532/919 957/1533/919 959/1534/919
f 958/1535/920 956/1536/920 954/1537/920
f 955/1538/921 957/1539/921 958/1535/921
f 963/1540/922 966/1541/922 960/1542/922
f 961/1543/923 964/1544/923 963/1545/923
f 962/1546/924 964/1547/924 965/1548/924
f 967/1549/925 971/1550/925 973/1551/925
f 968/1552/926 971/1553/926 970/1554/926
f 973/1555/927 972/1556/927 969/1557/927
f 974/1558/928 978/1559/928 980/1560/928
f 979/1561/929 977/1562/929 975/1563/929
f 976/1564/930 978/1565/930 979/1561/930
f 981/1566/931 985/1567/931 987/1568/931
f 982/1569/932 985/1570/932 984/1571/932
f 987/1572/933 986/1573/933 983/1574/933
f 988/1575/934 992/1576/934 994/1577/934
f 993/1578/935 991/1579/935 989/1580/935
f 990/1581/936 992/1582/936 993/1578/936
f 995/1583/937 999/1584/937 1001/1585/937
f 1000/1586/938 998/1587/938 996/1588/938
f 997/1589/939 999/1590/939 1000/1586/939
f 1002/1591/940 1006/1592/940 1008/1593/940
f 1003/1594/941 1006/1595/941 1005/1596/941
f 1008/1597/942 1007/1598/942 1004/1599/942
f 967/1600/943 959/1601/943 970/1554/943
f 970/1554/944 955/1538/944 968/1552/944
f 960/1542/945 958/1535/945 954/1537/945
f 966/1541/946 955/1538/946 958/1535/946
f 974/1602/947 965/1548/947 961/1603/947
f 965/1548/948 976/1564/948 962/1546/948
f 969/1557/949 979/1561/949 975/1563/949
f 979/1561/950 968/1552/950 976/1564/950
f 967/1549/951 998/1604/951 995/1583/951
f 998/1604/952 969/1605/952 996/1606/952
f 974/1558/953 1008/1593/953 977/1607/953
f 1008/1593/954 975/1608/954 977/1607/954
f 997/1589/955 1007/1598/955 1003/1594/955
f 1000/1586/956 1004/1599/956 1007/1598/956
f 995/1609/957 984/1571/957 981/1610/957
f 1001/1611/958 982/1569/958 984/1571/958
f 988/1612/959 1005/1596/959 1002/1613/959
f 994/1614/960 1003/1594/960 1005/1596/960
f 989/1580/961 986/1573/961 993/1578/961
f 986/1573/962 990/1581/962 993/1578/962
f 953/1532/963 987/1568/963 956/1615/963
f 987/1568/964 954/1616/964 956/1615/964
f 961/1543/965 991/1617/965 988/1575/965
f 963/1545/966 989/1618/966 991/1617/966
f 995/1583/967 953/1532/967 967/1549/967
f 955/1538/968 976/1564/968 968/1552/968
f 983/1619/969 960/1620/969 954/1621/969
f 974/1558/970 988/1575/970 1002/1591/970
f 975/1622/971 996/1623/971 969/1624/971
f 1003/1594/972 982/1569/972 997/1589/972
f 2577/4132/2485 2581/4133/2485 2583/4134/2485
f 2582/4135/2486 2580/4136/2486 2578/4137/2486
f 2579/4138/2487 2581/4133/2487 2582/4135/2487
f 2587/4139/2488 2590/4140/2488 2584/4141/2488
f 2585/4142/2489 2588/4143/2489 2587/4139/2489
f 2586/4144/2490 2588/4143/2490 2589/4145/2490
f 2591/4146/2491 2595/4147/2491 2597/4148/2491
f 2592/4149/2492 2595/4147/2492 2594/4150/2492
f 2597/4148/2493 2596/4151/2493 2593/4152/2493
f 2598/4153/2494 2602/4154/2494 2604/4155/2494
f 2603/4156/2495 2601/4157/2495 2599/4158/2495
f 2600/4159/2496 2602/4154/2496 2603/4156/2496
f 2605/4160/2497 2609/4161/2497 2611/4162/2497
f 2606/4163/2498 2609/4161/2498 2608/4164/2498
f 2611/4162/2499 2610/4165/2499 2607/4166/2499
f 2612/4167/2500 2616/4168/2500 2618/4169/2500
f 2617/4170/2501 2615/4171/2501 2613/4172/2501
f 2614/4173/2502 2616/4168/2502 2617/4170/2502
f 2619/4174/2503 2623/4175/2503 2625/4176/2503
f 2624/4177/2504 2622/4178/2504 2620/4179/2504
f 2621/4180/2505 2623/4175/2505 2624/4177/2505
f 2626/4181/2506 2630/4182/2506 2632/4183/2506
f 2627/4184/2507 2630/4182/2507 2629/4185/2507
f 2632/4183/2508 2631/4186/2508 2628/4187/2508
f 2591/4146/2509 2583/4134/2509 2594/4150/2509
f 2594/4150/2510 2579/4138/2510 2592/4149/2510
f 2584/4188/2511 2582/4189/2511 2578/4190/2511
f 2582/4189/2512 2586/4191/2512 2579/4192/2512
f 2585/4142/2513 2604/4155/2513 2589/4145/2513
f 2604/4155/2514 2586/4144/2514 2589/4145/2514
f 2599/4193/2515 2596/4194/2515 2603/4195/2515
f 2596/4194/2516 2600/4196/2516 2603/4195/2516
f 2619/4174/2517 2597/4148/2517 2622/4178/2517
f 2597/4148/2518 2620/4179/2518 2622/4178/2518
f 2626/4181/2519 2601/4157/2519 2598/4153/2519
f 2632/4183/2520 2599/4158/2520 2601/4157/2520
f 2621/4197/2521 2631/4198/2521 2627/4199/2521
f 2631/4198/2522 2620/4200/2522 2628/4201/2522
f 2619/4174/2523 2608/4164/2523 2605/4160/2523
f 2625/4176/2524 2606/4163/2524 2608/4164/2524
f 2626/4181/2525 2618/4169/2525 2629/4185/2525
f 2629/4185/2526 2614/4173/2526 2627/4184/2526
f 2607/4202/2527 2617/4203/2527 2613/4204/2527
f 2617/4203/2528 2606/4205/2528 2614/4206/2528
f 2605/4160/2529 2580/4136/2529 2577/4132/2529
f 2611/4162/2530 2578/4137/2530 2580/4136/2530
f 2612/4167/2531 2587/4139/2531 2615/4171/2531
f 2615/4171/2532 2584/4141/2532 2613/4172/2532
f 2619/4174/2533 2577/4132/2533 2591/4146/2533
f 2586/4191/2534 2592/4207/2534 2579/4192/2534
f 2613/4208/2535 2578/4209/2535 2607/4210/2535
f 2598/4153/2536 2612/4167/2536 2626/4181/2536
f 2599/4211/2537 2620/4212/2537 2593/4213/2537
f 2621/4197/2538 2614/4206/2538 2606/4205/2538
f 2633/4214/2539 2637/4215/2539 2639/4216/2539
f 2638/4217/2540 2636/4218/2540 2634/4219/2540
f 2635/4220/2541 2637/4215/2541 2638/4217/2541
f 2643/4221/2542 2646/4222/2542 2640/4223/2542
f 2641/4224/2543 2644/4225/2543 2643/4221/2543
f 2642/4226/2544 2644/4225/2544 2645/4227/2544
f 2647/4228/2545 2651/4229/2545 2653/4230/2545
f 2648/4231/2546 2651/4229/2546 2650/4232/2546
f 2653/4230/2547 2652/4233/2547 2649/4234/2547
f 2654/4235/2548 2658/4236/2548 2660/4237/2548
f 2659/4238/2549 2657/4239/2549 2655/4240/2549
f 2656/4241/2550 2658/4236/2550 2659/4238/2550
f 2661/4242/2551 2665/4243/2551 2667/4244/2551
f 2662/4245/2552 2665/4243/2552 2664/4246/2552
f 2667/4244/2553 2666/4247/2553 2663/4248/2553
f 2668/4249/2554 2672/4250/2554 2674/4251/2554
f 2673/4252/2555 2671/4253/2555 2669/4254/2555
f 2670/4255/2556 2672/4250/2556 2673/4252/2556
f 2675/4256/2557 2679/4257/2557 2681/4258/2557
f 2680/4259/2558 2678/4260/2558 2676/4261/2558
f 2677/4262/2559 2679/4257/2559 2680/4259/2559
f 2682/4263/2560 2686/4264/2560 2688/4265/2560
f 2683/4266/2561 2686/4264/2561 2685/4267/2561
f 2688/4265/2562 2687/4268/2562 2684/4269/2562
f 2647/4228/2563 2639/4216/2563 2650/4232/2563
f 2650/4232/2564 2635/4220/2564 2648/4231/2564
f 2640/4270/2565 2638/4271/2565 2634/4272/2565
f 2638/4271/2566 2642/4273/2566 2635/4274/2566
f 2641/4224/2567 2660/4237/2567 2645/4227/2567
f 2660/4237/2568 2642/4226/2568 2645/4227/2568
f 2655/4275/2569 2652/4276/2569 2659/4277/2569
f 2652/4276/2570 2656/4278/2570 2659/4277/2570
f 2675/4256/2571 2653/4230/2571 2678/4260/2571
f 2678/4260/2572 2649/4234/2572 2676/4261/2572
f 2682/4263/2573 2657/4239/2573 2654/4235/2573
f 2688/4265/2574 2655/4240/2574 2657/4239/2574
f 2677/4279/2575 2687/4280/2575 2683/4281/2575
f 2687/4280/2576 2676/4282/2576 2684/4283/2576
f 2675/4256/2577 2664/4246/2577 2661/4242/2577
f 2664/4246/2578 2677/4262/2578 2662/4245/2578
f 2668/4249/2579 2685/4267/2579 2682/4263/2579
f 2674/4251/2580 2683/4266/2580 2685/4267/2580
f 2663/4284/2581 2673/4285/2581 2669/4286/2581
f 2666/4287/2582 2670/4288/2582 2673/4285/2582
f 2633/4214/2583 2667/4244/2583 2636/4218/2583
f 2636/4218/2584 2663/4248/2584 2634/4219/2584
f 2641/4224/2585 2671/4253/2585 2668/4249/2585
f 2643/4221/2586 2669/4254/2586 2671/4253/2586
f 2675/4256/2587 2633/4214/2587 2647/4228/2587
f 2642/4273/2588 2648/4289/2588 2635/4274/2588
f 2663/4290/2589 2640/4291/2589 2634/4292/2589
f 2654/4235/2590 2668/4249/2590 2682/4263/2590
f 2655/4293/2591 2676/4294/2591 2649/4295/2591
f 2683/4281/2592 2662/4296/2592 2677/4279/2592
f 2692/4297/2593 2695/4298/2593 2689/4299/2593
f 2690/4300/2594 2693/4301/2594 2692/4297/2594
f 2691/4302/2595 2693/4303/2595 2694/4304/2595
f 2696/4305/2596 2700/4306/2596 2702/4307/2596
f 2701/4308/2597 2699/4309/2597 2697/4310/2597
f 2698/4311/2598 2700/4312/2598 2701/4313/2598
f 2706/4314/2599 2709/4315/2599 2703/4316/2599
f 2704/4317/2600 2707/4318/2600 2706/4319/2600
f 2705/4320/2601 2707/4321/2601 2708/4322/2601
f 2713/4323/2602 2716/4324/2602 2710/4325/2602
f 2711/4326/2603 2714/4327/2603 2713/4328/2603
f 2712/4329/2604 2714/4330/2604 2715/4331/2604
f 2720/4332/2605 2723/4333/2605 2717/4334/2605
f 2718/4335/2606 2721/4336/2606 2720/4332/2606
f 2719/4337/2607 2721/4338/2607 2722/4339/2607
f 2727/4340/2608 2730/4341/2608 2724/4342/2608
f 2725/4343/2609 2728/4344/2609 2727/4340/2609
f 2726/4345/2610 2728/4346/2610 2729/4347/2610
f 2734/4348/2611 2737/4349/2611 2731/4350/2611
f 2732/4351/2612 2735/4352/2612 2734/4348/2612
f 2733/4353/2613 2735/4354/2613 2736/4355/2613
f 2741/4356/2614 2744/4357/2614 2738/4358/2614
f 2739/4359/2615 2742/4360/2615 2741/4361/2615
f 2740/4362/2616 2742/4363/2616 2743/4364/2616
f 2689/4365/2617 2706/4319/2617 2703/4366/2617
f 2695/4367/2618 2704/4317/2618 2706/4319/2618
f 2696/4305/2619 2694/4368/2619 2690/4300/2619
f 2702/4369/2620 2691/4302/2620 2694/4304/2620
f 2697/4370/2621 2716/4324/2621 2701/4313/2621
f 2716/4324/2622 2698/4311/2622 2701/4313/2622
f 2705/4320/2623 2715/4371/2623 2711/4326/2623
f 2708/4372/2624 2712/4329/2624 2715/4331/2624
f 2703/4316/2625 2734/4348/2625 2731/4350/2625
f 2709/4315/2626 2732/4351/2626 2734/4348/2626
f 2710/4373/2627 2744/4357/2627 2713/4328/2627
f 2744/4357/2628 2711/4326/2628 2713/4328/2628
f 2733/4353/2629 2743/4374/2629 2739/4359/2629
f 2743/4364/2630 2732/4351/2630 2740/4362/2630
f 2717/4334/2631 2737/4375/2631 2720/4332/2631
f 2737/4375/2632 2718/4335/2632 2720/4332/2632
f 2738/4376/2633 2730/4377/2633 2741/4361/2633
f 2730/4377/2634 2739/4359/2634 2741/4361/2634
f 2719/4337/2635 2729/4378/2635 2725/4343/2635
f 2729/4347/2636 2718/4335/2636 2726/4345/2636
f 2717/4379/2637 2692/4297/2637 2689/4299/2637
f 2723/4380/2638 2690/4300/2638 2692/4297/2638
f 2697/4310/2639 2727/4340/2639 2724/4342/2639
f 2699/4309/2640 2725/4343/2640 2727/4340/2640
f 2731/4381/2641 2689/4382/2641 2703/4383/2641
f 2698/4311/2642 2704/4317/2642 2691/4302/2642
f 2725/4343/2643 2690/4300/2643 2719/4337/2643
f 2710/4384/2644 2724/4385/2644 2738/4386/2644
f 2711/4326/2645 2732/4351/2645 2705/4320/2645
f 2739/4359/2646 2718/4335/2646 2733/4353/2646
f 2748/4387/2647 2751/4388/2647 2745/4389/2647
f 2746/4390/2648 2749/4391/2648 2748/4392/2648
f 2747/4393/2649 2749/4394/2649 2750/4395/2649
f 2752/4396/2650 2756/4397/2650 2758/4398/2650
f 2757/4399/2651 2755/4400/2651 2753/4401/2651
f 2754/4402/2652 2756/4403/2652 2757/4404/2652
f 2762/4405/2653 2765/4406/2653 2759/4407/2653
f 2760/4408/2654 2763/4409/2654 2762/4410/2654
f 2761/4411/2655 2763/4412/2655 2764/4413/2655
f 2769/4414/2656 2772/4415/2656 2766/4416/2656
f 2767/4417/2657 2770/4418/2657 2769/4419/2657
f 2768/4420/2658 2770/4421/2658 2771/4422/2658
f 2776/4423/2659 2779/4424/2659 2773/4425/2659
f 2774/4426/2660 2777/4427/2660 2776/4423/2660
f 2775/4428/2661 2777/4429/2661 2778/4430/2661
f 2783/4431/2662 2786/4432/2662 2780/4433/2662
f 2781/4434/2663 2784/4435/2663 2783/4431/2663
f 2782/4436/2664 2784/4437/2664 2785/4438/2664
f 2790/4439/2665 2793/4440/2665 2787/4441/2665
f 2788/4442/2666 2791/4443/2666 2790/4439/2666
f 2789/4444/2667 2791/4445/2667 2792/4446/2667
f 2797/4447/2668 2800/4448/2668 2794/4449/2668
f 2795/4450/2669 2798/4451/2669 2797/4447/2669
f 2796/4452/2670 2798/4453/2670 2799/4454/2670
f 2759/4455/2671 2751/4388/2671 2762/4410/2671
f 2751/4388/2672 2760/4408/2672 2762/4410/2672
f 2746/4390/2673 2758/4398/2673 2750/4456/2673
f 2758/4457/2674 2747/4393/2674 2750/4395/2674
f 2753/4458/2675 2772/4415/2675 2757/4404/2675
f 2772/4415/2676 2754/4402/2676 2757/4404/2676
f 2761/4411/2677 2771/4459/2677 2767/4417/2677
f 2764/4460/2678 2768/4420/2678 2771/4422/2678
f 2759/4407/2679 2790/4439/2679 2787/4441/2679
f 2790/4439/2680 2761/4411/2680 2788/4442/2680
f 2794/4461/2681 2769/4419/2681 2766/4462/2681
f 2769/4419/2682 2796/4452/2682 2767/4417/2682
f 2789/4444/2683 2799/4463/2683 2795/4450/2683
f 2792/4464/2684 2796/4452/2684 2799/4454/2684
f 2773/4425/2685 2793/4465/2685 2776/4423/2685
f 2793/4465/2686 2774/4426/2686 2776/4423/2686
f 2780/4466/2687 2797/4447/2687 2794/4449/2687
f 2786/4467/2688 2795/4450/2688 2797/4447/2688
f 2775/4428/2689 2785/4468/2689 2781/4434/2689
f 2785/4438/2690 2774/4426/2690 2782/4436/2690
f 2773/4469/2691 2748/4392/2691 2745/4470/2691
f 2779/4471/2692 2746/4390/2692 2748/4392/2692
f 2780/4433/2693 2755/4400/2693 2783/4431/2693
f 2755/4400/2694 2781/4434/2694 2783/4431/2694
f 2759/4472/2695 2773/4473/2695 2745/4474/2695
f 2754/4402/2696 2760/4408/2696 2747/4393/2696
f 2781/4434/2697 2746/4390/2697 2775/4428/2697
f 2766/4475/2698 2780/4476/2698 2794/4477/2698
f 2767/4417/2699 2788/4442/2699 2761/4411/2699
f 2795/4450/2700 2774/4426/2700 2789/4444/2700
f 2804/4478/2701 2807/4479/2701 2801/4480/2701
f 2802/4481/2702 2805/4482/2702 2804/4483/2702
f 2803/4484/2703 2805/4485/2703 2806/4486/2703
f 2808/4487/2704 2812/4488/2704 2814/4489/2704
f 2813/4490/2705 2811/4491/2705 2809/4492/2705
f 2810/4493/2706 2812/4494/2706 2813/4495/2706
f 2818/4496/2707 2821/4497/2707 2815/4498/2707
f 2816/4499/2708 2819/4500/2708 2818/4501/2708
f 2817/4502/2709 2819/4503/2709 2820/4504/2709
f 2825/4505/2710 2828/4506/2710 2822/4507/2710
f 2823/4508/2711 2826/4509/2711 2825/4510/2711
f 2824/4511/2712 2826/4512/2712 2827/4513/2712
f 2832/4514/2713 2835/4515/2713 2829/4516/2713
f 2830/4517/2714 2833/4518/2714 2832/4514/2714
f 2831/4519/2715 2833/4520/2715 2834/4521/2715
f 2839/4522/2716 2842/4523/2716 2836/4524/2716
f 2837/4525/2717 2840/4526/2717 2839/4522/2717
f 2838/4527/2718 2840/4528/2718 2841/4529/2718
f 2846/4530/2719 2849/4531/2719 2843/4532/2719
f 2844/4533/2720 2847/4534/2720 2846/4530/2720
f 2845/4535/2721 2847/4536/2721 2848/4537/2721
f 2853/4538/2722 2856/4539/2722 2850/4540/2722
f 2851/4541/2723 2854/4542/2723 2853/4538/2723
f 2852/4543/2724 2854/4544/2724 2855/4545/2724
f 2801/4480/2725 2818/4501/2725 2815/4546/2725
f 2807/4479/2726 2816/4499/2726 2818/4501/2726
f 2808/4487/2727 2806/4547/2727 2802/4481/2727
f 2814/4548/2728 2803/4484/2728 2806/4486/2728
f 2809/4549/2729 2828/4506/2729 2813/4495/2729
f 2813/4495/2730 2824/4511/2730 2810/4493/2730
f 2817/4502/2731 2827/4550/2731 2823/4508/2731
f 2827/4513/2732 2816/4499/2732 2824/4511/2732
f 2843/4532/2733 2821/4497/2733 2846/4530/2733
f 2821/4497/2734 2844/4533/2734 2846/4530/2734
f 2822/4551/2735 2856/4552/2735 2825/4510/2735
f 2825/4510/2736 2852/4543/2736 2823/4508/2736
f 2851/4541/2737 2848/4537/2737 2855/4553/2737
f 2848/4554/2738 2852/4543/2738 2855/4545/2738
f 2843/4555/2739 2832/4514/2739 2829/4516/2739
f 2832/4514/2740 2845/4535/2740 2830/4517/2740
f 2836/4556/2741 2853/4538/2741 2850/4540/2741
f 2853/4538/2742 2838/4527/2742 2851/4541/2742
f 2837/4525/2743 2834/4521/2743 2841/4557/2743
f 2841/4529/2744 2830/4517/2744 2838/4527/2744
f 2829/4558/2745 2804/4483/2745 2801/4559/2745
f 2804/4483/2746 2831/4519/2746 2802/4481/2746
f 2809/4492/2747 2839/4522/2747 2836/4524/2747
f 2811/4491/2748 2837/4525/2748 2839/4522/2748
f 2843/4560/2749 2801/4561/2749 2815/4562/2749
f 2810/4493/2750 2816/4499/2750 2803/4484/2750
f 2837/4525/2751 2802/4481/2751 2831/4519/2751
f 2850/4563/2752 2809/4564/2752 2836/4565/2752
f 2817/4502/2753 2852/4543/2753 2844/4533/2753
f 2845/4535/2754 2838/4527/2754 2830/4517/2754
f 2860/4566/2755 2863/4567/2755 2857/4568/2755
f 2858/4569/2756 2861/4570/2756 2860/4571/2756
f 2859/4572/2757 2861/4573/2757 2862/4574/2757
f 2864/4575/2758 2868/4576/2758 2870/4577/2758
f 2869/4578/2759 2867/4579/2759 2865/4580/2759
f 2866/4581/2760 2868/4582/2760 2869/4578/2760
f 2874/4583/2761 2877/4584/2761 2871/4585/2761
f 2872/4586/2762 2875/4587/2762 2874/4588/2762
f 2873/4589/2763 2875/4590/2763 2876/4591/2763
f 2881/4592/2764 2884/4593/2764 2878/4594/2764
f 2879/4595/2765 2882/4596/2765 2881/4592/2765
f 2880/4597/2766 2882/4598/2766 2883/4599/2766
f 2888/4600/2767 2891/4601/2767 2885/4602/2767
f 2886/4603/2768 2889/4604/2768 2888/4605/2768
f 2887/4606/2769 2889/4607/2769 2890/4608/2769
f 2895/4609/2770 2898/4610/2770 2892/4611/2770
f 2893/4612/2771 2896/4613/2771 2895/4609/2771
f 2894/4614/2772 2896/4615/2772 2897/4616/2772
f 2902/4617/2773 2905/4618/2773 2899/4619/2773
f 2900/4620/2774 2903/4621/2774 2902/4622/2774
f 2901/4623/2775 2903/4624/2775 2904/4625/2775
f 2909/4626/2776 2912/4627/2776 2906/4628/2776
f 2907/4629/2777 2910/4630/2777 2909/4626/2777
f 2908/4631/2778 2910/4632/2778 2911/4633/2778
f 2857/4568/2779 2874/4588/2779 2871/4634/2779
f 2874/4588/2780 2859/4572/2780 2872/4586/2780
f 2864/4575/2781 2862/4635/2781 2858/4569/2781
f 2862/4574/2782 2866/4581/2782 2859/4572/2782
f 2878/4636/2783 2869/4578/2783 2865/4580/2783
f 2869/4578/2784 2880/4597/2784 2866/4581/2784
f 2873/4589/2785 2883/4637/2785 2879/4595/2785
f 2876/4638/2786 2880/4597/2786 2883/4599/2786
f 2899/4639/2787 2877/4584/2787 2902/4622/2787
f 2877/4584/2788 2900/4620/2788 2902/4622/2788
f 2878/4594/2789 2912/4640/2789 2881/4592/2789
f 2912/4640/2790 2879/4595/2790 2881/4592/2790
f 2901/4623/2791 2911/4641/2791 2907/4629/2791
f 2911/4633/2792 2900/4620/2792 2908/4631/2792
f 2899/4619/2793 2888/4605/2793 2885/4642/2793
f 2905/4618/2794 2886/4603/2794 2888/4605/2794
f 2906/4628/2795 2898/4643/2795 2909/4626/2795
f 2898/4643/2796 2907/4629/2796 2909/4626/2796
f 2893/4612/2797 2890/4608/2797 2897/4644/2797
f 2890/4645/2798 2894/4614/2798 2897/4616/2798
f 2857/4646/2799 2891/4601/2799 2860/4571/2799
f 2891/4601/2800 2858/4569/2800 2860/4571/2800
f 2892/4611/2801 2867/4647/2801 2895/4609/2801
f 2867/4647/2802 2893/4612/2802 2895/4609/2802
f 2899/4648/2803 2857/4649/2803 2871/4650/2803
f 2866/4581/2804 2872/4586/2804 2859/4572/2804
f 2893/4612/2805 2858/4569/2805 2887/4606/2805
f 2878/4651/2806 2892/4652/2806 2906/4653/2806
f 2879/4595/2807 2900/4620/2807 2873/4589/2807
f 2901/4623/2808 2894/4614/2808 2886/4603/2808
f 953/1532/3327 956/1615/3327 957/1533/3327
f 958/1535/3328 957/1539/3328 956/1536/3328
f 955/1538/3329 959/1601/3329 957/1539/3329
f 963/1540/3330 964/1547/3330 966/1541/3330
f 961/1543/3331 965/4747/3331 964/1544/3331
f 962/1546/3332 966/1541/3332 964/1547/3332
f 967/1549/3333 970/4748/3333 971/1550/3333
f 968/1552/3334 972/1556/3334 971/1553/3334
f 973/1555/3335 971/1553/3335 972/1556/3335
f 974/1558/3336 977/1607/3336 978/1559/3336
f 979/1561/3337 978/1565/3337 977/1562/3337
f 976/1564/3338 980/4749/3338 978/1565/3338
f 981/1566/3339 984/4750/3339 985/1567/3339
f 982/1569/3340 986/1573/3340 985/1570/3340
f 987/1572/3341 985/1570/3341 986/1573/3341
f 988/1575/3342 991/1617/3342 992/1576/3342
f 993/1578/3343 992/1582/3343 991/1579/3343
f 990/1581/3344 994/1614/3344 992/1582/3344
f 995/1583/3345 998/1604/3345 999/1584/3345
f 1000/1586/3346 999/1590/3346 998/1587/3346
f 997/1589/3347 1001/1611/3347 999/1590/3347
f 1002/1591/3348 1005/4751/3348 1006/1592/3348
f 1003/1594/3349 1007/1598/3349 1006/1595/3349
f 1008/1597/3350 1006/1595/3350 1007/1598/3350
f 967/1600/3351 953/4752/3351 959/1601/3351
f 970/1554/944 959/1601/944 955/1538/944
f 960/1542/945 966/1541/945 958/1535/945
f 966/1541/3352 962/1546/3352 955/1538/3352
f 974/1602/947 980/4749/947 965/1548/947
f 965/1548/948 980/4749/948 976/1564/948
f 969/1557/949 972/1556/949 979/1561/949
f 979/1561/950 972/1556/950 968/1552/950
f 967/1549/951 973/1551/951 998/1604/951
f 998/1604/952 973/1551/952 969/1605/952
f 974/1558/953 1002/1591/953 1008/1593/953
f 1008/1593/954 1004/4753/954 975/1608/954
f 997/1589/955 1000/1586/955 1007/1598/955
f 1000/1586/956 996/1588/956 1004/1599/956
f 995/1609/957 1001/1611/957 984/1571/957
f 1001/1611/3353 997/1589/3353 982/1569/3353
f 988/1612/3354 994/1614/3354 1005/1596/3354
f 994/1614/960 990/1581/960 1003/1594/960
f 989/1580/961 983/1574/961 986/1573/961
f 986/1573/962 982/1569/962 990/1581/962
f 953/1532/963 981/1566/963 987/1568/963
f 987/1568/964 983/4754/964 954/1616/964
f 961/1543/965 963/1545/965 991/1617/965
f 963/1545/966 960/4755/966 989/1618/966
f 995/1583/967 981/1566/967 953/1532/967
f 955/1538/968 962/1546/968 976/1564/968
f 983/1619/969 989/4756/969 960/1620/969
f 974/1558/970 961/1543/970 988/1575/970
f 975/1622/971 1004/4757/971 996/1623/971
f 1003/1594/972 990/1581/972 982/1569/972
f 2577/4132/4462 2580/4136/4462 2581/4133/4462
f 2582/4135/4463 2581/4133/4463 2580/4136/4463
f 2579/4138/4464 2583/4134/4464 2581/4133/4464
f 2587/4139/4465 2588/4143/4465 2590/4140/4465
f 2585/4142/4466 2589/4145/4466 2588/4143/4466
f 2586/4144/4467 2590/4140/4467 2588/4143/4467
f 2591/4146/4468 2594/4150/4468 2595/4147/4468
f 2592/4149/4469 2596/4151/4469 2595/4147/4469
f 2597/4148/4470 2595/4147/4470 2596/4151/4470
f 2598/4153/4471 2601/4157/4471 2602/4154/4471
f 2603/4156/4472 2602/4154/4472 2601/4157/4472
f 2600/4159/4473 2604/4155/4473 2602/4154/4473
f 2605/4160/4474 2608/4164/4474 2609/4161/4474
f 2606/4163/4475 2610/4165/4475 2609/4161/4475
f 2611/4162/4476 2609/4161/4476 2610/4165/4476
f 2612/4167/4477 2615/4171/4477 2616/4168/4477
f 2617/4170/4478 2616/4168/4478 2615/4171/4478
f 2614/4173/4479 2618/4169/4479 2616/4168/4479
f 2619/4174/4480 2622/4178/4480 2623/4175/4480
f 2624/4177/4481 2623/4175/4481 2622/4178/4481
f 2621/4180/4482 2625/4176/4482 2623/4175/4482
f 2626/4181/4483 2629/4185/4483 2630/4182/4483
f 2627/4184/4484 2631/4186/4484 2630/4182/4484
f 2632/4183/4485 2630/4182/4485 2631/4186/4485
f 2591/4146/2509 2577/4132/2509 2583/4134/2509
f 2594/4150/2510 2583/4134/2510 2579/4138/2510
f 2584/4188/2511 2590/4987/2511 2582/4189/2511
f 2582/4189/4486 2590/4987/4486 2586/4191/4486
f 2585/4142/4487 2598/4153/4487 2604/4155/4487
f 2604/4155/2514 2600/4159/2514 2586/4144/2514
f 2599/4193/2515 2593/4988/2515 2596/4194/2515
f 2596/4194/2516 2592/4207/2516 2600/4196/2516
f 2619/4174/2517 2591/4146/2517 2597/4148/2517
f 2597/4148/2518 2593/4152/2518 2620/4179/2518
f 2626/4181/2519 2632/4183/2519 2601/4157/2519
f 2632/4183/4488 2628/4187/4488 2599/4158/4488
f 2621/4197/2521 2624/4989/2521 2631/4198/2521
f 2631/4198/4489 2624/4989/4489 2620/4200/4489
f 2619/4174/4490 2625/4176/4490 2608/4164/4490
f 2625/4176/2524 2621/4180/2524 2606/4163/2524
f 2626/4181/2525 2612/4167/2525 2618/4169/2525
f 2629/4185/2526 2618/4169/2526 2614/4173/2526
f 2607/4202/2527 2610/4990/2527 2617/4203/2527
f 2617/4203/2528 2610/4990/2528 2606/4205/2528
f 2605/4160/2529 2611/4162/2529 2580/4136/2529
f 2611/4162/4491 2607/4166/4491 2578/4137/4491
f 2612/4167/2531 2585/4142/2531 2587/4139/2531
f 2615/4171/2532 2587/4139/2532 2584/4141/2532
f 2619/4174/2533 2605/4160/2533 2577/4132/2533
f 2586/4191/2534 2600/4196/2534 2592/4207/2534
f 2613/4208/2535 2584/4991/2535 2578/4209/2535
f 2598/4153/2536 2585/4142/2536 2612/4167/2536
f 2599/4211/2537 2628/4992/2537 2620/4212/2537
f 2621/4197/2538 2627/4199/2538 2614/4206/2538
f 2633/4214/4492 2636/4218/4492 2637/4215/4492
f 2638/4217/4493 2637/4215/4493 2636/4218/4493
f 2635/4220/4494 2639/4216/4494 2637/4215/4494
f 2643/4221/4495 2644/4225/4495 2646/4222/4495
f 2641/4224/4496 2645/4227/4496 2644/4225/4496
f 2642/4226/4497 2646/4222/4497 2644/4225/4497
f 2647/4228/4498 2650/4232/4498 2651/4229/4498
f 2648/4231/4499 2652/4233/4499 2651/4229/4499
f 2653/4230/4500 2651/4229/4500 2652/4233/4500
f 2654/4235/4501 2657/4239/4501 2658/4236/4501
f 2659/4238/4502 2658/4236/4502 2657/4239/4502
f 2656/4241/4503 2660/4237/4503 2658/4236/4503
f 2661/4242/4504 2664/4246/4504 2665/4243/4504
f 2662/4245/4505 2666/4247/4505 2665/4243/4505
f 2667/4244/4506 2665/4243/4506 2666/4247/4506
f 2668/4249/4507 2671/4253/4507 2672/4250/4507
f 2673/4252/4508 2672/4250/4508 2671/4253/4508
f 2670/4255/4509 2674/4251/4509 2672/4250/4509
f 2675/4256/4510 2678/4260/4510 2679/4257/4510
f 2680/4259/4511 2679/4257/4511 2678/4260/4511
f 2677/4262/4512 2681/4258/4512 2679/4257/4512
f 2682/4263/4513 2685/4267/4513 2686/4264/4513
f 2683/4266/4514 2687/4268/4514 2686/4264/4514
f 2688/4265/4515 2686/4264/4515 2687/4268/4515
f 2647/4228/2563 2633/4214/2563 2639/4216/2563
f 2650/4232/4516 2639/4216/4516 2635/4220/4516
f 2640/4270/2565 2646/4993/2565 2638/4271/2565
f 2638/4271/2566 2646/4993/2566 2642/4273/2566
f 2641/4224/4517 2654/4235/4517 2660/4237/4517
f 2660/4237/4518 2656/4241/4518 2642/4226/4518
f 2655/4275/2569 2649/4994/2569 2652/4276/2569
f 2652/4276/2570 2648/4289/2570 2656/4278/2570
f 2675/4256/2571 2647/4228/2571 2653/4230/2571
f 2678/4260/2572 2653/4230/2572 2649/4234/2572
f 2682/4263/2573 2688/4265/2573 2657/4239/2573
f 2688/4265/2574 2684/4269/2574 2655/4240/2574
f 2677/4279/2575 2680/4995/2575 2687/4280/2575
f 2687/4280/2576 2680/4995/2576 2676/4282/2576
f 2675/4256/2577 2681/4258/2577 2664/4246/2577
f 2664/4246/2578 2681/4258/2578 2677/4262/2578
f 2668/4249/2579 2674/4251/2579 2685/4267/2579
f 2674/4251/2580 2670/4255/2580 2683/4266/2580
f 2663/4284/2581 2666/4287/2581 2673/4285/2581
f 2666/4287/2582 2662/4296/2582 2670/4288/2582
f 2633/4214/2583 2661/4242/2583 2667/4244/2583
f 2636/4218/2584 2667/4244/2584 2663/4248/2584
f 2641/4224/2585 2643/4221/2585 2671/4253/2585
f 2643/4221/2586 2640/4223/2586 2669/4254/2586
f 2675/4256/2587 2661/4242/2587 2633/4214/2587
f 2642/4273/2588 2656/4278/2588 2648/4289/2588
f 2663/4290/2589 2669/4996/2589 2640/4291/2589
f 2654/4235/2590 2641/4224/2590 2668/4249/2590
f 2655/4293/2591 2684/4997/2591 2676/4294/2591
f 2683/4281/2592 2670/4288/2592 2662/4296/2592
f 2692/4297/4519 2693/4301/4519 2695/4298/4519
f 2690/4300/4520 2694/4368/4520 2693/4301/4520
f 2691/4302/4521 2695/4367/4521 2693/4303/4521
f 2696/4305/4522 2699/4309/4522 2700/4306/4522
f 2701/4308/4523 2700/4306/4523 2699/4309/4523
f 2698/4311/4524 2702/4369/4524 2700/4312/4524
f 2706/4314/4525 2707/4321/4525 2709/4315/4525
f 2704/4317/4526 2708/4372/4526 2707/4318/4526
f 2705/4320/4527 2709/4315/4527 2707/4321/4527
f 2713/4323/4528 2714/4330/4528 2716/4324/4528
f 2711/4326/4529 2715/4371/4529 2714/4327/4529
f 2712/4329/4530 2716/4324/4530 2714/4330/4530
f 2720/4332/4531 2721/4336/4531 2723/4333/4531
f 2718/4335/4532 2722/4998/4532 2721/4336/4532
f 2719/4337/4533 2723/4380/4533 2721/4338/4533
f 2727/4340/4534 2728/4344/4534 2730/4341/4534
f 2725/4343/4535 2729/4378/4535 2728/4344/4535
f 2726/4345/4536 2730/4377/4536 2728/4346/4536
f 2734/4348/4537 2735/4352/4537 2737/4349/4537
f 2732/4351/4538 2736/4999/4538 2735/4352/4538
f 2733/4353/4539 2737/4375/4539 2735/4354/4539
f 2741/4356/4540 2742/4363/4540 2744/4357/4540
f 2739/4359/4541 2743/4374/4541 2742/4360/4541
f 2740/4362/4542 2744/4357/4542 2742/4363/4542
f 2689/4365/2617 2695/4367/2617 2706/4319/2617
f 2695/4367/2618 2691/4302/2618 2704/4317/2618
f 2696/4305/2619 2702/4307/2619 2694/4368/2619
f 2702/4369/2620 2698/4311/2620 2691/4302/2620
f 2697/4370/2621 2710/4325/2621 2716/4324/2621
f 2716/4324/4543 2712/4329/4543 2698/4311/4543
f 2705/4320/2623 2708/4322/2623 2715/4371/2623
f 2708/4372/4544 2704/4317/4544 2712/4329/4544
f 2703/4316/4545 2709/4315/4545 2734/4348/4545
f 2709/4315/2626 2705/4320/2626 2732/4351/2626
f 2710/4373/2627 2738/4358/2627 2744/4357/2627
f 2744/4357/2628 2740/4362/2628 2711/4326/2628
f 2733/4353/4546 2736/4355/4546 2743/4374/4546
f 2743/4364/4547 2736/4999/4547 2732/4351/4547
f 2717/4334/2631 2731/5000/2631 2737/4375/2631
f 2737/4375/2632 2733/4353/2632 2718/4335/2632
f 2738/4376/2633 2724/5001/2633 2730/4377/2633
f 2730/4377/2634 2726/4345/2634 2739/4359/2634
f 2719/4337/4548 2722/4339/4548 2729/4378/4548
f 2729/4347/4549 2722/4998/4549 2718/4335/4549
f 2717/4379/4550 2723/4380/4550 2692/4297/4550
f 2723/4380/2638 2719/4337/2638 2690/4300/2638
f 2697/4310/2639 2699/4309/2639 2727/4340/2639
f 2699/4309/2640 2696/4305/2640 2725/4343/2640
f 2731/4381/2641 2717/5002/2641 2689/4382/2641
f 2698/4311/2642 2712/4329/2642 2704/4317/2642
f 2725/4343/2643 2696/4305/2643 2690/4300/2643
f 2710/4384/2644 2697/5003/2644 2724/4385/2644
f 2711/4326/2645 2740/4362/2645 2732/4351/2645
f 2739/4359/2646 2726/4345/2646 2718/4335/2646
f 2748/4387/4551 2749/4394/4551 2751/4388/4551
f 2746/4390/4552 2750/4456/4552 2749/4391/4552
f 2747/4393/4553 2751/4388/4553 2749/4394/4553
f 2752/4396/4554 2755/4400/4554 2756/4397/4554
f 2757/4399/4555 2756/4397/4555 2755/4400/4555
f 2754/4402/4556 2758/4457/4556 2756/4403/4556
f 2762/4405/4557 2763/4412/4557 2765/4406/4557
f 2760/4408/4558 2764/4460/4558 2763/4409/4558
f 2761/4411/4559 2765/4406/4559 2763/4412/4559
f 2769/4414/4560 2770/4421/4560 2772/4415/4560
f 2767/4417/4561 2771/4459/4561 2770/4418/4561
f 2768/4420/4562 2772/4415/4562 2770/4421/4562
f 2776/4423/4563 2777/4427/4563 2779/4424/4563
f 2774/4426/4564 2778/5004/4564 2777/4427/4564
f 2775/4428/4565 2779/4471/4565 2777/4429/4565
f 2783/4431/4566 2784/4435/4566 2786/4432/4566
f 2781/4434/4567 2785/4468/4567 2784/4435/4567
f 2782/4436/4568 2786/4467/4568 2784/4437/4568
f 2790/4439/4569 2791/4443/4569 2793/4440/4569
f 2788/4442/4570 2792/4464/4570 2791/4443/4570
f 2789/4444/4571 2793/4465/4571 2791/4445/4571
f 2797/4447/4572 2798/4451/4572 2800/4448/4572
f 2795/4450/4573 2799/4463/4573 2798/4451/4573
f 2796/4452/4574 2800/5005/4574 2798/4453/4574
f 2759/4455/2671 2745/4389/2671 2751/4388/2671
f 2751/4388/4575 2747/4393/4575 2760/4408/4575
f 2746/4390/4576 2752/4396/4576 2758/4398/4576
f 2758/4457/4577 2754/4402/4577 2747/4393/4577
f 2753/4458/4578 2766/4416/4578 2772/4415/4578
f 2772/4415/2676 2768/4420/2676 2754/4402/2676
f 2761/4411/2677 2764/4413/2677 2771/4459/2677
f 2764/4460/2678 2760/4408/2678 2768/4420/2678
f 2759/4407/4579 2765/4406/4579 2790/4439/4579
f 2790/4439/4580 2765/4406/4580 2761/4411/4580
f 2794/4461/4581 2800/5005/4581 2769/4419/4581
f 2769/4419/2682 2800/5005/2682 2796/4452/2682
f 2789/4444/4582 2792/4446/4582 2799/4463/4582
f 2792/4464/4583 2788/4442/4583 2796/4452/4583
f 2773/4425/2685 2787/5006/2685 2793/4465/2685
f 2793/4465/2686 2789/4444/2686 2774/4426/2686
f 2780/4466/2687 2786/4467/2687 2797/4447/2687
f 2786/4467/4584 2782/4436/4584 2795/4450/4584
f 2775/4428/4585 2778/4430/4585 2785/4468/4585
f 2785/4438/4586 2778/5004/4586 2774/4426/4586
f 2773/4469/2691 2779/4471/2691 2748/4392/2691
f 2779/4471/2692 2775/4428/2692 2746/4390/2692
f 2780/4433/4587 2753/4401/4587 2755/4400/4587
f 2755/4400/4588 2752/4396/4588 2781/4434/4588
f 2759/4472/2695 2787/5007/2695 2773/4473/2695
f 2754/4402/2696 2768/4420/2696 2760/4408/2696
f 2781/4434/2697 2752/4396/2697 2746/4390/2697
f 2766/4475/2698 2753/5008/2698 2780/4476/2698
f 2767/4417/2699 2796/4452/2699 2788/4442/2699
f 2795/4450/2700 2782/4436/2700 2774/4426/2700
f 2804/4478/4589 2805/4485/4589 2807/4479/4589
f 2802/4481/4590 2806/4547/4590 2805/4482/4590
f 2803/4484/4591 2807/4479/4591 2805/4485/4591
f 2808/4487/4592 2811/4491/4592 2812/4488/4592
f 2813/4490/4593 2812/4488/4593 2811/4491/4593
f 2810/4493/4594 2814/4548/4594 2812/4494/4594
f 2818/4496/4595 2819/4503/4595 2821/4497/4595
f 2816/4499/4596 2820/5009/4596 2819/4500/4596
f 2817/4502/4597 2821/4497/4597 2819/4503/4597
f 2825/4505/4598 2826/4512/4598 2828/4506/4598
f 2823/4508/4599 2827/4550/4599 2826/4509/4599
f 2824/4511/4600 2828/4506/4600 2826/4512/4600
f 2832/4514/4601 2833/4518/4601 2835/4515/4601
f 2830/4517/4602 2834/5010/4602 2833/4518/4602
f 2831/4519/4603 2835/5011/4603 2833/4520/4603
f 2839/4522/4604 2840/4526/4604 2842/4523/4604
f 2837/4525/4605 2841/4557/4605 2840/4526/4605
f 2838/4527/4606 2842/5012/4606 2840/4528/4606
f 2846/4530/4607 2847/4534/4607 2849/4531/4607
f 2844/4533/4608 2848/4554/4608 2847/4534/4608
f 2845/4535/4609 2849/5013/4609 2847/4536/4609
f 2853/4538/4610 2854/4542/4610 2856/4539/4610
f 2851/4541/4611 2855/4553/4611 2854/4542/4611
f 2852/4543/4612 2856/4552/4612 2854/4544/4612
f 2801/4480/4613 2807/4479/4613 2818/4501/4613
f 2807/4479/4614 2803/4484/4614 2816/4499/4614
f 2808/4487/2727 2814/4489/2727 2806/4547/2727
f 2814/4548/4615 2810/4493/4615 2803/4484/4615
f 2809/4549/4616 2822/4507/4616 2828/4506/4616
f 2813/4495/2730 2828/4506/2730 2824/4511/2730
f 2817/4502/4617 2820/4504/4617 2827/4550/4617
f 2827/4513/2732 2820/5009/2732 2816/4499/2732
f 2843/4532/2733 2815/4498/2733 2821/4497/2733
f 2821/4497/2734 2817/4502/2734 2844/4533/2734
f 2822/4551/2735 2850/5014/2735 2856/4552/2735
f 2825/4510/2736 2856/4552/2736 2852/4543/2736
f 2851/4541/2737 2845/4535/2737 2848/4537/2737
f 2848/4554/2738 2844/4533/2738 2852/4543/2738
f 2843/4555/2739 2849/5013/2739 2832/4514/2739
f 2832/4514/2740 2849/5013/2740 2845/4535/2740
f 2836/4556/4618 2842/5012/4618 2853/4538/4618
f 2853/4538/4619 2842/5012/4619 2838/4527/4619
f 2837/4525/2743 2831/4519/2743 2834/4521/2743
f 2841/4529/4620 2834/5010/4620 2830/4517/4620
f 2829/4558/2745 2835/5011/2745 2804/4483/2745
f 2804/4483/2746 2835/5011/2746 2831/4519/2746
f 2809/4492/2747 2811/4491/2747 2839/4522/2747
f 2811/4491/2748 2808/4487/2748 2837/4525/2748
f 2843/4560/2749 2829/5015/2749 2801/4561/2749
f 2810/4493/2750 2824/4511/2750 2816/4499/2750
f 2837/4525/2751 2808/4487/2751 2802/4481/2751
f 2850/4563/2752 2822/5016/2752 2809/4564/2752
f 2817/4502/2753 2823/4508/2753 2852/4543/2753
f 2845/4535/2754 2851/4541/2754 2838/4527/2754
f 2860/4566/4621 2861/4573/4621 2863/4567/4621
f 2858/4569/4622 2862/4635/4622 2861/4570/4622
f 2859/4572/4623 2863/4567/4623 2861/4573/4623
f 2864/4575/4624 2867/4647/4624 2868/4576/4624
f 2869/4578/4625 2868/4582/4625 2867/4579/4625
f 2866/4581/4626 2870/5017/4626 2868/4582/4626
f 2874/4583/4627 2875/4590/4627 2877/4584/4627
f 2872/4586/4628 2876/4638/4628 2875/4587/4628
f 2873/4589/4629 2877/4584/4629 2875/4590/4629
f 2881/4592/4630 2882/4596/4630 2884/4593/4630
f 2879/4595/4631 2883/4637/4631 2882/4596/4631
f 2880/4597/4632 2884/5018/4632 2882/4598/4632
f 2888/4600/4633 2889/4607/4633 2891/4601/4633
f 2886/4603/4634 2890/4645/4634 2889/4604/4634
f 2887/4606/4635 2891/4601/4635 2889/4607/4635
f 2895/4609/4636 2896/4613/4636 2898/4610/4636
f 2893/4612/4637 2897/4644/4637 2896/4613/4637
f 2894/4614/4638 2898/4643/4638 2896/4615/4638
f 2902/4617/4639 2903/4624/4639 2905/4618/4639
f 2900/4620/4640 2904/5019/4640 2903/4621/4640
f 2901/4623/4641 2905/4618/4641 2903/4624/4641
f 2909/4626/4642 2910/4630/4642 2912/4627/4642
f 2907/4629/4643 2911/4641/4643 2910/4630/4643
f 2908/4631/4644 2912/4640/4644 2910/4632/4644
f 2857/4568/2779 2863/4567/2779 2874/4588/2779
f 2874/4588/4645 2863/4567/4645 2859/4572/4645
f 2864/4575/2781 2870/4577/2781 2862/4635/2781
f 2862/4574/4646 2870/5017/4646 2866/4581/4646
f 2878/4636/4647 2884/5018/4647 2869/4578/4647
f 2869/4578/2784 2884/5018/2784 2880/4597/2784
f 2873/4589/4648 2876/4591/4648 2883/4637/4648
f 2876/4638/4649 2872/4586/4649 2880/4597/4649
f 2899/4639/2787 2871/4585/2787 2877/4584/2787
f 2877/4584/2788 2873/4589/2788 2900/4620/2788
f 2878/4594/2789 2906/5020/2789 2912/4640/2789
f 2912/4640/2790 2908/4631/2790 2879/4595/2790
f 2901/4623/2791 2904/4625/2791 2911/4641/2791
f 2911/4633/4650 2904/5019/4650 2900/4620/4650
f 2899/4619/2793 2905/4618/2793 2888/4605/2793
f 2905/4618/2794 2901/4623/2794 2886/4603/2794
f 2906/4628/2795 2892/5021/2795 2898/4643/2795
f 2898/4643/2796 2894/4614/2796 2907/4629/2796
f 2893/4612/2797 2887/4606/2797 2890/4608/2797
f 2890/4645/4651 2886/4603/4651 2894/4614/4651
f 2857/4646/2799 2885/4602/2799 2891/4601/2799
f 2891/4601/2800 2887/4606/2800 2858/4569/2800
f 2892/4611/4652 2865/5022/4652 2867/4647/4652
f 2867/4647/2802 2864/4575/2802 2893/4612/2802
f 2899/4648/2803 2885/5023/2803 2857/4649/2803
f 2866/4581/2804 2880/4597/2804 2872/4586/2804
f 2893/4612/2805 2864/4575/2805 2858/4569/2805
f 2878/4651/2806 2865/5024/2806 2892/4652/2806
f 2879/4595/2807 2908/4631/2807 2900/4620/2807
f 2901/4623/2808 2907/4629/2808 2894/4614/2808
usemtl ore
f 1009/1625/973 1013/1626/973 1015/1627/973
f 1010/1628/974 1013/1629/974 1012/1630/974
f 1011/1631/975 1013/1632/975 1014/1633/975
f 1016/1634/976 1020/1635/976 1022/1636/976
f 1017/1637/977 1020/1638/977 1019/1639/977
f 1018/1640/978 1020/1635/978 1021/1641/978
f 1023/1642/979 1027/1643/979 1029/1644/979
f 1024/1645/980 1027/1646/980 1026/1647/980
f 1025/1648/981 1027/1646/981 1028/1649/981
f 1030/1650/982 1034/1651/982 1036/1652/982
f 1031/1653/983 1034/1651/983 1033/1654/983
f 1032/1655/984 1034/1656/984 1035/1657/984
f 1037/1658/985 1041/1659/985 1043/1660/985
f 1038/1661/986 1041/1662/986 1040/1663/986
f 1039/1664/987 1041/1659/987 1042/1665/987
f 1044/1666/988 1048/1667/988 1050/1668/988
f 1045/1669/989 1048/1670/989 1047/1671/989
f 1046/1672/990 1048/1670/990 1049/1673/990
f 1051/1674/991 1055/1675/991 1057/1676/991
f 1052/1677/992 1055/1678/992 1054/1679/992
f 1053/1680/993 1055/1678/993 1056/1681/993
f 1058/1682/994 1062/1683/994 1064/1684/994
f 1059/1685/995 1062/1686/995 1061/1687/995
f 1060/1688/996 1062/1689/996 1063/1690/996
f 1023/1642/997 1015/1627/997 1026/1691/997
f 1026/1647/998 1011/1631/998 1024/1645/998
f 1010/1628/999 1022/1636/999 1014/1692/999
f 1022/1636/1000 1011/1693/1000 1014/1692/1000
f 1030/1650/1001 1021/1694/1001 1017/1637/1001
f 1036/1695/1002 1018/1696/1002 1021/1697/1002
f 1025/1648/1003 1035/1657/1003 1031/1698/1003
f 1035/1657/1004 1024/1645/1004 1032/1655/1004
f 1023/1642/1005 1054/1699/1005 1051/1674/1005
f 1029/1700/1006 1052/1677/1006 1054/1679/1006
f 1058/1682/1007 1033/1654/1007 1030/1650/1007
f 1033/1701/1008 1060/1688/1008 1031/1702/1008
f 1053/1680/1009 1063/1690/1009 1059/1703/1009
f 1063/1690/1010 1052/1677/1010 1060/1688/1010
f 1037/1658/1011 1057/1676/1011 1040/1704/1011
f 1057/1705/1012 1038/1661/1012 1040/1663/1012
f 1044/1666/1013 1061/1706/1013 1058/1682/1013
f 1061/1687/1014 1046/1672/1014 1059/1685/1014
f 1039/1707/1015 1049/1673/1015 1045/1669/1015
f 1049/1673/1016 1038/1661/1016 1046/1672/1016
f 1009/1625/1017 1043/1660/1017 1012/1708/1017
f 1043/1709/1018 1010/1628/1018 1012/1630/1018
f 1044/1666/1019 1019/1639/1019 1047/1710/1019
f 1019/1711/1020 1045/1712/1020 1047/1713/1020
f 1051/1674/1021 1009/1625/1021 1023/1642/1021
f 1018/1696/1022 1024/1645/1022 1011/1631/1022
f 1045/1712/1023 1010/1628/1023 1039/1714/1023
f 1030/1650/1024 1044/1666/1024 1058/1682/1024
f 1031/1702/1025 1052/1677/1025 1025/1715/1025
f 1059/1685/1026 1038/1661/1026 1053/1716/1026
f 1065/1717/1027 1069/1718/1027 1071/1719/1027
f 1066/1720/1028 1069/1721/1028 1068/1722/1028
f 1067/1723/1029 1069/1721/1029 1070/1724/1029
f 1072/1725/1030 1076/1726/1030 1078/1727/1030
f 1073/1728/1031 1076/1729/1031 1075/1730/1031
f 1074/1731/1032 1076/1726/1032 1077/1732/1032
f 1079/1733/1033 1083/1734/1033 1085/1735/1033
f 1080/1736/1034 1083/1737/1034 1082/1738/1034
f 1081/1739/1035 1083/1737/1035 1084/1740/1035
f 1086/1741/1036 1090/1742/1036 1092/1743/1036
f 1087/1744/1037 1090/1745/1037 1089/1746/1037
f 1088/1747/1038 1090/1742/1038 1091/1748/1038
f 1093/1749/1039 1097/1750/1039 1099/1751/1039
f 1094/1752/1040 1097/1750/1040 1096/1753/1040
f 1095/1754/1041 1097/1755/1041 1098/1756/1041
f 1100/1757/1042 1104/1758/1042 1106/1759/1042
f 1101/1760/1043 1104/1761/1043 1103/1762/1043
f 1102/1763/1044 1104/1761/1044 1105/1764/1044
f 1107/1765/1045 1111/1766/1045 1113/1767/1045
f 1108/1768/1046 1111/1769/1046 1110/1770/1046
f 1109/1771/1047 1111/1769/1047 1112/1772/1047
f 1114/1773/1048 1118/1774/1048 1120/1775/1048
f 1115/1776/1049 1118/1777/1049 1117/1778/1049
f 1116/1779/1050 1118/1777/1050 1119/1780/1050
f 1079/1733/1051 1071/1719/1051 1082/1781/1051
f 1071/1782/1052 1080/1783/1052 1082/1784/1052
f 1072/1725/1053 1070/1724/1053 1066/1720/1053
f 1078/1727/1054 1067/1723/1054 1070/1724/1054
f 1086/1741/1055 1077/1785/1055 1073/1728/1055
f 1092/1786/1056 1074/1731/1056 1077/1732/1056
f 1087/1744/1057 1084/1740/1057 1091/1787/1057
f 1091/1787/1058 1080/1736/1058 1088/1788/1058
f 1079/1733/1059 1110/1789/1059 1107/1765/1059
f 1110/1790/1060 1081/1739/1060 1108/1791/1060
f 1086/1741/1061 1120/1775/1061 1089/1792/1061
f 1089/1792/1062 1116/1793/1062 1087/1794/1062
f 1109/1771/1063 1119/1780/1063 1115/1776/1063
f 1119/1780/1064 1108/1768/1064 1116/1779/1064
f 1093/1749/1065 1113/1767/1065 1096/1753/1065
f 1113/1795/1066 1094/1796/1066 1096/1797/1066
f 1100/1757/1067 1117/1798/1067 1114/1773/1067
f 1106/1799/1068 1115/1776/1068 1117/1778/1068
f 1101/1760/1069 1098/1756/1069 1105/1764/1069
f 1098/1756/1070 1102/1763/1070 1105/1764/1070
f 1065/1717/1071 1099/1751/1071 1068/1800/1071
f 1099/1751/1072 1066/1801/1072 1068/1800/1072
f 1100/1757/1073 1075/1730/1073 1103/1802/1073
f 1075/1803/1074 1101/1760/1074 1103/1762/1074
f 1079/1733/1075 1093/1749/1075 1065/1717/1075
f 1074/1731/1076 1080/1783/1076 1067/1723/1076
f 1101/1760/1077 1066/1804/1077 1095/1754/1077
f 1086/1741/1078 1100/1757/1078 1114/1773/1078
f 1087/1744/1079 1108/1791/1079 1081/1739/1079
f 1115/1776/1080 1094/1796/1080 1109/1771/1080
f 1121/1805/1081 1125/1806/1081 1127/1807/1081
f 1122/1808/1082 1125/1809/1082 1124/1810/1082
f 1123/1811/1083 1125/1809/1083 1126/1812/1083
f 1128/1813/1084 1132/1814/1084 1134/1815/1084
f 1129/1816/1085 1132/1817/1085 1131/1818/1085
f 1130/1819/1086 1132/1814/1086 1133/1820/1086
f 1135/1821/1087 1139/1822/1087 1141/1823/1087
f 1136/1824/1088 1139/1825/1088 1138/1826/1088
f 1137/1827/1089 1139/1825/1089 1140/1828/1089
f 1142/1829/1090 1146/1830/1090 1148/1831/1090
f 1143/1832/1091 1146/1833/1091 1145/1834/1091
f 1144/1835/1092 1146/1830/1092 1147/1836/1092
f 1149/1837/1093 1153/1838/1093 1155/1839/1093
f 1150/1840/1094 1153/1838/1094 1152/1841/1094
f 1151/1842/1095 1153/1843/1095 1154/1844/1095
f 1156/1845/1096 1160/1846/1096 1162/1847/1096
f 1157/1848/1097 1160/1849/1097 1159/1850/1097
f 1158/1851/1098 1160/1849/1098 1161/1852/1098
f 1163/1853/1099 1167/1854/1099 1169/1855/1099
f 1164/1856/1100 1167/1857/1100 1166/1858/1100
f 1165/1859/1101 1167/1857/1101 1168/1860/1101
f 1170/1861/1102 1174/1862/1102 1176/1863/1102
f 1171/1864/1103 1174/1865/1103 1173/1866/1103
f 1172/1867/1104 1174/1865/1104 1175/1868/1104
f 1121/1805/1105 1138/1869/1105 1135/1821/1105
f 1127/1870/1106 1136/1871/1106 1138/1872/1106
f 1122/1808/1107 1134/1815/1107 1126/1812/1107
f 1126/1812/1108 1130/1819/1108 1123/1811/1108
f 1129/1816/1109 1148/1831/1109 1133/1873/1109
f 1133/1820/1110 1144/1874/1110 1130/1819/1110
f 1143/1832/1111 1140/1828/1111 1147/1875/1111
f 1147/1875/1112 1136/1824/1112 1144/1876/1112
f 1135/1821/1113 1166/1877/1113 1163/1853/1113
f 1141/1878/1114 1164/1879/1114 1166/1880/1114
f 1170/1861/1115 1145/1881/1115 1142/1829/1115
f 1145/1881/1116 1172/1882/1116 1143/1883/1116
f 1165/1859/1117 1175/1868/1117 1171/1864/1117
f 1168/1860/1118 1172/1867/1118 1175/1868/1118
f 1163/1853/1119 1152/1841/1119 1149/1837/1119
f 1169/1884/1120 1150/1885/1120 1152/1886/1120
f 1156/1845/1121 1173/1887/1121 1170/1861/1121
f 1173/1866/1122 1158/1888/1122 1171/1864/1122
f 1157/1848/1123 1154/1844/1123 1161/1852/1123
f 1154/1844/1124 1158/1851/1124 1161/1852/1124
f 1121/1805/1125 1155/1839/1125 1124/1889/1125
f 1155/1839/1126 1122/1890/1126 1124/1889/1126
f 1129/1816/1127 1159/1891/1127 1156/1845/1127
f 1131/1892/1128 1157/1848/1128 1159/1850/1128
f 1163/1853/1129 1121/1805/1129 1135/1821/1129
f 1130/1819/1130 1136/1871/1130 1123/1811/1130
f 1151/1842/1131 1128/1893/1131 1122/1894/1131
f 1142/1829/1132 1156/1845/1132 1170/1861/1132
f 1137/1827/1133 1172/1895/1133 1164/1879/1133
f 1171/1864/1134 1150/1885/1134 1165/1859/1134
f 1177/1896/1135 1181/1897/1135 1183/1898/1135
f 1178/1899/1136 1181/1900/1136 1180/1901/1136
f 1179/1902/1137 1181/1903/1137 1182/1904/1137
f 1184/1905/1138 1188/1906/1138 1190/1907/1138
f 1185/1908/1139 1188/1909/1139 1187/1910/1139
f 1186/1911/1140 1188/1912/1140 1189/1913/1140
f 1191/1914/1141 1195/1915/1141 1197/1916/1141
f 1192/1917/1142 1195/1918/1142 1194/1919/1142
f 1193/1920/1143 1195/1921/1143 1196/1922/1143
f 1198/1923/1144 1202/1924/1144 1204/1925/1144
f 1199/1926/1145 1202/1927/1145 1201/1928/1145
f 1200/1929/1146 1202/1930/1146 1203/1931/1146
f 1205/1932/1147 1209/1933/1147 1211/1934/1147
f 1206/1935/1148 1209/1936/1148 1208/1937/1148
f 1207/1938/1149 1209/1939/1149 1210/1940/1149
f 1212/1941/1150 1216/1942/1150 1218/1943/1150
f 1213/1944/1151 1216/1945/1151 1215/1946/1151
f 1214/1947/1152 1216/1948/1152 1217/1949/1152
f 1219/1950/1153 1223/1951/1153 1225/1952/1153
f 1220/1953/1154 1223/1954/1154 1222/1955/1154
f 1221/1956/1155 1223/1957/1155 1224/1958/1155
f 1226/1959/1156 1230/1960/1156 1232/1961/1156
f 1227/1962/1157 1230/1963/1157 1229/1964/1157
f 1228/1965/1158 1230/1966/1158 1231/1967/1158
f 1191/1914/1159 1183/1898/1159 1194/1968/1159
f 1183/1969/1160 1192/1917/1160 1194/1919/1160
f 1178/1899/1161 1190/1907/1161 1182/1970/1161
f 1190/1971/1162 1179/1902/1162 1182/1904/1162
f 1185/1908/1163 1204/1925/1163 1189/1972/1163
f 1204/1973/1164 1186/1911/1164 1189/1913/1164
f 1199/1926/1165 1196/1922/1165 1203/1974/1165
f 1203/1931/1166 1192/1917/1166 1200/1929/1166
f 1191/1914/1167 1222/1975/1167 1219/1950/1167
f 1222/1955/1168 1193/1920/1168 1220/1953/1168
f 1226/1959/1169 1201/1976/1169 1198/1923/1169
f 1232/1977/1170 1199/1926/1170 1201/1928/1170
f 1221/1956/1171 1231/1978/1171 1227/1962/1171
f 1224/1979/1172 1228/1965/1172 1231/1967/1172
f 1205/1932/1173 1225/1952/1173 1208/1980/1173
f 1225/1981/1174 1206/1935/1174 1208/1937/1174
f 1212/1941/1175 1229/1982/1175 1226/1959/1175
f 1229/1964/1176 1214/1947/1176 1227/1962/1176
f 1207/1938/1177 1217/1983/1177 1213/1944/1177
f 1210/1984/1178 1214/1947/1178 1217/1949/1178
f 1177/1896/1179 1211/1934/1179 1180/1985/1179
f 1180/1901/1180 1207/1938/1180 1178/1899/1180
f 1212/1941/1181 1187/1910/1181 1215/1986/1181
f 1215/1946/1182 1184/1905/1182 1213/1944/1182
f 1219/1950/1183 1177/1896/1183 1191/1914/1183
f 1186/1911/1184 1192/1917/1184 1179/1902/1184
f 1213/1944/1185 1178/1899/1185 1207/1938/1185
f 1226/1959/1186 1185/1908/1186 1212/1941/1186
f 1199/1926/1187 1220/1953/1187 1193/1920/1187
f 1221/1956/1188 1214/1947/1188 1206/1935/1188
f 1233/1987/1189 1237/1988/1189 1239/1989/1189
f 1234/1990/1190 1237/1991/1190 1236/1992/1190
f 1235/1993/1191 1237/1991/1191 1238/1994/1191
f 1240/1995/1192 1244/1996/1192 1246/1997/1192
f 1241/1998/1193 1244/1999/1193 1243/2000/1193
f 1242/2001/1194 1244/1996/1194 1245/2002/1194
f 1247/2003/1195 1251/2004/1195 1253/2005/1195
f 1248/2006/1196 1251/2007/1196 1250/2008/1196
f 1249/2009/1197 1251/2007/1197 1252/2010/1197
f 1254/2011/1198 1258/2012/1198 1260/2013/1198
f 1255/2014/1199 1258/2015/1199 1257/2016/1199
f 1256/2017/1200 1258/2015/1200 1259/2018/1200
f 1261/2019/1201 1265/2020/1201 1267/2021/1201
f 1262/2022/1202 1265/2023/1202 1264/2024/1202
f 1263/2025/1203 1265/2023/1203 1266/2026/1203
f 1268/2027/1204 1272/2028/1204 1274/2029/1204
f 1269/2030/1205 1272/2031/1205 1271/2032/1205
f 1270/2033/1206 1272/2031/1206 1273/2034/1206
f 1275/2035/1207 1279/2036/1207 1281/2037/1207
f 1276/2038/1208 1279/2039/1208 1278/2040/1208
f 1277/2041/1209 1279/2039/1209 1280/2042/1209
f 1282/2043/1210 1286/2044/1210 1288/2045/1210
f 1283/2046/1211 1286/2047/1211 1285/2048/1211
f 1284/2049/1212 1286/2047/1212 1287/2050/1212
f 1247/2003/1213 1239/1989/1213 1250/2051/1213
f 1250/2052/1214 1235/1993/1214 1248/2053/1214
f 1240/1995/1215 1238/1994/1215 1234/1990/1215
f 1238/1994/1216 1242/2001/1216 1235/1993/1216
f 1254/2011/1217 1245/2054/1217 1241/1998/1217
f 1260/2055/1218 1242/2001/1218 1245/2002/1218
f 1249/2009/1219 1259/2018/1219 1255/2014/1219
f 1252/2010/1220 1256/2017/1220 1259/2018/1220
f 1275/2035/1221 1253/2005/1221 1278/2056/1221
f 1253/2057/1222 1276/2058/1222 1278/2059/1222
f 1282/2043/1223 1257/2060/1223 1254/2011/1223
f 1257/2016/1224 1284/2061/1224 1255/2014/1224
f 1277/2041/1225 1287/2050/1225 1283/2046/1225
f 1280/2042/1226 1284/2049/1226 1287/2050/1226
f 1261/2019/1227 1281/2037/1227 1264/2062/1227
f 1281/2063/1228 1262/2064/1228 1264/2065/1228
f 1268/2027/1229 1285/2066/1229 1282/2043/1229
f 1285/2048/1230 1270/2067/1230 1283/2046/1230
f 1263/2025/1231 1273/2034/1231 1269/2030/1231
f 1266/2026/1232 1270/2033/1232 1273/2034/1232
f 1261/2019/1233 1236/2068/1233 1233/1987/1233
f 1236/2069/1234 1263/2025/1234 1234/2070/1234
f 1241/1998/1235 1271/2071/1235 1268/2027/1235
f 1243/2072/1236 1269/2030/1236 1271/2032/1236
f 1275/2035/1237 1233/1987/1237 1247/2003/1237
f 1242/2001/1238 1248/2053/1238 1235/1993/1238
f 1263/2025/1239 1240/2073/1239 1234/2070/1239
f 1282/2043/1240 1241/1998/1240 1268/2027/1240
f 1249/2009/1241 1284/2061/1241 1276/2058/1241
f 1277/2041/1242 1270/2067/1242 1262/2064/1242
f 1289/2074/1243 1293/2075/1243 1295/2076/1243
f 1290/2077/1244 1293/2078/1244 1292/2079/1244
f 1291/2080/1245 1293/2078/1245 1294/2081/1245
f 1296/2082/1246 1300/2083/1246 1302/2084/1246
f 1297/2085/1247 1300/2086/1247 1299/2087/1247
f 1298/2088/1248 1300/2083/1248 1301/2089/1248
f 1303/2090/1249 1307/2091/1249 1309/2092/1249
f 1304/2093/1250 1307/2094/1250 1306/2095/1250
f 1305/2096/1251 1307/2094/1251 1308/2097/1251
f 1310/2098/1252 1314/2099/1252 1316/2100/1252
f 1311/2101/1253 1314/2102/1253 1313/2103/1253
f 1312/2104/1254 1314/2102/1254 1315/2105/1254
f 1317/2106/1255 1321/2107/1255 1323/2108/1255
f 1318/2109/1256 1321/2110/1256 1320/2111/1256
f 1319/2112/1257 1321/2110/1257 1322/2113/1257
f 1324/2114/1258 1328/2115/1258 1330/2116/1258
f 1325/2117/1259 1328/2118/1259 1327/2119/1259
f 1326/2120/1260 1328/2118/1260 1329/2121/1260
f 1331/2122/1261 1335/2123/1261 1337/2124/1261
f 1332/2125/1262 1335/2126/1262 1334/2127/1262
f 1333/2128/1263 1335/2126/1263 1336/2129/1263
f 1338/2130/1264 1342/2131/1264 1344/2132/1264
f 1339/2133/1265 1342/2134/1265 1341/2135/1265
f 1340/2136/1266 1342/2134/1266 1343/2137/1266
f 1303/2090/1267 1295/2076/1267 1306/2138/1267
f 1295/2139/1268 1304/2093/1268 1306/2095/1268
f 1290/2077/1269 1302/2084/1269 1294/2081/1269
f 1302/2084/1270 1291/2080/1270 1294/2081/1270
f 1310/2098/1271 1301/2140/1271 1297/2085/1271
f 1301/2089/1272 1312/2141/1272 1298/2088/1272
f 1305/2096/1273 1315/2105/1273 1311/2101/1273
f 1315/2105/1274 1304/2093/1274 1312/2104/1274
f 1303/2090/1275 1334/2142/1275 1331/2122/1275
f 1334/2143/1276 1305/2096/1276 1332/2144/1276
f 1338/2130/1277 1313/2145/1277 1310/2098/1277
f 1344/2132/1278 1311/2146/1278 1313/2145/1278
f 1339/2133/1279 1336/2129/1279 1343/2137/1279
f 1343/2137/1280 1332/2125/1280 1340/2136/1280
f 1317/2106/1281 1337/2124/1281 1320/2147/1281
f 1320/2148/1282 1333/2128/1282 1318/2149/1282
f 1338/2130/1283 1330/2116/1283 1341/2150/1283
f 1341/2151/1284 1326/2120/1284 1339/2152/1284
f 1319/2112/1285 1329/2121/1285 1325/2117/1285
f 1329/2121/1286 1318/2109/1286 1326/2120/1286
f 1289/2074/1287 1323/2108/1287 1292/2153/1287
f 1323/2108/1288 1290/2154/1288 1292/2153/1288
f 1324/2114/1289 1299/2087/1289 1327/2155/1289
f 1299/2156/1290 1325/2117/1290 1327/2119/1290
f 1303/2090/1291 1317/2106/1291 1289/2074/1291
f 1298/2088/1292 1304/2157/1292 1291/2080/1292
f 1325/2117/1293 1290/2158/1293 1319/2112/1293
f 1310/2098/1294 1324/2114/1294 1338/2130/1294
f 1305/2096/1295 1340/2159/1295 1332/2144/1295
f 1339/2133/1296 1318/2149/1296 1333/2128/1296
f 1345/2160/1297 1349/2161/1297 1351/2162/1297
f 1346/2163/1298 1349/2164/1298 1348/2165/1298
f 1347/2166/1299 1349/2167/1299 1350/2168/1299
f 1352/2169/1300 1356/2170/1300 1358/2171/1300
f 1353/2172/1301 1356/2173/1301 1355/2174/1301
f 1354/2175/1302 1356/2176/1302 1357/2177/1302
f 1359/2178/1303 1363/2179/1303 1365/2180/1303
f 1360/2181/1304 1363/2182/1304 1362/2183/1304
f 1361/2184/1305 1363/2185/1305 1364/2186/1305
f 1366/2187/1306 1370/2188/1306 1372/2189/1306
f 1367/2190/1307 1370/2188/1307 1369/2191/1307
f 1368/2192/1308 1370/2193/1308 1371/2194/1308
f 1373/2195/1309 1377/2196/1309 1379/2197/1309
f 1374/2198/1310 1377/2199/1310 1376/2200/1310
f 1375/2201/1311 1377/2196/1311 1378/2202/1311
f 1380/2203/1312 1384/2204/1312 1386/2205/1312
f 1381/2206/1313 1384/2207/1313 1383/2208/1313
f 1382/2209/1314 1384/2210/1314 1385/2211/1314
f 1387/2212/1315 1391/2213/1315 1393/2214/1315
f 1388/2215/1316 1391/2216/1316 1390/2217/1316
f 1389/2218/1317 1391/2219/1317 1392/2220/1317
f 1394/2221/1318 1398/2222/1318 1400/2223/1318
f 1395/2224/1319 1398/2225/1319 1397/2226/1319
f 1396/2227/1320 1398/2228/1320 1399/2229/1320
f 1345/2160/1321 1362/2230/1321 1359/2178/1321
f 1362/2183/1322 1347/2166/1322 1360/2181/1322
f 1352/2169/1323 1350/2231/1323 1346/2163/1323
f 1350/2168/1324 1354/2175/1324 1347/2166/1324
f 1353/2172/1325 1372/2189/1325 1357/2232/1325
f 1357/2177/1326 1368/2192/1326 1354/2175/1326
f 1361/2184/1327 1371/2233/1327 1367/2234/1327
f 1371/2194/1328 1360/2181/1328 1368/2192/1328
f 1359/2178/1329 1390/2235/1329 1387/2212/1329
f 1365/2236/1330 1388/2215/1330 1390/2217/1330
f 1366/2187/1331 1400/2223/1331 1369/2191/1331
f 1400/2237/1332 1367/2234/1332 1369/2238/1332
f 1395/2224/1333 1392/2220/1333 1399/2239/1333
f 1392/2240/1334 1396/2227/1334 1399/2229/1334
f 1387/2212/1335 1376/2241/1335 1373/2195/1335
f 1376/2200/1336 1389/2218/1336 1374/2198/1336
f 1380/2203/1337 1397/2242/1337 1394/2221/1337
f 1386/2243/1338 1395/2224/1338 1397/2226/1338
f 1381/2206/1339 1378/2244/1339 1385/2245/1339
f 1378/2246/1340 1382/2209/1340 1385/2211/1340
f 1345/2160/1341 1379/2197/1341 1348/2247/1341
f 1379/2248/1342 1346/2163/1342 1348/2165/1342
f 1380/2203/1343 1355/2174/1343 1383/2249/1343
f 1383/2208/1344 1352/2169/1344 1381/2206/1344
f 1387/2212/1345 1345/2160/1345 1359/2178/1345
f 1354/2175/1346 1360/2181/1346 1347/2166/1346
f 1381/2206/1347 1346/2163/1347 1375/2250/1347
f 1366/2187/1348 1380/2203/1348 1394/2221/1348
f 1367/2234/1349 1388/2215/1349 1361/2184/1349
f 1395/2224/1350 1374/2198/1350 1389/2218/1350
f 1401/2251/1351 1405/2252/1351 1407/2253/1351
f 1402/2254/1352 1405/2255/1352 1404/2256/1352
f 1403/2257/1353 1405/2255/1353 1406/2258/1353
f 1408/2259/1354 1412/2260/1354 1414/2261/1354
f 1409/2262/1355 1412/2263/1355 1411/2264/1355
f 1410/2265/1356 1412/2260/1356 1413/2266/1356
f 1415/2267/1357 1419/2268/1357 1421/2269/1357
f 1416/2270/1358 1419/2271/1358 1418/2272/1358
f 1417/2273/1359 1419/2271/1359 1420/2274/1359
f 1422/2275/1360 1426/2276/1360 1428/2277/1360
f 1423/2278/1361 1426/2279/1361 1425/2280/1361
f 1424/2281/1362 1426/2279/1362 1427/2282/1362
f 1429/2283/1363 1433/2284/1363 1435/2285/1363
f 1430/2286/1364 1433/2287/1364 1432/2288/1364
f 1431/2289/1365 1433/2287/1365 1434/2290/1365
f 1436/2291/1366 1440/2292/1366 1442/2293/1366
f 1437/2294/1367 1440/2295/1367 1439/2296/1367
f 1438/2297/1368 1440/2295/1368 1441/2298/1368
f 1443/2299/1369 1447/2300/1369 1449/2301/1369
f 1444/2302/1370 1447/2303/1370 1446/2304/1370
f 1445/2305/1371 1447/2303/1371 1448/2306/1371
f 1450/2307/1372 1454/2308/1372 1456/2309/1372
f 1451/2310/1373 1454/2311/1373 1453/2312/1373
f 1452/2313/1374 1454/2311/1374 1455/2314/1374
f 1415/2267/1375 1407/2253/1375 1418/2315/1375
f 1418/2272/1376 1403/2316/1376 1416/2270/1376
f 1402/2254/1377 1414/2261/1377 1406/2258/1377
f 1414/2261/1378 1403/2257/1378 1406/2258/1378
f 1422/2275/1379 1413/2317/1379 1409/2262/1379
f 1428/2318/1380 1410/2265/1380 1413/2266/1380
f 1423/2278/1381 1420/2274/1381 1427/2282/1381
f 1420/2274/1382 1424/2281/1382 1427/2282/1382
f 1415/2267/1383 1446/2319/1383 1443/2299/1383
f 1421/2320/1384 1444/2321/1384 1446/2322/1384
f 1450/2307/1385 1425/2323/1385 1422/2275/1385
f 1456/2324/1386 1423/2278/1386 1425/2280/1386
f 1445/2305/1387 1455/2314/1387 1451/2310/1387
f 1455/2314/1388 1444/2302/1388 1452/2313/1388
f 1429/2283/1389 1449/2301/1389 1432/2325/1389
f 1449/2326/1390 1430/2327/1390 1432/2328/1390
f 1450/2307/1391 1442/2293/1391 1453/2329/1391
f 1442/2330/1392 1451/2331/1392 1453/2332/1392
f 1437/2294/1393 1434/2290/1393 1441/2298/1393
f 1441/2298/1394 1430/2286/1394 1438/2297/1394
f 1429/2283/1395 1404/2333/1395 1401/2251/1395
f 1404/2334/1396 1431/2289/1396 1402/2335/1396
f 1436/2291/1397 1411/2264/1397 1439/2336/1397
f 1439/2296/1398 1408/2337/1398 1437/2294/1398
f 1443/2299/1399 1401/2251/1399 1415/2267/1399
f 1410/2265/1400 1416/2338/1400 1403/2257/1400
f 1431/2289/1401 1408/2337/1401 1402/2335/1401
f 1422/2275/1402 1436/2291/1402 1450/2307/1402
f 1423/2278/1403 1444/2321/1403 1417/2273/1403
f 1451/2310/1404 1430/2327/1404 1445/2305/1404
f 1457/2339/1405 1461/2340/1405 1463/2341/1405
f 1458/2342/1406 1461/2343/1406 1460/2344/1406
f 1459/2345/1407 1461/2343/1407 1462/2346/1407
f 1464/2347/1408 1468/2348/1408 1470/2349/1408
f 1465/2350/1409 1468/2351/1409 1467/2352/1409
f 1466/2353/1410 1468/2348/1410 1469/2354/1410
f 1471/2355/1411 1475/2356/1411 1477/2357/1411
f 1472/2358/1412 1475/2359/1412 1474/2360/1412
f 1473/2361/1413 1475/2359/1413 1476/2362/1413
f 1478/2363/1414 1482/2364/1414 1484/2365/1414
f 1479/2366/1415 1482/2367/1415 1481/2368/1415
f 1480/2369/1416 1482/2367/1416 1483/2370/1416
f 1485/2371/1417 1489/2372/1417 1491/2373/1417
f 1486/2374/1418 1489/2375/1418 1488/2376/1418
f 1487/2377/1419 1489/2375/1419 1490/2378/1419
f 1492/2379/1420 1496/2380/1420 1498/2381/1420
f 1493/2382/1421 1496/2383/1421 1495/2384/1421
f 1494/2385/1422 1496/2383/1422 1497/2386/1422
f 1499/2387/1423 1503/2388/1423 1505/2389/1423
f 1500/2390/1424 1503/2391/1424 1502/2392/1424
f 1501/2393/1425 1503/2391/1425 1504/2394/1425
f 1506/2395/1426 1510/2396/1426 1512/2397/1426
f 1507/2398/1427 1510/2399/1427 1509/2400/1427
f 1508/2401/1428 1510/2399/1428 1511/2402/1428
f 1457/2339/1429 1474/2403/1429 1471/2355/1429
f 1474/2404/1430 1459/2345/1430 1472/2405/1430
f 1464/2347/1431 1462/2346/1431 1458/2342/1431
f 1470/2349/1432 1459/2345/1432 1462/2346/1432
f 1465/2350/1433 1484/2365/1433 1469/2406/1433
f 1484/2407/1434 1466/2353/1434 1469/2354/1434
f 1473/2361/1435 1483/2370/1435 1479/2366/1435
f 1483/2370/1436 1472/2358/1436 1480/2369/1436
f 1499/2387/1437 1477/2357/1437 1502/2408/1437
f 1477/2409/1438 1500/2410/1438 1502/2411/1438
f 1478/2363/1439 1512/2397/1439 1481/2412/1439
f 1512/2413/1440 1479/2366/1440 1481/2368/1440
f 1507/2398/1441 1504/2394/1441 1511/2402/1441
f 1504/2394/1442 1508/2401/1442 1511/2402/1442
f 1485/2371/1443 1505/2389/1443 1488/2414/1443
f 1505/2415/1444 1486/2416/1444 1488/2417/1444
f 1492/2379/1445 1509/2418/1445 1506/2395/1445
f 1498/2419/1446 1507/2398/1446 1509/2400/1446
f 1487/2377/1447 1497/2386/1447 1493/2382/1447
f 1497/2386/1448 1486/2374/1448 1494/2385/1448
f 1485/2371/1449 1460/2420/1449 1457/2339/1449
f 1491/2421/1450 1458/2422/1450 1460/2423/1450
f 1465/2350/1451 1495/2424/1451 1492/2379/1451
f 1495/2384/1452 1464/2425/1452 1493/2382/1452
f 1499/2387/1453 1457/2339/1453 1471/2355/1453
f 1466/2353/1454 1472/2405/1454 1459/2345/1454
f 1487/2377/1455 1464/2425/1455 1458/2422/1455
f 1506/2395/1456 1465/2350/1456 1492/2379/1456
f 1479/2366/1457 1500/2410/1457 1473/2361/1457
f 1501/2393/1458 1494/2426/1458 1486/2416/1458
f 1513/2427/1459 1517/2428/1459 1519/2429/1459
f 1514/2430/1460 1517/2431/1460 1516/2432/1460
f 1515/2433/1461 1517/2431/1461 1518/2434/1461
f 1520/2435/1462 1524/2436/1462 1526/2437/1462
f 1521/2438/1463 1524/2439/1463 1523/2440/1463
f 1522/2441/1464 1524/2436/1464 1525/2442/1464
f 1527/2443/1465 1531/2444/1465 1533/2445/1465
f 1528/2446/1466 1531/2447/1466 1530/2448/1466
f 1529/2449/1467 1531/2447/1467 1532/2450/1467
f 1534/2451/1468 1538/2452/1468 1540/2453/1468
f 1535/2454/1469 1538/2455/1469 1537/2456/1469
f 1536/2457/1470 1538/2452/1470 1539/2458/1470
f 1541/2459/1471 1545/2460/1471 1547/2461/1471
f 1542/2462/1472 1545/2460/1472 1544/2463/1472
f 1543/2464/1473 1545/2465/1473 1546/2466/1473
f 1548/2467/1474 1552/2468/1474 1554/2469/1474
f 1549/2470/1475 1552/2471/1475 1551/2472/1475
f 1550/2473/1476 1552/2471/1476 1553/2474/1476
f 1555/2475/1477 1559/2476/1477 1561/2477/1477
f 1556/2478/1478 1559/2479/1478 1558/2480/1478
f 1557/2481/1479 1559/2479/1479 1560/2482/1479
f 1562/2483/1480 1566/2484/1480 1568/2485/1480
f 1563/2486/1481 1566/2487/1481 1565/2488/1481
f 1564/2489/1482 1566/2487/1482 1567/2490/1482
f 1527/2443/1483 1519/2429/1483 1530/2491/1483
f 1519/2492/1484 1528/2493/1484 1530/2494/1484
f 1520/2435/1485 1518/2434/1485 1514/2430/1485
f 1518/2434/1486 1522/2441/1486 1515/2433/1486
f 1521/2438/1487 1540/2453/1487 1525/2495/1487
f 1540/2496/1488 1522/2441/1488 1525/2442/1488
f 1529/2449/1489 1539/2497/1489 1535/2454/1489
f 1539/2497/1490 1528/2446/1490 1536/2498/1490
f 1527/2443/1491 1558/2499/1491 1555/2475/1491
f 1558/2500/1492 1529/2449/1492 1556/2501/1492
f 1562/2483/1493 1537/2502/1493 1534/2451/1493
f 1537/2502/1494 1564/2503/1494 1535/2504/1494
f 1557/2481/1495 1567/2490/1495 1563/2486/1495
f 1560/2482/1496 1564/2489/1496 1567/2490/1496
f 1541/2459/1497 1561/2477/1497 1544/2463/1497
f 1561/2505/1498 1542/2506/1498 1544/2507/1498
f 1562/2483/1499 1554/2469/1499 1565/2508/1499
f 1554/2509/1500 1563/2486/1500 1565/2488/1500
f 1543/2464/1501 1553/2474/1501 1549/2470/1501
f 1553/2474/1502 1542/2510/1502 1550/2473/1502
f 1541/2459/1503 1516/2511/1503 1513/2427/1503
f 1547/2461/1504 1514/2512/1504 1516/2511/1504
f 1521/2438/1505 1551/2513/1505 1548/2467/1505
f 1551/2472/1506 1520/2514/1506 1549/2470/1506
f 1555/2475/1507 1513/2427/1507 1527/2443/1507
f 1522/2441/1508 1528/2493/1508 1515/2433/1508
f 1543/2464/1509 1520/2514/1509 1514/2515/1509
f 1562/2483/1510 1521/2438/1510 1548/2467/1510
f 1535/2454/1511 1556/2501/1511 1529/2449/1511
f 1563/2486/1512 1542/2506/1512 1557/2481/1512
f 1569/2516/1513 1573/2517/1513 1575/2518/1513
f 1570/2519/1514 1573/2520/1514 1572/2521/1514
f 1571/2522/1515 1573/2520/1515 1574/2523/1515
f 1576/2524/1516 1580/2525/1516 1582/2526/1516
f 1577/2527/1517 1580/2528/1517 1579/2529/1517
f 1578/2530/1518 1580/2525/1518 1581/2531/1518
f 1583/2532/1519 1587/2533/1519 1589/2534/1519
f 1584/2535/1520 1587/2536/1520 1586/2537/1520
f 1585/2538/1521 1587/2536/1521 1588/2539/1521
f 1590/2540/1522 1594/2541/1522 1596/2542/1522
f 1591/2543/1523 1594/2541/1523 1593/2544/1523
f 1592/2545/1524 1594/2546/1524 1595/2547/1524
f 1597/2548/1525 1601/2549/1525 1603/2550/1525
f 1598/2551/1526 1601/2552/1526 1600/2553/1526
f 1599/2554/1527 1601/2549/1527 1602/2555/1527
f 1604/2556/1528 1608/2557/1528 1610/2558/1528
f 1605/2559/1529 1608/2560/1529 1607/2561/1529
f 1606/2562/1530 1608/2560/1530 1609/2563/1530
f 1611/2564/1531 1615/2565/1531 1617/2566/1531
f 1612/2567/1532 1615/2568/1532 1614/2569/1532
f 1613/2570/1533 1615/2568/1533 1616/2571/1533
f 1618/2572/1534 1622/2573/1534 1624/2574/1534
f 1619/2575/1535 1622/2576/1535 1621/2577/1535
f 1620/2578/1536 1622/2576/1536 1623/2579/1536
f 1583/2532/1537 1575/2518/1537 1586/2580/1537
f 1575/2581/1538 1584/2535/1538 1586/2537/1538
f 1570/2519/1539 1582/2526/1539 1574/2523/1539
f 1574/2523/1540 1578/2530/1540 1571/2522/1540
f 1577/2527/1541 1596/2542/1541 1581/2582/1541
f 1596/2542/1542 1578/2583/1542 1581/2582/1542
f 1585/2538/1543 1595/2547/1543 1591/2584/1543
f 1595/2547/1544 1584/2535/1544 1592/2545/1544
f 1583/2532/1545 1614/2585/1545 1611/2564/1545
f 1614/2569/1546 1585/2586/1546 1612/2567/1546
f 1590/2540/1547 1624/2574/1547 1593/2544/1547
f 1624/2574/1548 1591/2543/1548 1593/2544/1548
f 1619/2575/1549 1616/2571/1549 1623/2579/1549
f 1616/2571/1550 1620/2578/1550 1623/2579/1550
f 1597/2548/1551 1617/2566/1551 1600/2587/1551
f 1617/2566/1552 1598/2588/1552 1600/2587/1552
f 1604/2556/1553 1621/2589/1553 1618/2572/1553
f 1610/2590/1554 1619/2591/1554 1621/2592/1554
f 1599/2593/1555 1609/2563/1555 1605/2559/1555
f 1602/2594/1556 1606/2562/1556 1609/2563/1556
f 1569/2516/1557 1603/2550/1557 1572/2595/1557
f 1603/2550/1558 1570/2596/1558 1572/2595/1558
f 1604/2556/1559 1579/2529/1559 1607/2597/1559
f 1607/2598/1560 1576/2524/1560 1605/2599/1560
f 1611/2564/1561 1569/2516/1561 1583/2532/1561
f 1578/2600/1562 1584/2535/1562 1571/2601/1562
f 1605/2599/1563 1570/2519/1563 1599/2602/1563
f 1590/2540/1564 1604/2556/1564 1618/2572/1564
f 1591/2603/1565 1612/2567/1565 1585/2586/1565
f 1619/2591/1566 1598/2551/1566 1613/2604/1566
f 1625/2605/1567 1629/2606/1567 1631/2607/1567
f 1626/2608/1568 1629/2609/1568 1628/2610/1568
f 1627/2611/1569 1629/2612/1569 1630/2613/1569
f 1632/2614/1570 1636/2615/1570 1638/2616/1570
f 1633/2617/1571 1636/2618/1571 1635/2619/1571
f 1634/2620/1572 1636/2621/1572 1637/2622/1572
f 1639/2623/1573 1643/2624/1573 1645/2625/1573
f 1640/2626/1574 1643/2627/1574 1642/2628/1574
f 1641/2629/1575 1643/2630/1575 1644/2631/1575
f 1646/2632/1576 1650/2633/1576 1652/2634/1576
f 1647/2635/1577 1650/2636/1577 1649/2637/1577
f 1648/2638/1578 1650/2639/1578 1651/2640/1578
f 1653/2641/1579 1657/2642/1579 1659/2643/1579
f 1654/2644/1580 1657/2645/1580 1656/2646/1580
f 1655/2647/1581 1657/2648/1581 1658/2649/1581
f 1660/2650/1582 1664/2651/1582 1666/2652/1582
f 1661/2653/1583 1664/2654/1583 1663/2655/1583
f 1662/2656/1584 1664/2657/1584 1665/2658/1584
f 1667/2659/1585 1671/2660/1585 1673/2661/1585
f 1668/2662/1586 1671/2663/1586 1670/2664/1586
f 1669/2665/1587 1671/2666/1587 1672/2667/1587
f 1674/2668/1588 1678/2669/1588 1680/2670/1588
f 1675/2671/1589 1678/2672/1589 1677/2673/1589
f 1676/2674/1590 1678/2675/1590 1679/2676/1590
f 1639/2623/1591 1631/2607/1591 1642/2677/1591
f 1631/2678/1592 1640/2626/1592 1642/2628/1592
f 1626/2608/1593 1638/2616/1593 1630/2679/1593
f 1638/2680/1594 1627/2611/1594 1630/2613/1594
f 1646/2632/1595 1637/2681/1595 1633/2617/1595
f 1652/2682/1596 1634/2620/1596 1637/2622/1596
f 1641/2629/1597 1651/2683/1597 1647/2635/1597
f 1651/2640/1598 1640/2626/1598 1648/2638/1598
f 1667/2659/1599 1645/2625/1599 1670/2684/1599
f 1670/2664/1600 1641/2629/1600 1668/2662/1600
f 1674/2668/1601 1649/2685/1601 1646/2632/1601
f 1649/2637/1602 1676/2674/1602 1647/2635/1602
f 1669/2665/1603 1679/2686/1603 1675/2671/1603
f 1672/2687/1604 1676/2674/1604 1679/2676/1604
f 1653/2641/1605 1673/2661/1605 1656/2688/1605
f 1656/2646/1606 1669/2665/1606 1654/2644/1606
f 1674/2668/1607 1666/2652/1607 1677/2689/1607
f 1677/2673/1608 1662/2656/1608 1675/2671/1608
f 1655/2647/1609 1665/2690/1609 1661/2653/1609
f 1658/2691/1610 1662/2656/1610 1665/2658/1610
f 1653/2641/1611 1628/2692/1611 1625/2605/1611
f 1659/2693/1612 1626/2608/1612 1628/2610/1612
f 1633/2617/1613 1663/2694/1613 1660/2650/1613
f 1663/2655/1614 1632/2614/1614 1661/2653/1614
f 1639/2623/1615 1653/2641/1615 1625/2605/1615
f 1627/2611/1616 1648/2638/1616 1640/2626/1616
f 1661/2653/1617 1626/2608/1617 1655/2647/1617
f 1674/2668/1618 1633/2617/1618 1660/2650/1618
f 1647/2635/1619 1668/2662/1619 1641/2629/1619
f 1675/2671/1620 1654/2644/1620 1669/2665/1620
f 1681/2695/1621 1685/2696/1621 1687/2697/1621
f 1682/2698/1622 1685/2699/1622 1684/2700/1622
f 1683/2701/1623 1685/2699/1623 1686/2702/1623
f 1688/2703/1624 1692/2704/1624 1694/2705/1624
f 1689/2706/1625 1692/2707/1625 1691/2708/1625
f 1690/2709/1626 1692/2704/1626 1693/2710/1626
f 1695/2711/1627 1699/2712/1627 1701/2713/1627
f 1696/2714/1628 1699/2715/1628 1698/2716/1628
f 1697/2717/1629 1699/2715/1629 1700/2718/1629
f 1702/2719/1630 1706/2720/1630 1708/2721/1630
f 1703/2722/1631 1706/2723/1631 1705/2724/1631
f 1704/2725/1632 1706/2723/1632 1707/2726/1632
f 1709/2727/1633 1713/2728/1633 1715/2729/1633
f 1710/2730/1634 1713/2731/1634 1712/2732/1634
f 1711/2733/1635 1713/2731/1635 1714/2734/1635
f 1716/2735/1636 1720/2736/1636 1722/2737/1636
f 1717/2738/1637 1720/2739/1637 1719/2740/1637
f 1718/2741/1638 1720/2739/1638 1721/2742/1638
f 1723/2743/1639 1727/2744/1639 1729/2745/1639
f 1724/2746/1640 1727/2747/1640 1726/2748/1640
f 1725/2749/1641 1727/2747/1641 1728/2750/1641
f 1730/2751/1642 1734/2752/1642 1736/2753/1642
f 1731/2754/1643 1734/2755/1643 1733/2756/1643
f 1732/2757/1644 1734/2755/1644 1735/2758/1644
f 1681/2695/1645 1698/2759/1645 1695/2711/1645
f 1698/2716/1646 1683/2760/1646 1696/2714/1646
f 1682/2698/1647 1694/2705/1647 1686/2702/1647
f 1686/2702/1648 1690/2709/1648 1683/2701/1648
f 1702/2719/1649 1693/2761/1649 1689/2706/1649
f 1708/2762/1650 1690/2763/1650 1693/2764/1650
f 1697/2717/1651 1707/2726/1651 1703/2722/1651
f 1700/2718/1652 1704/2725/1652 1707/2726/1652
f 1723/2743/1653 1701/2713/1653 1726/2765/1653
f 1726/2748/1654 1697/2766/1654 1724/2746/1654
f 1730/2751/1655 1705/2767/1655 1702/2719/1655
f 1736/2768/1656 1703/2769/1656 1705/2770/1656
f 1725/2749/1657 1735/2758/1657 1731/2754/1657
f 1728/2750/1658 1732/2757/1658 1735/2758/1658
f 1709/2727/1659 1729/2745/1659 1712/2771/1659
f 1712/2732/1660 1725/2772/1660 1710/2730/1660
f 1730/2751/1661 1722/2737/1661 1733/2773/1661
f 1733/2774/1662 1718/2741/1662 1731/2775/1662
f 1711/2733/1663 1721/2742/1663 1717/2738/1663
f 1714/2734/1664 1718/2741/1664 1721/2742/1664
f 1709/2727/1665 1684/2776/1665 1681/2695/1665
f 1684/2700/1666 1711/2777/1666 1682/2698/1666
f 1689/2706/1667 1719/2778/1667 1716/2735/1667
f 1691/2779/1668 1717/2780/1668 1719/2781/1668
f 1723/2743/1669 1681/2695/1669 1695/2711/1669
f 1690/2763/1670 1696/2714/1670 1683/2760/1670
f 1717/2780/1671 1682/2698/1671 1711/2777/1671
f 1730/2751/1672 1689/2706/1672 1716/2735/1672
f 1703/2769/1673 1724/2746/1673 1697/2766/1673
f 1725/2772/1674 1718/2741/1674 1710/2730/1674
f 1737/2782/1675 1741/2783/1675 1743/2784/1675
f 1738/2785/1676 1741/2786/1676 1740/2787/1676
f 1739/2788/1677 1741/2786/1677 1742/2789/1677
f 1744/2790/1678 1748/2791/1678 1750/2792/1678
f 1745/2793/1679 1748/2794/1679 1747/2795/1679
f 1746/2796/1680 1748/2791/1680 1749/2797/1680
f 1751/2798/1681 1755/2799/1681 1757/2800/1681
f 1752/2801/1682 1755/2802/1682 1754/2803/1682
f 1753/2804/1683 1755/2802/1683 1756/2805/1683
f 1758/2806/1684 1762/2807/1684 1764/2808/1684
f 1759/2809/1685 1762/2810/1685 1761/2811/1685
f 1760/2812/1686 1762/2810/1686 1763/2813/1686
f 1765/2814/1687 1769/2815/1687 1771/2816/1687
f 1766/2817/1688 1769/2818/1688 1768/2819/1688
f 1767/2820/1689 1769/2818/1689 1770/2821/1689
f 1772/2822/1690 1776/2823/1690 1778/2824/1690
f 1773/2825/1691 1776/2826/1691 1775/2827/1691
f 1774/2828/1692 1776/2826/1692 1777/2829/1692
f 1779/2830/1693 1783/2831/1693 1785/2832/1693
f 1780/2833/1694 1783/2834/1694 1782/2835/1694
f 1781/2836/1695 1783/2834/1695 1784/2837/1695
f 1786/2838/1696 1790/2839/1696 1792/2840/1696
f 1787/2841/1697 1790/2842/1697 1789/2843/1697
f 1788/2844/1698 1790/2842/1698 1791/2845/1698
f 1737/2782/1699 1754/2846/1699 1751/2798/1699
f 1754/2847/1700 1739/2788/1700 1752/2848/1700
f 1738/2785/1701 1750/2792/1701 1742/2789/1701
f 1750/2792/1702 1739/2788/1702 1742/2789/1702
f 1758/2806/1703 1749/2849/1703 1745/2793/1703
f 1764/2850/1704 1746/2796/1704 1749/2797/1704
f 1753/2804/1705 1763/2813/1705 1759/2809/1705
f 1763/2813/1706 1752/2801/1706 1760/2812/1706
f 1751/2798/1707 1782/2851/1707 1779/2830/1707
f 1782/2852/1708 1753/2804/1708 1780/2853/1708
f 1786/2838/1709 1761/2854/1709 1758/2806/1709
f 1761/2811/1710 1788/2855/1710 1759/2809/1710
f 1781/2836/1711 1791/2845/1711 1787/2841/1711
f 1791/2845/1712 1780/2833/1712 1788/2844/1712
f 1779/2830/1713 1768/2856/1713 1765/2814/1713
f 1785/2857/1714 1766/2858/1714 1768/2859/1714
f 1772/2822/1715 1789/2860/1715 1786/2838/1715
f 1778/2861/1716 1787/2841/1716 1789/2843/1716
f 1773/2825/1717 1770/2821/1717 1777/2829/1717
f 1777/2829/1718 1766/2817/1718 1774/2828/1718
f 1737/2782/1719 1771/2816/1719 1740/2862/1719
f 1771/2863/1720 1738/2864/1720 1740/2865/1720
f 1745/2793/1721 1775/2866/1721 1772/2822/1721
f 1775/2827/1722 1744/2867/1722 1773/2825/1722
f 1779/2830/1723 1737/2782/1723 1751/2798/1723
f 1739/2788/1724 1760/2868/1724 1752/2848/1724
f 1767/2820/1725 1744/2867/1725 1738/2864/1725
f 1758/2806/1726 1772/2822/1726 1786/2838/1726
f 1759/2809/1727 1780/2853/1727 1753/2804/1727
f 1787/2841/1728 1766/2858/1728 1781/2836/1728
f 1009/1625/3355 1012/1708/3355 1013/1626/3355
f 1010/1628/3356 1014/1692/3356 1013/1629/3356
f 1011/1631/3357 1015/4758/3357 1013/1632/3357
f 1016/1634/3358 1019/1711/3358 1020/1635/3358
f 1017/1637/3359 1021/1694/3359 1020/1638/3359
f 1018/1640/3360 1022/1636/3360 1020/1635/3360
f 1023/1642/3361 1026/1691/3361 1027/1643/3361
f 1024/1645/3362 1028/1649/3362 1027/1646/3362
f 1025/1648/3363 1029/4759/3363 1027/1646/3363
f 1030/1650/3364 1033/1654/3364 1034/1651/3364
f 1031/1653/3365 1035/4760/3365 1034/1651/3365
f 1032/1655/3366 1036/1695/3366 1034/1656/3366
f 1037/1658/3367 1040/1704/3367 1041/1659/3367
f 1038/1661/3368 1042/4761/3368 1041/1662/3368
f 1039/1664/3369 1043/1660/3369 1041/1659/3369
f 1044/1666/3370 1047/1710/3370 1048/1667/3370
f 1045/1669/3371 1049/1673/3371 1048/1670/3371
f 1046/1672/3372 1050/4762/3372 1048/1670/3372
f 1051/1674/3373 1054/1699/3373 1055/1675/3373
f 1052/1677/3374 1056/1681/3374 1055/1678/3374
f 1053/1680/3375 1057/4763/3375 1055/1678/3375
f 1058/1682/3376 1061/1706/3376 1062/1683/3376
f 1059/1685/3377 1063/4764/3377 1062/1686/3377
f 1060/1688/3378 1064/4765/3378 1062/1689/3378
f 1023/1642/3379 1009/1625/3379 1015/1627/3379
f 1026/1647/998 1015/4758/998 1011/1631/998
f 1010/1628/3380 1016/1634/3380 1022/1636/3380
f 1022/1636/3381 1018/1640/3381 1011/1693/3381
f 1030/1650/1001 1036/1652/1001 1021/1694/1001
f 1036/1695/3382 1032/1655/3382 1018/1696/3382
f 1025/1648/1003 1028/1649/1003 1035/1657/1003
f 1035/1657/3383 1028/1649/3383 1024/1645/3383
f 1023/1642/1005 1029/1644/1005 1054/1699/1005
f 1029/1700/3384 1025/1715/3384 1052/1677/3384
f 1058/1682/1007 1064/1684/1007 1033/1654/1007
f 1033/1701/3385 1064/4765/3385 1060/1688/3385
f 1053/1680/3386 1056/1681/3386 1063/1690/3386
f 1063/1690/3387 1056/1681/3387 1052/1677/3387
f 1037/1658/1011 1051/1674/1011 1057/1676/1011
f 1057/1705/1012 1053/1716/1012 1038/1661/1012
f 1044/1666/3388 1050/1668/3388 1061/1706/3388
f 1061/1687/3389 1050/4762/3389 1046/1672/3389
f 1039/1707/1015 1042/4761/1015 1049/1673/1015
f 1049/1673/1016 1042/4761/1016 1038/1661/1016
f 1009/1625/1017 1037/1658/1017 1043/1660/1017
f 1043/1709/3390 1039/1714/3390 1010/1628/3390
f 1044/1666/3391 1017/1637/3391 1019/1639/3391
f 1019/1711/3392 1016/1634/3392 1045/1712/3392
f 1051/1674/1021 1037/1658/1021 1009/1625/1021
f 1018/1696/1022 1032/1655/1022 1024/1645/1022
f 1045/1712/1023 1016/1634/1023 1010/1628/1023
f 1030/1650/1024 1017/1637/1024 1044/1666/1024
f 1031/1702/1025 1060/1688/1025 1052/1677/1025
f 1059/1685/1026 1046/1672/1026 1038/1661/1026
f 1065/1717/3393 1068/1800/3393 1069/1718/3393
f 1066/1720/3394 1070/1724/3394 1069/1721/3394
f 1067/1723/3395 1071/1782/3395 1069/1721/3395
f 1072/1725/3396 1075/4766/3396 1076/1726/3396
f 1073/1728/3397 1077/1785/3397 1076/1729/3397
f 1074/1731/3398 1078/1727/3398 1076/1726/3398
f 1079/1733/3399 1082/1781/3399 1083/1734/3399
f 1080/1736/3400 1084/1740/3400 1083/1737/3400
f 1081/1739/3401 1085/4767/3401 1083/1737/3401
f 1086/1741/3402 1089/1792/3402 1090/1742/3402
f 1087/1744/3403 1091/1787/3403 1090/1745/3403
f 1088/1747/3404 1092/1743/3404 1090/1742/3404
f 1093/1749/3405 1096/1753/3405 1097/1750/3405
f 1094/1752/3406 1098/4768/3406 1097/1750/3406
f 1095/1754/3407 1099/4769/3407 1097/1755/3407
f 1100/1757/3408 1103/1802/3408 1104/1758/3408
f 1101/1760/3409 1105/1764/3409 1104/1761/3409
f 1102/1763/3410 1106/4770/3410 1104/1761/3410
f 1107/1765/3411 1110/1789/3411 1111/1766/3411
f 1108/1768/3412 1112/1772/3412 1111/1769/3412
f 1109/1771/3413 1113/1795/3413 1111/1769/3413
f 1114/1773/3414 1117/1798/3414 1118/1774/3414
f 1115/1776/3415 1119/1780/3415 1118/1777/3415
f 1116/1779/3416 1120/4771/3416 1118/1777/3416
f 1079/1733/3417 1065/1717/3417 1071/1719/3417
f 1071/1782/1052 1067/1723/1052 1080/1783/1052
f 1072/1725/3418 1078/1727/3418 1070/1724/3418
f 1078/1727/3419 1074/1731/3419 1067/1723/3419
f 1086/1741/1055 1092/1743/1055 1077/1785/1055
f 1092/1786/1056 1088/4772/1056 1074/1731/1056
f 1087/1744/1057 1081/1739/1057 1084/1740/1057
f 1091/1787/3420 1084/1740/3420 1080/1736/3420
f 1079/1733/1059 1085/1735/1059 1110/1789/1059
f 1110/1790/3421 1085/4767/3421 1081/1739/3421
f 1086/1741/3422 1114/1773/3422 1120/1775/3422
f 1089/1792/3423 1120/1775/3423 1116/1793/3423
f 1109/1771/3424 1112/1772/3424 1119/1780/3424
f 1119/1780/1064 1112/1772/1064 1108/1768/1064
f 1093/1749/1065 1107/1765/1065 1113/1767/1065
f 1113/1795/3425 1109/1771/3425 1094/1796/3425
f 1100/1757/1067 1106/1759/1067 1117/1798/1067
f 1106/1799/3426 1102/4773/3426 1115/1776/3426
f 1101/1760/1069 1095/1754/1069 1098/1756/1069
f 1098/1756/3427 1094/4774/3427 1102/1763/3427
f 1065/1717/1071 1093/1749/1071 1099/1751/1071
f 1099/1751/1072 1095/4775/1072 1066/1801/1072
f 1100/1757/1073 1073/1728/1073 1075/1730/1073
f 1075/1803/3428 1072/4776/3428 1101/1760/3428
f 1079/1733/1075 1107/1765/1075 1093/1749/1075
f 1074/1731/1076 1088/4772/1076 1080/1783/1076
f 1101/1760/1077 1072/4776/1077 1066/1804/1077
f 1086/1741/1078 1073/1728/1078 1100/1757/1078
f 1087/1744/1079 1116/4777/1079 1108/1791/1079
f 1115/1776/1080 1102/4773/1080 1094/1796/1080
f 1121/1805/3429 1124/1889/3429 1125/1806/3429
f 1122/1808/3430 1126/1812/3430 1125/1809/3430
f 1123/1811/3431 1127/1870/3431 1125/1809/3431
f 1128/1813/3432 1131/4778/3432 1132/1814/3432
f 1129/1816/3433 1133/1873/3433 1132/1817/3433
f 1130/1819/3434 1134/1815/3434 1132/1814/3434
f 1135/1821/3435 1138/1869/3435 1139/1822/3435
f 1136/1824/3436 1140/1828/3436 1139/1825/3436
f 1137/1827/3437 1141/1878/3437 1139/1825/3437
f 1142/1829/3438 1145/1881/3438 1146/1830/3438
f 1143/1832/3439 1147/1875/3439 1146/1833/3439
f 1144/1835/3440 1148/1831/3440 1146/1830/3440
f 1149/1837/3441 1152/1841/3441 1153/1838/3441
f 1150/1840/3442 1154/4779/3442 1153/1838/3442
f 1151/1842/3443 1155/4780/3443 1153/1843/3443
f 1156/1845/3444 1159/1891/3444 1160/1846/3444
f 1157/1848/3445 1161/1852/3445 1160/1849/3445
f 1158/1851/3446 1162/4781/3446 1160/1849/3446
f 1163/1853/3447 1166/1877/3447 1167/1854/3447
f 1164/1856/3448 1168/1860/3448 1167/1857/3448
f 1165/1859/3449 1169/1884/3449 1167/1857/3449
f 1170/1861/3450 1173/1887/3450 1174/1862/3450
f 1171/1864/3451 1175/1868/3451 1174/1865/3451
f 1172/1867/3452 1176/4782/3452 1174/1865/3452
f 1121/1805/3453 1127/1807/3453 1138/1869/3453
f 1127/1870/3454 1123/1811/3454 1136/1871/3454
f 1122/1808/1107 1128/1813/1107 1134/1815/1107
f 1126/1812/1108 1134/1815/1108 1130/1819/1108
f 1129/1816/3455 1142/1829/3455 1148/1831/3455
f 1133/1820/3456 1148/4783/3456 1144/1874/3456
f 1143/1832/1111 1137/1827/1111 1140/1828/1111
f 1147/1875/3457 1140/1828/3457 1136/1824/3457
f 1135/1821/1113 1141/1823/1113 1166/1877/1113
f 1141/1878/3458 1137/1827/3458 1164/1879/3458
f 1170/1861/1115 1176/1863/1115 1145/1881/1115
f 1145/1881/1116 1176/1863/1116 1172/1882/1116
f 1165/1859/1117 1168/1860/1117 1175/1868/1117
f 1168/1860/3459 1164/1856/3459 1172/1867/3459
f 1163/1853/1119 1169/1855/1119 1152/1841/1119
f 1169/1884/3460 1165/1859/3460 1150/1885/3460
f 1156/1845/1121 1162/1847/1121 1173/1887/1121
f 1173/1866/3461 1162/4784/3461 1158/1888/3461
f 1157/1848/3462 1151/1842/3462 1154/1844/3462
f 1154/1844/3463 1150/4785/3463 1158/1851/3463
f 1121/1805/3464 1149/1837/3464 1155/1839/3464
f 1155/1839/1126 1151/4786/1126 1122/1890/1126
f 1129/1816/3465 1131/1818/3465 1159/1891/3465
f 1131/1892/3466 1128/1893/3466 1157/1848/3466
f 1163/1853/1129 1149/1837/1129 1121/1805/1129
f 1130/1819/1130 1144/1874/1130 1136/1871/1130
f 1151/1842/1131 1157/1848/1131 1128/1893/1131
f 1142/1829/1132 1129/1816/1132 1156/1845/1132
f 1137/1827/1133 1143/1832/1133 1172/1895/1133
f 1171/1864/1134 1158/1888/1134 1150/1885/1134
f 1177/1896/3467 1180/1985/3467 1181/1897/3467
f 1178/1899/3468 1182/1970/3468 1181/1900/3468
f 1179/1902/3469 1183/1969/3469 1181/1903/3469
f 1184/1905/3470 1187/4787/3470 1188/1906/3470
f 1185/1908/3471 1189/1972/3471 1188/1909/3471
f 1186/1911/3472 1190/1971/3472 1188/1912/3472
f 1191/1914/3473 1194/1968/3473 1195/1915/3473
f 1192/1917/3474 1196/4788/3474 1195/1918/3474
f 1193/1920/3475 1197/4789/3475 1195/1921/3475
f 1198/1923/3476 1201/1976/3476 1202/1924/3476
f 1199/1926/3477 1203/1974/3477 1202/1927/3477
f 1200/1929/3478 1204/1973/3478 1202/1930/3478
f 1205/1932/3479 1208/1980/3479 1209/1933/3479
f 1206/1935/3480 1210/1984/3480 1209/1936/3480
f 1207/1938/3481 1211/4790/3481 1209/1939/3481
f 1212/1941/3482 1215/1986/3482 1216/1942/3482
f 1213/1944/3483 1217/1983/3483 1216/1945/3483
f 1214/1947/3484 1218/4791/3484 1216/1948/3484
f 1219/1950/3485 1222/1975/3485 1223/1951/3485
f 1220/1953/3486 1224/1979/3486 1223/1954/3486
f 1221/1956/3487 1225/1981/3487 1223/1957/3487
f 1226/1959/3488 1229/1982/3488 1230/1960/3488
f 1227/1962/3489 1231/1978/3489 1230/1963/3489
f 1228/1965/3490 1232/1977/3490 1230/1966/3490
f 1191/1914/3491 1177/1896/3491 1183/1898/3491
f 1183/1969/3492 1179/1902/3492 1192/1917/3492
f 1178/1899/3493 1184/1905/3493 1190/1907/3493
f 1190/1971/1162 1186/1911/1162 1179/1902/1162
f 1185/1908/1163 1198/1923/1163 1204/1925/1163
f 1204/1973/1164 1200/1929/1164 1186/1911/1164
f 1199/1926/3494 1193/1920/3494 1196/1922/3494
f 1203/1931/3495 1196/4788/3495 1192/1917/3495
f 1191/1914/3496 1197/1916/3496 1222/1975/3496
f 1222/1955/1168 1197/4789/1168 1193/1920/1168
f 1226/1959/1169 1232/1961/1169 1201/1976/1169
f 1232/1977/3497 1228/1965/3497 1199/1926/3497
f 1221/1956/1171 1224/1958/1171 1231/1978/1171
f 1224/1979/3498 1220/1953/3498 1228/1965/3498
f 1205/1932/1173 1219/1950/1173 1225/1952/1173
f 1225/1981/1174 1221/1956/1174 1206/1935/1174
f 1212/1941/3499 1218/1943/3499 1229/1982/3499
f 1229/1964/1176 1218/4791/1176 1214/1947/1176
f 1207/1938/3500 1210/1940/3500 1217/1983/3500
f 1210/1984/3501 1206/1935/3501 1214/1947/3501
f 1177/1896/1179 1205/1932/1179 1211/1934/1179
f 1180/1901/3502 1211/4790/3502 1207/1938/3502
f 1212/1941/3503 1185/1908/3503 1187/1910/3503
f 1215/1946/3504 1187/4787/3504 1184/1905/3504
f 1219/1950/1183 1205/1932/1183 1177/1896/1183
f 1186/1911/1184 1200/1929/1184 1192/1917/1184
f 1213/1944/1185 1184/1905/1185 1178/1899/1185
f 1226/1959/1186 1198/1923/1186 1185/1908/1186
f 1199/1926/1187 1228/1965/1187 1220/1953/1187
f 1221/1956/1188 1227/1962/1188 1214/1947/1188
f 1233/1987/3505 1236/2068/3505 1237/1988/3505
f 1234/1990/3506 1238/1994/3506 1237/1991/3506
f 1235/1993/3507 1239/4792/3507 1237/1991/3507
f 1240/1995/3508 1243/4793/3508 1244/1996/3508
f 1241/1998/3509 1245/2054/3509 1244/1999/3509
f 1242/2001/3510 1246/1997/3510 1244/1996/3510
f 1247/2003/3511 1250/2051/3511 1251/2004/3511
f 1248/2006/3512 1252/2010/3512 1251/2007/3512
f 1249/2009/3513 1253/2057/3513 1251/2007/3513
f 1254/2011/3514 1257/2060/3514 1258/2012/3514
f 1255/2014/3515 1259/2018/3515 1258/2015/3515
f 1256/2017/3516 1260/4794/3516 1258/2015/3516
f 1261/2019/3517 1264/2062/3517 1265/2020/3517
f 1262/2022/3518 1266/2026/3518 1265/2023/3518
f 1263/2025/3519 1267/4795/3519 1265/2023/3519
f 1268/2027/3520 1271/2071/3520 1272/2028/3520
f 1269/2030/3521 1273/2034/3521 1272/2031/3521
f 1270/2033/3522 1274/4796/3522 1272/2031/3522
f 1275/2035/3523 1278/2056/3523 1279/2036/3523
f 1276/2038/3524 1280/2042/3524 1279/2039/3524
f 1277/2041/3525 1281/2063/3525 1279/2039/3525
f 1282/2043/3526 1285/2066/3526 1286/2044/3526
f 1283/2046/3527 1287/2050/3527 1286/2047/3527
f 1284/2049/3528 1288/4797/3528 1286/2047/3528
f 1247/2003/3529 1233/1987/3529 1239/1989/3529
f 1250/2052/1214 1239/4792/1214 1235/1993/1214
f 1240/1995/3530 1246/1997/3530 1238/1994/3530
f 1238/1994/3531 1246/1997/3531 1242/2001/3531
f 1254/2011/3532 1260/2013/3532 1245/2054/3532
f 1260/2055/3533 1256/4798/3533 1242/2001/3533
f 1249/2009/3534 1252/2010/3534 1259/2018/3534
f 1252/2010/3535 1248/2006/3535 1256/2017/3535
f 1275/2035/3536 1247/2003/3536 1253/2005/3536
f 1253/2057/3537 1249/2009/3537 1276/2058/3537
f 1282/2043/1223 1288/2045/1223 1257/2060/1223
f 1257/2016/3538 1288/4799/3538 1284/2061/3538
f 1277/2041/3539 1280/2042/3539 1287/2050/3539
f 1280/2042/3540 1276/2038/3540 1284/2049/3540
f 1261/2019/1227 1275/2035/1227 1281/2037/1227
f 1281/2063/3541 1277/2041/3541 1262/2064/3541
f 1268/2027/1229 1274/2029/1229 1285/2066/1229
f 1285/2048/3542 1274/4800/3542 1270/2067/3542
f 1263/2025/3543 1266/2026/3543 1273/2034/3543
f 1266/2026/1232 1262/2022/1232 1270/2033/1232
f 1261/2019/3544 1267/2021/3544 1236/2068/3544
f 1236/2069/3545 1267/4795/3545 1263/2025/3545
f 1241/1998/3546 1243/2000/3546 1271/2071/3546
f 1243/2072/3547 1240/2073/3547 1269/2030/3547
f 1275/2035/1237 1261/2019/1237 1233/1987/1237
f 1242/2001/1238 1256/4798/1238 1248/2053/1238
f 1263/2025/1239 1269/2030/1239 1240/2073/1239
f 1282/2043/1240 1254/2011/1240 1241/1998/1240
f 1249/2009/1241 1255/2014/1241 1284/2061/1241
f 1277/2041/1242 1283/2046/1242 1270/2067/1242
f 1289/2074/3548 1292/2153/3548 1293/2075/3548
f 1290/2077/3549 1294/2081/3549 1293/2078/3549
f 1291/2080/3550 1295/4801/3550 1293/2078/3550
f 1296/2082/3551 1299/4802/3551 1300/2083/3551
f 1297/2085/3552 1301/2140/3552 1300/2086/3552
f 1298/2088/3553 1302/2084/3553 1300/2083/3553
f 1303/2090/3554 1306/2138/3554 1307/2091/3554
f 1304/2093/3555 1308/2097/3555 1307/2094/3555
f 1305/2096/3556 1309/4803/3556 1307/2094/3556
f 1310/2098/3557 1313/2145/3557 1314/2099/3557
f 1311/2101/3558 1315/2105/3558 1314/2102/3558
f 1312/2104/3559 1316/4804/3559 1314/2102/3559
f 1317/2106/3560 1320/2147/3560 1321/2107/3560
f 1318/2109/3561 1322/2113/3561 1321/2110/3561
f 1319/2112/3562 1323/4805/3562 1321/2110/3562
f 1324/2114/3563 1327/2155/3563 1328/2115/3563
f 1325/2117/3564 1329/2121/3564 1328/2118/3564
f 1326/2120/3565 1330/4806/3565 1328/2118/3565
f 1331/2122/3566 1334/2142/3566 1335/2123/3566
f 1332/2125/3567 1336/2129/3567 1335/2126/3567
f 1333/2128/3568 1337/4807/3568 1335/2126/3568
f 1338/2130/3569 1341/2150/3569 1342/2131/3569
f 1339/2133/3570 1343/2137/3570 1342/2134/3570
f 1340/2136/3571 1344/4808/3571 1342/2134/3571
f 1303/2090/1267 1289/2074/1267 1295/2076/1267
f 1295/2139/1268 1291/4809/1268 1304/2093/1268
f 1290/2077/1269 1296/2082/1269 1302/2084/1269
f 1302/2084/1270 1298/2088/1270 1291/2080/1270
f 1310/2098/3572 1316/2100/3572 1301/2140/3572
f 1301/2089/3573 1316/4810/3573 1312/2141/3573
f 1305/2096/3574 1308/2097/3574 1315/2105/3574
f 1315/2105/3575 1308/2097/3575 1304/2093/3575
f 1303/2090/3576 1309/2092/3576 1334/2142/3576
f 1334/2143/1276 1309/4803/1276 1305/2096/1276
f 1338/2130/1277 1344/2132/1277 1313/2145/1277
f 1344/2132/3577 1340/4811/3577 1311/2146/3577
f 1339/2133/1279 1333/2128/1279 1336/2129/1279
f 1343/2137/3578 1336/2129/3578 1332/2125/3578
f 1317/2106/1281 1331/2122/1281 1337/2124/1281
f 1320/2148/3579 1337/4807/3579 1333/2128/3579
f 1338/2130/3580 1324/2114/3580 1330/2116/3580
f 1341/2151/3581 1330/4806/3581 1326/2120/3581
f 1319/2112/1285 1322/2113/1285 1329/2121/1285
f 1329/2121/3582 1322/2113/3582 1318/2109/3582
f 1289/2074/1287 1317/2106/1287 1323/2108/1287
f 1323/2108/3583 1319/4812/3583 1290/2154/3583
f 1324/2114/1289 1297/2085/1289 1299/2087/1289
f 1299/2156/3584 1296/4813/3584 1325/2117/3584
f 1303/2090/1291 1331/2122/1291 1317/2106/1291
f 1298/2088/1292 1312/2141/1292 1304/2157/1292
f 1325/2117/1293 1296/4813/1293 1290/2158/1293
f 1310/2098/1294 1297/2085/1294 1324/2114/1294
f 1305/2096/1295 1311/2101/1295 1340/2159/1295
f 1339/2133/1296 1326/4814/1296 1318/2149/1296
f 1345/2160/3585 1348/2247/3585 1349/2161/3585
f 1346/2163/3586 1350/2231/3586 1349/2164/3586
f 1347/2166/3587 1351/4815/3587 1349/2167/3587
f 1352/2169/3588 1355/4816/3588 1356/2170/3588
f 1353/2172/3589 1357/2232/3589 1356/2173/3589
f 1354/2175/3590 1358/4817/3590 1356/2176/3590
f 1359/2178/3591 1362/2230/3591 1363/2179/3591
f 1360/2181/3592 1364/4818/3592 1363/2182/3592
f 1361/2184/3593 1365/2236/3593 1363/2185/3593
f 1366/2187/3594 1369/2191/3594 1370/2188/3594
f 1367/2190/3595 1371/4819/3595 1370/2188/3595
f 1368/2192/3596 1372/4820/3596 1370/2193/3596
f 1373/2195/3597 1376/2241/3597 1377/2196/3597
f 1374/2198/3598 1378/2246/3598 1377/2199/3598
f 1375/2201/3599 1379/2197/3599 1377/2196/3599
f 1380/2203/3600 1383/2249/3600 1384/2204/3600
f 1381/2206/3601 1385/2245/3601 1384/2207/3601
f 1382/2209/3602 1386/2243/3602 1384/2210/3602
f 1387/2212/3603 1390/2235/3603 1391/2213/3603
f 1388/2215/3604 1392/2240/3604 1391/2216/3604
f 1389/2218/3605 1393/4821/3605 1391/2219/3605
f 1394/2221/3606 1397/2242/3606 1398/2222/3606
f 1395/2224/3607 1399/2239/3607 1398/2225/3607
f 1396/2227/3608 1400/2237/3608 1398/2228/3608
f 1345/2160/3609 1351/2162/3609 1362/2230/3609
f 1362/2183/1322 1351/4815/1322 1347/2166/1322
f 1352/2169/3610 1358/2171/3610 1350/2231/3610
f 1350/2168/3611 1358/4817/3611 1354/2175/3611
f 1353/2172/3612 1366/2187/3612 1372/2189/3612
f 1357/2177/3613 1372/4820/3613 1368/2192/3613
f 1361/2184/3614 1364/2186/3614 1371/2233/3614
f 1371/2194/1328 1364/4818/1328 1360/2181/1328
f 1359/2178/3615 1365/2180/3615 1390/2235/3615
f 1365/2236/3616 1361/2184/3616 1388/2215/3616
f 1366/2187/1331 1394/2221/1331 1400/2223/1331
f 1400/2237/1332 1396/2227/1332 1367/2234/1332
f 1395/2224/3617 1389/2218/3617 1392/2220/3617
f 1392/2240/1334 1388/2215/1334 1396/2227/1334
f 1387/2212/3618 1393/2214/3618 1376/2241/3618
f 1376/2200/3619 1393/4821/3619 1389/2218/3619
f 1380/2203/3620 1386/2205/3620 1397/2242/3620
f 1386/2243/3621 1382/2209/3621 1395/2224/3621
f 1381/2206/3622 1375/2250/3622 1378/2244/3622
f 1378/2246/1340 1374/2198/1340 1382/2209/1340
f 1345/2160/1341 1373/2195/1341 1379/2197/1341
f 1379/2248/1342 1375/2250/1342 1346/2163/1342
f 1380/2203/3623 1353/2172/3623 1355/2174/3623
f 1383/2208/3624 1355/4816/3624 1352/2169/3624
f 1387/2212/1345 1373/2195/1345 1345/2160/1345
f 1354/2175/1346 1368/2192/1346 1360/2181/1346
f 1381/2206/1347 1352/2169/1347 1346/2163/1347
f 1366/2187/1348 1353/2172/1348 1380/2203/1348
f 1367/2234/1349 1396/2227/1349 1388/2215/1349
f 1395/2224/1350 1382/2209/1350 1374/2198/1350
f 1401/2251/3625 1404/2333/3625 1405/2252/3625
f 1402/2254/3626 1406/2258/3626 1405/2255/3626
f 1403/2257/3627 1407/4822/3627 1405/2255/3627
f 1408/2259/3628 1411/4823/3628 1412/2260/3628
f 1409/2262/3629 1413/2317/3629 1412/2263/3629
f 1410/2265/3630 1414/2261/3630 1412/2260/3630
f 1415/2267/3631 1418/2315/3631 1419/2268/3631
f 1416/2270/3632 1420/2274/3632 1419/2271/3632
f 1417/2273/3633 1421/2320/3633 1419/2271/3633
f 1422/2275/3634 1425/2323/3634 1426/2276/3634
f 1423/2278/3635 1427/2282/3635 1426/2279/3635
f 1424/2281/3636 1428/4824/3636 1426/2279/3636
f 1429/2283/3637 1432/2325/3637 1433/2284/3637
f 1430/2286/3638 1434/2290/3638 1433/2287/3638
f 1431/2289/3639 1435/4825/3639 1433/2287/3639
f 1436/2291/3640 1439/2336/3640 1440/2292/3640
f 1437/2294/3641 1441/2298/3641 1440/2295/3641
f 1438/2297/3642 1442/2330/3642 1440/2295/3642
f 1443/2299/3643 1446/2319/3643 1447/2300/3643
f 1444/2302/3644 1448/2306/3644 1447/2303/3644
f 1445/2305/3645 1449/2326/3645 1447/2303/3645
f 1450/2307/3646 1453/2329/3646 1454/2308/3646
f 1451/2310/3647 1455/2314/3647 1454/2311/3647
f 1452/2313/3648 1456/4826/3648 1454/2311/3648
f 1415/2267/3649 1401/2251/3649 1407/2253/3649
f 1418/2272/3650 1407/4827/3650 1403/2316/3650
f 1402/2254/1377 1408/2259/1377 1414/2261/1377
f 1414/2261/3651 1410/2265/3651 1403/2257/3651
f 1422/2275/3652 1428/2277/3652 1413/2317/3652
f 1428/2318/1380 1424/4828/1380 1410/2265/1380
f 1423/2278/3653 1417/2273/3653 1420/2274/3653
f 1420/2274/3654 1416/2270/3654 1424/2281/3654
f 1415/2267/1383 1421/2269/1383 1446/2319/1383
f 1421/2320/3655 1417/2273/3655 1444/2321/3655
f 1450/2307/3656 1456/2309/3656 1425/2323/3656
f 1456/2324/3657 1452/4829/3657 1423/2278/3657
f 1445/2305/1387 1448/2306/1387 1455/2314/1387
f 1455/2314/3658 1448/2306/3658 1444/2302/3658
f 1429/2283/3659 1443/2299/3659 1449/2301/3659
f 1449/2326/3660 1445/2305/3660 1430/2327/3660
f 1450/2307/3661 1436/2291/3661 1442/2293/3661
f 1442/2330/3662 1438/2297/3662 1451/2331/3662
f 1437/2294/3663 1431/2289/3663 1434/2290/3663
f 1441/2298/1394 1434/2290/1394 1430/2286/1394
f 1429/2283/3664 1435/2285/3664 1404/2333/3664
f 1404/2334/3665 1435/4825/3665 1431/2289/3665
f 1436/2291/1397 1409/2262/1397 1411/2264/1397
f 1439/2296/3666 1411/4830/3666 1408/2337/3666
f 1443/2299/1399 1429/2283/1399 1401/2251/1399
f 1410/2265/1400 1424/4828/1400 1416/2338/1400
f 1431/2289/1401 1437/2294/1401 1408/2337/1401
f 1422/2275/1402 1409/2262/1402 1436/2291/1402
f 1423/2278/1403 1452/4829/1403 1444/2321/1403
f 1451/2310/1404 1438/4831/1404 1430/2327/1404
f 1457/2339/3667 1460/2420/3667 1461/2340/3667
f 1458/2342/3668 1462/2346/3668 1461/2343/3668
f 1459/2345/3669 1463/4832/3669 1461/2343/3669
f 1464/2347/3670 1467/4833/3670 1468/2348/3670
f 1465/2350/3671 1469/2406/3671 1468/2351/3671
f 1466/2353/3672 1470/2349/3672 1468/2348/3672
f 1471/2355/3673 1474/2403/3673 1475/2356/3673
f 1472/2358/3674 1476/2362/3674 1475/2359/3674
f 1473/2361/3675 1477/2409/3675 1475/2359/3675
f 1478/2363/3676 1481/2412/3676 1482/2364/3676
f 1479/2366/3677 1483/2370/3677 1482/2367/3677
f 1480/2369/3678 1484/4834/3678 1482/2367/3678
f 1485/2371/3679 1488/2414/3679 1489/2372/3679
f 1486/2374/3680 1490/2378/3680 1489/2375/3680
f 1487/2377/3681 1491/2421/3681 1489/2375/3681
f 1492/2379/3682 1495/2424/3682 1496/2380/3682
f 1493/2382/3683 1497/2386/3683 1496/2383/3683
f 1494/2385/3684 1498/4835/3684 1496/2383/3684
f 1499/2387/3685 1502/2408/3685 1503/2388/3685
f 1500/2390/3686 1504/2394/3686 1503/2391/3686
f 1501/2393/3687 1505/2415/3687 1503/2391/3687
f 1506/2395/3688 1509/2418/3688 1510/2396/3688
f 1507/2398/3689 1511/2402/3689 1510/2399/3689
f 1508/2401/3690 1512/4836/3690 1510/2399/3690
f 1457/2339/1429 1463/2341/1429 1474/2403/1429
f 1474/2404/3691 1463/4832/3691 1459/2345/3691
f 1464/2347/3692 1470/2349/3692 1462/2346/3692
f 1470/2349/3693 1466/2353/3693 1459/2345/3693
f 1465/2350/3694 1478/2363/3694 1484/2365/3694
f 1484/2407/3695 1480/4837/3695 1466/2353/3695
f 1473/2361/1435 1476/2362/1435 1483/2370/1435
f 1483/2370/3696 1476/2362/3696 1472/2358/3696
f 1499/2387/3697 1471/2355/3697 1477/2357/3697
f 1477/2409/3698 1473/2361/3698 1500/2410/3698
f 1478/2363/1439 1506/2395/1439 1512/2397/1439
f 1512/2413/3699 1508/4838/3699 1479/2366/3699
f 1507/2398/1441 1501/2393/1441 1504/2394/1441
f 1504/2394/3700 1500/2390/3700 1508/2401/3700
f 1485/2371/3701 1499/2387/3701 1505/2389/3701
f 1505/2415/3702 1501/2393/3702 1486/2416/3702
f 1492/2379/1445 1498/2381/1445 1509/2418/1445
f 1498/2419/3703 1494/2426/3703 1507/2398/3703
f 1487/2377/1447 1490/2378/1447 1497/2386/1447
f 1497/2386/3704 1490/2378/3704 1486/2374/3704
f 1485/2371/1449 1491/2373/1449 1460/2420/1449
f 1491/2421/3705 1487/2377/3705 1458/2422/3705
f 1465/2350/1451 1467/2352/1451 1495/2424/1451
f 1495/2384/3706 1467/4839/3706 1464/2425/3706
f 1499/2387/1453 1485/2371/1453 1457/2339/1453
f 1466/2353/1454 1480/4837/1454 1472/2405/1454
f 1487/2377/1455 1493/2382/1455 1464/2425/1455
f 1506/2395/1456 1478/2363/1456 1465/2350/1456
f 1479/2366/1457 1508/4838/1457 1500/2410/1457
f 1501/2393/1458 1507/2398/1458 1494/2426/1458
f 1513/2427/3707 1516/2511/3707 1517/2428/3707
f 1514/2430/3708 1518/2434/3708 1517/2431/3708
f 1515/2433/3709 1519/2492/3709 1517/2431/3709
f 1520/2435/3710 1523/4840/3710 1524/2436/3710
f 1521/2438/3711 1525/2495/3711 1524/2439/3711
f 1522/2441/3712 1526/2437/3712 1524/2436/3712
f 1527/2443/3713 1530/2491/3713 1531/2444/3713
f 1528/2446/3714 1532/2450/3714 1531/2447/3714
f 1529/2449/3715 1533/4841/3715 1531/2447/3715
f 1534/2451/3716 1537/2502/3716 1538/2452/3716
f 1535/2454/3717 1539/2497/3717 1538/2455/3717
f 1536/2457/3718 1540/2453/3718 1538/2452/3718
f 1541/2459/3719 1544/2463/3719 1545/2460/3719
f 1542/2462/3720 1546/4842/3720 1545/2460/3720
f 1543/2464/3721 1547/4843/3721 1545/2465/3721
f 1548/2467/3722 1551/2513/3722 1552/2468/3722
f 1549/2470/3723 1553/2474/3723 1552/2471/3723
f 1550/2473/3724 1554/4844/3724 1552/2471/3724
f 1555/2475/3725 1558/2499/3725 1559/2476/3725
f 1556/2478/3726 1560/2482/3726 1559/2479/3726
f 1557/2481/3727 1561/2505/3727 1559/2479/3727
f 1562/2483/3728 1565/2508/3728 1566/2484/3728
f 1563/2486/3729 1567/2490/3729 1566/2487/3729
f 1564/2489/3730 1568/4845/3730 1566/2487/3730
f 1527/2443/3731 1513/2427/3731 1519/2429/3731
f 1519/2492/1484 1515/2433/1484 1528/2493/1484
f 1520/2435/1485 1526/2437/1485 1518/2434/1485
f 1518/2434/1486 1526/2437/1486 1522/2441/1486
f 1521/2438/1487 1534/2451/1487 1540/2453/1487
f 1540/2496/3732 1536/4846/3732 1522/2441/3732
f 1529/2449/1489 1532/2450/1489 1539/2497/1489
f 1539/2497/3733 1532/2450/3733 1528/2446/3733
f 1527/2443/1491 1533/2445/1491 1558/2499/1491
f 1558/2500/3734 1533/4841/3734 1529/2449/3734
f 1562/2483/1493 1568/2485/1493 1537/2502/1493
f 1537/2502/3735 1568/2485/3735 1564/2503/3735
f 1557/2481/3736 1560/2482/3736 1567/2490/3736
f 1560/2482/3737 1556/2478/3737 1564/2489/3737
f 1541/2459/3738 1555/2475/3738 1561/2477/3738
f 1561/2505/3739 1557/2481/3739 1542/2506/3739
f 1562/2483/3740 1548/2467/3740 1554/2469/3740
f 1554/2509/3741 1550/4847/3741 1563/2486/3741
f 1543/2464/3742 1546/2466/3742 1553/2474/3742
f 1553/2474/1502 1546/2466/1502 1542/2510/1502
f 1541/2459/1503 1547/2461/1503 1516/2511/1503
f 1547/2461/1504 1543/4848/1504 1514/2512/1504
f 1521/2438/1505 1523/2440/1505 1551/2513/1505
f 1551/2472/3743 1523/4849/3743 1520/2514/3743
f 1555/2475/1507 1541/2459/1507 1513/2427/1507
f 1522/2441/1508 1536/4846/1508 1528/2493/1508
f 1543/2464/1509 1549/2470/1509 1520/2514/1509
f 1562/2483/1510 1534/2451/1510 1521/2438/1510
f 1535/2454/1511 1564/4850/1511 1556/2501/1511
f 1563/2486/1512 1550/4847/1512 1542/2506/1512
f 1569/2516/3744 1572/2595/3744 1573/2517/3744
f 1570/2519/3745 1574/2523/3745 1573/2520/3745
f 1571/2522/3746 1575/4851/3746 1573/2520/3746
f 1576/2524/3747 1579/4852/3747 1580/2525/3747
f 1577/2527/3748 1581/2582/3748 1580/2528/3748
f 1578/2530/3749 1582/2526/3749 1580/2525/3749
f 1583/2532/3750 1586/2580/3750 1587/2533/3750
f 1584/2535/3751 1588/2539/3751 1587/2536/3751
f 1585/2538/3752 1589/4853/3752 1587/2536/3752
f 1590/2540/3753 1593/2544/3753 1594/2541/3753
f 1591/2543/3754 1595/4854/3754 1594/2541/3754
f 1592/2545/3755 1596/4855/3755 1594/2546/3755
f 1597/2548/3756 1600/2587/3756 1601/2549/3756
f 1598/2551/3757 1602/2594/3757 1601/2552/3757
f 1599/2554/3758 1603/2550/3758 1601/2549/3758
f 1604/2556/3759 1607/2597/3759 1608/2557/3759
f 1605/2559/3760 1609/2563/3760 1608/2560/3760
f 1606/2562/3761 1610/2590/3761 1608/2560/3761
f 1611/2564/3762 1614/2585/3762 1615/2565/3762
f 1612/2567/3763 1616/2571/3763 1615/2568/3763
f 1613/2570/3764 1617/4856/3764 1615/2568/3764
f 1618/2572/3765 1621/2589/3765 1622/2573/3765
f 1619/2575/3766 1623/2579/3766 1622/2576/3766
f 1620/2578/3767 1624/4857/3767 1622/2576/3767
f 1583/2532/1537 1569/2516/1537 1575/2518/1537
f 1575/2581/3768 1571/2601/3768 1584/2535/3768
f 1570/2519/3769 1576/2524/3769 1582/2526/3769
f 1574/2523/3770 1582/2526/3770 1578/2530/3770
f 1577/2527/3771 1590/2540/3771 1596/2542/3771
f 1596/2542/3772 1592/4858/3772 1578/2583/3772
f 1585/2538/3773 1588/2539/3773 1595/2547/3773
f 1595/2547/1544 1588/2539/1544 1584/2535/1544
f 1583/2532/1545 1589/2534/1545 1614/2585/1545
f 1614/2569/1546 1589/4859/1546 1585/2586/1546
f 1590/2540/3774 1618/2572/3774 1624/2574/3774
f 1624/2574/3775 1620/4860/3775 1591/2543/3775
f 1619/2575/3776 1613/2570/3776 1616/2571/3776
f 1616/2571/1550 1612/2567/1550 1620/2578/1550
f 1597/2548/3777 1611/2564/3777 1617/2566/3777
f 1617/2566/3778 1613/4861/3778 1598/2588/3778
f 1604/2556/1553 1610/2558/1553 1621/2589/1553
f 1610/2590/3779 1606/2562/3779 1619/2591/3779
f 1599/2593/1555 1602/2594/1555 1609/2563/1555
f 1602/2594/1556 1598/2551/1556 1606/2562/1556
f 1569/2516/1557 1597/2548/1557 1603/2550/1557
f 1603/2550/1558 1599/2554/1558 1570/2596/1558
f 1604/2556/1559 1577/2527/1559 1579/2529/1559
f 1607/2598/3780 1579/4852/3780 1576/2524/3780
f 1611/2564/1561 1597/2548/1561 1569/2516/1561
f 1578/2600/1562 1592/2545/1562 1584/2535/1562
f 1605/2599/1563 1576/2524/1563 1570/2519/1563
f 1590/2540/1564 1577/2527/1564 1604/2556/1564
f 1591/2603/1565 1620/2578/1565 1612/2567/1565
f 1619/2591/1566 1606/2562/1566 1598/2551/1566
f 1625/2605/3781 1628/2692/3781 1629/2606/3781
f 1626/2608/3782 1630/2679/3782 1629/2609/3782
f 1627/2611/3783 1631/2678/3783 1629/2612/3783
f 1632/2614/3784 1635/4862/3784 1636/2615/3784
f 1633/2617/3785 1637/2681/3785 1636/2618/3785
f 1634/2620/3786 1638/2680/3786 1636/2621/3786
f 1639/2623/3787 1642/2677/3787 1643/2624/3787
f 1640/2626/3788 1644/4863/3788 1643/2627/3788
f 1641/2629/3789 1645/4864/3789 1643/2630/3789
f 1646/2632/3790 1649/2685/3790 1650/2633/3790
f 1647/2635/3791 1651/2683/3791 1650/2636/3791
f 1648/2638/3792 1652/2682/3792 1650/2639/3792
f 1653/2641/3793 1656/2688/3793 1657/2642/3793
f 1654/2644/3794 1658/2691/3794 1657/2645/3794
f 1655/2647/3795 1659/2693/3795 1657/2648/3795
f 1660/2650/3796 1663/2694/3796 1664/2651/3796
f 1661/2653/3797 1665/2690/3797 1664/2654/3797
f 1662/2656/3798 1666/4865/3798 1664/2657/3798
f 1667/2659/3799 1670/2684/3799 1671/2660/3799
f 1668/2662/3800 1672/2687/3800 1671/2663/3800
f 1669/2665/3801 1673/4866/3801 1671/2666/3801
f 1674/2668/3802 1677/2689/3802 1678/2669/3802
f 1675/2671/3803 1679/2686/3803 1678/2672/3803
f 1676/2674/3804 1680/4867/3804 1678/2675/3804
f 1639/2623/3805 1625/2605/3805 1631/2607/3805
f 1631/2678/3806 1627/2611/3806 1640/2626/3806
f 1626/2608/1593 1632/2614/1593 1638/2616/1593
f 1638/2680/1594 1634/2620/1594 1627/2611/1594
f 1646/2632/3807 1652/2634/3807 1637/2681/3807
f 1652/2682/1596 1648/2638/1596 1634/2620/1596
f 1641/2629/1597 1644/2631/1597 1651/2683/1597
f 1651/2640/1598 1644/4863/1598 1640/2626/1598
f 1667/2659/3808 1639/2623/3808 1645/2625/3808
f 1670/2664/3809 1645/4864/3809 1641/2629/3809
f 1674/2668/1601 1680/2670/1601 1649/2685/1601
f 1649/2637/3810 1680/4867/3810 1676/2674/3810
f 1669/2665/3811 1672/2667/3811 1679/2686/3811
f 1672/2687/1604 1668/2662/1604 1676/2674/1604
f 1653/2641/3812 1667/2659/3812 1673/2661/3812
f 1656/2646/1606 1673/4866/1606 1669/2665/1606
f 1674/2668/3813 1660/2650/3813 1666/2652/3813
f 1677/2673/3814 1666/4865/3814 1662/2656/3814
f 1655/2647/1609 1658/2649/1609 1665/2690/1609
f 1658/2691/1610 1654/2644/1610 1662/2656/1610
f 1653/2641/1611 1659/2643/1611 1628/2692/1611
f 1659/2693/3815 1655/2647/3815 1626/2608/3815
f 1633/2617/3816 1635/2619/3816 1663/2694/3816
f 1663/2655/1614 1635/4862/1614 1632/2614/1614
f 1639/2623/1615 1667/2659/1615 1653/2641/1615
f 1627/2611/1616 1634/2620/1616 1648/2638/1616
f 1661/2653/1617 1632/2614/1617 1626/2608/1617
f 1674/2668/1618 1646/2632/1618 1633/2617/1618
f 1647/2635/1619 1676/2674/1619 1668/2662/1619
f 1675/2671/1620 1662/2656/1620 1654/2644/1620
f 1681/2695/3817 1684/2776/3817 1685/2696/3817
f 1682/2698/3818 1686/2702/3818 1685/2699/3818
f 1683/2701/3819 1687/4868/3819 1685/2699/3819
f 1688/2703/3820 1691/2779/3820 1692/2704/3820
f 1689/2706/3821 1693/2761/3821 1692/2707/3821
f 1690/2709/3822 1694/2705/3822 1692/2704/3822
f 1695/2711/3823 1698/2759/3823 1699/2712/3823
f 1696/2714/3824 1700/2718/3824 1699/2715/3824
f 1697/2717/3825 1701/4869/3825 1699/2715/3825
f 1702/2719/3826 1705/2767/3826 1706/2720/3826
f 1703/2722/3827 1707/2726/3827 1706/2723/3827
f 1704/2725/3828 1708/2762/3828 1706/2723/3828
f 1709/2727/3829 1712/2771/3829 1713/2728/3829
f 1710/2730/3830 1714/2734/3830 1713/2731/3830
f 1711/2733/3831 1715/4870/3831 1713/2731/3831
f 1716/2735/3832 1719/2778/3832 1720/2736/3832
f 1717/2738/3833 1721/2742/3833 1720/2739/3833
f 1718/2741/3834 1722/4871/3834 1720/2739/3834
f 1723/2743/3835 1726/2765/3835 1727/2744/3835
f 1724/2746/3836 1728/2750/3836 1727/2747/3836
f 1725/2749/3837 1729/4872/3837 1727/2747/3837
f 1730/2751/3838 1733/2773/3838 1734/2752/3838
f 1731/2754/3839 1735/2758/3839 1734/2755/3839
f 1732/2757/3840 1736/2768/3840 1734/2755/3840
f 1681/2695/1645 1687/2697/1645 1698/2759/1645
f 1698/2716/3841 1687/4873/3841 1683/2760/3841
f 1682/2698/3842 1688/2703/3842 1694/2705/3842
f 1686/2702/3843 1694/2705/3843 1690/2709/3843
f 1702/2719/1649 1708/2721/1649 1693/2761/1649
f 1708/2762/1650 1704/2725/1650 1690/2763/1650
f 1697/2717/3844 1700/2718/3844 1707/2726/3844
f 1700/2718/3845 1696/2714/3845 1704/2725/3845
f 1723/2743/3846 1695/2711/3846 1701/2713/3846
f 1726/2748/3847 1701/4874/3847 1697/2766/3847
f 1730/2751/3848 1736/2753/3848 1705/2767/3848
f 1736/2768/3849 1732/2757/3849 1703/2769/3849
f 1725/2749/3850 1728/2750/3850 1735/2758/3850
f 1728/2750/3851 1724/2746/3851 1732/2757/3851
f 1709/2727/1659 1723/2743/1659 1729/2745/1659
f 1712/2732/3852 1729/4875/3852 1725/2772/3852
f 1730/2751/3853 1716/2735/3853 1722/2737/3853
f 1733/2774/3854 1722/4871/3854 1718/2741/3854
f 1711/2733/3855 1714/2734/3855 1721/2742/3855
f 1714/2734/3856 1710/2730/3856 1718/2741/3856
f 1709/2727/1665 1715/2729/1665 1684/2776/1665
f 1684/2700/1666 1715/4876/1666 1711/2777/1666
f 1689/2706/3857 1691/2708/3857 1719/2778/3857
f 1691/2779/3858 1688/2703/3858 1717/2780/3858
f 1723/2743/1669 1709/2727/1669 1681/2695/1669
f 1690/2763/1670 1704/2725/1670 1696/2714/1670
f 1717/2780/1671 1688/2703/1671 1682/2698/1671
f 1730/2751/1672 1702/2719/1672 1689/2706/1672
f 1703/2769/1673 1732/2757/1673 1724/2746/1673
f 1725/2772/1674 1731/2775/1674 1718/2741/1674
f 1737/2782/3859 1740/2862/3859 1741/2783/3859
f 1738/2785/3860 1742/2789/3860 1741/2786/3860
f 1739/2788/3861 1743/4877/3861 1741/2786/3861
f 1744/2790/3862 1747/4878/3862 1748/2791/3862
f 1745/2793/3863 1749/2849/3863 1748/2794/3863
f 1746/2796/3864 1750/2792/3864 1748/2791/3864
f 1751/2798/3865 1754/2846/3865 1755/2799/3865
f 1752/2801/3866 1756/2805/3866 1755/2802/3866
f 1753/2804/3867 1757/4879/3867 1755/2802/3867
f 1758/2806/3868 1761/2854/3868 1762/2807/3868
f 1759/2809/3869 1763/2813/3869 1762/2810/3869
f 1760/2812/3870 1764/4880/3870 1762/2810/3870
f 1765/2814/3871 1768/2856/3871 1769/2815/3871
f 1766/2817/3872 1770/2821/3872 1769/2818/3872
f 1767/2820/3873 1771/2863/3873 1769/2818/3873
f 1772/2822/3874 1775/2866/3874 1776/2823/3874
f 1773/2825/3875 1777/2829/3875 1776/2826/3875
f 1774/2828/3876 1778/4881/3876 1776/2826/3876
f 1779/2830/3877 1782/2851/3877 1783/2831/3877
f 1780/2833/3878 1784/2837/3878 1783/2834/3878
f 1781/2836/3879 1785/2857/3879 1783/2834/3879
f 1786/2838/3880 1789/2860/3880 1790/2839/3880
f 1787/2841/3881 1791/2845/3881 1790/2842/3881
f 1788/2844/3882 1792/4882/3882 1790/2842/3882
f 1737/2782/3883 1743/2784/3883 1754/2846/3883
f 1754/2847/3884 1743/4877/3884 1739/2788/3884
f 1738/2785/1701 1744/2790/1701 1750/2792/1701
f 1750/2792/3885 1746/2796/3885 1739/2788/3885
f 1758/2806/3886 1764/2808/3886 1749/2849/3886
f 1764/2850/1704 1760/2868/1704 1746/2796/1704
f 1753/2804/1705 1756/2805/1705 1763/2813/1705
f 1763/2813/3887 1756/2805/3887 1752/2801/3887
f 1751/2798/1707 1757/2800/1707 1782/2851/1707
f 1782/2852/3888 1757/4879/3888 1753/2804/3888
f 1786/2838/1709 1792/2840/1709 1761/2854/1709
f 1761/2811/3889 1792/4883/3889 1788/2855/3889
f 1781/2836/3890 1784/2837/3890 1791/2845/3890
f 1791/2845/1712 1784/2837/1712 1780/2833/1712
f 1779/2830/1713 1785/2832/1713 1768/2856/1713
f 1785/2857/3891 1781/2836/3891 1766/2858/3891
f 1772/2822/3892 1778/2824/3892 1789/2860/3892
f 1778/2861/3893 1774/4884/3893 1787/2841/3893
f 1773/2825/1717 1767/2820/1717 1770/2821/1717
f 1777/2829/1718 1770/2821/1718 1766/2817/1718
f 1737/2782/3894 1765/2814/3894 1771/2816/3894
f 1771/2863/3895 1767/2820/3895 1738/2864/3895
f 1745/2793/3896 1747/2795/3896 1775/2866/3896
f 1775/2827/3897 1747/4885/3897 1744/2867/3897
f 1779/2830/1723 1765/2814/1723 1737/2782/1723
f 1739/2788/1724 1746/2796/1724 1760/2868/1724
f 1767/2820/1725 1773/2825/1725 1744/2867/1725
f 1758/2806/1726 1745/2793/1726 1772/2822/1726
f 1759/2809/1727 1788/2855/1727 1780/2853/1727
f 1787/2841/1728 1774/4884/1728 1766/2858/1728
usemtl coal
f 1793/2869/1729 1797/2870/1729 1799/2871/1729
f 1794/2872/1730 1797/2873/1730 1796/2874/1730
f 1795/2875/1731 1797/2876/1731 1798/2877/1731
f 1800/2878/1732 1804/2879/1732 1806/2880/1732
f 1801/2881/1733 1804/2882/1733 1803/2883/1733
f 1802/2884/1734 1804/2885/1734 1805/2886/1734
f 1807/2887/1735 1811/2888/1735 1813/2889/1735
f 1808/2890/1736 1811/2891/1736 1810/2892/1736
f 1809/2893/1737 1811/2894/1737 1812/2895/1737
f 1814/2896/1738 1818/2897/1738 1820/2898/1738
f 1815/2899/1739 1818/2900/1739 1817/2901/1739
f 1816/2902/1740 1818/2903/1740 1819/2904/1740
f 1821/2905/1741 1825/2906/1741 1827/2907/1741
f 1822/2908/1742 1825/2909/1742 1824/2910/1742
f 1823/2911/1743 1825/2912/1743 1826/2913/1743
f 1828/2914/1744 1832/2915/1744 1834/2916/1744
f 1829/2917/1745 1832/2918/1745 1831/2919/1745
f 1830/2920/1746 1832/2921/1746 1833/2922/1746
f 1835/2923/1747 1839/2924/1747 1841/2925/1747
f 1836/2926/1748 1839/2927/1748 1838/2928/1748
f 1837/2929/1749 1839/2930/1749 1840/2931/1749
f 1842/2932/1750 1846/2933/1750 1848/2934/1750
f 1843/2935/1751 1846/2936/1751 1845/2937/1751
f 1844/2938/1752 1846/2939/1752 1847/2940/1752
f 1807/2887/1753 1799/2871/1753 1810/2941/1753
f 1810/2892/1754 1795/2875/1754 1808/2890/1754
f 1800/2878/1755 1798/2942/1755 1794/2872/1755
f 1806/2943/1756 1795/2875/1756 1798/2877/1756
f 1814/2896/1757 1805/2944/1757 1801/2881/1757
f 1820/2945/1758 1802/2884/1758 1805/2886/1758
f 1809/2893/1759 1819/2946/1759 1815/2899/1759
f 1812/2947/1760 1816/2902/1760 1819/2904/1760
f 1807/2887/1761 1838/2948/1761 1835/2923/1761
f 1838/2928/1762 1809/2893/1762 1836/2926/1762
f 1814/2896/1763 1848/2934/1763 1817/2949/1763
f 1848/2950/1764 1815/2899/1764 1817/2901/1764
f 1837/2929/1765 1847/2951/1765 1843/2935/1765
f 1847/2940/1766 1836/2926/1766 1844/2938/1766
f 1821/2905/1767 1841/2925/1767 1824/2952/1767
f 1841/2953/1768 1822/2908/1768 1824/2910/1768
f 1828/2914/1769 1845/2954/1769 1842/2932/1769
f 1845/2937/1770 1830/2920/1770 1843/2935/1770
f 1823/2911/1771 1833/2955/1771 1829/2917/1771
f 1833/2922/1772 1822/2908/1772 1830/2920/1772
f 1821/2905/1773 1796/2956/1773 1793/2869/1773
f 1827/2957/1774 1794/2872/1774 1796/2874/1774
f 1801/2881/1775 1831/2958/1775 1828/2914/1775
f 1803/2959/1776 1829/2917/1776 1831/2919/1776
f 1807/2887/1777 1821/2905/1777 1793/2869/1777
f 1795/2875/1778 1816/2902/1778 1808/2890/1778
f 1829/2917/1779 1794/2872/1779 1823/2911/1779
f 1814/2896/1780 1828/2914/1780 1842/2932/1780
f 1815/2899/1781 1836/2926/1781 1809/2893/1781
f 1843/2935/1782 1822/2908/1782 1837/2929/1782
f 1849/2960/1783 1853/2961/1783 1855/2962/1783
f 1850/2963/1784 1853/2964/1784 1852/2965/1784
f 1851/2966/1785 1853/2967/1785 1854/2968/1785
f 1856/2969/1786 1860/2970/1786 1862/2971/1786
f 1857/2972/1787 1860/2973/1787 1859/2974/1787
f 1858/2975/1788 1860/2976/1788 1861/2977/1788
f 1863/2978/1789 1867/2979/1789 1869/2980/1789
f 1864/2981/1790 1867/2982/1790 1866/2983/1790
f 1865/2984/1791 1867/2985/1791 1868/2986/1791
f 1870/2987/1792 1874/2988/1792 1876/2989/1792
f 1871/2990/1793 1874/2991/1793 1873/2992/1793
f 1872/2993/1794 1874/2994/1794 1875/2995/1794
f 1877/2996/1795 1881/2997/1795 1883/2998/1795
f 1878/2999/1796 1881/3000/1796 1880/3001/1796
f 1879/3002/1797 1881/3003/1797 1882/3004/1797
f 1884/3005/1798 1888/3006/1798 1890/3007/1798
f 1885/3008/1799 1888/3009/1799 1887/3010/1799
f 1886/3011/1800 1888/3012/1800 1889/3013/1800
f 1891/3014/1801 1895/3015/1801 1897/3016/1801
f 1892/3017/1802 1895/3018/1802 1894/3019/1802
f 1893/3020/1803 1895/3021/1803 1896/3022/1803
f 1898/3023/1804 1902/3024/1804 1904/3025/1804
f 1899/3026/1805 1902/3027/1805 1901/3028/1805
f 1900/3029/1806 1902/3030/1806 1903/3031/1806
f 1849/2960/1807 1866/3032/1807 1863/2978/1807
f 1855/3033/1808 1864/2981/1808 1866/2983/1808
f 1850/2963/1809 1862/2971/1809 1854/3034/1809
f 1854/2968/1810 1858/2975/1810 1851/2966/1810
f 1870/2987/1811 1861/3035/1811 1857/2972/1811
f 1876/3036/1812 1858/2975/1812 1861/2977/1812
f 1871/2990/1813 1868/2986/1813 1875/3037/1813
f 1868/3038/1814 1872/2993/1814 1875/2995/1814
f 1891/3014/1815 1869/2980/1815 1894/3039/1815
f 1894/3019/1816 1865/2984/1816 1892/3017/1816
f 1898/3023/1817 1873/3040/1817 1870/2987/1817
f 1904/3041/1818 1871/2990/1818 1873/2992/1818
f 1893/3020/1819 1903/3042/1819 1899/3026/1819
f 1896/3043/1820 1900/3029/1820 1903/3031/1820
f 1877/2996/1821 1897/3016/1821 1880/3044/1821
f 1897/3045/1822 1878/2999/1822 1880/3001/1822
f 1884/3005/1823 1901/3046/1823 1898/3023/1823
f 1890/3047/1824 1899/3026/1824 1901/3028/1824
f 1879/3002/1825 1889/3048/1825 1885/3008/1825
f 1882/3049/1826 1886/3011/1826 1889/3013/1826
f 1849/2960/1827 1883/2998/1827 1852/3050/1827
f 1883/3051/1828 1850/2963/1828 1852/2965/1828
f 1884/3005/1829 1859/2974/1829 1887/3052/1829
f 1859/3053/1830 1885/3008/1830 1887/3010/1830
f 1863/2978/1831 1877/2996/1831 1849/2960/1831
f 1858/2975/1832 1864/2981/1832 1851/2966/1832
f 1885/3008/1833 1850/2963/1833 1879/3002/1833
f 1870/2987/1834 1884/3005/1834 1898/3023/1834
f 1871/2990/1835 1892/3017/1835 1865/2984/1835
f 1899/3026/1836 1878/2999/1836 1893/3020/1836
f 1905/3054/1837 1909/3055/1837 1911/3056/1837
f 1906/3057/1838 1909/3058/1838 1908/3059/1838
f 1907/3060/1839 1909/3058/1839 1910/3061/1839
f 1912/3062/1840 1916/3063/1840 1918/3064/1840
f 1913/3065/1841 1916/3066/1841 1915/3067/1841
f 1914/3068/1842 1916/3063/1842 1917/3069/1842
f 1919/3070/1843 1923/3071/1843 1925/3072/1843
f 1920/3073/1844 1923/3074/1844 1922/3075/1844
f 1921/3076/1845 1923/3074/1845 1924/3077/1845
f 1926/3078/1846 1930/3079/1846 1932/3080/1846
f 1927/3081/1847 1930/3082/1847 1929/3083/1847
f 1928/3084/1848 1930/3079/1848 1931/3085/1848
f 1933/3086/1849 1937/3087/1849 1939/3088/1849
f 1934/3089/1850 1937/3087/1850 1936/3090/1850
f 1935/3091/1851 1937/3092/1851 1938/3093/1851
f 1940/3094/1852 1944/3095/1852 1946/3096/1852
f 1941/3097/1853 1944/3098/1853 1943/3099/1853
f 1942/3100/1854 1944/3098/1854 1945/3101/1854
f 1947/3102/1855 1951/3103/1855 1953/3104/1855
f 1948/3105/1856 1951/3106/1856 1950/3107/1856
f 1949/3108/1857 1951/3106/1857 1952/3109/1857
f 1954/3110/1858 1958/3111/1858 1960/3112/1858
f 1955/3113/1859 1958/3114/1859 1957/3115/1859
f 1956/3116/1860 1958/3114/1860 1959/3117/1860
f 1919/3070/1861 1911/3056/1861 1922/3118/1861
f 1911/3119/1862 1920/3120/1862 1922/3121/1862
f 1906/3057/1863 1918/3064/1863 1910/3061/1863
f 1918/3064/1864 1907/3060/1864 1910/3061/1864
f 1913/3065/1865 1932/3080/1865 1917/3122/1865
f 1932/3123/1866 1914/3068/1866 1917/3069/1866
f 1921/3076/1867 1931/3124/1867 1927/3081/1867
f 1931/3124/1868 1920/3073/1868 1928/3125/1868
f 1919/3070/1869 1950/3126/1869 1947/3102/1869
f 1950/3127/1870 1921/3076/1870 1948/3128/1870
f 1954/3110/1871 1929/3129/1871 1926/3078/1871
f 1929/3129/1872 1956/3130/1872 1927/3131/1872
f 1949/3108/1873 1959/3117/1873 1955/3113/1873
f 1959/3117/1874 1948/3105/1874 1956/3116/1874
f 1947/3102/1875 1936/3090/1875 1933/3086/1875
f 1936/3132/1876 1949/3108/1876 1934/3133/1876
f 1954/3110/1877 1946/3096/1877 1957/3134/1877
f 1957/3115/1878 1942/3135/1878 1955/3113/1878
f 1935/3091/1879 1945/3101/1879 1941/3097/1879
f 1945/3101/1880 1934/3136/1880 1942/3100/1880
f 1933/3086/1881 1908/3137/1881 1905/3054/1881
f 1908/3137/1882 1935/3138/1882 1906/3139/1882
f 1913/3065/1883 1943/3140/1883 1940/3094/1883
f 1915/3141/1884 1941/3097/1884 1943/3099/1884
f 1947/3102/1885 1905/3054/1885 1919/3070/1885
f 1914/3068/1886 1920/3120/1886 1907/3060/1886
f 1935/3091/1887 1912/3142/1887 1906/3143/1887
f 1954/3110/1888 1913/3065/1888 1940/3094/1888
f 1921/3076/1889 1956/3144/1889 1948/3128/1889
f 1955/3113/1890 1934/3133/1890 1949/3108/1890
f 1961/3145/1891 1965/3146/1891 1967/3147/1891
f 1962/3148/1892 1965/3149/1892 1964/3150/1892
f 1963/3151/1893 1965/3149/1893 1966/3152/1893
f 1968/3153/1894 1972/3154/1894 1974/3155/1894
f 1969/3156/1895 1972/3157/1895 1971/3158/1895
f 1970/3159/1896 1972/3160/1896 1973/3161/1896
f 1975/3162/1897 1979/3163/1897 1981/3164/1897
f 1976/3165/1898 1979/3166/1898 1978/3167/1898
f 1977/3168/1899 1979/3169/1899 1980/3170/1899
f 1982/3171/1900 1986/3172/1900 1988/3173/1900
f 1983/3174/1901 1986/3175/1901 1985/3176/1901
f 1984/3177/1902 1986/3178/1902 1987/3179/1902
f 1989/3180/1903 1993/3181/1903 1995/3182/1903
f 1990/3183/1904 1993/3184/1904 1992/3185/1904
f 1991/3186/1905 1993/3187/1905 1994/3188/1905
f 1996/3189/1906 2000/3190/1906 2002/3191/1906
f 1997/3192/1907 2000/3193/1907 1999/3194/1907
f 1998/3195/1908 2000/3196/1908 2001/3197/1908
f 2003/3198/1909 2007/3199/1909 2009/3200/1909
f 2004/3201/1910 2007/3202/1910 2006/3203/1910
f 2005/3204/1911 2007/3205/1911 2008/3206/1911
f 2010/3207/1912 2014/3208/1912 2016/3209/1912
f 2011/3210/1913 2014/3211/1913 2013/3212/1913
f 2012/3213/1914 2014/3211/1914 2015/3214/1914
f 1975/3162/1915 1967/3147/1915 1978/3215/1915
f 1967/3216/1916 1976/3165/1916 1978/3167/1916
f 1962/3217/1917 1974/3155/1917 1966/3218/1917
f 1966/3152/1918 1970/3159/1918 1963/3151/1918
f 1969/3156/1919 1988/3173/1919 1973/3219/1919
f 1988/3220/1920 1970/3159/1920 1973/3161/1920
f 1983/3174/1921 1980/3170/1921 1987/3221/1921
f 1980/3222/1922 1984/3177/1922 1987/3179/1922
f 1975/3162/1923 2006/3223/1923 2003/3198/1923
f 1981/3224/1924 2004/3201/1924 2006/3203/1924
f 1982/3171/1925 2016/3209/1925 1985/3225/1925
f 2016/3209/1926 1983/3226/1926 1985/3225/1926
f 2005/3204/1927 2015/3214/1927 2011/3210/1927
f 2008/3227/1928 2012/3228/1928 2015/3229/1928
f 1989/3180/1929 2009/3200/1929 1992/3230/1929
f 1992/3185/1930 2005/3204/1930 1990/3183/1930
f 1996/3189/1931 2013/3231/1931 2010/3207/1931
f 2013/3212/1932 1998/3195/1932 2011/3210/1932
f 1997/3192/1933 1994/3188/1933 2001/3232/1933
f 1994/3233/1934 1998/3195/1934 2001/3197/1934
f 1961/3145/1935 1995/3182/1935 1964/3234/1935
f 1964/3234/1936 1991/3235/1936 1962/3236/1936
f 1996/3189/1937 1971/3158/1937 1999/3237/1937
f 1971/3238/1938 1997/3192/1938 1999/3194/1938
f 2003/3198/1939 1961/3145/1939 1975/3162/1939
f 1963/3151/1940 1984/3177/1940 1976/3165/1940
f 1991/3186/1941 1968/3153/1941 1962/3217/1941
f 1982/3171/1942 1996/3189/1942 2010/3207/1942
f 1983/3174/1943 2004/3201/1943 1977/3168/1943
f 2011/3210/1944 1990/3183/1944 2005/3204/1944
f 2017/3239/1945 2021/3240/1945 2023/3241/1945
f 2018/3242/1946 2021/3243/1946 2020/3244/1946
f 2019/3245/1947 2021/3243/1947 2022/3246/1947
f 2024/3247/1948 2028/3248/1948 2030/3249/1948
f 2025/3250/1949 2028/3251/1949 2027/3252/1949
f 2026/3253/1950 2028/3248/1950 2029/3254/1950
f 2031/3255/1951 2035/3256/1951 2037/3257/1951
f 2032/3258/1952 2035/3259/1952 2034/3260/1952
f 2033/3261/1953 2035/3259/1953 2036/3262/1953
f 2038/3263/1954 2042/3264/1954 2044/3265/1954
f 2039/3266/1955 2042/3267/1955 2041/3268/1955
f 2040/3269/1956 2042/3267/1956 2043/3270/1956
f 2045/3271/1957 2049/3272/1957 2051/3273/1957
f 2046/3274/1958 2049/3275/1958 2048/3276/1958
f 2047/3277/1959 2049/3275/1959 2050/3278/1959
f 2052/3279/1960 2056/3280/1960 2058/3281/1960
f 2053/3282/1961 2056/3283/1961 2055/3284/1961
f 2054/3285/1962 2056/3283/1962 2057/3286/1962
f 2059/3287/1963 2063/3288/1963 2065/3289/1963
f 2060/3290/1964 2063/3291/1964 2062/3292/1964
f 2061/3293/1965 2063/3291/1965 2064/3294/1965
f 2066/3295/1966 2070/3296/1966 2072/3297/1966
f 2067/3298/1967 2070/3299/1967 2069/3300/1967
f 2068/3301/1968 2070/3299/1968 2071/3302/1968
f 2017/3239/1969 2034/3303/1969 2031/3255/1969
f 2023/3304/1970 2032/3305/1970 2034/3306/1970
f 2024/3247/1971 2022/3246/1971 2018/3242/1971
f 2030/3249/1972 2019/3245/1972 2022/3246/1972
f 2025/3250/1973 2044/3265/1973 2029/3307/1973
f 2044/3308/1974 2026/3253/1974 2029/3254/1974
f 2033/3261/1975 2043/3270/1975 2039/3266/1975
f 2036/3262/1976 2040/3269/1976 2043/3270/1976
f 2059/3287/1977 2037/3257/1977 2062/3309/1977
f 2037/3310/1978 2060/3311/1978 2062/3312/1978
f 2038/3263/1979 2072/3297/1979 2041/3313/1979
f 2072/3314/1980 2039/3266/1980 2041/3268/1980
f 2067/3298/1981 2064/3294/1981 2071/3302/1981
f 2071/3302/1982 2060/3290/1982 2068/3301/1982
f 2059/3287/1983 2048/3315/1983 2045/3271/1983
f 2048/3316/1984 2061/3293/1984 2046/3317/1984
f 2052/3279/1985 2069/3318/1985 2066/3295/1985
f 2058/3319/1986 2067/3298/1986 2069/3300/1986
f 2053/3282/1987 2050/3278/1987 2057/3286/1987
f 2050/3278/1988 2054/3285/1988 2057/3286/1988
f 2045/3271/1989 2020/3320/1989 2017/3239/1989
f 2020/3321/1990 2047/3277/1990 2018/3322/1990
f 2025/3250/1991 2055/3323/1991 2052/3279/1991
f 2027/3324/1992 2053/3282/1992 2055/3284/1992
f 2031/3255/1993 2045/3271/1993 2017/3239/1993
f 2026/3253/1994 2032/3305/1994 2019/3245/1994
f 2047/3277/1995 2024/3325/1995 2018/3322/1995
f 2066/3295/1996 2025/3250/1996 2052/3279/1996
f 2033/3261/1997 2068/3326/1997 2060/3311/1997
f 2061/3293/1998 2054/3327/1998 2046/3317/1998
f 2073/3328/1999 2077/3329/1999 2079/3330/1999
f 2074/3331/2000 2077/3332/2000 2076/3333/2000
f 2075/3334/2001 2077/3332/2001 2078/3335/2001
f 2080/3336/2002 2084/3337/2002 2086/3338/2002
f 2081/3339/2003 2084/3340/2003 2083/3341/2003
f 2082/3342/2004 2084/3337/2004 2085/3343/2004
f 2087/3344/2005 2091/3345/2005 2093/3346/2005
f 2088/3347/2006 2091/3348/2006 2090/3349/2006
f 2089/3350/2007 2091/3348/2007 2092/3351/2007
f 2094/3352/2008 2098/3353/2008 2100/3354/2008
f 2095/3355/2009 2098/3356/2009 2097/3357/2009
f 2096/3358/2010 2098/3356/2010 2099/3359/2010
f 2101/3360/2011 2105/3361/2011 2107/3362/2011
f 2102/3363/2012 2105/3364/2012 2104/3365/2012
f 2103/3366/2013 2105/3364/2013 2106/3367/2013
f 2108/3368/2014 2112/3369/2014 2114/3370/2014
f 2109/3371/2015 2112/3372/2015 2111/3373/2015
f 2110/3374/2016 2112/3372/2016 2113/3375/2016
f 2115/3376/2017 2119/3377/2017 2121/3378/2017
f 2116/3379/2018 2119/3380/2018 2118/3381/2018
f 2117/3382/2019 2119/3380/2019 2120/3383/2019
f 2122/3384/2020 2126/3385/2020 2128/3386/2020
f 2123/3387/2021 2126/3388/2021 2125/3389/2021
f 2124/3390/2022 2126/3388/2022 2127/3391/2022
f 2087/3344/2023 2079/3330/2023 2090/3392/2023
f 2079/3393/2024 2088/3394/2024 2090/3395/2024
f 2080/3336/2025 2078/3335/2025 2074/3331/2025
f 2078/3335/2026 2082/3342/2026 2075/3334/2026
f 2081/3339/2027 2100/3354/2027 2085/3396/2027
f 2085/3343/2028 2096/3397/2028 2082/3342/2028
f 2089/3350/2029 2099/3359/2029 2095/3355/2029
f 2099/3359/2030 2088/3347/2030 2096/3358/2030
f 2087/3344/2031 2118/3398/2031 2115/3376/2031
f 2093/3399/2032 2116/3400/2032 2118/3401/2032
f 2122/3384/2033 2097/3402/2033 2094/3352/2033
f 2128/3403/2034 2095/3355/2034 2097/3357/2034
f 2117/3382/2035 2127/3391/2035 2123/3387/2035
f 2120/3383/2036 2124/3390/2036 2127/3391/2036
f 2115/3376/2037 2104/3404/2037 2101/3360/2037
f 2104/3405/2038 2117/3382/2038 2102/3406/2038
f 2108/3368/2039 2125/3407/2039 2122/3384/2039
f 2125/3389/2040 2110/3408/2040 2123/3387/2040
f 2103/3366/2041 2113/3375/2041 2109/3371/2041
f 2113/3375/2042 2102/3363/2042 2110/3374/2042
f 2101/3360/2043 2076/3409/2043 2073/3328/2043
f 2107/3410/2044 2074/3411/2044 2076/3412/2044
f 2081/3339/2045 2111/3413/2045 2108/3368/2045
f 2111/3373/2046 2080/3414/2046 2109/3371/2046
f 2087/3344/2047 2101/3360/2047 2073/3328/2047
f 2082/3342/2048 2088/3394/2048 2075/3334/2048
f 2103/3366/2049 2080/3414/2049 2074/3411/2049
f 2094/3352/2050 2108/3368/2050 2122/3384/2050
f 2095/3355/2051 2116/3400/2051 2089/3350/2051
f 2117/3382/2052 2110/3408/2052 2102/3406/2052
f 2129/3415/2053 2133/3416/2053 2135/3417/2053
f 2130/3418/2054 2133/3419/2054 2132/3420/2054
f 2131/3421/2055 2133/3419/2055 2134/3422/2055
f 2136/3423/2056 2140/3424/2056 2142/3425/2056
f 2137/3426/2057 2140/3427/2057 2139/3428/2057
f 2138/3429/2058 2140/3430/2058 2141/3431/2058
f 2143/3432/2059 2147/3433/2059 2149/3434/2059
f 2144/3435/2060 2147/3436/2060 2146/3437/2060
f 2145/3438/2061 2147/3436/2061 2148/3439/2061
f 2150/3440/2062 2154/3441/2062 2156/3442/2062
f 2151/3443/2063 2154/3444/2063 2153/3445/2063
f 2152/3446/2064 2154/3447/2064 2155/3448/2064
f 2157/3449/2065 2161/3450/2065 2163/3451/2065
f 2158/3452/2066 2161/3453/2066 2160/3454/2066
f 2159/3455/2067 2161/3456/2067 2162/3457/2067
f 2164/3458/2068 2168/3459/2068 2170/3460/2068
f 2165/3461/2069 2168/3462/2069 2167/3463/2069
f 2166/3464/2070 2168/3462/2070 2169/3465/2070
f 2171/3466/2071 2175/3467/2071 2177/3468/2071
f 2172/3469/2072 2175/3470/2072 2174/3471/2072
f 2173/3472/2073 2175/3473/2073 2176/3474/2073
f 2178/3475/2074 2182/3476/2074 2184/3477/2074
f 2179/3478/2075 2182/3479/2075 2181/3480/2075
f 2180/3481/2076 2182/3479/2076 2183/3482/2076
f 2143/3432/2077 2135/3417/2077 2146/3483/2077
f 2135/3484/2078 2144/3485/2078 2146/3486/2078
f 2136/3487/2079 2134/3422/2079 2130/3418/2079
f 2134/3422/2080 2138/3429/2080 2131/3421/2080
f 2150/3440/2081 2141/3488/2081 2137/3426/2081
f 2156/3489/2082 2138/3429/2082 2141/3431/2082
f 2151/3443/2083 2148/3439/2083 2155/3490/2083
f 2155/3490/2084 2144/3435/2084 2152/3491/2084
f 2143/3432/2085 2174/3492/2085 2171/3466/2085
f 2149/3493/2086 2172/3469/2086 2174/3471/2086
f 2178/3475/2087 2153/3494/2087 2150/3440/2087
f 2184/3495/2088 2151/3443/2088 2153/3445/2088
f 2179/3478/2089 2176/3474/2089 2183/3482/2089
f 2176/3474/2090 2180/3481/2090 2183/3482/2090
f 2157/3449/2091 2177/3468/2091 2160/3496/2091
f 2177/3497/2092 2158/3452/2092 2160/3454/2092
f 2164/3458/2093 2181/3498/2093 2178/3475/2093
f 2181/3480/2094 2166/3499/2094 2179/3478/2094
f 2159/3455/2095 2169/3465/2095 2165/3461/2095
f 2169/3465/2096 2158/3500/2096 2166/3464/2096
f 2129/3415/2097 2163/3451/2097 2132/3501/2097
f 2132/3502/2098 2159/3455/2098 2130/3503/2098
f 2164/3458/2099 2139/3428/2099 2167/3504/2099
f 2139/3505/2100 2165/3461/2100 2167/3463/2100
f 2143/3432/2101 2157/3449/2101 2129/3415/2101
f 2131/3421/2102 2152/3446/2102 2144/3485/2102
f 2165/3461/2103 2130/3503/2103 2159/3455/2103
f 2178/3475/2104 2137/3426/2104 2164/3458/2104
f 2151/3443/2105 2172/3469/2105 2145/3438/2105
f 2173/3472/2106 2166/3499/2106 2158/3452/2106
f 2185/3506/2107 2189/3507/2107 2191/3508/2107
f 2186/3509/2108 2189/3510/2108 2188/3511/2108
f 2187/3512/2109 2189/3510/2109 2190/3513/2109
f 2192/3514/2110 2196/3515/2110 2198/3516/2110
f 2193/3517/2111 2196/3518/2111 2195/3519/2111
f 2194/3520/2112 2196/3515/2112 2197/3521/2112
f 2199/3522/2113 2203/3523/2113 2205/3524/2113
f 2200/3525/2114 2203/3526/2114 2202/3527/2114
f 2201/3528/2115 2203/3526/2115 2204/3529/2115
f 2206/3530/2116 2210/3531/2116 2212/3532/2116
f 2207/3533/2117 2210/3534/2117 2209/3535/2117
f 2208/3536/2118 2210/3534/2118 2211/3537/2118
f 2213/3538/2119 2217/3539/2119 2219/3540/2119
f 2214/3541/2120 2217/3542/2120 2216/3543/2120
f 2215/3544/2121 2217/3542/2121 2218/3545/2121
f 2220/3546/2122 2224/3547/2122 2226/3548/2122
f 2221/3549/2123 2224/3550/2123 2223/3551/2123
f 2222/3552/2124 2224/3550/2124 2225/3553/2124
f 2227/3554/2125 2231/3555/2125 2233/3556/2125
f 2228/3557/2126 2231/3558/2126 2230/3559/2126
f 2229/3560/2127 2231/3558/2127 2232/3561/2127
f 2234/3562/2128 2238/3563/2128 2240/3564/2128
f 2235/3565/2129 2238/3566/2129 2237/3567/2129
f 2236/3568/2130 2238/3566/2130 2239/3569/2130
f 2185/3506/2131 2202/3570/2131 2199/3522/2131
f 2191/3571/2132 2200/3525/2132 2202/3527/2132
f 2192/3514/2133 2190/3513/2133 2186/3509/2133
f 2198/3516/2134 2187/3512/2134 2190/3513/2134
f 2206/3530/2135 2197/3572/2135 2193/3517/2135
f 2212/3573/2136 2194/3574/2136 2197/3575/2136
f 2207/3533/2137 2204/3529/2137 2211/3537/2137
f 2204/3529/2138 2208/3536/2138 2211/3537/2138
f 2227/3554/2139 2205/3524/2139 2230/3576/2139
f 2230/3559/2140 2201/3577/2140 2228/3557/2140
f 2234/3562/2141 2209/3578/2141 2206/3530/2141
f 2240/3579/2142 2207/3580/2142 2209/3581/2142
f 2235/3565/2143 2232/3561/2143 2239/3569/2143
f 2239/3569/2144 2228/3557/2144 2236/3568/2144
f 2213/3538/2145 2233/3556/2145 2216/3582/2145
f 2216/3543/2146 2229/3583/2146 2214/3541/2146
f 2220/3546/2147 2237/3584/2147 2234/3562/2147
f 2237/3585/2148 2222/3552/2148 2235/3586/2148
f 2221/3549/2149 2218/3545/2149 2225/3553/2149
f 2225/3553/2150 2214/3541/2150 2222/3552/2150
f 2213/3538/2151 2188/3587/2151 2185/3506/2151
f 2219/3588/2152 2186/3509/2152 2188/3511/2152
f 2220/3546/2153 2195/3519/2153 2223/3589/2153
f 2195/3590/2154 2221/3591/2154 2223/3592/2154
f 2199/3522/2155 2213/3538/2155 2185/3506/2155
f 2187/3593/2156 2208/3536/2156 2200/3525/2156
f 2221/3591/2157 2186/3509/2157 2215/3594/2157
f 2234/3562/2158 2193/3517/2158 2220/3546/2158
f 2207/3580/2159 2228/3557/2159 2201/3577/2159
f 2235/3586/2160 2214/3541/2160 2229/3583/2160
f 2241/3595/2161 2245/3596/2161 2247/3597/2161
f 2242/3598/2162 2245/3599/2162 2244/3600/2162
f 2243/3601/2163 2245/3602/2163 2246/3603/2163
f 2248/3604/2164 2252/3605/2164 2254/3606/2164
f 2249/3607/2165 2252/3608/2165 2251/3609/2165
f 2250/3610/2166 2252/3605/2166 2253/3611/2166
f 2255/3612/2167 2259/3613/2167 2261/3614/2167
f 2256/3615/2168 2259/3616/2168 2258/3617/2168
f 2257/3618/2169 2259/3619/2169 2260/3620/2169
f 2262/3621/2170 2266/3622/2170 2268/3623/2170
f 2263/3624/2171 2266/3622/2171 2265/3625/2171
f 2264/3626/2172 2266/3627/2172 2267/3628/2172
f 2269/3629/2173 2273/3630/2173 2275/3631/2173
f 2270/3632/2174 2273/3633/2174 2272/3634/2174
f 2271/3635/2175 2273/3630/2175 2274/3636/2175
f 2276/3637/2176 2280/3638/2176 2282/3639/2176
f 2277/3640/2177 2280/3641/2177 2279/3642/2177
f 2278/3643/2178 2280/3644/2178 2281/3645/2178
f 2283/3646/2179 2287/3647/2179 2289/3648/2179
f 2284/3649/2180 2287/3650/2180 2286/3651/2180
f 2285/3652/2181 2287/3650/2181 2288/3653/2181
f 2290/3654/2182 2294/3655/2182 2296/3656/2182
f 2291/3657/2183 2294/3658/2183 2293/3659/2183
f 2292/3660/2184 2294/3661/2184 2295/3662/2184
f 2255/3612/2185 2247/3597/2185 2258/3663/2185
f 2247/3664/2186 2256/3615/2186 2258/3617/2186
f 2248/3604/2187 2246/3665/2187 2242/3598/2187
f 2246/3603/2188 2250/3666/2188 2243/3601/2188
f 2262/3621/2189 2253/3667/2189 2249/3607/2189
f 2268/3668/2190 2250/3666/2190 2253/3669/2190
f 2257/3618/2191 2267/3670/2191 2263/3671/2191
f 2267/3628/2192 2256/3615/2192 2264/3626/2192
f 2255/3612/2193 2286/3672/2193 2283/3646/2193
f 2286/3651/2194 2257/3618/2194 2284/3649/2194
f 2290/3654/2195 2265/3625/2195 2262/3621/2195
f 2265/3673/2196 2292/3660/2196 2263/3671/2196
f 2291/3657/2197 2288/3674/2197 2295/3675/2197
f 2288/3653/2198 2292/3660/2198 2295/3662/2198
f 2269/3629/2199 2289/3648/2199 2272/3676/2199
f 2272/3634/2200 2285/3677/2200 2270/3632/2200
f 2276/3637/2201 2293/3678/2201 2290/3654/2201
f 2293/3659/2202 2278/3643/2202 2291/3657/2202
f 2271/3679/2203 2281/3680/2203 2277/3640/2203
f 2281/3645/2204 2270/3632/2204 2278/3643/2204
f 2269/3629/2205 2244/3681/2205 2241/3595/2205
f 2275/3682/2206 2242/3598/2206 2244/3600/2206
f 2276/3637/2207 2251/3609/2207 2279/3683/2207
f 2279/3642/2208 2248/3604/2208 2277/3640/2208
f 2283/3646/2209 2241/3595/2209 2255/3612/2209
f 2243/3601/2210 2264/3626/2210 2256/3615/2210
f 2277/3640/2211 2242/3598/2211 2271/3679/2211
f 2290/3654/2212 2249/3607/2212 2276/3637/2212
f 2257/3618/2213 2292/3660/2213 2284/3649/2213
f 2285/3677/2214 2278/3643/2214 2270/3632/2214
f 2297/3684/2215 2301/3685/2215 2303/3686/2215
f 2298/3687/2216 2301/3688/2216 2300/3689/2216
f 2299/3690/2217 2301/3688/2217 2302/3691/2217
f 2304/3692/2218 2308/3693/2218 2310/3694/2218
f 2305/3695/2219 2308/3696/2219 2307/3697/2219
f 2306/3698/2220 2308/3693/2220 2309/3699/2220
f 2311/3700/2221 2315/3701/2221 2317/3702/2221
f 2312/3703/2222 2315/3704/2222 2314/3705/2222
f 2313/3706/2223 2315/3704/2223 2316/3707/2223
f 2318/3708/2224 2322/3709/2224 2324/3710/2224
f 2319/3711/2225 2322/3712/2225 2321/3713/2225
f 2320/3714/2226 2322/3709/2226 2323/3715/2226
f 2325/3716/2227 2329/3717/2227 2331/3718/2227
f 2326/3719/2228 2329/3717/2228 2328/3720/2228
f 2327/3721/2229 2329/3722/2229 2330/3723/2229
f 2332/3724/2230 2336/3725/2230 2338/3726/2230
f 2333/3727/2231 2336/3728/2231 2335/3729/2231
f 2334/3730/2232 2336/3728/2232 2337/3731/2232
f 2339/3732/2233 2343/3733/2233 2345/3734/2233
f 2340/3735/2234 2343/3736/2234 2342/3737/2234
f 2341/3738/2235 2343/3736/2235 2344/3739/2235
f 2346/3740/2236 2350/3741/2236 2352/3742/2236
f 2347/3743/2237 2350/3744/2237 2349/3745/2237
f 2348/3746/2238 2350/3744/2238 2351/3747/2238
f 2297/3684/2239 2314/3748/2239 2311/3700/2239
f 2303/3749/2240 2312/3750/2240 2314/3751/2240
f 2304/3692/2241 2302/3691/2241 2298/3687/2241
f 2302/3691/2242 2306/3698/2242 2299/3690/2242
f 2318/3708/2243 2309/3752/2243 2305/3695/2243
f 2309/3699/2244 2320/3753/2244 2306/3698/2244
f 2313/3706/2245 2323/3754/2245 2319/3711/2245
f 2323/3754/2246 2312/3703/2246 2320/3755/2246
f 2339/3732/2247 2317/3702/2247 2342/3756/2247
f 2317/3757/2248 2340/3758/2248 2342/3759/2248
f 2318/3708/2249 2352/3742/2249 2321/3760/2249
f 2352/3742/2250 2319/3761/2250 2321/3760/2250
f 2347/3743/2251 2344/3739/2251 2351/3747/2251
f 2344/3739/2252 2348/3746/2252 2351/3747/2252
f 2339/3732/2253 2328/3720/2253 2325/3716/2253
f 2345/3762/2254 2326/3763/2254 2328/3764/2254
f 2332/3724/2255 2349/3765/2255 2346/3740/2255
f 2338/3766/2256 2347/3743/2256 2349/3745/2256
f 2327/3721/2257 2337/3731/2257 2333/3727/2257
f 2337/3731/2258 2326/3767/2258 2334/3730/2258
f 2325/3716/2259 2300/3768/2259 2297/3684/2259
f 2331/3718/2260 2298/3769/2260 2300/3768/2260
f 2305/3695/2261 2335/3770/2261 2332/3724/2261
f 2307/3771/2262 2333/3727/2262 2335/3729/2262
f 2311/3700/2263 2325/3716/2263 2297/3684/2263
f 2299/3690/2264 2320/3753/2264 2312/3750/2264
f 2333/3727/2265 2298/3772/2265 2327/3721/2265
f 2318/3708/2266 2332/3724/2266 2346/3740/2266
f 2319/3711/2267 2340/3758/2267 2313/3706/2267
f 2347/3743/2268 2326/3763/2268 2341/3738/2268
f 2353/3773/2269 2357/3774/2269 2359/3775/2269
f 2354/3776/2270 2357/3777/2270 2356/3778/2270
f 2355/3779/2271 2357/3777/2271 2358/3780/2271
f 2360/3781/2272 2364/3782/2272 2366/3783/2272
f 2361/3784/2273 2364/3785/2273 2363/3786/2273
f 2362/3787/2274 2364/3782/2274 2365/3788/2274
f 2367/3789/2275 2371/3790/2275 2373/3791/2275
f 2368/3792/2276 2371/3793/2276 2370/3794/2276
f 2369/3795/2277 2371/3793/2277 2372/3796/2277
f 2374/3797/2278 2378/3798/2278 2380/3799/2278
f 2375/3800/2279 2378/3801/2279 2377/3802/2279
f 2376/3803/2280 2378/3801/2280 2379/3804/2280
f 2381/3805/2281 2385/3806/2281 2387/3807/2281
f 2382/3808/2282 2385/3809/2282 2384/3810/2282
f 2383/3811/2283 2385/3809/2283 2386/3812/2283
f 2388/3813/2284 2392/3814/2284 2394/3815/2284
f 2389/3816/2285 2392/3817/2285 2391/3818/2285
f 2390/3819/2286 2392/3817/2286 2393/3820/2286
f 2395/3821/2287 2399/3822/2287 2401/3823/2287
f 2396/3824/2288 2399/3825/2288 2398/3826/2288
f 2397/3827/2289 2399/3825/2289 2400/3828/2289
f 2402/3829/2290 2406/3830/2290 2408/3831/2290
f 2403/3832/2291 2406/3833/2291 2405/3834/2291
f 2404/3835/2292 2406/3833/2292 2407/3836/2292
f 2353/3773/2293 2370/3837/2293 2367/3789/2293
f 2359/3838/2294 2368/3792/2294 2370/3794/2294
f 2354/3776/2295 2366/3783/2295 2358/3780/2295
f 2366/3783/2296 2355/3779/2296 2358/3780/2296
f 2374/3797/2297 2365/3839/2297 2361/3784/2297
f 2365/3840/2298 2376/3803/2298 2362/3841/2298
f 2369/3795/2299 2379/3804/2299 2375/3800/2299
f 2372/3796/2300 2376/3803/2300 2379/3804/2300
f 2367/3789/2301 2398/3842/2301 2395/3821/2301
f 2373/3843/2302 2396/3824/2302 2398/3826/2302
f 2402/3829/2303 2377/3844/2303 2374/3797/2303
f 2408/3845/2304 2375/3846/2304 2377/3847/2304
f 2397/3827/2305 2407/3836/2305 2403/3832/2305
f 2407/3836/2306 2396/3824/2306 2404/3835/2306
f 2381/3805/2307 2401/3823/2307 2384/3848/2307
f 2384/3810/2308 2397/3849/2308 2382/3808/2308
f 2402/3829/2309 2394/3815/2309 2405/3850/2309
f 2405/3851/2310 2390/3819/2310 2403/3852/2310
f 2383/3811/2311 2393/3820/2311 2389/3816/2311
f 2386/3812/2312 2390/3819/2312 2393/3820/2312
f 2381/3805/2313 2356/3853/2313 2353/3773/2313
f 2356/3778/2314 2383/3854/2314 2354/3776/2314
f 2388/3813/2315 2363/3786/2315 2391/3855/2315
f 2363/3856/2316 2389/3857/2316 2391/3858/2316
f 2367/3789/2317 2381/3805/2317 2353/3773/2317
f 2362/3841/2318 2368/3792/2318 2355/3859/2318
f 2389/3857/2319 2354/3776/2319 2383/3854/2319
f 2402/3829/2320 2361/3784/2320 2388/3813/2320
f 2375/3846/2321 2396/3824/2321 2369/3860/2321
f 2403/3852/2322 2382/3808/2322 2397/3849/2322
f 2409/3861/2323 2413/3862/2323 2415/3863/2323
f 2410/3864/2324 2413/3865/2324 2412/3866/2324
f 2411/3867/2325 2413/3868/2325 2414/3869/2325
f 2416/3870/2326 2420/3871/2326 2422/3872/2326
f 2417/3873/2327 2420/3874/2327 2419/3875/2327
f 2418/3876/2328 2420/3877/2328 2421/3878/2328
f 2423/3879/2329 2427/3880/2329 2429/3881/2329
f 2424/3882/2330 2427/3883/2330 2426/3884/2330
f 2425/3885/2331 2427/3886/2331 2428/3887/2331
f 2430/3888/2332 2434/3889/2332 2436/3890/2332
f 2431/3891/2333 2434/3892/2333 2433/3893/2333
f 2432/3894/2334 2434/3895/2334 2435/3896/2334
f 2437/3897/2335 2441/3898/2335 2443/3899/2335
f 2438/3900/2336 2441/3901/2336 2440/3902/2336
f 2439/3903/2337 2441/3904/2337 2442/3905/2337
f 2444/3906/2338 2448/3907/2338 2450/3908/2338
f 2445/3909/2339 2448/3910/2339 2447/3911/2339
f 2446/3912/2340 2448/3913/2340 2449/3914/2340
f 2451/3915/2341 2455/3916/2341 2457/3917/2341
f 2452/3918/2342 2455/3919/2342 2454/3920/2342
f 2453/3921/2343 2455/3922/2343 2456/3923/2343
f 2458/3924/2344 2462/3925/2344 2464/3926/2344
f 2459/3927/2345 2462/3928/2345 2461/3929/2345
f 2460/3930/2346 2462/3931/2346 2463/3932/2346
f 2423/3879/2347 2415/3863/2347 2426/3933/2347
f 2415/3934/2348 2424/3882/2348 2426/3884/2348
f 2416/3870/2349 2414/3935/2349 2410/3864/2349
f 2422/3936/2350 2411/3867/2350 2414/3869/2350
f 2430/3888/2351 2421/3937/2351 2417/3873/2351
f 2421/3878/2352 2432/3894/2352 2418/3876/2352
f 2431/3891/2353 2428/3887/2353 2435/3938/2353
f 2428/3939/2354 2432/3894/2354 2435/3896/2354
f 2423/3879/2355 2454/3940/2355 2451/3915/2355
f 2429/3941/2356 2452/3918/2356 2454/3920/2356
f 2458/3924/2357 2433/3942/2357 2430/3888/2357
f 2464/3943/2358 2431/3891/2358 2433/3893/2358
f 2459/3927/2359 2456/3923/2359 2463/3944/2359
f 2463/3932/2360 2452/3918/2360 2460/3930/2360
f 2437/3897/2361 2457/3917/2361 2440/3945/2361
f 2457/3946/2362 2438/3900/2362 2440/3902/2362
f 2444/3906/2363 2461/3947/2363 2458/3924/2363
f 2461/3929/2364 2446/3912/2364 2459/3927/2364
f 2439/3903/2365 2449/3948/2365 2445/3909/2365
f 2449/3914/2366 2438/3900/2366 2446/3912/2366
f 2409/3861/2367 2443/3899/2367 2412/3949/2367
f 2412/3866/2368 2439/3903/2368 2410/3864/2368
f 2417/3873/2369 2447/3950/2369 2444/3906/2369
f 2419/3951/2370 2445/3909/2370 2447/3911/2370
f 2451/3915/2371 2409/3861/2371 2423/3879/2371
f 2418/3876/2372 2424/3882/2372 2411/3867/2372
f 2445/3909/2373 2410/3864/2373 2439/3903/2373
f 2458/3924/2374 2417/3873/2374 2444/3906/2374
f 2431/3891/2375 2452/3918/2375 2425/3885/2375
f 2459/3927/2376 2438/3900/2376 2453/3921/2376
f 2465/3952/2377 2469/3953/2377 2471/3954/2377
f 2466/3955/2378 2469/3956/2378 2468/3957/2378
f 2467/3958/2379 2469/3959/2379 2470/3960/2379
f 2472/3961/2380 2476/3962/2380 2478/3963/2380
f 2473/3964/2381 2476/3965/2381 2475/3966/2381
f 2474/3967/2382 2476/3968/2382 2477/3969/2382
f 2479/3970/2383 2483/3971/2383 2485/3972/2383
f 2480/3973/2384 2483/3974/2384 2482/3975/2384
f 2481/3976/2385 2483/3977/2385 2484/3978/2385
f 2486/3979/2386 2490/3980/2386 2492/3981/2386
f 2487/3982/2387 2490/3983/2387 2489/3984/2387
f 2488/3985/2388 2490/3986/2388 2491/3987/2388
f 2493/3988/2389 2497/3989/2389 2499/3990/2389
f 2494/3991/2390 2497/3992/2390 2496/3993/2390
f 2495/3994/2391 2497/3995/2391 2498/3996/2391
f 2500/3997/2392 2504/3998/2392 2506/3999/2392
f 2501/4000/2393 2504/4001/2393 2503/4002/2393
f 2502/4003/2394 2504/4004/2394 2505/4005/2394
f 2507/4006/2395 2511/4007/2395 2513/4008/2395
f 2508/4009/2396 2511/4010/2396 2510/4011/2396
f 2509/4012/2397 2511/4013/2397 2512/4014/2397
f 2514/4015/2398 2518/4016/2398 2520/4017/2398
f 2515/4018/2399 2518/4019/2399 2517/4020/2399
f 2516/4021/2400 2518/4022/2400 2519/4023/2400
f 2479/3970/2401 2471/3954/2401 2482/4024/2401
f 2482/3975/2402 2467/3958/2402 2480/3973/2402
f 2472/3961/2403 2470/4025/2403 2466/3955/2403
f 2470/3960/2404 2474/3967/2404 2467/3958/2404
f 2473/3964/2405 2492/3981/2405 2477/4026/2405
f 2492/4027/2406 2474/3967/2406 2477/3969/2406
f 2481/3976/2407 2491/4028/2407 2487/3982/2407
f 2484/4029/2408 2488/3985/2408 2491/3987/2408
f 2479/3970/2409 2510/4030/2409 2507/4006/2409
f 2510/4011/2410 2481/3976/2410 2508/4009/2410
f 2486/3979/2411 2520/4017/2411 2489/4031/2411
f 2520/4032/2412 2487/3982/2412 2489/3984/2412
f 2515/4018/2413 2512/4014/2413 2519/4033/2413
f 2512/4034/2414 2516/4021/2414 2519/4023/2414
f 2493/3988/2415 2513/4008/2415 2496/4035/2415
f 2513/4036/2416 2494/3991/2416 2496/3993/2416
f 2500/3997/2417 2517/4037/2417 2514/4015/2417
f 2506/4038/2418 2515/4018/2418 2517/4020/2418
f 2495/3994/2419 2505/4039/2419 2501/4000/2419
f 2505/4005/2420 2494/3991/2420 2502/4003/2420
f 2493/3988/2421 2468/4040/2421 2465/3952/2421
f 2468/3957/2422 2495/3994/2422 2466/3955/2422
f 2500/3997/2423 2475/3966/2423 2503/4041/2423
f 2475/4042/2424 2501/4000/2424 2503/4002/2424
f 2479/3970/2425 2493/3988/2425 2465/3952/2425
f 2467/3958/2426 2488/3985/2426 2480/3973/2426
f 2495/3994/2427 2472/3961/2427 2466/3955/2427
f 2486/3979/2428 2500/3997/2428 2514/4015/2428
f 2481/3976/2429 2516/4021/2429 2508/4009/2429
f 2515/4018/2430 2494/3991/2430 2509/4012/2430
f 2521/4043/2431 2525/4044/2431 2527/4045/2431
f 2522/4046/2432 2525/4047/2432 2524/4048/2432
f 2523/4049/2433 2525/4050/2433 2526/4051/2433
f 2528/4052/2434 2532/4053/2434 2534/4054/2434
f 2529/4055/2435 2532/4056/2435 2531/4057/2435
f 2530/4058/2436 2532/4059/2436 2533/4060/2436
f 2535/4061/2437 2539/4062/2437 2541/4063/2437
f 2536/4064/2438 2539/4065/2438 2538/4066/2438
f 2537/4067/2439 2539/4068/2439 2540/4069/2439
f 2542/4070/2440 2546/4071/2440 2548/4072/2440
f 2543/4073/2441 2546/4074/2441 2545/4075/2441
f 2544/4076/2442 2546/4077/2442 2547/4078/2442
f 2549/4079/2443 2553/4080/2443 2555/4081/2443
f 2550/4082/2444 2553/4083/2444 2552/4084/2444
f 2551/4085/2445 2553/4086/2445 2554/4087/2445
f 2556/4088/2446 2560/4089/2446 2562/4090/2446
f 2557/4091/2447 2560/4092/2447 2559/4093/2447
f 2558/4094/2448 2560/4095/2448 2561/4096/2448
f 2563/4097/2449 2567/4098/2449 2569/4099/2449
f 2564/4100/2450 2567/4101/2450 2566/4102/2450
f 2565/4103/2451 2567/4104/2451 2568/4105/2451
f 2570/4106/2452 2574/4107/2452 2576/4108/2452
f 2571/4109/2453 2574/4110/2453 2573/4111/2453
f 2572/4112/2454 2574/4113/2454 2575/4114/2454
f 2535/4061/2455 2527/4045/2455 2538/4115/2455
f 2527/4116/2456 2536/4064/2456 2538/4066/2456
f 2528/4052/2457 2526/4117/2457 2522/4046/2457
f 2526/4051/2458 2530/4058/2458 2523/4049/2458
f 2542/4070/2459 2533/4118/2459 2529/4055/2459
f 2533/4060/2460 2544/4076/2460 2530/4058/2460
f 2537/4067/2461 2547/4119/2461 2543/4073/2461
f 2540/4120/2462 2544/4076/2462 2547/4078/2462
f 2535/4061/2463 2566/4121/2463 2563/4097/2463
f 2541/4122/2464 2564/4100/2464 2566/4102/2464
f 2570/4106/2465 2545/4123/2465 2542/4070/2465
f 2545/4075/2466 2572/4112/2466 2543/4073/2466
f 2565/4103/2467 2575/4124/2467 2571/4109/2467
f 2568/4125/2468 2572/4112/2468 2575/4114/2468
f 2549/4079/2469 2569/4099/2469 2552/4126/2469
f 2569/4127/2470 2550/4082/2470 2552/4084/2470
f 2556/4088/2471 2573/4128/2471 2570/4106/2471
f 2573/4111/2472 2558/4094/2472 2571/4109/2472
f 2557/4091/2473 2554/4087/2473 2561/4129/2473
f 2561/4096/2474 2550/4082/2474 2558/4094/2474
f 2521/4043/2475 2555/4081/2475 2524/4130/2475
f 2524/4048/2476 2551/4085/2476 2522/4046/2476
f 2556/4088/2477 2531/4057/2477 2559/4131/2477
f 2559/4093/2478 2528/4052/2478 2557/4091/2478
f 2535/4061/2479 2549/4079/2479 2521/4043/2479
f 2530/4058/2480 2536/4064/2480 2523/4049/2480
f 2551/4085/2481 2528/4052/2481 2522/4046/2481
f 2542/4070/2482 2556/4088/2482 2570/4106/2482
f 2537/4067/2483 2572/4112/2483 2564/4100/2483
f 2571/4109/2484 2550/4082/2484 2565/4103/2484
f 1793/2869/3898 1796/2956/3898 1797/2870/3898
f 1794/2872/3899 1798/2942/3899 1797/2873/3899
f 1795/2875/3900 1799/4886/3900 1797/2876/3900
f 1800/2878/3901 1803/2959/3901 1804/2879/3901
f 1801/2881/3902 1805/2944/3902 1804/2882/3902
f 1802/2884/3903 1806/2943/3903 1804/2885/3903
f 1807/2887/3904 1810/2941/3904 1811/2888/3904
f 1808/2890/3905 1812/2947/3905 1811/2891/3905
f 1809/2893/3906 1813/4887/3906 1811/2894/3906
f 1814/2896/3907 1817/2949/3907 1818/2897/3907
f 1815/2899/3908 1819/2946/3908 1818/2900/3908
f 1816/2902/3909 1820/2945/3909 1818/2903/3909
f 1821/2905/3910 1824/2952/3910 1825/2906/3910
f 1822/2908/3911 1826/4888/3911 1825/2909/3911
f 1823/2911/3912 1827/2957/3912 1825/2912/3912
f 1828/2914/3913 1831/2958/3913 1832/2915/3913
f 1829/2917/3914 1833/2955/3914 1832/2918/3914
f 1830/2920/3915 1834/4889/3915 1832/2921/3915
f 1835/2923/3916 1838/2948/3916 1839/2924/3916
f 1836/2926/3917 1840/4890/3917 1839/2927/3917
f 1837/2929/3918 1841/2953/3918 1839/2930/3918
f 1842/2932/3919 1845/2954/3919 1846/2933/3919
f 1843/2935/3920 1847/2951/3920 1846/2936/3920
f 1844/2938/3921 1848/2950/3921 1846/2939/3921
f 1807/2887/3922 1793/2869/3922 1799/2871/3922
f 1810/2892/1754 1799/4886/1754 1795/2875/1754
f 1800/2878/1755 1806/2880/1755 1798/2942/1755
f 1806/2943/3923 1802/2884/3923 1795/2875/3923
f 1814/2896/3924 1820/2898/3924 1805/2944/3924
f 1820/2945/3925 1816/2902/3925 1802/2884/3925
f 1809/2893/3926 1812/2895/3926 1819/2946/3926
f 1812/2947/3927 1808/2890/3927 1816/2902/3927
f 1807/2887/1761 1813/2889/1761 1838/2948/1761
f 1838/2928/3928 1813/4887/3928 1809/2893/3928
f 1814/2896/3929 1842/2932/3929 1848/2934/3929
f 1848/2950/3930 1844/2938/3930 1815/2899/3930
f 1837/2929/3931 1840/2931/3931 1847/2951/3931
f 1847/2940/3932 1840/4890/3932 1836/2926/3932
f 1821/2905/3933 1835/2923/3933 1841/2925/3933
f 1841/2953/3934 1837/2929/3934 1822/2908/3934
f 1828/2914/3935 1834/2916/3935 1845/2954/3935
f 1845/2937/3936 1834/4889/3936 1830/2920/3936
f 1823/2911/3937 1826/2913/3937 1833/2955/3937
f 1833/2922/3938 1826/4888/3938 1822/2908/3938
f 1821/2905/1773 1827/2907/1773 1796/2956/1773
f 1827/2957/1774 1823/2911/1774 1794/2872/1774
f 1801/2881/3939 1803/2883/3939 1831/2958/3939
f 1803/2959/3940 1800/2878/3940 1829/2917/3940
f 1807/2887/1777 1835/2923/1777 1821/2905/1777
f 1795/2875/1778 1802/2884/1778 1816/2902/1778
f 1829/2917/1779 1800/2878/1779 1794/2872/1779
f 1814/2896/1780 1801/2881/1780 1828/2914/1780
f 1815/2899/1781 1844/2938/1781 1836/2926/1781
f 1843/2935/1782 1830/2920/1782 1822/2908/1782
f 1849/2960/3941 1852/3050/3941 1853/2961/3941
f 1850/2963/3942 1854/3034/3942 1853/2964/3942
f 1851/2966/3943 1855/3033/3943 1853/2967/3943
f 1856/2969/3944 1859/3053/3944 1860/2970/3944
f 1857/2972/3945 1861/3035/3945 1860/2973/3945
f 1858/2975/3946 1862/4891/3946 1860/2976/3946
f 1863/2978/3947 1866/3032/3947 1867/2979/3947
f 1864/2981/3948 1868/3038/3948 1867/2982/3948
f 1865/2984/3949 1869/4892/3949 1867/2985/3949
f 1870/2987/3950 1873/3040/3950 1874/2988/3950
f 1871/2990/3951 1875/3037/3951 1874/2991/3951
f 1872/2993/3952 1876/3036/3952 1874/2994/3952
f 1877/2996/3953 1880/3044/3953 1881/2997/3953
f 1878/2999/3954 1882/3049/3954 1881/3000/3954
f 1879/3002/3955 1883/3051/3955 1881/3003/3955
f 1884/3005/3956 1887/3052/3956 1888/3006/3956
f 1885/3008/3957 1889/3048/3957 1888/3009/3957
f 1886/3011/3958 1890/3047/3958 1888/3012/3958
f 1891/3014/3959 1894/3039/3959 1895/3015/3959
f 1892/3017/3960 1896/3043/3960 1895/3018/3960
f 1893/3020/3961 1897/3045/3961 1895/3021/3961
f 1898/3023/3962 1901/3046/3962 1902/3024/3962
f 1899/3026/3963 1903/3042/3963 1902/3027/3963
f 1900/3029/3964 1904/3041/3964 1902/3030/3964
f 1849/2960/3965 1855/2962/3965 1866/3032/3965
f 1855/3033/3966 1851/2966/3966 1864/2981/3966
f 1850/2963/3967 1856/2969/3967 1862/2971/3967
f 1854/2968/3968 1862/4891/3968 1858/2975/3968
f 1870/2987/3969 1876/2989/3969 1861/3035/3969
f 1876/3036/3970 1872/2993/3970 1858/2975/3970
f 1871/2990/1813 1865/2984/1813 1868/2986/1813
f 1868/3038/3971 1864/2981/3971 1872/2993/3971
f 1891/3014/1815 1863/2978/1815 1869/2980/1815
f 1894/3019/3972 1869/4892/3972 1865/2984/3972
f 1898/3023/1817 1904/3025/1817 1873/3040/1817
f 1904/3041/1818 1900/3029/1818 1871/2990/1818
f 1893/3020/3973 1896/3022/3973 1903/3042/3973
f 1896/3043/1820 1892/3017/1820 1900/3029/1820
f 1877/2996/1821 1891/3014/1821 1897/3016/1821
f 1897/3045/3974 1893/3020/3974 1878/2999/3974
f 1884/3005/3975 1890/3007/3975 1901/3046/3975
f 1890/3047/3976 1886/3011/3976 1899/3026/3976
f 1879/3002/1825 1882/3004/1825 1889/3048/1825
f 1882/3049/3977 1878/2999/3977 1886/3011/3977
f 1849/2960/1827 1877/2996/1827 1883/2998/1827
f 1883/3051/3978 1879/3002/3978 1850/2963/3978
f 1884/3005/1829 1857/2972/1829 1859/2974/1829
f 1859/3053/3979 1856/2969/3979 1885/3008/3979
f 1863/2978/1831 1891/3014/1831 1877/2996/1831
f 1858/2975/1832 1872/2993/1832 1864/2981/1832
f 1885/3008/1833 1856/2969/1833 1850/2963/1833
f 1870/2987/1834 1857/2972/1834 1884/3005/1834
f 1871/2990/1835 1900/3029/1835 1892/3017/1835
f 1899/3026/1836 1886/3011/1836 1878/2999/1836
f 1905/3054/3980 1908/3137/3980 1909/3055/3980
f 1906/3057/3981 1910/3061/3981 1909/3058/3981
f 1907/3060/3982 1911/3119/3982 1909/3058/3982
f 1912/3062/3983 1915/4893/3983 1916/3063/3983
f 1913/3065/3984 1917/3122/3984 1916/3066/3984
f 1914/3068/3985 1918/3064/3985 1916/3063/3985
f 1919/3070/3986 1922/3118/3986 1923/3071/3986
f 1920/3073/3987 1924/3077/3987 1923/3074/3987
f 1921/3076/3988 1925/4894/3988 1923/3074/3988
f 1926/3078/3989 1929/3129/3989 1930/3079/3989
f 1927/3081/3990 1931/3124/3990 1930/3082/3990
f 1928/3084/3991 1932/3080/3991 1930/3079/3991
f 1933/3086/3992 1936/3090/3992 1937/3087/3992
f 1934/3089/3993 1938/4895/3993 1937/3087/3993
f 1935/3091/3994 1939/4896/3994 1937/3092/3994
f 1940/3094/3995 1943/3140/3995 1944/3095/3995
f 1941/3097/3996 1945/3101/3996 1944/3098/3996
f 1942/3100/3997 1946/4897/3997 1944/3098/3997
f 1947/3102/3998 1950/3126/3998 1951/3103/3998
f 1948/3105/3999 1952/3109/3999 1951/3106/3999
f 1949/3108/4000 1953/4898/4000 1951/3106/4000
f 1954/3110/4001 1957/3134/4001 1958/3111/4001
f 1955/3113/4002 1959/3117/4002 1958/3114/4002
f 1956/3116/4003 1960/4899/4003 1958/3114/4003
f 1919/3070/4004 1905/3054/4004 1911/3056/4004
f 1911/3119/1862 1907/3060/1862 1920/3120/1862
f 1906/3057/4005 1912/3062/4005 1918/3064/4005
f 1918/3064/1864 1914/3068/1864 1907/3060/1864
f 1913/3065/1865 1926/3078/1865 1932/3080/1865
f 1932/3123/4006 1928/4900/4006 1914/3068/4006
f 1921/3076/4007 1924/3077/4007 1931/3124/4007
f 1931/3124/4008 1924/3077/4008 1920/3073/4008
f 1919/3070/4009 1925/3072/4009 1950/3126/4009
f 1950/3127/4010 1925/4894/4010 1921/3076/4010
f 1954/3110/4011 1960/3112/4011 1929/3129/4011
f 1929/3129/4012 1960/3112/4012 1956/3130/4012
f 1949/3108/4013 1952/3109/4013 1959/3117/4013
f 1959/3117/4014 1952/3109/4014 1948/3105/4014
f 1947/3102/1875 1953/3104/1875 1936/3090/1875
f 1936/3132/1876 1953/4898/1876 1949/3108/1876
f 1954/3110/1877 1940/3094/1877 1946/3096/1877
f 1957/3115/4015 1946/4901/4015 1942/3135/4015
f 1935/3091/4016 1938/3093/4016 1945/3101/4016
f 1945/3101/4017 1938/3093/4017 1934/3136/4017
f 1933/3086/1881 1939/3088/1881 1908/3137/1881
f 1908/3137/4018 1939/3088/4018 1935/3138/4018
f 1913/3065/4019 1915/3067/4019 1943/3140/4019
f 1915/3141/4020 1912/3142/4020 1941/3097/4020
f 1947/3102/1885 1933/3086/1885 1905/3054/1885
f 1914/3068/1886 1928/4900/1886 1920/3120/1886
f 1935/3091/1887 1941/3097/1887 1912/3142/1887
f 1954/3110/1888 1926/3078/1888 1913/3065/1888
f 1921/3076/1889 1927/3081/1889 1956/3144/1889
f 1955/3113/1890 1942/3135/1890 1934/3133/1890
f 1961/3145/4021 1964/3234/4021 1965/3146/4021
f 1962/3148/4022 1966/3152/4022 1965/3149/4022
f 1963/3151/4023 1967/3216/4023 1965/3149/4023
f 1968/3153/4024 1971/3238/4024 1972/3154/4024
f 1969/3156/4025 1973/3219/4025 1972/3157/4025
f 1970/3159/4026 1974/4902/4026 1972/3160/4026
f 1975/3162/4027 1978/3215/4027 1979/3163/4027
f 1976/3165/4028 1980/3222/4028 1979/3166/4028
f 1977/3168/4029 1981/3224/4029 1979/3169/4029
f 1982/3171/4030 1985/3225/4030 1986/3172/4030
f 1983/3174/4031 1987/3221/4031 1986/3175/4031
f 1984/3177/4032 1988/3220/4032 1986/3178/4032
f 1989/3180/4033 1992/3230/4033 1993/3181/4033
f 1990/3183/4034 1994/3233/4034 1993/3184/4034
f 1991/3186/4035 1995/4903/4035 1993/3187/4035
f 1996/3189/4036 1999/3237/4036 2000/3190/4036
f 1997/3192/4037 2001/3232/4037 2000/3193/4037
f 1998/3195/4038 2002/4904/4038 2000/3196/4038
f 2003/3198/4039 2006/3223/4039 2007/3199/4039
f 2004/3201/4040 2008/3227/4040 2007/3202/4040
f 2005/3204/4041 2009/4905/4041 2007/3205/4041
f 2010/3207/4042 2013/3231/4042 2014/3208/4042
f 2011/3210/4043 2015/3214/4043 2014/3211/4043
f 2012/3213/4044 2016/4906/4044 2014/3211/4044
f 1975/3162/4045 1961/3145/4045 1967/3147/4045
f 1967/3216/1916 1963/3151/1916 1976/3165/1916
f 1962/3217/4046 1968/3153/4046 1974/3155/4046
f 1966/3152/1918 1974/4902/1918 1970/3159/1918
f 1969/3156/4047 1982/3171/4047 1988/3173/4047
f 1988/3220/4048 1984/3177/4048 1970/3159/4048
f 1983/3174/4049 1977/3168/4049 1980/3170/4049
f 1980/3222/4050 1976/3165/4050 1984/3177/4050
f 1975/3162/1923 1981/3164/1923 2006/3223/1923
f 1981/3224/4051 1977/3168/4051 2004/3201/4051
f 1982/3171/4052 2010/3207/4052 2016/3209/4052
f 2016/3209/4053 2012/4907/4053 1983/3226/4053
f 2005/3204/1927 2008/3206/1927 2015/3214/1927
f 2008/3227/1928 2004/3201/1928 2012/3228/1928
f 1989/3180/1929 2003/3198/1929 2009/3200/1929
f 1992/3185/4054 2009/4905/4054 2005/3204/4054
f 1996/3189/1931 2002/3191/1931 2013/3231/1931
f 2013/3212/4055 2002/4904/4055 1998/3195/4055
f 1997/3192/4056 1991/3186/4056 1994/3188/4056
f 1994/3233/4057 1990/3183/4057 1998/3195/4057
f 1961/3145/4058 1989/3180/4058 1995/3182/4058
f 1964/3234/4059 1995/3182/4059 1991/3235/4059
f 1996/3189/4060 1969/3156/4060 1971/3158/4060
f 1971/3238/4061 1968/3153/4061 1997/3192/4061
f 2003/3198/1939 1989/3180/1939 1961/3145/1939
f 1963/3151/1940 1970/3159/1940 1984/3177/1940
f 1991/3186/1941 1997/3192/1941 1968/3153/1941
f 1982/3171/1942 1969/3156/1942 1996/3189/1942
f 1983/3174/1943 2012/3228/1943 2004/3201/1943
f 2011/3210/1944 1998/3195/1944 1990/3183/1944
f 2017/3239/4062 2020/3320/4062 2021/3240/4062
f 2018/3242/4063 2022/3246/4063 2021/3243/4063
f 2019/3245/4064 2023/3304/4064 2021/3243/4064
f 2024/3247/4065 2027/4908/4065 2028/3248/4065
f 2025/3250/4066 2029/3307/4066 2028/3251/4066
f 2026/3253/4067 2030/3249/4067 2028/3248/4067
f 2031/3255/4068 2034/3303/4068 2035/3256/4068
f 2032/3258/4069 2036/3262/4069 2035/3259/4069
f 2033/3261/4070 2037/3310/4070 2035/3259/4070
f 2038/3263/4071 2041/3313/4071 2042/3264/4071
f 2039/3266/4072 2043/3270/4072 2042/3267/4072
f 2040/3269/4073 2044/4909/4073 2042/3267/4073
f 2045/3271/4074 2048/3315/4074 2049/3272/4074
f 2046/3274/4075 2050/3278/4075 2049/3275/4075
f 2047/3277/4076 2051/4910/4076 2049/3275/4076
f 2052/3279/4077 2055/3323/4077 2056/3280/4077
f 2053/3282/4078 2057/3286/4078 2056/3283/4078
f 2054/3285/4079 2058/4911/4079 2056/3283/4079
f 2059/3287/4080 2062/3309/4080 2063/3288/4080
f 2060/3290/4081 2064/3294/4081 2063/3291/4081
f 2061/3293/4082 2065/4912/4082 2063/3291/4082
f 2066/3295/4083 2069/3318/4083 2070/3296/4083
f 2067/3298/4084 2071/3302/4084 2070/3299/4084
f 2068/3301/4085 2072/4913/4085 2070/3299/4085
f 2017/3239/4086 2023/3241/4086 2034/3303/4086
f 2023/3304/4087 2019/3245/4087 2032/3305/4087
f 2024/3247/4088 2030/3249/4088 2022/3246/4088
f 2030/3249/1972 2026/3253/1972 2019/3245/1972
f 2025/3250/1973 2038/3263/1973 2044/3265/1973
f 2044/3308/4089 2040/4914/4089 2026/3253/4089
f 2033/3261/4090 2036/3262/4090 2043/3270/4090
f 2036/3262/4091 2032/3258/4091 2040/3269/4091
f 2059/3287/4092 2031/3255/4092 2037/3257/4092
f 2037/3310/4093 2033/3261/4093 2060/3311/4093
f 2038/3263/1979 2066/3295/1979 2072/3297/1979
f 2072/3314/1980 2068/3326/1980 2039/3266/1980
f 2067/3298/1981 2061/3293/1981 2064/3294/1981
f 2071/3302/4094 2064/3294/4094 2060/3290/4094
f 2059/3287/1983 2065/3289/1983 2048/3315/1983
f 2048/3316/4095 2065/4912/4095 2061/3293/4095
f 2052/3279/1985 2058/3281/1985 2069/3318/1985
f 2058/3319/4096 2054/3327/4096 2067/3298/4096
f 2053/3282/1987 2047/3277/1987 2050/3278/1987
f 2050/3278/4097 2046/3274/4097 2054/3285/4097
f 2045/3271/1989 2051/3273/1989 2020/3320/1989
f 2020/3321/4098 2051/4910/4098 2047/3277/4098
f 2025/3250/4099 2027/3252/4099 2055/3323/4099
f 2027/3324/4100 2024/3325/4100 2053/3282/4100
f 2031/3255/1993 2059/3287/1993 2045/3271/1993
f 2026/3253/1994 2040/4914/1994 2032/3305/1994
f 2047/3277/1995 2053/3282/1995 2024/3325/1995
f 2066/3295/1996 2038/3263/1996 2025/3250/1996
f 2033/3261/1997 2039/3266/1997 2068/3326/1997
f 2061/3293/1998 2067/3298/1998 2054/3327/1998
f 2073/3328/4101 2076/3409/4101 2077/3329/4101
f 2074/3331/4102 2078/3335/4102 2077/3332/4102
f 2075/3334/4103 2079/3393/4103 2077/3332/4103
f 2080/3336/4104 2083/4915/4104 2084/3337/4104
f 2081/3339/4105 2085/3396/4105 2084/3340/4105
f 2082/3342/4106 2086/3338/4106 2084/3337/4106
f 2087/3344/4107 2090/3392/4107 2091/3345/4107
f 2088/3347/4108 2092/3351/4108 2091/3348/4108
f 2089/3350/4109 2093/3399/4109 2091/3348/4109
f 2094/3352/4110 2097/3402/4110 2098/3353/4110
f 2095/3355/4111 2099/3359/4111 2098/3356/4111
f 2096/3358/4112 2100/4916/4112 2098/3356/4112
f 2101/3360/4113 2104/3404/4113 2105/3361/4113
f 2102/3363/4114 2106/3367/4114 2105/3364/4114
f 2103/3366/4115 2107/3410/4115 2105/3364/4115
f 2108/3368/4116 2111/3413/4116 2112/3369/4116
f 2109/3371/4117 2113/3375/4117 2112/3372/4117
f 2110/3374/4118 2114/4917/4118 2112/3372/4118
f 2115/3376/4119 2118/3398/4119 2119/3377/4119
f 2116/3379/4120 2120/3383/4120 2119/3380/4120
f 2117/3382/4121 2121/4918/4121 2119/3380/4121
f 2122/3384/4122 2125/3407/4122 2126/3385/4122
f 2123/3387/4123 2127/3391/4123 2126/3388/4123
f 2124/3390/4124 2128/4919/4124 2126/3388/4124
f 2087/3344/2023 2073/3328/2023 2079/3330/2023
f 2079/3393/4125 2075/3334/4125 2088/3394/4125
f 2080/3336/4126 2086/3338/4126 2078/3335/4126
f 2078/3335/4127 2086/3338/4127 2082/3342/4127
f 2081/3339/2027 2094/3352/2027 2100/3354/2027
f 2085/3343/4128 2100/4920/4128 2096/3397/4128
f 2089/3350/2029 2092/3351/2029 2099/3359/2029
f 2099/3359/4129 2092/3351/4129 2088/3347/4129
f 2087/3344/4130 2093/3346/4130 2118/3398/4130
f 2093/3399/4131 2089/3350/4131 2116/3400/4131
f 2122/3384/4132 2128/3386/4132 2097/3402/4132
f 2128/3403/4133 2124/4921/4133 2095/3355/4133
f 2117/3382/4134 2120/3383/4134 2127/3391/4134
f 2120/3383/4135 2116/3379/4135 2124/3390/4135
f 2115/3376/2037 2121/3378/2037 2104/3404/2037
f 2104/3405/4136 2121/4918/4136 2117/3382/4136
f 2108/3368/4137 2114/3370/4137 2125/3407/4137
f 2125/3389/4138 2114/4922/4138 2110/3408/4138
f 2103/3366/4139 2106/3367/4139 2113/3375/4139
f 2113/3375/4140 2106/3367/4140 2102/3363/4140
f 2101/3360/4141 2107/3362/4141 2076/3409/4141
f 2107/3410/4142 2103/3366/4142 2074/3411/4142
f 2081/3339/2045 2083/3341/2045 2111/3413/2045
f 2111/3373/4143 2083/4923/4143 2080/3414/4143
f 2087/3344/2047 2115/3376/2047 2101/3360/2047
f 2082/3342/2048 2096/3397/2048 2088/3394/2048
f 2103/3366/2049 2109/3371/2049 2080/3414/2049
f 2094/3352/2050 2081/3339/2050 2108/3368/2050
f 2095/3355/2051 2124/4921/2051 2116/3400/2051
f 2117/3382/2052 2123/3387/2052 2110/3408/2052
f 2129/3415/4144 2132/3501/4144 2133/3416/4144
f 2130/3418/4145 2134/3422/4145 2133/3419/4145
f 2131/3421/4146 2135/3484/4146 2133/3419/4146
f 2136/3423/4147 2139/3505/4147 2140/3424/4147
f 2137/3426/4148 2141/3488/4148 2140/3427/4148
f 2138/3429/4149 2142/4924/4149 2140/3430/4149
f 2143/3432/4150 2146/3483/4150 2147/3433/4150
f 2144/3435/4151 2148/3439/4151 2147/3436/4151
f 2145/3438/4152 2149/3493/4152 2147/3436/4152
f 2150/3440/4153 2153/3494/4153 2154/3441/4153
f 2151/3443/4154 2155/3490/4154 2154/3444/4154
f 2152/3446/4155 2156/3489/4155 2154/3447/4155
f 2157/3449/4156 2160/3496/4156 2161/3450/4156
f 2158/3452/4157 2162/4925/4157 2161/3453/4157
f 2159/3455/4158 2163/4926/4158 2161/3456/4158
f 2164/3458/4159 2167/3504/4159 2168/3459/4159
f 2165/3461/4160 2169/3465/4160 2168/3462/4160
f 2166/3464/4161 2170/4927/4161 2168/3462/4161
f 2171/3466/4162 2174/3492/4162 2175/3467/4162
f 2172/3469/4163 2176/4928/4163 2175/3470/4163
f 2173/3472/4164 2177/3497/4164 2175/3473/4164
f 2178/3475/4165 2181/3498/4165 2182/3476/4165
f 2179/3478/4166 2183/3482/4166 2182/3479/4166
f 2180/3481/4167 2184/4929/4167 2182/3479/4167
f 2143/3432/4168 2129/3415/4168 2135/3417/4168
f 2135/3484/2078 2131/3421/2078 2144/3485/2078
f 2136/3487/2079 2142/4924/2079 2134/3422/2079
f 2134/3422/4169 2142/4924/4169 2138/3429/4169
f 2150/3440/4170 2156/3442/4170 2141/3488/4170
f 2156/3489/4171 2152/3446/4171 2138/3429/4171
f 2151/3443/2083 2145/3438/2083 2148/3439/2083
f 2155/3490/4172 2148/3439/4172 2144/3435/4172
f 2143/3432/2085 2149/3434/2085 2174/3492/2085
f 2149/3493/4173 2145/3438/4173 2172/3469/4173
f 2178/3475/4174 2184/3477/4174 2153/3494/4174
f 2184/3495/4175 2180/4930/4175 2151/3443/4175
f 2179/3478/2089 2173/3472/2089 2176/3474/2089
f 2176/3474/4176 2172/4931/4176 2180/3481/4176
f 2157/3449/2091 2171/3466/2091 2177/3468/2091
f 2177/3497/4177 2173/3472/4177 2158/3452/4177
f 2164/3458/4178 2170/3460/4178 2181/3498/4178
f 2181/3480/2094 2170/4932/2094 2166/3499/2094
f 2159/3455/4179 2162/3457/4179 2169/3465/4179
f 2169/3465/4180 2162/3457/4180 2158/3500/4180
f 2129/3415/4181 2157/3449/4181 2163/3451/4181
f 2132/3502/4182 2163/4926/4182 2159/3455/4182
f 2164/3458/2099 2137/3426/2099 2139/3428/2099
f 2139/3505/4183 2136/3423/4183 2165/3461/4183
f 2143/3432/2101 2171/3466/2101 2157/3449/2101
f 2131/3421/2102 2138/3429/2102 2152/3446/2102
f 2165/3461/2103 2136/3423/2103 2130/3503/2103
f 2178/3475/2104 2150/3440/2104 2137/3426/2104
f 2151/3443/2105 2180/4930/2105 2172/3469/2105
f 2173/3472/2106 2179/3478/2106 2166/3499/2106
f 2185/3506/4184 2188/3587/4184 2189/3507/4184
f 2186/3509/4185 2190/3513/4185 2189/3510/4185
f 2187/3512/4186 2191/4933/4186 2189/3510/4186
f 2192/3514/4187 2195/3590/4187 2196/3515/4187
f 2193/3517/4188 2197/3572/4188 2196/3518/4188
f 2194/3520/4189 2198/3516/4189 2196/3515/4189
f 2199/3522/4190 2202/3570/4190 2203/3523/4190
f 2200/3525/4191 2204/3529/4191 2203/3526/4191
f 2201/3528/4192 2205/4934/4192 2203/3526/4192
f 2206/3530/4193 2209/3578/4193 2210/3531/4193
f 2207/3533/4194 2211/3537/4194 2210/3534/4194
f 2208/3536/4195 2212/3573/4195 2210/3534/4195
f 2213/3538/4196 2216/3582/4196 2217/3539/4196
f 2214/3541/4197 2218/3545/4197 2217/3542/4197
f 2215/3544/4198 2219/4935/4198 2217/3542/4198
f 2220/3546/4199 2223/3589/4199 2224/3547/4199
f 2221/3549/4200 2225/3553/4200 2224/3550/4200
f 2222/3552/4201 2226/4936/4201 2224/3550/4201
f 2227/3554/4202 2230/3576/4202 2231/3555/4202
f 2228/3557/4203 2232/3561/4203 2231/3558/4203
f 2229/3560/4204 2233/4937/4204 2231/3558/4204
f 2234/3562/4205 2237/3584/4205 2238/3563/4205
f 2235/3565/4206 2239/3569/4206 2238/3566/4206
f 2236/3568/4207 2240/3579/4207 2238/3566/4207
f 2185/3506/4208 2191/3508/4208 2202/3570/4208
f 2191/3571/2132 2187/3593/2132 2200/3525/2132
f 2192/3514/4209 2198/3516/4209 2190/3513/4209
f 2198/3516/2134 2194/3520/2134 2187/3512/2134
f 2206/3530/4210 2212/3532/4210 2197/3572/4210
f 2212/3573/4211 2208/3536/4211 2194/3574/4211
f 2207/3533/4212 2201/3528/4212 2204/3529/4212
f 2204/3529/4213 2200/3525/4213 2208/3536/4213
f 2227/3554/4214 2199/3522/4214 2205/3524/4214
f 2230/3559/4215 2205/4938/4215 2201/3577/4215
f 2234/3562/4216 2240/3564/4216 2209/3578/4216
f 2240/3579/4217 2236/3568/4217 2207/3580/4217
f 2235/3565/4218 2229/3560/4218 2232/3561/4218
f 2239/3569/2144 2232/3561/2144 2228/3557/2144
f 2213/3538/2145 2227/3554/2145 2233/3556/2145
f 2216/3543/4219 2233/4939/4219 2229/3583/4219
f 2220/3546/4220 2226/3548/4220 2237/3584/4220
f 2237/3585/2148 2226/4936/2148 2222/3552/2148
f 2221/3549/4221 2215/3544/4221 2218/3545/4221
f 2225/3553/4222 2218/3545/4222 2214/3541/4222
f 2213/3538/4223 2219/3540/4223 2188/3587/4223
f 2219/3588/4224 2215/3594/4224 2186/3509/4224
f 2220/3546/2153 2193/3517/2153 2195/3519/2153
f 2195/3590/4225 2192/3514/4225 2221/3591/4225
f 2199/3522/2155 2227/3554/2155 2213/3538/2155
f 2187/3593/2156 2194/3574/2156 2208/3536/2156
f 2221/3591/2157 2192/3514/2157 2186/3509/2157
f 2234/3562/2158 2206/3530/2158 2193/3517/2158
f 2207/3580/2159 2236/3568/2159 2228/3557/2159
f 2235/3586/2160 2222/3552/2160 2214/3541/2160
f 2241/3595/4226 2244/3681/4226 2245/3596/4226
f 2242/3598/4227 2246/3665/4227 2245/3599/4227
f 2243/3601/4228 2247/3664/4228 2245/3602/4228
f 2248/3604/4229 2251/4940/4229 2252/3605/4229
f 2249/3607/4230 2253/3667/4230 2252/3608/4230
f 2250/3610/4231 2254/3606/4231 2252/3605/4231
f 2255/3612/4232 2258/3663/4232 2259/3613/4232
f 2256/3615/4233 2260/4941/4233 2259/3616/4233
f 2257/3618/4234 2261/4942/4234 2259/3619/4234
f 2262/3621/4235 2265/3625/4235 2266/3622/4235
f 2263/3624/4236 2267/4943/4236 2266/3622/4236
f 2264/3626/4237 2268/3668/4237 2266/3627/4237
f 2269/3629/4238 2272/3676/4238 2273/3630/4238
f 2270/3632/4239 2274/4944/4239 2273/3633/4239
f 2271/3635/4240 2275/3631/4240 2273/3630/4240
f 2276/3637/4241 2279/3683/4241 2280/3638/4241
f 2277/3640/4242 2281/3680/4242 2280/3641/4242
f 2278/3643/4243 2282/4945/4243 2280/3644/4243
f 2283/3646/4244 2286/3672/4244 2287/3647/4244
f 2284/3649/4245 2288/3653/4245 2287/3650/4245
f 2285/3652/4246 2289/4946/4246 2287/3650/4246
f 2290/3654/4247 2293/3678/4247 2294/3655/4247
f 2291/3657/4248 2295/3675/4248 2294/3658/4248
f 2292/3660/4249 2296/4947/4249 2294/3661/4249
f 2255/3612/2185 2241/3595/2185 2247/3597/2185
f 2247/3664/4250 2243/3601/4250 2256/3615/4250
f 2248/3604/2187 2254/3606/2187 2246/3665/2187
f 2246/3603/4251 2254/4948/4251 2250/3666/4251
f 2262/3621/4252 2268/3623/4252 2253/3667/4252
f 2268/3668/2190 2264/3626/2190 2250/3666/2190
f 2257/3618/4253 2260/3620/4253 2267/3670/4253
f 2267/3628/2192 2260/4941/2192 2256/3615/2192
f 2255/3612/2193 2261/3614/2193 2286/3672/2193
f 2286/3651/2194 2261/4942/2194 2257/3618/2194
f 2290/3654/4254 2296/3656/4254 2265/3625/4254
f 2265/3673/2196 2296/4947/2196 2292/3660/2196
f 2291/3657/4255 2285/3677/4255 2288/3674/4255
f 2288/3653/4256 2284/3649/4256 2292/3660/4256
f 2269/3629/2199 2283/3646/2199 2289/3648/2199
f 2272/3634/4257 2289/4949/4257 2285/3677/4257
f 2276/3637/4258 2282/3639/4258 2293/3678/4258
f 2293/3659/4259 2282/4945/4259 2278/3643/4259
f 2271/3679/4260 2274/4950/4260 2281/3680/4260
f 2281/3645/4261 2274/4944/4261 2270/3632/4261
f 2269/3629/2205 2275/3631/2205 2244/3681/2205
f 2275/3682/2206 2271/3679/2206 2242/3598/2206
f 2276/3637/2207 2249/3607/2207 2251/3609/2207
f 2279/3642/2208 2251/4940/2208 2248/3604/2208
f 2283/3646/2209 2269/3629/2209 2241/3595/2209
f 2243/3601/2210 2250/3666/2210 2264/3626/2210
f 2277/3640/2211 2248/3604/2211 2242/3598/2211
f 2290/3654/2212 2262/3621/2212 2249/3607/2212
f 2257/3618/2213 2263/3671/2213 2292/3660/2213
f 2285/3677/2214 2291/3657/2214 2278/3643/2214
f 2297/3684/4262 2300/3768/4262 2301/3685/4262
f 2298/3687/4263 2302/3691/4263 2301/3688/4263
f 2299/3690/4264 2303/3749/4264 2301/3688/4264
f 2304/3692/4265 2307/4951/4265 2308/3693/4265
f 2305/3695/4266 2309/3752/4266 2308/3696/4266
f 2306/3698/4267 2310/3694/4267 2308/3693/4267
f 2311/3700/4268 2314/3748/4268 2315/3701/4268
f 2312/3703/4269 2316/3707/4269 2315/3704/4269
f 2313/3706/4270 2317/3757/4270 2315/3704/4270
f 2318/3708/4271 2321/3760/4271 2322/3709/4271
f 2319/3711/4272 2323/3754/4272 2322/3712/4272
f 2320/3714/4273 2324/3710/4273 2322/3709/4273
f 2325/3716/4274 2328/3720/4274 2329/3717/4274
f 2326/3719/4275 2330/4952/4275 2329/3717/4275
f 2327/3721/4276 2331/4953/4276 2329/3722/4276
f 2332/3724/4277 2335/3770/4277 2336/3725/4277
f 2333/3727/4278 2337/3731/4278 2336/3728/4278
f 2334/3730/4279 2338/4954/4279 2336/3728/4279
f 2339/3732/4280 2342/3756/4280 2343/3733/4280
f 2340/3735/4281 2344/3739/4281 2343/3736/4281
f 2341/3738/4282 2345/3762/4282 2343/3736/4282
f 2346/3740/4283 2349/3765/4283 2350/3741/4283
f 2347/3743/4284 2351/3747/4284 2350/3744/4284
f 2348/3746/4285 2352/4955/4285 2350/3744/4285
f 2297/3684/4286 2303/3686/4286 2314/3748/4286
f 2303/3749/4287 2299/3690/4287 2312/3750/4287
f 2304/3692/4288 2310/3694/4288 2302/3691/4288
f 2302/3691/4289 2310/3694/4289 2306/3698/4289
f 2318/3708/4290 2324/3710/4290 2309/3752/4290
f 2309/3699/2244 2324/4956/2244 2320/3753/2244
f 2313/3706/4291 2316/3707/4291 2323/3754/4291
f 2323/3754/4292 2316/3707/4292 2312/3703/4292
f 2339/3732/2247 2311/3700/2247 2317/3702/2247
f 2317/3757/4293 2313/3706/4293 2340/3758/4293
f 2318/3708/4294 2346/3740/4294 2352/3742/4294
f 2352/3742/4295 2348/4957/4295 2319/3761/4295
f 2347/3743/2251 2341/3738/2251 2344/3739/2251
f 2344/3739/2252 2340/3735/2252 2348/3746/2252
f 2339/3732/4296 2345/3734/4296 2328/3720/4296
f 2345/3762/4297 2341/3738/4297 2326/3763/4297
f 2332/3724/4298 2338/3726/4298 2349/3765/4298
f 2338/3766/4299 2334/4958/4299 2347/3743/4299
f 2327/3721/2257 2330/3723/2257 2337/3731/2257
f 2337/3731/2258 2330/3723/2258 2326/3767/2258
f 2325/3716/4300 2331/3718/4300 2300/3768/4300
f 2331/3718/4301 2327/4959/4301 2298/3769/4301
f 2305/3695/4302 2307/3697/4302 2335/3770/4302
f 2307/3771/4303 2304/4960/4303 2333/3727/4303
f 2311/3700/2263 2339/3732/2263 2325/3716/2263
f 2299/3690/2264 2306/3698/2264 2320/3753/2264
f 2333/3727/2265 2304/4960/2265 2298/3772/2265
f 2318/3708/2266 2305/3695/2266 2332/3724/2266
f 2319/3711/2267 2348/4961/2267 2340/3758/2267
f 2347/3743/2268 2334/4958/2268 2326/3763/2268
f 2353/3773/4304 2356/3853/4304 2357/3774/4304
f 2354/3776/4305 2358/3780/4305 2357/3777/4305
f 2355/3779/4306 2359/4962/4306 2357/3777/4306
f 2360/3781/4307 2363/3856/4307 2364/3782/4307
f 2361/3784/4308 2365/3839/4308 2364/3785/4308
f 2362/3787/4309 2366/3783/4309 2364/3782/4309
f 2367/3789/4310 2370/3837/4310 2371/3790/4310
f 2368/3792/4311 2372/3796/4311 2371/3793/4311
f 2369/3795/4312 2373/4963/4312 2371/3793/4312
f 2374/3797/4313 2377/3844/4313 2378/3798/4313
f 2375/3800/4314 2379/3804/4314 2378/3801/4314
f 2376/3803/4315 2380/4964/4315 2378/3801/4315
f 2381/3805/4316 2384/3848/4316 2385/3806/4316
f 2382/3808/4317 2386/3812/4317 2385/3809/4317
f 2383/3811/4318 2387/4965/4318 2385/3809/4318
f 2388/3813/4319 2391/3855/4319 2392/3814/4319
f 2389/3816/4320 2393/3820/4320 2392/3817/4320
f 2390/3819/4321 2394/4966/4321 2392/3817/4321
f 2395/3821/4322 2398/3842/4322 2399/3822/4322
f 2396/3824/4323 2400/3828/4323 2399/3825/4323
f 2397/3827/4324 2401/4967/4324 2399/3825/4324
f 2402/3829/4325 2405/3850/4325 2406/3830/4325
f 2403/3832/4326 2407/3836/4326 2406/3833/4326
f 2404/3835/4327 2408/3845/4327 2406/3833/4327
f 2353/3773/2293 2359/3775/2293 2370/3837/2293
f 2359/3838/4328 2355/3859/4328 2368/3792/4328
f 2354/3776/4329 2360/3781/4329 2366/3783/4329
f 2366/3783/2296 2362/3787/2296 2355/3779/2296
f 2374/3797/4330 2380/3799/4330 2365/3839/4330
f 2365/3840/4331 2380/4964/4331 2376/3803/4331
f 2369/3795/2299 2372/3796/2299 2379/3804/2299
f 2372/3796/2300 2368/3792/2300 2376/3803/2300
f 2367/3789/4332 2373/3791/4332 2398/3842/4332
f 2373/3843/4333 2369/3860/4333 2396/3824/4333
f 2402/3829/4334 2408/3831/4334 2377/3844/4334
f 2408/3845/4335 2404/3835/4335 2375/3846/4335
f 2397/3827/4336 2400/3828/4336 2407/3836/4336
f 2407/3836/4337 2400/3828/4337 2396/3824/4337
f 2381/3805/2307 2395/3821/2307 2401/3823/2307
f 2384/3810/4338 2401/4968/4338 2397/3849/4338
f 2402/3829/4339 2388/3813/4339 2394/3815/4339
f 2405/3851/4340 2394/4966/4340 2390/3819/4340
f 2383/3811/4341 2386/3812/4341 2393/3820/4341
f 2386/3812/4342 2382/3808/4342 2390/3819/4342
f 2381/3805/2313 2387/3807/2313 2356/3853/2313
f 2356/3778/4343 2387/4969/4343 2383/3854/4343
f 2388/3813/2315 2361/3784/2315 2363/3786/2315
f 2363/3856/4344 2360/3781/4344 2389/3857/4344
f 2367/3789/2317 2395/3821/2317 2381/3805/2317
f 2362/3841/2318 2376/3803/2318 2368/3792/2318
f 2389/3857/2319 2360/3781/2319 2354/3776/2319
f 2402/3829/2320 2374/3797/2320 2361/3784/2320
f 2375/3846/2321 2404/3835/2321 2396/3824/2321
f 2403/3852/2322 2390/3819/2322 2382/3808/2322
f 2409/3861/4345 2412/3949/4345 2413/3862/4345
f 2410/3864/4346 2414/3935/4346 2413/3865/4346
f 2411/3867/4347 2415/3934/4347 2413/3868/4347
f 2416/3870/4348 2419/3951/4348 2420/3871/4348
f 2417/3873/4349 2421/3937/4349 2420/3874/4349
f 2418/3876/4350 2422/3936/4350 2420/3877/4350
f 2423/3879/4351 2426/3933/4351 2427/3880/4351
f 2424/3882/4352 2428/3939/4352 2427/3883/4352
f 2425/3885/4353 2429/3941/4353 2427/3886/4353
f 2430/3888/4354 2433/3942/4354 2434/3889/4354
f 2431/3891/4355 2435/3938/4355 2434/3892/4355
f 2432/3894/4356 2436/4970/4356 2434/3895/4356
f 2437/3897/4357 2440/3945/4357 2441/3898/4357
f 2438/3900/4358 2442/4971/4358 2441/3901/4358
f 2439/3903/4359 2443/4972/4359 2441/3904/4359
f 2444/3906/4360 2447/3950/4360 2448/3907/4360
f 2445/3909/4361 2449/3948/4361 2448/3910/4361
f 2446/3912/4362 2450/4973/4362 2448/3913/4362
f 2451/3915/4363 2454/3940/4363 2455/3916/4363
f 2452/3918/4364 2456/4974/4364 2455/3919/4364
f 2453/3921/4365 2457/3946/4365 2455/3922/4365
f 2458/3924/4366 2461/3947/4366 2462/3925/4366
f 2459/3927/4367 2463/3944/4367 2462/3928/4367
f 2460/3930/4368 2464/3943/4368 2462/3931/4368
f 2423/3879/2347 2409/3861/2347 2415/3863/2347
f 2415/3934/4369 2411/3867/4369 2424/3882/4369
f 2416/3870/2349 2422/3872/2349 2414/3935/2349
f 2422/3936/4370 2418/3876/4370 2411/3867/4370
f 2430/3888/4371 2436/3890/4371 2421/3937/4371
f 2421/3878/2352 2436/4970/2352 2432/3894/2352
f 2431/3891/4372 2425/3885/4372 2428/3887/4372
f 2428/3939/4373 2424/3882/4373 2432/3894/4373
f 2423/3879/2355 2429/3881/2355 2454/3940/2355
f 2429/3941/2356 2425/3885/2356 2452/3918/2356
f 2458/3924/4374 2464/3926/4374 2433/3942/4374
f 2464/3943/4375 2460/3930/4375 2431/3891/4375
f 2459/3927/4376 2453/3921/4376 2456/3923/4376
f 2463/3932/2360 2456/4974/2360 2452/3918/2360
f 2437/3897/2361 2451/3915/2361 2457/3917/2361
f 2457/3946/4377 2453/3921/4377 2438/3900/4377
f 2444/3906/4378 2450/3908/4378 2461/3947/4378
f 2461/3929/4379 2450/4973/4379 2446/3912/4379
f 2439/3903/4380 2442/3905/4380 2449/3948/4380
f 2449/3914/2366 2442/4971/2366 2438/3900/2366
f 2409/3861/2367 2437/3897/2367 2443/3899/2367
f 2412/3866/4381 2443/4972/4381 2439/3903/4381
f 2417/3873/2369 2419/3875/2369 2447/3950/2369
f 2419/3951/4382 2416/3870/4382 2445/3909/4382
f 2451/3915/2371 2437/3897/2371 2409/3861/2371
f 2418/3876/2372 2432/3894/2372 2424/3882/2372
f 2445/3909/2373 2416/3870/2373 2410/3864/2373
f 2458/3924/2374 2430/3888/2374 2417/3873/2374
f 2431/3891/2375 2460/3930/2375 2452/3918/2375
f 2459/3927/2376 2446/3912/2376 2438/3900/2376
f 2465/3952/4383 2468/4040/4383 2469/3953/4383
f 2466/3955/4384 2470/4025/4384 2469/3956/4384
f 2467/3958/4385 2471/4975/4385 2469/3959/4385
f 2472/3961/4386 2475/4042/4386 2476/3962/4386
f 2473/3964/4387 2477/4026/4387 2476/3965/4387
f 2474/3967/4388 2478/4976/4388 2476/3968/4388
f 2479/3970/4389 2482/4024/4389 2483/3971/4389
f 2480/3973/4390 2484/4029/4390 2483/3974/4390
f 2481/3976/4391 2485/4977/4391 2483/3977/4391
f 2486/3979/4392 2489/4031/4392 2490/3980/4392
f 2487/3982/4393 2491/4028/4393 2490/3983/4393
f 2488/3985/4394 2492/4027/4394 2490/3986/4394
f 2493/3988/4395 2496/4035/4395 2497/3989/4395
f 2494/3991/4396 2498/4978/4396 2497/3992/4396
f 2495/3994/4397 2499/4979/4397 2497/3995/4397
f 2500/3997/4398 2503/4041/4398 2504/3998/4398
f 2501/4000/4399 2505/4039/4399 2504/4001/4399
f 2502/4003/4400 2506/4038/4400 2504/4004/4400
f 2507/4006/4401 2510/4030/4401 2511/4007/4401
f 2508/4009/4402 2512/4034/4402 2511/4010/4402
f 2509/4012/4403 2513/4036/4403 2511/4013/4403
f 2514/4015/4404 2517/4037/4404 2518/4016/4404
f 2515/4018/4405 2519/4033/4405 2518/4019/4405
f 2516/4021/4406 2520/4032/4406 2518/4022/4406
f 2479/3970/4407 2465/3952/4407 2471/3954/4407
f 2482/3975/4408 2471/4975/4408 2467/3958/4408
f 2472/3961/4409 2478/3963/4409 2470/4025/4409
f 2470/3960/2404 2478/4976/2404 2474/3967/2404
f 2473/3964/4410 2486/3979/4410 2492/3981/4410
f 2492/4027/4411 2488/3985/4411 2474/3967/4411
f 2481/3976/2407 2484/3978/2407 2491/4028/2407
f 2484/4029/2408 2480/3973/2408 2488/3985/2408
f 2479/3970/2409 2485/3972/2409 2510/4030/2409
f 2510/4011/4412 2485/4977/4412 2481/3976/4412
f 2486/3979/4413 2514/4015/4413 2520/4017/4413
f 2520/4032/4414 2516/4021/4414 2487/3982/4414
f 2515/4018/4415 2509/4012/4415 2512/4014/4415
f 2512/4034/4416 2508/4009/4416 2516/4021/4416
f 2493/3988/2415 2507/4006/2415 2513/4008/2415
f 2513/4036/2416 2509/4012/2416 2494/3991/2416
f 2500/3997/4417 2506/3999/4417 2517/4037/4417
f 2506/4038/4418 2502/4003/4418 2515/4018/4418
f 2495/3994/4419 2498/3996/4419 2505/4039/4419
f 2505/4005/2420 2498/4978/2420 2494/3991/2420
f 2493/3988/4420 2499/3990/4420 2468/4040/4420
f 2468/3957/4421 2499/4979/4421 2495/3994/4421
f 2500/3997/4422 2473/3964/4422 2475/3966/4422
f 2475/4042/4423 2472/3961/4423 2501/4000/4423
f 2479/3970/2425 2507/4006/2425 2493/3988/2425
f 2467/3958/2426 2474/3967/2426 2488/3985/2426
f 2495/3994/2427 2501/4000/2427 2472/3961/2427
f 2486/3979/2428 2473/3964/2428 2500/3997/2428
f 2481/3976/2429 2487/3982/2429 2516/4021/2429
f 2515/4018/2430 2502/4003/2430 2494/3991/2430
f 2521/4043/4424 2524/4130/4424 2525/4044/4424
f 2522/4046/4425 2526/4117/4425 2525/4047/4425
f 2523/4049/4426 2527/4116/4426 2525/4050/4426
f 2528/4052/4427 2531/4980/4427 2532/4053/4427
f 2529/4055/4428 2533/4118/4428 2532/4056/4428
f 2530/4058/4429 2534/4981/4429 2532/4059/4429
f 2535/4061/4430 2538/4115/4430 2539/4062/4430
f 2536/4064/4431 2540/4120/4431 2539/4065/4431
f 2537/4067/4432 2541/4122/4432 2539/4068/4432
f 2542/4070/4433 2545/4123/4433 2546/4071/4433
f 2543/4073/4434 2547/4119/4434 2546/4074/4434
f 2544/4076/4435 2548/4982/4435 2546/4077/4435
f 2549/4079/4436 2552/4126/4436 2553/4080/4436
f 2550/4082/4437 2554/4983/4437 2553/4083/4437
f 2551/4085/4438 2555/4984/4438 2553/4086/4438
f 2556/4088/4439 2559/4131/4439 2560/4089/4439
f 2557/4091/4440 2561/4129/4440 2560/4092/4440
f 2558/4094/4441 2562/4985/4441 2560/4095/4441
f 2563/4097/4442 2566/4121/4442 2567/4098/4442
f 2564/4100/4443 2568/4125/4443 2567/4101/4443
f 2565/4103/4444 2569/4127/4444 2567/4104/4444
f 2570/4106/4445 2573/4128/4445 2574/4107/4445
f 2571/4109/4446 2575/4124/4446 2574/4110/4446
f 2572/4112/4447 2576/4986/4447 2574/4113/4447
f 2535/4061/4448 2521/4043/4448 2527/4045/4448
f 2527/4116/4449 2523/4049/4449 2536/4064/4449
f 2528/4052/4450 2534/4054/4450 2526/4117/4450
f 2526/4051/4451 2534/4981/4451 2530/4058/4451
f 2542/4070/4452 2548/4072/4452 2533/4118/4452
f 2533/4060/2460 2548/4982/2460 2544/4076/2460
f 2537/4067/2461 2540/4069/2461 2547/4119/2461
f 2540/4120/4453 2536/4064/4453 2544/4076/4453
f 2535/4061/4454 2541/4063/4454 2566/4121/4454
f 2541/4122/2464 2537/4067/2464 2564/4100/2464
f 2570/4106/2465 2576/4108/2465 2545/4123/2465
f 2545/4075/2466 2576/4986/2466 2572/4112/2466
f 2565/4103/4455 2568/4105/4455 2575/4124/4455
f 2568/4125/2468 2564/4100/2468 2572/4112/2468
f 2549/4079/2469 2563/4097/2469 2569/4099/2469
f 2569/4127/4456 2565/4103/4456 2550/4082/4456
f 2556/4088/4457 2562/4090/4457 2573/4128/4457
f 2573/4111/4458 2562/4985/4458 2558/4094/4458
f 2557/4091/4459 2551/4085/4459 2554/4087/4459
f 2561/4096/4460 2554/4983/4460 2550/4082/4460
f 2521/4043/2475 2549/4079/2475 2555/4081/2475
f 2524/4048/2476 2555/4984/2476 2551/4085/2476
f 2556/4088/2477 2529/4055/2477 2531/4057/2477
f 2559/4093/4461 2531/4980/4461 2528/4052/4461
f 2535/4061/2479 2563/4097/2479 2549/4079/2479
f 2530/4058/2480 2544/4076/2480 2536/4064/2480
f 2551/4085/2481 2557/4091/2481 2528/4052/2481
f 2542/4070/2482 2529/4055/2482 2556/4088/2482
f 2537/4067/2483 2543/4073/2483 2572/4112/2483
f 2571/4109/2484 2558/4094/2484 2550/4082/2484
