# Blender 4.5.10 LTS
# www.blender.org
mtllib stoker_rack_crib.mtl
o stoker_rack_crib
v 0.457447 0.126688 -0.229249
v 0.449450 0.133958 -0.223919
v 0.449338 0.119543 -0.223920
v 0.455110 0.131803 -0.225849
v 0.454011 0.126714 -0.223747
v 0.449376 0.126750 -0.222081
v 0.455031 0.121610 -0.225849
v -0.462481 0.133810 -0.238314
v -0.454591 0.126540 -0.232828
v -0.454479 0.140955 -0.232827
v -0.460211 0.128695 -0.234869
v -0.459155 0.133784 -0.232745
v -0.454553 0.133748 -0.230988
v -0.460132 0.138888 -0.234868
v 0.457222 0.051540 -0.265443
v 0.449136 0.051868 -0.256515
v 0.449177 0.042880 -0.267786
v 0.454822 0.052060 -0.259348
v 0.453773 0.047238 -0.262025
v 0.449134 0.045936 -0.261004
v 0.454852 0.045705 -0.267317
v -0.462706 0.058662 -0.274509
v -0.454752 0.049878 -0.276694
v -0.454793 0.058866 -0.265423
v -0.460390 0.052790 -0.276336
v -0.459393 0.054308 -0.271024
v -0.454795 0.052934 -0.269912
v -0.460420 0.059145 -0.268367
v 0.457879 0.032980 -0.346760
v 0.449769 0.026166 -0.341016
v 0.449933 0.029374 -0.355069
v 0.455460 0.028527 -0.342576
v 0.454469 0.027610 -0.348025
v 0.449841 0.025977 -0.348452
v 0.455576 0.030795 -0.352513
v -0.462048 0.040102 -0.355825
v -0.453996 0.036371 -0.363977
v -0.454160 0.033164 -0.349924
v -0.459666 0.037881 -0.361533
v -0.458697 0.034679 -0.357024
v -0.454088 0.032975 -0.357359
v -0.459782 0.035613 -0.351595
v 0.458924 0.084984 -0.411965
v 0.450874 0.076206 -0.413790
v 0.451036 0.089193 -0.420044
v 0.456543 0.078925 -0.412862
v 0.455574 0.082609 -0.416986
v 0.450965 0.081902 -0.418574
v 0.456658 0.088109 -0.417283
v -0.461003 0.092106 -0.421031
v -0.452893 0.096191 -0.428951
v -0.453055 0.083204 -0.422698
v -0.458584 0.095194 -0.426303
v -0.457592 0.089678 -0.425985
v -0.452964 0.088900 -0.427482
v -0.458699 0.086011 -0.421881
v 0.459570 0.168392 -0.411959
v 0.451617 0.164307 -0.420038
v 0.451656 0.177294 -0.413783
v 0.457255 0.165304 -0.417278
v 0.456257 0.170820 -0.416980
v 0.451659 0.171598 -0.418567
v 0.457283 0.174487 -0.412854
v -0.460358 0.175514 -0.421025
v -0.452273 0.184292 -0.422690
v -0.452312 0.171305 -0.428946
v -0.457959 0.181573 -0.421874
v -0.456909 0.177889 -0.425978
v -0.452270 0.178596 -0.427475
v -0.457987 0.172389 -0.426297
v 0.459330 0.220396 -0.346745
v 0.451440 0.224127 -0.355054
v 0.451327 0.227334 -0.341000
v 0.457061 0.222617 -0.352499
v 0.456003 0.225819 -0.348010
v 0.451401 0.227523 -0.348436
v 0.456980 0.224885 -0.342561
v -0.460598 0.227518 -0.355811
v -0.452603 0.234332 -0.349908
v -0.452489 0.231124 -0.363962
v -0.458262 0.231971 -0.351580
v -0.457163 0.232888 -0.357009
v -0.452528 0.234521 -0.357344
v -0.458181 0.229703 -0.361518
v 0.458385 0.201836 -0.265432
v 0.450476 0.210620 -0.267773
v 0.450295 0.201632 -0.256504
v 0.456106 0.207708 -0.267305
v 0.455004 0.206190 -0.262013
v 0.450385 0.207564 -0.260992
v 0.455978 0.201353 -0.259336
v -0.461543 0.208958 -0.274497
v -0.453634 0.208630 -0.265411
v -0.453454 0.217618 -0.276681
v -0.459264 0.208438 -0.268355
v -0.458162 0.213260 -0.271012
v -0.453544 0.214562 -0.269899
v -0.459136 0.214793 -0.276324
v 0.488524 0.129212 -0.230791
v 0.480611 0.136435 -0.225275
v 0.480585 0.122019 -0.225274
v 0.486237 0.134313 -0.227336
v 0.485218 0.129219 -0.225209
v 0.480623 0.129227 -0.223436
v 0.486218 0.124120 -0.227336
v 0.453527 0.129277 -0.230315
v 0.461587 0.122054 -0.225016
v 0.461613 0.136470 -0.225016
v 0.455907 0.124176 -0.226924
v 0.456983 0.129271 -0.224826
v 0.461625 0.129262 -0.223177
v 0.455926 0.134369 -0.226924
v 0.487866 0.050779 -0.268557
v 0.479990 0.051059 -0.259442
v 0.479820 0.042071 -0.270711
v 0.485607 0.051284 -0.262407
v 0.484524 0.046457 -0.265060
v 0.479918 0.045127 -0.263930
v 0.485487 0.044929 -0.270375
v 0.452869 0.050843 -0.268082
v 0.460822 0.042106 -0.270453
v 0.460992 0.051094 -0.259184
v 0.455177 0.044985 -0.269964
v 0.456289 0.046509 -0.264676
v 0.460920 0.045162 -0.263672
v 0.455296 0.051340 -0.261995
v 0.486677 0.031407 -0.353421
v 0.478745 0.024545 -0.347489
v 0.478559 0.027753 -0.361542
v 0.484383 0.026940 -0.349182
v 0.483270 0.026016 -0.354607
v 0.478643 0.024356 -0.354925
v 0.484252 0.029208 -0.359119
v 0.451681 0.031472 -0.352946
v 0.459561 0.027788 -0.361284
v 0.459746 0.024580 -0.347231
v 0.453942 0.029264 -0.358707
v 0.455035 0.026068 -0.354223
v 0.459645 0.024391 -0.354667
v 0.454072 0.026996 -0.348770
v 0.485852 0.085685 -0.421479
v 0.477813 0.076859 -0.423115
v 0.477752 0.089847 -0.429369
v 0.483486 0.079612 -0.422319
v 0.482399 0.083289 -0.426420
v 0.477759 0.082555 -0.427899
v 0.483443 0.088796 -0.426742
v 0.450856 0.085749 -0.421003
v 0.458754 0.089882 -0.429111
v 0.458815 0.076894 -0.422857
v 0.453132 0.088852 -0.426330
v 0.454164 0.083341 -0.426036
v 0.458760 0.082590 -0.427641
v 0.453176 0.079668 -0.421907
v 0.486013 0.172740 -0.421481
v 0.477897 0.168607 -0.429371
v 0.478006 0.181595 -0.423117
v 0.483592 0.169637 -0.426744
v 0.482568 0.175148 -0.426422
v 0.477930 0.175899 -0.427901
v 0.483669 0.178821 -0.422322
v 0.451016 0.172804 -0.421005
v 0.459008 0.181630 -0.422859
v 0.458899 0.168642 -0.429113
v 0.453358 0.178877 -0.421910
v 0.454333 0.175200 -0.426038
v 0.458932 0.175934 -0.427643
v 0.453281 0.169693 -0.426332
v 0.487037 0.227018 -0.353426
v 0.478933 0.230701 -0.361547
v 0.479130 0.233909 -0.347494
v 0.484621 0.229225 -0.359124
v 0.483650 0.232421 -0.354612
v 0.479029 0.234098 -0.354930
v 0.484760 0.231493 -0.349188
v 0.452041 0.227082 -0.352950
v 0.460132 0.233944 -0.347236
v 0.459935 0.230736 -0.361289
v 0.454449 0.231549 -0.348776
v 0.455415 0.232473 -0.354228
v 0.460031 0.234133 -0.354672
v 0.454310 0.229281 -0.358712
v 0.488155 0.207646 -0.268561
v 0.480141 0.216383 -0.270716
v 0.480278 0.207395 -0.259446
v 0.485798 0.213504 -0.270380
v 0.484829 0.211980 -0.265064
v 0.480227 0.213327 -0.263934
v 0.485894 0.207149 -0.262411
v 0.453158 0.207711 -0.268085
v 0.461279 0.207430 -0.259188
v 0.461143 0.216418 -0.270457
v 0.455583 0.207205 -0.261999
v 0.456594 0.212032 -0.264680
v 0.461229 0.213362 -0.263676
v 0.455487 0.213560 -0.269968
v 0.456334 0.133273 0.000522
v 0.448169 0.140451 0.005720
v 0.448223 0.126035 0.005721
v 0.453883 0.138361 0.003882
v 0.452810 0.133260 0.005968
v 0.448148 0.133243 0.007559
v 0.453922 0.128168 0.003884
v -0.463350 0.129807 -0.023358
v -0.455466 0.122629 -0.017744
v -0.455520 0.137045 -0.017745
v -0.461077 0.124719 -0.019875
v -0.460113 0.129820 -0.017737
v -0.455541 0.129837 -0.015906
v -0.461116 0.134912 -0.019876
v 0.457556 0.058124 -0.035649
v 0.449324 0.058359 -0.026852
v 0.449651 0.049371 -0.038118
v 0.455053 0.058616 -0.029593
v 0.454103 0.053783 -0.032286
v 0.449463 0.052427 -0.031339
v 0.455284 0.052261 -0.037559
v -0.462127 0.054657 -0.059529
v -0.454039 0.045965 -0.061583
v -0.454365 0.054953 -0.050317
v -0.459715 0.048812 -0.061318
v -0.458821 0.050342 -0.055991
v -0.454226 0.049021 -0.054804
v -0.459946 0.055168 -0.053352
v 0.459737 0.039563 -0.116939
v 0.451614 0.032656 -0.111324
v 0.451967 0.035864 -0.125374
v 0.457302 0.035083 -0.112793
v 0.456409 0.034153 -0.118257
v 0.451808 0.032467 -0.118758
v 0.457552 0.037351 -0.122728
v -0.459947 0.036097 -0.140819
v -0.451722 0.032458 -0.148839
v -0.452075 0.029250 -0.134789
v -0.457447 0.033903 -0.146487
v -0.456514 0.030712 -0.141962
v -0.451881 0.029061 -0.142223
v -0.457697 0.031634 -0.136552
v 0.461234 0.091568 -0.182135
v 0.453315 0.082698 -0.184086
v 0.453429 0.095686 -0.190340
v 0.458937 0.085482 -0.183067
v 0.457992 0.089154 -0.187208
v 0.453418 0.088394 -0.188869
v 0.459017 0.094666 -0.187490
v -0.458450 0.088102 -0.206015
v -0.450260 0.092279 -0.213805
v -0.450374 0.079292 -0.207551
v -0.455982 0.091217 -0.211248
v -0.454931 0.085713 -0.210913
v -0.450271 0.084988 -0.212335
v -0.456062 0.082034 -0.206826
v 0.460920 0.174978 -0.182143
v 0.453146 0.170801 -0.190348
v 0.452934 0.183788 -0.184096
v 0.458726 0.171863 -0.187497
v 0.457660 0.177367 -0.187217
v 0.453080 0.178092 -0.188878
v 0.458577 0.181046 -0.183077
v -0.458764 0.171512 -0.206023
v -0.450755 0.180382 -0.207561
v -0.450543 0.167395 -0.213813
v -0.456422 0.177598 -0.206835
v -0.455263 0.173926 -0.210922
v -0.450609 0.174686 -0.212343
v -0.456272 0.168414 -0.211256
v 0.459031 0.226983 -0.116957
v 0.451234 0.230622 -0.125393
v 0.450857 0.233830 -0.111344
v 0.456829 0.229177 -0.122747
v 0.455663 0.232368 -0.118277
v 0.451049 0.234019 -0.118778
v 0.456563 0.231446 -0.112813
v -0.460653 0.223517 -0.140838
v -0.452832 0.230424 -0.134809
v -0.452455 0.227216 -0.148858
v -0.458436 0.227997 -0.136571
v -0.457261 0.228927 -0.141982
v -0.452640 0.230613 -0.142243
v -0.458170 0.225729 -0.146506
v 0.456990 0.208423 -0.035664
v 0.449019 0.217115 -0.038135
v 0.448760 0.208127 -0.026867
v 0.454674 0.214268 -0.037575
v 0.453504 0.212738 -0.032301
v 0.448854 0.214059 -0.031355
v 0.454491 0.207913 -0.029608
v -0.462693 0.204956 -0.059544
v -0.454929 0.204721 -0.050332
v -0.454670 0.213709 -0.061600
v -0.460508 0.204464 -0.053366
v -0.459419 0.209297 -0.056006
v -0.454835 0.210653 -0.054820
v -0.460325 0.210819 -0.061334
v 0.486261 0.129303 -0.008540
v 0.478158 0.136491 -0.003261
v 0.478193 0.122076 -0.003261
v 0.483851 0.134394 -0.005155
v 0.482791 0.129294 -0.003059
v 0.478146 0.129283 -0.001422
v 0.483876 0.124200 -0.005155
v 0.451266 0.129218 -0.009102
v 0.459195 0.122029 -0.003566
v 0.459160 0.136445 -0.003567
v 0.453566 0.124127 -0.005642
v 0.454558 0.129226 -0.003513
v 0.459148 0.129237 -0.001728
v 0.453541 0.134320 -0.005642
v 0.487059 0.050869 -0.046304
v 0.478914 0.051115 -0.037426
v 0.479117 0.042127 -0.048695
v 0.484616 0.051365 -0.040223
v 0.483633 0.046533 -0.042907
v 0.479001 0.045184 -0.041914
v 0.484760 0.045009 -0.048191
v 0.452063 0.050784 -0.046866
v 0.460120 0.042081 -0.049000
v 0.459917 0.051069 -0.037732
v 0.454450 0.044936 -0.048679
v 0.455399 0.046464 -0.043361
v 0.460003 0.045137 -0.042219
v 0.454307 0.051291 -0.040710
v 0.488470 0.031498 -0.131164
v 0.480394 0.024602 -0.125470
v 0.480612 0.027809 -0.139522
v 0.486070 0.027021 -0.126995
v 0.485122 0.026092 -0.132450
v 0.480514 0.024413 -0.132905
v 0.486225 0.029289 -0.136932
v 0.453475 0.031413 -0.131727
v 0.461615 0.027763 -0.139828
v 0.461397 0.024555 -0.125775
v 0.455915 0.029215 -0.137419
v 0.456888 0.026024 -0.132904
v 0.461517 0.024366 -0.133210
v 0.455761 0.026947 -0.127482
v 0.489433 0.085775 -0.199220
v 0.481483 0.076915 -0.201093
v 0.481552 0.089903 -0.207348
v 0.487119 0.079692 -0.200130
v 0.486138 0.083365 -0.204261
v 0.481546 0.082611 -0.205877
v 0.487167 0.088876 -0.204552
v 0.454437 0.085690 -0.199783
v 0.462555 0.089857 -0.207653
v 0.462486 0.076869 -0.201399
v 0.456858 0.088803 -0.205040
v 0.457904 0.083297 -0.204715
v 0.462549 0.082565 -0.206183
v 0.456809 0.079619 -0.200617
v 0.489221 0.172830 -0.199223
v 0.481361 0.168663 -0.207351
v 0.481229 0.181651 -0.201097
v 0.486971 0.169718 -0.204556
v 0.485915 0.175224 -0.204265
v 0.481320 0.175955 -0.205881
v 0.486878 0.178901 -0.200134
v 0.454226 0.172745 -0.199786
v 0.462232 0.181605 -0.201403
v 0.462364 0.168617 -0.207656
v 0.456568 0.178828 -0.200621
v 0.457681 0.175155 -0.204719
v 0.462322 0.175909 -0.206186
v 0.456661 0.169644 -0.205043
v 0.487995 0.227108 -0.131172
v 0.480120 0.230757 -0.139530
v 0.479886 0.233965 -0.125478
v 0.485739 0.229305 -0.136939
v 0.484621 0.232497 -0.132458
v 0.480005 0.234154 -0.132913
v 0.485574 0.231573 -0.127003
v 0.453000 0.227023 -0.131735
v 0.460889 0.233919 -0.125783
v 0.461122 0.230711 -0.139835
v 0.455264 0.231500 -0.127490
v 0.456388 0.232428 -0.132912
v 0.461008 0.234108 -0.133219
v 0.455430 0.229232 -0.137427
v 0.486678 0.207736 -0.046310
v 0.478694 0.216439 -0.048702
v 0.478535 0.207451 -0.037432
v 0.484351 0.213585 -0.048198
v 0.483231 0.212056 -0.042913
v 0.478593 0.213383 -0.041921
v 0.484238 0.207229 -0.040229
v 0.451683 0.207651 -0.046872
v 0.459538 0.207405 -0.037738
v 0.459697 0.216393 -0.049007
v 0.453928 0.207156 -0.040717
v 0.454997 0.211988 -0.043367
v 0.459595 0.213337 -0.042226
v 0.454041 0.213511 -0.048685
v 0.462899 0.126547 0.198716
v 0.455029 0.133809 0.204242
v 0.454932 0.119394 0.204244
v 0.460641 0.131660 0.202173
v 0.459600 0.126570 0.204302
v 0.455008 0.126602 0.206082
v 0.460572 0.121467 0.202174
v -0.456978 0.132779 0.212425
v -0.448947 0.125517 0.217714
v -0.448850 0.139932 0.217713
v -0.454619 0.127666 0.215813
v -0.453515 0.132756 0.217910
v -0.448871 0.132725 0.219552
v -0.454550 0.137859 0.215812
v 0.461851 0.051399 0.162537
v 0.453988 0.051719 0.171663
v 0.453759 0.042731 0.160394
v 0.459602 0.051916 0.168691
v 0.458492 0.047094 0.166039
v 0.453881 0.045787 0.167175
v 0.459440 0.045561 0.160723
v -0.458026 0.057630 0.176246
v -0.450120 0.048854 0.173865
v -0.449891 0.057842 0.185133
v -0.455751 0.051761 0.174361
v -0.454623 0.053279 0.179647
v -0.449998 0.051910 0.180645
v -0.455589 0.058116 0.182329
v 0.460513 0.032839 0.081229
v 0.452554 0.026017 0.087172
v 0.452367 0.029224 0.073119
v 0.458203 0.028383 0.085471
v 0.457077 0.027465 0.080048
v 0.452442 0.025828 0.079737
v 0.458070 0.030652 0.075534
v -0.459364 0.039070 0.094938
v -0.451512 0.035347 0.086589
v -0.451325 0.032140 0.100642
v -0.457121 0.036851 0.089173
v -0.456038 0.033650 0.093656
v -0.451437 0.031951 0.093207
v -0.456989 0.034583 0.099110
v 0.459894 0.084843 0.016018
v 0.451809 0.076057 0.014393
v 0.451804 0.089045 0.008138
v 0.457497 0.078782 0.015181
v 0.456422 0.082464 0.011082
v 0.451776 0.081753 0.009609
v 0.457493 0.087966 0.010758
v -0.459983 0.091074 0.029727
v -0.452076 0.095168 0.021608
v -0.452070 0.082180 0.027863
v -0.457698 0.094165 0.024397
v -0.456693 0.088650 0.024690
v -0.452103 0.087876 0.023079
v -0.457695 0.084982 0.028820
v 0.460458 0.168252 0.016010
v 0.452312 0.164158 0.008130
v 0.452493 0.177146 0.014383
v 0.458016 0.165161 0.010750
v 0.457020 0.170676 0.011073
v 0.452384 0.171450 0.009600
v 0.458144 0.174344 0.015172
v -0.459418 0.174483 0.029719
v -0.451386 0.183269 0.027853
v -0.451567 0.170281 0.021601
v -0.457047 0.180544 0.028810
v -0.456096 0.176862 0.024681
v -0.451495 0.177573 0.023070
v -0.457176 0.171360 0.024389
v 0.461782 0.220256 0.081210
v 0.453686 0.223979 0.073099
v 0.453917 0.227186 0.087152
v 0.459369 0.222475 0.075515
v 0.458420 0.225676 0.080028
v 0.453807 0.227375 0.079716
v 0.459533 0.224743 0.085451
v -0.458094 0.226487 0.094919
v -0.449962 0.233309 0.100622
v -0.450193 0.230102 0.086570
v -0.455659 0.230943 0.099090
v -0.454695 0.231861 0.093636
v -0.450072 0.233498 0.093186
v -0.455822 0.228674 0.089154
v 0.462868 0.201696 0.162522
v 0.454895 0.210472 0.160378
v 0.455002 0.201484 0.171648
v 0.460538 0.207565 0.160706
v 0.459568 0.206047 0.166023
v 0.454975 0.207416 0.167159
v 0.460613 0.201210 0.168675
v -0.457008 0.207927 0.176231
v -0.448877 0.207607 0.185118
v -0.448984 0.216595 0.173848
v -0.454578 0.207410 0.182314
v -0.453547 0.212232 0.179631
v -0.448904 0.213539 0.180629
v -0.454654 0.213765 0.174345
v 0.487809 0.129543 0.210911
v 0.479792 0.136723 0.216330
v 0.479841 0.122308 0.216330
v 0.485453 0.134631 0.214337
v 0.484435 0.129531 0.216451
v 0.479819 0.129516 0.218169
v 0.485488 0.124438 0.214337
v 0.452809 0.129425 0.210957
v 0.460841 0.122244 0.216354
v 0.460792 0.136660 0.216355
v 0.455174 0.124336 0.214377
v 0.456198 0.129436 0.216488
v 0.460819 0.129452 0.218193
v 0.455140 0.134529 0.214377
v 0.488024 0.051109 0.173139
v 0.480035 0.051348 0.182157
v 0.480050 0.042360 0.170886
v 0.485687 0.051603 0.179261
v 0.484662 0.046770 0.176595
v 0.480049 0.045416 0.177668
v 0.485698 0.045247 0.171291
v 0.453024 0.050992 0.173185
v 0.461050 0.042296 0.170911
v 0.461035 0.051284 0.182181
v 0.455384 0.045146 0.171331
v 0.456424 0.046675 0.176632
v 0.461049 0.045352 0.177693
v 0.455373 0.051501 0.179301
v 0.487978 0.031738 0.088266
v 0.480009 0.024834 0.094100
v 0.479980 0.028042 0.080046
v 0.485655 0.027259 0.092477
v 0.484613 0.026329 0.087039
v 0.480000 0.024645 0.086664
v 0.485635 0.029527 0.082539
v 0.452978 0.031620 0.088312
v 0.460980 0.027978 0.080071
v 0.461009 0.024770 0.094125
v 0.455321 0.029425 0.082579
v 0.456376 0.026234 0.087076
v 0.461000 0.024581 0.086689
v 0.455342 0.027157 0.092516
v 0.487706 0.086015 0.020204
v 0.479734 0.077148 0.018469
v 0.479682 0.090136 0.012215
v 0.485383 0.079930 0.019335
v 0.484327 0.083602 0.015221
v 0.479708 0.082844 0.013685
v 0.485346 0.089114 0.014912
v 0.452707 0.085898 0.020250
v 0.460682 0.090072 0.012240
v 0.460734 0.077084 0.018494
v 0.455032 0.089012 0.014952
v 0.456089 0.083507 0.015258
v 0.460709 0.082780 0.013710
v 0.455069 0.079829 0.019374
v 0.487414 0.173070 0.020205
v 0.479417 0.168896 0.012215
v 0.479382 0.181883 0.018470
v 0.485074 0.169955 0.014912
v 0.484018 0.175460 0.015222
v 0.479395 0.176187 0.013686
v 0.485049 0.179139 0.019335
v 0.452414 0.172952 0.020251
v 0.460382 0.181820 0.018495
v 0.460417 0.168832 0.012240
v 0.454735 0.179037 0.019375
v 0.455780 0.175366 0.015259
v 0.460395 0.176124 0.013711
v 0.454760 0.169853 0.014952
v 0.487320 0.227348 0.088267
v 0.479297 0.230989 0.080047
v 0.479305 0.234197 0.094101
v 0.484962 0.229543 0.082540
v 0.483919 0.232733 0.087040
v 0.479294 0.234386 0.086665
v 0.484967 0.231811 0.092478
v 0.452320 0.227230 0.088313
v 0.460305 0.234133 0.094126
v 0.460297 0.230926 0.080072
v 0.454654 0.231709 0.092517
v 0.455682 0.232638 0.087077
v 0.460294 0.234322 0.086690
v 0.454648 0.229441 0.082579
v 0.487496 0.207976 0.173140
v 0.479464 0.216671 0.170887
v 0.479509 0.207684 0.182157
v 0.485131 0.213822 0.171292
v 0.484105 0.212293 0.176596
v 0.479483 0.213615 0.177669
v 0.485163 0.207467 0.179262
v 0.452496 0.207858 0.173185
v 0.460509 0.207620 0.182182
v 0.460464 0.216608 0.170912
v 0.454849 0.207365 0.179301
v 0.455867 0.212198 0.176632
v 0.460483 0.213551 0.177693
v 0.454817 0.213720 0.171332
v 0.457151 0.135273 0.434554
v 0.448976 0.142421 0.439778
v 0.449084 0.128005 0.439780
v 0.454692 0.140352 0.437922
v 0.453645 0.135248 0.440012
v 0.448988 0.135213 0.441617
v 0.454769 0.130159 0.437924
v -0.462583 0.128363 0.413564
v -0.454655 0.121215 0.419155
v -0.454763 0.135631 0.419152
v -0.460281 0.123284 0.417040
v -0.459330 0.128388 0.419175
v -0.454751 0.128423 0.420992
v -0.460357 0.133477 0.417039
v 0.458541 0.060125 0.398386
v 0.450336 0.060331 0.407209
v 0.450661 0.051343 0.395943
v 0.456055 0.060609 0.404450
v 0.455115 0.055772 0.401761
v 0.450483 0.054399 0.402722
v 0.456285 0.054254 0.396484
v -0.461193 0.053215 0.377396
v -0.453079 0.044553 0.375317
v -0.453403 0.053541 0.386583
v -0.458765 0.047379 0.375600
v -0.457859 0.048912 0.380924
v -0.453256 0.047609 0.382097
v -0.458994 0.053734 0.383567
v 0.460536 0.041565 0.317092
v 0.452457 0.034629 0.322732
v 0.452754 0.037836 0.308681
v 0.458131 0.037076 0.321245
v 0.457224 0.036143 0.315784
v 0.452628 0.034440 0.315298
v 0.458341 0.039344 0.311309
v -0.459199 0.034655 0.296101
v -0.450986 0.031046 0.288056
v -0.451282 0.027839 0.302107
v -0.456709 0.032469 0.290426
v -0.455750 0.029283 0.294948
v -0.451111 0.027650 0.294673
v -0.456919 0.030201 0.300361
v 0.461633 0.093569 0.251887
v 0.453742 0.084669 0.249961
v 0.453787 0.097656 0.243706
v 0.459357 0.087475 0.250962
v 0.458385 0.091142 0.246824
v 0.453808 0.090365 0.245177
v 0.459388 0.096658 0.246539
v -0.458101 0.086659 0.230896
v -0.449952 0.090866 0.223080
v -0.449997 0.077879 0.229335
v -0.455661 0.089783 0.225655
v -0.454589 0.084282 0.225987
v -0.449931 0.083575 0.224551
v -0.455693 0.080600 0.230078
v 0.461007 0.176977 0.251873
v 0.453223 0.172770 0.243693
v 0.452983 0.185757 0.249944
v 0.458809 0.173853 0.246526
v 0.457723 0.179354 0.246809
v 0.453135 0.180061 0.245162
v 0.458639 0.183036 0.250945
v -0.458728 0.170067 0.230882
v -0.450756 0.178967 0.229318
v -0.450516 0.165980 0.223067
v -0.456411 0.176161 0.230062
v -0.455252 0.172494 0.225972
v -0.450604 0.173271 0.224536
v -0.456241 0.166978 0.225642
v 0.459129 0.228981 0.317059
v 0.451291 0.232590 0.308648
v 0.450947 0.235797 0.322698
v 0.456900 0.231167 0.311277
v 0.455736 0.234353 0.315750
v 0.451115 0.235986 0.315263
v 0.456657 0.233435 0.321211
v -0.460606 0.222071 0.296069
v -0.452793 0.229007 0.302072
v -0.452448 0.225800 0.288022
v -0.458393 0.226560 0.300328
v -0.457238 0.227493 0.294914
v -0.452625 0.229196 0.294638
v -0.458149 0.224292 0.290393
v 0.457413 0.210421 0.398361
v 0.449401 0.219083 0.395914
v 0.449211 0.210095 0.407183
v 0.455068 0.216257 0.396456
v 0.453921 0.214724 0.401733
v 0.449269 0.216027 0.402694
v 0.454934 0.209902 0.404425
v -0.462322 0.203511 0.377370
v -0.454528 0.203305 0.386557
v -0.454338 0.212293 0.375288
v -0.460115 0.203027 0.383541
v -0.459053 0.207864 0.380897
v -0.454470 0.209237 0.382069
v -0.459981 0.209382 0.375572
v 0.485736 0.129247 0.429846
v 0.477657 0.136420 0.435182
v 0.477720 0.122004 0.435183
v 0.483340 0.134333 0.433247
v 0.482306 0.129232 0.435351
v 0.477672 0.129212 0.437021
v 0.483385 0.124140 0.433248
v 0.450738 0.129092 0.429533
v 0.458721 0.121920 0.435013
v 0.458658 0.136335 0.435012
v 0.453073 0.124006 0.432977
v 0.454070 0.129107 0.435099
v 0.458673 0.129128 0.436852
v 0.453028 0.134199 0.432977
v 0.486420 0.050814 0.392078
v 0.478339 0.051044 0.401014
v 0.478480 0.042057 0.389744
v 0.484021 0.051305 0.398176
v 0.483028 0.046471 0.395500
v 0.478406 0.045113 0.396526
v 0.484120 0.044950 0.390207
v 0.451422 0.050659 0.391766
v 0.459480 0.041972 0.389575
v 0.459340 0.050960 0.400844
v 0.453808 0.044816 0.389937
v 0.454791 0.046346 0.395248
v 0.459406 0.045029 0.396356
v 0.453708 0.051171 0.397906
v 0.487263 0.031443 0.307210
v 0.479242 0.024531 0.312963
v 0.479353 0.027739 0.298909
v 0.484903 0.026961 0.311397
v 0.483917 0.026031 0.305949
v 0.479309 0.024342 0.305527
v 0.484981 0.029229 0.301459
v 0.452265 0.031288 0.306898
v 0.460354 0.027655 0.298739
v 0.460243 0.024447 0.312793
v 0.454669 0.029095 0.301189
v 0.455681 0.025906 0.305697
v 0.460310 0.024258 0.305357
v 0.454590 0.026827 0.311126
v 0.487630 0.085720 0.239148
v 0.479685 0.076844 0.237332
v 0.479684 0.089832 0.231077
v 0.485322 0.079633 0.238255
v 0.484305 0.083303 0.234131
v 0.479703 0.082540 0.232548
v 0.485321 0.088816 0.233832
v 0.452632 0.085565 0.238836
v 0.460685 0.089748 0.230908
v 0.460686 0.076760 0.237163
v 0.455009 0.088682 0.233562
v 0.456068 0.083178 0.233879
v 0.460704 0.082456 0.232378
v 0.455010 0.079499 0.237985
v 0.487245 0.172774 0.239145
v 0.479335 0.168592 0.231074
v 0.479222 0.181579 0.237328
v 0.484963 0.169657 0.233829
v 0.483898 0.175161 0.234127
v 0.479290 0.175883 0.232544
v 0.484883 0.178841 0.238251
v 0.452247 0.172619 0.238833
v 0.460223 0.181495 0.237158
v 0.460336 0.168508 0.230905
v 0.454571 0.178707 0.237981
v 0.455662 0.175036 0.233875
v 0.460291 0.175799 0.232375
v 0.454651 0.169523 0.233559
v 0.486398 0.227052 0.307203
v 0.478455 0.230685 0.298901
v 0.478316 0.233893 0.312954
v 0.484096 0.229244 0.301451
v 0.483004 0.232434 0.305940
v 0.478381 0.234082 0.305518
v 0.483997 0.231513 0.311388
v 0.451400 0.226897 0.306890
v 0.459317 0.233809 0.312785
v 0.459456 0.230601 0.298731
v 0.453685 0.231378 0.311118
v 0.454768 0.232309 0.305688
v 0.459382 0.233998 0.305349
v 0.453784 0.229110 0.301181
v 0.485726 0.207680 0.392072
v 0.477708 0.216367 0.389737
v 0.477648 0.207379 0.401008
v 0.483374 0.213524 0.390201
v 0.482295 0.211993 0.395493
v 0.477661 0.213311 0.396519
v 0.483331 0.207168 0.398170
v 0.450728 0.207525 0.391760
v 0.458648 0.207295 0.400838
v 0.458709 0.216283 0.389568
v 0.453019 0.207034 0.397900
v 0.454059 0.211869 0.395241
v 0.458662 0.213227 0.396350
v 0.453062 0.213390 0.389930
v 0.341130 0.442215 0.457675
v 0.348101 0.447576 0.449437
v 0.333692 0.447576 0.449856
v 0.346156 0.445624 0.455164
v 0.341031 0.447730 0.454262
v 0.340896 0.449415 0.449635
v 0.335967 0.445624 0.455461
v 0.314361 0.436801 -0.461920
v 0.307388 0.442257 -0.453746
v 0.321798 0.442257 -0.454165
v 0.309334 0.440238 -0.459450
v 0.314458 0.442357 -0.458573
v 0.314593 0.444096 -0.453966
v 0.319523 0.440238 -0.459746
v 0.266018 0.406025 0.460074
v 0.266049 0.414985 0.452017
v 0.257067 0.403715 0.452345
v 0.266450 0.412130 0.457681
v 0.261593 0.409456 0.456800
v 0.260121 0.410496 0.452216
v 0.260099 0.404161 0.457913
v 0.239249 0.400612 -0.459521
v 0.230763 0.398396 -0.451257
v 0.239746 0.409666 -0.451585
v 0.233466 0.398775 -0.456997
v 0.235020 0.404083 -0.456035
v 0.233817 0.405177 -0.451386
v 0.239817 0.406744 -0.457229
v 0.247479 0.324707 0.461092
v 0.240372 0.330483 0.453262
v 0.243581 0.316430 0.453251
v 0.242941 0.328900 0.458856
v 0.241986 0.323455 0.457877
v 0.240184 0.323047 0.453311
v 0.245210 0.318963 0.458848
v 0.220710 0.319294 -0.458502
v 0.217277 0.311111 -0.450351
v 0.214068 0.325165 -0.450340
v 0.218577 0.313577 -0.456062
v 0.215414 0.318082 -0.454958
v 0.213881 0.317728 -0.450291
v 0.216308 0.323515 -0.456055
v 0.299474 0.259495 0.459963
v 0.290405 0.257703 0.452234
v 0.303388 0.251448 0.451893
v 0.293331 0.258609 0.457802
v 0.296976 0.254488 0.456682
v 0.296099 0.252919 0.452096
v 0.302512 0.254186 0.457561
v 0.272705 0.254082 -0.459632
v 0.277084 0.246129 -0.451709
v 0.264101 0.252384 -0.451368
v 0.275879 0.248801 -0.457349
v 0.270403 0.249115 -0.456153
v 0.269795 0.247600 -0.451506
v 0.266698 0.253223 -0.457108
v 0.382849 0.259495 0.457536
v 0.378472 0.251448 0.449707
v 0.391453 0.257703 0.449292
v 0.379676 0.254186 0.455315
v 0.385152 0.254488 0.454115
v 0.385761 0.252919 0.449486
v 0.388856 0.258609 0.455022
v 0.356080 0.254082 -0.462059
v 0.365150 0.252384 -0.454310
v 0.352168 0.246129 -0.453895
v 0.362223 0.253223 -0.459889
v 0.358580 0.249115 -0.458720
v 0.359457 0.247600 -0.454116
v 0.353043 0.248801 -0.459595
v 0.434821 0.324707 0.455639
v 0.438257 0.316430 0.447584
v 0.441461 0.330484 0.447408
v 0.436956 0.318963 0.453266
v 0.440118 0.323455 0.452109
v 0.441651 0.323047 0.447446
v 0.439222 0.328900 0.453142
v 0.408052 0.319294 -0.463956
v 0.415158 0.325165 -0.456194
v 0.411954 0.311111 -0.456018
v 0.412589 0.323515 -0.461768
v 0.413545 0.318082 -0.460726
v 0.415348 0.317728 -0.456155
v 0.410323 0.313577 -0.461644
v 0.416255 0.406025 0.455701
v 0.424741 0.403715 0.447464
v 0.415755 0.414985 0.447659
v 0.422038 0.404161 0.453199
v 0.420482 0.409456 0.452175
v 0.421685 0.410496 0.447513
v 0.415684 0.412130 0.453337
v 0.389486 0.400612 -0.463894
v 0.389451 0.409666 -0.455943
v 0.398437 0.398396 -0.456138
v 0.389051 0.406744 -0.461573
v 0.393910 0.404083 -0.460660
v 0.395381 0.405177 -0.456089
v 0.395405 0.398775 -0.461711
v 0.331188 0.444555 -0.452087
v 0.338253 0.449985 -0.460199
v 0.323840 0.449985 -0.459944
v 0.336243 0.447984 -0.454511
v 0.331128 0.450100 -0.455453
v 0.331047 0.451824 -0.460067
v 0.326051 0.447984 -0.454331
v 0.330568 0.444648 -0.487082
v 0.323504 0.450035 -0.478941
v 0.337917 0.450035 -0.479196
v 0.325514 0.448065 -0.484640
v 0.330628 0.450175 -0.483686
v 0.330710 0.451874 -0.479064
v 0.335706 0.448065 -0.484820
v 0.252765 0.406784 -0.450799
v 0.252889 0.415812 -0.458778
v 0.243902 0.404542 -0.458649
v 0.253225 0.412909 -0.453134
v 0.248378 0.410244 -0.454094
v 0.246958 0.411323 -0.458685
v 0.246870 0.404939 -0.453043
v 0.252145 0.406877 -0.485793
v 0.243566 0.404592 -0.477646
v 0.252553 0.415863 -0.477775
v 0.246333 0.405020 -0.483352
v 0.247878 0.410319 -0.482327
v 0.246622 0.411374 -0.477682
v 0.252688 0.412989 -0.483443
v 0.233392 0.321911 -0.450682
v 0.226375 0.327756 -0.458543
v 0.229582 0.313702 -0.458637
v 0.228880 0.326125 -0.452934
v 0.227936 0.320689 -0.453970
v 0.226186 0.320320 -0.458560
v 0.231148 0.316187 -0.453001
v 0.232772 0.322005 -0.485676
v 0.229245 0.313753 -0.477634
v 0.226039 0.327807 -0.477540
v 0.230611 0.316268 -0.483310
v 0.227436 0.320764 -0.482203
v 0.225850 0.320371 -0.477557
v 0.228343 0.326206 -0.483243
v 0.287658 0.253849 -0.451824
v 0.278678 0.252125 -0.459671
v 0.291663 0.245871 -0.459918
v 0.281541 0.252983 -0.454062
v 0.285197 0.248871 -0.455175
v 0.284372 0.247341 -0.459785
v 0.290723 0.248560 -0.454236
v 0.287039 0.253943 -0.486818
v 0.291327 0.245921 -0.478914
v 0.278341 0.252176 -0.478668
v 0.290186 0.248641 -0.484545
v 0.284697 0.248946 -0.483409
v 0.284036 0.247392 -0.478781
v 0.281004 0.253064 -0.484370
v 0.374700 0.253849 -0.453366
v 0.370411 0.245871 -0.461312
v 0.383397 0.252125 -0.461526
v 0.371552 0.248560 -0.455668
v 0.377041 0.248871 -0.456802
v 0.377702 0.247341 -0.461438
v 0.380734 0.252983 -0.455819
v 0.374080 0.253943 -0.488360
v 0.383061 0.252176 -0.480523
v 0.370074 0.245921 -0.480309
v 0.380198 0.253064 -0.486127
v 0.376541 0.248946 -0.485035
v 0.377365 0.247392 -0.480435
v 0.371015 0.248641 -0.485976
v 0.428972 0.321911 -0.454146
v 0.432499 0.313702 -0.462232
v 0.435706 0.327756 -0.462251
v 0.431133 0.316187 -0.456543
v 0.434309 0.320689 -0.457625
v 0.435895 0.320320 -0.462274
v 0.433402 0.326125 -0.456557
v 0.428353 0.322005 -0.489140
v 0.435370 0.327807 -0.481248
v 0.432162 0.313753 -0.481228
v 0.432865 0.326206 -0.486865
v 0.433809 0.320764 -0.485859
v 0.435559 0.320371 -0.481271
v 0.430597 0.316268 -0.486852
v 0.409608 0.406784 -0.453577
v 0.418187 0.404542 -0.461736
v 0.409201 0.415812 -0.461547
v 0.415419 0.404939 -0.456028
v 0.413876 0.410244 -0.457025
v 0.415132 0.411323 -0.461664
v 0.409065 0.412909 -0.455895
v 0.408988 0.406877 -0.488571
v 0.408865 0.415863 -0.480544
v 0.417851 0.404592 -0.480733
v 0.408528 0.412989 -0.486203
v 0.413375 0.410319 -0.485258
v 0.414795 0.411374 -0.480661
v 0.414882 0.405020 -0.486337
v 0.098886 0.437488 0.461589
v 0.106317 0.442966 0.453844
v 0.091907 0.442966 0.453435
v 0.104047 0.440932 0.459421
v 0.098981 0.443054 0.458257
v 0.099112 0.444805 0.453656
v 0.093857 0.440932 0.459132
v 0.125000 0.445514 -0.458006
v 0.117567 0.450852 -0.450167
v 0.131977 0.450852 -0.449757
v 0.119838 0.448916 -0.455778
v 0.124903 0.451020 -0.454578
v 0.124771 0.452691 -0.449946
v 0.130027 0.448916 -0.455489
v 0.023775 0.401299 0.459140
v 0.024266 0.410376 0.451230
v 0.015284 0.399106 0.450876
v 0.024342 0.407439 0.456865
v 0.019544 0.404780 0.455668
v 0.018337 0.405888 0.451022
v 0.017991 0.399469 0.456616
v 0.049889 0.409325 -0.460454
v 0.040944 0.406992 -0.452725
v 0.049925 0.418262 -0.452372
v 0.043972 0.407454 -0.458294
v 0.045466 0.412747 -0.457167
v 0.043997 0.413773 -0.452579
v 0.050322 0.415423 -0.458045
v 0.005242 0.319983 0.457904
v -0.001406 0.325877 0.449763
v 0.001804 0.311823 0.449732
v 0.000838 0.324211 0.455472
v -0.000056 0.318781 0.454360
v -0.001593 0.318441 0.449693
v 0.003108 0.314274 0.455450
v 0.031356 0.328009 -0.461690
v 0.027464 0.319709 -0.453870
v 0.024254 0.333762 -0.453838
v 0.029089 0.322258 -0.459461
v 0.025866 0.326747 -0.458474
v 0.024067 0.326326 -0.453908
v 0.026819 0.332195 -0.459438
v 0.057243 0.254773 0.458812
v 0.048634 0.253098 0.450549
v 0.061618 0.246843 0.450863
v 0.051235 0.253921 0.456289
v 0.054939 0.249815 0.455320
v 0.054329 0.248314 0.450669
v 0.060416 0.249498 0.456512
v 0.083357 0.262798 -0.460783
v 0.087278 0.254729 -0.452738
v 0.074293 0.260983 -0.453052
v 0.086397 0.257483 -0.458398
v 0.080861 0.257781 -0.457515
v 0.079988 0.256199 -0.452932
v 0.077216 0.261905 -0.458621
v 0.140620 0.254773 0.461179
v 0.136703 0.246843 0.452995
v 0.149684 0.253098 0.453419
v 0.137582 0.249498 0.458703
v 0.143118 0.249815 0.457824
v 0.143992 0.248314 0.453215
v 0.146761 0.253921 0.459002
v 0.166734 0.262798 -0.458415
v 0.175344 0.260983 -0.450183
v 0.162363 0.254729 -0.450606
v 0.172742 0.261905 -0.455908
v 0.169040 0.257781 -0.455011
v 0.169652 0.256199 -0.450386
v 0.163563 0.257483 -0.456207
v 0.192588 0.319983 0.463224
v 0.196485 0.311823 0.455260
v 0.199688 0.325877 0.455474
v 0.194858 0.314274 0.460895
v 0.198080 0.318781 0.459987
v 0.199878 0.318441 0.455414
v 0.197123 0.324211 0.461046
v 0.218702 0.328009 -0.456370
v 0.225347 0.333762 -0.448128
v 0.222144 0.319709 -0.448341
v 0.223104 0.332195 -0.453864
v 0.224001 0.326747 -0.452848
v 0.225538 0.326326 -0.448187
v 0.220839 0.322258 -0.454015
v 0.174015 0.401299 0.463406
v 0.182962 0.399106 0.455638
v 0.173974 0.410376 0.455481
v 0.179934 0.399469 0.461214
v 0.178437 0.404780 0.460180
v 0.179905 0.405888 0.455610
v 0.173579 0.407439 0.461104
v 0.200129 0.409325 -0.456188
v 0.199634 0.418262 -0.448120
v 0.208621 0.406992 -0.447964
v 0.199560 0.415423 -0.453807
v 0.204359 0.412747 -0.452655
v 0.205565 0.413773 -0.447991
v 0.205915 0.407454 -0.453696
v 0.109840 0.446190 -0.451390
v 0.117177 0.451615 -0.459260
v 0.102763 0.451615 -0.459495
v 0.114974 0.449618 -0.453643
v 0.109895 0.451733 -0.454759
v 0.109970 0.453454 -0.459374
v 0.104782 0.449618 -0.453808
v 0.110409 0.446264 -0.486385
v 0.103072 0.451656 -0.478492
v 0.117486 0.451656 -0.478258
v 0.105275 0.449682 -0.484118
v 0.110354 0.451793 -0.482993
v 0.110279 0.453495 -0.478371
v 0.115467 0.449682 -0.483953
v 0.031418 0.408418 -0.452745
v 0.031813 0.417442 -0.460720
v 0.022827 0.406172 -0.460890
v 0.031958 0.414542 -0.455066
v 0.027146 0.411877 -0.456188
v 0.025883 0.412954 -0.460826
v 0.025603 0.406573 -0.455187
v 0.031987 0.408493 -0.487740
v 0.023136 0.406212 -0.479888
v 0.032122 0.417483 -0.479718
v 0.026096 0.406637 -0.485496
v 0.027604 0.411937 -0.484422
v 0.026191 0.412994 -0.479823
v 0.032450 0.414607 -0.485376
v 0.012052 0.323546 -0.453240
v 0.005306 0.329387 -0.461338
v 0.008514 0.315332 -0.461316
v 0.007619 0.327758 -0.455647
v 0.006711 0.322321 -0.456711
v 0.005118 0.321950 -0.461357
v 0.009888 0.317820 -0.455631
v 0.012621 0.323620 -0.488236
v 0.008823 0.315373 -0.480314
v 0.005615 0.329427 -0.480336
v 0.010380 0.317885 -0.485941
v 0.007169 0.322381 -0.484945
v 0.005426 0.321991 -0.480355
v 0.008112 0.327823 -0.485956
v 0.066325 0.255484 -0.452504
v 0.057616 0.253755 -0.460650
v 0.070602 0.247501 -0.460452
v 0.060287 0.254616 -0.454947
v 0.063979 0.250503 -0.455934
v 0.063311 0.248971 -0.460568
v 0.069470 0.250193 -0.454807
v 0.066894 0.255558 -0.487499
v 0.070911 0.247541 -0.479450
v 0.057925 0.253796 -0.479647
v 0.069962 0.250258 -0.485117
v 0.064437 0.250563 -0.484168
v 0.063620 0.249012 -0.479565
v 0.060779 0.254681 -0.485257
v 0.153369 0.255484 -0.451090
v 0.149352 0.247501 -0.459173
v 0.162338 0.253755 -0.458949
v 0.150301 0.250193 -0.453494
v 0.155826 0.250503 -0.454442
v 0.156643 0.248971 -0.459051
v 0.159483 0.254616 -0.453336
v 0.153937 0.255558 -0.486085
v 0.162647 0.253796 -0.477946
v 0.149661 0.247541 -0.478170
v 0.159976 0.254681 -0.483645
v 0.156284 0.250563 -0.482676
v 0.156952 0.249012 -0.478049
v 0.150793 0.250258 -0.483804
v 0.207637 0.323546 -0.450063
v 0.211436 0.315332 -0.458020
v 0.214643 0.329387 -0.457938
v 0.209878 0.317820 -0.452382
v 0.213089 0.322321 -0.453359
v 0.214832 0.321950 -0.457950
v 0.212146 0.327758 -0.452324
v 0.208206 0.323620 -0.485058
v 0.214951 0.329427 -0.476935
v 0.211744 0.315373 -0.477017
v 0.212638 0.327823 -0.482634
v 0.213547 0.322381 -0.481592
v 0.215140 0.321991 -0.476948
v 0.210371 0.317885 -0.482692
v 0.188265 0.408418 -0.450197
v 0.197116 0.406172 -0.458059
v 0.188129 0.417442 -0.458181
v 0.194157 0.406573 -0.452448
v 0.192648 0.411877 -0.453500
v 0.194060 0.412954 -0.458094
v 0.187802 0.414542 -0.452535
v 0.188834 0.408493 -0.485192
v 0.188438 0.417483 -0.477178
v 0.197425 0.406212 -0.477056
v 0.188294 0.414607 -0.482844
v 0.193106 0.411937 -0.481734
v 0.194369 0.412994 -0.477091
v 0.194649 0.406637 -0.482758
v -0.115617 0.434519 0.458941
v -0.108355 0.440010 0.451046
v -0.122770 0.440010 0.450948
v -0.110505 0.437966 0.456668
v -0.115594 0.440090 0.455617
v -0.115563 0.441849 0.451016
v -0.120698 0.437966 0.456598
v -0.109365 0.444006 -0.460989
v -0.116627 0.449331 -0.452983
v -0.102212 0.449331 -0.452885
v -0.114477 0.447404 -0.458646
v -0.109388 0.449506 -0.457551
v -0.109420 0.451170 -0.452915
v -0.104284 0.447404 -0.458576
v -0.190763 0.398331 0.458057
v -0.190443 0.407420 0.450152
v -0.199430 0.396150 0.449975
v -0.190246 0.404474 0.455780
v -0.195068 0.401817 0.454682
v -0.196375 0.402932 0.450065
v -0.196601 0.396505 0.455655
v -0.184511 0.407817 -0.461873
v -0.193287 0.405472 -0.453956
v -0.184300 0.416742 -0.453779
v -0.190380 0.405943 -0.459589
v -0.188862 0.411234 -0.458486
v -0.190231 0.412253 -0.453866
v -0.184025 0.413912 -0.459464
v -0.209317 0.317016 0.457092
v -0.216140 0.322922 0.449106
v -0.212931 0.308869 0.448983
v -0.213773 0.321247 0.454762
v -0.214691 0.315819 0.453662
v -0.216328 0.315486 0.449028
v -0.211504 0.311310 0.454675
v -0.203065 0.326502 -0.462838
v -0.206787 0.318190 -0.454948
v -0.209996 0.332243 -0.454825
v -0.205284 0.320748 -0.460569
v -0.208485 0.325236 -0.459506
v -0.210185 0.324807 -0.454903
v -0.207552 0.330685 -0.460482
v -0.157308 0.251807 0.456773
v -0.166094 0.250144 0.448696
v -0.153106 0.243890 0.448719
v -0.163369 0.250958 0.454380
v -0.159687 0.246854 0.453324
v -0.160398 0.245360 0.448685
v -0.154185 0.246536 0.454397
v -0.151056 0.261293 -0.463157
v -0.146963 0.253211 -0.455212
v -0.159951 0.259465 -0.455236
v -0.147965 0.255974 -0.460847
v -0.153481 0.256271 -0.459844
v -0.154254 0.254681 -0.455246
v -0.157149 0.260396 -0.460864
v -0.073900 0.251807 0.457340
v -0.077992 0.243890 0.449230
v -0.065005 0.250144 0.449383
v -0.076990 0.246536 0.454921
v -0.071475 0.246854 0.453924
v -0.070701 0.245360 0.449295
v -0.067807 0.250958 0.455029
v -0.067648 0.261293 -0.462590
v -0.058862 0.259465 -0.454549
v -0.071849 0.253211 -0.454701
v -0.061586 0.260396 -0.460215
v -0.065268 0.256271 -0.459244
v -0.064557 0.254681 -0.454637
v -0.070770 0.255974 -0.460323
v -0.021900 0.317016 0.458366
v -0.018176 0.308869 0.450307
v -0.014970 0.322922 0.450473
v -0.019681 0.311310 0.455979
v -0.016480 0.315819 0.455009
v -0.014780 0.315486 0.450398
v -0.017413 0.321247 0.456097
v -0.015648 0.326502 -0.461564
v -0.008826 0.332243 -0.453458
v -0.012033 0.318190 -0.453625
v -0.011193 0.330685 -0.459147
v -0.010274 0.325236 -0.458159
v -0.008637 0.324807 -0.453533
v -0.013460 0.320748 -0.459265
v -0.040466 0.398331 0.459078
v -0.031689 0.396150 0.451115
v -0.040678 0.407420 0.451170
v -0.034596 0.396505 0.456756
v -0.036115 0.401817 0.455762
v -0.034746 0.402932 0.451164
v -0.040952 0.404474 0.456795
v -0.034214 0.407817 -0.460852
v -0.034534 0.416742 -0.452761
v -0.025546 0.405472 -0.452816
v -0.034731 0.413912 -0.458449
v -0.029909 0.411234 -0.457406
v -0.028602 0.412253 -0.452767
v -0.028376 0.405943 -0.458488
v -0.110388 0.446232 -0.453533
v -0.103286 0.451629 -0.461635
v -0.117701 0.451629 -0.461445
v -0.105323 0.449652 -0.455948
v -0.110433 0.451763 -0.456922
v -0.110494 0.453468 -0.461542
v -0.115515 0.449652 -0.455813
v -0.110850 0.446183 -0.488530
v -0.117952 0.451602 -0.480443
v -0.103537 0.451602 -0.480633
v -0.115915 0.449609 -0.486124
v -0.110805 0.451723 -0.485157
v -0.110744 0.453441 -0.480541
v -0.105723 0.449609 -0.486259
v -0.188814 0.408461 -0.452444
v -0.188654 0.417457 -0.460459
v -0.197641 0.406186 -0.460325
v -0.188344 0.414576 -0.454802
v -0.193187 0.411907 -0.455772
v -0.194585 0.412968 -0.460375
v -0.194698 0.406607 -0.454707
v -0.189276 0.408411 -0.487441
v -0.197892 0.406159 -0.479323
v -0.188905 0.417430 -0.479458
v -0.195099 0.406564 -0.485018
v -0.193559 0.411867 -0.484008
v -0.194836 0.412941 -0.479373
v -0.188744 0.414533 -0.485113
v -0.208182 0.323588 -0.452068
v -0.215164 0.329401 -0.459985
v -0.211956 0.315347 -0.460007
v -0.212684 0.327792 -0.454358
v -0.213624 0.322352 -0.455376
v -0.215353 0.321964 -0.459972
v -0.210416 0.317854 -0.454374
v -0.208645 0.323539 -0.487065
v -0.212207 0.315320 -0.479005
v -0.215415 0.329374 -0.478983
v -0.210816 0.317812 -0.484685
v -0.213996 0.322312 -0.483611
v -0.215604 0.321937 -0.478970
v -0.213085 0.327749 -0.484669
v -0.153908 0.255526 -0.452688
v -0.162853 0.253769 -0.460568
v -0.149866 0.247515 -0.460731
v -0.160015 0.254650 -0.454950
v -0.156354 0.250534 -0.456030
v -0.157158 0.248985 -0.460637
v -0.150832 0.250227 -0.455065
v -0.154370 0.255477 -0.487685
v -0.150117 0.247488 -0.479729
v -0.163104 0.253743 -0.479567
v -0.151233 0.250184 -0.485376
v -0.156727 0.250494 -0.484265
v -0.157409 0.248958 -0.479635
v -0.160416 0.254607 -0.485261
v -0.066861 0.255526 -0.453837
v -0.071113 0.247515 -0.461771
v -0.058126 0.253769 -0.461951
v -0.069998 0.250227 -0.456132
v -0.064503 0.250534 -0.457243
v -0.063822 0.248985 -0.461869
v -0.060815 0.254650 -0.456259
v -0.067323 0.255477 -0.488834
v -0.058377 0.253743 -0.480949
v -0.071364 0.247488 -0.480769
v -0.061215 0.254607 -0.486570
v -0.064876 0.250494 -0.485478
v -0.064073 0.248958 -0.480867
v -0.070398 0.250184 -0.486443
v -0.012589 0.323588 -0.454650
v -0.009026 0.315347 -0.462687
v -0.005818 0.329401 -0.462749
v -0.010417 0.317854 -0.457014
v -0.007237 0.322352 -0.458101
v -0.005629 0.321964 -0.462741
v -0.008149 0.327792 -0.457058
v -0.013051 0.323539 -0.489647
v -0.006069 0.329374 -0.481747
v -0.009276 0.315320 -0.481685
v -0.008549 0.327749 -0.487369
v -0.007609 0.322312 -0.486336
v -0.005880 0.321937 -0.481739
v -0.010817 0.317812 -0.487325
v -0.031960 0.408461 -0.454515
v -0.023344 0.406186 -0.462626
v -0.032331 0.417457 -0.462523
v -0.026138 0.406607 -0.456932
v -0.027677 0.411907 -0.457958
v -0.026400 0.412968 -0.462595
v -0.032493 0.414576 -0.456860
v -0.032422 0.408411 -0.489512
v -0.032582 0.417430 -0.481522
v -0.023595 0.406159 -0.481624
v -0.032893 0.414533 -0.487171
v -0.028050 0.411867 -0.486193
v -0.026651 0.412941 -0.481594
v -0.026538 0.406564 -0.487244
v -0.333378 0.439528 0.463079
v -0.326070 0.445004 0.455217
v -0.340485 0.445004 0.455034
v -0.328253 0.442971 0.460830
v -0.333336 0.445092 0.459745
v -0.333278 0.446843 0.455141
v -0.338445 0.442971 0.460701
v -0.321712 0.447310 -0.456814
v -0.329021 0.452651 -0.448861
v -0.314607 0.452651 -0.448678
v -0.326839 0.450714 -0.454507
v -0.321756 0.452818 -0.453386
v -0.321814 0.454490 -0.448754
v -0.316646 0.450714 -0.454378
v -0.408519 0.403339 0.461820
v -0.408153 0.412414 0.453901
v -0.417139 0.401143 0.453691
v -0.407988 0.409477 0.459535
v -0.412804 0.406819 0.458414
v -0.414083 0.407925 0.453787
v -0.414342 0.401508 0.459387
v -0.396852 0.411121 -0.458073
v -0.405675 0.408791 -0.450204
v -0.396689 0.420061 -0.449995
v -0.402735 0.409251 -0.455820
v -0.401223 0.414544 -0.454718
v -0.402620 0.415572 -0.450108
v -0.396381 0.417220 -0.455672
v -0.427069 0.322023 0.460897
v -0.433844 0.327914 0.452860
v -0.430635 0.313860 0.452782
v -0.431511 0.326250 0.458533
v -0.432423 0.320819 0.457437
v -0.434032 0.320478 0.452795
v -0.429242 0.316312 0.458478
v -0.415403 0.329805 -0.458996
v -0.419172 0.321507 -0.451113
v -0.422381 0.335561 -0.451035
v -0.417635 0.324055 -0.456730
v -0.420842 0.328545 -0.455694
v -0.422569 0.328125 -0.451101
v -0.419904 0.333992 -0.456675
v -0.375061 0.256812 0.461005
v -0.383799 0.255135 0.452879
v -0.370811 0.248880 0.452991
v -0.381108 0.255959 0.458577
v -0.377419 0.251853 0.457551
v -0.378103 0.250351 0.452911
v -0.371924 0.251537 0.458656
v -0.363394 0.264595 -0.458888
v -0.359348 0.256527 -0.450904
v -0.372335 0.262782 -0.451016
v -0.360317 0.259280 -0.456551
v -0.365838 0.259579 -0.455580
v -0.366639 0.257998 -0.450985
v -0.369501 0.263702 -0.456630
v -0.291657 0.256812 0.462062
v -0.295702 0.248880 0.453943
v -0.282716 0.255135 0.454161
v -0.294733 0.251537 0.459635
v -0.289212 0.251853 0.458670
v -0.288411 0.250351 0.454048
v -0.285551 0.255959 0.459789
v -0.279991 0.264595 -0.457831
v -0.271252 0.262782 -0.449734
v -0.284238 0.256527 -0.449952
v -0.273944 0.263702 -0.455418
v -0.277631 0.259579 -0.454462
v -0.276947 0.257998 -0.449847
v -0.283126 0.259280 -0.455572
v -0.239663 0.322023 0.463274
v -0.235892 0.313860 0.455251
v -0.232686 0.327914 0.455411
v -0.237429 0.316312 0.460910
v -0.234223 0.320819 0.459951
v -0.232496 0.320478 0.455350
v -0.235163 0.326250 0.461023
v -0.227996 0.329805 -0.456620
v -0.221222 0.335561 -0.448484
v -0.224428 0.321507 -0.448644
v -0.223556 0.333992 -0.454184
v -0.222643 0.328545 -0.453181
v -0.221033 0.328125 -0.448545
v -0.225823 0.324055 -0.454297
v -0.258230 0.403339 0.463726
v -0.249407 0.401143 0.455818
v -0.258396 0.412414 0.455800
v -0.252347 0.401508 0.461442
v -0.253860 0.406819 0.460429
v -0.252464 0.407925 0.455837
v -0.258703 0.409477 0.461429
v -0.246564 0.411121 -0.456167
v -0.246932 0.420061 -0.448095
v -0.237944 0.408791 -0.448077
v -0.247096 0.417220 -0.453779
v -0.242280 0.414544 -0.452702
v -0.241000 0.415572 -0.448058
v -0.240740 0.409251 -0.453766
v -0.330920 0.446002 -0.451545
v -0.323701 0.451447 -0.459511
v -0.338117 0.451447 -0.459531
v -0.325820 0.449436 -0.453866
v -0.330915 0.451553 -0.454901
v -0.330909 0.453286 -0.459512
v -0.336013 0.449436 -0.453880
v -0.330871 0.446161 -0.486545
v -0.338090 0.451533 -0.478530
v -0.323675 0.451533 -0.478510
v -0.335971 0.449573 -0.484193
v -0.330876 0.451681 -0.483139
v -0.330883 0.453372 -0.478512
v -0.325778 0.449573 -0.484179
v -0.409353 0.408231 -0.451825
v -0.409077 0.417274 -0.459783
v -0.418065 0.406004 -0.459847
v -0.408849 0.414360 -0.454139
v -0.413677 0.411698 -0.455196
v -0.415008 0.412786 -0.459812
v -0.415204 0.406391 -0.454184
v -0.409305 0.408389 -0.486824
v -0.418038 0.406090 -0.478847
v -0.409051 0.417360 -0.478783
v -0.415162 0.406528 -0.484498
v -0.413638 0.411826 -0.483433
v -0.414982 0.412872 -0.478812
v -0.408807 0.414498 -0.484453
v -0.428724 0.323359 -0.452236
v -0.435590 0.329219 -0.460219
v -0.432382 0.315165 -0.460278
v -0.433192 0.327577 -0.454566
v -0.434117 0.322143 -0.455630
v -0.435779 0.321783 -0.460253
v -0.430924 0.317639 -0.454608
v -0.428676 0.323518 -0.487235
v -0.432356 0.315251 -0.479278
v -0.435564 0.329305 -0.479219
v -0.430882 0.317777 -0.484921
v -0.434078 0.322271 -0.483867
v -0.435753 0.321869 -0.479252
v -0.433151 0.327714 -0.484879
v -0.374446 0.255298 -0.452469
v -0.383276 0.253589 -0.460489
v -0.370288 0.247334 -0.460499
v -0.380520 0.254436 -0.454824
v -0.376843 0.250325 -0.455876
v -0.377579 0.248804 -0.460503
v -0.371336 0.250013 -0.454832
v -0.374398 0.255456 -0.487468
v -0.370261 0.247420 -0.479499
v -0.383249 0.253675 -0.479489
v -0.371294 0.250150 -0.485145
v -0.376804 0.250453 -0.484113
v -0.377553 0.248891 -0.479502
v -0.380478 0.254573 -0.485138
v -0.287391 0.255298 -0.452349
v -0.291527 0.247334 -0.460390
v -0.278540 0.253589 -0.460344
v -0.290495 0.250013 -0.454720
v -0.284985 0.250325 -0.455749
v -0.284236 0.248804 -0.460374
v -0.281311 0.254436 -0.454687
v -0.287343 0.255456 -0.487348
v -0.278513 0.253675 -0.479344
v -0.291501 0.247420 -0.479390
v -0.281269 0.254573 -0.485001
v -0.284946 0.250453 -0.483986
v -0.284209 0.248891 -0.479373
v -0.290453 0.250150 -0.485033
v -0.233114 0.323359 -0.451965
v -0.229434 0.315165 -0.459997
v -0.226226 0.329219 -0.459929
v -0.230907 0.317639 -0.454331
v -0.227712 0.322143 -0.455345
v -0.226037 0.321783 -0.459963
v -0.228639 0.327577 -0.454283
v -0.233065 0.323518 -0.486965
v -0.226200 0.329305 -0.478929
v -0.229408 0.315251 -0.478997
v -0.228597 0.327714 -0.484597
v -0.227673 0.322271 -0.483582
v -0.226011 0.321869 -0.478963
v -0.230865 0.317777 -0.484645
v -0.252486 0.408231 -0.451608
v -0.243752 0.406004 -0.459606
v -0.252740 0.417274 -0.459567
v -0.246629 0.406391 -0.453951
v -0.248153 0.411698 -0.454967
v -0.246809 0.412786 -0.459579
v -0.252984 0.414360 -0.453924
v -0.252437 0.408389 -0.486607
v -0.252714 0.417360 -0.478567
v -0.243726 0.406090 -0.478606
v -0.252942 0.414498 -0.484237
v -0.248114 0.411826 -0.483205
v -0.246782 0.412872 -0.478579
v -0.246587 0.406528 -0.484265
v 0.463395 0.560876 -0.249466
v 0.455564 0.568072 -0.243802
v 0.455585 0.553657 -0.243802
v 0.461157 0.565970 -0.245969
v 0.460195 0.560871 -0.243824
v 0.455634 0.560865 -0.241964
v 0.461172 0.555776 -0.245969
v -0.456122 0.559510 -0.219692
v -0.447940 0.552314 -0.214546
v -0.447962 0.566729 -0.214545
v -0.453662 0.554416 -0.216347
v -0.452563 0.559515 -0.214269
v -0.447891 0.559522 -0.212708
v -0.453677 0.564610 -0.216346
v 0.462336 0.485726 -0.285641
v 0.454631 0.485980 -0.276380
v 0.454280 0.476992 -0.287645
v 0.460191 0.486224 -0.279450
v 0.459074 0.481393 -0.282082
v 0.454495 0.480048 -0.280866
v 0.459943 0.479869 -0.287415
v -0.457181 0.484360 -0.255867
v -0.449246 0.475649 -0.258389
v -0.448895 0.484637 -0.247124
v -0.454891 0.478509 -0.257793
v -0.453684 0.480036 -0.252527
v -0.449031 0.478705 -0.251610
v -0.454642 0.484865 -0.249827
v 0.459732 0.467166 -0.366919
v 0.451934 0.460277 -0.360840
v 0.451475 0.463485 -0.374886
v 0.457532 0.462691 -0.362638
v 0.456320 0.461764 -0.368041
v 0.451694 0.460088 -0.368272
v 0.457207 0.464959 -0.372571
v -0.459786 0.465799 -0.337145
v -0.452051 0.462142 -0.345630
v -0.451591 0.458934 -0.331583
v -0.457626 0.463599 -0.342948
v -0.456438 0.460407 -0.338485
v -0.451832 0.458745 -0.339016
v -0.457301 0.461331 -0.333016
v 0.457544 0.519171 -0.432095
v 0.449505 0.510319 -0.433581
v 0.449283 0.523307 -0.439832
v 0.455183 0.513091 -0.432892
v 0.454007 0.516764 -0.436971
v 0.449341 0.516015 -0.438362
v 0.455026 0.522274 -0.437312
v -0.461973 0.517805 -0.402321
v -0.454243 0.521964 -0.410575
v -0.454021 0.508976 -0.404325
v -0.459807 0.520915 -0.407689
v -0.458752 0.515408 -0.407415
v -0.454184 0.514672 -0.409106
v -0.459651 0.511731 -0.403269
v 0.457420 0.602582 -0.432091
v 0.449171 0.598422 -0.439828
v 0.449355 0.611410 -0.433576
v 0.454911 0.599471 -0.437308
v 0.453876 0.604978 -0.436966
v 0.449208 0.605714 -0.438358
v 0.455041 0.608655 -0.432887
v -0.462097 0.601215 -0.402317
v -0.454171 0.610067 -0.404320
v -0.454354 0.597079 -0.410572
v -0.459793 0.607295 -0.403265
v -0.458883 0.603622 -0.407411
v -0.454317 0.604371 -0.409102
v -0.459922 0.598112 -0.407685
v 0.459453 0.654587 -0.366910
v 0.451186 0.658244 -0.374877
v 0.451636 0.661452 -0.360830
v 0.456923 0.656787 -0.372561
v 0.456026 0.659979 -0.368031
v 0.451395 0.661641 -0.368262
v 0.457241 0.659055 -0.362629
v -0.460064 0.653220 -0.337136
v -0.451890 0.660109 -0.331574
v -0.452340 0.656901 -0.345621
v -0.457593 0.657695 -0.333006
v -0.456732 0.658622 -0.338476
v -0.452131 0.660298 -0.339006
v -0.457911 0.655427 -0.342939
v 0.462113 0.636027 -0.285634
v 0.454031 0.644737 -0.287637
v 0.454409 0.635749 -0.276373
v 0.459702 0.641877 -0.287408
v 0.458838 0.640350 -0.282075
v 0.454255 0.641681 -0.280859
v 0.459969 0.635522 -0.279443
v -0.457405 0.634660 -0.255860
v -0.449117 0.634406 -0.247116
v -0.449495 0.643394 -0.258381
v -0.454864 0.634162 -0.249820
v -0.453920 0.638993 -0.252519
v -0.449271 0.640338 -0.251602
v -0.455131 0.640517 -0.257785
v 0.488229 0.559848 -0.229317
v 0.480288 0.567077 -0.223851
v 0.480249 0.552661 -0.223851
v 0.485924 0.564951 -0.225877
v 0.484888 0.559857 -0.223757
v 0.480282 0.559869 -0.222012
v 0.485897 0.554757 -0.225877
v 0.453230 0.559941 -0.229062
v 0.461250 0.552712 -0.223712
v 0.461288 0.567127 -0.223712
v 0.455584 0.554838 -0.225656
v 0.456651 0.559932 -0.223551
v 0.461283 0.559919 -0.221873
v 0.455611 0.565031 -0.225656
v 0.487746 0.481414 -0.267086
v 0.479812 0.481701 -0.258021
v 0.479706 0.472713 -0.269291
v 0.485448 0.481922 -0.260951
v 0.484378 0.477095 -0.263610
v 0.479764 0.475769 -0.262509
v 0.485373 0.475567 -0.268920
v 0.452747 0.481507 -0.266831
v 0.460707 0.472764 -0.269153
v 0.460813 0.481751 -0.257883
v 0.455061 0.475647 -0.268699
v 0.456141 0.477170 -0.263404
v 0.460764 0.475820 -0.262371
v 0.455136 0.482002 -0.260730
v 0.487076 0.462043 -0.351956
v 0.479100 0.455187 -0.346074
v 0.479006 0.458395 -0.360128
v 0.484751 0.457578 -0.347732
v 0.483671 0.456655 -0.353163
v 0.479045 0.454998 -0.353510
v 0.484685 0.459846 -0.357669
v 0.452077 0.462136 -0.351701
v 0.460007 0.458446 -0.359990
v 0.460101 0.455238 -0.345936
v 0.454372 0.459926 -0.357448
v 0.455434 0.456730 -0.352957
v 0.460046 0.455049 -0.353372
v 0.454438 0.457658 -0.347511
v 0.486723 0.516320 -0.420018
v 0.478688 0.507501 -0.421705
v 0.478676 0.520489 -0.427959
v 0.484358 0.510250 -0.420873
v 0.483300 0.513927 -0.424981
v 0.478668 0.513197 -0.426489
v 0.484350 0.519433 -0.425296
v 0.451724 0.516413 -0.419763
v 0.459677 0.520539 -0.427821
v 0.459688 0.507552 -0.421566
v 0.454037 0.519514 -0.425075
v 0.455063 0.514002 -0.424775
v 0.459668 0.513248 -0.426350
v 0.454045 0.510330 -0.420652
v 0.486954 0.603375 -0.420019
v 0.478885 0.599249 -0.427961
v 0.478965 0.612237 -0.421707
v 0.484565 0.600275 -0.425297
v 0.483543 0.605786 -0.424982
v 0.478915 0.606541 -0.426490
v 0.484621 0.609458 -0.420875
v 0.451955 0.603468 -0.419764
v 0.459966 0.612287 -0.421568
v 0.459886 0.599299 -0.427822
v 0.454308 0.609539 -0.420654
v 0.455307 0.605861 -0.424776
v 0.459916 0.606591 -0.426352
v 0.454252 0.600355 -0.425077
v 0.487595 0.657653 -0.351960
v 0.479545 0.661343 -0.360132
v 0.479655 0.664551 -0.346078
v 0.485216 0.659862 -0.357673
v 0.484219 0.663059 -0.353167
v 0.479602 0.664740 -0.353514
v 0.485294 0.662130 -0.347736
v 0.452596 0.657746 -0.351705
v 0.460656 0.664601 -0.345940
v 0.460545 0.661393 -0.359993
v 0.454981 0.662211 -0.347515
v 0.455982 0.663134 -0.352961
v 0.460602 0.664790 -0.353376
v 0.454903 0.659943 -0.357452
v 0.488162 0.638281 -0.267089
v 0.480169 0.647025 -0.269294
v 0.480227 0.638037 -0.258024
v 0.485821 0.644142 -0.268923
v 0.484817 0.642618 -0.263613
v 0.480210 0.643969 -0.262513
v 0.485862 0.637786 -0.260954
v 0.453163 0.638374 -0.266834
v 0.461228 0.638087 -0.257886
v 0.461169 0.647075 -0.269156
v 0.455549 0.637866 -0.260733
v 0.456581 0.642693 -0.263408
v 0.461211 0.644019 -0.262374
v 0.455508 0.644222 -0.268702
v 0.455633 0.557066 0.007024
v 0.447430 0.564343 0.012021
v 0.447306 0.549928 0.012015
v 0.453162 0.562183 0.010326
v 0.451974 0.557096 0.012381
v 0.447274 0.557136 0.013855
v 0.453074 0.551990 0.010321
v -0.463140 0.565038 -0.039805
v -0.455489 0.557761 -0.034000
v -0.455364 0.572176 -0.033993
v -0.461019 0.559921 -0.036269
v -0.460045 0.565008 -0.034104
v -0.455520 0.564968 -0.032160
v -0.460930 0.570114 -0.036265
v 0.456825 0.481919 -0.029152
v 0.448379 0.482254 -0.020564
v 0.448875 0.473266 -0.031824
v 0.454177 0.482441 -0.023161
v 0.453235 0.477620 -0.025879
v 0.448556 0.476322 -0.025049
v 0.454528 0.476086 -0.031122
v -0.461948 0.489890 -0.075982
v -0.453919 0.481099 -0.077839
v -0.454415 0.490087 -0.066579
v -0.459565 0.484016 -0.077713
v -0.458785 0.485533 -0.072364
v -0.454238 0.484155 -0.071064
v -0.459915 0.490372 -0.069751
v 0.460803 0.463359 -0.110374
v 0.452458 0.456552 -0.104969
v 0.453201 0.459760 -0.119003
v 0.458210 0.458908 -0.106294
v 0.457443 0.457992 -0.111779
v 0.452835 0.456363 -0.112395
v 0.458736 0.461177 -0.116218
v -0.457970 0.471330 -0.157204
v -0.449593 0.467593 -0.165018
v -0.450336 0.464385 -0.150983
v -0.455357 0.469107 -0.162808
v -0.454577 0.465904 -0.158264
v -0.449959 0.464196 -0.158410
v -0.455882 0.466839 -0.152885
v 0.464573 0.515363 -0.175480
v 0.456596 0.506592 -0.177634
v 0.457027 0.519579 -0.183875
v 0.462225 0.509306 -0.176473
v 0.461429 0.512990 -0.180634
v 0.456889 0.512288 -0.182409
v 0.462529 0.518490 -0.180886
v -0.454200 0.523334 -0.222309
v -0.445768 0.527412 -0.229890
v -0.446198 0.514425 -0.223649
v -0.451564 0.526420 -0.227477
v -0.450590 0.520903 -0.227119
v -0.445906 0.520120 -0.228424
v -0.451868 0.517237 -0.223064
v 0.465295 0.598770 -0.175443
v 0.457677 0.594692 -0.183842
v 0.457471 0.607680 -0.177589
v 0.463197 0.595684 -0.180852
v 0.462193 0.601201 -0.180595
v 0.457665 0.601984 -0.182370
v 0.463052 0.604867 -0.176431
v -0.453478 0.606741 -0.222272
v -0.445324 0.615512 -0.223604
v -0.445118 0.602525 -0.229856
v -0.451041 0.612798 -0.223022
v -0.449827 0.609114 -0.227080
v -0.445129 0.609816 -0.228385
v -0.450896 0.603614 -0.227443
v 0.462425 0.650774 -0.110292
v 0.454887 0.654512 -0.118917
v 0.454199 0.657719 -0.104880
v 0.460396 0.652997 -0.116133
v 0.459158 0.656200 -0.111692
v 0.454579 0.657908 -0.112306
v 0.459910 0.655265 -0.106207
v -0.456348 0.658745 -0.157121
v -0.448595 0.665552 -0.150895
v -0.447908 0.662344 -0.164932
v -0.454183 0.663196 -0.152798
v -0.452862 0.664112 -0.158177
v -0.448215 0.665741 -0.158321
v -0.453697 0.660928 -0.162724
v 0.458125 0.632214 -0.029086
v 0.450327 0.641005 -0.031750
v 0.449675 0.632017 -0.020498
v 0.455930 0.638088 -0.031051
v 0.454610 0.636571 -0.025809
v 0.449955 0.637949 -0.024978
v 0.455469 0.631733 -0.023095
v -0.460648 0.640185 -0.075915
v -0.453119 0.639850 -0.066513
v -0.452468 0.648838 -0.077765
v -0.458624 0.639663 -0.069685
v -0.457409 0.644484 -0.072294
v -0.452839 0.645782 -0.070993
v -0.458163 0.646019 -0.077642
v 0.486868 0.560516 -0.009547
v 0.478877 0.567723 -0.004124
v 0.478879 0.553308 -0.004125
v 0.484531 0.565613 -0.006120
v 0.483497 0.560516 -0.004005
v 0.478881 0.560516 -0.002286
v 0.484532 0.555419 -0.006120
v 0.451868 0.560513 -0.009484
v 0.459879 0.553306 -0.004090
v 0.459877 0.567721 -0.004090
v 0.454218 0.555417 -0.006065
v 0.455260 0.560513 -0.003954
v 0.459881 0.560514 -0.002251
v 0.454217 0.565610 -0.006065
v 0.486807 0.482082 -0.047319
v 0.478823 0.482347 -0.038297
v 0.478804 0.473359 -0.049568
v 0.484475 0.482584 -0.041196
v 0.483433 0.477754 -0.043861
v 0.478816 0.476416 -0.042786
v 0.484461 0.476228 -0.049165
v 0.451807 0.482079 -0.047255
v 0.459804 0.473358 -0.049533
v 0.459823 0.482345 -0.038263
v 0.454148 0.476225 -0.049110
v 0.455195 0.477751 -0.043810
v 0.459816 0.476414 -0.042751
v 0.454161 0.482581 -0.041141
v 0.486655 0.462711 -0.132191
v 0.478666 0.455834 -0.126353
v 0.478640 0.459041 -0.140407
v 0.484320 0.458239 -0.127980
v 0.483272 0.457314 -0.133417
v 0.478652 0.455645 -0.133789
v 0.484301 0.460508 -0.137918
v 0.451655 0.462708 -0.132128
v 0.459640 0.459040 -0.140373
v 0.459666 0.455832 -0.126319
v 0.453988 0.460505 -0.137862
v 0.455034 0.457311 -0.133366
v 0.459653 0.455643 -0.133755
v 0.454006 0.458236 -0.127925
v 0.486526 0.516989 -0.200253
v 0.478523 0.508148 -0.201984
v 0.478511 0.521135 -0.208239
v 0.484182 0.510911 -0.201122
v 0.483136 0.514587 -0.205235
v 0.478514 0.513844 -0.206768
v 0.484173 0.520095 -0.205545
v 0.451526 0.516985 -0.200190
v 0.459511 0.521134 -0.208204
v 0.459523 0.508146 -0.201950
v 0.453859 0.520092 -0.205489
v 0.454898 0.514584 -0.205184
v 0.459514 0.513842 -0.206734
v 0.453868 0.510909 -0.201067
v 0.486517 0.604044 -0.200253
v 0.478503 0.599896 -0.208239
v 0.478513 0.612884 -0.201984
v 0.484165 0.600937 -0.205545
v 0.483127 0.606445 -0.205235
v 0.478505 0.607188 -0.206768
v 0.484172 0.610121 -0.201122
v 0.451517 0.604041 -0.200190
v 0.459513 0.612882 -0.201950
v 0.459503 0.599894 -0.208204
v 0.453858 0.610118 -0.201067
v 0.454889 0.606443 -0.205184
v 0.459505 0.607186 -0.206734
v 0.453851 0.600934 -0.205489
v 0.486636 0.658322 -0.132191
v 0.478620 0.661990 -0.140407
v 0.478646 0.665198 -0.126353
v 0.484282 0.660525 -0.137918
v 0.483252 0.663719 -0.133417
v 0.478632 0.665387 -0.133789
v 0.484300 0.662793 -0.127980
v 0.451636 0.658318 -0.132128
v 0.459646 0.665196 -0.126319
v 0.459620 0.661988 -0.140373
v 0.453986 0.662790 -0.127925
v 0.455014 0.663716 -0.133366
v 0.459632 0.665385 -0.133755
v 0.453968 0.660522 -0.137862
v 0.486792 0.638950 -0.047319
v 0.478787 0.647672 -0.049568
v 0.478808 0.638684 -0.038297
v 0.484445 0.644804 -0.049165
v 0.483417 0.643278 -0.043861
v 0.478800 0.644616 -0.042786
v 0.484460 0.638448 -0.041196
v 0.451792 0.638947 -0.047255
v 0.459808 0.638682 -0.038263
v 0.459787 0.647670 -0.049533
v 0.454146 0.638446 -0.041141
v 0.455179 0.643275 -0.043810
v 0.459800 0.644614 -0.042751
v 0.454131 0.644801 -0.049110
v 0.464475 0.563402 0.195156
v 0.456567 0.570562 0.200761
v 0.456653 0.556147 0.200759
v 0.462186 0.568485 0.198637
v 0.461231 0.563382 0.200774
v 0.456656 0.563354 0.202598
v 0.462247 0.558292 0.198635
v -0.455230 0.557908 0.217804
v -0.447057 0.550748 0.223012
v -0.447143 0.565163 0.223014
v -0.452773 0.552825 0.221167
v -0.451714 0.557928 0.223255
v -0.447054 0.557956 0.224852
v -0.452834 0.563019 0.221169
v 0.464032 0.488253 0.158966
v 0.456255 0.488471 0.168167
v 0.456031 0.479483 0.156899
v 0.461838 0.488741 0.165141
v 0.460763 0.483905 0.162499
v 0.456180 0.482539 0.163679
v 0.461679 0.482385 0.157173
v -0.455672 0.482759 0.181613
v -0.447679 0.474085 0.179153
v -0.447455 0.483073 0.190421
v -0.453341 0.476919 0.179705
v -0.452182 0.478451 0.184980
v -0.447530 0.477141 0.185933
v -0.453182 0.483275 0.187673
v 0.462141 0.469693 0.077669
v 0.454328 0.462769 0.083686
v 0.453963 0.465977 0.069637
v 0.459929 0.465208 0.081932
v 0.458763 0.464276 0.076520
v 0.454146 0.462580 0.076252
v 0.459671 0.467476 0.071997
v -0.457563 0.464199 0.100316
v -0.449747 0.460578 0.091891
v -0.449382 0.457370 0.105940
v -0.455349 0.462010 0.094529
v -0.454181 0.458822 0.099001
v -0.449564 0.457181 0.098506
v -0.455091 0.459742 0.104464
v 0.460226 0.521698 0.012483
v 0.452238 0.512810 0.010934
v 0.452006 0.525797 0.004683
v 0.457898 0.515607 0.011668
v 0.456737 0.519276 0.007580
v 0.452086 0.518505 0.006152
v 0.457734 0.524790 0.007248
v -0.459479 0.516204 0.035131
v -0.451704 0.520399 0.026937
v -0.451472 0.507411 0.033188
v -0.457286 0.519324 0.029780
v -0.456208 0.513822 0.030061
v -0.451624 0.513107 0.028406
v -0.457122 0.510141 0.034200
v 0.459728 0.605106 0.012495
v 0.451558 0.600911 0.004694
v 0.451634 0.613899 0.010949
v 0.457273 0.601986 0.007259
v 0.456210 0.607488 0.007593
v 0.451551 0.608203 0.006165
v 0.457327 0.611170 0.011682
v -0.459977 0.599612 0.035143
v -0.452076 0.608501 0.033202
v -0.452152 0.595513 0.026948
v -0.457693 0.605703 0.034214
v -0.456734 0.602035 0.030074
v -0.452159 0.602805 0.028419
v -0.457747 0.596520 0.029791
v 0.461022 0.657111 0.077696
v 0.452801 0.660732 0.069666
v 0.453127 0.663940 0.083716
v 0.458526 0.659300 0.072025
v 0.457580 0.662488 0.076549
v 0.452943 0.664129 0.076282
v 0.458757 0.661568 0.081960
v -0.458682 0.651617 0.100344
v -0.450583 0.658541 0.105969
v -0.450909 0.655334 0.091919
v -0.456263 0.656102 0.104492
v -0.455365 0.657034 0.099030
v -0.450767 0.658730 0.098536
v -0.456494 0.653834 0.094557
v 0.463135 0.638551 0.158988
v 0.455030 0.647225 0.156924
v 0.455361 0.638237 0.168189
v 0.460712 0.644391 0.157197
v 0.459814 0.642859 0.162522
v 0.455215 0.644169 0.163703
v 0.460946 0.638035 0.165163
v -0.456570 0.633057 0.181635
v -0.448349 0.632839 0.190443
v -0.448680 0.641827 0.179177
v -0.454074 0.632569 0.187695
v -0.453131 0.637405 0.185003
v -0.448495 0.638771 0.185956
v -0.454308 0.638925 0.179729
v 0.487690 0.560398 0.209793
v 0.479706 0.567628 0.215195
v 0.479665 0.553212 0.215195
v 0.485359 0.565501 0.213214
v 0.484304 0.560407 0.215326
v 0.479684 0.560420 0.217034
v 0.485330 0.555308 0.213214
v 0.452690 0.560497 0.209764
v 0.460665 0.553266 0.215179
v 0.460706 0.567682 0.215179
v 0.455016 0.555393 0.213189
v 0.456067 0.560487 0.215303
v 0.460684 0.560474 0.217018
v 0.455045 0.565586 0.213189
v 0.487500 0.481964 0.172021
v 0.479493 0.482252 0.181022
v 0.479477 0.473264 0.169751
v 0.485153 0.482472 0.178138
v 0.484104 0.477645 0.175470
v 0.479480 0.476321 0.176533
v 0.485142 0.476117 0.170169
v 0.452500 0.482063 0.171992
v 0.460477 0.473318 0.169735
v 0.460493 0.482306 0.181006
v 0.454828 0.476202 0.170144
v 0.455866 0.477725 0.175446
v 0.460480 0.476374 0.176517
v 0.454839 0.482558 0.178113
v 0.487516 0.462592 0.087149
v 0.479492 0.455739 0.092966
v 0.479513 0.458946 0.078912
v 0.485157 0.458128 0.091354
v 0.484121 0.457205 0.085914
v 0.479498 0.455550 0.085530
v 0.485172 0.460396 0.081416
v 0.452516 0.462691 0.087120
v 0.460513 0.459000 0.078896
v 0.460492 0.455792 0.092950
v 0.454858 0.460482 0.081391
v 0.455883 0.457285 0.085891
v 0.460498 0.455603 0.085514
v 0.454843 0.458214 0.091329
v 0.487727 0.516870 0.019087
v 0.479703 0.508052 0.017335
v 0.479745 0.521040 0.011080
v 0.485367 0.510800 0.018212
v 0.484343 0.514478 0.014096
v 0.479723 0.513748 0.012551
v 0.485397 0.519983 0.013789
v 0.452727 0.516969 0.019057
v 0.460745 0.521094 0.011064
v 0.460703 0.508106 0.017319
v 0.455083 0.520069 0.013764
v 0.456105 0.514558 0.014073
v 0.460723 0.513802 0.012535
v 0.455054 0.510885 0.018187
v 0.487973 0.603925 0.019087
v 0.479968 0.599800 0.011080
v 0.480000 0.612788 0.017335
v 0.485626 0.600825 0.013790
v 0.484603 0.606336 0.014097
v 0.479987 0.607092 0.012551
v 0.485648 0.610009 0.018212
v 0.452973 0.604024 0.019058
v 0.461000 0.612842 0.017319
v 0.460968 0.599854 0.011064
v 0.455334 0.610094 0.018187
v 0.456365 0.606416 0.014073
v 0.460988 0.607146 0.012535
v 0.455312 0.600911 0.013764
v 0.488070 0.658203 0.087149
v 0.480087 0.661894 0.078912
v 0.480084 0.665102 0.092966
v 0.485738 0.660412 0.081417
v 0.484705 0.663609 0.085915
v 0.480091 0.665291 0.085530
v 0.485736 0.662680 0.091355
v 0.453070 0.658302 0.087120
v 0.461084 0.665155 0.092950
v 0.461087 0.661948 0.078896
v 0.455422 0.662766 0.091329
v 0.456467 0.663689 0.085891
v 0.461091 0.665344 0.085514
v 0.455424 0.660498 0.081392
v 0.487944 0.638831 0.172022
v 0.479970 0.647576 0.169752
v 0.479935 0.638588 0.181022
v 0.485619 0.644692 0.170169
v 0.484572 0.643169 0.175470
v 0.479956 0.644520 0.176534
v 0.485594 0.638336 0.178139
v 0.452944 0.638930 0.171992
v 0.460936 0.638642 0.181006
v 0.460970 0.647630 0.169736
v 0.455280 0.638422 0.178113
v 0.456334 0.643249 0.175447
v 0.460956 0.644573 0.176518
v 0.455305 0.644777 0.170144
v 0.464494 0.556504 0.408770
v 0.456763 0.563775 0.414476
v 0.456648 0.549360 0.414481
v 0.462324 0.561619 0.412278
v 0.461326 0.556531 0.414431
v 0.456776 0.556567 0.416316
v 0.462242 0.551426 0.412281
v -0.454812 0.563836 0.443723
v -0.446670 0.556565 0.448826
v -0.446555 0.570980 0.448822
v -0.452381 0.558721 0.447056
v -0.451223 0.563810 0.449127
v -0.446543 0.563773 0.450661
v -0.452300 0.568914 0.447053
v 0.462521 0.481356 0.372629
v 0.454871 0.481685 0.381933
v 0.454371 0.472698 0.370674
v 0.460416 0.481876 0.378832
v 0.459239 0.477055 0.376208
v 0.454653 0.475754 0.377450
v 0.460062 0.475521 0.370870
v -0.456786 0.488689 0.407582
v -0.448947 0.479903 0.405019
v -0.448448 0.488890 0.416279
v -0.454561 0.482816 0.405645
v -0.453311 0.484334 0.410904
v -0.448665 0.482959 0.411795
v -0.454208 0.489171 0.413607
v 0.459283 0.462796 0.291374
v 0.451456 0.455983 0.297499
v 0.450947 0.459191 0.283454
v 0.457066 0.458343 0.295669
v 0.455815 0.457426 0.290273
v 0.451172 0.455794 0.290069
v 0.456707 0.460612 0.285737
v -0.460023 0.470129 0.326327
v -0.452371 0.466396 0.317800
v -0.451863 0.463189 0.331845
v -0.457917 0.467907 0.320512
v -0.456734 0.464705 0.324969
v -0.452147 0.463000 0.324414
v -0.457558 0.465639 0.330444
v 0.457220 0.514800 0.226192
v 0.449089 0.506023 0.224755
v 0.448955 0.519011 0.218501
v 0.454797 0.508741 0.225411
v 0.453633 0.512425 0.221338
v 0.448953 0.511719 0.219973
v 0.454702 0.517925 0.220989
v -0.462087 0.522133 0.261146
v -0.454364 0.526216 0.252846
v -0.454230 0.513229 0.259100
v -0.459922 0.525221 0.255764
v -0.458917 0.519704 0.256034
v -0.454366 0.518924 0.254318
v -0.459827 0.516037 0.260186
v 0.457884 0.598207 0.226167
v 0.449553 0.594124 0.218478
v 0.449894 0.607111 0.224724
v 0.455317 0.595120 0.220966
v 0.454335 0.600636 0.221311
v 0.449667 0.601416 0.219945
v 0.455558 0.604303 0.225382
v -0.461422 0.605540 0.261120
v -0.453424 0.614317 0.259070
v -0.453765 0.601329 0.252823
v -0.459066 0.611598 0.260157
v -0.458214 0.607915 0.256007
v -0.453652 0.608621 0.254290
v -0.459307 0.602415 0.255741
v 0.460776 0.650211 0.291317
v 0.452499 0.653944 0.283395
v 0.453058 0.657151 0.297438
v 0.458235 0.652433 0.285679
v 0.457394 0.655635 0.290213
v 0.452777 0.657340 0.290008
v 0.458630 0.654701 0.295609
v -0.458531 0.657544 0.326270
v -0.450261 0.664357 0.331784
v -0.450820 0.661149 0.317741
v -0.455994 0.661997 0.330384
v -0.455156 0.662914 0.324909
v -0.450542 0.664546 0.324353
v -0.456389 0.659729 0.320454
v 0.463718 0.631651 0.372583
v 0.455707 0.640437 0.370623
v 0.456064 0.631450 0.381888
v 0.461353 0.637524 0.370821
v 0.460505 0.636006 0.376159
v 0.455941 0.637381 0.377401
v 0.461605 0.631169 0.378787
v -0.455589 0.638984 0.407536
v -0.447255 0.638655 0.416233
v -0.447611 0.647642 0.404968
v -0.453019 0.638464 0.413562
v -0.452045 0.643285 0.410856
v -0.447378 0.644586 0.411746
v -0.453271 0.644819 0.405596
v 0.487616 0.559214 0.429622
v 0.479563 0.566404 0.434975
v 0.479594 0.551989 0.434976
v 0.485238 0.564305 0.433029
v 0.484197 0.559206 0.435135
v 0.479566 0.559197 0.436814
v 0.485260 0.554112 0.433029
v 0.452616 0.559139 0.429383
v 0.460595 0.551948 0.434846
v 0.460564 0.566364 0.434845
v 0.454947 0.554047 0.432822
v 0.455960 0.559146 0.434941
v 0.460567 0.559156 0.436684
v 0.454925 0.564240 0.432821
v 0.488042 0.480780 0.391852
v 0.479980 0.481029 0.400805
v 0.480076 0.472041 0.389535
v 0.485656 0.481277 0.397955
v 0.484647 0.476445 0.395281
v 0.480024 0.475097 0.396316
v 0.485724 0.474921 0.389986
v 0.453043 0.480705 0.391613
v 0.461077 0.472000 0.389405
v 0.460981 0.480988 0.400675
v 0.455411 0.474856 0.389779
v 0.456410 0.476384 0.395088
v 0.461024 0.475056 0.396186
v 0.455343 0.481212 0.397748
v 0.488664 0.461409 0.306982
v 0.480640 0.454515 0.312751
v 0.480729 0.457723 0.298697
v 0.486302 0.456932 0.311173
v 0.485303 0.456004 0.305727
v 0.480691 0.454326 0.305315
v 0.486365 0.459200 0.301236
v 0.453665 0.461334 0.306743
v 0.461729 0.457682 0.298567
v 0.461640 0.454474 0.312621
v 0.456052 0.459136 0.301028
v 0.457066 0.455944 0.305534
v 0.461691 0.454285 0.305185
v 0.455989 0.456867 0.310966
v 0.489014 0.515686 0.238921
v 0.481045 0.506829 0.237121
v 0.481060 0.519817 0.230866
v 0.486690 0.509604 0.238032
v 0.485672 0.513277 0.233910
v 0.481066 0.512525 0.232337
v 0.486701 0.518788 0.233609
v 0.454015 0.515611 0.238681
v 0.462061 0.519776 0.230736
v 0.462046 0.506788 0.236991
v 0.456388 0.518723 0.233402
v 0.457435 0.513217 0.233717
v 0.462066 0.512484 0.232207
v 0.456377 0.509539 0.237825
v 0.488828 0.602741 0.238920
v 0.480891 0.598577 0.230865
v 0.480821 0.611565 0.237119
v 0.486527 0.599629 0.233608
v 0.485476 0.605136 0.233909
v 0.480866 0.605868 0.232335
v 0.486478 0.608813 0.238031
v 0.453829 0.602666 0.238680
v 0.461821 0.611524 0.236989
v 0.461892 0.598536 0.230735
v 0.456165 0.608748 0.237823
v 0.457239 0.605075 0.233715
v 0.461866 0.605828 0.232205
v 0.456215 0.599564 0.233401
v 0.488246 0.657019 0.306979
v 0.480294 0.660671 0.298694
v 0.480191 0.663878 0.312748
v 0.485937 0.659217 0.301233
v 0.484861 0.662409 0.305724
v 0.480242 0.664067 0.305312
v 0.485864 0.661485 0.311170
v 0.453246 0.656944 0.306740
v 0.461192 0.663838 0.312618
v 0.461295 0.660630 0.298564
v 0.455551 0.661420 0.310963
v 0.456624 0.662348 0.305531
v 0.461242 0.664027 0.305182
v 0.455624 0.659152 0.301025
v 0.487706 0.637647 0.391850
v 0.479703 0.646353 0.389532
v 0.479645 0.637365 0.400802
v 0.485363 0.643496 0.389984
v 0.484292 0.641968 0.395278
v 0.479663 0.643296 0.396314
v 0.485322 0.637141 0.397953
v 0.452707 0.637572 0.391611
v 0.460646 0.637324 0.400672
v 0.460704 0.646312 0.389402
v 0.455009 0.637076 0.397745
v 0.456055 0.641908 0.395085
v 0.460664 0.643256 0.396184
v 0.455050 0.643431 0.389776
v 0.326423 0.872465 0.462126
v 0.333699 0.877880 0.454193
v 0.319284 0.877880 0.454069
v 0.331539 0.875890 0.459830
v 0.326452 0.878004 0.458750
v 0.326491 0.879719 0.454133
v 0.321346 0.875890 0.459742
v 0.334332 0.873274 -0.457840
v 0.327056 0.878676 -0.449897
v 0.341471 0.878676 -0.449773
v 0.329215 0.876695 -0.455538
v 0.334303 0.878807 -0.454454
v 0.334263 0.880515 -0.449834
v 0.339408 0.876695 -0.455450
v 0.251275 0.836275 0.461448
v 0.251610 0.845289 0.453459
v 0.242622 0.834018 0.453371
v 0.251797 0.842396 0.459115
v 0.246976 0.839729 0.458033
v 0.245678 0.840800 0.453404
v 0.245442 0.834426 0.459053
v 0.259185 0.837084 -0.458518
v 0.250394 0.834814 -0.450595
v 0.259382 0.846084 -0.450508
v 0.253311 0.835231 -0.456227
v 0.254828 0.840533 -0.455171
v 0.253450 0.841596 -0.450563
v 0.259666 0.843201 -0.456165
v 0.232716 0.754956 0.461217
v 0.225909 0.760786 0.453163
v 0.229116 0.746732 0.453178
v 0.228265 0.759165 0.458839
v 0.227348 0.753727 0.457788
v 0.225720 0.753350 0.453155
v 0.230533 0.749227 0.458850
v 0.240626 0.755765 -0.458749
v 0.236888 0.747527 -0.450788
v 0.233681 0.761581 -0.450803
v 0.238403 0.750032 -0.456430
v 0.235200 0.754530 -0.455415
v 0.233492 0.754145 -0.450811
v 0.236134 0.759970 -0.456441
v 0.284720 0.689743 0.461607
v 0.275949 0.688004 0.453529
v 0.288936 0.681750 0.453636
v 0.278664 0.688872 0.459211
v 0.282348 0.684758 0.458201
v 0.281645 0.683220 0.453574
v 0.287847 0.684449 0.459286
v 0.292630 0.690552 -0.458359
v 0.296708 0.682545 -0.450331
v 0.283721 0.688800 -0.450437
v 0.295716 0.685255 -0.455994
v 0.290199 0.685561 -0.455003
v 0.289417 0.684015 -0.450392
v 0.286533 0.689677 -0.456069
v 0.368128 0.689743 0.462324
v 0.364049 0.681750 0.454281
v 0.377037 0.688004 0.454399
v 0.365041 0.684449 0.459949
v 0.370559 0.684758 0.458959
v 0.371341 0.683220 0.454345
v 0.374225 0.688872 0.460032
v 0.376037 0.690552 -0.457642
v 0.384809 0.688800 -0.449568
v 0.371821 0.682545 -0.449685
v 0.382094 0.689677 -0.455247
v 0.378410 0.685561 -0.454245
v 0.379113 0.684016 -0.449621
v 0.372910 0.685255 -0.455330
v 0.420131 0.754956 0.462828
v 0.423868 0.746732 0.454853
v 0.427076 0.760786 0.454893
v 0.422354 0.749227 0.460499
v 0.425557 0.753727 0.459492
v 0.427265 0.753350 0.454888
v 0.424622 0.759165 0.460527
v 0.428040 0.755765 -0.457137
v 0.434848 0.761581 -0.449074
v 0.431640 0.747527 -0.449113
v 0.432491 0.759970 -0.454752
v 0.433408 0.754530 -0.453711
v 0.435037 0.754145 -0.449078
v 0.430223 0.750032 -0.454781
v 0.401570 0.836275 0.462740
v 0.410361 0.834018 0.454814
v 0.401373 0.845289 0.454746
v 0.407444 0.834426 0.460446
v 0.405927 0.839729 0.459399
v 0.407305 0.840800 0.454793
v 0.401089 0.842396 0.460398
v 0.409480 0.837084 -0.457226
v 0.409145 0.846084 -0.449220
v 0.418133 0.834814 -0.449153
v 0.408958 0.843201 -0.454881
v 0.413779 0.840533 -0.453804
v 0.415077 0.841596 -0.449173
v 0.415313 0.835231 -0.454834
v 0.329148 0.875017 -0.452072
v 0.336349 0.880408 -0.460090
v 0.321933 0.880408 -0.460077
v 0.334243 0.878435 -0.454427
v 0.329145 0.880545 -0.455465
v 0.329141 0.882247 -0.460087
v 0.324049 0.878435 -0.454418
v 0.329117 0.874942 -0.487072
v 0.321916 0.880368 -0.479077
v 0.336332 0.880368 -0.479090
v 0.324022 0.878370 -0.484731
v 0.329120 0.880485 -0.483702
v 0.329124 0.882207 -0.479087
v 0.334216 0.878370 -0.484740
v 0.250714 0.837245 -0.451922
v 0.250973 0.846235 -0.459941
v 0.241985 0.834965 -0.459909
v 0.251214 0.843359 -0.454279
v 0.246383 0.840689 -0.455307
v 0.245041 0.841747 -0.459927
v 0.244858 0.835389 -0.454256
v 0.250683 0.837171 -0.486922
v 0.241968 0.834924 -0.478909
v 0.250956 0.846195 -0.478941
v 0.244831 0.835325 -0.484570
v 0.246358 0.840629 -0.483544
v 0.245024 0.841706 -0.478927
v 0.251187 0.843295 -0.484592
v 0.231343 0.752373 -0.451725
v 0.224459 0.758179 -0.459731
v 0.227667 0.744125 -0.459704
v 0.226869 0.756575 -0.454073
v 0.225943 0.751134 -0.455098
v 0.224270 0.750743 -0.459715
v 0.229138 0.746637 -0.454054
v 0.231312 0.752298 -0.486725
v 0.227650 0.744085 -0.478704
v 0.224442 0.758139 -0.478731
v 0.229111 0.746573 -0.484367
v 0.225918 0.751074 -0.483336
v 0.224253 0.750703 -0.478715
v 0.226843 0.756511 -0.484386
v 0.285621 0.684311 -0.451628
v 0.276773 0.682548 -0.459617
v 0.289761 0.676294 -0.459615
v 0.279542 0.683433 -0.453964
v 0.283216 0.679316 -0.454997
v 0.282469 0.677764 -0.459612
v 0.288726 0.679010 -0.453963
v 0.285590 0.684236 -0.486628
v 0.289744 0.676253 -0.478615
v 0.276756 0.682508 -0.478617
v 0.288699 0.678946 -0.484277
v 0.283191 0.679256 -0.483234
v 0.282452 0.677724 -0.478612
v 0.279515 0.683369 -0.484278
v 0.372676 0.684311 -0.451706
v 0.368521 0.676294 -0.459685
v 0.381509 0.682548 -0.459710
v 0.369567 0.679010 -0.454035
v 0.375075 0.679316 -0.455078
v 0.375813 0.677764 -0.459694
v 0.378751 0.683433 -0.454052
v 0.372645 0.684236 -0.486705
v 0.381492 0.682508 -0.478710
v 0.368504 0.676253 -0.478685
v 0.378724 0.683369 -0.484366
v 0.375050 0.679256 -0.483316
v 0.375796 0.677724 -0.478694
v 0.369540 0.678946 -0.484348
v 0.426954 0.752373 -0.451898
v 0.430615 0.744125 -0.459884
v 0.433823 0.758179 -0.459917
v 0.429155 0.746637 -0.454231
v 0.432348 0.751134 -0.455282
v 0.434012 0.750743 -0.459901
v 0.431423 0.756575 -0.454254
v 0.426923 0.752298 -0.486898
v 0.433806 0.758139 -0.478917
v 0.430598 0.744085 -0.478884
v 0.431396 0.756511 -0.484568
v 0.432323 0.751074 -0.483519
v 0.433995 0.750703 -0.478901
v 0.429128 0.746573 -0.484545
v 0.407582 0.837245 -0.452061
v 0.416297 0.834965 -0.460064
v 0.407309 0.846235 -0.460080
v 0.413434 0.835390 -0.454406
v 0.411907 0.840689 -0.455454
v 0.413241 0.841747 -0.460076
v 0.407078 0.843359 -0.454417
v 0.407551 0.837171 -0.487061
v 0.407292 0.846195 -0.479080
v 0.416280 0.834924 -0.479064
v 0.407051 0.843295 -0.484731
v 0.411882 0.840629 -0.483691
v 0.413224 0.841706 -0.479076
v 0.413407 0.835325 -0.484719
v 0.125349 0.867297 0.460355
v 0.132250 0.872743 0.452114
v 0.117845 0.872743 0.452659
v 0.130354 0.870731 0.457837
v 0.125222 0.872849 0.457002
v 0.125048 0.874582 0.452395
v 0.120168 0.870731 0.458223
v 0.090587 0.871582 -0.458978
v 0.083688 0.876953 -0.450686
v 0.098093 0.876953 -0.451231
v 0.085583 0.874994 -0.456428
v 0.090716 0.877102 -0.455573
v 0.090891 0.878792 -0.450950
v 0.095769 0.874994 -0.456813
v 0.050246 0.831107 0.463026
v 0.050210 0.840152 0.455064
v 0.041227 0.828881 0.455351
v 0.050659 0.837237 0.460695
v 0.045793 0.834575 0.459827
v 0.044282 0.835663 0.455267
v 0.044307 0.829268 0.460898
v 0.015484 0.835392 -0.456307
v 0.007070 0.833091 -0.447993
v 0.016054 0.844362 -0.448281
v 0.009723 0.833531 -0.453753
v 0.011288 0.838828 -0.452748
v 0.010125 0.839873 -0.448077
v 0.016075 0.841500 -0.453956
v 0.031684 0.749789 0.463349
v 0.024511 0.755650 0.455642
v 0.027714 0.741596 0.455456
v 0.027128 0.754007 0.461197
v 0.026163 0.748573 0.460169
v 0.024321 0.748214 0.455615
v 0.029393 0.744070 0.461064
v -0.003077 0.754074 -0.455984
v -0.006443 0.745806 -0.447889
v -0.009646 0.759860 -0.447703
v -0.005191 0.748332 -0.453586
v -0.008343 0.752826 -0.452407
v -0.009836 0.752424 -0.447730
v -0.007456 0.758270 -0.453454
v 0.083641 0.684577 0.461081
v 0.074504 0.682869 0.453413
v 0.087482 0.676614 0.452893
v 0.077479 0.683715 0.458965
v 0.081112 0.679605 0.457770
v 0.080195 0.678085 0.453175
v 0.086656 0.679293 0.458597
v 0.048880 0.688862 -0.458252
v 0.053325 0.680824 -0.450452
v 0.040347 0.687079 -0.449932
v 0.052072 0.683555 -0.456053
v 0.046606 0.683858 -0.454806
v 0.046039 0.682295 -0.450170
v 0.042895 0.687978 -0.455685
v 0.166992 0.684577 0.457929
v 0.162544 0.676614 0.450055
v 0.175523 0.682869 0.449593
v 0.163798 0.679293 0.455681
v 0.169263 0.679605 0.454437
v 0.169831 0.678085 0.449786
v 0.172976 0.683715 0.455354
v 0.132231 0.688862 -0.461404
v 0.141367 0.687079 -0.453752
v 0.128387 0.680825 -0.453290
v 0.138392 0.687978 -0.459296
v 0.134758 0.683858 -0.458139
v 0.135674 0.682295 -0.453559
v 0.129214 0.683555 -0.458970
v 0.218972 0.749789 0.456268
v 0.222334 0.741596 0.448097
v 0.225542 0.755650 0.448041
v 0.221084 0.744070 0.453816
v 0.224237 0.748573 0.452679
v 0.225730 0.748214 0.447999
v 0.223352 0.754007 0.453777
v 0.184210 0.754074 -0.463065
v 0.191385 0.759860 -0.455304
v 0.188177 0.745806 -0.455248
v 0.188768 0.758270 -0.460873
v 0.189731 0.752826 -0.459896
v 0.191573 0.752424 -0.455346
v 0.186499 0.748332 -0.460834
v 0.200439 0.831107 0.457347
v 0.208852 0.828881 0.449013
v 0.199873 0.840152 0.449405
v 0.206200 0.829268 0.454776
v 0.204637 0.834575 0.453821
v 0.205799 0.835663 0.449160
v 0.199850 0.837237 0.455054
v 0.165677 0.835392 -0.461986
v 0.165716 0.844362 -0.453939
v 0.174695 0.833091 -0.454332
v 0.165266 0.841500 -0.459597
v 0.170131 0.838828 -0.458754
v 0.171643 0.839873 -0.454185
v 0.171615 0.833531 -0.459874
v 0.110577 0.875679 -0.452210
v 0.117853 0.881057 -0.460169
v 0.103438 0.881057 -0.460292
v 0.115694 0.879093 -0.454523
v 0.110606 0.881202 -0.455612
v 0.110646 0.882896 -0.460238
v 0.105501 0.879093 -0.454610
v 0.110876 0.875545 -0.487209
v 0.103600 0.880984 -0.479291
v 0.118015 0.880984 -0.479168
v 0.105760 0.878977 -0.484922
v 0.110847 0.881094 -0.483849
v 0.110808 0.882823 -0.479237
v 0.115953 0.878977 -0.484835
v 0.032145 0.837908 -0.452735
v 0.032479 0.846884 -0.460767
v 0.023491 0.835614 -0.460801
v 0.032667 0.844018 -0.455097
v 0.027846 0.841346 -0.456166
v 0.026548 0.842396 -0.460801
v 0.026311 0.836048 -0.455121
v 0.032444 0.837774 -0.487734
v 0.023653 0.835541 -0.479800
v 0.032641 0.846812 -0.479766
v 0.026570 0.835932 -0.485434
v 0.028087 0.841238 -0.484403
v 0.026710 0.842323 -0.479800
v 0.032926 0.843902 -0.485410
v 0.012771 0.753036 -0.452576
v 0.005964 0.758829 -0.460657
v 0.009171 0.744775 -0.460575
v 0.008320 0.757234 -0.454973
v 0.007403 0.751791 -0.455998
v 0.005774 0.751393 -0.460630
v 0.010588 0.747296 -0.454916
v 0.013070 0.752902 -0.487574
v 0.009333 0.744702 -0.479575
v 0.006126 0.758756 -0.479656
v 0.010847 0.747181 -0.485228
v 0.007644 0.751683 -0.484235
v 0.005937 0.751320 -0.479629
v 0.008579 0.757118 -0.485286
v 0.067045 0.684974 -0.451852
v 0.058273 0.683198 -0.459921
v 0.071260 0.676944 -0.459786
v 0.060988 0.684092 -0.454244
v 0.064672 0.679974 -0.455235
v 0.063969 0.678414 -0.459854
v 0.070172 0.679670 -0.454148
v 0.067344 0.684840 -0.486851
v 0.071423 0.676871 -0.478785
v 0.058435 0.683125 -0.478920
v 0.070430 0.679554 -0.484461
v 0.064913 0.679865 -0.483471
v 0.064131 0.678341 -0.478853
v 0.061247 0.683976 -0.484556
v 0.154097 0.684974 -0.451109
v 0.150018 0.676944 -0.459113
v 0.163005 0.683198 -0.459026
v 0.151010 0.679670 -0.453458
v 0.156528 0.679974 -0.454450
v 0.157309 0.678414 -0.459057
v 0.160194 0.684093 -0.453397
v 0.154396 0.684840 -0.486107
v 0.163168 0.683125 -0.478026
v 0.150180 0.676871 -0.478113
v 0.160453 0.683976 -0.483709
v 0.156769 0.679865 -0.482687
v 0.157472 0.678341 -0.478056
v 0.151269 0.679554 -0.483771
v 0.208375 0.753036 -0.450906
v 0.212112 0.744775 -0.458843
v 0.215320 0.758829 -0.458869
v 0.210598 0.747296 -0.453208
v 0.213801 0.751791 -0.454236
v 0.215509 0.751393 -0.458839
v 0.212866 0.757234 -0.453227
v 0.208674 0.752902 -0.485905
v 0.215482 0.758756 -0.477868
v 0.212274 0.744702 -0.477842
v 0.213125 0.757118 -0.483539
v 0.214042 0.751683 -0.482473
v 0.215671 0.751320 -0.477838
v 0.210857 0.747180 -0.483521
v 0.189007 0.837908 -0.451396
v 0.197797 0.835614 -0.459313
v 0.188810 0.846884 -0.459433
v 0.194881 0.836048 -0.453682
v 0.193364 0.841346 -0.454753
v 0.194741 0.842396 -0.459365
v 0.188526 0.844018 -0.453767
v 0.189306 0.837774 -0.486395
v 0.188972 0.846812 -0.478432
v 0.197959 0.835541 -0.478312
v 0.188785 0.843902 -0.484079
v 0.193605 0.841238 -0.482990
v 0.194904 0.842323 -0.478364
v 0.195139 0.835932 -0.483995
v -0.095286 0.875037 0.456399
v -0.088374 0.880365 0.448091
v -0.102780 0.880365 0.448611
v -0.090279 0.878437 0.453840
v -0.095410 0.880539 0.452965
v -0.095578 0.882204 0.448333
v -0.100466 0.878437 0.454208
v -0.128487 0.865857 -0.462956
v -0.135403 0.871344 -0.454755
v -0.120997 0.871344 -0.455275
v -0.133497 0.869303 -0.460464
v -0.128367 0.871426 -0.459632
v -0.128201 0.873183 -0.455033
v -0.123310 0.869303 -0.460832
v -0.170375 0.838849 0.459472
v -0.170401 0.847776 0.451379
v -0.179379 0.836506 0.451815
v -0.169960 0.844944 0.457052
v -0.174823 0.842266 0.456215
v -0.176327 0.843287 0.451637
v -0.176309 0.836975 0.457361
v -0.203575 0.829668 -0.459883
v -0.212002 0.827485 -0.451551
v -0.203024 0.838755 -0.451988
v -0.209340 0.827841 -0.457311
v -0.207779 0.833153 -0.456382
v -0.208950 0.834266 -0.451729
v -0.202991 0.835810 -0.457620
v -0.188894 0.757534 0.460953
v -0.196057 0.763277 0.453149
v -0.192846 0.749224 0.453173
v -0.193448 0.761717 0.458731
v -0.194409 0.756268 0.457782
v -0.196243 0.755841 0.453230
v -0.191178 0.751780 0.458748
v -0.222094 0.748353 -0.458402
v -0.225469 0.740203 -0.450193
v -0.228680 0.754256 -0.450217
v -0.224209 0.742646 -0.455924
v -0.227365 0.747155 -0.454816
v -0.228866 0.746820 -0.450136
v -0.226479 0.752583 -0.455941
v -0.136899 0.692324 0.459727
v -0.146022 0.690499 0.452069
v -0.133040 0.684245 0.451662
v -0.143056 0.691428 0.457613
v -0.139419 0.687303 0.456484
v -0.140327 0.685715 0.451911
v -0.133877 0.687005 0.457326
v -0.170099 0.683143 -0.459628
v -0.165663 0.675224 -0.451704
v -0.178644 0.681478 -0.451297
v -0.166908 0.677872 -0.457346
v -0.172376 0.678190 -0.456113
v -0.172950 0.676694 -0.451455
v -0.176087 0.682294 -0.457059
v -0.053543 0.692324 0.456717
v -0.057973 0.684245 0.448952
v -0.044996 0.690499 0.448420
v -0.056730 0.687005 0.454540
v -0.051263 0.687303 0.453301
v -0.050687 0.685715 0.448674
v -0.047554 0.691428 0.454164
v -0.086743 0.683143 -0.462638
v -0.077619 0.681478 -0.454946
v -0.090596 0.675224 -0.454415
v -0.080585 0.682294 -0.460508
v -0.084219 0.678190 -0.459297
v -0.083309 0.676694 -0.454692
v -0.089761 0.677872 -0.460132
v -0.001594 0.757534 0.454189
v 0.001786 0.749224 0.446145
v 0.004987 0.763277 0.445889
v 0.000525 0.751780 0.451825
v 0.003677 0.756268 0.450628
v 0.005178 0.755841 0.445956
v 0.002788 0.761717 0.451644
v -0.034795 0.748353 -0.465166
v -0.027636 0.754256 -0.457478
v -0.030837 0.740203 -0.457222
v -0.030243 0.752583 -0.463027
v -0.029279 0.747155 -0.461969
v -0.027445 0.746820 -0.457410
v -0.032507 0.742646 -0.462847
v -0.020172 0.838849 0.454048
v -0.011743 0.836506 0.445762
v -0.020730 0.847776 0.445974
v -0.014406 0.836975 0.451514
v -0.015970 0.842266 0.450479
v -0.014800 0.843287 0.445804
v -0.020760 0.844944 0.451664
v -0.053373 0.829668 -0.465307
v -0.053353 0.838755 -0.457393
v -0.044366 0.827485 -0.457605
v -0.053791 0.835810 -0.463008
v -0.048926 0.833153 -0.462119
v -0.047423 0.834266 -0.457562
v -0.047437 0.827841 -0.463158
v -0.110753 0.875701 -0.452195
v -0.103607 0.881086 -0.460265
v -0.118022 0.881086 -0.460154
v -0.105675 0.879117 -0.454587
v -0.110779 0.881227 -0.455592
v -0.110815 0.882925 -0.460215
v -0.115868 0.879117 -0.454508
v -0.111023 0.875600 -0.487193
v -0.118169 0.881031 -0.479154
v -0.103754 0.881031 -0.479265
v -0.116101 0.879030 -0.484821
v -0.110997 0.881146 -0.483828
v -0.110961 0.882870 -0.479215
v -0.105908 0.879030 -0.484899
v -0.189184 0.837929 -0.451481
v -0.188980 0.846913 -0.459509
v -0.197968 0.835643 -0.459407
v -0.188701 0.844042 -0.453846
v -0.193538 0.841371 -0.454839
v -0.194912 0.842425 -0.459450
v -0.195056 0.836072 -0.453774
v -0.189454 0.837828 -0.486480
v -0.198114 0.835588 -0.478406
v -0.189127 0.846859 -0.478508
v -0.195289 0.835985 -0.484086
v -0.193756 0.841290 -0.483075
v -0.195058 0.842370 -0.478449
v -0.188934 0.843954 -0.484158
v -0.208553 0.753057 -0.451087
v -0.215491 0.758858 -0.459050
v -0.212283 0.744804 -0.459034
v -0.213042 0.757258 -0.453408
v -0.213976 0.751816 -0.454423
v -0.215680 0.751422 -0.459027
v -0.210774 0.747320 -0.453396
v -0.208823 0.752956 -0.486086
v -0.212430 0.744749 -0.478034
v -0.215638 0.758803 -0.478050
v -0.211008 0.747233 -0.483709
v -0.214194 0.751734 -0.482659
v -0.215826 0.751367 -0.478027
v -0.213276 0.757170 -0.483720
v -0.154275 0.684995 -0.451309
v -0.163177 0.683227 -0.459235
v -0.150189 0.676972 -0.459317
v -0.160370 0.684116 -0.453602
v -0.156703 0.679998 -0.454657
v -0.157481 0.678443 -0.459265
v -0.151186 0.679693 -0.453660
v -0.154545 0.684894 -0.486308
v -0.150336 0.676917 -0.478317
v -0.163323 0.683172 -0.478235
v -0.151420 0.679606 -0.483973
v -0.156921 0.679917 -0.482893
v -0.157627 0.678388 -0.478265
v -0.160604 0.684028 -0.483915
v -0.067223 0.684995 -0.451980
v -0.071431 0.676972 -0.459924
v -0.058444 0.683227 -0.460042
v -0.070347 0.679693 -0.454283
v -0.064847 0.679998 -0.455365
v -0.064140 0.678443 -0.459985
v -0.061164 0.684116 -0.454367
v -0.067492 0.684894 -0.486978
v -0.058590 0.683172 -0.479042
v -0.071578 0.676917 -0.478924
v -0.061397 0.684028 -0.484680
v -0.065064 0.679917 -0.483601
v -0.064286 0.678388 -0.478984
v -0.070581 0.679606 -0.484596
v -0.012948 0.753057 -0.452594
v -0.009341 0.744804 -0.460599
v -0.006133 0.758858 -0.460664
v -0.010763 0.747320 -0.454938
v -0.007577 0.751816 -0.456014
v -0.005944 0.751422 -0.460644
v -0.008495 0.757258 -0.454984
v -0.013218 0.752956 -0.487593
v -0.006280 0.758803 -0.479663
v -0.009487 0.744749 -0.479598
v -0.008729 0.757170 -0.485297
v -0.007795 0.751734 -0.484250
v -0.006091 0.751367 -0.479643
v -0.010996 0.747233 -0.485251
v -0.032321 0.837929 -0.452690
v -0.023660 0.835643 -0.460750
v -0.032648 0.846914 -0.460714
v -0.026485 0.836072 -0.455073
v -0.028019 0.841371 -0.456114
v -0.026717 0.842425 -0.460746
v -0.032840 0.844042 -0.455047
v -0.032591 0.837828 -0.487689
v -0.032795 0.846859 -0.479713
v -0.023807 0.835588 -0.479750
v -0.033074 0.843954 -0.485360
v -0.028237 0.841290 -0.484351
v -0.026863 0.842370 -0.479746
v -0.026719 0.835985 -0.485386
v -0.323299 0.868643 0.463224
v -0.316182 0.874136 0.455199
v -0.330597 0.874136 0.455364
v -0.318229 0.872091 0.460859
v -0.323337 0.874214 0.459901
v -0.323389 0.875975 0.455301
v -0.328421 0.872091 0.460975
v -0.333828 0.878368 -0.456665
v -0.340943 0.883691 -0.448526
v -0.326529 0.883691 -0.448691
v -0.338897 0.881766 -0.454227
v -0.333789 0.883868 -0.453225
v -0.333736 0.885530 -0.448589
v -0.328705 0.881766 -0.454344
v -0.398448 0.832455 0.463701
v -0.398273 0.841546 0.455794
v -0.407262 0.830276 0.455778
v -0.397973 0.838598 0.461417
v -0.402814 0.835942 0.460407
v -0.404205 0.837058 0.455815
v -0.404329 0.830629 0.461406
v -0.408978 0.842179 -0.456187
v -0.417608 0.839832 -0.448112
v -0.408619 0.851102 -0.448096
v -0.414805 0.840304 -0.453797
v -0.413266 0.845595 -0.452720
v -0.414551 0.846613 -0.448076
v -0.408449 0.848273 -0.453785
v -0.417018 0.751140 0.463054
v -0.423984 0.757048 0.455196
v -0.420779 0.742995 0.455010
v -0.421515 0.755372 0.460807
v -0.422453 0.749944 0.459722
v -0.424174 0.749612 0.455119
v -0.419248 0.745435 0.460676
v -0.427547 0.760865 -0.456834
v -0.431125 0.752550 -0.448880
v -0.434331 0.766603 -0.448695
v -0.429724 0.755110 -0.454527
v -0.432905 0.759597 -0.453405
v -0.434521 0.759168 -0.448771
v -0.431991 0.765047 -0.454396
v -0.365023 0.685931 0.461770
v -0.373955 0.684270 0.453853
v -0.360969 0.678016 0.453639
v -0.371127 0.685083 0.459487
v -0.367464 0.680979 0.458364
v -0.368260 0.679486 0.453738
v -0.361944 0.680661 0.459335
v -0.375553 0.695655 -0.458119
v -0.371315 0.687571 -0.450252
v -0.384301 0.693826 -0.450037
v -0.372420 0.690336 -0.455867
v -0.377916 0.690632 -0.454763
v -0.378606 0.689042 -0.450153
v -0.381603 0.694758 -0.455715
v -0.281618 0.685931 0.460815
v -0.285858 0.678016 0.452779
v -0.272870 0.684270 0.452696
v -0.284752 0.680661 0.458452
v -0.279256 0.680979 0.457354
v -0.278566 0.679486 0.452711
v -0.275569 0.685083 0.458393
v -0.292148 0.695655 -0.459073
v -0.283216 0.693826 -0.451194
v -0.296204 0.687571 -0.451111
v -0.286044 0.694758 -0.456809
v -0.289708 0.690632 -0.455773
v -0.288913 0.689042 -0.451179
v -0.295228 0.690336 -0.456751
v -0.229608 0.751140 0.460909
v -0.226032 0.742995 0.452781
v -0.222823 0.757048 0.452893
v -0.227433 0.745435 0.458480
v -0.224250 0.749944 0.457454
v -0.222635 0.749612 0.452812
v -0.225164 0.755372 0.458559
v -0.240138 0.760865 -0.458979
v -0.233169 0.766603 -0.450998
v -0.236379 0.752550 -0.451109
v -0.235639 0.765047 -0.456643
v -0.234702 0.759597 -0.455673
v -0.232981 0.759168 -0.451078
v -0.237909 0.755110 -0.456722
v -0.248158 0.832455 0.461981
v -0.239528 0.830276 0.453858
v -0.248514 0.841546 0.454080
v -0.242331 0.830629 0.459552
v -0.243868 0.835942 0.458587
v -0.242583 0.837058 0.453965
v -0.248685 0.838598 0.459709
v -0.258687 0.842179 -0.457907
v -0.258860 0.851102 -0.449810
v -0.249874 0.839832 -0.450032
v -0.259161 0.848273 -0.455494
v -0.254320 0.845595 -0.454540
v -0.252929 0.846613 -0.449926
v -0.252807 0.840304 -0.455651
v -0.329960 0.875983 -0.452046
v -0.322641 0.881409 -0.459932
v -0.337055 0.881409 -0.460135
v -0.324831 0.879411 -0.454310
v -0.329913 0.881526 -0.455415
v -0.329848 0.883248 -0.460029
v -0.335023 0.879411 -0.454453
v -0.329468 0.876060 -0.487043
v -0.336788 0.881451 -0.479133
v -0.322374 0.881451 -0.478930
v -0.334597 0.879478 -0.484764
v -0.329516 0.881588 -0.483650
v -0.329581 0.883290 -0.479027
v -0.324405 0.879478 -0.484621
v -0.408385 0.838211 -0.453231
v -0.408007 0.847236 -0.461207
v -0.416994 0.835966 -0.461358
v -0.407851 0.844335 -0.455553
v -0.412665 0.841670 -0.456665
v -0.413938 0.842747 -0.461300
v -0.414205 0.836366 -0.455660
v -0.407893 0.838288 -0.488227
v -0.416727 0.836007 -0.480356
v -0.407740 0.847278 -0.480205
v -0.413779 0.836433 -0.485971
v -0.412268 0.841732 -0.484900
v -0.413671 0.842789 -0.480298
v -0.407425 0.844402 -0.485864
v -0.427752 0.753339 -0.453690
v -0.434516 0.759180 -0.461773
v -0.431308 0.745126 -0.461759
v -0.432190 0.757551 -0.456086
v -0.433101 0.752115 -0.457149
v -0.434704 0.751744 -0.461792
v -0.429922 0.747614 -0.456076
v -0.427260 0.753416 -0.488686
v -0.431041 0.745168 -0.480757
v -0.434249 0.759222 -0.480771
v -0.429496 0.747680 -0.486387
v -0.432704 0.752177 -0.485384
v -0.434437 0.751786 -0.480790
v -0.431764 0.757618 -0.486397
v -0.373477 0.685277 -0.453077
v -0.382204 0.683549 -0.461204
v -0.369218 0.677294 -0.461035
v -0.379521 0.684409 -0.455507
v -0.375831 0.680297 -0.456502
v -0.376509 0.678765 -0.461134
v -0.370338 0.679987 -0.455388
v -0.372986 0.685354 -0.488073
v -0.368951 0.677336 -0.480033
v -0.381938 0.683591 -0.480202
v -0.369912 0.680053 -0.485698
v -0.375435 0.680359 -0.484737
v -0.376242 0.678807 -0.480133
v -0.379095 0.684476 -0.485818
v -0.286431 0.685277 -0.451854
v -0.290465 0.677294 -0.459929
v -0.277479 0.683549 -0.459733
v -0.289504 0.679987 -0.454252
v -0.283982 0.680297 -0.455212
v -0.283174 0.678765 -0.459823
v -0.280321 0.684409 -0.454113
v -0.285939 0.685354 -0.486850
v -0.277212 0.683591 -0.478731
v -0.290198 0.677336 -0.478927
v -0.279896 0.684476 -0.484424
v -0.283585 0.680359 -0.483447
v -0.282907 0.678807 -0.478821
v -0.289078 0.680053 -0.484563
v -0.232160 0.753339 -0.450942
v -0.228379 0.745126 -0.458907
v -0.225172 0.759180 -0.458831
v -0.229924 0.747614 -0.453266
v -0.226716 0.752115 -0.454249
v -0.224983 0.751744 -0.458845
v -0.227657 0.757551 -0.453212
v -0.231669 0.753416 -0.485938
v -0.224905 0.759222 -0.477829
v -0.228112 0.745168 -0.477905
v -0.227231 0.757618 -0.483523
v -0.226320 0.752177 -0.482484
v -0.224716 0.751786 -0.477843
v -0.229499 0.747680 -0.483577
v -0.251533 0.838211 -0.451027
v -0.242699 0.835966 -0.458909
v -0.251686 0.847236 -0.459010
v -0.245646 0.836366 -0.453292
v -0.247158 0.841670 -0.454340
v -0.245755 0.842747 -0.458937
v -0.252001 0.844335 -0.453364
v -0.251041 0.838288 -0.486024
v -0.251419 0.847278 -0.478008
v -0.242432 0.836007 -0.477907
v -0.251575 0.844402 -0.483674
v -0.246761 0.841732 -0.482574
v -0.245488 0.842789 -0.477935
v -0.245220 0.836433 -0.483603
v 0.464150 0.986771 -0.248683
v 0.456371 0.994023 -0.243016
v 0.456293 0.979607 -0.243013
v 0.461948 0.991881 -0.245185
v 0.460952 0.986790 -0.243039
v 0.456392 0.986815 -0.241176
v 0.461892 0.981688 -0.245184
v -0.455340 0.991807 -0.218447
v -0.447206 0.984555 -0.213303
v -0.447127 0.998971 -0.213306
v -0.452913 0.986697 -0.215102
v -0.451778 0.991788 -0.213025
v -0.447106 0.991763 -0.211466
v -0.452857 0.996891 -0.215104
v 0.462549 0.911622 -0.284840
v 0.454851 0.911932 -0.275575
v 0.454432 0.902944 -0.286838
v 0.460411 0.912137 -0.278648
v 0.459260 0.907313 -0.281278
v 0.454671 0.906000 -0.280060
v 0.460115 0.905781 -0.286612
v -0.456940 0.916658 -0.254604
v -0.449067 0.907892 -0.257128
v -0.448647 0.916880 -0.245865
v -0.454691 0.910791 -0.256530
v -0.453471 0.912311 -0.251265
v -0.448827 0.910948 -0.250350
v -0.454394 0.917146 -0.248566
v 0.459775 0.893062 -0.366112
v 0.451933 0.886229 -0.360027
v 0.451489 0.889437 -0.374074
v 0.457547 0.888604 -0.361829
v 0.456326 0.887684 -0.367231
v 0.451688 0.886040 -0.367460
v 0.457233 0.890872 -0.371762
v -0.459714 0.898098 -0.335876
v -0.452009 0.894385 -0.344364
v -0.451565 0.891177 -0.330317
v -0.457573 0.895882 -0.341680
v -0.456405 0.892682 -0.337217
v -0.451810 0.890988 -0.337749
v -0.457259 0.893613 -0.331747
v 0.457916 0.945067 -0.431299
v 0.449815 0.936270 -0.432779
v 0.449681 0.949258 -0.439032
v 0.455513 0.939003 -0.432093
v 0.454360 0.942683 -0.436172
v 0.449689 0.941966 -0.437561
v 0.455417 0.948186 -0.436515
v -0.461573 0.950102 -0.401063
v -0.453818 0.954206 -0.409322
v -0.453683 0.941218 -0.403069
v -0.459388 0.953196 -0.406433
v -0.458371 0.947682 -0.406159
v -0.453809 0.946914 -0.407851
v -0.459293 0.944012 -0.402011
v 0.458373 1.028476 -0.431314
v 0.450091 1.024372 -0.439046
v 0.450368 1.037360 -0.432797
v 0.455840 1.025382 -0.436529
v 0.454843 1.030896 -0.436188
v 0.450180 1.031664 -0.437578
v 0.456035 1.034566 -0.432110
v -0.461117 1.033511 -0.401078
v -0.453130 1.042308 -0.403087
v -0.453407 1.029320 -0.409336
v -0.458770 1.039575 -0.402028
v -0.457888 1.035895 -0.406175
v -0.453319 1.036612 -0.407868
v -0.458966 1.030392 -0.406447
v 0.460800 1.080481 -0.366146
v 0.452554 1.084193 -0.374109
v 0.453034 1.087401 -0.360064
v 0.458282 1.082697 -0.371796
v 0.457410 1.085896 -0.367267
v 0.452790 1.087590 -0.367496
v 0.458621 1.084965 -0.361865
v -0.458689 1.085516 -0.335910
v -0.450464 1.092349 -0.330353
v -0.450944 1.089141 -0.344399
v -0.456184 1.089975 -0.331783
v -0.455321 1.090895 -0.337253
v -0.450708 1.092538 -0.337786
v -0.456523 1.087706 -0.341715
v 0.463371 1.061920 -0.284867
v 0.455349 1.070686 -0.286868
v 0.455670 1.061699 -0.275602
v 0.461001 1.067787 -0.286641
v 0.460129 1.066267 -0.281307
v 0.455555 1.067630 -0.280089
v 0.461228 1.061432 -0.278674
v -0.456118 1.066956 -0.254631
v -0.447828 1.066646 -0.245892
v -0.448149 1.075634 -0.257158
v -0.453578 1.066442 -0.248592
v -0.452601 1.071265 -0.251293
v -0.447943 1.072578 -0.250379
v -0.453805 1.072797 -0.256559
v 0.489513 0.990435 -0.230911
v 0.481591 0.997629 -0.225373
v 0.481614 0.983214 -0.225373
v 0.487218 0.995527 -0.227450
v 0.486223 0.990429 -0.225321
v 0.481633 0.990422 -0.223534
v 0.487234 0.985334 -0.227451
v 0.454517 0.990378 -0.230337
v 0.462617 0.983183 -0.225061
v 0.462593 0.997599 -0.225061
v 0.456925 0.985285 -0.226953
v 0.457989 0.990384 -0.224858
v 0.462635 0.990391 -0.223222
v 0.456908 0.995478 -0.226953
v 0.489020 0.912001 -0.268680
v 0.481168 0.912253 -0.259543
v 0.480998 0.903266 -0.270812
v 0.486777 0.912499 -0.262524
v 0.485703 0.907667 -0.265174
v 0.481104 0.906322 -0.264031
v 0.486656 0.906143 -0.270492
v 0.454024 0.911944 -0.268106
v 0.462000 0.903235 -0.270501
v 0.462171 0.912223 -0.259231
v 0.456346 0.906094 -0.269995
v 0.457469 0.907622 -0.264711
v 0.462107 0.906291 -0.263720
v 0.456467 0.912450 -0.262026
v 0.487659 0.892629 -0.353542
v 0.479767 0.885740 -0.347588
v 0.479531 0.888948 -0.361640
v 0.485392 0.888154 -0.349297
v 0.484267 0.887227 -0.354718
v 0.479645 0.885551 -0.355023
v 0.485226 0.890422 -0.359233
v 0.452664 0.892573 -0.352968
v 0.460534 0.888917 -0.361328
v 0.460769 0.885709 -0.347276
v 0.454916 0.890373 -0.358736
v 0.456033 0.887181 -0.354255
v 0.460648 0.885520 -0.354711
v 0.455083 0.888105 -0.348800
v 0.486455 0.946907 -0.421593
v 0.478442 0.938054 -0.423208
v 0.478318 0.951042 -0.429461
v 0.484108 0.940826 -0.422428
v 0.482996 0.944500 -0.426525
v 0.478354 0.943750 -0.427991
v 0.484020 0.950010 -0.426850
v 0.451460 0.946851 -0.421019
v 0.459321 0.951011 -0.429149
v 0.459444 0.938023 -0.422896
v 0.453711 0.949961 -0.426352
v 0.454762 0.944454 -0.426062
v 0.459356 0.943719 -0.427679
v 0.453798 0.940777 -0.421931
v 0.486314 1.033962 -0.421591
v 0.478191 1.029802 -0.429459
v 0.478272 1.042790 -0.423205
v 0.483890 1.030851 -0.426847
v 0.482848 1.036358 -0.426523
v 0.478203 1.037094 -0.427988
v 0.483947 1.040035 -0.422425
v 0.451319 1.033906 -0.421017
v 0.459275 1.042759 -0.422893
v 0.459193 1.029771 -0.429147
v 0.453638 1.039986 -0.421928
v 0.454614 1.036313 -0.426059
v 0.459206 1.037063 -0.427677
v 0.453580 1.030802 -0.426350
v 0.487343 1.088240 -0.353537
v 0.479203 1.091896 -0.361635
v 0.479428 1.095104 -0.347582
v 0.484903 1.090439 -0.359228
v 0.483933 1.093632 -0.354713
v 0.479306 1.095292 -0.355018
v 0.485062 1.092707 -0.349291
v 0.452348 1.088183 -0.352962
v 0.460431 1.095073 -0.347271
v 0.460206 1.091865 -0.361323
v 0.454752 1.092658 -0.348794
v 0.455700 1.093586 -0.354249
v 0.460309 1.095262 -0.354706
v 0.454593 1.090390 -0.358731
v 0.488766 1.068868 -0.268676
v 0.480716 1.077578 -0.270808
v 0.480916 1.068590 -0.259539
v 0.486384 1.074718 -0.270488
v 0.485435 1.073191 -0.265169
v 0.480832 1.074521 -0.264027
v 0.486525 1.068363 -0.262520
v 0.453771 1.068812 -0.268102
v 0.461918 1.068559 -0.259227
v 0.461719 1.077547 -0.270496
v 0.456215 1.068314 -0.262022
v 0.457201 1.073145 -0.264706
v 0.461835 1.074491 -0.263715
v 0.456074 1.074669 -0.269991
v 0.458426 0.982512 -0.015213
v 0.450538 0.989812 -0.009764
v 0.450372 0.975397 -0.009763
v 0.456160 0.987635 -0.011778
v 0.455074 0.982551 -0.009660
v 0.450465 0.982604 -0.007924
v 0.456042 0.977443 -0.011778
v -0.461500 0.993144 -0.010425
v -0.453556 0.985845 -0.005058
v -0.453389 1.000259 -0.005059
v -0.459198 0.988021 -0.007014
v -0.458090 0.993105 -0.004907
v -0.453463 0.993052 -0.003220
v -0.459080 0.998214 -0.007015
v 0.457369 0.907367 -0.051398
v 0.449420 0.907725 -0.042350
v 0.449258 0.898737 -0.053620
v 0.455064 0.907895 -0.045267
v 0.453957 0.903078 -0.047929
v 0.449328 0.901793 -0.046838
v 0.454949 0.901540 -0.053236
v -0.462557 0.917999 -0.046611
v -0.454670 0.909185 -0.048915
v -0.454507 0.918172 -0.037645
v -0.460291 0.912119 -0.048473
v -0.459208 0.913632 -0.043176
v -0.454599 0.912241 -0.042133
v -0.460176 0.918474 -0.040504
v 0.456732 0.888807 -0.132715
v 0.448683 0.882024 -0.126850
v 0.448647 0.885231 -0.140904
v 0.454359 0.884363 -0.128496
v 0.453282 0.883450 -0.133929
v 0.448642 0.881835 -0.134286
v 0.454334 0.886631 -0.138434
v -0.463194 0.899440 -0.127928
v -0.455280 0.895679 -0.136199
v -0.455244 0.892471 -0.122145
v -0.460907 0.897210 -0.133670
v -0.459882 0.894004 -0.129177
v -0.455285 0.892282 -0.129581
v -0.460881 0.894942 -0.123732
v 0.456993 0.940809 -0.197930
v 0.448883 0.932062 -0.199634
v 0.449000 0.945049 -0.205889
v 0.454576 0.934760 -0.198791
v 0.453559 0.938447 -0.202900
v 0.448924 0.937757 -0.204418
v 0.454659 0.943943 -0.203214
v -0.462933 0.951442 -0.193143
v -0.454927 0.955497 -0.201184
v -0.455045 0.942510 -0.194929
v -0.460582 0.954522 -0.198450
v -0.459606 0.949001 -0.198148
v -0.455004 0.948205 -0.199714
v -0.460665 0.945338 -0.194027
v 0.457957 1.024214 -0.197936
v 0.449868 1.020159 -0.205894
v 0.450051 1.033147 -0.199640
v 0.455551 1.021135 -0.203218
v 0.454578 1.026655 -0.202906
v 0.449960 1.027451 -0.204424
v 0.455680 1.030318 -0.198796
v -0.461969 1.034847 -0.193148
v -0.453876 1.043594 -0.194935
v -0.454059 1.030607 -0.201189
v -0.459560 1.040897 -0.194033
v -0.458586 1.037210 -0.198153
v -0.453967 1.037899 -0.199719
v -0.459689 1.031713 -0.198455
v 0.458898 1.076216 -0.132727
v 0.450898 1.079977 -0.140916
v 0.451008 1.083185 -0.126862
v 0.456550 1.078446 -0.138445
v 0.455573 1.081652 -0.133941
v 0.450972 1.083374 -0.134298
v 0.456628 1.080714 -0.128508
v -0.461028 1.086849 -0.127939
v -0.452919 1.093633 -0.122157
v -0.453029 1.090425 -0.136211
v -0.458612 1.091293 -0.123744
v -0.457592 1.092206 -0.129189
v -0.452956 1.093822 -0.129593
v -0.458690 1.089025 -0.133682
v 0.459107 1.057657 -0.051408
v 0.451196 1.066471 -0.053630
v 0.451151 1.057484 -0.042359
v 0.456822 1.063538 -0.053246
v 0.455794 1.062024 -0.047939
v 0.451196 1.063415 -0.046848
v 0.456790 1.057183 -0.045276
v -0.460820 1.068290 -0.046620
v -0.452776 1.067932 -0.037654
v -0.452731 1.076919 -0.048925
v -0.458451 1.067761 -0.040513
v -0.457371 1.072578 -0.043186
v -0.452731 1.073863 -0.042143
v -0.458419 1.074116 -0.048483
v 0.489835 0.989977 -0.010008
v 0.481932 0.997203 -0.004481
v 0.481901 0.982787 -0.004481
v 0.487554 0.995079 -0.006550
v 0.486537 0.989985 -0.004422
v 0.481944 0.989995 -0.002642
v 0.487532 0.984886 -0.006550
v 0.454839 0.990054 -0.009487
v 0.462903 0.982828 -0.004198
v 0.462934 0.997244 -0.004198
v 0.457222 0.984952 -0.006099
v 0.458302 0.990046 -0.004002
v 0.462946 0.990036 -0.002359
v 0.457244 0.995145 -0.006099
v 0.489102 0.911544 -0.047773
v 0.481238 0.911827 -0.038647
v 0.481051 0.902839 -0.049916
v 0.486852 0.912050 -0.041620
v 0.485764 0.907223 -0.044271
v 0.481158 0.905895 -0.043135
v 0.486719 0.905695 -0.049588
v 0.454106 0.911620 -0.047252
v 0.462053 0.902880 -0.049634
v 0.462240 0.911868 -0.038365
v 0.456409 0.905761 -0.049137
v 0.457529 0.907284 -0.043851
v 0.462160 0.905936 -0.042853
v 0.456541 0.912116 -0.041168
v 0.487797 0.892172 -0.132635
v 0.479870 0.885313 -0.126693
v 0.479667 0.888521 -0.140745
v 0.485507 0.887706 -0.128393
v 0.484386 0.886783 -0.133816
v 0.479758 0.885124 -0.134128
v 0.485364 0.889974 -0.138330
v 0.452801 0.892248 -0.132114
v 0.460669 0.888562 -0.140463
v 0.460872 0.885354 -0.126410
v 0.455054 0.890040 -0.137879
v 0.456152 0.886844 -0.133396
v 0.460761 0.885165 -0.133845
v 0.455197 0.887772 -0.127942
v 0.486901 0.946450 -0.200692
v 0.478857 0.937627 -0.202317
v 0.478792 0.950615 -0.208572
v 0.484532 0.940378 -0.201529
v 0.483441 0.944056 -0.205628
v 0.478798 0.943323 -0.207101
v 0.484486 0.949562 -0.205952
v 0.451905 0.946526 -0.200171
v 0.459794 0.950656 -0.208289
v 0.459859 0.937668 -0.202035
v 0.454176 0.949628 -0.205500
v 0.455207 0.944117 -0.205208
v 0.459801 0.943364 -0.206818
v 0.454222 0.940444 -0.201078
v 0.487090 1.033505 -0.200695
v 0.478963 1.029375 -0.208574
v 0.479085 1.042363 -0.202321
v 0.484662 1.030403 -0.205954
v 0.483641 1.035914 -0.205631
v 0.479001 1.036667 -0.207104
v 0.484748 1.039587 -0.201532
v 0.452094 1.033581 -0.200173
v 0.460087 1.042404 -0.202038
v 0.459965 1.029416 -0.208292
v 0.454437 1.039653 -0.201081
v 0.455406 1.035975 -0.205211
v 0.460003 1.036708 -0.206821
v 0.454352 1.030469 -0.205503
v 0.488221 1.087783 -0.132641
v 0.480108 1.091469 -0.140752
v 0.480324 1.094677 -0.126700
v 0.485798 1.089991 -0.138337
v 0.484834 1.093187 -0.133823
v 0.480214 1.094866 -0.134135
v 0.485951 1.092259 -0.128400
v 0.453225 1.087859 -0.132120
v 0.461326 1.094718 -0.126417
v 0.461110 1.091510 -0.140469
v 0.455641 1.092325 -0.127949
v 0.456600 1.093248 -0.133403
v 0.461216 1.094907 -0.133852
v 0.455488 1.090057 -0.137885
v 0.489443 1.068411 -0.047778
v 0.481429 1.077151 -0.049922
v 0.481577 1.068163 -0.038653
v 0.487085 1.074270 -0.049593
v 0.486123 1.072747 -0.044276
v 0.481523 1.074095 -0.043141
v 0.487190 1.067915 -0.041625
v 0.454447 1.068487 -0.047257
v 0.462579 1.068204 -0.038370
v 0.462431 1.077192 -0.049639
v 0.456880 1.067981 -0.041173
v 0.457888 1.072808 -0.043856
v 0.462525 1.074136 -0.042858
v 0.456775 1.074336 -0.049142
v 0.466369 0.990977 0.184740
v 0.458643 0.998185 0.190532
v 0.458642 0.983769 0.190532
v 0.464196 0.996073 0.188273
v 0.463262 0.990977 0.190434
v 0.458732 0.990977 0.192369
v 0.464196 0.985880 0.188273
v -0.452538 0.991022 0.229570
v -0.444284 0.983813 0.234582
v -0.444283 0.998229 0.234582
v -0.450031 0.985925 0.232875
v -0.448891 0.991021 0.234934
v -0.444194 0.991021 0.236419
v -0.450030 0.996118 0.232875
v 0.464602 0.915826 0.148593
v 0.457051 0.916092 0.157979
v 0.456501 0.907104 0.146722
v 0.462560 0.916328 0.154819
v 0.461393 0.911499 0.152205
v 0.456832 0.910161 0.153496
v 0.462171 0.909973 0.146859
v -0.454305 0.915871 0.193423
v -0.446425 0.907149 0.190772
v -0.445876 0.916137 0.202029
v -0.452055 0.910017 0.191460
v -0.450760 0.911543 0.196705
v -0.446095 0.910205 0.197546
v -0.451666 0.916373 0.199420
v 0.460639 0.897266 0.067371
v 0.452932 0.890390 0.073577
v 0.452247 0.893597 0.059540
v 0.458503 0.892795 0.071687
v 0.457201 0.891869 0.066305
v 0.452569 0.890201 0.066150
v 0.458019 0.895063 0.061761
v -0.458268 0.897311 0.112200
v -0.450679 0.893642 0.103590
v -0.449994 0.890434 0.117627
v -0.456207 0.895108 0.106362
v -0.454951 0.891914 0.110805
v -0.450357 0.890245 0.110199
v -0.455723 0.892839 0.116288
v 0.457464 0.949271 0.002235
v 0.449388 0.940431 0.000882
v 0.449084 0.953419 -0.005366
v 0.455080 0.943194 0.001478
v 0.453843 0.946870 -0.002582
v 0.449155 0.946127 -0.003897
v 0.454865 0.952378 -0.002940
v -0.461444 0.949316 0.047065
v -0.453843 0.953463 0.038684
v -0.453539 0.940475 0.044931
v -0.459361 0.952423 0.041661
v -0.458310 0.946914 0.041918
v -0.453771 0.946171 0.040153
v -0.459146 0.943239 0.046079
v 0.457468 1.032682 0.002235
v 0.449087 1.028535 -0.005366
v 0.449393 1.041523 0.000881
v 0.454869 1.029575 -0.002940
v 0.453848 1.035084 -0.002582
v 0.449159 1.035827 -0.003897
v 0.455085 1.038759 0.001477
v -0.461439 1.032727 0.047064
v -0.453534 1.041567 0.044931
v -0.453839 1.028579 0.038684
v -0.459141 1.038804 0.046079
v -0.458305 1.035128 0.041918
v -0.453767 1.035871 0.040153
v -0.459357 1.029620 0.041661
v 0.460648 1.084687 0.067370
v 0.452257 1.088356 0.059539
v 0.452942 1.091564 0.073577
v 0.458028 1.086891 0.061761
v 0.457211 1.090085 0.066304
v 0.452579 1.091753 0.066149
v 0.458513 1.089159 0.071686
v -0.458259 1.084732 0.112200
v -0.449985 1.091608 0.117626
v -0.450670 1.088401 0.103589
v -0.455714 1.089203 0.116288
v -0.454942 1.090129 0.110804
v -0.450347 1.091797 0.110199
v -0.456198 1.086935 0.106362
v 0.464610 1.066127 0.148593
v 0.456509 1.074849 0.146722
v 0.457058 1.065862 0.157979
v 0.462179 1.071981 0.146858
v 0.461401 1.070455 0.152205
v 0.456840 1.071793 0.153496
v 0.462567 1.065625 0.154818
v -0.454298 1.066172 0.193422
v -0.445868 1.065906 0.202029
v -0.446417 1.074894 0.190772
v -0.451659 1.065670 0.199420
v -0.450752 1.070500 0.196705
v -0.446087 1.071837 0.197546
v -0.452047 1.072026 0.191460
v 0.487901 0.989368 0.210960
v 0.479905 0.996589 0.216356
v 0.479881 0.982174 0.216356
v 0.485561 0.994469 0.214380
v 0.484512 0.989374 0.216491
v 0.479890 0.989382 0.218195
v 0.485545 0.984276 0.214380
v 0.452901 0.989426 0.210907
v 0.460881 0.982206 0.216328
v 0.460905 0.996621 0.216328
v 0.455231 0.984326 0.214334
v 0.456274 0.989421 0.216448
v 0.460891 0.989413 0.218167
v 0.455248 0.994519 0.214334
v 0.487828 0.910935 0.173188
v 0.479815 0.911214 0.182183
v 0.479817 0.902226 0.170913
v 0.485477 0.911440 0.179304
v 0.484435 0.906612 0.176635
v 0.479812 0.905282 0.177695
v 0.485478 0.905085 0.171334
v 0.452828 0.910993 0.173135
v 0.460817 0.902257 0.170884
v 0.460815 0.911245 0.182155
v 0.455165 0.905135 0.171288
v 0.456197 0.906659 0.176592
v 0.460812 0.905313 0.177666
v 0.455163 0.911490 0.179258
v 0.487924 0.891563 0.088316
v 0.479904 0.884700 0.094127
v 0.479931 0.887908 0.080073
v 0.485567 0.887096 0.092520
v 0.484536 0.886172 0.087079
v 0.479915 0.884511 0.086691
v 0.485586 0.889364 0.082582
v 0.452924 0.891621 0.088263
v 0.460931 0.887939 0.080045
v 0.460904 0.884731 0.094099
v 0.455273 0.889414 0.082536
v 0.456298 0.886219 0.087036
v 0.460915 0.884542 0.086663
v 0.455254 0.887146 0.092474
v 0.488117 0.945841 0.020254
v 0.480105 0.937014 0.018496
v 0.480136 0.950002 0.012242
v 0.485765 0.939768 0.019378
v 0.484739 0.943445 0.015261
v 0.480121 0.942710 0.013712
v 0.485787 0.948952 0.014955
v 0.453117 0.945899 0.020201
v 0.461136 0.950033 0.012213
v 0.461105 0.937045 0.018468
v 0.455473 0.949002 0.014909
v 0.456502 0.943491 0.015218
v 0.461122 0.942741 0.013684
v 0.455451 0.939818 0.019332
v 0.488261 1.032896 0.020254
v 0.480266 1.028762 0.012242
v 0.480278 1.041750 0.018497
v 0.485921 1.029793 0.014955
v 0.484891 1.035303 0.015261
v 0.480276 1.036054 0.013712
v 0.485929 1.038977 0.019378
v 0.453261 1.032954 0.020201
v 0.461278 1.041781 0.018468
v 0.461266 1.028793 0.012213
v 0.455616 1.039027 0.019332
v 0.456654 1.035350 0.015219
v 0.461276 1.036085 0.013684
v 0.455607 1.029843 0.014909
v 0.488248 1.087174 0.088316
v 0.480267 1.090856 0.080074
v 0.480251 1.094064 0.094128
v 0.485917 1.089381 0.082582
v 0.484878 1.092576 0.087079
v 0.480262 1.094252 0.086692
v 0.485906 1.091649 0.092520
v 0.453248 1.087232 0.088264
v 0.461251 1.094095 0.094099
v 0.461267 1.090887 0.080045
v 0.455593 1.091699 0.092474
v 0.456640 1.092623 0.087037
v 0.461263 1.094284 0.086663
v 0.455604 1.089431 0.082537
v 0.488088 1.067802 0.173189
v 0.480106 1.076538 0.170913
v 0.480074 1.067550 0.182184
v 0.485758 1.073660 0.171335
v 0.484709 1.072136 0.176635
v 0.480091 1.073482 0.177695
v 0.485735 1.067305 0.179304
v 0.453088 1.067860 0.173136
v 0.461074 1.067581 0.182155
v 0.461106 1.076569 0.170885
v 0.455421 1.067355 0.179258
v 0.456472 1.072183 0.176593
v 0.461091 1.073513 0.177667
v 0.455444 1.073710 0.171289
v 0.465731 0.985843 0.408734
v 0.457998 0.993108 0.414447
v 0.457896 0.978693 0.414451
v 0.463559 0.990956 0.412244
v 0.462567 0.985867 0.414397
v 0.458019 0.985900 0.416286
v 0.463486 0.980763 0.412247
v -0.453552 0.992385 0.444457
v -0.445399 0.985120 0.449553
v -0.445297 0.999535 0.449549
v -0.451114 0.987272 0.447788
v -0.449959 0.992361 0.449858
v -0.445277 0.992328 0.451389
v -0.451042 0.997465 0.447786
v 0.463792 0.910695 0.372592
v 0.456150 0.911017 0.381903
v 0.455648 0.902030 0.370643
v 0.461692 0.911213 0.378797
v 0.460516 0.906391 0.376173
v 0.455933 0.905086 0.377419
v 0.461337 0.904858 0.370835
v -0.455491 0.917237 0.408315
v -0.447647 0.908458 0.405745
v -0.447146 0.917445 0.417005
v -0.453263 0.911366 0.406377
v -0.452009 0.912884 0.411634
v -0.447362 0.911514 0.412521
v -0.452909 0.917721 0.414338
v 0.460502 0.892135 0.291339
v 0.452686 0.885315 0.297471
v 0.452163 0.888523 0.283426
v 0.458292 0.887680 0.295635
v 0.457037 0.886762 0.290241
v 0.452396 0.885126 0.290040
v 0.457923 0.889948 0.285704
v -0.458781 0.898676 0.327062
v -0.451133 0.894951 0.318528
v -0.450610 0.891743 0.332573
v -0.456678 0.896457 0.321246
v -0.455488 0.893255 0.325702
v -0.450900 0.891554 0.325142
v -0.456308 0.894189 0.331177
v 0.458339 0.944139 0.226161
v 0.450215 0.935356 0.224730
v 0.450064 0.948343 0.218476
v 0.455921 0.938079 0.225382
v 0.454750 0.941761 0.221309
v 0.450070 0.941052 0.219948
v 0.455815 0.947262 0.220960
v -0.460944 0.950681 0.261884
v -0.453231 0.954771 0.253579
v -0.453080 0.941784 0.259832
v -0.458786 0.953771 0.256501
v -0.457776 0.948255 0.256770
v -0.453226 0.947479 0.255050
v -0.458679 0.944587 0.260923
v 0.458932 1.027547 0.226138
v 0.450598 1.023457 0.218456
v 0.450933 1.036445 0.224702
v 0.456363 1.024457 0.220938
v 0.455377 1.029973 0.221285
v 0.450707 1.030749 0.219923
v 0.456600 1.033641 0.225355
v -0.460351 1.034089 0.261861
v -0.452362 1.042872 0.259804
v -0.452697 1.029885 0.253558
v -0.458000 1.040149 0.260897
v -0.457149 1.036467 0.256745
v -0.452588 1.037176 0.255025
v -0.458237 1.030966 0.256480
v 0.461834 1.079552 0.291287
v 0.453546 1.083277 0.283373
v 0.454115 1.086485 0.297415
v 0.459286 1.081771 0.285651
v 0.458446 1.084973 0.290186
v 0.453828 1.086674 0.289984
v 0.459688 1.084039 0.295581
v -0.457449 1.086093 0.327011
v -0.449180 1.092913 0.332517
v -0.449749 1.089705 0.318475
v -0.454913 1.090548 0.331122
v -0.454080 1.091466 0.325647
v -0.449468 1.093102 0.325087
v -0.455315 1.088279 0.321193
v 0.464860 1.060992 0.372550
v 0.456840 1.069770 0.370597
v 0.457214 1.060783 0.381861
v 0.462488 1.066862 0.370790
v 0.461646 1.065343 0.376129
v 0.457082 1.066714 0.377374
v 0.462752 1.060507 0.378756
v -0.454423 1.067533 0.408274
v -0.446082 1.067211 0.416963
v -0.446456 1.076198 0.405699
v -0.451848 1.067015 0.414297
v -0.450880 1.071837 0.411590
v -0.446214 1.073142 0.412476
v -0.452112 1.073370 0.406332
v 0.485878 0.990011 0.429799
v 0.477771 0.997223 0.435040
v 0.477763 0.982808 0.435040
v 0.483467 0.995109 0.433172
v 0.482382 0.990013 0.435263
v 0.477729 0.990016 0.436878
v 0.483461 0.984916 0.433172
v 0.450885 0.990031 0.429071
v 0.458767 0.982819 0.434645
v 0.458776 0.997234 0.434645
v 0.453154 0.984933 0.432542
v 0.454151 0.990029 0.434676
v 0.458733 0.990027 0.436483
v 0.453160 0.995126 0.432542
v 0.486617 0.911577 0.392034
v 0.478432 0.911847 0.400873
v 0.478661 0.902859 0.389605
v 0.484148 0.912080 0.398103
v 0.483163 0.907251 0.395415
v 0.478522 0.905916 0.396386
v 0.484310 0.905725 0.390135
v 0.451625 0.911597 0.391307
v 0.459665 0.902871 0.389210
v 0.459436 0.911858 0.400478
v 0.454003 0.905742 0.389505
v 0.454931 0.907267 0.394828
v 0.459526 0.905927 0.395991
v 0.453841 0.912098 0.397473
v 0.488370 0.892206 0.307180
v 0.480247 0.885334 0.312836
v 0.480541 0.888541 0.298785
v 0.485938 0.887736 0.311337
v 0.485012 0.886811 0.305878
v 0.480401 0.885145 0.305401
v 0.486145 0.890004 0.301402
v 0.453378 0.892226 0.306453
v 0.461545 0.888552 0.298390
v 0.461251 0.885345 0.312441
v 0.455838 0.890021 0.300772
v 0.456781 0.886827 0.305291
v 0.461405 0.885156 0.305006
v 0.455630 0.887753 0.310707
v 0.489816 0.946483 0.239133
v 0.481849 0.937648 0.237222
v 0.481987 0.950635 0.230969
v 0.487488 0.940408 0.238212
v 0.486538 0.944083 0.234076
v 0.481952 0.943344 0.232439
v 0.487585 0.949592 0.233790
v 0.454824 0.946504 0.238406
v 0.462991 0.950647 0.230574
v 0.462853 0.937659 0.236827
v 0.457278 0.949609 0.233160
v 0.458306 0.944100 0.233489
v 0.462956 0.943355 0.232044
v 0.457181 0.940425 0.237582
v 0.489867 1.033538 0.239134
v 0.482032 1.029396 0.230969
v 0.481910 1.042384 0.237223
v 0.487632 1.030433 0.233791
v 0.486591 1.035942 0.234077
v 0.482006 1.036688 0.232440
v 0.487546 1.039617 0.238213
v 0.454874 1.033559 0.238407
v 0.462914 1.042395 0.236828
v 0.463036 1.029407 0.230575
v 0.457238 1.039634 0.237583
v 0.458360 1.035959 0.233490
v 0.463010 1.036699 0.232045
v 0.457325 1.030451 0.233161
v 0.488484 1.087816 0.307182
v 0.480658 1.091490 0.298787
v 0.480368 1.094698 0.312838
v 0.486261 1.090021 0.301404
v 0.485132 1.093215 0.305881
v 0.480523 1.094887 0.305404
v 0.486056 1.092289 0.311340
v 0.453491 1.087837 0.306455
v 0.461372 1.094709 0.312444
v 0.461663 1.091501 0.298393
v 0.455749 1.092307 0.310710
v 0.456900 1.093232 0.305294
v 0.461527 1.094898 0.305009
v 0.455954 1.090038 0.300774
v 0.486708 1.068445 0.392036
v 0.478762 1.077172 0.389607
v 0.478523 1.068184 0.400875
v 0.484408 1.074300 0.390137
v 0.483259 1.072775 0.395417
v 0.478620 1.074116 0.396388
v 0.484238 1.067945 0.398105
v 0.451716 1.068465 0.391309
v 0.459527 1.068195 0.400480
v 0.459766 1.077183 0.389212
v 0.453931 1.067962 0.397475
v 0.455027 1.072791 0.394830
v 0.459624 1.074126 0.395993
v 0.454100 1.074318 0.389507
v 0.653477 -0.009345 0.248329
v 0.651554 0.005423 0.247436
v 0.652619 0.005549 0.248524
v 0.652916 -0.005013 0.247620
v 0.653284 -0.003020 0.247789
v 0.652309 0.005518 0.247758
v 0.653669 -0.004925 0.248390
v 0.494652 1.205353 0.262613
v 0.492717 1.220092 0.263879
v 0.495717 1.205479 0.263701
v 0.493286 1.215781 0.263061
v 0.494154 1.213946 0.263182
v 0.494039 1.215870 0.263830
v 0.495408 1.205448 0.262935
v 0.652976 -0.010521 0.336160
v 0.652117 0.004372 0.336355
v 0.651040 0.004218 0.337426
v 0.653168 -0.006101 0.336220
v 0.652775 -0.004213 0.336867
v 0.651799 0.004321 0.337116
v 0.652406 -0.006210 0.336978
v 0.492216 1.218916 0.351710
v 0.494139 1.204148 0.352603
v 0.495216 1.204302 0.351531
v 0.492776 1.214584 0.352419
v 0.493646 1.212753 0.352259
v 0.494898 1.204251 0.352293
v 0.493538 1.214694 0.351661
v 0.566380 -0.020725 0.247680
v 0.563380 -0.006112 0.247858
v 0.564457 -0.005957 0.246786
v 0.565058 -0.016503 0.247729
v 0.564950 -0.014562 0.247130
v 0.563698 -0.006061 0.247097
v 0.565819 -0.016394 0.246971
v 0.405620 1.208712 0.263230
v 0.407555 1.193973 0.261963
v 0.406478 1.193819 0.263035
v 0.406189 1.204401 0.262412
v 0.405820 1.202404 0.262523
v 0.406796 1.193870 0.262274
v 0.405428 1.204292 0.263169
v 0.565878 -0.021902 0.335510
v 0.563943 -0.007163 0.336777
v 0.562878 -0.007288 0.335689
v 0.565309 -0.017591 0.336329
v 0.564441 -0.015755 0.336208
v 0.563188 -0.007258 0.336455
v 0.564556 -0.017679 0.335559
v 0.405118 1.207535 0.351060
v 0.405977 1.192642 0.350866
v 0.407041 1.192768 0.351954
v 0.404926 1.203115 0.351000
v 0.405312 1.201211 0.351600
v 0.406286 1.192673 0.351632
v 0.405679 1.203204 0.351769
v -0.557859 -0.018568 -0.351650
v -0.556143 -0.003775 -0.352546
v -0.555062 -0.003914 -0.351476
v -0.557359 -0.014229 -0.352360
v -0.556515 -0.012386 -0.352201
v -0.555382 -0.003868 -0.352236
v -0.556595 -0.014328 -0.351603
v -0.415942 1.198224 -0.337609
v -0.414211 1.212988 -0.336346
v -0.414862 1.198085 -0.336539
v -0.414721 1.208670 -0.337163
v -0.414324 1.206678 -0.337052
v -0.413957 1.208571 -0.336406
v -0.415182 1.198131 -0.337300
v -0.557217 -0.019734 -0.263820
v -0.554420 -0.005081 -0.263646
v -0.555485 -0.004970 -0.262556
v -0.555953 -0.015494 -0.263773
v -0.555864 -0.013568 -0.263124
v -0.554729 -0.005054 -0.262879
v -0.556706 -0.015416 -0.263002
v -0.413569 1.211822 -0.248516
v -0.415285 1.197029 -0.247619
v -0.414220 1.196919 -0.248709
v -0.414068 1.207483 -0.247806
v -0.413673 1.205495 -0.247975
v -0.414529 1.196945 -0.247942
v -0.413315 1.207405 -0.248576
v -0.645105 -0.008401 -0.350877
v -0.644454 0.006503 -0.350684
v -0.643389 0.006392 -0.351773
v -0.645358 -0.003984 -0.350817
v -0.645000 -0.002075 -0.351418
v -0.644145 0.006476 -0.351450
v -0.644606 -0.004062 -0.351587
v -0.501457 1.223155 -0.335573
v -0.503189 1.208391 -0.336836
v -0.504253 1.208501 -0.335747
v -0.501967 1.218837 -0.336390
v -0.502809 1.216990 -0.336269
v -0.503945 1.208475 -0.336513
v -0.502720 1.218915 -0.335620
v -0.644463 -0.009567 -0.263047
v -0.642731 0.005197 -0.261784
v -0.643812 0.005336 -0.262854
v -0.643953 -0.005249 -0.262230
v -0.644349 -0.003257 -0.262341
v -0.643492 0.005289 -0.262093
v -0.644717 -0.005151 -0.262987
v -0.500815 1.221989 -0.247743
v -0.503612 1.207335 -0.247917
v -0.502531 1.207196 -0.246847
v -0.502078 1.217749 -0.247790
v -0.502158 1.215807 -0.247192
v -0.503292 1.207288 -0.247156
v -0.501314 1.217650 -0.247033
vn 0.8471 -0.0488 0.5292
vn 0.4022 0.2741 0.8736
vn 0.3271 -0.2353 0.9152
vn -0.8574 0.0488 0.5124
vn -0.4193 -0.2741 0.8655
vn -0.3451 0.2353 0.9086
vn 0.8463 -0.4401 0.3000
vn 0.3972 -0.5101 0.7629
vn 0.3274 -0.8607 0.3899
vn -0.8591 -0.3742 0.3493
vn -0.4184 -0.8495 0.3213
vn -0.3497 -0.5653 0.7471
vn 0.8503 -0.5049 -0.1487
vn 0.4008 -0.9126 0.0808
vn 0.3356 -0.8399 -0.4265
vn -0.8558 -0.5105 -0.0831
vn -0.4101 -0.7829 -0.4679
vn -0.3454 -0.9382 0.0205
vn 0.8559 -0.1945 -0.4791
vn 0.4103 -0.6302 -0.6591
vn 0.3455 -0.1887 -0.9192
vn -0.8502 -0.2574 -0.4593
vn -0.4007 -0.1243 -0.9077
vn -0.3355 -0.6027 -0.7240
vn 0.8591 0.2574 -0.4424
vn 0.4185 0.1243 -0.8997
vn 0.3497 0.6027 -0.7173
vn -0.8463 0.1945 -0.4959
vn -0.3972 0.6302 -0.6671
vn -0.3273 0.1887 -0.9259
vn 0.8573 0.5105 -0.0663
vn 0.4193 0.7829 -0.4597
vn 0.3449 0.9382 0.0273
vn -0.8472 0.5049 -0.1654
vn -0.4023 0.9126 0.0729
vn -0.3272 0.8399 -0.4330
vn 0.8520 0.3742 0.3661
vn 0.4120 0.8495 0.3295
vn 0.3349 0.5653 0.7539
vn -0.8521 0.4401 0.2833
vn -0.4122 0.5101 0.7549
vn -0.3350 0.8607 0.3834
vn 0.4203 -0.3948 0.8170
vn 0.9095 -0.1826 0.3735
vn -0.4424 -0.3881 0.8085
vn -0.9194 -0.1685 0.3555
vn -0.0076 0.2472 0.9689
vn -0.0115 -0.2472 0.9689
vn -0.0111 -0.9117 0.4108
vn -0.0125 -0.6034 0.7973
vn 0.4225 -0.8829 0.2049
vn 0.9105 -0.4016 0.0990
vn -0.4401 -0.8762 0.1964
vn -0.9183 -0.3874 0.0810
vn -0.0024 -0.8896 -0.4567
vn -0.0080 -0.9996 0.0253
vn 0.4314 -0.7087 -0.5583
vn 0.9144 -0.3234 -0.2433
vn -0.4312 -0.7020 -0.5668
vn -0.9144 -0.3093 -0.2613
vn 0.0081 -0.1977 -0.9802
vn 0.0026 -0.6431 -0.7658
vn 0.4402 -0.0033 -0.8979
vn 0.9184 -0.0071 -0.3956
vn -0.4224 0.0033 -0.9064
vn -0.9104 0.0071 -0.4136
vn 0.0125 0.6431 -0.7657
vn 0.0112 0.1977 -0.9802
vn 0.4423 0.7020 -0.5582
vn 0.9193 0.3093 -0.2432
vn -0.4203 0.7087 -0.5667
vn -0.9095 0.3234 -0.2613
vn 0.0075 0.9996 0.0255
vn 0.0114 0.8896 -0.4565
vn 0.4361 0.8762 0.2051
vn 0.9166 0.3874 0.0991
vn -0.4265 0.8829 0.1966
vn -0.9122 0.4016 0.0811
vn -0.0032 0.6034 0.7974
vn 0.0030 0.9117 0.4109
vn 0.4263 0.3881 0.8171
vn 0.9122 0.1685 0.3736
vn -0.4363 0.3948 0.8086
vn -0.9166 0.1826 0.3556
vn 0.9999 -0.0077 0.0099
vn -0.0122 -0.4339 0.9009
vn -0.0055 0.4339 0.9010
vn -0.9999 0.0077 -0.0099
vn -0.0097 -0.9749 0.2224
vn 0.0001 -0.7818 -0.6235
vn 0.0099 -0.0000 -1.0000
vn 0.0122 0.7818 -0.6234
vn 0.0054 0.9749 0.2226
vn 0.8596 -0.0438 0.5092
vn 0.4209 0.2765 0.8639
vn 0.3498 -0.2333 0.9073
vn -0.8454 0.0438 0.5323
vn -0.3973 -0.2765 0.8750
vn -0.3251 0.2333 0.9165
vn 0.8557 -0.4351 0.2801
vn 0.4180 -0.5077 0.7533
vn 0.3415 -0.8587 0.3821
vn -0.8484 -0.3793 0.3693
vn -0.4057 -0.8520 0.3309
vn -0.3287 -0.5673 0.7550
vn 0.8495 -0.4999 -0.1686
vn 0.4080 -0.9102 0.0713
vn 0.3305 -0.8379 -0.4343
vn -0.8545 -0.5156 -0.0631
vn -0.4164 -0.7853 -0.4582
vn -0.3393 -0.9403 0.0285
vn 0.8456 -0.1895 -0.4991
vn 0.3984 -0.6278 -0.6686
vn 0.3250 -0.1867 -0.9271
vn -0.8592 -0.2624 -0.4392
vn -0.4211 -0.1267 -0.8981
vn -0.3488 -0.6047 -0.7160
vn 0.8469 0.2624 -0.4624
vn 0.3966 0.1267 -0.9092
vn 0.3292 0.6047 -0.7252
vn -0.8588 0.1895 -0.4759
vn -0.4165 0.6278 -0.6576
vn -0.3501 0.1867 -0.9179
vn 0.8525 0.5155 -0.0863
vn 0.4038 0.7853 -0.4693
vn 0.3399 0.9403 0.0193
vn -0.8538 0.4999 -0.1455
vn -0.4059 0.9102 0.0823
vn -0.3422 0.8379 -0.4252
vn 0.8581 0.3793 0.3461
vn 0.4146 0.8520 0.3198
vn 0.3491 0.5673 0.7458
vn -0.8478 0.4351 0.3032
vn -0.3974 0.5077 0.7644
vn -0.3310 0.8587 0.3912
vn 0.4416 -0.3922 0.8069
vn 0.9190 -0.1773 0.3521
vn -0.4210 -0.3907 0.8186
vn -0.9098 -0.1739 0.3770
vn 0.0136 0.2472 0.9689
vn 0.0127 -0.2472 0.9689
vn 0.0039 -0.9117 0.4108
vn 0.0097 -0.6034 0.7974
vn 0.4324 -0.8804 0.1949
vn 0.9149 -0.3962 0.0776
vn -0.4302 -0.8788 0.2066
vn -0.9139 -0.3928 0.1025
vn -0.0078 -0.8897 -0.4566
vn -0.0015 -0.9997 0.0254
vn 0.4224 -0.7062 -0.5683
vn 0.9104 -0.3180 -0.2647
vn -0.4403 -0.7046 -0.5566
vn -0.9184 -0.3147 -0.2398
vn -0.0137 -0.1977 -0.9802
vn -0.0116 -0.6432 -0.7656
vn 0.4190 -0.0008 -0.9080
vn 0.9089 -0.0017 -0.4170
vn -0.4436 0.0008 -0.8962
vn -0.9199 0.0017 -0.3922
vn -0.0092 0.6432 -0.7657
vn -0.0130 0.1977 -0.9802
vn 0.4250 0.7046 -0.5683
vn 0.9115 0.3147 -0.2647
vn -0.4377 0.7062 -0.5566
vn -0.9172 0.3180 -0.2398
vn 0.0022 0.9997 0.0254
vn -0.0046 0.8897 -0.4566
vn 0.4357 0.8788 0.1949
vn 0.9163 0.3928 0.0776
vn -0.4270 0.8804 0.2066
vn -0.9124 0.3962 0.1025
vn 0.0119 0.6034 0.7973
vn 0.0073 0.9117 0.4108
vn 0.4431 0.3906 0.8069
vn 0.9197 0.1739 0.3521
vn -0.4195 0.3922 0.8186
vn -0.9091 0.1773 0.3769
vn 0.9999 -0.0018 -0.0136
vn 0.0114 -0.4339 0.9009
vn 0.0130 0.4339 0.9009
vn -0.9999 0.0018 0.0136
vn 0.0012 -0.9749 0.2225
vn -0.0099 -0.7818 -0.6234
vn -0.0136 -0.0000 -0.9999
vn -0.0070 0.7818 -0.6235
vn 0.0048 0.9749 0.2225
vn 0.8390 -0.0390 0.5427
vn 0.3849 0.2788 0.8798
vn 0.3150 -0.2314 0.9205
vn -0.8660 0.0390 0.4985
vn -0.4300 -0.2788 0.8587
vn -0.3623 0.2314 0.9029
vn 0.8464 -0.4303 0.3138
vn 0.3907 -0.5054 0.7693
vn 0.3310 -0.8568 0.3954
vn -0.8602 -0.3840 0.3355
vn -0.4137 -0.8543 0.3148
vn -0.3551 -0.5692 0.7415
vn 0.8583 -0.4951 -0.1348
vn 0.4099 -0.9079 0.0875
vn 0.3521 -0.8360 -0.4208
vn -0.8485 -0.5203 -0.0968
vn -0.3935 -0.7876 -0.4742
vn -0.3349 -0.9421 0.0152
vn 0.8657 -0.1847 -0.4652
vn 0.4281 -0.6255 -0.6523
vn 0.3624 -0.1848 -0.9135
vn -0.8397 -0.2672 -0.4728
vn -0.3846 -0.1290 -0.9140
vn -0.3168 -0.6066 -0.7292
vn 0.8631 0.2672 -0.4286
vn 0.4315 0.1290 -0.8928
vn 0.3542 0.6066 -0.7117
vn -0.8404 0.1847 -0.5095
vn -0.3937 0.6255 -0.6736
vn -0.3145 0.1848 -0.9311
vn 0.8523 0.5203 -0.0526
vn 0.4176 0.7876 -0.4531
vn 0.3336 0.9421 0.0326
vn -0.8502 0.4951 -0.1792
vn -0.4139 0.9079 0.0661
vn -0.3298 0.8360 -0.4385
vn 0.8416 0.3840 0.3797
vn 0.3968 0.8543 0.3358
vn 0.3162 0.5692 0.7590
vn -0.8616 0.4303 0.2694
vn -0.4301 0.5054 0.7480
vn -0.3511 0.8568 0.3777
vn 0.4116 -0.3898 0.8238
vn 0.9054 -0.1721 0.3882
vn -0.4508 -0.3931 0.8014
vn -0.9230 -0.1790 0.3407
vn -0.0261 0.2472 0.9686
vn -0.0242 -0.2472 0.9687
vn -0.0072 -0.9117 0.4108
vn -0.0184 -0.6034 0.7972
vn 0.4293 -0.8779 0.2120
vn 0.9133 -0.3910 0.1138
vn -0.4331 -0.8812 0.1896
vn -0.9150 -0.3979 0.0663
vn 0.0152 -0.8896 -0.4564
vn 0.0031 -0.9997 0.0255
vn 0.4485 -0.7037 -0.5511
vn 0.9219 -0.3129 -0.2284
vn -0.4139 -0.7070 -0.5734
vn -0.9064 -0.3198 -0.2759
vn 0.0262 -0.1977 -0.9799
vn 0.0223 -0.6431 -0.7654
vn 0.4546 0.0016 -0.8907
vn 0.9247 0.0034 -0.3808
vn -0.4078 -0.0016 -0.9131
vn -0.9037 -0.0034 -0.4282
vn 0.0175 0.6431 -0.7655
vn 0.0247 0.1977 -0.9800
vn 0.4431 0.7070 -0.5512
vn 0.9195 0.3198 -0.2285
vn -0.4193 0.7037 -0.5736
vn -0.9088 0.3129 -0.2760
vn -0.0044 0.9997 0.0253
vn 0.0085 0.8896 -0.4566
vn 0.4227 0.8812 0.2118
vn 0.9103 0.3979 0.1137
vn -0.4397 0.8779 0.1894
vn -0.9180 0.3910 0.0662
vn -0.0230 0.6034 0.7971
vn -0.0141 0.9117 0.4106
vn 0.4086 0.3931 0.8237
vn 0.9040 0.1790 0.3882
vn -0.4538 0.3898 0.8013
vn -0.9243 0.1721 0.3407
vn 0.9997 0.0038 0.0260
vn -0.0218 -0.4339 0.9007
vn -0.0250 0.4339 0.9006
vn -0.9997 -0.0038 -0.0260
vn -0.0021 -0.9749 0.2225
vn 0.0191 -0.7818 -0.6232
vn 0.0260 -0.0000 -0.9997
vn 0.0132 0.7818 -0.6234
vn -0.0094 0.9749 0.2224
vn 0.8443 -0.0402 0.5344
vn 0.3939 0.2782 0.8760
vn 0.3238 -0.2319 0.9173
vn -0.8610 0.0402 0.5070
vn -0.4219 -0.2782 0.8629
vn -0.3531 0.2318 0.9064
vn 0.8489 -0.4314 0.3054
vn 0.3976 -0.5060 0.7654
vn 0.3337 -0.8573 0.3921
vn -0.8574 -0.3829 0.3440
vn -0.4117 -0.8537 0.3188
vn -0.3485 -0.5688 0.7450
vn 0.8563 -0.4962 -0.1433
vn 0.4096 -0.9085 0.0834
vn 0.3468 -0.8365 -0.4243
vn -0.8501 -0.5192 -0.0884
vn -0.3992 -0.7871 -0.4703
vn -0.3360 -0.9417 0.0185
vn 0.8608 -0.1858 -0.4737
vn 0.4208 -0.6261 -0.6565
vn 0.3531 -0.1852 -0.9170
vn -0.8446 -0.2661 -0.4645
vn -0.3938 -0.1285 -0.9102
vn -0.3248 -0.6061 -0.7260
vn 0.8591 0.2661 -0.4371
vn 0.4228 0.1285 -0.8971
vn 0.3480 0.6061 -0.7152
vn -0.8452 0.1858 -0.5012
vn -0.3995 0.6261 -0.6697
vn -0.3235 0.1852 -0.9279
vn 0.8525 0.5192 -0.0610
vn 0.4141 0.7871 -0.4572
vn 0.3352 0.9417 0.0293
vn -0.8512 0.4963 -0.1708
vn -0.4120 0.9085 0.0702
vn -0.3330 0.8365 -0.4352
vn 0.8459 0.3829 0.3714
vn 0.4013 0.8537 0.3319
vn 0.3244 0.5688 0.7558
vn -0.8583 0.4314 0.2779
vn -0.4220 0.5060 0.7522
vn -0.3462 0.8573 0.3812
vn 0.4192 -0.3904 0.8197
vn 0.9089 -0.1734 0.3792
vn -0.4434 -0.3925 0.8058
vn -0.9198 -0.1778 0.3498
vn -0.0162 0.2472 0.9688
vn -0.0150 -0.2472 0.9688
vn -0.0044 -0.9117 0.4108
vn -0.0114 -0.6034 0.7973
vn 0.4302 -0.8785 0.2077
vn 0.9139 -0.3923 0.1047
vn -0.4324 -0.8806 0.1938
vn -0.9148 -0.3967 0.0753
vn 0.0095 -0.8897 -0.4565
vn 0.0020 -0.9997 0.0254
vn 0.4420 -0.7043 -0.5555
vn 0.9192 -0.3141 -0.2375
vn -0.4205 -0.7064 -0.5693
vn -0.9095 -0.3186 -0.2669
vn 0.0162 -0.1977 -0.9801
vn 0.0139 -0.6431 -0.7656
vn 0.4458 0.0010 -0.8951
vn 0.9209 0.0022 -0.3899
vn -0.4168 -0.0010 -0.9090
vn -0.9078 -0.0022 -0.4193
vn 0.0107 0.6432 -0.7657
vn 0.0153 0.1977 -0.9801
vn 0.4386 0.7064 -0.5555
vn 0.9176 0.3186 -0.2376
vn -0.4240 0.7043 -0.5694
vn -0.9111 0.3141 -0.2670
vn -0.0028 0.9997 0.0254
vn 0.0052 0.8897 -0.4566
vn 0.4259 0.8806 0.2076
vn 0.9120 0.3967 0.1047
vn -0.4367 0.8785 0.1938
vn -0.9168 0.3923 0.0753
vn -0.0143 0.6034 0.7973
vn -0.0088 0.9117 0.4108
vn 0.4173 0.3925 0.8197
vn 0.9081 0.1778 0.3792
vn -0.4453 0.3904 0.8058
vn -0.9206 0.1733 0.3498
vn 0.9999 0.0024 0.0161
vn -0.0134 -0.4339 0.9009
vn -0.0155 0.4339 0.9008
vn -0.9999 -0.0024 -0.0161
vn -0.0012 -0.9749 0.2225
vn 0.0119 -0.7818 -0.6234
vn 0.0161 -0.0000 -0.9999
vn 0.0081 0.7818 -0.6234
vn -0.0059 0.9749 0.2225
vn 0.8600 -0.0480 0.5080
vn 0.4234 0.2745 0.8634
vn 0.3499 -0.2350 0.9069
vn -0.8445 0.0480 0.5334
vn -0.3975 -0.2745 0.8756
vn -0.3227 0.2350 0.9169
vn 0.8539 -0.4393 0.2790
vn 0.4165 -0.5097 0.7528
vn 0.3378 -0.8603 0.3817
vn -0.8498 -0.3750 0.3704
vn -0.4095 -0.8499 0.3315
vn -0.3305 -0.5656 0.7555
vn 0.8468 -0.5041 -0.1697
vn 0.4036 -0.9122 0.0708
vn 0.3258 -0.8396 -0.4347
vn -0.8571 -0.5113 -0.0619
vn -0.4208 -0.7833 -0.4576
vn -0.3439 -0.9386 0.0290
vn 0.8440 -0.1937 -0.5002
vn 0.3945 -0.6298 -0.6691
vn 0.3228 -0.1883 -0.9275
vn -0.8610 -0.2582 -0.4381
vn -0.4229 -0.1247 -0.8975
vn -0.3527 -0.6030 -0.7155
vn 0.8476 0.2582 -0.4636
vn 0.3960 0.1247 -0.9097
vn 0.3312 0.6030 -0.7257
vn -0.8585 0.1937 -0.4748
vn -0.4142 0.6298 -0.6571
vn -0.3503 0.1883 -0.9175
vn 0.8549 0.5113 -0.0875
vn 0.4070 0.7833 -0.4699
vn 0.3446 0.9386 0.0188
vn -0.8515 0.5041 -0.1444
vn -0.4013 0.9122 0.0828
vn -0.3386 0.8396 -0.4248
vn 0.8604 0.3750 0.3449
vn 0.4192 0.8499 0.3192
vn 0.3529 0.5656 0.7453
vn -0.8452 0.4393 0.3043
vn -0.3938 0.5098 0.7649
vn -0.3263 0.8603 0.3916
vn 0.4408 -0.3944 0.8064
vn 0.9186 -0.1818 0.3509
vn -0.4218 -0.3885 0.8192
vn -0.9101 -0.1694 0.3782
vn 0.0161 0.2472 0.9688
vn 0.0128 -0.2472 0.9689
vn -0.0001 -0.9117 0.4109
vn 0.0078 -0.6034 0.7974
vn 0.4283 -0.8825 0.1944
vn 0.9130 -0.4007 0.0764
vn -0.4343 -0.8766 0.2073
vn -0.9157 -0.3883 0.1037
vn -0.0128 -0.8896 -0.4565
vn -0.0064 -0.9997 0.0255
vn 0.4181 -0.7083 -0.5688
vn 0.9085 -0.3225 -0.2658
vn -0.4444 -0.7024 -0.5559
vn -0.9203 -0.3102 -0.2386
vn -0.0159 -0.1977 -0.9801
vn -0.0158 -0.6431 -0.7656
vn 0.4178 -0.0029 -0.9085
vn 0.9083 -0.0062 -0.4182
vn -0.4447 0.0029 -0.8957
vn -0.9204 0.0062 -0.3910
vn -0.0071 0.6431 -0.7657
vn -0.0133 0.1977 -0.9802
vn 0.4277 0.7024 -0.5689
vn 0.9127 0.3102 -0.2659
vn -0.4349 0.7083 -0.5561
vn -0.9160 0.3226 -0.2387
vn 0.0071 0.9997 0.0253
vn -0.0008 0.8896 -0.4567
vn 0.4402 0.8766 0.1942
vn 0.9184 0.3883 0.0764
vn -0.4223 0.8825 0.2071
vn -0.9103 0.4007 0.1036
vn 0.0160 0.6034 0.7973
vn 0.0123 0.9117 0.4107
vn 0.4461 0.3885 0.8063
vn 0.9210 0.1694 0.3509
vn -0.4165 0.3944 0.8191
vn -0.9077 0.1818 0.3781
vn 0.9999 -0.0068 -0.0149
vn 0.0105 -0.4339 0.9009
vn 0.0164 0.4339 0.9008
vn -0.9999 0.0068 0.0149
vn -0.0033 -0.9749 0.2226
vn -0.0146 -0.7818 -0.6233
vn -0.0149 -0.0000 -0.9999
vn -0.0040 0.7818 -0.6235
vn 0.0099 0.9749 0.2224
vn 0.8535 -0.0394 0.5197
vn 0.4088 0.2786 0.8690
vn 0.3399 -0.2315 0.9115
vn -0.8521 0.0394 0.5219
vn -0.4066 -0.2786 0.8701
vn -0.3375 0.2315 0.9124
vn 0.8545 -0.4306 0.2906
vn 0.4113 -0.5056 0.7584
vn 0.3413 -0.8569 0.3862
vn -0.8509 -0.3837 0.3588
vn -0.4053 -0.8541 0.3259
vn -0.3350 -0.5691 0.7510
vn 0.8541 -0.4955 -0.1582
vn 0.4118 -0.9081 0.0763
vn 0.3402 -0.8362 -0.4302
vn -0.8510 -0.5200 -0.0736
vn -0.4066 -0.7874 -0.4633
vn -0.3347 -0.9420 0.0244
vn 0.8526 -0.1850 -0.4886
vn 0.4099 -0.6257 -0.6637
vn 0.3373 -0.1849 -0.9231
vn -0.8523 -0.2669 -0.4498
vn -0.4094 -0.1289 -0.9032
vn -0.3368 -0.6065 -0.7203
vn 0.8512 0.2669 -0.4520
vn 0.4070 0.1289 -0.9043
vn 0.3349 0.6065 -0.7211
vn -0.8539 0.1850 -0.4864
vn -0.4116 0.6257 -0.6626
vn -0.3397 0.1849 -0.9222
vn 0.8508 0.5200 -0.0758
vn 0.4054 0.7874 -0.4643
vn 0.3348 0.9420 0.0235
vn -0.8545 0.4955 -0.1560
vn -0.4116 0.9081 0.0773
vn -0.3413 0.8362 -0.4293
vn 0.8518 0.3837 0.3566
vn 0.4062 0.8541 0.3249
vn 0.3370 0.5691 0.7501
vn -0.8537 0.4306 0.2928
vn -0.4094 0.5056 0.7595
vn -0.3403 0.8569 0.3871
vn 0.4337 -0.3900 0.8123
vn 0.9155 -0.1725 0.3634
vn -0.4290 -0.3929 0.8134
vn -0.9134 -0.1786 0.3658
vn 0.0004 0.2472 0.9690
vn 0.0021 -0.2472 0.9690
vn 0.0036 -0.9117 0.4108
vn 0.0031 -0.6034 0.7974
vn 0.4346 -0.8781 0.2002
vn 0.9159 -0.3914 0.0888
vn -0.4281 -0.8810 0.2013
vn -0.9130 -0.3976 0.0912
vn 0.0024 -0.8896 -0.4566
vn 0.0034 -0.9997 0.0254
vn 0.4330 -0.7039 -0.5631
vn 0.9152 -0.3133 -0.2535
vn -0.4297 -0.7068 -0.5619
vn -0.9137 -0.3194 -0.2511
vn -0.0006 -0.1977 -0.9803
vn 0.0012 -0.6432 -0.7657
vn 0.4302 0.0015 -0.9027
vn 0.9139 0.0031 -0.4058
vn -0.4325 -0.0015 -0.9016
vn -0.9150 -0.0031 -0.4035
vn -0.0032 0.6432 -0.7657
vn -0.0019 0.1977 -0.9803
vn 0.4282 0.7068 -0.5631
vn 0.9131 0.3194 -0.2535
vn -0.4345 0.7039 -0.5619
vn -0.9159 0.3133 -0.2511
vn -0.0033 0.9997 0.0254
vn -0.0036 0.8897 -0.4566
vn 0.4287 0.8810 0.2002
vn 0.9133 0.3976 0.0888
vn -0.4340 0.8781 0.2013
vn -0.9157 0.3914 0.0912
vn -0.0010 0.6034 0.7974
vn -0.0025 0.9117 0.4109
vn 0.4311 0.3929 0.8123
vn 0.9144 0.1786 0.3634
vn -0.4316 0.3900 0.8134
vn -0.9146 0.1725 0.3658
vn 1.0000 0.0034 -0.0013
vn 0.0026 -0.4339 0.9010
vn -0.0003 0.4339 0.9010
vn -1.0000 -0.0034 0.0013
vn 0.0036 -0.9749 0.2225
vn 0.0018 -0.7818 -0.6235
vn -0.0013 -0.0000 -1.0000
vn -0.0034 0.7818 -0.6235
vn -0.0030 0.9749 0.2225
vn 0.8408 -0.0358 0.5401
vn 0.3866 0.2803 0.8786
vn 0.3188 -0.2301 0.9195
vn -0.8646 0.0358 0.5012
vn -0.4263 -0.2803 0.8601
vn -0.3604 0.2301 0.9040
vn 0.8490 -0.4271 0.3111
vn 0.3950 -0.5039 0.7682
vn 0.3354 -0.8555 0.3944
vn -0.8577 -0.3872 0.3382
vn -0.4095 -0.8558 0.3161
vn -0.3507 -0.5704 0.7427
vn 0.8597 -0.4919 -0.1375
vn 0.4136 -0.9064 0.0863
vn 0.3539 -0.8348 -0.4218
vn -0.8468 -0.5235 -0.0941
vn -0.3920 -0.7891 -0.4729
vn -0.3313 -0.9434 0.0164
vn 0.8649 -0.1815 -0.4679
vn 0.4284 -0.6240 -0.6536
vn 0.3603 -0.1835 -0.9146
vn -0.8401 -0.2704 -0.4702
vn -0.3870 -0.1305 -0.9128
vn -0.3168 -0.6078 -0.7281
vn 0.8607 0.2704 -0.4314
vn 0.4282 0.1306 -0.8942
vn 0.3497 0.6078 -0.7129
vn -0.8427 0.1815 -0.5069
vn -0.3981 0.6240 -0.6724
vn -0.3181 0.1835 -0.9301
vn 0.8502 0.5235 -0.0553
vn 0.4132 0.7891 -0.4545
vn 0.3302 0.9434 0.0315
vn -0.8526 0.4919 -0.1765
vn -0.4171 0.9064 0.0673
vn -0.3343 0.8348 -0.4375
vn 0.8414 0.3872 0.3770
vn 0.3947 0.8558 0.3345
vn 0.3164 0.5705 0.7579
vn -0.8623 0.4271 0.2721
vn -0.4296 0.5039 0.7493
vn -0.3531 0.8555 0.3787
vn 0.4156 -0.3882 0.8225
vn 0.9072 -0.1687 0.3854
vn -0.4468 -0.3947 0.8029
vn -0.9212 -0.1824 0.3436
vn -0.0240 0.2472 0.9687
vn -0.0203 -0.2472 0.9687
vn -0.0025 -0.9117 0.4109
vn -0.0137 -0.6034 0.7973
vn 0.4332 -0.8763 0.2107
vn 0.9151 -0.3876 0.1109
vn -0.4292 -0.8828 0.1910
vn -0.9133 -0.4014 0.0692
vn 0.0171 -0.8896 -0.4564
vn 0.0069 -0.9996 0.0256
vn 0.4494 -0.7021 -0.5524
vn 0.9223 -0.3095 -0.2313
vn -0.4131 -0.7086 -0.5721
vn -0.9061 -0.3232 -0.2730
vn 0.0239 -0.1977 -0.9800
vn 0.4518 0.0032 -0.8921
vn 0.9234 0.0069 -0.3837
vn -0.4106 -0.0032 -0.9118
vn -0.9050 -0.0069 -0.4254
vn 0.0126 0.6431 -0.7657
vn 0.0209 0.1977 -0.9800
vn 0.4388 0.7086 -0.5526
vn 0.9176 0.3232 -0.2314
vn -0.4237 0.7021 -0.5723
vn -0.9108 0.3095 -0.2731
vn -0.0081 0.9996 0.0252
vn 0.0037 0.8896 -0.4567
vn 0.4200 0.8828 0.2104
vn 0.9092 0.4014 0.1108
vn -0.4424 0.8763 0.1907
vn -0.9192 0.3876 0.0691
vn -0.0227 0.6034 0.7971
vn -0.0162 0.9117 0.4106
vn 0.4098 0.3947 0.8224
vn 0.9046 0.1824 0.3853
vn -0.4527 0.3882 0.8027
vn -0.9239 0.1687 0.3436
vn 0.9997 0.0075 0.0228
vn -0.0173 -0.4339 0.9008
vn -0.0238 0.4339 0.9007
vn -0.9997 -0.0075 -0.0228
vn 0.0022 -0.9749 0.2226
vn 0.0201 -0.7818 -0.6232
vn 0.0228 -0.0000 -0.9997
vn 0.0084 0.7818 -0.6235
vn -0.0124 0.9749 0.2223
vn 0.8481 -0.0385 0.5284
vn 0.3996 0.2791 0.8732
vn 0.3308 -0.2312 0.9150
vn -0.8574 0.0384 0.5132
vn -0.4151 -0.2791 0.8659
vn -0.3471 0.2312 0.9089
vn 0.8519 -0.4297 0.2993
vn 0.4041 -0.5052 0.7626
vn 0.3382 -0.8566 0.3897
vn -0.8541 -0.3846 0.3501
vn -0.4078 -0.8545 0.3218
vn -0.3421 -0.5694 0.7475
vn 0.8562 -0.4945 -0.1494
vn 0.4120 -0.9076 0.0805
vn 0.3454 -0.8358 -0.4267
vn -0.8497 -0.5209 -0.0823
vn -0.4010 -0.7879 -0.4674
vn -0.3339 -0.9424 0.0209
vn 0.8578 -0.1841 -0.4799
vn 0.4173 -0.6253 -0.6595
vn 0.3469 -0.1846 -0.9196
vn -0.8474 -0.2678 -0.4585
vn -0.4000 -0.1293 -0.9074
vn -0.3288 -0.6068 -0.7237
vn 0.8555 0.2678 -0.4433
vn 0.4161 0.1293 -0.9001
vn 0.3416 0.6068 -0.7177
vn -0.8491 0.1841 -0.4951
vn -0.4055 0.6253 -0.6668
vn -0.3305 0.1845 -0.9256
vn 0.8510 0.5209 -0.0671
vn 0.4093 0.7879 -0.4602
vn 0.3335 0.9424 0.0269
vn -0.8534 0.4945 -0.1647
vn -0.4133 0.9076 0.0731
vn -0.3378 0.8358 -0.4328
vn 0.8477 0.3846 0.3653
vn 0.4019 0.8545 0.3290
vn 0.3287 0.5694 0.7535
vn -0.8571 0.4297 0.2841
vn -0.4176 0.5052 0.7552
vn -0.3451 0.8566 0.3836
vn 0.4258 -0.3895 0.8167
vn 0.9120 -0.1715 0.3727
vn -0.4368 -0.3933 0.8090
vn -0.9169 -0.1796 0.3564
vn -0.0097 0.2472 0.9689
vn -0.0076 -0.2472 0.9689
vn 0.0004 -0.9117 0.4109
vn -0.0044 -0.6034 0.7974
vn 0.4334 -0.8776 0.2046
vn 0.9154 -0.3904 0.0982
vn -0.4292 -0.8815 0.1969
vn -0.9135 -0.3985 0.0819
vn 0.0080 -0.8896 -0.4566
vn 0.0042 -0.9997 0.0254
vn 0.4395 -0.7034 -0.5586
vn 0.9181 -0.3123 -0.2441
vn -0.4232 -0.7073 -0.5663
vn -0.9108 -0.3204 -0.2604
vn 0.0096 -0.1977 -0.9802
vn 0.0097 -0.6432 -0.7657
vn 0.4394 0.0019 -0.8983
vn 0.9180 0.0040 -0.3965
vn -0.4233 -0.0019 -0.9060
vn -0.9108 -0.0040 -0.4128
vn 0.0040 0.6431 -0.7657
vn 0.0079 0.1977 -0.9802
vn 0.4332 0.7073 -0.5587
vn 0.9153 0.3204 -0.2441
vn -0.4294 0.7034 -0.5664
vn -0.9136 0.3123 -0.2605
vn -0.0047 0.9997 0.0254
vn 0.0001 0.8896 -0.4567
vn 0.4256 0.8815 0.2046
vn 0.9119 0.3985 0.0982
vn -0.4370 0.8776 0.1969
vn -0.9170 0.3904 0.0819
vn -0.0098 0.6034 0.7974
vn -0.0077 0.9117 0.4108
vn 0.4223 0.3933 0.8166
vn 0.9104 0.1796 0.3727
vn -0.4403 0.3895 0.8090
vn -0.9185 0.1715 0.3564
vn 1.0000 0.0044 0.0089
vn -0.0061 -0.4339 0.9010
vn -0.0100 0.4339 0.9009
vn -1.0000 -0.0044 -0.0089
vn 0.0023 -0.9749 0.2226
vn 0.0090 -0.7818 -0.6234
vn 0.0089 -0.0000 -1.0000
vn 0.0021 0.7818 -0.6235
vn -0.0063 0.9749 0.2225
vn -0.0175 0.5258 0.8504
vn 0.2889 0.8720 0.3953
vn -0.2229 0.9139 0.3392
vn 0.0173 0.5157 -0.8566
vn -0.2892 0.8671 -0.4055
vn 0.2226 0.9100 -0.3499
vn -0.4085 0.2967 0.8632
vn -0.4950 0.7613 0.4187
vn -0.8479 0.3887 0.3605
vn -0.4055 0.3527 -0.8433
vn -0.8643 0.3230 -0.3856
vn -0.5776 0.7485 -0.3256
vn -0.4733 -0.1520 0.8677
vn -0.8972 0.0792 0.4345
vn -0.8271 -0.4278 0.3646
vn -0.5417 -0.0797 -0.8368
vn -0.7975 -0.4662 -0.3829
vn -0.9503 0.0219 -0.3105
vn -0.1629 -0.4825 0.8606
vn -0.6148 -0.6607 0.4306
vn -0.1760 -0.9206 0.3486
vn -0.2886 -0.4559 -0.8419
vn -0.1392 -0.9061 -0.3994
vn -0.6148 -0.7227 -0.3159
vn 0.2888 -0.4459 0.8472
vn 0.1395 -0.9013 0.4101
vn 0.6150 -0.7187 0.3244
vn 0.1631 -0.4925 -0.8549
vn 0.6150 -0.6655 -0.4228
vn 0.1763 -0.9246 -0.3378
vn 0.5417 -0.0697 0.8377
vn 0.7977 -0.4614 0.3883
vn 0.9503 0.0259 0.3103
vn 0.4733 -0.1621 -0.8658
vn 0.8972 0.0744 -0.4354
vn 0.8272 -0.4318 -0.3596
vn 0.4054 0.3627 0.8391
vn 0.8642 0.3278 0.3817
vn 0.5774 0.7525 0.3168
vn 0.4085 0.2866 -0.8666
vn 0.4948 0.7565 -0.4277
vn 0.8478 0.3847 -0.3650
vn -0.3789 0.8154 0.4378
vn -0.1489 0.3700 0.9170
vn -0.4040 0.8103 -0.4245
vn -0.2022 0.3592 -0.9111
vn 0.2469 0.9689 -0.0129
vn -0.2473 0.9689 0.0015
vn -0.9114 0.4108 0.0241
vn -0.6033 0.7974 0.0129
vn -0.8667 0.2033 0.4556
vn -0.3677 0.0954 0.9250
vn -0.8918 0.1982 -0.4067
vn -0.4210 0.0847 -0.9031
vn -0.8892 -0.4566 0.0286
vn -0.9993 0.0254 0.0289
vn -0.6924 -0.5600 0.4550
vn -0.2896 -0.2469 0.9248
vn -0.7175 -0.5650 -0.4073
vn -0.3428 -0.2577 -0.9034
vn -0.1974 -0.9802 0.0115
vn -0.6427 -0.7657 0.0232
vn 0.0127 -0.8996 0.4365
vn 0.0267 -0.3992 0.9165
vn -0.0124 -0.9047 -0.4258
vn -0.0265 -0.4100 -0.9117
vn 0.6430 -0.7657 -0.0142
vn 0.1978 -0.9802 -0.0000
vn 0.7177 -0.5599 0.4140
vn 0.3429 -0.2469 0.9063
vn 0.6926 -0.5650 -0.4484
vn 0.2897 -0.2577 -0.9218
vn 0.9992 0.0254 -0.0292
vn 0.8894 -0.4566 -0.0232
vn 0.8917 0.2033 0.4044
vn 0.4209 0.0954 0.9021
vn 0.8666 0.1982 -0.4579
vn 0.3677 0.0847 -0.9261
vn 0.6030 0.7974 -0.0222
vn 0.9112 0.4109 -0.0289
vn 0.4037 0.8154 0.4150
vn 0.2020 0.3699 0.9068
vn 0.3786 0.8103 -0.4473
vn 0.1488 0.3592 -0.9213
vn 0.0291 0.0059 0.9996
vn -0.4339 0.9010 0.0073
vn 0.4335 0.9010 -0.0179
vn -0.0291 -0.0059 -0.9996
vn -0.9746 0.2225 0.0271
vn -0.7814 -0.6235 0.0264
vn 0.0002 -1.0000 0.0059
vn 0.7816 -0.6235 -0.0191
vn 0.9745 0.2225 -0.0297
vn -0.0271 0.5185 0.8546
vn 0.2845 0.8685 0.4060
vn -0.2266 0.9111 0.3444
vn 0.0272 0.5231 -0.8519
vn -0.2844 0.8707 -0.4013
vn 0.2267 0.9129 -0.3395
vn -0.4183 0.2894 0.8610
vn -0.4996 0.7578 0.4196
vn -0.8519 0.3858 0.3541
vn -0.3959 0.3600 -0.8448
vn -0.8598 0.3265 -0.3926
vn -0.5738 0.7514 -0.3258
vn -0.4832 -0.1593 0.8609
vn -0.9021 0.0757 0.4249
vn -0.8312 -0.4307 0.3515
vn -0.5321 -0.0724 -0.8435
vn -0.7932 -0.4627 -0.3959
vn -0.9467 0.0248 -0.3211
vn -0.1728 -0.4898 0.8545
vn -0.6198 -0.6642 0.4179
vn -0.1801 -0.9235 0.3387
vn -0.2791 -0.4486 -0.8490
vn -0.1347 -0.9027 -0.4087
vn -0.6112 -0.7198 -0.3291
vn 0.2790 -0.4532 0.8466
vn 0.1347 -0.9048 0.4039
vn 0.6112 -0.7216 0.3252
vn 0.1728 -0.4853 -0.8571
vn 0.6197 -0.6621 -0.4214
vn 0.1800 -0.9217 -0.3436
vn 0.5321 -0.0770 0.8432
vn 0.7932 -0.4649 0.3934
vn 0.9467 0.0230 0.3212
vn 0.4831 -0.1548 -0.8618
vn 0.9021 0.0779 -0.4245
vn 0.8312 -0.4289 -0.3538
vn 0.3959 0.3554 0.8467
vn 0.8598 0.3243 0.3943
vn 0.5739 0.7496 0.3298
vn 0.4183 0.2940 -0.8594
vn 0.4997 0.7600 -0.4155
vn 0.8520 0.3876 -0.3520
vn -0.3837 0.8117 0.4404
vn -0.1593 0.3621 0.9184
vn -0.3990 0.8140 -0.4222
vn -0.1917 0.3670 -0.9102
vn 0.2472 0.9690 -0.0018
vn -0.2471 0.9690 0.0070
vn -0.9115 0.4108 0.0172
vn -0.6033 0.7974 0.0128
vn -0.8718 0.1996 0.4474
vn -0.3782 0.0876 0.9216
vn -0.8871 0.2019 -0.4152
vn -0.4106 0.0925 -0.9071
vn -0.8895 -0.4566 0.0145
vn -0.9995 0.0254 0.0178
vn -0.6976 -0.5637 0.4423
vn -0.3001 -0.2547 0.9193
vn -0.7129 -0.5614 -0.4203
vn -0.3325 -0.2499 -0.9094
vn -0.1977 -0.9803 0.0009
vn -0.6431 -0.7657 0.0094
vn 0.0076 -0.9033 0.4289
vn 0.0162 -0.4071 0.9132
vn -0.0077 -0.9010 -0.4337
vn -0.0162 -0.4022 -0.9154
vn 0.6430 -0.7657 -0.0134
vn 0.1976 -0.9803 -0.0061
vn 0.7129 -0.5637 0.4173
vn 0.3325 -0.2547 0.9081
vn 0.6976 -0.5614 -0.4453
vn 0.3001 -0.2499 -0.9206
vn 0.9995 0.0254 -0.0176
vn 0.8895 -0.4566 -0.0170
vn 0.8871 0.1996 0.4162
vn 0.4106 0.0876 0.9076
vn 0.8718 0.2019 -0.4463
vn 0.3783 0.0925 -0.9211
vn 0.6034 0.7974 -0.0086
vn 0.9116 0.4108 -0.0150
vn 0.3991 0.8117 0.4265
vn 0.1918 0.3621 0.9122
vn 0.3838 0.8140 -0.4360
vn 0.1594 0.3670 -0.9165
vn 0.0177 -0.0027 0.9998
vn -0.4338 0.9010 0.0101
vn 0.4339 0.9010 -0.0053
vn -0.0177 0.0027 -0.9998
vn -0.9748 0.2225 0.0179
vn -0.7817 -0.6235 0.0122
vn -0.0000 -1.0000 -0.0027
vn 0.7817 -0.6235 -0.0155
vn 0.9748 0.2225 -0.0167
vn -0.0665 0.5133 0.8556
vn 0.2653 0.8660 0.4239
vn -0.2424 0.9090 0.3391
vn 0.0663 0.5282 -0.8465
vn -0.2658 0.8731 -0.4088
vn 0.2419 0.9149 -0.3232
vn -0.4576 0.2842 0.8425
vn -0.5186 0.7553 0.4007
vn -0.8674 0.3837 0.3168
vn -0.3566 0.3651 -0.8600
vn -0.8409 0.3289 -0.4298
vn -0.5583 0.7534 -0.3473
vn -0.5223 -0.1645 0.8368
vn -0.9207 0.0732 0.3833
vn -0.8465 -0.4327 0.3102
vn -0.4927 -0.0673 -0.8676
vn -0.7740 -0.4602 -0.4348
vn -0.9309 0.0269 -0.3643
vn -0.2119 -0.4950 0.8427
vn -0.6383 -0.6667 0.3849
vn -0.1953 -0.9255 0.3244
vn -0.2396 -0.4434 -0.8637
vn -0.1156 -0.9001 -0.4200
vn -0.5953 -0.7177 -0.3612
vn 0.2398 -0.4583 0.8558
vn 0.1161 -0.9073 0.4042
vn 0.5957 -0.7236 0.3487
vn 0.2122 -0.4801 -0.8512
vn 0.6386 -0.6596 -0.3964
vn 0.1958 -0.9196 -0.3405
vn 0.4927 -0.0821 0.8663
vn 0.7743 -0.4673 0.4267
vn 0.9309 0.0210 0.3647
vn 0.5224 -0.1496 -0.8395
vn 0.9207 0.0804 -0.3820
vn 0.8467 -0.4268 -0.3177
vn 0.3564 0.3503 0.8662
vn 0.8407 0.3218 0.4355
vn 0.5579 0.7475 0.3604
vn 0.4575 0.2991 -0.8374
vn 0.5182 0.7625 -0.3875
vn 0.8672 0.3896 -0.3100
vn -0.4037 0.8091 0.4271
vn -0.2015 0.3566 0.9123
vn -0.3792 0.8166 -0.4352
vn -0.1496 0.3725 -0.9159
vn 0.2469 0.9689 0.0155
vn -0.2474 0.9689 0.0014
vn -0.9114 0.4108 -0.0223
vn -0.6034 0.7974 -0.0102
vn -0.8915 0.1970 0.4079
vn -0.4203 0.0821 0.9037
vn -0.8670 0.2045 -0.4544
vn -0.3684 0.0980 -0.9245
vn -0.8892 -0.4566 -0.0292
vn -0.9993 0.0254 -0.0282
vn -0.7172 -0.5663 0.4062
vn -0.3421 -0.2603 0.9029
vn -0.6927 -0.5587 -0.4561
vn -0.2902 -0.2443 -0.9252
vn -0.1974 -0.9802 -0.0142
vn -0.6427 -0.7657 -0.0249
vn -0.0120 -0.9059 0.4233
vn -0.0259 -0.4126 0.9105
vn 0.0125 -0.8984 -0.4390
vn 0.0261 -0.3967 -0.9176
vn 0.6431 -0.7657 0.0116
vn 0.1978 -0.9802 -0.0029
vn 0.6930 -0.5662 0.4463
vn 0.2903 -0.2603 0.9209
vn 0.7175 -0.5587 -0.4160
vn 0.3423 -0.2443 -0.9073
vn 0.9993 0.0254 0.0286
vn 0.8894 -0.4566 0.0213
vn 0.8669 0.1970 0.4579
vn 0.3684 0.0821 0.9261
vn 0.8914 0.2045 -0.4044
vn 0.4203 0.0980 -0.9021
vn 0.6030 0.7974 0.0241
vn 0.9112 0.4108 0.0295
vn 0.3788 0.8090 0.4494
vn 0.1494 0.3566 0.9222
vn 0.4033 0.8166 -0.4130
vn 0.2014 0.3725 -0.9059
vn -0.0284 -0.0087 0.9996
vn -0.4339 0.9009 -0.0045
vn 0.4335 0.9009 0.0202
vn 0.0284 0.0087 -0.9996
vn -0.9746 0.2225 -0.0257
vn -0.7814 -0.6235 -0.0276
vn 0.0002 -1.0000 -0.0087
vn 0.7817 -0.6235 0.0168
vn 0.9745 0.2225 0.0296
vn -0.0561 0.5190 0.8530
vn 0.2706 0.8687 0.4149
vn -0.2382 0.9112 0.3360
vn 0.0561 0.5226 -0.8507
vn -0.2706 0.8704 -0.4112
vn 0.2381 0.9127 -0.3321
vn -0.4473 0.2899 0.8461
vn -0.5136 0.7581 0.4020
vn -0.8635 0.3860 0.3247
vn -0.3669 0.3595 -0.8580
vn -0.8460 0.3263 -0.4217
vn -0.5624 0.7512 -0.3455
vn -0.5121 -0.1589 0.8441
vn -0.9160 0.0759 0.3940
vn -0.8427 -0.4305 0.3233
vn -0.5032 -0.0729 -0.8611
vn -0.7793 -0.4629 -0.4223
vn -0.9353 0.0246 -0.3531
vn -0.2017 -0.4893 0.8484
vn -0.6336 -0.6640 0.3970
vn -0.1915 -0.9233 0.3329
vn -0.2501 -0.4491 -0.8578
vn -0.1208 -0.9029 -0.4126
vn -0.5997 -0.7200 -0.3492
vn 0.2501 -0.4527 0.8559
vn 0.1209 -0.9046 0.4087
vn 0.5998 -0.7214 0.3462
vn 0.2018 -0.4857 -0.8505
vn 0.6337 -0.6623 -0.3998
vn 0.1915 -0.9219 -0.3368
vn 0.5032 -0.0765 0.8608
vn 0.7793 -0.4647 0.4204
vn 0.9353 0.0232 0.3532
vn 0.5121 -0.1552 -0.8448
vn 0.9160 0.0777 -0.3936
vn 0.8427 -0.4291 -0.3252
vn 0.3669 0.3559 0.8595
vn 0.8460 0.3245 0.4231
vn 0.5623 0.7498 0.3487
vn 0.4473 0.2935 -0.8449
vn 0.5135 0.7598 -0.3987
vn 0.8634 0.3874 -0.3231
vn -0.3984 0.8119 0.4267
vn -0.1904 0.3626 0.9123
vn -0.3844 0.8138 -0.4359
vn -0.1607 0.3665 -0.9164
vn 0.2471 0.9690 0.0061
vn -0.2472 0.9690 -0.0019
vn -0.9116 0.4109 -0.0139
vn -0.6034 0.7974 -0.0081
vn -0.8865 0.1998 0.4174
vn -0.4093 0.0881 0.9081
vn -0.8725 0.2017 -0.4451
vn -0.3796 0.0920 -0.9206
vn -0.8895 -0.4566 -0.0154
vn -0.9995 0.0254 -0.0162
vn -0.7123 -0.5634 0.4186
vn -0.3312 -0.2542 0.9087
vn -0.6982 -0.5616 -0.4439
vn -0.3015 -0.2503 -0.9200
vn -0.1976 -0.9803 -0.0053
vn -0.6430 -0.7657 -0.0121
vn -0.0070 -0.9031 0.4294
vn -0.0148 -0.4066 0.9135
vn 0.0070 -0.9013 -0.4332
vn 0.0149 -0.4027 -0.9152
vn 0.6431 -0.7657 0.0088
vn 0.1977 -0.9803 0.0011
vn 0.6983 -0.5634 0.4415
vn 0.3015 -0.2542 0.9190
vn 0.7123 -0.5616 -0.4210
vn 0.3312 -0.2503 -0.9097
vn 0.9995 0.0254 0.0163
vn 0.8896 -0.4566 0.0135
vn 0.8724 0.1998 0.4460
vn 0.3796 0.0881 0.9210
vn 0.8864 0.2017 -0.4166
vn 0.4093 0.0920 -0.9077
vn 0.6033 0.7974 0.0115
vn 0.9116 0.4109 0.0157
vn 0.3844 0.8119 0.4394
vn 0.1607 0.3626 0.9180
vn 0.3984 0.8138 -0.4232
vn 0.1904 0.3665 -0.9107
vn -0.0162 -0.0021 0.9999
vn -0.4339 0.9010 -0.0051
vn 0.4338 0.9010 0.0090
vn 0.0162 0.0021 -0.9999
vn -0.9748 0.2225 -0.0154
vn -0.7817 -0.6235 -0.0140
vn -0.0000 -1.0000 -0.0021
vn 0.7818 -0.6235 0.0114
vn 0.9748 0.2225 0.0163
vn -0.0481 0.5120 0.8577
vn 0.2744 0.8653 0.4195
vn -0.2350 0.9084 0.3457
vn 0.0480 0.5295 -0.8469
vn -0.2745 0.8737 -0.4015
vn 0.2349 0.9154 -0.3269
vn -0.4393 0.2829 0.8526
vn -0.5098 0.7547 0.4130
vn -0.8604 0.3832 0.3360
vn -0.3750 0.3665 -0.8515
vn -0.8499 0.3296 -0.4110
vn -0.5657 0.7540 -0.3340
vn -0.5041 -0.1658 0.8476
vn -0.9122 0.0726 0.4032
vn -0.8396 -0.4332 0.3278
vn -0.5113 -0.0659 -0.8569
vn -0.7832 -0.4596 -0.4187
vn -0.9386 0.0274 -0.3440
vn -0.1937 -0.4963 0.8463
vn -0.6298 -0.6673 0.3975
vn -0.1883 -0.9260 0.3271
vn -0.2582 -0.4421 -0.8590
vn -0.1246 -0.8995 -0.4188
vn -0.6030 -0.7172 -0.3494
vn 0.2582 -0.4596 0.8497
vn 0.1248 -0.9079 0.4002
vn 0.6031 -0.7241 0.3346
vn 0.1937 -0.4787 -0.8563
vn 0.6299 -0.6589 -0.4112
vn 0.1884 -0.9191 -0.3461
vn 0.5113 -0.0835 0.8553
vn 0.7833 -0.4680 0.4092
vn 0.9386 0.0204 0.3445
vn 0.5041 -0.1483 -0.8508
vn 0.9122 0.0810 -0.4016
vn 0.8396 -0.4263 -0.3366
vn 0.3750 0.3489 0.8589
vn 0.8499 0.3212 0.4178
vn 0.5656 0.7470 0.3495
vn 0.4393 0.3005 -0.8466
vn 0.5097 0.7631 -0.3973
vn 0.8603 0.3902 -0.3281
vn -0.3944 0.8084 0.4370
vn -0.1818 0.3551 0.9170
vn -0.3885 0.8173 -0.4256
vn -0.1694 0.3740 -0.9118
vn 0.2472 0.9689 0.0117
vn -0.2473 0.9689 0.0083
vn -0.9117 0.4108 -0.0020
vn -0.6035 0.7974 0.0041
vn -0.8825 0.1963 0.4274
vn -0.4007 0.0806 0.9127
vn -0.8766 0.2052 -0.4352
vn -0.3883 0.0995 -0.9162
vn -0.8896 -0.4566 -0.0108
vn -0.9997 0.0254 -0.0065
vn -0.7082 -0.5669 0.4207
vn -0.3225 -0.2617 0.9097
vn -0.7024 -0.5580 -0.4419
vn -0.3101 -0.2428 -0.9192
vn -0.1976 -0.9802 -0.0115
vn -0.6431 -0.7657 -0.0123
vn -0.0029 -0.9066 0.4220
vn -0.0062 -0.4141 0.9102
vn 0.0030 -0.8977 -0.4406
vn 0.0062 -0.3952 -0.9186
vn 0.6432 -0.7657 -0.0035
vn 0.1977 -0.9802 -0.0088
vn 0.7024 -0.5669 0.4303
vn 0.3102 -0.2617 0.9140
vn 0.7083 -0.5580 -0.4323
vn 0.3226 -0.2428 -0.9149
vn 0.9997 0.0254 0.0071
vn 0.8897 -0.4566 0.0013
vn 0.8766 0.1963 0.4394
vn 0.3883 0.0806 0.9180
vn 0.8825 0.2052 -0.4233
vn 0.4007 0.0995 -0.9108
vn 0.6034 0.7974 0.0123
vn 0.9117 0.4108 0.0104
vn 0.3884 0.8083 0.4424
vn 0.1693 0.3551 0.9194
vn 0.3943 0.8172 -0.4203
vn 0.1818 0.3740 -0.9095
vn -0.0068 -0.0103 0.9999
vn -0.4339 0.9009 0.0063
vn 0.4338 0.9009 0.0122
vn 0.0068 0.0103 -0.9999
vn -0.9749 0.2225 -0.0043
vn -0.7818 -0.6235 -0.0117
vn 0.0001 -0.9999 -0.0103
vn 0.7819 -0.6235 -0.0011
vn 0.9749 0.2225 0.0089
vn -0.0310 0.5220 0.8524
vn 0.2826 0.8701 0.4037
vn -0.2282 0.9124 0.3397
vn 0.0310 0.5196 -0.8539
vn -0.2826 0.8690 -0.4062
vn 0.2282 0.9115 -0.3422
vn -0.4222 0.2929 0.8579
vn -0.5016 0.7595 0.4142
vn -0.8535 0.3872 0.3486
vn -0.3921 0.3565 -0.8481
vn -0.8580 0.3248 -0.3978
vn -0.5724 0.7500 -0.3314
vn -0.4870 -0.1558 0.8594
vn -0.9040 0.0774 0.4205
vn -0.8328 -0.4293 0.3495
vn -0.5283 -0.0759 -0.8456
vn -0.7914 -0.4644 -0.3976
vn -0.9453 0.0234 -0.3255
vn -0.1766 -0.4863 0.8557
vn -0.6216 -0.6626 0.4178
vn -0.1816 -0.9221 0.3416
vn -0.2752 -0.4521 -0.8484
vn -0.1329 -0.9043 -0.4056
vn -0.6097 -0.7212 -0.3289
vn 0.2752 -0.4497 0.8497
vn 0.1329 -0.9032 0.4082
vn 0.6097 -0.7202 0.3309
vn 0.1766 -0.4887 -0.8544
vn 0.6216 -0.6637 -0.4159
vn 0.1816 -0.9231 -0.3390
vn 0.5283 -0.0735 0.8459
vn 0.7914 -0.4632 0.3989
vn 0.9453 0.0244 0.3254
vn 0.4870 -0.1583 -0.8589
vn 0.9040 0.0762 -0.4207
vn 0.8328 -0.4303 -0.3483
vn 0.3921 0.3589 0.8470
vn 0.8580 0.3260 0.3969
vn 0.5723 0.7510 0.3293
vn 0.4222 0.2905 -0.8587
vn 0.5015 0.7584 -0.4164
vn 0.8535 0.3862 -0.3497
vn -0.3857 0.8135 0.4353
vn -0.1635 0.3659 0.9162
vn -0.3971 0.8122 -0.4273
vn -0.1876 0.3633 -0.9126
vn 0.2472 0.9690 -0.0046
vn -0.2472 0.9690 0.0019
vn -0.9116 0.4109 0.0115
vn -0.6034 0.7974 0.0068
vn -0.8738 0.2014 0.4426
vn -0.3824 0.0913 0.9195
vn -0.8852 0.2001 -0.4200
vn -0.4065 0.0887 -0.9093
vn -0.8896 -0.4566 0.0124
vn -0.9996 0.0254 0.0132
vn -0.6996 -0.5619 0.4414
vn -0.3043 -0.2510 0.9189
vn -0.7110 -0.5631 -0.4212
vn -0.3284 -0.2536 -0.9099
vn -0.1976 -0.9803 0.0040
vn -0.6431 -0.7657 0.0096
vn 0.0057 -0.9016 0.4326
vn 0.0121 -0.4033 0.9150
vn -0.0057 -0.9028 -0.4300
vn -0.0121 -0.4059 -0.9138
vn 0.6431 -0.7657 -0.0074
vn 0.1977 -0.9803 -0.0012
vn 0.7110 -0.5619 0.4228
vn 0.3284 -0.2510 0.9106
vn 0.6996 -0.5631 -0.4398
vn 0.3043 -0.2536 -0.9182
vn 0.9996 0.0254 -0.0132
vn 0.8896 -0.4566 -0.0111
vn 0.8852 0.2014 0.4194
vn 0.4065 0.0913 0.9091
vn 0.8738 0.2001 -0.4432
vn 0.3824 0.0887 -0.9197
vn 0.6034 0.7974 -0.0091
vn 0.9116 0.4109 -0.0126
vn 0.3971 0.8135 0.4250
vn 0.1876 0.3659 0.9116
vn 0.3857 0.8122 -0.4376
vn 0.1635 0.3633 -0.9172
vn 0.0132 0.0014 0.9999
vn -0.4339 0.9010 0.0045
vn 0.4338 0.9010 -0.0070
vn -0.0132 -0.0014 -0.9999
vn -0.9748 0.2225 0.0126
vn -0.7818 -0.6235 0.0112
vn -0.0000 -1.0000 0.0014
vn 0.7818 -0.6235 -0.0094
vn 0.9748 0.2225 -0.0132
vn -0.0531 0.5136 0.8564
vn 0.2720 0.8661 0.4195
vn -0.2370 0.9091 0.3426
vn 0.0530 0.5280 -0.8476
vn -0.2721 0.8730 -0.4048
vn 0.2369 0.9148 -0.3272
vn -0.4443 0.2844 0.8495
vn -0.5122 0.7554 0.4086
vn -0.8623 0.3838 0.3303
vn -0.3700 0.3649 -0.8544
vn -0.8475 0.3288 -0.4167
vn -0.5637 0.7534 -0.3387
vn -0.5091 -0.1643 0.8449
vn -0.9146 0.0734 0.3977
vn -0.8415 -0.4326 0.3236
vn -0.5063 -0.0675 -0.8597
vn -0.7808 -0.4603 -0.4225
vn -0.9365 0.0268 -0.3496
vn -0.1986 -0.4947 0.8460
vn -0.6322 -0.6666 0.3950
vn -0.1902 -0.9254 0.3277
vn -0.2531 -0.4436 -0.8597
vn -0.1222 -0.9003 -0.4179
vn -0.6009 -0.7178 -0.3516
vn 0.2532 -0.4581 0.8521
vn 0.1224 -0.9072 0.4026
vn 0.6011 -0.7235 0.3394
vn 0.1987 -0.4803 -0.8543
vn 0.6323 -0.6597 -0.4063
vn 0.1904 -0.9197 -0.3433
vn 0.5063 -0.0819 0.8585
vn 0.7809 -0.4672 0.4146
vn 0.9365 0.0211 0.3500
vn 0.5091 -0.1498 -0.8476
vn 0.9146 0.0803 -0.3964
vn 0.8416 -0.4269 -0.3309
vn 0.3699 0.3505 0.8604
vn 0.8474 0.3219 0.4222
vn 0.5635 0.7476 0.3514
vn 0.4442 0.2989 -0.8446
vn 0.5121 0.7624 -0.3957
vn 0.8622 0.3895 -0.3237
vn -0.3970 0.8092 0.4332
vn -0.1872 0.3568 0.9152
vn -0.3860 0.8165 -0.4294
vn -0.1640 0.3723 -0.9135
vn 0.2471 0.9689 0.0113
vn -0.2473 0.9689 0.0051
vn -0.9117 0.4108 -0.0081
vn -0.6035 0.7974 -0.0009
vn -0.8850 0.1971 0.4219
vn -0.4061 0.0823 0.9101
vn -0.8741 0.2044 -0.4407
vn -0.3829 0.0978 -0.9186
vn -0.8895 -0.4566 -0.0151
vn -0.9996 0.0254 -0.0125
vn -0.7107 -0.5661 0.4176
vn -0.3279 -0.2600 0.9082
vn -0.6998 -0.5588 -0.4450
vn -0.3047 -0.2445 -0.9205
vn -0.1976 -0.9802 -0.0108
vn -0.6430 -0.7657 -0.0146
vn -0.0054 -0.9058 0.4237
vn -0.0116 -0.4124 0.9109
vn 0.0056 -0.8985 -0.4389
vn 0.0116 -0.3969 -0.9178
vn 0.6432 -0.7657 0.0017
vn 0.1978 -0.9802 -0.0058
vn 0.6999 -0.5661 0.4355
vn 0.3048 -0.2600 0.9162
vn 0.7108 -0.5588 -0.4271
vn 0.3280 -0.2446 -0.9125
vn 0.9996 0.0254 0.0129
vn 0.8896 -0.4566 0.0074
vn 0.8740 0.1971 0.4441
vn 0.3829 0.0823 0.9201
vn 0.8849 0.2044 -0.4184
vn 0.4061 0.0978 -0.9086
vn 0.6033 0.7974 0.0144
vn 0.9116 0.4108 0.0150
vn 0.3859 0.8092 0.4431
vn 0.1639 0.3568 0.9197
vn 0.3968 0.8165 -0.4195
vn 0.1871 0.3723 -0.9091
vn -0.0127 -0.0085 0.9999
vn -0.4339 0.9009 0.0021
vn 0.4338 0.9009 0.0131
vn 0.0127 0.0085 -0.9999
vn -0.9749 0.2225 -0.0105
vn -0.7817 -0.6235 -0.0152
vn 0.0001 -1.0000 -0.0085
vn 0.7818 -0.6235 0.0046
vn 0.9748 0.2225 0.0142
vn -0.0434 0.5169 0.8549
vn 0.2767 0.8677 0.4130
vn -0.2331 0.9104 0.3417
vn 0.0434 0.5246 -0.8502
vn -0.2767 0.8714 -0.4051
vn 0.2331 0.9135 -0.3334
vn -0.4347 0.2878 0.8534
vn -0.5075 0.7571 0.4114
vn -0.8585 0.3851 0.3385
vn -0.3796 0.3616 -0.8515
vn -0.8522 0.3272 -0.4083
vn -0.5675 0.7520 -0.3353
vn -0.4995 -0.1609 0.8512
vn -0.9100 0.0750 0.4077
vn -0.8378 -0.4313 0.3348
vn -0.5159 -0.0709 -0.8537
vn -0.7855 -0.4619 -0.4118
vn -0.9404 0.0254 -0.3391
vn -0.1891 -0.4914 0.8502
vn -0.6276 -0.6650 0.4048
vn -0.1865 -0.9241 0.3335
vn -0.2628 -0.4470 -0.8550
vn -0.1269 -0.9019 -0.4129
vn -0.6049 -0.7192 -0.3420
vn 0.2628 -0.4548 0.8510
vn 0.1269 -0.9056 0.4047
vn 0.6049 -0.7222 0.3355
vn 0.1891 -0.4837 -0.8546
vn 0.6277 -0.6613 -0.4108
vn 0.1865 -0.9211 -0.3418
vn 0.5159 -0.0786 0.8530
vn 0.7855 -0.4656 0.4076
vn 0.9404 0.0224 0.3393
vn 0.4995 -0.1532 -0.8527
vn 0.9100 0.0787 -0.4070
vn 0.8378 -0.4282 -0.3387
vn 0.3797 0.3538 0.8548
vn 0.8522 0.3235 0.4113
vn 0.5675 0.7490 0.3421
vn 0.4347 0.2955 -0.8507
vn 0.5075 0.7608 -0.4045
vn 0.8585 0.3882 -0.3350
vn -0.3920 0.8109 0.4345
vn -0.1768 0.3604 0.9159
vn -0.3908 0.8148 -0.4282
vn -0.1743 0.3687 -0.9131
vn 0.2472 0.9689 0.0047
vn -0.2472 0.9689 0.0040
vn -0.9117 0.4109 0.0006
vn -0.6034 0.7974 0.0028
vn -0.8802 0.1988 0.4310
vn -0.3958 0.0859 0.9143
vn -0.8790 0.2027 -0.4317
vn -0.3932 0.0942 -0.9146
vn -0.8897 -0.4566 -0.0033
vn -0.9997 0.0254 -0.0013
vn -0.7060 -0.5645 0.4278
vn -0.3176 -0.2564 0.9129
vn -0.7048 -0.5606 -0.4349
vn -0.3151 -0.2481 -0.9160
vn -0.1977 -0.9803 -0.0047
vn -0.6431 -0.7657 -0.0044
vn -0.0006 -0.9041 0.4273
vn -0.0013 -0.4088 0.9126
vn 0.0006 -0.9002 -0.4354
vn 0.0013 -0.4005 -0.9163
vn 0.6432 -0.7657 -0.0026
vn 0.1977 -0.9803 -0.0042
vn 0.7048 -0.5645 0.4298
vn 0.3151 -0.2564 0.9138
vn 0.7060 -0.5605 -0.4329
vn 0.3176 -0.2481 -0.9152
vn 0.9997 0.0254 0.0015
vn 0.8897 -0.4566 -0.0008
vn 0.8790 0.1988 0.4335
vn 0.3932 0.0859 0.9154
vn 0.8802 0.2027 -0.4292
vn 0.3958 0.0942 -0.9135
vn 0.6034 0.7974 0.0044
vn 0.9117 0.4108 0.0031
vn 0.3908 0.8109 0.4356
vn 0.1743 0.3604 0.9164
vn 0.3920 0.8148 -0.4271
vn 0.1768 0.3687 -0.9126
vn -0.0014 -0.0045 1.0000
vn -0.4339 0.9010 0.0035
vn 0.4339 0.9010 0.0047
vn 0.0014 0.0045 -1.0000
vn -0.9749 0.2225 -0.0003
vn -0.7818 -0.6235 -0.0039
vn -0.0000 -1.0000 -0.0045
vn 0.7818 -0.6235 -0.0017
vn 0.9749 0.2225 0.0024
vn 0.8691 -0.0410 0.4929
vn 0.4361 0.2779 0.8559
vn 0.3676 -0.2322 0.9005
vn -0.8354 0.0410 0.5481
vn -0.3799 -0.2779 0.8823
vn -0.3086 0.2322 0.9224
vn 0.8623 -0.4322 0.2639
vn 0.4337 -0.5064 0.7453
vn 0.3515 -0.8576 0.3755
vn -0.8401 -0.3821 0.3851
vn -0.3966 -0.8533 0.3384
vn -0.3126 -0.5684 0.7610
vn 0.8479 -0.4971 -0.1846
vn 0.4123 -0.9088 0.0635
vn 0.3251 -0.8368 -0.4405
vn -0.8539 -0.5184 -0.0471
vn -0.4223 -0.7867 -0.4504
vn -0.3355 -0.9414 0.0348
vn 0.8367 -0.1866 -0.5149
vn 0.3879 -0.6265 -0.6761
vn 0.3081 -0.1856 -0.9331
vn -0.8664 -0.2653 -0.4231
vn -0.4375 -0.1281 -0.8901
vn -0.3601 -0.6058 -0.7094
vn 0.8372 0.2653 -0.4782
vn 0.3790 0.1281 -0.9165
vn 0.3135 0.6058 -0.7312
vn -0.8683 0.1866 -0.4597
vn -0.4308 0.6265 -0.6496
vn -0.3679 0.1856 -0.9112
vn 0.8490 0.5184 -0.1022
vn 0.3923 0.7867 -0.4767
vn 0.3371 0.9414 0.0130
vn -0.8580 0.4971 -0.1293
vn -0.4073 0.9088 0.0900
vn -0.3529 0.8368 -0.4186
vn 0.8632 0.3821 0.3299
vn 0.4177 0.8533 0.3120
vn 0.3612 0.5684 0.7392
vn -0.8434 0.4322 0.3192
vn -0.3846 0.5064 0.7718
vn -0.3265 0.8576 0.3975
vn 0.4580 -0.3908 0.7984
vn 0.9261 -0.1742 0.3348
vn -0.4042 -0.3921 0.8264
vn -0.9019 -0.1769 0.3940
vn 0.0310 0.2472 0.9685
vn 0.0317 -0.2472 0.9684
vn 0.0147 -0.9117 0.4106
vn 0.0267 -0.6034 0.7970
vn 0.4389 -0.8789 0.1866
vn 0.9175 -0.3931 0.0604
vn -0.4233 -0.8802 0.2146
vn -0.9105 -0.3958 0.1196
vn -0.0135 -0.8897 -0.4564
vn 0.0023 -0.9997 0.0253
vn 0.4140 -0.7047 -0.5762
vn 0.9063 -0.3150 -0.2818
vn -0.4483 -0.7060 -0.5483
vn -0.9217 -0.3177 -0.2226
vn -0.0314 -0.1977 -0.9798
vn -0.0238 -0.6432 -0.7654
vn 0.4019 0.0006 -0.9157
vn 0.9009 0.0014 -0.4340
vn -0.4603 -0.0006 -0.8878
vn -0.9271 -0.0014 -0.3748
vn -0.0257 0.6432 -0.7653
vn -0.0320 0.1977 -0.9797
vn 0.4119 0.7060 -0.5761
vn 0.9054 0.3177 -0.2817
vn -0.4504 0.7047 -0.5482
vn -0.9226 0.3150 -0.2225
vn -0.0007 0.9997 0.0254
vn -0.0161 0.8897 -0.4564
vn 0.4363 0.8802 0.1867
vn 0.9163 0.3959 0.0604
vn -0.4259 0.8789 0.2147
vn -0.9117 0.3931 0.1196
vn 0.0249 0.6034 0.7970
vn 0.0119 0.9117 0.4107
vn 0.4569 0.3921 0.7985
vn 0.9255 0.1769 0.3348
vn -0.4054 0.3908 0.8264
vn -0.9025 0.1742 0.3940
vn 0.9995 0.0015 -0.0324
vn 0.0298 -0.4339 0.9005
vn 0.0285 0.4339 0.9005
vn -0.9995 -0.0015 0.0324
vn 0.0086 -0.9749 0.2224
vn -0.0190 -0.7818 -0.6232
vn -0.0324 -0.0000 -0.9995
vn -0.0213 0.7818 -0.6231
vn 0.0058 0.9749 0.2225
vn 0.8563 -0.0445 0.5146
vn 0.4157 0.2762 0.8666
vn 0.3439 -0.2336 0.9095
vn -0.8487 0.0445 0.5270
vn -0.4030 -0.2762 0.8725
vn -0.3306 0.2336 0.9144
vn 0.8536 -0.4358 0.2855
vn 0.4128 -0.5081 0.7559
vn 0.3384 -0.8590 0.3842
vn -0.8510 -0.3786 0.3639
vn -0.4085 -0.8516 0.3284
vn -0.3339 -0.5670 0.7530
vn 0.8501 -0.5006 -0.1633
vn 0.4068 -0.9105 0.0738
vn 0.3325 -0.8382 -0.4322
vn -0.8545 -0.5148 -0.0685
vn -0.4141 -0.7850 -0.4608
vn -0.3402 -0.9400 0.0264
vn 0.8486 -0.1902 -0.4937
vn 0.4021 -0.6282 -0.6661
vn 0.3307 -0.1869 -0.9250
vn -0.8566 -0.2617 -0.4446
vn -0.4156 -0.1264 -0.9007
vn -0.3448 -0.6044 -0.7182
vn 0.8500 0.2617 -0.4571
vn 0.4024 0.1264 -0.9067
vn 0.3343 0.6044 -0.7232
vn -0.8557 0.1902 -0.4813
vn -0.4118 0.6282 -0.6602
vn -0.3441 0.1869 -0.9201
vn 0.8534 0.5149 -0.0809
vn 0.4073 0.7850 -0.4668
vn 0.3406 0.9400 0.0214
vn -0.8524 0.5006 -0.1508
vn -0.4056 0.9105 0.0798
vn -0.3388 0.8382 -0.4273
vn 0.8562 0.3786 0.3515
vn 0.4133 0.8516 0.3224
vn 0.3449 0.5670 0.7480
vn -0.8493 0.4358 0.2979
vn -0.4018 0.5081 0.7619
vn -0.3328 0.8590 0.3891
vn 0.4362 -0.3926 0.8097
vn 0.9166 -0.1780 0.3579
vn -0.4264 -0.3903 0.8160
vn -0.9123 -0.1731 0.3712
vn 0.0077 0.2472 0.9689
vn 0.0064 -0.2472 0.9689
vn 0.0006 -0.9117 0.4109
vn 0.0042 -0.6034 0.7974
vn 0.4305 -0.8807 0.1976
vn 0.9141 -0.3969 0.0834
vn -0.4322 -0.8784 0.2039
vn -0.9148 -0.3921 0.0967
vn -0.0057 -0.8897 -0.4566
vn -0.0025 -0.9997 0.0254
vn 0.4254 -0.7065 -0.5656
vn 0.9118 -0.3188 -0.2589
vn -0.4373 -0.7042 -0.5593
vn -0.9171 -0.3139 -0.2456
vn -0.0077 -0.1977 -0.9802
vn -0.0073 -0.6432 -0.7657
vn 0.4248 -0.0011 -0.9053
vn 0.9115 -0.0024 -0.4113
vn -0.4379 0.0011 -0.8990
vn -0.9174 0.0024 -0.3980
vn -0.0039 0.6432 -0.7657
vn -0.0066 0.1977 -0.9802
vn 0.4291 0.7042 -0.5656
vn 0.9134 0.3139 -0.2590
vn -0.4336 0.7065 -0.5594
vn -0.9154 0.3188 -0.2456
vn 0.0028 0.9997 0.0254
vn -0.0010 0.8897 -0.4566
vn 0.4351 0.8784 0.1976
vn 0.9162 0.3921 0.0834
vn -0.4275 0.8807 0.2039
vn -0.9127 0.3969 0.0967
vn 0.0074 0.6034 0.7974
vn 0.0054 0.9117 0.4108
vn 0.4383 0.3903 0.8097
vn 0.9176 0.1731 0.3579
vn -0.4244 0.3926 0.8160
vn -0.9113 0.1780 0.3712
vn 1.0000 -0.0027 -0.0073
vn 0.0054 -0.4339 0.9010
vn 0.0077 0.4339 0.9009
vn -1.0000 0.0027 0.0073
vn -0.0010 -0.9749 0.2225
vn -0.0066 -0.7818 -0.6235
vn -0.0073 -0.0000 -1.0000
vn -0.0025 0.7818 -0.6235
vn 0.0042 0.9749 0.2225
vn 0.8246 -0.0496 0.5635
vn 0.3662 0.2737 0.8894
vn 0.2890 -0.2356 0.9279
vn -0.8777 0.0496 0.4767
vn -0.4548 -0.2737 0.8475
vn -0.3819 0.2356 0.8937
vn 0.8329 -0.4409 0.3345
vn 0.3651 -0.5105 0.7785
vn 0.3104 -0.8610 0.4030
vn -0.8730 -0.3734 0.3137
vn -0.4320 -0.8491 0.3038
vn -0.3806 -0.5650 0.7321
vn 0.8552 -0.5057 -0.1137
vn 0.3963 -0.9130 0.0971
vn 0.3521 -0.8402 -0.4124
vn -0.8522 -0.5097 -0.1182
vn -0.3913 -0.7825 -0.4843
vn -0.3468 -0.9379 0.0063
vn 0.8747 -0.1953 -0.4436
vn 0.4364 -0.6306 -0.6418
vn 0.3828 -0.1890 -0.9043
vn -0.8308 -0.2566 -0.4938
vn -0.3632 -0.1239 -0.9234
vn -0.3060 -0.6024 -0.7372
vn 0.8767 0.2566 -0.4068
vn 0.4552 0.1240 -0.8817
vn 0.3794 0.6024 -0.7023
vn -0.8251 0.1953 -0.5302
vn -0.3689 0.6306 -0.6828
vn -0.2889 0.1890 -0.9385
vn 0.8598 0.5097 -0.0310
vn 0.4385 0.7825 -0.4421
vn 0.3444 0.9379 0.0415
vn -0.8392 0.5057 -0.2000
vn -0.4041 0.9130 0.0563
vn -0.3083 0.8402 -0.4460
vn 0.8366 0.3734 0.4008
vn 0.3989 0.8492 0.3461
vn 0.3042 0.5650 0.7670
vn -0.8626 0.4409 0.2481
vn -0.4423 0.5105 0.7374
vn -0.3497 0.8610 0.3694
vn 0.3860 -0.3952 0.8336
vn 0.8932 -0.1835 0.4106
vn -0.4755 -0.3877 0.7897
vn -0.9333 -0.1676 0.3175
vn -0.0472 0.2472 0.9678
vn -0.0515 -0.2472 0.9676
vn -0.0288 -0.9117 0.4099
vn -0.0458 -0.6034 0.7961
vn 0.4130 -0.8833 0.2221
vn 0.9053 -0.4024 0.1363
vn -0.4486 -0.8758 0.1782
vn -0.9213 -0.3866 0.0432
vn 0.0155 -0.8896 -0.4564
vn -0.0099 -0.9996 0.0249
vn 0.4533 -0.7091 -0.5401
vn 0.9234 -0.3243 -0.2056
vn -0.4082 -0.7016 -0.5840
vn -0.9031 -0.3084 -0.2987
vn 0.0482 -0.1977 -0.9791
vn 0.0334 -0.6431 -0.7650
vn 0.4767 -0.0037 -0.8791
vn 0.9339 -0.0079 -0.3576
vn -0.3849 0.0037 -0.9230
vn -0.8927 0.0079 -0.4507
vn 0.0445 0.6431 -0.7645
vn 0.0516 0.1977 -0.9789
vn 0.4655 0.7016 -0.5395
vn 0.9288 0.3084 -0.2053
vn -0.3960 0.7091 -0.5834
vn -0.8977 0.3243 -0.2984
vn 0.0074 0.9996 0.0258
vn 0.0309 0.8896 -0.4557
vn 0.4282 0.8758 0.2228
vn 0.9121 0.3866 0.1366
vn -0.4334 0.8833 0.1789
vn -0.9144 0.4024 0.0435
vn -0.0354 0.6034 0.7967
vn -0.0130 0.9117 0.4107
vn 0.3928 0.3877 0.8339
vn 0.8962 0.1676 0.4107
vn -0.4688 0.3952 0.7900
vn -0.9303 0.1835 0.3176
vn 0.9987 -0.0087 0.0509
vn -0.0496 -0.4339 0.8996
vn -0.0421 0.4339 0.9000
vn -0.9987 0.0087 -0.0509
vn -0.0198 -0.9749 0.2218
vn 0.0250 -0.7818 -0.6230
vn 0.0509 -0.0000 -0.9987
vn 0.0385 0.7818 -0.6223
vn -0.0029 0.9749 0.2227
vn 0.8536 -0.0421 0.5192
vn 0.4102 0.2773 0.8688
vn 0.3396 -0.2326 0.9114
vn -0.8517 0.0421 0.5223
vn -0.4070 -0.2773 0.8703
vn -0.3363 0.2326 0.9126
vn 0.8532 -0.4334 0.2901
vn 0.4101 -0.5069 0.7582
vn 0.3387 -0.8580 0.3861
vn -0.8520 -0.3809 0.3593
vn -0.4080 -0.8528 0.3261
vn -0.3365 -0.5680 0.7511
vn 0.8524 -0.4982 -0.1586
vn 0.4089 -0.9094 0.0761
vn 0.3372 -0.8373 -0.4304
vn -0.8527 -0.5172 -0.0732
vn -0.4094 -0.7861 -0.4631
vn -0.3378 -0.9409 0.0245
vn 0.8518 -0.1878 -0.4891
vn 0.4075 -0.6271 -0.6639
vn 0.3362 -0.1860 -0.9232
vn -0.8534 -0.2641 -0.4493
vn -0.4103 -0.1275 -0.9030
vn -0.3392 -0.6054 -0.7201
vn 0.8518 0.2641 -0.4524
vn 0.4070 0.1275 -0.9045
vn 0.3365 0.6054 -0.7213
vn -0.8536 0.1878 -0.4860
vn -0.4099 0.6270 -0.6624
vn -0.3396 0.1860 -0.9220
vn 0.8525 0.5172 -0.0763
vn 0.4077 0.7861 -0.4646
vn 0.3379 0.9409 0.0233
vn -0.8530 0.4982 -0.1555
vn -0.4086 0.9094 0.0776
vn -0.3388 0.8373 -0.4291
vn 0.8533 0.3809 0.3562
vn 0.4091 0.8528 0.3246
vn 0.3392 0.5680 0.7499
vn -0.8522 0.4334 0.2932
vn -0.4073 0.5070 0.7597
vn -0.3373 0.8580 0.3873
vn 0.4329 -0.3914 0.8121
vn 0.9152 -0.1755 0.3629
vn -0.4298 -0.3915 0.8136
vn -0.9138 -0.1757 0.3662
vn 0.0017 0.2472 0.9690
vn 0.0018 -0.2472 0.9690
vn 0.0008 -0.9117 0.4109
vn 0.0015 -0.6034 0.7974
vn 0.4318 -0.8795 0.2000
vn 0.9147 -0.3944 0.0884
vn -0.4309 -0.8796 0.2015
vn -0.9143 -0.3946 0.0917
vn -0.0007 -0.8897 -0.4566
vn 0.0001 -0.9997 0.0254
vn 0.4304 -0.7053 -0.5633
vn 0.9140 -0.3163 -0.2540
vn -0.4323 -0.7054 -0.5617
vn -0.9149 -0.3165 -0.2506
vn -0.0018 -0.1977 -0.9803
vn -0.0013 -0.6432 -0.7657
vn 0.4297 -0.0000 -0.9030
vn 0.9137 0.0001 -0.4063
vn -0.4330 -0.0000 -0.9014
vn -0.9152 -0.0001 -0.4030
vn -0.0015 0.6432 -0.7657
vn -0.0018 0.1977 -0.9803
vn 0.4303 0.7054 -0.5633
vn 0.9140 0.3165 -0.2540
vn -0.4324 0.7053 -0.5617
vn -0.9150 0.3163 -0.2506
vn -0.0001 0.9997 0.0254
vn -0.0009 0.8897 -0.4566
vn 0.4316 0.8796 0.2000
vn 0.9146 0.3946 0.0884
vn -0.4311 0.8795 0.2015
vn -0.9144 0.3944 0.0917
vn 0.0014 0.6034 0.7974
vn 0.0007 0.9117 0.4109
vn 0.4328 0.3915 0.8121
vn 0.9151 0.1757 0.3629
vn -0.4299 0.3914 0.8136
vn -0.9138 0.1755 0.3662
vn 1.0000 0.0001 -0.0018
vn 0.0017 -0.4339 0.9010
vn 0.0016 0.4339 0.9010
vn -1.0000 -0.0001 0.0018
vn 0.0005 -0.9749 0.2225
vn -0.0011 -0.7818 -0.6235
vn -0.0018 -0.0000 -1.0000
vn -0.0012 0.7818 -0.6235
vn 0.0003 0.9749 0.2225
vn 0.8654 -0.0371 0.4996
vn 0.4283 0.2797 0.8593
vn 0.3617 -0.2307 0.9033
vn -0.8398 0.0371 0.5416
vn -0.3855 -0.2797 0.8793
vn -0.3167 0.2307 0.9200
vn 0.8621 -0.4284 0.2705
vn 0.4302 -0.5045 0.7486
vn 0.3525 -0.8560 0.3781
vn -0.8413 -0.3859 0.3785
vn -0.3954 -0.8551 0.3352
vn -0.3159 -0.5699 0.7585
vn 0.8515 -0.4932 -0.1781
vn 0.4158 -0.9070 0.0666
vn 0.3322 -0.8353 -0.4381
vn -0.8511 -0.5222 -0.0538
vn -0.4152 -0.7885 -0.4537
vn -0.3316 -0.9429 0.0321
vn 0.8415 -0.1828 -0.5084
vn 0.3959 -0.6246 -0.6731
vn 0.3162 -0.1840 -0.9307
vn -0.8619 -0.2691 -0.4298
vn -0.4300 -0.1299 -0.8934
vn -0.3519 -0.6073 -0.7122
vn 0.8397 0.2691 -0.4717
vn 0.3855 0.1299 -0.9135
vn 0.3165 0.6073 -0.7287
vn -0.8655 0.1828 -0.4664
vn -0.4286 0.6246 -0.6528
vn -0.3616 0.1840 -0.9140
vn 0.8474 0.5222 -0.0956
vn 0.3924 0.7885 -0.4736
vn 0.3328 0.9429 0.0157
vn -0.8592 0.4932 -0.1359
vn -0.4120 0.9070 0.0870
vn -0.3534 0.8353 -0.4212
vn 0.8589 0.3859 0.3367
vn 0.4114 0.8551 0.3154
vn 0.3529 0.5699 0.7421
vn -0.8478 0.4284 0.3127
vn -0.3928 0.5045 0.7688
vn -0.3334 0.8560 0.3950
vn 0.4536 -0.3889 0.8019
vn 0.9242 -0.1701 0.3419
vn -0.4088 -0.3940 0.8232
vn -0.9042 -0.1810 0.3869
vn 0.0224 0.2472 0.9687
vn 0.0253 -0.2472 0.9686
vn 0.0156 -0.9117 0.4106
vn 0.0232 -0.6034 0.7971
vn 0.4414 -0.8770 0.1899
vn 0.9188 -0.3890 0.0674
vn -0.4210 -0.8821 0.2112
vn -0.9096 -0.4000 0.1125
vn -0.0059 -0.8896 -0.4566
vn 0.0066 -0.9997 0.0253
vn 0.4216 -0.7028 -0.5731
vn 0.9099 -0.3109 -0.2748
vn -0.4408 -0.7079 -0.5518
vn -0.9185 -0.3218 -0.2298
vn -0.0230 -0.1977 -0.9800
vn -0.0150 -0.6431 -0.7656
vn 0.4090 0.0026 -0.9125
vn 0.9042 0.0055 -0.4270
vn -0.4534 -0.0026 -0.8913
vn -0.9241 -0.0055 -0.3820
vn -0.0227 0.6431 -0.7654
vn -0.0253 0.1977 -0.9799
vn 0.4132 0.7079 -0.5729
vn 0.9061 0.3218 -0.2747
vn -0.4493 0.7028 -0.5516
vn -0.9223 0.3109 -0.2297
vn -0.0053 0.9997 0.0256
vn -0.0166 0.8896 -0.4564
vn 0.4309 0.8821 0.1902
vn 0.9140 0.3999 0.0676
vn -0.4315 0.8770 0.2114
vn -0.9143 0.3890 0.1126
vn 0.0047 0.9117 0.4109
vn 0.4489 0.3940 0.8020
vn 0.9221 0.1810 0.3420
vn -0.4135 0.3889 0.8233
vn -0.9063 0.1701 0.3870
vn 0.9997 0.0060 -0.0246
vn 0.0248 -0.4339 0.9006
vn 0.0196 0.4339 0.9008
vn -0.9997 -0.0060 0.0246
vn 0.0113 -0.9749 0.2223
vn -0.0107 -0.7818 -0.6234
vn -0.0246 -0.0000 -0.9997
vn -0.0200 0.7818 -0.6232
vn -0.0003 0.9749 0.2226
vn 0.8521 -0.0446 0.5215
vn 0.4087 0.2761 0.8699
vn 0.3365 -0.2336 0.9122
vn -0.8529 0.0446 0.5201
vn -0.4101 -0.2761 0.8692
vn -0.3380 0.2336 0.9117
vn 0.8512 -0.4359 0.2924
vn 0.4066 -0.5081 0.7593
vn 0.3352 -0.8590 0.3870
vn -0.8540 -0.3784 0.3570
vn -0.4113 -0.8516 0.3251
vn -0.3401 -0.5670 0.7502
vn 0.8514 -0.5007 -0.1564
vn 0.4060 -0.9106 0.0771
vn 0.3359 -0.8383 -0.4295
vn -0.8540 -0.5147 -0.0754
vn -0.4105 -0.7849 -0.4641
vn -0.3406 -0.9399 0.0236
vn 0.8525 -0.1903 -0.4868
vn 0.4074 -0.6282 -0.6628
vn 0.3381 -0.1870 -0.9223
vn -0.8530 -0.2616 -0.4516
vn -0.4082 -0.1263 -0.9041
vn -0.3390 -0.6044 -0.7210
vn 0.8538 0.2616 -0.4502
vn 0.4097 0.1263 -0.9034
vn 0.3402 0.6044 -0.7204
vn -0.8517 0.1903 -0.4882
vn -0.4063 0.6282 -0.6635
vn -0.3366 0.1870 -0.9229
vn 0.8542 0.5147 -0.0740
vn 0.4113 0.7849 -0.4635
vn 0.3406 0.9399 0.0242
vn -0.8511 0.5007 -0.1578
vn -0.4062 0.9106 0.0765
vn -0.3352 0.8383 -0.4300
vn 0.8534 0.3784 0.3584
vn 0.4108 0.8516 0.3257
vn 0.3389 0.5670 0.7508
vn -0.8517 0.4359 0.2910
vn -0.4078 0.5081 0.7586
vn -0.3358 0.8590 0.3864
vn 0.4296 -0.3927 0.8132
vn 0.9137 -0.1782 0.3653
vn -0.4331 -0.3902 0.8125
vn -0.9153 -0.1730 0.3638
vn -0.0001 0.2472 0.9690
vn -0.0015 -0.2472 0.9690
vn -0.0029 -0.9117 0.4109
vn -0.0024 -0.6034 0.7974
vn 0.4287 -0.8808 0.2011
vn 0.9133 -0.3971 0.0908
vn -0.4340 -0.8783 0.2004
vn -0.9157 -0.3919 0.0893
vn -0.0021 -0.8896 -0.4566
vn -0.0028 -0.9997 0.0254
vn 0.4298 -0.7066 -0.5621
vn 0.9138 -0.3190 -0.2515
vn -0.4329 -0.7041 -0.5629
vn -0.9152 -0.3138 -0.2531
vn 0.0003 -0.1977 -0.9803
vn -0.0012 -0.6431 -0.7657
vn 0.4321 -0.0012 -0.9018
vn 0.9148 -0.0026 -0.4039
vn -0.4306 0.0012 -0.9025
vn -0.9141 0.0026 -0.4054
vn 0.0025 0.6431 -0.7657
vn 0.0014 0.1977 -0.9803
vn 0.4338 0.7041 -0.5621
vn 0.9156 0.3138 -0.2515
vn -0.4289 0.7066 -0.5629
vn -0.9134 0.3190 -0.2531
vn 0.0029 0.8897 -0.4566
vn 0.4337 0.8783 0.2011
vn 0.9155 0.3919 0.0908
vn -0.4290 0.8808 0.2004
vn -0.9134 0.3971 0.0893
vn 0.0010 0.6034 0.7974
vn 0.0022 0.9117 0.4109
vn 0.4318 0.3902 0.8132
vn 0.9147 0.1730 0.3654
vn -0.4309 0.3927 0.8125
vn -0.9143 0.1782 0.3638
vn 1.0000 -0.0028 0.0008
vn -0.0020 -0.4339 0.9010
vn 0.0005 0.4339 0.9010
vn -1.0000 0.0028 -0.0008
vn -0.0029 -0.9749 0.2225
vn -0.0017 -0.7818 -0.6235
vn 0.0008 -0.0000 -1.0000
vn 0.0027 0.7818 -0.6235
vn 0.0026 0.9749 0.2225
vn 0.8715 -0.0490 0.4880
vn 0.4436 0.2740 0.8533
vn 0.3704 -0.2354 0.8985
vn -0.8319 0.0490 0.5528
vn -0.3775 -0.2740 0.8845
vn -0.3011 0.2354 0.9241
vn 0.8596 -0.4403 0.2592
vn 0.4331 -0.5102 0.7430
vn 0.3455 -0.8607 0.3738
vn -0.8415 -0.3740 0.3899
vn -0.4027 -0.8494 0.3410
vn -0.3137 -0.5652 0.7630
vn 0.8421 -0.5051 -0.1892
vn 0.4040 -0.9127 0.0615
vn 0.3147 -0.8400 -0.4421
vn -0.8590 -0.5103 -0.0421
vn -0.4322 -0.7828 -0.4477
vn -0.3442 -0.9382 0.0370
vn 0.8320 -0.1947 -0.5195
vn 0.3781 -0.6303 -0.6780
vn 0.3011 -0.1887 -0.9347
vn -0.8712 -0.2572 -0.4181
vn -0.4437 -0.1242 -0.8875
vn -0.3699 -0.6026 -0.7071
vn 0.8370 0.2572 -0.4830
vn 0.3750 0.1242 -0.9187
vn 0.3151 0.6026 -0.7332
vn -0.8690 0.1947 -0.4548
vn -0.4285 0.6303 -0.6473
vn -0.3712 0.1887 -0.9092
vn 0.8533 0.5103 -0.1072
vn 0.3970 0.7828 -0.4792
vn 0.3460 0.9382 0.0108
vn -0.8540 0.5051 -0.1247
vn -0.3982 0.9127 0.0920
vn -0.3473 0.8400 -0.4169
vn 0.8686 0.3740 0.3249
vn 0.4275 0.8494 0.3094
vn 0.3707 0.5652 0.7370
vn -0.8375 0.4403 0.3237
vn -0.3755 0.5102 0.7738
vn -0.3161 0.8607 0.3990
vn 0.4588 -0.3949 0.7960
vn 0.9262 -0.1828 0.3296
vn -0.4033 -0.3880 0.8288
vn -0.9013 -0.1683 0.3991
vn 0.0388 0.2472 0.9682
vn 0.0348 -0.2472 0.9683
vn 0.0083 -0.9117 0.4108
vn 0.0255 -0.6034 0.7970
vn 0.4316 -0.8830 0.1845
vn 0.9141 -0.4018 0.0554
vn -0.4304 -0.8761 0.2173
vn -0.9135 -0.3872 0.1248
vn -0.0244 -0.8896 -0.4560
vn -0.0070 -0.9996 0.0257
vn 0.4040 -0.7088 -0.5783
vn 0.9017 -0.3236 -0.2868
vn -0.4580 -0.7019 -0.5455
vn -0.9259 -0.3091 -0.2173
vn -0.0388 -0.1977 -0.9795
vn -0.0342 -0.6431 -0.7650
vn 0.3967 -0.0034 -0.9179
vn 0.8984 -0.0073 -0.4391
vn -0.4653 0.0034 -0.8851
vn -0.9292 0.0073 -0.3696
vn -0.0240 0.6431 -0.7654
vn -0.0357 0.1977 -0.9796
vn 0.4153 0.7019 -0.5787
vn 0.9067 0.3091 -0.2870
vn -0.4468 0.7088 -0.5459
vn -0.9209 0.3236 -0.2175
vn 0.0089 0.9996 0.0251
vn -0.0103 0.8896 -0.4566
vn 0.4457 0.8761 0.1840
vn 0.9203 0.3872 0.0551
vn -0.4164 0.8830 0.2167
vn -0.9072 0.4018 0.1246
vn 0.0351 0.6034 0.7967
vn 0.0229 0.9117 0.4103
vn 0.4650 0.3880 0.7957
vn 0.9290 0.1683 0.3295
vn -0.3970 0.3949 0.8285
vn -0.8985 0.1828 0.3990
vn 0.9992 -0.0080 -0.0380
vn 0.0308 -0.4339 0.9004
vn 0.0377 0.4339 0.9002
vn -0.9992 0.0080 0.0380
vn 0.0007 -0.9749 0.2227
vn -0.0299 -0.7818 -0.6228
vn -0.0380 -0.0000 -0.9993
vn -0.0175 0.7818 -0.6233
vn 0.0162 0.9749 0.2221
vn 0.8491 -0.0404 0.5266
vn 0.4021 0.2781 0.8723
vn 0.3322 -0.2319 0.9143
vn -0.8563 0.0404 0.5149
vn -0.4140 -0.2781 0.8668
vn -0.3446 0.2319 0.9096
vn 0.8516 -0.4317 0.2975
vn 0.4045 -0.5061 0.7617
vn 0.3371 -0.8573 0.3890
vn -0.8543 -0.3827 0.3519
vn -0.4090 -0.8536 0.3226
vn -0.3418 -0.5687 0.7482
vn 0.8548 -0.4965 -0.1512
vn 0.4100 -0.9086 0.0796
vn 0.3426 -0.8366 -0.4274
vn -0.8510 -0.5189 -0.0805
vn -0.4038 -0.7869 -0.4666
vn -0.3360 -0.9416 0.0216
vn 0.8564 -0.1861 -0.4817
vn 0.4145 -0.6262 -0.6603
vn 0.3446 -0.1853 -0.9203
vn -0.8490 -0.2658 -0.4567
vn -0.4022 -0.1284 -0.9065
vn -0.3317 -0.6060 -0.7230
vn 0.8551 0.2658 -0.4450
vn 0.4146 0.1284 -0.9009
vn 0.3415 0.6060 -0.7184
vn -0.8497 0.1861 -0.4934
vn -0.4054 0.6262 -0.6659
vn -0.3320 0.1853 -0.9249
vn 0.8520 0.5189 -0.0689
vn 0.4101 0.7869 -0.4610
vn 0.3357 0.9416 0.0262
vn -0.8526 0.4965 -0.1629
vn -0.4111 0.9086 0.0740
vn -0.3367 0.8366 -0.4321
vn 0.8494 0.3826 0.3635
vn 0.4046 0.8536 0.3282
vn 0.3315 0.5687 0.7528
vn -0.8555 0.4317 0.2858
vn -0.4149 0.5061 0.7561
vn -0.3424 0.8573 0.3844
vn 0.4266 -0.3905 0.8158
vn 0.9123 -0.1736 0.3708
vn -0.4360 -0.3924 0.8099
vn -0.9166 -0.1775 0.3583
vn -0.0072 0.2472 0.9689
vn -0.0061 -0.2472 0.9689
vn -0.0009 -0.9117 0.4109
vn -0.0042 -0.6034 0.7974
vn 0.4318 -0.8786 0.2037
vn 0.9147 -0.3925 0.0963
vn -0.4308 -0.8805 0.1978
vn -0.9142 -0.3965 0.0838
vn 0.0050 -0.8897 -0.4566
vn 0.4367 -0.7044 -0.5595
vn 0.9169 -0.3144 -0.2460
vn -0.4260 -0.7063 -0.5654
vn -0.9120 -0.3183 -0.2585
vn 0.0071 -0.1977 -0.9802
vn 0.0066 -0.6432 -0.7657
vn 0.4375 0.0009 -0.8992
vn 0.9172 0.0020 -0.3984
vn -0.4252 -0.0009 -0.9051
vn -0.9117 -0.0020 -0.4109
vn 0.0039 0.6432 -0.7657
vn 0.0063 0.1977 -0.9802
vn 0.4337 0.7063 -0.5596
vn 0.9155 0.3183 -0.2460
vn -0.4290 0.7044 -0.5655
vn -0.9134 0.3144 -0.2585
vn -0.0023 0.9997 0.0254
vn 0.0012 0.8896 -0.4566
vn 0.4281 0.8805 0.2037
vn 0.9130 0.3964 0.0963
vn -0.4346 0.8786 0.1978
vn -0.9159 0.3925 0.0838
vn -0.0067 0.6034 0.7974
vn -0.0048 0.9117 0.4108
vn 0.4249 0.3924 0.8158
vn 0.9116 0.1775 0.3708
vn -0.4377 0.3905 0.8099
vn -0.9173 0.1736 0.3583
vn 1.0000 0.0021 0.0068
vn -0.0052 -0.4339 0.9010
vn -0.0071 0.4339 0.9009
vn -1.0000 -0.0021 -0.0068
vn 0.0006 -0.9749 0.2225
vn 0.0059 -0.7818 -0.6235
vn 0.0068 -0.0000 -1.0000
vn 0.0026 0.7818 -0.6235
vn -0.0036 0.9749 0.2225
vn -0.0496 0.5200 0.8527
vn 0.2737 0.8692 0.4118
vn -0.2356 0.9117 0.3367
vn 0.0496 0.5215 -0.8518
vn -0.2737 0.8699 -0.4102
vn 0.2356 0.9123 -0.3351
vn -0.4408 0.2909 0.8491
vn -0.5105 0.7586 0.4049
vn -0.8610 0.3864 0.3309
vn -0.3735 0.3585 -0.8556
vn -0.8492 0.3258 -0.4157
vn -0.5650 0.7508 -0.3421
vn -0.5056 -0.1578 0.8482
vn -0.9129 0.0764 0.4009
vn -0.8402 -0.4301 0.3303
vn -0.5098 -0.0740 -0.8571
vn -0.7825 -0.4634 -0.4158
vn -0.9379 0.0242 -0.3460
vn -0.1952 -0.4883 0.8506
vn -0.6306 -0.6635 0.4027
vn -0.1889 -0.9229 0.3355
vn -0.2567 -0.4501 -0.8553
vn -0.1240 -0.9034 -0.4105
vn -0.6024 -0.7204 -0.3437
vn 0.2567 -0.4516 0.8545
vn 0.1240 -0.9041 0.4089
vn 0.6024 -0.7210 0.3425
vn 0.1952 -0.4868 -0.8514
vn 0.6306 -0.6628 -0.4038
vn 0.1890 -0.9223 -0.3371
vn 0.5098 -0.0755 0.8570
vn 0.7825 -0.4642 0.4150
vn 0.9379 0.0236 0.3460
vn 0.5056 -0.1563 -0.8485
vn 0.9129 0.0772 -0.4007
vn 0.8402 -0.4295 -0.3311
vn 0.3735 0.3570 0.8562
vn 0.8492 0.3250 0.4162
vn 0.5650 0.7502 0.3434
vn 0.4408 0.2924 -0.8486
vn 0.5105 0.7593 -0.4036
vn 0.8609 0.3870 -0.3302
vn -0.3951 0.8125 0.4287
vn -0.1834 0.3637 0.9133
vn -0.3877 0.8132 -0.4340
vn -0.1677 0.3654 -0.9156
vn 0.2472 0.9690 0.0030
vn -0.2472 0.9690 -0.0013
vn -0.9117 0.4109 -0.0075
vn -0.6034 0.7974 -0.0045
vn -0.8832 0.2004 0.4239
vn -0.4023 0.0892 0.9111
vn -0.8758 0.2011 -0.4387
vn -0.3866 0.0908 -0.9178
vn -0.8896 -0.4566 -0.0081
vn -0.9996 0.0254 -0.0086
vn -0.7090 -0.5629 0.4248
vn -0.3242 -0.2531 0.9115
vn -0.7016 -0.5621 -0.4379
vn -0.3085 -0.2515 -0.9174
vn -0.1977 -0.9803 -0.0026
vn -0.6431 -0.7657 -0.0062
vn -0.0037 -0.9026 0.4305
vn -0.0079 -0.4055 0.9141
vn 0.0037 -0.9018 -0.4321
vn 0.0079 -0.4038 -0.9148
vn 0.6431 -0.7657 0.0049
vn 0.1977 -0.9803 0.0008
vn 0.7016 -0.5629 0.4369
vn 0.3085 -0.2531 0.9169
vn 0.7090 -0.5621 -0.4258
vn 0.3242 -0.2515 -0.9119
vn 0.9996 0.0254 0.0086
vn 0.8896 -0.4566 0.0072
vn 0.8758 0.2004 0.4391
vn 0.3866 0.0892 0.9179
vn 0.8832 0.2011 -0.4236
vn 0.4024 0.0909 -0.9110
vn 0.6034 0.7974 0.0059
vn 0.9117 0.4109 0.0082
vn 0.3877 0.8125 0.4354
vn 0.1677 0.3638 0.9163
vn 0.3951 0.8132 -0.4273
vn 0.1834 0.3654 -0.9126
vn -0.0086 -0.0009 1.0000
vn -0.4339 0.9010 -0.0029
vn 0.4339 0.9010 0.0045
vn 0.0086 0.0009 -1.0000
vn -0.9749 0.2225 -0.0082
vn -0.7818 -0.6235 -0.0073
vn -0.0000 -1.0000 -0.0009
vn 0.7818 -0.6235 0.0062
vn 0.9749 0.2225 0.0086
vn -0.0415 0.5226 0.8516
vn 0.2776 0.8704 0.4066
vn -0.2324 0.9127 0.3362
vn 0.0415 0.5190 -0.8538
vn -0.2776 0.8687 -0.4102
vn 0.2324 0.9112 -0.3400
vn -0.4327 0.2935 0.8524
vn -0.5066 0.7598 0.4075
vn -0.8578 0.3874 0.3378
vn -0.3816 0.3559 -0.8531
vn -0.8531 0.3245 -0.4086
vn -0.5682 0.7498 -0.3390
vn -0.4976 -0.1552 0.8534
vn -0.9091 0.0777 0.4093
vn -0.8370 -0.4291 0.3396
vn -0.5179 -0.0765 -0.8520
vn -0.7864 -0.4647 -0.4070
vn -0.9412 0.0232 -0.3371
vn -0.1871 -0.4857 0.8538
vn -0.6267 -0.6623 0.4106
vn -0.1858 -0.9219 0.3400
vn -0.2648 -0.4527 -0.8515
vn -0.1279 -0.9046 -0.4066
vn -0.6056 -0.7214 -0.3358
vn 0.2648 -0.4491 0.8534
vn 0.1279 -0.9029 0.4104
vn 0.6056 -0.7200 0.3389
vn 0.1872 -0.4893 -0.8518
vn 0.6267 -0.6640 -0.4078
vn 0.1858 -0.9233 -0.3361
vn 0.5179 -0.0729 0.8523
vn 0.7864 -0.4629 0.4089
vn 0.9412 0.0246 0.3370
vn 0.4976 -0.1589 -0.8528
vn 0.9091 0.0759 -0.4096
vn 0.8370 -0.4305 -0.3377
vn 0.3816 0.3595 0.8515
vn 0.8531 0.3263 0.4072
vn 0.5682 0.7512 0.3358
vn 0.4327 0.2899 -0.8536
vn 0.5066 0.7581 -0.4107
vn 0.8578 0.3860 -0.3395
vn -0.3911 0.8138 0.4300
vn -0.1748 0.3665 0.9139
vn -0.3918 0.8119 -0.4327
vn -0.1764 0.3626 -0.9151
vn 0.2472 0.9690 -0.0023
vn -0.2472 0.9690 -0.0018
vn -0.9117 0.4109 -0.0001
vn -0.6034 0.7974 -0.0012
vn -0.8792 0.2017 0.4317
vn -0.3937 0.0920 0.9146
vn -0.8800 0.1998 -0.4310
vn -0.3953 0.0881 -0.9143
vn -0.8897 -0.4566 0.0018
vn -0.9997 0.0254 0.0008
vn -0.7050 -0.5616 0.4332
vn -0.3156 -0.2503 0.9153
vn -0.7057 -0.5634 -0.4295
vn -0.3172 -0.2542 -0.9137
vn -0.1977 -0.9803 0.0023
vn -0.6431 -0.7657 0.0022
vn 0.0004 -0.9013 0.4333
vn 0.0008 -0.4027 0.9153
vn -0.0004 -0.9031 -0.4294
vn -0.0008 -0.4066 -0.9136
vn 0.6432 -0.7657 0.0011
vn 0.1977 -0.9803 0.0019
vn 0.7057 -0.5616 0.4319
vn 0.3172 -0.2503 0.9147
vn 0.7050 -0.5634 -0.4308
vn 0.3156 -0.2542 -0.9142
vn 0.9997 0.0254 -0.0009
vn 0.8897 -0.4566 0.0002
vn 0.8799 0.2017 0.4301
vn 0.3953 0.0920 0.9139
vn 0.8792 0.1998 -0.4326
vn 0.3937 0.0881 -0.9150
vn 0.6034 0.7974 -0.0022
vn 0.9117 0.4108 -0.0017
vn 0.3918 0.8138 0.4293
vn 0.1764 0.3665 0.9135
vn 0.3911 0.8119 -0.4334
vn 0.1748 0.3626 -0.9154
vn 0.0009 0.0021 1.0000
vn -0.4339 0.9010 -0.0015
vn 0.4339 0.9010 -0.0023
vn -0.0009 -0.0021 -1.0000
vn -0.9749 0.2225 0.0004
vn -0.7818 -0.6235 0.0020
vn -0.0000 -1.0000 0.0021
vn 0.7818 -0.6235 0.0006
vn 0.9749 0.2225 -0.0013
vn -0.0099 0.5168 0.8561
vn 0.2927 0.8676 0.4019
vn -0.2196 0.9104 0.3507
vn 0.0101 0.5247 -0.8512
vn -0.2923 0.8715 -0.3938
vn 0.2199 0.9135 -0.3422
vn -0.4009 0.2877 0.8698
vn -0.4910 0.7570 0.4310
vn -0.8446 0.3851 0.3719
vn -0.4127 0.3617 -0.8360
vn -0.8675 0.3273 -0.3746
vn -0.5802 0.7521 -0.3127
vn -0.4658 -0.1610 0.8701
vn -0.8934 0.0749 0.4431
vn -0.8240 -0.4313 0.3673
vn -0.5490 -0.0707 -0.8328
vn -0.8010 -0.4619 -0.3808
vn -0.9530 0.0255 -0.3020
vn -0.1556 -0.4915 0.8569
vn -0.6113 -0.6651 0.4289
vn -0.1733 -0.9242 0.3404
vn -0.2961 -0.4469 -0.8441
vn -0.1430 -0.9018 -0.4077
vn -0.6178 -0.7191 -0.3181
vn 0.2960 -0.4549 0.8399
vn 0.1427 -0.9056 0.3993
vn 0.6175 -0.7223 0.3114
vn 0.1555 -0.4835 -0.8614
vn 0.6111 -0.6612 -0.4351
vn 0.1730 -0.9210 -0.3490
vn 0.5489 -0.0787 0.8321
vn 0.8009 -0.4657 0.3765
vn 0.9530 0.0223 0.3022
vn 0.4657 -0.1531 -0.8716
vn 0.8934 0.0787 -0.4424
vn 0.8239 -0.4282 -0.3713
vn 0.4128 0.3537 0.8393
vn 0.8676 0.3235 0.3776
vn 0.5804 0.7489 0.3197
vn 0.4010 0.2957 -0.8671
vn 0.4913 0.7608 -0.4240
vn 0.8448 0.3882 -0.3683
vn -0.3747 0.8108 0.4496
vn -0.1408 0.3603 0.9221
vn -0.4073 0.8148 -0.4125
vn -0.2099 0.3688 -0.9055
vn 0.2472 0.9690 -0.0048
vn -0.2469 0.9689 0.0139
vn -0.9110 0.4108 0.0364
vn -0.6028 0.7974 0.0265
vn -0.8626 0.1987 0.4652
vn -0.3597 0.0858 0.9291
vn -0.8952 0.2028 -0.3969
vn -0.4288 0.0943 -0.8985
vn -0.8891 -0.4566 0.0315
vn -0.9990 0.0254 0.0379
vn -0.6887 -0.5645 0.4551
vn -0.2816 -0.2565 0.9246
vn -0.7212 -0.5605 -0.4070
vn -0.3507 -0.2480 -0.9030
vn -0.1977 -0.9803 0.0029
vn -0.6428 -0.7657 0.0207
vn 0.0161 -0.9042 0.4268
vn 0.0345 -0.4089 0.9119
vn -0.0165 -0.9002 -0.4352
vn -0.0346 -0.4004 -0.9157
vn 0.6426 -0.7657 -0.0279
vn 0.1974 -0.9803 -0.0120
vn 0.7211 -0.5645 0.4018
vn 0.3507 -0.2566 0.9007
vn 0.6885 -0.5605 -0.4603
vn 0.2815 -0.2480 -0.9269
vn 0.9990 0.0254 -0.0377
vn 0.8889 -0.4566 -0.0357
vn 0.8953 0.1987 0.3987
vn 0.4288 0.0858 0.8993
vn 0.8627 0.2028 -0.4633
vn 0.3597 0.0943 -0.9283
vn 0.6031 0.7974 -0.0191
vn 0.9111 0.4109 -0.0325
vn 0.4076 0.8108 0.4200
vn 0.2101 0.3603 0.9089
vn 0.3750 0.8148 -0.4420
vn 0.1410 0.3688 -0.9188
vn 0.0378 -0.0047 0.9993
vn -0.4334 0.9010 0.0206
vn 0.4337 0.9010 -0.0122
vn -0.0378 0.0047 -0.9993
vn -0.9742 0.2225 0.0379
vn -0.7814 -0.6235 0.0266
vn -0.0002 -1.0000 -0.0047
vn 0.7812 -0.6235 -0.0324
vn 0.9743 0.2225 -0.0358
vn -0.0495 0.5240 0.8503
vn 0.2738 0.8711 0.4077
vn -0.2355 0.9133 0.3324
vn 0.0495 0.5175 -0.8542
vn -0.2738 0.8680 -0.4143
vn 0.2356 0.9107 -0.3394
vn -0.4407 0.2949 0.8478
vn -0.5104 0.7605 0.4014
vn -0.8609 0.3880 0.3291
vn -0.3735 0.3545 -0.8572
vn -0.8492 0.3238 -0.4171
vn -0.5650 0.7492 -0.3456
vn -0.5056 -0.1538 0.8490
vn -0.9129 0.0784 0.4006
vn -0.8402 -0.4285 0.3324
vn -0.5098 -0.0780 -0.8567
vn -0.7826 -0.4654 -0.4136
vn -0.9380 0.0226 -0.3460
vn -0.1952 -0.4843 0.8529
vn -0.6306 -0.6616 0.4058
vn -0.1890 -0.9213 0.3398
vn -0.2567 -0.4541 -0.8531
vn -0.1240 -0.9053 -0.4062
vn -0.6024 -0.7220 -0.3403
vn 0.2567 -0.4476 0.8566
vn 0.1240 -0.9022 0.4132
vn 0.6024 -0.7194 0.3458
vn 0.1952 -0.4908 -0.8491
vn 0.6305 -0.6647 -0.4007
vn 0.1889 -0.9239 -0.3328
vn 0.5098 -0.0715 0.8573
vn 0.7825 -0.4622 0.4171
vn 0.9380 0.0252 0.3458
vn 0.5056 -0.1603 -0.8478
vn 0.9129 0.0752 -0.4011
vn 0.8402 -0.4311 -0.3291
vn 0.3735 0.3610 0.8545
vn 0.8492 0.3270 0.4147
vn 0.5651 0.7518 0.3399
vn 0.4408 0.2884 -0.8500
vn 0.5105 0.7574 -0.4072
vn 0.8609 0.3854 -0.3320
vn -0.3951 0.8145 0.4249
vn -0.1834 0.3681 0.9115
vn -0.3877 0.8112 -0.4378
vn -0.1677 0.3611 -0.9173
vn 0.2472 0.9690 -0.0016
vn -0.2472 0.9690 -0.0058
vn -0.9117 0.4109 -0.0094
vn -0.6034 0.7974 -0.0082
vn -0.8832 0.2024 0.4231
vn -0.4023 0.0935 0.9107
vn -0.8758 0.1991 -0.4396
vn -0.3867 0.0865 -0.9181
vn -0.8896 -0.4566 -0.0058
vn -0.7090 -0.5609 0.4275
vn -0.3242 -0.2488 0.9127
vn -0.7017 -0.5642 -0.4352
vn -0.3085 -0.2558 -0.9162
vn -0.1977 -0.9803 0.0021
vn -0.6432 -0.7657 -0.0026
vn -0.0037 -0.9005 0.4348
vn -0.0078 -0.4011 0.9160
vn 0.0037 -0.9038 -0.4279
vn 0.0078 -0.4081 -0.9129
vn 0.6431 -0.7657 0.0084
vn 0.1976 -0.9803 0.0054
vn 0.7016 -0.5608 0.4395
vn 0.3085 -0.2488 0.9181
vn 0.7090 -0.5642 -0.4231
vn 0.3241 -0.2558 -0.9108
vn 0.9996 0.0254 0.0084
vn 0.8896 -0.4566 0.0093
vn 0.8759 0.2024 0.4381
vn 0.3867 0.0935 0.9175
vn 0.8832 0.1991 -0.4246
vn 0.4023 0.0865 -0.9114
vn 0.6034 0.7974 0.0021
vn 0.9117 0.4108 0.0062
vn 0.3878 0.8145 0.4316
vn 0.1678 0.3681 0.9145
vn 0.3951 0.8112 -0.4311
vn 0.1834 0.3611 -0.9143
vn -0.0085 0.0038 1.0000
vn -0.4338 0.9010 -0.0072
vn 0.4339 0.9010 0.0003
vn 0.0085 -0.0038 -1.0000
vn -0.9749 0.2225 -0.0092
vn -0.7818 -0.6235 -0.0043
vn -0.0000 -1.0000 0.0038
vn 0.7818 -0.6235 0.0091
vn 0.9749 0.2225 0.0075
vn -0.0116 0.5292 0.8484
vn 0.2915 0.8736 0.3897
vn -0.2207 0.9153 0.3370
vn 0.0112 0.5122 -0.8588
vn -0.2921 0.8654 -0.4070
vn 0.2200 0.9085 -0.3552
vn -0.4025 0.3002 0.8648
vn -0.4922 0.7630 0.4191
vn -0.8455 0.3900 0.3648
vn -0.4115 0.3492 -0.8419
vn -0.8670 0.3213 -0.3808
vn -0.5800 0.7471 -0.3247
vn -0.4672 -0.1485 0.8716
vn -0.8941 0.0809 0.4404
vn -0.8244 -0.4264 0.3722
vn -0.5475 -0.0832 -0.8326
vn -0.8001 -0.4679 -0.3754
vn -0.9525 0.0205 -0.3040
vn -0.1568 -0.4790 0.8637
vn -0.6117 -0.6590 0.4376
vn -0.1734 -0.9192 0.3536
vn -0.2944 -0.4594 -0.8380
vn -0.1418 -0.9078 -0.3947
vn -0.6169 -0.7240 -0.3086
vn 0.2948 -0.4424 0.8470
vn 0.1425 -0.8996 0.4128
vn 0.6174 -0.7173 0.3230
vn 0.1572 -0.4960 -0.8540
vn 0.6122 -0.6672 -0.4244
vn 0.1741 -0.9259 -0.3352
vn 0.5476 -0.0662 0.8341
vn 0.8005 -0.4597 0.3846
vn 0.9524 0.0273 0.3035
vn 0.4673 -0.1655 -0.8685
vn 0.8941 0.0727 -0.4419
vn 0.8247 -0.4331 -0.3636
vn 0.4112 0.3662 0.8347
vn 0.8668 0.3295 0.3743
vn 0.5795 0.7538 0.3097
vn 0.4023 0.2831 -0.8706
vn 0.4916 0.7548 -0.4342
vn 0.8452 0.3833 -0.3725
vn -0.3759 0.8171 0.4371
vn -0.1426 0.3737 0.9165
vn -0.4070 0.8085 -0.4250
vn -0.2086 0.3554 -0.9111
vn 0.2467 0.9689 -0.0186
vn -0.2474 0.9689 -0.0007
vn -0.9113 0.4108 0.0288
vn -0.6033 0.7974 0.0138
vn -0.8635 0.2050 0.4608
vn -0.3613 0.0992 0.9272
vn -0.8946 0.1964 -0.4013
vn -0.4273 0.0809 -0.9005
vn -0.8889 -0.4566 0.0367
vn -0.9990 0.0254 0.0358
vn -0.6891 -0.5582 0.4621
vn -0.2831 -0.2431 0.9278
vn -0.7203 -0.5668 -0.4000
vn -0.3491 -0.2614 -0.8999
vn -0.1972 -0.9802 0.0169
vn -0.6425 -0.7657 0.0308
vn 0.0159 -0.8978 0.4400
vn 0.0331 -0.3955 0.9179
vn -0.0152 -0.9064 -0.4220
vn -0.0329 -0.4137 -0.9098
vn 0.6430 -0.7657 -0.0156
vn 0.1979 -0.9802 0.0026
vn 0.7207 -0.5582 0.4112
vn 0.3492 -0.2431 0.9049
vn 0.6895 -0.5668 -0.4509
vn 0.2832 -0.2614 -0.9227
vn 0.9990 0.0254 -0.0363
vn 0.8892 -0.4566 -0.0276
vn 0.8945 0.2050 0.3973
vn 0.4272 0.0992 0.8987
vn 0.8634 0.1964 -0.4648
vn 0.3612 0.0809 -0.9290
vn 0.6027 0.7974 -0.0297
vn 0.9110 0.4108 -0.0370
vn 0.4065 0.8171 0.4088
vn 0.2083 0.3737 0.9039
vn 0.3753 0.8085 -0.4533
vn 0.1423 0.3554 -0.9238
vn 0.0361 0.0100 0.9993
vn -0.4339 0.9009 0.0067
vn 0.4333 0.9009 -0.0246
vn -0.0361 -0.0100 -0.9993
vn -0.9744 0.2225 0.0330
vn -0.7811 -0.6235 0.0344
vn 0.0004 -1.0000 0.0100
vn 0.7815 -0.6235 -0.0220
vn 0.9742 0.2225 -0.0374
vn -0.0357 0.5232 0.8514
vn 0.2804 0.8707 0.4040
vn -0.2301 0.9129 0.3371
vn 0.0356 0.5183 -0.8544
vn -0.2804 0.8684 -0.4090
vn 0.2300 0.9110 -0.3423
vn -0.4269 0.2942 0.8551
vn -0.5038 0.7601 0.4103
vn -0.8555 0.3877 0.3434
vn -0.3874 0.3553 -0.8507
vn -0.8559 0.3242 -0.4030
vn -0.5705 0.7495 -0.3357
vn -0.4917 -0.1546 0.8569
vn -0.9063 0.0780 0.4154
vn -0.8347 -0.4288 0.3456
vn -0.5237 -0.0772 -0.8484
vn -0.7892 -0.4650 -0.4012
vn -0.9435 0.0229 -0.3307
vn -0.1813 -0.4851 0.8555
vn -0.6239 -0.6620 0.4154
vn -0.1834 -0.9216 0.3420
vn -0.2706 -0.4534 -0.8493
vn -0.1306 -0.9049 -0.4050
vn -0.6079 -0.7217 -0.3312
vn 0.2706 -0.4484 0.8519
vn 0.1307 -0.9026 0.4103
vn 0.6079 -0.7197 0.3353
vn 0.1813 -0.4900 -0.8527
vn 0.6239 -0.6643 -0.4115
vn 0.1835 -0.9236 -0.3367
vn 0.5237 -0.0723 0.8488
vn 0.7892 -0.4626 0.4039
vn 0.9435 0.0249 0.3306
vn 0.4917 -0.1595 -0.8560
vn 0.9063 0.0756 -0.4159
vn 0.8347 -0.4308 -0.3431
vn 0.3874 0.3602 0.8486
vn 0.8558 0.3266 0.4011
vn 0.5705 0.7515 0.3314
vn 0.4269 0.2892 -0.8568
vn 0.5038 0.7577 -0.4147
vn 0.8554 0.3857 -0.3456
vn -0.3881 0.8141 0.4320
vn -0.1685 0.3672 0.9148
vn -0.3948 0.8116 -0.4307
vn -0.1826 0.3619 -0.9141
vn 0.2472 0.9690 -0.0047
vn -0.2472 0.9690 -0.0009
vn -0.9117 0.4108 0.0058
vn -0.6034 0.7974 0.0024
vn -0.8762 0.2020 0.4375
vn -0.3874 0.0927 0.9172
vn -0.8829 0.1995 -0.4251
vn -0.4015 0.0874 -0.9117
vn -0.8896 -0.4566 0.0082
vn -0.9996 0.0254 0.0076
vn -0.7020 -0.5613 0.4384
vn -0.3093 -0.2497 0.9176
vn -0.7087 -0.5637 -0.4243
vn -0.3234 -0.2549 -0.9113
vn -0.1976 -0.9803 0.0044
vn -0.6431 -0.7657 0.0072
vn 0.0033 -0.9009 0.4339
vn 0.0071 -0.4020 0.9156
vn -0.0033 -0.9034 -0.4287
vn -0.0070 -0.4073 -0.9133
vn 0.6431 -0.7657 -0.0027
vn 0.1977 -0.9803 0.0013
vn 0.7087 -0.5613 0.4275
vn 0.3234 -0.2496 0.9127
vn 0.7020 -0.5637 -0.4352
vn 0.3093 -0.2549 -0.9162
vn 0.9996 0.0254 -0.0078
vn 0.8896 -0.4566 -0.0055
vn 0.8829 0.2020 0.4240
vn 0.4015 0.0927 0.9111
vn 0.8762 0.1995 -0.4387
vn 0.3874 0.0874 -0.9177
vn 0.6034 0.7974 -0.0070
vn 0.9117 0.4109 -0.0082
vn 0.3947 0.8141 0.4260
vn 0.1826 0.3672 0.9120
vn 0.3881 0.8116 -0.4367
vn 0.1685 0.3619 -0.9168
vn 0.0077 0.0029 1.0000
vn -0.4339 0.9010 0.0008
vn 0.4338 0.9010 -0.0059
vn -0.0077 -0.0029 -1.0000
vn -0.9749 0.2225 0.0069
vn -0.7818 -0.6235 0.0078
vn -0.0000 -1.0000 0.0029
vn 0.7818 -0.6235 -0.0042
vn 0.9749 0.2225 -0.0082
vn -0.0324 0.5117 0.8585
vn 0.2820 0.8652 0.4146
vn -0.2287 0.9083 0.3502
vn 0.0325 0.5298 -0.8475
vn -0.2818 0.8738 -0.3962
vn 0.2289 0.9155 -0.3309
vn -0.4237 0.2826 0.8606
vn -0.5022 0.7546 0.4224
vn -0.8541 0.3831 0.3518
vn -0.3905 0.3667 -0.8444
vn -0.8573 0.3297 -0.3954
vn -0.5717 0.7540 -0.3234
vn -0.4885 -0.1661 0.8566
vn -0.9047 0.0725 0.4198
vn -0.8335 -0.4333 0.3429
vn -0.5269 -0.0657 -0.8474
vn -0.7908 -0.4595 -0.4045
vn -0.9447 0.0275 -0.3268
vn -0.1782 -0.4965 0.8495
vn -0.6225 -0.6674 0.4088
vn -0.1823 -0.9261 0.3302
vn -0.2738 -0.4418 -0.8543
vn -0.1323 -0.8994 -0.4167
vn -0.6092 -0.7171 -0.3386
vn 0.2737 -0.4599 0.8448
vn 0.1320 -0.9080 0.3976
vn 0.6090 -0.7242 0.3233
vn 0.1781 -0.4785 -0.8598
vn 0.6223 -0.6588 -0.4228
vn 0.1821 -0.9190 -0.3497
vn 0.5268 -0.0837 0.8458
vn 0.7906 -0.4681 0.3947
vn 0.9447 0.0203 0.3273
vn 0.4885 -0.1480 -0.8599
vn 0.9047 0.0811 -0.4182
vn 0.8334 -0.4262 -0.3520
vn 0.3906 0.3487 0.8520
vn 0.8574 0.3211 0.4022
vn 0.5719 0.7469 0.3393
vn 0.4237 0.3007 -0.8544
vn 0.5024 0.7632 -0.4064
vn 0.8542 0.3902 -0.3436
vn -0.3864 0.8082 0.4444
vn -0.1650 0.3549 0.9202
vn -0.3963 0.8174 -0.4182
vn -0.1860 0.3742 -0.9085
vn 0.2473 0.9689 0.0074
vn -0.2471 0.9689 0.0131
vn -0.9116 0.4108 0.0148
vn -0.6033 0.7974 0.0153
vn -0.8745 0.1962 0.4435
vn -0.3840 0.0804 0.9198
vn -0.8844 0.2053 -0.4191
vn -0.4049 0.0997 -0.9089
vn -0.8897 -0.4566 0.0054
vn -0.9996 0.0254 0.0117
vn -0.7004 -0.5670 0.4334
vn -0.3059 -0.2619 0.9153
vn -0.7103 -0.5579 -0.4292
vn -0.3268 -0.2426 -0.9134
vn -0.1978 -0.9802 -0.0081
vn -0.6432 -0.7657 -0.0007
vn 0.0048 -0.9067 0.4218
vn 0.0104 -0.4143 0.9101
vn -0.0050 -0.8976 -0.4408
vn -0.0105 -0.3950 -0.9186
vn 0.6430 -0.7657 -0.0155
vn 0.1975 -0.9802 -0.0126
vn 0.7102 -0.5670 0.4173
vn 0.3268 -0.2619 0.9081
vn 0.7003 -0.5579 -0.4453
vn 0.3058 -0.2426 -0.9206
vn 0.9996 0.0254 -0.0112
vn 0.8895 -0.4566 -0.0150
vn 0.8845 0.1962 0.4233
vn 0.4049 0.0804 0.9108
vn 0.8746 0.2053 -0.4392
vn 0.3840 0.0997 -0.9179
vn 0.6035 0.7974 0.0015
vn 0.9117 0.4108 -0.0061
vn 0.3965 0.8082 0.4354
vn 0.1861 0.3549 0.9162
vn 0.3866 0.8174 -0.4272
vn 0.1651 0.3742 -0.9125
vn 0.0114 -0.0106 0.9999
vn -0.4337 0.9009 0.0145
vn 0.4340 0.9009 0.0046
vn -0.0114 0.0106 -0.9999
vn -0.9748 0.2225 0.0135
vn -0.7819 -0.6235 0.0024
vn -0.0001 -0.9999 -0.0106
vn 0.9749 0.2225 -0.0088
vn -0.0542 0.5189 0.8531
vn 0.2715 0.8687 0.4144
vn -0.2374 0.9112 0.3366
vn 0.0542 0.5227 -0.8508
vn -0.2715 0.8705 -0.4106
vn 0.2374 0.9127 -0.3326
vn -0.4454 0.2898 0.8471
vn -0.5127 0.7580 0.4032
vn -0.8627 0.3860 0.3267
vn -0.3688 0.3596 -0.8571
vn -0.8469 0.3263 -0.4199
vn -0.5632 0.7513 -0.3442
vn -0.5102 -0.1589 0.8452
vn -0.9151 0.0759 0.3960
vn -0.8420 -0.4305 0.3252
vn -0.5051 -0.0728 -0.8600
vn -0.7802 -0.4629 -0.4207
vn -0.9360 0.0247 -0.3510
vn -0.1999 -0.4894 0.8488
vn -0.6327 -0.6641 0.3983
vn -0.1908 -0.9233 0.3332
vn -0.2520 -0.4490 -0.8573
vn -0.1217 -0.9028 -0.4124
vn -0.6005 -0.7200 -0.3480
vn 0.2520 -0.4528 0.8553
vn 0.1217 -0.9046 0.4084
vn 0.6005 -0.7215 0.3448
vn 0.1999 -0.4856 -0.8510
vn 0.6328 -0.6623 -0.4012
vn 0.1908 -0.9219 -0.3373
vn 0.5051 -0.0766 0.8597
vn 0.7803 -0.4647 0.4186
vn 0.9360 0.0232 0.3511
vn 0.5103 -0.1552 -0.8459
vn 0.9151 0.0777 -0.3956
vn 0.8420 -0.4290 -0.3270
vn 0.3688 0.3558 0.8587
vn 0.8469 0.3245 0.4213
vn 0.5631 0.7498 0.3475
vn 0.4454 0.2935 -0.8458
vn 0.5126 0.7598 -0.3998
vn 0.8627 0.3874 -0.3250
vn -0.3975 0.8119 0.4276
vn -0.1884 0.3626 0.9127
vn -0.3854 0.8138 -0.4350
vn -0.1627 0.3666 -0.9160
vn 0.2472 0.9689 0.0056
vn -0.9116 0.4109 -0.0119
vn -0.6034 0.7974 -0.0067
vn -0.8855 0.1998 0.4194
vn -0.4073 0.0880 0.9090
vn -0.8734 0.2017 -0.4432
vn -0.3816 0.0921 -0.9197
vn -0.8896 -0.4566 -0.0135
vn -0.9996 0.0254 -0.0140
vn -0.7113 -0.5635 0.4202
vn -0.3292 -0.2543 0.9094
vn -0.6992 -0.5616 -0.4425
vn -0.3035 -0.2503 -0.9194
vn -0.1976 -0.9803 -0.0049
vn -0.6431 -0.7657 -0.0107
vn -0.0060 -0.9031 0.4293
vn -0.0128 -0.4067 0.9135
vn 0.0061 -0.9012 -0.4333
vn 0.0129 -0.4026 -0.9153
vn 0.6431 -0.7657 0.0073
vn 0.1977 -0.9803 0.0006
vn 0.6992 -0.5634 0.4400
vn 0.3035 -0.2543 0.9183
vn 0.7114 -0.5616 -0.4226
vn 0.3292 -0.2503 -0.9105
vn 0.9996 0.0254 0.0141
vn 0.8896 -0.4566 0.0115
vn 0.8734 0.1998 0.4441
vn 0.3816 0.0880 0.9201
vn 0.8855 0.2017 -0.4185
vn 0.4073 0.0921 -0.9086
vn 0.6033 0.7974 0.0102
vn 0.9116 0.4108 0.0137
vn 0.3853 0.8119 0.4386
vn 0.1627 0.3626 0.9176
vn 0.3974 0.8138 -0.4240
vn 0.1884 0.3666 -0.9111
vn -0.0140 -0.0022 0.9999
vn -0.4339 0.9010 -0.0041
vn 0.4338 0.9010 0.0081
vn 0.0140 0.0022 -0.9999
vn -0.9748 0.2225 -0.0132
vn -0.7817 -0.6235 -0.0124
vn -0.0000 -1.0000 -0.0022
vn 0.7818 -0.6235 0.0096
vn 0.8691 -0.0469 0.4925
vn 0.4385 0.2750 0.8556
vn 0.3664 -0.2345 0.9004
vn -0.8348 0.0469 0.5485
vn -0.3814 -0.2750 0.8826
vn -0.3065 0.2345 0.9225
vn 0.8594 -0.4382 0.2636
vn 0.4306 -0.5092 0.7452
vn 0.3457 -0.8599 0.3755
vn -0.8425 -0.3761 0.3856
vn -0.4024 -0.8505 0.3388
vn -0.3162 -0.5661 0.7613
vn 0.8443 -0.5030 -0.1849
vn 0.4059 -0.9117 0.0635
vn 0.3190 -0.8392 -0.4405
vn -0.8575 -0.5124 -0.0466
vn -0.4279 -0.7838 -0.4500
vn -0.3421 -0.9390 0.0352
vn 0.8351 -0.1926 -0.5153
vn 0.3832 -0.6293 -0.6761
vn 0.3064 -0.1879 -0.9332
vn -0.8684 -0.2593 -0.4226
vn -0.4388 -0.1253 -0.8898
vn -0.3647 -0.6035 -0.7091
vn 0.8388 0.2593 -0.4787
vn 0.3794 0.1253 -0.9167
vn 0.3173 0.6035 -0.7315
vn -0.8672 0.1926 -0.4593
vn -0.4268 0.6293 -0.6495
vn -0.3670 0.1879 -0.9110
vn 0.8525 0.5124 -0.1028
vn 0.3975 0.7838 -0.4771
vn 0.3436 0.9390 0.0126
vn -0.8546 0.5030 -0.1290
vn -0.4009 0.9117 0.0900
vn -0.3473 0.8392 -0.4186
vn 0.8660 0.3762 0.3294
vn 0.4238 0.8505 0.3116
vn 0.3655 0.5661 0.7389
vn -0.8402 0.4382 0.3195
vn -0.3807 0.5092 0.7719
vn -0.3203 0.8599 0.3974
vn 0.4557 -0.3938 0.7983
vn 0.9250 -0.1806 0.3343
vn -0.4065 -0.3891 0.8266
vn -0.9029 -0.1706 0.3945
vn 0.0332 0.2472 0.9684
vn 0.0305 -0.2472 0.9685
vn 0.0085 -0.9117 0.4108
vn 0.0229 -0.6034 0.7971
vn 0.4329 -0.8819 0.1866
vn 0.9148 -0.3995 0.0600
vn -0.4293 -0.8772 0.2150
vn -0.9132 -0.3895 0.1201
vn -0.0199 -0.8896 -0.4562
vn -0.0046 -0.9997 0.0256
vn 0.4088 -0.7077 -0.5762
vn 0.9039 -0.3214 -0.2822
vn -0.4534 -0.7030 -0.5479
vn -0.9240 -0.3114 -0.2220
vn -0.0333 -0.1977 -0.9797
vn -0.0287 -0.6431 -0.7652
vn 0.4015 -0.0024 -0.9159
vn 0.9007 -0.0050 -0.4345
vn -0.4608 0.0024 -0.8875
vn -0.9273 0.0050 -0.3744
vn -0.0216 0.6431 -0.7655
vn -0.0311 0.1977 -0.9798
vn 0.4165 0.7030 -0.5765
vn 0.9074 0.3113 -0.2823
vn -0.4457 0.7077 -0.5482
vn -0.9205 0.3214 -0.2222
vn 0.0063 0.9997 0.0252
vn -0.0101 0.8896 -0.4565
vn 0.4425 0.8772 0.1863
vn 0.9191 0.3895 0.0599
vn -0.4197 0.8819 0.2147
vn -0.9088 0.3995 0.1200
vn 0.0295 0.6034 0.7969
vn 0.0185 0.9117 0.4105
vn 0.4600 0.3891 0.7981
vn 0.9269 0.1706 0.3343
vn -0.4022 0.3938 0.8265
vn -0.9010 0.1806 0.3944
vn 0.9994 -0.0055 -0.0329
vn 0.0272 -0.4339 0.9006
vn 0.0320 0.4339 0.9004
vn -0.9994 0.0055 0.0329
vn 0.0020 -0.9749 0.2226
vn -0.0248 -0.7818 -0.6230
vn -0.0329 -0.0000 -0.9995
vn -0.0162 0.7818 -0.6233
vn 0.0126 0.9749 0.2222
vn 0.8611 -0.0409 0.5067
vn 0.4224 0.2779 0.8627
vn 0.3532 -0.2321 0.9063
vn -0.8441 0.0409 0.5347
vn -0.3939 -0.2779 0.8761
vn -0.3233 0.2321 0.9174
vn 0.8580 -0.4321 0.2776
vn 0.4219 -0.5063 0.7521
vn 0.3456 -0.8575 0.3811
vn -0.8460 -0.3822 0.3717
vn -0.4019 -0.8534 0.3320
vn -0.3246 -0.5685 0.7559
vn 0.8508 -0.4969 -0.1710
vn 0.4113 -0.9088 0.0701
vn 0.3322 -0.8368 -0.4353
vn -0.8529 -0.5185 -0.0607
vn -0.4149 -0.7867 -0.4571
vn -0.3359 -0.9414 0.0294
vn 0.8448 -0.1865 -0.5015
vn 0.3987 -0.6264 -0.6698
vn 0.3230 -0.1855 -0.9280
vn -0.8595 -0.2654 -0.4368
vn -0.4232 -0.1281 -0.8969
vn -0.3487 -0.6059 -0.7151
vn 0.8447 0.2654 -0.4648
vn 0.3935 0.1281 -0.9103
vn 0.3250 0.6059 -0.7261
vn -0.8608 0.1865 -0.4735
vn -0.4205 0.6264 -0.6564
vn -0.3533 0.1855 -0.9169
vn 0.8505 0.5185 -0.0887
vn 0.3997 0.7867 -0.4704
vn 0.3367 0.9414 0.0184
vn -0.8559 0.4970 -0.1430
vn -0.4088 0.9088 0.0835
vn -0.3462 0.8368 -0.4242
vn 0.8578 0.3822 0.3437
vn 0.4126 0.8534 0.3187
vn 0.3492 0.5685 0.7449
vn -0.8484 0.4321 0.3056
vn -0.3970 0.5063 0.7656
vn -0.3329 0.8575 0.3922
vn 0.4453 -0.3907 0.8056
vn 0.9206 -0.1741 0.3495
vn -0.4173 -0.3921 0.8198
vn -0.9081 -0.1770 0.3795
vn 0.0155 0.2472 0.9688
vn 0.0163 -0.2472 0.9688
vn 0.0082 -0.9117 0.4108
vn 0.0140 -0.6034 0.7973
vn 0.4360 -0.8789 0.1936
vn 0.9165 -0.3930 0.0750
vn -0.4266 -0.8803 0.2078
vn -0.9122 -0.3960 0.1050
vn -0.0060 -0.8897 -0.4566
vn 0.4232 -0.7047 -0.5695
vn 0.9107 -0.3149 -0.2673
vn -0.4394 -0.7060 -0.5554
vn -0.9180 -0.3178 -0.2373
vn -0.0158 -0.1977 -0.9801
vn -0.0115 -0.6431 -0.7657
vn 0.4165 0.0007 -0.9091
vn 0.9077 0.0015 -0.4196
vn -0.4461 -0.0007 -0.8950
vn -0.9210 -0.0015 -0.3896
vn -0.0136 0.6432 -0.7656
vn -0.0164 0.1977 -0.9801
vn 0.4209 0.7061 -0.5695
vn 0.9097 0.3178 -0.2672
vn -0.4417 0.7047 -0.5553
vn -0.9190 0.3149 -0.2372
vn -0.0012 0.9997 0.0254
vn -0.0089 0.8897 -0.4565
vn 0.4332 0.8803 0.1937
vn 0.9152 0.3960 0.0750
vn -0.4295 0.8789 0.2078
vn -0.9135 0.3930 0.1050
vn 0.0121 0.6034 0.7973
vn 0.0053 0.9117 0.4108
vn 0.4440 0.3921 0.8057
vn 0.9200 0.1770 0.3495
vn -0.4186 0.3907 0.8198
vn -0.9087 0.1741 0.3795
vn 0.9999 0.0016 -0.0164
vn 0.0155 -0.4339 0.9008
vn 0.0141 0.4339 0.9009
vn -0.9999 -0.0016 0.0164
vn 0.0052 -0.9749 0.2225
vn -0.0090 -0.7818 -0.6234
vn -0.0164 -0.0000 -0.9999
vn -0.0115 0.7818 -0.6234
vn 0.0021 0.9749 0.2225
vn 0.8548 -0.0521 0.5163
vn 0.4163 0.2725 0.8674
vn 0.3399 -0.2366 0.9102
vn -0.8494 0.0521 0.5252
vn -0.4073 -0.2725 0.8717
vn -0.3304 0.2366 0.9137
vn 0.8491 -0.4433 0.2873
vn 0.4067 -0.5117 0.7568
vn 0.3300 -0.8619 0.3850
vn -0.8551 -0.3709 0.3622
vn -0.4168 -0.8479 0.3276
vn -0.3405 -0.5640 0.7523
vn 0.8460 -0.5081 -0.1615
vn 0.3985 -0.9141 0.0748
vn 0.3260 -0.8412 -0.4315
vn -0.8589 -0.5072 -0.0702
vn -0.4201 -0.7813 -0.4616
vn -0.3486 -0.9369 0.0257
vn 0.8479 -0.1977 -0.4919
vn 0.3979 -0.6318 -0.6652
vn 0.3309 -0.1899 -0.9243
vn -0.8580 -0.2541 -0.4464
vn -0.4148 -0.1228 -0.9016
vn -0.3486 -0.6014 -0.7189
vn 0.8533 0.2541 -0.4553
vn 0.4054 0.1228 -0.9059
vn 0.3411 0.6014 -0.7225
vn -0.8529 0.1978 -0.4831
vn -0.4048 0.6318 -0.6611
vn -0.3405 0.1899 -0.9208
vn 0.8582 0.5072 -0.0792
vn 0.4153 0.7813 -0.4660
vn 0.3489 0.9369 0.0221
vn -0.8476 0.5082 -0.1526
vn -0.3977 0.9141 0.0789
vn -0.3304 0.8412 -0.4281
vn 0.8588 0.3709 0.3533
vn 0.4202 0.8479 0.3232
vn 0.3483 0.5640 0.7487
vn -0.8461 0.4433 0.2961
vn -0.3988 0.5117 0.7610
vn -0.3259 0.8619 0.3884
vn 0.4310 -0.3964 0.8106
vn 0.9143 -0.1861 0.3598
vn -0.4316 -0.3864 0.8151
vn -0.9145 -0.1650 0.3693
vn 0.0079 0.2472 0.9689
vn 0.0022 -0.2472 0.9690
vn -0.0084 -0.9116 0.4109
vn -0.0028 -0.6034 0.7974
vn 0.4222 -0.8845 0.1986
vn 0.9103 -0.4050 0.0853
vn -0.4404 -0.8745 0.2030
vn -0.9185 -0.3839 0.0948
vn -0.0127 -0.8896 -0.4566
vn -0.0114 -0.9996 0.0255
vn 0.4202 -0.7103 -0.5647
vn 0.9094 -0.3269 -0.2570
vn -0.4424 -0.7003 -0.5602
vn -0.9194 -0.3058 -0.2475
vn -0.0074 -0.1977 -0.9802
vn -0.0114 -0.6431 -0.7657
vn 0.4266 -0.0050 -0.9044
vn 0.9123 -0.0106 -0.4094
vn -0.4360 0.0050 -0.8999
vn -0.9165 0.0106 -0.3999
vn 0.0034 0.6431 -0.7658
vn -0.0028 0.1977 -0.9803
vn 0.4365 0.7003 -0.5648
vn 0.9167 0.3058 -0.2571
vn -0.4261 0.7103 -0.5603
vn -0.9121 0.3269 -0.2475
vn 0.0117 0.9996 0.0253
vn 0.0079 0.8896 -0.4567
vn 0.4425 0.8745 0.1985
vn 0.9194 0.3839 0.0853
vn -0.4201 0.8845 0.2029
vn -0.9094 0.4050 0.0948
vn 0.0111 0.6034 0.7974
vn 0.0127 0.9116 0.4108
vn 0.4401 0.3864 0.8106
vn 0.9183 0.1650 0.3598
vn -0.4226 0.3964 0.8150
vn -0.9105 0.1861 0.3693
vn 0.9999 -0.0116 -0.0052
vn -0.0003 -0.4339 0.9010
vn 0.0097 0.4339 0.9009
vn -0.9999 0.0116 0.0052
vn -0.0101 -0.9749 0.2226
vn -0.0123 -0.7818 -0.6234
vn -0.0052 -0.0000 -1.0000
vn 0.0058 0.7818 -0.6235
vn 0.0124 0.9749 0.2225
vn 0.8602 -0.0441 0.5080
vn 0.4222 0.2764 0.8634
vn 0.3509 -0.2334 0.9068
vn -0.8447 0.0441 0.5334
vn -0.3962 -0.2764 0.8756
vn -0.3238 0.2334 0.9169
vn 0.8559 -0.4354 0.2790
vn 0.4188 -0.5079 0.7528
vn 0.3418 -0.8588 0.3816
vn -0.8480 -0.3790 0.3704
vn -0.4056 -0.8518 0.3315
vn -0.3279 -0.5672 0.7555
vn 0.8491 -0.5002 -0.1697
vn 0.4078 -0.9103 0.0707
vn 0.3297 -0.8380 -0.4347
vn -0.8548 -0.5153 -0.0620
vn -0.4172 -0.7852 -0.4576
vn -0.3396 -0.9401 0.0290
vn 0.8449 -0.1898 -0.5002
vn 0.3974 -0.6280 -0.6691
vn 0.3237 -0.1868 -0.9275
vn -0.8598 -0.2622 -0.4381
vn -0.4223 -0.1266 -0.8976
vn -0.3499 -0.6046 -0.7156
vn 0.8464 0.2621 -0.4635
vn 0.3954 0.1266 -0.9097
vn 0.3284 0.6046 -0.7257
vn -0.8594 0.1898 -0.4748
vn -0.4171 0.6280 -0.6570
vn -0.3512 0.1868 -0.9175
vn 0.8526 0.5153 -0.0874
vn 0.4034 0.7852 -0.4699
vn 0.3403 0.9401 0.0188
vn -0.8538 0.5002 -0.1444
vn -0.4055 0.9103 0.0828
vn -0.3424 0.8381 -0.4247
vn 0.8587 0.3790 0.3450
vn 0.4153 0.8518 0.3192
vn 0.3503 0.5672 0.7454
vn -0.8473 0.4353 0.3043
vn -0.3962 0.5079 0.7649
vn -0.3302 0.8588 0.3916
vn 0.4425 -0.3924 0.8063
vn 0.9194 -0.1776 0.3509
vn -0.4200 -0.3905 0.8192
vn -0.9093 -0.1736 0.3782
vn 0.0150 0.2472 0.9688
vn 0.0139 -0.2472 0.9689
vn 0.0041 -0.9117 0.4108
vn 0.0106 -0.6034 0.7973
vn 0.4324 -0.8805 0.1943
vn 0.9149 -0.3965 0.0764
vn -0.4302 -0.8786 0.2072
vn -0.9139 -0.3925 0.1037
vn -0.0087 -0.8896 -0.4566
vn -0.0018 -0.9997 0.0254
vn 0.4214 -0.7063 -0.5688
vn 0.9099 -0.3183 -0.2659
vn -0.4412 -0.7044 -0.5560
vn -0.9188 -0.3144 -0.2386
vn -0.0150 -0.1977 -0.9802
vn -0.0128 -0.6432 -0.7656
vn 0.4179 -0.0009 -0.9085
vn 0.9083 -0.0020 -0.4182
vn -0.4447 0.0009 -0.8957
vn -0.9204 0.0020 -0.3910
vn -0.0100 0.6432 -0.7657
vn -0.0142 0.1977 -0.9802
vn 0.4244 0.7044 -0.5689
vn 0.9113 0.3144 -0.2659
vn -0.4381 0.7063 -0.5560
vn -0.9174 0.3183 -0.2387
vn 0.0026 0.9997 0.0254
vn -0.0049 0.8897 -0.4566
vn 0.4362 0.8786 0.1943
vn 0.9166 0.3925 0.0764
vn -0.4264 0.8805 0.2071
vn -0.9122 0.3965 0.1036
vn 0.0132 0.6034 0.7973
vn 0.0081 0.9117 0.4108
vn 0.4443 0.3905 0.8063
vn 0.9202 0.1736 0.3509
vn -0.4183 0.3924 0.8192
vn -0.9086 0.1776 0.3781
vn 0.9999 -0.0022 -0.0149
vn 0.0125 -0.4339 0.9009
vn 0.0144 0.4339 0.9009
vn -0.9999 0.0022 0.0149
vn -0.0110 -0.7818 -0.6234
vn -0.0076 0.7818 -0.6234
vn 0.0054 0.9749 0.2225
vn 0.8770 -0.0423 0.4786
vn 0.4505 0.2772 0.8486
vn 0.3819 -0.2327 0.8944
vn -0.8263 0.0423 0.5617
vn -0.3658 -0.2772 0.8884
vn -0.2930 0.2327 0.9273
vn 0.8658 -0.4335 0.2498
vn 0.4451 -0.5070 0.7381
vn 0.3563 -0.8581 0.3698
vn -0.8342 -0.3808 0.3988
vn -0.3924 -0.8527 0.3449
vn -0.3010 -0.5679 0.7661
vn 0.8440 -0.4984 -0.1984
vn 0.4119 -0.9095 0.0568
vn 0.3165 -0.8373 -0.4457
vn -0.8553 -0.5171 -0.0331
vn -0.4308 -0.7861 -0.4433
vn -0.3364 -0.9408 0.0404
vn 0.8279 -0.1880 -0.5285
vn 0.3758 -0.6271 -0.6823
vn 0.2925 -0.1861 -0.9380
vn -0.8736 -0.2640 -0.4088
vn -0.4522 -0.1275 -0.8828
vn -0.3727 -0.6053 -0.7034
vn 0.8297 0.2640 -0.4919
vn 0.3641 0.1275 -0.9226
vn 0.3024 0.6053 -0.7363
vn -0.8754 0.1880 -0.4454
vn -0.4404 0.6271 -0.6425
vn -0.3824 0.1861 -0.9050
vn 0.8480 0.5171 -0.1162
vn 0.3856 0.7861 -0.4832
vn 0.3388 0.9408 0.0074
vn -0.8593 0.4984 -0.1153
vn -0.4043 0.9095 0.0966
vn -0.3585 0.8373 -0.4128
vn 0.8691 0.3808 0.3158
vn 0.4241 0.8527 0.3051
vn 0.3741 0.5679 0.7332
vn -0.8374 0.4335 0.3329
vn -0.3712 0.5070 0.7779
vn -0.3186 0.8581 0.4027
vn 0.4704 -0.3915 0.7909
vn 0.9311 -0.1756 0.3196
vn -0.3912 -0.3914 0.8329
vn -0.8956 -0.1755 0.4087
vn 0.0472 0.2472 0.9678
vn 0.0472 -0.2472 0.9678
vn 0.0200 -0.9117 0.4104
vn 0.0388 -0.6034 0.7965
vn 0.4406 -0.8796 0.1795
vn 0.9178 -0.3945 0.0454
vn -0.4211 -0.8796 0.2215
vn -0.9090 -0.3945 0.1345
vn -0.0223 -0.8896 -0.4561
vn 0.0012 -0.9997 0.0254
vn 0.4034 -0.7054 -0.5828
vn 0.9011 -0.3164 -0.2966
vn -0.4583 -0.7053 -0.5408
vn -0.9257 -0.3163 -0.2074
vn -0.0478 -0.1977 -0.9791
vn -0.0373 -0.6432 -0.7648
vn 0.3869 -0.0000 -0.9221
vn 0.8937 -0.0000 -0.4487
vn -0.4748 -0.0000 -0.8801
vn -0.9331 -0.0000 -0.3596
vn -0.0373 0.6432 -0.7648
vn -0.0478 0.1977 -0.9791
vn 0.4035 0.7053 -0.5829
vn 0.9011 0.3163 -0.2966
vn -0.4582 0.7054 -0.5408
vn -0.9257 0.3164 -0.2074
vn 0.0013 0.9997 0.0254
vn -0.0222 0.8896 -0.4561
vn 0.4407 0.8795 0.1795
vn 0.9178 0.3945 0.0454
vn -0.4210 0.8796 0.2215
vn -0.9090 0.3945 0.1345
vn 0.0389 0.6034 0.7965
vn 0.0201 0.9117 0.4104
vn 0.4705 0.3914 0.7909
vn 0.9312 0.1755 0.3196
vn -0.3912 0.3915 0.8329
vn -0.8956 0.1756 0.4087
vn 0.9988 -0.0000 -0.0487
vn 0.0439 -0.4339 0.8999
vn 0.0439 0.4339 0.8999
vn -0.9988 -0.0000 0.0487
vn 0.0108 -0.9749 0.2223
vn -0.0304 -0.7818 -0.6227
vn -0.0487 -0.0000 -0.9988
vn -0.0303 0.7818 -0.6228
vn 0.0109 0.9749 0.2223
vn 0.8518 -0.0436 0.5221
vn 0.4078 0.2766 0.8702
vn 0.3361 -0.2332 0.9125
vn -0.8534 0.0436 0.5195
vn -0.4104 -0.2766 0.8690
vn -0.3389 0.2332 0.9115
vn 0.8515 -0.4349 0.2930
vn 0.4066 -0.5077 0.7595
vn 0.3359 -0.8586 0.3872
vn -0.8538 -0.3794 0.3564
vn -0.4105 -0.8520 0.3248
vn -0.3400 -0.5674 0.7500
vn 0.8521 -0.4997 -0.1558
vn 0.4070 -0.9101 0.0774
vn 0.3372 -0.8379 -0.4293
vn -0.8534 -0.5157 -0.0760
vn -0.4092 -0.7854 -0.4644
vn -0.3395 -0.9403 0.0234
vn 0.8531 -0.1893 -0.4863
vn 0.4086 -0.6278 -0.6625
vn 0.3390 -0.1866 -0.9221
vn -0.8524 -0.2626 -0.4522
vn -0.4075 -0.1268 -0.9044
vn -0.3378 -0.6048 -0.7212
vn 0.8538 0.2626 -0.4496
vn 0.4102 0.1268 -0.9031
vn 0.3400 0.6048 -0.7202
vn -0.8516 0.1893 -0.4888
vn -0.4066 0.6278 -0.6638
vn -0.3362 0.1866 -0.9231
vn 0.8536 0.5157 -0.0734
vn 0.4106 0.7854 -0.4632
vn 0.3394 0.9403 0.0244
vn -0.8516 0.4997 -0.1583
vn -0.4072 0.9101 0.0762
vn -0.3358 0.8379 -0.4303
vn 0.8527 0.3794 0.3590
vn 0.4096 0.8520 0.3260
vn 0.3377 0.5674 0.7510
vn -0.8524 0.4349 0.2904
vn -0.4089 0.5077 0.7583
vn -0.3371 0.8586 0.3862
vn 0.4295 -0.3922 0.8135
vn 0.9136 -0.1771 0.3659
vn -0.4332 -0.3907 0.8122
vn -0.9153 -0.1741 0.3632
vn -0.0010 0.2472 0.9690
vn -0.0019 -0.2472 0.9690
vn -0.0021 -0.9117 0.4108
vn -0.0022 -0.6034 0.7974
vn 0.4296 -0.8803 0.2014
vn 0.9137 -0.3960 0.0914
vn -0.4331 -0.8788 0.2001
vn -0.9153 -0.3930 0.0887
vn -0.0008 -0.8897 -0.4566
vn -0.0017 -0.9997 0.0254
vn 0.4310 -0.7061 -0.5619
vn 0.9143 -0.3179 -0.2509
vn -0.4317 -0.7046 -0.5632
vn -0.9146 -0.3148 -0.2537
vn 0.0011 -0.1977 -0.9803
vn 0.0001 -0.6431 -0.7657
vn 0.4327 -0.0007 -0.9015
vn 0.9151 -0.0015 -0.4033
vn -0.4300 0.0007 -0.9028
vn -0.9139 0.0015 -0.4060
vn 0.0022 0.6432 -0.7657
vn 0.0018 0.1977 -0.9803
vn 0.4334 0.7046 -0.5618
vn 0.9154 0.3149 -0.2509
vn -0.4293 0.7061 -0.5632
vn -0.9136 0.3179 -0.2537
vn 0.0016 0.9997 0.0254
vn 0.0022 0.8897 -0.4566
vn 0.4325 0.8788 0.2014
vn 0.9150 0.3930 0.0914
vn -0.4302 0.8803 0.2001
vn -0.9140 0.3960 0.0887
vn -0.0002 0.6034 0.7974
vn 0.0009 0.9117 0.4109
vn 0.4308 0.3907 0.8135
vn 0.9142 0.1741 0.3659
vn -0.4319 0.3922 0.8122
vn -0.9147 0.1771 0.3632
vn 1.0000 -0.0017 0.0015
vn -0.0021 -0.4339 0.9010
vn -0.0006 0.4339 0.9010
vn -1.0000 0.0017 -0.0015
vn -0.0020 -0.9749 0.2225
vn -0.0004 -0.7818 -0.6235
vn 0.0015 -0.0000 -1.0000
vn 0.0022 0.7818 -0.6235
vn 0.0013 0.9749 0.2225
vn 0.8719 -0.0483 0.4873
vn 0.4441 0.2743 0.8530
vn 0.3714 -0.2351 0.8982
vn -0.8315 0.0483 0.5535
vn -0.3765 -0.2743 0.8849
vn -0.3006 0.2351 0.9243
vn 0.8602 -0.4395 0.2585
vn 0.4342 -0.5099 0.7426
vn 0.3465 -0.8605 0.3735
vn -0.8408 -0.3747 0.3907
vn -0.4018 -0.8498 0.3413
vn -0.3125 -0.5655 0.7632
vn 0.8423 -0.5044 -0.1899
vn 0.4048 -0.9124 0.0611
vn 0.3150 -0.8397 -0.4423
vn -0.8586 -0.5110 -0.0414
vn -0.4319 -0.7831 -0.4474
vn -0.3434 -0.9384 0.0373
vn 0.8317 -0.1940 -0.5202
vn 0.3781 -0.6300 -0.6783
vn 0.3005 -0.1885 -0.9350
vn -0.8714 -0.2579 -0.4173
vn -0.4443 -0.1246 -0.8872
vn -0.3699 -0.6029 -0.7069
vn 0.8363 0.2579 -0.4837
vn 0.3741 0.1246 -0.9190
vn 0.3139 0.6029 -0.7335
vn -0.8696 0.1940 -0.4541
vn -0.4296 0.6300 -0.6469
vn -0.3721 0.1884 -0.9088
vn 0.8528 0.5110 -0.1079
vn 0.3959 0.7831 -0.4795
vn 0.3453 0.9384 0.0105
vn -0.8545 0.5044 -0.1240
vn -0.3989 0.9123 0.0924
vn -0.3484 0.8397 -0.4166
vn 0.8686 0.3748 0.3242
vn 0.4270 0.8498 0.3091
vn 0.3708 0.5655 0.7367
vn -0.8376 0.4395 0.3244
vn -0.3753 0.5099 0.7741
vn -0.3165 0.8605 0.3993
vn 0.4598 -0.3945 0.7956
vn 0.9267 -0.1821 0.3288
vn -0.4022 -0.3884 0.8291
vn -0.9008 -0.1691 0.3999
vn 0.0394 0.2472 0.9682
vn 0.0359 -0.2472 0.9683
vn 0.0095 -0.9117 0.4108
vn 0.4326 -0.8826 0.1841
vn 0.9145 -0.4010 0.0546
vn -0.4295 -0.8765 0.2176
vn -0.9131 -0.3880 0.1256
vn -0.0241 -0.8896 -0.4560
vn -0.0061 -0.9997 0.0257
vn 0.4041 -0.7084 -0.5786
vn 0.9017 -0.3229 -0.2875
vn -0.4579 -0.7023 -0.5451
vn -0.9258 -0.3099 -0.2165
vn -0.0395 -0.1977 -0.9795
vn -0.0343 -0.6432 -0.7650
vn 0.3960 -0.0031 -0.9183
vn 0.8980 -0.0065 -0.4399
vn -0.4660 0.0031 -0.8848
vn -0.9295 0.0065 -0.3688
vn -0.0252 0.6431 -0.7653
vn -0.0367 0.1977 -0.9796
vn 0.4142 0.7023 -0.5790
vn 0.9062 0.3099 -0.2877
vn -0.4479 0.7084 -0.5455
vn -0.9213 0.3229 -0.2167
vn 0.0081 0.9997 0.0251
vn -0.0114 0.8896 -0.4565
vn 0.4451 0.8765 0.1836
vn 0.9201 0.3880 0.0544
vn -0.4170 0.8826 0.2171
vn -0.9075 0.4010 0.1254
vn 0.0353 0.6034 0.7966
vn 0.0224 0.9117 0.4103
vn 0.4654 0.3884 0.7954
vn 0.9292 0.1691 0.3287
vn -0.3966 0.3945 0.8289
vn -0.8984 0.1821 0.3998
vn 0.9992 -0.0071 -0.0388
vn 0.0319 -0.4339 0.9004
vn 0.0381 0.4339 0.9002
vn -0.9992 0.0071 0.0388
vn 0.0017 -0.9749 0.2226
vn -0.0298 -0.7818 -0.6228
vn -0.0388 -0.0000 -0.9992
vn -0.0187 0.7818 -0.6232
vn 0.0156 0.9749 0.2221
vn 0.8416 -0.0427 0.5384
vn 0.3906 0.2770 0.8779
vn 0.3187 -0.2329 0.9188
vn -0.8633 0.0427 0.5029
vn -0.4268 -0.2770 0.8609
vn -0.3566 0.2329 0.9048
vn 0.8461 -0.4340 0.3093
vn 0.3925 -0.5072 0.7673
vn 0.3293 -0.8583 0.3936
vn -0.8601 -0.3803 0.3399
vn -0.4158 -0.8525 0.3168
vn -0.3538 -0.5677 0.7433
vn 0.8554 -0.4988 -0.1393
vn 0.4064 -0.9097 0.0853
vn 0.3463 -0.8375 -0.4227
vn -0.8512 -0.5166 -0.0924
vn -0.3994 -0.7858 -0.4722
vn -0.3389 -0.9407 0.0169
vn 0.8625 -0.1884 -0.4697
vn 0.4220 -0.6273 -0.6545
vn 0.3569 -0.1862 -0.9154
vn -0.8432 -0.2635 -0.4685
vn -0.3898 -0.1273 -0.9120
vn -0.3232 -0.6051 -0.7276
vn 0.8620 0.2635 -0.4331
vn 0.4274 0.1273 -0.8951
vn 0.3532 0.6051 -0.7135
vn -0.8422 0.1884 -0.5051
vn -0.3944 0.6273 -0.6715
vn -0.3186 0.1862 -0.9294
vn 0.8543 0.5166 -0.0570
vn 0.4187 0.7858 -0.4552
vn 0.3379 0.9407 0.0309
vn -0.8489 0.4988 -0.1747
vn -0.4096 0.9097 0.0683
vn -0.3284 0.8375 -0.4367
vn 0.8452 0.3803 0.3754
vn 0.4023 0.8525 0.3338
vn 0.3225 0.5677 0.7574
vn -0.8583 0.4340 0.2739
vn -0.4240 0.5072 0.7503
vn -0.3454 0.8583 0.3796
vn 0.4142 -0.3917 0.8216
vn 0.9066 -0.1761 0.3835
vn -0.4484 -0.3912 0.8037
vn -0.9220 -0.1750 0.3455
vn -0.0200 0.2472 0.9688
vn -0.0203 -0.2472 0.9688
vn -0.0091 -0.9117 0.4107
vn -0.0169 -0.6034 0.7972
vn 0.4266 -0.8798 0.2097
vn 0.9122 -0.3950 0.1090
vn -0.4359 -0.8793 0.1917
vn -0.9164 -0.3940 0.0710
vn 0.0090 -0.8897 -0.4566
vn -0.0011 -0.9997 0.0254
vn 0.4425 -0.7056 -0.5534
vn 0.9193 -0.3169 -0.2332
vn -0.4200 -0.7051 -0.5714
vn -0.9092 -0.3158 -0.2713
vn 0.0203 -0.1977 -0.9801
vn 0.0156 -0.6432 -0.7656
vn 0.4500 -0.0002 -0.8930
vn 0.9227 -0.0005 -0.3855
vn -0.4125 0.0003 -0.9110
vn -0.9059 0.0005 -0.4236
vn 0.0163 0.6432 -0.7656
vn 0.0205 0.1977 -0.9801
vn 0.4433 0.7051 -0.5534
vn 0.9197 0.3158 -0.2332
vn -0.4192 0.7056 -0.5713
vn -0.9088 0.3169 -0.2712
vn 0.0001 0.9997 0.0254
vn 0.0100 0.8897 -0.4565
vn 0.4276 0.8793 0.2097
vn 0.9126 0.3940 0.1090
vn -0.4349 0.8798 0.1918
vn -0.9159 0.3950 0.0710
vn -0.0162 0.6034 0.7973
vn -0.0080 0.9117 0.4108
vn 0.4146 0.3912 0.8216
vn 0.9068 0.1750 0.3835
vn -0.4480 0.3917 0.8037
vn -0.9217 0.1761 0.3455
vn 0.9998 -0.0006 0.0208
vn -0.0190 -0.4339 0.9008
vn -0.0185 0.4339 0.9008
vn -0.9998 0.0006 -0.0208
vn -0.0052 -0.9749 0.2225
vn 0.0125 -0.7818 -0.6234
vn 0.0208 -0.0000 -0.9998
vn 0.0134 0.7818 -0.6233
vn -0.0041 0.9749 0.2225
vn 0.7158 -0.0216 -0.6980
vn 0.3093 0.0236 -0.9507
vn 0.9208 0.1037 -0.3759
vn 0.3819 0.0831 -0.9205
vn 0.6839 0.2222 -0.6949
vn 0.9425 0.1559 -0.2955
vn 0.7077 -0.0404 0.7053
vn 0.9466 0.0910 0.3094
vn 0.3770 0.0161 0.9261
vn 0.6759 0.2034 0.7084
vn 0.2912 0.0549 0.9551
vn 0.9109 0.1357 0.3897
vn -0.6759 -0.2034 -0.7084
vn -0.9391 -0.1478 -0.3102
vn -0.3715 -0.0583 -0.9266
vn -0.7077 0.0404 -0.7053
vn -0.2983 0.0020 -0.9545
vn -0.9164 -0.0934 -0.3892
vn -0.6839 -0.2223 0.6949
vn -0.3020 -0.0804 0.9499
vn -0.9153 -0.1459 0.3754
vn -0.7158 0.0216 0.6980
vn -0.9500 -0.0991 0.2962
vn -0.3874 -0.0408 0.9210
vn 0.9990 -0.0435 0.0051
vn 0.9950 0.0997 0.0070
vn 0.3848 0.0620 -0.9209
vn 0.9182 0.1248 -0.3759
vn 0.9543 0.2987 0.0094
vn 0.9872 0.1593 0.0078
vn 0.3742 0.0372 0.9266
vn 0.9139 0.1146 0.3894
vn 0.0168 -0.1843 0.9827
vn -0.0018 -0.0432 0.9991
vn -0.0280 0.1579 0.9871
vn -0.0096 0.0164 0.9998
vn -0.9182 -0.1248 0.3758
vn -0.3847 -0.0620 0.9210
vn -0.9543 -0.2987 -0.0094
vn -0.9872 -0.1593 -0.0078
vn -0.9990 0.0435 -0.0051
vn -0.9950 -0.0997 -0.0070
vn -0.3742 -0.0372 -0.9266
vn -0.9139 -0.1146 -0.3895
vn 0.0280 -0.1579 -0.9871
vn 0.0096 -0.0164 -0.9998
vn -0.0168 0.1843 -0.9827
vn 0.0018 0.0432 -0.9991
vn 0.1296 -0.9915 -0.0125
vn 0.9915 0.1296 0.0074
vn 0.0057 0.0134 -0.9999
vn -0.1296 0.9915 0.0125
vn -0.0057 -0.0134 0.9999
vn -0.9915 -0.1296 -0.0074
vn 0.6776 -0.1940 -0.7093
vn 0.2905 -0.0509 -0.9555
vn 0.9121 -0.1230 -0.3910
vn 0.3757 -0.0108 -0.9267
vn 0.7061 0.0502 -0.7063
vn 0.9473 -0.0778 -0.3108
vn 0.6878 -0.2127 0.6940
vn 0.9451 -0.1427 0.2941
vn 0.3842 -0.0777 0.9200
vn 0.7164 0.0316 0.6970
vn 0.3110 -0.0192 0.9502
vn 0.9227 -0.0908 0.3747
vn -0.7164 -0.0316 -0.6970
vn -0.9518 0.0858 -0.2946
vn -0.3893 0.0354 -0.9204
vn -0.6879 0.2127 -0.6940
vn -0.3044 0.0761 -0.9495
vn -0.9177 0.1332 -0.3742
vn -0.7061 -0.0502 0.7063
vn -0.2971 -0.0061 0.9548
vn -0.9170 0.0807 0.3906
vn -0.6777 0.1940 0.7093
vn -0.9407 0.1347 0.3115
vn -0.3707 0.0532 0.9272
vn 0.9583 -0.2854 -0.0108
vn 0.9893 -0.1455 -0.0092
vn 0.3733 -0.0320 -0.9272
vn 0.9148 -0.1018 -0.3908
vn 0.9983 0.0574 -0.0065
vn 0.9963 -0.0858 -0.0084
vn 0.3868 -0.0565 0.9204
vn 0.9205 -0.1120 0.3744
vn -0.0128 -0.1845 0.9827
vn 0.0038 -0.0431 0.9991
vn 0.0272 0.1583 0.9870
vn 0.0108 0.0166 0.9998
vn -0.9148 0.1018 0.3908
vn -0.3733 0.0320 0.9272
vn -0.9983 -0.0574 0.0065
vn -0.9963 0.0858 0.0084
vn -0.9583 0.2854 0.0108
vn -0.9893 0.1455 0.0092
vn -0.3868 0.0566 -0.9204
vn -0.9204 0.1120 -0.3745
vn -0.0272 -0.1583 -0.9870
vn -0.0108 -0.0166 -0.9998
vn 0.0128 0.1845 -0.9827
vn -0.0038 0.0431 -0.9991
vn -0.1158 -0.9932 -0.0123
vn 0.9932 -0.1157 -0.0088
vn -0.0073 0.0133 -0.9999
vn 0.1158 0.9932 0.0123
vn 0.0073 -0.0133 0.9999
vn -0.9932 0.1157 0.0088
vn 0.8478 0.0356 0.5292
vn 0.3307 0.2301 0.9153
vn 0.3979 -0.2804 0.8735
vn -0.8580 -0.0356 0.5123
vn -0.3487 -0.2301 0.9086
vn -0.4150 0.2804 0.8655
vn 0.8461 -0.3874 0.3661
vn 0.3261 -0.5705 0.7538
vn 0.3988 -0.8559 0.3293
vn -0.8588 -0.4269 0.2832
vn -0.3483 -0.8554 0.3833
vn -0.4200 -0.5038 0.7548
vn 0.8493 -0.5237 -0.0664
vn 0.3304 -0.9435 0.0272
vn 0.4071 -0.7892 -0.4598
vn -0.8549 -0.4917 -0.1655
vn -0.3401 -0.8347 -0.4331
vn -0.4164 -0.9063 0.0727
vn 0.8550 -0.2706 -0.4425
vn 0.3403 -0.6079 -0.7174
vn 0.4165 -0.1307 -0.8997
vn -0.8492 -0.1813 -0.4959
vn -0.3302 -0.1834 -0.9259
vn -0.4069 -0.6239 -0.6672
vn 0.8588 0.1813 -0.4791
vn 0.3484 0.1834 -0.9192
vn 0.4200 0.6239 -0.6590
vn -0.8461 0.2706 -0.4593
vn -0.3261 0.6079 -0.7239
vn -0.3987 0.1307 -0.9077
vn 0.8580 0.4917 -0.1486
vn 0.3486 0.8347 -0.4264
vn 0.4149 0.9063 0.0809
vn -0.8478 0.5237 -0.0831
vn -0.3308 0.9435 0.0207
vn -0.3979 0.7892 -0.4677
vn 0.8531 0.4269 0.3001
vn 0.3407 0.8554 0.3901
vn 0.4051 0.5038 0.7630
vn -0.8532 0.3874 0.3493
vn -0.3409 0.5705 0.7472
vn -0.4052 0.8559 0.3214
vn 0.9095 -0.1826 0.3736
vn 0.0026 -0.6431 -0.7657
vn 0.9193 0.3093 -0.2433
vn -0.9166 0.1826 0.3555
vn 0.8597 0.0407 0.5092
vn 0.3507 0.2321 0.9073
vn 0.4199 -0.2780 0.8639
vn -0.8456 -0.0407 0.5323
vn -0.3259 -0.2321 0.9165
vn -0.3963 0.2780 0.8750
vn 0.8567 -0.3824 0.3461
vn 0.3470 -0.5686 0.7459
vn 0.4115 -0.8535 0.3198
vn -0.8494 -0.4319 0.3033
vn -0.3342 -0.8575 0.3913
vn -0.3992 -0.5062 0.7644
vn 0.8506 -0.5187 -0.0863
vn 0.3365 -0.9415 0.0193
vn 0.4008 -0.7868 -0.4693
vn -0.8556 -0.4968 -0.1454
vn -0.3452 -0.8367 -0.4251
vn -0.4092 -0.9087 0.0824
vn 0.8460 -0.2656 -0.4624
vn 0.3270 -0.6059 -0.7252
vn 0.3961 -0.1282 -0.9092
vn -0.8595 -0.1863 -0.4759
vn -0.3507 -0.1854 -0.9179
vn -0.4188 -0.6263 -0.6575
vn 0.8463 0.1863 -0.4991
vn 0.3257 0.1854 -0.9271
vn 0.4007 0.6263 -0.6687
vn -0.8582 0.2656 -0.4393
vn -0.3466 0.6059 -0.7161
vn -0.4206 0.1282 -0.8981
vn 0.8513 0.4968 -0.1687
vn 0.3336 0.8367 -0.4344
vn 0.4113 0.9087 0.0712
vn -0.8526 0.5187 -0.0631
vn -0.3358 0.9415 0.0285
vn -0.4135 0.7868 -0.4582
vn 0.8573 0.4319 0.2801
vn 0.3447 0.8575 0.3820
vn 0.4198 0.5062 0.7533
vn -0.8470 0.3824 0.3693
vn -0.3266 0.5686 0.7550
vn -0.4026 0.8535 0.3309
vn 0.9190 -0.1772 0.3521
vn 0.4224 -0.7061 -0.5683
vn -0.4402 -0.7046 -0.5566
vn -0.0116 -0.6432 -0.7657
vn 0.4191 -0.0008 -0.9080
vn -0.4377 0.7061 -0.5566
vn 0.4356 0.8788 0.1949
vn -0.9124 0.3962 0.1024
vn 0.4431 0.3907 0.8069
vn -0.9091 0.1773 0.3770
vn 0.8387 0.0454 0.5427
vn 0.3132 0.2339 0.9204
vn 0.3870 -0.2757 0.8799
vn -0.8657 -0.0454 0.4985
vn -0.3606 -0.2339 0.9029
vn -0.4321 0.2757 0.8586
vn 0.8445 -0.3776 0.3798
vn 0.3204 -0.5667 0.7591
vn 0.4033 -0.8512 0.3360
vn -0.8583 -0.4367 0.2695
vn -0.3446 -0.8593 0.3779
vn -0.4263 -0.5085 0.7481
vn 0.8562 -0.5139 -0.0525
vn 0.3407 -0.9396 0.0328
vn 0.4235 -0.7845 -0.4530
vn -0.8464 -0.5015 -0.1791
vn -0.3235 -0.8386 -0.4383
vn -0.4071 -0.9110 0.0663
vn 0.8650 -0.2608 -0.4286
vn 0.3588 -0.6040 -0.7116
vn 0.4324 -0.1259 -0.8928
vn -0.8390 -0.1911 -0.5095
vn -0.3131 -0.1873 -0.9310
vn -0.3889 -0.6286 -0.6735
vn 0.8643 0.1911 -0.4653
vn 0.3610 0.1873 -0.9135
vn 0.4234 0.6286 -0.6524
vn -0.8416 0.2608 -0.4729
vn -0.3214 0.6040 -0.7293
vn -0.3855 0.1260 -0.9141
vn 0.8546 0.5015 -0.1349
vn 0.3458 0.8386 -0.4209
vn 0.4031 0.9110 0.0873
vn -0.8524 0.5139 -0.0969
vn -0.3419 0.9396 0.0150
vn -0.3994 0.7845 -0.4743
vn 0.8431 0.4367 0.3137
vn 0.3245 0.8593 0.3952
vn 0.3869 0.5085 0.7692
vn -0.8631 0.3776 0.3354
vn -0.3594 0.5667 0.7414
vn -0.4202 0.8512 0.3146
vn -0.9230 -0.1790 0.3408
vn 0.9133 -0.3911 0.1138
vn -0.9037 -0.0034 -0.4283
vn -0.9180 0.3911 0.0662
vn 0.8441 0.0443 0.5344
vn 0.3226 0.2335 0.9173
vn 0.3953 -0.2763 0.8760
vn -0.8608 -0.0443 0.5070
vn -0.3520 -0.2335 0.9064
vn -0.4232 0.2763 0.8629
vn 0.8477 -0.3788 0.3714
vn 0.3272 -0.5671 0.7559
vn 0.4054 -0.8517 0.3320
vn -0.8562 -0.4356 0.2780
vn -0.3420 -0.8589 0.3812
vn -0.4196 -0.5080 0.7523
vn 0.8550 -0.5150 -0.0610
vn 0.3398 -0.9401 0.0294
vn 0.4180 -0.7851 -0.4571
vn -0.8488 -0.5004 -0.1707
vn -0.3289 -0.8381 -0.4351
vn -0.4076 -0.9104 0.0703
vn 0.8604 -0.2619 -0.4371
vn 0.3509 -0.6045 -0.7151
vn 0.4234 -0.1265 -0.8971
vn -0.8442 -0.1900 -0.5012
vn -0.3226 -0.1869 -0.9279
vn -0.3964 -0.6281 -0.6696
vn 0.8599 0.1900 -0.4738
vn 0.3522 0.1869 -0.9171
vn 0.4177 0.6281 -0.6565
vn -0.8459 0.2619 -0.4645
vn -0.3277 0.6045 -0.7261
vn -0.3944 0.1265 -0.9102
vn 0.8538 0.5004 -0.1433
vn 0.3427 0.8381 -0.4243
vn 0.4051 0.9104 0.0833
vn -0.8526 0.5150 -0.0884
vn -0.3405 0.9401 0.0184
vn -0.4030 0.7851 -0.4703
vn 0.8468 0.4356 0.3053
vn 0.3296 0.8589 0.3920
vn 0.3952 0.5080 0.7654
vn -0.8592 0.3788 0.3439
vn -0.3513 0.5671 0.7450
vn -0.4159 0.8517 0.3188
vn 0.9089 -0.1733 0.3792
vn -0.9095 -0.3186 -0.2670
vn 0.0139 -0.6432 -0.7656
vn 0.0108 0.6432 -0.7657
vn 0.8606 0.0365 0.5080
vn 0.3530 0.2304 0.9068
vn 0.4197 -0.2800 0.8634
vn -0.8451 -0.0365 0.5334
vn -0.3258 -0.2304 0.9169
vn -0.3937 0.2800 0.8755
vn 0.8553 -0.3866 0.3450
vn 0.3452 -0.5702 0.7454
vn 0.4077 -0.8555 0.3194
vn -0.8511 -0.4277 0.3044
vn -0.3379 -0.8558 0.3918
vn -0.4007 -0.5042 0.7650
vn 0.8479 -0.5229 -0.0874
vn 0.3318 -0.9431 0.0190
vn 0.3963 -0.7888 -0.4698
vn -0.8582 -0.4925 -0.1443
vn -0.3499 -0.8350 -0.4246
vn -0.4136 -0.9067 0.0830
vn 0.8440 -0.2698 -0.4635
vn 0.3230 -0.6076 -0.7256
vn 0.3943 -0.1303 -0.9097
vn -0.8611 -0.1821 -0.4747
vn -0.3529 -0.1838 -0.9174
vn -0.4227 -0.6243 -0.6569
vn 0.8465 0.1821 -0.5002
vn 0.3254 0.1838 -0.9276
vn 0.4029 0.6243 -0.6692
vn -0.8575 0.2698 -0.4382
vn -0.3445 0.6076 -0.7156
vn -0.4212 0.1303 -0.8976
vn 0.8536 0.4925 -0.1698
vn 0.3371 0.8350 -0.4348
vn 0.4159 0.9067 0.0706
vn -0.8501 0.5229 -0.0621
vn -0.3311 0.9431 0.0288
vn -0.4102 0.7888 -0.4577
vn 0.8598 0.4277 0.2789
vn 0.3494 0.8558 0.3815
vn 0.4233 0.5042 0.7527
vn -0.8446 0.3866 0.3703
vn -0.3228 0.5702 0.7554
vn -0.3980 0.8555 0.3314
vn 0.9085 -0.3226 -0.2659
vn -0.4445 -0.7024 -0.5559
vn 0.4460 0.3885 0.8063
vn 0.8532 0.0451 0.5196
vn 0.3383 0.2338 0.9115
vn 0.4107 -0.2759 0.8690
vn -0.8518 -0.0451 0.5219
vn -0.3359 -0.2338 0.9124
vn -0.4084 0.2759 0.8701
vn 0.8544 -0.3780 0.3566
vn 0.3408 -0.5668 0.7501
vn 0.4119 -0.8513 0.3249
vn -0.8508 -0.4364 0.2928
vn -0.3345 -0.8592 0.3871
vn -0.4059 -0.5084 0.7595
vn 0.8543 -0.5142 -0.0758
vn 0.3411 -0.9397 0.0235
vn 0.4107 -0.7847 -0.4643
vn -0.8512 -0.5012 -0.1559
vn -0.3356 -0.8385 -0.4293
vn -0.4055 -0.9108 0.0773
vn 0.8529 -0.2611 -0.4520
vn 0.3390 -0.6042 -0.7211
vn 0.4079 -0.1261 -0.9043
vn -0.8526 -0.1908 -0.4864
vn -0.3385 -0.1872 -0.9222
vn -0.4074 -0.6285 -0.6626
vn 0.8514 0.1908 -0.4886
vn 0.3361 0.1872 -0.9231
vn 0.4057 0.6285 -0.6637
vn -0.8541 0.2611 -0.4498
vn -0.3409 0.6042 -0.7202
vn -0.4102 0.1261 -0.9032
vn 0.8508 0.5012 -0.1582
vn 0.3345 0.8385 -0.4302
vn 0.4057 0.9108 0.0763
vn -0.8545 0.5142 -0.0736
vn -0.3410 0.9397 0.0244
vn -0.4119 0.7847 -0.4633
vn 0.8516 0.4364 0.2906
vn 0.3355 0.8592 0.3863
vn 0.4079 0.5084 0.7584
vn -0.8534 0.3780 0.3588
vn -0.3388 0.5668 0.7510
vn -0.4111 0.8513 0.3259
vn 0.0036 -0.9117 0.4109
vn 0.0012 -0.6431 -0.7657
vn 0.4302 0.0015 -0.9028
vn -0.9150 -0.0031 -0.4034
vn -0.0036 0.8896 -0.4566
vn 0.4286 0.8810 0.2002
vn 0.9133 0.3976 0.0889
vn 0.8402 0.0486 0.5401
vn 0.3153 0.2352 0.9194
vn 0.3908 -0.2742 0.8787
vn -0.8640 -0.0486 0.5012
vn -0.3569 -0.2352 0.9041
vn -0.4304 0.2742 0.8600
vn 0.8471 -0.3744 0.3771
vn 0.3250 -0.5654 0.7581
vn 0.4075 -0.8496 0.3348
vn -0.8558 -0.4399 0.2722
vn -0.3402 -0.8606 0.3790
vn -0.4220 -0.5100 0.7495
vn 0.8580 -0.5107 -0.0551
vn 0.3443 -0.9383 0.0318
vn 0.4250 -0.7830 -0.4542
vn -0.8451 -0.5047 -0.1764
vn -0.3217 -0.8398 -0.4372
vn -0.4034 -0.9125 0.0676
vn 0.8647 -0.2576 -0.4313
vn 0.3588 -0.6028 -0.7127
vn 0.4301 -0.1244 -0.8942
vn -0.8399 -0.1943 -0.5068
vn -0.3154 -0.1886 -0.9300
vn -0.3887 -0.6301 -0.6722
vn 0.8621 0.1943 -0.4680
vn 0.3575 0.1886 -0.9147
vn 0.4189 0.6301 -0.6538
vn -0.8441 0.2576 -0.4703
vn -0.3259 0.6028 -0.7283
vn -0.3889 0.1244 -0.9129
vn 0.8522 0.5047 -0.1376
vn 0.3413 0.8398 -0.4221
vn 0.3999 0.9125 0.0860
vn -0.8546 0.5107 -0.0942
vn -0.3454 0.9383 0.0160
vn -0.4038 0.7830 -0.4731
vn 0.8425 0.4399 0.3110
vn 0.3225 0.8606 0.3941
vn 0.3874 0.5100 0.7680
vn -0.8634 0.3744 0.3381
vn -0.3592 0.5654 0.7425
vn -0.4223 0.8496 0.3158
vn 0.4333 -0.8763 0.2107
vn 0.0126 0.6431 -0.7656
vn 0.4097 0.3947 0.8224
vn -0.9238 0.1687 0.3436
vn 0.8478 0.0460 0.5284
vn 0.3287 0.2342 0.9149
vn 0.4021 -0.2755 0.8732
vn -0.8571 -0.0460 0.5132
vn -0.3450 -0.2342 0.9089
vn -0.4176 0.2755 0.8659
vn 0.8511 -0.3771 0.3653
vn 0.3337 -0.5664 0.7535
vn 0.4095 -0.8509 0.3291
vn -0.8533 -0.4373 0.2841
vn -0.3375 -0.8596 0.3837
vn -0.4131 -0.5088 0.7553
vn 0.8556 -0.5133 -0.0671
vn 0.3418 -0.9394 0.0270
vn 0.4162 -0.7843 -0.4601
vn -0.8490 -0.5021 -0.1646
vn -0.3303 -0.8388 -0.4327
vn -0.4053 -0.9113 0.0732
vn 0.8578 -0.2602 -0.4432
vn 0.3470 -0.6038 -0.7176
vn 0.4172 -0.1257 -0.9001
vn -0.8474 -0.1917 -0.4951
vn -0.3288 -0.1875 -0.9256
vn -0.3999 -0.6289 -0.6667
vn 0.8561 0.1917 -0.4799
vn 0.3453 0.1875 -0.9196
vn 0.4118 0.6289 -0.6595
vn -0.8497 0.2602 -0.4585
vn -0.3341 0.6038 -0.7237
vn -0.4011 0.1257 -0.9074
vn 0.8518 0.5021 -0.1494
vn 0.3380 0.8388 -0.4268
vn 0.4039 0.9113 0.0804
vn -0.8542 0.5133 -0.0823
vn -0.3423 0.9394 0.0209
vn -0.4080 0.7843 -0.4675
vn 0.8481 0.4373 0.2993
vn 0.3306 0.8596 0.3896
vn 0.3996 0.5088 0.7625
vn -0.8575 0.3771 0.3501
vn -0.3471 0.5664 0.7474
vn -0.4153 0.8509 0.3217
vn -0.4368 -0.3934 0.8090
vn -0.0075 -0.2472 0.9689
vn 0.0097 -0.6431 -0.7657
vn 0.0040 0.6432 -0.7657
vn -0.0046 0.9997 0.0254
vn 0.0001 0.8896 -0.4566
vn -0.9170 0.3905 0.0819
vn 0.4223 0.3934 0.8166
vn -0.4403 0.3895 0.8089
vn -0.0061 -0.4339 0.9009
vn 0.0669 0.5258 0.8480
vn 0.2422 0.9139 0.3256
vn -0.2654 0.8720 0.4114
vn -0.0671 0.5157 -0.8541
vn -0.2426 0.9100 -0.3363
vn 0.2651 0.8671 -0.4216
vn -0.3559 0.3627 0.8612
vn -0.5580 0.7525 0.3499
vn -0.8405 0.3278 0.4314
vn -0.4582 0.2867 -0.8414
vn -0.8676 0.3847 -0.3151
vn -0.5188 0.7565 -0.3982
vn -0.4921 -0.0697 0.8678
vn -0.9306 0.0259 0.3650
vn -0.7738 -0.4614 0.4341
vn -0.5229 -0.1621 -0.8368
vn -0.8467 -0.4318 -0.3109
vn -0.9210 0.0744 -0.3825
vn -0.2390 -0.4459 0.8626
vn -0.5951 -0.7187 0.3596
vn -0.1154 -0.9013 0.4175
vn -0.2125 -0.4925 -0.8439
vn -0.1956 -0.9246 -0.3269
vn -0.6386 -0.6655 -0.3863
vn 0.2127 -0.4825 0.8497
vn 0.1960 -0.9206 0.3378
vn 0.6388 -0.6607 0.3941
vn 0.2392 -0.4559 -0.8573
vn 0.5954 -0.7227 -0.3511
vn 0.1157 -0.9061 -0.4068
vn 0.5229 -0.1520 0.8387
vn 0.8469 -0.4278 0.3159
vn 0.9210 0.0792 0.3815
vn 0.4921 -0.0797 -0.8669
vn 0.9306 0.0219 -0.3653
vn 0.7739 -0.4662 -0.4286
vn 0.4581 0.2967 0.8380
vn 0.8675 0.3887 0.3105
vn 0.5185 0.7613 0.3892
vn 0.3558 0.3527 -0.8654
vn 0.5577 0.7485 -0.3587
vn 0.8404 0.3230 -0.4352
vn -0.1490 0.3700 0.9170
vn -0.8918 0.1982 -0.4068
vn -0.1974 -0.9803 0.0115
vn -0.6428 -0.7657 0.0232
vn 0.0267 -0.3993 0.9164
vn -0.0124 -0.9047 -0.4259
vn 0.1978 -0.9803 -0.0000
vn 0.7177 -0.5600 0.4140
vn 0.3429 -0.2469 0.9064
vn 0.0573 0.5185 0.8531
vn 0.2387 0.9111 0.3362
vn -0.2699 0.8685 0.4158
vn -0.0573 0.5231 -0.8504
vn -0.2386 0.9129 -0.3313
vn 0.2700 0.8706 -0.4112
vn -0.3657 0.3555 0.8602
vn -0.5618 0.7496 0.3499
vn -0.8453 0.3243 0.4245
vn -0.4485 0.2940 -0.8441
vn -0.8639 0.3876 -0.3216
vn -0.5141 0.7600 -0.3976
vn -0.5019 -0.0770 0.8615
vn -0.9347 0.0230 0.3546
vn -0.7787 -0.4649 0.4213
vn -0.5134 -0.1548 -0.8441
vn -0.8432 -0.4289 -0.3242
vn -0.9166 0.0779 -0.3923
vn -0.2489 -0.4531 0.8560
vn -0.5993 -0.7216 0.3466
vn -0.1203 -0.9048 0.4084
vn -0.2030 -0.4853 -0.8505
vn -0.1921 -0.9217 -0.3370
vn -0.6343 -0.6621 -0.3992
vn 0.2029 -0.4898 0.8479
vn 0.1920 -0.9235 0.3321
vn 0.6342 -0.6642 0.3957
vn 0.2488 -0.4486 -0.8584
vn 0.5992 -0.7198 -0.3505
vn 0.1202 -0.9027 -0.4132
vn 0.5133 -0.1593 0.8433
vn 0.8432 -0.4307 0.3219
vn 0.9166 0.0757 0.3927
vn 0.5019 -0.0724 -0.8619
vn 0.9347 0.0248 -0.3544
vn 0.7787 -0.4627 -0.4237
vn 0.4485 0.2894 0.8456
vn 0.8639 0.3858 0.3237
vn 0.5142 0.7578 0.4016
vn 0.3657 0.3600 -0.8583
vn 0.5619 0.7514 -0.3459
vn 0.8454 0.3265 -0.4228
vn -0.9115 0.4109 0.0172
vn -0.6976 -0.5636 0.4423
vn 0.3782 0.0925 -0.9211
vn 0.9116 0.4108 -0.0151
vn 0.0179 0.5133 0.8580
vn 0.2228 0.9090 0.3523
vn -0.2890 0.8660 0.4082
vn -0.0181 0.5282 -0.8489
vn -0.2232 0.9149 -0.3364
vn 0.2885 0.8731 -0.3930
vn -0.4050 0.3503 0.8446
vn -0.5775 0.7475 0.3282
vn -0.8641 0.3218 0.3871
vn -0.4092 0.2991 -0.8620
vn -0.8482 0.3896 -0.3587
vn -0.4954 0.7625 -0.4162
vn -0.5411 -0.0821 0.8369
vn -0.9501 0.0210 0.3113
vn -0.7972 -0.4673 0.3821
vn -0.4739 -0.1496 -0.8678
vn -0.8273 -0.4268 -0.3653
vn -0.8975 0.0804 -0.4336
vn -0.2880 -0.4583 0.8409
vn -0.6145 -0.7236 0.3143
vn -0.1388 -0.9073 0.3970
vn -0.1635 -0.4801 -0.8619
vn -0.1762 -0.9196 -0.3511
vn -0.6151 -0.6596 -0.4320
vn 0.1637 -0.4950 0.8534
vn 0.1766 -0.9255 0.3350
vn 0.6154 -0.6667 0.4205
vn 0.2882 -0.4434 -0.8487
vn 0.6149 -0.7177 -0.3269
vn 0.1393 -0.9001 -0.4127
vn 0.4740 -0.1645 0.8650
vn 0.8275 -0.4327 0.3578
vn 0.8975 0.0732 0.4350
vn 0.5411 -0.0673 -0.8382
vn 0.9501 0.0269 -0.3108
vn 0.7975 -0.4602 -0.3902
vn 0.4090 0.2842 0.8671
vn 0.8480 0.3837 0.3655
vn 0.4950 0.7553 0.4295
vn 0.4048 0.3651 -0.8383
vn 0.5771 0.7534 -0.3151
vn 0.8639 0.3289 -0.3814
vn -0.4037 0.8090 0.4271
vn -0.7172 -0.5662 0.4062
vn 0.0261 -0.3966 -0.9176
vn 0.1979 -0.9802 -0.0029
vn 0.0284 0.5190 0.8543
vn 0.2271 0.9112 0.3436
vn -0.2839 0.8687 0.4059
vn -0.0284 0.5226 -0.8521
vn -0.2272 0.9127 -0.3397
vn 0.2838 0.8704 -0.4022
vn -0.3946 0.3559 0.8471
vn -0.5734 0.7498 0.3302
vn -0.8593 0.3245 0.3954
vn -0.4196 0.2935 -0.8589
vn -0.8525 0.3874 -0.3510
vn -0.5003 0.7598 -0.4152
vn -0.5309 -0.0765 0.8440
vn -0.9462 0.0232 0.3226
vn -0.7926 -0.4647 0.3948
vn -0.4844 -0.1552 -0.8610
vn -0.8317 -0.4291 -0.3524
vn -0.9027 0.0777 -0.4232
vn -0.2778 -0.4527 0.8473
vn -0.6107 -0.7214 0.3265
vn -0.1341 -0.9046 0.4046
vn -0.1740 -0.4857 -0.8566
vn -0.1805 -0.9219 -0.3428
vn -0.6203 -0.6623 -0.4202
vn 0.1741 -0.4893 0.8545
vn 0.1806 -0.9233 0.3389
vn 0.6204 -0.6640 0.4174
vn 0.2778 -0.4491 -0.8492
vn 0.6108 -0.7200 -0.3296
vn 0.1341 -0.9029 -0.4084
vn 0.4844 -0.1589 0.8603
vn 0.8317 -0.4305 0.3505
vn 0.9027 0.0759 0.4235
vn 0.5309 -0.0729 -0.8443
vn 0.9462 0.0246 -0.3225
vn 0.7926 -0.4629 -0.3968
vn 0.4196 0.2899 0.8602
vn 0.8525 0.3860 0.3526
vn 0.5003 0.7581 0.4184
vn 0.3946 0.3595 -0.8456
vn 0.5733 0.7512 -0.3270
vn 0.8592 0.3263 -0.3940
vn 0.2472 0.9690 0.0061
vn 0.3312 -0.2503 -0.9098
vn 0.0364 0.5120 0.8582
vn 0.2303 0.9084 0.3489
vn -0.2801 0.8653 0.4157
vn -0.0365 0.5295 -0.8475
vn -0.2304 0.9154 -0.3301
vn 0.2800 0.8737 -0.3978
vn -0.3866 0.3489 0.8537
vn -0.5703 0.7470 0.3418
vn -0.8555 0.3212 0.4062
vn -0.4277 0.3005 -0.8525
vn -0.8558 0.3901 -0.3397
vn -0.5043 0.7631 -0.4042
vn -0.5229 -0.0835 0.8483
vn -0.9432 0.0204 0.3317
vn -0.7888 -0.4680 0.3985
vn -0.4925 -0.1483 -0.8576
vn -0.8350 -0.4263 -0.3480
vn -0.9067 0.0810 -0.4140
vn -0.2698 -0.4597 0.8461
vn -0.6075 -0.7241 0.3263
vn -0.1302 -0.9079 0.3984
vn -0.1821 -0.4787 -0.8589
vn -0.1837 -0.9191 -0.3487
vn -0.6242 -0.6589 -0.4197
vn 0.1821 -0.4963 0.8488
vn 0.1838 -0.9260 0.3296
vn 0.6243 -0.6673 0.4060
vn 0.2698 -0.4421 -0.8554
vn 0.6077 -0.7172 -0.3412
vn 0.1303 -0.8995 -0.4171
vn 0.4925 -0.1658 0.8543
vn 0.8350 -0.4332 0.3391
vn 0.9067 0.0726 0.4156
vn 0.5229 -0.0659 -0.8498
vn 0.9432 0.0274 -0.3312
vn 0.7889 -0.4596 -0.4081
vn 0.4277 0.2829 0.8585
vn 0.8557 0.3832 0.3477
vn 0.5042 0.7547 0.4199
vn 0.3866 0.3665 -0.8463
vn 0.5702 0.7540 -0.3263
vn 0.8555 0.3296 -0.3995
vn -0.3944 0.8083 0.4370
vn -0.3886 0.8172 -0.4256
vn 0.2471 0.9689 0.0117
vn -0.3226 -0.2617 0.9097
vn 0.7025 -0.5669 0.4303
vn 0.9116 0.4108 0.0104
vn 0.0535 0.5220 0.8513
vn 0.2371 0.9124 0.3335
vn -0.2718 0.8701 0.4110
vn -0.0535 0.5196 -0.8528
vn -0.2371 0.9115 -0.3361
vn 0.2718 0.8690 -0.4135
vn -0.3695 0.3589 0.8571
vn -0.5634 0.7510 0.3443
vn -0.8473 0.3260 0.4194
vn -0.4447 0.2905 -0.8473
vn -0.8625 0.3862 -0.3271
vn -0.5124 0.7583 -0.4030
vn -0.5058 -0.0735 0.8595
vn -0.9363 0.0244 0.3503
vn -0.7806 -0.4632 0.4196
vn -0.5095 -0.1583 -0.8458
vn -0.8417 -0.4303 -0.3262
vn -0.9148 0.0762 -0.3967
vn -0.2527 -0.4497 0.8567
vn -0.6008 -0.7202 0.3469
vn -0.1221 -0.9032 0.4116
vn -0.1991 -0.4887 -0.8494
vn -0.1905 -0.9231 -0.3341
vn -0.6324 -0.6637 -0.3994
vn 0.1992 -0.4863 0.8508
vn 0.1905 -0.9221 0.3367
vn 0.6324 -0.6626 0.4013
vn 0.2527 -0.4521 -0.8554
vn 0.6008 -0.7212 -0.3448
vn 0.1221 -0.9043 -0.4090
vn 0.5095 -0.1559 0.8462
vn 0.8417 -0.4293 0.3274
vn 0.9148 0.0774 0.3965
vn 0.5058 -0.0759 -0.8593
vn 0.9363 0.0234 -0.3503
vn 0.7806 -0.4644 -0.4183
vn 0.4447 0.2929 0.8464
vn 0.8625 0.3872 0.3260
vn 0.5123 0.7595 0.4008
vn 0.3695 0.3565 -0.8581
vn 0.5634 0.7500 -0.3464
vn 0.8472 0.3248 -0.4203
vn 0.0121 -0.4034 0.9150
vn 0.0314 0.5136 0.8575
vn 0.2283 0.9091 0.3485
vn -0.2825 0.8661 0.4124
vn -0.0315 0.5280 -0.8487
vn -0.2285 0.9148 -0.3331
vn 0.2823 0.8730 -0.3977
vn -0.3916 0.3505 0.8507
vn -0.5723 0.7476 0.3370
vn -0.8579 0.3219 0.4005
vn -0.4227 0.2989 -0.8556
vn -0.8538 0.3895 -0.3455
vn -0.5018 0.7624 -0.4086
vn -0.5279 -0.0819 0.8454
vn -0.9451 0.0210 0.3261
vn -0.7911 -0.4672 0.3947
vn -0.4875 -0.1499 -0.8602
vn -0.8329 -0.4269 -0.3521
vn -0.9042 0.0803 -0.4195
vn -0.2748 -0.4581 0.8454
vn -0.6095 -0.7235 0.3241
vn -0.1326 -0.9072 0.3993
vn -0.1770 -0.4803 -0.8591
vn -0.1816 -0.9197 -0.3480
vn -0.6218 -0.6597 -0.4222
vn 0.1771 -0.4947 0.8508
vn 0.1819 -0.9254 0.3324
vn 0.6219 -0.6666 0.4109
vn 0.2748 -0.4437 -0.8530
vn 0.6096 -0.7178 -0.3363
vn 0.1328 -0.9003 -0.4146
vn 0.4875 -0.1643 0.8575
vn 0.8330 -0.4326 0.3449
vn 0.9042 0.0733 0.4208
vn 0.5279 -0.0675 -0.8466
vn 0.9451 0.0268 -0.3257
vn 0.7912 -0.4603 -0.4025
vn 0.4226 0.2844 0.8605
vn 0.8537 0.3838 0.3520
vn 0.5017 0.7554 0.4214
vn 0.3916 0.3649 -0.8447
vn 0.5721 0.7534 -0.3243
vn 0.8578 0.3288 -0.3950
vn -0.8850 0.1971 0.4218
vn -0.8740 0.2044 -0.4408
vn 0.3280 -0.2445 -0.9125
vn 0.0410 0.5169 0.8551
vn 0.2322 0.9104 0.3424
vn -0.2778 0.8677 0.4122
vn -0.0411 0.5246 -0.8503
vn -0.2322 0.9135 -0.3341
vn 0.2778 0.8714 -0.4043
vn -0.3820 0.3539 0.8537
vn -0.5684 0.7490 0.3405
vn -0.8533 0.3235 0.4089
vn -0.4323 0.2955 -0.8519
vn -0.8576 0.3882 -0.3373
vn -0.5064 0.7608 -0.4059
vn -0.5183 -0.0786 0.8516
vn -0.9413 0.0224 0.3367
vn -0.7866 -0.4657 0.4054
vn -0.4971 -0.1532 -0.8540
vn -0.8369 -0.4282 -0.3410
vn -0.9089 0.0787 -0.4095
vn -0.2652 -0.4547 0.8502
vn -0.6058 -0.7222 0.3338
vn -0.1281 -0.9056 0.4044
vn -0.1867 -0.4837 -0.8551
vn -0.1856 -0.9211 -0.3423
vn -0.6265 -0.6613 -0.4125
vn 0.1867 -0.4914 0.8507
vn 0.1856 -0.9241 0.3340
vn 0.6265 -0.6650 0.4065
vn 0.2652 -0.4470 -0.8543
vn 0.6058 -0.7192 -0.3403
vn 0.1281 -0.9019 -0.4126
vn 0.4971 -0.1609 0.8526
vn 0.8369 -0.4313 0.3371
vn 0.9089 0.0750 0.4102
vn 0.5183 -0.0709 -0.8523
vn 0.9413 0.0254 -0.3365
vn 0.7866 -0.4619 -0.4096
vn 0.4323 0.2878 0.8546
vn 0.8576 0.3852 0.3408
vn 0.5064 0.7571 0.4128
vn 0.3820 0.3616 -0.8505
vn 0.5684 0.7520 -0.3337
vn 0.8533 0.3272 -0.4060
vn -0.3921 0.8109 0.4345
vn -0.3909 0.8148 -0.4282
vn -0.9117 0.4108 0.0006
vn -0.8790 0.2027 -0.4316
vn -0.7059 -0.5645 0.4278
vn -0.7048 -0.5605 -0.4349
vn 0.3176 -0.2482 -0.9152
vn 0.8690 0.0435 0.4929
vn 0.3669 0.2332 0.9006
vn 0.4370 -0.2766 0.8559
vn -0.8353 -0.0435 0.5481
vn -0.3079 -0.2332 0.9224
vn -0.3807 0.2766 0.8824
vn 0.8643 -0.3796 0.3299
vn 0.3628 -0.5674 0.7392
vn 0.4202 -0.8521 0.3120
vn -0.8421 -0.4348 0.3191
vn -0.3239 -0.8586 0.3974
vn -0.3831 -0.5076 0.7717
vn 0.8506 -0.5158 -0.1023
vn 0.3399 -0.9404 0.0129
vn 0.3946 -0.7855 -0.4768
vn -0.8565 -0.4996 -0.1294
vn -0.3504 -0.8378 -0.4186
vn -0.4046 -0.9101 0.0900
vn 0.8380 -0.2627 -0.4782
vn 0.3153 -0.6048 -0.7313
vn 0.3794 -0.1269 -0.9165
vn -0.8677 -0.1892 -0.4597
vn -0.3673 -0.1866 -0.9112
vn -0.4290 -0.6277 -0.6496
vn 0.8361 0.1892 -0.5148
vn 0.3076 0.1865 -0.9331
vn 0.3860 0.6277 -0.6760
vn -0.8672 0.2627 -0.4230
vn -0.3619 0.6048 -0.7094
vn -0.4379 0.1269 -0.8900
vn 0.8464 0.4996 -0.1846
vn 0.3226 0.8378 -0.4404
vn 0.4096 0.9101 0.0636
vn -0.8554 0.5159 -0.0471
vn -0.3384 0.9404 0.0349
vn -0.4246 0.7855 -0.4503
vn 0.8610 0.4348 0.2640
vn 0.3490 0.8586 0.3756
vn 0.4322 0.5076 0.7453
vn -0.8412 0.3796 0.3851
vn -0.3143 0.5674 0.7611
vn -0.3992 0.8521 0.3385
vn -0.9105 -0.3959 0.1196
vn -0.0238 -0.6431 -0.7654
vn -0.9226 0.3150 -0.2226
vn -0.0007 0.9997 0.0255
vn -0.0161 0.8897 -0.4563
vn -0.4259 0.8789 0.2146
vn -0.9117 0.3932 0.1196
vn 0.4568 0.3921 0.7985
vn 0.8565 0.0400 0.5145
vn 0.3452 0.2318 0.9095
vn 0.4142 -0.2783 0.8666
vn -0.8489 -0.0400 0.5270
vn -0.3319 -0.2318 0.9144
vn -0.4016 0.2783 0.8725
vn 0.8542 -0.3831 0.3515
vn 0.3419 -0.5688 0.7480
vn 0.4087 -0.8538 0.3224
vn -0.8516 -0.4312 0.2979
vn -0.3373 -0.8572 0.3892
vn -0.4044 -0.5059 0.7619
vn 0.8507 -0.5194 -0.0809
vn 0.3356 -0.9418 0.0215
vn 0.4032 -0.7872 -0.4667
vn -0.8551 -0.4961 -0.1508
vn -0.3433 -0.8364 -0.4273
vn -0.4105 -0.9084 0.0798
vn 0.8486 -0.2663 -0.4571
vn 0.3310 -0.6062 -0.7231
vn 0.4017 -0.1286 -0.9067
vn -0.8567 -0.1856 -0.4813
vn -0.3451 -0.1852 -0.9201
vn -0.4151 -0.6260 -0.6601
vn 0.8496 0.1856 -0.4937
vn 0.3317 0.1852 -0.9250
vn 0.4054 0.6260 -0.6661
vn -0.8552 0.2663 -0.4447
vn -0.3415 0.6062 -0.7182
vn -0.4149 0.1286 -0.9007
vn 0.8528 0.4961 -0.1633
vn 0.3370 0.8364 -0.4322
vn 0.4116 0.9084 0.0738
vn -0.8518 0.5194 -0.0685
vn -0.3352 0.9418 0.0264
vn -0.4099 0.7871 -0.4608
vn 0.8559 0.4312 0.2855
vn 0.3430 0.8572 0.3842
vn 0.4155 0.5059 0.7559
vn -0.8490 0.3831 0.3639
vn -0.3309 0.5688 0.7529
vn -0.4040 0.8538 0.3283
vn -0.0039 0.6431 -0.7657
vn 0.4291 0.7042 -0.5657
vn -0.0010 0.8896 -0.4566
vn 0.8254 0.0348 0.5635
vn 0.2930 0.2297 0.9281
vn 0.3614 -0.2808 0.8891
vn -0.8784 -0.0348 0.4767
vn -0.3859 -0.2297 0.8935
vn -0.4500 0.2808 0.8478
vn 0.8300 -0.3882 0.4005
vn 0.2943 -0.5708 0.7665
vn 0.3841 -0.8562 0.3454
vn -0.8701 -0.4261 0.2477
vn -0.3646 -0.8551 0.3686
vn -0.4511 -0.5034 0.7369
vn 0.8508 -0.5245 -0.0314
vn 0.3281 -0.9438 0.0407
vn 0.4249 -0.7896 -0.4427
vn -0.8478 -0.4909 -0.2005
vn -0.3228 -0.8344 -0.4468
vn -0.4199 -0.9059 0.0555
vn 0.8722 -0.2714 -0.4070
vn 0.3689 -0.6082 -0.7028
vn 0.4530 -0.1310 -0.8818
vn -0.8283 -0.1805 -0.5304
vn -0.2921 -0.1831 -0.9387
vn -0.3798 -0.6235 -0.6834
vn 0.8779 0.1805 -0.4434
vn 0.3860 0.1831 -0.9041
vn 0.4473 0.6235 -0.6412
vn -0.8263 0.2714 -0.4936
vn -0.2955 0.6082 -0.7367
vn -0.3610 0.1310 -0.9233
vn 0.8638 0.4909 -0.1132
vn 0.3666 0.8344 -0.4116
vn 0.4121 0.9059 0.0979
vn -0.8432 0.5245 -0.1178
vn -0.3305 0.9438 0.0071
vn -0.3777 0.7896 -0.4836
vn 0.8404 0.4261 0.3349
vn 0.3252 0.8551 0.4038
vn 0.3739 0.5034 0.7790
vn -0.8664 0.3882 0.3140
vn -0.3707 0.5708 0.7326
vn -0.4173 0.8562 0.3046
vn 0.9234 -0.3243 -0.2055
vn -0.9032 -0.3084 -0.2986
vn -0.3848 0.0037 -0.9230
vn 0.0309 0.8896 -0.4556
vn -0.9144 0.4024 0.0436
vn 0.8536 0.0423 0.5192
vn 0.3395 0.2327 0.9114
vn 0.4102 -0.2772 0.8688
vn -0.8517 -0.0423 0.5223
vn -0.3362 -0.2327 0.9126
vn -0.4071 0.2772 0.8703
vn 0.8533 -0.3808 0.3562
vn 0.3393 -0.5679 0.7499
vn 0.4093 -0.8527 0.3247
vn -0.8521 -0.4336 0.2932
vn -0.3371 -0.8581 0.3873
vn -0.4072 -0.5070 0.7597
vn 0.8526 -0.5170 -0.0763
vn 0.3380 -0.9408 0.0233
vn 0.4079 -0.7860 -0.4645
vn -0.8529 -0.4984 -0.1555
vn -0.3386 -0.8373 -0.4292
vn -0.4084 -0.9095 0.0776
vn 0.8518 -0.2639 -0.4524
vn 0.3367 -0.6053 -0.7213
vn 0.4070 -0.1274 -0.9045
vn -0.8535 -0.1880 -0.4860
vn -0.3396 -0.1861 -0.9220
vn -0.4098 -0.6271 -0.6624
vn 0.8517 0.1880 -0.4891
vn 0.3362 0.1861 -0.9232
vn 0.4074 0.6271 -0.6639
vn -0.8535 0.2639 -0.4493
vn -0.3393 0.6053 -0.7201
vn -0.4103 0.1275 -0.9030
vn 0.8523 0.4984 -0.1586
vn 0.3370 0.8374 -0.4304
vn 0.4087 0.9095 0.0761
vn -0.8528 0.5170 -0.0731
vn -0.3379 0.9409 0.0245
vn -0.4096 0.7860 -0.4631
vn 0.8531 0.4336 0.2901
vn 0.3385 0.8581 0.3861
vn 0.4100 0.5070 0.7582
vn -0.8520 0.3808 0.3593
vn -0.3366 0.5679 0.7511
vn -0.4081 0.8527 0.3261
vn -0.0014 0.6431 -0.7657
vn -0.9143 0.3944 0.0917
vn 0.0007 0.9117 0.4108
vn 0.8649 0.0473 0.4996
vn 0.3589 0.2347 0.9034
vn 0.4316 -0.2748 0.8592
vn -0.8393 -0.0473 0.5416
vn -0.3139 -0.2347 0.9200
vn -0.3888 0.2748 0.8794
vn 0.8635 -0.3757 0.3366
vn 0.3597 -0.5659 0.7419
vn 0.4216 -0.8503 0.3151
vn -0.8426 -0.4386 0.3125
vn -0.3231 -0.8601 0.3948
vn -0.3868 -0.5094 0.7687
vn 0.8536 -0.5120 -0.0958
vn 0.3440 -0.9388 0.0154
vn 0.4018 -0.7836 -0.4738
vn -0.8533 -0.5034 -0.1361
vn -0.3434 -0.8393 -0.4214
vn -0.4012 -0.9119 0.0867
vn 0.8428 -0.2589 -0.4718
vn 0.3237 -0.6033 -0.7289
vn 0.3870 -0.1250 -0.9135
vn -0.8633 -0.1930 -0.4664
vn -0.3594 -0.1881 -0.9140
vn -0.4211 -0.6295 -0.6530
vn 0.8392 0.1930 -0.5083
vn 0.3140 0.1881 -0.9306
vn 0.3884 0.6295 -0.6729
vn -0.8650 0.2589 -0.4297
vn -0.3591 0.6033 -0.7121
vn -0.4315 0.1250 -0.8934
vn 0.8455 0.5034 -0.1779
vn 0.3222 0.8393 -0.4378
vn 0.4050 0.9119 0.0669
vn -0.8573 0.5120 -0.0536
vn -0.3428 0.9388 0.0324
vn -0.4246 0.7836 -0.4535
vn 0.8570 0.4386 0.2707
vn 0.3422 0.8601 0.3784
vn 0.4242 0.5094 0.7487
vn -0.8458 0.3757 0.3786
vn -0.3227 0.5659 0.7587
vn -0.4056 0.8503 0.3355
vn -0.4089 -0.3940 0.8232
vn 0.9187 -0.3890 0.0674
vn -0.4409 -0.7079 -0.5518
vn -0.9185 -0.3218 -0.2297
vn 0.4131 0.7079 -0.5728
vn 0.9140 0.4000 0.0676
vn 0.8523 0.0398 0.5215
vn 0.3378 0.2317 0.9122
vn 0.4071 -0.2784 0.8699
vn -0.8532 -0.0398 0.5201
vn -0.3393 -0.2317 0.9117
vn -0.4086 0.2784 0.8692
vn 0.8513 -0.3832 0.3584
vn 0.3357 -0.5689 0.7508
vn 0.4059 -0.8539 0.3257
vn -0.8541 -0.4311 0.2910
vn -0.3407 -0.8571 0.3864
vn -0.4107 -0.5058 0.7586
vn 0.8512 -0.5195 -0.0740
vn 0.3352 -0.9418 0.0242
vn 0.4068 -0.7872 -0.4635
vn -0.8539 -0.4959 -0.1578
vn -0.3399 -0.8364 -0.4301
vn -0.4113 -0.9083 0.0765
vn 0.8523 -0.2664 -0.4502
vn 0.3368 -0.6063 -0.7204
vn 0.4090 -0.1286 -0.9034
vn -0.8528 -0.1855 -0.4882
vn -0.3376 -0.1851 -0.9229
vn -0.4099 -0.6259 -0.6635
vn 0.8536 0.1855 -0.4868
vn 0.3392 0.1851 -0.9223
vn 0.4110 0.6259 -0.6628
vn -0.8515 0.2664 -0.4516
vn -0.3356 0.6063 -0.7210
vn -0.4075 0.1287 -0.9041
vn 0.8542 0.4959 -0.1563
vn 0.3406 0.8364 -0.4295
vn 0.4111 0.9083 0.0772
vn -0.8511 0.5195 -0.0754
vn -0.3353 0.9418 0.0236
vn -0.4060 0.7872 -0.4641
vn 0.8536 0.4311 0.2924
vn 0.3400 0.8571 0.3870
vn 0.4094 0.5058 0.7593
vn -0.8519 0.3832 0.3570
vn -0.3369 0.5689 0.7502
vn -0.4065 0.8539 0.3251
vn -0.0021 -0.8897 -0.4566
vn -0.0012 -0.6432 -0.7657
vn -0.9134 0.3189 -0.2531
vn 0.9147 0.1730 0.3653
vn 0.8721 0.0354 0.4880
vn 0.3742 0.2300 0.8984
vn 0.4392 -0.2805 0.8535
vn -0.8326 -0.0354 0.5528
vn -0.3048 -0.2300 0.9242
vn -0.3731 0.2805 0.8844
vn 0.8626 -0.3876 0.3252
vn 0.3616 -0.5706 0.7373
vn 0.4139 -0.8560 0.3099
vn -0.8444 -0.4267 0.3240
vn -0.3298 -0.8554 0.3995
vn -0.3835 -0.5037 0.7741
vn 0.8450 -0.5239 -0.1069
vn 0.3311 -0.9435 0.0113
vn 0.3844 -0.7893 -0.4787
vn -0.8619 -0.4915 -0.1244
vn -0.3607 -0.8346 -0.4164
vn -0.4126 -0.9062 0.0925
vn 0.8328 -0.2708 -0.4829
vn 0.3054 -0.6080 -0.7328
vn 0.3730 -0.1307 -0.9186
vn -0.8720 -0.1811 -0.4547
vn -0.3742 -0.1833 -0.9090
vn -0.4385 -0.6238 -0.6470
vn 0.8350 0.1811 -0.5196
vn 0.3041 0.1833 -0.9348
vn 0.3881 0.6238 -0.6784
vn -0.8670 0.2708 -0.4182
vn -0.3602 0.6080 -0.7075
vn -0.4417 0.1308 -0.8876
vn 0.8500 0.4915 -0.1895
vn 0.3280 0.8346 -0.4426
vn 0.4185 0.9062 0.0610
vn -0.8507 0.5239 -0.0424
vn -0.3293 0.9435 0.0364
vn -0.4197 0.7893 -0.4482
vn 0.8665 0.4267 0.2590
vn 0.3592 0.8554 0.3733
vn 0.4412 0.5037 0.7427
vn -0.8354 0.3876 0.3897
vn -0.3046 0.5706 0.7626
vn -0.3892 0.8560 0.3404
vn 0.9262 -0.1829 0.3296
vn 0.4317 -0.8830 0.1845
vn 0.4650 0.3880 0.7958
vn -0.8985 0.1829 0.3990
vn 0.0308 -0.4339 0.9005
vn 0.8490 0.0441 0.5266
vn 0.3312 0.2334 0.9143
vn 0.4033 -0.2764 0.8723
vn -0.8561 -0.0441 0.5149
vn -0.3436 -0.2334 0.9096
vn -0.4152 0.2764 0.8667
vn 0.8510 -0.3790 0.3636
vn 0.3340 -0.5672 0.7528
vn 0.4082 -0.8518 0.3282
vn -0.8537 -0.4353 0.2859
vn -0.3387 -0.8588 0.3844
vn -0.4127 -0.5079 0.7561
vn 0.8542 -0.5153 -0.0689
vn 0.3398 -0.9401 0.0262
vn 0.4135 -0.7852 -0.4610
vn -0.8505 -0.5002 -0.1629
vn -0.3332 -0.8380 -0.4321
vn -0.4072 -0.9103 0.0740
vn 0.8563 -0.2622 -0.4450
vn 0.3441 -0.6046 -0.7184
vn 0.4151 -0.1266 -0.9009
vn -0.8489 -0.1897 -0.4934
vn -0.3312 -0.1868 -0.9249
vn -0.4027 -0.6280 -0.6659
vn 0.8556 0.1897 -0.4817
vn 0.3438 0.1868 -0.9203
vn 0.4118 0.6280 -0.6604
vn -0.8501 0.2622 -0.4567
vn -0.3343 0.6046 -0.7230
vn -0.4027 0.1266 -0.9065
vn 0.8526 0.5002 -0.1512
vn 0.3391 0.8380 -0.4275
vn 0.4061 0.9103 0.0796
vn -0.8532 0.5153 -0.0806
vn -0.3401 0.9402 0.0216
vn -0.4071 0.7852 -0.4666
vn 0.8497 0.4353 0.2975
vn 0.3334 0.8588 0.3890
vn 0.4024 0.5079 0.7617
vn -0.8559 0.3790 0.3519
vn -0.3442 0.5672 0.7482
vn -0.4127 0.8518 0.3226
vn -0.4361 -0.3924 0.8099
vn 0.4337 0.7063 -0.5595
vn -0.9134 0.3144 -0.2586
vn 0.0012 0.8896 -0.4567
vn 0.9130 0.3965 0.0963
vn -0.0068 0.6034 0.7974
vn 0.0349 0.5200 0.8534
vn 0.2297 0.9117 0.3407
vn -0.2807 0.8692 0.4070
vn -0.0349 0.5215 -0.8525
vn -0.2298 0.9123 -0.3391
vn 0.2808 0.8699 -0.4055
vn -0.3882 0.3570 0.8496
vn -0.5708 0.7502 0.3337
vn -0.8562 0.3250 0.4016
vn -0.4262 0.2924 -0.8561
vn -0.8551 0.3870 -0.3449
vn -0.5035 0.7593 -0.4123
vn -0.5244 -0.0755 0.8481
vn -0.9437 0.0236 0.3298
vn -0.7896 -0.4642 0.4015
vn -0.4910 -0.1563 -0.8570
vn -0.8344 -0.4295 -0.3455
vn -0.9059 0.0772 -0.4164
vn -0.2713 -0.4516 0.8500
vn -0.6082 -0.7210 0.3321
vn -0.1310 -0.9041 0.4067
vn -0.1806 -0.4868 -0.8547
vn -0.1831 -0.9223 -0.3403
vn -0.6235 -0.6628 -0.4146
vn 0.1806 -0.4883 0.8538
vn 0.1831 -0.9229 0.3387
vn 0.6236 -0.6635 0.4134
vn 0.2713 -0.4501 -0.8507
vn 0.6082 -0.7204 -0.3333
vn 0.1310 -0.9034 -0.4083
vn 0.4910 -0.1578 0.8568
vn 0.8344 -0.4301 0.3447
vn 0.9059 0.0764 0.4165
vn 0.5244 -0.0739 -0.8482
vn 0.9437 0.0242 -0.3298
vn 0.7896 -0.4634 -0.4023
vn 0.4261 0.2909 0.8566
vn 0.8551 0.3864 0.3456
vn 0.5034 0.7586 0.4137
vn 0.3881 0.3585 -0.8490
vn 0.5708 0.7508 -0.3324
vn 0.8562 0.3258 -0.4010
vn -0.1834 0.3638 0.9132
vn -0.9117 0.4108 -0.0075
vn -0.8832 0.2004 0.4240
vn -0.0079 -0.4054 0.9141
vn 0.4023 0.0908 -0.9110
vn 0.3951 0.8132 -0.4272
vn 0.0430 0.5226 0.8515
vn 0.2330 0.9127 0.3358
vn -0.2769 0.8704 0.4070
vn -0.0430 0.5190 -0.8537
vn -0.2330 0.9112 -0.3396
vn 0.2769 0.8687 -0.4107
vn -0.3801 0.3595 0.8522
vn -0.5676 0.7512 0.3368
vn -0.8524 0.3263 0.4087
vn -0.4342 0.2899 -0.8529
vn -0.8584 0.3860 -0.3380
vn -0.5073 0.7581 -0.4098
vn -0.5164 -0.0729 0.8533
vn -0.9406 0.0246 0.3387
vn -0.7857 -0.4629 0.4103
vn -0.4991 -0.1589 -0.8519
vn -0.8376 -0.4305 -0.3362
vn -0.9098 0.0759 -0.4080
vn -0.2633 -0.4491 0.8538
vn -0.6050 -0.7200 0.3400
vn -0.1271 -0.9029 0.4107
vn -0.1887 -0.4893 -0.8514
vn -0.1863 -0.9233 -0.3358
vn -0.6275 -0.6640 -0.4067
vn 0.1887 -0.4857 0.8535
vn 0.1864 -0.9219 0.3397
vn 0.6275 -0.6623 0.4095
vn 0.2632 -0.4527 -0.8519
vn 0.6050 -0.7214 -0.3369
vn 0.1271 -0.9046 -0.4068
vn 0.4991 -0.1552 0.8525
vn 0.8376 -0.4291 0.3381
vn 0.9098 0.0777 0.4077
vn 0.5164 -0.0765 -0.8529
vn 0.9406 0.0232 -0.3388
vn 0.7857 -0.4647 -0.4083
vn 0.4342 0.2935 0.8516
vn 0.8584 0.3874 0.3363
vn 0.5073 0.7598 0.4066
vn 0.3801 0.3559 -0.8537
vn 0.5676 0.7498 -0.3400
vn 0.8524 0.3245 -0.4101
vn -0.9117 0.4108 -0.0001
vn -0.8799 0.1998 -0.4310
vn -0.3156 -0.2504 0.9153
vn -0.6432 -0.7657 0.0022
vn 0.6431 -0.7657 0.0011
vn 0.8800 0.2017 0.4301
vn 0.3918 0.8137 0.4293
vn 0.0745 0.5168 0.8529
vn 0.2454 0.9104 0.3331
vn -0.2615 0.8677 0.4229
vn -0.0743 0.5247 -0.8480
vn -0.2451 0.9135 -0.3246
vn 0.2618 0.8715 -0.4148
vn -0.3483 0.3538 0.8681
vn -0.5546 0.7489 0.3626
vn -0.8366 0.3235 0.4421
vn -0.4653 0.2956 -0.8343
vn -0.8702 0.3883 -0.3034
vn -0.5219 0.7608 -0.3857
vn -0.4845 -0.0787 0.8712
vn -0.9274 0.0223 0.3733
vn -0.7701 -0.4657 0.4359
vn -0.5302 -0.1531 -0.8339
vn -0.8496 -0.4282 -0.3080
vn -0.9242 0.0787 -0.3736
vn -0.2317 -0.4548 0.8599
vn -0.5923 -0.7223 0.3572
vn -0.1121 -0.9056 0.4090
vn -0.2201 -0.4836 -0.8472
vn -0.1989 -0.9210 -0.3349
vn -0.6422 -0.6612 -0.3877
vn 0.2199 -0.4915 0.8427
vn 0.1985 -0.9242 0.3263
vn 0.6420 -0.6650 0.3816
vn 0.2315 -0.4469 -0.8641
vn 0.5920 -0.7191 -0.3639
vn 0.1118 -0.9018 -0.4174
vn 0.5302 -0.1610 0.8325
vn 0.8494 -0.4313 0.3040
vn 0.9243 0.0749 0.3743
vn 0.4845 -0.0707 -0.8719
vn 0.9274 0.0255 -0.3731
vn 0.7700 -0.4619 -0.4402
vn 0.4654 0.2877 0.8370
vn 0.8703 0.3851 0.3070
vn 0.5222 0.7570 0.3927
vn 0.3484 0.3617 -0.8648
vn 0.5549 0.7521 -0.3556
vn 0.8367 0.3273 -0.4390
vn 0.2472 0.9689 -0.0048
vn -0.2469 0.9690 0.0139
vn -0.3596 0.0858 0.9291
vn 0.1973 -0.9803 -0.0120
vn 0.7210 -0.5645 0.4018
vn 0.3506 -0.2565 0.9007
vn 0.9111 0.4108 -0.0325
vn 0.0350 0.5240 0.8510
vn 0.2298 0.9133 0.3364
vn -0.2807 0.8711 0.4029
vn -0.0349 0.5175 -0.8550
vn -0.2297 0.9107 -0.3434
vn 0.2808 0.8680 -0.4096
vn -0.3881 0.3610 0.8480
vn -0.5708 0.7518 0.3302
vn -0.8562 0.3270 0.4001
vn -0.4262 0.2884 -0.8574
vn -0.8552 0.3854 -0.3467
vn -0.5035 0.7574 -0.4159
vn -0.5244 -0.0715 0.8485
vn -0.9437 0.0252 0.3298
vn -0.7895 -0.4622 0.4037
vn -0.4910 -0.1603 -0.8563
vn -0.8344 -0.4311 -0.3434
vn -0.9059 0.0752 -0.4167
vn -0.2713 -0.4476 0.8521
vn -0.6082 -0.7194 0.3355
vn -0.1310 -0.9022 0.4110
vn -0.1806 -0.4908 -0.8524
vn -0.1832 -0.9239 -0.3359
vn -0.6236 -0.6647 -0.4114
vn 0.1806 -0.4843 0.8561
vn 0.1831 -0.9213 0.3430
vn 0.6235 -0.6616 0.4165
vn 0.2713 -0.4541 -0.8486
vn 0.6082 -0.7220 -0.3300
vn 0.1310 -0.9053 -0.4041
vn 0.4910 -0.1538 0.8575
vn 0.8344 -0.4285 0.3467
vn 0.9059 0.0784 0.4161
vn 0.5244 -0.0780 -0.8479
vn 0.9437 0.0226 -0.3300
vn 0.7895 -0.4653 -0.4001
vn 0.4262 0.2949 0.8552
vn 0.8552 0.3880 0.3437
vn 0.5035 0.7605 0.4100
vn 0.3881 0.3544 -0.8507
vn 0.5708 0.7492 -0.3359
vn 0.8562 0.3238 -0.4026
vn -0.9117 0.4108 -0.0094
vn -0.7090 -0.5608 0.4275
vn -0.7017 -0.5641 -0.4352
vn -0.3086 -0.2558 -0.9162
vn 0.7090 -0.5641 -0.4231
vn 0.9117 0.4109 0.0062
vn 0.0728 0.5292 0.8453
vn 0.2444 0.9153 0.3202
vn -0.2626 0.8736 0.4097
vn -0.0732 0.5122 -0.8557
vn -0.2451 0.9085 -0.3384
vn 0.2620 0.8654 -0.4270
vn -0.3499 0.3662 0.8622
vn -0.5556 0.7538 0.3507
vn -0.8375 0.3295 0.4359
vn -0.4641 0.2832 -0.8393
vn -0.8699 0.3833 -0.3106
vn -0.5217 0.7548 -0.3976
vn -0.4860 -0.0662 0.8715
vn -0.9281 0.0273 0.3714
vn -0.7706 -0.4597 0.4414
vn -0.5287 -0.1655 -0.8325
vn -0.8488 -0.4331 -0.3032
vn -0.9236 0.0727 -0.3763
vn -0.2329 -0.4423 0.8661
vn -0.5925 -0.7173 0.3667
vn -0.1123 -0.8996 0.4220
vn -0.2184 -0.4960 -0.8404
vn -0.1978 -0.9259 -0.3218
vn -0.6412 -0.6672 -0.3791
vn 0.2187 -0.4790 0.8501
vn 0.1985 -0.9192 0.3402
vn 0.6417 -0.6591 0.3923
vn 0.2332 -0.4594 -0.8571
vn 0.5930 -0.7240 -0.3523
vn 0.1130 -0.9078 -0.4039
vn 0.5288 -0.1485 0.8356
vn 0.8491 -0.4264 0.3117
vn 0.9236 0.0809 0.3748
vn 0.4860 -0.0832 -0.8700
vn 0.9281 0.0205 -0.3719
vn 0.7710 -0.4678 -0.4321
vn 0.4639 0.3002 0.8335
vn 0.8696 0.3900 0.3028
vn 0.5211 0.7630 0.3825
vn 0.3497 0.3492 -0.8694
vn 0.5551 0.7471 -0.3656
vn 0.8373 0.3213 -0.4424
vn -0.2831 -0.2432 0.9278
vn 0.3493 -0.2432 0.9049
vn 0.8945 0.2051 0.3973
vn 0.0488 0.5232 0.8508
vn 0.2353 0.9129 0.3335
vn -0.2741 0.8707 0.4083
vn -0.0488 0.5183 -0.8538
vn -0.2353 0.9110 -0.3387
vn 0.2741 0.8684 -0.4133
vn -0.3743 0.3602 0.8545
vn -0.5653 0.7515 0.3401
vn -0.8496 0.3266 0.4143
vn -0.4401 0.2892 -0.8501
vn -0.8607 0.3857 -0.3324
vn -0.5101 0.7577 -0.4069
vn -0.5105 -0.0722 0.8568
vn -0.9382 0.0249 0.3451
vn -0.7829 -0.4626 0.4160
vn -0.5049 -0.1595 -0.8483
vn -0.8399 -0.4308 -0.3302
vn -0.9126 0.0756 -0.4018
vn -0.2574 -0.4484 0.8560
vn -0.6027 -0.7197 0.3446
vn -0.1243 -0.9026 0.4122
vn -0.1945 -0.4900 -0.8498
vn -0.1886 -0.9236 -0.3338
vn -0.6302 -0.6643 -0.4019
vn 0.1945 -0.4851 0.8526
vn 0.1887 -0.9216 0.3391
vn 0.6302 -0.6620 0.4057
vn 0.2574 -0.4533 -0.8533
vn 0.6027 -0.7217 -0.3405
vn 0.1244 -0.9049 -0.4070
vn 0.5049 -0.1546 0.8492
vn 0.8399 -0.4288 0.3327
vn 0.9126 0.0780 0.4014
vn 0.5105 -0.0772 -0.8564
vn 0.9382 0.0229 -0.3452
vn 0.7829 -0.4650 -0.4134
vn 0.4400 0.2941 0.8484
vn 0.8606 0.3877 0.3302
vn 0.5101 0.7601 0.4025
vn 0.3742 0.3553 -0.8566
vn 0.5653 0.7495 -0.3444
vn 0.8495 0.3242 -0.4161
vn -0.1685 0.3672 0.9147
vn -0.9117 0.4109 0.0058
vn -0.6034 0.7974 0.0023
vn -0.7086 -0.5638 -0.4243
vn -0.1977 -0.9803 0.0044
vn 0.7087 -0.5612 0.4275
vn 0.3234 -0.2497 0.9127
vn 0.1685 0.3619 -0.9169
vn -0.4339 0.9010 0.0007
vn 0.0521 0.5117 0.8576
vn 0.2366 0.9083 0.3449
vn -0.2725 0.8652 0.4209
vn -0.0519 0.5298 -0.8466
vn -0.2364 0.9155 -0.3256
vn 0.2727 0.8738 -0.4026
vn -0.3710 0.3487 0.8607
vn -0.5639 0.7469 0.3523
vn -0.8480 0.3210 0.4218
vn -0.4432 0.3007 -0.8445
vn -0.8618 0.3902 -0.3240
vn -0.5116 0.7632 -0.3948
vn -0.5073 -0.0837 0.8577
vn -0.9369 0.0203 0.3489
vn -0.7814 -0.4681 0.4127
vn -0.5081 -0.1480 -0.8485
vn -0.8412 -0.4262 -0.3328
vn -0.9141 0.0811 -0.3974
vn -0.2543 -0.4599 0.8508
vn -0.6015 -0.7242 0.3372
vn -0.1229 -0.9080 0.4005
vn -0.1977 -0.4785 -0.8555
vn -0.1900 -0.9190 -0.3455
vn -0.6318 -0.6588 -0.4084
vn 0.1976 -0.4965 0.8452
vn 0.1898 -0.9261 0.3260
vn 0.6316 -0.6674 0.3944
vn 0.2542 -0.4418 -0.8603
vn 0.6013 -0.7171 -0.3524
vn 0.1227 -0.8994 -0.4196
vn 0.5080 -0.1661 0.8452
vn 0.8411 -0.4333 0.3237
vn 0.9141 0.0725 0.3990
vn 0.5073 -0.0657 -0.8593
vn 0.9370 0.0275 -0.3484
vn 0.7813 -0.4594 -0.4225
vn 0.4432 0.2827 0.8507
vn 0.8619 0.3831 0.3321
vn 0.5117 0.7546 0.4108
vn 0.3711 0.3667 -0.8531
vn 0.5641 0.7540 -0.3364
vn 0.8480 0.3297 -0.4149
vn 0.3058 -0.2426 -0.9207
vn 0.3866 0.8173 -0.4272
vn 0.0302 0.5189 0.8543
vn 0.2279 0.9112 0.3432
vn -0.2830 0.8687 0.4066
vn -0.0303 0.5227 -0.8520
vn -0.2280 0.9127 -0.3391
vn 0.2829 0.8705 -0.4028
vn -0.3928 0.3558 0.8480
vn -0.5726 0.7498 0.3315
vn -0.8584 0.3245 0.3973
vn -0.4215 0.2935 -0.8580
vn -0.8533 0.3874 -0.3491
vn -0.5012 0.7598 -0.4141
vn -0.5290 -0.0766 0.8451
vn -0.9455 0.0232 0.3247
vn -0.7917 -0.4647 0.3965
vn -0.4863 -0.1552 -0.8599
vn -0.8325 -0.4290 -0.3506
vn -0.9036 0.0777 -0.4212
vn -0.2760 -0.4527 0.8479
vn -0.6100 -0.7215 0.3278
vn -0.1332 -0.9046 0.4048
vn -0.1759 -0.4857 -0.8563
vn -0.1813 -0.9219 -0.3425
vn -0.6213 -0.6623 -0.4189
vn 0.1759 -0.4894 0.8541
vn 0.1813 -0.9234 0.3384
vn 0.6213 -0.6640 0.4159
vn 0.2760 -0.4490 -0.8498
vn 0.6100 -0.7200 -0.3309
vn 0.1332 -0.9029 -0.4088
vn 0.4863 -0.1589 0.8592
vn 0.8325 -0.4305 0.3487
vn 0.9036 0.0759 0.4216
vn 0.5290 -0.0728 -0.8455
vn 0.9455 0.0247 -0.3246
vn 0.7918 -0.4629 -0.3986
vn 0.4215 0.2898 0.8593
vn 0.8532 0.3859 0.3508
vn 0.5012 0.7580 0.4174
vn 0.3928 0.3596 -0.8464
vn 0.5726 0.7513 -0.3282
vn 0.8584 0.3263 -0.3959
vn -0.1627 0.3666 -0.9161
vn 0.2472 0.9690 0.0056
vn -0.7113 -0.5635 0.4201
vn -0.6992 -0.5616 -0.4424
vn 0.6431 -0.7657 0.0074
vn 0.9116 0.4109 0.0137
vn 0.1627 0.3626 0.9177
vn 0.8695 0.0376 0.4925
vn 0.3690 0.2308 0.9003
vn 0.4355 -0.2795 0.8557
vn -0.8353 -0.0376 0.5485
vn -0.3090 -0.2308 0.9226
vn -0.3783 0.2795 0.8825
vn 0.8618 -0.3855 0.3296
vn 0.3593 -0.5698 0.7391
vn 0.4145 -0.8549 0.3119
vn -0.8450 -0.4288 0.3196
vn -0.3297 -0.8562 0.3977
vn -0.3862 -0.5047 0.7720
vn 0.8469 -0.5218 -0.1026
vn 0.3333 -0.9427 0.0130
vn 0.3889 -0.7883 -0.4768
vn -0.8601 -0.4937 -0.1289
vn -0.3564 -0.8355 -0.4183
vn -0.4108 -0.9072 0.0904
vn 0.8359 -0.2687 -0.4786
vn 0.3107 -0.6072 -0.7313
vn 0.3780 -0.1297 -0.9167
vn -0.8692 -0.1832 -0.4592
vn -0.3691 -0.1842 -0.9110
vn -0.4336 -0.6248 -0.6493
vn 0.8372 0.1832 -0.5153
vn 0.3084 0.1842 -0.9333
vn 0.3900 0.6248 -0.6763
vn -0.8655 0.2687 -0.4227
vn -0.3581 0.6072 -0.7093
vn -0.4374 0.1297 -0.8898
vn 0.8497 0.4936 -0.1851
vn 0.3282 0.8355 -0.4408
vn 0.4159 0.9072 0.0632
vn -0.8518 0.5218 -0.0467
vn -0.3318 0.9427 0.0348
vn -0.4194 0.7883 -0.4503
vn 0.8641 0.4288 0.2634
vn 0.3551 0.8562 0.3752
vn 0.4361 0.5048 0.7450
vn -0.8383 0.3855 0.3855
vn -0.3100 0.5698 0.7611
vn -0.3931 0.8549 0.3385
vn -0.4065 -0.3891 0.8267
vn -0.4535 -0.7030 -0.5479
vn -0.0287 -0.6432 -0.7652
vn -0.0216 0.6431 -0.7654
vn 0.4164 0.7030 -0.5765
vn -0.4458 0.7077 -0.5481
vn -0.0101 0.8896 -0.4566
vn -0.9089 0.3995 0.1200
vn 0.4599 0.3891 0.7982
vn -0.4023 0.3938 0.8265
vn 0.8610 0.0436 0.5067
vn 0.3524 0.2332 0.9063
vn 0.4233 -0.2766 0.8627
vn -0.8439 -0.0436 0.5347
vn -0.3225 -0.2332 0.9174
vn -0.3948 0.2766 0.8762
vn 0.8590 -0.3794 0.3437
vn 0.3511 -0.5674 0.7449
vn 0.4153 -0.8521 0.3186
vn -0.8470 -0.4349 0.3056
vn -0.3301 -0.8586 0.3922
vn -0.3953 -0.5077 0.7655
vn 0.8521 -0.5157 -0.0887
vn 0.3398 -0.9403 0.0183
vn 0.4023 -0.7854 -0.4705
vn -0.8543 -0.4997 -0.1431
vn -0.3436 -0.8379 -0.4242
vn -0.4059 -0.9101 0.0835
vn 0.8456 -0.2626 -0.4648
vn 0.3270 -0.6048 -0.7262
vn 0.3940 -0.1268 -0.9103
vn -0.8602 -0.1893 -0.4735
vn -0.3527 -0.1866 -0.9169
vn -0.4185 -0.6278 -0.6564
vn 0.8442 0.1893 -0.5014
vn 0.3224 0.1866 -0.9280
vn 0.3967 0.6277 -0.6698
vn -0.8603 0.2626 -0.4368
vn -0.3506 0.6048 -0.7150
vn -0.4236 0.1268 -0.8969
vn 0.8492 0.4997 -0.1710
vn 0.3294 0.8379 -0.4352
vn 0.4084 0.9101 0.0701
vn -0.8546 0.5157 -0.0607
vn -0.3389 0.9404 0.0295
vn -0.4174 0.7854 -0.4570
vn 0.8566 0.4349 0.2777
vn 0.3428 0.8586 0.3811
vn 0.4202 0.5076 0.7521
vn -0.8473 0.3794 0.3717
vn -0.3264 0.5674 0.7560
vn -0.4047 0.8521 0.3321
vn 0.0141 -0.6034 0.7973
vn -0.4394 -0.7061 -0.5554
vn 0.4209 0.7060 -0.5695
vn -0.9190 0.3149 -0.2373
vn 0.4332 0.8802 0.1937
vn -0.4294 0.8789 0.2078
vn 0.8558 0.0324 0.5163
vn 0.3453 0.2288 0.9102
vn 0.4099 -0.2820 0.8674
vn -0.8504 -0.0324 0.5252
vn -0.3358 -0.2288 0.9137
vn -0.4009 0.2820 0.8717
vn 0.8500 -0.3906 0.3533
vn 0.3352 -0.5718 0.7488
vn 0.4005 -0.8574 0.3233
vn -0.8561 -0.4236 0.2961
vn -0.3458 -0.8541 0.3885
vn -0.4105 -0.5022 0.7611
vn 0.8462 -0.5269 -0.0791
vn 0.3271 -0.9447 0.0222
vn 0.3971 -0.7907 -0.4659
vn -0.8591 -0.4884 -0.1526
vn -0.3498 -0.8333 -0.4280
vn -0.4187 -0.9047 0.0790
vn 0.8472 -0.2738 -0.4553
vn 0.3271 -0.6092 -0.7224
vn 0.4024 -0.1322 -0.9059
vn -0.8573 -0.1780 -0.4831
vn -0.3448 -0.1821 -0.9208
vn -0.4193 -0.6223 -0.6610
vn 0.8522 0.1780 -0.4920
vn 0.3352 0.1821 -0.9244
vn 0.4124 0.6223 -0.6653
vn -0.8519 0.2738 -0.4465
vn -0.3346 0.6092 -0.7190
vn -0.4118 0.1322 -0.9016
vn 0.8575 0.4884 -0.1615
vn 0.3453 0.8334 -0.4316
vn 0.4195 0.9047 0.0746
vn -0.8470 0.5269 -0.0703
vn -0.3269 0.9447 0.0256
vn -0.4019 0.7907 -0.4617
vn 0.8591 0.4236 0.2872
vn 0.3498 0.8541 0.3849
vn 0.4184 0.5022 0.7568
vn -0.8463 0.3907 0.3621
vn -0.3274 0.5718 0.7522
vn -0.3971 0.8574 0.3275
vn -0.4404 -0.8745 0.2031
vn 0.0117 0.9996 0.0254
vn -0.9094 0.4051 0.0948
vn -0.4226 0.3964 0.8151
vn 0.8604 0.0404 0.5080
vn 0.3519 0.2319 0.9068
vn 0.4209 -0.2781 0.8634
vn -0.8449 -0.0404 0.5334
vn -0.3248 -0.2319 0.9169
vn -0.3950 0.2781 0.8755
vn 0.8570 -0.3827 0.3450
vn 0.3478 -0.5687 0.7454
vn 0.4116 -0.8536 0.3193
vn -0.8491 -0.4316 0.3044
vn -0.3340 -0.8573 0.3917
vn -0.3984 -0.5061 0.7649
vn 0.8503 -0.5190 -0.0874
vn 0.3362 -0.9416 0.0189
vn 0.4000 -0.7870 -0.4698
vn -0.8560 -0.4965 -0.1443
vn -0.3461 -0.8366 -0.4247
vn -0.4094 -0.9086 0.0829
vn 0.8453 -0.2659 -0.4635
vn 0.3258 -0.6061 -0.7256
vn 0.3949 -0.1284 -0.9097
vn -0.8602 -0.1861 -0.4748
vn -0.3520 -0.1853 -0.9175
vn -0.4198 -0.6262 -0.6570
vn 0.8457 0.1861 -0.5002
vn 0.3245 0.1853 -0.9275
vn 0.4001 0.6262 -0.6692
vn -0.8587 0.2659 -0.4382
vn -0.3473 0.6061 -0.7156
vn -0.4218 0.1284 -0.8976
vn 0.8513 0.4965 -0.1697
vn 0.3333 0.8366 -0.4348
vn 0.4117 0.9086 0.0707
vn -0.8525 0.5190 -0.0620
vn -0.3355 0.9416 0.0289
vn -0.4138 0.7870 -0.4577
vn 0.8578 0.4316 0.2789
vn 0.3455 0.8573 0.3816
vn 0.4210 0.5061 0.7527
vn -0.8464 0.3827 0.3704
vn -0.3255 0.5687 0.7554
vn -0.4019 0.8536 0.3314
vn 0.0106 -0.6034 0.7974
vn -0.0128 -0.6431 -0.7656
vn -0.0100 0.6431 -0.7657
vn 0.4245 0.7044 -0.5689
vn -0.4381 0.7063 -0.5561
vn -0.9174 0.3183 -0.2386
vn 0.0025 0.9997 0.0254
vn -0.4184 0.3924 0.8192
vn 0.0143 0.4339 0.9009
vn 0.8770 0.0422 0.4786
vn 0.3819 0.2327 0.8944
vn 0.4505 -0.2773 0.8486
vn -0.8263 -0.0422 0.5617
vn -0.2931 -0.2327 0.9273
vn -0.3658 0.2773 0.8884
vn 0.8690 -0.3809 0.3158
vn 0.3740 -0.5680 0.7332
vn 0.4240 -0.8527 0.3051
vn -0.8374 -0.4335 0.3329
vn -0.3187 -0.8581 0.4027
vn -0.3712 -0.5070 0.7779
vn 0.8480 -0.5172 -0.1162
vn 0.3386 -0.9409 0.0074
vn 0.3855 -0.7861 -0.4832
vn -0.8593 -0.4983 -0.1153
vn -0.3585 -0.8373 -0.4128
vn -0.4044 -0.9094 0.0966
vn 0.8297 -0.2640 -0.4919
vn 0.3024 -0.6053 -0.7363
vn 0.3641 -0.1275 -0.9226
vn -0.8754 -0.1879 -0.4454
vn -0.3825 -0.1860 -0.9050
vn -0.4405 -0.6271 -0.6424
vn 0.8279 0.1879 -0.5285
vn 0.2926 0.1860 -0.9380
vn 0.3759 0.6271 -0.6823
vn -0.8736 0.2641 -0.4088
vn -0.3726 0.6053 -0.7034
vn -0.4522 0.1275 -0.8828
vn 0.8440 0.4983 -0.1984
vn 0.3166 0.8373 -0.4457
vn 0.4119 0.9094 0.0568
vn -0.8553 0.5172 -0.0331
vn -0.3363 0.9409 0.0404
vn -0.4307 0.7861 -0.4433
vn 0.8659 0.4335 0.2498
vn 0.3564 0.8581 0.3698
vn 0.4452 0.5069 0.7381
vn -0.8342 0.3809 0.3988
vn -0.3009 0.5679 0.7661
vn -0.3923 0.8527 0.3449
vn -0.4211 -0.8795 0.2215
vn -0.0223 -0.8897 -0.4561
vn 0.4034 -0.7054 -0.5829
vn 0.9011 -0.3164 -0.2965
vn -0.0373 0.6431 -0.7648
vn -0.0222 0.8897 -0.4561
vn 0.8519 0.0408 0.5221
vn 0.3369 0.2321 0.9125
vn 0.4069 -0.2779 0.8702
vn -0.8535 -0.0408 0.5195
vn -0.3397 -0.2321 0.9115
vn -0.4095 0.2779 0.8689
vn 0.8515 -0.3823 0.3590
vn 0.3359 -0.5685 0.7510
vn 0.4067 -0.8534 0.3260
vn -0.8538 -0.4321 0.2904
vn -0.3399 -0.8575 0.3862
vn -0.4106 -0.5063 0.7583
vn 0.8519 -0.5185 -0.0734
vn 0.3363 -0.9414 0.0244
vn 0.4080 -0.7868 -0.4632
vn -0.8532 -0.4969 -0.1583
vn -0.3387 -0.8368 -0.4303
vn -0.4102 -0.9088 0.0762
vn 0.8529 -0.2654 -0.4496
vn 0.3380 -0.6059 -0.7202
vn 0.4098 -0.1282 -0.9031
vn -0.8522 -0.1865 -0.4888
vn -0.3368 -0.1855 -0.9231
vn -0.4087 -0.6264 -0.6638
vn 0.8537 0.1865 -0.4862
vn 0.3396 0.1855 -0.9221
vn 0.4107 0.6264 -0.6625
vn -0.8515 0.2654 -0.4522
vn -0.3358 0.6059 -0.7212
vn -0.4071 0.1282 -0.9044
vn 0.8537 0.4969 -0.1558
vn 0.3399 0.8368 -0.4293
vn 0.4100 0.9088 0.0774
vn -0.8517 0.5185 -0.0760
vn -0.3363 0.9415 0.0234
vn -0.4067 0.7867 -0.4644
vn 0.8529 0.4321 0.2930
vn 0.3387 0.8575 0.3872
vn 0.4084 0.5063 0.7595
vn -0.8525 0.3823 0.3564
vn -0.3381 0.5685 0.7500
vn -0.4077 0.8534 0.3248
vn 0.9136 -0.1771 0.3660
vn -0.0011 0.2472 0.9690
vn -0.4331 -0.8789 0.2001
vn -0.9146 -0.3149 -0.2537
vn 0.0012 -0.1977 -0.9803
vn 0.0001 -0.6432 -0.7657
vn 0.4334 0.7046 -0.5619
vn 0.9154 0.3148 -0.2509
vn -0.4294 0.7061 -0.5631
vn 0.4325 0.8789 0.2014
vn 0.4307 0.3907 0.8135
vn 0.9142 0.1740 0.3659
vn 0.8725 0.0362 0.4873
vn 0.3747 0.2303 0.8981
vn 0.4401 -0.2801 0.8531
vn -0.8321 -0.0362 0.5535
vn -0.3039 -0.2303 0.9245
vn -0.3726 0.2801 0.8847
vn 0.8632 -0.3869 0.3244
vn 0.3627 -0.5703 0.7370
vn 0.4149 -0.8556 0.3095
vn -0.8437 -0.4274 0.3247
vn -0.3287 -0.8556 0.3998
vn -0.3825 -0.5041 0.7744
vn 0.8454 -0.5232 -0.1076
vn 0.3319 -0.9433 0.0110
vn 0.3847 -0.7890 -0.4791
vn -0.8616 -0.4923 -0.1237
vn -0.3603 -0.8349 -0.4161
vn -0.4118 -0.9065 0.0929
vn 0.8326 -0.2701 -0.4836
vn 0.3053 -0.6077 -0.7331
vn 0.3723 -0.1304 -0.9189
vn -0.8722 -0.1818 -0.4540
vn -0.3748 -0.1836 -0.9087
vn -0.4385 -0.6242 -0.6466
vn 0.8344 0.1818 -0.5203
vn 0.3031 0.1836 -0.9351
vn 0.3870 0.6242 -0.6787
vn -0.8676 0.2701 -0.4175
vn -0.3613 0.6077 -0.7072
vn -0.4425 0.1304 -0.8872
vn 0.8494 0.4923 -0.1902
vn 0.3269 0.8349 -0.4428
vn 0.4177 0.9065 0.0606
vn -0.8512 0.5232 -0.0417
vn -0.3300 0.9433 0.0367
vn -0.4207 0.7890 -0.4478
vn 0.8664 0.4274 0.2582
vn 0.3588 0.8556 0.3730
vn 0.4414 0.5041 0.7424
vn -0.8354 0.3869 0.3905
vn -0.3044 0.5703 0.7629
vn -0.3896 0.8556 0.3408
vn 0.4325 -0.8826 0.1841
vn 0.4042 -0.7084 -0.5786
vn -0.0343 -0.6431 -0.7650
vn 0.8980 -0.0065 -0.4398
vn 0.4450 0.8765 0.1836
vn 0.0353 0.6034 0.7967
vn 0.9292 0.1691 0.3288
vn -0.3967 0.3945 0.8289
vn -0.8983 0.1821 0.3998
vn 0.8417 0.0417 0.5384
vn 0.3190 0.2325 0.9188
vn 0.3903 -0.2775 0.8779
vn -0.8633 -0.0417 0.5029
vn -0.3569 -0.2325 0.9047
vn -0.4265 0.2775 0.8609
vn 0.8448 -0.3813 0.3753
vn 0.3219 -0.5681 0.7574
vn 0.4013 -0.8529 0.3338
vn -0.8588 -0.4330 0.2739
vn -0.3464 -0.8579 0.3796
vn -0.4246 -0.5067 0.7503
vn 0.8537 -0.5176 -0.0570
vn 0.3368 -0.9411 0.0309
vn 0.4177 -0.7863 -0.4552
vn -0.8495 -0.4978 -0.1748
vn -0.3294 -0.8371 -0.4367
vn -0.4107 -0.9092 0.0683
vn 0.8617 -0.2645 -0.4331
vn 0.3524 -0.6055 -0.7135
vn 0.4272 -0.1277 -0.8951
vn -0.8424 -0.1874 -0.5052
vn -0.3188 -0.1858 -0.9294
vn -0.3951 -0.6268 -0.6715
vn 0.8627 0.1874 -0.4697
vn 0.3571 0.1859 -0.9154
vn 0.4227 0.6269 -0.6545
vn -0.8429 0.2645 -0.4685
vn -0.3225 0.6055 -0.7276
vn -0.3897 0.1277 -0.9120
vn 0.8560 0.4978 -0.1393
vn 0.3472 0.8371 -0.4227
vn 0.4075 0.9092 0.0853
vn -0.8506 0.5176 -0.0924
vn -0.3379 0.9410 0.0169
vn -0.3984 0.7863 -0.4722
vn 0.8467 0.4330 0.3093
vn 0.3303 0.8579 0.3936
vn 0.3931 0.5067 0.7673
vn -0.8597 0.3813 0.3399
vn -0.3531 0.5681 0.7433
vn -0.4148 0.8530 0.3168
vn 0.4141 -0.3917 0.8216
vn -0.0091 -0.9117 0.4108
vn 0.0090 -0.8896 -0.4566
vn -0.9092 -0.3158 -0.2712
vn 0.0155 -0.6432 -0.7656
vn 0.4500 -0.0003 -0.8930
vn 0.4434 0.7051 -0.5534
vn -0.4479 0.3917 0.8037
vn -0.9218 0.1761 0.3455
vn 0.7170 -0.0733 -0.6932
vn 0.3874 0.0408 -0.9210
vn 0.9500 0.0991 -0.2962
vn 0.3020 0.0804 -0.9499
vn 0.6718 0.2723 -0.6889
vn 0.9153 0.1459 -0.3754
vn 0.7091 -0.0920 0.6991
vn 0.9164 0.0934 0.3891
vn 0.2985 -0.0019 0.9544
vn 0.6638 0.2537 0.7036
vn 0.3714 0.0583 0.9267
vn 0.9391 0.1478 0.3102
vn -0.6639 -0.2538 -0.7034
vn -0.9109 -0.1357 -0.3898
vn -0.2910 -0.0549 -0.9551
vn -0.7089 0.0920 -0.6993
vn -0.3769 -0.0161 -0.9261
vn -0.9466 -0.0910 -0.3093
vn -0.6718 -0.2724 0.6889
vn -0.3819 -0.0831 0.9205
vn -0.9426 -0.1559 0.2953
vn -0.7170 0.0733 0.6932
vn -0.9208 -0.1037 0.3760
vn -0.3093 -0.0236 0.9507
vn 0.3847 0.0619 -0.9210
vn 0.9183 0.1248 -0.3757
vn 0.9543 0.2987 0.0095
vn 0.9139 0.1146 0.3895
vn -0.9182 -0.1248 0.3760
vn -0.3848 -0.0620 0.9209
vn 0.0280 -0.1580 -0.9870
vn 0.6663 -0.2445 -0.7044
vn 0.3708 -0.0532 -0.9272
vn 0.9407 -0.1347 -0.3114
vn 0.2971 0.0061 -0.9548
vn 0.7067 0.1018 -0.7002
vn 0.9171 -0.0807 -0.3905
vn 0.6764 -0.2629 0.6880
vn 0.9178 -0.1332 0.3740
vn 0.3044 -0.0761 0.9495
vn 0.7169 0.0833 0.6922
vn 0.3892 -0.0354 0.9205
vn 0.9517 -0.0858 0.2947
vn -0.7169 -0.0833 -0.6922
vn -0.9228 0.0908 -0.3745
vn -0.3110 0.0193 -0.9502
vn -0.6765 0.2629 -0.6879
vn -0.3842 0.0777 -0.9200
vn -0.9451 0.1427 -0.2940
vn -0.7067 -0.1018 0.7001
vn -0.3758 0.0109 0.9267
vn -0.9473 0.0778 0.3107
vn -0.6663 0.2444 0.7045
vn -0.9122 0.1230 0.3909
vn -0.2905 0.0508 0.9555
vn 0.3733 -0.0320 -0.9271
vn 0.9149 -0.1019 -0.3907
vn 0.3868 -0.0566 0.9204
vn 0.9204 -0.1120 0.3746
vn 0.0272 0.1584 0.9870
vn -0.3734 0.0320 0.9271
vn -0.3869 0.0566 -0.9204
vn 0.0128 0.1845 -0.9828
vt 0.283712 0.026061
vt 0.289214 0.026088
vt 0.287111 0.020983
vt 0.054706 0.033331
vt 0.050144 0.026088
vt 0.049046 0.031176
vt 0.054817 0.018916
vt 0.054779 0.026123
vt 0.274647 0.033183
vt 0.280215 0.033157
vt 0.278093 0.038261
vt 0.958746 0.025914
vt 0.963310 0.033157
vt 0.964367 0.028068
vt 0.958635 0.040329
vt 0.958708 0.033121
vt 0.247518 -0.049086
vt 0.250935 -0.053388
vt 0.245644 -0.054922
vt 0.055020 -0.048759
vt 0.050382 -0.053388
vt 0.049333 -0.048567
vt 0.054978 0.245175
vt 0.050382 0.250935
vt 0.055021 0.251957
vt 0.238452 -0.041965
vt 0.241937 -0.046319
vt 0.244594 -0.041482
vt 0.958907 0.236267
vt 0.963548 0.241937
vt 0.964546 0.236624
vt 0.958949 -0.041761
vt 0.963548 -0.046319
vt 0.958951 -0.047693
vt 0.166201 -0.067647
vt 0.164935 -0.073017
vt 0.160447 -0.069831
vt 0.054386 0.171945
vt 0.049687 0.164935
vt 0.048695 0.170384
vt 0.054223 0.157892
vt 0.054314 0.164509
vt 0.157136 -0.060525
vt 0.155937 -0.065948
vt 0.161365 -0.065014
vt 0.958152 0.148984
vt 0.962853 0.155937
vt 0.963822 0.151428
vt 0.958315 0.163037
vt 0.958243 0.155601
vt 0.100995 -0.015643
vt 0.095974 -0.018018
vt 0.095677 -0.012518
vt 0.053282 -0.024421
vt 0.048581 -0.018018
vt 0.047612 -0.021701
vt 0.053119 -0.011433
vt 0.053190 -0.018725
vt 0.091930 -0.008521
vt 0.086976 -0.010949
vt 0.091080 -0.014616
vt 0.957048 -0.004436
vt 0.961747 -0.010949
vt 0.962740 -0.005432
vt 0.957211 -0.017423
vt 0.957119 -0.011727
vt 0.101002 0.067765
vt 0.095981 0.070193
vt 0.100106 0.073860
vt 0.052538 0.063680
vt 0.047898 0.070193
vt 0.046900 0.064677
vt 0.052499 0.076668
vt 0.052496 0.070972
vt 0.091936 0.074887
vt 0.086982 0.077263
vt 0.086664 0.071762
vt 0.956428 0.083665
vt 0.961064 0.077263
vt 0.962114 0.080946
vt 0.956467 0.070678
vt 0.956425 0.077969
vt 0.166215 0.119769
vt 0.164951 0.125192
vt 0.170399 0.124259
vt 0.052715 0.157907
vt 0.048152 0.164951
vt 0.047095 0.160462
vt 0.052829 0.171960
vt 0.052754 0.164524
vt 0.157150 0.126891
vt 0.155952 0.132262
vt 0.151443 0.129076
vt 0.956758 0.163052
vt 0.961318 0.155952
vt 0.962417 0.161380
vt 0.956644 0.148999
vt 0.956683 0.155617
vt 0.247529 0.101209
vt 0.250947 0.105563
vt 0.253624 0.100726
vt 0.053680 0.245188
vt 0.049152 0.250947
vt 0.048050 0.245656
vt 0.053860 0.101006
vt 0.049152 0.105563
vt 0.053770 0.106937
vt 0.238464 0.108331
vt 0.241949 0.112633
vt 0.236637 0.114167
vt 0.957790 0.108003
vt 0.962318 0.112633
vt 0.963419 0.107811
vt 0.957609 0.236280
vt 0.962318 0.241949
vt 0.957699 0.243061
vt 0.049125 0.020983
vt 0.253613 -0.048567
vt 0.964575 -0.041482
vt 0.278092 0.028068
vt 0.958951 0.243049
vt 0.055021 -0.054690
vt 0.049304 0.245644
vt 0.963937 0.161365
vt 0.053282 0.099170
vt 0.048580 0.160447
vt 0.962854 0.091080
vt 0.957211 0.090263
vt 0.151428 -0.062746
vt 0.047498 -0.012518
vt 0.962142 0.071762
vt 0.086658 -0.005432
vt 0.052499 0.099178
vt 0.046873 0.100106
vt 0.956428 0.090270
vt 0.962337 0.151443
vt 0.047175 0.170399
vt 0.245656 0.107081
vt 0.963292 0.236637
vt 0.161380 0.131344
vt 0.957699 0.113935
vt 0.053770 0.251969
vt 0.048177 0.100726
vt 0.964288 0.038261
vt 0.244605 0.107811
vt 0.282170 0.028586
vt 0.287751 0.028592
vt 0.285625 0.023493
vt 0.023544 0.035808
vt 0.018937 0.028592
vt 0.017919 0.033687
vt 0.023571 0.021393
vt 0.023532 0.028600
vt 0.282646 0.028650
vt 0.288135 0.028644
vt 0.286036 0.033742
vt 0.042569 0.021428
vt 0.047172 0.028644
vt 0.048248 0.023549
vt 0.042542 0.035843
vt 0.042531 0.028635
vt 0.244404 -0.049848
vt 0.247901 -0.054170
vt 0.242585 -0.055698
vt 0.024166 -0.049568
vt 0.019631 -0.054170
vt 0.018548 -0.049342
vt 0.024335 0.242249
vt 0.019631 0.247901
vt 0.024237 0.249031
vt 0.244879 -0.049784
vt 0.248285 -0.054118
vt 0.250966 -0.049286
vt 0.043333 0.242508
vt 0.047866 0.248285
vt 0.048979 0.242997
vt 0.043164 -0.049533
vt 0.047866 -0.054118
vt 0.043236 -0.055465
vt 0.159540 -0.069220
vt 0.158354 -0.074610
vt 0.153841 -0.071418
vt 0.025411 0.165471
vt 0.020886 0.158354
vt 0.019772 0.163778
vt 0.025596 0.151419
vt 0.025512 0.158036
vt 0.160015 -0.069155
vt 0.158738 -0.074558
vt 0.164190 -0.073631
vt 0.044594 0.151677
vt 0.049121 0.158738
vt 0.050214 0.154253
vt 0.044409 0.165730
vt 0.044510 0.158294
vt 0.091482 -0.014942
vt 0.086541 -0.017338
vt 0.086219 -0.011831
vt 0.026342 -0.023768
vt 0.021756 -0.017338
vt 0.020669 -0.021015
vt 0.026403 -0.010780
vt 0.026397 -0.018072
vt 0.091958 -0.014877
vt 0.086925 -0.017286
vt 0.091053 -0.020959
vt 0.045402 -0.010745
vt 0.049991 -0.017286
vt 0.051023 -0.011775
vt 0.045340 -0.023733
vt 0.045395 -0.018037
vt 0.091480 0.072113
vt 0.086539 0.074521
vt 0.090639 0.078194
vt 0.026258 0.067980
vt 0.021587 0.074521
vt 0.020563 0.069011
vt 0.026150 0.080968
vt 0.026225 0.075272
vt 0.091956 0.072177
vt 0.086922 0.074573
vt 0.086629 0.069066
vt 0.045148 0.081003
vt 0.049822 0.074573
vt 0.050797 0.078250
vt 0.045257 0.068015
vt 0.045223 0.075307
vt 0.159535 0.126391
vt 0.158349 0.131794
vt 0.163773 0.130867
vt 0.025222 0.151414
vt 0.020506 0.158349
vt 0.019535 0.153836
vt 0.025026 0.165466
vt 0.025126 0.158031
vt 0.160010 0.126455
vt 0.158732 0.131846
vt 0.154248 0.128654
vt 0.044024 0.165724
vt 0.048741 0.158732
vt 0.049707 0.164185
vt 0.044221 0.151672
vt 0.044124 0.158289
vt 0.244400 0.107019
vt 0.247897 0.111354
vt 0.250550 0.106522
vt 0.024014 0.242245
vt 0.019327 0.247897
vt 0.018358 0.242581
vt 0.023878 0.106768
vt 0.019327 0.111354
vt 0.023928 0.112700
vt 0.244875 0.107084
vt 0.248280 0.111406
vt 0.242993 0.112933
vt 0.042876 0.106803
vt 0.047561 0.111406
vt 0.048572 0.106578
vt 0.043013 0.242503
vt 0.047561 0.248280
vt 0.042926 0.249285
vt 0.017937 0.023493
vt 0.250554 -0.049342
vt 0.048859 -0.049286
vt 0.286036 0.023549
vt 0.043236 0.249289
vt 0.018668 0.242585
vt 0.163778 -0.073687
vt 0.050083 0.164190
vt 0.026342 0.089846
vt 0.019903 0.153841
vt 0.090642 -0.021015
vt 0.050980 0.091053
vt 0.045340 0.090104
vt 0.020712 -0.011831
vt 0.086217 0.069011
vt 0.050874 0.069066
vt 0.086631 -0.011775
vt 0.020486 0.090639
vt 0.026150 0.089843
vt 0.045148 0.090101
vt 0.049846 0.154248
vt 0.019396 0.163773
vt 0.242581 0.112878
vt 0.048669 0.242993
vt 0.164185 0.130922
vt 0.042926 0.112735
vt 0.023928 0.249026
vt 0.018261 0.106522
vt 0.285624 0.033687
vt 0.048229 0.033742
vt 0.250962 0.106578
vt 0.513483 0.032646
vt 0.518929 0.032634
vt 0.516844 0.027541
vt 0.055986 0.039824
vt 0.051345 0.032634
vt 0.050272 0.037734
vt 0.055932 0.025409
vt 0.056007 0.032616
vt 0.489602 0.029180
vt 0.495224 0.029193
vt 0.493084 0.034286
vt 0.959621 0.022003
vt 0.964269 0.029193
vt 0.965232 0.024092
vt 0.959675 0.036418
vt 0.959696 0.029210
vt 0.477312 -0.042503
vt 0.480675 -0.046844
vt 0.475402 -0.048366
vt 0.054831 -0.042268
vt 0.050052 -0.046844
vt 0.049102 -0.042011
vt 0.054505 0.474843
vt 0.050052 0.480675
vt 0.054692 0.481622
vt 0.453431 -0.045970
vt 0.456970 -0.050285
vt 0.459609 -0.045459
vt 0.958194 0.451377
vt 0.962976 0.456970
vt 0.963870 0.451643
vt 0.958520 -0.045674
vt 0.962976 -0.050285
vt 0.958381 -0.051605
vt 0.396022 -0.061064
vt 0.394703 -0.066473
vt 0.390233 -0.063276
vt 0.052541 0.401637
vt 0.047746 0.394703
vt 0.046853 0.400167
vt 0.052188 0.387587
vt 0.052347 0.394203
vt 0.372142 -0.064530
vt 0.370998 -0.069914
vt 0.376409 -0.068992
vt 0.955877 0.364122
vt 0.960670 0.370998
vt 0.961603 0.366474
vt 0.956230 0.378172
vt 0.956036 0.370738
vt 0.330826 -0.009058
vt 0.325752 -0.011473
vt 0.325471 -0.005961
vt 0.050840 -0.017929
vt 0.046163 -0.011473
vt 0.045218 -0.015144
vt 0.050727 -0.004941
vt 0.050738 -0.012233
vt 0.306946 -0.012525
vt 0.302048 -0.014914
vt 0.306135 -0.018593
vt 0.954416 -0.008347
vt 0.959087 -0.014914
vt 0.960137 -0.009409
vt 0.954529 -0.021335
vt 0.954427 -0.015639
vt 0.330818 0.074351
vt 0.325744 0.076740
vt 0.329884 0.080420
vt 0.051010 0.070174
vt 0.046495 0.076740
vt 0.045429 0.071236
vt 0.051221 0.083162
vt 0.051075 0.077466
vt 0.306937 0.070885
vt 0.302039 0.073300
vt 0.301705 0.067787
vt 0.954910 0.079756
vt 0.959419 0.073300
vt 0.960577 0.076971
vt 0.954699 0.066768
vt 0.954764 0.074060
vt 0.396004 0.126356
vt 0.394684 0.131741
vt 0.400148 0.130819
vt 0.052922 0.387568
vt 0.048493 0.394684
vt 0.047326 0.390214
vt 0.053299 0.401617
vt 0.053106 0.394183
vt 0.372123 0.122890
vt 0.370979 0.128300
vt 0.366455 0.125102
vt 0.956988 0.378152
vt 0.961416 0.370979
vt 0.962592 0.376389
vt 0.956611 0.364103
vt 0.956795 0.370718
vt 0.477297 0.107796
vt 0.480659 0.112111
vt 0.483353 0.107286
vt 0.055137 0.474826
vt 0.050651 0.480659
vt 0.049482 0.475386
vt 0.055395 0.107500
vt 0.050651 0.112111
vt 0.055301 0.113432
vt 0.453417 0.104330
vt 0.456954 0.108671
vt 0.451627 0.110192
vt 0.959084 0.104094
vt 0.963575 0.108671
vt 0.964663 0.103837
vt 0.958826 0.451361
vt 0.963575 0.456954
vt 0.958990 0.458141
vt 0.050234 0.027541
vt 0.964101 -0.045459
vt 0.493086 0.024092
vt 0.958381 0.458157
vt 0.048871 0.475402
vt 0.400167 -0.065544
vt 0.961852 0.376409
vt 0.050840 0.328874
vt 0.046604 0.390233
vt 0.329893 -0.015144
vt 0.954529 0.305409
vt 0.960217 0.306135
vt 0.366474 -0.066724
vt 0.045138 -0.005961
vt 0.960428 0.067787
vt 0.045578 0.329884
vt 0.051221 0.328864
vt 0.390214 0.128551
vt 0.960577 0.306125
vt 0.962325 0.366455
vt 0.306125 0.076971
vt 0.047593 0.400148
vt 0.475386 0.113641
vt 0.964481 0.451627
vt 0.376389 0.127370
vt 0.958990 0.110026
vt 0.049665 0.107286
vt 0.965271 0.034286
vt 0.954910 0.305399
vt 0.504421 0.028676
vt 0.509902 0.028668
vt 0.507806 0.023574
vt 0.025998 0.035864
vt 0.021364 0.028668
vt 0.020304 0.033767
vt 0.025963 0.021449
vt 0.026010 0.028656
vt 0.503858 0.028591
vt 0.509448 0.028599
vt 0.507318 0.033693
vt 0.044960 0.021403
vt 0.049598 0.028599
vt 0.050589 0.023500
vt 0.044995 0.035818
vt 0.045007 0.028610
vt 0.466657 -0.049758
vt 0.470054 -0.054094
vt 0.464769 -0.055617
vt 0.025241 -0.049512
vt 0.020522 -0.054094
vt 0.019539 -0.049262
vt 0.025038 0.464266
vt 0.020522 0.470054
vt 0.025154 0.471047
vt 0.466094 -0.049843
vt 0.469600 -0.054163
vt 0.472250 -0.049335
vt 0.044036 0.463960
vt 0.048756 0.469600
vt 0.049705 0.464282
vt 0.044239 -0.049558
vt 0.048756 -0.054163
vt 0.044152 -0.055489
vt 0.381796 -0.069129
vt 0.380511 -0.074534
vt 0.376029 -0.071338
vt 0.023761 0.387491
vt 0.019033 0.380511
vt 0.018085 0.385966
vt 0.023543 0.373439
vt 0.023641 0.380056
vt 0.381234 -0.069214
vt 0.380057 -0.074603
vt 0.385478 -0.073680
vt 0.042540 0.373133
vt 0.047267 0.380057
vt 0.048240 0.375542
vt 0.042759 0.387186
vt 0.042639 0.379750
vt 0.313741 -0.014851
vt 0.308700 -0.017262
vt 0.308408 -0.011750
vt 0.022672 -0.023711
vt 0.018018 -0.017262
vt 0.017037 -0.020934
vt 0.022603 -0.010723
vt 0.022609 -0.018015
vt 0.313178 -0.014936
vt 0.308246 -0.017330
vt 0.312344 -0.021008
vt 0.041601 -0.010770
vt 0.046251 -0.017330
vt 0.047298 -0.011824
vt 0.041670 -0.023757
vt 0.041607 -0.018061
vt 0.313737 0.072203
vt 0.308696 0.074597
vt 0.312827 0.078275
vt 0.022794 0.068036
vt 0.018240 0.074597
vt 0.017184 0.069091
vt 0.022926 0.081024
vt 0.022836 0.075328
vt 0.313175 0.072118
vt 0.308242 0.074528
vt 0.307918 0.069017
vt 0.041924 0.080978
vt 0.046474 0.074528
vt 0.047587 0.078201
vt 0.041792 0.067990
vt 0.041833 0.075282
vt 0.381789 0.126481
vt 0.380503 0.131870
vt 0.385958 0.130947
vt 0.024035 0.373431
vt 0.019534 0.380503
vt 0.018416 0.376021
vt 0.024269 0.387483
vt 0.024150 0.380048
vt 0.381226 0.126396
vt 0.380049 0.131801
vt 0.375534 0.128605
vt 0.043267 0.387177
vt 0.047768 0.380049
vt 0.048891 0.385470
vt 0.043033 0.373125
vt 0.043148 0.379742
vt 0.466651 0.107110
vt 0.470048 0.111429
vt 0.472732 0.106602
vt 0.025461 0.464259
vt 0.020924 0.470048
vt 0.019805 0.464763
vt 0.025620 0.106825
vt 0.020924 0.111429
vt 0.025563 0.112756
vt 0.466088 0.107025
vt 0.469594 0.111361
vt 0.464276 0.112884
vt 0.044618 0.106778
vt 0.049158 0.111361
vt 0.050227 0.106529
vt 0.044458 0.463954
vt 0.049158 0.469594
vt 0.044560 0.470735
vt 0.020280 0.023574
vt 0.049849 -0.049335
vt 0.507319 0.023500
vt 0.044152 0.470741
vt 0.019396 0.464769
vt 0.385966 -0.073606
vt 0.048395 0.385478
vt 0.464282 -0.055691
vt 0.017037 0.312831
vt 0.017931 0.376029
vt 0.312831 -0.020934
vt 0.041670 0.311562
vt 0.047347 0.312344
vt 0.016988 -0.011750
vt 0.308405 0.069091
vt 0.047494 0.069017
vt 0.022926 0.311863
vt 0.017278 0.312827
vt 0.376021 0.128678
vt 0.041924 0.311558
vt 0.048726 0.375534
vt 0.018581 0.385958
vt 0.464763 0.112958
vt 0.050114 0.464276
vt 0.385470 0.130873
vt 0.044560 0.112710
vt 0.025563 0.471040
vt 0.019917 0.106602
vt 0.507806 0.033767
vt 0.050614 0.033693
vt 0.472244 0.106529
vt 0.022672 0.311867
vt 0.711677 0.025921
vt 0.717263 0.025943
vt 0.715135 0.020840
vt 0.049126 0.033182
vt 0.044555 0.025943
vt 0.043514 0.031033
vt 0.049224 0.018767
vt 0.049148 0.025975
vt 0.725386 0.032152
vt 0.730870 0.032129
vt 0.728773 0.037233
vt 0.953103 0.024890
vt 0.957670 0.032129
vt 0.958774 0.027040
vt 0.953005 0.039305
vt 0.953027 0.032098
vt 0.675498 -0.049228
vt 0.679000 -0.053533
vt 0.673683 -0.055066
vt 0.050168 -0.048908
vt 0.045663 -0.053533
vt 0.044553 -0.048711
vt 0.050397 0.673355
vt 0.045663 0.679000
vt 0.050275 0.680136
vt 0.689207 -0.042997
vt 0.692608 -0.047347
vt 0.695290 -0.042511
vt 0.954276 0.686825
vt 0.958779 0.692608
vt 0.959906 0.687322
vt 0.954047 -0.042785
vt 0.958779 -0.047347
vt 0.954154 -0.048717
vt 0.594190 -0.067788
vt 0.593009 -0.073162
vt 0.588495 -0.069975
vt 0.051601 0.600133
vt 0.047078 0.593009
vt 0.045953 0.598432
vt 0.051789 0.586080
vt 0.051713 0.592697
vt 0.607899 -0.061557
vt 0.606617 -0.066976
vt 0.612071 -0.066044
vt 0.955668 0.599550
vt 0.960193 0.606617
vt 0.961277 0.602134
vt 0.955480 0.613603
vt 0.955592 0.606168
vt 0.528979 -0.015784
vt 0.524043 -0.018163
vt 0.523719 -0.012661
vt 0.052347 -0.024570
vt 0.047733 -0.018163
vt 0.046659 -0.021845
vt 0.052352 -0.011582
vt 0.052379 -0.018874
vt 0.542688 -0.009552
vt 0.537650 -0.011977
vt 0.541781 -0.015645
vt 0.956231 -0.005459
vt 0.960849 -0.011977
vt 0.961854 -0.006462
vt 0.956226 -0.018447
vt 0.956258 -0.012751
vt 0.528971 0.067625
vt 0.524034 0.070050
vt 0.528132 0.073718
vt 0.051843 0.063532
vt 0.047136 0.070050
vt 0.046140 0.064534
vt 0.051662 0.076519
vt 0.051772 0.070823
vt 0.542679 0.073856
vt 0.537642 0.076235
vt 0.537350 0.070734
vt 0.955541 0.082642
vt 0.960251 0.076235
vt 0.961203 0.079917
vt 0.955722 0.069655
vt 0.955651 0.076946
vt 0.594171 0.119629
vt 0.592989 0.125049
vt 0.598412 0.124116
vt 0.050470 0.586060
vt 0.045735 0.592989
vt 0.044786 0.588476
vt 0.050239 0.600112
vt 0.050348 0.592677
vt 0.607880 0.125861
vt 0.606597 0.131235
vt 0.602115 0.128048
vt 0.954118 0.613583
vt 0.958851 0.606597
vt 0.959814 0.612051
vt 0.954349 0.599531
vt 0.954227 0.606147
vt 0.675483 0.101069
vt 0.678984 0.105420
vt 0.681636 0.100583
vt 0.049260 0.673338
vt 0.044587 0.678984
vt 0.043618 0.673667
vt 0.049153 0.100858
vt 0.044587 0.105420
vt 0.049180 0.106789
vt 0.689192 0.107300
vt 0.692592 0.111605
vt 0.687306 0.113138
vt 0.953032 0.106981
vt 0.957702 0.111605
vt 0.958733 0.106783
vt 0.953140 0.686809
vt 0.957702 0.692592
vt 0.953059 0.693590
vt 0.043583 0.020840
vt 0.959744 -0.042511
vt 0.954154 0.693606
vt 0.050275 -0.054840
vt 0.044715 0.673683
vt 0.961144 0.612071
vt 0.687322 -0.048866
vt 0.052347 0.527354
vt 0.046085 0.588495
vt 0.961850 0.541781
vt 0.956226 0.540824
vt 0.602134 -0.063776
vt 0.046663 -0.012661
vt 0.523711 0.064534
vt 0.961331 0.070734
vt 0.537358 -0.006462
vt 0.046012 0.528132
vt 0.051662 0.527344
vt 0.955541 0.540814
vt 0.959977 0.602115
vt 0.541771 0.079917
vt 0.044623 0.598412
vt 0.673667 0.106939
vt 0.958809 0.687306
vt 0.612051 0.130316
vt 0.953059 0.112912
vt 0.049180 0.680120
vt 0.043542 0.100583
vt 0.958705 0.037233
vt 0.695275 0.106783
vt 0.723872 0.028916
vt 0.729412 0.028905
vt 0.727298 0.023811
vt 0.024363 0.036097
vt 0.019720 0.028905
vt 0.018702 0.034005
vt 0.024315 0.021681
vt 0.024337 0.028889
vt 0.723917 0.028798
vt 0.729449 0.028810
vt 0.727337 0.033903
vt 0.043315 0.021617
vt 0.047957 0.028810
vt 0.048981 0.023709
vt 0.043363 0.036033
vt 0.043336 0.028825
vt 0.686100 -0.049518
vt 0.689555 -0.053857
vt 0.684252 -0.055379
vt 0.024121 -0.049279
vt 0.019494 -0.053857
vt 0.018468 -0.049024
vt 0.024105 0.683847
vt 0.019494 0.689555
vt 0.024107 0.690629
vt 0.686145 -0.049635
vt 0.689592 -0.053952
vt 0.692261 -0.049126
vt 0.043105 0.683872
vt 0.047731 0.689592
vt 0.048771 0.684292
vt 0.043121 -0.049343
vt 0.047731 -0.053952
vt 0.043107 -0.055274
vt 0.601227 -0.068889
vt 0.600000 -0.074297
vt 0.595500 -0.071100
vt 0.024147 0.607061
vt 0.019542 0.600000
vt 0.018500 0.605437
vt 0.024176 0.593007
vt 0.024156 0.599625
vt 0.601273 -0.069007
vt 0.600037 -0.074392
vt 0.605477 -0.073470
vt 0.043176 0.593032
vt 0.047780 0.600037
vt 0.048834 0.595539
vt 0.043147 0.607086
vt 0.043156 0.599650
vt 0.533165 -0.014611
vt 0.528182 -0.017025
vt 0.527873 -0.011513
vt 0.024421 -0.023479
vt 0.019829 -0.017025
vt 0.018773 -0.020696
vt 0.024473 -0.010491
vt 0.024447 -0.017783
vt 0.533211 -0.014729
vt 0.528219 -0.017120
vt 0.532335 -0.020798
vt 0.043473 -0.010555
vt 0.048066 -0.017120
vt 0.049123 -0.011615
vt 0.043421 -0.023543
vt 0.043447 -0.017847
vt 0.533166 0.072443
vt 0.528182 0.074834
vt 0.532296 0.078512
vt 0.024738 0.068269
vt 0.020138 0.074834
vt 0.019081 0.069329
vt 0.024774 0.081257
vt 0.024761 0.075561
vt 0.533211 0.072325
vt 0.528219 0.074739
vt 0.527913 0.069227
vt 0.043774 0.081193
vt 0.048375 0.074739
vt 0.049420 0.078410
vt 0.043738 0.068205
vt 0.043761 0.075497
vt 0.601228 0.126721
vt 0.600001 0.132106
vt 0.605438 0.131184
vt 0.024858 0.593008
vt 0.020236 0.600001
vt 0.019193 0.595501
vt 0.024851 0.607062
vt 0.024861 0.599626
vt 0.601274 0.126603
vt 0.600038 0.132011
vt 0.595540 0.128814
vt 0.043851 0.607087
vt 0.048474 0.600038
vt 0.049502 0.605478
vt 0.043858 0.593033
vt 0.043861 0.599651
vt 0.686100 0.107349
vt 0.689556 0.111666
vt 0.692222 0.106840
vt 0.024692 0.683847
vt 0.020051 0.689556
vt 0.019025 0.684253
vt 0.024647 0.107057
vt 0.020051 0.111666
vt 0.024672 0.112989
vt 0.686146 0.107232
vt 0.689593 0.111571
vt 0.684292 0.113093
vt 0.043646 0.106993
vt 0.048288 0.111571
vt 0.049306 0.106738
vt 0.043691 0.683872
vt 0.048288 0.689593
vt 0.043672 0.690654
vt 0.018668 0.023811
vt 0.048782 -0.049126
vt 0.727337 0.023709
vt 0.043107 0.690653
vt 0.024107 -0.055210
vt 0.018458 0.684252
vt 0.048814 0.605477
vt 0.684292 -0.055481
vt 0.024421 0.531430
vt 0.018521 0.595500
vt 0.532296 -0.020696
vt 0.049086 0.532335
vt 0.043421 0.531455
vt 0.018809 -0.011513
vt 0.049395 0.069227
vt 0.527912 -0.011615
vt 0.019106 0.532296
vt 0.024774 0.531431
vt 0.043774 0.531456
vt 0.049507 0.595540
vt 0.019188 0.605438
vt 0.049338 0.684292
vt 0.605478 0.131082
vt 0.043672 0.112925
vt 0.018993 0.106840
vt 0.049015 0.033903
vt 0.947515 0.034646
vt 0.952972 0.034621
vt 0.950885 0.029532
vt 0.055179 0.041794
vt 0.050511 0.034621
vt 0.049463 0.039725
vt 0.055071 0.027379
vt 0.055167 0.034586
vt 0.926525 0.027736
vt 0.932136 0.027762
vt 0.929999 0.032850
vt 0.958810 0.020589
vt 0.963485 0.027762
vt 0.964436 0.022657
vt 0.958919 0.035004
vt 0.958906 0.027796
vt 0.911347 -0.040502
vt 0.914721 -0.044855
vt 0.909445 -0.046373
vt 0.053819 -0.040296
vt 0.049041 -0.044855
vt 0.048100 -0.040018
vt 0.053495 0.908903
vt 0.049041 0.914721
vt 0.053672 0.915683
vt 0.890357 -0.047412
vt 0.893885 -0.051715
vt 0.896527 -0.046893
vt 0.957234 0.888278
vt 0.962015 0.893885
vt 0.962920 0.888561
vt 0.957559 -0.047086
vt 0.962015 -0.051715
vt 0.957412 -0.053018
vt 0.830052 -0.059062
vt 0.828745 -0.064484
vt 0.824270 -0.061282
vt 0.051698 0.835693
vt 0.046931 0.828745
vt 0.046024 0.834206
vt 0.051402 0.821642
vt 0.051527 0.828259
vt 0.809062 -0.065972
vt 0.807908 -0.071343
vt 0.813322 -0.070426
vt 0.955141 0.801017
vt 0.959905 0.807908
vt 0.960864 0.803387
vt 0.955438 0.815068
vt 0.955266 0.807633
vt 0.764848 -0.007058
vt 0.759784 -0.009485
vt 0.759499 -0.003969
vt 0.050413 -0.015958
vt 0.045770 -0.009485
vt 0.044799 -0.013152
vt 0.050368 -0.002970
vt 0.050347 -0.010262
vt 0.743857 -0.013968
vt 0.738948 -0.016344
vt 0.743039 -0.020027
vt 0.954108 -0.009760
vt 0.958745 -0.016344
vt 0.959817 -0.010844
vt 0.954153 -0.022748
vt 0.954086 -0.017052
vt 0.764833 0.076350
vt 0.759769 0.078727
vt 0.763906 0.082410
vt 0.050932 0.072143
vt 0.046433 0.078727
vt 0.045347 0.073226
vt 0.051172 0.085131
vt 0.051021 0.079435
vt 0.743843 0.069440
vt 0.738933 0.071867
vt 0.738603 0.066351
vt 0.954912 0.078341
vt 0.959407 0.071867
vt 0.960566 0.075535
vt 0.954672 0.065353
vt 0.954760 0.072645
vt 0.830020 0.128354
vt 0.828711 0.133726
vt 0.834172 0.132808
vt 0.052864 0.821609
vt 0.048419 0.828711
vt 0.047255 0.824237
vt 0.053209 0.835659
vt 0.053041 0.828224
vt 0.809030 0.121444
vt 0.807874 0.126867
vt 0.803354 0.123665
vt 0.956948 0.815033
vt 0.961394 0.807874
vt 0.962548 0.813288
vt 0.956603 0.800983
vt 0.956780 0.807599
vt 0.911321 0.109794
vt 0.914694 0.114097
vt 0.917385 0.109275
vt 0.054754 0.908875
vt 0.050234 0.914694
vt 0.049087 0.909417
vt 0.054944 0.109469
vt 0.050234 0.114097
vt 0.054886 0.115400
vt 0.890331 0.102884
vt 0.893858 0.107238
vt 0.888533 0.108756
vt 0.958683 0.102679
vt 0.963208 0.107238
vt 0.964271 0.102400
vt 0.958494 0.888249
vt 0.963208 0.893858
vt 0.958625 0.895030
vt 0.049386 0.029532
vt 0.917411 -0.040018
vt 0.963150 -0.046893
vt 0.957412 0.895057
vt 0.053672 -0.046228
vt 0.047870 0.909445
vt 0.834206 -0.063551
vt 0.961074 0.813322
vt 0.888561 -0.053248
vt 0.050413 0.762922
vt 0.045814 0.824270
vt 0.954153 0.742296
vt 0.959849 0.743039
vt 0.803387 -0.068157
vt 0.044767 -0.003969
vt 0.960396 0.066351
vt 0.051172 0.762904
vt 0.045516 0.763906
vt 0.824237 0.130540
vt 0.954912 0.742279
vt 0.962305 0.803354
vt 0.743023 0.075535
vt 0.047499 0.834172
vt 0.964137 0.888533
vt 0.813288 0.125933
vt 0.958625 0.108610
vt 0.054886 0.915655
vt 0.049221 0.109275
vt 0.964513 0.032850
vt 0.942806 0.028620
vt 0.948312 0.028606
vt 0.946208 0.023513
vt 0.026499 0.035793
vt 0.021849 0.028606
vt 0.020815 0.033707
vt 0.026435 0.021377
vt 0.026483 0.028585
vt 0.942494 0.028466
vt 0.948060 0.028481
vt 0.945938 0.033573
vt 0.045434 0.021293
vt 0.050086 0.028481
vt 0.051082 0.023379
vt 0.045498 0.035709
vt 0.045482 0.028501
vt 0.905039 -0.049813
vt 0.908461 -0.054156
vt 0.903168 -0.055677
vt 0.025816 -0.049582
vt 0.021128 -0.054156
vt 0.020135 -0.049322
vt 0.025676 0.902705
vt 0.021128 0.908461
vt 0.025750 0.909486
vt 0.904727 -0.049967
vt 0.908209 -0.054281
vt 0.910866 -0.049456
vt 0.044675 0.902535
vt 0.049364 0.908209
vt 0.050348 0.902898
vt 0.044815 -0.049666
vt 0.049364 -0.054281
vt 0.044749 -0.055598
vt 0.820171 -0.069184
vt 0.818909 -0.074596
vt 0.814420 -0.071397
vt 0.024913 0.825923
vt 0.020238 0.818909
vt 0.019253 0.824357
vt 0.024802 0.811870
vt 0.024846 0.818487
vt 0.819859 -0.069339
vt 0.818657 -0.074721
vt 0.824087 -0.073800
vt 0.043801 0.811700
vt 0.048474 0.818657
vt 0.049486 0.814149
vt 0.043912 0.825754
vt 0.043845 0.818318
vt 0.752109 -0.014907
vt 0.747092 -0.017323
vt 0.746793 -0.011810
vt 0.024470 -0.023782
vt 0.019851 -0.017323
vt 0.018833 -0.020994
vt 0.024472 -0.010795
vt 0.024452 -0.018086
vt 0.751797 -0.015061
vt 0.746840 -0.017448
vt 0.750945 -0.021128
vt 0.043471 -0.010879
vt 0.048087 -0.017448
vt 0.049147 -0.011944
vt 0.043469 -0.023867
vt 0.043451 -0.018170
vt 0.752106 0.072148
vt 0.747088 0.074535
vt 0.751212 0.078214
vt 0.024820 0.067965
vt 0.020257 0.074535
vt 0.019192 0.069030
vt 0.024933 0.080953
vt 0.024865 0.075257
vt 0.751793 0.071993
vt 0.746836 0.074410
vt 0.746519 0.068896
vt 0.043932 0.080869
vt 0.048494 0.074410
vt 0.049584 0.078080
vt 0.043819 0.067881
vt 0.043864 0.075173
vt 0.820163 0.126425
vt 0.818901 0.131807
vt 0.824349 0.130886
vt 0.025700 0.811862
vt 0.021151 0.818901
vt 0.020059 0.814412
vt 0.025840 0.825915
vt 0.025774 0.818479
vt 0.819851 0.126270
vt 0.818649 0.131682
vt 0.814141 0.128484
vt 0.044839 0.825745
vt 0.049388 0.818649
vt 0.050470 0.824079
vt 0.044699 0.811692
vt 0.044773 0.818309
vt 0.905033 0.107054
vt 0.908454 0.111367
vt 0.911131 0.106542
vt 0.026447 0.902698
vt 0.021860 0.908454
vt 0.020781 0.903161
vt 0.026508 0.106753
vt 0.021860 0.111367
vt 0.026494 0.112684
vt 0.904721 0.106899
vt 0.908202 0.111242
vt 0.902891 0.112763
vt 0.045507 0.106669
vt 0.050096 0.111242
vt 0.051137 0.106408
vt 0.045446 0.902529
vt 0.050096 0.908202
vt 0.045493 0.909310
vt 0.020770 0.023513
vt 0.050447 -0.049456
vt 0.044749 0.909317
vt 0.020036 0.903168
vt 0.824357 -0.073666
vt 0.049565 0.824087
vt 0.902898 -0.055811
vt 0.024470 0.750293
vt 0.019174 0.814420
vt 0.049146 0.750945
vt 0.043469 0.750123
vt 0.018835 -0.011810
vt 0.746790 0.069030
vt 0.049504 0.068896
vt 0.746522 -0.011944
vt 0.024933 0.750289
vt 0.019272 0.751212
vt 0.814412 0.128618
vt 0.049584 0.750942
vt 0.050371 0.814141
vt 0.750942 0.078080
vt 0.020158 0.824349
vt 0.903161 0.112897
vt 0.051094 0.902891
vt 0.824079 0.130752
vt 0.045493 0.112600
vt 0.020824 0.106542
vt 0.051127 0.033573
vt 0.910860 0.106408
vt 0.163025 0.341588
vt 0.163125 0.347104
vt 0.168188 0.344997
vt 0.156054 0.962397
vt 0.163125 0.967223
vt 0.157999 0.968125
vt 0.170464 0.962817
vt 0.163259 0.962596
vt 0.189794 0.336175
vt 0.189697 0.341730
vt 0.184632 0.339611
vt 0.196767 0.059215
vt 0.189697 0.054388
vt 0.194821 0.053511
vt 0.182358 0.058796
vt 0.189563 0.058994
vt 0.238137 0.305398
vt 0.242563 0.308830
vt 0.244057 0.303534
vt 0.238106 0.964978
vt 0.242563 0.969761
vt 0.237705 0.970642
vt 0.965305 0.303088
vt 0.969761 0.308830
vt 0.965177 0.309869
vt 0.264907 0.299985
vt 0.269135 0.303456
vt 0.264338 0.306118
vt 0.061704 0.297769
vt 0.056925 0.303456
vt 0.055964 0.298148
vt 0.264410 0.061376
vt 0.269135 0.056925
vt 0.270338 0.061575
vt 0.256676 0.224080
vt 0.262169 0.222829
vt 0.258945 0.218336
vt 0.966223 0.229857
vt 0.970838 0.222829
vt 0.971816 0.228274
vt 0.966212 0.215803
vt 0.966272 0.222421
vt 0.283445 0.218667
vt 0.288742 0.217455
vt 0.287847 0.222888
vt 0.062610 0.210484
vt 0.058002 0.217455
vt 0.056898 0.212951
vt 0.062621 0.224538
vt 0.062670 0.217102
vt 0.204681 0.158869
vt 0.207180 0.153861
vt 0.201643 0.153560
vt 0.213751 0.965194
vt 0.207180 0.969643
vt 0.210824 0.970763
vt 0.200767 0.964853
vt 0.208056 0.965057
vt 0.231451 0.153455
vt 0.233752 0.148488
vt 0.237457 0.152597
vt 0.227071 0.061252
vt 0.233752 0.056808
vt 0.228276 0.055612
vt 0.240054 0.061593
vt 0.234360 0.061455
vt 0.121306 0.158869
vt 0.119003 0.153861
vt 0.115300 0.157982
vt 0.125683 0.962668
vt 0.119003 0.967076
vt 0.124479 0.968276
vt 0.112702 0.962253
vt 0.118395 0.962447
vt 0.148076 0.153455
vt 0.145575 0.148488
vt 0.151112 0.148174
vt 0.139006 0.058651
vt 0.145575 0.054241
vt 0.141933 0.053072
vt 0.151987 0.059066
vt 0.144699 0.058845
vt 0.069334 0.224080
vt 0.064037 0.222829
vt 0.064933 0.228274
vt 0.960545 0.215803
vt 0.965070 0.222829
vt 0.966227 0.218336
vt 0.960369 0.229857
vt 0.960407 0.222421
vt 0.096103 0.218667
vt 0.090610 0.217455
vt 0.093832 0.212951
vt 0.056767 0.224538
vt 0.052235 0.217455
vt 0.051192 0.222888
vt 0.056943 0.210484
vt 0.056805 0.217102
vt 0.087901 0.305398
vt 0.083673 0.308830
vt 0.088471 0.311503
vt 0.960424 0.303088
vt 0.965135 0.308830
vt 0.966160 0.303534
vt 0.088400 0.960620
vt 0.083673 0.965135
vt 0.082470 0.960474
vt 0.114670 0.299985
vt 0.110246 0.303456
vt 0.108750 0.298148
vt 0.114704 0.057018
vt 0.110246 0.052300
vt 0.115104 0.051387
vt 0.056823 0.297769
vt 0.052300 0.303456
vt 0.056872 0.304550
vt 0.168188 0.968421
vt 0.237705 0.311503
vt 0.264338 0.055732
vt 0.194821 0.339611
vt 0.061575 0.304551
vt 0.970874 0.303534
vt 0.261214 0.228274
vt 0.056906 0.222888
vt 0.965194 0.157076
vt 0.971809 0.218336
vt 0.210824 0.157982
vt 0.055853 0.152597
vt 0.061593 0.151757
vt 0.285578 0.212951
vt 0.201643 0.970522
vt 0.124479 0.153560
vt 0.151112 0.053365
vt 0.967982 0.157982
vt 0.962253 0.157076
vt 0.067199 0.218336
vt 0.058651 0.151757
vt 0.051317 0.212951
vt 0.966103 0.228274
vt 0.082117 0.303534
vt 0.051249 0.298148
vt 0.108774 0.056872
vt 0.088471 0.966298
vt 0.184632 0.053214
vt 0.115104 0.306118
vt 0.172967 0.343928
vt 0.173027 0.349473
vt 0.178104 0.347358
vt 0.165902 0.052761
vt 0.173027 0.057507
vt 0.167913 0.058449
vt 0.180315 0.053017
vt 0.173109 0.052894
vt 0.173587 0.344022
vt 0.173527 0.349548
vt 0.168450 0.347438
vt 0.180652 0.034020
vt 0.173527 0.029274
vt 0.178641 0.028321
vt 0.166239 0.033764
vt 0.173445 0.033897
vt 0.251391 0.306157
vt 0.255778 0.309617
vt 0.257285 0.304313
vt 0.251266 0.054182
vt 0.255778 0.058867
vt 0.250930 0.059826
vt 0.054311 0.303915
vt 0.058867 0.309617
vt 0.054275 0.310697
vt 0.252010 0.306250
vt 0.256278 0.309693
vt 0.251467 0.312363
vt 0.035315 0.303965
vt 0.030634 0.309693
vt 0.029609 0.304393
vt 0.251603 0.035185
vt 0.256278 0.030634
vt 0.257534 0.035278
vt 0.270763 0.221285
vt 0.276219 0.220062
vt 0.273008 0.215560
vt 0.054417 0.227130
vt 0.058991 0.220062
vt 0.060027 0.225498
vt 0.054323 0.213076
vt 0.054401 0.219693
vt 0.271383 0.221378
vt 0.276719 0.220137
vt 0.275812 0.225579
vt 0.035326 0.213126
vt 0.030758 0.220137
vt 0.029651 0.215641
vt 0.035421 0.227180
vt 0.035404 0.219744
vt 0.216497 0.153223
vt 0.218959 0.148244
vt 0.213432 0.147933
vt 0.225478 0.053290
vt 0.218959 0.057785
vt 0.222615 0.058899
vt 0.212492 0.053043
vt 0.219783 0.053176
vt 0.217117 0.153316
vt 0.219459 0.148319
vt 0.223152 0.152437
vt 0.212829 0.034046
vt 0.219459 0.029552
vt 0.213969 0.028416
vt 0.225814 0.034293
vt 0.220119 0.034179
vt 0.129456 0.153223
vt 0.127114 0.148244
vt 0.123421 0.152356
vt 0.133744 0.051648
vt 0.127114 0.056158
vt 0.132604 0.057293
vt 0.120758 0.051435
vt 0.126454 0.051523
vt 0.130075 0.153316
vt 0.127614 0.148319
vt 0.133140 0.148014
vt 0.121095 0.032438
vt 0.127614 0.027925
vt 0.123958 0.026833
vt 0.134081 0.032651
vt 0.126790 0.032526
vt 0.075183 0.221285
vt 0.069847 0.220062
vt 0.070754 0.225498
vt 0.050729 0.213076
vt 0.055335 0.220062
vt 0.056418 0.215560
vt 0.050710 0.227130
vt 0.050687 0.219693
vt 0.075803 0.221378
vt 0.070347 0.220137
vt 0.073559 0.215641
vt 0.031713 0.227180
vt 0.027102 0.220137
vt 0.026095 0.225579
vt 0.031732 0.213126
vt 0.031690 0.219744
vt 0.094548 0.306157
vt 0.090280 0.309617
vt 0.095090 0.312282
vt 0.051225 0.303915
vt 0.055936 0.309617
vt 0.056932 0.304313
vt 0.094954 0.051414
vt 0.090280 0.055936
vt 0.089024 0.051297
vt 0.095167 0.306250
vt 0.090780 0.309692
vt 0.089273 0.304393
vt 0.095291 0.032417
vt 0.090780 0.027703
vt 0.095627 0.026757
vt 0.032228 0.303965
vt 0.027703 0.309692
vt 0.032300 0.310747
vt 0.178104 0.058630
vt 0.250930 0.312282
vt 0.251467 0.029518
vt 0.178641 0.347438
vt 0.035278 0.310747
vt 0.059918 0.304313
vt 0.275275 0.225498
vt 0.029718 0.225579
vt 0.257822 0.304393
vt 0.053290 0.151499
vt 0.059960 0.215560
vt 0.222615 0.152356
vt 0.028590 0.152437
vt 0.034293 0.151549
vt 0.273544 0.215641
vt 0.213432 0.058725
vt 0.132604 0.147933
vt 0.133140 0.026984
vt 0.213969 0.148014
vt 0.051435 0.151499
vt 0.057142 0.152356
vt 0.073022 0.215560
vt 0.026833 0.152437
vt 0.026109 0.215641
vt 0.123958 0.152437
vt 0.056404 0.225498
vt 0.088736 0.304313
vt 0.026624 0.304393
vt 0.089360 0.032300
vt 0.095090 0.057066
vt 0.167913 0.347358
vt 0.168450 0.028140
vt 0.032438 0.151549
vt 0.405269 0.336862
vt 0.405174 0.342427
vt 0.410298 0.340305
vt 0.397839 0.966805
vt 0.405174 0.971218
vt 0.400109 0.972382
vt 0.412248 0.966396
vt 0.405044 0.966616
vt 0.379155 0.344887
vt 0.379253 0.350393
vt 0.374128 0.348289
vt 0.386588 0.062794
vt 0.379253 0.058383
vt 0.384317 0.057182
vt 0.372179 0.063203
vt 0.379384 0.063015
vt 0.480380 0.300673
vt 0.484611 0.304154
vt 0.486165 0.298843
vt 0.479890 0.964190
vt 0.484611 0.968628
vt 0.479814 0.969826
vt 0.963837 0.298479
vt 0.968628 0.304154
vt 0.963983 0.305261
vt 0.454266 0.308698
vt 0.458689 0.312120
vt 0.453833 0.314796
vt 0.060236 0.306365
vt 0.055793 0.312120
vt 0.054666 0.306827
vt 0.454230 0.060589
vt 0.458689 0.055793
vt 0.460158 0.060381
vt 0.498913 0.219357
vt 0.504212 0.218154
vt 0.501047 0.213647
vt 0.962724 0.225250
vt 0.967321 0.218154
vt 0.968432 0.223584
vt 0.962692 0.211196
vt 0.962654 0.217814
vt 0.472799 0.227382
vt 0.478290 0.226121
vt 0.477336 0.231568
vt 0.059091 0.219082
vt 0.054486 0.226121
vt 0.053500 0.221631
vt 0.059123 0.233135
vt 0.059052 0.225699
vt 0.446912 0.154146
vt 0.449216 0.149188
vt 0.443739 0.148872
vt 0.455522 0.963510
vt 0.449216 0.968281
vt 0.452920 0.969250
vt 0.442537 0.963824
vt 0.449827 0.963630
vt 0.420798 0.162171
vt 0.423294 0.157154
vt 0.426939 0.161278
vt 0.416878 0.060223
vt 0.423294 0.055446
vt 0.417758 0.054562
vt 0.429862 0.059908
vt 0.424167 0.060028
vt 0.363535 0.154146
vt 0.361037 0.149188
vt 0.357394 0.153294
vt 0.367452 0.965956
vt 0.361037 0.970785
vt 0.366573 0.971664
vt 0.354471 0.966379
vt 0.360164 0.966176
vt 0.337422 0.162171
vt 0.335115 0.157154
vt 0.340592 0.156856
vt 0.328811 0.062778
vt 0.335115 0.057950
vt 0.331413 0.057053
vt 0.341792 0.062355
vt 0.334504 0.062575
vt 0.311567 0.219357
vt 0.306076 0.218154
vt 0.307032 0.223584
vt 0.968221 0.211196
vt 0.972948 0.218154
vt 0.973855 0.213647
vt 0.968434 0.225250
vt 0.968375 0.217814
vt 0.285453 0.227382
vt 0.280154 0.226121
vt 0.283316 0.221631
vt 0.064833 0.233135
vt 0.060113 0.226121
vt 0.059096 0.231568
vt 0.064619 0.219082
vt 0.064774 0.225699
vt 0.330140 0.300673
vt 0.325719 0.304154
vt 0.330577 0.306812
vt 0.968598 0.298479
vt 0.973140 0.304154
vt 0.974175 0.298843
vt 0.330181 0.968442
vt 0.325719 0.973140
vt 0.324250 0.968571
vt 0.304026 0.308698
vt 0.299797 0.312120
vt 0.298241 0.306827
vt 0.304521 0.064840
vt 0.299797 0.060305
vt 0.304596 0.059154
vt 0.064997 0.306365
vt 0.060305 0.312120
vt 0.064969 0.313146
vt 0.410298 0.972093
vt 0.479814 0.306812
vt 0.453833 0.054916
vt 0.384317 0.348289
vt 0.060381 0.313146
vt 0.485818 0.963983
vt 0.969576 0.298843
vt 0.053522 0.231568
vt 0.460184 0.306827
vt 0.963510 0.152471
vt 0.968410 0.213647
vt 0.452920 0.153294
vt 0.054340 0.161278
vt 0.059908 0.160356
vt 0.475066 0.221631
vt 0.443739 0.969472
vt 0.340592 0.056754
vt 0.966379 0.152471
vt 0.971963 0.153294
vt 0.309297 0.213647
vt 0.062778 0.160356
vt 0.058945 0.221631
vt 0.974006 0.223584
vt 0.324222 0.298843
vt 0.059265 0.306827
vt 0.298591 0.064969
vt 0.968571 0.305261
vt 0.330577 0.974064
vt 0.374128 0.057472
vt 0.304596 0.314796
vt 0.394315 0.345563
vt 0.394260 0.351106
vt 0.399373 0.348991
vt 0.386978 0.053700
vt 0.394260 0.058202
vt 0.389181 0.059318
vt 0.401392 0.053466
vt 0.394185 0.053587
vt 0.393746 0.345638
vt 0.393801 0.351166
vt 0.388689 0.349056
vt 0.401083 0.034469
vt 0.393801 0.029968
vt 0.398881 0.028843
vt 0.386670 0.034703
vt 0.393877 0.034590
vt 0.472737 0.307791
vt 0.477010 0.311250
vt 0.478552 0.305946
vt 0.472342 0.052241
vt 0.477010 0.056772
vt 0.472198 0.057894
vt 0.052071 0.305545
vt 0.056772 0.311250
vt 0.052135 0.312327
vt 0.472169 0.307866
vt 0.476551 0.311310
vt 0.471705 0.313980
vt 0.033073 0.305586
vt 0.028539 0.311310
vt 0.027465 0.306010
vt 0.472033 0.033243
vt 0.476551 0.028539
vt 0.477964 0.033137
vt 0.492103 0.222919
vt 0.497445 0.221694
vt 0.494268 0.217194
vt 0.051622 0.228760
vt 0.056249 0.221694
vt 0.057314 0.227131
vt 0.051644 0.214706
vt 0.051603 0.221324
vt 0.491535 0.222994
vt 0.496986 0.221755
vt 0.496044 0.227196
vt 0.032647 0.214746
vt 0.028016 0.221755
vt 0.027020 0.217258
vt 0.032625 0.228800
vt 0.032606 0.221364
vt 0.437830 0.154857
vt 0.440177 0.149877
vt 0.434685 0.149567
vt 0.446539 0.052311
vt 0.440177 0.057027
vt 0.443868 0.058014
vt 0.433553 0.052508
vt 0.440844 0.052393
vt 0.437262 0.154932
vt 0.439718 0.149937
vt 0.443376 0.154054
vt 0.433244 0.033511
vt 0.439718 0.028793
vt 0.434193 0.027844
vt 0.446231 0.033313
vt 0.440535 0.033396
vt 0.350787 0.154857
vt 0.348330 0.149877
vt 0.344672 0.153989
vt 0.354803 0.053788
vt 0.348330 0.058519
vt 0.353855 0.059467
vt 0.341817 0.054012
vt 0.347512 0.053909
vt 0.350218 0.154932
vt 0.347871 0.149937
vt 0.353362 0.149631
vt 0.341509 0.035015
vt 0.347871 0.030285
vt 0.344180 0.029316
vt 0.354495 0.034790
vt 0.347204 0.034912
vt 0.296518 0.222919
vt 0.291067 0.221694
vt 0.292009 0.227131
vt 0.054941 0.214706
vt 0.059602 0.221694
vt 0.060579 0.217194
vt 0.055023 0.228760
vt 0.055010 0.221324
vt 0.295950 0.222994
vt 0.290608 0.221755
vt 0.293785 0.217258
vt 0.036026 0.228800
vt 0.031368 0.221755
vt 0.030327 0.227196
vt 0.035944 0.214746
vt 0.036013 0.221364
vt 0.315890 0.307791
vt 0.311508 0.311250
vt 0.316354 0.313915
vt 0.054902 0.305545
vt 0.059461 0.311250
vt 0.060512 0.305946
vt 0.316026 0.054780
vt 0.311508 0.059461
vt 0.310095 0.054867
vt 0.315322 0.307866
vt 0.311049 0.311310
vt 0.309506 0.306010
vt 0.315717 0.035783
vt 0.311049 0.031227
vt 0.315861 0.030117
vt 0.035905 0.305586
vt 0.031227 0.311310
vt 0.035869 0.312367
vt 0.399373 0.059152
vt 0.471705 0.027585
vt 0.398881 0.349056
vt 0.033137 0.312367
vt 0.478273 0.052135
vt 0.057774 0.305946
vt 0.496536 0.227131
vt 0.027004 0.227196
vt 0.478060 0.306010
vt 0.052311 0.153129
vt 0.057330 0.217194
vt 0.443868 0.153989
vt 0.033313 0.153169
vt 0.027704 0.154054
vt 0.493775 0.217258
vt 0.434685 0.058153
vt 0.353855 0.149567
vt 0.353362 0.029157
vt 0.434193 0.149631
vt 0.059625 0.153989
vt 0.054012 0.153129
vt 0.294277 0.217194
vt 0.035015 0.153169
vt 0.030269 0.217258
vt 0.344180 0.154054
vt 0.060637 0.227131
vt 0.030203 0.306010
vt 0.291517 0.227196
vt 0.309786 0.035869
vt 0.316354 0.060426
vt 0.389181 0.348991
vt 0.388689 0.029008
vt 0.315861 0.313980
vt 0.619772 0.333893
vt 0.619750 0.339463
vt 0.624853 0.337340
vt 0.612511 0.964007
vt 0.619750 0.968577
vt 0.614660 0.969628
vt 0.626926 0.963909
vt 0.619718 0.963977
vt 0.613520 0.343379
vt 0.613543 0.348880
vt 0.608440 0.346778
vt 0.620782 0.059978
vt 0.613543 0.055409
vt 0.618633 0.054315
vt 0.606367 0.060075
vt 0.613575 0.060045
vt 0.694918 0.297704
vt 0.699223 0.301190
vt 0.700756 0.295878
vt 0.694599 0.963113
vt 0.699223 0.967643
vt 0.694401 0.968741
vt 0.962935 0.295524
vt 0.967643 0.301190
vt 0.963026 0.302305
vt 0.688666 0.307191
vt 0.693017 0.310607
vt 0.688181 0.313285
vt 0.059004 0.304845
vt 0.054475 0.310607
vt 0.053372 0.305316
vt 0.688455 0.059182
vt 0.693017 0.054475
vt 0.694387 0.059095
vt 0.713473 0.216389
vt 0.718846 0.215192
vt 0.715659 0.210683
vt 0.962067 0.222295
vt 0.966622 0.215192
vt 0.967723 0.220620
vt 0.961944 0.208242
vt 0.961989 0.214859
vt 0.707220 0.225876
vt 0.712640 0.224609
vt 0.711708 0.230058
vt 0.058012 0.217563
vt 0.053454 0.224609
vt 0.052392 0.220121
vt 0.058136 0.231616
vt 0.058058 0.224181
vt 0.661464 0.151180
vt 0.663842 0.146227
vt 0.658341 0.145909
vt 0.670249 0.961656
vt 0.663842 0.966285
vt 0.667525 0.967341
vt 0.657261 0.961680
vt 0.664553 0.961646
vt 0.655211 0.160666
vt 0.657636 0.155644
vt 0.661304 0.159770
vt 0.651118 0.057749
vt 0.657636 0.053117
vt 0.652120 0.052113
vt 0.664106 0.057725
vt 0.658410 0.057715
vt 0.578055 0.151180
vt 0.575630 0.146227
vt 0.571962 0.150331
vt 0.582148 0.962191
vt 0.575630 0.966885
vt 0.581146 0.967882
vt 0.569160 0.962343
vt 0.574856 0.962255
vt 0.571803 0.160666
vt 0.569424 0.155644
vt 0.574925 0.155347
vt 0.563017 0.058412
vt 0.569424 0.053717
vt 0.565742 0.052746
vt 0.576004 0.058259
vt 0.568712 0.058324
vt 0.526055 0.216389
vt 0.520635 0.215192
vt 0.521569 0.220620
vt 0.963267 0.208242
vt 0.967970 0.215192
vt 0.968939 0.210683
vt 0.963434 0.222295
vt 0.963359 0.214859
vt 0.519803 0.225876
vt 0.514429 0.224609
vt 0.517616 0.220121
vt 0.059503 0.231616
vt 0.054802 0.224609
vt 0.053813 0.230058
vt 0.059336 0.217563
vt 0.059427 0.224181
vt 0.544621 0.297704
vt 0.540271 0.301190
vt 0.545107 0.303847
vt 0.964075 0.295524
vt 0.968723 0.301190
vt 0.969717 0.295878
vt 0.544833 0.964131
vt 0.540271 0.968723
vt 0.538901 0.964125
vt 0.538369 0.307191
vt 0.534064 0.310607
vt 0.532531 0.305316
vt 0.538690 0.060199
vt 0.534064 0.055555
vt 0.538887 0.054512
vt 0.060144 0.304845
vt 0.055555 0.310607
vt 0.060193 0.311626
vt 0.624853 0.969559
vt 0.694401 0.303847
vt 0.688181 0.053497
vt 0.059095 0.311626
vt 0.700530 0.963026
vt 0.968616 0.295878
vt 0.052479 0.230058
vt 0.694535 0.305316
vt 0.967341 0.150331
vt 0.967636 0.210683
vt 0.057725 0.158839
vt 0.052097 0.159770
vt 0.658341 0.967357
vt 0.574925 0.052638
vt 0.652120 0.155347
vt 0.967990 0.150331
vt 0.962343 0.149517
vt 0.052746 0.159770
vt 0.053695 0.220121
vt 0.565742 0.159770
vt 0.969057 0.220620
vt 0.538751 0.295878
vt 0.054473 0.305316
vt 0.515348 0.230058
vt 0.532758 0.060193
vt 0.545107 0.969756
vt 0.614660 0.337340
vt 0.608440 0.054384
vt 0.538887 0.313285
vt 0.961656 0.149517
vt 0.058412 0.158839
vt 0.614543 0.345606
vt 0.614588 0.351137
vt 0.619670 0.349025
vt 0.607442 0.051326
vt 0.614588 0.056039
vt 0.609478 0.057013
vt 0.621856 0.051516
vt 0.614649 0.051418
vt 0.615005 0.345556
vt 0.614961 0.351097
vt 0.609878 0.348982
vt 0.622107 0.032518
vt 0.614961 0.027804
vt 0.620071 0.026836
vt 0.607693 0.032327
vt 0.614900 0.032420
vt 0.692970 0.307834
vt 0.697342 0.311281
vt 0.698854 0.305980
vt 0.692810 0.052501
vt 0.697342 0.057188
vt 0.692499 0.058159
vt 0.052636 0.305559
vt 0.057188 0.311281
vt 0.052586 0.312341
vt 0.693432 0.307784
vt 0.697715 0.311241
vt 0.692899 0.313907
vt 0.033638 0.305532
vt 0.028953 0.311241
vt 0.027943 0.305937
vt 0.693061 0.033503
vt 0.697715 0.028953
vt 0.698992 0.033588
vt 0.712338 0.222962
vt 0.717779 0.221725
vt 0.714572 0.217228
vt 0.052976 0.228774
vt 0.057585 0.221725
vt 0.058603 0.227165
vt 0.052954 0.214720
vt 0.052989 0.221338
vt 0.712800 0.222912
vt 0.718152 0.221685
vt 0.717240 0.227123
vt 0.033955 0.214693
vt 0.029350 0.221685
vt 0.028276 0.217185
vt 0.033978 0.228747
vt 0.033991 0.221311
vt 0.658063 0.154899
vt 0.660510 0.149907
vt 0.654988 0.149601
vt 0.667009 0.052393
vt 0.660510 0.056930
vt 0.664171 0.058011
vt 0.654022 0.052230
vt 0.661313 0.052324
vt 0.658525 0.154850
vt 0.660882 0.149867
vt 0.664571 0.153980
vt 0.654273 0.033232
vt 0.660882 0.028695
vt 0.655388 0.027585
vt 0.667260 0.033394
vt 0.661564 0.033326
vt 0.571016 0.154899
vt 0.568659 0.149907
vt 0.564970 0.154023
vt 0.575268 0.051190
vt 0.568659 0.055718
vt 0.574153 0.056829
vt 0.562282 0.051010
vt 0.567977 0.051092
vt 0.571478 0.154850
vt 0.569032 0.149867
vt 0.574553 0.149558
vt 0.562533 0.032011
vt 0.569032 0.027483
vt 0.565370 0.026390
vt 0.575519 0.032192
vt 0.568228 0.032093
vt 0.516744 0.222962
vt 0.511392 0.221725
vt 0.512304 0.227165
vt 0.050274 0.214720
vt 0.054860 0.221725
vt 0.055946 0.217228
vt 0.050212 0.228774
vt 0.050220 0.221338
vt 0.517206 0.222912
vt 0.511765 0.221685
vt 0.514972 0.217185
vt 0.031214 0.228747
vt 0.026625 0.221685
vt 0.025591 0.227123
vt 0.031276 0.214693
vt 0.031222 0.221311
vt 0.536115 0.307834
vt 0.531832 0.311281
vt 0.536648 0.313949
vt 0.050335 0.305559
vt 0.055003 0.311281
vt 0.056028 0.305980
vt 0.536487 0.050437
vt 0.531832 0.055003
vt 0.530556 0.050365
vt 0.536578 0.307784
vt 0.532205 0.311241
vt 0.530693 0.305937
vt 0.536738 0.031439
vt 0.532205 0.026768
vt 0.537048 0.025790
vt 0.031336 0.305532
vt 0.026768 0.311241
vt 0.031367 0.312314
vt 0.619670 0.057147
vt 0.692499 0.313949
vt 0.692899 0.027848
vt 0.620071 0.348982
vt 0.033588 0.312314
vt 0.698741 0.052586
vt 0.058254 0.305980
vt 0.716840 0.227165
vt 0.028292 0.227123
vt 0.699254 0.305937
vt 0.052393 0.153143
vt 0.058587 0.217228
vt 0.664171 0.154023
vt 0.027700 0.153980
vt 0.033394 0.153116
vt 0.714972 0.217185
vt 0.654988 0.057896
vt 0.574553 0.026518
vt 0.051010 0.153143
vt 0.056701 0.154023
vt 0.514572 0.217228
vt 0.032011 0.153116
vt 0.025635 0.217185
vt 0.055902 0.227165
vt 0.530293 0.305980
vt 0.025717 0.305937
vt 0.512704 0.227123
vt 0.530806 0.031367
vt 0.536648 0.056101
vt 0.609478 0.349025
vt 0.609878 0.026702
vt 0.537048 0.313907
vt 0.837534 0.338901
vt 0.837492 0.344466
vt 0.842601 0.342344
vt 0.830226 0.968178
vt 0.837492 0.972706
vt 0.832408 0.973791
vt 0.844640 0.967995
vt 0.837433 0.968102
vt 0.825868 0.346684
vt 0.825911 0.352191
vt 0.820801 0.350087
vt 0.833177 0.064100
vt 0.825911 0.059574
vt 0.830994 0.058454
vt 0.818762 0.064283
vt 0.825970 0.064207
vt 0.912674 0.302712
vt 0.916959 0.306192
vt 0.918498 0.300882
vt 0.912308 0.966861
vt 0.916959 0.971374
vt 0.912144 0.972496
vt 0.966652 0.300517
vt 0.971374 0.306192
vt 0.966748 0.307298
vt 0.901008 0.310495
vt 0.905379 0.313917
vt 0.900537 0.316593
vt 0.062757 0.308164
vt 0.058243 0.313917
vt 0.057141 0.308624
vt 0.900845 0.062966
vt 0.905379 0.058243
vt 0.906775 0.062853
vt 0.931224 0.221396
vt 0.936578 0.220193
vt 0.933397 0.215685
vt 0.965821 0.227287
vt 0.970398 0.220193
vt 0.971493 0.225623
vt 0.965742 0.213233
vt 0.965755 0.219851
vt 0.919558 0.229178
vt 0.924997 0.227918
vt 0.924059 0.233366
vt 0.061847 0.220881
vt 0.057266 0.227918
vt 0.056231 0.223428
vt 0.061925 0.234934
vt 0.061860 0.227498
vt 0.879216 0.156185
vt 0.881574 0.151227
vt 0.876079 0.150910
vt 0.887954 0.965839
vt 0.881574 0.970512
vt 0.885263 0.971538
vt 0.874967 0.965951
vt 0.882258 0.965871
vt 0.867550 0.163968
vt 0.869994 0.158952
vt 0.873656 0.163075
vt 0.863503 0.062056
vt 0.869994 0.057380
vt 0.864472 0.056410
vt 0.876491 0.061944
vt 0.870795 0.061976
vt 0.795812 0.156185
vt 0.793367 0.151227
vt 0.789706 0.155333
vt 0.799857 0.966904
vt 0.793367 0.971631
vt 0.798889 0.972596
vt 0.786871 0.967121
vt 0.792566 0.967009
vt 0.784146 0.163968
vt 0.781787 0.158952
vt 0.787282 0.158653
vt 0.775408 0.063226
vt 0.781787 0.058499
vt 0.778099 0.057543
vt 0.788394 0.063009
vt 0.781103 0.063114
vt 0.743818 0.221396
vt 0.738378 0.220193
vt 0.739318 0.225623
vt 0.968212 0.213233
vt 0.972911 0.220193
vt 0.973871 0.215685
vt 0.968372 0.227287
vt 0.968311 0.219851
vt 0.732152 0.229178
vt 0.726798 0.227918
vt 0.729978 0.223428
vt 0.064477 0.234934
vt 0.059780 0.227918
vt 0.058776 0.233366
vt 0.064317 0.220881
vt 0.064416 0.227498
vt 0.762386 0.302712
vt 0.758016 0.306192
vt 0.762858 0.308851
vt 0.968779 0.300517
vt 0.973390 0.306192
vt 0.974402 0.300882
vt 0.762551 0.968760
vt 0.758016 0.973390
vt 0.756619 0.968798
vt 0.750720 0.310495
vt 0.746435 0.313917
vt 0.744896 0.308624
vt 0.751088 0.064865
vt 0.746435 0.060258
vt 0.751251 0.059182
vt 0.064884 0.308164
vt 0.060258 0.313917
vt 0.064903 0.314945
vt 0.842601 0.973661
vt 0.912144 0.308851
vt 0.900537 0.057289
vt 0.830994 0.350087
vt 0.062853 0.314945
vt 0.918239 0.966748
vt 0.972348 0.300882
vt 0.935666 0.225623
vt 0.056286 0.233366
vt 0.965839 0.154508
vt 0.971438 0.215685
vt 0.061944 0.162155
vt 0.056331 0.163075
vt 0.921790 0.223428
vt 0.876079 0.971617
vt 0.798889 0.150910
vt 0.787282 0.057389
vt 0.864472 0.158653
vt 0.972750 0.155333
vt 0.967121 0.154508
vt 0.741585 0.215685
vt 0.057543 0.163075
vt 0.058663 0.223428
vt 0.778099 0.163075
vt 0.973984 0.225623
vt 0.059195 0.308624
vt 0.745156 0.064903
vt 0.968798 0.307298
vt 0.762858 0.974389
vt 0.820801 0.058583
vt 0.751251 0.316593
vt 0.063226 0.162155
vt 0.835075 0.345376
vt 0.835071 0.350927
vt 0.840169 0.348809
vt 0.827856 0.053450
vt 0.835071 0.058060
vt 0.829975 0.059095
vt 0.842272 0.053430
vt 0.835064 0.053448
vt 0.835027 0.345534
vt 0.835032 0.351054
vt 0.829933 0.348946
vt 0.842246 0.034430
vt 0.835032 0.029822
vt 0.840127 0.028768
vt 0.827830 0.034450
vt 0.835038 0.034449
vt 0.913509 0.307604
vt 0.917832 0.311071
vt 0.919359 0.305764
vt 0.913232 0.053177
vt 0.917832 0.057765
vt 0.913004 0.058821
vt 0.053114 0.305377
vt 0.057765 0.311071
vt 0.053149 0.312159
vt 0.913460 0.307763
vt 0.917793 0.311199
vt 0.912962 0.313871
vt 0.034114 0.305463
vt 0.029527 0.311199
vt 0.028463 0.305901
vt 0.913206 0.034178
vt 0.917793 0.029527
vt 0.919138 0.034149
vt 0.932880 0.222733
vt 0.938272 0.221516
vt 0.935080 0.217013
vt 0.052742 0.228592
vt 0.057331 0.221516
vt 0.058395 0.226950
vt 0.052683 0.214538
vt 0.052708 0.221156
vt 0.932831 0.222891
vt 0.938233 0.221644
vt 0.937306 0.227088
vt 0.033683 0.214624
vt 0.029094 0.221644
vt 0.028040 0.217150
vt 0.033742 0.228678
vt 0.033708 0.221242
vt 0.878601 0.154671
vt 0.880999 0.149699
vt 0.875491 0.149386
vt 0.887431 0.052472
vt 0.880999 0.057085
vt 0.884675 0.058136
vt 0.874443 0.052461
vt 0.881735 0.052458
vt 0.878553 0.154829
vt 0.880960 0.149827
vt 0.884633 0.153946
vt 0.874417 0.033462
vt 0.880960 0.028848
vt 0.875450 0.027816
vt 0.887405 0.033472
vt 0.881709 0.033458
vt 0.791547 0.154671
vt 0.789140 0.149699
vt 0.785466 0.153809
vt 0.795683 0.052570
vt 0.789140 0.057212
vt 0.794650 0.058241
vt 0.782695 0.052617
vt 0.788391 0.052587
vt 0.791498 0.154829
vt 0.789101 0.149827
vt 0.794608 0.149523
vt 0.782669 0.033617
vt 0.789101 0.028974
vt 0.785424 0.027960
vt 0.795657 0.033571
vt 0.788365 0.033587
vt 0.737269 0.222733
vt 0.731867 0.221516
vt 0.732795 0.226950
vt 0.052963 0.214538
vt 0.057616 0.221516
vt 0.058629 0.217013
vt 0.053031 0.228592
vt 0.052998 0.221156
vt 0.737221 0.222891
vt 0.731828 0.221644
vt 0.735021 0.217150
vt 0.034032 0.228678
vt 0.029379 0.221644
vt 0.028364 0.227088
vt 0.033964 0.214624
vt 0.033998 0.221242
vt 0.756641 0.307604
vt 0.752308 0.311071
vt 0.757139 0.313734
vt 0.053355 0.305377
vt 0.057993 0.311071
vt 0.059010 0.305764
vt 0.756896 0.053393
vt 0.752308 0.057993
vt 0.750964 0.053381
vt 0.756593 0.307763
vt 0.752269 0.311199
vt 0.750742 0.305901
vt 0.756870 0.034394
vt 0.752269 0.029756
vt 0.757098 0.028723
vt 0.034355 0.305463
vt 0.029756 0.311199
vt 0.034382 0.312245
vt 0.840169 0.059081
vt 0.913004 0.313734
vt 0.912962 0.028508
vt 0.840127 0.348946
vt 0.034149 0.312245
vt 0.058777 0.305764
vt 0.028081 0.227088
vt 0.919318 0.305901
vt 0.052472 0.152962
vt 0.058353 0.217013
vt 0.033472 0.153048
vt 0.027823 0.153946
vt 0.875491 0.058129
vt 0.794650 0.149386
vt 0.794608 0.027927
vt 0.058273 0.153809
vt 0.052617 0.152962
vt 0.033617 0.153048
vt 0.028316 0.217150
vt 0.058677 0.226950
vt 0.750784 0.305764
vt 0.028696 0.305901
vt 0.750938 0.034382
vt 0.757139 0.059037
vt 0.829933 0.028782
vt 0.757098 0.313871
vt 0.263494 0.460250
vt 0.269137 0.460245
vt 0.266991 0.455149
vt 0.048591 0.467445
vt 0.043960 0.460245
vt 0.042999 0.465343
vt 0.048570 0.453030
vt 0.048521 0.460238
vt 0.293269 0.458883
vt 0.298692 0.458888
vt 0.296614 0.463983
vt 0.952096 0.451687
vt 0.956719 0.458888
vt 0.957817 0.453790
vt 0.952117 0.466102
vt 0.952047 0.458895
vt 0.227319 0.385100
vt 0.230878 0.380766
vt 0.225545 0.379242
vt 0.049524 0.385353
vt 0.045081 0.380766
vt 0.043964 0.385598
vt 0.049876 0.225316
vt 0.045081 0.230878
vt 0.049661 0.232094
vt 0.257094 0.383733
vt 0.260434 0.379410
vt 0.263133 0.384238
vt 0.953401 0.254572
vt 0.957839 0.260434
vt 0.959046 0.255168
vt 0.953050 0.384010
vt 0.957839 0.379410
vt 0.953186 0.378079
vt 0.146042 0.366539
vt 0.144920 0.361137
vt 0.140390 0.364332
vt 0.052221 0.152121
vt 0.047835 0.144920
vt 0.046623 0.150323
vt 0.052681 0.138075
vt 0.052461 0.144689
vt 0.175816 0.365172
vt 0.174475 0.359780
vt 0.179945 0.360704
vt 0.956206 0.167331
vt 0.960593 0.174475
vt 0.961781 0.170013
vt 0.955747 0.181377
vt 0.955987 0.173945
vt 0.080866 0.418544
vt 0.075990 0.416138
vt 0.075649 0.421648
vt 0.054651 0.409692
vt 0.050149 0.416138
vt 0.048973 0.412464
vt 0.054872 0.422680
vt 0.054814 0.415388
vt 0.110640 0.417178
vt 0.105545 0.414781
vt 0.109692 0.411104
vt 0.958398 0.421337
vt 0.962907 0.414781
vt 0.963963 0.420288
vt 0.958176 0.408349
vt 0.958340 0.414045
vt 0.080870 0.501955
vt 0.075994 0.504352
vt 0.080074 0.508028
vt 0.054984 0.497796
vt 0.050280 0.504352
vt 0.049244 0.498845
vt 0.054801 0.510783
vt 0.054947 0.505087
vt 0.110644 0.500588
vt 0.105550 0.502995
vt 0.105275 0.497485
vt 0.958326 0.509440
vt 0.963038 0.502995
vt 0.963948 0.506669
vt 0.958510 0.496453
vt 0.958473 0.503744
vt 0.146051 0.553960
vt 0.144929 0.559352
vt 0.150332 0.558428
vt 0.052970 0.138084
vt 0.048129 0.144929
vt 0.047233 0.140399
vt 0.052520 0.152131
vt 0.052761 0.144698
vt 0.175825 0.552594
vt 0.174485 0.557995
vt 0.170022 0.554800
vt 0.956045 0.181387
vt 0.960888 0.174485
vt 0.961748 0.179954
vt 0.956495 0.167340
vt 0.956286 0.173955
vt 0.227327 0.535400
vt 0.230886 0.539723
vt 0.233518 0.534895
vt 0.050125 0.225324
vt 0.045317 0.230886
vt 0.044453 0.225553
vt 0.049747 0.535122
vt 0.045317 0.539723
vt 0.049901 0.541054
vt 0.257101 0.534033
vt 0.260441 0.538366
vt 0.255176 0.539890
vt 0.953272 0.533779
vt 0.958075 0.538366
vt 0.959019 0.533535
vt 0.953650 0.254580
vt 0.958075 0.260441
vt 0.953426 0.261358
vt 0.042984 0.455149
vt 0.233511 0.385598
vt 0.958798 0.384238
vt 0.296614 0.453790
vt 0.953186 0.261351
vt 0.049661 0.379422
vt 0.044213 0.225545
vt 0.961456 0.179945
vt 0.054651 0.079380
vt 0.046948 0.140390
vt 0.963806 0.109692
vt 0.958176 0.108636
vt 0.049129 0.421648
vt 0.075653 0.498845
vt 0.964077 0.497485
vt 0.105272 0.420288
vt 0.049115 0.080074
vt 0.054801 0.079385
vt 0.140399 0.556160
vt 0.963948 0.109696
vt 0.962066 0.170022
vt 0.109696 0.506669
vt 0.046915 0.150332
vt 0.959287 0.255176
vt 0.179954 0.557068
vt 0.953426 0.539711
vt 0.049901 0.232102
vt 0.044186 0.534895
vt 0.957832 0.463983
vt 0.958326 0.108641
vt 0.283644 0.459221
vt 0.289204 0.459230
vt 0.287084 0.454131
vt 0.023868 0.466450
vt 0.019267 0.459230
vt 0.018231 0.464324
vt 0.023906 0.452035
vt 0.023873 0.459242
vt 0.283899 0.459314
vt 0.289410 0.459305
vt 0.287304 0.464404
vt 0.042905 0.452085
vt 0.047504 0.459305
vt 0.048571 0.454211
vt 0.042867 0.466500
vt 0.042873 0.459293
vt 0.245874 0.380787
vt 0.249351 0.376468
vt 0.244041 0.374940
vt 0.024343 0.381074
vt 0.019777 0.376468
vt 0.018707 0.381295
vt 0.024449 0.243670
vt 0.019777 0.249351
vt 0.024392 0.250451
vt 0.246129 0.380880
vt 0.249556 0.376543
vt 0.252231 0.381376
vt 0.043449 0.243808
vt 0.048014 0.249556
vt 0.049095 0.244262
vt 0.043343 0.381125
vt 0.048014 0.376543
vt 0.043391 0.375193
vt 0.161005 0.361416
vt 0.159798 0.356028
vt 0.155291 0.359219
vt 0.025055 0.166887
vt 0.020484 0.159798
vt 0.019404 0.165229
vt 0.025149 0.152833
vt 0.025110 0.159450
vt 0.161260 0.361509
vt 0.160003 0.356103
vt 0.165450 0.357031
vt 0.044149 0.152971
vt 0.048721 0.160003
vt 0.049783 0.155512
vt 0.044055 0.167025
vt 0.044110 0.159589
vt 0.092943 0.415694
vt 0.087980 0.413301
vt 0.087665 0.418807
vt 0.025468 0.406874
vt 0.020856 0.413301
vt 0.019797 0.409623
vt 0.025479 0.419862
vt 0.025488 0.412570
vt 0.093198 0.415787
vt 0.088186 0.413376
vt 0.092309 0.409703
vt 0.044478 0.419913
vt 0.049092 0.413376
vt 0.050118 0.418887
vt 0.044467 0.406925
vt 0.044487 0.412621
vt 0.092941 0.502748
vt 0.087978 0.505159
vt 0.092086 0.508832
vt 0.025270 0.498622
vt 0.020612 0.505159
vt 0.019591 0.499648
vt 0.025190 0.511610
vt 0.025240 0.505914
vt 0.093196 0.502841
vt 0.088184 0.505234
vt 0.087884 0.499728
vt 0.044189 0.511661
vt 0.048849 0.505234
vt 0.049847 0.508912
vt 0.044269 0.498673
vt 0.044239 0.505964
vt 0.161001 0.557026
vt 0.159794 0.562432
vt 0.165225 0.561504
vt 0.024611 0.152829
vt 0.019937 0.159794
vt 0.018940 0.155287
vt 0.024500 0.166882
vt 0.024554 0.159446
vt 0.161256 0.557119
vt 0.159999 0.562507
vt 0.155508 0.559316
vt 0.043499 0.167021
vt 0.048173 0.159999
vt 0.049174 0.165446
vt 0.043610 0.152967
vt 0.043553 0.159585
vt 0.245871 0.537655
vt 0.249347 0.541992
vt 0.252007 0.537159
vt 0.023987 0.243666
vt 0.019338 0.249347
vt 0.018335 0.244038
vt 0.023928 0.537410
vt 0.019338 0.541992
vt 0.023945 0.543342
vt 0.246126 0.537748
vt 0.249553 0.542067
vt 0.244259 0.543595
vt 0.042928 0.537461
vt 0.047575 0.542067
vt 0.048606 0.537240
vt 0.042986 0.243805
vt 0.047575 0.249553
vt 0.042945 0.250586
vt 0.018258 0.454131
vt 0.049020 0.381376
vt 0.043391 0.250590
vt 0.018782 0.244041
vt 0.165229 0.356951
vt 0.049717 0.165450
vt 0.025468 0.091256
vt 0.019471 0.155291
vt 0.050110 0.092309
vt 0.044467 0.091395
vt 0.019805 0.418807
vt 0.049904 0.499728
vt 0.025190 0.091254
vt 0.019534 0.092086
vt 0.049847 0.092307
vt 0.049253 0.155508
vt 0.092307 0.508912
vt 0.018861 0.165225
vt 0.048647 0.244259
vt 0.165446 0.561584
vt 0.042945 0.543392
vt 0.018293 0.537159
vt 0.287083 0.464324
vt 0.048544 0.464404
vt 0.252228 0.537240
vt 0.044189 0.091393
vt 0.519985 0.456440
vt 0.525341 0.456469
vt 0.523282 0.451364
vt 0.056725 0.463716
vt 0.052181 0.456469
vt 0.050993 0.461556
vt 0.056850 0.449301
vt 0.056881 0.456509
vt 0.473156 0.464411
vt 0.478857 0.464382
vt 0.476696 0.469487
vt 0.959644 0.457134
vt 0.964201 0.464382
vt 0.965174 0.459294
vt 0.959519 0.471549
vt 0.959675 0.464342
vt 0.483808 0.381292
vt 0.487081 0.376994
vt 0.481838 0.375459
vt 0.055776 0.381627
vt 0.050921 0.376994
vt 0.049978 0.381814
vt 0.055280 0.481137
vt 0.050921 0.487081
vt 0.055599 0.487911
vt 0.436979 0.389264
vt 0.440596 0.384906
vt 0.443210 0.389745
vt 0.958075 0.435122
vt 0.962940 0.440596
vt 0.963720 0.435248
vt 0.958571 0.389460
vt 0.962940 0.384906
vt 0.958393 0.383528
vt 0.402586 0.362732
vt 0.401182 0.357365
vt 0.396743 0.360550
vt 0.051697 0.407992
vt 0.046713 0.401182
vt 0.045945 0.406667
vt 0.050954 0.393958
vt 0.051320 0.400565
vt 0.355757 0.370704
vt 0.354697 0.365278
vt 0.360076 0.366212
vt 0.953748 0.347943
vt 0.958732 0.354697
vt 0.959512 0.350152
vt 0.954492 0.361977
vt 0.954115 0.354551
vt 0.337481 0.414736
vt 0.332327 0.412363
vt 0.332075 0.417863
vt 0.047559 0.405965
vt 0.042726 0.412363
vt 0.041931 0.408679
vt 0.047129 0.418953
vt 0.047267 0.411661
vt 0.290652 0.422707
vt 0.285842 0.420276
vt 0.289897 0.416610
vt 0.949923 0.426785
vt 0.954746 0.420276
vt 0.955719 0.425794
vt 0.950354 0.413798
vt 0.950061 0.419494
vt 0.337518 0.498143
vt 0.332366 0.500574
vt 0.336530 0.504240
vt 0.046479 0.494065
vt 0.041963 0.500574
vt 0.040958 0.495057
vt 0.046685 0.507053
vt 0.046490 0.501357
vt 0.290689 0.506115
vt 0.285881 0.508487
vt 0.285518 0.502988
vt 0.949479 0.514885
vt 0.953982 0.508487
vt 0.955197 0.512171
vt 0.949273 0.501898
vt 0.949285 0.509190
vt 0.402669 0.550147
vt 0.401269 0.555573
vt 0.406753 0.554638
vt 0.049269 0.394044
vt 0.044997 0.401269
vt 0.043759 0.396828
vt 0.049956 0.408081
vt 0.049576 0.400654
vt 0.355840 0.558118
vt 0.354784 0.563486
vt 0.350237 0.560301
vt 0.952751 0.362066
vt 0.957017 0.354784
vt 0.958339 0.360163
vt 0.952063 0.348029
vt 0.952371 0.354640
vt 0.483874 0.531587
vt 0.487151 0.535944
vt 0.489866 0.531106
vt 0.053829 0.481211
vt 0.049545 0.487151
vt 0.048225 0.481910
vt 0.054480 0.531391
vt 0.049545 0.535944
vt 0.054201 0.537322
vt 0.437045 0.539558
vt 0.440666 0.543857
vt 0.435319 0.545392
vt 0.957275 0.539223
vt 0.961565 0.543857
vt 0.962779 0.539037
vt 0.956623 0.435196
vt 0.961565 0.440666
vt 0.956995 0.441968
vt 0.051081 0.451364
vt 0.489800 0.381814
vt 0.964071 0.389745
vt 0.476691 0.459294
vt 0.958393 0.441896
vt 0.055599 0.375696
vt 0.049627 0.481838
vt 0.960038 0.360076
vt 0.047559 0.335327
vt 0.045419 0.396743
vt 0.956024 0.289897
vt 0.950354 0.289312
vt 0.350152 0.368480
vt 0.041626 0.417863
vt 0.955051 0.502988
vt 0.285484 0.425794
vt 0.046685 0.335371
vt 0.041104 0.336530
vt 0.396828 0.552370
vt 0.955197 0.289939
vt 0.957852 0.350237
vt 0.289939 0.512171
vt 0.044246 0.406753
vt 0.962318 0.435319
vt 0.360163 0.562569
vt 0.956995 0.545155
vt 0.054201 0.487983
vt 0.048686 0.531106
vt 0.965086 0.469487
vt 0.949479 0.289357
vt 0.503413 0.459890
vt 0.508955 0.459889
vt 0.506841 0.454793
vt 0.025278 0.467097
vt 0.020658 0.459889
vt 0.019625 0.464986
vt 0.025277 0.452681
vt 0.025274 0.459889
vt 0.503477 0.459886
vt 0.509007 0.459886
vt 0.506896 0.464983
vt 0.044277 0.452679
vt 0.048896 0.459886
vt 0.049937 0.454790
vt 0.044278 0.467095
vt 0.044274 0.459887
vt 0.465642 0.381456
vt 0.469099 0.377127
vt 0.463795 0.375602
vt 0.025332 0.381721
vt 0.020723 0.377127
vt 0.019680 0.381957
vt 0.025351 0.463393
vt 0.020723 0.469099
vt 0.025339 0.470175
vt 0.465705 0.381452
vt 0.469151 0.377125
vt 0.471820 0.381954
vt 0.044351 0.463427
vt 0.048960 0.469151
vt 0.050008 0.463851
vt 0.044332 0.381719
vt 0.048960 0.377125
vt 0.044339 0.375787
vt 0.380769 0.362084
vt 0.379544 0.356687
vt 0.375043 0.359881
vt 0.025489 0.386608
vt 0.020884 0.379544
vt 0.019836 0.384981
vt 0.025515 0.372554
vt 0.025503 0.379171
vt 0.380833 0.362081
vt 0.379595 0.356684
vt 0.385036 0.357610
vt 0.044515 0.372588
vt 0.049121 0.379595
vt 0.050168 0.375098
vt 0.044489 0.386642
vt 0.044503 0.379206
vt 0.312707 0.416362
vt 0.307726 0.413960
vt 0.307416 0.419469
vt 0.025632 0.407521
vt 0.021020 0.413960
vt 0.019974 0.410285
vt 0.025645 0.420509
vt 0.025641 0.413217
vt 0.312771 0.416359
vt 0.307777 0.413957
vt 0.311894 0.410282
vt 0.044645 0.420507
vt 0.049257 0.413957
vt 0.050296 0.419466
vt 0.044632 0.407519
vt 0.044641 0.413215
vt 0.312707 0.503417
vt 0.307726 0.505819
vt 0.311839 0.509494
vt 0.025652 0.499269
vt 0.021029 0.505819
vt 0.019991 0.500310
vt 0.025642 0.512257
vt 0.025650 0.506561
vt 0.312771 0.503414
vt 0.307777 0.505816
vt 0.307471 0.500307
vt 0.044642 0.512255
vt 0.049266 0.505816
vt 0.050297 0.509491
vt 0.044652 0.499267
vt 0.044650 0.506559
vt 0.380769 0.557695
vt 0.379544 0.563092
vt 0.384981 0.562166
vt 0.025535 0.372554
vt 0.020904 0.379544
vt 0.019873 0.375043
vt 0.025510 0.386608
vt 0.025523 0.379171
vt 0.380833 0.557692
vt 0.379595 0.563089
vt 0.375098 0.559895
vt 0.044510 0.386642
vt 0.049141 0.379595
vt 0.050169 0.385036
vt 0.044535 0.372588
vt 0.044523 0.379206
vt 0.465642 0.538323
vt 0.469099 0.542651
vt 0.471765 0.537822
vt 0.025368 0.463393
vt 0.020739 0.469099
vt 0.019711 0.463795
vt 0.025347 0.538057
vt 0.020739 0.542651
vt 0.025356 0.543989
vt 0.465705 0.538320
vt 0.469151 0.542648
vt 0.463851 0.544174
vt 0.044347 0.538055
vt 0.048976 0.542648
vt 0.050009 0.537819
vt 0.044368 0.463428
vt 0.048976 0.469151
vt 0.044356 0.470209
vt 0.019624 0.454793
vt 0.471765 0.381957
vt 0.049994 0.381954
vt 0.506896 0.454790
vt 0.044339 0.470209
vt 0.025339 0.375789
vt 0.019694 0.463795
vt 0.050149 0.385036
vt 0.463851 0.375599
vt 0.019974 0.311839
vt 0.019854 0.375043
vt 0.311839 0.410285
vt 0.050287 0.311894
vt 0.044632 0.311011
vt 0.375098 0.359878
vt 0.019983 0.419469
vt 0.307416 0.500310
vt 0.050304 0.500307
vt 0.025642 0.310976
vt 0.019983 0.311839
vt 0.044642 0.311011
vt 0.050187 0.375098
vt 0.311894 0.509491
vt 0.019856 0.384981
vt 0.463795 0.544177
vt 0.050024 0.463851
vt 0.385036 0.562163
vt 0.044356 0.543987
vt 0.019695 0.537822
vt 0.049938 0.464983
vt 0.025632 0.310976
vt 0.708117 0.462775
vt 0.713735 0.462755
vt 0.711596 0.457665
vt 0.047588 0.469935
vt 0.042925 0.462755
vt 0.041969 0.467858
vt 0.047502 0.455520
vt 0.047500 0.462727
vt 0.730764 0.457281
vt 0.736215 0.457301
vt 0.734129 0.462392
vt 0.951212 0.450121
vt 0.955869 0.457301
vt 0.956928 0.452199
vt 0.951298 0.464537
vt 0.951210 0.457329
vt 0.671927 0.387626
vt 0.675460 0.383278
vt 0.670134 0.381759
vt 0.047900 0.387844
vt 0.043392 0.383278
vt 0.042318 0.388114
vt 0.048124 0.669860
vt 0.043392 0.675460
vt 0.047975 0.676640
vt 0.694574 0.382132
vt 0.697941 0.377825
vt 0.700633 0.382648
vt 0.951834 0.692113
vt 0.956337 0.697941
vt 0.957496 0.692665
vt 0.951610 0.382446
vt 0.956337 0.377825
vt 0.951685 0.376514
vt 0.590629 0.369066
vt 0.589480 0.363649
vt 0.584958 0.366849
vt 0.049827 0.596647
vt 0.045392 0.589480
vt 0.044226 0.594892
vt 0.050192 0.582598
vt 0.050009 0.589213
vt 0.613277 0.363572
vt 0.611961 0.358195
vt 0.617424 0.359115
vt 0.953902 0.604851
vt 0.958337 0.611961
vt 0.959504 0.607490
vt 0.953537 0.618901
vt 0.953719 0.611467
vt 0.525444 0.421071
vt 0.520541 0.418649
vt 0.520208 0.424164
vt 0.051917 0.412183
vt 0.047418 0.418649
vt 0.046257 0.414980
vt 0.052149 0.425170
vt 0.052069 0.417879
vt 0.548091 0.415577
vt 0.543022 0.413195
vt 0.547160 0.409514
vt 0.955859 0.419772
vt 0.960363 0.413195
vt 0.961441 0.418697
vt 0.955627 0.406784
vt 0.955779 0.412480
vt 0.525456 0.504480
vt 0.520554 0.506861
vt 0.524642 0.510543
vt 0.052597 0.500285
vt 0.047945 0.506861
vt 0.046882 0.501359
vt 0.052521 0.513272
vt 0.052605 0.507576
vt 0.548104 0.498986
vt 0.543035 0.501408
vt 0.542752 0.495893
vt 0.956231 0.507874
vt 0.960890 0.501408
vt 0.961848 0.505077
vt 0.956307 0.494886
vt 0.956315 0.502178
vt 0.590657 0.556484
vt 0.589509 0.561861
vt 0.594921 0.560942
vt 0.051355 0.582626
vt 0.046576 0.589509
vt 0.045630 0.584986
vt 0.051028 0.596677
vt 0.051212 0.589243
vt 0.613304 0.550990
vt 0.611990 0.556407
vt 0.607518 0.553207
vt 0.954738 0.618930
vt 0.959520 0.611990
vt 0.960418 0.617453
vt 0.955065 0.604880
vt 0.954922 0.611496
vt 0.671949 0.537924
vt 0.675483 0.542232
vt 0.678123 0.537409
vt 0.049126 0.669884
vt 0.044341 0.675483
vt 0.043443 0.670157
vt 0.048794 0.537611
vt 0.044341 0.542232
vt 0.048940 0.543542
vt 0.694596 0.532430
vt 0.697964 0.536778
vt 0.692689 0.538298
vt 0.952504 0.532212
vt 0.957286 0.536778
vt 0.958229 0.531943
vt 0.952835 0.692138
vt 0.957286 0.697964
vt 0.952650 0.698917
vt 0.041908 0.457665
vt 0.678101 0.388114
vt 0.957338 0.382648
vt 0.734128 0.452199
vt 0.951685 0.698893
vt 0.042476 0.670134
vt 0.594892 0.364581
vt 0.959246 0.617424
vt 0.051917 0.523895
vt 0.044484 0.584958
vt 0.961277 0.547160
vt 0.955627 0.546148
vt 0.607490 0.361383
vt 0.046421 0.424164
vt 0.520220 0.501359
vt 0.961902 0.495893
vt 0.052521 0.523910
vt 0.046828 0.524642
vt 0.961848 0.547174
vt 0.960650 0.607518
vt 0.547174 0.505077
vt 0.045398 0.594921
vt 0.958463 0.692689
vt 0.617453 0.555476
vt 0.952650 0.538144
vt 0.048940 0.676664
vt 0.043209 0.537409
vt 0.711597 0.467858
vt 0.956989 0.462392
vt 0.700655 0.531943
vt 0.722754 0.459771
vt 0.728287 0.459780
vt 0.726175 0.454681
vt 0.024449 0.467001
vt 0.019851 0.459780
vt 0.018797 0.464874
vt 0.024490 0.452586
vt 0.024471 0.459793
vt 0.722725 0.459870
vt 0.728263 0.459860
vt 0.726150 0.464960
vt 0.043490 0.452639
vt 0.048089 0.459860
vt 0.049139 0.454766
vt 0.043449 0.467055
vt 0.043471 0.459847
vt 0.684982 0.381337
vt 0.688431 0.377019
vt 0.683130 0.375490
vt 0.024662 0.381625
vt 0.020052 0.377019
vt 0.019002 0.381845
vt 0.024678 0.682712
vt 0.020052 0.688431
vt 0.024675 0.689494
vt 0.684953 0.381436
vt 0.688407 0.377099
vt 0.691074 0.381931
vt 0.043678 0.682696
vt 0.048289 0.688407
vt 0.049327 0.683104
vt 0.043662 0.381679
vt 0.048289 0.377099
vt 0.043675 0.375747
vt 0.600110 0.361966
vt 0.598875 0.356578
vt 0.594377 0.359769
vt 0.024664 0.605927
vt 0.020035 0.598875
vt 0.018999 0.604315
vt 0.024643 0.591873
vt 0.024658 0.598490
vt 0.600080 0.362065
vt 0.598851 0.356658
vt 0.604290 0.357587
vt 0.043643 0.591857
vt 0.048272 0.598851
vt 0.049297 0.594352
vt 0.043663 0.605911
vt 0.043658 0.598474
vt 0.532048 0.416243
vt 0.527057 0.413851
vt 0.526750 0.419357
vt 0.024452 0.407426
vt 0.019812 0.413851
vt 0.018788 0.410173
vt 0.024410 0.420413
vt 0.024432 0.413122
vt 0.532018 0.416342
vt 0.527033 0.413931
vt 0.531147 0.410259
vt 0.043410 0.420467
vt 0.048050 0.413931
vt 0.049072 0.419442
vt 0.043452 0.407479
vt 0.043432 0.413175
vt 0.532048 0.503298
vt 0.527057 0.505710
vt 0.531173 0.509382
vt 0.024187 0.499173
vt 0.019553 0.505710
vt 0.018530 0.500198
vt 0.024156 0.512161
vt 0.024168 0.506465
vt 0.532018 0.503397
vt 0.527034 0.505789
vt 0.526725 0.500284
vt 0.043156 0.512215
vt 0.047790 0.505789
vt 0.048821 0.509468
vt 0.043187 0.499227
vt 0.043168 0.506519
vt 0.600110 0.557576
vt 0.598876 0.562982
vt 0.604315 0.562054
vt 0.024068 0.591873
vt 0.019451 0.598876
vt 0.018418 0.594378
vt 0.024071 0.605927
vt 0.024064 0.598491
vt 0.600081 0.557675
vt 0.598852 0.563062
vt 0.594352 0.559871
vt 0.043071 0.605911
vt 0.047688 0.598852
vt 0.048733 0.604290
vt 0.043068 0.591857
vt 0.043064 0.598475
vt 0.684982 0.538204
vt 0.688431 0.542542
vt 0.691099 0.537709
vt 0.024185 0.682712
vt 0.019583 0.688431
vt 0.018537 0.683130
vt 0.024220 0.537961
vt 0.019583 0.542542
vt 0.024199 0.543893
vt 0.684953 0.538303
vt 0.688408 0.542622
vt 0.683105 0.544151
vt 0.043220 0.538015
vt 0.047821 0.542622
vt 0.048875 0.537795
vt 0.043185 0.682697
vt 0.047821 0.688408
vt 0.043199 0.689478
vt 0.018826 0.454681
vt 0.691099 0.381845
vt 0.049316 0.381931
vt 0.726150 0.454766
vt 0.043675 0.689478
vt 0.019014 0.683130
vt 0.604315 0.357501
vt 0.049312 0.604290
vt 0.683104 0.375576
vt 0.024452 0.530295
vt 0.018984 0.594377
vt 0.531173 0.410173
vt 0.049102 0.531147
vt 0.043452 0.530280
vt 0.594352 0.359855
vt 0.018759 0.419357
vt 0.048843 0.500284
vt 0.024156 0.530296
vt 0.018507 0.531173
vt 0.594378 0.559785
vt 0.048821 0.531148
vt 0.048731 0.594352
vt 0.018420 0.604315
vt 0.048850 0.683105
vt 0.604290 0.562139
vt 0.043199 0.543947
vt 0.024199 0.689494
vt 0.018561 0.537709
vt 0.049110 0.464960
vt 0.691074 0.537795
vt 0.043156 0.530280
vt 0.921731 0.455877
vt 0.927391 0.455904
vt 0.925242 0.450799
vt 0.047392 0.463148
vt 0.042829 0.455904
vt 0.041832 0.460992
vt 0.047507 0.448733
vt 0.047380 0.455941
vt 0.956684 0.463210
vt 0.962088 0.463183
vt 0.960014 0.468287
vt 0.950826 0.455938
vt 0.955379 0.463183
vt 0.956537 0.458095
vt 0.950711 0.470353
vt 0.950698 0.463146
vt 0.885589 0.380729
vt 0.889168 0.376428
vt 0.883831 0.374894
vt 0.049284 0.381058
vt 0.044917 0.376428
vt 0.043740 0.381249
vt 0.049784 0.883634
vt 0.044917 0.889168
vt 0.049502 0.890410
vt 0.920543 0.388062
vt 0.923864 0.383707
vt 0.926568 0.388545
vt 0.953103 0.917980
vt 0.957466 0.923864
vt 0.958717 0.918606
vt 0.952603 0.388264
vt 0.957466 0.383707
vt 0.952821 0.382332
vt 0.804335 0.362169
vt 0.803234 0.356799
vt 0.798698 0.359985
vt 0.052700 0.810460
vt 0.048341 0.803234
vt 0.047089 0.808629
vt 0.053208 0.796415
vt 0.052984 0.803029
vt 0.839288 0.369502
vt 0.837930 0.364078
vt 0.843404 0.365012
vt 0.956527 0.830760
vt 0.960890 0.837930
vt 0.962073 0.833473
vt 0.956018 0.844805
vt 0.956302 0.837374
vt 0.739153 0.414173
vt 0.734298 0.411798
vt 0.733950 0.417298
vt 0.055066 0.405397
vt 0.050523 0.411798
vt 0.049358 0.408115
vt 0.055200 0.418384
vt 0.055203 0.411092
vt 0.774106 0.421506
vt 0.768994 0.419077
vt 0.773147 0.415410
vt 0.958519 0.425589
vt 0.963072 0.419077
vt 0.964077 0.424594
vt 0.958385 0.412602
vt 0.958521 0.418298
vt 0.739128 0.497581
vt 0.734272 0.500010
vt 0.738343 0.503676
vt 0.054602 0.493497
vt 0.049820 0.500010
vt 0.048838 0.494493
vt 0.054261 0.506485
vt 0.054488 0.500789
vt 0.774081 0.504914
vt 0.768968 0.507288
vt 0.768701 0.501788
vt 0.957580 0.513690
vt 0.962370 0.507288
vt 0.963221 0.510972
vt 0.957921 0.500703
vt 0.957807 0.507994
vt 0.804278 0.549585
vt 0.803174 0.555008
vt 0.808570 0.554074
vt 0.051657 0.796356
vt 0.046762 0.803174
vt 0.045921 0.798640
vt 0.051097 0.810399
vt 0.051378 0.802968
vt 0.839231 0.556917
vt 0.837870 0.562287
vt 0.833415 0.559102
vt 0.954416 0.844744
vt 0.959311 0.837870
vt 0.960149 0.843345
vt 0.954975 0.830701
vt 0.954697 0.837313
vt 0.885544 0.531025
vt 0.889120 0.535380
vt 0.891748 0.530542
vt 0.048448 0.883584
vt 0.043651 0.889120
vt 0.042803 0.883782
vt 0.048091 0.530823
vt 0.043651 0.535380
vt 0.048215 0.536754
vt 0.920497 0.538357
vt 0.923816 0.542659
vt 0.918557 0.544192
vt 0.951410 0.538028
vt 0.956200 0.542659
vt 0.957174 0.537837
vt 0.951767 0.917929
vt 0.956200 0.923816
vt 0.951533 0.924707
vt 0.041913 0.450799
vt 0.958363 0.388545
vt 0.952821 0.924756
vt 0.049502 0.375127
vt 0.044093 0.883831
vt 0.808629 0.357717
vt 0.961713 0.843404
vt 0.055066 0.737716
vt 0.047449 0.798698
vt 0.738372 0.408115
vt 0.958385 0.772061
vt 0.963982 0.773147
vt 0.833473 0.367280
vt 0.049453 0.417298
vt 0.963462 0.501788
vt 0.768725 0.424594
vt 0.048597 0.738343
vt 0.054261 0.737685
vt 0.798640 0.551806
vt 0.957580 0.772030
vt 0.960545 0.833415
vt 0.045525 0.808570
vt 0.957426 0.918557
vt 0.843345 0.561370
vt 0.951533 0.543960
vt 0.048215 0.890362
vt 0.042550 0.530542
vt 0.956456 0.468287
vt 0.926523 0.537837
vt 0.942583 0.458587
vt 0.948095 0.458580
vt 0.945990 0.453485
vt 0.024592 0.465778
vt 0.019959 0.458580
vt 0.018917 0.463679
vt 0.024561 0.451362
vt 0.024589 0.458570
vt 0.942343 0.458512
vt 0.947902 0.458519
vt 0.945782 0.463614
vt 0.043561 0.451321
vt 0.048196 0.458519
vt 0.049208 0.453420
vt 0.043592 0.465737
vt 0.043589 0.458529
vt 0.904813 0.380153
vt 0.908242 0.375818
vt 0.902947 0.374294
vt 0.024175 0.380402
vt 0.019509 0.375818
vt 0.018499 0.380650
vt 0.024079 0.902495
vt 0.019509 0.908242
vt 0.024132 0.909277
vt 0.904574 0.380078
vt 0.908048 0.375757
vt 0.910708 0.380585
vt 0.043078 0.902365
vt 0.047746 0.908048
vt 0.048744 0.902739
vt 0.043175 0.380361
vt 0.047746 0.375757
vt 0.043131 0.374429
vt 0.819943 0.360782
vt 0.818688 0.355377
vt 0.814197 0.358574
vt 0.023516 0.825712
vt 0.018852 0.818688
vt 0.017853 0.824134
vt 0.023427 0.811658
vt 0.023465 0.818276
vt 0.819703 0.360707
vt 0.818495 0.355317
vt 0.823927 0.356241
vt 0.042426 0.811528
vt 0.047089 0.818495
vt 0.048103 0.813989
vt 0.042515 0.825582
vt 0.042464 0.818146
vt 0.751881 0.415060
vt 0.746871 0.412650
vt 0.746570 0.418161
vt 0.023110 0.406202
vt 0.018483 0.412650
vt 0.017465 0.408977
vt 0.023095 0.419190
vt 0.023090 0.411898
vt 0.751642 0.414985
vt 0.746678 0.412590
vt 0.750785 0.408913
vt 0.042095 0.419149
vt 0.046720 0.412590
vt 0.047768 0.418096
vt 0.042110 0.406161
vt 0.042089 0.411857
vt 0.751880 0.502114
vt 0.746869 0.504509
vt 0.750991 0.508187
vt 0.023264 0.497950
vt 0.018680 0.504509
vt 0.017628 0.499003
vt 0.023334 0.510938
vt 0.023290 0.505242
vt 0.751641 0.502039
vt 0.746676 0.504449
vt 0.746361 0.498938
vt 0.042334 0.510897
vt 0.046917 0.504449
vt 0.047991 0.508122
vt 0.042263 0.497909
vt 0.042289 0.505201
vt 0.819940 0.556392
vt 0.818685 0.561782
vt 0.824131 0.560859
vt 0.023861 0.811655
vt 0.019294 0.818685
vt 0.018218 0.814194
vt 0.023964 0.825709
vt 0.023914 0.818273
vt 0.819701 0.556317
vt 0.818492 0.561722
vt 0.813986 0.558525
vt 0.042964 0.825579
vt 0.047531 0.818492
vt 0.048604 0.823924
vt 0.042861 0.811525
vt 0.042913 0.818143
vt 0.904811 0.537021
vt 0.908239 0.541341
vt 0.910914 0.536514
vt 0.024452 0.902493
vt 0.019863 0.908239
vt 0.018792 0.902944
vt 0.024510 0.536738
vt 0.019863 0.541341
vt 0.024492 0.542670
vt 0.904571 0.536946
vt 0.908046 0.541281
vt 0.902737 0.542805
vt 0.043510 0.536697
vt 0.048100 0.541281
vt 0.049146 0.536449
vt 0.043452 0.902363
vt 0.048100 0.908046
vt 0.043492 0.909144
vt 0.018895 0.453485
vt 0.048812 0.380585
vt 0.945782 0.453420
vt 0.043131 0.909147
vt 0.024132 0.374470
vt 0.018431 0.902947
vt 0.048166 0.823927
vt 0.023110 0.750082
vt 0.017790 0.814197
vt 0.750993 0.408977
vt 0.042110 0.749952
vt 0.047778 0.750785
vt 0.813989 0.358509
vt 0.017455 0.418161
vt 0.047941 0.498938
vt 0.017678 0.750991
vt 0.023334 0.750080
vt 0.042334 0.749950
vt 0.048531 0.813986
vt 0.750784 0.508122
vt 0.018291 0.824131
vt 0.902944 0.542870
vt 0.049105 0.902737
vt 0.043492 0.542629
vt 0.018833 0.536514
vt 0.945990 0.463679
vt 0.049230 0.463614
vt 0.177733 0.771838
vt 0.177704 0.777377
vt 0.182809 0.775263
vt 0.170457 0.967154
vt 0.177704 0.971710
vt 0.172616 0.972790
vt 0.184872 0.967030
vt 0.177664 0.967093
vt 0.169823 0.772648
vt 0.169852 0.778181
vt 0.164747 0.776069
vt 0.177100 0.063063
vt 0.169852 0.058507
vt 0.174940 0.057423
vt 0.162685 0.063187
vt 0.169892 0.063127
vt 0.252880 0.735648
vt 0.257179 0.739102
vt 0.258714 0.733800
vt 0.252546 0.966419
vt 0.257179 0.970993
vt 0.252358 0.972075
vt 0.966332 0.733392
vt 0.970993 0.739102
vt 0.966364 0.740174
vt 0.244970 0.736457
vt 0.249327 0.739906
vt 0.244489 0.742574
vt 0.062366 0.734187
vt 0.057790 0.739906
vt 0.056734 0.734605
vt 0.244774 0.062453
vt 0.249327 0.057790
vt 0.250705 0.062398
vt 0.271439 0.654329
vt 0.276807 0.653100
vt 0.273622 0.648600
vt 0.966124 0.660159
vt 0.970749 0.653100
vt 0.971800 0.658538
vt 0.966139 0.646105
vt 0.966116 0.652723
vt 0.263530 0.655138
vt 0.268956 0.653903
vt 0.268021 0.659343
vt 0.062173 0.646901
vt 0.057545 0.653903
vt 0.056531 0.649405
vt 0.062158 0.660955
vt 0.062149 0.653518
vt 0.219435 0.589116
vt 0.221808 0.584131
vt 0.216308 0.583823
vt 0.228207 0.966490
vt 0.221808 0.971161
vt 0.225492 0.972171
vt 0.215219 0.966596
vt 0.222511 0.966535
vt 0.211526 0.589925
vt 0.213956 0.584935
vt 0.217623 0.589050
vt 0.207447 0.062630
vt 0.213956 0.057958
vt 0.208439 0.056967
vt 0.220434 0.062524
vt 0.214739 0.062569
vt 0.136028 0.589116
vt 0.133597 0.584131
vt 0.129931 0.588245
vt 0.140106 0.967242
vt 0.133597 0.971920
vt 0.139114 0.972910
vt 0.127119 0.967359
vt 0.132815 0.967306
vt 0.128118 0.589925
vt 0.125745 0.584935
vt 0.131245 0.584628
vt 0.119347 0.063393
vt 0.125745 0.058716
vt 0.122061 0.057713
vt 0.132334 0.063276
vt 0.125043 0.063340
vt 0.084025 0.654329
vt 0.078599 0.653100
vt 0.079533 0.658538
vt 0.967813 0.646105
vt 0.972453 0.653100
vt 0.973460 0.648600
vt 0.967853 0.660160
vt 0.967849 0.652723
vt 0.076115 0.655138
vt 0.070747 0.653903
vt 0.073932 0.649406
vt 0.063887 0.660955
vt 0.059250 0.653903
vt 0.058208 0.659343
vt 0.063847 0.646901
vt 0.063882 0.653518
vt 0.102585 0.735648
vt 0.098228 0.739103
vt 0.103067 0.741769
vt 0.967774 0.733392
vt 0.972360 0.739103
vt 0.973406 0.733800
vt 0.102782 0.967707
vt 0.098228 0.972360
vt 0.096851 0.967754
vt 0.094676 0.736457
vt 0.090377 0.739906
vt 0.088842 0.734605
vt 0.095010 0.063740
vt 0.090377 0.059156
vt 0.095197 0.058079
vt 0.063808 0.734187
vt 0.059156 0.739906
vt 0.063788 0.740969
vt 0.182809 0.972703
vt 0.252358 0.741769
vt 0.244489 0.056796
vt 0.174940 0.776069
vt 0.062398 0.740969
vt 0.258477 0.966364
vt 0.972014 0.733800
vt 0.275890 0.658538
vt 0.056520 0.659343
vt 0.966490 0.587378
vt 0.971810 0.648600
vt 0.062524 0.588173
vt 0.056892 0.589050
vt 0.265753 0.649405
vt 0.216308 0.972246
vt 0.139114 0.583823
vt 0.131245 0.057630
vt 0.208439 0.584628
vt 0.972993 0.588245
vt 0.967359 0.587378
vt 0.063393 0.588173
vt 0.058180 0.649406
vt 0.973488 0.658538
vt 0.096711 0.733800
vt 0.058127 0.734605
vt 0.071664 0.659343
vt 0.089079 0.063788
vt 0.967754 0.740174
vt 0.103067 0.973359
vt 0.172616 0.775263
vt 0.164747 0.057511
vt 0.175007 0.774390
vt 0.175010 0.779918
vt 0.180106 0.777808
vt 0.167807 0.052871
vt 0.175010 0.057496
vt 0.169913 0.058534
vt 0.182222 0.052884
vt 0.175014 0.052873
vt 0.175038 0.774316
vt 0.175035 0.779859
vt 0.169940 0.777744
vt 0.182239 0.033884
vt 0.175035 0.029258
vt 0.180133 0.028229
vt 0.167824 0.033871
vt 0.175031 0.033873
vt 0.253441 0.736618
vt 0.257772 0.740063
vt 0.259297 0.734763
vt 0.253183 0.053019
vt 0.257772 0.057654
vt 0.252942 0.058682
vt 0.053051 0.734338
vt 0.057654 0.740063
vt 0.053034 0.741120
vt 0.253472 0.736544
vt 0.257797 0.740003
vt 0.252969 0.742668
vt 0.034051 0.734298
vt 0.029416 0.740003
vt 0.028391 0.734698
vt 0.253200 0.034019
vt 0.257797 0.029416
vt 0.259131 0.034034
vt 0.272813 0.651746
vt 0.278213 0.650507
vt 0.275018 0.646011
vt 0.053230 0.657553
vt 0.057862 0.650507
vt 0.058888 0.655948
vt 0.053257 0.643499
vt 0.053246 0.650116
vt 0.272844 0.651672
vt 0.278238 0.650447
vt 0.277313 0.655884
vt 0.034257 0.643458
vt 0.029625 0.650447
vt 0.028593 0.645946
vt 0.034230 0.657512
vt 0.034246 0.650076
vt 0.218534 0.583684
vt 0.220939 0.578689
vt 0.215430 0.578384
vt 0.227382 0.053344
vt 0.220939 0.057964
vt 0.224614 0.058997
vt 0.214394 0.053346
vt 0.221686 0.053349
vt 0.218566 0.583610
vt 0.220964 0.578629
vt 0.224641 0.582742
vt 0.214411 0.034346
vt 0.220964 0.029726
vt 0.215457 0.028684
vt 0.227399 0.034344
vt 0.221703 0.034349
vt 0.131480 0.583684
vt 0.129081 0.578689
vt 0.125404 0.582806
vt 0.135634 0.053276
vt 0.129081 0.057882
vt 0.134588 0.058926
vt 0.122646 0.053251
vt 0.128342 0.053266
vt 0.131511 0.583610
vt 0.129106 0.578629
vt 0.134615 0.578319
vt 0.122663 0.034251
vt 0.129106 0.029645
vt 0.125431 0.028595
vt 0.135651 0.034276
vt 0.128359 0.034266
vt 0.077202 0.651746
vt 0.071808 0.650507
vt 0.072733 0.655948
vt 0.053077 0.643499
vt 0.057679 0.650507
vt 0.058729 0.646011
vt 0.053044 0.657553
vt 0.053060 0.650116
vt 0.077233 0.651672
vt 0.071833 0.650447
vt 0.075028 0.645946
vt 0.034044 0.657512
vt 0.029441 0.650447
vt 0.028393 0.655884
vt 0.034077 0.643458
vt 0.034060 0.650076
vt 0.096573 0.736618
vt 0.092248 0.740063
vt 0.097077 0.742732
vt 0.052896 0.734338
vt 0.057507 0.740063
vt 0.058555 0.734763
vt 0.096846 0.052880
vt 0.092248 0.057507
vt 0.090915 0.052885
vt 0.096605 0.736544
vt 0.092273 0.740003
vt 0.090749 0.734698
vt 0.096863 0.033881
vt 0.092273 0.029269
vt 0.097104 0.028230
vt 0.033897 0.734298
vt 0.029269 0.740003
vt 0.033885 0.741080
vt 0.180106 0.058543
vt 0.252969 0.028368
vt 0.180133 0.777744
vt 0.034034 0.741079
vt 0.259114 0.053034
vt 0.058705 0.734763
vt 0.277286 0.655948
vt 0.028574 0.655884
vt 0.259324 0.734698
vt 0.058997 0.582806
vt 0.058907 0.646011
vt 0.224614 0.582806
vt 0.028683 0.582742
vt 0.034344 0.581881
vt 0.215430 0.058998
vt 0.134588 0.578384
vt 0.134615 0.028612
vt 0.215457 0.578319
vt 0.058908 0.582806
vt 0.053251 0.581922
vt 0.075001 0.646011
vt 0.034251 0.581881
vt 0.028416 0.645946
vt 0.058706 0.655948
vt 0.090722 0.734763
vt 0.028241 0.734698
vt 0.090931 0.033885
vt 0.097077 0.058544
vt 0.169913 0.777808
vt 0.169940 0.028220
vt 0.097104 0.742668
vt 0.053344 0.581922
vt 0.378807 0.766671
vt 0.378934 0.772222
vt 0.383988 0.770105
vt 0.371906 0.965075
vt 0.378934 0.969963
vt 0.373802 0.970798
vt 0.386311 0.965619
vt 0.379108 0.965356
vt 0.413568 0.770955
vt 0.413439 0.776475
vt 0.408386 0.774367
vt 0.420467 0.062275
vt 0.413439 0.057388
vt 0.418572 0.056533
vt 0.406062 0.061730
vt 0.413265 0.062011
vt 0.453910 0.730481
vt 0.458362 0.733948
vt 0.459848 0.728641
vt 0.453945 0.968025
vt 0.458362 0.972788
vt 0.453496 0.973655
vt 0.968312 0.728255
vt 0.972788 0.733948
vt 0.968228 0.735036
vt 0.488671 0.734765
vt 0.492868 0.738201
vt 0.488080 0.740873
vt 0.064967 0.732465
vt 0.060212 0.738201
vt 0.059208 0.732904
vt 0.488102 0.064680
vt 0.492868 0.060212
vt 0.494030 0.064883
vt 0.472471 0.649162
vt 0.477993 0.647946
vt 0.474762 0.643443
vt 0.968603 0.655023
vt 0.973130 0.647946
vt 0.974157 0.653380
vt 0.968416 0.640969
vt 0.968575 0.647587
vt 0.507233 0.653447
vt 0.512498 0.652199
vt 0.511611 0.657643
vt 0.065071 0.645179
vt 0.060554 0.652199
vt 0.059375 0.647706
vt 0.065258 0.659233
vt 0.065231 0.651797
vt 0.420514 0.583950
vt 0.423043 0.578978
vt 0.417499 0.578666
vt 0.429651 0.966373
vt 0.423043 0.970730
vt 0.426676 0.971926
vt 0.416674 0.965853
vt 0.423960 0.966136
vt 0.455276 0.588235
vt 0.457549 0.583232
vt 0.461260 0.587351
vt 0.450830 0.062509
vt 0.457549 0.058155
vt 0.452084 0.056908
vt 0.463808 0.063029
vt 0.458117 0.062791
vt 0.337164 0.583950
vt 0.334892 0.578978
vt 0.331179 0.583088
vt 0.341612 0.963015
vt 0.334892 0.967397
vt 0.340358 0.968641
vt 0.328632 0.962554
vt 0.334325 0.962747
vt 0.371925 0.588235
vt 0.369398 0.583232
vt 0.374942 0.582929
vt 0.362789 0.059209
vt 0.369398 0.054822
vt 0.365764 0.053665
vt 0.375768 0.059671
vt 0.368481 0.059402
vt 0.285184 0.649162
vt 0.279918 0.647946
vt 0.280803 0.653380
vt 0.961057 0.640969
vt 0.965640 0.647946
vt 0.966777 0.643443
vt 0.961002 0.655023
vt 0.960960 0.647587
vt 0.319945 0.653447
vt 0.314424 0.652199
vt 0.317656 0.647706
vt 0.057657 0.659233
vt 0.053064 0.652199
vt 0.052087 0.657643
vt 0.057713 0.645179
vt 0.057615 0.651797
vt 0.303717 0.730481
vt 0.299519 0.733948
vt 0.304305 0.736610
vt 0.961974 0.728255
vt 0.966782 0.733948
vt 0.967737 0.728641
vt 0.304283 0.962366
vt 0.299519 0.966782
vt 0.298356 0.962121
vt 0.338478 0.734765
vt 0.334025 0.738201
vt 0.332540 0.732904
vt 0.338440 0.059021
vt 0.334025 0.054206
vt 0.338889 0.053364
vt 0.058629 0.732465
vt 0.054206 0.738201
vt 0.058776 0.739247
vt 0.383988 0.971183
vt 0.453496 0.736610
vt 0.488080 0.059005
vt 0.064883 0.739247
vt 0.973858 0.728641
vt 0.477027 0.653380
vt 0.059507 0.657643
vt 0.971926 0.583088
vt 0.974025 0.643443
vt 0.063029 0.586452
vt 0.057275 0.587351
vt 0.417499 0.971558
vt 0.340358 0.578666
vt 0.374942 0.053991
vt 0.452084 0.582929
vt 0.968315 0.583088
vt 0.962554 0.582242
vt 0.283072 0.643443
vt 0.059209 0.586452
vt 0.052127 0.647706
vt 0.966738 0.653380
vt 0.053087 0.732904
vt 0.315388 0.657643
vt 0.332513 0.058776
vt 0.962121 0.735036
vt 0.304305 0.968014
vt 0.408386 0.056148
vt 0.338889 0.740873
vt 0.966373 0.582242
vt 0.393578 0.775052
vt 0.393549 0.780575
vt 0.398654 0.778466
vt 0.386302 0.052792
vt 0.393549 0.057348
vt 0.388462 0.058438
vt 0.400717 0.052669
vt 0.393510 0.052723
vt 0.393279 0.774918
vt 0.393308 0.780467
vt 0.388203 0.778350
vt 0.400555 0.033669
vt 0.393308 0.029112
vt 0.398396 0.028038
vt 0.386140 0.033792
vt 0.393347 0.033724
vt 0.472010 0.737281
vt 0.476309 0.740719
vt 0.477844 0.735421
vt 0.471676 0.052194
vt 0.476309 0.056794
vt 0.471489 0.057863
vt 0.052160 0.734987
vt 0.056794 0.740719
vt 0.052160 0.741769
vt 0.471712 0.737147
vt 0.476068 0.740611
vt 0.471230 0.743275
vt 0.033161 0.734914
vt 0.028558 0.740611
vt 0.027527 0.735305
vt 0.471514 0.033194
vt 0.476068 0.028558
vt 0.477446 0.033161
vt 0.491384 0.652409
vt 0.496752 0.651164
vt 0.493567 0.646670
vt 0.052304 0.658202
vt 0.056962 0.651164
vt 0.057988 0.656607
vt 0.052385 0.644148
vt 0.052331 0.650766
vt 0.491085 0.652275
vt 0.496511 0.651056
vt 0.495576 0.656491
vt 0.033386 0.644075
vt 0.028726 0.651056
vt 0.027732 0.646554
vt 0.033305 0.658129
vt 0.033332 0.650693
vt 0.437110 0.584347
vt 0.439483 0.579347
vt 0.433984 0.579043
vt 0.445882 0.053040
vt 0.439483 0.057726
vt 0.443167 0.058717
vt 0.432895 0.053175
vt 0.440187 0.053107
vt 0.436811 0.584213
vt 0.439242 0.579239
vt 0.442908 0.583350
vt 0.432733 0.034176
vt 0.439242 0.029490
vt 0.433725 0.028500
vt 0.445720 0.034041
vt 0.440024 0.034108
vt 0.350058 0.584347
vt 0.347628 0.579347
vt 0.343962 0.583466
vt 0.354138 0.053847
vt 0.347628 0.058510
vt 0.353145 0.059502
vt 0.341150 0.053934
vt 0.346846 0.053904
vt 0.349760 0.584213
vt 0.347387 0.579239
vt 0.352886 0.578927
vt 0.340988 0.034935
vt 0.347387 0.030274
vt 0.343703 0.029252
vt 0.353975 0.034848
vt 0.346684 0.034905
vt 0.295780 0.652409
vt 0.290355 0.651164
vt 0.291289 0.656607
vt 0.054118 0.644148
vt 0.058724 0.651164
vt 0.059752 0.646670
vt 0.054091 0.658202
vt 0.054121 0.650766
vt 0.295481 0.652275
vt 0.290113 0.651056
vt 0.293299 0.646554
vt 0.035092 0.658129
vt 0.030488 0.651056
vt 0.029421 0.656491
vt 0.035119 0.644075
vt 0.035122 0.650693
vt 0.315148 0.737281
vt 0.310791 0.740720
vt 0.315630 0.743391
vt 0.053648 0.734987
vt 0.058207 0.740720
vt 0.059279 0.735421
vt 0.315345 0.053528
vt 0.310791 0.058207
vt 0.309414 0.053596
vt 0.314850 0.737147
vt 0.310550 0.740611
vt 0.309016 0.735305
vt 0.315183 0.034529
vt 0.310550 0.029971
vt 0.315371 0.028881
vt 0.034649 0.734914
vt 0.029971 0.740611
vt 0.034597 0.741696
vt 0.398654 0.058351
vt 0.471489 0.743391
vt 0.471230 0.027551
vt 0.398396 0.778350
vt 0.033161 0.741696
vt 0.057840 0.735421
vt 0.027675 0.656491
vt 0.477585 0.735305
vt 0.053040 0.582571
vt 0.058045 0.646670
vt 0.034041 0.582499
vt 0.028405 0.583350
vt 0.493308 0.646554
vt 0.433984 0.058812
vt 0.352886 0.029190
vt 0.059564 0.583466
vt 0.053934 0.582571
vt 0.293557 0.646670
vt 0.034935 0.582499
vt 0.029440 0.646554
vt 0.059734 0.656607
vt 0.309275 0.735421
vt 0.028966 0.735305
vt 0.291030 0.656491
vt 0.309252 0.034597
vt 0.053596 0.741769
vt 0.315630 0.059194
vt 0.388203 0.028125
vt 0.599442 0.774411
vt 0.599566 0.779912
vt 0.604621 0.777810
vt 0.592529 0.961052
vt 0.599566 0.965926
vt 0.594434 0.966801
vt 0.606936 0.961572
vt 0.599733 0.961294
vt 0.632642 0.765230
vt 0.632522 0.770799
vt 0.627465 0.768676
vt 0.639558 0.058206
vt 0.632522 0.053329
vt 0.637652 0.052496
vt 0.625152 0.057685
vt 0.632356 0.057927
vt 0.674530 0.738222
vt 0.678979 0.741639
vt 0.680464 0.736348
vt 0.674557 0.964339
vt 0.678979 0.969176
vt 0.674116 0.970012
vt 0.964776 0.735879
vt 0.969176 0.741639
vt 0.964598 0.742660
vt 0.707730 0.729041
vt 0.711935 0.732526
vt 0.707147 0.735183
vt 0.061410 0.726858
vt 0.056579 0.732526
vt 0.055649 0.727214
vt 0.707179 0.060973
vt 0.711935 0.056579
vt 0.713106 0.061232
vt 0.693049 0.656907
vt 0.698564 0.655641
vt 0.695333 0.651153
vt 0.966110 0.662650
vt 0.970742 0.655641
vt 0.971692 0.661090
vt 0.966134 0.648597
vt 0.966191 0.655214
vt 0.726249 0.647726
vt 0.731521 0.646528
vt 0.730635 0.651957
vt 0.062768 0.639576
vt 0.058145 0.646528
vt 0.057037 0.642019
vt 0.062743 0.653629
vt 0.062824 0.646193
vt 0.641054 0.591697
vt 0.643575 0.586676
vt 0.638032 0.586379
vt 0.650177 0.965030
vt 0.643575 0.969445
vt 0.647211 0.970574
vt 0.637195 0.964623
vt 0.644483 0.964872
vt 0.674254 0.582517
vt 0.676531 0.577563
vt 0.680243 0.581667
vt 0.669818 0.061257
vt 0.676531 0.056848
vt 0.671063 0.055615
vt 0.682800 0.061663
vt 0.677106 0.061505
vt 0.557698 0.591697
vt 0.555418 0.586676
vt 0.551709 0.590801
vt 0.562129 0.961912
vt 0.555418 0.966261
vt 0.560885 0.967501
vt 0.549151 0.961381
vt 0.554842 0.961634
vt 0.590898 0.582517
vt 0.588374 0.577563
vt 0.593917 0.577245
vt 0.581774 0.058015
vt 0.588374 0.053664
vt 0.584740 0.052453
vt 0.594751 0.058546
vt 0.587465 0.058268
vt 0.505750 0.656907
vt 0.500478 0.655641
vt 0.501368 0.661090
vt 0.959105 0.648597
vt 0.963589 0.655641
vt 0.964786 0.651153
vt 0.958849 0.662650
vt 0.958917 0.655214
vt 0.538950 0.647726
vt 0.533434 0.646528
vt 0.536662 0.642019
vt 0.055483 0.653629
vt 0.050991 0.646528
vt 0.049933 0.651957
vt 0.055739 0.639576
vt 0.055551 0.646193
vt 0.524328 0.738222
vt 0.520126 0.741639
vt 0.524916 0.744317
vt 0.958722 0.735879
vt 0.963440 0.741639
vt 0.964475 0.736348
vt 0.524885 0.958934
vt 0.520126 0.963440
vt 0.518956 0.958765
vt 0.557528 0.729041
vt 0.553082 0.732526
vt 0.551593 0.727214
vt 0.557508 0.055568
vt 0.553082 0.050842
vt 0.557947 0.049953
vt 0.055356 0.726858
vt 0.050842 0.732526
vt 0.055399 0.733639
vt 0.604621 0.967168
vt 0.707147 0.055341
vt 0.061232 0.733639
vt 0.680483 0.964598
vt 0.970321 0.736348
vt 0.057020 0.651957
vt 0.713495 0.727214
vt 0.970574 0.590801
vt 0.971709 0.651153
vt 0.647211 0.590801
vt 0.061663 0.580851
vt 0.055902 0.581667
vt 0.728365 0.642019
vt 0.638032 0.970287
vt 0.560885 0.586379
vt 0.593917 0.052829
vt 0.671063 0.577245
vt 0.967125 0.590801
vt 0.961381 0.589872
vt 0.058015 0.580851
vt 0.050114 0.642019
vt 0.584740 0.581667
vt 0.964605 0.661090
vt 0.518561 0.736348
vt 0.049803 0.727214
vt 0.534399 0.651957
vt 0.551578 0.055399
vt 0.958765 0.742660
vt 0.524916 0.964624
vt 0.594434 0.777810
vt 0.627465 0.052129
vt 0.965030 0.589872
vt 0.614909 0.775074
vt 0.614935 0.780600
vt 0.620023 0.778490
vt 0.607763 0.052695
vt 0.614935 0.057369
vt 0.609830 0.058374
vt 0.622178 0.052806
vt 0.614970 0.052746
vt 0.615178 0.774973
vt 0.615152 0.780519
vt 0.610064 0.778403
vt 0.622324 0.033807
vt 0.615152 0.029132
vt 0.620257 0.028140
vt 0.607909 0.033696
vt 0.615117 0.033746
vt 0.693339 0.737303
vt 0.697693 0.740744
vt 0.699211 0.735445
vt 0.693135 0.053452
vt 0.697693 0.058122
vt 0.692856 0.059115
vt 0.053554 0.735016
vt 0.058122 0.740744
vt 0.053511 0.741798
vt 0.693609 0.737202
vt 0.697911 0.740663
vt 0.693090 0.743327
vt 0.034554 0.734961
vt 0.029885 0.740663
vt 0.028874 0.735358
vt 0.693282 0.034453
vt 0.697911 0.029885
vt 0.699213 0.034511
vt 0.712708 0.652431
vt 0.718131 0.651189
vt 0.714929 0.646693
vt 0.053910 0.658231
vt 0.058538 0.651189
vt 0.059553 0.656631
vt 0.053926 0.644177
vt 0.053933 0.650795
vt 0.712978 0.652330
vt 0.718349 0.651108
vt 0.717431 0.656544
vt 0.034927 0.644122
vt 0.030301 0.651108
vt 0.029252 0.646606
vt 0.034911 0.658176
vt 0.034934 0.650740
vt 0.658431 0.584369
vt 0.660858 0.579371
vt 0.655342 0.579066
vt 0.667332 0.053725
vt 0.660858 0.058304
vt 0.664526 0.059358
vt 0.654345 0.053643
vt 0.661636 0.053695
vt 0.658700 0.584268
vt 0.661076 0.579290
vt 0.664759 0.583402
vt 0.654491 0.034644
vt 0.661076 0.030067
vt 0.655575 0.028988
vt 0.667479 0.034726
vt 0.661783 0.034696
vt 0.571378 0.584369
vt 0.569002 0.579371
vt 0.565319 0.583489
vt 0.575587 0.053036
vt 0.569002 0.057596
vt 0.574503 0.058677
vt 0.562599 0.052918
vt 0.568295 0.052976
vt 0.571648 0.584268
vt 0.569220 0.579290
vt 0.574736 0.578979
vt 0.562746 0.033919
vt 0.569220 0.029359
vt 0.565553 0.028281
vt 0.575733 0.034037
vt 0.568442 0.033977
vt 0.517103 0.652431
vt 0.511732 0.651189
vt 0.512650 0.656631
vt 0.052362 0.644177
vt 0.056947 0.651189
vt 0.058023 0.646693
vt 0.052297 0.658231
vt 0.052317 0.650795
vt 0.517373 0.652330
vt 0.511950 0.651107
vt 0.515152 0.646606
vt 0.033297 0.658176
vt 0.028711 0.651107
vt 0.027664 0.656544
vt 0.033363 0.644122
vt 0.033317 0.650740
vt 0.536476 0.737303
vt 0.532174 0.740744
vt 0.536996 0.743415
vt 0.052210 0.735016
vt 0.056846 0.740744
vt 0.057888 0.735445
vt 0.536804 0.052247
vt 0.532174 0.056846
vt 0.530872 0.052214
vt 0.536746 0.737202
vt 0.532392 0.740663
vt 0.530874 0.735358
vt 0.536950 0.033248
vt 0.532392 0.028610
vt 0.537229 0.027601
vt 0.033211 0.734961
vt 0.028610 0.740663
vt 0.033215 0.741743
vt 0.620023 0.058452
vt 0.692856 0.743415
vt 0.693090 0.028802
vt 0.620257 0.778403
vt 0.034511 0.741743
vt 0.059187 0.735445
vt 0.717198 0.656631
vt 0.029241 0.656544
vt 0.053725 0.582600
vt 0.059564 0.646693
vt 0.034726 0.582545
vt 0.029046 0.583402
vt 0.715163 0.646606
vt 0.655342 0.059300
vt 0.574503 0.579066
vt 0.574736 0.028365
vt 0.655575 0.578979
vt 0.052918 0.582600
vt 0.058594 0.583489
vt 0.028281 0.583402
vt 0.027710 0.646606
vt 0.057977 0.656631
vt 0.027575 0.735358
vt 0.512884 0.656544
vt 0.531018 0.033215
vt 0.052214 0.741798
vt 0.536996 0.057914
vt 0.610064 0.028061
vt 0.827454 0.768016
vt 0.827492 0.773588
vt 0.832577 0.771464
vt 0.820338 0.968160
vt 0.827492 0.972862
vt 0.822384 0.973819
vt 0.834752 0.968325
vt 0.827545 0.968262
vt 0.837983 0.777741
vt 0.837944 0.783241
vt 0.832860 0.781139
vt 0.845098 0.064435
vt 0.837944 0.059735
vt 0.843053 0.058733
vt 0.830684 0.064270
vt 0.837891 0.064372
vt 0.902604 0.731828
vt 0.906970 0.735315
vt 0.908484 0.730002
vt 0.902429 0.968755
vt 0.906970 0.973367
vt 0.902128 0.974378
vt 0.968739 0.729649
vt 0.973367 0.735315
vt 0.968776 0.736431
vt 0.913133 0.741553
vt 0.917422 0.744968
vt 0.912604 0.747646
vt 0.064848 0.739205
vt 0.060240 0.744968
vt 0.059164 0.739677
vt 0.912775 0.064865
vt 0.917422 0.060240
vt 0.918707 0.064885
vt 0.921173 0.650513
vt 0.926608 0.649317
vt 0.923403 0.644808
vt 0.968156 0.656421
vt 0.972683 0.649317
vt 0.973768 0.654745
vt 0.967971 0.642368
vt 0.968080 0.648985
vt 0.931702 0.660238
vt 0.937060 0.658970
vt 0.936146 0.664420
vt 0.064081 0.651923
vt 0.059556 0.658970
vt 0.058434 0.654483
vt 0.064266 0.665977
vt 0.064189 0.658541
vt 0.869179 0.585304
vt 0.871620 0.580352
vt 0.866100 0.580034
vt 0.878110 0.966814
vt 0.871620 0.971324
vt 0.875282 0.972448
vt 0.865124 0.966599
vt 0.872415 0.966698
vt 0.879708 0.595029
vt 0.882072 0.590006
vt 0.885758 0.594131
vt 0.875470 0.062709
vt 0.882072 0.058198
vt 0.876575 0.057093
vt 0.888457 0.062924
vt 0.882761 0.062808
vt 0.785774 0.585304
vt 0.783411 0.580352
vt 0.779724 0.584456
vt 0.790013 0.965740
vt 0.783411 0.970315
vt 0.788908 0.971412
vt 0.777026 0.965657
vt 0.782722 0.965672
vt 0.796303 0.595029
vt 0.793863 0.590006
vt 0.799383 0.589709
vt 0.787372 0.061767
vt 0.793863 0.057188
vt 0.790200 0.056151
vt 0.800360 0.061849
vt 0.793068 0.061781
vt 0.733764 0.650513
vt 0.728406 0.649317
vt 0.729319 0.654745
vt 0.965742 0.642368
vt 0.970414 0.649317
vt 0.971441 0.644808
vt 0.965854 0.656421
vt 0.965773 0.648985
vt 0.744293 0.660238
vt 0.738858 0.658970
vt 0.742064 0.654483
vt 0.061963 0.665977
vt 0.057287 0.658970
vt 0.056318 0.664420
vt 0.061851 0.651923
vt 0.061882 0.658541
vt 0.752313 0.731828
vt 0.748024 0.735315
vt 0.752841 0.737971
vt 0.966819 0.729649
vt 0.971548 0.735315
vt 0.972512 0.730002
vt 0.752669 0.967041
vt 0.748024 0.971548
vt 0.746738 0.966926
vt 0.762843 0.741553
vt 0.758476 0.744968
vt 0.756962 0.739677
vt 0.763016 0.063151
vt 0.758476 0.058421
vt 0.763317 0.057467
vt 0.062929 0.739205
vt 0.058421 0.744968
vt 0.063035 0.745986
vt 0.832577 0.973936
vt 0.912604 0.059175
vt 0.843053 0.781139
vt 0.064885 0.745986
vt 0.908360 0.968776
vt 0.974367 0.730002
vt 0.925670 0.654745
vt 0.058565 0.664420
vt 0.966814 0.583643
vt 0.973637 0.644808
vt 0.062924 0.593199
vt 0.057245 0.594131
vt 0.933879 0.654483
vt 0.866100 0.972296
vt 0.799383 0.056210
vt 0.876575 0.589709
vt 0.971354 0.584456
vt 0.965657 0.583643
vt 0.731588 0.644808
vt 0.061767 0.593199
vt 0.056238 0.654483
vt 0.971520 0.654745
vt 0.057310 0.739677
vt 0.739795 0.664420
vt 0.757085 0.063035
vt 0.966926 0.736431
vt 0.752841 0.972669
vt 0.822384 0.771464
vt 0.832860 0.058617
vt 0.763317 0.747646
vt 0.834115 0.775356
vt 0.834068 0.780899
vt 0.839179 0.778784
vt 0.826796 0.053029
vt 0.834068 0.057546
vt 0.828986 0.058651
vt 0.841210 0.052826
vt 0.834003 0.052931
vt 0.833624 0.775433
vt 0.833671 0.780962
vt 0.828560 0.778851
vt 0.840943 0.033828
vt 0.833671 0.029311
vt 0.838753 0.028197
vt 0.826529 0.034030
vt 0.833736 0.033933
vt 0.912540 0.737585
vt 0.916821 0.741044
vt 0.918361 0.735739
vt 0.912163 0.051754
vt 0.916821 0.056296
vt 0.912006 0.057407
vt 0.051603 0.735339
vt 0.056296 0.741044
vt 0.051661 0.742121
vt 0.912049 0.737661
vt 0.916424 0.741106
vt 0.911580 0.743775
vt 0.032605 0.735381
vt 0.028061 0.741106
vt 0.026990 0.735806
vt 0.911896 0.032756
vt 0.916424 0.028061
vt 0.917827 0.032663
vt 0.931907 0.652712
vt 0.937256 0.651488
vt 0.934077 0.646987
vt 0.051188 0.658554
vt 0.055812 0.651488
vt 0.056875 0.656925
vt 0.051202 0.644499
vt 0.051169 0.651117
vt 0.931416 0.652789
vt 0.936860 0.651550
vt 0.935920 0.656991
vt 0.032204 0.644541
vt 0.027577 0.651550
vt 0.026574 0.647054
vt 0.032190 0.658595
vt 0.032171 0.651159
vt 0.877633 0.584650
vt 0.879987 0.579670
vt 0.874493 0.579360
vt 0.886360 0.051757
vt 0.879987 0.056458
vt 0.883676 0.057454
vt 0.873373 0.051925
vt 0.880664 0.051826
vt 0.877141 0.584727
vt 0.879590 0.579732
vt 0.883250 0.583849
vt 0.873106 0.032927
vt 0.879590 0.028224
vt 0.874067 0.027262
vt 0.886093 0.032759
vt 0.880397 0.032828
vt 0.790586 0.584650
vt 0.788137 0.579670
vt 0.784477 0.583783
vt 0.794621 0.053032
vt 0.788137 0.057749
vt 0.793660 0.058709
vt 0.781634 0.053228
vt 0.787329 0.053138
vt 0.790094 0.584727
vt 0.787740 0.579732
vt 0.793234 0.579427
vt 0.781367 0.034230
vt 0.787740 0.029514
vt 0.784051 0.028537
vt 0.794354 0.034034
vt 0.787063 0.034140
vt 0.736316 0.652712
vt 0.730872 0.651488
vt 0.731812 0.656925
vt 0.054053 0.644499
vt 0.058711 0.651488
vt 0.059695 0.646987
vt 0.054129 0.658554
vt 0.054116 0.651117
vt 0.735824 0.652789
vt 0.730475 0.651550
vt 0.733654 0.647054
vt 0.035131 0.658595
vt 0.030477 0.651550
vt 0.029438 0.656991
vt 0.035055 0.644541
vt 0.035118 0.651159
vt 0.755688 0.737585
vt 0.751313 0.741044
vt 0.756157 0.743709
vt 0.054052 0.735339
vt 0.058621 0.741044
vt 0.059669 0.735739
vt 0.755841 0.053950
vt 0.751313 0.058621
vt 0.749910 0.054024
vt 0.755196 0.737662
vt 0.750916 0.741106
vt 0.749376 0.735806
vt 0.755575 0.034952
vt 0.750916 0.030386
vt 0.755731 0.029286
vt 0.035054 0.735381
vt 0.030386 0.741106
vt 0.035026 0.742163
vt 0.839179 0.058508
vt 0.912006 0.743709
vt 0.911580 0.027097
vt 0.838753 0.778851
vt 0.032663 0.742162
vt 0.918094 0.051661
vt 0.057301 0.735739
vt 0.026564 0.656991
vt 0.051757 0.582922
vt 0.056885 0.646987
vt 0.027143 0.583849
vt 0.032759 0.582964
vt 0.933651 0.647054
vt 0.874493 0.057573
vt 0.793234 0.028398
vt 0.053228 0.582922
vt 0.058848 0.583783
vt 0.734080 0.646987
vt 0.034230 0.582964
vt 0.029384 0.647054
vt 0.059748 0.656925
vt 0.749802 0.735739
vt 0.029358 0.735806
vt 0.749643 0.035026
vt 0.054024 0.742121
vt 0.756157 0.059597
vt 0.828986 0.778784
vt 0.828560 0.028340
vt 0.264278 0.886145
vt 0.269922 0.886163
vt 0.267777 0.881061
vt 0.047784 0.893396
vt 0.043203 0.886163
vt 0.042207 0.891254
vt 0.047863 0.878981
vt 0.047763 0.886188
vt 0.294514 0.891180
vt 0.299936 0.891162
vt 0.297857 0.896264
vt 0.951361 0.883929
vt 0.955934 0.891162
vt 0.957069 0.886071
vt 0.951282 0.898344
vt 0.951261 0.891136
vt 0.228121 0.810996
vt 0.231682 0.806686
vt 0.226349 0.805155
vt 0.049304 0.811305
vt 0.044896 0.806686
vt 0.043744 0.811510
vt 0.049724 0.226123
vt 0.044896 0.231682
vt 0.049484 0.232901
vt 0.258357 0.816031
vt 0.261696 0.811684
vt 0.264395 0.816520
vt 0.953222 0.255833
vt 0.957626 0.261696
vt 0.958846 0.256431
vt 0.952802 0.816253
vt 0.957626 0.811684
vt 0.952982 0.810321
vt 0.146849 0.792435
vt 0.145730 0.787057
vt 0.141199 0.790245
vt 0.052222 0.152933
vt 0.047830 0.145730
vt 0.046608 0.151132
vt 0.052666 0.138886
vt 0.052467 0.145501
vt 0.177085 0.797471
vt 0.175743 0.792055
vt 0.181213 0.792987
vt 0.956165 0.168596
vt 0.960560 0.175743
vt 0.961728 0.171281
vt 0.955720 0.182643
vt 0.955966 0.175211
vt 0.081662 0.844440
vt 0.076788 0.842057
vt 0.076446 0.847560
vt 0.054340 0.835643
vt 0.049795 0.842057
vt 0.048643 0.838376
vt 0.054475 0.848631
vt 0.054466 0.841339
vt 0.111898 0.849475
vt 0.106802 0.847055
vt 0.110950 0.843386
vt 0.957973 0.853579
vt 0.962526 0.847055
vt 0.963544 0.852569
vt 0.957839 0.840591
vt 0.957965 0.846287
vt 0.081647 0.927849
vt 0.076773 0.930270
vt 0.080850 0.933939
vt 0.054064 0.923746
vt 0.049313 0.930270
vt 0.048316 0.924755
vt 0.053787 0.936733
vt 0.053976 0.931037
vt 0.111883 0.932885
vt 0.106786 0.935268
vt 0.106514 0.929765
vt 0.957286 0.941681
vt 0.962044 0.935268
vt 0.962926 0.938949
vt 0.957562 0.928693
vt 0.957474 0.935985
vt 0.146815 0.979854
vt 0.145694 0.985269
vt 0.151096 0.984338
vt 0.051601 0.138851
vt 0.046745 0.145694
vt 0.045873 0.141164
vt 0.051122 0.152897
vt 0.051365 0.145465
vt 0.177051 0.984889
vt 0.175708 0.990268
vt 0.171246 0.987080
vt 0.954620 0.182607
vt 0.959476 0.175708
vt 0.960340 0.181178
vt 0.955099 0.168561
vt 0.954863 0.175175
vt 0.228094 0.961294
vt 0.231654 0.965640
vt 0.234286 0.960805
vt 0.048806 0.226093
vt 0.044026 0.231654
vt 0.043155 0.226320
vt 0.048485 0.961072
vt 0.044026 0.965640
vt 0.048600 0.967003
vt 0.258330 0.966329
vt 0.261667 0.970639
vt 0.256402 0.972170
vt 0.951983 0.966020
vt 0.956757 0.970639
vt 0.957733 0.965815
vt 0.952304 0.255803
vt 0.956757 0.261667
vt 0.952098 0.262582
vt 0.042263 0.881061
vt 0.958550 0.816520
vt 0.952982 0.262611
vt 0.049484 0.805373
vt 0.044041 0.226349
vt 0.151132 0.787977
vt 0.961414 0.181213
vt 0.256431 0.810164
vt 0.048643 0.080868
vt 0.046923 0.141199
vt 0.080868 0.838376
vt 0.963448 0.110950
vt 0.957839 0.109892
vt 0.048738 0.847560
vt 0.076432 0.924755
vt 0.963121 0.929765
vt 0.048120 0.080850
vt 0.053787 0.080164
vt 0.957286 0.109874
vt 0.960679 0.171246
vt 0.110932 0.938949
vt 0.045534 0.151096
vt 0.226320 0.967160
vt 0.957960 0.256402
vt 0.181178 0.989348
vt 0.952098 0.971951
vt 0.048600 0.232872
vt 0.042927 0.960805
vt 0.957013 0.896264
vt 0.264368 0.965815
vt 0.054340 0.080182
vt 0.282049 0.889808
vt 0.287640 0.889802
vt 0.285510 0.884707
vt 0.022565 0.897003
vt 0.017933 0.889802
vt 0.016938 0.894901
vt 0.022541 0.882587
vt 0.022523 0.889795
vt 0.282623 0.889751
vt 0.288103 0.889757
vt 0.286008 0.894852
vt 0.041539 0.882556
vt 0.046166 0.889757
vt 0.047231 0.884658
vt 0.041562 0.896972
vt 0.041520 0.889764
vt 0.244280 0.811374
vt 0.247787 0.807041
vt 0.242468 0.805516
vt 0.022987 0.811627
vt 0.018453 0.807041
vt 0.017379 0.811872
vt 0.023158 0.242149
vt 0.018453 0.247787
vt 0.023051 0.248930
vt 0.244855 0.811318
vt 0.248250 0.806995
vt 0.250934 0.811823
vt 0.042155 0.242460
vt 0.046687 0.248250
vt 0.047809 0.242966
vt 0.041985 0.811596
vt 0.046687 0.806995
vt 0.042049 0.805664
vt 0.159419 0.792002
vt 0.158243 0.786600
vt 0.153728 0.789796
vt 0.024389 0.165373
vt 0.019889 0.158243
vt 0.018763 0.163664
vt 0.024624 0.151321
vt 0.024510 0.157938
vt 0.159993 0.791946
vt 0.158706 0.786554
vt 0.164161 0.787478
vt 0.043622 0.151632
vt 0.048122 0.158706
vt 0.049239 0.154225
vt 0.043386 0.165685
vt 0.043508 0.158249
vt 0.091367 0.846280
vt 0.086436 0.843873
vt 0.086111 0.849383
vt 0.025714 0.837427
vt 0.021159 0.843873
vt 0.020048 0.840199
vt 0.025837 0.850415
vt 0.025801 0.843123
vt 0.091941 0.846224
vt 0.086899 0.843827
vt 0.091030 0.840151
vt 0.044835 0.850384
vt 0.049393 0.843827
vt 0.050445 0.849334
vt 0.044711 0.837396
vt 0.044799 0.843092
vt 0.091370 0.933335
vt 0.086438 0.935732
vt 0.090536 0.939409
vt 0.025965 0.929175
vt 0.021308 0.935732
vt 0.020266 0.930225
vt 0.025883 0.942163
vt 0.025952 0.936467
vt 0.091944 0.933279
vt 0.086901 0.935686
vt 0.086610 0.930176
vt 0.044880 0.942132
vt 0.049541 0.935686
vt 0.050518 0.939360
vt 0.044962 0.929144
vt 0.044950 0.936436
vt 0.159424 0.987613
vt 0.158248 0.993005
vt 0.163669 0.992081
vt 0.024952 0.151326
vt 0.020222 0.158248
vt 0.019253 0.153733
vt 0.024727 0.165378
vt 0.024849 0.157943
vt 0.159998 0.987557
vt 0.158711 0.992959
vt 0.154230 0.989763
vt 0.043724 0.165690
vt 0.048456 0.158711
vt 0.049403 0.164167
vt 0.043950 0.151638
vt 0.043847 0.158255
vt 0.244285 0.968242
vt 0.247791 0.972564
vt 0.250441 0.967736
vt 0.023439 0.242153
vt 0.018720 0.247791
vt 0.017772 0.242473
vt 0.023240 0.967963
vt 0.018720 0.972564
vt 0.023323 0.973895
vt 0.244859 0.968185
vt 0.248254 0.972519
vt 0.242970 0.974043
vt 0.042237 0.967932
vt 0.046954 0.972519
vt 0.047940 0.967687
vt 0.042437 0.242465
vt 0.046954 0.248254
vt 0.042320 0.249246
vt 0.016921 0.884707
vt 0.250437 0.811872
vt 0.047688 0.811823
vt 0.042049 0.249241
vt 0.023051 0.805695
vt 0.017499 0.242468
vt 0.049073 0.164161
vt 0.242966 0.805467
vt 0.025714 0.089753
vt 0.018930 0.153728
vt 0.044711 0.090065
vt 0.050357 0.091030
vt 0.154225 0.789747
vt 0.020135 0.849383
vt 0.050575 0.930176
vt 0.020208 0.090536
vt 0.025883 0.089756
vt 0.050518 0.091033
vt 0.049562 0.154230
vt 0.091033 0.939360
vt 0.019093 0.163669
vt 0.242473 0.974092
vt 0.048081 0.242970
vt 0.042320 0.973864
vt 0.023323 0.248934
vt 0.017631 0.967736
vt 0.285510 0.894901
vt 0.047247 0.894852
vt 0.250938 0.967687
vt 0.044880 0.090068
vt 0.497748 0.881885
vt 0.503301 0.881924
vt 0.501183 0.876816
vt 0.053617 0.889185
vt 0.049081 0.881924
vt 0.047995 0.887008
vt 0.053784 0.874770
vt 0.053691 0.881977
vt 0.502536 0.892518
vt 0.508054 0.892479
vt 0.505946 0.897587
vt 0.957711 0.885218
vt 0.962245 0.892479
vt 0.963353 0.887394
vt 0.957544 0.899633
vt 0.957618 0.892425
vt 0.461562 0.806740
vt 0.465032 0.802451
vt 0.459724 0.800913
vt 0.054735 0.807098
vt 0.050199 0.802451
vt 0.049091 0.807268
vt 0.054898 0.459341
vt 0.050199 0.465032
vt 0.054827 0.466123
vt 0.466350 0.817373
vt 0.469784 0.813006
vt 0.472457 0.817847
vt 0.958825 0.464046
vt 0.963363 0.469784
vt 0.964446 0.464488
vt 0.958663 0.817546
vt 0.963363 0.813006
vt 0.958755 0.811614
vt 0.380245 0.788181
vt 0.379031 0.782823
vt 0.374527 0.786005
vt 0.055472 0.386111
vt 0.050873 0.379031
vt 0.049796 0.384465
vt 0.055508 0.372057
vt 0.055513 0.378675
vt 0.385033 0.798813
vt 0.383784 0.793377
vt 0.389228 0.794315
vt 0.959436 0.376761
vt 0.964038 0.383784
vt 0.965062 0.379291
vt 0.959400 0.390815
vt 0.959441 0.383379
vt 0.315030 0.840183
vt 0.310060 0.837820
vt 0.309747 0.843316
vt 0.055273 0.831435
vt 0.050597 0.837820
vt 0.049580 0.834133
vt 0.055155 0.844422
vt 0.055232 0.837131
vt 0.319818 0.850815
vt 0.314813 0.848374
vt 0.318934 0.844711
vt 0.959082 0.854870
vt 0.963761 0.848374
vt 0.964737 0.853895
vt 0.959200 0.841883
vt 0.959159 0.847579
vt 0.315025 0.923587
vt 0.310055 0.926028
vt 0.314164 0.929691
vt 0.054287 0.919533
vt 0.049577 0.926028
vt 0.048604 0.920508
vt 0.054104 0.932520
vt 0.054195 0.926824
vt 0.319813 0.934220
vt 0.314808 0.936583
vt 0.314506 0.931086
vt 0.958032 0.942968
vt 0.962741 0.936583
vt 0.963716 0.940270
vt 0.958214 0.929981
vt 0.958122 0.937272
vt 0.380234 0.975589
vt 0.379019 0.981025
vt 0.384453 0.980087
vt 0.053257 0.372045
vt 0.048582 0.379019
vt 0.047605 0.374516
vt 0.053147 0.386099
vt 0.053184 0.378663
vt 0.385022 0.986222
vt 0.383772 0.991580
vt 0.379279 0.988398
vt 0.957075 0.390803
vt 0.961747 0.383772
vt 0.962767 0.389217
vt 0.957185 0.376750
vt 0.957111 0.383367
vt 0.461553 0.957030
vt 0.465022 0.961397
vt 0.467684 0.956556
vt 0.052959 0.459331
vt 0.048362 0.465022
vt 0.047334 0.459715
vt 0.053004 0.956857
vt 0.048362 0.961397
vt 0.052959 0.962788
vt 0.466341 0.967663
vt 0.469775 0.971952
vt 0.464478 0.973489
vt 0.956932 0.967305
vt 0.961526 0.971952
vt 0.962606 0.967134
vt 0.956887 0.464036
vt 0.961526 0.469775
vt 0.956887 0.470818
vt 0.048113 0.876816
vt 0.964332 0.817847
vt 0.505947 0.887394
vt 0.958755 0.470827
vt 0.049206 0.459724
vt 0.384465 0.783737
vt 0.965037 0.389228
vt 0.464488 0.811492
vt 0.049580 0.314170
vt 0.049822 0.374527
vt 0.964820 0.318934
vt 0.959200 0.318032
vt 0.379291 0.796583
vt 0.049497 0.843316
vt 0.309742 0.920508
vt 0.963845 0.931086
vt 0.314510 0.853895
vt 0.054104 0.313321
vt 0.048475 0.314164
vt 0.374516 0.977819
vt 0.963716 0.318928
vt 0.962845 0.379279
vt 0.318928 0.940270
vt 0.047527 0.384453
vt 0.962574 0.464478
vt 0.956887 0.973236
vt 0.052959 0.466113
vt 0.047366 0.956556
vt 0.963235 0.897587
vt 0.472448 0.967134
vt 0.055273 0.313327
vt 0.958032 0.318026
vt 0.502953 0.889351
vt 0.508539 0.889358
vt 0.506411 0.884259
vt 0.022223 0.896576
vt 0.017619 0.889358
vt 0.016601 0.894452
vt 0.022255 0.882160
vt 0.022212 0.889368
vt 0.503474 0.889427
vt 0.508959 0.889419
vt 0.506862 0.894518
vt 0.041253 0.882202
vt 0.045853 0.889419
vt 0.046934 0.884325
vt 0.041221 0.896617
vt 0.041210 0.889409
vt 0.465188 0.810917
vt 0.468690 0.806596
vt 0.463373 0.805068
vt 0.022917 0.811200
vt 0.018392 0.806596
vt 0.017304 0.811424
vt 0.023105 0.463044
vt 0.018392 0.468690
vt 0.022997 0.469825
vt 0.465709 0.810993
vt 0.469110 0.806658
vt 0.471792 0.811489
vt 0.042103 0.463327
vt 0.046626 0.469110
vt 0.047746 0.463824
vt 0.041915 0.811241
vt 0.046626 0.806658
vt 0.041995 0.805310
vt 0.380326 0.791546
vt 0.379144 0.786156
vt 0.374631 0.789347
vt 0.024286 0.386268
vt 0.019769 0.379144
vt 0.018648 0.384567
vt 0.024488 0.372215
vt 0.024397 0.378832
vt 0.380847 0.791622
vt 0.379565 0.786217
vt 0.385019 0.787145
vt 0.043486 0.372498
vt 0.048004 0.379565
vt 0.049102 0.375082
vt 0.043284 0.386551
vt 0.043395 0.379115
vt 0.312269 0.845823
vt 0.307332 0.843429
vt 0.307009 0.848935
vt 0.025298 0.837000
vt 0.020714 0.843429
vt 0.019623 0.839751
vt 0.025363 0.849988
vt 0.025357 0.842696
vt 0.312790 0.845899
vt 0.307753 0.843490
vt 0.311883 0.839817
vt 0.044361 0.850029
vt 0.048949 0.843490
vt 0.049979 0.849001
vt 0.044296 0.837041
vt 0.044355 0.842737
vt 0.312266 0.932878
vt 0.307329 0.935287
vt 0.311428 0.938960
vt 0.025192 0.928748
vt 0.020515 0.935287
vt 0.019493 0.929776
vt 0.025071 0.941736
vt 0.025154 0.936040
vt 0.312787 0.932954
vt 0.307750 0.935349
vt 0.307458 0.929842
vt 0.044069 0.941777
vt 0.048749 0.935349
vt 0.049718 0.939026
vt 0.044190 0.928789
vt 0.044152 0.936081
vt 0.380319 0.987156
vt 0.379138 0.992560
vt 0.384561 0.991632
vt 0.024048 0.372209
vt 0.019321 0.379138
vt 0.018357 0.374624
vt 0.023831 0.386261
vt 0.023942 0.378826
vt 0.380840 0.987232
vt 0.379558 0.992622
vt 0.375075 0.989430
vt 0.042829 0.386544
vt 0.047556 0.379558
vt 0.048515 0.385012
vt 0.043045 0.372492
vt 0.042940 0.379108
vt 0.465183 0.967784
vt 0.468684 0.972120
vt 0.471336 0.967288
vt 0.022726 0.463039
vt 0.018033 0.468684
vt 0.017070 0.463367
vt 0.022578 0.967536
vt 0.018033 0.972120
vt 0.022632 0.973468
vt 0.465704 0.967860
vt 0.469105 0.972181
vt 0.463818 0.973709
vt 0.041576 0.967577
vt 0.046267 0.972181
vt 0.047276 0.967354
vt 0.041724 0.463322
vt 0.046267 0.469105
vt 0.041630 0.470103
vt 0.016623 0.884259
vt 0.471341 0.811424
vt 0.047614 0.811489
vt 0.506862 0.884325
vt 0.041995 0.470108
vt 0.022997 0.805268
vt 0.017436 0.463373
vt 0.384567 0.787079
vt 0.048959 0.385019
vt 0.463824 0.805134
vt 0.019623 0.311432
vt 0.018791 0.374631
vt 0.311432 0.839751
vt 0.049933 0.311883
vt 0.044296 0.310926
vt 0.019669 0.848935
vt 0.049804 0.929842
vt 0.025071 0.310640
vt 0.019408 0.311428
vt 0.374624 0.989364
vt 0.049718 0.311880
vt 0.048668 0.375075
vt 0.018204 0.384561
vt 0.047381 0.463818
vt 0.041630 0.973509
vt 0.022632 0.469820
vt 0.016965 0.967288
vt 0.046912 0.894518
vt 0.471787 0.967354
vt 0.025298 0.310643
vt 0.697701 0.890350
vt 0.703395 0.890350
vt 0.701234 0.885253
vt 0.045513 0.897558
vt 0.040893 0.890350
vt 0.039959 0.895447
vt 0.045513 0.883143
vt 0.045423 0.890350
vt 0.742530 0.890395
vt 0.747895 0.890395
vt 0.745835 0.895491
vt 0.948440 0.883187
vt 0.953046 0.890395
vt 0.954186 0.885298
vt 0.948439 0.897602
vt 0.948350 0.890394
vt 0.661554 0.815200
vt 0.665166 0.810872
vt 0.659820 0.809346
vt 0.047105 0.815466
vt 0.042762 0.810872
vt 0.041595 0.815701
vt 0.047654 0.659683
vt 0.042762 0.665166
vt 0.047324 0.666457
vt 0.706383 0.815245
vt 0.709666 0.810916
vt 0.712381 0.815746
vt 0.950581 0.703733
vt 0.954915 0.709666
vt 0.956210 0.704421
vt 0.950031 0.815510
vt 0.954915 0.810916
vt 0.950250 0.809578
vt 0.580331 0.796639
vt 0.579266 0.791242
vt 0.574722 0.794436
vt 0.051224 0.586538
vt 0.046954 0.579266
vt 0.045652 0.584648
vt 0.051908 0.572500
vt 0.051586 0.579110
vt 0.625161 0.796684
vt 0.623766 0.791287
vt 0.629249 0.792213
vt 0.954834 0.616550
vt 0.959107 0.623766
vt 0.960363 0.619323
vt 0.954150 0.630588
vt 0.954512 0.623160
vt 0.515196 0.848645
vt 0.510379 0.846243
vt 0.510021 0.851752
vt 0.054768 0.839805
vt 0.050312 0.846243
vt 0.049075 0.842568
vt 0.055072 0.852792
vt 0.055001 0.845501
vt 0.560025 0.848690
vt 0.554879 0.846287
vt 0.559039 0.842612
vt 0.957998 0.852837
vt 0.962465 0.846287
vt 0.963516 0.851796
vt 0.957694 0.839849
vt 0.957927 0.845545
vt 0.515195 0.932055
vt 0.510379 0.934457
vt 0.514438 0.938132
vt 0.055068 0.927908
vt 0.050308 0.934457
vt 0.049286 0.928948
vt 0.054763 0.940896
vt 0.054996 0.935200
vt 0.560025 0.932100
vt 0.554879 0.934502
vt 0.554622 0.928993
vt 0.957689 0.940940
vt 0.962461 0.934502
vt 0.963297 0.938177
vt 0.957994 0.927952
vt 0.957922 0.935244
vt 0.580331 0.984061
vt 0.579265 0.989458
vt 0.584647 0.988532
vt 0.051899 0.572500
vt 0.046944 0.579265
vt 0.046127 0.574721
vt 0.051214 0.586537
vt 0.051576 0.579110
vt 0.625160 0.984106
vt 0.623765 0.989502
vt 0.619322 0.986309
vt 0.954140 0.630587
vt 0.959097 0.623765
vt 0.959869 0.629248
vt 0.954825 0.616550
vt 0.954502 0.623160
vt 0.661553 0.965500
vt 0.665166 0.969828
vt 0.667779 0.964999
vt 0.047646 0.659683
vt 0.042755 0.665166
vt 0.041976 0.659819
vt 0.047097 0.965235
vt 0.042755 0.969828
vt 0.047316 0.971167
vt 0.706383 0.965545
vt 0.709666 0.969873
vt 0.704420 0.971399
vt 0.950024 0.965279
vt 0.954907 0.969873
vt 0.955814 0.965043
vt 0.950572 0.703732
vt 0.954907 0.709666
vt 0.950242 0.710506
vt 0.039960 0.885253
vt 0.667780 0.815701
vt 0.955822 0.815746
vt 0.950250 0.710507
vt 0.047324 0.809534
vt 0.041984 0.659820
vt 0.959879 0.629249
vt 0.704421 0.809391
vt 0.054768 0.513842
vt 0.046136 0.574722
vt 0.963301 0.559039
vt 0.957694 0.557892
vt 0.049290 0.851752
vt 0.510021 0.928948
vt 0.963513 0.928993
vt 0.554622 0.851796
vt 0.049070 0.514438
vt 0.054763 0.513842
vt 0.957689 0.557892
vt 0.960353 0.619322
vt 0.045643 0.584647
vt 0.659819 0.971354
vt 0.956203 0.704420
vt 0.950242 0.971211
vt 0.047316 0.666456
vt 0.041588 0.964999
vt 0.954186 0.895491
vt 0.712380 0.965043
vt 0.723921 0.888742
vt 0.729452 0.888747
vt 0.727340 0.883649
vt 0.024250 0.895963
vt 0.019644 0.888747
vt 0.018594 0.893842
vt 0.024274 0.881547
vt 0.024265 0.888755
vt 0.723868 0.888800
vt 0.729409 0.888794
vt 0.727295 0.893892
vt 0.043274 0.881579
vt 0.047881 0.888794
vt 0.048924 0.883699
vt 0.043250 0.895994
vt 0.043265 0.888786
vt 0.686149 0.810308
vt 0.689595 0.805986
vt 0.684295 0.804458
vt 0.024340 0.810587
vt 0.019721 0.805986
vt 0.018679 0.810813
vt 0.024338 0.683874
vt 0.019721 0.689595
vt 0.024343 0.690655
vt 0.686096 0.810366
vt 0.689553 0.806032
vt 0.692219 0.810864
vt 0.043338 0.683845
vt 0.047958 0.689553
vt 0.048991 0.684249
vt 0.043340 0.810618
vt 0.047958 0.806032
vt 0.043343 0.804687
vt 0.601277 0.790936
vt 0.600040 0.785545
vt 0.595543 0.788737
vt 0.024251 0.607088
vt 0.019619 0.600040
vt 0.018588 0.605480
vt 0.024225 0.593034
vt 0.024240 0.599652
vt 0.601224 0.790994
vt 0.599997 0.785592
vt 0.605435 0.786519
vt 0.043225 0.593005
vt 0.047857 0.599997
vt 0.048883 0.595497
vt 0.043251 0.607059
vt 0.043240 0.599623
vt 0.533215 0.845214
vt 0.528222 0.842818
vt 0.527916 0.848325
vt 0.024051 0.836387
vt 0.019416 0.842818
vt 0.018390 0.839141
vt 0.024020 0.849375
vt 0.024034 0.842083
vt 0.533162 0.845272
vt 0.528179 0.842865
vt 0.532293 0.839191
vt 0.043020 0.849406
vt 0.047654 0.842865
vt 0.048682 0.848375
vt 0.043050 0.836418
vt 0.043034 0.842115
vt 0.533215 0.932269
vt 0.528222 0.934677
vt 0.532339 0.938350
vt 0.023889 0.928135
vt 0.019264 0.934677
vt 0.018235 0.929166
vt 0.023877 0.941123
vt 0.023879 0.935427
vt 0.533162 0.932327
vt 0.528179 0.934723
vt 0.527870 0.929217
vt 0.042877 0.941154
vt 0.047502 0.934723
vt 0.048540 0.938400
vt 0.042889 0.928166
vt 0.042879 0.935458
vt 0.601277 0.986547
vt 0.600040 0.991950
vt 0.605481 0.991022
vt 0.023889 0.593035
vt 0.019277 0.600040
vt 0.018238 0.595543
vt 0.023904 0.607089
vt 0.023893 0.599652
vt 0.601224 0.986605
vt 0.599998 0.991996
vt 0.595497 0.988804
vt 0.042904 0.607060
vt 0.047515 0.599998
vt 0.048563 0.605435
vt 0.042888 0.593006
vt 0.042893 0.599624
vt 0.686149 0.967175
vt 0.689596 0.971509
vt 0.692265 0.966678
vt 0.024049 0.683874
vt 0.019446 0.689596
vt 0.018398 0.684295
vt 0.024081 0.966923
vt 0.019446 0.971509
vt 0.024065 0.972855
vt 0.686097 0.967233
vt 0.689553 0.971556
vt 0.684250 0.973083
vt 0.043081 0.966955
vt 0.047684 0.971556
vt 0.048734 0.966728
vt 0.043049 0.683845
vt 0.047684 0.689553
vt 0.043064 0.690627
vt 0.018611 0.883649
vt 0.692264 0.810813
vt 0.048992 0.810864
vt 0.043343 0.690627
vt 0.024343 0.804655
vt 0.018677 0.684295
vt 0.605480 0.786469
vt 0.048902 0.605435
vt 0.684249 0.804508
vt 0.018390 0.532338
vt 0.018569 0.595543
vt 0.532338 0.839141
vt 0.048704 0.532293
vt 0.043050 0.531428
vt 0.018369 0.848325
vt 0.048548 0.929217
vt 0.527870 0.848375
vt 0.018226 0.532339
vt 0.023877 0.531457
vt 0.042877 0.531429
vt 0.048551 0.595497
vt 0.532293 0.938400
vt 0.018249 0.605481
vt 0.684295 0.973033
vt 0.048711 0.684250
vt 0.605435 0.991072
vt 0.043064 0.972886
vt 0.024065 0.690656
vt 0.018420 0.966678
vt 0.048908 0.893892
vt 0.692219 0.966728
vt 0.024051 0.531457
vt 0.921695 0.885217
vt 0.927358 0.885240
vt 0.925208 0.880137
vt 0.046157 0.892481
vt 0.041588 0.885240
vt 0.040597 0.890330
vt 0.046259 0.878066
vt 0.046137 0.885273
vt 0.957418 0.891758
vt 0.962819 0.891734
vt 0.960746 0.896838
vt 0.949555 0.884494
vt 0.954114 0.891734
vt 0.955269 0.886645
vt 0.949452 0.898909
vt 0.949432 0.891701
vt 0.885552 0.810068
vt 0.889134 0.805764
vt 0.883796 0.804231
vt 0.048006 0.810391
vt 0.043639 0.805764
vt 0.042464 0.810586
vt 0.048507 0.883604
vt 0.043639 0.889134
vt 0.048222 0.890380
vt 0.921276 0.816610
vt 0.924595 0.812258
vt 0.927299 0.817095
vt 0.951803 0.918706
vt 0.956165 0.924595
vt 0.957419 0.919337
vt 0.951301 0.816819
vt 0.956165 0.812258
vt 0.951518 0.810887
vt 0.804300 0.791508
vt 0.803202 0.786135
vt 0.798665 0.789322
vt 0.051470 0.810431
vt 0.047118 0.803202
vt 0.045863 0.808596
vt 0.051993 0.796387
vt 0.051760 0.803001
vt 0.840023 0.798050
vt 0.838662 0.792629
vt 0.844137 0.793562
vt 0.955288 0.831489
vt 0.959644 0.838662
vt 0.960833 0.834207
vt 0.954765 0.845534
vt 0.955055 0.838103
vt 0.739122 0.843512
vt 0.734270 0.841134
vt 0.733920 0.846636
vt 0.053940 0.834729
vt 0.049405 0.841134
vt 0.048234 0.837452
vt 0.054091 0.847717
vt 0.054086 0.840425
vt 0.774845 0.850054
vt 0.769731 0.847628
vt 0.773884 0.843960
vt 0.957386 0.854144
vt 0.961931 0.847628
vt 0.962941 0.853144
vt 0.957236 0.841157
vt 0.957381 0.846853
vt 0.739099 0.926921
vt 0.734245 0.929347
vt 0.738316 0.933014
vt 0.053557 0.922830
vt 0.048779 0.929347
vt 0.047792 0.923831
vt 0.053222 0.935818
vt 0.053448 0.930122
vt 0.774822 0.933462
vt 0.769706 0.935840
vt 0.769440 0.930339
vt 0.956518 0.942246
vt 0.961304 0.935840
vt 0.962156 0.939522
vt 0.956853 0.929258
vt 0.956744 0.936550
vt 0.804248 0.978925
vt 0.803147 0.984346
vt 0.808542 0.983413
vt 0.050609 0.796333
vt 0.045710 0.803147
vt 0.044870 0.798612
vt 0.050040 0.810376
vt 0.050328 0.802945
vt 0.839971 0.985466
vt 0.838608 0.990839
vt 0.834154 0.987653
vt 0.953336 0.845478
vt 0.958236 0.838608
vt 0.959068 0.844083
vt 0.953904 0.831435
vt 0.953623 0.838047
vt 0.885511 0.960365
vt 0.889090 0.964717
vt 0.891716 0.959880
vt 0.047315 0.883558
vt 0.042510 0.889090
vt 0.041667 0.883751
vt 0.046942 0.960156
vt 0.042510 0.964717
vt 0.047074 0.966088
vt 0.921234 0.966906
vt 0.924551 0.971210
vt 0.919293 0.972743
vt 0.950237 0.966584
vt 0.955035 0.971210
vt 0.956003 0.966388
vt 0.950611 0.918660
vt 0.955035 0.924551
vt 0.950369 0.925437
vt 0.040669 0.880137
vt 0.957064 0.817095
vt 0.951518 0.925482
vt 0.048222 0.804459
vt 0.042818 0.883796
vt 0.808596 0.787054
vt 0.960463 0.844137
vt 0.919337 0.810739
vt 0.053940 0.737691
vt 0.046233 0.798665
vt 0.738342 0.837452
vt 0.962835 0.773884
vt 0.957236 0.772793
vt 0.048341 0.846636
vt 0.733899 0.923831
vt 0.962393 0.930339
vt 0.053222 0.737663
vt 0.047555 0.738316
vt 0.798612 0.981144
vt 0.962156 0.773857
vt 0.959470 0.834154
vt 0.044468 0.808542
vt 0.956268 0.919293
vt 0.844083 0.989921
vt 0.950369 0.972515
vt 0.047074 0.890335
vt 0.041403 0.959880
vt 0.955197 0.896838
vt 0.927258 0.966388
vt 0.956518 0.772765
vt 0.942759 0.889384
vt 0.948224 0.889386
vt 0.946133 0.884289
vt 0.026384 0.896597
vt 0.021773 0.889386
vt 0.020688 0.894482
vt 0.026392 0.882181
vt 0.026426 0.889389
vt 0.942032 0.889404
vt 0.947637 0.889403
vt 0.945503 0.894500
vt 0.045388 0.882192
vt 0.050004 0.889403
vt 0.051001 0.884306
vt 0.045380 0.896608
vt 0.045422 0.889400
vt 0.904995 0.810950
vt 0.908375 0.806624
vt 0.903096 0.805098
vt 0.025723 0.811221
vt 0.020993 0.806624
vt 0.020007 0.811453
vt 0.025494 0.902566
vt 0.020993 0.908375
vt 0.025633 0.909346
vt 0.904268 0.810971
vt 0.907789 0.806641
vt 0.910434 0.811471
vt 0.044490 0.902171
vt 0.049224 0.907789
vt 0.050153 0.902466
vt 0.044719 0.811232
vt 0.049224 0.806641
vt 0.044629 0.805300
vt 0.820141 0.791579
vt 0.818839 0.786184
vt 0.814363 0.789377
vt 0.023908 0.825797
vt 0.019143 0.818839
vt 0.018218 0.824298
vt 0.023615 0.811746
vt 0.023754 0.818362
vt 0.819413 0.791599
vt 0.818252 0.786200
vt 0.823668 0.787126
vt 0.042610 0.811351
vt 0.047375 0.818252
vt 0.048317 0.813733
vt 0.042904 0.825402
vt 0.042750 0.817967
vt 0.752094 0.845857
vt 0.747037 0.843457
vt 0.746751 0.848965
vt 0.022306 0.837021
vt 0.017617 0.843457
vt 0.016667 0.839781
vt 0.022169 0.850009
vt 0.022204 0.842717
vt 0.751366 0.845877
vt 0.746450 0.843473
vt 0.750542 0.839799
vt 0.041165 0.850020
vt 0.045849 0.843473
vt 0.046877 0.848982
vt 0.041302 0.837032
vt 0.041199 0.842728
vt 0.752095 0.932912
vt 0.747038 0.935316
vt 0.751174 0.938990
vt 0.022123 0.928769
vt 0.017564 0.935316
vt 0.016523 0.929806
vt 0.022246 0.941757
vt 0.022149 0.936061
vt 0.751367 0.932932
vt 0.746451 0.935332
vt 0.746122 0.929824
vt 0.041241 0.941768
vt 0.045796 0.935332
vt 0.046917 0.939008
vt 0.041119 0.928780
vt 0.041145 0.936072
vt 0.820143 0.987190
vt 0.818841 0.992589
vt 0.824301 0.991662
vt 0.023497 0.811748
vt 0.019024 0.818841
vt 0.017894 0.814365
vt 0.023787 0.825799
vt 0.023632 0.818365
vt 0.819416 0.987210
vt 0.818254 0.992605
vt 0.813735 0.989412
vt 0.042783 0.825404
vt 0.047255 0.818254
vt 0.048406 0.823671
vt 0.042493 0.811353
vt 0.042628 0.817970
vt 0.904997 0.967818
vt 0.908377 0.972148
vt 0.911066 0.967318
vt 0.025393 0.902568
vt 0.020897 0.908377
vt 0.019748 0.903098
vt 0.025633 0.967557
vt 0.020897 0.972148
vt 0.025536 0.973489
vt 0.904269 0.967838
vt 0.907791 0.972164
vt 0.902468 0.973691
vt 0.044629 0.967568
vt 0.049128 0.972164
vt 0.050224 0.967336
vt 0.044389 0.902173
vt 0.049128 0.907791
vt 0.044532 0.908953
vt 0.020694 0.884289
vt 0.050315 0.811471
vt 0.945503 0.884306
vt 0.044629 0.908951
vt 0.025633 0.805289
vt 0.019845 0.903096
vt 0.048525 0.823668
vt 0.022306 0.750182
vt 0.018010 0.814363
vt 0.751172 0.839781
vt 0.046974 0.750542
vt 0.041302 0.749787
vt 0.813733 0.789395
vt 0.016570 0.848965
vt 0.746752 0.929806
vt 0.046830 0.929824
vt 0.016610 0.751174
vt 0.022246 0.750184
vt 0.041241 0.749789
vt 0.048201 0.813735
vt 0.018099 0.824301
vt 0.903098 0.973673
vt 0.050055 0.902468
vt 0.044532 0.973500
vt 0.025536 0.909348
vt 0.019917 0.967318
vt 0.050995 0.894500
vt 0.760581 -0.105640
vt 0.761350 -0.105551
vt 0.761290 -0.109971
vt -0.147399 -0.095204
vt -0.149128 -0.103647
vt -0.148761 -0.105640
vt 0.761485 -0.095078
vt 0.760750 -0.103647
vt 0.760719 -0.095109
vt 0.009503 1.104727
vt 0.010001 1.113319
vt 0.008748 1.104821
vt 0.010116 1.115243
vt 0.010869 1.115155
vt 0.011438 1.119465
vt 0.776661 1.104852
vt 0.776142 1.113319
vt 0.776791 1.115243
vt 0.849181 -0.106728
vt 0.849939 -0.106837
vt 0.849121 -0.111148
vt 0.849315 -0.096255
vt 0.849828 -0.104840
vt -0.146885 -0.096409
vt -0.148620 -0.104840
vt -0.147644 -0.096306
vt 0.011379 1.113958
vt 0.010618 1.114067
vt 0.011940 1.118289
vt 0.010017 1.103521
vt 0.010510 1.112126
vt 0.864492 1.103676
vt 0.865220 1.112126
vt 0.865253 1.103625
vt -0.060902 -0.117130
vt -0.061664 -0.117021
vt -0.062224 -0.121352
vt 0.760819 -0.106739
vt 0.760091 -0.115189
vt 0.760689 -0.117130
vt -0.060301 -0.106584
vt -0.060794 -0.115189
vt -0.059542 -0.106687
vt 0.775372 1.103774
vt 0.776130 1.103665
vt 0.776190 1.108085
vt 0.096600 1.093346
vt 0.098335 1.101777
vt 0.097966 1.103774
vt 0.775996 1.093192
vt 0.775483 1.101777
vt 0.775235 1.093243
vt -0.061154 -0.118218
vt -0.060401 -0.118306
vt -0.061723 -0.122528
vt -0.059788 -0.107790
vt -0.060286 -0.116382
vt 0.848650 -0.107915
vt 0.849169 -0.116382
vt 0.849416 -0.107884
vt 0.863961 1.102488
vt 0.864730 1.102577
vt 0.864021 1.106909
vt 0.863827 1.092015
vt 0.864561 1.100584
vt 0.097114 1.092141
vt 0.098844 1.100584
vt 0.097870 1.092046
vt -0.148154 -0.095109
vt 0.775896 1.104821
vt 0.864671 1.118289
vt 0.776840 1.119465
vt 0.009258 1.103625
vt -0.148251 -0.106837
vt 0.099037 1.106909
vt 0.864592 1.092046
vt -0.059032 -0.107884
vt 0.848471 -0.122528
vt 0.760640 -0.121352
vt 0.848520 -0.118306
vt 0.097359 1.093243
vt -0.149322 -0.109971
vt 0.098536 1.108085
vt -0.061723 0.848471
vt -0.149322 0.761290
vt -0.148820 0.849121
vt 0.011940 0.864671
vt 0.098536 0.776190
vt 0.099037 0.864021
vt 1.061515 -0.114856
vt 1.060751 -0.114955
vt 1.062014 -0.119195
vt 1.060298 -0.104402
vt 1.060671 -0.113012
vt 0.161485 -0.104541
vt 0.160760 -0.113012
vt 0.160724 -0.104494
vt 0.920098 1.097597
vt 0.918480 1.106052
vt 0.919337 1.097505
vt 0.176555 1.107945
vt 0.175798 1.108043
vt 0.176615 1.112362
vt 0.176422 1.097458
vt 0.175909 1.106052
vt 1.060109 -0.116121
vt 1.060862 -0.116043
vt 1.061372 -0.120361
vt 0.249315 -0.105707
vt 0.249836 -0.114195
vt 0.249188 -0.116121
vt 1.059640 -0.105597
vt 1.060020 -0.114195
vt 1.058884 -0.105681
vt 0.265155 1.106857
vt 0.264385 1.106778
vt 0.264445 1.111196
vt 0.919440 1.096402
vt 0.917829 1.104869
vt 0.918224 1.106857
vt 0.264252 1.096292
vt 0.264985 1.104869
vt 0.265018 1.096318
vt 0.162144 -0.104611
vt 0.161374 -0.104689
vt 0.162084 -0.109028
vt 0.162277 -0.094124
vt 0.161543 -0.102701
vt 1.147544 -0.094235
vt 1.149155 -0.102701
vt 1.148301 -0.094151
vt 1.006123 1.118210
vt 1.006876 1.118288
vt 1.005612 1.122528
vt 1.007344 1.107764
vt 1.006965 1.116363
vt 0.177214 1.107875
vt 0.176692 1.116363
vt 0.176447 1.107848
vt 0.250731 -0.105876
vt 0.249974 -0.105777
vt 0.249913 -0.110194
vt 1.146887 -0.095430
vt 1.148505 -0.103884
vt 1.148108 -0.105876
vt 0.250107 -0.095291
vt 0.250620 -0.103884
vt 0.250867 -0.095337
vt 1.006234 1.117122
vt 1.005470 1.117023
vt 1.004970 1.121362
vt 0.265043 1.106708
vt 0.265769 1.115180
vt 0.265171 1.117122
vt 1.006686 1.106569
vt 1.006314 1.115180
vt 1.007447 1.106662
vt 0.249141 -0.120361
vt 0.161358 -0.114955
vt 1.059537 -0.104494
vt 0.918684 1.096318
vt 1.148618 -0.110194
vt 0.917724 1.111196
vt 0.265804 1.106662
vt 1.147648 -0.095337
vt 0.265218 1.121362
vt 0.177341 1.118288
vt 1.008100 1.107848
vt 1.149260 -0.109028
vt 1.148761 -0.104689
vt 0.918877 1.108043
vt 1.148618 0.249913
vt 1.062014 0.161311
vt 1.061372 0.249141
vt 0.917724 0.264445
vt 1.005612 0.177388
vt 1.004970 0.265218
vt 0.287112 0.031176
vt 0.236624 -0.047837
vt 0.170384 -0.072100
vt 0.100099 -0.021701
vt 0.962854 -0.014616
vt 0.095683 0.064677
vt 0.046873 0.073860
vt 0.091087 0.080946
vt 0.160462 0.121991
vt 0.047612 0.100099
vt 0.962114 0.091087
vt 0.024237 -0.055499
vt 0.242997 -0.055642
vt 0.154253 -0.071363
vt 0.050980 -0.020959
vt 0.020486 0.078194
vt 0.091051 0.078250
vt 0.153836 0.128598
vt 0.020669 0.090642
vt 0.050797 0.091051
vt 0.516843 0.037734
vt 0.483368 -0.042011
vt 0.054692 -0.048199
vt 0.451643 -0.051815
vt 0.301712 -0.009409
vt 0.960217 -0.018593
vt 0.325464 0.071236
vt 0.045578 0.080420
vt 0.055301 0.481606
vt 0.459594 0.103837
vt 0.045218 0.329893
vt 0.472738 -0.049262
vt 0.025154 -0.055443
vt 0.375542 -0.071412
vt 0.307921 -0.011824
vt 0.047347 -0.021008
vt 0.017278 0.078275
vt 0.312340 0.078201
vt 0.047587 0.312340
vt 0.715134 0.031033
vt 0.728774 0.027040
vt 0.681651 -0.048711
vt 0.598432 -0.072243
vt 0.528142 -0.021845
vt 0.961850 -0.015645
vt 0.046012 0.073718
vt 0.588476 0.121848
vt 0.046659 0.528142
vt 0.961203 0.541771
vt 0.727298 0.034005
vt 0.692222 -0.049024
vt 0.605437 -0.073368
vt 0.595539 -0.071202
vt 0.049086 -0.020798
vt 0.527873 0.069329
vt 0.019106 0.078512
vt 0.532336 0.078410
vt 0.595501 0.128916
vt 0.684253 0.113195
vt 0.024672 0.690629
vt 0.692262 0.106738
vt 0.018773 0.532296
vt 0.049420 0.532336
vt 0.950883 0.039725
vt 0.930001 0.022657
vt 0.763923 -0.013152
vt 0.738616 -0.010844
vt 0.959849 -0.020027
vt 0.759486 0.073226
vt 0.045516 0.082410
vt 0.909417 0.115631
vt 0.896502 0.102400
vt 0.044799 0.763923
vt 0.960566 0.743023
vt 0.946208 0.033707
vt 0.945938 0.023379
vt 0.911137 -0.049322
vt 0.025750 -0.055514
vt 0.814149 -0.071532
vt 0.751216 -0.020994
vt 0.049146 -0.021128
vt 0.019272 0.078214
vt 0.026494 0.909480
vt 0.018833 0.751216
vt 0.043932 0.750119
vt 0.157999 0.344997
vt 0.244035 0.965177
vt 0.270690 0.298148
vt 0.228276 0.148174
vt 0.237457 0.055853
vt 0.115300 0.967982
vt 0.141933 0.152597
vt 0.091566 0.222888
vt 0.960474 0.309869
vt 0.970763 0.157982
vt 0.053072 0.152597
vt 0.257197 0.054275
vt 0.223152 0.028590
vt 0.123421 0.057142
vt 0.071290 0.225579
vt 0.051297 0.310697
vt 0.095627 0.312363
vt 0.058899 0.152356
vt 0.400109 0.340305
vt 0.503317 0.223584
vt 0.417758 0.156856
vt 0.426939 0.054340
vt 0.366573 0.148872
vt 0.357394 0.971963
vt 0.331413 0.161278
vt 0.281051 0.231568
vt 0.969250 0.153294
vt 0.057053 0.161278
vt 0.472198 0.313915
vt 0.443376 0.027704
vt 0.344672 0.059625
vt 0.309999 0.305946
vt 0.054867 0.312327
vt 0.058014 0.153989
vt 0.029316 0.154054
vt 0.618633 0.346778
vt 0.717928 0.220620
vt 0.709439 0.220121
vt 0.667525 0.150331
vt 0.661304 0.052097
vt 0.581146 0.145909
vt 0.571962 0.967990
vt 0.523836 0.210683
vt 0.964125 0.302305
vt 0.655388 0.149558
vt 0.664571 0.027700
vt 0.574153 0.149601
vt 0.564970 0.056701
vt 0.565370 0.153980
vt 0.050365 0.312341
vt 0.058011 0.154023
vt 0.026390 0.153980
vt 0.832408 0.342344
vt 0.906891 0.308624
vt 0.885263 0.155333
vt 0.873656 0.056331
vt 0.789706 0.972750
vt 0.727711 0.233366
vt 0.756503 0.300882
vt 0.971538 0.155333
vt 0.829975 0.348809
vt 0.919164 0.053149
vt 0.937348 0.226950
vt 0.935038 0.217150
vt 0.884675 0.153809
vt 0.875450 0.149523
vt 0.884633 0.027823
vt 0.785466 0.058273
vt 0.785424 0.153946
vt 0.735063 0.217013
vt 0.732753 0.227088
vt 0.053381 0.312159
vt 0.058136 0.153809
vt 0.027960 0.153946
vt 0.266992 0.465343
vt 0.255168 0.377882
vt 0.150323 0.362064
vt 0.170013 0.362973
vt 0.080069 0.412464
vt 0.963806 0.411104
vt 0.049115 0.508028
vt 0.225553 0.541250
vt 0.263141 0.533535
vt 0.048973 0.080069
vt 0.287305 0.454211
vt 0.252010 0.381295
vt 0.024392 0.375143
vt 0.244262 0.375020
vt 0.155512 0.359299
vt 0.092088 0.409623
vt 0.087886 0.418887
vt 0.050110 0.409703
vt 0.087663 0.499648
vt 0.019534 0.508832
vt 0.155287 0.559235
vt 0.244038 0.543515
vt 0.023945 0.250448
vt 0.019797 0.092088
vt 0.523286 0.461556
vt 0.435248 0.383390
vt 0.406667 0.358282
vt 0.336487 0.408679
vt 0.956024 0.416610
vt 0.332109 0.495057
vt 0.041104 0.504240
vt 0.481910 0.537461
vt 0.443275 0.539037
vt 0.041931 0.336487
vt 0.506841 0.464986
vt 0.384981 0.357613
vt 0.307471 0.419466
vt 0.050287 0.410282
vt 0.019983 0.509494
vt 0.375043 0.559898
vt 0.025356 0.470175
vt 0.471820 0.537819
vt 0.050297 0.311894
vt 0.047975 0.381913
vt 0.692665 0.376293
vt 0.524628 0.414980
vt 0.542740 0.418697
vt 0.961277 0.409514
vt 0.046828 0.510543
vt 0.584986 0.558673
vt 0.670157 0.543764
vt 0.046257 0.524628
vt 0.956231 0.546163
vt 0.726175 0.464874
vt 0.024675 0.375694
vt 0.526725 0.419442
vt 0.049102 0.410259
vt 0.526750 0.500198
vt 0.018507 0.509382
vt 0.531148 0.509468
vt 0.683130 0.544065
vt 0.018788 0.531173
vt 0.925239 0.460992
vt 0.960017 0.458095
vt 0.891793 0.381249
vt 0.918606 0.382189
vt 0.963982 0.415410
vt 0.733926 0.494493
vt 0.048597 0.503676
vt 0.773118 0.510972
vt 0.883782 0.536897
vt 0.049358 0.738372
vt 0.963221 0.773118
vt 0.910916 0.380650
vt 0.902739 0.374229
vt 0.824134 0.356305
vt 0.746363 0.418096
vt 0.047778 0.408913
vt 0.746569 0.499003
vt 0.017678 0.508187
vt 0.814194 0.558590
vt 0.823924 0.560794
vt 0.024492 0.909274
vt 0.910706 0.536449
vt 0.017465 0.750993
vt 0.047991 0.750784
vt 0.250844 0.734605
vt 0.225492 0.588245
vt 0.217623 0.056892
vt 0.129931 0.972993
vt 0.122061 0.589050
vt 0.081802 0.648600
vt 0.095197 0.742574
vt 0.972171 0.588245
vt 0.057713 0.589050
vt 0.252942 0.742732
vt 0.275045 0.645946
vt 0.224641 0.028683
vt 0.125404 0.058908
vt 0.125431 0.582742
vt 0.072759 0.655884
vt 0.052885 0.741120
vt 0.028595 0.582742
vt 0.373802 0.770105
vt 0.418572 0.774367
vt 0.459873 0.968228
vt 0.494433 0.732904
vt 0.509347 0.647706
vt 0.426676 0.583088
vt 0.461260 0.057275
vt 0.331179 0.968315
vt 0.365764 0.587351
vt 0.297956 0.728641
vt 0.053665 0.587351
vt 0.388462 0.778466
vt 0.477608 0.052160
vt 0.495835 0.656607
vt 0.443167 0.583466
vt 0.433725 0.578927
vt 0.442908 0.028405
vt 0.353145 0.579043
vt 0.343962 0.059564
vt 0.343703 0.583350
vt 0.315371 0.743275
vt 0.058717 0.583466
vt 0.029252 0.583350
vt 0.637652 0.768676
vt 0.674116 0.744317
vt 0.697604 0.661090
vt 0.680243 0.055902
vt 0.551709 0.967125
vt 0.503631 0.651153
vt 0.557947 0.735183
vt 0.052453 0.581667
vt 0.609830 0.778490
vt 0.699067 0.053511
vt 0.699445 0.735358
vt 0.664526 0.583489
vt 0.664759 0.029046
vt 0.565319 0.058594
vt 0.565553 0.583402
vt 0.514918 0.646693
vt 0.530640 0.735445
vt 0.537229 0.743327
vt 0.059358 0.583489
vt 0.033919 0.582545
vt 0.902128 0.737971
vt 0.918960 0.739677
vt 0.875282 0.584456
vt 0.885758 0.057245
vt 0.788908 0.580034
vt 0.779724 0.971354
vt 0.790200 0.594131
vt 0.746487 0.730002
vt 0.972448 0.584456
vt 0.056151 0.594131
vt 0.917935 0.735806
vt 0.936345 0.656925
vt 0.883676 0.583783
vt 0.874067 0.579427
vt 0.883250 0.027143
vt 0.793660 0.579360
vt 0.784477 0.058848
vt 0.784051 0.583849
vt 0.731386 0.656991
vt 0.755731 0.743775
vt 0.057454 0.583783
vt 0.028537 0.583849
vt 0.267775 0.891254
vt 0.297859 0.886071
vt 0.234313 0.811510
vt 0.171281 0.795255
vt 0.106528 0.852569
vt 0.963448 0.843386
vt 0.048120 0.933939
vt 0.141164 0.982070
vt 0.962926 0.110932
vt 0.286007 0.884658
vt 0.163664 0.787527
vt 0.090533 0.840199
vt 0.086608 0.849334
vt 0.050357 0.840151
vt 0.086113 0.930225
vt 0.020208 0.939409
vt 0.153733 0.989812
vt 0.164167 0.992032
vt 0.020048 0.090533
vt 0.501182 0.887008
vt 0.467693 0.807268
vt 0.054827 0.801167
vt 0.314170 0.834133
vt 0.964820 0.844711
vt 0.048475 0.929691
vt 0.389217 0.990666
vt 0.459715 0.962911
vt 0.506410 0.894452
vt 0.375082 0.789413
vt 0.307460 0.849001
vt 0.049933 0.839817
vt 0.307006 0.929776
vt 0.019408 0.938960
vt 0.311880 0.939026
vt 0.385012 0.991698
vt 0.463367 0.973643
vt 0.044069 0.310923
vt 0.701234 0.895447
vt 0.745835 0.885298
vt 0.584648 0.792168
vt 0.619323 0.794481
vt 0.514438 0.842568
vt 0.963301 0.842612
vt 0.049070 0.938132
vt 0.559039 0.938177
vt 0.574721 0.986264
vt 0.629248 0.988577
vt 0.049075 0.514438
vt 0.963297 0.559039
vt 0.727340 0.893842
vt 0.727295 0.883699
vt 0.595497 0.788787
vt 0.048704 0.839191
vt 0.527916 0.929166
vt 0.018226 0.938350
vt 0.595543 0.988754
vt 0.048540 0.532293
vt 0.925205 0.890330
vt 0.960749 0.886645
vt 0.891757 0.810586
vt 0.834207 0.795830
vt 0.769462 0.853144
vt 0.962835 0.843960
vt 0.047555 0.933014
vt 0.773857 0.939522
vt 0.883751 0.966235
vt 0.048234 0.738342
vt 0.946133 0.894482
vt 0.911064 0.811453
vt 0.902466 0.805115
vt 0.824298 0.787109
vt 0.746121 0.848982
vt 0.046974 0.839799
vt 0.016610 0.938990
vt 0.750544 0.939008
vt 0.814365 0.989394
vt 0.823671 0.991680
vt 0.910436 0.967336
vt 0.016667 0.751172
vt 0.046917 0.750544
vt 0.850076 -0.096306
vt 0.864622 1.114067
vt 0.760058 -0.106687
vt 0.098476 1.102577
vt -0.148820 -0.111148
vt -0.062224 0.760640
vt 0.011438 0.776840
vt 0.175661 1.097505
vt 0.250081 -0.105681
vt 0.161510 -0.094151
vt 0.161311 -0.119195
vt 0.177388 1.122528
vt 0.918366 1.112362
vt 1.149260 0.162084
vt 0.918366 0.176615
s 0
usemtl wood
f 1/1/1 5/2/1 7/3/1
f 2/4/2 5/5/2 4/6/2
f 3/7/3 5/5/3 6/8/3
f 8/9/4 12/10/4 14/11/4
f 9/12/5 12/13/5 11/14/5
f 10/15/6 12/13/6 13/16/6
f 15/17/7 19/18/7 21/19/7
f 16/20/8 19/21/8 18/22/8
f 17/23/9 19/24/9 20/25/9
f 22/26/10 26/27/10 28/28/10
f 23/29/11 26/30/11 25/31/11
f 24/32/12 26/33/12 27/34/12
f 29/35/13 33/36/13 35/37/13
f 30/38/14 33/39/14 32/40/14
f 31/41/15 33/39/15 34/42/15
f 36/43/16 40/44/16 42/45/16
f 37/46/17 40/47/17 39/48/17
f 38/49/18 40/47/18 41/50/18
f 43/51/19 47/52/19 49/53/19
f 44/54/20 47/55/20 46/56/20
f 45/57/21 47/55/21 48/58/21
f 50/59/22 54/60/22 56/61/22
f 51/62/23 54/63/23 53/64/23
f 52/65/24 54/63/24 55/66/24
f 57/67/25 61/68/25 63/69/25
f 58/70/26 61/71/26 60/72/26
f 59/73/27 61/71/27 62/74/27
f 64/75/28 68/76/28 70/77/28
f 65/78/29 68/79/29 67/80/29
f 66/81/30 68/79/30 69/82/30
f 71/83/31 75/84/31 77/85/31
f 72/86/32 75/87/32 74/88/32
f 73/89/33 75/87/33 76/90/33
f 78/91/34 82/92/34 84/93/34
f 79/94/35 82/95/35 81/96/35
f 80/97/36 82/95/36 83/98/36
f 85/99/37 89/100/37 91/101/37
f 86/102/38 89/103/38 88/104/38
f 87/105/39 89/106/39 90/107/39
f 92/108/40 96/109/40 98/110/40
f 93/111/41 96/112/41 95/113/41
f 94/114/42 96/115/42 97/116/42
f 3/7/43 18/22/43 7/117/43
f 18/118/44 1/1/44 7/3/44
f 9/12/45 28/119/45 24/32/45
f 11/120/46 22/26/46 28/28/46
f 10/15/47 6/8/47 2/4/47
f 6/8/48 9/12/48 3/7/48
f 17/23/49 27/121/49 23/29/49
f 20/122/50 24/32/50 27/34/50
f 17/23/51 32/40/51 21/123/51
f 21/19/52 29/35/52 15/17/52
f 38/49/53 25/31/53 42/124/53
f 42/45/54 22/26/54 36/43/54
f 31/41/55 41/50/55 37/46/55
f 34/42/56 38/49/56 41/50/56
f 44/125/57 35/126/57 31/41/57
f 35/37/58 43/51/58 29/35/58
f 37/46/59 56/127/59 52/128/59
f 39/129/60 50/59/60 56/61/60
f 45/57/61 55/66/61 51/62/61
f 48/58/62 52/65/62 55/66/62
f 58/70/63 49/130/63 45/57/63
f 49/53/64 57/67/64 43/51/64
f 51/62/65 70/131/65 66/81/65
f 53/132/66 64/75/66 70/77/66
f 65/78/67 62/74/67 69/82/67
f 62/74/68 66/81/68 69/82/68
f 59/133/69 74/88/69 63/134/69
f 63/69/70 71/83/70 57/67/70
f 65/135/71 84/136/71 80/97/71
f 84/93/72 64/75/72 78/91/72
f 79/94/73 76/90/73 83/98/73
f 76/90/74 80/97/74 83/98/74
f 86/102/75 77/137/75 73/89/75
f 88/138/76 71/83/76 77/85/76
f 94/114/77 81/96/77 98/139/77
f 81/140/78 92/108/78 98/110/78
f 87/105/79 97/141/79 93/111/79
f 90/142/80 94/114/80 97/116/80
f 87/105/81 4/6/81 91/143/81
f 91/101/82 1/1/82 85/99/82
f 10/15/83 95/113/83 14/144/83
f 95/145/84 8/9/84 14/11/84
f 15/17/85 43/51/85 71/83/85
f 9/12/86 16/20/86 3/7/86
f 93/111/87 2/4/87 87/105/87
f 50/59/88 36/43/88 8/9/88
f 23/29/89 30/38/89 17/23/89
f 37/46/90 44/125/90 31/41/90
f 51/62/91 58/70/91 45/57/91
f 65/135/92 72/86/92 59/133/92
f 79/94/93 86/102/93 73/89/93
f 99/146/94 103/147/94 105/148/94
f 100/149/95 103/150/95 102/151/95
f 101/152/96 103/150/96 104/153/96
f 106/154/97 110/155/97 112/156/97
f 107/157/98 110/158/98 109/159/98
f 108/160/99 110/158/99 111/161/99
f 113/162/100 117/163/100 119/164/100
f 114/165/101 117/166/101 116/167/101
f 115/168/102 117/169/102 118/170/102
f 120/171/103 124/172/103 126/173/103
f 121/174/104 124/175/104 123/176/104
f 122/177/105 124/178/105 125/179/105
f 127/180/106 131/181/106 133/182/106
f 128/183/107 131/184/107 130/185/107
f 129/186/108 131/184/108 132/187/108
f 134/188/109 138/189/109 140/190/109
f 135/191/110 138/192/110 137/193/110
f 136/194/111 138/192/111 139/195/111
f 141/196/112 145/197/112 147/198/112
f 142/199/113 145/200/113 144/201/113
f 143/202/114 145/200/114 146/203/114
f 148/204/115 152/205/115 154/206/115
f 149/207/116 152/208/116 151/209/116
f 150/210/117 152/208/117 153/211/117
f 155/212/118 159/213/118 161/214/118
f 156/215/119 159/216/119 158/217/119
f 157/218/120 159/216/120 160/219/120
f 162/220/121 166/221/121 168/222/121
f 163/223/122 166/224/122 165/225/122
f 164/226/123 166/224/123 167/227/123
f 169/228/124 173/229/124 175/230/124
f 170/231/125 173/232/125 172/233/125
f 171/234/126 173/232/126 174/235/126
f 176/236/127 180/237/127 182/238/127
f 177/239/128 180/240/128 179/241/128
f 178/242/129 180/240/129 181/243/129
f 183/244/130 187/245/130 189/246/130
f 184/247/131 187/248/131 186/249/131
f 185/250/132 187/251/132 188/252/132
f 190/253/133 194/254/133 196/255/133
f 191/256/134 194/257/134 193/258/134
f 192/259/135 194/260/135 195/261/135
f 114/165/136 105/262/136 101/152/136
f 116/263/137 99/146/137 105/148/137
f 122/177/138 109/159/138 126/264/138
f 109/265/139 120/171/139 126/173/139
f 100/149/140 111/161/140 104/153/140
f 104/153/141 107/157/141 101/152/141
f 121/174/142 118/170/142 125/266/142
f 125/179/143 114/165/143 122/177/143
f 128/183/144 119/267/144 115/168/144
f 130/268/145 113/162/145 119/164/145
f 136/194/146 123/176/146 140/269/146
f 140/190/147 120/171/147 134/188/147
f 129/186/148 139/195/148 135/191/148
f 139/195/149 128/183/149 136/194/149
f 142/270/150 133/271/150 129/186/150
f 144/272/151 127/180/151 133/182/151
f 135/191/152 154/273/152 150/274/152
f 154/206/153 134/188/153 148/204/153
f 143/202/154 153/211/154 149/207/154
f 146/203/155 150/210/155 153/211/155
f 143/202/156 158/217/156 147/275/156
f 158/276/157 141/196/157 147/198/157
f 149/207/158 168/277/158 164/226/158
f 151/278/159 162/220/159 168/222/159
f 157/218/160 167/227/160 163/223/160
f 160/219/161 164/226/161 167/227/161
f 170/231/162 161/279/162 157/280/162
f 161/214/163 169/228/163 155/212/163
f 163/281/164 182/282/164 178/242/164
f 182/238/165 162/220/165 176/236/165
f 171/234/166 181/243/166 177/239/166
f 181/243/167 170/231/167 178/242/167
f 171/234/168 186/249/168 175/283/168
f 186/284/169 169/228/169 175/230/169
f 177/239/170 196/285/170 192/259/170
f 179/286/171 190/253/171 196/255/171
f 191/256/172 188/252/172 195/287/172
f 188/288/173 192/259/173 195/261/173
f 100/149/174 189/289/174 185/250/174
f 102/290/175 183/244/175 189/246/175
f 191/256/176 112/291/176 108/160/176
f 193/292/177 106/154/177 112/156/177
f 155/212/178 169/228/178 113/162/178
f 107/157/179 114/165/179 101/152/179
f 191/256/180 100/149/180 185/250/180
f 106/154/181 176/236/181 148/204/181
f 121/174/182 128/183/182 115/168/182
f 135/191/183 142/270/183 129/186/183
f 149/207/184 156/215/184 143/202/184
f 163/281/185 170/231/185 157/280/185
f 177/239/186 184/247/186 171/234/186
f 197/293/187 201/294/187 203/295/187
f 198/296/188 201/297/188 200/298/188
f 199/299/189 201/297/189 202/300/189
f 204/301/190 208/302/190 210/303/190
f 205/304/191 208/305/191 207/306/191
f 206/307/192 208/305/192 209/308/192
f 211/309/193 215/310/193 217/311/193
f 212/312/194 215/313/194 214/314/194
f 213/315/195 215/316/195 216/317/195
f 218/318/196 222/319/196 224/320/196
f 219/321/197 222/322/197 221/323/197
f 220/324/198 222/325/198 223/326/198
f 225/327/199 229/328/199 231/329/199
f 226/330/200 229/331/200 228/332/200
f 227/333/201 229/331/201 230/334/201
f 232/335/202 236/336/202 238/337/202
f 233/338/203 236/339/203 235/340/203
f 234/341/204 236/339/204 237/342/204
f 239/343/205 243/344/205 245/345/205
f 240/346/206 243/347/206 242/348/206
f 241/349/207 243/347/207 244/350/207
f 246/351/208 250/352/208 252/353/208
f 247/354/209 250/355/209 249/356/209
f 248/357/210 250/355/210 251/358/210
f 253/359/211 257/360/211 259/361/211
f 254/362/212 257/363/212 256/364/212
f 255/365/213 257/363/213 258/366/213
f 260/367/214 264/368/214 266/369/214
f 261/370/215 264/371/215 263/372/215
f 262/373/216 264/371/216 265/374/216
f 267/375/217 271/376/217 273/377/217
f 268/378/218 271/379/218 270/380/218
f 269/381/219 271/379/219 272/382/219
f 274/383/220 278/384/220 280/385/220
f 275/386/221 278/387/221 277/388/221
f 276/389/222 278/387/222 279/390/222
f 281/391/223 285/392/223 287/393/223
f 282/394/224 285/395/224 284/396/224
f 283/397/225 285/398/225 286/399/225
f 288/400/226 292/401/226 294/402/226
f 289/403/227 292/404/227 291/405/227
f 290/406/228 292/407/228 293/408/228
f 212/312/229 203/409/229 199/299/229
f 203/295/230 211/309/230 197/293/230
f 220/324/231 207/306/231 224/410/231
f 207/411/232 218/318/232 224/320/232
f 198/296/233 209/308/233 202/300/233
f 209/308/234 199/299/234 202/300/234
f 213/315/235 223/412/235 219/321/235
f 223/326/236 212/312/236 220/324/236
f 213/315/237 228/332/237 217/413/237
f 228/414/238 211/309/238 217/311/238
f 219/321/239 238/415/239 234/341/239
f 238/337/240 218/318/240 232/335/240
f 227/333/241 237/342/241 233/338/241
f 230/334/242 234/341/242 237/342/242
f 240/416/243 231/417/243 227/333/243
f 242/418/244 225/327/244 231/329/244
f 248/419/245 235/340/245 252/420/245
f 235/421/246 246/351/246 252/353/246
f 247/354/247 244/350/247 251/358/247
f 244/350/248 248/357/248 251/358/248
f 254/362/249 245/422/249 241/349/249
f 245/345/250 253/359/250 239/343/250
f 262/373/251 249/356/251 266/423/251
f 266/369/252 246/351/252 260/367/252
f 255/365/253 265/374/253 261/370/253
f 258/366/254 262/373/254 265/374/254
f 268/378/255 259/424/255 255/425/255
f 270/426/256 253/359/256 259/361/256
f 276/389/257 263/427/257 280/428/257
f 263/429/258 274/383/258 280/385/258
f 269/381/259 279/390/259 275/386/259
f 279/390/260 268/378/260 276/389/260
f 269/381/261 284/396/261 273/430/261
f 284/431/262 267/375/262 273/377/262
f 275/386/263 294/432/263 290/406/263
f 277/433/264 288/400/264 294/402/264
f 283/397/265 293/434/265 289/403/265
f 293/408/266 282/394/266 290/406/266
f 283/397/267 200/298/267 287/435/267
f 287/393/268 197/293/268 281/391/268
f 289/403/269 210/436/269 206/307/269
f 210/303/270 288/400/270 204/301/270
f 281/391/271 211/309/271 239/343/271
f 199/299/272 220/324/272 212/312/272
f 289/403/273 198/296/273 283/397/273
f 232/335/274 204/301/274 274/383/274
f 219/321/275 226/330/275 213/315/275
f 227/333/276 248/419/276 240/416/276
f 247/354/277 254/362/277 241/349/277
f 261/437/278 268/378/278 255/425/278
f 275/386/279 282/394/279 269/381/279
f 295/438/280 299/439/280 301/440/280
f 296/441/281 299/442/281 298/443/281
f 297/444/282 299/442/282 300/445/282
f 302/446/283 306/447/283 308/448/283
f 303/449/284 306/450/284 305/451/284
f 304/452/285 306/450/285 307/453/285
f 309/454/286 313/455/286 315/456/286
f 310/457/287 313/458/287 312/459/287
f 311/460/288 313/461/288 314/462/288
f 316/463/289 320/464/289 322/465/289
f 317/466/290 320/467/290 319/468/290
f 318/469/291 320/470/291 321/471/291
f 323/472/292 327/473/292 329/474/292
f 324/475/293 327/476/293 326/477/293
f 325/478/294 327/476/294 328/479/294
f 330/480/295 334/481/295 336/482/295
f 331/483/296 334/484/296 333/485/296
f 332/486/297 334/484/297 335/487/297
f 337/488/298 341/489/298 343/490/298
f 338/491/299 341/492/299 340/493/299
f 339/494/300 341/492/300 342/495/300
f 344/496/301 348/497/301 350/498/301
f 345/499/302 348/500/302 347/501/302
f 346/502/303 348/500/303 349/503/303
f 351/504/304 355/505/304 357/506/304
f 352/507/305 355/508/305 354/509/305
f 353/510/306 355/508/306 356/511/306
f 358/512/307 362/513/307 364/514/307
f 359/515/308 362/516/308 361/517/308
f 360/518/309 362/516/309 363/519/309
f 365/520/310 369/521/310 371/522/310
f 366/523/311 369/524/311 368/525/311
f 367/526/312 369/524/312 370/527/312
f 372/528/313 376/529/313 378/530/313
f 373/531/314 376/532/314 375/533/314
f 374/534/315 376/532/315 377/535/315
f 379/536/316 383/537/316 385/538/316
f 380/539/317 383/540/317 382/541/317
f 381/542/318 383/543/318 384/544/318
f 386/545/319 390/546/319 392/547/319
f 387/548/320 390/549/320 389/550/320
f 388/551/321 390/552/321 391/553/321
f 310/457/322 301/554/322 297/444/322
f 301/440/323 309/454/323 295/438/323
f 303/449/324 322/555/324 318/469/324
f 305/556/325 316/463/325 322/465/325
f 304/452/326 300/445/326 296/441/326
f 300/445/327 303/449/327 297/444/327
f 311/460/328 321/557/328 317/466/328
f 321/471/329 310/457/329 318/469/329
f 311/460/330 326/477/330 315/558/330
f 326/559/331 309/454/331 315/456/331
f 317/466/332 336/560/332 332/486/332
f 319/561/333 330/480/333 336/482/333
f 331/483/334 328/479/334 335/487/334
f 335/487/335 324/475/335 332/486/335
f 325/478/336 340/562/336 329/563/336
f 340/564/337 323/472/337 329/474/337
f 346/565/338 333/485/338 350/566/338
f 350/498/339 330/480/339 344/496/339
f 345/499/340 342/495/340 349/503/340
f 349/503/341 338/491/341 346/502/341
f 339/494/342 354/509/342 343/567/342
f 354/568/343 337/488/343 343/490/343
f 345/499/344 364/569/344 360/518/344
f 364/514/345 344/496/345 358/512/345
f 353/510/346 363/519/346 359/515/346
f 356/511/347 360/518/347 363/519/347
f 353/570/348 368/525/348 357/571/348
f 368/572/349 351/504/349 357/506/349
f 359/573/350 378/574/350 374/534/350
f 378/530/351 358/512/351 372/528/351
f 367/526/352 377/535/352 373/531/352
f 377/535/353 366/523/353 374/534/353
f 367/526/354 382/541/354 371/575/354
f 382/576/355 365/520/355 371/522/355
f 373/531/356 392/577/356 388/551/356
f 375/578/357 386/545/357 392/547/357
f 387/548/358 384/544/358 391/579/358
f 384/580/359 388/551/359 391/553/359
f 296/441/360 385/581/360 381/542/360
f 298/582/361 379/536/361 385/538/361
f 387/548/362 308/583/362 304/452/362
f 389/584/363 302/446/363 308/448/363
f 379/536/364 309/454/364 337/488/364
f 297/444/365 318/469/365 310/457/365
f 387/548/366 296/441/366 381/542/366
f 302/446/367 372/528/367 344/496/367
f 311/460/368 332/486/368 324/475/368
f 331/483/369 338/585/369 325/478/369
f 345/499/370 352/507/370 339/494/370
f 359/573/371 366/523/371 353/570/371
f 373/531/372 380/539/372 367/526/372
f 393/586/373 397/587/373 399/588/373
f 394/589/374 397/590/374 396/591/374
f 395/592/375 397/590/375 398/593/375
f 400/594/376 404/595/376 406/596/376
f 401/597/377 404/598/377 403/599/377
f 402/600/378 404/598/378 405/601/378
f 407/602/379 411/603/379 413/604/379
f 408/605/380 411/606/380 410/607/380
f 409/608/381 411/609/381 412/610/381
f 414/611/382 418/612/382 420/613/382
f 415/614/383 418/615/383 417/616/383
f 416/617/384 418/618/384 419/619/384
f 421/620/385 425/621/385 427/622/385
f 422/623/386 425/624/386 424/625/386
f 423/626/387 425/624/387 426/627/387
f 428/628/388 432/629/388 434/630/388
f 429/631/389 432/632/389 431/633/389
f 430/634/390 432/632/390 433/635/390
f 435/636/391 439/637/391 441/638/391
f 436/639/392 439/640/392 438/641/392
f 437/642/393 439/640/393 440/643/393
f 442/644/394 446/645/394 448/646/394
f 443/647/395 446/648/395 445/649/395
f 444/650/396 446/648/396 447/651/396
f 449/652/397 453/653/397 455/654/397
f 450/655/398 453/656/398 452/657/398
f 451/658/399 453/656/399 454/659/399
f 456/660/400 460/661/400 462/662/400
f 457/663/401 460/664/401 459/665/401
f 458/666/402 460/664/402 461/667/402
f 463/668/403 467/669/403 469/670/403
f 464/671/404 467/672/404 466/673/404
f 465/674/405 467/672/405 468/675/405
f 470/676/406 474/677/406 476/678/406
f 471/679/407 474/680/407 473/681/407
f 472/682/408 474/680/408 475/683/408
f 477/684/409 481/685/409 483/686/409
f 478/687/410 481/688/410 480/689/410
f 479/690/411 481/691/411 482/692/411
f 484/693/412 488/694/412 490/695/412
f 485/696/413 488/697/413 487/698/413
f 486/699/414 488/700/414 489/701/414
f 408/605/415 399/702/415 395/592/415
f 399/588/416 407/602/416 393/586/416
f 416/617/417 403/599/417 420/703/417
f 420/613/418 400/594/418 414/611/418
f 402/600/419 398/593/419 394/589/419
f 398/593/420 401/597/420 395/592/420
f 415/614/421 412/610/421 419/704/421
f 412/705/422 416/617/422 419/619/422
f 422/623/423 413/706/423 409/608/423
f 413/604/424 421/620/424 407/602/424
f 430/634/425 417/616/425 434/707/425
f 417/708/426 428/628/426 434/630/426
f 429/631/427 426/627/427 433/635/427
f 433/635/428 422/623/428 430/634/428
f 436/709/429 427/710/429 423/626/429
f 427/622/430 435/636/430 421/620/430
f 429/631/431 448/711/431 444/712/431
f 431/713/432 442/644/432 448/646/432
f 437/642/433 447/651/433 443/647/433
f 440/643/434 444/650/434 447/651/434
f 450/655/435 441/714/435 437/642/435
f 452/715/436 435/636/436 441/638/436
f 458/666/437 445/649/437 462/716/437
f 445/717/438 456/660/438 462/662/438
f 457/663/439 454/659/439 461/667/439
f 461/667/440 450/655/440 458/666/440
f 464/671/441 455/718/441 451/719/441
f 455/654/442 463/668/442 449/652/442
f 457/720/443 476/721/443 472/682/443
f 459/722/444 470/676/444 476/678/444
f 471/679/445 468/675/445 475/683/445
f 468/675/446 472/682/446 475/683/446
f 478/687/447 469/723/447 465/674/447
f 480/724/448 463/668/448 469/670/448
f 471/679/449 490/725/449 486/699/449
f 473/726/450 484/693/450 490/695/450
f 479/690/451 489/727/451 485/696/451
f 482/728/452 486/699/452 489/701/452
f 394/589/453 483/729/453 479/690/453
f 483/686/454 393/586/454 477/684/454
f 402/600/455 487/698/455 406/730/455
f 487/731/456 400/594/456 406/596/456
f 435/636/457 449/652/457 463/668/457
f 401/597/458 408/605/458 395/592/458
f 485/696/459 394/589/459 479/690/459
f 400/594/460 470/676/460 442/644/460
f 415/614/461 422/623/461 409/608/461
f 429/631/462 436/709/462 423/626/462
f 443/647/463 450/655/463 437/642/463
f 457/720/464 464/671/464 451/719/464
f 471/679/465 478/687/465 465/674/465
f 491/732/466 495/733/466 497/734/466
f 492/735/467 495/736/467 494/737/467
f 493/738/468 495/736/468 496/739/468
f 498/740/469 502/741/469 504/742/469
f 499/743/470 502/744/470 501/745/470
f 500/746/471 502/744/471 503/747/471
f 505/748/472 509/749/472 511/750/472
f 506/751/473 509/752/473 508/753/473
f 507/754/474 509/755/474 510/756/474
f 512/757/475 516/758/475 518/759/475
f 513/760/476 516/761/476 515/762/476
f 514/763/477 516/764/477 517/765/477
f 519/766/478 523/767/478 525/768/478
f 520/769/479 523/770/479 522/771/479
f 521/772/480 523/770/480 524/773/480
f 526/774/481 530/775/481 532/776/481
f 527/777/482 530/778/482 529/779/482
f 528/780/483 530/778/483 531/781/483
f 533/782/484 537/783/484 539/784/484
f 534/785/485 537/786/485 536/787/485
f 535/788/486 537/786/486 538/789/486
f 540/790/487 544/791/487 546/792/487
f 541/793/488 544/794/488 543/795/488
f 542/796/489 544/794/489 545/797/489
f 547/798/490 551/799/490 553/800/490
f 548/801/491 551/802/491 550/803/491
f 549/804/492 551/802/492 552/805/492
f 554/806/493 558/807/493 560/808/493
f 555/809/494 558/810/494 557/811/494
f 556/812/495 558/810/495 559/813/495
f 561/814/496 565/815/496 567/816/496
f 562/817/497 565/818/497 564/819/497
f 563/820/498 565/818/498 566/821/498
f 568/822/499 572/823/499 574/824/499
f 569/825/500 572/826/500 571/827/500
f 570/828/501 572/826/501 573/829/501
f 575/830/502 579/831/502 581/832/502
f 576/833/503 579/834/503 578/835/503
f 577/836/504 579/837/504 580/838/504
f 582/839/505 586/840/505 588/841/505
f 583/842/506 586/843/506 585/844/506
f 584/845/507 586/846/507 587/847/507
f 506/751/508 497/848/508 493/738/508
f 497/734/509 505/748/509 491/732/509
f 514/763/510 501/745/510 518/849/510
f 501/850/511 512/757/511 518/759/511
f 492/735/512 503/747/512 496/739/512
f 496/739/513 499/743/513 493/738/513
f 513/760/514 510/756/514 517/851/514
f 510/852/515 514/763/515 517/765/515
f 507/754/516 522/771/516 511/853/516
f 511/750/517 519/766/517 505/748/517
f 513/760/518 532/854/518 528/780/518
f 515/855/519 526/774/519 532/776/519
f 527/777/520 524/773/520 531/781/520
f 524/773/521 528/780/521 531/781/521
f 534/856/522 525/857/522 521/772/522
f 536/858/523 519/766/523 525/768/523
f 527/777/524 546/859/524 542/860/524
f 546/792/525 526/774/525 540/790/525
f 541/793/526 538/789/526 545/797/526
f 545/797/527 534/785/527 542/796/527
f 548/801/528 539/861/528 535/788/528
f 539/784/529 547/798/529 533/782/529
f 541/793/530 560/862/530 556/812/530
f 543/863/531 554/806/531 560/808/531
f 549/804/532 559/813/532 555/809/532
f 559/813/533 548/801/533 556/812/533
f 562/817/534 553/864/534 549/865/534
f 553/800/535 561/814/535 547/798/535
f 555/866/536 574/867/536 570/828/536
f 574/824/537 554/806/537 568/822/537
f 563/820/538 573/829/538 569/825/538
f 573/829/539 562/817/539 570/828/539
f 576/833/540 567/868/540 563/820/540
f 567/816/541 575/830/541 561/814/541
f 584/845/542 571/827/542 588/869/542
f 571/870/543 582/839/543 588/841/543
f 577/836/544 587/871/544 583/842/544
f 587/847/545 576/833/545 584/845/545
f 492/735/546 581/872/546 577/836/546
f 581/832/547 491/732/547 575/830/547
f 583/842/548 504/873/548 500/746/548
f 504/742/549 582/839/549 498/740/549
f 505/748/550 533/782/550 561/814/550
f 499/743/551 506/751/551 493/738/551
f 583/842/552 492/735/552 577/836/552
f 498/740/553 568/822/553 540/790/553
f 513/760/554 520/769/554 507/754/554
f 527/777/555 534/856/555 521/772/555
f 541/793/556 548/801/556 535/788/556
f 549/865/557 570/828/557 562/817/557
f 563/820/558 584/845/558 576/833/558
f 589/874/559 593/875/559 595/876/559
f 590/877/560 593/878/560 592/879/560
f 591/880/561 593/878/561 594/881/561
f 596/882/562 600/883/562 602/884/562
f 597/885/563 600/886/563 599/887/563
f 598/888/564 600/886/564 601/889/564
f 603/890/565 607/891/565 609/892/565
f 604/893/566 607/894/566 606/895/566
f 605/896/567 607/897/567 608/898/567
f 610/899/568 614/900/568 616/901/568
f 611/902/569 614/903/569 613/904/569
f 612/905/570 614/906/570 615/907/570
f 617/908/571 621/909/571 623/910/571
f 618/911/572 621/912/572 620/913/572
f 619/914/573 621/912/573 622/915/573
f 624/916/574 628/917/574 630/918/574
f 625/919/575 628/920/575 627/921/575
f 626/922/576 628/920/576 629/923/576
f 631/924/577 635/925/577 637/926/577
f 632/927/578 635/928/578 634/929/578
f 633/930/579 635/928/579 636/931/579
f 638/932/580 642/933/580 644/934/580
f 639/935/581 642/936/581 641/937/581
f 640/938/582 642/936/582 643/939/582
f 645/940/583 649/941/583 651/942/583
f 646/943/584 649/944/584 648/945/584
f 647/946/585 649/944/585 650/947/585
f 652/948/586 656/949/586 658/950/586
f 653/951/587 656/952/587 655/953/587
f 654/954/588 656/952/588 657/955/588
f 659/956/589 663/957/589 665/958/589
f 660/959/590 663/960/590 662/961/590
f 661/962/591 663/960/591 664/963/591
f 666/964/592 670/965/592 672/966/592
f 667/967/593 670/968/593 669/969/593
f 668/970/594 670/968/594 671/971/594
f 673/972/595 677/973/595 679/974/595
f 674/975/596 677/976/596 676/977/596
f 675/978/597 677/979/597 678/980/597
f 680/981/598 684/982/598 686/983/598
f 681/984/599 684/985/599 683/986/599
f 682/987/600 684/988/600 685/989/600
f 604/893/601 595/990/601 591/880/601
f 606/991/602 589/874/602 595/876/602
f 597/885/603 616/992/603 612/905/603
f 616/901/604 596/882/604 610/899/604
f 598/888/605 594/881/605 590/877/605
f 601/889/606 591/880/606 594/881/606
f 605/896/607 615/993/607 611/902/607
f 608/994/608 612/905/608 615/907/608
f 618/911/609 609/995/609 605/896/609
f 620/996/610 603/890/610 609/892/610
f 611/902/611 630/997/611 626/922/611
f 613/998/612 624/916/612 630/918/612
f 625/919/613 622/915/613 629/923/613
f 622/915/614 626/922/614 629/923/614
f 632/999/615 623/1000/615 619/914/615
f 623/910/616 631/924/616 617/908/616
f 640/1001/617 627/921/617 644/1002/617
f 627/1003/618 638/932/618 644/934/618
f 633/930/619 643/939/619 639/935/619
f 636/931/248 640/938/248 643/939/248
f 646/943/620 637/1004/620 633/930/620
f 637/926/621 645/940/621 631/924/621
f 654/954/622 641/937/622 658/1005/622
f 658/950/623 638/932/623 652/948/623
f 647/946/624 657/955/624 653/951/624
f 650/947/625 654/954/625 657/955/625
f 647/1006/626 662/961/626 651/1007/626
f 662/1008/627 645/940/627 651/942/627
f 653/1009/628 672/1010/628 668/970/628
f 655/1011/629 666/964/629 672/966/629
f 667/967/630 664/963/630 671/971/630
f 664/963/631 668/970/631 671/971/631
f 674/975/632 665/1012/632 661/962/632
f 665/958/633 673/972/633 659/956/633
f 682/987/634 669/969/634 686/1013/634
f 669/1014/635 680/981/635 686/983/635
f 675/978/636 685/1015/636 681/984/636
f 678/1016/637 682/987/637 685/989/637
f 590/877/638 679/1017/638 675/978/638
f 679/974/639 589/874/639 673/972/639
f 598/888/640 683/986/640 602/1018/640
f 602/884/641 680/981/641 596/882/641
f 673/972/642 603/890/642 631/924/642
f 597/885/643 604/893/643 591/880/643
f 681/984/644 590/877/644 675/978/644
f 596/882/645 666/964/645 638/932/645
f 611/902/646 618/911/646 605/896/646
f 625/919/647 632/999/647 619/914/647
f 639/935/648 646/943/648 633/930/648
f 653/1009/649 660/959/649 647/1006/649
f 667/967/650 674/975/650 661/962/650
f 687/1019/651 691/1020/651 693/1021/651
f 688/1022/652 691/1023/652 690/1024/652
f 689/1025/653 691/1023/653 692/1026/653
f 694/1027/654 698/1028/654 700/1029/654
f 695/1030/655 698/1031/655 697/1032/655
f 696/1033/656 698/1031/656 699/1034/656
f 701/1035/657 705/1036/657 707/1037/657
f 702/1038/658 705/1039/658 704/1040/658
f 703/1041/659 705/1042/659 706/1043/659
f 708/1044/660 712/1045/660 714/1046/660
f 709/1047/661 712/1048/661 711/1049/661
f 710/1050/662 712/1051/662 713/1052/662
f 715/1053/663 719/1054/663 721/1055/663
f 716/1056/664 719/1057/664 718/1058/664
f 717/1059/665 719/1057/665 720/1060/665
f 722/1061/666 726/1062/666 728/1063/666
f 723/1064/667 726/1065/667 725/1066/667
f 724/1067/668 726/1065/668 727/1068/668
f 729/1069/669 733/1070/669 735/1071/669
f 730/1072/670 733/1073/670 732/1074/670
f 731/1075/671 733/1073/671 734/1076/671
f 736/1077/672 740/1078/672 742/1079/672
f 737/1080/673 740/1081/673 739/1082/673
f 738/1083/674 740/1081/674 741/1084/674
f 743/1085/675 747/1086/675 749/1087/675
f 744/1088/676 747/1089/676 746/1090/676
f 745/1091/677 747/1089/677 748/1092/677
f 750/1093/678 754/1094/678 756/1095/678
f 751/1096/679 754/1097/679 753/1098/679
f 752/1099/680 754/1097/680 755/1100/680
f 757/1101/681 761/1102/681 763/1103/681
f 758/1104/682 761/1105/682 760/1106/682
f 759/1107/683 761/1105/683 762/1108/683
f 764/1109/684 768/1110/684 770/1111/684
f 765/1112/685 768/1113/685 767/1114/685
f 766/1115/686 768/1113/686 769/1116/686
f 771/1117/687 775/1118/687 777/1119/687
f 772/1120/688 775/1121/688 774/1122/688
f 773/1123/689 775/1124/689 776/1125/689
f 778/1126/690 782/1127/690 784/1128/690
f 779/1129/691 782/1130/691 781/1131/691
f 780/1132/692 782/1133/692 783/1134/692
f 702/1038/693 693/1135/693 689/1025/693
f 693/1021/694 701/1035/694 687/1019/694
f 695/1030/695 714/1136/695 710/1050/695
f 714/1046/696 694/1027/696 708/1044/696
f 696/1033/697 692/1026/697 688/1022/697
f 692/1026/698 695/1030/698 689/1025/698
f 709/1047/699 706/1043/699 713/1137/699
f 713/1052/700 702/1038/700 710/1050/700
f 716/1056/701 707/1138/701 703/1041/701
f 718/1139/702 701/1035/702 707/1037/702
f 724/1067/703 711/1049/703 728/1140/703
f 711/1141/704 722/1061/704 728/1063/704
f 717/1059/705 727/1068/705 723/1064/705
f 727/1068/706 716/1056/706 724/1067/706
f 730/1142/707 721/1143/707 717/1059/707
f 721/1055/708 729/1069/708 715/1053/708
f 723/1064/709 742/1144/709 738/1145/709
f 742/1079/710 722/1061/710 736/1077/710
f 737/1080/711 734/1076/711 741/1084/711
f 734/1076/712 738/1083/712 741/1084/712
f 744/1088/713 735/1146/713 731/1075/713
f 746/1147/714 729/1069/714 735/1071/714
f 752/1099/715 739/1082/715 756/1148/715
f 739/1149/716 750/1093/716 756/1095/716
f 751/1096/717 748/1092/717 755/1100/717
f 748/1092/718 752/1099/718 755/1100/718
f 745/1150/719 760/1106/719 749/1151/719
f 760/1152/720 743/1085/720 749/1087/720
f 766/1115/721 753/1153/721 770/1154/721
f 753/1155/722 764/1109/722 770/1111/722
f 765/1112/723 762/1108/723 769/1116/723
f 769/1116/724 758/1104/724 766/1115/724
f 759/1107/725 774/1122/725 763/1156/725
f 774/1157/726 757/1101/726 763/1103/726
f 765/1112/727 784/1158/727 780/1132/727
f 767/1159/728 778/1126/728 784/1128/728
f 779/1129/729 776/1125/729 783/1160/729
f 783/1134/730 772/1120/730 780/1132/730
f 688/1022/731 777/1161/731 773/1123/731
f 777/1119/732 687/1019/732 771/1117/732
f 696/1033/733 781/1131/733 700/1162/733
f 781/1163/734 694/1027/734 700/1029/734
f 701/1035/735 729/1069/735 757/1101/735
f 695/1030/736 702/1038/736 689/1025/736
f 773/1123/737 696/1033/737 688/1022/737
f 722/1061/738 694/1027/738 764/1109/738
f 709/1047/739 716/1056/739 703/1041/739
f 723/1064/740 730/1142/740 717/1059/740
f 737/1080/741 744/1088/741 731/1075/741
f 745/1150/742 766/1115/742 758/1104/742
f 765/1112/743 772/1120/743 759/1107/743
f 785/1164/744 789/1165/744 791/1166/744
f 786/1167/745 789/1168/745 788/1169/745
f 787/1170/746 789/1168/746 790/1171/746
f 792/1172/747 796/1173/747 798/1174/747
f 793/1175/748 796/1176/748 795/1177/748
f 794/1178/749 796/1176/749 797/1179/749
f 799/1180/750 803/1181/750 805/1182/750
f 800/1183/751 803/1184/751 802/1185/751
f 801/1186/752 803/1187/752 804/1188/752
f 806/1189/753 810/1190/753 812/1191/753
f 807/1192/754 810/1193/754 809/1194/754
f 808/1195/755 810/1196/755 811/1197/755
f 813/1198/756 817/1199/756 819/1200/756
f 814/1201/757 817/1202/757 816/1203/757
f 815/1204/758 817/1202/758 818/1205/758
f 820/1206/759 824/1207/759 826/1208/759
f 821/1209/760 824/1210/760 823/1211/760
f 822/1212/761 824/1210/761 825/1213/761
f 827/1214/762 831/1215/762 833/1216/762
f 828/1217/763 831/1218/763 830/1219/763
f 829/1220/764 831/1218/764 832/1221/764
f 834/1222/765 838/1223/765 840/1224/765
f 835/1225/766 838/1226/766 837/1227/766
f 836/1228/767 838/1226/767 839/1229/767
f 841/1230/768 845/1231/768 847/1232/768
f 842/1233/769 845/1234/769 844/1235/769
f 843/1236/770 845/1234/770 846/1237/770
f 848/1238/771 852/1239/771 854/1240/771
f 849/1241/772 852/1242/772 851/1243/772
f 850/1244/773 852/1242/773 853/1245/773
f 855/1246/774 859/1247/774 861/1248/774
f 856/1249/775 859/1250/775 858/1251/775
f 857/1252/776 859/1250/776 860/1253/776
f 862/1254/777 866/1255/777 868/1256/777
f 863/1257/778 866/1258/778 865/1259/778
f 864/1260/779 866/1258/779 867/1261/779
f 869/1262/780 873/1263/780 875/1264/780
f 870/1265/781 873/1266/781 872/1267/781
f 871/1268/782 873/1269/782 874/1270/782
f 876/1271/783 880/1272/783 882/1273/783
f 877/1274/784 880/1275/784 879/1276/784
f 878/1277/785 880/1278/785 881/1279/785
f 800/1183/786 791/1280/786 787/1170/786
f 802/1281/787 785/1164/787 791/1166/787
f 808/1195/788 795/1177/788 812/1282/788
f 795/1283/789 806/1189/789 812/1191/789
f 794/1178/790 790/1171/790 786/1167/790
f 797/1179/791 787/1170/791 790/1171/791
f 807/1192/792 804/1188/792 811/1284/792
f 811/1197/793 800/1183/793 808/1195/793
f 801/1186/794 816/1203/794 805/1285/794
f 816/1286/795 799/1180/795 805/1182/795
f 807/1192/796 826/1287/796 822/1212/796
f 826/1208/797 806/1189/797 820/1206/797
f 815/1204/798 825/1213/798 821/1209/798
f 818/1205/799 822/1212/799 825/1213/799
f 828/1288/800 819/1289/800 815/1204/800
f 830/1290/801 813/1198/801 819/1200/801
f 821/1209/802 840/1291/802 836/1292/802
f 823/1293/803 834/1222/803 840/1224/803
f 829/1220/804 839/1229/804 835/1225/804
f 832/1221/805 836/1228/805 839/1229/805
f 842/1233/806 833/1294/806 829/1220/806
f 844/1295/807 827/1214/807 833/1216/807
f 850/1244/808 837/1227/808 854/1296/808
f 854/1240/809 834/1222/809 848/1238/809
f 843/1236/810 853/1245/810 849/1241/810
f 846/1237/811 850/1244/811 853/1245/811
f 856/1249/812 847/1297/812 843/1298/812
f 858/1299/813 841/1230/813 847/1232/813
f 849/1300/814 868/1301/814 864/1260/814
f 868/1256/815 848/1238/815 862/1254/815
f 863/1257/816 860/1253/816 867/1261/816
f 860/1253/817 864/1260/817 867/1261/817
f 857/1252/818 872/1267/818 861/1302/818
f 872/1303/819 855/1246/819 861/1248/819
f 863/1257/820 882/1304/820 878/1277/820
f 882/1273/821 862/1254/821 876/1271/821
f 871/1268/822 881/1305/822 877/1274/822
f 881/1279/823 870/1265/823 878/1277/823
f 786/1167/824 875/1306/824 871/1268/824
f 875/1264/825 785/1164/825 869/1262/825
f 794/1178/826 879/1276/826 798/1307/826
f 879/1308/827 792/1172/827 798/1174/827
f 841/1230/828 855/1246/828 799/1180/828
f 793/1175/829 800/1183/829 787/1170/829
f 877/1274/830 786/1167/830 871/1268/830
f 792/1172/831 862/1254/831 834/1222/831
f 807/1192/832 814/1201/832 801/1186/832
f 821/1209/833 828/1288/833 815/1204/833
f 835/1225/834 842/1233/834 829/1220/834
f 849/1300/835 856/1249/835 843/1298/835
f 863/1257/836 870/1265/836 857/1252/836
f 883/1309/837 887/1310/837 889/1311/837
f 884/1312/838 887/1313/838 886/1314/838
f 885/1315/839 887/1313/839 888/1316/839
f 890/1317/840 894/1318/840 896/1319/840
f 891/1320/841 894/1321/841 893/1322/841
f 892/1323/842 894/1321/842 895/1324/842
f 897/1325/843 901/1326/843 903/1327/843
f 898/1328/844 901/1329/844 900/1330/844
f 899/1331/845 901/1332/845 902/1333/845
f 904/1334/846 908/1335/846 910/1336/846
f 905/1337/847 908/1338/847 907/1339/847
f 906/1340/848 908/1341/848 909/1342/848
f 911/1343/849 915/1344/849 917/1345/849
f 912/1346/850 915/1347/850 914/1348/850
f 913/1349/851 915/1347/851 916/1350/851
f 918/1351/852 922/1352/852 924/1353/852
f 919/1354/853 922/1355/853 921/1356/853
f 920/1357/854 922/1355/854 923/1358/854
f 925/1359/855 929/1360/855 931/1361/855
f 926/1362/856 929/1363/856 928/1364/856
f 927/1365/857 929/1363/857 930/1366/857
f 932/1367/858 936/1368/858 938/1369/858
f 933/1370/859 936/1371/859 935/1372/859
f 934/1373/860 936/1371/860 937/1374/860
f 939/1375/861 943/1376/861 945/1377/861
f 940/1378/862 943/1379/862 942/1380/862
f 941/1381/863 943/1379/863 944/1382/863
f 946/1383/864 950/1384/864 952/1385/864
f 947/1386/865 950/1387/865 949/1388/865
f 948/1389/866 950/1387/866 951/1390/866
f 953/1391/867 957/1392/867 959/1393/867
f 954/1394/868 957/1395/868 956/1396/868
f 955/1397/869 957/1395/869 958/1398/869
f 960/1399/870 964/1400/870 966/1401/870
f 961/1402/871 964/1403/871 963/1404/871
f 962/1405/872 964/1403/872 965/1406/872
f 967/1407/873 971/1408/873 973/1409/873
f 968/1410/874 971/1411/874 970/1412/874
f 969/1413/875 971/1414/875 972/1415/875
f 974/1416/876 978/1417/876 980/1418/876
f 975/1419/877 978/1420/877 977/1421/877
f 976/1422/878 978/1423/878 979/1424/878
f 885/1315/879 900/1330/879 889/1425/879
f 900/1426/880 883/1309/880 889/1311/880
f 891/1320/881 910/1427/881 906/1340/881
f 893/1428/882 904/1334/882 910/1336/882
f 892/1323/883 888/1316/883 884/1312/883
f 888/1316/884 891/1320/884 885/1315/884
f 899/1331/885 909/1429/885 905/1337/885
f 909/1342/886 898/1328/886 906/1340/886
f 899/1331/887 914/1348/887 903/1430/887
f 914/1431/888 897/1325/888 903/1327/888
f 905/1337/889 924/1432/889 920/1357/889
f 907/1433/890 918/1351/890 924/1353/890
f 919/1354/891 916/1350/891 923/1358/891
f 916/1350/892 920/1357/892 923/1358/892
f 926/1434/893 917/1435/893 913/1349/893
f 928/1436/894 911/1343/894 917/1345/894
f 919/1354/895 938/1437/895 934/1438/895
f 921/1439/896 932/1367/896 938/1369/896
f 933/1370/897 930/1366/897 937/1374/897
f 930/1366/898 934/1373/898 937/1374/898
f 940/1378/899 931/1440/899 927/1365/899
f 942/1441/900 925/1359/900 931/1361/900
f 948/1389/901 935/1372/901 952/1442/901
f 935/1443/902 946/1383/902 952/1385/902
f 941/1381/903 951/1390/903 947/1386/903
f 951/1390/904 940/1378/904 948/1389/904
f 941/1444/905 956/1396/905 945/1445/905
f 956/1446/906 939/1375/906 945/1377/906
f 962/1405/907 949/1447/907 966/1448/907
f 949/1449/908 960/1399/908 966/1401/908
f 961/1402/909 958/1398/909 965/1406/909
f 965/1406/910 954/1394/910 962/1405/910
f 955/1397/911 970/1412/911 959/1450/911
f 970/1451/912 953/1391/912 959/1393/912
f 976/1422/913 963/1404/913 980/1452/913
f 980/1418/914 960/1399/914 974/1416/914
f 975/1419/915 972/1415/915 979/1453/915
f 979/1424/916 968/1410/916 976/1422/916
f 969/1413/917 886/1314/917 973/1454/917
f 886/1455/918 967/1407/918 973/1409/918
f 975/1419/919 896/1456/919 892/1323/919
f 896/1319/920 974/1416/920 890/1317/920
f 897/1325/921 925/1359/921 953/1391/921
f 891/1320/922 898/1328/922 885/1315/922
f 975/1419/923 884/1312/923 969/1413/923
f 890/1317/924 960/1399/924 932/1367/924
f 899/1331/925 920/1357/925 912/1346/925
f 913/1349/926 934/1438/926 926/1434/926
f 933/1370/927 940/1378/927 927/1365/927
f 947/1457/928 954/1394/928 941/1444/928
f 955/1397/929 976/1422/929 968/1410/929
f 981/1458/930 985/1459/930 987/1460/930
f 982/1461/931 985/1462/931 984/1463/931
f 983/1464/932 985/1462/932 986/1465/932
f 988/1466/933 992/1467/933 994/1468/933
f 989/1469/934 992/1470/934 991/1471/934
f 990/1472/935 992/1470/935 993/1473/935
f 995/1474/936 999/1475/936 1001/1476/936
f 996/1477/937 999/1478/937 998/1479/937
f 997/1480/938 999/1481/938 1000/1482/938
f 1002/1483/939 1006/1484/939 1008/1485/939
f 1003/1486/940 1006/1487/940 1005/1488/940
f 1004/1489/941 1006/1490/941 1007/1491/941
f 1009/1492/942 1013/1493/942 1015/1494/942
f 1010/1495/943 1013/1496/943 1012/1497/943
f 1011/1498/944 1013/1496/944 1014/1499/944
f 1016/1500/945 1020/1501/945 1022/1502/945
f 1017/1503/946 1020/1504/946 1019/1505/946
f 1018/1506/947 1020/1504/947 1021/1507/947
f 1023/1508/948 1027/1509/948 1029/1510/948
f 1024/1511/949 1027/1512/949 1026/1513/949
f 1025/1514/950 1027/1512/950 1028/1515/950
f 1030/1516/951 1034/1517/951 1036/1518/951
f 1031/1519/952 1034/1520/952 1033/1521/952
f 1032/1522/953 1034/1520/953 1035/1523/953
f 1037/1524/954 1041/1525/954 1043/1526/954
f 1038/1527/955 1041/1528/955 1040/1529/955
f 1039/1530/956 1041/1528/956 1042/1531/956
f 1044/1532/957 1048/1533/957 1050/1534/957
f 1045/1535/958 1048/1536/958 1047/1537/958
f 1046/1538/959 1048/1536/959 1049/1539/959
f 1051/1540/960 1055/1541/960 1057/1542/960
f 1052/1543/961 1055/1544/961 1054/1545/961
f 1053/1546/962 1055/1544/962 1056/1547/962
f 1058/1548/963 1062/1549/963 1064/1550/963
f 1059/1551/964 1062/1552/964 1061/1553/964
f 1060/1554/965 1062/1552/965 1063/1555/965
f 1065/1556/966 1069/1557/966 1071/1558/966
f 1066/1559/967 1069/1560/967 1068/1561/967
f 1067/1562/968 1069/1563/968 1070/1564/968
f 1072/1565/969 1076/1566/969 1078/1567/969
f 1073/1568/970 1076/1569/970 1075/1570/970
f 1074/1571/971 1076/1572/971 1077/1573/971
f 996/1477/972 987/1574/972 983/1464/972
f 998/1575/973 981/1458/973 987/1460/973
f 989/1469/974 1008/1576/974 1004/1489/974
f 991/1577/975 1002/1483/975 1008/1485/975
f 982/1461/976 993/1473/976 986/1465/976
f 993/1473/977 983/1464/977 986/1465/977
f 997/1480/978 1007/1578/978 1003/1486/978
f 1000/1579/979 1004/1489/979 1007/1491/979
f 997/1480/980 1012/1497/980 1001/1580/980
f 1001/1476/981 1009/1492/981 995/1474/981
f 1003/1486/982 1022/1581/982 1018/1506/982
f 1005/1582/983 1016/1500/983 1022/1502/983
f 1017/1503/984 1014/1499/984 1021/1507/984
f 1014/1499/985 1018/1506/985 1021/1507/985
f 1024/1583/986 1015/1584/986 1011/1498/986
f 1026/1585/987 1009/1492/987 1015/1494/987
f 1017/1503/988 1036/1586/988 1032/1587/988
f 1019/1588/989 1030/1516/989 1036/1518/989
f 1025/1514/990 1035/1523/990 1031/1519/990
f 1035/1523/991 1024/1511/991 1032/1522/991
f 1038/1527/992 1029/1589/992 1025/1514/992
f 1029/1510/993 1037/1524/993 1023/1508/993
f 1031/1519/994 1050/1590/994 1046/1538/994
f 1050/1534/995 1030/1516/995 1044/1532/995
f 1039/1530/996 1049/1539/996 1045/1535/996
f 1042/1531/997 1046/1538/997 1049/1539/997
f 1039/1591/998 1054/1545/998 1043/1592/998
f 1054/1593/999 1037/1524/999 1043/1526/999
f 1045/1594/1000 1064/1595/1000 1060/1554/1000
f 1064/1550/1001 1044/1532/1001 1058/1548/1001
f 1053/1546/1002 1063/1555/1002 1059/1551/1002
f 1056/1547/1003 1060/1554/1003 1063/1555/1003
f 1053/1546/1004 1068/1561/1004 1057/1596/1004
f 1068/1597/1005 1051/1540/1005 1057/1542/1005
f 1059/1551/1006 1078/1598/1006 1074/1571/1006
f 1078/1567/1007 1058/1548/1007 1072/1565/1007
f 1073/1568/1008 1070/1564/1008 1077/1599/1008
f 1070/1600/1009 1074/1571/1009 1077/1573/1009
f 982/1461/1010 1071/1601/1010 1067/1562/1010
f 1071/1558/1011 981/1458/1011 1065/1556/1011
f 1073/1568/1012 994/1602/1012 990/1472/1012
f 1075/1603/1013 988/1466/1013 994/1468/1013
f 1023/1508/1014 1037/1524/1014 1051/1540/1014
f 989/1469/1015 996/1477/1015 983/1464/1015
f 1073/1568/1016 982/1461/1016 1067/1562/1016
f 1058/1548/1017 1044/1532/1017 1030/1516/1017
f 997/1480/1018 1018/1506/1018 1010/1495/1018
f 1017/1503/1019 1024/1583/1019 1011/1498/1019
f 1025/1514/1020 1046/1538/1020 1038/1527/1020
f 1045/1594/1021 1052/1543/1021 1039/1591/1021
f 1059/1551/1022 1066/1559/1022 1053/1546/1022
f 1079/1604/1023 1083/1605/1023 1085/1606/1023
f 1080/1607/1024 1083/1608/1024 1082/1609/1024
f 1081/1610/1025 1083/1608/1025 1084/1611/1025
f 1086/1612/1026 1090/1613/1026 1092/1614/1026
f 1087/1615/1027 1090/1616/1027 1089/1617/1027
f 1088/1618/1028 1090/1616/1028 1091/1619/1028
f 1093/1620/1029 1097/1621/1029 1099/1622/1029
f 1094/1623/1030 1097/1624/1030 1096/1625/1030
f 1095/1626/1031 1097/1627/1031 1098/1628/1031
f 1100/1629/1032 1104/1630/1032 1106/1631/1032
f 1101/1632/1033 1104/1633/1033 1103/1634/1033
f 1102/1635/1034 1104/1636/1034 1105/1637/1034
f 1107/1638/1035 1111/1639/1035 1113/1640/1035
f 1108/1641/1036 1111/1642/1036 1110/1643/1036
f 1109/1644/1037 1111/1642/1037 1112/1645/1037
f 1114/1646/1038 1118/1647/1038 1120/1648/1038
f 1115/1649/1039 1118/1650/1039 1117/1651/1039
f 1116/1652/1040 1118/1650/1040 1119/1653/1040
f 1121/1654/1041 1125/1655/1041 1127/1656/1041
f 1122/1657/1042 1125/1658/1042 1124/1659/1042
f 1123/1660/1043 1125/1658/1043 1126/1661/1043
f 1128/1662/1044 1132/1663/1044 1134/1664/1044
f 1129/1665/1045 1132/1666/1045 1131/1667/1045
f 1130/1668/1046 1132/1666/1046 1133/1669/1046
f 1135/1670/1047 1139/1671/1047 1141/1672/1047
f 1136/1673/1048 1139/1674/1048 1138/1675/1048
f 1137/1676/1049 1139/1674/1049 1140/1677/1049
f 1142/1678/1050 1146/1679/1050 1148/1680/1050
f 1143/1681/1051 1146/1682/1051 1145/1683/1051
f 1144/1684/1052 1146/1682/1052 1147/1685/1052
f 1149/1686/1053 1153/1687/1053 1155/1688/1053
f 1150/1689/1054 1153/1690/1054 1152/1691/1054
f 1151/1692/1055 1153/1690/1055 1154/1693/1055
f 1156/1694/1056 1160/1695/1056 1162/1696/1056
f 1157/1697/1057 1160/1698/1057 1159/1699/1057
f 1158/1700/1058 1160/1698/1058 1161/1701/1058
f 1163/1702/1059 1167/1703/1059 1169/1704/1059
f 1164/1705/1060 1167/1706/1060 1166/1707/1060
f 1165/1708/1061 1167/1709/1061 1168/1710/1061
f 1170/1711/1062 1174/1712/1062 1176/1713/1062
f 1171/1714/1063 1174/1715/1063 1173/1716/1063
f 1172/1717/1064 1174/1718/1064 1175/1719/1064
f 1081/1610/1065 1096/1625/1065 1085/1720/1065
f 1085/1606/1066 1093/1620/1066 1079/1604/1066
f 1102/1635/1067 1089/1617/1067 1106/1721/1067
f 1089/1722/1068 1100/1629/1068 1106/1631/1068
f 1088/1618/1069 1084/1611/1069 1080/1607/1069
f 1084/1611/1070 1087/1615/1070 1081/1610/1070
f 1101/1632/1071 1098/1628/1071 1105/1723/1071
f 1098/1724/1072 1102/1635/1072 1105/1637/1072
f 1108/1641/1073 1099/1725/1073 1095/1626/1073
f 1110/1726/1074 1093/1620/1074 1099/1622/1074
f 1101/1632/1075 1120/1727/1075 1116/1652/1075
f 1103/1728/1076 1114/1646/1076 1120/1648/1076
f 1115/1649/1077 1112/1645/1077 1119/1653/1077
f 1112/1645/1078 1116/1652/1078 1119/1653/1078
f 1122/1729/1079 1113/1730/1079 1109/1644/1079
f 1124/1731/1080 1107/1638/1080 1113/1640/1080
f 1130/1732/1081 1117/1651/1081 1134/1733/1081
f 1117/1734/1082 1128/1662/1082 1134/1664/1082
f 1123/1660/1083 1133/1669/1083 1129/1665/1083
f 1133/1669/1084 1122/1657/1084 1130/1668/1084
f 1136/1673/1085 1127/1735/1085 1123/1660/1085
f 1138/1736/1086 1121/1654/1086 1127/1656/1086
f 1129/1665/1087 1148/1737/1087 1144/1684/1087
f 1131/1738/1088 1142/1678/1088 1148/1680/1088
f 1143/1681/1089 1140/1677/1089 1147/1685/1089
f 1147/1685/1090 1136/1673/1090 1144/1684/1090
f 1150/1689/1091 1141/1739/1091 1137/1740/1091
f 1152/1741/1092 1135/1670/1092 1141/1672/1092
f 1143/1742/1093 1162/1743/1093 1158/1700/1093
f 1145/1744/1094 1156/1694/1094 1162/1696/1094
f 1157/1697/1095 1154/1693/1095 1161/1701/1095
f 1154/1693/1096 1158/1700/1096 1161/1701/1096
f 1151/1692/1097 1166/1707/1097 1155/1745/1097
f 1155/1688/1098 1163/1702/1098 1149/1686/1098
f 1157/1697/1099 1176/1746/1099 1172/1717/1099
f 1159/1747/1100 1170/1711/1100 1176/1713/1100
f 1165/1708/1101 1175/1748/1101 1171/1714/1101
f 1175/1719/1102 1164/1705/1102 1172/1717/1102
f 1165/1708/1103 1082/1609/1103 1169/1749/1103
f 1082/1750/1104 1163/1702/1104 1169/1704/1104
f 1171/1714/1105 1092/1751/1105 1088/1618/1105
f 1173/1752/1106 1086/1612/1106 1092/1614/1106
f 1093/1620/1107 1121/1654/1107 1149/1686/1107
f 1081/1610/1108 1102/1635/1108 1094/1623/1108
f 1171/1714/1109 1080/1607/1109 1165/1708/1109
f 1086/1612/1110 1156/1694/1110 1128/1662/1110
f 1101/1632/1111 1108/1641/1111 1095/1626/1111
f 1109/1644/1112 1130/1732/1112 1122/1729/1112
f 1129/1665/1113 1136/1673/1113 1123/1660/1113
f 1143/1742/1114 1150/1689/1114 1137/1740/1114
f 1151/1692/1115 1172/1717/1115 1164/1705/1115
f 1177/1753/1116 1181/1754/1116 1183/1755/1116
f 1178/1756/1117 1181/1757/1117 1180/1758/1117
f 1179/1759/1118 1181/1757/1118 1182/1760/1118
f 1184/1761/1119 1188/1762/1119 1190/1763/1119
f 1185/1764/1120 1188/1765/1120 1187/1766/1120
f 1186/1767/1121 1188/1765/1121 1189/1768/1121
f 1191/1769/1122 1195/1770/1122 1197/1771/1122
f 1192/1772/1123 1195/1773/1123 1194/1774/1123
f 1193/1775/1124 1195/1776/1124 1196/1777/1124
f 1198/1778/1125 1202/1779/1125 1204/1780/1125
f 1199/1781/1126 1202/1782/1126 1201/1783/1126
f 1200/1784/1127 1202/1785/1127 1203/1786/1127
f 1205/1787/1128 1209/1788/1128 1211/1789/1128
f 1206/1790/1129 1209/1791/1129 1208/1792/1129
f 1207/1793/1130 1209/1791/1130 1210/1794/1130
f 1212/1795/1131 1216/1796/1131 1218/1797/1131
f 1213/1798/1132 1216/1799/1132 1215/1800/1132
f 1214/1801/1133 1216/1799/1133 1217/1802/1133
f 1219/1803/1134 1223/1804/1134 1225/1805/1134
f 1220/1806/1135 1223/1807/1135 1222/1808/1135
f 1221/1809/1136 1223/1807/1136 1224/1810/1136
f 1226/1811/1137 1230/1812/1137 1232/1813/1137
f 1227/1814/1138 1230/1815/1138 1229/1816/1138
f 1228/1817/1139 1230/1815/1139 1231/1818/1139
f 1233/1819/1140 1237/1820/1140 1239/1821/1140
f 1234/1822/1141 1237/1823/1141 1236/1824/1141
f 1235/1825/1142 1237/1823/1142 1238/1826/1142
f 1240/1827/1143 1244/1828/1143 1246/1829/1143
f 1241/1830/1144 1244/1831/1144 1243/1832/1144
f 1242/1833/1145 1244/1831/1145 1245/1834/1145
f 1247/1835/1146 1251/1836/1146 1253/1837/1146
f 1248/1838/1147 1251/1839/1147 1250/1840/1147
f 1249/1841/1148 1251/1839/1148 1252/1842/1148
f 1254/1843/1149 1258/1844/1149 1260/1845/1149
f 1255/1846/1150 1258/1847/1150 1257/1848/1150
f 1256/1849/1151 1258/1847/1151 1259/1850/1151
f 1261/1851/1152 1265/1852/1152 1267/1853/1152
f 1262/1854/1153 1265/1855/1153 1264/1856/1153
f 1263/1857/1154 1265/1858/1154 1266/1859/1154
f 1268/1860/1155 1272/1861/1155 1274/1862/1155
f 1269/1863/1156 1272/1864/1156 1271/1865/1156
f 1270/1866/1157 1272/1867/1157 1273/1868/1157
f 1179/1759/1158 1194/1774/1158 1183/1869/1158
f 1194/1870/1159 1177/1753/1159 1183/1755/1159
f 1200/1784/1160 1187/1766/1160 1204/1871/1160
f 1204/1780/1161 1184/1761/1161 1198/1778/1161
f 1186/1767/1162 1182/1760/1162 1178/1756/1162
f 1189/1768/1163 1179/1759/1163 1182/1760/1163
f 1193/1775/1164 1203/1872/1164 1199/1781/1164
f 1196/1873/1165 1200/1784/1165 1203/1786/1165
f 1206/1790/1166 1197/1874/1166 1193/1775/1166
f 1197/1771/1167 1205/1787/1167 1191/1769/1167
f 1214/1801/1168 1201/1783/1168 1218/1875/1168
f 1201/1876/1169 1212/1795/1169 1218/1797/1169
f 1213/1798/1170 1210/1794/1170 1217/1802/1170
f 1210/1794/1171 1214/1801/1171 1217/1802/1171
f 1207/1793/1172 1222/1877/1172 1211/1878/1172
f 1211/1789/1173 1219/1803/1173 1205/1787/1173
f 1228/1879/1174 1215/1800/1174 1232/1880/1174
f 1232/1813/1175 1212/1795/1175 1226/1811/1175
f 1221/1809/1176 1231/1818/1176 1227/1814/1176
f 1224/1810/1177 1228/1817/1177 1231/1818/1177
f 1234/1822/1178 1225/1881/1178 1221/1809/1178
f 1225/1805/1179 1233/1819/1179 1219/1803/1179
f 1227/1814/1180 1246/1882/1180 1242/1833/1180
f 1229/1883/1181 1240/1827/1181 1246/1829/1181
f 1241/1830/1182 1238/1826/1182 1245/1834/1182
f 1238/1826/1183 1242/1833/1183 1245/1834/1183
f 1248/1838/1184 1239/1884/1184 1235/1885/1184
f 1239/1821/1185 1247/1835/1185 1233/1819/1185
f 1256/1849/1186 1243/1886/1186 1260/1887/1186
f 1243/1888/1187 1254/1843/1187 1260/1845/1187
f 1255/1846/1188 1252/1842/1188 1259/1850/1188
f 1259/1850/1189 1248/1838/1189 1256/1849/1189
f 1249/1841/1190 1264/1856/1190 1253/1889/1190
f 1264/1890/1191 1247/1835/1191 1253/1837/1191
f 1270/1866/1192 1257/1848/1192 1274/1891/1192
f 1257/1892/1193 1268/1860/1193 1274/1862/1193
f 1263/1857/1194 1273/1893/1194 1269/1863/1194
f 1273/1868/1195 1262/1854/1195 1270/1866/1195
f 1178/1756/1196 1267/1894/1196 1263/1857/1196
f 1180/1895/1197 1261/1851/1197 1267/1853/1197
f 1269/1863/1198 1190/1896/1198 1186/1767/1198
f 1271/1897/1199 1184/1761/1199 1190/1763/1199
f 1247/1835/1200 1261/1851/1200 1191/1769/1200
f 1185/1764/1201 1192/1772/1201 1179/1759/1201
f 1263/1857/1202 1186/1767/1202 1178/1756/1202
f 1212/1795/1203 1184/1761/1203 1254/1843/1203
f 1199/1781/1204 1206/1790/1204 1193/1775/1204
f 1213/1798/1205 1220/1898/1205 1207/1793/1205
f 1227/1814/1206 1234/1822/1206 1221/1809/1206
f 1241/1899/1207 1248/1838/1207 1235/1885/1207
f 1255/1846/1208 1262/1854/1208 1249/1841/1208
f 1275/1900/1209 1279/1901/1209 1281/1902/1209
f 1276/1903/1210 1279/1904/1210 1278/1905/1210
f 1277/1906/1211 1279/1904/1211 1280/1907/1211
f 1282/1908/1212 1286/1909/1212 1288/1910/1212
f 1283/1911/1213 1286/1912/1213 1285/1913/1213
f 1284/1914/1214 1286/1912/1214 1287/1915/1214
f 1289/1916/1215 1293/1917/1215 1295/1918/1215
f 1290/1919/1216 1293/1920/1216 1292/1921/1216
f 1291/1922/1217 1293/1923/1217 1294/1924/1217
f 1296/1925/1218 1300/1926/1218 1302/1927/1218
f 1297/1928/1219 1300/1929/1219 1299/1930/1219
f 1298/1931/1220 1300/1932/1220 1301/1933/1220
f 1303/1934/1221 1307/1935/1221 1309/1936/1221
f 1304/1937/1222 1307/1938/1222 1306/1939/1222
f 1305/1940/1223 1307/1938/1223 1308/1941/1223
f 1310/1942/1224 1314/1943/1224 1316/1944/1224
f 1311/1945/1225 1314/1946/1225 1313/1947/1225
f 1312/1948/1226 1314/1946/1226 1315/1949/1226
f 1317/1950/1227 1321/1951/1227 1323/1952/1227
f 1318/1953/1228 1321/1954/1228 1320/1955/1228
f 1319/1956/1229 1321/1954/1229 1322/1957/1229
f 1324/1958/1230 1328/1959/1230 1330/1960/1230
f 1325/1961/1231 1328/1962/1231 1327/1963/1231
f 1326/1964/1232 1328/1962/1232 1329/1965/1232
f 1331/1966/1233 1335/1967/1233 1337/1968/1233
f 1332/1969/1234 1335/1970/1234 1334/1971/1234
f 1333/1972/1235 1335/1970/1235 1336/1973/1235
f 1338/1974/1236 1342/1975/1236 1344/1976/1236
f 1339/1977/1237 1342/1978/1237 1341/1979/1237
f 1340/1980/1238 1342/1978/1238 1343/1981/1238
f 1345/1982/1239 1349/1983/1239 1351/1984/1239
f 1346/1985/1240 1349/1986/1240 1348/1987/1240
f 1347/1988/1241 1349/1986/1241 1350/1989/1241
f 1352/1990/1242 1356/1991/1242 1358/1992/1242
f 1353/1993/1243 1356/1994/1243 1355/1995/1243
f 1354/1996/1244 1356/1994/1244 1357/1997/1244
f 1359/1998/1245 1363/1999/1245 1365/2000/1245
f 1360/2001/1246 1363/2002/1246 1362/2003/1246
f 1361/2004/1247 1363/2005/1247 1364/2006/1247
f 1366/2007/1248 1370/2008/1248 1372/2009/1248
f 1367/2010/1249 1370/2011/1249 1369/2012/1249
f 1368/2013/1250 1370/2014/1250 1371/2015/1250
f 1277/1906/1251 1292/1921/1251 1281/2016/1251
f 1292/2017/1252 1275/1900/1252 1281/1902/1252
f 1298/1931/1253 1285/1913/1253 1302/2018/1253
f 1285/2019/1254 1296/1925/1254 1302/1927/1254
f 1284/1914/1255 1280/1907/1255 1276/1903/1255
f 1287/1915/1256 1277/1906/1256 1280/1907/1256
f 1297/1928/1257 1294/1924/1257 1301/2020/1257
f 1294/2021/1258 1298/1931/1258 1301/1933/1258
f 1304/1937/1259 1295/2022/1259 1291/1922/1259
f 1306/2023/1260 1289/1916/1260 1295/1918/1260
f 1312/1948/1261 1299/1930/1261 1316/2024/1261
f 1299/2025/1262 1310/1942/1262 1316/1944/1262
f 1311/1945/1263 1308/1941/1263 1315/1949/1263
f 1308/1941/1264 1312/1948/1264 1315/1949/1264
f 1318/2026/1265 1309/2027/1265 1305/1940/1265
f 1320/2028/1266 1303/1934/1266 1309/1936/1266
f 1311/1945/1267 1330/2029/1267 1326/2030/1267
f 1313/2031/1268 1324/1958/1268 1330/1960/1268
f 1325/1961/1269 1322/1957/1269 1329/1965/1269
f 1329/1965/1270 1318/1953/1270 1326/1964/1270
f 1332/1969/1271 1323/2032/1271 1319/1956/1271
f 1323/1952/1272 1331/1966/1272 1317/1950/1272
f 1325/1961/1273 1344/2033/1273 1340/1980/1273
f 1344/1976/1274 1324/1958/1274 1338/1974/1274
f 1333/1972/1275 1343/1981/1275 1339/1977/1275
f 1336/1973/1276 1340/1980/1276 1343/1981/1276
f 1333/2034/1277 1348/1987/1277 1337/2035/1277
f 1348/2036/1278 1331/1966/1278 1337/1968/1278
f 1339/2037/1279 1358/2038/1279 1354/1996/1279
f 1358/1992/1280 1338/1974/1280 1352/1990/1280
f 1353/1993/1281 1350/1989/1281 1357/1997/1281
f 1350/1989/1282 1354/1996/1282 1357/1997/1282
f 1347/1988/1283 1362/2003/1283 1351/2039/1283
f 1362/2040/1284 1345/1982/1284 1351/1984/1284
f 1368/2013/1285 1355/1995/1285 1372/2041/1285
f 1355/2042/1286 1366/2007/1286 1372/2009/1286
f 1367/2010/1287 1364/2006/1287 1371/2043/1287
f 1371/2015/1288 1360/2001/1288 1368/2013/1288
f 1361/2004/1289 1278/1905/1289 1365/2044/1289
f 1278/2045/1290 1359/1998/1290 1365/2000/1290
f 1367/2010/1291 1288/2046/1291 1284/1914/1291
f 1369/2047/1292 1282/1908/1292 1288/1910/1292
f 1289/1916/1293 1317/1950/1293 1345/1982/1293
f 1277/1906/1294 1298/1931/1294 1290/1919/1294
f 1367/2010/1295 1276/1903/1295 1361/2004/1295
f 1282/1908/1296 1352/1990/1296 1324/1958/1296
f 1291/1922/1297 1312/1948/1297 1304/1937/1297
f 1305/1940/1298 1326/2030/1298 1318/2026/1298
f 1325/1961/1299 1332/1969/1299 1319/1956/1299
f 1333/2034/1300 1354/1996/1300 1346/1985/1300
f 1353/1993/1301 1360/2001/1301 1347/1988/1301
f 1373/2048/1302 1377/2049/1302 1379/2050/1302
f 1374/2051/1303 1377/2052/1303 1376/2053/1303
f 1375/2054/1304 1377/2052/1304 1378/2055/1304
f 1380/2056/1305 1384/2057/1305 1386/2058/1305
f 1381/2059/1306 1384/2060/1306 1383/2061/1306
f 1382/2062/1307 1384/2060/1307 1385/2063/1307
f 1387/2064/1308 1391/2065/1308 1393/2066/1308
f 1388/2067/1309 1391/2068/1309 1390/2069/1309
f 1389/2070/1310 1391/2071/1310 1392/2072/1310
f 1394/2073/1311 1398/2074/1311 1400/2075/1311
f 1395/2076/1312 1398/2077/1312 1397/2078/1312
f 1396/2079/1313 1398/2080/1313 1399/2081/1313
f 1401/2082/1314 1405/2083/1314 1407/2084/1314
f 1402/2085/1315 1405/2086/1315 1404/2087/1315
f 1403/2088/1316 1405/2086/1316 1406/2089/1316
f 1408/2090/1317 1412/2091/1317 1414/2092/1317
f 1409/2093/1318 1412/2094/1318 1411/2095/1318
f 1410/2096/1319 1412/2094/1319 1413/2097/1319
f 1415/2098/1320 1419/2099/1320 1421/2100/1320
f 1416/2101/1321 1419/2102/1321 1418/2103/1321
f 1417/2104/1322 1419/2102/1322 1420/2105/1322
f 1422/2106/1323 1426/2107/1323 1428/2108/1323
f 1423/2109/1324 1426/2110/1324 1425/2111/1324
f 1424/2112/1325 1426/2110/1325 1427/2113/1325
f 1429/2114/1326 1433/2115/1326 1435/2116/1326
f 1430/2117/1327 1433/2118/1327 1432/2119/1327
f 1431/2120/1328 1433/2118/1328 1434/2121/1328
f 1436/2122/1329 1440/2123/1329 1442/2124/1329
f 1437/2125/1330 1440/2126/1330 1439/2127/1330
f 1438/2128/1331 1440/2126/1331 1441/2129/1331
f 1443/2130/1332 1447/2131/1332 1449/2132/1332
f 1444/2133/1333 1447/2134/1333 1446/2135/1333
f 1445/2136/1334 1447/2134/1334 1448/2137/1334
f 1450/2138/1335 1454/2139/1335 1456/2140/1335
f 1451/2141/1336 1454/2142/1336 1453/2143/1336
f 1452/2144/1337 1454/2142/1337 1455/2145/1337
f 1457/2146/1338 1461/2147/1338 1463/2148/1338
f 1458/2149/1339 1461/2150/1339 1460/2151/1339
f 1459/2152/1340 1461/2153/1340 1462/2154/1340
f 1464/2155/1341 1468/2156/1341 1470/2157/1341
f 1465/2158/1342 1468/2159/1342 1467/2160/1342
f 1466/2161/1343 1468/2162/1343 1469/2163/1343
f 1375/2054/1344 1390/2069/1344 1379/2164/1344
f 1390/2165/1345 1373/2048/1345 1379/2050/1345
f 1396/2079/1346 1383/2061/1346 1400/2166/1346
f 1383/2167/1347 1394/2073/1347 1400/2075/1347
f 1374/2051/1348 1385/2063/1348 1378/2055/1348
f 1378/2055/1349 1381/2059/1349 1375/2054/1349
f 1389/2070/1350 1399/2168/1350 1395/2076/1350
f 1392/2169/1351 1396/2079/1351 1399/2081/1351
f 1402/2085/1352 1393/2170/1352 1389/2070/1352
f 1404/2171/1353 1387/2064/1353 1393/2066/1353
f 1395/2076/1354 1414/2172/1354 1410/2096/1354
f 1414/2092/1355 1394/2073/1355 1408/2090/1355
f 1403/2088/1356 1413/2097/1356 1409/2093/1356
f 1406/2089/1357 1410/2096/1357 1413/2097/1357
f 1416/2173/1358 1407/2174/1358 1403/2088/1358
f 1407/2084/1359 1415/2098/1359 1401/2082/1359
f 1424/2175/1360 1411/2095/1360 1428/2176/1360
f 1411/2177/1361 1422/2106/1361 1428/2108/1361
f 1417/2104/1362 1427/2113/1362 1423/2109/1362
f 1420/2105/1363 1424/2112/1363 1427/2113/1363
f 1430/2117/1364 1421/2178/1364 1417/2104/1364
f 1432/2179/1365 1415/2098/1365 1421/2100/1365
f 1423/2109/1366 1442/2180/1366 1438/2128/1366
f 1425/2181/1367 1436/2122/1367 1442/2124/1367
f 1431/2120/1368 1441/2129/1368 1437/2125/1368
f 1434/2121/1369 1438/2128/1369 1441/2129/1369
f 1444/2133/1370 1435/2182/1370 1431/2183/1370
f 1446/2184/1371 1429/2114/1371 1435/2116/1371
f 1452/2144/1372 1439/2185/1372 1456/2186/1372
f 1439/2187/1373 1450/2138/1373 1456/2140/1373
f 1445/2136/1374 1455/2145/1374 1451/2141/1374
f 1448/2137/1375 1452/2144/1375 1455/2145/1375
f 1458/2149/1376 1449/2188/1376 1445/2136/1376
f 1449/2132/1377 1457/2146/1377 1443/2130/1377
f 1451/2141/1378 1470/2189/1378 1466/2161/1378
f 1470/2157/1379 1450/2138/1379 1464/2155/1379
f 1465/2158/1380 1462/2154/1380 1469/2190/1380
f 1462/2191/1381 1466/2161/1381 1469/2163/1381
f 1374/2051/1382 1463/2192/1382 1459/2152/1382
f 1463/2148/1383 1373/2048/1383 1457/2146/1383
f 1465/2158/1384 1386/2193/1384 1382/2062/1384
f 1467/2194/1385 1380/2056/1385 1386/2058/1385
f 1429/2114/1386 1443/2130/1386 1387/2064/1386
f 1375/2054/1387 1396/2079/1387 1388/2067/1387
f 1465/2158/1388 1374/2051/1388 1459/2152/1388
f 1408/2090/1389 1380/2056/1389 1450/2138/1389
f 1395/2076/1390 1402/2085/1390 1389/2070/1390
f 1409/2093/1391 1416/2173/1391 1403/2088/1391
f 1423/2109/1392 1430/2117/1392 1417/2104/1392
f 1437/2195/1393 1444/2133/1393 1431/2183/1393
f 1451/2141/1394 1458/2149/1394 1445/2136/1394
f 1471/2196/1395 1475/2197/1395 1477/2198/1395
f 1472/2199/1396 1475/2200/1396 1474/2201/1396
f 1473/2202/1397 1475/2200/1397 1476/2203/1397
f 1478/2204/1398 1482/2205/1398 1484/2206/1398
f 1479/2207/1399 1482/2208/1399 1481/2209/1399
f 1480/2210/1400 1482/2208/1400 1483/2211/1400
f 1485/2212/1401 1489/2213/1401 1491/2214/1401
f 1486/2215/1402 1489/2216/1402 1488/2217/1402
f 1487/2218/1403 1489/2219/1403 1490/2220/1403
f 1492/2221/1404 1496/2222/1404 1498/2223/1404
f 1493/2224/1405 1496/2225/1405 1495/2226/1405
f 1494/2227/1406 1496/2228/1406 1497/2229/1406
f 1499/2230/1407 1503/2231/1407 1505/2232/1407
f 1500/2233/1408 1503/2234/1408 1502/2235/1408
f 1501/2236/1409 1503/2234/1409 1504/2237/1409
f 1506/2238/1410 1510/2239/1410 1512/2240/1410
f 1507/2241/1411 1510/2242/1411 1509/2243/1411
f 1508/2244/1412 1510/2242/1412 1511/2245/1412
f 1513/2246/1413 1517/2247/1413 1519/2248/1413
f 1514/2249/1414 1517/2250/1414 1516/2251/1414
f 1515/2252/1415 1517/2250/1415 1518/2253/1415
f 1520/2254/1416 1524/2255/1416 1526/2256/1416
f 1521/2257/1417 1524/2258/1417 1523/2259/1417
f 1522/2260/1418 1524/2258/1418 1525/2261/1418
f 1527/2262/1419 1531/2263/1419 1533/2264/1419
f 1528/2265/1420 1531/2266/1420 1530/2267/1420
f 1529/2268/1421 1531/2266/1421 1532/2269/1421
f 1534/2270/1422 1538/2271/1422 1540/2272/1422
f 1535/2273/1423 1538/2274/1423 1537/2275/1423
f 1536/2276/1424 1538/2274/1424 1539/2277/1424
f 1541/2278/1425 1545/2279/1425 1547/2280/1425
f 1542/2281/1426 1545/2282/1426 1544/2283/1426
f 1543/2284/1427 1545/2282/1427 1546/2285/1427
f 1548/2286/1428 1552/2287/1428 1554/2288/1428
f 1549/2289/1429 1552/2290/1429 1551/2291/1429
f 1550/2292/1430 1552/2290/1430 1553/2293/1430
f 1555/2294/1431 1559/2295/1431 1561/2296/1431
f 1556/2297/1432 1559/2298/1432 1558/2299/1432
f 1557/2300/1433 1559/2301/1433 1560/2302/1433
f 1562/2303/1434 1566/2304/1434 1568/2305/1434
f 1563/2306/1435 1566/2307/1435 1565/2308/1435
f 1564/2309/1436 1566/2310/1436 1567/2311/1436
f 1486/2215/1437 1477/2312/1437 1473/2202/1437
f 1488/2313/1438 1471/2196/1438 1477/2198/1438
f 1479/2207/1439 1498/2314/1439 1494/2227/1439
f 1481/2315/1440 1492/2221/1440 1498/2223/1440
f 1472/2199/1441 1483/2211/1441 1476/2203/1441
f 1483/2211/1442 1473/2202/1442 1476/2203/1442
f 1487/2218/1443 1497/2316/1443 1493/2224/1443
f 1497/2229/1444 1486/2215/1444 1494/2227/1444
f 1500/2233/1445 1491/2317/1445 1487/2218/1445
f 1491/2214/1446 1499/2230/1446 1485/2212/1446
f 1508/2244/1447 1495/2226/1447 1512/2318/1447
f 1495/2319/1448 1506/2238/1448 1512/2240/1448
f 1501/2236/1449 1511/2245/1449 1507/2241/1449
f 1504/2237/1450 1508/2244/1450 1511/2245/1450
f 1514/2320/1451 1505/2321/1451 1501/2236/1451
f 1505/2232/1452 1513/2246/1452 1499/2230/1452
f 1522/2322/1453 1509/2243/1453 1526/2323/1453
f 1526/2256/1454 1506/2238/1454 1520/2254/1454
f 1515/2252/1455 1525/2261/1455 1521/2257/1455
f 1518/2253/1456 1522/2260/1456 1525/2261/1456
f 1528/2265/1457 1519/2324/1457 1515/2252/1457
f 1530/2325/1458 1513/2246/1458 1519/2248/1458
f 1521/2257/1459 1540/2326/1459 1536/2276/1459
f 1540/2272/1460 1520/2254/1460 1534/2270/1460
f 1529/2268/1461 1539/2277/1461 1535/2273/1461
f 1532/2269/1462 1536/2276/1462 1539/2277/1462
f 1542/2281/1463 1533/2327/1463 1529/2328/1463
f 1533/2264/1464 1541/2278/1464 1527/2262/1464
f 1535/2329/1465 1554/2330/1465 1550/2292/1465
f 1554/2288/1466 1534/2270/1466 1548/2286/1466
f 1543/2284/1467 1553/2293/1467 1549/2289/1467
f 1546/2285/1468 1550/2292/1468 1553/2293/1468
f 1543/2284/1469 1558/2299/1469 1547/2331/1469
f 1558/2332/1470 1541/2278/1470 1547/2280/1470
f 1564/2309/1471 1551/2291/1471 1568/2333/1471
f 1568/2305/1472 1548/2286/1472 1562/2303/1472
f 1557/2300/1473 1567/2334/1473 1563/2306/1473
f 1567/2311/1474 1556/2297/1474 1564/2309/1474
f 1557/2300/1475 1474/2201/1475 1561/2335/1475
f 1561/2296/1476 1471/2196/1476 1555/2294/1476
f 1563/2306/1477 1484/2336/1477 1480/2210/1477
f 1565/2337/1478 1478/2204/1478 1484/2206/1478
f 1541/2278/1479 1555/2294/1479 1485/2212/1479
f 1479/2207/1480 1486/2215/1480 1473/2202/1480
f 1557/2300/1481 1480/2210/1481 1472/2199/1481
f 1506/2238/1482 1478/2204/1482 1548/2286/1482
f 1487/2218/1483 1508/2244/1483 1500/2233/1483
f 1507/2241/1484 1514/2320/1484 1501/2236/1484
f 1515/2252/1485 1536/2276/1485 1528/2265/1485
f 1535/2329/1486 1542/2281/1486 1529/2328/1486
f 1543/2284/1487 1564/2309/1487 1556/2297/1487
f 1569/2338/1488 1573/2339/1488 1575/2340/1488
f 1570/2341/1489 1573/2342/1489 1572/2343/1489
f 1571/2344/1490 1573/2342/1490 1574/2345/1490
f 1576/2346/1491 1580/2347/1491 1582/2348/1491
f 1577/2349/1492 1580/2350/1492 1579/2351/1492
f 1578/2352/1493 1580/2350/1493 1581/2353/1493
f 1583/2354/1494 1587/2355/1494 1589/2356/1494
f 1584/2357/1495 1587/2358/1495 1586/2359/1495
f 1585/2360/1496 1587/2361/1496 1588/2362/1496
f 1590/2363/1497 1594/2364/1497 1596/2365/1497
f 1591/2366/1498 1594/2367/1498 1593/2368/1498
f 1592/2369/1499 1594/2370/1499 1595/2371/1499
f 1597/2372/1500 1601/2373/1500 1603/2374/1500
f 1598/2375/1501 1601/2376/1501 1600/2377/1501
f 1599/2378/1502 1601/2376/1502 1602/2379/1502
f 1604/2380/1503 1608/2381/1503 1610/2382/1503
f 1605/2383/1504 1608/2384/1504 1607/2385/1504
f 1606/2386/1505 1608/2384/1505 1609/2387/1505
f 1611/2388/1506 1615/2389/1506 1617/2390/1506
f 1612/2391/1507 1615/2392/1507 1614/2393/1507
f 1613/2394/1508 1615/2392/1508 1616/2395/1508
f 1618/2396/1509 1622/2397/1509 1624/2398/1509
f 1619/2399/1510 1622/2400/1510 1621/2401/1510
f 1620/2402/1511 1622/2400/1511 1623/2403/1511
f 1625/2404/1512 1629/2405/1512 1631/2406/1512
f 1626/2407/1513 1629/2408/1513 1628/2409/1513
f 1627/2410/1514 1629/2408/1514 1630/2411/1514
f 1632/2412/1515 1636/2413/1515 1638/2414/1515
f 1633/2415/1516 1636/2416/1516 1635/2417/1516
f 1634/2418/1517 1636/2416/1517 1637/2419/1517
f 1639/2420/1518 1643/2421/1518 1645/2422/1518
f 1640/2423/1519 1643/2424/1519 1642/2425/1519
f 1641/2426/1520 1643/2424/1520 1644/2427/1520
f 1646/2428/1521 1650/2429/1521 1652/2430/1521
f 1647/2431/1522 1650/2432/1522 1649/2433/1522
f 1648/2434/1523 1650/2432/1523 1651/2435/1523
f 1653/2436/1524 1657/2437/1524 1659/2438/1524
f 1654/2439/1525 1657/2440/1525 1656/2441/1525
f 1655/2442/1526 1657/2443/1526 1658/2444/1526
f 1660/2445/1527 1664/2446/1527 1666/2447/1527
f 1661/2448/1528 1664/2449/1528 1663/2450/1528
f 1662/2451/1529 1664/2452/1529 1665/2453/1529
f 1584/2357/1530 1575/2454/1530 1571/2344/1530
f 1586/2455/1531 1569/2338/1531 1575/2340/1531
f 1592/2369/1532 1579/2351/1532 1596/2456/1532
f 1579/2457/1533 1590/2363/1533 1596/2365/1533
f 1578/2352/1534 1574/2345/1534 1570/2341/1534
f 1581/2353/1535 1571/2344/1535 1574/2345/1535
f 1585/2360/1536 1595/2458/1536 1591/2366/1536
f 1588/2459/1537 1592/2369/1537 1595/2371/1537
f 1598/2375/1538 1589/2460/1538 1585/2360/1538
f 1589/2356/1539 1597/2372/1539 1583/2354/1539
f 1591/2366/1540 1610/2461/1540 1606/2386/1540
f 1610/2382/1541 1590/2363/1541 1604/2380/1541
f 1599/2378/1542 1609/2387/1542 1605/2383/1542
f 1602/2379/1543 1606/2386/1543 1609/2387/1543
f 1612/2462/1544 1603/2463/1544 1599/2378/1544
f 1603/2374/1545 1611/2388/1545 1597/2372/1545
f 1605/2383/1546 1624/2464/1546 1620/2465/1546
f 1624/2398/1547 1604/2380/1547 1618/2396/1547
f 1613/2394/1548 1623/2403/1548 1619/2399/1548
f 1623/2403/1549 1612/2391/1549 1620/2402/1549
f 1626/2407/1550 1617/2466/1550 1613/2394/1550
f 1628/2467/1551 1611/2388/1551 1617/2390/1551
f 1619/2399/1552 1638/2468/1552 1634/2418/1552
f 1621/2469/1553 1632/2412/1553 1638/2414/1553
f 1627/2410/1554 1637/2419/1554 1633/2415/1554
f 1630/2411/1555 1634/2418/1555 1637/2419/1555
f 1640/2423/1556 1631/2470/1556 1627/2471/1556
f 1642/2472/1557 1625/2404/1557 1631/2406/1557
f 1648/2434/1558 1635/2473/1558 1652/2474/1558
f 1635/2475/1559 1646/2428/1559 1652/2430/1559
f 1641/2426/1560 1651/2435/1560 1647/2431/1560
f 1644/2427/1561 1648/2434/1561 1651/2435/1561
f 1641/2426/1562 1656/2441/1562 1645/2476/1562
f 1645/2422/1563 1653/2436/1563 1639/2420/1563
f 1662/2451/1564 1649/2433/1564 1666/2477/1564
f 1649/2478/1565 1660/2445/1565 1666/2447/1565
f 1655/2442/1566 1665/2479/1566 1661/2448/1566
f 1658/2480/1567 1662/2451/1567 1665/2453/1567
f 1570/2341/1568 1659/2481/1568 1655/2442/1568
f 1659/2438/1569 1569/2338/1569 1653/2436/1569
f 1578/2352/1570 1663/2450/1570 1582/2482/1570
f 1582/2348/1571 1660/2445/1571 1576/2346/1571
f 1653/2436/1572 1583/2354/1572 1611/2388/1572
f 1577/2349/1573 1584/2357/1573 1571/2344/1573
f 1661/2448/1574 1570/2341/1574 1655/2442/1574
f 1646/2428/1575 1632/2412/1575 1618/2396/1575
f 1585/2360/1576 1606/2386/1576 1598/2375/1576
f 1605/2383/1577 1612/2462/1577 1599/2378/1577
f 1619/2399/1578 1626/2407/1578 1613/2394/1578
f 1633/2483/1579 1640/2423/1579 1627/2471/1579
f 1647/2431/1580 1654/2439/1580 1641/2426/1580
f 1667/2484/1581 1671/2485/1581 1673/2486/1581
f 1668/2487/1582 1671/2488/1582 1670/2489/1582
f 1669/2490/1583 1671/2488/1583 1672/2491/1583
f 1674/2492/1584 1678/2493/1584 1680/2494/1584
f 1675/2495/1585 1678/2496/1585 1677/2497/1585
f 1676/2498/1586 1678/2496/1586 1679/2499/1586
f 1681/2500/1587 1685/2501/1587 1687/2502/1587
f 1682/2503/1588 1685/2504/1588 1684/2505/1588
f 1683/2506/1589 1685/2507/1589 1686/2508/1589
f 1688/2509/1590 1692/2510/1590 1694/2511/1590
f 1689/2512/1591 1692/2513/1591 1691/2514/1591
f 1690/2515/1592 1692/2516/1592 1693/2517/1592
f 1695/2518/1593 1699/2519/1593 1701/2520/1593
f 1696/2521/1594 1699/2522/1594 1698/2523/1594
f 1697/2524/1595 1699/2522/1595 1700/2525/1595
f 1702/2526/1596 1706/2527/1596 1708/2528/1596
f 1703/2529/1597 1706/2530/1597 1705/2531/1597
f 1704/2532/1598 1706/2530/1598 1707/2533/1598
f 1709/2534/1599 1713/2535/1599 1715/2536/1599
f 1710/2537/1600 1713/2538/1600 1712/2539/1600
f 1711/2540/1601 1713/2538/1601 1714/2541/1601
f 1716/2542/1602 1720/2543/1602 1722/2544/1602
f 1717/2545/1603 1720/2546/1603 1719/2547/1603
f 1718/2548/1604 1720/2546/1604 1721/2549/1604
f 1723/2550/1605 1727/2551/1605 1729/2552/1605
f 1724/2553/1606 1727/2554/1606 1726/2555/1606
f 1725/2556/1607 1727/2554/1607 1728/2557/1607
f 1730/2558/1608 1734/2559/1608 1736/2560/1608
f 1731/2561/1609 1734/2562/1609 1733/2563/1609
f 1732/2564/1610 1734/2562/1610 1735/2565/1610
f 1737/2566/1611 1741/2567/1611 1743/2568/1611
f 1738/2569/1612 1741/2570/1612 1740/2571/1612
f 1739/2572/1613 1741/2570/1613 1742/2573/1613
f 1744/2574/1614 1748/2575/1614 1750/2576/1614
f 1745/2577/1615 1748/2578/1615 1747/2579/1615
f 1746/2580/1616 1748/2578/1616 1749/2581/1616
f 1751/2582/1617 1755/2583/1617 1757/2584/1617
f 1752/2585/1618 1755/2586/1618 1754/2587/1618
f 1753/2588/1619 1755/2589/1619 1756/2590/1619
f 1758/2591/1620 1762/2592/1620 1764/2593/1620
f 1759/2594/1621 1762/2595/1621 1761/2596/1621
f 1760/2597/1622 1762/2598/1622 1763/2599/1622
f 1669/2490/1623 1684/2505/1623 1673/2600/1623
f 1673/2486/1624 1681/2500/1624 1667/2484/1624
f 1690/2515/1625 1677/2497/1625 1694/2601/1625
f 1694/2511/1626 1674/2492/1626 1688/2509/1626
f 1668/2487/1627 1679/2499/1627 1672/2491/1627
f 1672/2491/1628 1675/2495/1628 1669/2490/1628
f 1683/2506/1629 1693/2602/1629 1689/2512/1629
f 1693/2517/1630 1682/2503/1630 1690/2515/1630
f 1696/2521/1631 1687/2603/1631 1683/2506/1631
f 1698/2604/1632 1681/2500/1632 1687/2502/1632
f 1689/2512/1633 1708/2605/1633 1704/2532/1633
f 1708/2528/1634 1688/2509/1634 1702/2526/1634
f 1697/2524/1635 1707/2533/1635 1703/2529/1635
f 1707/2533/1636 1696/2521/1636 1704/2532/1636
f 1710/2606/1637 1701/2607/1637 1697/2524/1637
f 1701/2520/1638 1709/2534/1638 1695/2518/1638
f 1703/2529/1639 1722/2608/1639 1718/2609/1639
f 1722/2544/1640 1702/2526/1640 1716/2542/1640
f 1717/2545/1641 1714/2541/1641 1721/2549/1641
f 1721/2549/1642 1710/2537/1642 1718/2548/1642
f 1724/2553/1643 1715/2610/1643 1711/2540/1643
f 1715/2536/1644 1723/2550/1644 1709/2534/1644
f 1717/2545/1645 1736/2611/1645 1732/2564/1645
f 1736/2560/1646 1716/2542/1646 1730/2558/1646
f 1725/2556/1647 1735/2565/1647 1731/2561/1647
f 1728/2557/1648 1732/2564/1648 1735/2565/1648
f 1725/2612/1649 1740/2571/1649 1729/2613/1649
f 1729/2552/1650 1737/2566/1650 1723/2550/1650
f 1746/2580/1651 1733/2614/1651 1750/2615/1651
f 1733/2616/1652 1744/2574/1652 1750/2576/1652
f 1739/2572/1653 1749/2581/1653 1745/2577/1653
f 1749/2581/1654 1738/2569/1654 1746/2580/1654
f 1752/2585/1655 1743/2617/1655 1739/2572/1655
f 1743/2568/1656 1751/2582/1656 1737/2566/1656
f 1745/2577/1657 1764/2618/1657 1760/2597/1657
f 1747/2619/1658 1758/2591/1658 1764/2593/1658
f 1753/2588/1659 1763/2620/1659 1759/2594/1659
f 1763/2599/1660 1752/2585/1660 1760/2597/1660
f 1668/2487/1661 1757/2621/1661 1753/2588/1661
f 1670/2622/1662 1751/2582/1662 1757/2584/1662
f 1759/2594/1663 1680/2623/1663 1676/2498/1663
f 1761/2624/1664 1674/2492/1664 1680/2494/1664
f 1681/2500/1665 1709/2534/1665 1737/2566/1665
f 1675/2495/1666 1682/2503/1666 1669/2490/1666
f 1759/2594/1667 1668/2487/1667 1753/2588/1667
f 1674/2492/1668 1744/2574/1668 1716/2542/1668
f 1689/2512/1669 1696/2521/1669 1683/2506/1669
f 1703/2529/1670 1710/2606/1670 1697/2524/1670
f 1711/2540/1671 1732/2564/1671 1724/2553/1671
f 1731/2625/1672 1738/2569/1672 1725/2612/1672
f 1739/2572/1673 1760/2597/1673 1752/2585/1673
f 1765/2626/1674 1769/2627/1674 1771/2628/1674
f 1766/2629/1675 1769/2630/1675 1768/2631/1675
f 1767/2632/1676 1769/2630/1676 1770/2633/1676
f 1772/2634/1677 1776/2635/1677 1778/2636/1677
f 1773/2637/1678 1776/2638/1678 1775/2639/1678
f 1774/2640/1679 1776/2638/1679 1777/2641/1679
f 1779/2642/1680 1783/2643/1680 1785/2644/1680
f 1780/2645/1681 1783/2646/1681 1782/2647/1681
f 1781/2648/1682 1783/2649/1682 1784/2650/1682
f 1786/2651/1683 1790/2652/1683 1792/2653/1683
f 1787/2654/1684 1790/2655/1684 1789/2656/1684
f 1788/2657/1685 1790/2658/1685 1791/2659/1685
f 1793/2660/1686 1797/2661/1686 1799/2662/1686
f 1794/2663/1687 1797/2664/1687 1796/2665/1687
f 1795/2666/1688 1797/2664/1688 1798/2667/1688
f 1800/2668/1689 1804/2669/1689 1806/2670/1689
f 1801/2671/1690 1804/2672/1690 1803/2673/1690
f 1802/2674/1691 1804/2672/1691 1805/2675/1691
f 1807/2676/1692 1811/2677/1692 1813/2678/1692
f 1808/2679/1693 1811/2680/1693 1810/2681/1693
f 1809/2682/1694 1811/2680/1694 1812/2683/1694
f 1814/2684/1695 1818/2685/1695 1820/2686/1695
f 1815/2687/1696 1818/2688/1696 1817/2689/1696
f 1816/2690/1697 1818/2688/1697 1819/2691/1697
f 1821/2692/1698 1825/2693/1698 1827/2694/1698
f 1822/2695/1699 1825/2696/1699 1824/2697/1699
f 1823/2698/1700 1825/2696/1700 1826/2699/1700
f 1828/2700/1701 1832/2701/1701 1834/2702/1701
f 1829/2703/1702 1832/2704/1702 1831/2705/1702
f 1830/2706/1703 1832/2704/1703 1833/2707/1703
f 1835/2708/1704 1839/2709/1704 1841/2710/1704
f 1836/2711/1705 1839/2712/1705 1838/2713/1705
f 1837/2714/1706 1839/2712/1706 1840/2715/1706
f 1842/2716/1707 1846/2717/1707 1848/2718/1707
f 1843/2719/1708 1846/2720/1708 1845/2721/1708
f 1844/2722/1709 1846/2720/1709 1847/2723/1709
f 1849/2724/1710 1853/2725/1710 1855/2726/1710
f 1850/2727/1711 1853/2728/1711 1852/2729/1711
f 1851/2730/1712 1853/2731/1712 1854/2732/1712
f 1856/2733/1713 1860/2734/1713 1862/2735/1713
f 1857/2736/1714 1860/2737/1714 1859/2738/1714
f 1858/2739/1715 1860/2740/1715 1861/2741/1715
f 1767/2632/1716 1782/2647/1716 1771/2742/1716
f 1782/2743/1717 1765/2626/1717 1771/2628/1717
f 1788/2657/1718 1775/2639/1718 1792/2744/1718
f 1775/2745/1719 1786/2651/1719 1792/2653/1719
f 1774/2640/1720 1770/2633/1720 1766/2629/1720
f 1777/2641/1721 1767/2632/1721 1770/2633/1721
f 1781/2648/1722 1791/2746/1722 1787/2654/1722
f 1784/2747/1723 1788/2657/1723 1791/2659/1723
f 1794/2663/1724 1785/2748/1724 1781/2648/1724
f 1785/2644/1725 1793/2660/1725 1779/2642/1725
f 1787/2654/1726 1806/2749/1726 1802/2674/1726
f 1806/2670/1727 1786/2651/1727 1800/2668/1727
f 1801/2671/1728 1798/2667/1728 1805/2675/1728
f 1798/2667/1729 1802/2674/1729 1805/2675/1729
f 1808/2750/1730 1799/2751/1730 1795/2666/1730
f 1799/2662/1731 1807/2676/1731 1793/2660/1731
f 1801/2671/1732 1820/2752/1732 1816/2753/1732
f 1803/2754/1733 1814/2684/1733 1820/2686/1733
f 1809/2682/1734 1819/2691/1734 1815/2687/1734
f 1812/2683/1735 1816/2690/1735 1819/2691/1735
f 1809/2682/1736 1824/2697/1736 1813/2755/1736
f 1813/2678/1737 1821/2692/1737 1807/2676/1737
f 1830/2706/1738 1817/2689/1738 1834/2756/1738
f 1817/2757/1739 1828/2700/1739 1834/2702/1739
f 1829/2703/1740 1826/2699/1740 1833/2707/1740
f 1833/2707/1741 1822/2695/1741 1830/2706/1741
f 1823/2758/1742 1838/2713/1742 1827/2759/1742
f 1838/2760/1743 1821/2692/1743 1827/2694/1743
f 1844/2722/1744 1831/2761/1744 1848/2762/1744
f 1831/2763/1745 1842/2716/1745 1848/2718/1745
f 1843/2719/1746 1840/2715/1746 1847/2723/1746
f 1840/2715/1747 1844/2722/1747 1847/2723/1747
f 1850/2727/1748 1841/2764/1748 1837/2714/1748
f 1841/2710/1749 1849/2724/1749 1835/2708/1749
f 1843/2719/1750 1862/2765/1750 1858/2739/1750
f 1845/2766/1751 1856/2733/1751 1862/2735/1751
f 1851/2730/1752 1861/2767/1752 1857/2736/1752
f 1854/2768/1753 1858/2739/1753 1861/2741/1753
f 1766/2629/1754 1855/2769/1754 1851/2730/1754
f 1855/2726/1755 1765/2626/1755 1849/2724/1755
f 1857/2736/1756 1778/2770/1756 1774/2640/1756
f 1778/2636/1757 1856/2733/1757 1772/2634/1757
f 1835/2708/1758 1849/2724/1758 1779/2642/1758
f 1773/2637/1759 1780/2645/1759 1767/2632/1759
f 1857/2736/1760 1766/2629/1760 1851/2730/1760
f 1800/2668/1761 1772/2634/1761 1842/2716/1761
f 1787/2654/1762 1794/2663/1762 1781/2648/1762
f 1801/2671/1763 1808/2750/1763 1795/2666/1763
f 1815/2687/1764 1822/2695/1764 1809/2682/1764
f 1829/2771/1765 1836/2711/1765 1823/2758/1765
f 1843/2719/1766 1850/2727/1766 1837/2714/1766
f 1863/2772/1767 1867/2773/1767 1869/2774/1767
f 1864/2775/1768 1867/2776/1768 1866/2777/1768
f 1865/2778/1769 1867/2776/1769 1868/2779/1769
f 1870/2780/1770 1874/2781/1770 1876/2782/1770
f 1871/2783/1771 1874/2784/1771 1873/2785/1771
f 1872/2786/1772 1874/2784/1772 1875/2787/1772
f 1877/2788/1773 1881/2789/1773 1883/2790/1773
f 1878/2791/1774 1881/2792/1774 1880/2793/1774
f 1879/2794/1775 1881/2795/1775 1882/2796/1775
f 1884/2797/1776 1888/2798/1776 1890/2799/1776
f 1885/2800/1777 1888/2801/1777 1887/2802/1777
f 1886/2803/1778 1888/2804/1778 1889/2805/1778
f 1891/2806/1779 1895/2807/1779 1897/2808/1779
f 1892/2809/1780 1895/2810/1780 1894/2811/1780
f 1893/2812/1781 1895/2810/1781 1896/2813/1781
f 1898/2814/1782 1902/2815/1782 1904/2816/1782
f 1899/2817/1783 1902/2818/1783 1901/2819/1783
f 1900/2820/1784 1902/2818/1784 1903/2821/1784
f 1905/2822/1785 1909/2823/1785 1911/2824/1785
f 1906/2825/1786 1909/2826/1786 1908/2827/1786
f 1907/2828/1787 1909/2826/1787 1910/2829/1787
f 1912/2830/1788 1916/2831/1788 1918/2832/1788
f 1913/2833/1789 1916/2834/1789 1915/2835/1789
f 1914/2836/1790 1916/2834/1790 1917/2837/1790
f 1919/2838/1791 1923/2839/1791 1925/2840/1791
f 1920/2841/1792 1923/2842/1792 1922/2843/1792
f 1921/2844/1793 1923/2842/1793 1924/2845/1793
f 1926/2846/1794 1930/2847/1794 1932/2848/1794
f 1927/2849/1795 1930/2850/1795 1929/2851/1795
f 1928/2852/1796 1930/2850/1796 1931/2853/1796
f 1933/2854/1797 1937/2855/1797 1939/2856/1797
f 1934/2857/1798 1937/2858/1798 1936/2859/1798
f 1935/2860/1799 1937/2858/1799 1938/2861/1799
f 1940/2862/1800 1944/2863/1800 1946/2864/1800
f 1941/2865/1801 1944/2866/1801 1943/2867/1801
f 1942/2868/1802 1944/2866/1802 1945/2869/1802
f 1947/2870/1803 1951/2871/1803 1953/2872/1803
f 1948/2873/1804 1951/2874/1804 1950/2875/1804
f 1949/2876/1805 1951/2877/1805 1952/2878/1805
f 1954/2879/1806 1958/2880/1806 1960/2881/1806
f 1955/2882/1807 1958/2883/1807 1957/2884/1807
f 1956/2885/1808 1958/2886/1808 1959/2887/1808
f 1878/2791/1809 1869/2888/1809 1865/2778/1809
f 1880/2889/1810 1863/2772/1810 1869/2774/1810
f 1871/2783/1811 1890/2890/1811 1886/2803/1811
f 1873/2891/1812 1884/2797/1812 1890/2799/1812
f 1864/2775/1813 1875/2787/1813 1868/2779/1813
f 1868/2779/1814 1871/2783/1814 1865/2778/1814
f 1879/2794/1815 1889/2892/1815 1885/2800/1815
f 1882/2893/1816 1886/2803/1816 1889/2805/1816
f 1892/2809/1817 1883/2894/1817 1879/2794/1817
f 1883/2790/1818 1891/2806/1818 1877/2788/1818
f 1885/2800/1819 1904/2895/1819 1900/2820/1819
f 1887/2896/1820 1898/2814/1820 1904/2816/1820
f 1893/2812/1821 1903/2821/1821 1899/2817/1821
f 1903/2821/1822 1892/2809/1822 1900/2820/1822
f 1893/2812/1823 1908/2897/1823 1897/2898/1823
f 1908/2899/1824 1891/2806/1824 1897/2808/1824
f 1899/2817/1825 1918/2900/1825 1914/2901/1825
f 1901/2902/1826 1912/2830/1826 1918/2832/1826
f 1907/2828/1827 1917/2837/1827 1913/2833/1827
f 1917/2837/1828 1906/2825/1828 1914/2836/1828
f 1907/2828/1829 1922/2843/1829 1911/2903/1829
f 1922/2904/1830 1905/2822/1830 1911/2824/1830
f 1913/2833/1831 1932/2905/1831 1928/2852/1831
f 1932/2848/1832 1912/2830/1832 1926/2846/1832
f 1921/2844/1833 1931/2853/1833 1927/2849/1833
f 1924/2845/1834 1928/2852/1834 1931/2853/1834
f 1921/2906/1835 1936/2859/1835 1925/2907/1835
f 1925/2840/1836 1933/2854/1836 1919/2838/1836
f 1927/2908/1837 1946/2909/1837 1942/2868/1837
f 1929/2910/1838 1940/2862/1838 1946/2864/1838
f 1935/2860/1839 1945/2869/1839 1941/2865/1839
f 1945/2869/1840 1934/2857/1840 1942/2868/1840
f 1948/2873/1841 1939/2911/1841 1935/2860/1841
f 1950/2912/1842 1933/2854/1842 1939/2856/1842
f 1956/2885/1843 1943/2867/1843 1960/2913/1843
f 1943/2914/1844 1954/2879/1844 1960/2881/1844
f 1955/2882/1845 1952/2878/1845 1959/2915/1845
f 1959/2887/1846 1948/2873/1846 1956/2885/1846
f 1949/2876/1847 1866/2777/1847 1953/2916/1847
f 1953/2872/1848 1863/2772/1848 1947/2870/1848
f 1955/2882/1849 1876/2917/1849 1872/2786/1849
f 1876/2782/1850 1954/2879/1850 1870/2780/1850
f 1905/2822/1851 1919/2838/1851 1933/2854/1851
f 1871/2783/1852 1878/2791/1852 1865/2778/1852
f 1949/2876/1853 1872/2786/1853 1864/2775/1853
f 1912/2830/1854 1898/2814/1854 1870/2780/1854
f 1885/2800/1855 1892/2809/1855 1879/2794/1855
f 1899/2817/1856 1906/2918/1856 1893/2812/1856
f 1907/2828/1857 1928/2852/1857 1920/2841/1857
f 1927/2908/1858 1934/2857/1858 1921/2906/1858
f 1935/2860/1859 1956/2885/1859 1948/2873/1859
f 1961/2919/1860 1965/2920/1860 1967/2921/1860
f 1962/2922/1861 1965/2923/1861 1964/2924/1861
f 1963/2925/1862 1965/2923/1862 1966/2926/1862
f 1968/2927/1863 1972/2928/1863 1974/2929/1863
f 1969/2930/1864 1972/2931/1864 1971/2932/1864
f 1970/2933/1865 1972/2931/1865 1973/2934/1865
f 1975/2935/1866 1979/2936/1866 1981/2937/1866
f 1976/2938/1867 1979/2939/1867 1978/2940/1867
f 1977/2941/1868 1979/2942/1868 1980/2943/1868
f 1982/2944/1869 1986/2945/1869 1988/2946/1869
f 1983/2947/1870 1986/2948/1870 1985/2949/1870
f 1984/2950/1871 1986/2951/1871 1987/2952/1871
f 1989/2953/1872 1993/2954/1872 1995/2955/1872
f 1990/2956/1873 1993/2957/1873 1992/2958/1873
f 1991/2959/1874 1993/2957/1874 1994/2960/1874
f 1996/2961/1875 2000/2962/1875 2002/2963/1875
f 1997/2964/1876 2000/2965/1876 1999/2966/1876
f 1998/2967/1877 2000/2965/1877 2001/2968/1877
f 2003/2969/1878 2007/2970/1878 2009/2971/1878
f 2004/2972/1879 2007/2973/1879 2006/2974/1879
f 2005/2975/1880 2007/2973/1880 2008/2976/1880
f 2010/2977/1881 2014/2978/1881 2016/2979/1881
f 2011/2980/1882 2014/2981/1882 2013/2982/1882
f 2012/2983/1883 2014/2981/1883 2015/2984/1883
f 2017/2985/1884 2021/2986/1884 2023/2987/1884
f 2018/2988/1885 2021/2989/1885 2020/2990/1885
f 2019/2991/1886 2021/2989/1886 2022/2992/1886
f 2024/2993/1887 2028/2994/1887 2030/2995/1887
f 2025/2996/1888 2028/2997/1888 2027/2998/1888
f 2026/2999/1889 2028/2997/1889 2029/3000/1889
f 2031/3001/1890 2035/3002/1890 2037/3003/1890
f 2032/3004/1891 2035/3005/1891 2034/3006/1891
f 2033/3007/1892 2035/3005/1892 2036/3008/1892
f 2038/3009/1893 2042/3010/1893 2044/3011/1893
f 2039/3012/1894 2042/3013/1894 2041/3014/1894
f 2040/3015/1895 2042/3013/1895 2043/3016/1895
f 2045/3017/1896 2049/3018/1896 2051/3019/1896
f 2046/3020/1897 2049/3021/1897 2048/3022/1897
f 2047/3023/1898 2049/3024/1898 2050/3025/1898
f 2052/3026/1899 2056/3027/1899 2058/3028/1899
f 2053/3029/1900 2056/3030/1900 2055/3031/1900
f 2054/3032/1901 2056/3033/1901 2057/3034/1901
f 1963/2925/1902 1978/2940/1902 1967/3035/1902
f 1978/3036/1903 1961/2919/1903 1967/2921/1903
f 1984/2950/1904 1971/2932/1904 1988/3037/1904
f 1971/3038/1905 1982/2944/1905 1988/2946/1905
f 1970/2933/1906 1966/2926/1906 1962/2922/1906
f 1973/2934/1907 1963/2925/1907 1966/2926/1907
f 1977/2941/1908 1987/3039/1908 1983/2947/1908
f 1987/2952/1909 1976/2938/1909 1984/2950/1909
f 1977/2941/1910 1992/2958/1910 1981/3040/1910
f 1992/3041/1911 1975/2935/1911 1981/2937/1911
f 1998/2967/1912 1985/2949/1912 2002/3042/1912
f 2002/2963/1913 1982/2944/1913 1996/2961/1913
f 1991/2959/1914 2001/2968/1914 1997/2964/1914
f 2001/2968/1915 1990/2956/1915 1998/2967/1915
f 2004/3043/1916 1995/3044/1916 1991/2959/1916
f 1995/2955/1917 2003/2969/1917 1989/2953/1917
f 1997/2964/1918 2016/3045/1918 2012/3046/1918
f 1999/3047/1919 2010/2977/1919 2016/2979/1919
f 2005/2975/1920 2015/2984/1920 2011/2980/1920
f 2008/2976/1921 2012/2983/1921 2015/2984/1921
f 2018/2988/1922 2009/3048/1922 2005/2975/1922
f 2020/3049/1923 2003/2969/1923 2009/2971/1923
f 2011/2980/1924 2030/3050/1924 2026/2999/1924
f 2030/2995/1925 2010/2977/1925 2024/2993/1925
f 2019/2991/1926 2029/3000/1926 2025/2996/1926
f 2022/2992/1927 2026/2999/1927 2029/3000/1927
f 2019/3051/1928 2034/3006/1928 2023/3052/1928
f 2023/2987/1929 2031/3001/1929 2017/2985/1929
f 2040/3015/1930 2027/3053/1930 2044/3054/1930
f 2027/3055/1931 2038/3009/1931 2044/3011/1931
f 2033/3007/1932 2043/3016/1932 2039/3012/1932
f 2036/3008/1933 2040/3015/1933 2043/3016/1933
f 2046/3020/1934 2037/3056/1934 2033/3007/1934
f 2037/3003/1935 2045/3017/1935 2031/3001/1935
f 2039/3012/1936 2058/3057/1936 2054/3032/1936
f 2041/3058/1937 2052/3026/1937 2058/3028/1937
f 2047/3023/451 2057/3059/451 2053/3029/451
f 2050/3060/1938 2054/3032/1938 2057/3034/1938
f 1962/2922/1939 2051/3061/1939 2047/3023/1939
f 1964/3062/1940 2045/3017/1940 2051/3019/1940
f 2053/3029/1941 1974/3063/1941 1970/2933/1941
f 2055/3064/1942 1968/2927/1942 1974/2929/1942
f 2003/2969/1943 2017/2985/1943 2031/3001/1943
f 1969/2930/1944 1976/2938/1944 1963/2925/1944
f 2053/3029/1945 1962/2922/1945 2047/3023/1945
f 1968/2927/1946 2038/3009/1946 2010/2977/1946
f 1983/2947/1947 1990/2956/1947 1977/2941/1947
f 1997/2964/1948 2004/3043/1948 1991/2959/1948
f 2011/2980/1949 2018/2988/1949 2005/2975/1949
f 2019/3051/1950 2040/3015/1950 2032/3004/1950
f 2039/3012/1951 2046/3020/1951 2033/3007/1951
f 2059/3065/1952 2063/3066/1952 2065/3067/1952
f 2060/3068/1953 2063/3069/1953 2062/3070/1953
f 2061/3071/1954 2063/3069/1954 2064/3072/1954
f 2066/3073/1955 2070/3074/1955 2072/3075/1955
f 2067/3076/1956 2070/3077/1956 2069/3078/1956
f 2068/3079/1957 2070/3077/1957 2071/3080/1957
f 2073/3081/1958 2077/3082/1958 2079/3083/1958
f 2074/3084/1959 2077/3085/1959 2076/3086/1959
f 2075/3087/1960 2077/3088/1960 2078/3089/1960
f 2080/3090/1961 2084/3091/1961 2086/3092/1961
f 2081/3093/1962 2084/3094/1962 2083/3095/1962
f 2082/3096/1963 2084/3097/1963 2085/3098/1963
f 2087/3099/1964 2091/3100/1964 2093/3101/1964
f 2088/3102/1965 2091/3103/1965 2090/3104/1965
f 2089/3105/1966 2091/3103/1966 2092/3106/1966
f 2094/3107/1967 2098/3108/1967 2100/3109/1967
f 2095/3110/1968 2098/3111/1968 2097/3112/1968
f 2096/3113/1969 2098/3111/1969 2099/3114/1969
f 2101/3115/1970 2105/3116/1970 2107/3117/1970
f 2102/3118/1971 2105/3119/1971 2104/3120/1971
f 2103/3121/1972 2105/3119/1972 2106/3122/1972
f 2108/3123/1973 2112/3124/1973 2114/3125/1973
f 2109/3126/1974 2112/3127/1974 2111/3128/1974
f 2110/3129/1975 2112/3127/1975 2113/3130/1975
f 2115/3131/1976 2119/3132/1976 2121/3133/1976
f 2116/3134/1977 2119/3135/1977 2118/3136/1977
f 2117/3137/1978 2119/3135/1978 2120/3138/1978
f 2122/3139/1979 2126/3140/1979 2128/3141/1979
f 2123/3142/1980 2126/3143/1980 2125/3144/1980
f 2124/3145/1981 2126/3143/1981 2127/3146/1981
f 2129/3147/1982 2133/3148/1982 2135/3149/1982
f 2130/3150/1983 2133/3151/1983 2132/3152/1983
f 2131/3153/1984 2133/3151/1984 2134/3154/1984
f 2136/3155/1985 2140/3156/1985 2142/3157/1985
f 2137/3158/1986 2140/3159/1986 2139/3160/1986
f 2138/3161/1987 2140/3159/1987 2141/3162/1987
f 2143/3163/1988 2147/3164/1988 2149/3165/1988
f 2144/3166/1989 2147/3167/1989 2146/3168/1989
f 2145/3169/1990 2147/3170/1990 2148/3171/1990
f 2150/3172/1991 2154/3173/1991 2156/3174/1991
f 2151/3175/1992 2154/3176/1992 2153/3177/1992
f 2152/3178/1993 2154/3179/1993 2155/3180/1993
f 2074/3084/1994 2065/3181/1994 2061/3071/1994
f 2076/3182/1995 2059/3065/1995 2065/3067/1995
f 2082/3096/1996 2069/3078/1996 2086/3183/1996
f 2069/3184/1997 2080/3090/1997 2086/3092/1997
f 2068/3079/1998 2064/3072/1998 2060/3068/1998
f 2064/3072/1999 2067/3076/1999 2061/3071/1999
f 2075/3087/2000 2085/3185/2000 2081/3093/2000
f 2085/3098/2001 2074/3084/2001 2082/3096/2001
f 2088/3102/2002 2079/3186/2002 2075/3087/2002
f 2090/3187/2003 2073/3081/2003 2079/3083/2003
f 2081/3093/2004 2100/3188/2004 2096/3113/2004
f 2083/3189/2005 2094/3107/2005 2100/3109/2005
f 2089/3105/2006 2099/3114/2006 2095/3110/2006
f 2092/3106/2007 2096/3113/2007 2099/3114/2007
f 2102/3190/2008 2093/3191/2008 2089/3105/2008
f 2104/3192/2009 2087/3099/2009 2093/3101/2009
f 2095/3110/2010 2114/3193/2010 2110/3194/2010
f 2097/3195/2011 2108/3123/2011 2114/3125/2011
f 2103/3121/2012 2113/3130/2012 2109/3126/2012
f 2106/3122/2013 2110/3129/2013 2113/3130/2013
f 2103/3121/2014 2118/3136/2014 2107/3196/2014
f 2107/3117/2015 2115/3131/2015 2101/3115/2015
f 2109/3126/2016 2128/3197/2016 2124/3145/2016
f 2128/3141/2017 2108/3123/2017 2122/3139/2017
f 2117/3137/2018 2127/3146/2018 2123/3142/2018
f 2127/3146/2019 2116/3134/2019 2124/3145/2019
f 2117/3198/2020 2132/3152/2020 2121/3199/2020
f 2132/3200/2021 2115/3131/2021 2121/3133/2021
f 2138/3161/2022 2125/3201/2022 2142/3202/2022
f 2142/3157/2023 2122/3139/2023 2136/3155/2023
f 2131/3153/1653 2141/3162/1653 2137/3158/1653
f 2141/3162/2024 2130/3150/2024 2138/3161/2024
f 2131/3153/2025 2146/3168/2025 2135/3203/2025
f 2135/3149/2026 2143/3163/2026 2129/3147/2026
f 2152/3178/2027 2139/3160/2027 2156/3204/2027
f 2139/3205/2028 2150/3172/2028 2156/3174/2028
f 2145/3169/2029 2155/3206/2029 2151/3175/2029
f 2148/3207/2030 2152/3178/2030 2155/3180/2030
f 2145/3169/2031 2062/3070/2031 2149/3208/2031
f 2149/3165/2032 2059/3065/2032 2143/3163/2032
f 2068/3079/2033 2153/3177/2033 2072/3209/2033
f 2153/3210/2034 2066/3073/2034 2072/3075/2034
f 2115/3131/2035 2129/3147/2035 2073/3081/2035
f 2061/3071/2036 2082/3096/2036 2074/3084/2036
f 2151/3175/2037 2060/3068/2037 2145/3169/2037
f 2108/3123/2038 2094/3107/2038 2066/3073/2038
f 2081/3093/2039 2088/3102/2039 2075/3087/2039
f 2095/3110/2040 2102/3190/2040 2089/3105/2040
f 2103/3121/2041 2124/3145/2041 2116/3134/2041
f 2123/3211/2042 2130/3150/2042 2117/3198/2042
f 2131/3153/2043 2152/3178/2043 2144/3166/2043
f 2157/3212/2044 2161/3213/2044 2163/3214/2044
f 2158/3215/2045 2161/3216/2045 2160/3217/2045
f 2159/3218/2046 2161/3216/2046 2162/3219/2046
f 2164/3220/2047 2168/3221/2047 2170/3222/2047
f 2165/3223/2048 2168/3224/2048 2167/3225/2048
f 2166/3226/2049 2168/3224/2049 2169/3227/2049
f 2171/3228/2050 2175/3229/2050 2177/3230/2050
f 2172/3231/2051 2175/3232/2051 2174/3233/2051
f 2173/3234/2052 2175/3235/2052 2176/3236/2052
f 2178/3237/2053 2182/3238/2053 2184/3239/2053
f 2179/3240/2054 2182/3241/2054 2181/3242/2054
f 2180/3243/2055 2182/3244/2055 2183/3245/2055
f 2185/3246/2056 2189/3247/2056 2191/3248/2056
f 2186/3249/2057 2189/3250/2057 2188/3251/2057
f 2187/3252/2058 2189/3250/2058 2190/3253/2058
f 2192/3254/2059 2196/3255/2059 2198/3256/2059
f 2193/3257/2060 2196/3258/2060 2195/3259/2060
f 2194/3260/2061 2196/3258/2061 2197/3261/2061
f 2199/3262/2062 2203/3263/2062 2205/3264/2062
f 2200/3265/2063 2203/3266/2063 2202/3267/2063
f 2201/3268/2064 2203/3266/2064 2204/3269/2064
f 2206/3270/2065 2210/3271/2065 2212/3272/2065
f 2207/3273/2066 2210/3274/2066 2209/3275/2066
f 2208/3276/2067 2210/3274/2067 2211/3277/2067
f 2213/3278/2068 2217/3279/2068 2219/3280/2068
f 2214/3281/2069 2217/3282/2069 2216/3283/2069
f 2215/3284/2070 2217/3282/2070 2218/3285/2070
f 2220/3286/2071 2224/3287/2071 2226/3288/2071
f 2221/3289/2072 2224/3290/2072 2223/3291/2072
f 2222/3292/2073 2224/3290/2073 2225/3293/2073
f 2227/3294/2074 2231/3295/2074 2233/3296/2074
f 2228/3297/2075 2231/3298/2075 2230/3299/2075
f 2229/3300/2076 2231/3298/2076 2232/3301/2076
f 2234/3302/2077 2238/3303/2077 2240/3304/2077
f 2235/3305/2078 2238/3306/2078 2237/3307/2078
f 2236/3308/2079 2238/3306/2079 2239/3309/2079
f 2241/3310/2080 2245/3311/2080 2247/3312/2080
f 2242/3313/2081 2245/3314/2081 2244/3315/2081
f 2243/3316/2082 2245/3317/2082 2246/3318/2082
f 2248/3319/2083 2252/3320/2083 2254/3321/2083
f 2249/3322/2084 2252/3323/2084 2251/3324/2084
f 2250/3325/2085 2252/3326/2085 2253/3327/2085
f 2159/3218/2086 2174/3233/2086 2163/3328/2086
f 2163/3214/2087 2171/3228/2087 2157/3212/2087
f 2165/3223/2088 2184/3329/2088 2180/3243/2088
f 2184/3239/2089 2164/3220/2089 2178/3237/2089
f 2166/3226/2090 2162/3219/2090 2158/3215/2090
f 2162/3219/2091 2165/3223/2091 2159/3218/2091
f 2179/3240/2092 2176/3236/2092 2183/3330/2092
f 2176/3331/2093 2180/3243/2093 2183/3245/2093
f 2173/3234/2094 2188/3251/2094 2177/3332/2094
f 2188/3333/2095 2171/3228/2095 2177/3230/2095
f 2179/3240/2096 2198/3334/2096 2194/3260/2096
f 2198/3256/2097 2178/3237/2097 2192/3254/2097
f 2187/3252/2098 2197/3261/2098 2193/3257/2098
f 2190/3253/2099 2194/3260/2099 2197/3261/2099
f 2200/3335/2100 2191/3336/2100 2187/3252/2100
f 2202/3337/2101 2185/3246/2101 2191/3248/2101
f 2208/3338/2102 2195/3259/2102 2212/3339/2102
f 2195/3340/2103 2206/3270/2103 2212/3272/2103
f 2201/3268/2104 2211/3277/2104 2207/3273/2104
f 2204/3269/2105 2208/3276/2105 2211/3277/2105
f 2201/3268/2106 2216/3283/2106 2205/3341/2106
f 2205/3264/2107 2213/3278/2107 2199/3262/2107
f 2222/3292/2108 2209/3275/2108 2226/3342/2108
f 2209/3343/2109 2220/3286/2109 2226/3288/2109
f 2215/3284/2110 2225/3293/2110 2221/3289/2110
f 2218/3285/2111 2222/3292/2111 2225/3293/2111
f 2228/3297/2112 2219/3344/2112 2215/3345/2112
f 2230/3346/2113 2213/3278/2113 2219/3280/2113
f 2221/3347/2114 2240/3348/2114 2236/3308/2114
f 2240/3304/2115 2220/3286/2115 2234/3302/2115
f 2229/3300/2116 2239/3309/2116 2235/3305/2116
f 2232/3301/2117 2236/3308/2117 2239/3309/2117
f 2242/3313/2118 2233/3349/2118 2229/3300/2118
f 2233/3296/2119 2241/3310/2119 2227/3294/2119
f 2250/3325/2120 2237/3307/2120 2254/3350/2120
f 2237/3351/2121 2248/3319/2121 2254/3321/2121
f 2243/3316/2122 2253/3352/2122 2249/3322/2122
f 2246/3353/2123 2250/3325/2123 2253/3327/2123
f 2243/3316/2124 2160/3217/2124 2247/3354/2124
f 2247/3312/2125 2157/3212/2125 2241/3310/2125
f 2249/3322/2126 2170/3355/2126 2166/3226/2126
f 2251/3356/2127 2164/3220/2127 2170/3222/2127
f 2227/3294/2128 2241/3310/2128 2171/3228/2128
f 2165/3223/2129 2172/3231/2129 2159/3218/2129
f 2249/3322/2130 2158/3215/2130 2243/3316/2130
f 2206/3270/2131 2192/3254/2131 2164/3220/2131
f 2173/3234/2132 2194/3260/2132 2186/3249/2132
f 2193/3257/2133 2200/3335/2133 2187/3252/2133
f 2207/3273/2134 2214/3281/2134 2201/3268/2134
f 2221/3347/2135 2228/3297/2135 2215/3345/2135
f 2235/3305/2136 2242/3313/2136 2229/3300/2136
f 2255/3357/2137 2259/3358/2137 2261/3359/2137
f 2256/3360/2138 2259/3361/2138 2258/3362/2138
f 2257/3363/2139 2259/3361/2139 2260/3364/2139
f 2262/3365/2140 2266/3366/2140 2268/3367/2140
f 2263/3368/2141 2266/3369/2141 2265/3370/2141
f 2264/3371/2142 2266/3369/2142 2267/3372/2142
f 2269/3373/2143 2273/3374/2143 2275/3375/2143
f 2270/3376/2144 2273/3377/2144 2272/3378/2144
f 2271/3379/2145 2273/3380/2145 2274/3381/2145
f 2276/3382/2146 2280/3383/2146 2282/3384/2146
f 2277/3385/2147 2280/3386/2147 2279/3387/2147
f 2278/3388/2148 2280/3389/2148 2281/3390/2148
f 2283/3391/2149 2287/3392/2149 2289/3393/2149
f 2284/3394/2150 2287/3395/2150 2286/3396/2150
f 2285/3397/2151 2287/3395/2151 2288/3398/2151
f 2290/3399/2152 2294/3400/2152 2296/3401/2152
f 2291/3402/2153 2294/3403/2153 2293/3404/2153
f 2292/3405/2154 2294/3403/2154 2295/3406/2154
f 2297/3407/2155 2301/3408/2155 2303/3409/2155
f 2298/3410/2156 2301/3411/2156 2300/3412/2156
f 2299/3413/2157 2301/3411/2157 2302/3414/2157
f 2304/3415/2158 2308/3416/2158 2310/3417/2158
f 2305/3418/2159 2308/3419/2159 2307/3420/2159
f 2306/3421/2160 2308/3419/2160 2309/3422/2160
f 2311/3423/2161 2315/3424/2161 2317/3425/2161
f 2312/3426/2162 2315/3427/2162 2314/3428/2162
f 2313/3429/2163 2315/3427/2163 2316/3430/2163
f 2318/3431/2164 2322/3432/2164 2324/3433/2164
f 2319/3434/2165 2322/3435/2165 2321/3436/2165
f 2320/3437/2166 2322/3435/2166 2323/3438/2166
f 2325/3439/2167 2329/3440/2167 2331/3441/2167
f 2326/3442/2168 2329/3443/2168 2328/3444/2168
f 2327/3445/2169 2329/3443/2169 2330/3446/2169
f 2332/3447/2170 2336/3448/2170 2338/3449/2170
f 2333/3450/2171 2336/3451/2171 2335/3452/2171
f 2334/3453/2172 2336/3451/2172 2337/3454/2172
f 2339/3455/2173 2343/3456/2173 2345/3457/2173
f 2340/3458/2174 2343/3459/2174 2342/3460/2174
f 2341/3461/2175 2343/3462/2175 2344/3463/2175
f 2346/3464/2176 2350/3465/2176 2352/3466/2176
f 2347/3467/2177 2350/3468/2177 2349/3469/2177
f 2348/3470/2178 2350/3471/2178 2351/3472/2178
f 2270/3376/2179 2261/3473/2179 2257/3363/2179
f 2261/3359/2180 2269/3373/2180 2255/3357/2180
f 2263/3368/2181 2282/3474/2181 2278/3388/2181
f 2265/3475/2182 2276/3382/2182 2282/3384/2182
f 2256/3360/2183 2267/3372/2183 2260/3364/2183
f 2267/3372/2184 2257/3363/2184 2260/3364/2184
f 2271/3379/2185 2281/3476/2185 2277/3385/2185
f 2274/3477/2186 2278/3388/2186 2281/3390/2186
f 2284/3394/2187 2275/3478/2187 2271/3379/2187
f 2275/3375/2188 2283/3391/2188 2269/3373/2188
f 2277/3385/2189 2296/3479/2189 2292/3405/2189
f 2296/3401/2190 2276/3382/2190 2290/3399/2190
f 2291/3402/2191 2288/3398/2191 2295/3406/2191
f 2295/3406/335 2284/3394/335 2292/3405/335
f 2298/3480/2192 2289/3481/2192 2285/3397/2192
f 2300/3482/2193 2283/3391/2193 2289/3393/2193
f 2306/3483/2194 2293/3404/2194 2310/3484/2194
f 2293/3485/2195 2304/3415/2195 2310/3417/2195
f 2305/3418/2196 2302/3414/2196 2309/3422/2196
f 2302/3414/2197 2306/3421/2197 2309/3422/2197
f 2299/3413/2198 2314/3428/2198 2303/3486/2198
f 2303/3409/2199 2311/3423/2199 2297/3407/2199
f 2320/3437/2200 2307/3420/2200 2324/3487/2200
f 2324/3433/2201 2304/3415/2201 2318/3431/2201
f 2313/3429/2202 2323/3438/2202 2319/3434/2202
f 2316/3430/2203 2320/3437/2203 2323/3438/2203
f 2326/3442/2204 2317/3488/2204 2313/3489/2204
f 2317/3425/2205 2325/3439/2205 2311/3423/2205
f 2319/3490/2206 2338/3491/2206 2334/3453/2206
f 2321/3492/2207 2332/3447/2207 2338/3449/2207
f 2327/3445/2208 2337/3454/2208 2333/3450/2208
f 2330/3446/2209 2334/3453/2209 2337/3454/2209
f 2327/3445/2210 2342/3460/2210 2331/3493/2210
f 2342/3494/2211 2325/3439/2211 2331/3441/2211
f 2333/3450/2212 2352/3495/2212 2348/3470/2212
f 2352/3466/2213 2332/3447/2213 2346/3464/2213
f 2347/3467/2214 2344/3463/2214 2351/3496/2214
f 2351/3472/2215 2340/3458/2215 2348/3470/2215
f 2341/3461/2216 2258/3362/2216 2345/3497/2216
f 2258/3498/2217 2339/3455/2217 2345/3457/2217
f 2264/3371/2218 2349/3469/2218 2268/3499/2218
f 2268/3367/2219 2346/3464/2219 2262/3365/2219
f 2325/3439/2220 2339/3455/2220 2269/3373/2220
f 2263/3368/2221 2270/3376/2221 2257/3363/2221
f 2341/3461/2222 2264/3371/2222 2256/3360/2222
f 2290/3399/2223 2262/3365/2223 2332/3447/2223
f 2271/3379/2224 2292/3405/2224 2284/3394/2224
f 2285/3397/2225 2306/3483/2225 2298/3480/2225
f 2299/3413/2226 2320/3437/2226 2312/3426/2226
f 2319/3490/2227 2326/3442/2227 2313/3489/2227
f 2327/3445/2228 2348/3470/2228 2340/3458/2228
f 2353/3500/2229 2357/3501/2229 2359/3502/2229
f 2354/3503/2230 2357/3504/2230 2356/3505/2230
f 2355/3506/2231 2357/3504/2231 2358/3507/2231
f 2360/3508/2232 2364/3509/2232 2366/3510/2232
f 2361/3511/2233 2364/3512/2233 2363/3513/2233
f 2362/3514/2234 2364/3512/2234 2365/3515/2234
f 2367/3516/2235 2371/3517/2235 2373/3518/2235
f 2368/3519/2236 2371/3520/2236 2370/3521/2236
f 2369/3522/2237 2371/3523/2237 2372/3524/2237
f 2374/3525/2238 2378/3526/2238 2380/3527/2238
f 2375/3528/2239 2378/3529/2239 2377/3530/2239
f 2376/3531/2240 2378/3532/2240 2379/3533/2240
f 2381/3534/2241 2385/3535/2241 2387/3536/2241
f 2382/3537/2242 2385/3538/2242 2384/3539/2242
f 2383/3540/2243 2385/3538/2243 2386/3541/2243
f 2388/3542/2244 2392/3543/2244 2394/3544/2244
f 2389/3545/2245 2392/3546/2245 2391/3547/2245
f 2390/3548/2246 2392/3546/2246 2393/3549/2246
f 2395/3550/2247 2399/3551/2247 2401/3552/2247
f 2396/3553/2248 2399/3554/2248 2398/3555/2248
f 2397/3556/2249 2399/3554/2249 2400/3557/2249
f 2402/3558/2250 2406/3559/2250 2408/3560/2250
f 2403/3561/2251 2406/3562/2251 2405/3563/2251
f 2404/3564/2252 2406/3562/2252 2407/3565/2252
f 2409/3566/2253 2413/3567/2253 2415/3568/2253
f 2410/3569/2254 2413/3570/2254 2412/3571/2254
f 2411/3572/2255 2413/3570/2255 2414/3573/2255
f 2416/3574/2256 2420/3575/2256 2422/3576/2256
f 2417/3577/2257 2420/3578/2257 2419/3579/2257
f 2418/3580/2258 2420/3578/2258 2421/3581/2258
f 2423/3582/2259 2427/3583/2259 2429/3584/2259
f 2424/3585/2260 2427/3586/2260 2426/3587/2260
f 2425/3588/2261 2427/3586/2261 2428/3589/2261
f 2430/3590/2262 2434/3591/2262 2436/3592/2262
f 2431/3593/2263 2434/3594/2263 2433/3595/2263
f 2432/3596/2264 2434/3594/2264 2435/3597/2264
f 2437/3598/2265 2441/3599/2265 2443/3600/2265
f 2438/3601/2266 2441/3602/2266 2440/3603/2266
f 2439/3604/2267 2441/3605/2267 2442/3606/2267
f 2444/3607/2268 2448/3608/2268 2450/3609/2268
f 2445/3610/2269 2448/3611/2269 2447/3612/2269
f 2446/3613/2270 2448/3614/2270 2449/3615/2270
f 2368/3519/2271 2359/3616/2271 2355/3506/2271
f 2370/3617/2272 2353/3500/2272 2359/3502/2272
f 2376/3531/2273 2363/3513/2273 2380/3618/2273
f 2363/3619/2274 2374/3525/2274 2380/3527/2274
f 2354/3503/2275 2365/3515/2275 2358/3507/2275
f 2365/3515/2276 2355/3506/2276 2358/3507/2276
f 2369/3522/2277 2379/3620/2277 2375/3528/2277
f 2372/3621/2278 2376/3531/2278 2379/3533/2278
f 2369/3522/2279 2384/3539/2279 2373/3622/2279
f 2384/3623/2280 2367/3516/2280 2373/3518/2280
f 2390/3548/2281 2377/3530/2281 2394/3624/2281
f 2394/3544/2282 2374/3525/2282 2388/3542/2282
f 2383/3540/2283 2393/3549/2283 2389/3545/2283
f 2386/3541/2284 2390/3548/2284 2393/3549/2284
f 2396/3625/2285 2387/3626/2285 2383/3540/2285
f 2387/3536/2286 2395/3550/2286 2381/3534/2286
f 2404/3627/2287 2391/3547/2287 2408/3628/2287
f 2391/3629/2288 2402/3558/2288 2408/3560/2288
f 2397/3556/2289 2407/3565/2289 2403/3561/2289
f 2407/3565/2290 2396/3553/2290 2404/3564/2290
f 2410/3569/2291 2401/3630/2291 2397/3556/2291
f 2412/3631/2292 2395/3550/2292 2401/3552/2292
f 2403/3561/2293 2422/3632/2293 2418/3580/2293
f 2405/3633/2294 2416/3574/2294 2422/3576/2294
f 2411/3572/2295 2421/3581/2295 2417/3577/2295
f 2414/3573/2296 2418/3580/2296 2421/3581/2296
f 2424/3585/2297 2415/3634/2297 2411/3635/2297
f 2415/3568/2298 2423/3582/2298 2409/3566/2298
f 2417/3636/2299 2436/3637/2299 2432/3596/2299
f 2436/3592/2300 2416/3574/2300 2430/3590/2300
f 2425/3588/2301 2435/3597/2301 2431/3593/2301
f 2428/3589/2302 2432/3596/2302 2435/3597/2302
f 2438/3601/2303 2429/3638/2303 2425/3588/2303
f 2440/3639/2304 2423/3582/2304 2429/3584/2304
f 2446/3613/2305 2433/3595/2305 2450/3640/2305
f 2433/3641/2306 2444/3607/2306 2450/3609/2306
f 2445/3610/2307 2442/3606/2307 2449/3642/2307
f 2442/3643/2308 2446/3613/2308 2449/3615/2308
f 2354/3503/2309 2443/3644/2309 2439/3604/2309
f 2356/3645/2310 2437/3598/2310 2443/3600/2310
f 2362/3514/2311 2447/3612/2311 2366/3646/2311
f 2366/3510/2312 2444/3607/2312 2360/3508/2312
f 2423/3582/2313 2437/3598/2313 2367/3516/2313
f 2361/3511/2314 2368/3519/2314 2355/3506/2314
f 2445/3610/2315 2354/3503/2315 2439/3604/2315
f 2430/3590/2316 2416/3574/2316 2402/3558/2316
f 2375/3528/2317 2382/3537/2317 2369/3522/2317
f 2389/3545/2318 2396/3625/2318 2383/3540/2318
f 2403/3561/2319 2410/3569/2319 2397/3556/2319
f 2417/3636/2320 2424/3585/2320 2411/3635/2320
f 2425/3588/2321 2446/3613/2321 2438/3601/2321
f 2451/3647/2322 2455/3648/2322 2457/3649/2322
f 2452/3650/2323 2455/3651/2323 2454/3652/2323
f 2453/3653/2324 2455/3651/2324 2456/3654/2324
f 2458/3655/2325 2462/3656/2325 2464/3657/2325
f 2459/3658/2326 2462/3659/2326 2461/3660/2326
f 2460/3661/2327 2462/3659/2327 2463/3662/2327
f 2465/3663/2328 2469/3664/2328 2471/3665/2328
f 2466/3666/2329 2469/3667/2329 2468/3668/2329
f 2467/3669/2330 2469/3670/2330 2470/3671/2330
f 2472/3672/2331 2476/3673/2331 2478/3674/2331
f 2473/3675/2332 2476/3676/2332 2475/3677/2332
f 2474/3678/2333 2476/3679/2333 2477/3680/2333
f 2479/3681/2334 2483/3682/2334 2485/3683/2334
f 2480/3684/2335 2483/3685/2335 2482/3686/2335
f 2481/3687/2336 2483/3685/2336 2484/3688/2336
f 2486/3689/2337 2490/3690/2337 2492/3691/2337
f 2487/3692/2338 2490/3693/2338 2489/3694/2338
f 2488/3695/2339 2490/3693/2339 2491/3696/2339
f 2493/3697/2340 2497/3698/2340 2499/3699/2340
f 2494/3700/2341 2497/3701/2341 2496/3702/2341
f 2495/3703/2342 2497/3701/2342 2498/3704/2342
f 2500/3705/2343 2504/3706/2343 2506/3707/2343
f 2501/3708/2344 2504/3709/2344 2503/3710/2344
f 2502/3711/2345 2504/3709/2345 2505/3712/2345
f 2507/3713/2346 2511/3714/2346 2513/3715/2346
f 2508/3716/2347 2511/3717/2347 2510/3718/2347
f 2509/3719/2348 2511/3717/2348 2512/3720/2348
f 2514/3721/2349 2518/3722/2349 2520/3723/2349
f 2515/3724/2350 2518/3725/2350 2517/3726/2350
f 2516/3727/2351 2518/3725/2351 2519/3728/2351
f 2521/3729/2352 2525/3730/2352 2527/3731/2352
f 2522/3732/2353 2525/3733/2353 2524/3734/2353
f 2523/3735/2354 2525/3733/2354 2526/3736/2354
f 2528/3737/2355 2532/3738/2355 2534/3739/2355
f 2529/3740/2356 2532/3741/2356 2531/3742/2356
f 2530/3743/2357 2532/3741/2357 2533/3744/2357
f 2535/3745/2358 2539/3746/2358 2541/3747/2358
f 2536/3748/2359 2539/3749/2359 2538/3750/2359
f 2537/3751/2360 2539/3752/2360 2540/3753/2360
f 2542/3754/2361 2546/3755/2361 2548/3756/2361
f 2543/3757/2362 2546/3758/2362 2545/3759/2362
f 2544/3760/2363 2546/3761/2363 2547/3762/2363
f 2453/3653/2364 2468/3668/2364 2457/3763/2364
f 2457/3649/2365 2465/3663/2365 2451/3647/2365
f 2474/3678/2366 2461/3660/2366 2478/3764/2366
f 2461/3765/2367 2472/3672/2367 2478/3674/2367
f 2452/3650/2368 2463/3662/2368 2456/3654/2368
f 2456/3654/2369 2459/3658/2369 2453/3653/2369
f 2473/3675/2370 2470/3671/2370 2477/3766/2370
f 2470/3767/2371 2474/3678/2371 2477/3680/2371
f 2480/3684/2372 2471/3768/2372 2467/3669/2372
f 2482/3769/2373 2465/3663/2373 2471/3665/2373
f 2488/3695/2374 2475/3677/2374 2492/3770/2374
f 2475/3771/2375 2486/3689/2375 2492/3691/2375
f 2481/3687/2376 2491/3696/2376 2487/3692/2376
f 2491/3696/2377 2480/3684/2377 2488/3695/2377
f 2481/3687/2378 2496/3772/2378 2485/3773/2378
f 2496/3774/2379 2479/3681/2379 2485/3683/2379
f 2487/3692/2380 2506/3775/2380 2502/3776/2380
f 2506/3707/2381 2486/3689/2381 2500/3705/2381
f 2495/3703/2382 2505/3712/2382 2501/3708/2382
f 2498/3704/2383 2502/3711/2383 2505/3712/2383
f 2508/3716/2384 2499/3777/2384 2495/3703/2384
f 2510/3778/2385 2493/3697/2385 2499/3699/2385
f 2516/3727/2386 2503/3710/2386 2520/3779/2386
f 2503/3780/2387 2514/3721/2387 2520/3723/2387
f 2515/3724/2388 2512/3720/2388 2519/3728/2388
f 2512/3720/2389 2516/3727/2389 2519/3728/2389
f 2522/3732/2390 2513/3781/2390 2509/3782/2390
f 2524/3783/2391 2507/3713/2391 2513/3715/2391
f 2515/3784/2392 2534/3785/2392 2530/3743/2392
f 2534/3739/2393 2514/3721/2393 2528/3737/2393
f 2523/3735/2394 2533/3744/2394 2529/3740/2394
f 2533/3744/2395 2522/3732/2395 2530/3743/2395
f 2523/3735/2396 2538/3750/2396 2527/3786/2396
f 2538/3787/2397 2521/3729/2397 2527/3731/2397
f 2544/3760/2398 2531/3742/2398 2548/3788/2398
f 2548/3756/2399 2528/3737/2399 2542/3754/2399
f 2543/3757/2400 2540/3753/2400 2547/3789/2400
f 2547/3762/2401 2536/3748/2401 2544/3760/2401
f 2537/3751/2402 2454/3652/2402 2541/3790/2402
f 2454/3791/2403 2535/3745/2403 2541/3747/2403
f 2543/3757/2404 2464/3792/2404 2460/3661/2404
f 2545/3793/2405 2458/3655/2405 2464/3657/2405
f 2521/3729/2406 2535/3745/2406 2465/3663/2406
f 2459/3658/2407 2466/3666/2407 2453/3653/2407
f 2537/3751/2408 2460/3661/2408 2452/3650/2408
f 2514/3721/2409 2500/3705/2409 2458/3655/2409
f 2467/3669/2410 2488/3695/2410 2480/3684/2410
f 2487/3692/2411 2494/3794/2411 2481/3687/2411
f 2495/3703/2412 2516/3727/2412 2508/3716/2412
f 2509/3782/2413 2530/3743/2413 2522/3732/2413
f 2523/3735/2414 2544/3760/2414 2536/3748/2414
f 2549/3795/2415 2553/3796/2415 2555/3797/2415
f 2550/3798/2416 2553/3799/2416 2552/3800/2416
f 2551/3801/2417 2553/3799/2417 2554/3802/2417
f 2556/3803/2418 2560/3804/2418 2562/3805/2418
f 2557/3806/2419 2560/3807/2419 2559/3808/2419
f 2558/3809/2420 2560/3807/2420 2561/3810/2420
f 2563/3811/2421 2567/3812/2421 2569/3813/2421
f 2564/3814/2422 2567/3815/2422 2566/3816/2422
f 2565/3817/2423 2567/3818/2423 2568/3819/2423
f 2570/3820/2424 2574/3821/2424 2576/3822/2424
f 2571/3823/2425 2574/3824/2425 2573/3825/2425
f 2572/3826/2426 2574/3827/2426 2575/3828/2426
f 2577/3829/2427 2581/3830/2427 2583/3831/2427
f 2578/3832/2428 2581/3833/2428 2580/3834/2428
f 2579/3835/2429 2581/3833/2429 2582/3836/2429
f 2584/3837/2430 2588/3838/2430 2590/3839/2430
f 2585/3840/2431 2588/3841/2431 2587/3842/2431
f 2586/3843/2432 2588/3841/2432 2589/3844/2432
f 2591/3845/2433 2595/3846/2433 2597/3847/2433
f 2592/3848/2434 2595/3849/2434 2594/3850/2434
f 2593/3851/2435 2595/3849/2435 2596/3852/2435
f 2598/3853/2436 2602/3854/2436 2604/3855/2436
f 2599/3856/2437 2602/3857/2437 2601/3858/2437
f 2600/3859/2438 2602/3857/2438 2603/3860/2438
f 2605/3861/2439 2609/3862/2439 2611/3863/2439
f 2606/3864/2440 2609/3865/2440 2608/3866/2440
f 2607/3867/2441 2609/3865/2441 2610/3868/2441
f 2612/3869/2442 2616/3870/2442 2618/3871/2442
f 2613/3872/2443 2616/3873/2443 2615/3874/2443
f 2614/3875/2444 2616/3873/2444 2617/3876/2444
f 2619/3877/2445 2623/3878/2445 2625/3879/2445
f 2620/3880/2446 2623/3881/2446 2622/3882/2446
f 2621/3883/2447 2623/3881/2447 2624/3884/2447
f 2626/3885/2448 2630/3886/2448 2632/3887/2448
f 2627/3888/2449 2630/3889/2449 2629/3890/2449
f 2628/3891/2450 2630/3889/2450 2631/3892/2450
f 2633/3893/2451 2637/3894/2451 2639/3895/2451
f 2634/3896/2452 2637/3897/2452 2636/3898/2452
f 2635/3899/2453 2637/3900/2453 2638/3901/2453
f 2640/3902/2454 2644/3903/2454 2646/3904/2454
f 2641/3905/2455 2644/3906/2455 2643/3907/2455
f 2642/3908/2456 2644/3909/2456 2645/3910/2456
f 2564/3814/2457 2555/3911/2457 2551/3801/2457
f 2566/3912/2458 2549/3795/2458 2555/3797/2458
f 2557/3806/2459 2576/3913/2459 2572/3826/2459
f 2576/3822/2460 2556/3803/2460 2570/3820/2460
f 2558/3809/2461 2554/3802/2461 2550/3798/2461
f 2561/3810/2462 2551/3801/2462 2554/3802/2462
f 2571/3823/2463 2568/3819/2463 2575/3914/2463
f 2575/3828/2464 2564/3814/2464 2572/3826/2464
f 2565/3817/2465 2580/3834/2465 2569/3915/2465
f 2580/3916/2466 2563/3811/2466 2569/3813/2466
f 2586/3843/2467 2573/3825/2467 2590/3917/2467
f 2590/3839/2468 2570/3820/2468 2584/3837/2468
f 2585/3840/2469 2582/3836/2469 2589/3844/2469
f 2582/3836/2470 2586/3843/2470 2589/3844/2470
f 2579/3835/2471 2594/3918/2471 2583/3919/2471
f 2583/3831/2472 2591/3845/2472 2577/3829/2472
f 2600/3920/2473 2587/3842/2473 2604/3921/2473
f 2604/3855/2474 2584/3837/2474 2598/3853/2474
f 2599/3856/2475 2596/3852/2475 2603/3860/2475
f 2603/3860/2476 2592/3848/2476 2600/3859/2476
f 2606/3864/2477 2597/3922/2477 2593/3851/2477
f 2608/3923/2478 2591/3845/2478 2597/3847/2478
f 2614/3875/2479 2601/3858/2479 2618/3924/2479
f 2601/3925/2480 2612/3869/2480 2618/3871/2480
f 2607/3867/2481 2617/3876/2481 2613/3872/2481
f 2610/3868/2482 2614/3875/2482 2617/3876/2482
f 2620/3880/2483 2611/3926/2483 2607/3927/2483
f 2622/3928/2484 2605/3861/2484 2611/3863/2484
f 2613/3929/2485 2632/3930/2485 2628/3891/2485
f 2632/3887/2486 2612/3869/2486 2626/3885/2486
f 2621/3883/2487 2631/3892/2487 2627/3888/2487
f 2624/3884/2488 2628/3891/2488 2631/3892/2488
f 2634/3896/2489 2625/3931/2489 2621/3883/2489
f 2625/3879/2490 2633/3893/2490 2619/3877/2490
f 2642/3908/2491 2629/3890/2491 2646/3932/2491
f 2629/3933/2492 2640/3902/2492 2646/3904/2492
f 2635/3899/2493 2645/3934/2493 2641/3905/2493
f 2638/3935/2494 2642/3908/2494 2645/3910/2494
f 2635/3899/2495 2552/3800/2495 2639/3936/2495
f 2639/3895/2496 2549/3795/2496 2633/3893/2496
f 2558/3809/2497 2643/3907/2497 2562/3937/2497
f 2643/3938/2498 2556/3803/2498 2562/3805/2498
f 2563/3811/2499 2591/3845/2499 2619/3877/2499
f 2551/3801/2500 2572/3826/2500 2564/3814/2500
f 2641/3905/2501 2550/3798/2501 2635/3899/2501
f 2612/3869/2502 2598/3853/2502 2556/3803/2502
f 2571/3823/2503 2578/3832/2503 2565/3817/2503
f 2585/3840/2504 2592/3939/2504 2579/3835/2504
f 2599/3856/2505 2606/3864/2505 2593/3851/2505
f 2613/3929/2506 2620/3880/2506 2607/3927/2506
f 2627/3888/2507 2634/3896/2507 2621/3883/2507
f 2647/3940/2508 2651/3941/2508 2653/3942/2508
f 2648/3943/2509 2651/3944/2509 2650/3945/2509
f 2649/3946/2510 2651/3944/2510 2652/3947/2510
f 2654/3948/2511 2658/3949/2511 2660/3950/2511
f 2655/3951/2512 2658/3952/2512 2657/3953/2512
f 2656/3954/2513 2658/3952/2513 2659/3955/2513
f 2661/3956/2514 2665/3957/2514 2667/3958/2514
f 2662/3959/2515 2665/3960/2515 2664/3961/2515
f 2663/3962/2516 2665/3963/2516 2666/3964/2516
f 2668/3965/2517 2672/3966/2517 2674/3967/2517
f 2669/3968/2518 2672/3969/2518 2671/3970/2518
f 2670/3971/2519 2672/3972/2519 2673/3973/2519
f 2675/3974/2520 2679/3975/2520 2681/3976/2520
f 2676/3977/2521 2679/3978/2521 2678/3979/2521
f 2677/3980/2522 2679/3978/2522 2680/3981/2522
f 2682/3982/2523 2686/3983/2523 2688/3984/2523
f 2683/3985/2524 2686/3986/2524 2685/3987/2524
f 2684/3988/2525 2686/3986/2525 2687/3989/2525
f 2689/3990/2526 2693/3991/2526 2695/3992/2526
f 2690/3993/2527 2693/3994/2527 2692/3995/2527
f 2691/3996/2528 2693/3994/2528 2694/3997/2528
f 2696/3998/2529 2700/3999/2529 2702/4000/2529
f 2697/4001/2530 2700/4002/2530 2699/4003/2530
f 2698/4004/2531 2700/4002/2531 2701/4005/2531
f 2703/4006/2532 2707/4007/2532 2709/4008/2532
f 2704/4009/2533 2707/4010/2533 2706/4011/2533
f 2705/4012/2534 2707/4010/2534 2708/4013/2534
f 2710/4014/2535 2714/4015/2535 2716/4016/2535
f 2711/4017/2536 2714/4018/2536 2713/4019/2536
f 2712/4020/2537 2714/4018/2537 2715/4021/2537
f 2717/4022/2538 2721/4023/2538 2723/4024/2538
f 2718/4025/2539 2721/4026/2539 2720/4027/2539
f 2719/4028/2540 2721/4026/2540 2722/4029/2540
f 2724/4030/2541 2728/4031/2541 2730/4032/2541
f 2725/4033/2542 2728/4034/2542 2727/4035/2542
f 2726/4036/2543 2728/4034/2543 2729/4037/2543
f 2731/4038/2544 2735/4039/2544 2737/4040/2544
f 2732/4041/2545 2735/4042/2545 2734/4043/2545
f 2733/4044/2546 2735/4045/2546 2736/4046/2546
f 2738/4047/2547 2742/4048/2547 2744/4049/2547
f 2739/4050/2548 2742/4051/2548 2741/4052/2548
f 2740/4053/2549 2742/4054/2549 2743/4055/2549
f 2662/3959/2550 2653/4056/2550 2649/3946/2550
f 2664/4057/2551 2647/3940/2551 2653/3942/2551
f 2655/3951/2552 2674/4058/2552 2670/3971/2552
f 2657/4059/2553 2668/3965/2553 2674/3967/2553
f 2648/3943/2554 2659/3955/2554 2652/3947/2554
f 2659/3955/2555 2649/3946/2555 2652/3947/2555
f 2663/3962/2556 2673/4060/2556 2669/3968/2556
f 2673/3973/2557 2662/3959/2557 2670/3971/2557
f 2663/3962/2558 2678/3979/2558 2667/4061/2558
f 2667/3958/2559 2675/3974/2559 2661/3956/2559
f 2684/3988/2560 2671/3970/2560 2688/4062/2560
f 2671/4063/2561 2682/3982/2561 2688/3984/2561
f 2677/3980/2562 2687/3989/2562 2683/3985/2562
f 2680/3981/2284 2684/3988/2284 2687/3989/2284
f 2690/4064/2563 2681/4065/2563 2677/3980/2563
f 2681/3976/2564 2689/3990/2564 2675/3974/2564
f 2698/4066/2565 2685/3987/2565 2702/4067/2565
f 2685/4068/2566 2696/3998/2566 2702/4000/2566
f 2697/4001/2567 2694/3997/2567 2701/4005/2567
f 2701/4005/2568 2690/3993/2568 2698/4004/2568
f 2704/4009/2569 2695/4069/2569 2691/3996/2569
f 2695/3992/2570 2703/4006/2570 2689/3990/2570
f 2697/4001/2571 2716/4070/2571 2712/4020/2571
f 2716/4016/2572 2696/3998/2572 2710/4014/2572
f 2705/4012/2573 2715/4021/2573 2711/4017/2573
f 2715/4021/2574 2704/4009/2574 2712/4020/2574
f 2718/4025/2575 2709/4071/2575 2705/4072/2575
f 2720/4073/2576 2703/4006/2576 2709/4008/2576
f 2711/4074/2577 2730/4075/2577 2726/4036/2577
f 2730/4032/2578 2710/4014/2578 2724/4030/2578
f 2725/4033/2579 2722/4029/2579 2729/4037/2579
f 2722/4029/2580 2726/4036/2580 2729/4037/2580
f 2732/4041/2581 2723/4076/2581 2719/4028/2581
f 2734/4077/2582 2717/4022/2582 2723/4024/2582
f 2740/4053/2583 2727/4035/2583 2744/4078/2583
f 2727/4079/2584 2738/4047/2584 2744/4049/2584
f 2739/4050/2585 2736/4046/2585 2743/4080/2585
f 2736/4081/2586 2740/4053/2586 2743/4055/2586
f 2733/4044/2587 2650/3945/2587 2737/4082/2587
f 2737/4040/2588 2647/3940/2588 2731/4038/2588
f 2739/4050/2589 2660/4083/2589 2656/3954/2589
f 2660/3950/2590 2738/4047/2590 2654/3948/2590
f 2661/3956/2591 2689/3990/2591 2717/4022/2591
f 2655/3951/2592 2662/3959/2592 2649/3946/2592
f 2739/4050/2593 2648/3943/2593 2733/4044/2593
f 2696/3998/2594 2682/3982/2594 2654/3948/2594
f 2669/3968/2595 2676/3977/2595 2663/3962/2595
f 2677/3980/2596 2698/4066/2596 2690/4064/2596
f 2697/4001/2597 2704/4009/2597 2691/3996/2597
f 2711/4074/2598 2718/4025/2598 2705/4072/2598
f 2719/4028/2599 2740/4053/2599 2732/4041/2599
f 2745/4084/2600 2749/4085/2600 2751/4086/2600
f 2746/4087/2601 2749/4088/2601 2748/4089/2601
f 2747/4090/2602 2749/4088/2602 2750/4091/2602
f 2752/4092/2603 2756/4093/2603 2758/4094/2603
f 2753/4095/2604 2756/4096/2604 2755/4097/2604
f 2754/4098/2605 2756/4096/2605 2757/4099/2605
f 2759/4100/2606 2763/4101/2606 2765/4102/2606
f 2760/4103/2607 2763/4104/2607 2762/4105/2607
f 2761/4106/2608 2763/4107/2608 2764/4108/2608
f 2766/4109/2609 2770/4110/2609 2772/4111/2609
f 2767/4112/2610 2770/4113/2610 2769/4114/2610
f 2768/4115/2611 2770/4116/2611 2771/4117/2611
f 2773/4118/2612 2777/4119/2612 2779/4120/2612
f 2774/4121/2613 2777/4122/2613 2776/4123/2613
f 2775/4124/2614 2777/4122/2614 2778/4125/2614
f 2780/4126/2615 2784/4127/2615 2786/4128/2615
f 2781/4129/2616 2784/4130/2616 2783/4131/2616
f 2782/4132/2617 2784/4130/2617 2785/4133/2617
f 2787/4134/2618 2791/4135/2618 2793/4136/2618
f 2788/4137/2619 2791/4138/2619 2790/4139/2619
f 2789/4140/2620 2791/4138/2620 2792/4141/2620
f 2794/4142/2621 2798/4143/2621 2800/4144/2621
f 2795/4145/2622 2798/4146/2622 2797/4147/2622
f 2796/4148/2623 2798/4146/2623 2799/4149/2623
f 2801/4150/2624 2805/4151/2624 2807/4152/2624
f 2802/4153/2625 2805/4154/2625 2804/4155/2625
f 2803/4156/2626 2805/4154/2626 2806/4157/2626
f 2808/4158/2627 2812/4159/2627 2814/4160/2627
f 2809/4161/2628 2812/4162/2628 2811/4163/2628
f 2810/4164/2629 2812/4162/2629 2813/4165/2629
f 2815/4166/2630 2819/4167/2630 2821/4168/2630
f 2816/4169/2631 2819/4170/2631 2818/4171/2631
f 2817/4172/2632 2819/4170/2632 2820/4173/2632
f 2822/4174/2633 2826/4175/2633 2828/4176/2633
f 2823/4177/2634 2826/4178/2634 2825/4179/2634
f 2824/4180/2635 2826/4178/2635 2827/4181/2635
f 2829/4182/2636 2833/4183/2636 2835/4184/2636
f 2830/4185/2637 2833/4186/2637 2832/4187/2637
f 2831/4188/2638 2833/4189/2638 2834/4190/2638
f 2836/4191/2639 2840/4192/2639 2842/4193/2639
f 2837/4194/2640 2840/4195/2640 2839/4196/2640
f 2838/4197/2641 2840/4198/2641 2841/4199/2641
f 2760/4103/2642 2751/4200/2642 2747/4090/2642
f 2751/4086/2643 2759/4100/2643 2745/4084/2643
f 2753/4095/2644 2772/4201/2644 2768/4115/2644
f 2772/4111/2645 2752/4092/2645 2766/4109/2645
f 2754/4098/2646 2750/4091/2646 2746/4087/2646
f 2750/4091/2647 2753/4095/2647 2747/4090/2647
f 2767/4112/2648 2764/4108/2648 2771/4202/2648
f 2764/4203/2649 2768/4115/2649 2771/4117/2649
f 2761/4106/2650 2776/4123/2650 2765/4204/2650
f 2765/4102/2651 2773/4118/2651 2759/4100/2651
f 2767/4112/2652 2786/4205/2652 2782/4132/2652
f 2769/4206/2653 2780/4126/2653 2786/4128/2653
f 2775/4124/2654 2785/4133/2654 2781/4129/2654
f 2778/4125/2655 2782/4132/2655 2785/4133/2655
f 2775/4124/2656 2790/4207/2656 2779/4208/2656
f 2790/4209/2657 2773/4118/2657 2779/4120/2657
f 2796/4210/2658 2783/4131/2658 2800/4211/2658
f 2783/4212/2659 2794/4142/2659 2800/4144/2659
f 2789/4140/2660 2799/4149/2660 2795/4145/2660
f 2799/4149/2661 2788/4137/2661 2796/4148/2661
f 2789/4140/2662 2804/4155/2662 2793/4213/2662
f 2804/4214/2663 2787/4134/2663 2793/4136/2663
f 2810/4164/2664 2797/4147/2664 2814/4215/2664
f 2797/4216/2665 2808/4158/2665 2814/4160/2665
f 2803/4156/2666 2813/4165/2666 2809/4161/2666
f 2813/4165/2667 2802/4153/2667 2810/4164/2667
f 2816/4169/2668 2807/4217/2668 2803/4218/2668
f 2807/4152/2669 2815/4166/2669 2801/4150/2669
f 2809/4219/2670 2828/4220/2670 2824/4180/2670
f 2811/4221/2671 2822/4174/2671 2828/4176/2671
f 2817/4172/2672 2827/4181/2672 2823/4177/2672
f 2827/4181/2673 2816/4169/2673 2824/4180/2673
f 2830/4185/2674 2821/4222/2674 2817/4172/2674
f 2832/4223/2675 2815/4166/2675 2821/4168/2675
f 2838/4197/2676 2825/4179/2676 2842/4224/2676
f 2825/4225/2677 2836/4191/2677 2842/4193/2677
f 2837/4194/2678 2834/4190/2678 2841/4226/2678
f 2834/4227/2679 2838/4197/2679 2841/4199/2679
f 2831/4188/2680 2748/4089/2680 2835/4228/2680
f 2748/4229/2681 2829/4182/2681 2835/4184/2681
f 2754/4098/2682 2839/4196/2682 2758/4230/2682
f 2758/4094/2683 2836/4191/2683 2752/4092/2683
f 2759/4100/2684 2787/4134/2684 2815/4166/2684
f 2753/4095/2685 2760/4103/2685 2747/4090/2685
f 2837/4194/2686 2746/4087/2686 2831/4188/2686
f 2794/4142/2687 2780/4126/2687 2752/4092/2687
f 2767/4112/2688 2774/4121/2688 2761/4106/2688
f 2775/4124/2689 2796/4210/2689 2788/4231/2689
f 2795/4145/2690 2802/4153/2690 2789/4140/2690
f 2809/4219/2691 2816/4169/2691 2803/4218/2691
f 2823/4177/2692 2830/4185/2692 2817/4172/2692
f 2843/4232/2693 2847/4233/2693 2849/4234/2693
f 2844/4235/2694 2847/4236/2694 2846/4237/2694
f 2845/4238/2695 2847/4236/2695 2848/4239/2695
f 2850/4240/2696 2854/4241/2696 2856/4242/2696
f 2851/4243/2697 2854/4244/2697 2853/4245/2697
f 2852/4246/2698 2854/4244/2698 2855/4247/2698
f 2857/4248/2699 2861/4249/2699 2863/4250/2699
f 2858/4251/2700 2861/4252/2700 2860/4253/2700
f 2859/4254/2701 2861/4255/2701 2862/4256/2701
f 2864/4257/2702 2868/4258/2702 2870/4259/2702
f 2865/4260/2703 2868/4261/2703 2867/4262/2703
f 2866/4263/2704 2868/4264/2704 2869/4265/2704
f 2871/4266/2705 2875/4267/2705 2877/4268/2705
f 2872/4269/2706 2875/4270/2706 2874/4271/2706
f 2873/4272/2707 2875/4270/2707 2876/4273/2707
f 2878/4274/2708 2882/4275/2708 2884/4276/2708
f 2879/4277/2709 2882/4278/2709 2881/4279/2709
f 2880/4280/2710 2882/4278/2710 2883/4281/2710
f 2885/4282/2711 2889/4283/2711 2891/4284/2711
f 2886/4285/2712 2889/4286/2712 2888/4287/2712
f 2887/4288/2713 2889/4286/2713 2890/4289/2713
f 2892/4290/2714 2896/4291/2714 2898/4292/2714
f 2893/4293/2715 2896/4294/2715 2895/4295/2715
f 2894/4296/2716 2896/4294/2716 2897/4297/2716
f 2899/4298/2717 2903/4299/2717 2905/4300/2717
f 2900/4301/2718 2903/4302/2718 2902/4303/2718
f 2901/4304/2719 2903/4302/2719 2904/4305/2719
f 2906/4306/2720 2910/4307/2720 2912/4308/2720
f 2907/4309/2721 2910/4310/2721 2909/4311/2721
f 2908/4312/2722 2910/4310/2722 2911/4313/2722
f 2913/4314/2723 2917/4315/2723 2919/4316/2723
f 2914/4317/2724 2917/4318/2724 2916/4319/2724
f 2915/4320/2725 2917/4318/2725 2918/4321/2725
f 2920/4322/2726 2924/4323/2726 2926/4324/2726
f 2921/4325/2727 2924/4326/2727 2923/4327/2727
f 2922/4328/2728 2924/4326/2728 2925/4329/2728
f 2927/4330/2729 2931/4331/2729 2933/4332/2729
f 2928/4333/2730 2931/4334/2730 2930/4335/2730
f 2929/4336/2731 2931/4337/2731 2932/4338/2731
f 2934/4339/2732 2938/4340/2732 2940/4341/2732
f 2935/4342/2733 2938/4343/2733 2937/4344/2733
f 2936/4345/2734 2938/4346/2734 2939/4347/2734
f 2845/4238/2735 2860/4253/2735 2849/4348/2735
f 2860/4349/2736 2843/4232/2736 2849/4234/2736
f 2866/4263/2737 2853/4245/2737 2870/4350/2737
f 2853/4351/2738 2864/4257/2738 2870/4259/2738
f 2844/4235/2739 2855/4247/2739 2848/4239/2739
f 2848/4239/2740 2851/4243/2740 2845/4238/2740
f 2865/4260/2741 2862/4256/2741 2869/4352/2741
f 2869/4265/2742 2858/4251/2742 2866/4263/2742
f 2859/4254/2743 2874/4271/2743 2863/4353/2743
f 2874/4354/2744 2857/4248/2744 2863/4250/2744
f 2865/4260/2745 2884/4355/2745 2880/4280/2745
f 2884/4276/2746 2864/4257/2746 2878/4274/2746
f 2873/4272/2747 2883/4281/2747 2879/4277/2747
f 2876/4273/2748 2880/4280/2748 2883/4281/2748
f 2886/4356/2749 2877/4357/2749 2873/4272/2749
f 2877/4268/2750 2885/4282/2750 2871/4266/2750
f 2894/4358/2751 2881/4279/2751 2898/4359/2751
f 2881/4360/2752 2892/4290/2752 2898/4292/2752
f 2887/4288/2753 2897/4297/2753 2893/4293/2753
f 2897/4297/2754 2886/4285/2754 2894/4296/2754
f 2887/4288/2755 2902/4303/2755 2891/4361/2755
f 2902/4362/2756 2885/4282/2756 2891/4284/2756
f 2893/4293/2757 2912/4363/2757 2908/4312/2757
f 2895/4364/2758 2906/4306/2758 2912/4308/2758
f 2901/4304/2759 2911/4313/2759 2907/4309/2759
f 2904/4305/2760 2908/4312/2760 2911/4313/2760
f 2901/4365/2761 2916/4319/2761 2905/4366/2761
f 2905/4300/2762 2913/4314/2762 2899/4298/2762
f 2922/4328/2763 2909/4367/2763 2926/4368/2763
f 2926/4324/2764 2906/4306/2764 2920/4322/2764
f 2915/4320/2765 2925/4329/2765 2921/4325/2765
f 2925/4329/2766 2914/4317/2766 2922/4328/2766
f 2928/4333/2767 2919/4369/2767 2915/4320/2767
f 2919/4316/2768 2927/4330/2768 2913/4314/2768
f 2936/4345/2769 2923/4327/2769 2940/4370/2769
f 2923/4371/2770 2934/4339/2770 2940/4341/2770
f 2929/4336/2771 2939/4372/2771 2935/4342/2771
f 2932/4373/2772 2936/4345/2772 2939/4347/2772
f 2844/4235/2773 2933/4374/2773 2929/4336/2773
f 2933/4332/2774 2843/4232/2774 2927/4330/2774
f 2852/4246/2775 2937/4344/2775 2856/4375/2775
f 2856/4242/2776 2934/4339/2776 2850/4240/2776
f 2857/4248/2777 2885/4282/2777 2913/4314/2777
f 2845/4238/2778 2866/4263/2778 2858/4251/2778
f 2929/4336/2779 2852/4246/2779 2844/4235/2779
f 2920/4322/2780 2906/4306/2780 2892/4290/2780
f 2859/4254/2781 2880/4280/2781 2872/4269/2781
f 2873/4272/2782 2894/4358/2782 2886/4356/2782
f 2893/4293/2783 2900/4301/2783 2887/4288/2783
f 2901/4365/2784 2922/4328/2784 2914/4317/2784
f 2921/4325/2785 2928/4333/2785 2915/4320/2785
f 2941/4376/2786 2945/4377/2786 2947/4378/2786
f 2942/4379/2787 2945/4380/2787 2944/4381/2787
f 2943/4382/2788 2945/4380/2788 2946/4383/2788
f 2948/4384/2789 2952/4385/2789 2954/4386/2789
f 2949/4387/2790 2952/4388/2790 2951/4389/2790
f 2950/4390/2791 2952/4388/2791 2953/4391/2791
f 2955/4392/2792 2959/4393/2792 2961/4394/2792
f 2956/4395/2793 2959/4396/2793 2958/4397/2793
f 2957/4398/2794 2959/4399/2794 2960/4400/2794
f 2962/4401/2795 2966/4402/2795 2968/4403/2795
f 2963/4404/2796 2966/4405/2796 2965/4406/2796
f 2964/4407/2797 2966/4408/2797 2967/4409/2797
f 2969/4410/2798 2973/4411/2798 2975/4412/2798
f 2970/4413/2799 2973/4414/2799 2972/4415/2799
f 2971/4416/2800 2973/4414/2800 2974/4417/2800
f 2976/4418/2801 2980/4419/2801 2982/4420/2801
f 2977/4421/2802 2980/4422/2802 2979/4423/2802
f 2978/4424/2803 2980/4422/2803 2981/4425/2803
f 2983/4426/2804 2987/4427/2804 2989/4428/2804
f 2984/4429/2805 2987/4430/2805 2986/4431/2805
f 2985/4432/2806 2987/4430/2806 2988/4433/2806
f 2990/4434/2807 2994/4435/2807 2996/4436/2807
f 2991/4437/2808 2994/4438/2808 2993/4439/2808
f 2992/4440/2809 2994/4438/2809 2995/4441/2809
f 2997/4442/2810 3001/4443/2810 3003/4444/2810
f 2998/4445/2811 3001/4446/2811 3000/4447/2811
f 2999/4448/2812 3001/4446/2812 3002/4449/2812
f 3004/4450/2813 3008/4451/2813 3010/4452/2813
f 3005/4453/2814 3008/4454/2814 3007/4455/2814
f 3006/4456/2815 3008/4454/2815 3009/4457/2815
f 3011/4458/2816 3015/4459/2816 3017/4460/2816
f 3012/4461/2817 3015/4462/2817 3014/4463/2817
f 3013/4464/2818 3015/4462/2818 3016/4465/2818
f 3018/4466/2819 3022/4467/2819 3024/4468/2819
f 3019/4469/2820 3022/4470/2820 3021/4471/2820
f 3020/4472/2821 3022/4470/2821 3023/4473/2821
f 3025/4474/2822 3029/4475/2822 3031/4476/2822
f 3026/4477/2823 3029/4478/2823 3028/4479/2823
f 3027/4480/2824 3029/4481/2824 3030/4482/2824
f 3032/4483/2825 3036/4484/2825 3038/4485/2825
f 3033/4486/2826 3036/4487/2826 3035/4488/2826
f 3034/4489/2827 3036/4490/2827 3037/4491/2827
f 2956/4395/2828 2947/4492/2828 2943/4382/2828
f 2947/4378/2829 2955/4392/2829 2941/4376/2829
f 2964/4407/2830 2951/4389/2830 2968/4493/2830
f 2951/4494/2831 2962/4401/2831 2968/4403/2831
f 2950/4390/2832 2946/4383/2832 2942/4379/2832
f 2953/4391/2833 2943/4382/2833 2946/4383/2833
f 2957/4398/2834 2967/4495/2834 2963/4404/2834
f 2960/4496/2835 2964/4407/2835 2967/4409/2835
f 2957/4398/2836 2972/4415/2836 2961/4497/2836
f 2972/4498/2837 2955/4392/2837 2961/4394/2837
f 2978/4424/2838 2965/4406/2838 2982/4499/2838
f 2982/4420/2839 2962/4401/2839 2976/4418/2839
f 2977/4421/2840 2974/4417/2840 2981/4425/2840
f 2974/4417/2841 2978/4424/2841 2981/4425/2841
f 2984/4500/2842 2975/4501/2842 2971/4416/2842
f 2975/4412/2843 2983/4426/2843 2969/4410/2843
f 2992/4502/2844 2979/4423/2844 2996/4503/2844
f 2979/4504/2845 2990/4434/2845 2996/4436/2845
f 2985/4432/2846 2995/4441/2846 2991/4437/2846
f 2988/4433/2847 2992/4440/2847 2995/4441/2847
f 2985/4432/2848 3000/4447/2848 2989/4505/2848
f 2989/4428/2849 2997/4442/2849 2983/4426/2849
f 3006/4456/2850 2993/4439/2850 3010/4506/2850
f 2993/4507/2851 3004/4450/2851 3010/4452/2851
f 3005/4453/2852 3002/4449/2852 3009/4457/2852
f 3009/4457/2853 2998/4445/2853 3006/4456/2853
f 3012/4461/2854 3003/4508/2854 2999/4509/2854
f 3014/4510/2855 2997/4442/2855 3003/4444/2855
f 3005/4511/2856 3024/4512/2856 3020/4472/2856
f 3024/4468/2857 3004/4450/2857 3018/4466/2857
f 3019/4469/2858 3016/4465/2858 3023/4473/2858
f 3016/4465/2859 3020/4472/2859 3023/4473/2859
f 3013/4464/2860 3028/4479/2860 3017/4513/2860
f 3017/4460/2861 3025/4474/2861 3011/4458/2861
f 3034/4489/2862 3021/4471/2862 3038/4514/2862
f 3021/4515/2863 3032/4483/2863 3038/4485/2863
f 3033/4486/2864 3030/4482/2864 3037/4516/2864
f 3030/4517/2865 3034/4489/2865 3037/4491/2865
f 2942/4379/2866 3031/4518/2866 3027/4480/2866
f 2944/4519/2867 3025/4474/2867 3031/4476/2867
f 3033/4486/2868 2954/4520/2868 2950/4390/2868
f 3035/4521/2869 2948/4384/2869 2954/4386/2869
f 3011/4458/2870 3025/4474/2870 2955/4392/2870
f 2949/4387/2871 2956/4395/2871 2943/4382/2871
f 3027/4480/2872 2950/4390/2872 2942/4379/2872
f 2976/4418/2873 2948/4384/2873 3018/4466/2873
f 2963/4404/2874 2970/4413/2874 2957/4398/2874
f 2977/4421/2875 2984/4500/2875 2971/4416/2875
f 2991/4437/2876 2998/4445/2876 2985/4432/2876
f 3005/4511/928 3012/4461/928 2999/4509/928
f 3019/4469/2877 3026/4477/2877 3013/4464/2877
f 3039/4522/2878 3043/4523/2878 3045/4524/2878
f 3040/4525/2879 3043/4526/2879 3042/4527/2879
f 3041/4528/2880 3043/4526/2880 3044/4529/2880
f 3046/4530/2881 3050/4531/2881 3052/4532/2881
f 3047/4533/2882 3050/4534/2882 3049/4535/2882
f 3048/4536/2883 3050/4534/2883 3051/4537/2883
f 3053/4538/2884 3057/4539/2884 3059/4540/2884
f 3054/4541/2885 3057/4542/2885 3056/4543/2885
f 3055/4544/2886 3057/4545/2886 3058/4546/2886
f 3060/4547/2887 3064/4548/2887 3066/4549/2887
f 3061/4550/2888 3064/4551/2888 3063/4552/2888
f 3062/4553/2889 3064/4554/2889 3065/4555/2889
f 3067/4556/2890 3071/4557/2890 3073/4558/2890
f 3068/4559/2891 3071/4560/2891 3070/4561/2891
f 3069/4562/2892 3071/4560/2892 3072/4563/2892
f 3074/4564/2893 3078/4565/2893 3080/4566/2893
f 3075/4567/2894 3078/4568/2894 3077/4569/2894
f 3076/4570/2895 3078/4568/2895 3079/4571/2895
f 3081/4572/2896 3085/4573/2896 3087/4574/2896
f 3082/4575/2897 3085/4576/2897 3084/4577/2897
f 3083/4578/2898 3085/4576/2898 3086/4579/2898
f 3088/4580/2899 3092/4581/2899 3094/4582/2899
f 3089/4583/2900 3092/4584/2900 3091/4585/2900
f 3090/4586/2901 3092/4584/2901 3093/4587/2901
f 3095/4588/2902 3099/4589/2902 3101/4590/2902
f 3096/4591/2903 3099/4592/2903 3098/4593/2903
f 3097/4594/2904 3099/4592/2904 3100/4595/2904
f 3102/4596/2905 3106/4597/2905 3108/4598/2905
f 3103/4599/2906 3106/4600/2906 3105/4601/2906
f 3104/4602/2907 3106/4600/2907 3107/4603/2907
f 3109/4604/2908 3113/4605/2908 3115/4606/2908
f 3110/4607/2909 3113/4608/2909 3112/4609/2909
f 3111/4610/2910 3113/4608/2910 3114/4611/2910
f 3116/4612/2911 3120/4613/2911 3122/4614/2911
f 3117/4615/2912 3120/4616/2912 3119/4617/2912
f 3118/4618/2913 3120/4616/2913 3121/4619/2913
f 3123/4620/2914 3127/4621/2914 3129/4622/2914
f 3124/4623/2915 3127/4624/2915 3126/4625/2915
f 3125/4626/2916 3127/4627/2916 3128/4628/2916
f 3130/4629/2917 3134/4630/2917 3136/4631/2917
f 3131/4632/2918 3134/4633/2918 3133/4634/2918
f 3132/4635/2919 3134/4636/2919 3135/4637/2919
f 3054/4541/2920 3045/4638/2920 3041/4528/2920
f 3056/4639/2921 3039/4522/2921 3045/4524/2921
f 3062/4553/2922 3049/4535/2922 3066/4640/2922
f 3049/4641/2923 3060/4547/2923 3066/4549/2923
f 3048/4536/2924 3044/4529/2924 3040/4525/2924
f 3044/4529/2276 3047/4533/2276 3041/4528/2276
f 3055/4544/2925 3065/4642/2925 3061/4550/2925
f 3058/4643/2926 3062/4553/2926 3065/4555/2926
f 3068/4559/2927 3059/4644/2927 3055/4544/2927
f 3059/4540/2928 3067/4556/2928 3053/4538/2928
f 3061/4550/2929 3080/4645/2929 3076/4570/2929
f 3080/4566/2930 3060/4547/2930 3074/4564/2930
f 3075/4567/2931 3072/4563/2931 3079/4571/2931
f 3079/4571/2932 3068/4559/2932 3076/4570/2932
f 3082/4646/2933 3073/4647/2933 3069/4562/2933
f 3073/4558/2934 3081/4572/2934 3067/4556/2934
f 3075/4567/2935 3094/4648/2935 3090/4649/2935
f 3077/4650/2936 3088/4580/2936 3094/4582/2936
f 3089/4583/2937 3086/4579/2937 3093/4587/2937
f 3086/4579/2938 3090/4586/2938 3093/4587/2938
f 3083/4578/2939 3098/4593/2939 3087/4651/2939
f 3087/4574/2940 3095/4588/2940 3081/4572/2940
f 3089/4583/2941 3108/4652/2941 3104/4602/2941
f 3108/4598/2942 3088/4580/2942 3102/4596/2942
f 3097/4594/2943 3107/4603/2943 3103/4599/2943
f 3100/4595/2944 3104/4602/2944 3107/4603/2944
f 3097/4653/2945 3112/4609/2945 3101/4654/2945
f 3112/4655/2946 3095/4588/2946 3101/4590/2946
f 3103/4656/2947 3122/4657/2947 3118/4618/2947
f 3122/4614/2948 3102/4596/2948 3116/4612/2948
f 3111/4610/2949 3121/4619/2949 3117/4615/2949
f 3121/4619/2950 3110/4607/2950 3118/4618/2950
f 3111/4610/2951 3126/4625/2951 3115/4658/2951
f 3126/4659/2952 3109/4604/2952 3115/4606/2952
f 3117/4615/2953 3136/4660/2953 3132/4635/2953
f 3136/4631/2954 3116/4612/2954 3130/4629/2954
f 3125/4626/2955 3135/4661/2955 3131/4632/2955
f 3128/4662/2956 3132/4635/2956 3135/4637/2956
f 3040/4525/2957 3129/4663/2957 3125/4626/2957
f 3042/4664/2958 3123/4620/2958 3129/4622/2958
f 3131/4632/2959 3052/4665/2959 3048/4536/2959
f 3052/4532/2960 3130/4629/2960 3046/4530/2960
f 3109/4604/2961 3123/4620/2961 3053/4538/2961
f 3047/4533/2962 3054/4541/2962 3041/4528/2962
f 3131/4632/2963 3040/4525/2963 3125/4626/2963
f 3046/4530/2964 3116/4612/2964 3088/4580/2964
f 3061/4550/2965 3068/4559/2965 3055/4544/2965
f 3075/4567/2966 3082/4646/2966 3069/4562/2966
f 3089/4583/2967 3096/4591/2967 3083/4578/2967
f 3103/4656/2968 3110/4607/2968 3097/4653/2968
f 3117/4615/1394 3124/4623/1394 3111/4610/1394
f 3137/4666/2969 3141/4667/2969 3143/4668/2969
f 3138/4669/2970 3141/4670/2970 3140/4671/2970
f 3139/4672/2971 3141/4670/2971 3142/4673/2971
f 3144/4674/2972 3148/4675/2972 3150/4676/2972
f 3145/4677/2973 3148/4678/2973 3147/4679/2973
f 3146/4680/2974 3148/4678/2974 3149/4681/2974
f 3151/4682/2975 3155/4683/2975 3157/4684/2975
f 3152/4685/2976 3155/4686/2976 3154/4687/2976
f 3153/4688/2977 3155/4689/2977 3156/4690/2977
f 3158/4691/2978 3162/4692/2978 3164/4693/2978
f 3159/4694/2979 3162/4695/2979 3161/4696/2979
f 3160/4697/2980 3162/4698/2980 3163/4699/2980
f 3165/4700/2981 3169/4701/2981 3171/4702/2981
f 3166/4703/2982 3169/4704/2982 3168/4705/2982
f 3167/4706/2983 3169/4704/2983 3170/4707/2983
f 3172/4708/2984 3176/4709/2984 3178/4710/2984
f 3173/4711/2985 3176/4712/2985 3175/4713/2985
f 3174/4714/2986 3176/4712/2986 3177/4715/2986
f 3179/4716/2987 3183/4717/2987 3185/4718/2987
f 3180/4719/2988 3183/4720/2988 3182/4721/2988
f 3181/4722/2989 3183/4720/2989 3184/4723/2989
f 3186/4724/2990 3190/4725/2990 3192/4726/2990
f 3187/4727/2991 3190/4728/2991 3189/4729/2991
f 3188/4730/2992 3190/4728/2992 3191/4731/2992
f 3193/4732/2993 3197/4733/2993 3199/4734/2993
f 3194/4735/2994 3197/4736/2994 3196/4737/2994
f 3195/4738/2995 3197/4736/2995 3198/4739/2995
f 3200/4740/2996 3204/4741/2996 3206/4742/2996
f 3201/4743/2997 3204/4744/2997 3203/4745/2997
f 3202/4746/2998 3204/4744/2998 3205/4747/2998
f 3207/4748/2999 3211/4749/2999 3213/4750/2999
f 3208/4751/3000 3211/4752/3000 3210/4753/3000
f 3209/4754/3001 3211/4752/3001 3212/4755/3001
f 3214/4756/3002 3218/4757/3002 3220/4758/3002
f 3215/4759/3003 3218/4760/3003 3217/4761/3003
f 3216/4762/3004 3218/4760/3004 3219/4763/3004
f 3221/4764/3005 3225/4765/3005 3227/4766/3005
f 3222/4767/3006 3225/4768/3006 3224/4769/3006
f 3223/4770/3007 3225/4771/3007 3226/4772/3007
f 3228/4773/3008 3232/4774/3008 3234/4775/3008
f 3229/4776/3009 3232/4777/3009 3231/4778/3009
f 3230/4779/3010 3232/4780/3010 3233/4781/3010
f 3152/4685/3011 3143/4782/3011 3139/4672/3011
f 3143/4668/3012 3151/4682/3012 3137/4666/3012
f 3145/4677/3013 3164/4783/3013 3160/4697/3013
f 3164/4693/3014 3144/4674/3014 3158/4691/3014
f 3146/4680/3015 3142/4673/3015 3138/4669/3015
f 3149/4681/3016 3139/4672/3016 3142/4673/3016
f 3153/4688/3017 3163/4784/3017 3159/4694/3017
f 3156/4785/3018 3160/4697/3018 3163/4699/3018
f 3166/4703/3019 3157/4786/3019 3153/4688/3019
f 3168/4787/3020 3151/4682/3020 3157/4684/3020
f 3159/4694/3021 3178/4788/3021 3174/4714/3021
f 3161/4789/3022 3172/4708/3022 3178/4710/3022
f 3173/4711/3023 3170/4707/3023 3177/4715/3023
f 3170/4707/3024 3174/4714/3024 3177/4715/3024
f 3167/4706/3025 3182/4790/3025 3171/4791/3025
f 3182/4792/3026 3165/4700/3026 3171/4702/3026
f 3173/4711/3027 3192/4793/3027 3188/4794/3027
f 3192/4726/3028 3172/4708/3028 3186/4724/3028
f 3181/4722/3029 3191/4731/3029 3187/4727/3029
f 3191/4731/3030 3180/4719/3030 3188/4730/3030
f 3194/4735/3031 3185/4795/3031 3181/4722/3031
f 3196/4796/3032 3179/4716/3032 3185/4718/3032
f 3187/4727/3033 3206/4797/3033 3202/4746/3033
f 3206/4742/3034 3186/4724/3034 3200/4740/3034
f 3195/4738/3035 3205/4747/3035 3201/4743/3035
f 3198/4739/3036 3202/4746/3036 3205/4747/3036
f 3208/4751/3037 3199/4798/3037 3195/4799/3037
f 3199/4734/3038 3207/4748/3038 3193/4732/3038
f 3201/4800/3039 3220/4801/3039 3216/4762/3039
f 3203/4802/3040 3214/4756/3040 3220/4758/3040
f 3209/4754/3041 3219/4763/3041 3215/4759/3041
f 3219/4763/3042 3208/4751/3042 3216/4762/3042
f 3222/4767/3043 3213/4803/3043 3209/4754/3043
f 3224/4804/3044 3207/4748/3044 3213/4750/3044
f 3215/4759/3045 3234/4805/3045 3230/4779/3045
f 3217/4806/3046 3228/4773/3046 3234/4775/3046
f 3223/4770/3047 3233/4807/3047 3229/4776/3047
f 3226/4808/3048 3230/4779/3048 3233/4781/3048
f 3223/4770/3049 3140/4671/3049 3227/4809/3049
f 3227/4766/3050 3137/4666/3050 3221/4764/3050
f 3229/4776/3051 3150/4810/3051 3146/4680/3051
f 3231/4811/3052 3144/4674/3052 3150/4676/3052
f 3179/4716/3053 3193/4732/3053 3207/4748/3053
f 3145/4677/3054 3152/4685/3054 3139/4672/3054
f 3229/4776/3055 3138/4669/3055 3223/4770/3055
f 3172/4708/3056 3144/4674/3056 3214/4756/3056
f 3159/4694/3057 3166/4703/3057 3153/4688/3057
f 3173/4711/3058 3180/4812/3058 3167/4706/3058
f 3187/4727/3059 3194/4735/3059 3181/4722/3059
f 3201/4800/3060 3208/4751/3060 3195/4799/3060
f 3215/4759/3061 3222/4767/3061 3209/4754/3061
f 3235/4813/3062 3239/4814/3062 3241/4815/3062
f 3236/4816/3063 3239/4817/3063 3238/4818/3063
f 3237/4819/3064 3239/4817/3064 3240/4820/3064
f 3242/4821/3065 3246/4822/3065 3248/4823/3065
f 3243/4824/3066 3246/4825/3066 3245/4826/3066
f 3244/4827/3067 3246/4825/3067 3247/4828/3067
f 3249/4829/3068 3253/4830/3068 3255/4831/3068
f 3250/4832/3069 3253/4833/3069 3252/4834/3069
f 3251/4835/3070 3253/4836/3070 3254/4837/3070
f 3256/4838/3071 3260/4839/3071 3262/4840/3071
f 3257/4841/3072 3260/4842/3072 3259/4843/3072
f 3258/4844/3073 3260/4845/3073 3261/4846/3073
f 3263/4847/3074 3267/4848/3074 3269/4849/3074
f 3264/4850/3075 3267/4851/3075 3266/4852/3075
f 3265/4853/3076 3267/4851/3076 3268/4854/3076
f 3270/4855/3077 3274/4856/3077 3276/4857/3077
f 3271/4858/3078 3274/4859/3078 3273/4860/3078
f 3272/4861/3079 3274/4859/3079 3275/4862/3079
f 3277/4863/3080 3281/4864/3080 3283/4865/3080
f 3278/4866/3081 3281/4867/3081 3280/4868/3081
f 3279/4869/3082 3281/4867/3082 3282/4870/3082
f 3284/4871/3083 3288/4872/3083 3290/4873/3083
f 3285/4874/3084 3288/4875/3084 3287/4876/3084
f 3286/4877/3085 3288/4875/3085 3289/4878/3085
f 3291/4879/3086 3295/4880/3086 3297/4881/3086
f 3292/4882/3087 3295/4883/3087 3294/4884/3087
f 3293/4885/3088 3295/4883/3088 3296/4886/3088
f 3298/4887/3089 3302/4888/3089 3304/4889/3089
f 3299/4890/3090 3302/4891/3090 3301/4892/3090
f 3300/4893/3091 3302/4891/3091 3303/4894/3091
f 3305/4895/3092 3309/4896/3092 3311/4897/3092
f 3306/4898/3093 3309/4899/3093 3308/4900/3093
f 3307/4901/3094 3309/4899/3094 3310/4902/3094
f 3312/4903/3095 3316/4904/3095 3318/4905/3095
f 3313/4906/3096 3316/4907/3096 3315/4908/3096
f 3314/4909/3097 3316/4907/3097 3317/4910/3097
f 3319/4911/3098 3323/4912/3098 3325/4913/3098
f 3320/4914/3099 3323/4915/3099 3322/4916/3099
f 3321/4917/3100 3323/4918/3100 3324/4919/3100
f 3326/4920/3101 3330/4921/3101 3332/4922/3101
f 3327/4923/3102 3330/4924/3102 3329/4925/3102
f 3328/4926/3103 3330/4927/3103 3331/4928/3103
f 3237/4819/3104 3252/4834/3104 3241/4929/3104
f 3252/4930/3105 3235/4813/3105 3241/4815/3105
f 3243/4824/3106 3262/4931/3106 3258/4844/3106
f 3262/4840/3107 3242/4821/3107 3256/4838/3107
f 3236/4816/3108 3247/4828/3108 3240/4820/3108
f 3247/4828/3109 3237/4819/3109 3240/4820/3109
f 3251/4835/3110 3261/4932/3110 3257/4841/3110
f 3254/4933/3111 3258/4844/3111 3261/4846/3111
f 3264/4850/3112 3255/4934/3112 3251/4835/3112
f 3255/4831/3113 3263/4847/3113 3249/4829/3113
f 3272/4861/3114 3259/4843/3114 3276/4935/3114
f 3259/4936/3115 3270/4855/3115 3276/4857/3115
f 3265/4853/3116 3275/4862/3116 3271/4858/3116
f 3275/4862/335 3264/4850/335 3272/4861/335
f 3278/4937/3117 3269/4938/3117 3265/4853/3117
f 3269/4849/3118 3277/4863/3118 3263/4847/3118
f 3286/4939/3119 3273/4860/3119 3290/4940/3119
f 3273/4941/3120 3284/4871/3120 3290/4873/3120
f 3285/4874/3121 3282/4870/3121 3289/4878/3121
f 3282/4870/3122 3286/4877/3122 3289/4878/3122
f 3279/4869/3123 3294/4884/3123 3283/4942/3123
f 3283/4865/3124 3291/4879/3124 3277/4863/3124
f 3285/4874/3125 3304/4943/3125 3300/4893/3125
f 3304/4889/3126 3284/4871/3126 3298/4887/3126
f 3299/4890/3127 3296/4886/3127 3303/4894/3127
f 3296/4886/3128 3300/4893/3128 3303/4894/3128
f 3306/4898/3129 3297/4944/3129 3293/4945/3129
f 3297/4881/3130 3305/4895/3130 3291/4879/3130
f 3314/4909/3131 3301/4946/3131 3318/4947/3131
f 3301/4948/3132 3312/4903/3132 3318/4905/3132
f 3307/4901/3133 3317/4910/3133 3313/4906/3133
f 3317/4910/3134 3306/4898/3134 3314/4909/3134
f 3320/4914/3135 3311/4949/3135 3307/4901/3135
f 3322/4950/3136 3305/4895/3136 3311/4897/3136
f 3328/4926/3137 3315/4908/3137 3332/4951/3137
f 3332/4922/3138 3312/4903/3138 3326/4920/3138
f 3327/4923/3139 3324/4919/3139 3331/4952/3139
f 3324/4953/3140 3328/4926/3140 3331/4928/3140
f 3236/4816/3141 3325/4954/3141 3321/4917/3141
f 3238/4955/3142 3319/4911/3142 3325/4913/3142
f 3244/4827/3143 3329/4925/3143 3248/4956/3143
f 3329/4957/3144 3242/4821/3144 3248/4823/3144
f 3277/4863/3145 3291/4879/3145 3305/4895/3145
f 3243/4824/3146 3250/4832/3146 3237/4819/3146
f 3327/4923/3147 3236/4816/3147 3321/4917/3147
f 3270/4855/3148 3242/4821/3148 3312/4903/3148
f 3257/4841/3149 3264/4850/3149 3251/4835/3149
f 3265/4853/3150 3286/4939/3150 3278/4937/3150
f 3279/4869/3151 3300/4893/3151 3292/4882/3151
f 3299/4958/3152 3306/4898/3152 3293/4945/3152
f 3313/4906/3153 3320/4914/3153 3307/4901/3153
f 3333/4959/3154 3337/4960/3154 3339/4961/3154
f 3334/4962/3155 3337/4963/3155 3336/4964/3155
f 3335/4965/3156 3337/4963/3156 3338/4966/3156
f 3340/4967/3157 3344/4968/3157 3346/4969/3157
f 3341/4970/3158 3344/4971/3158 3343/4972/3158
f 3342/4973/3159 3344/4971/3159 3345/4974/3159
f 3347/4975/3160 3351/4976/3160 3353/4977/3160
f 3348/4978/3161 3351/4979/3161 3350/4980/3161
f 3349/4981/3162 3351/4982/3162 3352/4983/3162
f 3354/4984/3163 3358/4985/3163 3360/4986/3163
f 3355/4987/3164 3358/4988/3164 3357/4989/3164
f 3356/4990/3165 3358/4991/3165 3359/4992/3165
f 3361/4993/3166 3365/4994/3166 3367/4995/3166
f 3362/4996/3167 3365/4997/3167 3364/4998/3167
f 3363/4999/3168 3365/4997/3168 3366/5000/3168
f 3368/5001/3169 3372/5002/3169 3374/5003/3169
f 3369/5004/3170 3372/5005/3170 3371/5006/3170
f 3370/5007/3171 3372/5005/3171 3373/5008/3171
f 3375/5009/3172 3379/5010/3172 3381/5011/3172
f 3376/5012/3173 3379/5013/3173 3378/5014/3173
f 3377/5015/3174 3379/5013/3174 3380/5016/3174
f 3382/5017/3175 3386/5018/3175 3388/5019/3175
f 3383/5020/3176 3386/5021/3176 3385/5022/3176
f 3384/5023/3177 3386/5021/3177 3387/5024/3177
f 3389/5025/3178 3393/5026/3178 3395/5027/3178
f 3390/5028/3179 3393/5029/3179 3392/5030/3179
f 3391/5031/3180 3393/5029/3180 3394/5032/3180
f 3396/5033/3181 3400/5034/3181 3402/5035/3181
f 3397/5036/3182 3400/5037/3182 3399/5038/3182
f 3398/5039/3183 3400/5037/3183 3401/5040/3183
f 3403/5041/3184 3407/5042/3184 3409/5043/3184
f 3404/5044/3185 3407/5045/3185 3406/5046/3185
f 3405/5047/3186 3407/5045/3186 3408/5048/3186
f 3410/5049/3187 3414/5050/3187 3416/5051/3187
f 3411/5052/3188 3414/5053/3188 3413/5054/3188
f 3412/5055/3189 3414/5053/3189 3415/5056/3189
f 3417/5057/3190 3421/5058/3190 3423/5059/3190
f 3418/5060/3191 3421/5061/3191 3420/5062/3191
f 3419/5063/3192 3421/5064/3192 3422/5065/3192
f 3424/5066/3193 3428/5067/3193 3430/5068/3193
f 3425/5069/3194 3428/5070/3194 3427/5071/3194
f 3426/5072/3195 3428/5073/3195 3429/5074/3195
f 3348/4978/3196 3339/5075/3196 3335/4965/3196
f 3339/4961/3197 3347/4975/3197 3333/4959/3197
f 3341/4970/3198 3360/5076/3198 3356/4990/3198
f 3343/5077/3199 3354/4984/3199 3360/4986/3199
f 3342/4973/3200 3338/4966/3200 3334/4962/3200
f 3345/4974/3201 3335/4965/3201 3338/4966/3201
f 3349/4981/3202 3359/5078/3202 3355/4987/3202
f 3359/4992/3203 3348/4978/3203 3356/4990/3203
f 3362/4996/3204 3353/5079/3204 3349/4981/3204
f 3364/5080/3205 3347/4975/3205 3353/4977/3205
f 3355/4987/3206 3374/5081/3206 3370/5007/3206
f 3357/5082/3207 3368/5001/3207 3374/5003/3207
f 3363/4999/3208 3373/5008/3208 3369/5004/3208
f 3366/5000/3209 3370/5007/3209 3373/5008/3209
f 3363/4999/3210 3378/5083/3210 3367/5084/3210
f 3367/4995/3211 3375/5009/3211 3361/4993/3211
f 3369/5004/3212 3388/5085/3212 3384/5086/3212
f 3371/5087/3213 3382/5017/3213 3388/5019/3213
f 3377/5015/3214 3387/5024/3214 3383/5020/3214
f 3380/5016/3215 3384/5023/3215 3387/5024/3215
f 3390/5028/3216 3381/5088/3216 3377/5015/3216
f 3392/5089/3217 3375/5009/3217 3381/5011/3217
f 3398/5039/3218 3385/5022/3218 3402/5090/3218
f 3385/5091/3219 3396/5033/3219 3402/5035/3219
f 3391/5031/3220 3401/5040/3220 3397/5036/3220
f 3401/5040/3221 3390/5028/3221 3398/5039/3221
f 3391/5092/3222 3406/5046/3222 3395/5093/3222
f 3406/5094/3223 3389/5025/3223 3395/5027/3223
f 3412/5055/3224 3399/5095/3224 3416/5096/3224
f 3399/5097/3225 3410/5049/3225 3416/5051/3225
f 3405/5047/3226 3415/5056/3226 3411/5052/3226
f 3415/5056/3227 3404/5044/3227 3412/5055/3227
f 3418/5060/3228 3409/5098/3228 3405/5047/3228
f 3409/5043/3229 3417/5057/3229 3403/5041/3229
f 3426/5072/3230 3413/5054/3230 3430/5099/3230
f 3430/5068/3231 3410/5049/3231 3424/5066/3231
f 3419/5063/3232 3429/5100/3232 3425/5069/3232
f 3422/5101/3233 3426/5072/3233 3429/5074/3233
f 3334/4962/3234 3423/5102/3234 3419/5063/3234
f 3423/5059/3235 3333/4959/3235 3417/5057/3235
f 3342/4973/3236 3427/5071/3236 3346/5103/3236
f 3427/5104/3237 3340/4967/3237 3346/4969/3237
f 3347/4975/3238 3375/5009/3238 3403/5041/3238
f 3341/4970/3239 3348/4978/3239 3335/4965/3239
f 3425/5069/3240 3334/4962/3240 3419/5063/3240
f 3368/5001/3241 3340/4967/3241 3410/5049/3241
f 3355/4987/3242 3362/4996/3242 3349/4981/3242
f 3363/4999/3243 3384/5086/3243 3376/5105/3243
f 3383/5020/3244 3390/5028/3244 3377/5015/3244
f 3397/5106/3245 3404/5044/3245 3391/5092/3245
f 3411/5052/3246 3418/5060/3246 3405/5047/3246
f 3431/5107/3247 3435/5108/3247 3437/5109/3247
f 3432/5110/3248 3435/5111/3248 3434/5112/3248
f 3433/5113/3249 3435/5111/3249 3436/5114/3249
f 3438/5115/3250 3442/5116/3250 3444/5117/3250
f 3439/5118/3251 3442/5119/3251 3441/5120/3251
f 3440/5121/3252 3442/5119/3252 3443/5122/3252
f 3445/5123/3253 3449/5124/3253 3451/5125/3253
f 3446/5126/3254 3449/5127/3254 3448/5128/3254
f 3447/5129/3255 3449/5130/3255 3450/5131/3255
f 3452/5132/3256 3456/5133/3256 3458/5134/3256
f 3453/5135/3257 3456/5136/3257 3455/5137/3257
f 3454/5138/3258 3456/5139/3258 3457/5140/3258
f 3459/5141/3259 3463/5142/3259 3465/5143/3259
f 3460/5144/3260 3463/5145/3260 3462/5146/3260
f 3461/5147/3261 3463/5145/3261 3464/5148/3261
f 3466/5149/3262 3470/5150/3262 3472/5151/3262
f 3467/5152/3263 3470/5153/3263 3469/5154/3263
f 3468/5155/3264 3470/5153/3264 3471/5156/3264
f 3473/5157/3265 3477/5158/3265 3479/5159/3265
f 3474/5160/3266 3477/5161/3266 3476/5162/3266
f 3475/5163/3267 3477/5161/3267 3478/5164/3267
f 3480/5165/3268 3484/5166/3268 3486/5167/3268
f 3481/5168/3269 3484/5169/3269 3483/5170/3269
f 3482/5171/3270 3484/5169/3270 3485/5172/3270
f 3487/5173/3271 3491/5174/3271 3493/5175/3271
f 3488/5176/3272 3491/5177/3272 3490/5178/3272
f 3489/5179/3273 3491/5177/3273 3492/5180/3273
f 3494/5181/3274 3498/5182/3274 3500/5183/3274
f 3495/5184/3275 3498/5185/3275 3497/5186/3275
f 3496/5187/3276 3498/5185/3276 3499/5188/3276
f 3501/5189/3277 3505/5190/3277 3507/5191/3277
f 3502/5192/3278 3505/5193/3278 3504/5194/3278
f 3503/5195/3279 3505/5193/3279 3506/5196/3279
f 3508/5197/3280 3512/5198/3280 3514/5199/3280
f 3509/5200/3281 3512/5201/3281 3511/5202/3281
f 3510/5203/3282 3512/5201/3282 3513/5204/3282
f 3515/5205/3283 3519/5206/3283 3521/5207/3283
f 3516/5208/3284 3519/5209/3284 3518/5210/3284
f 3517/5211/3285 3519/5212/3285 3520/5213/3285
f 3522/5214/3286 3526/5215/3286 3528/5216/3286
f 3523/5217/3287 3526/5218/3287 3525/5219/3287
f 3524/5220/3288 3526/5221/3288 3527/5222/3288
f 3433/5113/3289 3448/5128/3289 3437/5223/3289
f 3448/5224/3290 3431/5107/3290 3437/5109/3290
f 3439/5118/3291 3458/5225/3291 3454/5138/3291
f 3441/5226/3292 3452/5132/3292 3458/5134/3292
f 3440/5121/3293 3436/5114/3293 3432/5110/3293
f 3443/5122/3294 3433/5113/3294 3436/5114/3294
f 3447/5129/3295 3457/5227/3295 3453/5135/3295
f 3450/5228/3296 3454/5138/3296 3457/5140/3296
f 3460/5144/3297 3451/5229/3297 3447/5129/3297
f 3462/5230/3298 3445/5123/3298 3451/5125/3298
f 3468/5155/3299 3455/5137/3299 3472/5231/3299
f 3455/5232/3300 3466/5149/3300 3472/5151/3300
f 3461/5147/3301 3471/5156/3301 3467/5152/3301
f 3471/5156/3302 3460/5144/3302 3468/5155/3302
f 3461/5147/3303 3476/5233/3303 3465/5234/3303
f 3476/5235/3304 3459/5141/3304 3465/5143/3304
f 3467/5152/3305 3486/5236/3305 3482/5237/3305
f 3486/5167/3306 3466/5149/3306 3480/5165/3306
f 3481/5168/3307 3478/5164/3307 3485/5172/3307
f 3485/5172/3308 3474/5160/3308 3482/5171/3308
f 3475/5163/3309 3490/5178/3309 3479/5238/3309
f 3479/5159/3310 3487/5173/3310 3473/5157/3310
f 3496/5187/3311 3483/5170/3311 3500/5239/3311
f 3500/5183/3312 3480/5165/3312 3494/5181/3312
f 3495/5184/3313 3492/5180/3313 3499/5188/3313
f 3492/5180/3314 3496/5187/3314 3499/5188/3314
f 3489/5240/3315 3504/5194/3315 3493/5241/3315
f 3504/5242/3316 3487/5173/3316 3493/5175/3316
f 3510/5203/3317 3497/5243/3317 3514/5244/3317
f 3514/5199/3318 3494/5181/3318 3508/5197/3318
f 3503/5195/3319 3513/5204/3319 3509/5200/3319
f 3513/5204/3320 3502/5192/3320 3510/5203/3320
f 3516/5208/3321 3507/5245/3321 3503/5195/3321
f 3507/5191/3322 3515/5205/3322 3501/5189/3322
f 3524/5220/3323 3511/5202/3323 3528/5246/3323
f 3528/5216/3324 3508/5197/3324 3522/5214/3324
f 3517/5211/3325 3527/5247/3325 3523/5217/3325
f 3520/5248/3326 3524/5220/3326 3527/5222/3326
f 3432/5110/3327 3521/5249/3327 3517/5211/3327
f 3521/5207/3328 3431/5107/3328 3515/5205/3328
f 3523/5217/3329 3444/5250/3329 3440/5121/3329
f 3525/5251/3330 3438/5115/3330 3444/5117/3330
f 3501/5189/3331 3515/5205/3331 3445/5123/3331
f 3439/5118/3332 3446/5126/3332 3433/5113/3332
f 3523/5217/3333 3432/5110/3333 3517/5211/3333
f 3438/5115/3334 3508/5197/3334 3480/5165/3334
f 3447/5129/182 3468/5155/182 3460/5144/182
f 3467/5152/3335 3474/5252/3335 3461/5147/3335
f 3475/5163/463 3496/5187/463 3488/5176/463
f 3489/5240/3336 3510/5203/3336 3502/5192/3336
f 3509/5200/3337 3516/5208/3337 3503/5195/3337
f 3529/5253/3338 3533/5254/3338 3535/5255/3338
f 3530/5256/3339 3533/5257/3339 3532/5258/3339
f 3531/5259/3340 3533/5257/3340 3534/5260/3340
f 3536/5261/3341 3540/5262/3341 3542/5263/3341
f 3537/5264/3342 3540/5265/3342 3539/5266/3342
f 3538/5267/3343 3540/5265/3343 3541/5268/3343
f 3543/5269/3344 3547/5270/3344 3549/5271/3344
f 3544/5272/3345 3547/5273/3345 3546/5274/3345
f 3545/5275/3346 3547/5276/3346 3548/5277/3346
f 3550/5278/3347 3554/5279/3347 3556/5280/3347
f 3551/5281/3348 3554/5282/3348 3553/5283/3348
f 3552/5284/3349 3554/5285/3349 3555/5286/3349
f 3557/5287/3350 3561/5288/3350 3563/5289/3350
f 3558/5290/3351 3561/5291/3351 3560/5292/3351
f 3559/5293/3352 3561/5291/3352 3562/5294/3352
f 3564/5295/3353 3568/5296/3353 3570/5297/3353
f 3565/5298/3354 3568/5299/3354 3567/5300/3354
f 3566/5301/3355 3568/5299/3355 3569/5302/3355
f 3571/5303/3356 3575/5304/3356 3577/5305/3356
f 3572/5306/3357 3575/5307/3357 3574/5308/3357
f 3573/5309/3358 3575/5307/3358 3576/5310/3358
f 3578/5311/3359 3582/5312/3359 3584/5313/3359
f 3579/5314/3360 3582/5315/3360 3581/5316/3360
f 3580/5317/3361 3582/5315/3361 3583/5318/3361
f 3585/5319/3362 3589/5320/3362 3591/5321/3362
f 3586/5322/3363 3589/5323/3363 3588/5324/3363
f 3587/5325/3364 3589/5323/3364 3590/5326/3364
f 3592/5327/3365 3596/5328/3365 3598/5329/3365
f 3593/5330/3366 3596/5331/3366 3595/5332/3366
f 3594/5333/3367 3596/5331/3367 3597/5334/3367
f 3599/5335/3368 3603/5336/3368 3605/5337/3368
f 3600/5338/3369 3603/5339/3369 3602/5340/3369
f 3601/5341/3370 3603/5339/3370 3604/5342/3370
f 3606/5343/3371 3610/5344/3371 3612/5345/3371
f 3607/5346/3372 3610/5347/3372 3609/5348/3372
f 3608/5349/3373 3610/5347/3373 3611/5350/3373
f 3613/5351/3374 3617/5352/3374 3619/5353/3374
f 3614/5354/3375 3617/5355/3375 3616/5356/3375
f 3615/5357/3376 3617/5358/3376 3618/5359/3376
f 3620/5360/3377 3624/5361/3377 3626/5362/3377
f 3621/5363/3378 3624/5364/3378 3623/5365/3378
f 3622/5366/3379 3624/5367/3379 3625/5368/3379
f 3531/5259/3380 3546/5274/3380 3535/5369/3380
f 3546/5370/3381 3529/5253/3381 3535/5255/3381
f 3537/5264/3382 3556/5371/3382 3552/5284/3382
f 3556/5280/3383 3536/5261/3383 3550/5278/3383
f 3530/5256/3384 3541/5268/3384 3534/5260/3384
f 3541/5268/3385 3531/5259/3385 3534/5260/3385
f 3545/5275/3386 3555/5372/3386 3551/5281/3386
f 3548/5373/3387 3552/5284/3387 3555/5286/3387
f 3545/5275/3388 3560/5292/3388 3549/5374/3388
f 3549/5271/3389 3557/5287/3389 3543/5269/3389
f 3566/5301/3390 3553/5283/3390 3570/5375/3390
f 3553/5376/3391 3564/5295/3391 3570/5297/3391
f 3565/5298/3392 3562/5294/3392 3569/5302/3392
f 3562/5294/3393 3566/5301/3393 3569/5302/3393
f 3572/5377/3394 3563/5378/3394 3559/5293/3394
f 3563/5289/3395 3571/5303/3395 3557/5287/3395
f 3565/5298/3396 3584/5379/3396 3580/5380/3396
f 3584/5313/3397 3564/5295/3397 3578/5311/3397
f 3579/5314/3398 3576/5310/3398 3583/5318/3398
f 3576/5310/3399 3580/5317/3399 3583/5318/3399
f 3586/5322/3400 3577/5381/3400 3573/5309/3400
f 3588/5382/3401 3571/5303/3401 3577/5305/3401
f 3579/5314/3402 3598/5383/3402 3594/5333/3402
f 3581/5384/3403 3592/5327/3403 3598/5329/3403
f 3587/5325/3404 3597/5334/3404 3593/5330/3404
f 3590/5326/3405 3594/5333/3405 3597/5334/3405
f 3600/5338/3406 3591/5385/3406 3587/5386/3406
f 3591/5321/3407 3599/5335/3407 3585/5319/3407
f 3593/5387/3408 3612/5388/3408 3608/5349/3408
f 3612/5345/3409 3592/5327/3409 3606/5343/3409
f 3601/5341/3410 3611/5350/3410 3607/5346/3410
f 3611/5350/3411 3600/5338/3411 3608/5349/3411
f 3601/5341/3412 3616/5356/3412 3605/5389/3412
f 3616/5390/3413 3599/5335/3413 3605/5337/3413
f 3607/5346/3414 3626/5391/3414 3622/5366/3414
f 3626/5362/3415 3606/5343/3415 3620/5360/3415
f 3615/5357/3416 3625/5392/3416 3621/5363/3416
f 3618/5393/3417 3622/5366/3417 3625/5368/3417
f 3530/5256/3418 3619/5394/3418 3615/5357/3418
f 3619/5353/3419 3529/5253/3419 3613/5351/3419
f 3538/5267/3420 3623/5365/3420 3542/5395/3420
f 3623/5396/3421 3536/5261/3421 3542/5263/3421
f 3571/5303/3422 3585/5319/3422 3599/5335/3422
f 3537/5264/3423 3544/5272/3423 3531/5259/3423
f 3621/5363/3424 3530/5256/3424 3615/5357/3424
f 3578/5311/3425 3564/5295/3425 3536/5261/3425
f 3551/5281/3426 3558/5290/3426 3545/5275/3426
f 3565/5298/3427 3572/5377/3427 3559/5293/3427
f 3579/5314/3428 3586/5322/3428 3573/5309/3428
f 3593/5387/3429 3600/5338/3429 3587/5386/3429
f 3607/5346/3430 3614/5354/3430 3601/5341/3430
f 3627/5397/3431 3631/5398/3431 3633/5399/3431
f 3628/5400/3432 3631/5401/3432 3630/5402/3432
f 3629/5403/3433 3631/5401/3433 3632/5404/3433
f 3634/5405/3434 3638/5406/3434 3640/5407/3434
f 3635/5408/3435 3638/5409/3435 3637/5410/3435
f 3636/5411/3436 3638/5409/3436 3639/5412/3436
f 3641/5413/3437 3645/5414/3437 3647/5415/3437
f 3642/5416/3438 3645/5417/3438 3644/5418/3438
f 3643/5419/3439 3645/5420/3439 3646/5421/3439
f 3648/5422/3440 3652/5423/3440 3654/5424/3440
f 3649/5425/3441 3652/5426/3441 3651/5427/3441
f 3650/5428/3442 3652/5429/3442 3653/5430/3442
f 3655/5431/3443 3659/5432/3443 3661/5433/3443
f 3656/5434/3444 3659/5435/3444 3658/5436/3444
f 3657/5437/3445 3659/5435/3445 3660/5438/3445
f 3662/5439/3446 3666/5440/3446 3668/5441/3446
f 3663/5442/3447 3666/5443/3447 3665/5444/3447
f 3664/5445/3448 3666/5443/3448 3667/5446/3448
f 3669/5447/3449 3673/5448/3449 3675/5449/3449
f 3670/5450/3450 3673/5451/3450 3672/5452/3450
f 3671/5453/3451 3673/5451/3451 3674/5454/3451
f 3676/5455/3452 3680/5456/3452 3682/5457/3452
f 3677/5458/3453 3680/5459/3453 3679/5460/3453
f 3678/5461/3454 3680/5459/3454 3681/5462/3454
f 3683/5463/3455 3687/5464/3455 3689/5465/3455
f 3684/5466/3456 3687/5467/3456 3686/5468/3456
f 3685/5469/3457 3687/5467/3457 3688/5470/3457
f 3690/5471/3458 3694/5472/3458 3696/5473/3458
f 3691/5474/3459 3694/5475/3459 3693/5476/3459
f 3692/5477/3460 3694/5475/3460 3695/5478/3460
f 3697/5479/3461 3701/5480/3461 3703/5481/3461
f 3698/5482/3462 3701/5483/3462 3700/5484/3462
f 3699/5485/3463 3701/5483/3463 3702/5486/3463
f 3704/5487/3464 3708/5488/3464 3710/5489/3464
f 3705/5490/3465 3708/5491/3465 3707/5492/3465
f 3706/5493/3466 3708/5491/3466 3709/5494/3466
f 3711/5495/3467 3715/5496/3467 3717/5497/3467
f 3712/5498/3468 3715/5499/3468 3714/5500/3468
f 3713/5501/3469 3715/5502/3469 3716/5503/3469
f 3718/5504/3470 3722/5505/3470 3724/5506/3470
f 3719/5507/3471 3722/5508/3471 3721/5509/3471
f 3720/5510/3472 3722/5511/3472 3723/5512/3472
f 3642/5416/3473 3633/5513/3473 3629/5403/3473
f 3644/5514/3474 3627/5397/3474 3633/5399/3474
f 3635/5408/3475 3654/5515/3475 3650/5428/3475
f 3654/5424/3476 3634/5405/3476 3648/5422/3476
f 3636/5411/3477 3632/5404/3477 3628/5400/3477
f 3632/5404/3478 3635/5408/3478 3629/5403/3478
f 3649/5425/3479 3646/5421/3479 3653/5516/3479
f 3646/5517/3480 3650/5428/3480 3653/5430/3480
f 3656/5434/3481 3647/5518/3481 3643/5419/3481
f 3658/5519/3482 3641/5413/3482 3647/5415/3482
f 3664/5445/3483 3651/5427/3483 3668/5520/3483
f 3651/5521/3484 3662/5439/3484 3668/5441/3484
f 3663/5442/3485 3660/5438/3485 3667/5446/3485
f 3660/5438/3486 3664/5445/3486 3667/5446/3486
f 3657/5437/3487 3672/5522/3487 3661/5523/3487
f 3672/5524/3488 3655/5431/3488 3661/5433/3488
f 3663/5442/3489 3682/5525/3489 3678/5526/3489
f 3682/5457/3490 3662/5439/3490 3676/5455/3490
f 3677/5458/3491 3674/5454/3491 3681/5462/3491
f 3674/5454/3492 3678/5461/3492 3681/5462/3492
f 3684/5466/3493 3675/5527/3493 3671/5453/3493
f 3675/5449/3494 3683/5463/3494 3669/5447/3494
f 3692/5477/3495 3679/5460/3495 3696/5528/3495
f 3679/5529/3496 3690/5471/3496 3696/5473/3496
f 3685/5469/3497 3695/5478/3497 3691/5474/3497
f 3688/5470/3498 3692/5477/3498 3695/5478/3498
f 3698/5482/3499 3689/5530/3499 3685/5531/3499
f 3689/5465/3500 3697/5479/3500 3683/5463/3500
f 3691/5532/3501 3710/5533/3501 3706/5493/3501
f 3693/5534/3502 3704/5487/3502 3710/5489/3502
f 3705/5490/3503 3702/5486/3503 3709/5494/3503
f 3709/5494/3504 3698/5482/3504 3706/5493/3504
f 3699/5485/3505 3714/5500/3505 3703/5535/3505
f 3714/5536/3506 3697/5479/3506 3703/5481/3506
f 3705/5490/3507 3724/5537/3507 3720/5510/3507
f 3707/5538/3508 3718/5504/3508 3724/5506/3508
f 3713/5501/3509 3723/5539/3509 3719/5507/3509
f 3716/5540/3510 3720/5510/3510 3723/5512/3510
f 3628/5400/3511 3717/5541/3511 3713/5501/3511
f 3717/5497/3512 3627/5397/3512 3711/5495/3512
f 3636/5411/3513 3721/5509/3513 3640/5542/3513
f 3721/5543/3514 3634/5405/3514 3640/5407/3514
f 3669/5447/3515 3683/5463/3515 3697/5479/3515
f 3635/5408/3516 3642/5416/3516 3629/5403/3516
f 3719/5507/3517 3628/5400/3517 3713/5501/3517
f 3704/5487/3518 3690/5471/3518 3676/5455/3518
f 3649/5425/3519 3656/5434/3519 3643/5419/3519
f 3663/5442/3520 3670/5544/3520 3657/5437/3520
f 3671/5453/3521 3692/5477/3521 3684/5466/3521
f 3691/5532/3522 3698/5482/3522 3685/5531/3522
f 3699/5485/3523 3720/5510/3523 3712/5498/3523
f 3725/5545/3524 3729/5546/3524 3731/5547/3524
f 3726/5548/3525 3729/5549/3525 3728/5550/3525
f 3727/5551/3526 3729/5549/3526 3730/5552/3526
f 3732/5553/3527 3736/5554/3527 3738/5555/3527
f 3733/5556/3528 3736/5557/3528 3735/5558/3528
f 3734/5559/3529 3736/5557/3529 3737/5560/3529
f 3739/5561/3530 3743/5562/3530 3745/5563/3530
f 3740/5564/3531 3743/5565/3531 3742/5566/3531
f 3741/5567/3532 3743/5568/3532 3744/5569/3532
f 3746/5570/3533 3750/5571/3533 3752/5572/3533
f 3747/5573/3534 3750/5574/3534 3749/5575/3534
f 3748/5576/3535 3750/5577/3535 3751/5578/3535
f 3753/5579/3536 3757/5580/3536 3759/5581/3536
f 3754/5582/3537 3757/5583/3537 3756/5584/3537
f 3755/5585/3538 3757/5583/3538 3758/5586/3538
f 3760/5587/3539 3764/5588/3539 3766/5589/3539
f 3761/5590/3540 3764/5591/3540 3763/5592/3540
f 3762/5593/3541 3764/5591/3541 3765/5594/3541
f 3767/5595/3542 3771/5596/3542 3773/5597/3542
f 3768/5598/3543 3771/5599/3543 3770/5600/3543
f 3769/5601/3544 3771/5599/3544 3772/5602/3544
f 3774/5603/3545 3778/5604/3545 3780/5605/3545
f 3775/5606/3546 3778/5607/3546 3777/5608/3546
f 3776/5609/3547 3778/5607/3547 3779/5610/3547
f 3781/5611/3548 3785/5612/3548 3787/5613/3548
f 3782/5614/3549 3785/5615/3549 3784/5616/3549
f 3783/5617/3550 3785/5615/3550 3786/5618/3550
f 3788/5619/3551 3792/5620/3551 3794/5621/3551
f 3789/5622/3552 3792/5623/3552 3791/5624/3552
f 3790/5625/3553 3792/5623/3553 3793/5626/3553
f 3795/5627/3554 3799/5628/3554 3801/5629/3554
f 3796/5630/3555 3799/5631/3555 3798/5632/3555
f 3797/5633/3556 3799/5631/3556 3800/5634/3556
f 3802/5635/3557 3806/5636/3557 3808/5637/3557
f 3803/5638/3558 3806/5639/3558 3805/5640/3558
f 3804/5641/3559 3806/5639/3559 3807/5642/3559
f 3809/5643/3560 3813/5644/3560 3815/5645/3560
f 3810/5646/3561 3813/5647/3561 3812/5648/3561
f 3811/5649/3562 3813/5650/3562 3814/5651/3562
f 3816/5652/3563 3820/5653/3563 3822/5654/3563
f 3817/5655/3564 3820/5656/3564 3819/5657/3564
f 3818/5658/3565 3820/5659/3565 3821/5660/3565
f 3727/5551/3566 3742/5566/3566 3731/5661/3566
f 3731/5547/3567 3739/5561/3567 3725/5545/3567
f 3733/5556/3568 3752/5662/3568 3748/5576/3568
f 3752/5572/3569 3732/5553/3569 3746/5570/3569
f 3734/5559/3570 3730/5552/3570 3726/5548/3570
f 3737/5560/3571 3727/5551/3571 3730/5552/3571
f 3747/5573/3572 3744/5569/3572 3751/5663/3572
f 3744/5664/1537 3748/5576/1537 3751/5578/1537
f 3754/5582/3573 3745/5665/3573 3741/5567/3573
f 3756/5666/3574 3739/5561/3574 3745/5563/3574
f 3762/5593/3575 3749/5575/3575 3766/5667/3575
f 3749/5668/3576 3760/5587/3576 3766/5589/3576
f 3761/5590/3577 3758/5586/3577 3765/5594/3577
f 3758/5586/3578 3762/5593/3578 3765/5594/3578
f 3768/5669/3579 3759/5670/3579 3755/5585/3579
f 3770/5671/3580 3753/5579/3580 3759/5581/3580
f 3761/5590/3581 3780/5672/3581 3776/5673/3581
f 3780/5605/3582 3760/5587/3582 3774/5603/3582
f 3769/5601/3583 3779/5610/3583 3775/5606/3583
f 3772/5602/3584 3776/5609/3584 3779/5610/3584
f 3769/5601/3585 3784/5616/3585 3773/5674/3585
f 3784/5675/3586 3767/5595/3586 3773/5597/3586
f 3790/5625/3587 3777/5608/3587 3794/5676/3587
f 3794/5621/3588 3774/5603/3588 3788/5619/3588
f 3783/5617/3589 3793/5626/3589 3789/5622/3589
f 3786/5618/3590 3790/5625/3590 3793/5626/3590
f 3783/5677/3591 3798/5632/3591 3787/5678/3591
f 3798/5679/3592 3781/5611/3592 3787/5613/3592
f 3804/5641/3593 3791/5680/3593 3808/5681/3593
f 3808/5637/3594 3788/5619/3594 3802/5635/3594
f 3797/5633/3595 3807/5642/3595 3803/5638/3595
f 3800/5634/3596 3804/5641/3596 3807/5642/3596
f 3797/5633/3597 3812/5648/3597 3801/5682/3597
f 3801/5629/3598 3809/5643/3598 3795/5627/3598
f 3803/5638/3599 3822/5683/3599 3818/5658/3599
f 3805/5684/3600 3816/5652/3600 3822/5654/3600
f 3811/5649/3601 3821/5685/3601 3817/5655/3601
f 3814/5686/3602 3818/5658/3602 3821/5660/3602
f 3811/5649/3603 3728/5550/3603 3815/5687/3603
f 3815/5645/3604 3725/5545/3604 3809/5643/3604
f 3734/5559/3605 3819/5657/3605 3738/5688/3605
f 3819/5689/3606 3732/5553/3606 3738/5555/3606
f 3795/5627/3607 3809/5643/3607 3739/5561/3607
f 3733/5556/3608 3740/5564/3608 3727/5551/3608
f 3817/5655/3609 3726/5548/3609 3811/5649/3609
f 3802/5635/3610 3788/5619/3610 3774/5603/3610
f 3747/5573/3611 3754/5582/3611 3741/5567/3611
f 3761/5590/3612 3768/5669/3612 3755/5585/3612
f 3769/5601/3613 3790/5625/3613 3782/5614/3613
f 3789/5690/3614 3796/5630/3614 3783/5677/3614
f 3803/5638/3615 3810/5646/3615 3797/5633/3615
f 3823/5691/3616 3827/5692/3616 3829/5693/3616
f 3824/5694/3617 3827/5695/3617 3826/5696/3617
f 3825/5697/3618 3827/5695/3618 3828/5698/3618
f 3830/5699/3619 3834/5700/3619 3836/5701/3619
f 3831/5702/3620 3834/5703/3620 3833/5704/3620
f 3832/5705/3621 3834/5703/3621 3835/5706/3621
f 3837/5707/3622 3841/5708/3622 3843/5709/3622
f 3838/5710/3623 3841/5711/3623 3840/5712/3623
f 3839/5713/3624 3841/5714/3624 3842/5715/3624
f 3844/5716/3625 3848/5717/3625 3850/5718/3625
f 3845/5719/3626 3848/5720/3626 3847/5721/3626
f 3846/5722/3627 3848/5723/3627 3849/5724/3627
f 3851/5725/3628 3855/5726/3628 3857/5727/3628
f 3852/5728/3629 3855/5729/3629 3854/5730/3629
f 3853/5731/3630 3855/5729/3630 3856/5732/3630
f 3858/5733/3631 3862/5734/3631 3864/5735/3631
f 3859/5736/3632 3862/5737/3632 3861/5738/3632
f 3860/5739/3633 3862/5737/3633 3863/5740/3633
f 3865/5741/3634 3869/5742/3634 3871/5743/3634
f 3866/5744/3635 3869/5745/3635 3868/5746/3635
f 3867/5747/3636 3869/5745/3636 3870/5748/3636
f 3872/5749/3637 3876/5750/3637 3878/5751/3637
f 3873/5752/3638 3876/5753/3638 3875/5754/3638
f 3874/5755/3639 3876/5753/3639 3877/5756/3639
f 3879/5757/3640 3883/5758/3640 3885/5759/3640
f 3880/5760/3641 3883/5761/3641 3882/5762/3641
f 3881/5763/3642 3883/5761/3642 3884/5764/3642
f 3886/5765/3643 3890/5766/3643 3892/5767/3643
f 3887/5768/3644 3890/5769/3644 3889/5770/3644
f 3888/5771/3645 3890/5769/3645 3891/5772/3645
f 3893/5773/3646 3897/5774/3646 3899/5775/3646
f 3894/5776/3647 3897/5777/3647 3896/5778/3647
f 3895/5779/3648 3897/5777/3648 3898/5780/3648
f 3900/5781/3649 3904/5782/3649 3906/5783/3649
f 3901/5784/3650 3904/5785/3650 3903/5786/3650
f 3902/5787/3651 3904/5785/3651 3905/5788/3651
f 3907/5789/3652 3911/5790/3652 3913/5791/3652
f 3908/5792/3653 3911/5793/3653 3910/5794/3653
f 3909/5795/3654 3911/5796/3654 3912/5797/3654
f 3914/5798/3655 3918/5799/3655 3920/5800/3655
f 3915/5801/3656 3918/5802/3656 3917/5803/3656
f 3916/5804/3657 3918/5805/3657 3919/5806/3657
f 3825/5697/3658 3840/5712/3658 3829/5807/3658
f 3829/5693/3659 3837/5707/3659 3823/5691/3659
f 3846/5722/3660 3833/5704/3660 3850/5808/3660
f 3833/5809/3661 3844/5716/3661 3850/5718/3661
f 3832/5705/3662 3828/5698/3662 3824/5694/3662
f 3828/5698/3663 3831/5702/3663 3825/5697/3663
f 3839/5713/3664 3849/5810/3664 3845/5719/3664
f 3842/5811/3665 3846/5722/3665 3849/5724/3665
f 3852/5728/3666 3843/5812/3666 3839/5713/3666
f 3843/5709/3667 3851/5725/3667 3837/5707/3667
f 3860/5739/3668 3847/5721/3668 3864/5813/3668
f 3864/5735/3669 3844/5716/3669 3858/5733/3669
f 3853/5731/3670 3863/5740/3670 3859/5736/3670
f 3863/5740/3671 3852/5728/3671 3860/5739/3671
f 3866/5814/3672 3857/5815/3672 3853/5731/3672
f 3868/5816/3673 3851/5725/3673 3857/5727/3673
f 3859/5736/3674 3878/5817/3674 3874/5818/3674
f 3861/5819/3675 3872/5749/3675 3878/5751/3675
f 3867/5747/3676 3877/5756/3676 3873/5752/3676
f 3870/5748/3677 3874/5755/3677 3877/5756/3677
f 3867/5747/3678 3882/5762/3678 3871/5820/3678
f 3882/5821/3679 3865/5741/3679 3871/5743/3679
f 3873/5752/3680 3892/5822/3680 3888/5771/3680
f 3892/5767/3681 3872/5749/3681 3886/5765/3681
f 3881/5763/3682 3891/5772/3682 3887/5768/3682
f 3884/5764/3683 3888/5771/3683 3891/5772/3683
f 3894/5776/3684 3885/5823/3684 3881/5824/3684
f 3885/5759/3685 3893/5773/3685 3879/5757/3685
f 3887/5825/3686 3906/5826/3686 3902/5787/3686
f 3906/5783/3687 3886/5765/3687 3900/5781/3687
f 3901/5784/3688 3898/5780/3688 3905/5788/3688
f 3898/5780/3689 3902/5787/3689 3905/5788/3689
f 3908/5792/3690 3899/5827/3690 3895/5779/3690
f 3910/5828/3691 3893/5773/3691 3899/5775/3691
f 3916/5804/3692 3903/5786/3692 3920/5829/3692
f 3920/5800/3693 3900/5781/3693 3914/5798/3693
f 3909/5795/3694 3919/5830/3694 3915/5801/3694
f 3912/5831/3695 3916/5804/3695 3919/5806/3695
f 3824/5694/3696 3913/5832/3696 3909/5795/3696
f 3913/5791/3697 3823/5691/3697 3907/5789/3697
f 3915/5801/3698 3836/5833/3698 3832/5705/3698
f 3836/5701/3699 3914/5798/3699 3830/5699/3699
f 3865/5741/3700 3879/5757/3700 3893/5773/3700
f 3825/5697/3701 3846/5722/3701 3838/5710/3701
f 3915/5801/3702 3824/5694/3702 3909/5795/3702
f 3872/5749/3703 3858/5733/3703 3830/5699/3703
f 3839/5713/3704 3860/5739/3704 3852/5728/3704
f 3853/5731/3705 3874/5818/3705 3866/5814/3705
f 3873/5752/3706 3880/5760/3706 3867/5747/3706
f 3887/5825/3707 3894/5776/3707 3881/5824/3707
f 3895/5779/3708 3916/5804/3708 3908/5792/3708
f 3924/5834/3709 3927/5835/3709 3921/5836/3709
f 3922/5837/3710 3925/5838/3710 3924/5839/3710
f 3923/5840/3711 3925/5841/3711 3926/5842/3711
f 3928/5843/3712 3932/5844/3712 3934/5845/3712
f 3933/5846/3713 3931/5847/3713 3929/5848/3713
f 3930/5849/3714 3932/5850/3714 3933/5851/3714
f 3938/5852/3715 3941/5853/3715 3935/5854/3715
f 3936/5855/3716 3939/5856/3716 3938/5852/3716
f 3937/5857/3717 3939/5858/3717 3940/5859/3717
f 3945/5860/3718 3948/5861/3718 3942/5862/3718
f 3943/5863/3719 3946/5864/3719 3945/5860/3719
f 3944/5865/3720 3946/5866/3720 3947/5867/3720
f 3952/5868/3721 3955/5869/3721 3949/5870/3721
f 3950/5871/3722 3953/5872/3722 3952/5873/3722
f 3951/5874/3723 3953/5875/3723 3954/5876/3723
f 3959/5877/3724 3962/5878/3724 3956/5879/3724
f 3957/5880/3725 3960/5881/3725 3959/5882/3725
f 3958/5883/3726 3960/5884/3726 3961/5885/3726
f 3966/5886/3727 3969/5887/3727 3963/5888/3727
f 3964/5889/3728 3967/5890/3728 3966/5886/3728
f 3965/5891/3729 3967/5892/3729 3968/5893/3729
f 3973/5894/3730 3976/5895/3730 3970/5896/3730
f 3971/5897/3731 3974/5898/3731 3973/5894/3731
f 3972/5899/3732 3974/5900/3732 3975/5901/3732
f 3935/5854/3733 3927/5835/3733 3938/5852/3733
f 3927/5835/3734 3936/5855/3734 3938/5852/3734
f 3922/5837/3735 3934/5845/3735 3926/5902/3735
f 3934/5903/3736 3923/5840/3736 3926/5842/3736
f 3942/5904/3737 3933/5851/3737 3929/5905/3737
f 3933/5851/3738 3944/5865/3738 3930/5849/3738
f 3937/5857/3739 3947/5906/3739 3943/5863/3739
f 3947/5867/3740 3936/5855/3740 3944/5865/3740
f 3963/5888/3741 3941/5907/3741 3966/5886/3741
f 3966/5886/3742 3937/5857/3742 3964/5889/3742
f 3970/5908/3743 3945/5860/3743 3942/5862/3743
f 3945/5860/3744 3972/5899/3744 3943/5863/3744
f 3971/5897/3745 3968/5893/3745 3975/5909/3745
f 3968/5910/3746 3972/5899/3746 3975/5901/3746
f 3963/5911/3747 3952/5873/3747 3949/5912/3747
f 3969/5913/3748 3950/5871/3748 3952/5873/3748
f 3970/5896/3749 3962/5878/3749 3973/5894/3749
f 3973/5894/3750 3958/5883/3750 3971/5897/3750
f 3951/5874/3751 3961/5914/3751 3957/5880/3751
f 3961/5885/3752 3950/5871/3752 3958/5883/3752
f 3949/5870/3753 3924/5839/3753 3921/5915/3753
f 3955/5869/3754 3922/5837/3754 3924/5839/3754
f 3929/5848/3755 3959/5882/3755 3956/5916/3755
f 3931/5847/3756 3957/5880/3756 3959/5882/3756
f 3963/5917/3757 3921/5918/3757 3935/5919/3757
f 3930/5849/3758 3936/5855/3758 3923/5840/3758
f 3957/5880/3759 3922/5837/3759 3951/5874/3759
f 3942/5920/3760 3956/5921/3760 3970/5922/3760
f 3943/5863/3761 3964/5889/3761 3937/5857/3761
f 3971/5897/3762 3950/5871/3762 3965/5891/3762
f 3980/5923/3763 3983/5924/3763 3977/5925/3763
f 3978/5926/3764 3981/5927/3764 3980/5923/3764
f 3979/5928/3765 3981/5929/3765 3982/5930/3765
f 3984/5931/3766 3988/5932/3766 3990/5933/3766
f 3989/5934/3767 3987/5935/3767 3985/5936/3767
f 3986/5937/3768 3988/5938/3768 3989/5934/3768
f 3994/5939/3769 3997/5940/3769 3991/5941/3769
f 3992/5942/3770 3995/5943/3770 3994/5944/3770
f 3993/5945/3771 3995/5946/3771 3996/5947/3771
f 4001/5948/3772 4004/5949/3772 3998/5950/3772
f 3999/5951/3773 4002/5952/3773 4001/5953/3773
f 4000/5954/3774 4002/5955/3774 4003/5956/3774
f 4008/5957/3775 4011/5958/3775 4005/5959/3775
f 4006/5960/3776 4009/5961/3776 4008/5957/3776
f 4007/5962/3777 4009/5963/3777 4010/5964/3777
f 4015/5965/3778 4018/5966/3778 4012/5967/3778
f 4013/5968/3779 4016/5969/3779 4015/5965/3779
f 4014/5970/3780 4016/5971/3780 4017/5972/3780
f 4022/5973/3781 4025/5974/3781 4019/5975/3781
f 4020/5976/3782 4023/5977/3782 4022/5978/3782
f 4021/5979/3783 4023/5980/3783 4024/5981/3783
f 4029/5982/3784 4032/5983/3784 4026/5984/3784
f 4027/5985/3785 4030/5986/3785 4029/5987/3785
f 4028/5988/3786 4030/5989/3786 4031/5990/3786
f 3991/5991/3787 3983/5992/3787 3994/5944/3787
f 3983/5992/3788 3992/5942/3788 3994/5944/3788
f 3984/5931/3789 3982/5993/3789 3978/5926/3789
f 3982/5930/3790 3986/5937/3790 3979/5928/3790
f 3985/5936/3791 4004/5949/3791 3989/5934/3791
f 3989/5934/3792 4000/5954/3792 3986/5937/3792
f 3999/5951/3793 3996/5947/3793 4003/5994/3793
f 4003/5956/3794 3992/5942/3794 4000/5954/3794
f 3991/5941/3795 4022/5978/3795 4019/5995/3795
f 3997/5940/3796 4020/5976/3796 4022/5978/3796
f 4026/5984/3797 4001/5953/3797 3998/5996/3797
f 4001/5953/3798 4028/5988/3798 3999/5951/3798
f 4027/5985/3799 4024/5981/3799 4031/5997/3799
f 4024/5998/3800 4028/5988/3800 4031/5990/3800
f 4019/5975/3801 4008/5957/3801 4005/5959/3801
f 4025/5974/3802 4006/5960/3802 4008/5957/3802
f 4026/5999/3803 4018/6000/3803 4029/5987/3803
f 4029/5987/3804 4014/5970/3804 4027/5985/3804
f 4007/5962/3805 4017/6001/3805 4013/5968/3805
f 4017/5972/3806 4006/5960/3806 4014/5970/3806
f 4005/6002/3807 3980/5923/3807 3977/5925/3807
f 4011/6003/3808 3978/5926/3808 3980/5923/3808
f 4012/5967/3809 3987/6004/3809 4015/5965/3809
f 3987/6004/3810 4013/5968/3810 4015/5965/3810
f 4019/6005/3811 3977/6006/3811 3991/6007/3811
f 3986/5937/3812 3992/5942/3812 3979/5928/3812
f 4013/5968/3813 3978/5926/3813 4007/5962/3813
f 3998/6008/3814 4012/6009/3814 4026/6010/3814
f 3993/5945/3815 4028/5988/3815 4020/5976/3815
f 4027/5985/3816 4006/5960/3816 4021/5979/3816
f 1/1/3817 4/6011/3817 5/2/3817
f 2/4/3818 6/8/3818 5/5/3818
f 3/7/3819 7/117/3819 5/5/3819
f 8/9/3820 11/120/3820 12/10/3820
f 9/12/3821 13/16/3821 12/13/3821
f 10/15/3822 14/144/3822 12/13/3822
f 15/17/3823 18/118/3823 19/18/3823
f 16/20/3824 20/122/3824 19/21/3824
f 17/23/3825 21/123/3825 19/24/3825
f 22/26/3826 25/6012/3826 26/27/3826
f 23/29/3827 27/121/3827 26/30/3827
f 24/32/3828 28/119/3828 26/33/3828
f 29/35/3829 32/6013/3829 33/36/3829
f 30/38/3830 34/42/3830 33/39/3830
f 31/41/3831 35/126/3831 33/39/3831
f 36/43/3832 39/129/3832 40/44/3832
f 37/46/3833 41/50/3833 40/47/3833
f 38/49/3834 42/124/3834 40/47/3834
f 43/51/3835 46/6014/3835 47/52/3835
f 44/54/3836 48/58/3836 47/55/3836
f 45/57/3837 49/130/3837 47/55/3837
f 50/59/3838 53/132/3838 54/60/3838
f 51/62/3839 55/66/3839 54/63/3839
f 52/65/3840 56/6015/3840 54/63/3840
f 57/67/3841 60/6016/3841 61/68/3841
f 58/70/3842 62/74/3842 61/71/3842
f 59/73/3843 63/6017/3843 61/71/3843
f 64/75/3844 67/6018/3844 68/76/3844
f 65/78/3845 69/82/3845 68/79/3845
f 66/81/3846 70/131/3846 68/79/3846
f 71/83/3847 74/6019/3847 75/84/3847
f 72/86/3848 76/90/3848 75/87/3848
f 73/89/3849 77/137/3849 75/87/3849
f 78/91/3850 81/140/3850 82/92/3850
f 79/94/3851 83/98/3851 82/95/3851
f 80/97/3852 84/136/3852 82/95/3852
f 85/99/3853 88/138/3853 89/100/3853
f 86/102/3854 90/142/3854 89/103/3854
f 87/105/3855 91/143/3855 89/106/3855
f 92/108/3856 95/145/3856 96/109/3856
f 93/111/3857 97/141/3857 96/112/3857
f 94/114/3858 98/139/3858 96/115/3858
f 3/7/43 16/20/43 18/22/43
f 18/118/3859 15/17/3859 1/1/3859
f 9/12/45 11/14/45 28/119/45
f 11/120/46 8/9/46 22/26/46
f 10/15/47 13/16/47 6/8/47
f 6/8/48 13/16/48 9/12/48
f 17/23/49 20/25/49 27/121/49
f 20/122/50 16/20/50 24/32/50
f 17/23/51 30/38/51 32/40/51
f 21/19/52 32/6013/52 29/35/52
f 38/49/53 23/29/53 25/31/53
f 42/45/54 25/6012/54 22/26/54
f 31/41/55 34/42/55 41/50/55
f 34/42/56 30/38/56 38/49/56
f 44/125/57 46/6020/57 35/126/57
f 35/37/58 46/6014/58 43/51/58
f 37/46/59 39/48/59 56/127/59
f 39/129/60 36/43/60 50/59/60
f 45/57/61 48/58/61 55/66/61
f 48/58/3860 44/54/3860 52/65/3860
f 58/70/63 60/72/63 49/130/63
f 49/53/64 60/6016/64 57/67/64
f 51/62/65 53/64/65 70/131/65
f 53/132/66 50/59/66 64/75/66
f 65/78/67 59/73/67 62/74/67
f 62/74/68 58/70/68 66/81/68
f 59/133/69 72/86/69 74/88/69
f 63/69/3861 74/6019/3861 71/83/3861
f 65/135/71 67/6021/71 84/136/71
f 84/93/72 67/6018/72 64/75/72
f 79/94/73 73/89/73 76/90/73
f 76/90/74 72/86/74 80/97/74
f 86/102/75 88/104/75 77/137/75
f 88/138/76 85/99/76 71/83/76
f 94/114/77 79/94/77 81/96/77
f 81/140/78 78/91/78 92/108/78
f 87/105/79 90/107/79 97/141/79
f 90/142/80 86/102/80 94/114/80
f 87/105/81 2/4/81 4/6/81
f 91/101/82 4/6011/82 1/1/82
f 10/15/83 93/111/83 95/113/83
f 95/145/3862 92/108/3862 8/9/3862
f 85/99/85 1/1/85 71/83/85
f 1/1/85 15/17/85 71/83/85
f 15/17/85 29/35/85 43/51/85
f 43/51/85 57/67/85 71/83/85
f 9/12/86 24/32/86 16/20/86
f 93/111/87 10/15/87 2/4/87
f 36/43/88 22/26/88 8/9/88
f 8/9/88 92/108/88 50/59/88
f 92/108/88 78/91/88 50/59/88
f 78/91/88 64/75/88 50/59/88
f 23/29/89 38/49/89 30/38/89
f 37/46/90 52/128/90 44/125/90
f 51/62/91 66/81/91 58/70/91
f 65/135/92 80/97/92 72/86/92
f 79/94/93 94/114/93 86/102/93
f 99/146/3863 102/290/3863 103/147/3863
f 100/149/3864 104/153/3864 103/150/3864
f 101/152/3865 105/262/3865 103/150/3865
f 106/154/3866 109/265/3866 110/155/3866
f 107/157/3867 111/161/3867 110/158/3867
f 108/160/3868 112/291/3868 110/158/3868
f 113/162/3869 116/263/3869 117/163/3869
f 114/165/3870 118/6022/3870 117/166/3870
f 115/168/3871 119/267/3871 117/169/3871
f 120/171/3872 123/6023/3872 124/172/3872
f 121/174/3873 125/266/3873 124/175/3873
f 122/177/3874 126/264/3874 124/178/3874
f 127/180/3875 130/268/3875 131/181/3875
f 128/183/3876 132/187/3876 131/184/3876
f 129/186/3877 133/271/3877 131/184/3877
f 134/188/3878 137/6024/3878 138/189/3878
f 135/191/3879 139/195/3879 138/192/3879
f 136/194/3880 140/269/3880 138/192/3880
f 141/196/3881 144/272/3881 145/197/3881
f 142/199/3882 146/203/3882 145/200/3882
f 143/202/3883 147/275/3883 145/200/3883
f 148/204/3884 151/278/3884 152/205/3884
f 149/207/3885 153/211/3885 152/208/3885
f 150/210/3886 154/6025/3886 152/208/3886
f 155/212/3887 158/276/3887 159/213/3887
f 156/215/3888 160/219/3888 159/216/3888
f 157/218/3889 161/6026/3889 159/216/3889
f 162/220/3890 165/6027/3890 166/221/3890
f 163/223/3891 167/227/3891 166/224/3891
f 164/226/3892 168/277/3892 166/224/3892
f 169/228/3893 172/6028/3893 173/229/3893
f 170/231/3894 174/235/3894 173/232/3894
f 171/234/3895 175/283/3895 173/232/3895
f 176/236/3896 179/286/3896 180/237/3896
f 177/239/3897 181/243/3897 180/240/3897
f 178/242/3898 182/282/3898 180/240/3898
f 183/244/3899 186/284/3899 187/245/3899
f 184/247/3900 188/288/3900 187/248/3900
f 185/250/3901 189/289/3901 187/251/3901
f 190/253/3902 193/292/3902 194/254/3902
f 191/256/3903 195/287/3903 194/257/3903
f 192/259/3904 196/285/3904 194/260/3904
f 114/165/136 116/167/136 105/262/136
f 116/263/3905 113/162/3905 99/146/3905
f 122/177/138 107/157/138 109/159/138
f 109/265/139 106/154/139 120/171/139
f 100/149/140 108/160/140 111/161/140
f 104/153/141 111/161/141 107/157/141
f 121/174/142 115/168/142 118/170/142
f 125/179/143 118/6022/143 114/165/143
f 128/183/144 130/185/144 119/267/144
f 130/268/145 127/180/145 113/162/145
f 136/194/146 121/174/146 123/176/146
f 140/190/147 123/6023/147 120/171/147
f 129/186/148 132/187/148 139/195/148
f 139/195/149 132/187/149 128/183/149
f 142/270/3906 144/6029/3906 133/271/3906
f 144/272/151 141/196/151 127/180/151
f 135/191/3907 137/193/3907 154/273/3907
f 154/206/153 137/6024/153 134/188/153
f 143/202/154 146/203/154 153/211/154
f 146/203/3908 142/199/3908 150/210/3908
f 143/202/3909 156/215/3909 158/217/3909
f 158/276/157 155/212/157 141/196/157
f 149/207/158 151/209/158 168/277/158
f 151/278/159 148/204/159 162/220/159
f 157/218/160 160/219/160 167/227/160
f 160/219/161 156/215/161 164/226/161
f 170/231/162 172/233/162 161/279/162
f 161/214/163 172/6028/163 169/228/163
f 163/281/3910 165/6030/3910 182/282/3910
f 182/238/165 165/6027/165 162/220/165
f 171/234/166 174/235/166 181/243/166
f 181/243/167 174/235/167 170/231/167
f 171/234/3911 184/247/3911 186/249/3911
f 186/284/169 183/244/169 169/228/169
f 177/239/170 179/241/170 196/285/170
f 179/286/3912 176/236/3912 190/253/3912
f 191/256/172 185/250/172 188/252/172
f 188/288/173 184/247/173 192/259/173
f 100/149/3913 102/151/3913 189/289/3913
f 102/290/175 99/146/175 183/244/175
f 191/256/176 193/258/176 112/291/176
f 193/292/3914 190/253/3914 106/154/3914
f 183/244/178 99/146/178 169/228/178
f 99/146/178 113/162/178 169/228/178
f 113/162/178 127/180/178 141/196/178
f 141/196/178 155/212/178 113/162/178
f 107/157/179 122/177/179 114/165/179
f 191/256/180 108/160/180 100/149/180
f 134/188/181 120/171/181 106/154/181
f 106/154/181 190/253/181 176/236/181
f 176/236/181 162/220/181 148/204/181
f 148/204/181 134/188/181 106/154/181
f 121/174/182 136/194/182 128/183/182
f 135/191/183 150/274/183 142/270/183
f 149/207/184 164/226/184 156/215/184
f 163/281/185 178/242/185 170/231/185
f 177/239/186 192/259/186 184/247/186
f 197/293/3915 200/6031/3915 201/294/3915
f 198/296/3916 202/300/3916 201/297/3916
f 199/299/3917 203/409/3917 201/297/3917
f 204/301/3918 207/411/3918 208/302/3918
f 205/304/3919 209/308/3919 208/305/3919
f 206/307/3920 210/436/3920 208/305/3920
f 211/309/3921 214/6032/3921 215/310/3921
f 212/312/3922 216/6033/3922 215/313/3922
f 213/315/3923 217/413/3923 215/316/3923
f 218/318/3924 221/6034/3924 222/319/3924
f 219/321/3925 223/412/3925 222/322/3925
f 220/324/3926 224/410/3926 222/325/3926
f 225/327/3927 228/414/3927 229/328/3927
f 226/330/3928 230/334/3928 229/331/3928
f 227/333/3929 231/417/3929 229/331/3929
f 232/335/3930 235/421/3930 236/336/3930
f 233/338/3931 237/342/3931 236/339/3931
f 234/341/3932 238/415/3932 236/339/3932
f 239/343/3933 242/418/3933 243/344/3933
f 240/346/3934 244/350/3934 243/347/3934
f 241/349/3935 245/422/3935 243/347/3935
f 246/351/3936 249/6035/3936 250/352/3936
f 247/354/3937 251/358/3937 250/355/3937
f 248/357/3938 252/6036/3938 250/355/3938
f 253/359/3939 256/6037/3939 257/360/3939
f 254/362/3940 258/366/3940 257/363/3940
f 255/365/3941 259/6038/3941 257/363/3941
f 260/367/3942 263/429/3942 264/368/3942
f 261/370/3943 265/374/3943 264/371/3943
f 262/373/3944 266/423/3944 264/371/3944
f 267/375/3945 270/426/3945 271/376/3945
f 268/378/3946 272/382/3946 271/379/3946
f 269/381/3947 273/430/3947 271/379/3947
f 274/383/3948 277/433/3948 278/384/3948
f 275/386/3949 279/390/3949 278/387/3949
f 276/389/3950 280/428/3950 278/387/3950
f 281/391/3951 284/431/3951 285/392/3951
f 282/394/3952 286/6039/3952 285/395/3952
f 283/397/3953 287/435/3953 285/398/3953
f 288/400/3954 291/6040/3954 292/401/3954
f 289/403/3955 293/434/3955 292/404/3955
f 290/406/3956 294/432/3956 292/407/3956
f 212/312/229 214/314/229 203/409/229
f 203/295/230 214/6032/230 211/309/230
f 220/324/231 205/304/231 207/306/231
f 207/411/3957 204/301/3957 218/318/3957
f 198/296/233 206/307/233 209/308/233
f 209/308/234 205/304/234 199/299/234
f 213/315/235 216/317/235 223/412/235
f 223/326/236 216/6033/236 212/312/236
f 213/315/237 226/330/237 228/332/237
f 228/414/3958 225/327/3958 211/309/3958
f 219/321/239 221/323/239 238/415/239
f 238/337/240 221/6034/240 218/318/240
f 227/333/241 230/334/241 237/342/241
f 230/334/242 226/330/242 234/341/242
f 240/416/243 242/6041/243 231/417/243
f 242/418/244 239/343/244 225/327/244
f 248/419/245 233/338/245 235/340/245
f 235/421/246 232/335/246 246/351/246
f 247/354/247 241/349/247 244/350/247
f 244/350/248 240/346/248 248/357/248
f 254/362/249 256/364/249 245/422/249
f 245/345/250 256/6037/250 253/359/250
f 262/373/251 247/354/251 249/356/251
f 266/369/3959 249/6035/3959 246/351/3959
f 255/365/253 258/366/253 265/374/253
f 258/366/254 254/362/254 262/373/254
f 268/378/255 270/380/255 259/424/255
f 270/426/256 267/375/256 253/359/256
f 276/389/257 261/437/257 263/427/257
f 263/429/258 260/367/258 274/383/258
f 269/381/259 272/382/259 279/390/259
f 279/390/260 272/382/260 268/378/260
f 269/381/261 282/394/261 284/396/261
f 284/431/262 281/391/262 267/375/262
f 275/386/263 277/388/263 294/432/263
f 277/433/3960 274/383/3960 288/400/3960
f 283/397/265 286/399/265 293/434/265
f 293/408/266 286/6039/266 282/394/266
f 283/397/267 198/296/267 200/298/267
f 287/393/268 200/6031/268 197/293/268
f 289/403/269 291/405/269 210/436/269
f 210/303/270 291/6040/270 288/400/270
f 281/391/271 197/293/271 211/309/271
f 211/309/271 225/327/271 239/343/271
f 239/343/271 253/359/271 267/375/271
f 267/375/271 281/391/271 239/343/271
f 199/299/272 205/304/272 220/324/272
f 289/403/273 206/307/273 198/296/273
f 232/335/274 218/318/274 204/301/274
f 204/301/274 288/400/274 274/383/274
f 274/383/274 260/367/274 246/351/274
f 246/351/274 232/335/274 274/383/274
f 219/321/275 234/341/275 226/330/275
f 227/333/276 233/338/276 248/419/276
f 247/354/277 262/373/277 254/362/277
f 261/437/278 276/389/278 268/378/278
f 275/386/279 290/406/279 282/394/279
f 295/438/3961 298/582/3961 299/439/3961
f 296/441/3962 300/445/3962 299/442/3962
f 297/444/3963 301/554/3963 299/442/3963
f 302/446/3964 305/556/3964 306/447/3964
f 303/449/3965 307/453/3965 306/450/3965
f 304/452/3966 308/583/3966 306/450/3966
f 309/454/3967 312/6042/3967 313/455/3967
f 310/457/3968 314/6043/3968 313/458/3968
f 311/460/3969 315/558/3969 313/461/3969
f 316/463/3970 319/561/3970 320/464/3970
f 317/466/3971 321/557/3971 320/467/3971
f 318/469/3972 322/555/3972 320/470/3972
f 323/472/3973 326/559/3973 327/473/3973
f 324/475/3974 328/479/3974 327/476/3974
f 325/478/3975 329/563/3975 327/476/3975
f 330/480/3976 333/6044/3976 334/481/3976
f 331/483/3977 335/487/3977 334/484/3977
f 332/486/3978 336/560/3978 334/484/3978
f 337/488/3979 340/564/3979 341/489/3979
f 338/491/3980 342/495/3980 341/492/3980
f 339/494/3981 343/567/3981 341/492/3981
f 344/496/3982 347/6045/3982 348/497/3982
f 345/499/3983 349/503/3983 348/500/3983
f 346/502/3984 350/6046/3984 348/500/3984
f 351/504/3985 354/568/3985 355/505/3985
f 352/507/3986 356/511/3986 355/508/3986
f 353/510/3987 357/6047/3987 355/508/3987
f 358/512/3988 361/6048/3988 362/513/3988
f 359/515/3989 363/519/3989 362/516/3989
f 360/518/3990 364/569/3990 362/516/3990
f 365/520/3991 368/572/3991 369/521/3991
f 366/523/3992 370/527/3992 369/524/3992
f 367/526/3993 371/575/3993 369/524/3993
f 372/528/3994 375/578/3994 376/529/3994
f 373/531/3995 377/535/3995 376/532/3995
f 374/534/3996 378/574/3996 376/532/3996
f 379/536/3997 382/576/3997 383/537/3997
f 380/539/3998 384/580/3998 383/540/3998
f 381/542/3999 385/581/3999 383/543/3999
f 386/545/4000 389/584/4000 390/546/4000
f 387/548/4001 391/579/4001 390/549/4001
f 388/551/4002 392/577/4002 390/552/4002
f 310/457/322 312/459/322 301/554/322
f 301/440/4003 312/6042/4003 309/454/4003
f 303/449/324 305/451/324 322/555/324
f 305/556/325 302/446/325 316/463/325
f 304/452/326 307/453/326 300/445/326
f 300/445/327 307/453/327 303/449/327
f 311/460/328 314/462/328 321/557/328
f 321/471/329 314/6043/329 310/457/329
f 311/460/330 324/475/330 326/477/330
f 326/559/331 323/472/331 309/454/331
f 317/466/332 319/468/332 336/560/332
f 319/561/333 316/463/333 330/480/333
f 331/483/334 325/478/334 328/479/334
f 335/487/335 328/479/335 324/475/335
f 325/478/336 338/585/336 340/562/336
f 340/564/337 337/488/337 323/472/337
f 346/565/338 331/483/338 333/485/338
f 350/498/4004 333/6044/4004 330/480/4004
f 345/499/340 339/494/340 342/495/340
f 349/503/4005 342/495/4005 338/491/4005
f 339/494/342 352/507/342 354/509/342
f 354/568/343 351/504/343 337/488/343
f 345/499/344 347/501/344 364/569/344
f 364/514/345 347/6045/345 344/496/345
f 353/510/4006 356/511/4006 363/519/4006
f 356/511/347 352/507/347 360/518/347
f 353/570/348 366/523/348 368/525/348
f 368/572/349 365/520/349 351/504/349
f 359/573/350 361/6049/350 378/574/350
f 378/530/351 361/6048/351 358/512/351
f 367/526/352 370/527/352 377/535/352
f 377/535/353 370/527/353 366/523/353
f 367/526/354 380/539/354 382/541/354
f 382/576/355 379/536/355 365/520/355
f 373/531/356 375/533/356 392/577/356
f 375/578/357 372/528/357 386/545/357
f 387/548/358 381/542/358 384/544/358
f 384/580/359 380/539/359 388/551/359
f 296/441/360 298/443/360 385/581/360
f 298/582/361 295/438/361 379/536/361
f 387/548/362 389/550/362 308/583/362
f 389/584/363 386/545/363 302/446/363
f 379/536/364 295/438/364 309/454/364
f 309/454/364 323/472/364 337/488/364
f 337/488/364 351/504/364 365/520/364
f 365/520/364 379/536/364 337/488/364
f 297/444/365 303/449/365 318/469/365
f 387/548/366 304/452/366 296/441/366
f 330/480/367 316/463/367 302/446/367
f 302/446/367 386/545/367 372/528/367
f 372/528/367 358/512/367 344/496/367
f 344/496/367 330/480/367 302/446/367
f 311/460/368 317/466/368 332/486/368
f 331/483/369 346/565/369 338/585/369
f 345/499/370 360/518/370 352/507/370
f 359/573/371 374/534/371 366/523/371
f 373/531/372 388/551/372 380/539/372
f 393/586/4007 396/6050/4007 397/587/4007
f 394/589/4008 398/593/4008 397/590/4008
f 395/592/4009 399/702/4009 397/590/4009
f 400/594/4010 403/6051/4010 404/595/4010
f 401/597/4011 405/601/4011 404/598/4011
f 402/600/4012 406/730/4012 404/598/4012
f 407/602/4013 410/6052/4013 411/603/4013
f 408/605/4014 412/705/4014 411/606/4014
f 409/608/4015 413/706/4015 411/609/4015
f 414/611/4016 417/708/4016 418/612/4016
f 415/614/4017 419/704/4017 418/615/4017
f 416/617/4018 420/703/4018 418/618/4018
f 421/620/4019 424/6053/4019 425/621/4019
f 422/623/4020 426/627/4020 425/624/4020
f 423/626/4021 427/710/4021 425/624/4021
f 428/628/4022 431/713/4022 432/629/4022
f 429/631/4023 433/635/4023 432/632/4023
f 430/634/4024 434/707/4024 432/632/4024
f 435/636/4025 438/6054/4025 439/637/4025
f 436/639/4026 440/643/4026 439/640/4026
f 437/642/4027 441/714/4027 439/640/4027
f 442/644/4028 445/717/4028 446/645/4028
f 443/647/4029 447/651/4029 446/648/4029
f 444/650/4030 448/6055/4030 446/648/4030
f 449/652/4031 452/715/4031 453/653/4031
f 450/655/4032 454/659/4032 453/656/4032
f 451/658/4033 455/6056/4033 453/656/4033
f 456/660/4034 459/722/4034 460/661/4034
f 457/663/4035 461/667/4035 460/664/4035
f 458/666/4036 462/716/4036 460/664/4036
f 463/668/4037 466/6057/4037 467/669/4037
f 464/671/4038 468/675/4038 467/672/4038
f 465/674/4039 469/723/4039 467/672/4039
f 470/676/4040 473/726/4040 474/677/4040
f 471/679/4041 475/683/4041 474/680/4041
f 472/682/4042 476/721/4042 474/680/4042
f 477/684/4043 480/724/4043 481/685/4043
f 478/687/4044 482/728/4044 481/688/4044
f 479/690/4045 483/729/4045 481/691/4045
f 484/693/4046 487/731/4046 488/694/4046
f 485/696/4047 489/727/4047 488/697/4047
f 486/699/4048 490/725/4048 488/700/4048
f 408/605/415 410/607/415 399/702/415
f 399/588/416 410/6052/416 407/602/416
f 416/617/417 401/597/417 403/599/417
f 420/613/418 403/6051/418 400/594/418
f 402/600/419 405/601/419 398/593/419
f 398/593/420 405/601/420 401/597/420
f 415/614/421 409/608/421 412/610/421
f 412/705/422 408/605/422 416/617/422
f 422/623/423 424/625/423 413/706/423
f 413/604/424 424/6053/424 421/620/424
f 430/634/425 415/614/425 417/616/425
f 417/708/426 414/611/426 428/628/426
f 429/631/427 423/626/427 426/627/427
f 433/635/428 426/627/428 422/623/428
f 436/709/429 438/6058/429 427/710/429
f 427/622/4049 438/6054/4049 435/636/4049
f 429/631/4050 431/633/4050 448/711/4050
f 431/713/432 428/628/432 442/644/432
f 437/642/433 440/643/433 447/651/433
f 440/643/434 436/639/434 444/650/434
f 450/655/435 452/657/435 441/714/435
f 452/715/436 449/652/436 435/636/436
f 458/666/437 443/647/437 445/649/437
f 445/717/438 442/644/438 456/660/438
f 457/663/439 451/658/439 454/659/439
f 461/667/440 454/659/440 450/655/440
f 464/671/441 466/673/441 455/718/441
f 455/654/442 466/6057/442 463/668/442
f 457/720/443 459/6059/443 476/721/443
f 459/722/444 456/660/444 470/676/444
f 471/679/445 465/674/445 468/675/445
f 468/675/446 464/671/446 472/682/446
f 478/687/447 480/689/447 469/723/447
f 480/724/448 477/684/448 463/668/448
f 471/679/449 473/681/449 490/725/449
f 473/726/450 470/676/450 484/693/450
f 479/690/451 482/692/451 489/727/451
f 482/728/452 478/687/452 486/699/452
f 394/589/4051 396/591/4051 483/729/4051
f 483/686/454 396/6050/454 393/586/454
f 402/600/455 485/696/455 487/698/455
f 487/731/456 484/693/456 400/594/456
f 477/684/457 393/586/457 463/668/457
f 393/586/457 407/602/457 463/668/457
f 407/602/457 421/620/457 463/668/457
f 421/620/457 435/636/457 463/668/457
f 401/597/458 416/617/458 408/605/458
f 485/696/459 402/600/459 394/589/459
f 428/628/460 414/611/460 400/594/460
f 400/594/460 484/693/460 470/676/460
f 470/676/460 456/660/460 442/644/460
f 442/644/460 428/628/460 400/594/460
f 415/614/461 430/634/461 422/623/461
f 429/631/462 444/712/462 436/709/462
f 443/647/463 458/666/463 450/655/463
f 457/720/464 472/682/464 464/671/464
f 471/679/465 486/699/465 478/687/465
f 491/732/4052 494/6060/4052 495/733/4052
f 492/735/4053 496/739/4053 495/736/4053
f 493/738/4054 497/848/4054 495/736/4054
f 498/740/4055 501/850/4055 502/741/4055
f 499/743/4056 503/747/4056 502/744/4056
f 500/746/4057 504/873/4057 502/744/4057
f 505/748/4058 508/6061/4058 509/749/4058
f 506/751/4059 510/852/4059 509/752/4059
f 507/754/4060 511/853/4060 509/755/4060
f 512/757/4061 515/855/4061 516/758/4061
f 513/760/4062 517/851/4062 516/761/4062
f 514/763/4063 518/849/4063 516/764/4063
f 519/766/4064 522/6062/4064 523/767/4064
f 520/769/4065 524/773/4065 523/770/4065
f 521/772/4066 525/857/4066 523/770/4066
f 526/774/4067 529/6063/4067 530/775/4067
f 527/777/4068 531/781/4068 530/778/4068
f 528/780/4069 532/854/4069 530/778/4069
f 533/782/4070 536/858/4070 537/783/4070
f 534/785/4071 538/789/4071 537/786/4071
f 535/788/4072 539/861/4072 537/786/4072
f 540/790/4073 543/863/4073 544/791/4073
f 541/793/4074 545/797/4074 544/794/4074
f 542/796/4075 546/6064/4075 544/794/4075
f 547/798/4076 550/6065/4076 551/799/4076
f 548/801/4077 552/805/4077 551/802/4077
f 549/804/4078 553/6066/4078 551/802/4078
f 554/806/4079 557/6067/4079 558/807/4079
f 555/809/4080 559/813/4080 558/810/4080
f 556/812/4081 560/862/4081 558/810/4081
f 561/814/4082 564/6068/4082 565/815/4082
f 562/817/4083 566/821/4083 565/818/4083
f 563/820/4084 567/868/4084 565/818/4084
f 568/822/4085 571/870/4085 572/823/4085
f 569/825/4086 573/829/4086 572/826/4086
f 570/828/4087 574/867/4087 572/826/4087
f 575/830/4088 578/6069/4088 579/831/4088
f 576/833/4089 580/6070/4089 579/834/4089
f 577/836/4090 581/872/4090 579/837/4090
f 582/839/4091 585/6071/4091 586/840/4091
f 583/842/4092 587/871/4092 586/843/4092
f 584/845/4093 588/869/4093 586/846/4093
f 506/751/508 508/753/508 497/848/508
f 497/734/509 508/6061/509 505/748/509
f 514/763/510 499/743/510 501/745/510
f 501/850/511 498/740/511 512/757/511
f 492/735/512 500/746/512 503/747/512
f 496/739/513 503/747/513 499/743/513
f 513/760/4094 507/754/4094 510/756/4094
f 510/852/515 506/751/515 514/763/515
f 507/754/516 520/769/516 522/771/516
f 511/750/517 522/6062/517 519/766/517
f 513/760/518 515/762/518 532/854/518
f 515/855/519 512/757/519 526/774/519
f 527/777/520 521/772/520 524/773/520
f 524/773/521 520/769/521 528/780/521
f 534/856/522 536/6072/522 525/857/522
f 536/858/523 533/782/523 519/766/523
f 527/777/524 529/779/524 546/859/524
f 546/792/525 529/6063/525 526/774/525
f 541/793/526 535/788/526 538/789/526
f 545/797/4095 538/789/4095 534/785/4095
f 548/801/4096 550/803/4096 539/861/4096
f 539/784/529 550/6065/529 547/798/529
f 541/793/530 543/795/530 560/862/530
f 543/863/4097 540/790/4097 554/806/4097
f 549/804/532 552/805/532 559/813/532
f 559/813/533 552/805/533 548/801/533
f 562/817/534 564/819/534 553/864/534
f 553/800/535 564/6068/535 561/814/535
f 555/866/536 557/6073/536 574/867/536
f 574/824/537 557/6067/537 554/806/537
f 563/820/538 566/821/538 573/829/538
f 573/829/4098 566/821/4098 562/817/4098
f 576/833/4099 578/835/4099 567/868/4099
f 567/816/4100 578/6069/4100 575/830/4100
f 584/845/542 569/825/542 571/827/542
f 571/870/543 568/822/543 582/839/543
f 577/836/544 580/838/544 587/871/544
f 587/847/545 580/6070/545 576/833/545
f 492/735/546 494/737/546 581/872/546
f 581/832/547 494/6060/547 491/732/547
f 583/842/548 585/844/548 504/873/548
f 504/742/549 585/6071/549 582/839/549
f 575/830/550 491/732/550 561/814/550
f 491/732/550 505/748/550 561/814/550
f 505/748/550 519/766/550 533/782/550
f 533/782/550 547/798/550 561/814/550
f 499/743/551 514/763/551 506/751/551
f 583/842/552 500/746/552 492/735/552
f 526/774/553 512/757/553 498/740/553
f 498/740/553 582/839/553 568/822/553
f 568/822/553 554/806/553 540/790/553
f 540/790/553 526/774/553 498/740/553
f 513/760/554 528/780/554 520/769/554
f 527/777/555 542/860/555 534/856/555
f 541/793/556 556/812/556 548/801/556
f 549/865/557 555/866/557 570/828/557
f 563/820/558 569/825/558 584/845/558
f 589/874/4101 592/6074/4101 593/875/4101
f 590/877/4102 594/881/4102 593/878/4102
f 591/880/4103 595/990/4103 593/878/4103
f 596/882/4104 599/6075/4104 600/883/4104
f 597/885/4105 601/889/4105 600/886/4105
f 598/888/4106 602/1018/4106 600/886/4106
f 603/890/4107 606/991/4107 607/891/4107
f 604/893/4108 608/994/4108 607/894/4108
f 605/896/4109 609/995/4109 607/897/4109
f 610/899/4110 613/998/4110 614/900/4110
f 611/902/4111 615/993/4111 614/903/4111
f 612/905/4112 616/992/4112 614/906/4112
f 617/908/4113 620/996/4113 621/909/4113
f 618/911/4114 622/915/4114 621/912/4114
f 619/914/4115 623/1000/4115 621/912/4115
f 624/916/4116 627/1003/4116 628/917/4116
f 625/919/4117 629/923/4117 628/920/4117
f 626/922/4118 630/997/4118 628/920/4118
f 631/924/4119 634/6076/4119 635/925/4119
f 632/927/4120 636/931/4120 635/928/4120
f 633/930/4121 637/1004/4121 635/928/4121
f 638/932/4122 641/6077/4122 642/933/4122
f 639/935/4123 643/939/4123 642/936/4123
f 640/938/4124 644/6078/4124 642/936/4124
f 645/940/4125 648/6079/4125 649/941/4125
f 646/943/4126 650/947/4126 649/944/4126
f 647/946/4127 651/6080/4127 649/944/4127
f 652/948/4128 655/1011/4128 656/949/4128
f 653/951/4129 657/955/4129 656/952/4129
f 654/954/4130 658/1005/4130 656/952/4130
f 659/956/4131 662/1008/4131 663/957/4131
f 660/959/4132 664/963/4132 663/960/4132
f 661/962/4133 665/1012/4133 663/960/4133
f 666/964/4134 669/1014/4134 670/965/4134
f 667/967/4135 671/971/4135 670/968/4135
f 668/970/4136 672/1010/4136 670/968/4136
f 673/972/4137 676/6081/4137 677/973/4137
f 674/975/4138 678/1016/4138 677/976/4138
f 675/978/4139 679/1017/4139 677/979/4139
f 680/981/4140 683/6082/4140 684/982/4140
f 681/984/4141 685/1015/4141 684/985/4141
f 682/987/4142 686/1013/4142 684/988/4142
f 604/893/601 606/895/601 595/990/601
f 606/991/602 603/890/602 589/874/602
f 597/885/603 599/887/603 616/992/603
f 616/901/604 599/6075/604 596/882/604
f 598/888/605 601/889/605 594/881/605
f 601/889/3663 597/885/3663 591/880/3663
f 605/896/607 608/898/607 615/993/607
f 608/994/608 604/893/608 612/905/608
f 618/911/4143 620/913/4143 609/995/4143
f 620/996/610 617/908/610 603/890/610
f 611/902/611 613/904/611 630/997/611
f 613/998/612 610/899/612 624/916/612
f 625/919/613 619/914/613 622/915/613
f 622/915/614 618/911/614 626/922/614
f 632/999/615 634/6083/615 623/1000/615
f 623/910/616 634/6076/616 631/924/616
f 640/1001/617 625/919/617 627/921/617
f 627/1003/618 624/916/618 638/932/618
f 633/930/619 636/931/619 643/939/619
f 636/931/248 632/927/248 640/938/248
f 646/943/620 648/945/620 637/1004/620
f 637/926/621 648/6079/621 645/940/621
f 654/954/622 639/935/622 641/937/622
f 658/950/623 641/6077/623 638/932/623
f 647/946/4144 650/947/4144 657/955/4144
f 650/947/625 646/943/625 654/954/625
f 647/1006/626 660/959/626 662/961/626
f 662/1008/627 659/956/627 645/940/627
f 653/1009/628 655/6084/628 672/1010/628
f 655/1011/629 652/948/629 666/964/629
f 667/967/630 661/962/630 664/963/630
f 664/963/631 660/959/631 668/970/631
f 674/975/632 676/977/632 665/1012/632
f 665/958/633 676/6081/633 673/972/633
f 682/987/634 667/967/634 669/969/634
f 669/1014/635 666/964/635 680/981/635
f 675/978/636 678/980/636 685/1015/636
f 678/1016/637 674/975/637 682/987/637
f 590/877/4145 592/879/4145 679/1017/4145
f 679/974/639 592/6074/639 589/874/639
f 598/888/640 681/984/640 683/986/640
f 602/884/4146 683/6082/4146 680/981/4146
f 673/972/642 589/874/642 603/890/642
f 603/890/642 617/908/642 631/924/642
f 631/924/642 645/940/642 659/956/642
f 659/956/642 673/972/642 631/924/642
f 597/885/643 612/905/643 604/893/643
f 681/984/644 598/888/644 590/877/644
f 624/916/645 610/899/645 596/882/645
f 596/882/645 680/981/645 666/964/645
f 666/964/645 652/948/645 638/932/645
f 638/932/645 624/916/645 596/882/645
f 611/902/646 626/922/646 618/911/646
f 625/919/647 640/1001/647 632/999/647
f 639/935/648 654/954/648 646/943/648
f 653/1009/649 668/970/649 660/959/649
f 667/967/650 682/987/650 674/975/650
f 687/1019/4147 690/6085/4147 691/1020/4147
f 688/1022/4148 692/1026/4148 691/1023/4148
f 689/1025/4149 693/1135/4149 691/1023/4149
f 694/1027/4150 697/6086/4150 698/1028/4150
f 695/1030/4151 699/1034/4151 698/1031/4151
f 696/1033/4152 700/1162/4152 698/1031/4152
f 701/1035/4153 704/6087/4153 705/1036/4153
f 702/1038/4154 706/6088/4154 705/1039/4154
f 703/1041/4155 707/1138/4155 705/1042/4155
f 708/1044/4156 711/1141/4156 712/1045/4156
f 709/1047/4157 713/1137/4157 712/1048/4157
f 710/1050/4158 714/1136/4158 712/1051/4158
f 715/1053/4159 718/1139/4159 719/1054/4159
f 716/1056/4160 720/1060/4160 719/1057/4160
f 717/1059/4161 721/1143/4161 719/1057/4161
f 722/1061/4162 725/6089/4162 726/1062/4162
f 723/1064/4163 727/1068/4163 726/1065/4163
f 724/1067/4164 728/1140/4164 726/1065/4164
f 729/1069/4165 732/6090/4165 733/1070/4165
f 730/1072/4166 734/1076/4166 733/1073/4166
f 731/1075/4167 735/1146/4167 733/1073/4167
f 736/1077/4168 739/1149/4168 740/1078/4168
f 737/1080/4169 741/1084/4169 740/1081/4169
f 738/1083/4170 742/6091/4170 740/1081/4170
f 743/1085/4171 746/1147/4171 747/1086/4171
f 744/1088/4172 748/1092/4172 747/1089/4172
f 745/1091/4173 749/6092/4173 747/1089/4173
f 750/1093/4174 753/1155/4174 754/1094/4174
f 751/1096/4175 755/1100/4175 754/1097/4175
f 752/1099/4176 756/1148/4176 754/1097/4176
f 757/1101/4177 760/1152/4177 761/1102/4177
f 758/1104/4178 762/1108/4178 761/1105/4178
f 759/1107/4179 763/1156/4179 761/1105/4179
f 764/1109/4180 767/1159/4180 768/1110/4180
f 765/1112/4181 769/1116/4181 768/1113/4181
f 766/1115/4182 770/1154/4182 768/1113/4182
f 771/1117/4183 774/1157/4183 775/1118/4183
f 772/1120/4184 776/6093/4184 775/1121/4184
f 773/1123/4185 777/1161/4185 775/1124/4185
f 778/1126/4186 781/1163/4186 782/1127/4186
f 779/1129/4187 783/1160/4187 782/1130/4187
f 780/1132/4188 784/1158/4188 782/1133/4188
f 702/1038/693 704/1040/693 693/1135/693
f 693/1021/694 704/6087/694 701/1035/694
f 695/1030/4189 697/1032/4189 714/1136/4189
f 714/1046/696 697/6086/696 694/1027/696
f 696/1033/697 699/1034/697 692/1026/697
f 692/1026/4190 699/1034/4190 695/1030/4190
f 709/1047/699 703/1041/699 706/1043/699
f 713/1052/700 706/6088/700 702/1038/700
f 716/1056/701 718/1058/701 707/1138/701
f 718/1139/702 715/1053/702 701/1035/702
f 724/1067/703 709/1047/703 711/1049/703
f 711/1141/704 708/1044/704 722/1061/704
f 717/1059/705 720/1060/705 727/1068/705
f 727/1068/706 720/1060/706 716/1056/706
f 730/1142/707 732/6094/707 721/1143/707
f 721/1055/708 732/6090/708 729/1069/708
f 723/1064/709 725/1066/709 742/1144/709
f 742/1079/710 725/6089/710 722/1061/710
f 737/1080/711 731/1075/711 734/1076/711
f 734/1076/4191 730/1072/4191 738/1083/4191
f 744/1088/713 746/1090/713 735/1146/713
f 746/1147/714 743/1085/714 729/1069/714
f 752/1099/715 737/1080/715 739/1082/715
f 739/1149/716 736/1077/716 750/1093/716
f 751/1096/4192 745/1091/4192 748/1092/4192
f 748/1092/718 744/1088/718 752/1099/718
f 745/1150/719 758/1104/719 760/1106/719
f 760/1152/720 757/1101/720 743/1085/720
f 766/1115/721 751/6095/721 753/1153/721
f 753/1155/722 750/1093/722 764/1109/722
f 765/1112/4193 759/1107/4193 762/1108/4193
f 769/1116/4194 762/1108/4194 758/1104/4194
f 759/1107/725 772/1120/725 774/1122/725
f 774/1157/726 771/1117/726 757/1101/726
f 765/1112/727 767/1114/727 784/1158/727
f 767/1159/4195 764/1109/4195 778/1126/4195
f 779/1129/729 773/1123/729 776/1125/729
f 783/1134/730 776/6093/730 772/1120/730
f 688/1022/4196 690/1024/4196 777/1161/4196
f 777/1119/732 690/6085/732 687/1019/732
f 696/1033/4197 779/1129/4197 781/1131/4197
f 781/1163/734 778/1126/734 694/1027/734
f 771/1117/735 687/1019/735 701/1035/735
f 701/1035/735 715/1053/735 729/1069/735
f 729/1069/735 743/1085/735 757/1101/735
f 757/1101/735 771/1117/735 701/1035/735
f 695/1030/4198 710/1050/4198 702/1038/4198
f 773/1123/737 779/1129/737 696/1033/737
f 722/1061/738 708/1044/738 694/1027/738
f 694/1027/738 778/1126/738 764/1109/738
f 764/1109/738 750/1093/738 736/1077/738
f 736/1077/738 722/1061/738 764/1109/738
f 709/1047/739 724/1067/739 716/1056/739
f 723/1064/740 738/1145/740 730/1142/740
f 737/1080/741 752/1099/741 744/1088/741
f 745/1150/742 751/6095/742 766/1115/742
f 765/1112/743 780/1132/743 772/1120/743
f 785/1164/4199 788/6096/4199 789/1165/4199
f 786/1167/4200 790/1171/4200 789/1168/4200
f 787/1170/4201 791/1280/4201 789/1168/4201
f 792/1172/4202 795/1283/4202 796/1173/4202
f 793/1175/4203 797/1179/4203 796/1176/4203
f 794/1178/4204 798/1307/4204 796/1176/4204
f 799/1180/4205 802/1281/4205 803/1181/4205
f 800/1183/4206 804/6097/4206 803/1184/4206
f 801/1186/4207 805/1285/4207 803/1187/4207
f 806/1189/4208 809/6098/4208 810/1190/4208
f 807/1192/4209 811/1284/4209 810/1193/4209
f 808/1195/4210 812/1282/4210 810/1196/4210
f 813/1198/4211 816/1286/4211 817/1199/4211
f 814/1201/4212 818/1205/4212 817/1202/4212
f 815/1204/4213 819/1289/4213 817/1202/4213
f 820/1206/4214 823/1293/4214 824/1207/4214
f 821/1209/4215 825/1213/4215 824/1210/4215
f 822/1212/4216 826/1287/4216 824/1210/4216
f 827/1214/4217 830/1290/4217 831/1215/4217
f 828/1217/4218 832/1221/4218 831/1218/4218
f 829/1220/4219 833/1294/4219 831/1218/4219
f 834/1222/4220 837/6099/4220 838/1223/4220
f 835/1225/4221 839/1229/4221 838/1226/4221
f 836/1228/4222 840/6100/4222 838/1226/4222
f 841/1230/4223 844/1295/4223 845/1231/4223
f 842/1233/4224 846/1237/4224 845/1234/4224
f 843/1236/4225 847/6101/4225 845/1234/4225
f 848/1238/4226 851/6102/4226 852/1239/4226
f 849/1241/4227 853/1245/4227 852/1242/4227
f 850/1244/4228 854/1296/4228 852/1242/4228
f 855/1246/4229 858/1299/4229 859/1247/4229
f 856/1249/4230 860/1253/4230 859/1250/4230
f 857/1252/4231 861/1302/4231 859/1250/4231
f 862/1254/4232 865/6103/4232 866/1255/4232
f 863/1257/4233 867/1261/4233 866/1258/4233
f 864/1260/4234 868/1301/4234 866/1258/4234
f 869/1262/4235 872/1303/4235 873/1263/4235
f 870/1265/4236 874/6104/4236 873/1266/4236
f 871/1268/4237 875/1306/4237 873/1269/4237
f 876/1271/4238 879/1308/4238 880/1272/4238
f 877/1274/4239 881/1305/4239 880/1275/4239
f 878/1277/4240 882/1304/4240 880/1278/4240
f 800/1183/786 802/1185/786 791/1280/786
f 802/1281/4241 799/1180/4241 785/1164/4241
f 808/1195/788 793/1175/788 795/1177/788
f 795/1283/789 792/1172/789 806/1189/789
f 794/1178/790 797/1179/790 790/1171/790
f 797/1179/791 793/1175/791 787/1170/791
f 807/1192/792 801/1186/792 804/1188/792
f 811/1197/793 804/6097/793 800/1183/793
f 801/1186/794 814/1201/794 816/1203/794
f 816/1286/795 813/1198/795 799/1180/795
f 807/1192/4242 809/1194/4242 826/1287/4242
f 826/1208/797 809/6098/797 806/1189/797
f 815/1204/798 818/1205/798 825/1213/798
f 818/1205/799 814/1201/799 822/1212/799
f 828/1288/800 830/6105/800 819/1289/800
f 830/1290/801 827/1214/801 813/1198/801
f 821/1209/802 823/1211/802 840/1291/802
f 823/1293/803 820/1206/803 834/1222/803
f 829/1220/4243 832/1221/4243 839/1229/4243
f 832/1221/4244 828/1217/4244 836/1228/4244
f 842/1233/806 844/1235/806 833/1294/806
f 844/1295/4245 841/1230/4245 827/1214/4245
f 850/1244/4246 835/1225/4246 837/1227/4246
f 854/1240/809 837/6099/809 834/1222/809
f 843/1236/810 846/1237/810 853/1245/810
f 846/1237/4247 842/1233/4247 850/1244/4247
f 856/1249/4248 858/1251/4248 847/1297/4248
f 858/1299/4249 855/1246/4249 841/1230/4249
f 849/1300/814 851/6106/814 868/1301/814
f 868/1256/815 851/6102/815 848/1238/815
f 863/1257/816 857/1252/816 860/1253/816
f 860/1253/817 856/1249/817 864/1260/817
f 857/1252/818 870/1265/818 872/1267/818
f 872/1303/819 869/1262/819 855/1246/819
f 863/1257/820 865/1259/820 882/1304/820
f 882/1273/821 865/6103/821 862/1254/821
f 871/1268/822 874/1270/822 881/1305/822
f 881/1279/823 874/6104/823 870/1265/823
f 786/1167/824 788/1169/824 875/1306/824
f 875/1264/825 788/6096/825 785/1164/825
f 794/1178/826 877/1274/826 879/1276/826
f 879/1308/827 876/1271/827 792/1172/827
f 869/1262/828 785/1164/828 855/1246/828
f 785/1164/828 799/1180/828 855/1246/828
f 799/1180/828 813/1198/828 827/1214/828
f 827/1214/828 841/1230/828 799/1180/828
f 793/1175/829 808/1195/829 800/1183/829
f 877/1274/830 794/1178/830 786/1167/830
f 820/1206/831 806/1189/831 792/1172/831
f 792/1172/831 876/1271/831 862/1254/831
f 862/1254/831 848/1238/831 834/1222/831
f 834/1222/831 820/1206/831 792/1172/831
f 807/1192/832 822/1212/832 814/1201/832
f 821/1209/833 836/1292/833 828/1288/833
f 835/1225/834 850/1244/834 842/1233/834
f 849/1300/835 864/1260/835 856/1249/835
f 863/1257/836 878/1277/836 870/1265/836
f 883/1309/4250 886/1455/4250 887/1310/4250
f 884/1312/4251 888/1316/4251 887/1313/4251
f 885/1315/4252 889/1425/4252 887/1313/4252
f 890/1317/4253 893/1428/4253 894/1318/4253
f 891/1320/4254 895/1324/4254 894/1321/4254
f 892/1323/4255 896/1456/4255 894/1321/4255
f 897/1325/4256 900/1426/4256 901/1326/4256
f 898/1328/4257 902/6107/4257 901/1329/4257
f 899/1331/4258 903/1430/4258 901/1332/4258
f 904/1334/4259 907/1433/4259 908/1335/4259
f 905/1337/4260 909/1429/4260 908/1338/4260
f 906/1340/4261 910/1427/4261 908/1341/4261
f 911/1343/4262 914/1431/4262 915/1344/4262
f 912/1346/4263 916/1350/4263 915/1347/4263
f 913/1349/4264 917/1435/4264 915/1347/4264
f 918/1351/4265 921/1439/4265 922/1352/4265
f 919/1354/4266 923/1358/4266 922/1355/4266
f 920/1357/4267 924/1432/4267 922/1355/4267
f 925/1359/4268 928/1436/4268 929/1360/4268
f 926/1362/4269 930/1366/4269 929/1363/4269
f 927/1365/4270 931/1440/4270 929/1363/4270
f 932/1367/4271 935/1443/4271 936/1368/4271
f 933/1370/4272 937/1374/4272 936/1371/4272
f 934/1373/4273 938/6108/4273 936/1371/4273
f 939/1375/4274 942/1441/4274 943/1376/4274
f 940/1378/4275 944/1382/4275 943/1379/4275
f 941/1381/4276 945/6109/4276 943/1379/4276
f 946/1383/4277 949/1449/4277 950/1384/4277
f 947/1386/4278 951/1390/4278 950/1387/4278
f 948/1389/4279 952/1442/4279 950/1387/4279
f 953/1391/4280 956/1446/4280 957/1392/4280
f 954/1394/4281 958/1398/4281 957/1395/4281
f 955/1397/4282 959/1450/4282 957/1395/4282
f 960/1399/4283 963/6110/4283 964/1400/4283
f 961/1402/4284 965/1406/4284 964/1403/4284
f 962/1405/4285 966/1448/4285 964/1403/4285
f 967/1407/4286 970/1451/4286 971/1408/4286
f 968/1410/4287 972/6111/4287 971/1411/4287
f 969/1413/4288 973/1454/4288 971/1414/4288
f 974/1416/4289 977/6112/4289 978/1417/4289
f 975/1419/4290 979/1453/4290 978/1420/4290
f 976/1422/4291 980/1452/4291 978/1423/4291
f 885/1315/879 898/1328/879 900/1330/879
f 900/1426/880 897/1325/880 883/1309/880
f 891/1320/881 893/1322/881 910/1427/881
f 893/1428/882 890/1317/882 904/1334/882
f 892/1323/883 895/1324/883 888/1316/883
f 888/1316/884 895/1324/884 891/1320/884
f 899/1331/4292 902/1333/4292 909/1429/4292
f 909/1342/886 902/6107/886 898/1328/886
f 899/1331/887 912/1346/887 914/1348/887
f 914/1431/888 911/1343/888 897/1325/888
f 905/1337/889 907/1339/889 924/1432/889
f 907/1433/890 904/1334/890 918/1351/890
f 919/1354/891 913/1349/891 916/1350/891
f 916/1350/892 912/1346/892 920/1357/892
f 926/1434/4293 928/6113/4293 917/1435/4293
f 928/1436/894 925/1359/894 911/1343/894
f 919/1354/895 921/1356/895 938/1437/895
f 921/1439/896 918/1351/896 932/1367/896
f 933/1370/897 927/1365/897 930/1366/897
f 930/1366/898 926/1362/898 934/1373/898
f 940/1378/899 942/1380/899 931/1440/899
f 942/1441/900 939/1375/900 925/1359/900
f 948/1389/901 933/1370/901 935/1372/901
f 935/1443/902 932/1367/902 946/1383/902
f 941/1381/903 944/1382/903 951/1390/903
f 951/1390/904 944/1382/904 940/1378/904
f 941/1444/905 954/1394/905 956/1396/905
f 956/1446/906 953/1391/906 939/1375/906
f 962/1405/907 947/1457/907 949/1447/907
f 949/1449/908 946/1383/908 960/1399/908
f 961/1402/909 955/1397/909 958/1398/909
f 965/1406/910 958/1398/910 954/1394/910
f 955/1397/911 968/1410/911 970/1412/911
f 970/1451/912 967/1407/912 953/1391/912
f 976/1422/913 961/1402/913 963/1404/913
f 980/1418/4294 963/6110/4294 960/1399/4294
f 975/1419/915 969/1413/915 972/1415/915
f 979/1424/4295 972/6111/4295 968/1410/4295
f 969/1413/917 884/1312/917 886/1314/917
f 886/1455/918 883/1309/918 967/1407/918
f 975/1419/919 977/1421/919 896/1456/919
f 896/1319/920 977/6112/920 974/1416/920
f 967/1407/921 883/1309/921 953/1391/921
f 883/1309/921 897/1325/921 953/1391/921
f 897/1325/921 911/1343/921 925/1359/921
f 925/1359/921 939/1375/921 953/1391/921
f 891/1320/922 906/1340/922 898/1328/922
f 975/1419/923 892/1323/923 884/1312/923
f 918/1351/924 904/1334/924 932/1367/924
f 904/1334/924 890/1317/924 932/1367/924
f 890/1317/924 974/1416/924 960/1399/924
f 960/1399/924 946/1383/924 932/1367/924
f 899/1331/925 905/1337/925 920/1357/925
f 913/1349/926 919/1354/926 934/1438/926
f 933/1370/927 948/1389/927 940/1378/927
f 947/1457/928 962/1405/928 954/1394/928
f 955/1397/929 961/1402/929 976/1422/929
f 981/1458/4296 984/6114/4296 985/1459/4296
f 982/1461/4297 986/1465/4297 985/1462/4297
f 983/1464/4298 987/1574/4298 985/1462/4298
f 988/1466/4299 991/1577/4299 992/1467/4299
f 989/1469/4300 993/1473/4300 992/1470/4300
f 990/1472/4301 994/1602/4301 992/1470/4301
f 995/1474/4302 998/1575/4302 999/1475/4302
f 996/1477/4303 1000/1579/4303 999/1478/4303
f 997/1480/4304 1001/1580/4304 999/1481/4304
f 1002/1483/4305 1005/1582/4305 1006/1484/4305
f 1003/1486/4306 1007/1578/4306 1006/1487/4306
f 1004/1489/4307 1008/1576/4307 1006/1490/4307
f 1009/1492/4308 1012/6115/4308 1013/1493/4308
f 1010/1495/4309 1014/1499/4309 1013/1496/4309
f 1011/1498/4310 1015/1584/4310 1013/1496/4310
f 1016/1500/4311 1019/1588/4311 1020/1501/4311
f 1017/1503/4312 1021/1507/4312 1020/1504/4312
f 1018/1506/4313 1022/1581/4313 1020/1504/4313
f 1023/1508/4314 1026/1585/4314 1027/1509/4314
f 1024/1511/4315 1028/1515/4315 1027/1512/4315
f 1025/1514/4316 1029/1589/4316 1027/1512/4316
f 1030/1516/4317 1033/6116/4317 1034/1517/4317
f 1031/1519/4318 1035/1523/4318 1034/1520/4318
f 1032/1522/4319 1036/6117/4319 1034/1520/4319
f 1037/1524/4320 1040/6118/4320 1041/1525/4320
f 1038/1527/4321 1042/1531/4321 1041/1528/4321
f 1039/1530/4322 1043/6119/4322 1041/1528/4322
f 1044/1532/4323 1047/6120/4323 1048/1533/4323
f 1045/1535/4324 1049/1539/4324 1048/1536/4324
f 1046/1538/4325 1050/1590/4325 1048/1536/4325
f 1051/1540/4326 1054/1593/4326 1055/1541/4326
f 1052/1543/4327 1056/1547/4327 1055/1544/4327
f 1053/1546/4328 1057/1596/4328 1055/1544/4328
f 1058/1548/4329 1061/6121/4329 1062/1549/4329
f 1059/1551/4330 1063/1555/4330 1062/1552/4330
f 1060/1554/4331 1064/1595/4331 1062/1552/4331
f 1065/1556/4332 1068/1597/4332 1069/1557/4332
f 1066/1559/4333 1070/1600/4333 1069/1560/4333
f 1067/1562/4334 1071/1601/4334 1069/1563/4334
f 1072/1565/4335 1075/1603/4335 1076/1566/4335
f 1073/1568/4336 1077/1599/4336 1076/1569/4336
f 1074/1571/4337 1078/1598/4337 1076/1572/4337
f 996/1477/4338 998/1479/4338 987/1574/4338
f 998/1575/973 995/1474/973 981/1458/973
f 989/1469/974 991/1471/974 1008/1576/974
f 991/1577/975 988/1466/975 1002/1483/975
f 982/1461/976 990/1472/976 993/1473/976
f 993/1473/977 989/1469/977 983/1464/977
f 997/1480/978 1000/1482/978 1007/1578/978
f 1000/1579/979 996/1477/979 1004/1489/979
f 997/1480/980 1010/1495/980 1012/1497/980
f 1001/1476/981 1012/6115/981 1009/1492/981
f 1003/1486/982 1005/1488/982 1022/1581/982
f 1005/1582/983 1002/1483/983 1016/1500/983
f 1017/1503/984 1011/1498/984 1014/1499/984
f 1014/1499/985 1010/1495/985 1018/1506/985
f 1024/1583/4339 1026/6122/4339 1015/1584/4339
f 1026/1585/987 1023/1508/987 1009/1492/987
f 1017/1503/988 1019/1505/988 1036/1586/988
f 1019/1588/989 1016/1500/989 1030/1516/989
f 1025/1514/990 1028/1515/990 1035/1523/990
f 1035/1523/991 1028/1515/991 1024/1511/991
f 1038/1527/992 1040/1529/992 1029/1589/992
f 1029/1510/993 1040/6118/993 1037/1524/993
f 1031/1519/994 1033/1521/994 1050/1590/994
f 1050/1534/4340 1033/6116/4340 1030/1516/4340
f 1039/1530/996 1042/1531/996 1049/1539/996
f 1042/1531/4341 1038/1527/4341 1046/1538/4341
f 1039/1591/998 1052/1543/998 1054/1545/998
f 1054/1593/999 1051/1540/999 1037/1524/999
f 1045/1594/1000 1047/6123/1000 1064/1595/1000
f 1064/1550/1001 1047/6120/1001 1044/1532/1001
f 1053/1546/1002 1056/1547/1002 1063/1555/1002
f 1056/1547/1003 1052/1543/1003 1060/1554/1003
f 1053/1546/1004 1066/1559/1004 1068/1561/1004
f 1068/1597/1005 1065/1556/1005 1051/1540/1005
f 1059/1551/1006 1061/1553/1006 1078/1598/1006
f 1078/1567/1007 1061/6121/1007 1058/1548/1007
f 1073/1568/1008 1067/1562/1008 1070/1564/1008
f 1070/1600/1009 1066/1559/1009 1074/1571/1009
f 982/1461/1010 984/1463/1010 1071/1601/1010
f 1071/1558/1011 984/6114/1011 981/1458/1011
f 1073/1568/1012 1075/1570/1012 994/1602/1012
f 1075/1603/1013 1072/1565/1013 988/1466/1013
f 1065/1556/1014 981/1458/1014 1051/1540/1014
f 981/1458/1014 995/1474/1014 1051/1540/1014
f 995/1474/1014 1009/1492/1014 1051/1540/1014
f 1009/1492/1014 1023/1508/1014 1051/1540/1014
f 989/1469/1015 1004/1489/1015 996/1477/1015
f 1073/1568/1016 990/1472/1016 982/1461/1016
f 1016/1500/1017 1002/1483/1017 1030/1516/1017
f 1002/1483/1017 988/1466/1017 1030/1516/1017
f 988/1466/1017 1072/1565/1017 1030/1516/1017
f 1072/1565/1017 1058/1548/1017 1030/1516/1017
f 997/1480/1018 1003/1486/1018 1018/1506/1018
f 1017/1503/1019 1032/1587/1019 1024/1583/1019
f 1025/1514/1020 1031/1519/1020 1046/1538/1020
f 1045/1594/1021 1060/1554/1021 1052/1543/1021
f 1059/1551/1022 1074/1571/1022 1066/1559/1022
f 1079/1604/4342 1082/1750/4342 1083/1605/4342
f 1080/1607/4343 1084/1611/4343 1083/1608/4343
f 1081/1610/4344 1085/1720/4344 1083/1608/4344
f 1086/1612/4345 1089/1722/4345 1090/1613/4345
f 1087/1615/4346 1091/1619/4346 1090/1616/4346
f 1088/1618/4347 1092/1751/4347 1090/1616/4347
f 1093/1620/4348 1096/6124/4348 1097/1621/4348
f 1094/1623/4349 1098/1724/4349 1097/1624/4349
f 1095/1626/4350 1099/1725/4350 1097/1627/4350
f 1100/1629/4351 1103/1728/4351 1104/1630/4351
f 1101/1632/4352 1105/1723/4352 1104/1633/4352
f 1102/1635/4353 1106/1721/4353 1104/1636/4353
f 1107/1638/4354 1110/1726/4354 1111/1639/4354
f 1108/1641/4355 1112/1645/4355 1111/1642/4355
f 1109/1644/4356 1113/1730/4356 1111/1642/4356
f 1114/1646/4357 1117/1734/4357 1118/1647/4357
f 1115/1649/4358 1119/1653/4358 1118/1650/4358
f 1116/1652/4359 1120/1727/4359 1118/1650/4359
f 1121/1654/4360 1124/1731/4360 1125/1655/4360
f 1122/1657/4361 1126/1661/4361 1125/1658/4361
f 1123/1660/4362 1127/1735/4362 1125/1658/4362
f 1128/1662/4363 1131/1738/4363 1132/1663/4363
f 1129/1665/4364 1133/1669/4364 1132/1666/4364
f 1130/1668/4365 1134/6125/4365 1132/1666/4365
f 1135/1670/4366 1138/1736/4366 1139/1671/4366
f 1136/1673/4367 1140/1677/4367 1139/1674/4367
f 1137/1676/4368 1141/6126/4368 1139/1674/4368
f 1142/1678/4369 1145/1744/4369 1146/1679/4369
f 1143/1681/4370 1147/1685/4370 1146/1682/4370
f 1144/1684/4371 1148/1737/4371 1146/1682/4371
f 1149/1686/4372 1152/1741/4372 1153/1687/4372
f 1150/1689/4373 1154/1693/4373 1153/1690/4373
f 1151/1692/4374 1155/1745/4374 1153/1690/4374
f 1156/1694/4375 1159/1747/4375 1160/1695/4375
f 1157/1697/4376 1161/1701/4376 1160/1698/4376
f 1158/1700/4377 1162/1743/4377 1160/1698/4377
f 1163/1702/4378 1166/6127/4378 1167/1703/4378
f 1164/1705/4379 1168/6128/4379 1167/1706/4379
f 1165/1708/4380 1169/1749/4380 1167/1709/4380
f 1170/1711/4381 1173/1752/4381 1174/1712/4381
f 1171/1714/4382 1175/1748/4382 1174/1715/4382
f 1172/1717/4383 1176/1746/4383 1174/1718/4383
f 1081/1610/1065 1094/1623/1065 1096/1625/1065
f 1085/1606/1066 1096/6124/1066 1093/1620/1066
f 1102/1635/1067 1087/1615/1067 1089/1617/1067
f 1089/1722/1068 1086/1612/1068 1100/1629/1068
f 1088/1618/4384 1091/1619/4384 1084/1611/4384
f 1084/1611/1070 1091/1619/1070 1087/1615/1070
f 1101/1632/1071 1095/1626/1071 1098/1628/1071
f 1098/1724/1072 1094/1623/1072 1102/1635/1072
f 1108/1641/1073 1110/1643/1073 1099/1725/1073
f 1110/1726/1074 1107/1638/1074 1093/1620/1074
f 1101/1632/1075 1103/1634/1075 1120/1727/1075
f 1103/1728/1076 1100/1629/1076 1114/1646/1076
f 1115/1649/1077 1109/1644/1077 1112/1645/1077
f 1112/1645/1078 1108/1641/1078 1116/1652/1078
f 1122/1729/1079 1124/6129/1079 1113/1730/1079
f 1124/1731/1080 1121/1654/1080 1107/1638/1080
f 1130/1732/1081 1115/1649/1081 1117/1651/1081
f 1117/1734/1082 1114/1646/1082 1128/1662/1082
f 1123/1660/1083 1126/1661/1083 1133/1669/1083
f 1133/1669/1084 1126/1661/1084 1122/1657/1084
f 1136/1673/1085 1138/1675/1085 1127/1735/1085
f 1138/1736/1086 1135/1670/1086 1121/1654/1086
f 1129/1665/1087 1131/1667/1087 1148/1737/1087
f 1131/1738/1088 1128/1662/1088 1142/1678/1088
f 1143/1681/1089 1137/1676/1089 1140/1677/1089
f 1147/1685/1090 1140/1677/1090 1136/1673/1090
f 1150/1689/1091 1152/1691/1091 1141/1739/1091
f 1152/1741/1092 1149/1686/1092 1135/1670/1092
f 1143/1742/1093 1145/6130/1093 1162/1743/1093
f 1145/1744/4385 1142/1678/4385 1156/1694/4385
f 1157/1697/1095 1151/1692/1095 1154/1693/1095
f 1154/1693/1096 1150/1689/1096 1158/1700/1096
f 1151/1692/1097 1164/1705/1097 1166/1707/1097
f 1155/1688/1098 1166/6127/1098 1163/1702/1098
f 1157/1697/1099 1159/1699/1099 1176/1746/1099
f 1159/1747/1100 1156/1694/1100 1170/1711/1100
f 1165/1708/1101 1168/1710/1101 1175/1748/1101
f 1175/1719/1102 1168/6128/1102 1164/1705/1102
f 1165/1708/1103 1080/1607/1103 1082/1609/1103
f 1082/1750/1104 1079/1604/1104 1163/1702/1104
f 1171/1714/1105 1173/1716/1105 1092/1751/1105
f 1173/1752/1106 1170/1711/1106 1086/1612/1106
f 1163/1702/1107 1079/1604/1107 1149/1686/1107
f 1079/1604/1107 1093/1620/1107 1149/1686/1107
f 1093/1620/1107 1107/1638/1107 1121/1654/1107
f 1121/1654/1107 1135/1670/1107 1149/1686/1107
f 1081/1610/1108 1087/1615/1108 1102/1635/1108
f 1171/1714/1109 1088/1618/1109 1080/1607/1109
f 1114/1646/1110 1100/1629/1110 1086/1612/1110
f 1086/1612/1110 1170/1711/1110 1156/1694/1110
f 1156/1694/1110 1142/1678/1110 1128/1662/1110
f 1128/1662/1110 1114/1646/1110 1086/1612/1110
f 1101/1632/1111 1116/1652/1111 1108/1641/1111
f 1109/1644/1112 1115/1649/1112 1130/1732/1112
f 1129/1665/1113 1144/1684/1113 1136/1673/1113
f 1143/1742/1114 1158/1700/1114 1150/1689/1114
f 1151/1692/1115 1157/1697/1115 1172/1717/1115
f 1177/1753/4386 1180/1895/4386 1181/1754/4386
f 1178/1756/4387 1182/1760/4387 1181/1757/4387
f 1179/1759/4388 1183/1869/4388 1181/1757/4388
f 1184/1761/4389 1187/6131/4389 1188/1762/4389
f 1185/1764/4390 1189/1768/4390 1188/1765/4390
f 1186/1767/4391 1190/1896/4391 1188/1765/4391
f 1191/1769/4392 1194/1870/4392 1195/1770/4392
f 1192/1772/4393 1196/1873/4393 1195/1773/4393
f 1193/1775/4394 1197/1874/4394 1195/1776/4394
f 1198/1778/4395 1201/1876/4395 1202/1779/4395
f 1199/1781/4396 1203/1872/4396 1202/1782/4396
f 1200/1784/4397 1204/1871/4397 1202/1785/4397
f 1205/1787/4398 1208/6132/4398 1209/1788/4398
f 1206/1790/4399 1210/1794/4399 1209/1791/4399
f 1207/1793/4400 1211/1878/4400 1209/1791/4400
f 1212/1795/4401 1215/6133/4401 1216/1796/4401
f 1213/1798/4402 1217/1802/4402 1216/1799/4402
f 1214/1801/4403 1218/1875/4403 1216/1799/4403
f 1219/1803/4404 1222/6134/4404 1223/1804/4404
f 1220/1806/4405 1224/1810/4405 1223/1807/4405
f 1221/1809/4406 1225/1881/4406 1223/1807/4406
f 1226/1811/4407 1229/1883/4407 1230/1812/4407
f 1227/1814/4408 1231/1818/4408 1230/1815/4408
f 1228/1817/4409 1232/6135/4409 1230/1815/4409
f 1233/1819/4410 1236/6136/4410 1237/1820/4410
f 1234/1822/4411 1238/1826/4411 1237/1823/4411
f 1235/1825/4412 1239/6137/4412 1237/1823/4412
f 1240/1827/4413 1243/1888/4413 1244/1828/4413
f 1241/1830/4414 1245/1834/4414 1244/1831/4414
f 1242/1833/4415 1246/1882/4415 1244/1831/4415
f 1247/1835/4416 1250/6138/4416 1251/1836/4416
f 1248/1838/4417 1252/1842/4417 1251/1839/4417
f 1249/1841/4418 1253/1889/4418 1251/1839/4418
f 1254/1843/4419 1257/1892/4419 1258/1844/4419
f 1255/1846/4420 1259/1850/4420 1258/1847/4420
f 1256/1849/4421 1260/1887/4421 1258/1847/4421
f 1261/1851/4422 1264/1890/4422 1265/1852/4422
f 1262/1854/4423 1266/6139/4423 1265/1855/4423
f 1263/1857/4424 1267/1894/4424 1265/1858/4424
f 1268/1860/4425 1271/1897/4425 1272/1861/4425
f 1269/1863/4426 1273/1893/4426 1272/1864/4426
f 1270/1866/4427 1274/1891/4427 1272/1867/4427
f 1179/1759/4428 1192/1772/4428 1194/1774/4428
f 1194/1870/1159 1191/1769/1159 1177/1753/1159
f 1200/1784/4429 1185/1764/4429 1187/1766/4429
f 1204/1780/1161 1187/6131/1161 1184/1761/1161
f 1186/1767/4430 1189/1768/4430 1182/1760/4430
f 1189/1768/1163 1185/1764/1163 1179/1759/1163
f 1193/1775/1164 1196/1777/1164 1203/1872/1164
f 1196/1873/1165 1192/1772/1165 1200/1784/1165
f 1206/1790/1166 1208/1792/1166 1197/1874/1166
f 1197/1771/1167 1208/6132/1167 1205/1787/1167
f 1214/1801/1168 1199/1781/1168 1201/1783/1168
f 1201/1876/1169 1198/1778/1169 1212/1795/1169
f 1213/1798/1170 1207/1793/1170 1210/1794/1170
f 1210/1794/1171 1206/1790/1171 1214/1801/1171
f 1207/1793/1172 1220/1898/1172 1222/1877/1172
f 1211/1789/4431 1222/6134/4431 1219/1803/4431
f 1228/1879/1174 1213/1798/1174 1215/1800/1174
f 1232/1813/1175 1215/6133/1175 1212/1795/1175
f 1221/1809/1176 1224/1810/1176 1231/1818/1176
f 1224/1810/1177 1220/1806/1177 1228/1817/1177
f 1234/1822/1178 1236/1824/1178 1225/1881/1178
f 1225/1805/1179 1236/6136/1179 1233/1819/1179
f 1227/1814/1180 1229/1816/1180 1246/1882/1180
f 1229/1883/1181 1226/1811/1181 1240/1827/1181
f 1241/1830/1182 1235/1825/1182 1238/1826/1182
f 1238/1826/1183 1234/1822/1183 1242/1833/1183
f 1248/1838/4432 1250/1840/4432 1239/1884/4432
f 1239/1821/1185 1250/6138/1185 1247/1835/1185
f 1256/1849/1186 1241/1899/1186 1243/1886/1186
f 1243/1888/1187 1240/1827/1187 1254/1843/1187
f 1255/1846/1188 1249/1841/1188 1252/1842/1188
f 1259/1850/1189 1252/1842/1189 1248/1838/1189
f 1249/1841/1190 1262/1854/1190 1264/1856/1190
f 1264/1890/1191 1261/1851/1191 1247/1835/1191
f 1270/1866/1192 1255/1846/1192 1257/1848/1192
f 1257/1892/1193 1254/1843/1193 1268/1860/1193
f 1263/1857/1194 1266/1859/1194 1273/1893/1194
f 1273/1868/4433 1266/6139/4433 1262/1854/4433
f 1178/1756/1196 1180/1758/1196 1267/1894/1196
f 1180/1895/1197 1177/1753/1197 1261/1851/1197
f 1269/1863/1198 1271/1865/1198 1190/1896/1198
f 1271/1897/1199 1268/1860/1199 1184/1761/1199
f 1261/1851/1200 1177/1753/1200 1191/1769/1200
f 1191/1769/1200 1205/1787/1200 1247/1835/1200
f 1205/1787/1200 1219/1803/1200 1247/1835/1200
f 1219/1803/1200 1233/1819/1200 1247/1835/1200
f 1185/1764/1201 1200/1784/1201 1192/1772/1201
f 1263/1857/1202 1269/1863/1202 1186/1767/1202
f 1212/1795/1203 1198/1778/1203 1184/1761/1203
f 1184/1761/1203 1268/1860/1203 1254/1843/1203
f 1254/1843/1203 1240/1827/1203 1226/1811/1203
f 1226/1811/1203 1212/1795/1203 1254/1843/1203
f 1199/1781/1204 1214/1801/1204 1206/1790/1204
f 1213/1798/1205 1228/1879/1205 1220/1898/1205
f 1227/1814/1206 1242/1833/1206 1234/1822/1206
f 1241/1899/1207 1256/1849/1207 1248/1838/1207
f 1255/1846/1208 1270/1866/1208 1262/1854/1208
f 1275/1900/4434 1278/2045/4434 1279/1901/4434
f 1276/1903/4435 1280/1907/4435 1279/1904/4435
f 1277/1906/4436 1281/2016/4436 1279/1904/4436
f 1282/1908/4437 1285/2019/4437 1286/1909/4437
f 1283/1911/4438 1287/1915/4438 1286/1912/4438
f 1284/1914/4439 1288/2046/4439 1286/1912/4439
f 1289/1916/4440 1292/2017/4440 1293/1917/4440
f 1290/1919/4441 1294/2021/4441 1293/1920/4441
f 1291/1922/4442 1295/2022/4442 1293/1923/4442
f 1296/1925/4443 1299/2025/4443 1300/1926/4443
f 1297/1928/4444 1301/2020/4444 1300/1929/4444
f 1298/1931/4445 1302/2018/4445 1300/1932/4445
f 1303/1934/4446 1306/2023/4446 1307/1935/4446
f 1304/1937/4447 1308/1941/4447 1307/1938/4447
f 1305/1940/4448 1309/2027/4448 1307/1938/4448
f 1310/1942/4449 1313/2031/4449 1314/1943/4449
f 1311/1945/4450 1315/1949/4450 1314/1946/4450
f 1312/1948/4451 1316/2024/4451 1314/1946/4451
f 1317/1950/4452 1320/2028/4452 1321/1951/4452
f 1318/1953/4453 1322/1957/4453 1321/1954/4453
f 1319/1956/4454 1323/2032/4454 1321/1954/4454
f 1324/1958/4455 1327/6140/4455 1328/1959/4455
f 1325/1961/4456 1329/1965/4456 1328/1962/4456
f 1326/1964/4457 1330/6141/4457 1328/1962/4457
f 1331/1966/4458 1334/6142/4458 1335/1967/4458
f 1332/1969/4459 1336/1973/4459 1335/1970/4459
f 1333/1972/4460 1337/6143/4460 1335/1970/4460
f 1338/1974/4461 1341/6144/4461 1342/1975/4461
f 1339/1977/4462 1343/1981/4462 1342/1978/4462
f 1340/1980/4463 1344/2033/4463 1342/1978/4463
f 1345/1982/4464 1348/2036/4464 1349/1983/4464
f 1346/1985/4465 1350/1989/4465 1349/1986/4465
f 1347/1988/4466 1351/2039/4466 1349/1986/4466
f 1352/1990/4467 1355/2042/4467 1356/1991/4467
f 1353/1993/4468 1357/1997/4468 1356/1994/4468
f 1354/1996/4469 1358/2038/4469 1356/1994/4469
f 1359/1998/4470 1362/2040/4470 1363/1999/4470
f 1360/2001/4471 1364/6145/4471 1363/2002/4471
f 1361/2004/4472 1365/2044/4472 1363/2005/4472
f 1366/2007/4473 1369/2047/4473 1370/2008/4473
f 1367/2010/4474 1371/2043/4474 1370/2011/4474
f 1368/2013/4475 1372/2041/4475 1370/2014/4475
f 1277/1906/1251 1290/1919/1251 1292/1921/1251
f 1292/2017/1252 1289/1916/1252 1275/1900/1252
f 1298/1931/1253 1283/1911/1253 1285/1913/1253
f 1285/2019/1254 1282/1908/1254 1296/1925/1254
f 1284/1914/1255 1287/1915/1255 1280/1907/1255
f 1287/1915/1256 1283/1911/1256 1277/1906/1256
f 1297/1928/1257 1291/1922/1257 1294/1924/1257
f 1294/2021/1258 1290/1919/1258 1298/1931/1258
f 1304/1937/1259 1306/1939/1259 1295/2022/1259
f 1306/2023/1260 1303/1934/1260 1289/1916/1260
f 1312/1948/1261 1297/1928/1261 1299/1930/1261
f 1299/2025/1262 1296/1925/1262 1310/1942/1262
f 1311/1945/1263 1305/1940/1263 1308/1941/1263
f 1308/1941/1264 1304/1937/1264 1312/1948/1264
f 1318/2026/1265 1320/6146/1265 1309/2027/1265
f 1320/2028/1266 1317/1950/1266 1303/1934/1266
f 1311/1945/1267 1313/1947/1267 1330/2029/1267
f 1313/2031/1268 1310/1942/1268 1324/1958/1268
f 1325/1961/1269 1319/1956/1269 1322/1957/1269
f 1329/1965/1270 1322/1957/1270 1318/1953/1270
f 1332/1969/1271 1334/1971/1271 1323/2032/1271
f 1323/1952/4476 1334/6142/4476 1331/1966/4476
f 1325/1961/1273 1327/1963/1273 1344/2033/1273
f 1344/1976/1274 1327/6140/1274 1324/1958/1274
f 1333/1972/1275 1336/1973/1275 1343/1981/1275
f 1336/1973/1276 1332/1969/1276 1340/1980/1276
f 1333/2034/1277 1346/1985/1277 1348/1987/1277
f 1348/2036/1278 1345/1982/1278 1331/1966/1278
f 1339/2037/1279 1341/6147/1279 1358/2038/1279
f 1358/1992/1280 1341/6144/1280 1338/1974/1280
f 1353/1993/1281 1347/1988/1281 1350/1989/1281
f 1350/1989/1282 1346/1985/1282 1354/1996/1282
f 1347/1988/1283 1360/2001/1283 1362/2003/1283
f 1362/2040/1284 1359/1998/1284 1345/1982/1284
f 1368/2013/1285 1353/1993/1285 1355/1995/1285
f 1355/2042/1286 1352/1990/1286 1366/2007/1286
f 1367/2010/1287 1361/2004/1287 1364/2006/1287
f 1371/2015/1288 1364/6145/1288 1360/2001/1288
f 1361/2004/1289 1276/1903/1289 1278/1905/1289
f 1278/2045/1290 1275/1900/1290 1359/1998/1290
f 1367/2010/1291 1369/2012/1291 1288/2046/1291
f 1369/2047/1292 1366/2007/1292 1282/1908/1292
f 1359/1998/1293 1275/1900/1293 1289/1916/1293
f 1289/1916/1293 1303/1934/1293 1317/1950/1293
f 1317/1950/1293 1331/1966/1293 1345/1982/1293
f 1345/1982/1293 1359/1998/1293 1289/1916/1293
f 1277/1906/1294 1283/1911/1294 1298/1931/1294
f 1367/2010/1295 1284/1914/1295 1276/1903/1295
f 1310/1942/1296 1296/1925/1296 1282/1908/1296
f 1282/1908/1296 1366/2007/1296 1352/1990/1296
f 1352/1990/1296 1338/1974/1296 1324/1958/1296
f 1324/1958/1296 1310/1942/1296 1282/1908/1296
f 1291/1922/1297 1297/1928/1297 1312/1948/1297
f 1305/1940/1298 1311/1945/1298 1326/2030/1298
f 1325/1961/1299 1340/1980/1299 1332/1969/1299
f 1333/2034/1300 1339/2037/1300 1354/1996/1300
f 1353/1993/1301 1368/2013/1301 1360/2001/1301
f 1373/2048/4477 1376/6148/4477 1377/2049/4477
f 1374/2051/4478 1378/2055/4478 1377/2052/4478
f 1375/2054/4479 1379/2164/4479 1377/2052/4479
f 1380/2056/4480 1383/2167/4480 1384/2057/4480
f 1381/2059/4481 1385/2063/4481 1384/2060/4481
f 1382/2062/4482 1386/2193/4482 1384/2060/4482
f 1387/2064/4483 1390/2165/4483 1391/2065/4483
f 1388/2067/4484 1392/2169/4484 1391/2068/4484
f 1389/2070/4485 1393/2170/4485 1391/2071/4485
f 1394/2073/4486 1397/6149/4486 1398/2074/4486
f 1395/2076/4487 1399/2168/4487 1398/2077/4487
f 1396/2079/4488 1400/2166/4488 1398/2080/4488
f 1401/2082/4489 1404/2171/4489 1405/2083/4489
f 1402/2085/4490 1406/2089/4490 1405/2086/4490
f 1403/2088/4491 1407/2174/4491 1405/2086/4491
f 1408/2090/4492 1411/2177/4492 1412/2091/4492
f 1409/2093/4493 1413/2097/4493 1412/2094/4493
f 1410/2096/4494 1414/2172/4494 1412/2094/4494
f 1415/2098/4495 1418/6150/4495 1419/2099/4495
f 1416/2101/4496 1420/2105/4496 1419/2102/4496
f 1417/2104/4497 1421/2178/4497 1419/2102/4497
f 1422/2106/4498 1425/2181/4498 1426/2107/4498
f 1423/2109/4499 1427/2113/4499 1426/2110/4499
f 1424/2112/4500 1428/6151/4500 1426/2110/4500
f 1429/2114/4501 1432/2179/4501 1433/2115/4501
f 1430/2117/4502 1434/2121/4502 1433/2118/4502
f 1431/2120/4503 1435/6152/4503 1433/2118/4503
f 1436/2122/4504 1439/2187/4504 1440/2123/4504
f 1437/2125/4505 1441/2129/4505 1440/2126/4505
f 1438/2128/4506 1442/2180/4506 1440/2126/4506
f 1443/2130/4507 1446/2184/4507 1447/2131/4507
f 1444/2133/4508 1448/2137/4508 1447/2134/4508
f 1445/2136/4509 1449/2188/4509 1447/2134/4509
f 1450/2138/4510 1453/6153/4510 1454/2139/4510
f 1451/2141/4511 1455/2145/4511 1454/2142/4511
f 1452/2144/4512 1456/2186/4512 1454/2142/4512
f 1457/2146/4513 1460/6154/4513 1461/2147/4513
f 1458/2149/4514 1462/2191/4514 1461/2150/4514
f 1459/2152/4515 1463/2192/4515 1461/2153/4515
f 1464/2155/4516 1467/2194/4516 1468/2156/4516
f 1465/2158/4517 1469/2190/4517 1468/2159/4517
f 1466/2161/4518 1470/2189/4518 1468/2162/4518
f 1375/2054/1344 1388/2067/1344 1390/2069/1344
f 1390/2165/1345 1387/2064/1345 1373/2048/1345
f 1396/2079/1346 1381/2059/1346 1383/2061/1346
f 1383/2167/1347 1380/2056/1347 1394/2073/1347
f 1374/2051/1348 1382/2062/1348 1385/2063/1348
f 1378/2055/1349 1385/2063/1349 1381/2059/1349
f 1389/2070/1350 1392/2072/1350 1399/2168/1350
f 1392/2169/1351 1388/2067/1351 1396/2079/1351
f 1402/2085/4519 1404/2087/4519 1393/2170/4519
f 1404/2171/1353 1401/2082/1353 1387/2064/1353
f 1395/2076/4520 1397/2078/4520 1414/2172/4520
f 1414/2092/1355 1397/6149/1355 1394/2073/1355
f 1403/2088/1356 1406/2089/1356 1413/2097/1356
f 1406/2089/1357 1402/2085/1357 1410/2096/1357
f 1416/2173/1358 1418/6155/1358 1407/2174/1358
f 1407/2084/1359 1418/6150/1359 1415/2098/1359
f 1424/2175/1360 1409/2093/1360 1411/2095/1360
f 1411/2177/1361 1408/2090/1361 1422/2106/1361
f 1417/2104/1362 1420/2105/1362 1427/2113/1362
f 1420/2105/1363 1416/2101/1363 1424/2112/1363
f 1430/2117/1364 1432/2119/1364 1421/2178/1364
f 1432/2179/1365 1429/2114/1365 1415/2098/1365
f 1423/2109/1366 1425/2111/1366 1442/2180/1366
f 1425/2181/1367 1422/2106/1367 1436/2122/1367
f 1431/2120/1368 1434/2121/1368 1441/2129/1368
f 1434/2121/1369 1430/2117/1369 1438/2128/1369
f 1444/2133/1370 1446/2135/1370 1435/2182/1370
f 1446/2184/1371 1443/2130/1371 1429/2114/1371
f 1452/2144/1372 1437/2195/1372 1439/2185/1372
f 1439/2187/4521 1436/2122/4521 1450/2138/4521
f 1445/2136/1374 1448/2137/1374 1455/2145/1374
f 1448/2137/1375 1444/2133/1375 1452/2144/1375
f 1458/2149/1376 1460/2151/1376 1449/2188/1376
f 1449/2132/1377 1460/6154/1377 1457/2146/1377
f 1451/2141/1378 1453/2143/1378 1470/2189/1378
f 1470/2157/1379 1453/6153/1379 1450/2138/1379
f 1465/2158/1380 1459/2152/1380 1462/2154/1380
f 1462/2191/1381 1458/2149/1381 1466/2161/1381
f 1374/2051/1382 1376/2053/1382 1463/2192/1382
f 1463/2148/1383 1376/6148/1383 1373/2048/1383
f 1465/2158/1384 1467/2160/1384 1386/2193/1384
f 1467/2194/1385 1464/2155/1385 1380/2056/1385
f 1457/2146/1386 1373/2048/1386 1443/2130/1386
f 1373/2048/1386 1387/2064/1386 1443/2130/1386
f 1387/2064/1386 1401/2082/1386 1415/2098/1386
f 1415/2098/1386 1429/2114/1386 1387/2064/1386
f 1375/2054/1387 1381/2059/1387 1396/2079/1387
f 1465/2158/1388 1382/2062/1388 1374/2051/1388
f 1408/2090/1389 1394/2073/1389 1380/2056/1389
f 1380/2056/1389 1464/2155/1389 1450/2138/1389
f 1450/2138/1389 1436/2122/1389 1422/2106/1389
f 1422/2106/1389 1408/2090/1389 1450/2138/1389
f 1395/2076/1390 1410/2096/1390 1402/2085/1390
f 1409/2093/1391 1424/2175/1391 1416/2173/1391
f 1423/2109/1392 1438/2128/1392 1430/2117/1392
f 1437/2195/1393 1452/2144/1393 1444/2133/1393
f 1451/2141/1394 1466/2161/1394 1458/2149/1394
f 1471/2196/4522 1474/6156/4522 1475/2197/4522
f 1472/2199/4523 1476/2203/4523 1475/2200/4523
f 1473/2202/4524 1477/2312/4524 1475/2200/4524
f 1478/2204/4525 1481/2315/4525 1482/2205/4525
f 1479/2207/4526 1483/2211/4526 1482/2208/4526
f 1480/2210/4527 1484/2336/4527 1482/2208/4527
f 1485/2212/4528 1488/2313/4528 1489/2213/4528
f 1486/2215/4529 1490/6157/4529 1489/2216/4529
f 1487/2218/4530 1491/2317/4530 1489/2219/4530
f 1492/2221/4531 1495/2319/4531 1496/2222/4531
f 1493/2224/4532 1497/2316/4532 1496/2225/4532
f 1494/2227/4533 1498/2314/4533 1496/2228/4533
f 1499/2230/4534 1502/6158/4534 1503/2231/4534
f 1500/2233/4535 1504/2237/4535 1503/2234/4535
f 1501/2236/4536 1505/2321/4536 1503/2234/4536
f 1506/2238/4537 1509/6159/4537 1510/2239/4537
f 1507/2241/4538 1511/2245/4538 1510/2242/4538
f 1508/2244/4539 1512/2318/4539 1510/2242/4539
f 1513/2246/4540 1516/6160/4540 1517/2247/4540
f 1514/2249/4541 1518/2253/4541 1517/2250/4541
f 1515/2252/4542 1519/2324/4542 1517/2250/4542
f 1520/2254/4543 1523/6161/4543 1524/2255/4543
f 1521/2257/4544 1525/2261/4544 1524/2258/4544
f 1522/2260/4545 1526/6162/4545 1524/2258/4545
f 1527/2262/4546 1530/2325/4546 1531/2263/4546
f 1528/2265/4547 1532/2269/4547 1531/2266/4547
f 1529/2268/4548 1533/6163/4548 1531/2266/4548
f 1534/2270/4549 1537/6164/4549 1538/2271/4549
f 1535/2273/4550 1539/2277/4550 1538/2274/4550
f 1536/2276/4551 1540/2326/4551 1538/2274/4551
f 1541/2278/4552 1544/6165/4552 1545/2279/4552
f 1542/2281/4553 1546/2285/4553 1545/2282/4553
f 1543/2284/4554 1547/2331/4554 1545/2282/4554
f 1548/2286/4555 1551/6166/4555 1552/2287/4555
f 1549/2289/4556 1553/2293/4556 1552/2290/4556
f 1550/2292/4557 1554/2330/4557 1552/2290/4557
f 1555/2294/4558 1558/2332/4558 1559/2295/4558
f 1556/2297/4559 1560/6167/4559 1559/2298/4559
f 1557/2300/4560 1561/2335/4560 1559/2301/4560
f 1562/2303/4561 1565/2337/4561 1566/2304/4561
f 1563/2306/4562 1567/2334/4562 1566/2307/4562
f 1564/2309/4563 1568/2333/4563 1566/2310/4563
f 1486/2215/4564 1488/2217/4564 1477/2312/4564
f 1488/2313/1438 1485/2212/1438 1471/2196/1438
f 1479/2207/4565 1481/2209/4565 1498/2314/4565
f 1481/2315/1440 1478/2204/1440 1492/2221/1440
f 1472/2199/1441 1480/2210/1441 1483/2211/1441
f 1483/2211/1442 1479/2207/1442 1473/2202/1442
f 1487/2218/4566 1490/2220/4566 1497/2316/4566
f 1497/2229/1444 1490/6157/1444 1486/2215/1444
f 1500/2233/1445 1502/2235/1445 1491/2317/1445
f 1491/2214/1446 1502/6158/1446 1499/2230/1446
f 1508/2244/4567 1493/2224/4567 1495/2226/4567
f 1495/2319/1448 1492/2221/1448 1506/2238/1448
f 1501/2236/1449 1504/2237/1449 1511/2245/1449
f 1504/2237/1450 1500/2233/1450 1508/2244/1450
f 1514/2320/4568 1516/6168/4568 1505/2321/4568
f 1505/2232/1452 1516/6160/1452 1513/2246/1452
f 1522/2322/4569 1507/2241/4569 1509/2243/4569
f 1526/2256/1454 1509/6159/1454 1506/2238/1454
f 1515/2252/1455 1518/2253/1455 1525/2261/1455
f 1518/2253/1456 1514/2249/1456 1522/2260/1456
f 1528/2265/1457 1530/2267/1457 1519/2324/1457
f 1530/2325/1458 1527/2262/1458 1513/2246/1458
f 1521/2257/1459 1523/2259/1459 1540/2326/1459
f 1540/2272/1460 1523/6161/1460 1520/2254/1460
f 1529/2268/1461 1532/2269/1461 1539/2277/1461
f 1532/2269/1462 1528/2265/1462 1536/2276/1462
f 1542/2281/1463 1544/2283/1463 1533/2327/1463
f 1533/2264/1464 1544/6165/1464 1541/2278/1464
f 1535/2329/1465 1537/6169/1465 1554/2330/1465
f 1554/2288/4570 1537/6164/4570 1534/2270/4570
f 1543/2284/1467 1546/2285/1467 1553/2293/1467
f 1546/2285/1468 1542/2281/1468 1550/2292/1468
f 1543/2284/1469 1556/2297/1469 1558/2299/1469
f 1558/2332/1470 1555/2294/1470 1541/2278/1470
f 1564/2309/1471 1549/2289/1471 1551/2291/1471
f 1568/2305/1472 1551/6166/1472 1548/2286/1472
f 1557/2300/1473 1560/2302/1473 1567/2334/1473
f 1567/2311/1474 1560/6167/1474 1556/2297/1474
f 1557/2300/1475 1472/2199/1475 1474/2201/1475
f 1561/2296/1476 1474/6156/1476 1471/2196/1476
f 1563/2306/1477 1565/2308/1477 1484/2336/1477
f 1565/2337/1478 1562/2303/1478 1478/2204/1478
f 1555/2294/1479 1471/2196/1479 1485/2212/1479
f 1485/2212/1479 1499/2230/1479 1541/2278/1479
f 1499/2230/1479 1513/2246/1479 1541/2278/1479
f 1513/2246/1479 1527/2262/1479 1541/2278/1479
f 1479/2207/1480 1494/2227/1480 1486/2215/1480
f 1557/2300/1481 1563/2306/1481 1480/2210/1481
f 1506/2238/1482 1492/2221/1482 1478/2204/1482
f 1478/2204/1482 1562/2303/1482 1548/2286/1482
f 1548/2286/1482 1534/2270/1482 1520/2254/1482
f 1520/2254/1482 1506/2238/1482 1548/2286/1482
f 1487/2218/1483 1493/2224/1483 1508/2244/1483
f 1507/2241/1484 1522/2322/1484 1514/2320/1484
f 1515/2252/1485 1521/2257/1485 1536/2276/1485
f 1535/2329/1486 1550/2292/1486 1542/2281/1486
f 1543/2284/1487 1549/2289/1487 1564/2309/1487
f 1569/2338/4571 1572/6170/4571 1573/2339/4571
f 1570/2341/4572 1574/2345/4572 1573/2342/4572
f 1571/2344/4573 1575/2454/4573 1573/2342/4573
f 1576/2346/4574 1579/2457/4574 1580/2347/4574
f 1577/2349/4575 1581/2353/4575 1580/2350/4575
f 1578/2352/4576 1582/2482/4576 1580/2350/4576
f 1583/2354/4577 1586/2455/4577 1587/2355/4577
f 1584/2357/4578 1588/2459/4578 1587/2358/4578
f 1585/2360/4579 1589/2460/4579 1587/2361/4579
f 1590/2363/4580 1593/6171/4580 1594/2364/4580
f 1591/2366/4581 1595/2458/4581 1594/2367/4581
f 1592/2369/4582 1596/2456/4582 1594/2370/4582
f 1597/2372/4583 1600/6172/4583 1601/2373/4583
f 1598/2375/4584 1602/2379/4584 1601/2376/4584
f 1599/2378/4585 1603/2463/4585 1601/2376/4585
f 1604/2380/4586 1607/6173/4586 1608/2381/4586
f 1605/2383/4587 1609/2387/4587 1608/2384/4587
f 1606/2386/4588 1610/2461/4588 1608/2384/4588
f 1611/2388/4589 1614/6174/4589 1615/2389/4589
f 1612/2391/4590 1616/2395/4590 1615/2392/4590
f 1613/2394/4591 1617/2466/4591 1615/2392/4591
f 1618/2396/4592 1621/2469/4592 1622/2397/4592
f 1619/2399/4593 1623/2403/4593 1622/2400/4593
f 1620/2402/4594 1624/6175/4594 1622/2400/4594
f 1625/2404/4595 1628/2467/4595 1629/2405/4595
f 1626/2407/4596 1630/2411/4596 1629/2408/4596
f 1627/2410/4597 1631/6176/4597 1629/2408/4597
f 1632/2412/4598 1635/2475/4598 1636/2413/4598
f 1633/2415/4599 1637/2419/4599 1636/2416/4599
f 1634/2418/4600 1638/2468/4600 1636/2416/4600
f 1639/2420/4601 1642/2472/4601 1643/2421/4601
f 1640/2423/4602 1644/2427/4602 1643/2424/4602
f 1641/2426/4603 1645/2476/4603 1643/2424/4603
f 1646/2428/4604 1649/2478/4604 1650/2429/4604
f 1647/2431/4605 1651/2435/4605 1650/2432/4605
f 1648/2434/4606 1652/2474/4606 1650/2432/4606
f 1653/2436/4607 1656/6177/4607 1657/2437/4607
f 1654/2439/4608 1658/2480/4608 1657/2440/4608
f 1655/2442/4609 1659/2481/4609 1657/2443/4609
f 1660/2445/4610 1663/6178/4610 1664/2446/4610
f 1661/2448/4611 1665/2479/4611 1664/2449/4611
f 1662/2451/4612 1666/2477/4612 1664/2452/4612
f 1584/2357/1530 1586/2359/1530 1575/2454/1530
f 1586/2455/1531 1583/2354/1531 1569/2338/1531
f 1592/2369/1532 1577/2349/1532 1579/2351/1532
f 1579/2457/1533 1576/2346/1533 1590/2363/1533
f 1578/2352/1534 1581/2353/1534 1574/2345/1534
f 1581/2353/1535 1577/2349/1535 1571/2344/1535
f 1585/2360/1536 1588/2362/1536 1595/2458/1536
f 1588/2459/1537 1584/2357/1537 1592/2369/1537
f 1598/2375/1538 1600/2377/1538 1589/2460/1538
f 1589/2356/1539 1600/6172/1539 1597/2372/1539
f 1591/2366/1540 1593/2368/1540 1610/2461/1540
f 1610/2382/4613 1593/6171/4613 1590/2363/4613
f 1599/2378/1542 1602/2379/1542 1609/2387/1542
f 1602/2379/1543 1598/2375/1543 1606/2386/1543
f 1612/2462/1544 1614/6179/1544 1603/2463/1544
f 1603/2374/1545 1614/6174/1545 1611/2388/1545
f 1605/2383/1546 1607/2385/1546 1624/2464/1546
f 1624/2398/1547 1607/6173/1547 1604/2380/1547
f 1613/2394/1548 1616/2395/1548 1623/2403/1548
f 1623/2403/4614 1616/2395/4614 1612/2391/4614
f 1626/2407/1550 1628/2409/1550 1617/2466/1550
f 1628/2467/1551 1625/2404/1551 1611/2388/1551
f 1619/2399/1552 1621/2401/1552 1638/2468/1552
f 1621/2469/1553 1618/2396/1553 1632/2412/1553
f 1627/2410/1554 1630/2411/1554 1637/2419/1554
f 1630/2411/1555 1626/2407/1555 1634/2418/1555
f 1640/2423/1556 1642/2425/1556 1631/2470/1556
f 1642/2472/1557 1639/2420/1557 1625/2404/1557
f 1648/2434/1558 1633/2483/1558 1635/2473/1558
f 1635/2475/4615 1632/2412/4615 1646/2428/4615
f 1641/2426/4616 1644/2427/4616 1651/2435/4616
f 1644/2427/4617 1640/2423/4617 1648/2434/4617
f 1641/2426/1562 1654/2439/1562 1656/2441/1562
f 1645/2422/1563 1656/6177/1563 1653/2436/1563
f 1662/2451/4618 1647/2431/4618 1649/2433/4618
f 1649/2478/4619 1646/2428/4619 1660/2445/4619
f 1655/2442/1566 1658/2444/1566 1665/2479/1566
f 1658/2480/1567 1654/2439/1567 1662/2451/1567
f 1570/2341/4620 1572/2343/4620 1659/2481/4620
f 1659/2438/1569 1572/6170/1569 1569/2338/1569
f 1578/2352/1570 1661/2448/1570 1663/2450/1570
f 1582/2348/1571 1663/6178/1571 1660/2445/1571
f 1653/2436/1572 1569/2338/1572 1583/2354/1572
f 1583/2354/1572 1597/2372/1572 1611/2388/1572
f 1611/2388/1572 1625/2404/1572 1639/2420/1572
f 1639/2420/1572 1653/2436/1572 1611/2388/1572
f 1577/2349/1573 1592/2369/1573 1584/2357/1573
f 1661/2448/1574 1578/2352/1574 1570/2341/1574
f 1604/2380/1575 1590/2363/1575 1618/2396/1575
f 1590/2363/1575 1576/2346/1575 1618/2396/1575
f 1576/2346/1575 1660/2445/1575 1618/2396/1575
f 1660/2445/1575 1646/2428/1575 1618/2396/1575
f 1585/2360/1576 1591/2366/1576 1606/2386/1576
f 1605/2383/1577 1620/2465/1577 1612/2462/1577
f 1619/2399/1578 1634/2418/1578 1626/2407/1578
f 1633/2483/1579 1648/2434/1579 1640/2423/1579
f 1647/2431/1580 1662/2451/1580 1654/2439/1580
f 1667/2484/4621 1670/2622/4621 1671/2485/4621
f 1668/2487/4622 1672/2491/4622 1671/2488/4622
f 1669/2490/4623 1673/2600/4623 1671/2488/4623
f 1674/2492/4624 1677/6180/4624 1678/2493/4624
f 1675/2495/4625 1679/2499/4625 1678/2496/4625
f 1676/2498/4626 1680/2623/4626 1678/2496/4626
f 1681/2500/4627 1684/6181/4627 1685/2501/4627
f 1682/2503/4628 1686/6182/4628 1685/2504/4628
f 1683/2506/4629 1687/2603/4629 1685/2507/4629
f 1688/2509/4630 1691/6183/4630 1692/2510/4630
f 1689/2512/4631 1693/2602/4631 1692/2513/4631
f 1690/2515/4632 1694/2601/4632 1692/2516/4632
f 1695/2518/4633 1698/2604/4633 1699/2519/4633
f 1696/2521/4634 1700/2525/4634 1699/2522/4634
f 1697/2524/4635 1701/2607/4635 1699/2522/4635
f 1702/2526/4636 1705/6184/4636 1706/2527/4636
f 1703/2529/4637 1707/2533/4637 1706/2530/4637
f 1704/2532/4638 1708/2605/4638 1706/2530/4638
f 1709/2534/4639 1712/6185/4639 1713/2535/4639
f 1710/2537/4640 1714/2541/4640 1713/2538/4640
f 1711/2540/4641 1715/2610/4641 1713/2538/4641
f 1716/2542/4642 1719/6186/4642 1720/2543/4642
f 1717/2545/4643 1721/2549/4643 1720/2546/4643
f 1718/2548/4644 1722/6187/4644 1720/2546/4644
f 1723/2550/4645 1726/6188/4645 1727/2551/4645
f 1724/2553/4646 1728/2557/4646 1727/2554/4646
f 1725/2556/4647 1729/6189/4647 1727/2554/4647
f 1730/2558/4648 1733/2616/4648 1734/2559/4648
f 1731/2561/4649 1735/2565/4649 1734/2562/4649
f 1732/2564/4650 1736/2611/4650 1734/2562/4650
f 1737/2566/4651 1740/6190/4651 1741/2567/4651
f 1738/2569/4652 1742/2573/4652 1741/2570/4652
f 1739/2572/4653 1743/2617/4653 1741/2570/4653
f 1744/2574/4654 1747/2619/4654 1748/2575/4654
f 1745/2577/4655 1749/2581/4655 1748/2578/4655
f 1746/2580/4656 1750/2615/4656 1748/2578/4656
f 1751/2582/4657 1754/6191/4657 1755/2583/4657
f 1752/2585/4658 1756/6192/4658 1755/2586/4658
f 1753/2588/4659 1757/2621/4659 1755/2589/4659
f 1758/2591/4660 1761/2624/4660 1762/2592/4660
f 1759/2594/4661 1763/2620/4661 1762/2595/4661
f 1760/2597/4662 1764/2618/4662 1762/2598/4662
f 1669/2490/1623 1682/2503/1623 1684/2505/1623
f 1673/2486/1624 1684/6181/1624 1681/2500/1624
f 1690/2515/1625 1675/2495/1625 1677/2497/1625
f 1694/2511/1626 1677/6180/1626 1674/2492/1626
f 1668/2487/1627 1676/2498/1627 1679/2499/1627
f 1672/2491/1628 1679/2499/1628 1675/2495/1628
f 1683/2506/1629 1686/2508/1629 1693/2602/1629
f 1693/2517/1630 1686/6182/1630 1682/2503/1630
f 1696/2521/1631 1698/2523/1631 1687/2603/1631
f 1698/2604/1632 1695/2518/1632 1681/2500/1632
f 1689/2512/1633 1691/2514/1633 1708/2605/1633
f 1708/2528/1634 1691/6183/1634 1688/2509/1634
f 1697/2524/1635 1700/2525/1635 1707/2533/1635
f 1707/2533/1636 1700/2525/1636 1696/2521/1636
f 1710/2606/1637 1712/6193/1637 1701/2607/1637
f 1701/2520/1638 1712/6185/1638 1709/2534/1638
f 1703/2529/1639 1705/2531/1639 1722/2608/1639
f 1722/2544/1640 1705/6184/1640 1702/2526/1640
f 1717/2545/1641 1711/2540/1641 1714/2541/1641
f 1721/2549/1642 1714/2541/1642 1710/2537/1642
f 1724/2553/1643 1726/2555/1643 1715/2610/1643
f 1715/2536/1644 1726/6188/1644 1723/2550/1644
f 1717/2545/1645 1719/2547/1645 1736/2611/1645
f 1736/2560/1646 1719/6186/1646 1716/2542/1646
f 1725/2556/4663 1728/2557/4663 1735/2565/4663
f 1728/2557/1648 1724/2553/1648 1732/2564/1648
f 1725/2612/4664 1738/2569/4664 1740/2571/4664
f 1729/2552/1650 1740/6190/1650 1737/2566/1650
f 1746/2580/1651 1731/2625/1651 1733/2614/1651
f 1733/2616/1652 1730/2558/1652 1744/2574/1652
f 1739/2572/1653 1742/2573/1653 1749/2581/1653
f 1749/2581/4665 1742/2573/4665 1738/2569/4665
f 1752/2585/1655 1754/2587/1655 1743/2617/1655
f 1743/2568/1656 1754/6191/1656 1751/2582/1656
f 1745/2577/1657 1747/2579/1657 1764/2618/1657
f 1747/2619/1658 1744/2574/1658 1758/2591/1658
f 1753/2588/1659 1756/2590/1659 1763/2620/1659
f 1763/2599/1660 1756/6192/1660 1752/2585/1660
f 1668/2487/1661 1670/2489/1661 1757/2621/1661
f 1670/2622/1662 1667/2484/1662 1751/2582/1662
f 1759/2594/1663 1761/2596/1663 1680/2623/1663
f 1761/2624/1664 1758/2591/1664 1674/2492/1664
f 1751/2582/1665 1667/2484/1665 1737/2566/1665
f 1667/2484/1665 1681/2500/1665 1737/2566/1665
f 1681/2500/1665 1695/2518/1665 1709/2534/1665
f 1709/2534/1665 1723/2550/1665 1737/2566/1665
f 1675/2495/1666 1690/2515/1666 1682/2503/1666
f 1759/2594/1667 1676/2498/1667 1668/2487/1667
f 1702/2526/1668 1688/2509/1668 1716/2542/1668
f 1688/2509/1668 1674/2492/1668 1716/2542/1668
f 1674/2492/1668 1758/2591/1668 1744/2574/1668
f 1744/2574/1668 1730/2558/1668 1716/2542/1668
f 1689/2512/1669 1704/2532/1669 1696/2521/1669
f 1703/2529/1670 1718/2609/1670 1710/2606/1670
f 1711/2540/1671 1717/2545/1671 1732/2564/1671
f 1731/2625/1672 1746/2580/1672 1738/2569/1672
f 1739/2572/1673 1745/2577/1673 1760/2597/1673
f 1765/2626/4666 1768/6194/4666 1769/2627/4666
f 1766/2629/4667 1770/2633/4667 1769/2630/4667
f 1767/2632/4668 1771/2742/4668 1769/2630/4668
f 1772/2634/4669 1775/2745/4669 1776/2635/4669
f 1773/2637/4670 1777/2641/4670 1776/2638/4670
f 1774/2640/4671 1778/2770/4671 1776/2638/4671
f 1779/2642/4672 1782/2743/4672 1783/2643/4672
f 1780/2645/4673 1784/2747/4673 1783/2646/4673
f 1781/2648/4674 1785/2748/4674 1783/2649/4674
f 1786/2651/4675 1789/6195/4675 1790/2652/4675
f 1787/2654/4676 1791/2746/4676 1790/2655/4676
f 1788/2657/4677 1792/2744/4677 1790/2658/4677
f 1793/2660/4678 1796/6196/4678 1797/2661/4678
f 1794/2663/4679 1798/2667/4679 1797/2664/4679
f 1795/2666/4680 1799/2751/4680 1797/2664/4680
f 1800/2668/4681 1803/2754/4681 1804/2669/4681
f 1801/2671/4682 1805/2675/4682 1804/2672/4682
f 1802/2674/4683 1806/2749/4683 1804/2672/4683
f 1807/2676/4684 1810/6197/4684 1811/2677/4684
f 1808/2679/4685 1812/2683/4685 1811/2680/4685
f 1809/2682/4686 1813/2755/4686 1811/2680/4686
f 1814/2684/4687 1817/2757/4687 1818/2685/4687
f 1815/2687/4688 1819/2691/4688 1818/2688/4688
f 1816/2690/4689 1820/6198/4689 1818/2688/4689
f 1821/2692/4690 1824/6199/4690 1825/2693/4690
f 1822/2695/4691 1826/2699/4691 1825/2696/4691
f 1823/2698/4692 1827/6200/4692 1825/2696/4692
f 1828/2700/4693 1831/2763/4693 1832/2701/4693
f 1829/2703/4694 1833/2707/4694 1832/2704/4694
f 1830/2706/4695 1834/2756/4695 1832/2704/4695
f 1835/2708/4696 1838/2760/4696 1839/2709/4696
f 1836/2711/4697 1840/2715/4697 1839/2712/4697
f 1837/2714/4698 1841/2764/4698 1839/2712/4698
f 1842/2716/4699 1845/2766/4699 1846/2717/4699
f 1843/2719/4700 1847/2723/4700 1846/2720/4700
f 1844/2722/4701 1848/2762/4701 1846/2720/4701
f 1849/2724/4702 1852/6201/4702 1853/2725/4702
f 1850/2727/4703 1854/2768/4703 1853/2728/4703
f 1851/2730/4704 1855/2769/4704 1853/2731/4704
f 1856/2733/4705 1859/6202/4705 1860/2734/4705
f 1857/2736/4706 1861/2767/4706 1860/2737/4706
f 1858/2739/4707 1862/2765/4707 1860/2740/4707
f 1767/2632/1716 1780/2645/1716 1782/2647/1716
f 1782/2743/1717 1779/2642/1717 1765/2626/1717
f 1788/2657/1718 1773/2637/1718 1775/2639/1718
f 1775/2745/1719 1772/2634/1719 1786/2651/1719
f 1774/2640/1720 1777/2641/1720 1770/2633/1720
f 1777/2641/1721 1773/2637/1721 1767/2632/1721
f 1781/2648/1722 1784/2650/1722 1791/2746/1722
f 1784/2747/1723 1780/2645/1723 1788/2657/1723
f 1794/2663/1724 1796/2665/1724 1785/2748/1724
f 1785/2644/1725 1796/6196/1725 1793/2660/1725
f 1787/2654/1726 1789/2656/1726 1806/2749/1726
f 1806/2670/1727 1789/6195/1727 1786/2651/1727
f 1801/2671/1728 1795/2666/1728 1798/2667/1728
f 1798/2667/1729 1794/2663/1729 1802/2674/1729
f 1808/2750/1730 1810/6203/1730 1799/2751/1730
f 1799/2662/4708 1810/6197/4708 1807/2676/4708
f 1801/2671/1732 1803/2673/1732 1820/2752/1732
f 1803/2754/4709 1800/2668/4709 1814/2684/4709
f 1809/2682/1734 1812/2683/1734 1819/2691/1734
f 1812/2683/1735 1808/2679/1735 1816/2690/1735
f 1809/2682/1736 1822/2695/1736 1824/2697/1736
f 1813/2678/1737 1824/6199/1737 1821/2692/1737
f 1830/2706/4710 1815/2687/4710 1817/2689/4710
f 1817/2757/1739 1814/2684/1739 1828/2700/1739
f 1829/2703/1740 1823/2698/1740 1826/2699/1740
f 1833/2707/1741 1826/2699/1741 1822/2695/1741
f 1823/2758/1742 1836/2711/1742 1838/2713/1742
f 1838/2760/1743 1835/2708/1743 1821/2692/1743
f 1844/2722/1744 1829/2771/1744 1831/2761/1744
f 1831/2763/1745 1828/2700/1745 1842/2716/1745
f 1843/2719/1746 1837/2714/1746 1840/2715/1746
f 1840/2715/4711 1836/2711/4711 1844/2722/4711
f 1850/2727/1748 1852/2729/1748 1841/2764/1748
f 1841/2710/1749 1852/6201/1749 1849/2724/1749
f 1843/2719/1750 1845/2721/1750 1862/2765/1750
f 1845/2766/4712 1842/2716/4712 1856/2733/4712
f 1851/2730/1752 1854/2732/1752 1861/2767/1752
f 1854/2768/1753 1850/2727/1753 1858/2739/1753
f 1766/2629/1754 1768/2631/1754 1855/2769/1754
f 1855/2726/1755 1768/6194/1755 1765/2626/1755
f 1857/2736/1756 1859/2738/1756 1778/2770/1756
f 1778/2636/1757 1859/6202/1757 1856/2733/1757
f 1849/2724/1758 1765/2626/1758 1779/2642/1758
f 1779/2642/1758 1793/2660/1758 1807/2676/1758
f 1807/2676/1758 1821/2692/1758 1779/2642/1758
f 1821/2692/1758 1835/2708/1758 1779/2642/1758
f 1773/2637/1759 1788/2657/1759 1780/2645/1759
f 1857/2736/1760 1774/2640/1760 1766/2629/1760
f 1800/2668/1761 1786/2651/1761 1772/2634/1761
f 1772/2634/1761 1856/2733/1761 1842/2716/1761
f 1842/2716/1761 1828/2700/1761 1814/2684/1761
f 1814/2684/1761 1800/2668/1761 1842/2716/1761
f 1787/2654/1762 1802/2674/1762 1794/2663/1762
f 1801/2671/1763 1816/2753/1763 1808/2750/1763
f 1815/2687/1764 1830/2706/1764 1822/2695/1764
f 1829/2771/1765 1844/2722/1765 1836/2711/1765
f 1843/2719/1766 1858/2739/1766 1850/2727/1766
f 1863/2772/4713 1866/6204/4713 1867/2773/4713
f 1864/2775/4714 1868/2779/4714 1867/2776/4714
f 1865/2778/4715 1869/2888/4715 1867/2776/4715
f 1870/2780/4716 1873/2891/4716 1874/2781/4716
f 1871/2783/4717 1875/2787/4717 1874/2784/4717
f 1872/2786/4718 1876/2917/4718 1874/2784/4718
f 1877/2788/4719 1880/2889/4719 1881/2789/4719
f 1878/2791/4720 1882/2893/4720 1881/2792/4720
f 1879/2794/4721 1883/2894/4721 1881/2795/4721
f 1884/2797/4722 1887/2896/4722 1888/2798/4722
f 1885/2800/4723 1889/2892/4723 1888/2801/4723
f 1886/2803/4724 1890/2890/4724 1888/2804/4724
f 1891/2806/4725 1894/6205/4725 1895/2807/4725
f 1892/2809/4726 1896/2813/4726 1895/2810/4726
f 1893/2812/4727 1897/2898/4727 1895/2810/4727
f 1898/2814/4728 1901/2902/4728 1902/2815/4728
f 1899/2817/4729 1903/2821/4729 1902/2818/4729
f 1900/2820/4730 1904/2895/4730 1902/2818/4730
f 1905/2822/4731 1908/2899/4731 1909/2823/4731
f 1906/2825/4732 1910/2829/4732 1909/2826/4732
f 1907/2828/4733 1911/2903/4733 1909/2826/4733
f 1912/2830/4734 1915/6206/4734 1916/2831/4734
f 1913/2833/4735 1917/2837/4735 1916/2834/4735
f 1914/2836/4736 1918/6207/4736 1916/2834/4736
f 1919/2838/4737 1922/2904/4737 1923/2839/4737
f 1920/2841/4738 1924/2845/4738 1923/2842/4738
f 1921/2844/4739 1925/6208/4739 1923/2842/4739
f 1926/2846/4740 1929/2910/4740 1930/2847/4740
f 1927/2849/4741 1931/2853/4741 1930/2850/4741
f 1928/2852/4742 1932/2905/4742 1930/2850/4742
f 1933/2854/4743 1936/6209/4743 1937/2855/4743
f 1934/2857/4744 1938/2861/4744 1937/2858/4744
f 1935/2860/4745 1939/2911/4745 1937/2858/4745
f 1940/2862/4746 1943/2914/4746 1944/2863/4746
f 1941/2865/4747 1945/2869/4747 1944/2866/4747
f 1942/2868/4748 1946/2909/4748 1944/2866/4748
f 1947/2870/4749 1950/2912/4749 1951/2871/4749
f 1948/2873/4750 1952/6210/4750 1951/2874/4750
f 1949/2876/4751 1953/2916/4751 1951/2877/4751
f 1954/2879/4752 1957/6211/4752 1958/2880/4752
f 1955/2882/4753 1959/2915/4753 1958/2883/4753
f 1956/2885/4754 1960/2913/4754 1958/2886/4754
f 1878/2791/1809 1880/2793/1809 1869/2888/1809
f 1880/2889/1810 1877/2788/1810 1863/2772/1810
f 1871/2783/1811 1873/2785/1811 1890/2890/1811
f 1873/2891/1812 1870/2780/1812 1884/2797/1812
f 1864/2775/1813 1872/2786/1813 1875/2787/1813
f 1868/2779/1814 1875/2787/1814 1871/2783/1814
f 1879/2794/1815 1882/2796/1815 1889/2892/1815
f 1882/2893/1816 1878/2791/1816 1886/2803/1816
f 1892/2809/1817 1894/2811/1817 1883/2894/1817
f 1883/2790/1818 1894/6205/1818 1891/2806/1818
f 1885/2800/1819 1887/2802/1819 1904/2895/1819
f 1887/2896/1820 1884/2797/1820 1898/2814/1820
f 1893/2812/1821 1896/2813/1821 1903/2821/1821
f 1903/2821/1822 1896/2813/1822 1892/2809/1822
f 1893/2812/1823 1906/2918/1823 1908/2897/1823
f 1908/2899/1824 1905/2822/1824 1891/2806/1824
f 1899/2817/1825 1901/2819/1825 1918/2900/1825
f 1901/2902/1826 1898/2814/1826 1912/2830/1826
f 1907/2828/1827 1910/2829/1827 1917/2837/1827
f 1917/2837/1828 1910/2829/1828 1906/2825/1828
f 1907/2828/1829 1920/2841/1829 1922/2843/1829
f 1922/2904/1830 1919/2838/1830 1905/2822/1830
f 1913/2833/1831 1915/2835/1831 1932/2905/1831
f 1932/2848/1832 1915/6206/1832 1912/2830/1832
f 1921/2844/4755 1924/2845/4755 1931/2853/4755
f 1924/2845/1834 1920/2841/1834 1928/2852/1834
f 1921/2906/1835 1934/2857/1835 1936/2859/1835
f 1925/2840/1836 1936/6209/1836 1933/2854/1836
f 1927/2908/1837 1929/6212/1837 1946/2909/1837
f 1929/2910/1838 1926/2846/1838 1940/2862/1838
f 1935/2860/1839 1938/2861/1839 1945/2869/1839
f 1945/2869/1840 1938/2861/1840 1934/2857/1840
f 1948/2873/1841 1950/2875/1841 1939/2911/1841
f 1950/2912/1842 1947/2870/1842 1933/2854/1842
f 1956/2885/1843 1941/2865/1843 1943/2867/1843
f 1943/2914/4756 1940/2862/4756 1954/2879/4756
f 1955/2882/1845 1949/2876/1845 1952/2878/1845
f 1959/2887/4757 1952/6210/4757 1948/2873/4757
f 1949/2876/1847 1864/2775/1847 1866/2777/1847
f 1953/2872/1848 1866/6204/1848 1863/2772/1848
f 1955/2882/1849 1957/2884/1849 1876/2917/1849
f 1876/2782/1850 1957/6211/1850 1954/2879/1850
f 1947/2870/1851 1863/2772/1851 1933/2854/1851
f 1863/2772/1851 1877/2788/1851 1933/2854/1851
f 1877/2788/1851 1891/2806/1851 1933/2854/1851
f 1891/2806/1851 1905/2822/1851 1933/2854/1851
f 1871/2783/1852 1886/2803/1852 1878/2791/1852
f 1949/2876/1853 1955/2882/1853 1872/2786/1853
f 1898/2814/1854 1884/2797/1854 1870/2780/1854
f 1870/2780/1854 1954/2879/1854 1940/2862/1854
f 1940/2862/1854 1926/2846/1854 1870/2780/1854
f 1926/2846/1854 1912/2830/1854 1870/2780/1854
f 1885/2800/1855 1900/2820/1855 1892/2809/1855
f 1899/2817/1856 1914/2901/1856 1906/2918/1856
f 1907/2828/1857 1913/2833/1857 1928/2852/1857
f 1927/2908/1858 1942/2868/1858 1934/2857/1858
f 1935/2860/1859 1941/2865/1859 1956/2885/1859
f 1961/2919/4758 1964/3062/4758 1965/2920/4758
f 1962/2922/4759 1966/2926/4759 1965/2923/4759
f 1963/2925/4760 1967/3035/4760 1965/2923/4760
f 1968/2927/4761 1971/3038/4761 1972/2928/4761
f 1969/2930/4762 1973/2934/4762 1972/2931/4762
f 1970/2933/4763 1974/3063/4763 1972/2931/4763
f 1975/2935/4764 1978/3036/4764 1979/2936/4764
f 1976/2938/4765 1980/6213/4765 1979/2939/4765
f 1977/2941/4766 1981/3040/4766 1979/2942/4766
f 1982/2944/4767 1985/6214/4767 1986/2945/4767
f 1983/2947/4768 1987/3039/4768 1986/2948/4768
f 1984/2950/4769 1988/3037/4769 1986/2951/4769
f 1989/2953/4770 1992/3041/4770 1993/2954/4770
f 1990/2956/4771 1994/2960/4771 1993/2957/4771
f 1991/2959/4772 1995/3044/4772 1993/2957/4772
f 1996/2961/4773 1999/3047/4773 2000/2962/4773
f 1997/2964/4774 2001/2968/4774 2000/2965/4774
f 1998/2967/4775 2002/3042/4775 2000/2965/4775
f 2003/2969/4776 2006/6215/4776 2007/2970/4776
f 2004/2972/4777 2008/2976/4777 2007/2973/4777
f 2005/2975/4778 2009/3048/4778 2007/2973/4778
f 2010/2977/4779 2013/6216/4779 2014/2978/4779
f 2011/2980/4780 2015/2984/4780 2014/2981/4780
f 2012/2983/4781 2016/6217/4781 2014/2981/4781
f 2017/2985/4782 2020/3049/4782 2021/2986/4782
f 2018/2988/4783 2022/2992/4783 2021/2989/4783
f 2019/2991/4784 2023/6218/4784 2021/2989/4784
f 2024/2993/4785 2027/3055/4785 2028/2994/4785
f 2025/2996/4786 2029/3000/4786 2028/2997/4786
f 2026/2999/4787 2030/3050/4787 2028/2997/4787
f 2031/3001/4788 2034/6219/4788 2035/3002/4788
f 2032/3004/4789 2036/3008/4789 2035/3005/4789
f 2033/3007/4790 2037/3056/4790 2035/3005/4790
f 2038/3009/4791 2041/3058/4791 2042/3010/4791
f 2039/3012/4792 2043/3016/4792 2042/3013/4792
f 2040/3015/4793 2044/3054/4793 2042/3013/4793
f 2045/3017/4794 2048/6220/4794 2049/3018/4794
f 2046/3020/4795 2050/3060/4795 2049/3021/4795
f 2047/3023/4796 2051/3061/4796 2049/3024/4796
f 2052/3026/4797 2055/3064/4797 2056/3027/4797
f 2053/3029/4798 2057/3059/4798 2056/3030/4798
f 2054/3032/4799 2058/3057/4799 2056/3033/4799
f 1963/2925/1902 1976/2938/1902 1978/2940/1902
f 1978/3036/1903 1975/2935/1903 1961/2919/1903
f 1984/2950/4800 1969/2930/4800 1971/2932/4800
f 1971/3038/1905 1968/2927/1905 1982/2944/1905
f 1970/2933/1906 1973/2934/1906 1966/2926/1906
f 1973/2934/1907 1969/2930/1907 1963/2925/1907
f 1977/2941/1908 1980/2943/1908 1987/3039/1908
f 1987/2952/1909 1980/6213/1909 1976/2938/1909
f 1977/2941/1910 1990/2956/1910 1992/2958/1910
f 1992/3041/4801 1989/2953/4801 1975/2935/4801
f 1998/2967/1912 1983/2947/1912 1985/2949/1912
f 2002/2963/1913 1985/6214/1913 1982/2944/1913
f 1991/2959/1914 1994/2960/1914 2001/2968/1914
f 2001/2968/1915 1994/2960/1915 1990/2956/1915
f 2004/3043/1916 2006/6221/1916 1995/3044/1916
f 1995/2955/1917 2006/6215/1917 2003/2969/1917
f 1997/2964/4802 1999/2966/4802 2016/3045/4802
f 1999/3047/4803 1996/2961/4803 2010/2977/4803
f 2005/2975/1920 2008/2976/1920 2015/2984/1920
f 2008/2976/1921 2004/2972/1921 2012/2983/1921
f 2018/2988/1922 2020/2990/1922 2009/3048/1922
f 2020/3049/1923 2017/2985/1923 2003/2969/1923
f 2011/2980/1924 2013/2982/1924 2030/3050/1924
f 2030/2995/1925 2013/6216/1925 2010/2977/1925
f 2019/2991/1926 2022/2992/1926 2029/3000/1926
f 2022/2992/1927 2018/2988/1927 2026/2999/1927
f 2019/3051/4804 2032/3004/4804 2034/3006/4804
f 2023/2987/1929 2034/6219/1929 2031/3001/1929
f 2040/3015/1930 2025/6222/1930 2027/3053/1930
f 2027/3055/1931 2024/2993/1931 2038/3009/1931
f 2033/3007/1932 2036/3008/1932 2043/3016/1932
f 2036/3008/1933 2032/3004/1933 2040/3015/1933
f 2046/3020/1934 2048/3022/1934 2037/3056/1934
f 2037/3003/4805 2048/6220/4805 2045/3017/4805
f 2039/3012/1936 2041/3014/1936 2058/3057/1936
f 2041/3058/1937 2038/3009/1937 2052/3026/1937
f 2047/3023/451 2050/3025/451 2057/3059/451
f 2050/3060/1938 2046/3020/1938 2054/3032/1938
f 1962/2922/1939 1964/2924/1939 2051/3061/1939
f 1964/3062/1940 1961/2919/1940 2045/3017/1940
f 2053/3029/1941 2055/3031/1941 1974/3063/1941
f 2055/3064/1942 2052/3026/1942 1968/2927/1942
f 2045/3017/1943 1961/2919/1943 2031/3001/1943
f 1961/2919/1943 1975/2935/1943 2031/3001/1943
f 1975/2935/1943 1989/2953/1943 2031/3001/1943
f 1989/2953/1943 2003/2969/1943 2031/3001/1943
f 1969/2930/1944 1984/2950/1944 1976/2938/1944
f 2053/3029/1945 1970/2933/1945 1962/2922/1945
f 1996/2961/1946 1982/2944/1946 2010/2977/1946
f 1982/2944/1946 1968/2927/1946 2010/2977/1946
f 1968/2927/1946 2052/3026/1946 2038/3009/1946
f 2038/3009/1946 2024/2993/1946 2010/2977/1946
f 1983/2947/1947 1998/2967/1947 1990/2956/1947
f 1997/2964/1948 2012/3046/1948 2004/3043/1948
f 2011/2980/1949 2026/2999/1949 2018/2988/1949
f 2019/3051/1950 2025/6222/1950 2040/3015/1950
f 2039/3012/1951 2054/3032/1951 2046/3020/1951
f 2059/3065/4806 2062/6223/4806 2063/3066/4806
f 2060/3068/4807 2064/3072/4807 2063/3069/4807
f 2061/3071/4808 2065/3181/4808 2063/3069/4808
f 2066/3073/4809 2069/3184/4809 2070/3074/4809
f 2067/3076/4810 2071/3080/4810 2070/3077/4810
f 2068/3079/4811 2072/3209/4811 2070/3077/4811
f 2073/3081/4812 2076/3182/4812 2077/3082/4812
f 2074/3084/4813 2078/6224/4813 2077/3085/4813
f 2075/3087/4814 2079/3186/4814 2077/3088/4814
f 2080/3090/4815 2083/3189/4815 2084/3091/4815
f 2081/3093/4816 2085/3185/4816 2084/3094/4816
f 2082/3096/4817 2086/3183/4817 2084/3097/4817
f 2087/3099/4818 2090/3187/4818 2091/3100/4818
f 2088/3102/4819 2092/3106/4819 2091/3103/4819
f 2089/3105/4820 2093/3191/4820 2091/3103/4820
f 2094/3107/4821 2097/3195/4821 2098/3108/4821
f 2095/3110/4822 2099/3114/4822 2098/3111/4822
f 2096/3113/4823 2100/3188/4823 2098/3111/4823
f 2101/3115/4824 2104/3192/4824 2105/3116/4824
f 2102/3118/4825 2106/3122/4825 2105/3119/4825
f 2103/3121/4826 2107/3196/4826 2105/3119/4826
f 2108/3123/4827 2111/6225/4827 2112/3124/4827
f 2109/3126/4828 2113/3130/4828 2112/3127/4828
f 2110/3129/4829 2114/6226/4829 2112/3127/4829
f 2115/3131/4830 2118/6227/4830 2119/3132/4830
f 2116/3134/4831 2120/3138/4831 2119/3135/4831
f 2117/3137/4832 2121/6228/4832 2119/3135/4832
f 2122/3139/4833 2125/6229/4833 2126/3140/4833
f 2123/3142/4834 2127/3146/4834 2126/3143/4834
f 2124/3145/4835 2128/3197/4835 2126/3143/4835
f 2129/3147/4836 2132/3200/4836 2133/3148/4836
f 2130/3150/4837 2134/3154/4837 2133/3151/4837
f 2131/3153/4838 2135/3203/4838 2133/3151/4838
f 2136/3155/4839 2139/3205/4839 2140/3156/4839
f 2137/3158/4840 2141/3162/4840 2140/3159/4840
f 2138/3161/4841 2142/3202/4841 2140/3159/4841
f 2143/3163/4842 2146/6230/4842 2147/3164/4842
f 2144/3166/4843 2148/3207/4843 2147/3167/4843
f 2145/3169/4844 2149/3208/4844 2147/3170/4844
f 2150/3172/4845 2153/3210/4845 2154/3173/4845
f 2151/3175/4846 2155/3206/4846 2154/3176/4846
f 2152/3178/4847 2156/3204/4847 2154/3179/4847
f 2074/3084/1994 2076/3086/1994 2065/3181/1994
f 2076/3182/1995 2073/3081/1995 2059/3065/1995
f 2082/3096/1996 2067/3076/1996 2069/3078/1996
f 2069/3184/1997 2066/3073/1997 2080/3090/1997
f 2068/3079/1998 2071/3080/1998 2064/3072/1998
f 2064/3072/1999 2071/3080/1999 2067/3076/1999
f 2075/3087/2000 2078/3089/2000 2085/3185/2000
f 2085/3098/2001 2078/6224/2001 2074/3084/2001
f 2088/3102/2002 2090/3104/2002 2079/3186/2002
f 2090/3187/2003 2087/3099/2003 2073/3081/2003
f 2081/3093/2004 2083/3095/2004 2100/3188/2004
f 2083/3189/2005 2080/3090/2005 2094/3107/2005
f 2089/3105/4848 2092/3106/4848 2099/3114/4848
f 2092/3106/2007 2088/3102/2007 2096/3113/2007
f 2102/3190/2008 2104/6231/2008 2093/3191/2008
f 2104/3192/2009 2101/3115/2009 2087/3099/2009
f 2095/3110/2010 2097/3112/2010 2114/3193/2010
f 2097/3195/2011 2094/3107/2011 2108/3123/2011
f 2103/3121/2012 2106/3122/2012 2113/3130/2012
f 2106/3122/4849 2102/3118/4849 2110/3129/4849
f 2103/3121/2014 2116/3134/2014 2118/3136/2014
f 2107/3117/2015 2118/6227/2015 2115/3131/2015
f 2109/3126/2016 2111/3128/2016 2128/3197/2016
f 2128/3141/2017 2111/6225/2017 2108/3123/2017
f 2117/3137/2018 2120/3138/2018 2127/3146/2018
f 2127/3146/2019 2120/3138/2019 2116/3134/2019
f 2117/3198/2020 2130/3150/2020 2132/3152/2020
f 2132/3200/2021 2129/3147/2021 2115/3131/2021
f 2138/3161/2022 2123/3211/2022 2125/3201/2022
f 2142/3157/4850 2125/6229/4850 2122/3139/4850
f 2131/3153/1653 2134/3154/1653 2141/3162/1653
f 2141/3162/2024 2134/3154/2024 2130/3150/2024
f 2131/3153/2025 2144/3166/2025 2146/3168/2025
f 2135/3149/2026 2146/6230/2026 2143/3163/2026
f 2152/3178/2027 2137/3158/2027 2139/3160/2027
f 2139/3205/2028 2136/3155/2028 2150/3172/2028
f 2145/3169/2029 2148/3171/2029 2155/3206/2029
f 2148/3207/2030 2144/3166/2030 2152/3178/2030
f 2145/3169/2031 2060/3068/2031 2062/3070/2031
f 2149/3165/4851 2062/6223/4851 2059/3065/4851
f 2068/3079/2033 2151/3175/2033 2153/3177/2033
f 2153/3210/2034 2150/3172/2034 2066/3073/2034
f 2143/3163/2035 2059/3065/2035 2129/3147/2035
f 2059/3065/2035 2073/3081/2035 2129/3147/2035
f 2073/3081/2035 2087/3099/2035 2101/3115/2035
f 2101/3115/2035 2115/3131/2035 2073/3081/2035
f 2061/3071/2036 2067/3076/2036 2082/3096/2036
f 2151/3175/2037 2068/3079/2037 2060/3068/2037
f 2094/3107/2038 2080/3090/2038 2066/3073/2038
f 2066/3073/2038 2150/3172/2038 2108/3123/2038
f 2150/3172/2038 2136/3155/2038 2108/3123/2038
f 2136/3155/2038 2122/3139/2038 2108/3123/2038
f 2081/3093/2039 2096/3113/2039 2088/3102/2039
f 2095/3110/2040 2110/3194/2040 2102/3190/2040
f 2103/3121/2041 2109/3126/2041 2124/3145/2041
f 2123/3211/2042 2138/3161/2042 2130/3150/2042
f 2131/3153/2043 2137/3158/2043 2152/3178/2043
f 2157/3212/4852 2160/6232/4852 2161/3213/4852
f 2158/3215/4853 2162/3219/4853 2161/3216/4853
f 2159/3218/4854 2163/3328/4854 2161/3216/4854
f 2164/3220/4855 2167/6233/4855 2168/3221/4855
f 2165/3223/4856 2169/3227/4856 2168/3224/4856
f 2166/3226/4857 2170/3355/4857 2168/3224/4857
f 2171/3228/4858 2174/6234/4858 2175/3229/4858
f 2172/3231/4859 2176/3331/4859 2175/3232/4859
f 2173/3234/4860 2177/3332/4860 2175/3235/4860
f 2178/3237/4861 2181/6235/4861 2182/3238/4861
f 2179/3240/4862 2183/3330/4862 2182/3241/4862
f 2180/3243/4863 2184/3329/4863 2182/3244/4863
f 2185/3246/4864 2188/3333/4864 2189/3247/4864
f 2186/3249/4865 2190/3253/4865 2189/3250/4865
f 2187/3252/4866 2191/3336/4866 2189/3250/4866
f 2192/3254/4867 2195/3340/4867 2196/3255/4867
f 2193/3257/4868 2197/3261/4868 2196/3258/4868
f 2194/3260/4869 2198/3334/4869 2196/3258/4869
f 2199/3262/4870 2202/3337/4870 2203/3263/4870
f 2200/3265/4871 2204/3269/4871 2203/3266/4871
f 2201/3268/4872 2205/3341/4872 2203/3266/4872
f 2206/3270/4873 2209/3343/4873 2210/3271/4873
f 2207/3273/4874 2211/3277/4874 2210/3274/4874
f 2208/3276/4875 2212/6236/4875 2210/3274/4875
f 2213/3278/4876 2216/6237/4876 2217/3279/4876
f 2214/3281/4877 2218/3285/4877 2217/3282/4877
f 2215/3284/4878 2219/6238/4878 2217/3282/4878
f 2220/3286/4879 2223/6239/4879 2224/3287/4879
f 2221/3289/4880 2225/3293/4880 2224/3290/4880
f 2222/3292/4881 2226/3342/4881 2224/3290/4881
f 2227/3294/4882 2230/3346/4882 2231/3295/4882
f 2228/3297/4883 2232/3301/4883 2231/3298/4883
f 2229/3300/4884 2233/3349/4884 2231/3298/4884
f 2234/3302/4885 2237/3351/4885 2238/3303/4885
f 2235/3305/4886 2239/3309/4886 2238/3306/4886
f 2236/3308/4887 2240/3348/4887 2238/3306/4887
f 2241/3310/4888 2244/6240/4888 2245/3311/4888
f 2242/3313/4889 2246/3353/4889 2245/3314/4889
f 2243/3316/4890 2247/3354/4890 2245/3317/4890
f 2248/3319/4891 2251/3356/4891 2252/3320/4891
f 2249/3322/4892 2253/3352/4892 2252/3323/4892
f 2250/3325/4893 2254/3350/4893 2252/3326/4893
f 2159/3218/2086 2172/3231/2086 2174/3233/2086
f 2163/3214/4894 2174/6234/4894 2171/3228/4894
f 2165/3223/2088 2167/3225/2088 2184/3329/2088
f 2184/3239/2089 2167/6233/2089 2164/3220/2089
f 2166/3226/2090 2169/3227/2090 2162/3219/2090
f 2162/3219/2091 2169/3227/2091 2165/3223/2091
f 2179/3240/2092 2173/3234/2092 2176/3236/2092
f 2176/3331/2093 2172/3231/2093 2180/3243/2093
f 2173/3234/4895 2186/3249/4895 2188/3251/4895
f 2188/3333/2095 2185/3246/2095 2171/3228/2095
f 2179/3240/2096 2181/3242/2096 2198/3334/2096
f 2198/3256/2097 2181/6235/2097 2178/3237/2097
f 2187/3252/2098 2190/3253/2098 2197/3261/2098
f 2190/3253/2099 2186/3249/2099 2194/3260/2099
f 2200/3335/2100 2202/6241/2100 2191/3336/2100
f 2202/3337/2101 2199/3262/2101 2185/3246/2101
f 2208/3338/2102 2193/3257/2102 2195/3259/2102
f 2195/3340/2103 2192/3254/2103 2206/3270/2103
f 2201/3268/2104 2204/3269/2104 2211/3277/2104
f 2204/3269/2105 2200/3265/2105 2208/3276/2105
f 2201/3268/2106 2214/3281/2106 2216/3283/2106
f 2205/3264/2107 2216/6237/2107 2213/3278/2107
f 2222/3292/2108 2207/3273/2108 2209/3275/2108
f 2209/3343/2109 2206/3270/2109 2220/3286/2109
f 2215/3284/2110 2218/3285/2110 2225/3293/2110
f 2218/3285/2111 2214/3281/2111 2222/3292/2111
f 2228/3297/2112 2230/3299/2112 2219/3344/2112
f 2230/3346/2113 2227/3294/2113 2213/3278/2113
f 2221/3347/2114 2223/6242/2114 2240/3348/2114
f 2240/3304/2115 2223/6239/2115 2220/3286/2115
f 2229/3300/2116 2232/3301/2116 2239/3309/2116
f 2232/3301/2117 2228/3297/2117 2236/3308/2117
f 2242/3313/2118 2244/3315/2118 2233/3349/2118
f 2233/3296/2119 2244/6240/2119 2241/3310/2119
f 2250/3325/2120 2235/3305/2120 2237/3307/2120
f 2237/3351/2121 2234/3302/2121 2248/3319/2121
f 2243/3316/2122 2246/3318/2122 2253/3352/2122
f 2246/3353/2123 2242/3313/2123 2250/3325/2123
f 2243/3316/4896 2158/3215/4896 2160/3217/4896
f 2247/3312/2125 2160/6232/2125 2157/3212/2125
f 2249/3322/2126 2251/3324/2126 2170/3355/2126
f 2251/3356/4897 2248/3319/4897 2164/3220/4897
f 2241/3310/2128 2157/3212/2128 2171/3228/2128
f 2171/3228/2128 2185/3246/2128 2199/3262/2128
f 2199/3262/2128 2213/3278/2128 2171/3228/2128
f 2213/3278/2128 2227/3294/2128 2171/3228/2128
f 2165/3223/4898 2180/3243/4898 2172/3231/4898
f 2249/3322/2130 2166/3226/2130 2158/3215/2130
f 2192/3254/2131 2178/3237/2131 2164/3220/2131
f 2164/3220/2131 2248/3319/2131 2234/3302/2131
f 2234/3302/2131 2220/3286/2131 2164/3220/2131
f 2220/3286/2131 2206/3270/2131 2164/3220/2131
f 2173/3234/2132 2179/3240/2132 2194/3260/2132
f 2193/3257/2133 2208/3338/2133 2200/3335/2133
f 2207/3273/2134 2222/3292/2134 2214/3281/2134
f 2221/3347/2135 2236/3308/2135 2228/3297/2135
f 2235/3305/2136 2250/3325/2136 2242/3313/2136
f 2255/3357/4899 2258/3498/4899 2259/3358/4899
f 2256/3360/4900 2260/3364/4900 2259/3361/4900
f 2257/3363/4901 2261/3473/4901 2259/3361/4901
f 2262/3365/4902 2265/3475/4902 2266/3366/4902
f 2263/3368/4903 2267/3372/4903 2266/3369/4903
f 2264/3371/4904 2268/3499/4904 2266/3369/4904
f 2269/3373/4905 2272/6243/4905 2273/3374/4905
f 2270/3376/4906 2274/3477/4906 2273/3377/4906
f 2271/3379/4907 2275/3478/4907 2273/3380/4907
f 2276/3382/4908 2279/6244/4908 2280/3383/4908
f 2277/3385/4909 2281/3476/4909 2280/3386/4909
f 2278/3388/4910 2282/3474/4910 2280/3389/4910
f 2283/3391/4911 2286/6245/4911 2287/3392/4911
f 2284/3394/4912 2288/3398/4912 2287/3395/4912
f 2285/3397/4913 2289/3481/4913 2287/3395/4913
f 2290/3399/4914 2293/3485/4914 2294/3400/4914
f 2291/3402/4915 2295/3406/4915 2294/3403/4915
f 2292/3405/4916 2296/3479/4916 2294/3403/4916
f 2297/3407/4917 2300/3482/4917 2301/3408/4917
f 2298/3410/4918 2302/3414/4918 2301/3411/4918
f 2299/3413/4919 2303/3486/4919 2301/3411/4919
f 2304/3415/4920 2307/6246/4920 2308/3416/4920
f 2305/3418/4921 2309/3422/4921 2308/3419/4921
f 2306/3421/4922 2310/6247/4922 2308/3419/4922
f 2311/3423/4923 2314/6248/4923 2315/3424/4923
f 2312/3426/4924 2316/3430/4924 2315/3427/4924
f 2313/3429/4925 2317/6249/4925 2315/3427/4925
f 2318/3431/4926 2321/3492/4926 2322/3432/4926
f 2319/3434/4927 2323/3438/4927 2322/3435/4927
f 2320/3437/4928 2324/3487/4928 2322/3435/4928
f 2325/3439/4929 2328/6250/4929 2329/3440/4929
f 2326/3442/4930 2330/3446/4930 2329/3443/4930
f 2327/3445/4931 2331/3493/4931 2329/3443/4931
f 2332/3447/4932 2335/6251/4932 2336/3448/4932
f 2333/3450/4933 2337/3454/4933 2336/3451/4933
f 2334/3453/4934 2338/3491/4934 2336/3451/4934
f 2339/3455/4935 2342/3494/4935 2343/3456/4935
f 2340/3458/4936 2344/6252/4936 2343/3459/4936
f 2341/3461/4937 2345/3497/4937 2343/3462/4937
f 2346/3464/4938 2349/6253/4938 2350/3465/4938
f 2347/3467/4939 2351/3496/4939 2350/3468/4939
f 2348/3470/4940 2352/3495/4940 2350/3471/4940
f 2270/3376/2179 2272/3378/2179 2261/3473/2179
f 2261/3359/2180 2272/6243/2180 2269/3373/2180
f 2263/3368/4941 2265/3370/4941 2282/3474/4941
f 2265/3475/2182 2262/3365/2182 2276/3382/2182
f 2256/3360/2183 2264/3371/2183 2267/3372/2183
f 2267/3372/2184 2263/3368/2184 2257/3363/2184
f 2271/3379/2185 2274/3381/2185 2281/3476/2185
f 2274/3477/2186 2270/3376/2186 2278/3388/2186
f 2284/3394/2187 2286/3396/2187 2275/3478/2187
f 2275/3375/2188 2286/6245/2188 2283/3391/2188
f 2277/3385/2189 2279/3387/2189 2296/3479/2189
f 2296/3401/2190 2279/6244/2190 2276/3382/2190
f 2291/3402/2191 2285/3397/2191 2288/3398/2191
f 2295/3406/335 2288/3398/335 2284/3394/335
f 2298/3480/2192 2300/6254/2192 2289/3481/2192
f 2300/3482/2193 2297/3407/2193 2283/3391/2193
f 2306/3483/2194 2291/3402/2194 2293/3404/2194
f 2293/3485/2195 2290/3399/2195 2304/3415/2195
f 2305/3418/2196 2299/3413/2196 2302/3414/2196
f 2302/3414/2197 2298/3410/2197 2306/3421/2197
f 2299/3413/2198 2312/3426/2198 2314/3428/2198
f 2303/3409/2199 2314/6248/2199 2311/3423/2199
f 2320/3437/2200 2305/3418/2200 2307/3420/2200
f 2324/3433/2201 2307/6246/2201 2304/3415/2201
f 2313/3429/2202 2316/3430/2202 2323/3438/2202
f 2316/3430/2203 2312/3426/2203 2320/3437/2203
f 2326/3442/4942 2328/3444/4942 2317/3488/4942
f 2317/3425/2205 2328/6250/2205 2325/3439/2205
f 2319/3490/2206 2321/6255/2206 2338/3491/2206
f 2321/3492/4943 2318/3431/4943 2332/3447/4943
f 2327/3445/2208 2330/3446/2208 2337/3454/2208
f 2330/3446/4944 2326/3442/4944 2334/3453/4944
f 2327/3445/2210 2340/3458/2210 2342/3460/2210
f 2342/3494/4945 2339/3455/4945 2325/3439/4945
f 2333/3450/2212 2335/3452/2212 2352/3495/2212
f 2352/3466/2213 2335/6251/2213 2332/3447/2213
f 2347/3467/4946 2341/3461/4946 2344/3463/4946
f 2351/3472/2215 2344/6252/2215 2340/3458/2215
f 2341/3461/2216 2256/3360/2216 2258/3362/2216
f 2258/3498/2217 2255/3357/2217 2339/3455/2217
f 2264/3371/2218 2347/3467/2218 2349/3469/2218
f 2268/3367/2219 2349/6253/2219 2346/3464/2219
f 2339/3455/2220 2255/3357/2220 2269/3373/2220
f 2269/3373/2220 2283/3391/2220 2297/3407/2220
f 2297/3407/2220 2311/3423/2220 2269/3373/2220
f 2311/3423/2220 2325/3439/2220 2269/3373/2220
f 2263/3368/2221 2278/3388/2221 2270/3376/2221
f 2341/3461/2222 2347/3467/2222 2264/3371/2222
f 2290/3399/2223 2276/3382/2223 2262/3365/2223
f 2262/3365/2223 2346/3464/2223 2332/3447/2223
f 2332/3447/2223 2318/3431/2223 2304/3415/2223
f 2304/3415/2223 2290/3399/2223 2332/3447/2223
f 2271/3379/2224 2277/3385/2224 2292/3405/2224
f 2285/3397/2225 2291/3402/2225 2306/3483/2225
f 2299/3413/2226 2305/3418/2226 2320/3437/2226
f 2319/3490/2227 2334/3453/2227 2326/3442/2227
f 2327/3445/2228 2333/3450/2228 2348/3470/2228
f 2353/3500/4947 2356/3645/4947 2357/3501/4947
f 2354/3503/4948 2358/3507/4948 2357/3504/4948
f 2355/3506/4949 2359/3616/4949 2357/3504/4949
f 2360/3508/4950 2363/3619/4950 2364/3509/4950
f 2361/3511/4951 2365/3515/4951 2364/3512/4951
f 2362/3514/4952 2366/3646/4952 2364/3512/4952
f 2367/3516/4953 2370/3617/4953 2371/3517/4953
f 2368/3519/4954 2372/3621/4954 2371/3520/4954
f 2369/3522/4955 2373/3622/4955 2371/3523/4955
f 2374/3525/4956 2377/6256/4956 2378/3526/4956
f 2375/3528/4957 2379/3620/4957 2378/3529/4957
f 2376/3531/4958 2380/3618/4958 2378/3532/4958
f 2381/3534/4959 2384/3623/4959 2385/3535/4959
f 2382/3537/4960 2386/3541/4960 2385/3538/4960
f 2383/3540/4961 2387/3626/4961 2385/3538/4961
f 2388/3542/4962 2391/3629/4962 2392/3543/4962
f 2389/3545/4963 2393/3549/4963 2392/3546/4963
f 2390/3548/4964 2394/3624/4964 2392/3546/4964
f 2395/3550/4965 2398/6257/4965 2399/3551/4965
f 2396/3553/4966 2400/3557/4966 2399/3554/4966
f 2397/3556/4967 2401/3630/4967 2399/3554/4967
f 2402/3558/4968 2405/3633/4968 2406/3559/4968
f 2403/3561/4969 2407/3565/4969 2406/3562/4969
f 2404/3564/4970 2408/6258/4970 2406/3562/4970
f 2409/3566/4971 2412/3631/4971 2413/3567/4971
f 2410/3569/4972 2414/3573/4972 2413/3570/4972
f 2411/3572/4973 2415/6259/4973 2413/3570/4973
f 2416/3574/4974 2419/6260/4974 2420/3575/4974
f 2417/3577/4975 2421/3581/4975 2420/3578/4975
f 2418/3580/4976 2422/3632/4976 2420/3578/4976
f 2423/3582/4977 2426/6261/4977 2427/3583/4977
f 2424/3585/4978 2428/3589/4978 2427/3586/4978
f 2425/3588/4979 2429/3638/4979 2427/3586/4979
f 2430/3590/4980 2433/3641/4980 2434/3591/4980
f 2431/3593/4981 2435/3597/4981 2434/3594/4981
f 2432/3596/4982 2436/3637/4982 2434/3594/4982
f 2437/3598/4983 2440/3639/4983 2441/3599/4983
f 2438/3601/4984 2442/3643/4984 2441/3602/4984
f 2439/3604/4985 2443/3644/4985 2441/3605/4985
f 2444/3607/4986 2447/6262/4986 2448/3608/4986
f 2445/3610/4987 2449/3642/4987 2448/3611/4987
f 2446/3613/4988 2450/3640/4988 2448/3614/4988
f 2368/3519/2271 2370/3521/2271 2359/3616/2271
f 2370/3617/4989 2367/3516/4989 2353/3500/4989
f 2376/3531/2273 2361/3511/2273 2363/3513/2273
f 2363/3619/2274 2360/3508/2274 2374/3525/2274
f 2354/3503/2275 2362/3514/2275 2365/3515/2275
f 2365/3515/2276 2361/3511/2276 2355/3506/2276
f 2369/3522/4990 2372/3524/4990 2379/3620/4990
f 2372/3621/2278 2368/3519/2278 2376/3531/2278
f 2369/3522/4991 2382/3537/4991 2384/3539/4991
f 2384/3623/2280 2381/3534/2280 2367/3516/2280
f 2390/3548/2281 2375/3528/2281 2377/3530/2281
f 2394/3544/2282 2377/6256/2282 2374/3525/2282
f 2383/3540/2283 2386/3541/2283 2393/3549/2283
f 2386/3541/2284 2382/3537/2284 2390/3548/2284
f 2396/3625/2285 2398/6263/2285 2387/3626/2285
f 2387/3536/2286 2398/6257/2286 2395/3550/2286
f 2404/3627/2287 2389/3545/2287 2391/3547/2287
f 2391/3629/2288 2388/3542/2288 2402/3558/2288
f 2397/3556/2289 2400/3557/2289 2407/3565/2289
f 2407/3565/2290 2400/3557/2290 2396/3553/2290
f 2410/3569/2291 2412/3571/2291 2401/3630/2291
f 2412/3631/4992 2409/3566/4992 2395/3550/4992
f 2403/3561/2293 2405/3563/2293 2422/3632/2293
f 2405/3633/2294 2402/3558/2294 2416/3574/2294
f 2411/3572/2295 2414/3573/2295 2421/3581/2295
f 2414/3573/2296 2410/3569/2296 2418/3580/2296
f 2424/3585/2297 2426/3587/2297 2415/3634/2297
f 2415/3568/2298 2426/6261/2298 2423/3582/2298
f 2417/3636/2299 2419/6264/2299 2436/3637/2299
f 2436/3592/2300 2419/6260/2300 2416/3574/2300
f 2425/3588/2301 2428/3589/2301 2435/3597/2301
f 2428/3589/2302 2424/3585/2302 2432/3596/2302
f 2438/3601/2303 2440/3603/2303 2429/3638/2303
f 2440/3639/2304 2437/3598/2304 2423/3582/2304
f 2446/3613/2305 2431/3593/2305 2433/3595/2305
f 2433/3641/4993 2430/3590/4993 2444/3607/4993
f 2445/3610/2307 2439/3604/2307 2442/3606/2307
f 2442/3643/2308 2438/3601/2308 2446/3613/2308
f 2354/3503/2309 2356/3505/2309 2443/3644/2309
f 2356/3645/2310 2353/3500/2310 2437/3598/2310
f 2362/3514/4994 2445/3610/4994 2447/3612/4994
f 2366/3510/2312 2447/6262/2312 2444/3607/2312
f 2437/3598/2313 2353/3500/2313 2367/3516/2313
f 2367/3516/2313 2381/3534/2313 2395/3550/2313
f 2395/3550/2313 2409/3566/2313 2367/3516/2313
f 2409/3566/2313 2423/3582/2313 2367/3516/2313
f 2361/3511/2314 2376/3531/2314 2368/3519/2314
f 2445/3610/2315 2362/3514/2315 2354/3503/2315
f 2388/3542/2316 2374/3525/2316 2402/3558/2316
f 2374/3525/2316 2360/3508/2316 2402/3558/2316
f 2360/3508/2316 2444/3607/2316 2402/3558/2316
f 2444/3607/2316 2430/3590/2316 2402/3558/2316
f 2375/3528/2317 2390/3548/2317 2382/3537/2317
f 2389/3545/2318 2404/3627/2318 2396/3625/2318
f 2403/3561/2319 2418/3580/2319 2410/3569/2319
f 2417/3636/2320 2432/3596/2320 2424/3585/2320
f 2425/3588/2321 2431/3593/2321 2446/3613/2321
f 2451/3647/4995 2454/3791/4995 2455/3648/4995
f 2452/3650/4996 2456/3654/4996 2455/3651/4996
f 2453/3653/4997 2457/3763/4997 2455/3651/4997
f 2458/3655/4998 2461/3765/4998 2462/3656/4998
f 2459/3658/4999 2463/3662/4999 2462/3659/4999
f 2460/3661/5000 2464/3792/5000 2462/3659/5000
f 2465/3663/5001 2468/6265/5001 2469/3664/5001
f 2466/3666/5002 2470/3767/5002 2469/3667/5002
f 2467/3669/5003 2471/3768/5003 2469/3670/5003
f 2472/3672/5004 2475/3771/5004 2476/3673/5004
f 2473/3675/5005 2477/3766/5005 2476/3676/5005
f 2474/3678/5006 2478/3764/5006 2476/3679/5006
f 2479/3681/5007 2482/3769/5007 2483/3682/5007
f 2480/3684/5008 2484/3688/5008 2483/3685/5008
f 2481/3687/5009 2485/3773/5009 2483/3685/5009
f 2486/3689/5010 2489/6266/5010 2490/3690/5010
f 2487/3692/5011 2491/3696/5011 2490/3693/5011
f 2488/3695/5012 2492/3770/5012 2490/3693/5012
f 2493/3697/5013 2496/3774/5013 2497/3698/5013
f 2494/3700/5014 2498/3704/5014 2497/3701/5014
f 2495/3703/5015 2499/3777/5015 2497/3701/5015
f 2500/3705/5016 2503/3780/5016 2504/3706/5016
f 2501/3708/5017 2505/3712/5017 2504/3709/5017
f 2502/3711/5018 2506/6267/5018 2504/3709/5018
f 2507/3713/5019 2510/3778/5019 2511/3714/5019
f 2508/3716/5020 2512/3720/5020 2511/3717/5020
f 2509/3719/5021 2513/6268/5021 2511/3717/5021
f 2514/3721/5022 2517/6269/5022 2518/3722/5022
f 2515/3724/5023 2519/3728/5023 2518/3725/5023
f 2516/3727/5024 2520/3779/5024 2518/3725/5024
f 2521/3729/5025 2524/3783/5025 2525/3730/5025
f 2522/3732/5026 2526/3736/5026 2525/3733/5026
f 2523/3735/5027 2527/3786/5027 2525/3733/5027
f 2528/3737/5028 2531/6270/5028 2532/3738/5028
f 2529/3740/5029 2533/3744/5029 2532/3741/5029
f 2530/3743/5030 2534/3785/5030 2532/3741/5030
f 2535/3745/5031 2538/3787/5031 2539/3746/5031
f 2536/3748/5032 2540/6271/5032 2539/3749/5032
f 2537/3751/5033 2541/3790/5033 2539/3752/5033
f 2542/3754/5034 2545/3793/5034 2546/3755/5034
f 2543/3757/5035 2547/3789/5035 2546/3758/5035
f 2544/3760/5036 2548/3788/5036 2546/3761/5036
f 2453/3653/2364 2466/3666/2364 2468/3668/2364
f 2457/3649/2365 2468/6265/2365 2465/3663/2365
f 2474/3678/2366 2459/3658/2366 2461/3660/2366
f 2461/3765/2367 2458/3655/2367 2472/3672/2367
f 2452/3650/2368 2460/3661/2368 2463/3662/2368
f 2456/3654/2369 2463/3662/2369 2459/3658/2369
f 2473/3675/5037 2467/3669/5037 2470/3671/5037
f 2470/3767/2371 2466/3666/2371 2474/3678/2371
f 2480/3684/2372 2482/3686/2372 2471/3768/2372
f 2482/3769/2373 2479/3681/2373 2465/3663/2373
f 2488/3695/5038 2473/3675/5038 2475/3677/5038
f 2475/3771/2375 2472/3672/2375 2486/3689/2375
f 2481/3687/2376 2484/3688/2376 2491/3696/2376
f 2491/3696/2377 2484/3688/2377 2480/3684/2377
f 2481/3687/2378 2494/3794/2378 2496/3772/2378
f 2496/3774/5039 2493/3697/5039 2479/3681/5039
f 2487/3692/2380 2489/3694/2380 2506/3775/2380
f 2506/3707/2381 2489/6266/2381 2486/3689/2381
f 2495/3703/2382 2498/3704/2382 2505/3712/2382
f 2498/3704/5040 2494/3700/5040 2502/3711/5040
f 2508/3716/2384 2510/3718/2384 2499/3777/2384
f 2510/3778/2385 2507/3713/2385 2493/3697/2385
f 2516/3727/2386 2501/3708/2386 2503/3710/2386
f 2503/3780/2387 2500/3705/2387 2514/3721/2387
f 2515/3724/5041 2509/3719/5041 2512/3720/5041
f 2512/3720/2389 2508/3716/2389 2516/3727/2389
f 2522/3732/2390 2524/3734/2390 2513/3781/2390
f 2524/3783/2391 2521/3729/2391 2507/3713/2391
f 2515/3784/2392 2517/6272/2392 2534/3785/2392
f 2534/3739/2393 2517/6269/2393 2514/3721/2393
f 2523/3735/2394 2526/3736/2394 2533/3744/2394
f 2533/3744/2395 2526/3736/2395 2522/3732/2395
f 2523/3735/5042 2536/3748/5042 2538/3750/5042
f 2538/3787/2397 2535/3745/2397 2521/3729/2397
f 2544/3760/2398 2529/3740/2398 2531/3742/2398
f 2548/3756/2399 2531/6270/2399 2528/3737/2399
f 2543/3757/2400 2537/3751/2400 2540/3753/2400
f 2547/3762/2401 2540/6271/2401 2536/3748/2401
f 2537/3751/5043 2452/3650/5043 2454/3652/5043
f 2454/3791/2403 2451/3647/2403 2535/3745/2403
f 2543/3757/2404 2545/3759/2404 2464/3792/2404
f 2545/3793/2405 2542/3754/2405 2458/3655/2405
f 2535/3745/2406 2451/3647/2406 2465/3663/2406
f 2465/3663/2406 2479/3681/2406 2493/3697/2406
f 2493/3697/2406 2507/3713/2406 2465/3663/2406
f 2507/3713/2406 2521/3729/2406 2465/3663/2406
f 2459/3658/2407 2474/3678/2407 2466/3666/2407
f 2537/3751/2408 2543/3757/2408 2460/3661/2408
f 2486/3689/2409 2472/3672/2409 2500/3705/2409
f 2472/3672/2409 2458/3655/2409 2500/3705/2409
f 2458/3655/2409 2542/3754/2409 2528/3737/2409
f 2528/3737/2409 2514/3721/2409 2458/3655/2409
f 2467/3669/2410 2473/3675/2410 2488/3695/2410
f 2487/3692/2411 2502/3776/2411 2494/3794/2411
f 2495/3703/2412 2501/3708/2412 2516/3727/2412
f 2509/3782/2413 2515/3784/2413 2530/3743/2413
f 2523/3735/2414 2529/3740/2414 2544/3760/2414
f 2549/3795/5044 2552/6273/5044 2553/3796/5044
f 2550/3798/5045 2554/3802/5045 2553/3799/5045
f 2551/3801/5046 2555/3911/5046 2553/3799/5046
f 2556/3803/5047 2559/6274/5047 2560/3804/5047
f 2557/3806/5048 2561/3810/5048 2560/3807/5048
f 2558/3809/5049 2562/3937/5049 2560/3807/5049
f 2563/3811/5050 2566/3912/5050 2567/3812/5050
f 2564/3814/5051 2568/6275/5051 2567/3815/5051
f 2565/3817/5052 2569/3915/5052 2567/3818/5052
f 2570/3820/5053 2573/6276/5053 2574/3821/5053
f 2571/3823/5054 2575/3914/5054 2574/3824/5054
f 2572/3826/5055 2576/3913/5055 2574/3827/5055
f 2577/3829/5056 2580/3916/5056 2581/3830/5056
f 2578/3832/5057 2582/3836/5057 2581/3833/5057
f 2579/3835/5058 2583/3919/5058 2581/3833/5058
f 2584/3837/5059 2587/6277/5059 2588/3838/5059
f 2585/3840/5060 2589/3844/5060 2588/3841/5060
f 2586/3843/5061 2590/3917/5061 2588/3841/5061
f 2591/3845/5062 2594/6278/5062 2595/3846/5062
f 2592/3848/5063 2596/3852/5063 2595/3849/5063
f 2593/3851/5064 2597/3922/5064 2595/3849/5064
f 2598/3853/5065 2601/3925/5065 2602/3854/5065
f 2599/3856/5066 2603/3860/5066 2602/3857/5066
f 2600/3859/5067 2604/6279/5067 2602/3857/5067
f 2605/3861/5068 2608/3923/5068 2609/3862/5068
f 2606/3864/5069 2610/3868/5069 2609/3865/5069
f 2607/3867/5070 2611/6280/5070 2609/3865/5070
f 2612/3869/5071 2615/6281/5071 2616/3870/5071
f 2613/3872/5072 2617/3876/5072 2616/3873/5072
f 2614/3875/5073 2618/3924/5073 2616/3873/5073
f 2619/3877/5074 2622/3928/5074 2623/3878/5074
f 2620/3880/5075 2624/3884/5075 2623/3881/5075
f 2621/3883/5076 2625/3931/5076 2623/3881/5076
f 2626/3885/5077 2629/3933/5077 2630/3886/5077
f 2627/3888/5078 2631/3892/5078 2630/3889/5078
f 2628/3891/5079 2632/3930/5079 2630/3889/5079
f 2633/3893/5080 2636/6282/5080 2637/3894/5080
f 2634/3896/5081 2638/3935/5081 2637/3897/5081
f 2635/3899/5082 2639/3936/5082 2637/3900/5082
f 2640/3902/5083 2643/3938/5083 2644/3903/5083
f 2641/3905/5084 2645/3934/5084 2644/3906/5084
f 2642/3908/5085 2646/3932/5085 2644/3909/5085
f 2564/3814/2457 2566/3816/2457 2555/3911/2457
f 2566/3912/2458 2563/3811/2458 2549/3795/2458
f 2557/3806/2459 2559/3808/2459 2576/3913/2459
f 2576/3822/2460 2559/6274/2460 2556/3803/2460
f 2558/3809/5086 2561/3810/5086 2554/3802/5086
f 2561/3810/5087 2557/3806/5087 2551/3801/5087
f 2571/3823/2463 2565/3817/2463 2568/3819/2463
f 2575/3828/2464 2568/6275/2464 2564/3814/2464
f 2565/3817/2465 2578/3832/2465 2580/3834/2465
f 2580/3916/5088 2577/3829/5088 2563/3811/5088
f 2586/3843/2467 2571/3823/2467 2573/3825/2467
f 2590/3839/2468 2573/6276/2468 2570/3820/2468
f 2585/3840/2469 2579/3835/2469 2582/3836/2469
f 2582/3836/2470 2578/3832/2470 2586/3843/2470
f 2579/3835/2471 2592/3939/2471 2594/3918/2471
f 2583/3831/2472 2594/6278/2472 2591/3845/2472
f 2600/3920/2473 2585/3840/2473 2587/3842/2473
f 2604/3855/2474 2587/6277/2474 2584/3837/2474
f 2599/3856/2475 2593/3851/2475 2596/3852/2475
f 2603/3860/2476 2596/3852/2476 2592/3848/2476
f 2606/3864/2477 2608/3866/2477 2597/3922/2477
f 2608/3923/2478 2605/3861/2478 2591/3845/2478
f 2614/3875/2479 2599/3856/2479 2601/3858/2479
f 2601/3925/2480 2598/3853/2480 2612/3869/2480
f 2607/3867/2481 2610/3868/2481 2617/3876/2481
f 2610/3868/5089 2606/3864/5089 2614/3875/5089
f 2620/3880/5090 2622/3882/5090 2611/3926/5090
f 2622/3928/5091 2619/3877/5091 2605/3861/5091
f 2613/3929/2485 2615/6283/2485 2632/3930/2485
f 2632/3887/2486 2615/6281/2486 2612/3869/2486
f 2621/3883/2487 2624/3884/2487 2631/3892/2487
f 2624/3884/2488 2620/3880/2488 2628/3891/2488
f 2634/3896/2489 2636/3898/2489 2625/3931/2489
f 2625/3879/2490 2636/6282/2490 2633/3893/2490
f 2642/3908/2491 2627/3888/2491 2629/3890/2491
f 2629/3933/2492 2626/3885/2492 2640/3902/2492
f 2635/3899/2493 2638/3901/2493 2645/3934/2493
f 2638/3935/5092 2634/3896/5092 2642/3908/5092
f 2635/3899/2495 2550/3798/2495 2552/3800/2495
f 2639/3895/2496 2552/6273/2496 2549/3795/2496
f 2558/3809/2497 2641/3905/2497 2643/3907/2497
f 2643/3938/2498 2640/3902/2498 2556/3803/2498
f 2633/3893/2499 2549/3795/2499 2563/3811/2499
f 2563/3811/2499 2577/3829/2499 2591/3845/2499
f 2591/3845/2499 2605/3861/2499 2619/3877/2499
f 2619/3877/2499 2633/3893/2499 2563/3811/2499
f 2551/3801/2500 2557/3806/2500 2572/3826/2500
f 2641/3905/2501 2558/3809/2501 2550/3798/2501
f 2584/3837/2502 2570/3820/2502 2598/3853/2502
f 2570/3820/2502 2556/3803/2502 2598/3853/2502
f 2556/3803/2502 2640/3902/2502 2626/3885/2502
f 2626/3885/2502 2612/3869/2502 2556/3803/2502
f 2571/3823/2503 2586/3843/2503 2578/3832/2503
f 2585/3840/2504 2600/3920/2504 2592/3939/2504
f 2599/3856/2505 2614/3875/2505 2606/3864/2505
f 2613/3929/2506 2628/3891/2506 2620/3880/2506
f 2627/3888/2507 2642/3908/2507 2634/3896/2507
f 2647/3940/5093 2650/6284/5093 2651/3941/5093
f 2648/3943/5094 2652/3947/5094 2651/3944/5094
f 2649/3946/5095 2653/4056/5095 2651/3944/5095
f 2654/3948/5096 2657/4059/5096 2658/3949/5096
f 2655/3951/5097 2659/3955/5097 2658/3952/5097
f 2656/3954/5098 2660/4083/5098 2658/3952/5098
f 2661/3956/5099 2664/4057/5099 2665/3957/5099
f 2662/3959/5100 2666/6285/5100 2665/3960/5100
f 2663/3962/5101 2667/4061/5101 2665/3963/5101
f 2668/3965/5102 2671/4063/5102 2672/3966/5102
f 2669/3968/5103 2673/4060/5103 2672/3969/5103
f 2670/3971/5104 2674/4058/5104 2672/3972/5104
f 2675/3974/5105 2678/6286/5105 2679/3975/5105
f 2676/3977/5106 2680/3981/5106 2679/3978/5106
f 2677/3980/5107 2681/4065/5107 2679/3978/5107
f 2682/3982/5108 2685/4068/5108 2686/3983/5108
f 2683/3985/5109 2687/3989/5109 2686/3986/5109
f 2684/3988/5110 2688/4062/5110 2686/3986/5110
f 2689/3990/5111 2692/6287/5111 2693/3991/5111
f 2690/3993/5112 2694/3997/5112 2693/3994/5112
f 2691/3996/5113 2695/4069/5113 2693/3994/5113
f 2696/3998/5114 2699/6288/5114 2700/3999/5114
f 2697/4001/5115 2701/4005/5115 2700/4002/5115
f 2698/4004/5116 2702/6289/5116 2700/4002/5116
f 2703/4006/5117 2706/6290/5117 2707/4007/5117
f 2704/4009/5118 2708/4013/5118 2707/4010/5118
f 2705/4012/5119 2709/6291/5119 2707/4010/5119
f 2710/4014/5120 2713/6292/5120 2714/4015/5120
f 2711/4017/5121 2715/4021/5121 2714/4018/5121
f 2712/4020/5122 2716/4070/5122 2714/4018/5122
f 2717/4022/5123 2720/4073/5123 2721/4023/5123
f 2718/4025/5124 2722/4029/5124 2721/4026/5124
f 2719/4028/5125 2723/4076/5125 2721/4026/5125
f 2724/4030/5126 2727/4079/5126 2728/4031/5126
f 2725/4033/5127 2729/4037/5127 2728/4034/5127
f 2726/4036/5128 2730/4075/5128 2728/4034/5128
f 2731/4038/5129 2734/4077/5129 2735/4039/5129
f 2732/4041/5130 2736/4081/5130 2735/4042/5130
f 2733/4044/5131 2737/4082/5131 2735/4045/5131
f 2738/4047/5132 2741/6293/5132 2742/4048/5132
f 2739/4050/5133 2743/4080/5133 2742/4051/5133
f 2740/4053/5134 2744/4078/5134 2742/4054/5134
f 2662/3959/2550 2664/3961/2550 2653/4056/2550
f 2664/4057/2551 2661/3956/2551 2647/3940/2551
f 2655/3951/2552 2657/3953/2552 2674/4058/2552
f 2657/4059/2553 2654/3948/2553 2668/3965/2553
f 2648/3943/2554 2656/3954/2554 2659/3955/2554
f 2659/3955/2555 2655/3951/2555 2649/3946/2555
f 2663/3962/5135 2666/3964/5135 2673/4060/5135
f 2673/3973/2557 2666/6285/2557 2662/3959/2557
f 2663/3962/2558 2676/3977/2558 2678/3979/2558
f 2667/3958/2559 2678/6286/2559 2675/3974/2559
f 2684/3988/2560 2669/3968/2560 2671/3970/2560
f 2671/4063/2561 2668/3965/2561 2682/3982/2561
f 2677/3980/2562 2680/3981/2562 2687/3989/2562
f 2680/3981/2284 2676/3977/2284 2684/3988/2284
f 2690/4064/5136 2692/6294/5136 2681/4065/5136
f 2681/3976/2564 2692/6287/2564 2689/3990/2564
f 2698/4066/5137 2683/3985/5137 2685/3987/5137
f 2685/4068/5138 2682/3982/5138 2696/3998/5138
f 2697/4001/2567 2691/3996/2567 2694/3997/2567
f 2701/4005/2568 2694/3997/2568 2690/3993/2568
f 2704/4009/2569 2706/4011/2569 2695/4069/2569
f 2695/3992/2570 2706/6290/2570 2703/4006/2570
f 2697/4001/2571 2699/4003/2571 2716/4070/2571
f 2716/4016/2572 2699/6288/2572 2696/3998/2572
f 2705/4012/2573 2708/4013/2573 2715/4021/2573
f 2715/4021/2574 2708/4013/2574 2704/4009/2574
f 2718/4025/2575 2720/4027/2575 2709/4071/2575
f 2720/4073/2576 2717/4022/2576 2703/4006/2576
f 2711/4074/5139 2713/6295/5139 2730/4075/5139
f 2730/4032/2578 2713/6292/2578 2710/4014/2578
f 2725/4033/2579 2719/4028/2579 2722/4029/2579
f 2722/4029/2580 2718/4025/2580 2726/4036/2580
f 2732/4041/2581 2734/4043/2581 2723/4076/2581
f 2734/4077/2582 2731/4038/2582 2717/4022/2582
f 2740/4053/2583 2725/4033/2583 2727/4035/2583
f 2727/4079/2584 2724/4030/2584 2738/4047/2584
f 2739/4050/2585 2733/4044/2585 2736/4046/2585
f 2736/4081/5140 2732/4041/5140 2740/4053/5140
f 2733/4044/2587 2648/3943/2587 2650/3945/2587
f 2737/4040/2588 2650/6284/2588 2647/3940/2588
f 2739/4050/2589 2741/4052/2589 2660/4083/2589
f 2660/3950/2590 2741/6293/2590 2738/4047/2590
f 2731/4038/2591 2647/3940/2591 2717/4022/2591
f 2647/3940/2591 2661/3956/2591 2717/4022/2591
f 2661/3956/2591 2675/3974/2591 2689/3990/2591
f 2689/3990/2591 2703/4006/2591 2717/4022/2591
f 2655/3951/2592 2670/3971/2592 2662/3959/2592
f 2739/4050/2593 2656/3954/2593 2648/3943/2593
f 2682/3982/2594 2668/3965/2594 2654/3948/2594
f 2654/3948/2594 2738/4047/2594 2696/3998/2594
f 2738/4047/2594 2724/4030/2594 2696/3998/2594
f 2724/4030/2594 2710/4014/2594 2696/3998/2594
f 2669/3968/2595 2684/3988/2595 2676/3977/2595
f 2677/3980/2596 2683/3985/2596 2698/4066/2596
f 2697/4001/2597 2712/4020/2597 2704/4009/2597
f 2711/4074/2598 2726/4036/2598 2718/4025/2598
f 2719/4028/2599 2725/4033/2599 2740/4053/2599
f 2745/4084/5141 2748/4229/5141 2749/4085/5141
f 2746/4087/5142 2750/4091/5142 2749/4088/5142
f 2747/4090/5143 2751/4200/5143 2749/4088/5143
f 2752/4092/5144 2755/6296/5144 2756/4093/5144
f 2753/4095/5145 2757/4099/5145 2756/4096/5145
f 2754/4098/5146 2758/4230/5146 2756/4096/5146
f 2759/4100/5147 2762/6297/5147 2763/4101/5147
f 2760/4103/5148 2764/4203/5148 2763/4104/5148
f 2761/4106/5149 2765/4204/5149 2763/4107/5149
f 2766/4109/5150 2769/4206/5150 2770/4110/5150
f 2767/4112/5151 2771/4202/5151 2770/4113/5151
f 2768/4115/5152 2772/4201/5152 2770/4116/5152
f 2773/4118/5153 2776/6298/5153 2777/4119/5153
f 2774/4121/5154 2778/4125/5154 2777/4122/5154
f 2775/4124/5155 2779/4208/5155 2777/4122/5155
f 2780/4126/5156 2783/4212/5156 2784/4127/5156
f 2781/4129/5157 2785/4133/5157 2784/4130/5157
f 2782/4132/5158 2786/4205/5158 2784/4130/5158
f 2787/4134/5159 2790/4209/5159 2791/4135/5159
f 2788/4137/5160 2792/4141/5160 2791/4138/5160
f 2789/4140/5161 2793/4213/5161 2791/4138/5161
f 2794/4142/5162 2797/4216/5162 2798/4143/5162
f 2795/4145/5163 2799/4149/5163 2798/4146/5163
f 2796/4148/5164 2800/6299/5164 2798/4146/5164
f 2801/4150/5165 2804/4214/5165 2805/4151/5165
f 2802/4153/5166 2806/4157/5166 2805/4154/5166
f 2803/4156/5167 2807/6300/5167 2805/4154/5167
f 2808/4158/5168 2811/4221/5168 2812/4159/5168
f 2809/4161/5169 2813/4165/5169 2812/4162/5169
f 2810/4164/5170 2814/4215/5170 2812/4162/5170
f 2815/4166/5171 2818/6301/5171 2819/4167/5171
f 2816/4169/5172 2820/4173/5172 2819/4170/5172
f 2817/4172/5173 2821/4222/5173 2819/4170/5173
f 2822/4174/5174 2825/4225/5174 2826/4175/5174
f 2823/4177/5175 2827/4181/5175 2826/4178/5175
f 2824/4180/5176 2828/4220/5176 2826/4178/5176
f 2829/4182/5177 2832/4223/5177 2833/4183/5177
f 2830/4185/5178 2834/4227/5178 2833/4186/5178
f 2831/4188/5179 2835/4228/5179 2833/4189/5179
f 2836/4191/5180 2839/6302/5180 2840/4192/5180
f 2837/4194/5181 2841/4226/5181 2840/4195/5181
f 2838/4197/5182 2842/4224/5182 2840/4198/5182
f 2760/4103/2642 2762/4105/2642 2751/4200/2642
f 2751/4086/2643 2762/6297/2643 2759/4100/2643
f 2753/4095/2644 2755/4097/2644 2772/4201/2644
f 2772/4111/2645 2755/6296/2645 2752/4092/2645
f 2754/4098/2646 2757/4099/2646 2750/4091/2646
f 2750/4091/2647 2757/4099/2647 2753/4095/2647
f 2767/4112/2648 2761/4106/2648 2764/4108/2648
f 2764/4203/2649 2760/4103/2649 2768/4115/2649
f 2761/4106/2650 2774/4121/2650 2776/4123/2650
f 2765/4102/2651 2776/6298/2651 2773/4118/2651
f 2767/4112/2652 2769/4114/2652 2786/4205/2652
f 2769/4206/2653 2766/4109/2653 2780/4126/2653
f 2775/4124/2654 2778/4125/2654 2785/4133/2654
f 2778/4125/2655 2774/4121/2655 2782/4132/2655
f 2775/4124/2656 2788/4231/2656 2790/4207/2656
f 2790/4209/5183 2787/4134/5183 2773/4118/5183
f 2796/4210/2658 2781/4129/2658 2783/4131/2658
f 2783/4212/2659 2780/4126/2659 2794/4142/2659
f 2789/4140/2660 2792/4141/2660 2799/4149/2660
f 2799/4149/2661 2792/4141/2661 2788/4137/2661
f 2789/4140/2662 2802/4153/2662 2804/4155/2662
f 2804/4214/2663 2801/4150/2663 2787/4134/2663
f 2810/4164/2664 2795/4145/2664 2797/4147/2664
f 2797/4216/2665 2794/4142/2665 2808/4158/2665
f 2803/4156/2666 2806/4157/2666 2813/4165/2666
f 2813/4165/2667 2806/4157/2667 2802/4153/2667
f 2816/4169/2668 2818/4171/2668 2807/4217/2668
f 2807/4152/5184 2818/6301/5184 2815/4166/5184
f 2809/4219/2670 2811/6303/2670 2828/4220/2670
f 2811/4221/2671 2808/4158/2671 2822/4174/2671
f 2817/4172/2672 2820/4173/2672 2827/4181/2672
f 2827/4181/2673 2820/4173/2673 2816/4169/2673
f 2830/4185/5185 2832/4187/5185 2821/4222/5185
f 2832/4223/2675 2829/4182/2675 2815/4166/2675
f 2838/4197/2676 2823/4177/2676 2825/4179/2676
f 2825/4225/2677 2822/4174/2677 2836/4191/2677
f 2837/4194/2678 2831/4188/2678 2834/4190/2678
f 2834/4227/2679 2830/4185/2679 2838/4197/2679
f 2831/4188/2680 2746/4087/2680 2748/4089/2680
f 2748/4229/2681 2745/4084/2681 2829/4182/2681
f 2754/4098/2682 2837/4194/2682 2839/4196/2682
f 2758/4094/2683 2839/6302/2683 2836/4191/2683
f 2829/4182/2684 2745/4084/2684 2759/4100/2684
f 2759/4100/2684 2773/4118/2684 2787/4134/2684
f 2787/4134/2684 2801/4150/2684 2815/4166/2684
f 2815/4166/2684 2829/4182/2684 2759/4100/2684
f 2753/4095/2685 2768/4115/2685 2760/4103/2685
f 2837/4194/2686 2754/4098/2686 2746/4087/2686
f 2780/4126/2687 2766/4109/2687 2752/4092/2687
f 2752/4092/2687 2836/4191/2687 2822/4174/2687
f 2822/4174/2687 2808/4158/2687 2752/4092/2687
f 2808/4158/2687 2794/4142/2687 2752/4092/2687
f 2767/4112/2688 2782/4132/2688 2774/4121/2688
f 2775/4124/2689 2781/4129/2689 2796/4210/2689
f 2795/4145/2690 2810/4164/2690 2802/4153/2690
f 2809/4219/2691 2824/4180/2691 2816/4169/2691
f 2823/4177/2692 2838/4197/2692 2830/4185/2692
f 2843/4232/5186 2846/6304/5186 2847/4233/5186
f 2844/4235/5187 2848/4239/5187 2847/4236/5187
f 2845/4238/5188 2849/4348/5188 2847/4236/5188
f 2850/4240/5189 2853/4351/5189 2854/4241/5189
f 2851/4243/5190 2855/4247/5190 2854/4244/5190
f 2852/4246/5191 2856/4375/5191 2854/4244/5191
f 2857/4248/5192 2860/4349/5192 2861/4249/5192
f 2858/4251/5193 2862/6305/5193 2861/4252/5193
f 2859/4254/5194 2863/4353/5194 2861/4255/5194
f 2864/4257/5195 2867/6306/5195 2868/4258/5195
f 2865/4260/5196 2869/4352/5196 2868/4261/5196
f 2866/4263/5197 2870/4350/5197 2868/4264/5197
f 2871/4266/5198 2874/4354/5198 2875/4267/5198
f 2872/4269/5199 2876/4273/5199 2875/4270/5199
f 2873/4272/5200 2877/4357/5200 2875/4270/5200
f 2878/4274/5201 2881/4360/5201 2882/4275/5201
f 2879/4277/5202 2883/4281/5202 2882/4278/5202
f 2880/4280/5203 2884/4355/5203 2882/4278/5203
f 2885/4282/5204 2888/6307/5204 2889/4283/5204
f 2886/4285/5205 2890/4289/5205 2889/4286/5205
f 2887/4288/5206 2891/4361/5206 2889/4286/5206
f 2892/4290/5207 2895/4364/5207 2896/4291/5207
f 2893/4293/5208 2897/4297/5208 2896/4294/5208
f 2894/4296/5209 2898/6308/5209 2896/4294/5209
f 2899/4298/5210 2902/4362/5210 2903/4299/5210
f 2900/4301/5211 2904/4305/5211 2903/4302/5211
f 2901/4304/5212 2905/6309/5212 2903/4302/5212
f 2906/4306/5213 2909/6310/5213 2910/4307/5213
f 2907/4309/5214 2911/4313/5214 2910/4310/5214
f 2908/4312/5215 2912/4363/5215 2910/4310/5215
f 2913/4314/5216 2916/6311/5216 2917/4315/5216
f 2914/4317/5217 2918/4321/5217 2917/4318/5217
f 2915/4320/5218 2919/4369/5218 2917/4318/5218
f 2920/4322/5219 2923/4371/5219 2924/4323/5219
f 2921/4325/5220 2925/4329/5220 2924/4326/5220
f 2922/4328/5221 2926/4368/5221 2924/4326/5221
f 2927/4330/5222 2930/6312/5222 2931/4331/5222
f 2928/4333/5223 2932/4373/5223 2931/4334/5223
f 2929/4336/5224 2933/4374/5224 2931/4337/5224
f 2934/4339/5225 2937/6313/5225 2938/4340/5225
f 2935/4342/5226 2939/4372/5226 2938/4343/5226
f 2936/4345/5227 2940/4370/5227 2938/4346/5227
f 2845/4238/2735 2858/4251/2735 2860/4253/2735
f 2860/4349/5228 2857/4248/5228 2843/4232/5228
f 2866/4263/2737 2851/4243/2737 2853/4245/2737
f 2853/4351/2738 2850/4240/2738 2864/4257/2738
f 2844/4235/2739 2852/4246/2739 2855/4247/2739
f 2848/4239/2740 2855/4247/2740 2851/4243/2740
f 2865/4260/5229 2859/4254/5229 2862/4256/5229
f 2869/4265/5230 2862/6305/5230 2858/4251/5230
f 2859/4254/2743 2872/4269/2743 2874/4271/2743
f 2874/4354/2744 2871/4266/2744 2857/4248/2744
f 2865/4260/2745 2867/4262/2745 2884/4355/2745
f 2884/4276/2746 2867/6306/2746 2864/4257/2746
f 2873/4272/2747 2876/4273/2747 2883/4281/2747
f 2876/4273/2748 2872/4269/2748 2880/4280/2748
f 2886/4356/2749 2888/6314/2749 2877/4357/2749
f 2877/4268/2750 2888/6307/2750 2885/4282/2750
f 2894/4358/5231 2879/4277/5231 2881/4279/5231
f 2881/4360/2752 2878/4274/2752 2892/4290/2752
f 2887/4288/5232 2890/4289/5232 2897/4297/5232
f 2897/4297/2754 2890/4289/2754 2886/4285/2754
f 2887/4288/2755 2900/4301/2755 2902/4303/2755
f 2902/4362/2756 2899/4298/2756 2885/4282/2756
f 2893/4293/2757 2895/4295/2757 2912/4363/2757
f 2895/4364/2758 2892/4290/2758 2906/4306/2758
f 2901/4304/2759 2904/4305/2759 2911/4313/2759
f 2904/4305/2760 2900/4301/2760 2908/4312/2760
f 2901/4365/5233 2914/4317/5233 2916/4319/5233
f 2905/4300/5234 2916/6311/5234 2913/4314/5234
f 2922/4328/2763 2907/6315/2763 2909/4367/2763
f 2926/4324/2764 2909/6310/2764 2906/4306/2764
f 2915/4320/2765 2918/4321/2765 2925/4329/2765
f 2925/4329/2766 2918/4321/2766 2914/4317/2766
f 2928/4333/2767 2930/4335/2767 2919/4369/2767
f 2919/4316/2768 2930/6312/2768 2927/4330/2768
f 2936/4345/2769 2921/4325/2769 2923/4327/2769
f 2923/4371/2770 2920/4322/2770 2934/4339/2770
f 2929/4336/2771 2932/4338/2771 2939/4372/2771
f 2932/4373/2772 2928/4333/2772 2936/4345/2772
f 2844/4235/2773 2846/4237/2773 2933/4374/2773
f 2933/4332/2774 2846/6304/2774 2843/4232/2774
f 2852/4246/2775 2935/4342/2775 2937/4344/2775
f 2856/4242/5235 2937/6313/5235 2934/4339/5235
f 2927/4330/2777 2843/4232/2777 2913/4314/2777
f 2843/4232/2777 2857/4248/2777 2913/4314/2777
f 2857/4248/2777 2871/4266/2777 2885/4282/2777
f 2885/4282/2777 2899/4298/2777 2913/4314/2777
f 2845/4238/5236 2851/4243/5236 2866/4263/5236
f 2929/4336/2779 2935/4342/2779 2852/4246/2779
f 2878/4274/2780 2864/4257/2780 2892/4290/2780
f 2864/4257/2780 2850/4240/2780 2892/4290/2780
f 2850/4240/2780 2934/4339/2780 2892/4290/2780
f 2934/4339/2780 2920/4322/2780 2892/4290/2780
f 2859/4254/2781 2865/4260/2781 2880/4280/2781
f 2873/4272/2782 2879/4277/2782 2894/4358/2782
f 2893/4293/2783 2908/4312/2783 2900/4301/2783
f 2901/4365/2784 2907/6315/2784 2922/4328/2784
f 2921/4325/2785 2936/4345/2785 2928/4333/2785
f 2941/4376/5237 2944/4519/5237 2945/4377/5237
f 2942/4379/5238 2946/4383/5238 2945/4380/5238
f 2943/4382/5239 2947/4492/5239 2945/4380/5239
f 2948/4384/5240 2951/4494/5240 2952/4385/5240
f 2949/4387/5241 2953/4391/5241 2952/4388/5241
f 2950/4390/5242 2954/4520/5242 2952/4388/5242
f 2955/4392/5243 2958/6316/5243 2959/4393/5243
f 2956/4395/5244 2960/4496/5244 2959/4396/5244
f 2957/4398/5245 2961/4497/5245 2959/4399/5245
f 2962/4401/5246 2965/6317/5246 2966/4402/5246
f 2963/4404/5247 2967/4495/5247 2966/4405/5247
f 2964/4407/5248 2968/4493/5248 2966/4408/5248
f 2969/4410/5249 2972/4498/5249 2973/4411/5249
f 2970/4413/5250 2974/4417/5250 2973/4414/5250
f 2971/4416/5251 2975/4501/5251 2973/4414/5251
f 2976/4418/5252 2979/4504/5252 2980/4419/5252
f 2977/4421/5253 2981/4425/5253 2980/4422/5253
f 2978/4424/5254 2982/4499/5254 2980/4422/5254
f 2983/4426/5255 2986/6318/5255 2987/4427/5255
f 2984/4429/5256 2988/4433/5256 2987/4430/5256
f 2985/4432/5257 2989/4505/5257 2987/4430/5257
f 2990/4434/5258 2993/4507/5258 2994/4435/5258
f 2991/4437/5259 2995/4441/5259 2994/4438/5259
f 2992/4440/5260 2996/6319/5260 2994/4438/5260
f 2997/4442/5261 3000/6320/5261 3001/4443/5261
f 2998/4445/5262 3002/4449/5262 3001/4446/5262
f 2999/4448/5263 3003/6321/5263 3001/4446/5263
f 3004/4450/5264 3007/6322/5264 3008/4451/5264
f 3005/4453/5265 3009/4457/5265 3008/4454/5265
f 3006/4456/5266 3010/4506/5266 3008/4454/5266
f 3011/4458/5267 3014/4510/5267 3015/4459/5267
f 3012/4461/5268 3016/4465/5268 3015/4462/5268
f 3013/4464/5269 3017/4513/5269 3015/4462/5269
f 3018/4466/5270 3021/4515/5270 3022/4467/5270
f 3019/4469/5271 3023/4473/5271 3022/4470/5271
f 3020/4472/5272 3024/4512/5272 3022/4470/5272
f 3025/4474/5273 3028/6323/5273 3029/4475/5273
f 3026/4477/5274 3030/4517/5274 3029/4478/5274
f 3027/4480/5275 3031/4518/5275 3029/4481/5275
f 3032/4483/5276 3035/4521/5276 3036/4484/5276
f 3033/4486/5277 3037/4516/5277 3036/4487/5277
f 3034/4489/5278 3038/4514/5278 3036/4490/5278
f 2956/4395/2828 2958/4397/2828 2947/4492/2828
f 2947/4378/2829 2958/6316/2829 2955/4392/2829
f 2964/4407/2830 2949/4387/2830 2951/4389/2830
f 2951/4494/2831 2948/4384/2831 2962/4401/2831
f 2950/4390/2832 2953/4391/2832 2946/4383/2832
f 2953/4391/2833 2949/4387/2833 2943/4382/2833
f 2957/4398/2834 2960/4400/2834 2967/4495/2834
f 2960/4496/2835 2956/4395/2835 2964/4407/2835
f 2957/4398/2836 2970/4413/2836 2972/4415/2836
f 2972/4498/2837 2969/4410/2837 2955/4392/2837
f 2978/4424/2838 2963/4404/2838 2965/4406/2838
f 2982/4420/2839 2965/6317/2839 2962/4401/2839
f 2977/4421/2840 2971/4416/2840 2974/4417/2840
f 2974/4417/2841 2970/4413/2841 2978/4424/2841
f 2984/4500/2842 2986/6324/2842 2975/4501/2842
f 2975/4412/2843 2986/6318/2843 2983/4426/2843
f 2992/4502/2844 2977/4421/2844 2979/4423/2844
f 2979/4504/2845 2976/4418/2845 2990/4434/2845
f 2985/4432/2846 2988/4433/2846 2995/4441/2846
f 2988/4433/2847 2984/4429/2847 2992/4440/2847
f 2985/4432/2848 2998/4445/2848 3000/4447/2848
f 2989/4428/2849 3000/6320/2849 2997/4442/2849
f 3006/4456/2850 2991/4437/2850 2993/4439/2850
f 2993/4507/2851 2990/4434/2851 3004/4450/2851
f 3005/4453/2852 2999/4448/2852 3002/4449/2852
f 3009/4457/2853 3002/4449/2853 2998/4445/2853
f 3012/4461/2854 3014/4463/2854 3003/4508/2854
f 3014/4510/2855 3011/4458/2855 2997/4442/2855
f 3005/4511/2856 3007/6325/2856 3024/4512/2856
f 3024/4468/5279 3007/6322/5279 3004/4450/5279
f 3019/4469/2858 3013/4464/2858 3016/4465/2858
f 3016/4465/2859 3012/4461/2859 3020/4472/2859
f 3013/4464/2860 3026/4477/2860 3028/4479/2860
f 3017/4460/2861 3028/6323/2861 3025/4474/2861
f 3034/4489/2862 3019/4469/2862 3021/4471/2862
f 3021/4515/2863 3018/4466/2863 3032/4483/2863
f 3033/4486/2864 3027/4480/2864 3030/4482/2864
f 3030/4517/2865 3026/4477/2865 3034/4489/2865
f 2942/4379/2866 2944/4381/2866 3031/4518/2866
f 2944/4519/2867 2941/4376/2867 3025/4474/2867
f 3033/4486/5280 3035/4488/5280 2954/4520/5280
f 3035/4521/2869 3032/4483/2869 2948/4384/2869
f 3025/4474/2870 2941/4376/2870 2955/4392/2870
f 2955/4392/2870 2969/4410/2870 2983/4426/2870
f 2983/4426/2870 2997/4442/2870 2955/4392/2870
f 2997/4442/2870 3011/4458/2870 2955/4392/2870
f 2949/4387/2871 2964/4407/2871 2956/4395/2871
f 3027/4480/2872 3033/4486/2872 2950/4390/2872
f 2976/4418/2873 2962/4401/2873 2948/4384/2873
f 2948/4384/2873 3032/4483/2873 3018/4466/2873
f 3018/4466/2873 3004/4450/2873 2990/4434/2873
f 2990/4434/2873 2976/4418/2873 3018/4466/2873
f 2963/4404/2874 2978/4424/2874 2970/4413/2874
f 2977/4421/2875 2992/4502/2875 2984/4500/2875
f 2991/4437/2876 3006/4456/2876 2998/4445/2876
f 3005/4511/928 3020/4472/928 3012/4461/928
f 3019/4469/2877 3034/4489/2877 3026/4477/2877
f 3039/4522/5281 3042/4664/5281 3043/4523/5281
f 3040/4525/5282 3044/4529/5282 3043/4526/5282
f 3041/4528/5283 3045/4638/5283 3043/4526/5283
f 3046/4530/5284 3049/4641/5284 3050/4531/5284
f 3047/4533/5285 3051/4537/5285 3050/4534/5285
f 3048/4536/5286 3052/4665/5286 3050/4534/5286
f 3053/4538/5287 3056/4639/5287 3057/4539/5287
f 3054/4541/5288 3058/4643/5288 3057/4542/5288
f 3055/4544/5289 3059/4644/5289 3057/4545/5289
f 3060/4547/5290 3063/6326/5290 3064/4548/5290
f 3061/4550/5291 3065/4642/5291 3064/4551/5291
f 3062/4553/5292 3066/4640/5292 3064/4554/5292
f 3067/4556/5293 3070/6327/5293 3071/4557/5293
f 3068/4559/5294 3072/4563/5294 3071/4560/5294
f 3069/4562/5295 3073/4647/5295 3071/4560/5295
f 3074/4564/5296 3077/4650/5296 3078/4565/5296
f 3075/4567/5297 3079/4571/5297 3078/4568/5297
f 3076/4570/5298 3080/4645/5298 3078/4568/5298
f 3081/4572/5299 3084/6328/5299 3085/4573/5299
f 3082/4575/5300 3086/4579/5300 3085/4576/5300
f 3083/4578/5301 3087/4651/5301 3085/4576/5301
f 3088/4580/5302 3091/6329/5302 3092/4581/5302
f 3089/4583/5303 3093/4587/5303 3092/4584/5303
f 3090/4586/5304 3094/6330/5304 3092/4584/5304
f 3095/4588/5305 3098/6331/5305 3099/4589/5305
f 3096/4591/5306 3100/4595/5306 3099/4592/5306
f 3097/4594/5307 3101/6332/5307 3099/4592/5307
f 3102/4596/5308 3105/6333/5308 3106/4597/5308
f 3103/4599/5309 3107/4603/5309 3106/4600/5309
f 3104/4602/5310 3108/4652/5310 3106/4600/5310
f 3109/4604/5311 3112/4655/5311 3113/4605/5311
f 3110/4607/5312 3114/4611/5312 3113/4608/5312
f 3111/4610/5313 3115/4658/5313 3113/4608/5313
f 3116/4612/5314 3119/6334/5314 3120/4613/5314
f 3117/4615/5315 3121/4619/5315 3120/4616/5315
f 3118/4618/5316 3122/4657/5316 3120/4616/5316
f 3123/4620/5317 3126/4659/5317 3127/4621/5317
f 3124/4623/5318 3128/4662/5318 3127/4624/5318
f 3125/4626/5319 3129/4663/5319 3127/4627/5319
f 3130/4629/5320 3133/6335/5320 3134/4630/5320
f 3131/4632/5321 3135/4661/5321 3134/4633/5321
f 3132/4635/5322 3136/4660/5322 3134/4636/5322
f 3054/4541/2920 3056/4543/2920 3045/4638/2920
f 3056/4639/2921 3053/4538/2921 3039/4522/2921
f 3062/4553/2922 3047/4533/2922 3049/4535/2922
f 3049/4641/5323 3046/4530/5323 3060/4547/5323
f 3048/4536/5324 3051/4537/5324 3044/4529/5324
f 3044/4529/2276 3051/4537/2276 3047/4533/2276
f 3055/4544/2925 3058/4546/2925 3065/4642/2925
f 3058/4643/2926 3054/4541/2926 3062/4553/2926
f 3068/4559/2927 3070/4561/2927 3059/4644/2927
f 3059/4540/2928 3070/6327/2928 3067/4556/2928
f 3061/4550/2929 3063/4552/2929 3080/4645/2929
f 3080/4566/2930 3063/6326/2930 3060/4547/2930
f 3075/4567/2931 3069/4562/2931 3072/4563/2931
f 3079/4571/2932 3072/4563/2932 3068/4559/2932
f 3082/4646/5325 3084/6336/5325 3073/4647/5325
f 3073/4558/2934 3084/6328/2934 3081/4572/2934
f 3075/4567/5326 3077/4569/5326 3094/4648/5326
f 3077/4650/2936 3074/4564/2936 3088/4580/2936
f 3089/4583/2937 3083/4578/2937 3086/4579/2937
f 3086/4579/2938 3082/4575/2938 3090/4586/2938
f 3083/4578/2939 3096/4591/2939 3098/4593/2939
f 3087/4574/2940 3098/6331/2940 3095/4588/2940
f 3089/4583/2941 3091/4585/2941 3108/4652/2941
f 3108/4598/2942 3091/6329/2942 3088/4580/2942
f 3097/4594/5327 3100/4595/5327 3107/4603/5327
f 3100/4595/2944 3096/4591/2944 3104/4602/2944
f 3097/4653/2945 3110/4607/2945 3112/4609/2945
f 3112/4655/2946 3109/4604/2946 3095/4588/2946
f 3103/4656/2947 3105/6337/2947 3122/4657/2947
f 3122/4614/2948 3105/6333/2948 3102/4596/2948
f 3111/4610/2949 3114/4611/2949 3121/4619/2949
f 3121/4619/2950 3114/4611/2950 3110/4607/2950
f 3111/4610/2951 3124/4623/2951 3126/4625/2951
f 3126/4659/2952 3123/4620/2952 3109/4604/2952
f 3117/4615/2953 3119/4617/2953 3136/4660/2953
f 3136/4631/2954 3119/6334/2954 3116/4612/2954
f 3125/4626/2955 3128/4628/2955 3135/4661/2955
f 3128/4662/5328 3124/4623/5328 3132/4635/5328
f 3040/4525/2957 3042/4527/2957 3129/4663/2957
f 3042/4664/5329 3039/4522/5329 3123/4620/5329
f 3131/4632/2959 3133/4634/2959 3052/4665/2959
f 3052/4532/2960 3133/6335/2960 3130/4629/2960
f 3123/4620/2961 3039/4522/2961 3053/4538/2961
f 3053/4538/2961 3067/4556/2961 3109/4604/2961
f 3067/4556/2961 3081/4572/2961 3109/4604/2961
f 3081/4572/2961 3095/4588/2961 3109/4604/2961
f 3047/4533/2962 3062/4553/2962 3054/4541/2962
f 3131/4632/2963 3048/4536/2963 3040/4525/2963
f 3074/4564/2964 3060/4547/2964 3088/4580/2964
f 3060/4547/2964 3046/4530/2964 3088/4580/2964
f 3046/4530/2964 3130/4629/2964 3116/4612/2964
f 3116/4612/2964 3102/4596/2964 3088/4580/2964
f 3061/4550/2965 3076/4570/2965 3068/4559/2965
f 3075/4567/2966 3090/4649/2966 3082/4646/2966
f 3089/4583/2967 3104/4602/2967 3096/4591/2967
f 3103/4656/2968 3118/4618/2968 3110/4607/2968
f 3117/4615/1394 3132/4635/1394 3124/4623/1394
f 3137/4666/5330 3140/6338/5330 3141/4667/5330
f 3138/4669/5331 3142/4673/5331 3141/4670/5331
f 3139/4672/5332 3143/4782/5332 3141/4670/5332
f 3144/4674/5333 3147/6339/5333 3148/4675/5333
f 3145/4677/5334 3149/4681/5334 3148/4678/5334
f 3146/4680/5335 3150/4810/5335 3148/4678/5335
f 3151/4682/5336 3154/6340/5336 3155/4683/5336
f 3152/4685/5337 3156/4785/5337 3155/4686/5337
f 3153/4688/5338 3157/4786/5338 3155/4689/5338
f 3158/4691/5339 3161/4789/5339 3162/4692/5339
f 3159/4694/5340 3163/4784/5340 3162/4695/5340
f 3160/4697/5341 3164/4783/5341 3162/4698/5341
f 3165/4700/5342 3168/4787/5342 3169/4701/5342
f 3166/4703/5343 3170/4707/5343 3169/4704/5343
f 3167/4706/5344 3171/4791/5344 3169/4704/5344
f 3172/4708/5345 3175/6341/5345 3176/4709/5345
f 3173/4711/5346 3177/4715/5346 3176/4712/5346
f 3174/4714/5347 3178/4788/5347 3176/4712/5347
f 3179/4716/5348 3182/4792/5348 3183/4717/5348
f 3180/4719/5349 3184/4723/5349 3183/4720/5349
f 3181/4722/5350 3185/4795/5350 3183/4720/5350
f 3186/4724/5351 3189/6342/5351 3190/4725/5351
f 3187/4727/5352 3191/4731/5352 3190/4728/5352
f 3188/4730/5353 3192/6343/5353 3190/4728/5353
f 3193/4732/5354 3196/4796/5354 3197/4733/5354
f 3194/4735/5355 3198/4739/5355 3197/4736/5355
f 3195/4738/5356 3199/6344/5356 3197/4736/5356
f 3200/4740/5357 3203/4802/5357 3204/4741/5357
f 3201/4743/5358 3205/4747/5358 3204/4744/5358
f 3202/4746/5359 3206/4797/5359 3204/4744/5359
f 3207/4748/5360 3210/6345/5360 3211/4749/5360
f 3208/4751/5361 3212/4755/5361 3211/4752/5361
f 3209/4754/5362 3213/4803/5362 3211/4752/5362
f 3214/4756/5363 3217/4806/5363 3218/4757/5363
f 3215/4759/5364 3219/4763/5364 3218/4760/5364
f 3216/4762/5365 3220/4801/5365 3218/4760/5365
f 3221/4764/5366 3224/4804/5366 3225/4765/5366
f 3222/4767/5367 3226/4808/5367 3225/4768/5367
f 3223/4770/5368 3227/4809/5368 3225/4771/5368
f 3228/4773/5369 3231/4811/5369 3232/4774/5369
f 3229/4776/5370 3233/4807/5370 3232/4777/5370
f 3230/4779/5371 3234/4805/5371 3232/4780/5371
f 3152/4685/3011 3154/4687/3011 3143/4782/3011
f 3143/4668/3012 3154/6340/3012 3151/4682/3012
f 3145/4677/5372 3147/4679/5372 3164/4783/5372
f 3164/4693/3014 3147/6339/3014 3144/4674/3014
f 3146/4680/3015 3149/4681/3015 3142/4673/3015
f 3149/4681/3016 3145/4677/3016 3139/4672/3016
f 3153/4688/3017 3156/4690/3017 3163/4784/3017
f 3156/4785/3018 3152/4685/3018 3160/4697/3018
f 3166/4703/3019 3168/4705/3019 3157/4786/3019
f 3168/4787/3020 3165/4700/3020 3151/4682/3020
f 3159/4694/3021 3161/4696/3021 3178/4788/3021
f 3161/4789/3022 3158/4691/3022 3172/4708/3022
f 3173/4711/3023 3167/4706/3023 3170/4707/3023
f 3170/4707/3024 3166/4703/3024 3174/4714/3024
f 3167/4706/3025 3180/4812/3025 3182/4790/3025
f 3182/4792/3026 3179/4716/3026 3165/4700/3026
f 3173/4711/5373 3175/4713/5373 3192/4793/5373
f 3192/4726/3028 3175/6341/3028 3172/4708/3028
f 3181/4722/3029 3184/4723/3029 3191/4731/3029
f 3191/4731/5374 3184/4723/5374 3180/4719/5374
f 3194/4735/3031 3196/4737/3031 3185/4795/3031
f 3196/4796/3032 3193/4732/3032 3179/4716/3032
f 3187/4727/3033 3189/4729/3033 3206/4797/3033
f 3206/4742/3034 3189/6342/3034 3186/4724/3034
f 3195/4738/5375 3198/4739/5375 3205/4747/5375
f 3198/4739/3036 3194/4735/3036 3202/4746/3036
f 3208/4751/5376 3210/4753/5376 3199/4798/5376
f 3199/4734/3038 3210/6345/3038 3207/4748/3038
f 3201/4800/5377 3203/6346/5377 3220/4801/5377
f 3203/4802/3040 3200/4740/3040 3214/4756/3040
f 3209/4754/3041 3212/4755/3041 3219/4763/3041
f 3219/4763/5378 3212/4755/5378 3208/4751/5378
f 3222/4767/3043 3224/4769/3043 3213/4803/3043
f 3224/4804/3044 3221/4764/3044 3207/4748/3044
f 3215/4759/3045 3217/4761/3045 3234/4805/3045
f 3217/4806/5379 3214/4756/5379 3228/4773/5379
f 3223/4770/3047 3226/4772/3047 3233/4807/3047
f 3226/4808/3048 3222/4767/3048 3230/4779/3048
f 3223/4770/5380 3138/4669/5380 3140/4671/5380
f 3227/4766/3050 3140/6338/3050 3137/4666/3050
f 3229/4776/5381 3231/4778/5381 3150/4810/5381
f 3231/4811/3052 3228/4773/3052 3144/4674/3052
f 3221/4764/3053 3137/4666/3053 3207/4748/3053
f 3137/4666/3053 3151/4682/3053 3207/4748/3053
f 3151/4682/3053 3165/4700/3053 3207/4748/3053
f 3165/4700/3053 3179/4716/3053 3207/4748/3053
f 3145/4677/3054 3160/4697/3054 3152/4685/3054
f 3229/4776/3055 3146/4680/3055 3138/4669/3055
f 3172/4708/3056 3158/4691/3056 3144/4674/3056
f 3144/4674/3056 3228/4773/3056 3214/4756/3056
f 3214/4756/3056 3200/4740/3056 3186/4724/3056
f 3186/4724/3056 3172/4708/3056 3214/4756/3056
f 3159/4694/3057 3174/4714/3057 3166/4703/3057
f 3173/4711/3058 3188/4794/3058 3180/4812/3058
f 3187/4727/3059 3202/4746/3059 3194/4735/3059
f 3201/4800/3060 3216/4762/3060 3208/4751/3060
f 3215/4759/3061 3230/4779/3061 3222/4767/3061
f 3235/4813/5382 3238/4955/5382 3239/4814/5382
f 3236/4816/5383 3240/4820/5383 3239/4817/5383
f 3237/4819/5384 3241/4929/5384 3239/4817/5384
f 3242/4821/5385 3245/6347/5385 3246/4822/5385
f 3243/4824/5386 3247/4828/5386 3246/4825/5386
f 3244/4827/5387 3248/4956/5387 3246/4825/5387
f 3249/4829/5388 3252/4930/5388 3253/4830/5388
f 3250/4832/5389 3254/4933/5389 3253/4833/5389
f 3251/4835/5390 3255/4934/5390 3253/4836/5390
f 3256/4838/5391 3259/4936/5391 3260/4839/5391
f 3257/4841/5392 3261/4932/5392 3260/4842/5392
f 3258/4844/5393 3262/4931/5393 3260/4845/5393
f 3263/4847/5394 3266/6348/5394 3267/4848/5394
f 3264/4850/5395 3268/4854/5395 3267/4851/5395
f 3265/4853/5396 3269/4938/5396 3267/4851/5396
f 3270/4855/5397 3273/4941/5397 3274/4856/5397
f 3271/4858/5398 3275/4862/5398 3274/4859/5398
f 3272/4861/5399 3276/4935/5399 3274/4859/5399
f 3277/4863/5400 3280/6349/5400 3281/4864/5400
f 3278/4866/5401 3282/4870/5401 3281/4867/5401
f 3279/4869/5402 3283/4942/5402 3281/4867/5402
f 3284/4871/5403 3287/6350/5403 3288/4872/5403
f 3285/4874/5404 3289/4878/5404 3288/4875/5404
f 3286/4877/5405 3290/6351/5405 3288/4875/5405
f 3291/4879/5406 3294/6352/5406 3295/4880/5406
f 3292/4882/5407 3296/4886/5407 3295/4883/5407
f 3293/4885/5408 3297/6353/5408 3295/4883/5408
f 3298/4887/5409 3301/4948/5409 3302/4888/5409
f 3299/4890/5410 3303/4894/5410 3302/4891/5410
f 3300/4893/5411 3304/4943/5411 3302/4891/5411
f 3305/4895/5412 3308/6354/5412 3309/4896/5412
f 3306/4898/5413 3310/4902/5413 3309/4899/5413
f 3307/4901/5414 3311/4949/5414 3309/4899/5414
f 3312/4903/5415 3315/6355/5415 3316/4904/5415
f 3313/4906/5416 3317/4910/5416 3316/4907/5416
f 3314/4909/5417 3318/4947/5417 3316/4907/5417
f 3319/4911/5418 3322/4950/5418 3323/4912/5418
f 3320/4914/5419 3324/4953/5419 3323/4915/5419
f 3321/4917/5420 3325/4954/5420 3323/4918/5420
f 3326/4920/5421 3329/4957/5421 3330/4921/5421
f 3327/4923/5422 3331/4952/5422 3330/4924/5422
f 3328/4926/5423 3332/4951/5423 3330/4927/5423
f 3237/4819/3104 3250/4832/3104 3252/4834/3104
f 3252/4930/3105 3249/4829/3105 3235/4813/3105
f 3243/4824/3106 3245/4826/3106 3262/4931/3106
f 3262/4840/3107 3245/6347/3107 3242/4821/3107
f 3236/4816/3108 3244/4827/3108 3247/4828/3108
f 3247/4828/3109 3243/4824/3109 3237/4819/3109
f 3251/4835/3110 3254/4837/3110 3261/4932/3110
f 3254/4933/5424 3250/4832/5424 3258/4844/5424
f 3264/4850/3112 3266/4852/3112 3255/4934/3112
f 3255/4831/3113 3266/6348/3113 3263/4847/3113
f 3272/4861/3114 3257/4841/3114 3259/4843/3114
f 3259/4936/3115 3256/4838/3115 3270/4855/3115
f 3265/4853/3116 3268/4854/3116 3275/4862/3116
f 3275/4862/335 3268/4854/335 3264/4850/335
f 3278/4937/3117 3280/6356/3117 3269/4938/3117
f 3269/4849/3118 3280/6349/3118 3277/4863/3118
f 3286/4939/5425 3271/4858/5425 3273/4860/5425
f 3273/4941/3120 3270/4855/3120 3284/4871/3120
f 3285/4874/3121 3279/4869/3121 3282/4870/3121
f 3282/4870/3122 3278/4866/3122 3286/4877/3122
f 3279/4869/3123 3292/4882/3123 3294/4884/3123
f 3283/4865/3124 3294/6352/3124 3291/4879/3124
f 3285/4874/3125 3287/4876/3125 3304/4943/3125
f 3304/4889/3126 3287/6350/3126 3284/4871/3126
f 3299/4890/3127 3293/4885/3127 3296/4886/3127
f 3296/4886/3128 3292/4882/3128 3300/4893/3128
f 3306/4898/5426 3308/4900/5426 3297/4944/5426
f 3297/4881/3130 3308/6354/3130 3305/4895/3130
f 3314/4909/3131 3299/4958/3131 3301/4946/3131
f 3301/4948/5427 3298/4887/5427 3312/4903/5427
f 3307/4901/3133 3310/4902/3133 3317/4910/3133
f 3317/4910/3134 3310/4902/3134 3306/4898/3134
f 3320/4914/5428 3322/4916/5428 3311/4949/5428
f 3322/4950/3136 3319/4911/3136 3305/4895/3136
f 3328/4926/5429 3313/4906/5429 3315/4908/5429
f 3332/4922/3138 3315/6355/3138 3312/4903/3138
f 3327/4923/3139 3321/4917/3139 3324/4919/3139
f 3324/4953/3140 3320/4914/3140 3328/4926/3140
f 3236/4816/3141 3238/4818/3141 3325/4954/3141
f 3238/4955/3142 3235/4813/3142 3319/4911/3142
f 3244/4827/3143 3327/4923/3143 3329/4925/3143
f 3329/4957/3144 3326/4920/3144 3242/4821/3144
f 3319/4911/3145 3235/4813/3145 3305/4895/3145
f 3235/4813/3145 3249/4829/3145 3305/4895/3145
f 3249/4829/3145 3263/4847/3145 3305/4895/3145
f 3263/4847/3145 3277/4863/3145 3305/4895/3145
f 3243/4824/3146 3258/4844/3146 3250/4832/3146
f 3327/4923/3147 3244/4827/3147 3236/4816/3147
f 3270/4855/3148 3256/4838/3148 3242/4821/3148
f 3242/4821/3148 3326/4920/3148 3312/4903/3148
f 3312/4903/3148 3298/4887/3148 3284/4871/3148
f 3284/4871/3148 3270/4855/3148 3312/4903/3148
f 3257/4841/3149 3272/4861/3149 3264/4850/3149
f 3265/4853/3150 3271/4858/3150 3286/4939/3150
f 3279/4869/3151 3285/4874/3151 3300/4893/3151
f 3299/4958/3152 3314/4909/3152 3306/4898/3152
f 3313/4906/3153 3328/4926/3153 3320/4914/3153
f 3333/4959/5430 3336/6357/5430 3337/4960/5430
f 3334/4962/5431 3338/4966/5431 3337/4963/5431
f 3335/4965/5432 3339/5075/5432 3337/4963/5432
f 3340/4967/5433 3343/5077/5433 3344/4968/5433
f 3341/4970/5434 3345/4974/5434 3344/4971/5434
f 3342/4973/5435 3346/5103/5435 3344/4971/5435
f 3347/4975/5436 3350/6358/5436 3351/4976/5436
f 3348/4978/5437 3352/6359/5437 3351/4979/5437
f 3349/4981/5438 3353/5079/5438 3351/4982/5438
f 3354/4984/5439 3357/5082/5439 3358/4985/5439
f 3355/4987/5440 3359/5078/5440 3358/4988/5440
f 3356/4990/5441 3360/5076/5441 3358/4991/5441
f 3361/4993/5442 3364/5080/5442 3365/4994/5442
f 3362/4996/5443 3366/5000/5443 3365/4997/5443
f 3363/4999/5444 3367/5084/5444 3365/4997/5444
f 3368/5001/5445 3371/5087/5445 3372/5002/5445
f 3369/5004/5446 3373/5008/5446 3372/5005/5446
f 3370/5007/5447 3374/5081/5447 3372/5005/5447
f 3375/5009/5448 3378/6360/5448 3379/5010/5448
f 3376/5012/5449 3380/5016/5449 3379/5013/5449
f 3377/5015/5450 3381/5088/5450 3379/5013/5450
f 3382/5017/5451 3385/5091/5451 3386/5018/5451
f 3383/5020/5452 3387/5024/5452 3386/5021/5452
f 3384/5023/5453 3388/6361/5453 3386/5021/5453
f 3389/5025/5454 3392/5089/5454 3393/5026/5454
f 3390/5028/5455 3394/5032/5455 3393/5029/5455
f 3391/5031/5456 3395/6362/5456 3393/5029/5456
f 3396/5033/5457 3399/5097/5457 3400/5034/5457
f 3397/5036/5458 3401/5040/5458 3400/5037/5458
f 3398/5039/5459 3402/5090/5459 3400/5037/5459
f 3403/5041/5460 3406/5094/5460 3407/5042/5460
f 3404/5044/5461 3408/5048/5461 3407/5045/5461
f 3405/5047/5462 3409/5098/5462 3407/5045/5462
f 3410/5049/5463 3413/6363/5463 3414/5050/5463
f 3411/5052/5464 3415/5056/5464 3414/5053/5464
f 3412/5055/5465 3416/5096/5465 3414/5053/5465
f 3417/5057/5466 3420/6364/5466 3421/5058/5466
f 3418/5060/5467 3422/5101/5467 3421/5061/5467
f 3419/5063/5468 3423/5102/5468 3421/5064/5468
f 3424/5066/5469 3427/5104/5469 3428/5067/5469
f 3425/5069/5470 3429/5100/5470 3428/5070/5470
f 3426/5072/5471 3430/5099/5471 3428/5073/5471
f 3348/4978/3196 3350/4980/3196 3339/5075/3196
f 3339/4961/3197 3350/6358/3197 3347/4975/3197
f 3341/4970/3198 3343/4972/3198 3360/5076/3198
f 3343/5077/3199 3340/4967/3199 3354/4984/3199
f 3342/4973/3200 3345/4974/3200 3338/4966/3200
f 3345/4974/3201 3341/4970/3201 3335/4965/3201
f 3349/4981/3202 3352/4983/3202 3359/5078/3202
f 3359/4992/3203 3352/6359/3203 3348/4978/3203
f 3362/4996/3204 3364/4998/3204 3353/5079/3204
f 3364/5080/3205 3361/4993/3205 3347/4975/3205
f 3355/4987/5472 3357/4989/5472 3374/5081/5472
f 3357/5082/3207 3354/4984/3207 3368/5001/3207
f 3363/4999/3208 3366/5000/3208 3373/5008/3208
f 3366/5000/3209 3362/4996/3209 3370/5007/3209
f 3363/4999/3210 3376/5105/3210 3378/5083/3210
f 3367/4995/3211 3378/6360/3211 3375/5009/3211
f 3369/5004/3212 3371/5006/3212 3388/5085/3212
f 3371/5087/3213 3368/5001/3213 3382/5017/3213
f 3377/5015/3214 3380/5016/3214 3387/5024/3214
f 3380/5016/3215 3376/5012/3215 3384/5023/3215
f 3390/5028/3216 3392/5030/3216 3381/5088/3216
f 3392/5089/3217 3389/5025/3217 3375/5009/3217
f 3398/5039/3218 3383/5020/3218 3385/5022/3218
f 3385/5091/3219 3382/5017/3219 3396/5033/3219
f 3391/5031/3220 3394/5032/3220 3401/5040/3220
f 3401/5040/3221 3394/5032/3221 3390/5028/3221
f 3391/5092/3222 3404/5044/3222 3406/5046/3222
f 3406/5094/3223 3403/5041/3223 3389/5025/3223
f 3412/5055/3224 3397/5106/3224 3399/5095/3224
f 3399/5097/3225 3396/5033/3225 3410/5049/3225
f 3405/5047/5473 3408/5048/5473 3415/5056/5473
f 3415/5056/3227 3408/5048/3227 3404/5044/3227
f 3418/5060/3228 3420/5062/3228 3409/5098/3228
f 3409/5043/3229 3420/6364/3229 3417/5057/3229
f 3426/5072/3230 3411/5052/3230 3413/5054/3230
f 3430/5068/5474 3413/6363/5474 3410/5049/5474
f 3419/5063/3232 3422/5065/3232 3429/5100/3232
f 3422/5101/3233 3418/5060/3233 3426/5072/3233
f 3334/4962/3234 3336/4964/3234 3423/5102/3234
f 3423/5059/3235 3336/6357/3235 3333/4959/3235
f 3342/4973/5475 3425/5069/5475 3427/5071/5475
f 3427/5104/3237 3424/5066/3237 3340/4967/3237
f 3417/5057/3238 3333/4959/3238 3403/5041/3238
f 3333/4959/3238 3347/4975/3238 3403/5041/3238
f 3347/4975/3238 3361/4993/3238 3375/5009/3238
f 3375/5009/3238 3389/5025/3238 3403/5041/3238
f 3341/4970/3239 3356/4990/3239 3348/4978/3239
f 3425/5069/3240 3342/4973/3240 3334/4962/3240
f 3368/5001/3241 3354/4984/3241 3340/4967/3241
f 3340/4967/3241 3424/5066/3241 3410/5049/3241
f 3410/5049/3241 3396/5033/3241 3382/5017/3241
f 3382/5017/3241 3368/5001/3241 3410/5049/3241
f 3355/4987/3242 3370/5007/3242 3362/4996/3242
f 3363/4999/3243 3369/5004/3243 3384/5086/3243
f 3383/5020/3244 3398/5039/3244 3390/5028/3244
f 3397/5106/3245 3412/5055/3245 3404/5044/3245
f 3411/5052/3246 3426/5072/3246 3418/5060/3246
f 3431/5107/5476 3434/6365/5476 3435/5108/5476
f 3432/5110/5477 3436/5114/5477 3435/5111/5477
f 3433/5113/5478 3437/5223/5478 3435/5111/5478
f 3438/5115/5479 3441/5226/5479 3442/5116/5479
f 3439/5118/5480 3443/5122/5480 3442/5119/5480
f 3440/5121/5481 3444/5250/5481 3442/5119/5481
f 3445/5123/5482 3448/5224/5482 3449/5124/5482
f 3446/5126/5483 3450/5228/5483 3449/5127/5483
f 3447/5129/5484 3451/5229/5484 3449/5130/5484
f 3452/5132/5485 3455/5232/5485 3456/5133/5485
f 3453/5135/5486 3457/5227/5486 3456/5136/5486
f 3454/5138/5487 3458/5225/5487 3456/5139/5487
f 3459/5141/5488 3462/5230/5488 3463/5142/5488
f 3460/5144/5489 3464/5148/5489 3463/5145/5489
f 3461/5147/5490 3465/5234/5490 3463/5145/5490
f 3466/5149/5491 3469/6366/5491 3470/5150/5491
f 3467/5152/5492 3471/5156/5492 3470/5153/5492
f 3468/5155/5493 3472/5231/5493 3470/5153/5493
f 3473/5157/5494 3476/5235/5494 3477/5158/5494
f 3474/5160/5495 3478/5164/5495 3477/5161/5495
f 3475/5163/5496 3479/5238/5496 3477/5161/5496
f 3480/5165/5497 3483/6367/5497 3484/5166/5497
f 3481/5168/5498 3485/5172/5498 3484/5169/5498
f 3482/5171/5499 3486/6368/5499 3484/5169/5499
f 3487/5173/5500 3490/6369/5500 3491/5174/5500
f 3488/5176/5501 3492/5180/5501 3491/5177/5501
f 3489/5179/5502 3493/6370/5502 3491/5177/5502
f 3494/5181/5503 3497/6371/5503 3498/5182/5503
f 3495/5184/5504 3499/5188/5504 3498/5185/5504
f 3496/5187/5505 3500/5239/5505 3498/5185/5505
f 3501/5189/5506 3504/5242/5506 3505/5190/5506
f 3502/5192/5507 3506/5196/5507 3505/5193/5507
f 3503/5195/5508 3507/5245/5508 3505/5193/5508
f 3508/5197/5509 3511/6372/5509 3512/5198/5509
f 3509/5200/5510 3513/5204/5510 3512/5201/5510
f 3510/5203/5511 3514/5244/5511 3512/5201/5511
f 3515/5205/5512 3518/6373/5512 3519/5206/5512
f 3516/5208/5513 3520/5248/5513 3519/5209/5513
f 3517/5211/5514 3521/5249/5514 3519/5212/5514
f 3522/5214/5515 3525/5251/5515 3526/5215/5515
f 3523/5217/5516 3527/5247/5516 3526/5218/5516
f 3524/5220/5517 3528/5246/5517 3526/5221/5517
f 3433/5113/3289 3446/5126/3289 3448/5128/3289
f 3448/5224/3290 3445/5123/3290 3431/5107/3290
f 3439/5118/3291 3441/5120/3291 3458/5225/3291
f 3441/5226/3292 3438/5115/3292 3452/5132/3292
f 3440/5121/3293 3443/5122/3293 3436/5114/3293
f 3443/5122/3294 3439/5118/3294 3433/5113/3294
f 3447/5129/3295 3450/5131/3295 3457/5227/3295
f 3450/5228/5518 3446/5126/5518 3454/5138/5518
f 3460/5144/3297 3462/5146/3297 3451/5229/3297
f 3462/5230/3298 3459/5141/3298 3445/5123/3298
f 3468/5155/3299 3453/5135/3299 3455/5137/3299
f 3455/5232/3300 3452/5132/3300 3466/5149/3300
f 3461/5147/3301 3464/5148/3301 3471/5156/3301
f 3471/5156/3302 3464/5148/3302 3460/5144/3302
f 3461/5147/3303 3474/5252/3303 3476/5233/3303
f 3476/5235/3304 3473/5157/3304 3459/5141/3304
f 3467/5152/3305 3469/5154/3305 3486/5236/3305
f 3486/5167/3306 3469/6366/3306 3466/5149/3306
f 3481/5168/3307 3475/5163/3307 3478/5164/3307
f 3485/5172/5519 3478/5164/5519 3474/5160/5519
f 3475/5163/3309 3488/5176/3309 3490/5178/3309
f 3479/5159/3310 3490/6369/3310 3487/5173/3310
f 3496/5187/3311 3481/5168/3311 3483/5170/3311
f 3500/5183/3312 3483/6367/3312 3480/5165/3312
f 3495/5184/5520 3489/5179/5520 3492/5180/5520
f 3492/5180/3314 3488/5176/3314 3496/5187/3314
f 3489/5240/5521 3502/5192/5521 3504/5194/5521
f 3504/5242/3316 3501/5189/3316 3487/5173/3316
f 3510/5203/5522 3495/6374/5522 3497/5243/5522
f 3514/5199/5523 3497/6371/5523 3494/5181/5523
f 3503/5195/5524 3506/5196/5524 3513/5204/5524
f 3513/5204/3320 3506/5196/3320 3502/5192/3320
f 3516/5208/3321 3518/5210/3321 3507/5245/3321
f 3507/5191/3322 3518/6373/3322 3515/5205/3322
f 3524/5220/3323 3509/5200/3323 3511/5202/3323
f 3528/5216/3324 3511/6372/3324 3508/5197/3324
f 3517/5211/3325 3520/5213/3325 3527/5247/3325
f 3520/5248/3326 3516/5208/3326 3524/5220/3326
f 3432/5110/3327 3434/5112/3327 3521/5249/3327
f 3521/5207/3328 3434/6365/3328 3431/5107/3328
f 3523/5217/5525 3525/5219/5525 3444/5250/5525
f 3525/5251/3330 3522/5214/3330 3438/5115/3330
f 3515/5205/3331 3431/5107/3331 3445/5123/3331
f 3445/5123/3331 3459/5141/3331 3501/5189/3331
f 3459/5141/3331 3473/5157/3331 3501/5189/3331
f 3473/5157/3331 3487/5173/3331 3501/5189/3331
f 3439/5118/3332 3454/5138/3332 3446/5126/3332
f 3523/5217/5526 3440/5121/5526 3432/5110/5526
f 3466/5149/3334 3452/5132/3334 3438/5115/3334
f 3438/5115/3334 3522/5214/3334 3508/5197/3334
f 3508/5197/3334 3494/5181/3334 3480/5165/3334
f 3480/5165/3334 3466/5149/3334 3438/5115/3334
f 3447/5129/182 3453/5135/182 3468/5155/182
f 3467/5152/3335 3482/5237/3335 3474/5252/3335
f 3475/5163/463 3481/5168/463 3496/5187/463
f 3489/5240/3336 3495/6374/3336 3510/5203/3336
f 3509/5200/3337 3524/5220/3337 3516/5208/3337
f 3529/5253/5527 3532/6375/5527 3533/5254/5527
f 3530/5256/5528 3534/5260/5528 3533/5257/5528
f 3531/5259/5529 3535/5369/5529 3533/5257/5529
f 3536/5261/5530 3539/6376/5530 3540/5262/5530
f 3537/5264/5531 3541/5268/5531 3540/5265/5531
f 3538/5267/5532 3542/5395/5532 3540/5265/5532
f 3543/5269/5533 3546/5370/5533 3547/5270/5533
f 3544/5272/5534 3548/5373/5534 3547/5273/5534
f 3545/5275/5535 3549/5374/5535 3547/5276/5535
f 3550/5278/5536 3553/5376/5536 3554/5279/5536
f 3551/5281/5537 3555/5372/5537 3554/5282/5537
f 3552/5284/5538 3556/5371/5538 3554/5285/5538
f 3557/5287/5539 3560/6377/5539 3561/5288/5539
f 3558/5290/5540 3562/5294/5540 3561/5291/5540
f 3559/5293/5541 3563/5378/5541 3561/5291/5541
f 3564/5295/5542 3567/6378/5542 3568/5296/5542
f 3565/5298/5543 3569/5302/5543 3568/5299/5543
f 3566/5301/5544 3570/5375/5544 3568/5299/5544
f 3571/5303/5545 3574/6379/5545 3575/5304/5545
f 3572/5306/5546 3576/5310/5546 3575/5307/5546
f 3573/5309/5547 3577/5381/5547 3575/5307/5547
f 3578/5311/5548 3581/5384/5548 3582/5312/5548
f 3579/5314/5549 3583/5318/5549 3582/5315/5549
f 3580/5317/5550 3584/6380/5550 3582/5315/5550
f 3585/5319/5551 3588/5382/5551 3589/5320/5551
f 3586/5322/5552 3590/5326/5552 3589/5323/5552
f 3587/5325/5553 3591/6381/5553 3589/5323/5553
f 3592/5327/5554 3595/6382/5554 3596/5328/5554
f 3593/5330/5555 3597/5334/5555 3596/5331/5555
f 3594/5333/5556 3598/5383/5556 3596/5331/5556
f 3599/5335/5557 3602/6383/5557 3603/5336/5557
f 3600/5338/5558 3604/5342/5558 3603/5339/5558
f 3601/5341/5559 3605/5389/5559 3603/5339/5559
f 3606/5343/5560 3609/6384/5560 3610/5344/5560
f 3607/5346/5561 3611/5350/5561 3610/5347/5561
f 3608/5349/5562 3612/5388/5562 3610/5347/5562
f 3613/5351/5563 3616/5390/5563 3617/5352/5563
f 3614/5354/5564 3618/5393/5564 3617/5355/5564
f 3615/5357/5565 3619/5394/5565 3617/5358/5565
f 3620/5360/5566 3623/5396/5566 3624/5361/5566
f 3621/5363/5567 3625/5392/5567 3624/5364/5567
f 3622/5366/5568 3626/5391/5568 3624/5367/5568
f 3531/5259/3380 3544/5272/3380 3546/5274/3380
f 3546/5370/3381 3543/5269/3381 3529/5253/3381
f 3537/5264/3382 3539/5266/3382 3556/5371/3382
f 3556/5280/3383 3539/6376/3383 3536/5261/3383
f 3530/5256/3384 3538/5267/3384 3541/5268/3384
f 3541/5268/3385 3537/5264/3385 3531/5259/3385
f 3545/5275/3386 3548/5277/3386 3555/5372/3386
f 3548/5373/3387 3544/5272/3387 3552/5284/3387
f 3545/5275/3388 3558/5290/3388 3560/5292/3388
f 3549/5271/3389 3560/6377/3389 3557/5287/3389
f 3566/5301/5569 3551/5281/5569 3553/5283/5569
f 3553/5376/3391 3550/5278/3391 3564/5295/3391
f 3565/5298/5570 3559/5293/5570 3562/5294/5570
f 3562/5294/3393 3558/5290/3393 3566/5301/3393
f 3572/5377/5571 3574/6385/5571 3563/5378/5571
f 3563/5289/5572 3574/6379/5572 3571/5303/5572
f 3565/5298/3396 3567/5300/3396 3584/5379/3396
f 3584/5313/3397 3567/6378/3397 3564/5295/3397
f 3579/5314/3398 3573/5309/3398 3576/5310/3398
f 3576/5310/3399 3572/5306/3399 3580/5317/3399
f 3586/5322/3400 3588/5324/3400 3577/5381/3400
f 3588/5382/3401 3585/5319/3401 3571/5303/3401
f 3579/5314/3402 3581/5316/3402 3598/5383/3402
f 3581/5384/3403 3578/5311/3403 3592/5327/3403
f 3587/5325/5573 3590/5326/5573 3597/5334/5573
f 3590/5326/3405 3586/5322/3405 3594/5333/3405
f 3600/5338/3406 3602/5340/3406 3591/5385/3406
f 3591/5321/3407 3602/6383/3407 3599/5335/3407
f 3593/5387/3408 3595/6386/3408 3612/5388/3408
f 3612/5345/3409 3595/6382/3409 3592/5327/3409
f 3601/5341/3410 3604/5342/3410 3611/5350/3410
f 3611/5350/5574 3604/5342/5574 3600/5338/5574
f 3601/5341/3412 3614/5354/3412 3616/5356/3412
f 3616/5390/3413 3613/5351/3413 3599/5335/3413
f 3607/5346/3414 3609/5348/3414 3626/5391/3414
f 3626/5362/3415 3609/6384/3415 3606/5343/3415
f 3615/5357/3416 3618/5359/3416 3625/5392/3416
f 3618/5393/3417 3614/5354/3417 3622/5366/3417
f 3530/5256/3418 3532/5258/3418 3619/5394/3418
f 3619/5353/3419 3532/6375/3419 3529/5253/3419
f 3538/5267/3420 3621/5363/3420 3623/5365/3420
f 3623/5396/3421 3620/5360/3421 3536/5261/3421
f 3613/5351/3422 3529/5253/3422 3599/5335/3422
f 3529/5253/3422 3543/5269/3422 3599/5335/3422
f 3543/5269/3422 3557/5287/3422 3599/5335/3422
f 3557/5287/3422 3571/5303/3422 3599/5335/3422
f 3537/5264/3423 3552/5284/3423 3544/5272/3423
f 3621/5363/3424 3538/5267/3424 3530/5256/3424
f 3564/5295/3425 3550/5278/3425 3536/5261/3425
f 3536/5261/3425 3620/5360/3425 3606/5343/3425
f 3606/5343/3425 3592/5327/3425 3536/5261/3425
f 3592/5327/3425 3578/5311/3425 3536/5261/3425
f 3551/5281/3426 3566/5301/3426 3558/5290/3426
f 3565/5298/3427 3580/5380/3427 3572/5377/3427
f 3579/5314/3428 3594/5333/3428 3586/5322/3428
f 3593/5387/3429 3608/5349/3429 3600/5338/3429
f 3607/5346/3430 3622/5366/3430 3614/5354/3430
f 3627/5397/5575 3630/6387/5575 3631/5398/5575
f 3628/5400/5576 3632/5404/5576 3631/5401/5576
f 3629/5403/5577 3633/5513/5577 3631/5401/5577
f 3634/5405/5578 3637/6388/5578 3638/5406/5578
f 3635/5408/5579 3639/5412/5579 3638/5409/5579
f 3636/5411/5580 3640/5542/5580 3638/5409/5580
f 3641/5413/5581 3644/5514/5581 3645/5414/5581
f 3642/5416/5582 3646/5517/5582 3645/5417/5582
f 3643/5419/5583 3647/5518/5583 3645/5420/5583
f 3648/5422/5584 3651/5521/5584 3652/5423/5584
f 3649/5425/5585 3653/5516/5585 3652/5426/5585
f 3650/5428/5586 3654/5515/5586 3652/5429/5586
f 3655/5431/5587 3658/5519/5587 3659/5432/5587
f 3656/5434/5588 3660/5438/5588 3659/5435/5588
f 3657/5437/5589 3661/5523/5589 3659/5435/5589
f 3662/5439/5590 3665/6389/5590 3666/5440/5590
f 3663/5442/5591 3667/5446/5591 3666/5443/5591
f 3664/5445/5592 3668/5520/5592 3666/5443/5592
f 3669/5447/5593 3672/5524/5593 3673/5448/5593
f 3670/5450/5594 3674/5454/5594 3673/5451/5594
f 3671/5453/5595 3675/5527/5595 3673/5451/5595
f 3676/5455/5596 3679/5529/5596 3680/5456/5596
f 3677/5458/5597 3681/5462/5597 3680/5459/5597
f 3678/5461/5598 3682/6390/5598 3680/5459/5598
f 3683/5463/5599 3686/6391/5599 3687/5464/5599
f 3684/5466/5600 3688/5470/5600 3687/5467/5600
f 3685/5469/5601 3689/6392/5601 3687/5467/5601
f 3690/5471/5602 3693/5534/5602 3694/5472/5602
f 3691/5474/5603 3695/5478/5603 3694/5475/5603
f 3692/5477/5604 3696/5528/5604 3694/5475/5604
f 3697/5479/5605 3700/6393/5605 3701/5480/5605
f 3698/5482/5606 3702/5486/5606 3701/5483/5606
f 3699/5485/5607 3703/5535/5607 3701/5483/5607
f 3704/5487/5608 3707/5538/5608 3708/5488/5608
f 3705/5490/5609 3709/5494/5609 3708/5491/5609
f 3706/5493/5610 3710/5533/5610 3708/5491/5610
f 3711/5495/5611 3714/5536/5611 3715/5496/5611
f 3712/5498/5612 3716/5540/5612 3715/5499/5612
f 3713/5501/5613 3717/5541/5613 3715/5502/5613
f 3718/5504/5614 3721/5543/5614 3722/5505/5614
f 3719/5507/5615 3723/5539/5615 3722/5508/5615
f 3720/5510/5616 3724/5537/5616 3722/5511/5616
f 3642/5416/3473 3644/5418/3473 3633/5513/3473
f 3644/5514/5617 3641/5413/5617 3627/5397/5617
f 3635/5408/3475 3637/5410/3475 3654/5515/3475
f 3654/5424/3476 3637/6388/3476 3634/5405/3476
f 3636/5411/5618 3639/5412/5618 3632/5404/5618
f 3632/5404/3478 3639/5412/3478 3635/5408/3478
f 3649/5425/3479 3643/5419/3479 3646/5421/3479
f 3646/5517/3480 3642/5416/3480 3650/5428/3480
f 3656/5434/3481 3658/5436/3481 3647/5518/3481
f 3658/5519/3482 3655/5431/3482 3641/5413/3482
f 3664/5445/5619 3649/5425/5619 3651/5427/5619
f 3651/5521/3484 3648/5422/3484 3662/5439/3484
f 3663/5442/3485 3657/5437/3485 3660/5438/3485
f 3660/5438/3486 3656/5434/3486 3664/5445/3486
f 3657/5437/3487 3670/5544/3487 3672/5522/3487
f 3672/5524/3488 3669/5447/3488 3655/5431/3488
f 3663/5442/3489 3665/5444/3489 3682/5525/3489
f 3682/5457/5620 3665/6389/5620 3662/5439/5620
f 3677/5458/5621 3671/5453/5621 3674/5454/5621
f 3674/5454/5622 3670/5450/5622 3678/5461/5622
f 3684/5466/3493 3686/5468/3493 3675/5527/3493
f 3675/5449/3494 3686/6391/3494 3683/5463/3494
f 3692/5477/3495 3677/5458/3495 3679/5460/3495
f 3679/5529/3496 3676/5455/3496 3690/5471/3496
f 3685/5469/3497 3688/5470/3497 3695/5478/3497
f 3688/5470/3498 3684/5466/3498 3692/5477/3498
f 3698/5482/5623 3700/5484/5623 3689/5530/5623
f 3689/5465/5624 3700/6393/5624 3697/5479/5624
f 3691/5532/5625 3693/6394/5625 3710/5533/5625
f 3693/5534/3502 3690/5471/3502 3704/5487/3502
f 3705/5490/3503 3699/5485/3503 3702/5486/3503
f 3709/5494/3504 3702/5486/3504 3698/5482/3504
f 3699/5485/5626 3712/5498/5626 3714/5500/5626
f 3714/5536/3506 3711/5495/3506 3697/5479/3506
f 3705/5490/3507 3707/5492/3507 3724/5537/3507
f 3707/5538/3508 3704/5487/3508 3718/5504/3508
f 3713/5501/3509 3716/5503/3509 3723/5539/3509
f 3716/5540/3510 3712/5498/3510 3720/5510/3510
f 3628/5400/5627 3630/5402/5627 3717/5541/5627
f 3717/5497/5628 3630/6387/5628 3627/5397/5628
f 3636/5411/3513 3719/5507/3513 3721/5509/3513
f 3721/5543/3514 3718/5504/3514 3634/5405/3514
f 3711/5495/3515 3627/5397/3515 3697/5479/3515
f 3627/5397/3515 3641/5413/3515 3697/5479/3515
f 3641/5413/3515 3655/5431/3515 3697/5479/3515
f 3655/5431/3515 3669/5447/3515 3697/5479/3515
f 3635/5408/3516 3650/5428/3516 3642/5416/3516
f 3719/5507/3517 3636/5411/3517 3628/5400/3517
f 3662/5439/3518 3648/5422/3518 3676/5455/3518
f 3648/5422/3518 3634/5405/3518 3676/5455/3518
f 3634/5405/3518 3718/5504/3518 3676/5455/3518
f 3718/5504/3518 3704/5487/3518 3676/5455/3518
f 3649/5425/3519 3664/5445/3519 3656/5434/3519
f 3663/5442/3520 3678/5526/3520 3670/5544/3520
f 3671/5453/3521 3677/5458/3521 3692/5477/3521
f 3691/5532/3522 3706/5493/3522 3698/5482/3522
f 3699/5485/3523 3705/5490/3523 3720/5510/3523
f 3725/5545/5629 3728/6395/5629 3729/5546/5629
f 3726/5548/5630 3730/5552/5630 3729/5549/5630
f 3727/5551/5631 3731/5661/5631 3729/5549/5631
f 3732/5553/5632 3735/6396/5632 3736/5554/5632
f 3733/5556/5633 3737/5560/5633 3736/5557/5633
f 3734/5559/5634 3738/5688/5634 3736/5557/5634
f 3739/5561/5635 3742/6397/5635 3743/5562/5635
f 3740/5564/5636 3744/5664/5636 3743/5565/5636
f 3741/5567/5637 3745/5665/5637 3743/5568/5637
f 3746/5570/5638 3749/5668/5638 3750/5571/5638
f 3747/5573/5639 3751/5663/5639 3750/5574/5639
f 3748/5576/5640 3752/5662/5640 3750/5577/5640
f 3753/5579/5641 3756/5666/5641 3757/5580/5641
f 3754/5582/5642 3758/5586/5642 3757/5583/5642
f 3755/5585/5643 3759/5670/5643 3757/5583/5643
f 3760/5587/5644 3763/6398/5644 3764/5588/5644
f 3761/5590/5645 3765/5594/5645 3764/5591/5645
f 3762/5593/5646 3766/5667/5646 3764/5591/5646
f 3767/5595/5647 3770/5671/5647 3771/5596/5647
f 3768/5598/5648 3772/5602/5648 3771/5599/5648
f 3769/5601/5649 3773/5674/5649 3771/5599/5649
f 3774/5603/5650 3777/6399/5650 3778/5604/5650
f 3775/5606/5651 3779/5610/5651 3778/5607/5651
f 3776/5609/5652 3780/6400/5652 3778/5607/5652
f 3781/5611/5653 3784/5675/5653 3785/5612/5653
f 3782/5614/5654 3786/5618/5654 3785/5615/5654
f 3783/5617/5655 3787/6401/5655 3785/5615/5655
f 3788/5619/5656 3791/6402/5656 3792/5620/5656
f 3789/5622/5657 3793/5626/5657 3792/5623/5657
f 3790/5625/5658 3794/5676/5658 3792/5623/5658
f 3795/5627/5659 3798/5679/5659 3799/5628/5659
f 3796/5630/5660 3800/5634/5660 3799/5631/5660
f 3797/5633/5661 3801/5682/5661 3799/5631/5661
f 3802/5635/5662 3805/5684/5662 3806/5636/5662
f 3803/5638/5663 3807/5642/5663 3806/5639/5663
f 3804/5641/5664 3808/5681/5664 3806/5639/5664
f 3809/5643/5665 3812/6403/5665 3813/5644/5665
f 3810/5646/5666 3814/5686/5666 3813/5647/5666
f 3811/5649/5667 3815/5687/5667 3813/5650/5667
f 3816/5652/5668 3819/5689/5668 3820/5653/5668
f 3817/5655/5669 3821/5685/5669 3820/5656/5669
f 3818/5658/5670 3822/5683/5670 3820/5659/5670
f 3727/5551/3566 3740/5564/3566 3742/5566/3566
f 3731/5547/3567 3742/6397/3567 3739/5561/3567
f 3733/5556/3568 3735/5558/3568 3752/5662/3568
f 3752/5572/3569 3735/6396/3569 3732/5553/3569
f 3734/5559/3570 3737/5560/3570 3730/5552/3570
f 3737/5560/3571 3733/5556/3571 3727/5551/3571
f 3747/5573/3572 3741/5567/3572 3744/5569/3572
f 3744/5664/1537 3740/5564/1537 3748/5576/1537
f 3754/5582/5671 3756/5584/5671 3745/5665/5671
f 3756/5666/3574 3753/5579/3574 3739/5561/3574
f 3762/5593/3575 3747/5573/3575 3749/5575/3575
f 3749/5668/3576 3746/5570/3576 3760/5587/3576
f 3761/5590/3577 3755/5585/3577 3758/5586/3577
f 3758/5586/3578 3754/5582/3578 3762/5593/3578
f 3768/5669/5672 3770/6404/5672 3759/5670/5672
f 3770/5671/3580 3767/5595/3580 3753/5579/3580
f 3761/5590/3581 3763/5592/3581 3780/5672/3581
f 3780/5605/3582 3763/6398/3582 3760/5587/3582
f 3769/5601/3583 3772/5602/3583 3779/5610/3583
f 3772/5602/5673 3768/5598/5673 3776/5609/5673
f 3769/5601/3585 3782/5614/3585 3784/5616/3585
f 3784/5675/5674 3781/5611/5674 3767/5595/5674
f 3790/5625/3587 3775/5606/3587 3777/5608/3587
f 3794/5621/3588 3777/6399/3588 3774/5603/3588
f 3783/5617/3589 3786/5618/3589 3793/5626/3589
f 3786/5618/3590 3782/5614/3590 3790/5625/3590
f 3783/5677/3591 3796/5630/3591 3798/5632/3591
f 3798/5679/3592 3795/5627/3592 3781/5611/3592
f 3804/5641/3593 3789/5690/3593 3791/5680/3593
f 3808/5637/3594 3791/6402/3594 3788/5619/3594
f 3797/5633/3595 3800/5634/3595 3807/5642/3595
f 3800/5634/3596 3796/5630/3596 3804/5641/3596
f 3797/5633/5675 3810/5646/5675 3812/5648/5675
f 3801/5629/3598 3812/6403/3598 3809/5643/3598
f 3803/5638/3599 3805/5640/3599 3822/5683/3599
f 3805/5684/3600 3802/5635/3600 3816/5652/3600
f 3811/5649/5676 3814/5651/5676 3821/5685/5676
f 3814/5686/3602 3810/5646/3602 3818/5658/3602
f 3811/5649/3603 3726/5548/3603 3728/5550/3603
f 3815/5645/5677 3728/6395/5677 3725/5545/5677
f 3734/5559/5678 3817/5655/5678 3819/5657/5678
f 3819/5689/5679 3816/5652/5679 3732/5553/5679
f 3809/5643/3607 3725/5545/3607 3739/5561/3607
f 3739/5561/3607 3753/5579/3607 3795/5627/3607
f 3753/5579/3607 3767/5595/3607 3795/5627/3607
f 3767/5595/3607 3781/5611/3607 3795/5627/3607
f 3733/5556/3608 3748/5576/3608 3740/5564/3608
f 3817/5655/3609 3734/5559/3609 3726/5548/3609
f 3760/5587/3610 3746/5570/3610 3774/5603/3610
f 3746/5570/3610 3732/5553/3610 3774/5603/3610
f 3732/5553/3610 3816/5652/3610 3774/5603/3610
f 3816/5652/3610 3802/5635/3610 3774/5603/3610
f 3747/5573/3611 3762/5593/3611 3754/5582/3611
f 3761/5590/3612 3776/5673/3612 3768/5669/3612
f 3769/5601/3613 3775/5606/3613 3790/5625/3613
f 3789/5690/3614 3804/5641/3614 3796/5630/3614
f 3803/5638/3615 3818/5658/3615 3810/5646/3615
f 3823/5691/5680 3826/6405/5680 3827/5692/5680
f 3824/5694/5681 3828/5698/5681 3827/5695/5681
f 3825/5697/5682 3829/5807/5682 3827/5695/5682
f 3830/5699/5683 3833/5809/5683 3834/5700/5683
f 3831/5702/5684 3835/5706/5684 3834/5703/5684
f 3832/5705/5685 3836/5833/5685 3834/5703/5685
f 3837/5707/5686 3840/6406/5686 3841/5708/5686
f 3838/5710/5687 3842/5811/5687 3841/5711/5687
f 3839/5713/5688 3843/5812/5688 3841/5714/5688
f 3844/5716/5689 3847/6407/5689 3848/5717/5689
f 3845/5719/5690 3849/5810/5690 3848/5720/5690
f 3846/5722/5691 3850/5808/5691 3848/5723/5691
f 3851/5725/5692 3854/6408/5692 3855/5726/5692
f 3852/5728/5693 3856/5732/5693 3855/5729/5693
f 3853/5731/5694 3857/5815/5694 3855/5729/5694
f 3858/5733/5695 3861/5819/5695 3862/5734/5695
f 3859/5736/5696 3863/5740/5696 3862/5737/5696
f 3860/5739/5697 3864/5813/5697 3862/5737/5697
f 3865/5741/5698 3868/5816/5698 3869/5742/5698
f 3866/5744/5699 3870/5748/5699 3869/5745/5699
f 3867/5747/5700 3871/5820/5700 3869/5745/5700
f 3872/5749/5701 3875/6409/5701 3876/5750/5701
f 3873/5752/5702 3877/5756/5702 3876/5753/5702
f 3874/5755/5703 3878/6410/5703 3876/5753/5703
f 3879/5757/5704 3882/5821/5704 3883/5758/5704
f 3880/5760/5705 3884/5764/5705 3883/5761/5705
f 3881/5763/5706 3885/6411/5706 3883/5761/5706
f 3886/5765/5707 3889/6412/5707 3890/5766/5707
f 3887/5768/5708 3891/5772/5708 3890/5769/5708
f 3888/5771/5709 3892/5822/5709 3890/5769/5709
f 3893/5773/5710 3896/6413/5710 3897/5774/5710
f 3894/5776/5711 3898/5780/5711 3897/5777/5711
f 3895/5779/5712 3899/5827/5712 3897/5777/5712
f 3900/5781/5713 3903/6414/5713 3904/5782/5713
f 3901/5784/5714 3905/5788/5714 3904/5785/5714
f 3902/5787/5715 3906/5826/5715 3904/5785/5715
f 3907/5789/5716 3910/5828/5716 3911/5790/5716
f 3908/5792/5717 3912/5831/5717 3911/5793/5717
f 3909/5795/5718 3913/5832/5718 3911/5796/5718
f 3914/5798/5719 3917/6415/5719 3918/5799/5719
f 3915/5801/5720 3919/5830/5720 3918/5802/5720
f 3916/5804/5721 3920/5829/5721 3918/5805/5721
f 3825/5697/5722 3838/5710/5722 3840/5712/5722
f 3829/5693/3659 3840/6406/3659 3837/5707/3659
f 3846/5722/3660 3831/5702/3660 3833/5704/3660
f 3833/5809/3661 3830/5699/3661 3844/5716/3661
f 3832/5705/3662 3835/5706/3662 3828/5698/3662
f 3828/5698/606 3835/5706/606 3831/5702/606
f 3839/5713/5723 3842/5715/5723 3849/5810/5723
f 3842/5811/3665 3838/5710/3665 3846/5722/3665
f 3852/5728/3666 3854/5730/3666 3843/5812/3666
f 3843/5709/3667 3854/6408/3667 3851/5725/3667
f 3860/5739/3668 3845/5719/3668 3847/5721/3668
f 3864/5735/3669 3847/6407/3669 3844/5716/3669
f 3853/5731/5724 3856/5732/5724 3863/5740/5724
f 3863/5740/3671 3856/5732/3671 3852/5728/3671
f 3866/5814/3672 3868/6416/3672 3857/5815/3672
f 3868/5816/3673 3865/5741/3673 3851/5725/3673
f 3859/5736/3674 3861/5738/3674 3878/5817/3674
f 3861/5819/5725 3858/5733/5725 3872/5749/5725
f 3867/5747/3676 3870/5748/3676 3877/5756/3676
f 3870/5748/5726 3866/5744/5726 3874/5755/5726
f 3867/5747/5727 3880/5760/5727 3882/5762/5727
f 3882/5821/3679 3879/5757/3679 3865/5741/3679
f 3873/5752/3680 3875/5754/3680 3892/5822/3680
f 3892/5767/3681 3875/6409/3681 3872/5749/3681
f 3881/5763/3682 3884/5764/3682 3891/5772/3682
f 3884/5764/3683 3880/5760/3683 3888/5771/3683
f 3894/5776/5728 3896/5778/5728 3885/5823/5728
f 3885/5759/3685 3896/6413/3685 3893/5773/3685
f 3887/5825/3686 3889/6417/3686 3906/5826/3686
f 3906/5783/3687 3889/6412/3687 3886/5765/3687
f 3901/5784/3688 3895/5779/3688 3898/5780/3688
f 3898/5780/3689 3894/5776/3689 3902/5787/3689
f 3908/5792/3690 3910/5794/3690 3899/5827/3690
f 3910/5828/3691 3907/5789/3691 3893/5773/3691
f 3916/5804/3692 3901/5784/3692 3903/5786/3692
f 3920/5800/3693 3903/6414/3693 3900/5781/3693
f 3909/5795/3694 3912/5797/3694 3919/5830/3694
f 3912/5831/3695 3908/5792/3695 3916/5804/3695
f 3824/5694/3696 3826/5696/3696 3913/5832/3696
f 3913/5791/3697 3826/6405/3697 3823/5691/3697
f 3915/5801/5729 3917/5803/5729 3836/5833/5729
f 3836/5701/5730 3917/6415/5730 3914/5798/5730
f 3907/5789/3700 3823/5691/3700 3893/5773/3700
f 3823/5691/3700 3837/5707/3700 3893/5773/3700
f 3837/5707/3700 3851/5725/3700 3893/5773/3700
f 3851/5725/3700 3865/5741/3700 3893/5773/3700
f 3825/5697/3701 3831/5702/3701 3846/5722/3701
f 3915/5801/3702 3832/5705/3702 3824/5694/3702
f 3858/5733/3703 3844/5716/3703 3830/5699/3703
f 3830/5699/3703 3914/5798/3703 3900/5781/3703
f 3900/5781/3703 3886/5765/3703 3830/5699/3703
f 3886/5765/3703 3872/5749/3703 3830/5699/3703
f 3839/5713/3704 3845/5719/3704 3860/5739/3704
f 3853/5731/3705 3859/5736/3705 3874/5818/3705
f 3873/5752/3706 3888/5771/3706 3880/5760/3706
f 3887/5825/3707 3902/5787/3707 3894/5776/3707
f 3895/5779/3708 3901/5784/3708 3916/5804/3708
f 3924/5834/5731 3925/5841/5731 3927/5835/5731
f 3922/5837/5732 3926/5902/5732 3925/5838/5732
f 3923/5840/5733 3927/5835/5733 3925/5841/5733
f 3928/5843/5734 3931/5847/5734 3932/5844/5734
f 3933/5846/5735 3932/5844/5735 3931/5847/5735
f 3930/5849/5736 3934/5903/5736 3932/5850/5736
f 3938/5852/5737 3939/5856/5737 3941/5853/5737
f 3936/5855/5738 3940/6418/5738 3939/5856/5738
f 3937/5857/5739 3941/5907/5739 3939/5858/5739
f 3945/5860/5740 3946/5864/5740 3948/5861/5740
f 3943/5863/5741 3947/5906/5741 3946/5864/5741
f 3944/5865/5742 3948/6419/5742 3946/5866/5742
f 3952/5868/5743 3953/5875/5743 3955/5869/5743
f 3950/5871/5744 3954/6420/5744 3953/5872/5744
f 3951/5874/5745 3955/5869/5745 3953/5875/5745
f 3959/5877/5746 3960/5884/5746 3962/5878/5746
f 3957/5880/5747 3961/5914/5747 3960/5881/5747
f 3958/5883/5748 3962/5878/5748 3960/5884/5748
f 3966/5886/5749 3967/5890/5749 3969/5887/5749
f 3964/5889/5750 3968/5910/5750 3967/5890/5750
f 3965/5891/5751 3969/5913/5751 3967/5892/5751
f 3973/5894/5752 3974/5898/5752 3976/5895/5752
f 3971/5897/5753 3975/5909/5753 3974/5898/5753
f 3972/5899/5754 3976/6421/5754 3974/5900/5754
f 3935/5854/3733 3921/5836/3733 3927/5835/3733
f 3927/5835/3734 3923/5840/3734 3936/5855/3734
f 3922/5837/5755 3928/5843/5755 3934/5845/5755
f 3934/5903/5756 3930/5849/5756 3923/5840/5756
f 3942/5904/5757 3948/6419/5757 3933/5851/5757
f 3933/5851/3738 3948/6419/3738 3944/5865/3738
f 3937/5857/3739 3940/5859/3739 3947/5906/3739
f 3947/5867/5758 3940/6418/5758 3936/5855/5758
f 3963/5888/3741 3935/6422/3741 3941/5907/3741
f 3966/5886/3742 3941/5907/3742 3937/5857/3742
f 3970/5908/3743 3976/6421/3743 3945/5860/3743
f 3945/5860/3744 3976/6421/3744 3972/5899/3744
f 3971/5897/5759 3965/5891/5759 3968/5893/5759
f 3968/5910/5760 3964/5889/5760 3972/5899/5760
f 3963/5911/3747 3969/5913/3747 3952/5873/3747
f 3969/5913/3748 3965/5891/3748 3950/5871/3748
f 3970/5896/3749 3956/5879/3749 3962/5878/3749
f 3973/5894/3750 3962/5878/3750 3958/5883/3750
f 3951/5874/3751 3954/5876/3751 3961/5914/3751
f 3961/5885/3752 3954/6420/3752 3950/5871/3752
f 3949/5870/5761 3955/5869/5761 3924/5839/5761
f 3955/5869/3754 3951/5874/3754 3922/5837/3754
f 3929/5848/3755 3931/5847/3755 3959/5882/3755
f 3931/5847/3756 3928/5843/3756 3957/5880/3756
f 3963/5917/3757 3949/6423/3757 3921/5918/3757
f 3930/5849/3758 3944/5865/3758 3936/5855/3758
f 3957/5880/3759 3928/5843/3759 3922/5837/3759
f 3942/5920/3760 3929/6424/3760 3956/5921/3760
f 3943/5863/3761 3972/5899/3761 3964/5889/3761
f 3971/5897/3762 3958/5883/3762 3950/5871/3762
f 3980/5923/5762 3981/5927/5762 3983/5924/5762
f 3978/5926/5763 3982/5993/5763 3981/5927/5763
f 3979/5928/5764 3983/5992/5764 3981/5929/5764
f 3984/5931/5765 3987/6004/5765 3988/5932/5765
f 3989/5934/5766 3988/5938/5766 3987/5935/5766
f 3986/5937/5767 3990/6425/5767 3988/5938/5767
f 3994/5939/5768 3995/5946/5768 3997/5940/5768
f 3992/5942/5769 3996/6426/5769 3995/5943/5769
f 3993/5945/5770 3997/5940/5770 3995/5946/5770
f 4001/5948/5771 4002/5955/5771 4004/5949/5771
f 3999/5951/5772 4003/5994/5772 4002/5952/5772
f 4000/5954/5773 4004/5949/5773 4002/5955/5773
f 4008/5957/5774 4009/5961/5774 4011/5958/5774
f 4006/5960/5775 4010/6427/5775 4009/5961/5775
f 4007/5962/5776 4011/6003/5776 4009/5963/5776
f 4015/5965/5777 4016/5969/5777 4018/5966/5777
f 4013/5968/5778 4017/6001/5778 4016/5969/5778
f 4014/5970/5779 4018/6000/5779 4016/5971/5779
f 4022/5973/5780 4023/5980/5780 4025/5974/5780
f 4020/5976/5781 4024/5998/5781 4023/5977/5781
f 4021/5979/5782 4025/5974/5782 4023/5980/5782
f 4029/5982/5783 4030/5989/5783 4032/5983/5783
f 4027/5985/5784 4031/5997/5784 4030/5986/5784
f 4028/5988/5785 4032/5983/5785 4030/5989/5785
f 3991/5991/3787 3977/6428/3787 3983/5992/3787
f 3983/5992/3788 3979/5928/3788 3992/5942/3788
f 3984/5931/5786 3990/5933/5786 3982/5993/5786
f 3982/5930/5787 3990/6425/5787 3986/5937/5787
f 3985/5936/3791 3998/5950/3791 4004/5949/3791
f 3989/5934/3792 4004/5949/3792 4000/5954/3792
f 3999/5951/5788 3993/5945/5788 3996/5947/5788
f 4003/5956/5789 3996/6426/5789 3992/5942/5789
f 3991/5941/3795 3997/5940/3795 4022/5978/3795
f 3997/5940/3796 3993/5945/3796 4020/5976/3796
f 4026/5984/5790 4032/5983/5790 4001/5953/5790
f 4001/5953/3798 4032/5983/3798 4028/5988/3798
f 4027/5985/3799 4021/5979/3799 4024/5981/3799
f 4024/5998/5791 4020/5976/5791 4028/5988/5791
f 4019/5975/3801 4025/5974/3801 4008/5957/3801
f 4025/5974/3802 4021/5979/3802 4006/5960/3802
f 4026/5999/3803 4012/6429/3803 4018/6000/3803
f 4029/5987/3804 4018/6000/3804 4014/5970/3804
f 4007/5962/5792 4010/5964/5792 4017/6001/5792
f 4017/5972/3806 4010/6427/3806 4006/5960/3806
f 4005/6002/3807 4011/6003/3807 3980/5923/3807
f 4011/6003/3808 4007/5962/3808 3978/5926/3808
f 4012/5967/5793 3985/6430/5793 3987/6004/5793
f 3987/6004/3810 3984/5931/3810 4013/5968/3810
f 4019/6005/3811 4005/6431/3811 3977/6006/3811
f 3986/5937/3812 4000/5954/3812 3992/5942/3812
f 4013/5968/3813 3984/5931/3813 3978/5926/3813
f 3998/6008/3814 3985/6432/3814 4012/6009/3814
f 3993/5945/3815 3999/5951/3815 4028/5988/3815
f 4027/5985/3816 4014/5970/3816 4006/5960/3816
