# Blender 4.5.10 LTS
# www.blender.org
mtllib stoker_rack_upright.mtl
o stoker_rack_upright
v 0.365425 0.082261 -0.217938
v 0.372203 0.090261 -0.212000
v 0.357829 0.090261 -0.213090
v 0.365425 0.893417 -0.217938
v 0.357829 0.885417 -0.213090
v 0.372203 0.885417 -0.212000
v 0.304245 0.082261 -0.253332
v 0.303829 0.090261 -0.244331
v 0.295719 0.090261 -0.256248
v 0.304245 0.893417 -0.253332
v 0.295719 0.885417 -0.256248
v 0.303829 0.885417 -0.244331
v 0.293773 0.082261 -0.323232
v 0.286476 0.090261 -0.317945
v 0.290737 0.090261 -0.331717
v 0.293773 0.893417 -0.323232
v 0.290737 0.885417 -0.331717
v 0.286476 0.885417 -0.317945
v 0.341894 0.082261 -0.375002
v 0.333210 0.090261 -0.377411
v 0.346634 0.090261 -0.382666
v 0.341894 0.893417 -0.375002
v 0.346634 0.885417 -0.382666
v 0.333210 0.885417 -0.377411
v 0.412372 0.082261 -0.369658
v 0.408841 0.090261 -0.377949
v 0.421319 0.090261 -0.370730
v 0.412372 0.893417 -0.369658
v 0.421319 0.885417 -0.370730
v 0.408841 0.885417 -0.377949
v 0.452136 0.082261 -0.311224
v 0.456417 0.090261 -0.319153
v 0.458553 0.090261 -0.304897
v 0.452136 0.893417 -0.311224
v 0.458553 0.885417 -0.304897
v 0.456417 0.885417 -0.319153
v 0.431243 0.082261 -0.243702
v 0.440111 0.090261 -0.245299
v 0.430297 0.090261 -0.234741
v 0.431243 0.893417 -0.243702
v 0.430297 0.885417 -0.234741
v 0.440111 0.885417 -0.245299
v 0.371128 0.878483 -0.215331
v 0.378447 0.886483 -0.210074
v 0.364035 0.886483 -0.209773
v 0.371128 0.913483 -0.215331
v 0.364035 0.905483 -0.209773
v 0.378447 0.905483 -0.210074
v 0.303968 0.878483 -0.245962
v 0.304421 0.886483 -0.236963
v 0.295200 0.886483 -0.248043
v 0.303968 0.913483 -0.245962
v 0.295200 0.905483 -0.248043
v 0.304421 0.905483 -0.236963
v 0.286042 0.878483 -0.317569
v 0.279289 0.886483 -0.311603
v 0.282203 0.886483 -0.325721
v 0.286042 0.913483 -0.317569
v 0.282203 0.905483 -0.325721
v 0.279289 0.905483 -0.311603
v 0.330850 0.878483 -0.376229
v 0.321975 0.886483 -0.377789
v 0.334830 0.886483 -0.384314
v 0.330850 0.913483 -0.376229
v 0.334830 0.905483 -0.384314
v 0.321975 0.905483 -0.377789
v 0.404650 0.878483 -0.377771
v 0.400337 0.886483 -0.385683
v 0.413452 0.886483 -0.379701
v 0.404650 0.913483 -0.377771
v 0.413452 0.905483 -0.379701
v 0.400337 0.905483 -0.385683
v 0.451869 0.878483 -0.321033
v 0.455365 0.886483 -0.329339
v 0.458866 0.886483 -0.315355
v 0.451869 0.913483 -0.321033
v 0.458866 0.905483 -0.315355
v 0.455365 0.905483 -0.329339
v 0.436950 0.878483 -0.248741
v 0.445624 0.886483 -0.251186
v 0.436873 0.886483 -0.239730
v 0.436950 0.913483 -0.248741
v 0.436873 0.905483 -0.239730
v 0.445624 0.905483 -0.251186
v 0.425119 0.069192 -0.118534
v 0.433505 0.077192 -0.121832
v 0.425941 0.077192 -0.109560
v 0.425119 0.981970 -0.118534
v 0.425941 0.973971 -0.109560
v 0.433505 0.973971 -0.121832
v 0.375935 0.069192 -0.087034
v 0.383742 0.077192 -0.082534
v 0.369432 0.077192 -0.080796
v 0.375935 0.981970 -0.087034
v 0.369432 0.973971 -0.080796
v 0.383742 0.973971 -0.082534
v 0.320642 0.069192 -0.105848
v 0.321991 0.077192 -0.096938
v 0.311710 0.077192 -0.107043
v 0.320642 0.981970 -0.105848
v 0.311710 0.973971 -0.107043
v 0.321991 0.973971 -0.096938
v 0.300876 0.069192 -0.160808
v 0.294752 0.077192 -0.154198
v 0.296242 0.077192 -0.168536
v 0.300876 0.981970 -0.160808
v 0.296242 0.973971 -0.168536
v 0.294752 0.973971 -0.154198
v 0.331522 0.069192 -0.210528
v 0.322536 0.077192 -0.211195
v 0.334675 0.077192 -0.218970
v 0.331522 0.981970 -0.210528
v 0.334675 0.973971 -0.218970
v 0.322536 0.973971 -0.211195
v 0.389503 0.069192 -0.217568
v 0.384421 0.077192 -0.225010
v 0.398068 0.077192 -0.220367
v 0.389503 0.981970 -0.217568
v 0.398068 0.973971 -0.220367
v 0.384421 0.973971 -0.225010
v 0.431157 0.069192 -0.176627
v 0.433807 0.077192 -0.185239
v 0.438685 0.077192 -0.171675
v 0.431157 0.981970 -0.176627
v 0.438685 0.973971 -0.171675
v 0.433807 0.973971 -0.185239
v 0.371031 0.966255 -0.081863
v 0.378270 0.974255 -0.076498
v 0.363855 0.974255 -0.076412
v 0.371031 1.001255 -0.081863
v 0.363855 0.993255 -0.076412
v 0.378270 0.993255 -0.076498
v 0.315869 0.966255 -0.108024
v 0.316188 0.974255 -0.099018
v 0.307133 0.974255 -0.110235
v 0.315869 1.001255 -0.108024
v 0.307133 0.993255 -0.110235
v 0.316188 0.993255 -0.099018
v 0.301929 0.966255 -0.167462
v 0.295088 0.974255 -0.161597
v 0.298211 0.974255 -0.175670
v 0.301929 1.001255 -0.167462
v 0.298211 0.993255 -0.175670
v 0.295088 0.993255 -0.161597
v 0.339709 0.966255 -0.215419
v 0.330858 0.974255 -0.217112
v 0.343808 0.974255 -0.223444
v 0.339709 1.001255 -0.215419
v 0.343808 0.993255 -0.223444
v 0.330858 0.993255 -0.217112
v 0.400758 0.966255 -0.215783
v 0.396563 0.974255 -0.223758
v 0.409588 0.974255 -0.217581
v 0.400758 1.001255 -0.215783
v 0.409588 0.993255 -0.217581
v 0.396563 0.993255 -0.223758
v 0.439106 0.966255 -0.168280
v 0.442726 0.974255 -0.176532
v 0.446018 0.974255 -0.162497
v 0.439106 1.001255 -0.168280
v 0.446018 0.993255 -0.162497
v 0.442726 0.993255 -0.176532
v 0.425876 0.966255 -0.108680
v 0.434585 0.974255 -0.110995
v 0.425665 0.974255 -0.099671
v 0.425876 1.001255 -0.108680
v 0.425665 0.993255 -0.099671
v 0.434585 0.993255 -0.110995
v 0.399491 0.049745 0.064692
v 0.406954 0.057745 0.067575
v 0.396608 0.057745 0.072155
v 0.399491 1.081301 0.064692
v 0.396608 1.073301 0.072155
v 0.406954 1.073301 0.067575
v 0.302872 0.049745 0.027368
v 0.299989 0.057745 0.034830
v 0.295409 0.057745 0.024485
v 0.302872 1.081301 0.027368
v 0.295409 1.073301 0.024485
v 0.299989 1.073301 0.034830
v 0.340197 0.049745 -0.069252
v 0.332734 0.057745 -0.072134
v 0.343080 0.057745 -0.076714
v 0.340197 1.081301 -0.069252
v 0.343080 1.073301 -0.076714
v 0.332734 1.073301 -0.072134
v 0.436816 0.049745 -0.031927
v 0.439699 0.057745 -0.039389
v 0.444279 0.057745 -0.029044
v 0.436816 1.081301 -0.031927
v 0.444279 1.073301 -0.029044
v 0.439699 1.073301 -0.039389
v 0.370710 1.063893 0.074608
v 0.378014 1.071893 0.079885
v 0.363601 1.071893 0.080147
v 0.370710 1.098893 0.074608
v 0.363601 1.090893 0.080147
v 0.378014 1.090893 0.079885
v 0.308369 1.063893 0.045971
v 0.308799 1.071893 0.054972
v 0.299607 1.071893 0.043866
v 0.308369 1.098893 0.045971
v 0.299607 1.090893 0.043866
v 0.308799 1.090893 0.054972
v 0.291891 1.063893 -0.020624
v 0.285121 1.071893 -0.014676
v 0.288073 1.071893 -0.028787
v 0.291891 1.098893 -0.020624
v 0.288073 1.090893 -0.028787
v 0.285121 1.090893 -0.014676
v 0.333682 1.063893 -0.075029
v 0.324812 1.071893 -0.076613
v 0.337684 1.071893 -0.083103
v 0.333682 1.098893 -0.075029
v 0.337684 1.090893 -0.083103
v 0.324812 1.090893 -0.076613
v 0.402274 1.063893 -0.076276
v 0.397982 1.071893 -0.084199
v 0.411082 1.071893 -0.078181
v 0.402274 1.098893 -0.076276
v 0.411082 1.090893 -0.078181
v 0.397982 1.090893 -0.084199
v 0.446016 1.063893 -0.023426
v 0.449534 1.071893 -0.031721
v 0.452997 1.071893 -0.017728
v 0.446016 1.098893 -0.023426
v 0.452997 1.090893 -0.017728
v 0.449534 1.090893 -0.031721
v 0.431968 1.063893 0.043724
v 0.440648 1.071893 0.041303
v 0.431866 1.071893 0.052735
v 0.431968 1.098893 0.043724
v 0.431866 1.090893 0.052735
v 0.440648 1.090893 0.041303
v 0.381918 0.118955 0.196686
v 0.388820 0.126955 0.200731
v 0.377873 0.126955 0.203588
v 0.381918 1.082824 0.196686
v 0.377873 1.074823 0.203588
v 0.388820 1.074823 0.200731
v 0.313518 0.118955 0.156599
v 0.309473 0.126955 0.163501
v 0.306616 0.126955 0.152554
v 0.313518 1.082824 0.156599
v 0.306616 1.074823 0.152554
v 0.309473 1.074823 0.163501
v 0.353605 0.118955 0.088199
v 0.346703 0.126955 0.084154
v 0.357651 0.126955 0.081297
v 0.353605 1.082824 0.088199
v 0.357651 1.074823 0.081297
v 0.346703 1.074823 0.084154
v 0.422006 0.118955 0.128286
v 0.426051 0.126955 0.121384
v 0.428908 0.126955 0.132331
v 0.422006 1.082824 0.128286
v 0.428908 1.074823 0.132331
v 0.426051 1.074823 0.121384
v 0.368598 1.067083 0.204310
v 0.375723 1.075083 0.209826
v 0.361309 1.075083 0.209609
v 0.368598 1.102083 0.204310
v 0.361309 1.094083 0.209609
v 0.375723 1.094083 0.209826
v 0.321110 1.067083 0.180554
v 0.321240 1.075083 0.189564
v 0.312422 1.075083 0.178159
v 0.321110 1.102083 0.180554
v 0.312422 1.094083 0.178159
v 0.321240 1.094083 0.189564
v 0.310074 1.067083 0.128614
v 0.303111 1.075083 0.134334
v 0.306530 1.075083 0.120330
v 0.310074 1.102083 0.128614
v 0.306530 1.094083 0.120330
v 0.303111 1.094083 0.134334
v 0.343802 1.067083 0.087603
v 0.334989 1.075083 0.085725
v 0.348069 1.075083 0.079666
v 0.343802 1.102083 0.087603
v 0.348069 1.094083 0.079666
v 0.334989 1.094083 0.085725
v 0.396894 1.067083 0.088402
v 0.392868 1.075083 0.080341
v 0.405760 1.075083 0.086790
v 0.396894 1.102083 0.088402
v 0.405760 1.094083 0.086790
v 0.392868 1.094083 0.080341
v 0.429372 1.067083 0.130410
v 0.433165 1.075083 0.122236
v 0.436160 1.075083 0.136336
v 0.429372 1.102083 0.130410
v 0.436160 1.094083 0.136336
v 0.433165 1.094083 0.122236
v 0.416779 1.067083 0.181994
v 0.425534 1.075083 0.179862
v 0.416378 1.075083 0.190996
v 0.416779 1.102083 0.181994
v 0.416378 1.094083 0.190996
v 0.425534 1.094083 0.179862
v 0.428493 0.148799 0.314659
v 0.435867 0.156799 0.311557
v 0.431595 0.156799 0.322033
v 0.428493 1.127631 0.314659
v 0.431595 1.119631 0.322033
v 0.435867 1.119631 0.311557
v 0.345602 0.148799 0.349521
v 0.348703 0.156799 0.356896
v 0.338227 0.156799 0.352623
v 0.345602 1.127631 0.349521
v 0.338227 1.119631 0.352623
v 0.348703 1.119631 0.356896
v 0.310739 0.148799 0.266630
v 0.303365 0.156799 0.269732
v 0.307637 0.156799 0.259256
v 0.310739 1.127631 0.266630
v 0.307637 1.119631 0.259256
v 0.303365 1.119631 0.269732
v 0.393630 0.148799 0.231768
v 0.390529 0.156799 0.224393
v 0.401005 0.156799 0.228666
v 0.393630 1.127631 0.231768
v 0.401005 1.119631 0.228666
v 0.390529 1.119631 0.224393
v 0.368471 1.111141 0.361920
v 0.375629 1.119141 0.367394
v 0.361214 1.119141 0.367262
v 0.368471 1.146141 0.361920
v 0.361214 1.138141 0.367262
v 0.375629 1.138141 0.367394
v 0.314752 1.111141 0.335443
v 0.314935 1.119141 0.344452
v 0.306050 1.119141 0.333100
v 0.314752 1.146141 0.335443
v 0.306050 1.138141 0.333100
v 0.314935 1.138141 0.344452
v 0.301959 1.111141 0.276935
v 0.295029 1.119141 0.282696
v 0.298365 1.119141 0.268671
v 0.301959 1.146141 0.276935
v 0.298365 1.138141 0.268671
v 0.295029 1.138141 0.282696
v 0.339726 1.111141 0.230454
v 0.330902 1.119141 0.228628
v 0.343946 1.119141 0.222492
v 0.339726 1.146141 0.230454
v 0.343946 1.138141 0.222492
v 0.330902 1.138141 0.228628
v 0.399614 1.111141 0.231001
v 0.395539 1.119141 0.222964
v 0.408470 1.119141 0.229337
v 0.399614 1.146141 0.231001
v 0.408470 1.138141 0.229337
v 0.395539 1.138141 0.222964
v 0.436525 1.111141 0.278164
v 0.440269 1.119141 0.269968
v 0.443348 1.119141 0.284051
v 0.436525 1.146141 0.278164
v 0.443348 1.138141 0.284051
v 0.440269 1.138141 0.269968
v 0.422666 1.111141 0.336429
v 0.431408 1.119141 0.334245
v 0.422318 1.119141 0.345433
v 0.422666 1.146141 0.336429
v 0.422318 1.138141 0.345433
v 0.431408 1.138141 0.334245
v 0.259195 0.129284 -0.253925
v 0.267139 0.137284 -0.252983
v 0.258253 0.137284 -0.245981
v 0.259195 0.846270 -0.253925
v 0.258253 0.838270 -0.245981
v 0.267139 0.838270 -0.252983
v 0.179578 0.129284 -0.263372
v 0.178635 0.137284 -0.255428
v 0.171634 0.137284 -0.264315
v 0.179578 0.846270 -0.263372
v 0.171634 0.838270 -0.264315
v 0.178635 0.838270 -0.255428
v 0.189025 0.129284 -0.342990
v 0.181081 0.137284 -0.343932
v 0.189967 0.137284 -0.350934
v 0.189025 0.846270 -0.342990
v 0.189967 0.838270 -0.350934
v 0.181081 0.838270 -0.343932
v 0.268642 0.129284 -0.333543
v 0.269585 0.137284 -0.341487
v 0.276586 0.137284 -0.332600
v 0.268642 0.846270 -0.333543
v 0.276586 0.838270 -0.332600
v 0.269585 0.838270 -0.341487
v 0.222571 0.830007 -0.237874
v 0.229883 0.838007 -0.232607
v 0.215470 0.838007 -0.232327
v 0.222571 0.865007 -0.237874
v 0.215470 0.857007 -0.232327
v 0.229883 0.857007 -0.232607
v 0.173774 0.830007 -0.260217
v 0.174214 0.838007 -0.251216
v 0.165009 0.838007 -0.262310
v 0.173774 0.865007 -0.260217
v 0.165009 0.857007 -0.262310
v 0.174214 0.857007 -0.251216
v 0.160817 0.830007 -0.312298
v 0.154055 0.838007 -0.306342
v 0.156989 0.838007 -0.320456
v 0.160817 0.865007 -0.312298
v 0.156989 0.857007 -0.320456
v 0.154055 0.857007 -0.306342
v 0.193457 0.830007 -0.354901
v 0.184585 0.838007 -0.356474
v 0.197448 0.838007 -0.362980
v 0.193457 0.865007 -0.354901
v 0.197448 0.857007 -0.362980
v 0.184585 0.857007 -0.356474
v 0.247116 0.830007 -0.355944
v 0.242814 0.838007 -0.363862
v 0.255921 0.838007 -0.357861
v 0.247116 0.865007 -0.355944
v 0.255921 0.857007 -0.357861
v 0.242814 0.857007 -0.363862
v 0.281388 0.830007 -0.314642
v 0.284896 0.838007 -0.322942
v 0.288376 0.838007 -0.308953
v 0.281388 0.865007 -0.314642
v 0.288376 0.857007 -0.308953
v 0.284896 0.857007 -0.322942
v 0.270464 0.830007 -0.262096
v 0.279141 0.838007 -0.264528
v 0.270374 0.838007 -0.253085
v 0.270464 0.865007 -0.262096
v 0.270374 0.857007 -0.253085
v 0.279141 0.857007 -0.264528
v 0.239346 0.132244 -0.081000
v 0.246279 0.140244 -0.077008
v 0.235354 0.140244 -0.074068
v 0.239346 0.922426 -0.081000
v 0.235354 0.914425 -0.074068
v 0.246279 0.914425 -0.077008
v 0.151653 0.132244 -0.131497
v 0.147661 0.140244 -0.124564
v 0.144720 0.140244 -0.135489
v 0.151653 0.922426 -0.131497
v 0.144720 0.914425 -0.135489
v 0.147661 0.914425 -0.124564
v 0.202150 0.132244 -0.219191
v 0.195217 0.140244 -0.223183
v 0.206142 0.140244 -0.226123
v 0.202150 0.922426 -0.219191
v 0.206142 0.914425 -0.226123
v 0.195217 0.914425 -0.223183
v 0.289843 0.132244 -0.168694
v 0.293835 0.140244 -0.175627
v 0.296776 0.140244 -0.164702
v 0.289843 0.922426 -0.168694
v 0.296776 0.914425 -0.164702
v 0.293835 0.914425 -0.175627
v 0.223211 0.905168 -0.074963
v 0.230488 0.913168 -0.069648
v 0.216074 0.913168 -0.069462
v 0.223211 0.940168 -0.074963
v 0.216074 0.932168 -0.069462
v 0.230488 0.932168 -0.069648
v 0.162401 0.905168 -0.103283
v 0.162783 0.913168 -0.094280
v 0.153650 0.913168 -0.105434
v 0.162401 0.940168 -0.103283
v 0.153650 0.932168 -0.105434
v 0.162783 0.932168 -0.094280
v 0.146629 0.905168 -0.168484
v 0.139828 0.913168 -0.162572
v 0.142854 0.913168 -0.176667
v 0.146629 0.940168 -0.168484
v 0.142854 0.932168 -0.176667
v 0.139828 0.932168 -0.162572
v 0.187771 0.905168 -0.221468
v 0.178908 0.913168 -0.223098
v 0.191814 0.913168 -0.229521
v 0.187771 0.940168 -0.221468
v 0.191814 0.932168 -0.229521
v 0.178908 0.932168 -0.223098
v 0.254847 0.905168 -0.222336
v 0.250596 0.913168 -0.230282
v 0.263664 0.913168 -0.224196
v 0.254847 0.940168 -0.222336
v 0.263664 0.932168 -0.224196
v 0.250596 0.932168 -0.230282
v 0.297347 0.905168 -0.170436
v 0.300909 0.913168 -0.178713
v 0.304298 0.913168 -0.164702
v 0.297347 0.940168 -0.170436
v 0.304298 0.932168 -0.164702
v 0.300909 0.932168 -0.178713
v 0.283268 0.905168 -0.104848
v 0.291960 0.913168 -0.107224
v 0.283119 0.913168 -0.095839
v 0.283268 0.940168 -0.104848
v 0.283119 0.932168 -0.095839
v 0.291960 0.932168 -0.107224
v 0.293997 0.056116 0.028664
v 0.301947 0.064116 0.024421
v 0.295848 0.064116 0.037483
v 0.293997 1.071606 0.028664
v 0.295848 1.063606 0.037483
v 0.301947 1.063606 0.024421
v 0.239963 0.056116 0.072824
v 0.248237 0.064116 0.076394
v 0.234222 0.064116 0.079770
v 0.239963 1.071606 0.072824
v 0.234222 1.063606 0.079770
v 0.248237 1.063606 0.076394
v 0.171747 0.056116 0.058112
v 0.174115 0.064116 0.066807
v 0.162737 0.064116 0.057955
v 0.171747 1.071606 0.058112
v 0.162737 1.063606 0.057955
v 0.174115 1.063606 0.066807
v 0.140718 0.056116 -0.004394
v 0.135396 0.064116 0.002878
v 0.135223 0.064116 -0.011536
v 0.140718 1.071606 -0.004394
v 0.135223 1.063606 -0.011536
v 0.135396 1.063606 0.002878
v 0.170240 0.056116 -0.067626
v 0.161237 0.064116 -0.067252
v 0.172399 0.064116 -0.076374
v 0.170240 1.071606 -0.067626
v 0.172399 1.063606 -0.076374
v 0.161237 1.063606 -0.067252
v 0.238084 0.056116 -0.083968
v 0.232178 0.064116 -0.090774
v 0.246270 0.064116 -0.087735
v 0.238084 1.071606 -0.083968
v 0.246270 1.063606 -0.087735
v 0.232178 1.063606 -0.090774
v 0.293161 0.056116 -0.041115
v 0.294800 0.064116 -0.049976
v 0.301210 0.064116 -0.037064
v 0.293161 1.071606 -0.041115
v 0.301210 1.063606 -0.037064
v 0.294800 1.063606 -0.049976
v 0.223011 1.054536 0.079005
v 0.230310 1.062535 0.084290
v 0.215897 1.062535 0.084536
v 0.223011 1.089535 0.079005
v 0.215897 1.081535 0.084536
v 0.230310 1.081535 0.084290
v 0.156816 1.054536 0.048506
v 0.157235 1.062535 0.057508
v 0.148056 1.062535 0.046392
v 0.156816 1.089535 0.048506
v 0.148056 1.081535 0.046392
v 0.157235 1.081535 0.057508
v 0.139388 1.054536 -0.022263
v 0.132612 1.062535 -0.016323
v 0.135580 1.062535 -0.030430
v 0.139388 1.089535 -0.022263
v 0.135580 1.081535 -0.030430
v 0.132612 1.081535 -0.016323
v 0.183852 1.054536 -0.080013
v 0.174983 1.062535 -0.081607
v 0.187863 1.062535 -0.088082
v 0.183852 1.089535 -0.080013
v 0.187863 1.081535 -0.088082
v 0.174983 1.081535 -0.081607
v 0.256725 1.054536 -0.081255
v 0.252442 1.062535 -0.089183
v 0.265535 1.062535 -0.083151
v 0.256725 1.089535 -0.081255
v 0.265535 1.081535 -0.083151
v 0.252442 1.081535 -0.089183
v 0.303133 1.054536 -0.025056
v 0.306661 1.062535 -0.033348
v 0.310108 1.062535 -0.019350
v 0.303133 1.089535 -0.025056
v 0.310108 1.081535 -0.019350
v 0.306661 1.081535 -0.033348
v 0.288129 1.054536 0.046267
v 0.296811 1.062535 0.043855
v 0.288017 1.062535 0.055277
v 0.288129 1.089535 0.046267
v 0.288017 1.081535 0.055277
v 0.296811 1.081535 0.043855
v 0.286654 0.084427 0.214599
v 0.295634 0.092427 0.213853
v 0.284859 0.092427 0.223429
v 0.286654 1.121883 0.214599
v 0.284859 1.113883 0.223429
v 0.295634 1.113883 0.213853
v 0.208268 0.084427 0.236948
v 0.214450 0.092427 0.243504
v 0.200245 0.092427 0.241051
v 0.208268 1.121883 0.236948
v 0.200245 1.113883 0.241051
v 0.214450 1.113883 0.243504
v 0.141921 0.084427 0.189599
v 0.140650 0.092427 0.198519
v 0.133712 0.092427 0.185884
v 0.141921 1.121883 0.189599
v 0.133712 1.113883 0.185884
v 0.140650 1.113883 0.198519
v 0.137575 0.084427 0.108205
v 0.129807 0.092427 0.112773
v 0.135360 0.092427 0.099470
v 0.137575 1.121883 0.108205
v 0.135360 1.113883 0.099470
v 0.129807 1.113883 0.112773
v 0.198501 0.084427 0.054058
v 0.190086 0.092427 0.050833
v 0.203949 0.092427 0.046881
v 0.198501 1.121883 0.054058
v 0.203949 1.113883 0.046881
v 0.190086 1.113883 0.050833
v 0.278821 0.084427 0.067932
v 0.276096 0.092427 0.059343
v 0.287830 0.092427 0.067717
v 0.278821 1.121883 0.067932
v 0.287830 1.113883 0.067717
v 0.276096 1.113883 0.059343
v 0.318053 0.084427 0.139379
v 0.323069 0.092427 0.131893
v 0.323838 0.092427 0.146288
v 0.318053 1.121883 0.139379
v 0.323838 1.113883 0.146288
v 0.323069 1.113883 0.131893
v 0.222429 1.103186 0.241764
v 0.229687 1.111186 0.247105
v 0.215272 1.111186 0.247240
v 0.222429 1.138186 0.241764
v 0.215272 1.130186 0.247240
v 0.229687 1.130186 0.247105
v 0.145434 1.103186 0.205569
v 0.145784 1.111186 0.214574
v 0.136691 1.111186 0.203388
v 0.145434 1.138186 0.205569
v 0.136691 1.130186 0.203388
v 0.145784 1.130186 0.214574
v 0.125727 1.103186 0.122805
v 0.118905 1.111186 0.128693
v 0.121981 1.111186 0.114609
v 0.125727 1.138186 0.122805
v 0.121981 1.130186 0.114609
v 0.118905 1.130186 0.128693
v 0.178147 1.103186 0.055794
v 0.169290 1.111186 0.054132
v 0.182219 1.111186 0.047756
v 0.178147 1.138186 0.055794
v 0.182219 1.130186 0.047756
v 0.169290 1.130186 0.054132
v 0.263222 1.103186 0.054998
v 0.258999 1.111186 0.047037
v 0.272045 1.111186 0.053170
v 0.263222 1.138186 0.054998
v 0.272045 1.130186 0.053170
v 0.258999 1.130186 0.047037
v 0.316887 1.103186 0.121015
v 0.320479 1.111186 0.112751
v 0.323818 1.111186 0.126774
v 0.316887 1.138186 0.121015
v 0.323818 1.130186 0.126774
v 0.320479 1.130186 0.112751
v 0.298733 1.103186 0.204134
v 0.307434 1.111186 0.201789
v 0.298552 1.111186 0.213143
v 0.298733 1.138186 0.204134
v 0.298552 1.130186 0.213143
v 0.307434 1.130186 0.201789
v 0.232465 0.124990 0.357691
v 0.240159 0.132990 0.361720
v 0.226491 0.132990 0.363995
v 0.232465 1.151748 0.357691
v 0.226491 1.143748 0.363995
v 0.240159 1.143748 0.361720
v 0.171829 0.124990 0.334963
v 0.172187 0.132990 0.343641
v 0.163382 0.132990 0.332941
v 0.171829 1.151748 0.334963
v 0.163382 1.143748 0.332941
v 0.172187 1.143748 0.343641
v 0.161194 0.124990 0.271086
v 0.153858 0.132990 0.275735
v 0.158721 0.132990 0.262760
v 0.161194 1.151748 0.271086
v 0.158721 1.143748 0.262760
v 0.153858 1.143748 0.275735
v 0.211195 0.124990 0.229938
v 0.203501 0.132990 0.225909
v 0.217169 0.132990 0.223634
v 0.211195 1.151748 0.229938
v 0.217169 1.143748 0.223634
v 0.203501 1.143748 0.225909
v 0.271831 0.124990 0.252666
v 0.271473 0.132990 0.243988
v 0.280278 0.132990 0.254688
v 0.271831 1.151748 0.252666
v 0.280278 1.143748 0.254688
v 0.271473 1.143748 0.243988
v 0.282466 0.124990 0.316543
v 0.289802 0.132990 0.311894
v 0.284939 0.132990 0.324869
v 0.282466 1.151748 0.316543
v 0.284939 1.143748 0.324869
v 0.289802 1.143748 0.311894
v 0.223441 1.135552 0.359247
v 0.230698 1.143552 0.364589
v 0.216283 1.143552 0.364721
v 0.223441 1.170552 0.359247
v 0.216283 1.162552 0.364721
v 0.230698 1.162552 0.364589
v 0.169986 1.135552 0.334106
v 0.170334 1.143552 0.343111
v 0.161243 1.143552 0.331923
v 0.169986 1.170552 0.334106
v 0.161243 1.162552 0.331923
v 0.170334 1.162552 0.343111
v 0.156313 1.135552 0.276638
v 0.149490 1.143552 0.282525
v 0.152569 1.143552 0.268442
v 0.156313 1.170552 0.276638
v 0.152569 1.162552 0.268442
v 0.149490 1.162552 0.282525
v 0.192718 1.135552 0.230118
v 0.183862 1.143552 0.228453
v 0.196792 1.143552 0.222080
v 0.192718 1.170552 0.230118
v 0.196792 1.162552 0.222080
v 0.183862 1.162552 0.228453
v 0.251788 1.135552 0.229575
v 0.247567 1.143552 0.221614
v 0.260612 1.143552 0.227749
v 0.251788 1.170552 0.229575
v 0.260612 1.162552 0.227749
v 0.247567 1.162552 0.221614
v 0.289041 1.135552 0.275420
v 0.292634 1.143552 0.267156
v 0.295971 1.143552 0.281180
v 0.289041 1.170552 0.275420
v 0.295971 1.162552 0.281180
v 0.292634 1.162552 0.267156
v 0.276425 1.135552 0.333129
v 0.285127 1.143552 0.330786
v 0.276243 1.143552 0.342139
v 0.276425 1.170552 0.333129
v 0.276243 1.162552 0.342139
v 0.285127 1.162552 0.330786
v 0.170446 0.052425 -0.265005
v 0.177639 0.060425 -0.269872
v 0.173167 0.060425 -0.256757
v 0.170446 0.930781 -0.265005
v 0.173167 0.922781 -0.256757
v 0.177639 0.922781 -0.269872
v 0.093885 0.052425 -0.198050
v 0.101696 0.060425 -0.194253
v 0.088102 0.060425 -0.191569
v 0.093885 0.930781 -0.198050
v 0.088102 0.922781 -0.191569
v 0.101696 0.922781 -0.194253
v -0.002382 0.052425 -0.230876
v -0.001763 0.060425 -0.222213
v -0.010885 0.060425 -0.232643
v -0.002382 0.930781 -0.230876
v -0.010885 0.922781 -0.232643
v -0.001763 0.922781 -0.222213
v -0.022086 0.052425 -0.330658
v -0.029279 0.060425 -0.325791
v -0.024807 0.060425 -0.338906
v -0.022086 0.930781 -0.330658
v -0.024807 0.922781 -0.338906
v -0.029279 0.922781 -0.325791
v 0.054475 0.052425 -0.397614
v 0.046664 0.060425 -0.401410
v 0.060258 0.060425 -0.404094
v 0.054475 0.930781 -0.397614
v 0.060258 0.922781 -0.404094
v 0.046664 0.922781 -0.401410
v 0.150741 0.052425 -0.364787
v 0.150123 0.060425 -0.373450
v 0.159245 0.060425 -0.363020
v 0.150741 0.930781 -0.364787
v 0.159245 0.922781 -0.363020
v 0.150123 0.922781 -0.373450
v 0.074173 0.912497 -0.193061
v 0.081392 0.920497 -0.187667
v 0.066976 0.920497 -0.187638
v 0.074173 0.947497 -0.193061
v 0.066976 0.939497 -0.187638
v 0.081392 0.939497 -0.187667
v -0.009177 0.912497 -0.232992
v -0.008893 0.920497 -0.223986
v -0.017904 0.920497 -0.235238
v -0.009177 0.947497 -0.232992
v -0.017904 0.939497 -0.235238
v -0.008893 0.939497 -0.223986
v -0.029925 0.912497 -0.323055
v -0.036790 0.920497 -0.317217
v -0.033610 0.920497 -0.331278
v -0.029925 0.947497 -0.323055
v -0.033610 0.939497 -0.331278
v -0.036790 0.939497 -0.317217
v 0.027553 0.912497 -0.395430
v 0.018709 0.920497 -0.397157
v 0.031684 0.920497 -0.403438
v 0.027553 0.947497 -0.395430
v 0.031684 0.939497 -0.403438
v 0.018709 0.939497 -0.397157
v 0.119974 0.912497 -0.395617
v 0.115811 0.920497 -0.403608
v 0.128811 0.920497 -0.397380
v 0.119974 0.947497 -0.395617
v 0.128811 0.939497 -0.397380
v 0.115811 0.939497 -0.403608
v 0.177744 0.912497 -0.323475
v 0.181396 0.920497 -0.331713
v 0.184633 0.920497 -0.317665
v 0.177744 0.947497 -0.323475
v 0.184633 0.939497 -0.317665
v 0.181396 0.939497 -0.331713
v 0.157361 0.912497 -0.233329
v 0.166079 0.920497 -0.235610
v 0.157113 0.920497 -0.224321
v 0.157361 0.947497 -0.233329
v 0.157113 0.939497 -0.224321
v 0.166079 0.939497 -0.235610
v 0.133844 0.112329 -0.076340
v 0.141805 0.120329 -0.075558
v 0.133062 0.120329 -0.068378
v 0.133844 0.940632 -0.076340
v 0.133062 0.932632 -0.068378
v 0.141805 0.932632 -0.075558
v -0.002616 0.112329 -0.089740
v -0.003398 0.120329 -0.081778
v -0.010578 0.120329 -0.090522
v -0.002616 0.940632 -0.089740
v -0.010578 0.932632 -0.090522
v -0.003398 0.932632 -0.081778
v 0.010784 0.112329 -0.226199
v 0.002823 0.120329 -0.226981
v 0.011566 0.120329 -0.234161
v 0.010784 0.940632 -0.226199
v 0.011566 0.932632 -0.234161
v 0.002822 0.932632 -0.226981
v 0.147244 0.112329 -0.212799
v 0.148026 0.120329 -0.220761
v 0.155206 0.120329 -0.212017
v 0.147244 0.940632 -0.212799
v 0.155206 0.932632 -0.212017
v 0.148026 0.932632 -0.220761
v 0.074757 0.923884 -0.049218
v 0.082042 0.931884 -0.043914
v 0.067628 0.931884 -0.043706
v 0.074757 0.958884 -0.049218
v 0.067628 0.950884 -0.043706
v 0.082042 0.950884 -0.043914
v -0.006891 0.923884 -0.087095
v -0.006495 0.931884 -0.078092
v -0.015645 0.931884 -0.089232
v -0.006891 0.958884 -0.087095
v -0.015645 0.950884 -0.089232
v -0.006495 0.950884 -0.078092
v -0.028184 0.923884 -0.174545
v -0.034976 0.931884 -0.168623
v -0.031971 0.931884 -0.182722
v -0.028184 0.958884 -0.174545
v -0.031971 0.950884 -0.182722
v -0.034976 0.950884 -0.168623
v 0.026912 0.923884 -0.245718
v 0.018047 0.931884 -0.247335
v 0.030943 0.931884 -0.253777
v 0.026912 0.958884 -0.245718
v 0.030943 0.950884 -0.253777
v 0.018047 0.950884 -0.247335
v 0.116908 0.923884 -0.247017
v 0.112646 0.931884 -0.254956
v 0.125722 0.931884 -0.248890
v 0.116908 0.958884 -0.247017
v 0.125722 0.950884 -0.248890
v 0.112646 0.950884 -0.254956
v 0.174036 0.923884 -0.177465
v 0.177585 0.931884 -0.185748
v 0.180996 0.931884 -0.171742
v 0.174036 0.958884 -0.177465
v 0.180996 0.950884 -0.171742
v 0.177585 0.950884 -0.185748
v 0.155277 0.923884 -0.089436
v 0.163965 0.931884 -0.091825
v 0.155141 0.931884 -0.080426
v 0.155277 0.958884 -0.089436
v 0.155141 0.950884 -0.080426
v 0.163965 0.950884 -0.091825
v 0.111589 0.048968 0.091147
v 0.118972 0.056968 0.094228
v 0.108508 0.056968 0.098530
v 0.111589 1.078182 0.091147
v 0.108508 1.070182 0.098530
v 0.118972 1.070182 0.094228
v -0.020590 0.048968 0.035986
v -0.023671 0.056968 0.043369
v -0.027973 0.056968 0.032905
v -0.020590 1.078182 0.035986
v -0.027973 1.070182 0.032905
v -0.023671 1.070182 0.043369
v 0.034571 0.048968 -0.096194
v 0.027188 0.056968 -0.099275
v 0.037652 0.056968 -0.103576
v 0.034571 1.078182 -0.096194
v 0.037652 1.070182 -0.103576
v 0.027188 1.070182 -0.099275
v 0.166750 0.048968 -0.041033
v 0.169831 0.056968 -0.048416
v 0.174133 0.056968 -0.037952
v 0.166750 1.078182 -0.041033
v 0.174133 1.070182 -0.037952
v 0.169831 1.070182 -0.048416
v 0.072389 1.061242 0.104432
v 0.079564 1.069242 0.109884
v 0.065149 1.069242 0.109796
v 0.072389 1.096242 0.104432
v 0.065149 1.088242 0.109796
v 0.079564 1.088242 0.109884
v -0.011969 1.061242 0.063176
v -0.011758 1.069242 0.072185
v -0.020677 1.069242 0.060860
v -0.011969 1.096242 0.063176
v -0.020677 1.088242 0.060860
v -0.011758 1.088242 0.072185
v -0.032310 1.061242 -0.028500
v -0.039222 1.069242 -0.022718
v -0.035929 1.069242 -0.036752
v -0.032310 1.096242 -0.028500
v -0.035929 1.088242 -0.036752
v -0.039222 1.088242 -0.022718
v 0.026682 1.061242 -0.101562
v 0.017852 1.069242 -0.103361
v 0.030878 1.069242 -0.109537
v 0.026682 1.096242 -0.101562
v 0.030878 1.088242 -0.109537
v 0.017852 1.088242 -0.103361
v 0.120586 1.061242 -0.100994
v 0.116487 1.069242 -0.109019
v 0.129437 1.069242 -0.102686
v 0.120586 1.096242 -0.100994
v 0.129437 1.088242 -0.102686
v 0.116487 1.088242 -0.109019
v 0.178690 1.061242 -0.027223
v 0.182408 1.069242 -0.035431
v 0.185531 1.069242 -0.021357
v 0.178690 1.096242 -0.027223
v 0.185531 1.088242 -0.021357
v 0.182408 1.088242 -0.035431
v 0.157240 1.061242 0.064201
v 0.165976 1.069242 0.061990
v 0.156920 1.069242 0.073206
v 0.157240 1.096242 0.064201
v 0.156920 1.088242 0.073206
v 0.165976 1.088242 0.061990
v 0.170228 0.137419 0.171718
v 0.177420 0.145419 0.166288
v 0.173431 0.145419 0.180141
v 0.170228 1.066159 0.171718
v 0.173431 1.058159 0.180141
v 0.177420 1.058159 0.166288
v 0.113082 0.137419 0.235680
v 0.121811 0.145419 0.237917
v 0.108494 0.145419 0.243435
v 0.113082 1.066159 0.235680
v 0.108494 1.058159 0.243435
v 0.121811 1.058159 0.237917
v 0.027445 0.137419 0.230881
v 0.031138 0.145419 0.239101
v 0.018521 0.145419 0.232129
v 0.027445 1.066159 0.230881
v 0.018521 1.058159 0.232129
v 0.031138 1.058159 0.239101
v -0.022197 0.137419 0.160935
v -0.026321 0.145419 0.168947
v -0.028737 0.145419 0.154736
v -0.022197 1.066159 0.160935
v -0.028737 1.058159 0.154736
v -0.026321 1.058159 0.168947
v 0.001537 0.137419 0.078512
v -0.007298 0.145419 0.080284
v 0.002306 0.145419 0.069534
v 0.001537 1.066159 0.078512
v 0.002306 1.058159 0.069534
v -0.007298 1.058159 0.080284
v 0.080776 0.137419 0.045679
v 0.073882 0.145419 0.039876
v 0.088275 0.145419 0.040683
v 0.080776 1.066159 0.045679
v 0.088275 1.058159 0.040683
v 0.073882 1.058159 0.039876
v 0.155851 0.137419 0.087160
v 0.156089 0.145419 0.078152
v 0.164433 0.145419 0.089907
v 0.155851 1.066159 0.087160
v 0.164433 1.058159 0.089907
v 0.156089 1.058159 0.078152
v 0.075326 1.048439 0.246778
v 0.082579 1.056438 0.252124
v 0.068164 1.056438 0.252247
v 0.075326 1.083439 0.246778
v 0.068164 1.075438 0.252247
v 0.082579 1.075438 0.252124
v -0.005649 1.048439 0.208628
v -0.005306 1.056438 0.217633
v -0.014390 1.056438 0.206439
v -0.005649 1.083439 0.208628
v -0.014390 1.075438 0.206439
v -0.005306 1.075438 0.217633
v -0.026308 1.048439 0.121534
v -0.033135 1.056438 0.127416
v -0.030047 1.056438 0.113335
v -0.026308 1.083439 0.121534
v -0.030047 1.075438 0.113335
v -0.033135 1.075438 0.127416
v 0.028904 1.048439 0.051079
v 0.020048 1.056438 0.049409
v 0.032983 1.056438 0.043044
v 0.028904 1.083439 0.051079
v 0.032983 1.075438 0.043044
v 0.020048 1.075438 0.049409
v 0.118411 1.048439 0.050317
v 0.114196 1.056438 0.042353
v 0.127237 1.056438 0.048497
v 0.118411 1.083439 0.050317
v 0.127237 1.075438 0.048497
v 0.114196 1.075438 0.042353
v 0.174814 1.048439 0.119823
v 0.178412 1.056438 0.111561
v 0.181740 1.056438 0.125588
v 0.174814 1.083439 0.119823
v 0.181740 1.075438 0.125588
v 0.178412 1.075438 0.111561
v 0.155639 1.048439 0.207256
v 0.164342 1.056438 0.204918
v 0.155450 1.056438 0.216265
v 0.155639 1.083439 0.207256
v 0.155450 1.075438 0.216265
v 0.164342 1.075438 0.204918
v 0.142684 0.024895 0.347782
v 0.150652 0.032895 0.347065
v 0.143401 0.032895 0.355750
v 0.142684 1.250375 0.347782
v 0.143401 1.242375 0.355750
v 0.150652 1.242375 0.347065
v 0.020639 0.024895 0.358761
v 0.021356 0.032895 0.366729
v 0.012671 0.032895 0.359477
v 0.020639 1.250375 0.358761
v 0.012671 1.242375 0.359477
v 0.021356 1.242375 0.366729
v 0.009660 0.024895 0.236715
v 0.001692 0.032895 0.237432
v 0.008943 0.032895 0.228748
v 0.009660 1.250375 0.236715
v 0.008943 1.242375 0.228748
v 0.001692 1.242375 0.237432
v 0.131705 0.024895 0.225736
v 0.130988 0.032895 0.217769
v 0.139673 0.032895 0.225020
v 0.131705 1.250375 0.225736
v 0.139673 1.242375 0.225020
v 0.130988 1.242375 0.217769
v 0.073192 1.235950 0.385012
v 0.080349 1.243950 0.390487
v 0.065934 1.243950 0.390353
v 0.073192 1.270950 0.385012
v 0.065934 1.262950 0.390353
v 0.080349 1.262950 0.390487
v 0.000810 1.235950 0.349321
v 0.000992 1.243950 0.358331
v -0.007891 1.243950 0.346977
v 0.000810 1.270950 0.349321
v -0.007891 1.262950 0.346977
v 0.000992 1.262950 0.358331
v -0.016415 1.235950 0.270478
v -0.023346 1.243950 0.276238
v -0.020008 1.243950 0.262214
v -0.016415 1.270950 0.270478
v -0.020008 1.262950 0.262214
v -0.023346 1.262950 0.276238
v 0.034487 1.235950 0.207853
v 0.025663 1.243950 0.206026
v 0.038708 1.243950 0.199892
v 0.034487 1.270950 0.207853
v 0.038708 1.262950 0.199892
v 0.025663 1.262950 0.206026
v 0.115186 1.235950 0.208604
v 0.111113 1.243950 0.200566
v 0.124042 1.243950 0.206941
v 0.115186 1.270950 0.208604
v 0.124042 1.262950 0.206941
v 0.111113 1.262950 0.200566
v 0.164914 1.235950 0.272165
v 0.168659 1.243950 0.263969
v 0.171736 1.243950 0.278053
v 0.164914 1.270950 0.272165
v 0.171736 1.262950 0.278053
v 0.168659 1.262950 0.263969
v 0.146225 1.235950 0.350674
v 0.154968 1.243950 0.348492
v 0.145875 1.243950 0.359679
v 0.146225 1.270950 0.350674
v 0.145875 1.262950 0.359679
v 0.154968 1.262950 0.348492
v -0.032046 0.069155 -0.227043
v -0.024104 0.077155 -0.221108
v -0.031072 0.077155 -0.217177
v -0.032046 0.913911 -0.227043
v -0.031072 0.905911 -0.217177
v -0.024104 0.905911 -0.221108
v -0.159341 0.069155 -0.302226
v -0.168452 0.077155 -0.298316
v -0.168373 0.077155 -0.306315
v -0.159341 0.913911 -0.302226
v -0.168373 0.905911 -0.306315
v -0.168452 0.905911 -0.298316
v -0.030583 0.069155 -0.374875
v -0.029414 0.077155 -0.384721
v -0.022526 0.077155 -0.380652
v -0.030583 0.913911 -0.374875
v -0.022526 0.905911 -0.380652
v -0.029414 0.905911 -0.384721
v -0.073485 0.893935 -0.203810
v -0.066253 0.901935 -0.198435
v -0.080668 0.901935 -0.198369
v -0.073485 0.928935 -0.203810
v -0.080668 0.920935 -0.198369
v -0.066253 0.920935 -0.198435
v -0.149121 0.893935 -0.239808
v -0.148814 0.901935 -0.230802
v -0.157854 0.901935 -0.242031
v -0.149121 0.928935 -0.239808
v -0.157854 0.920935 -0.242031
v -0.148814 0.920935 -0.230802
v -0.168135 0.893935 -0.321387
v -0.174985 0.901935 -0.315532
v -0.171842 0.901935 -0.329601
v -0.168135 0.928935 -0.321387
v -0.171842 0.920935 -0.329601
v -0.174985 0.920935 -0.315532
v -0.116209 0.893935 -0.387117
v -0.125058 0.901935 -0.388821
v -0.112099 0.901935 -0.395136
v -0.116209 0.928935 -0.387117
v -0.112099 0.920935 -0.395136
v -0.125058 0.920935 -0.388821
v -0.032444 0.893935 -0.387501
v -0.036629 0.901935 -0.395482
v -0.023612 0.901935 -0.389287
v -0.032444 0.928935 -0.387501
v -0.023612 0.920935 -0.389287
v -0.036629 0.920935 -0.395482
v 0.020082 0.893935 -0.322250
v 0.023713 0.901935 -0.330498
v 0.026986 0.901935 -0.316458
v 0.020082 0.928935 -0.322250
v 0.026986 0.920935 -0.316458
v 0.023713 0.920935 -0.330498
v 0.001818 0.893935 -0.240500
v 0.010529 0.901935 -0.242804
v 0.001593 0.901935 -0.231492
v 0.001818 0.928935 -0.240500
v 0.001593 0.920935 -0.231492
v 0.010529 0.920935 -0.242804
v 0.024340 0.123167 -0.128877
v 0.030893 0.131166 -0.133961
v 0.027873 0.131166 -0.121374
v 0.024340 0.926871 -0.128877
v 0.027873 0.918872 -0.121374
v 0.030893 0.918872 -0.133961
v -0.064060 0.123167 -0.053346
v -0.057200 0.131166 -0.048685
v -0.070104 0.131166 -0.047667
v -0.064060 0.926871 -0.053346
v -0.070104 0.918872 -0.047667
v -0.057200 0.918872 -0.048685
v -0.163211 0.123167 -0.114079
v -0.165524 0.131166 -0.106114
v -0.170480 0.131166 -0.118072
v -0.163211 0.926871 -0.114079
v -0.170480 0.918872 -0.118072
v -0.165524 0.918872 -0.106114
v -0.136091 0.123167 -0.227145
v -0.144380 0.131166 -0.226883
v -0.134539 0.131166 -0.235292
v -0.136091 0.926871 -0.227145
v -0.134539 0.918872 -0.235292
v -0.144380 0.918872 -0.226883
v -0.020178 0.123167 -0.236291
v -0.022988 0.131166 -0.244094
v -0.011950 0.131166 -0.237333
v -0.020178 0.926871 -0.236291
v -0.011950 0.918872 -0.237333
v -0.022988 0.918872 -0.244094
v -0.076464 0.911400 -0.047905
v -0.069367 0.919400 -0.042352
v -0.083780 0.919400 -0.042644
v -0.076464 0.946400 -0.047905
v -0.083780 0.938400 -0.042644
v -0.069367 0.938400 -0.042352
v -0.157172 0.911400 -0.088807
v -0.157089 0.919400 -0.079796
v -0.165847 0.919400 -0.091246
v -0.157172 0.946400 -0.088807
v -0.165847 0.938400 -0.091246
v -0.157089 0.938400 -0.079796
v -0.175515 0.911400 -0.177409
v -0.182508 0.919400 -0.171726
v -0.179016 0.919400 -0.185713
v -0.175515 0.946400 -0.177409
v -0.179016 0.938400 -0.185713
v -0.182508 0.938400 -0.171726
v -0.117679 0.911400 -0.246993
v -0.126483 0.919400 -0.248917
v -0.113371 0.919400 -0.254907
v -0.117679 0.946400 -0.246993
v -0.113371 0.938400 -0.254907
v -0.126483 0.938400 -0.248917
v -0.027217 0.911400 -0.245160
v -0.031201 0.919400 -0.253242
v -0.018343 0.919400 -0.246726
v -0.027217 0.946400 -0.245160
v -0.018343 0.938400 -0.246726
v -0.031201 0.938400 -0.253242
v 0.027753 0.911400 -0.173290
v 0.031588 0.919400 -0.181445
v 0.034510 0.919400 -0.167329
v 0.027753 0.946400 -0.173290
v 0.034510 0.938400 -0.167329
v 0.031588 0.938400 -0.181445
v 0.005836 0.911400 -0.085504
v 0.014602 0.919400 -0.087590
v 0.005388 0.919400 -0.076504
v 0.005836 0.946400 -0.085504
v 0.005388 0.938400 -0.076504
v 0.014602 0.938400 -0.087590
v -0.020810 0.113156 0.030127
v -0.012325 0.121156 0.027091
v -0.020267 0.121156 0.039122
v -0.020810 1.019054 0.030127
v -0.020267 1.011054 0.039122
v -0.012325 1.011054 0.027091
v -0.070194 0.113156 0.059634
v -0.062531 0.121156 0.064374
v -0.076888 0.121156 0.065667
v -0.070194 1.019054 0.059634
v -0.076888 1.011054 0.065667
v -0.062531 1.011054 0.064374
v -0.124055 0.113156 0.039421
v -0.122982 0.121156 0.048368
v -0.132945 0.121156 0.037949
v -0.124055 1.019054 0.039421
v -0.132945 1.011054 0.037949
v -0.122982 1.011054 0.048368
v -0.141833 0.113156 -0.015291
v -0.148159 0.121156 -0.008875
v -0.146225 0.121156 -0.023160
v -0.141833 1.019054 -0.015291
v -0.146225 1.011054 -0.023160
v -0.148159 1.011054 -0.008875
v -0.110141 0.113156 -0.063303
v -0.119103 0.121156 -0.064249
v -0.106728 0.121156 -0.071643
v -0.110141 1.019054 -0.063303
v -0.106728 1.011054 -0.071643
v -0.119103 1.011054 -0.064249
v -0.052845 0.113156 -0.068461
v -0.057693 0.121156 -0.076057
v -0.044196 0.121156 -0.070992
v -0.052845 1.019054 -0.068461
v -0.044196 1.011054 -0.070992
v -0.057693 1.011054 -0.076057
v -0.013089 0.113156 -0.026881
v -0.010172 0.121156 -0.035407
v -0.005718 0.121156 -0.021697
v -0.013089 1.019054 -0.026881
v -0.005718 1.011054 -0.021697
v -0.010172 1.011054 -0.035407
v -0.074881 0.999728 0.064878
v -0.067672 1.007728 0.070285
v -0.082088 1.007728 0.070287
v -0.074881 1.034728 0.064878
v -0.082088 1.026728 0.070287
v -0.067672 1.026728 0.070285
v -0.129066 0.999728 0.038792
v -0.128799 1.007728 0.047799
v -0.137789 1.007728 0.036530
v -0.129066 1.034728 0.038792
v -0.137789 1.026728 0.036530
v -0.128799 1.026728 0.047799
v -0.142455 0.999728 -0.019836
v -0.149331 1.007728 -0.014012
v -0.146125 1.007728 -0.028066
v -0.142455 1.034728 -0.019836
v -0.146125 1.026728 -0.028066
v -0.149331 1.026728 -0.014012
v -0.104966 0.999728 -0.066858
v -0.113807 1.007728 -0.068603
v -0.100820 1.007728 -0.074859
v -0.104966 1.034728 -0.066858
v -0.100820 1.026728 -0.074859
v -0.113807 1.026728 -0.068603
v -0.044829 0.999728 -0.066866
v -0.048977 1.007728 -0.074866
v -0.035989 1.007728 -0.068613
v -0.044829 1.034728 -0.066866
v -0.035989 1.026728 -0.068613
v -0.048977 1.026728 -0.074866
v -0.007328 0.999728 -0.019854
v -0.003660 1.007728 -0.028085
v -0.000450 1.007728 -0.014031
v -0.007328 1.034728 -0.019854
v -0.000450 1.026728 -0.014031
v -0.003660 1.026728 -0.028085
v -0.020702 0.999728 0.038778
v -0.011980 1.007728 0.036514
v -0.020966 1.007728 0.047785
v -0.020702 1.034728 0.038778
v -0.020966 1.026728 0.047785
v -0.011980 1.026728 0.036514
v -0.027330 0.072028 0.213841
v -0.019509 0.080028 0.215521
v -0.029010 0.080028 0.221663
v -0.027330 1.128082 0.213841
v -0.029010 1.120082 0.221663
v -0.019509 1.120082 0.215521
v -0.141541 0.072028 0.189314
v -0.143220 0.080028 0.197136
v -0.149362 0.080028 0.187634
v -0.141541 1.128082 0.189314
v -0.149362 1.120082 0.187634
v -0.143220 1.120082 0.197136
v -0.117014 0.072028 0.075104
v -0.124835 0.080028 0.073424
v -0.115334 0.080028 0.067282
v -0.117014 1.128082 0.075104
v -0.115334 1.120082 0.067282
v -0.124835 1.120082 0.073424
v -0.002803 0.072028 0.099631
v -0.001123 0.080028 0.091809
v 0.005018 0.080028 0.101311
v -0.002803 1.128082 0.099631
v 0.005018 1.120082 0.101311
v -0.001123 1.120082 0.091809
v -0.074423 1.113997 0.233235
v -0.067230 1.121997 0.238663
v -0.081645 1.121997 0.238624
v -0.074423 1.148997 0.233235
v -0.081645 1.140997 0.238624
v -0.067230 1.140997 0.238663
v -0.143754 1.113997 0.199619
v -0.143512 1.121997 0.208627
v -0.152470 1.121997 0.197333
v -0.143754 1.148997 0.199619
v -0.152470 1.140997 0.197333
v -0.143512 1.140997 0.208627
v -0.160698 1.113997 0.124455
v -0.167590 1.121997 0.130261
v -0.164345 1.121997 0.116215
v -0.160698 1.148997 0.124455
v -0.164345 1.140997 0.116215
v -0.167590 1.140997 0.130261
v -0.112498 1.113997 0.064344
v -0.121334 1.121997 0.062575
v -0.108329 1.121997 0.056355
v -0.112498 1.148997 0.064344
v -0.108329 1.140997 0.056355
v -0.121334 1.140997 0.062575
v -0.035448 1.113997 0.064549
v -0.039574 1.121997 0.056538
v -0.026603 1.121997 0.062827
v -0.035448 1.148997 0.064549
v -0.026603 1.140997 0.062827
v -0.039574 1.140997 0.056538
v 0.012431 1.113997 0.124917
v 0.016122 1.121997 0.116697
v 0.019292 1.121997 0.130759
v 0.012431 1.148997 0.124917
v 0.019292 1.140997 0.130759
v 0.016122 1.140997 0.116697
v -0.004915 1.113997 0.199990
v 0.003814 1.121997 0.197750
v -0.005204 1.121997 0.208996
v -0.004915 1.148997 0.199990
v -0.005204 1.140997 0.208996
v 0.003814 1.140997 0.197750
v -0.015031 0.140604 0.305036
v -0.008247 0.148604 0.299106
v -0.011234 0.148604 0.313208
v -0.015031 1.137054 0.305036
v -0.011234 1.129054 0.313208
v -0.008247 1.129054 0.299106
v -0.047305 0.140604 0.346835
v -0.038438 0.148604 0.348442
v -0.051327 0.148604 0.354899
v -0.047305 1.137054 0.346835
v -0.051327 1.129054 0.354899
v -0.038438 1.129054 0.348442
v -0.100108 0.140604 0.347663
v -0.095835 0.148604 0.355597
v -0.108920 0.148604 0.349547
v -0.100108 1.137054 0.347663
v -0.108920 1.129054 0.349547
v -0.095835 1.129054 0.355597
v -0.133676 0.140604 0.306897
v -0.137216 0.148604 0.315184
v -0.140644 0.148604 0.301182
v -0.133676 1.137054 0.306897
v -0.140644 1.129054 0.301182
v -0.137216 1.129054 0.315184
v -0.122734 0.140604 0.255234
v -0.131420 0.148604 0.257634
v -0.122610 0.148604 0.246224
v -0.122734 1.137054 0.255234
v -0.122610 1.129054 0.246224
v -0.131420 1.129054 0.257634
v -0.075520 0.140604 0.231578
v -0.082812 0.148604 0.226284
v -0.068398 0.148604 0.226057
v -0.075520 1.137054 0.231578
v -0.068398 1.129054 0.226057
v -0.082812 1.129054 0.226284
v -0.027588 0.140604 0.253742
v -0.027995 0.148604 0.244740
v -0.018831 0.148604 0.255868
v -0.027588 1.137054 0.253742
v -0.018831 1.129054 0.255868
v -0.027995 1.129054 0.244740
v -0.075004 1.120704 0.354922
v -0.067857 1.128704 0.360409
v -0.082271 1.128704 0.360250
v -0.075004 1.155704 0.354922
v -0.082271 1.147704 0.360250
v -0.067857 1.147704 0.360409
v -0.124497 1.120704 0.330411
v -0.124331 1.128704 0.339421
v -0.133194 1.128704 0.328052
v -0.124497 1.155704 0.330411
v -0.133194 1.147704 0.328052
v -0.124331 1.147704 0.339421
v -0.136192 1.120704 0.276434
v -0.143132 1.128704 0.282182
v -0.139770 1.128704 0.268164
v -0.136192 1.155704 0.276434
v -0.139770 1.147704 0.268164
v -0.143132 1.147704 0.282182
v -0.101283 1.120704 0.233637
v -0.110104 1.128704 0.231794
v -0.097048 1.128704 0.225683
v -0.101283 1.155704 0.233637
v -0.097048 1.147704 0.225683
v -0.110104 1.147704 0.231794
v -0.046057 1.120704 0.234246
v -0.050116 1.128704 0.226201
v -0.037198 1.128704 0.232598
v -0.046057 1.155704 0.234246
v -0.037198 1.147704 0.232598
v -0.050116 1.147704 0.226201
v -0.012100 1.120704 0.277803
v -0.008341 1.128704 0.269613
v -0.005289 1.128704 0.283702
v -0.012100 1.155704 0.277803
v -0.005289 1.147704 0.283702
v -0.008341 1.147704 0.269613
v -0.024983 1.120704 0.331509
v -0.016236 1.128704 0.329342
v -0.025348 1.128704 0.340512
v -0.024983 1.155704 0.331509
v -0.025348 1.147704 0.340512
v -0.016236 1.147704 0.329342
v -0.162044 0.126685 -0.270073
v -0.154466 0.134685 -0.273443
v -0.160407 0.134685 -0.261942
v -0.162044 0.850033 -0.270073
v -0.160407 0.842033 -0.261942
v -0.154466 0.842033 -0.273443
v -0.231219 0.126685 -0.235315
v -0.225673 0.134685 -0.229149
v -0.238446 0.134685 -0.231245
v -0.231219 0.850033 -0.235315
v -0.238446 0.842033 -0.231245
v -0.225673 0.842033 -0.229149
v -0.285653 0.126685 -0.290363
v -0.289803 0.134685 -0.283183
v -0.291756 0.134685 -0.295979
v -0.285653 0.850033 -0.290363
v -0.291756 0.842033 -0.295979
v -0.289803 0.842033 -0.283183
v -0.250119 0.126685 -0.359143
v -0.258231 0.134685 -0.360872
v -0.246665 0.134685 -0.366683
v -0.250119 0.850033 -0.359143
v -0.246665 0.842033 -0.366683
v -0.258231 0.842033 -0.360872
v -0.173725 0.126685 -0.346603
v -0.174588 0.134685 -0.354852
v -0.165487 0.134685 -0.345648
v -0.173725 0.850033 -0.346603
v -0.165486 0.842033 -0.345648
v -0.174588 0.842033 -0.354852
v -0.220889 0.834518 -0.230175
v -0.213612 0.842518 -0.224861
v -0.228026 0.842518 -0.224675
v -0.220889 0.869518 -0.230175
v -0.228026 0.861518 -0.224675
v -0.213612 0.861518 -0.224861
v -0.275869 0.834518 -0.255783
v -0.275487 0.842518 -0.246780
v -0.284620 0.842518 -0.257934
v -0.275869 0.869518 -0.255783
v -0.284620 0.861518 -0.257934
v -0.275487 0.861518 -0.246780
v -0.290127 0.834518 -0.314735
v -0.296928 0.842518 -0.308823
v -0.293902 0.842518 -0.322917
v -0.290127 0.869518 -0.314735
v -0.293902 0.861518 -0.322917
v -0.296928 0.861518 -0.308823
v -0.252927 0.834518 -0.362638
v -0.261790 0.842518 -0.364269
v -0.248884 0.842518 -0.370691
v -0.252927 0.869518 -0.362638
v -0.248884 0.861518 -0.370691
v -0.261790 0.861518 -0.364269
v -0.192281 0.834518 -0.363421
v -0.196532 0.842518 -0.371367
v -0.183464 0.842518 -0.365281
v -0.192281 0.869518 -0.363421
v -0.183464 0.861518 -0.365281
v -0.196532 0.861518 -0.371367
v -0.153857 0.834518 -0.316494
v -0.150294 0.842518 -0.324772
v -0.146906 0.842518 -0.310760
v -0.153857 0.869518 -0.316494
v -0.146906 0.861518 -0.310760
v -0.150294 0.861518 -0.324772
v -0.166588 0.834518 -0.257195
v -0.157896 0.842518 -0.259570
v -0.166737 0.842518 -0.248185
v -0.166588 0.869518 -0.257195
v -0.166737 0.861518 -0.248185
v -0.157896 0.861518 -0.259570
v -0.175344 0.072571 -0.089146
v -0.166335 0.080571 -0.088931
v -0.178069 0.080571 -0.080557
v -0.175344 0.983390 -0.089146
v -0.178069 0.975390 -0.080557
v -0.166335 0.975390 -0.088931
v -0.241190 0.072571 -0.077774
v -0.235741 0.080571 -0.070597
v -0.249604 0.080571 -0.074550
v -0.241190 0.983390 -0.077774
v -0.249604 0.975390 -0.074550
v -0.235741 0.975390 -0.070597
v -0.291135 0.072571 -0.122164
v -0.293350 0.080571 -0.113429
v -0.298902 0.080571 -0.126732
v -0.291135 0.983390 -0.122164
v -0.298902 0.975390 -0.126732
v -0.293350 0.975390 -0.113429
v -0.287570 0.072571 -0.188890
v -0.295780 0.080571 -0.185175
v -0.288841 0.080571 -0.197811
v -0.287570 0.983390 -0.188890
v -0.288841 0.975390 -0.197811
v -0.295780 0.975390 -0.185175
v -0.233179 0.072571 -0.227705
v -0.241202 0.080571 -0.231808
v -0.226997 0.080571 -0.234261
v -0.233179 0.983390 -0.227705
v -0.226997 0.975390 -0.234261
v -0.241202 0.975390 -0.231808
v -0.168920 0.072571 -0.209382
v -0.170714 0.080571 -0.218212
v -0.159940 0.080571 -0.208636
v -0.168920 0.983390 -0.209382
v -0.159940 0.975390 -0.208636
v -0.170714 0.975390 -0.218212
v -0.143181 0.072571 -0.147717
v -0.137395 0.080571 -0.154626
v -0.138165 0.080571 -0.140231
v -0.143181 0.983390 -0.147717
v -0.138165 0.975390 -0.140231
v -0.137395 0.975390 -0.154626
v -0.222373 0.965012 -0.070623
v -0.215148 0.973012 -0.065238
v -0.229563 0.973012 -0.065191
v -0.222373 1.000012 -0.070623
v -0.229563 0.992012 -0.065191
v -0.215148 0.992012 -0.065238
v -0.285361 0.965012 -0.100702
v -0.285066 0.973012 -0.091696
v -0.294091 0.973012 -0.102937
v -0.285361 1.000012 -0.100702
v -0.294091 0.992012 -0.102937
v -0.285066 0.992012 -0.091696
v -0.301117 0.965012 -0.168703
v -0.307974 0.973012 -0.162856
v -0.304813 0.973012 -0.176921
v -0.301117 1.000012 -0.168703
v -0.304813 0.992012 -0.176921
v -0.307974 0.992012 -0.162856
v -0.257775 0.965012 -0.223418
v -0.266621 0.973012 -0.225135
v -0.253654 0.973012 -0.231432
v -0.257775 1.000012 -0.223418
v -0.253654 0.992012 -0.231432
v -0.266621 0.992012 -0.225135
v -0.187974 0.965012 -0.223647
v -0.192147 0.973012 -0.231634
v -0.179139 0.973012 -0.225422
v -0.187974 1.000012 -0.223647
v -0.179139 0.992012 -0.225422
v -0.192147 0.992012 -0.231634
v -0.144274 0.965012 -0.169217
v -0.140633 0.973012 -0.177459
v -0.137379 0.973012 -0.163416
v -0.144274 1.000012 -0.169217
v -0.137379 0.992012 -0.163416
v -0.140633 0.992012 -0.177459
v -0.159583 0.965012 -0.101115
v -0.150868 0.973012 -0.103406
v -0.159819 0.973012 -0.092107
v -0.159583 1.000012 -0.101115
v -0.159819 0.992012 -0.092107
v -0.150868 0.992012 -0.103406
v -0.233287 0.148916 0.089682
v -0.226775 0.156916 0.095910
v -0.241087 0.156916 0.094193
v -0.233287 0.978738 0.089682
v -0.241087 0.970738 0.094193
v -0.226775 0.970738 0.095910
v -0.301526 0.148916 0.046115
v -0.302335 0.156916 0.055089
v -0.309916 0.156916 0.042829
v -0.301526 0.978738 0.046115
v -0.309916 0.970738 0.042829
v -0.302335 0.970738 0.055089
v -0.310010 0.148916 -0.034400
v -0.317531 0.156916 -0.029438
v -0.312672 0.156916 -0.043009
v -0.310010 0.978738 -0.034400
v -0.312672 0.970738 -0.043009
v -0.317531 0.970738 -0.029438
v -0.252350 0.148916 -0.091234
v -0.260920 0.156916 -0.094020
v -0.247279 0.156916 -0.098683
v -0.252350 0.978738 -0.091234
v -0.247279 0.970738 -0.098683
v -0.260920 0.970738 -0.094020
v -0.171966 0.148916 -0.081589
v -0.175131 0.156916 -0.090026
v -0.162980 0.156916 -0.082269
v -0.171966 0.978738 -0.081589
v -0.162980 0.970738 -0.082269
v -0.175131 0.970738 -0.090026
v -0.129388 0.148916 -0.012728
v -0.124765 0.156916 -0.020463
v -0.123254 0.156916 -0.006127
v -0.129388 0.978738 -0.012728
v -0.123254 0.970738 -0.006127
v -0.124765 0.970738 -0.020463
v -0.156678 0.148916 0.063494
v -0.147748 0.156916 0.062286
v -0.158015 0.156916 0.072406
v -0.156678 0.978738 0.063494
v -0.158015 0.970738 0.072406
v -0.147748 0.970738 0.062286
v -0.221155 0.963128 0.092830
v -0.213847 0.971128 0.098102
v -0.228260 0.971128 0.098372
v -0.221155 0.998128 0.092830
v -0.228260 0.990128 0.098372
v -0.213847 0.990128 0.098102
v -0.297968 0.963128 0.057599
v -0.297534 0.971128 0.066600
v -0.306732 0.971128 0.055500
v -0.297968 0.998128 0.057599
v -0.306732 0.990128 0.055500
v -0.297534 0.990128 0.066600
v -0.318317 0.963128 -0.024422
v -0.325083 0.971128 -0.018470
v -0.322139 0.971128 -0.032582
v -0.318317 0.998128 -0.024422
v -0.322139 0.990128 -0.032582
v -0.325083 0.990128 -0.018470
v -0.266877 0.963128 -0.091470
v -0.275749 0.971128 -0.093049
v -0.262881 0.971128 -0.099547
v -0.266877 0.998128 -0.091470
v -0.262881 0.990128 -0.099547
v -0.275749 0.990128 -0.093049
v -0.182384 0.963128 -0.093057
v -0.186681 0.971128 -0.100978
v -0.173578 0.971128 -0.094968
v -0.182384 0.998128 -0.093057
v -0.173578 0.990128 -0.094968
v -0.186681 0.990128 -0.100978
v -0.128463 0.963128 -0.027987
v -0.124950 0.971128 -0.036285
v -0.121479 0.971128 -0.022294
v -0.128463 0.998128 -0.027987
v -0.121479 0.990128 -0.022294
v -0.124950 0.990128 -0.036285
v -0.145718 0.963128 0.054740
v -0.137040 0.971128 0.052313
v -0.145814 0.971128 0.063751
v -0.145718 0.998128 0.054740
v -0.145814 0.990128 0.063751
v -0.137040 0.990128 0.052313
v -0.165820 0.110645 0.171622
v -0.158348 0.118645 0.168022
v -0.163935 0.118645 0.179698
v -0.165820 1.097933 0.171622
v -0.163935 1.089933 0.179698
v -0.158348 1.089933 0.168022
v -0.230131 0.110645 0.206436
v -0.224398 0.118645 0.212430
v -0.237230 0.118645 0.210724
v -0.230131 1.097933 0.206436
v -0.237230 1.089933 0.210724
v -0.224398 1.089933 0.212430
v -0.283114 0.110645 0.156030
v -0.287043 0.118645 0.163334
v -0.289386 0.118645 0.150604
v -0.283114 1.097933 0.156030
v -0.289386 1.089933 0.150604
v -0.287043 1.089933 0.163334
v -0.251549 0.110645 0.090064
v -0.259709 0.118645 0.088585
v -0.248326 0.118645 0.082422
v -0.251549 1.097933 0.090064
v -0.248326 1.089933 0.082422
v -0.259709 1.089933 0.088585
v -0.179057 0.110645 0.099700
v -0.180171 0.118645 0.091482
v -0.170793 0.118645 0.100404
v -0.179057 1.097933 0.099700
v -0.170793 1.089933 0.100404
v -0.180171 1.089933 0.091482
v -0.221151 1.079346 0.210435
v -0.213903 1.087346 0.215789
v -0.228318 1.087346 0.215897
v -0.221151 1.114346 0.210435
v -0.228318 1.106346 0.215897
v -0.213903 1.106346 0.215789
v -0.273017 1.079346 0.185938
v -0.272684 1.087346 0.194943
v -0.281756 1.087346 0.183740
v -0.273017 1.114346 0.185938
v -0.281756 1.106346 0.183740
v -0.272684 1.106346 0.194943
v -0.286202 1.079346 0.130113
v -0.293034 1.087346 0.135989
v -0.289933 1.087346 0.121911
v -0.286202 1.114346 0.130113
v -0.289933 1.106346 0.121911
v -0.293034 1.106346 0.135989
v -0.250778 1.079346 0.084999
v -0.259631 1.087346 0.083321
v -0.246691 1.087346 0.076968
v -0.250778 1.114346 0.084999
v -0.246691 1.106346 0.076968
v -0.259631 1.106346 0.083321
v -0.193419 1.079346 0.084567
v -0.197627 1.087346 0.076599
v -0.184592 1.087346 0.082755
v -0.193419 1.114346 0.084567
v -0.184592 1.106346 0.082755
v -0.197627 1.106346 0.076599
v -0.157319 1.079346 0.129142
v -0.153712 1.087346 0.120884
v -0.150399 1.087346 0.134914
v -0.157319 1.114346 0.129142
v -0.150399 1.106346 0.134914
v -0.153712 1.106346 0.120884
v -0.169661 1.079346 0.185159
v -0.160956 1.087346 0.182830
v -0.169859 1.087346 0.194168
v -0.169661 1.114346 0.185159
v -0.169859 1.106346 0.194168
v -0.160956 1.106346 0.182830
v -0.167600 0.074096 0.361038
v -0.158589 0.082096 0.360948
v -0.170032 0.082096 0.369715
v -0.167600 1.208654 0.361038
v -0.170032 1.200654 0.369715
v -0.158589 1.200654 0.360948
v -0.242531 0.074096 0.376617
v -0.236843 0.082096 0.383605
v -0.250832 0.082096 0.380125
v -0.242531 1.208654 0.376617
v -0.250832 1.200654 0.380125
v -0.236843 1.200654 0.383605
v -0.301430 0.074096 0.327745
v -0.303347 0.082096 0.336550
v -0.309348 0.082096 0.323443
v -0.301430 1.208654 0.327745
v -0.309348 1.200654 0.323443
v -0.303347 1.200654 0.336550
v -0.299944 0.074096 0.251226
v -0.308023 0.082096 0.255217
v -0.301518 0.082096 0.242353
v -0.299944 1.208654 0.251226
v -0.301518 1.200654 0.242353
v -0.308023 1.200654 0.255217
v -0.239192 0.074096 0.204678
v -0.247350 0.082096 0.200850
v -0.233236 0.082096 0.197916
v -0.239192 1.208654 0.204678
v -0.233236 1.200654 0.197916
v -0.247350 1.200654 0.200850
v -0.164922 0.074096 0.223154
v -0.167015 0.082096 0.214390
v -0.155921 0.082096 0.223595
v -0.164922 1.208654 0.223154
v -0.155921 1.200654 0.223595
v -0.167015 1.200654 0.214390
v -0.133060 0.074096 0.292741
v -0.127513 0.082096 0.285640
v -0.127793 0.082096 0.300053
v -0.133060 1.208654 0.292741
v -0.127793 1.200654 0.300053
v -0.127513 1.200654 0.285640
v -0.224459 1.189128 0.384656
v -0.217343 1.197128 0.390186
v -0.231757 1.197128 0.389942
v -0.224459 1.224128 0.384656
v -0.231757 1.216128 0.389942
v -0.217343 1.216128 0.390186
v -0.295853 1.189128 0.348775
v -0.295740 1.197128 0.357785
v -0.304536 1.197128 0.346365
v -0.295853 1.224128 0.348775
v -0.304536 1.216128 0.346365
v -0.295740 1.216128 0.357785
v -0.312313 1.189128 0.270585
v -0.319287 1.197128 0.276292
v -0.315842 1.197128 0.262294
v -0.312313 1.224128 0.270585
v -0.315842 1.216128 0.262294
v -0.319287 1.216128 0.276292
v -0.261445 1.189128 0.208965
v -0.270255 1.197128 0.207071
v -0.257163 1.197128 0.201036
v -0.261445 1.224128 0.208965
v -0.257163 1.216128 0.201036
v -0.270255 1.216128 0.207071
v -0.181553 1.189128 0.210316
v -0.185564 1.197128 0.202247
v -0.172684 1.197128 0.208721
v -0.181553 1.224128 0.210316
v -0.172684 1.216128 0.208721
v -0.185564 1.216128 0.202247
v -0.132797 1.189128 0.273621
v -0.128989 1.197128 0.265454
v -0.126020 1.197128 0.279560
v -0.132797 1.224128 0.273621
v -0.126020 1.216128 0.279560
v -0.128989 1.216128 0.265454
v -0.151892 1.189128 0.351210
v -0.143133 1.197128 0.349094
v -0.152310 1.197128 0.360211
v -0.151892 1.224128 0.351210
v -0.152310 1.216128 0.360211
v -0.143133 1.216128 0.349094
v -0.340397 0.094158 -0.202201
v -0.331981 0.102158 -0.198979
v -0.345842 0.102158 -0.195021
v -0.340397 0.883540 -0.202201
v -0.345842 0.875540 -0.195021
v -0.331981 0.875540 -0.198979
v -0.425283 0.094158 -0.216830
v -0.422554 0.102158 -0.208242
v -0.434291 0.102158 -0.216612
v -0.425283 0.883540 -0.216830
v -0.434291 0.875540 -0.216612
v -0.422554 0.875540 -0.208242
v -0.466770 0.094158 -0.292319
v -0.471784 0.102158 -0.284831
v -0.472558 0.102158 -0.299226
v -0.466770 0.883540 -0.292319
v -0.472558 0.875540 -0.299226
v -0.471784 0.875540 -0.284831
v -0.433618 0.094158 -0.371821
v -0.442598 0.102158 -0.371072
v -0.431827 0.102158 -0.380653
v -0.433618 0.883540 -0.371821
v -0.431827 0.875540 -0.380653
v -0.442598 0.875540 -0.371072
v -0.350791 0.094158 -0.395471
v -0.356975 0.102158 -0.402025
v -0.342769 0.102158 -0.399576
v -0.350791 0.883540 -0.395471
v -0.342769 0.875540 -0.399576
v -0.356975 0.875540 -0.402025
v -0.280659 0.094158 -0.345459
v -0.279391 0.102158 -0.354381
v -0.272447 0.102158 -0.341747
v -0.280659 0.883540 -0.345459
v -0.272447 0.875540 -0.341747
v -0.279391 0.875540 -0.354381
v -0.276033 0.094158 -0.259446
v -0.268267 0.102158 -0.264017
v -0.273815 0.102158 -0.250712
v -0.276033 0.883540 -0.259446
v -0.273815 0.875540 -0.250712
v -0.268267 0.875540 -0.264017
v -0.369839 0.866480 -0.195494
v -0.362643 0.874480 -0.190070
v -0.377059 0.874480 -0.190102
v -0.369839 0.901480 -0.195494
v -0.377059 0.893480 -0.190102
v -0.362643 0.893480 -0.190070
v -0.450742 0.866480 -0.234676
v -0.450496 0.874480 -0.225668
v -0.459459 0.874480 -0.236958
v -0.450742 0.901480 -0.234676
v -0.459459 0.893480 -0.236958
v -0.450496 0.893480 -0.225668
v -0.470550 0.866480 -0.322358
v -0.477440 0.874480 -0.316549
v -0.474201 0.874480 -0.330596
v -0.470550 0.901480 -0.322358
v -0.474201 0.893480 -0.330596
v -0.477440 0.893480 -0.316549
v -0.414348 0.866480 -0.392513
v -0.423185 0.874480 -0.394278
v -0.410183 0.874480 -0.400504
v -0.414348 0.901480 -0.392513
v -0.410183 0.893480 -0.400504
v -0.423185 0.893480 -0.394278
v -0.324457 0.866480 -0.392314
v -0.328587 0.874480 -0.400323
v -0.315613 0.874480 -0.394040
v -0.324457 0.901480 -0.392314
v -0.315613 0.893480 -0.394040
v -0.328587 0.893480 -0.400323
v -0.268567 0.866480 -0.321910
v -0.264880 0.874480 -0.330132
v -0.261703 0.874480 -0.316071
v -0.268567 0.901480 -0.321910
v -0.261703 0.893480 -0.316071
v -0.264880 0.893480 -0.330132
v -0.288764 0.866480 -0.234317
v -0.280036 0.874480 -0.236561
v -0.289049 0.874480 -0.225310
v -0.288764 0.901480 -0.234317
v -0.289049 0.893480 -0.225310
v -0.280036 0.893480 -0.236561
v -0.317956 0.110289 -0.135141
v -0.308098 0.118288 -0.136196
v -0.310529 0.118288 -0.128574
v -0.317956 0.940845 -0.135141
v -0.310529 0.932845 -0.128574
v -0.308098 0.932845 -0.136196
v -0.409566 0.110289 -0.115150
v -0.413582 0.118288 -0.106086
v -0.418967 0.118288 -0.112002
v -0.409566 0.940845 -0.115150
v -0.418967 0.932845 -0.112002
v -0.413582 0.932845 -0.106086
v -0.381074 0.110289 -0.204483
v -0.386916 0.118288 -0.212493
v -0.379100 0.118288 -0.214199
v -0.381074 0.940845 -0.204483
v -0.379100 0.932845 -0.214199
v -0.386916 0.932845 -0.212493
v -0.370655 0.924802 -0.088279
v -0.363529 0.932802 -0.082763
v -0.377943 0.932802 -0.082979
v -0.370655 0.959802 -0.088279
v -0.377943 0.951802 -0.082979
v -0.363529 0.951802 -0.082763
v -0.420373 0.924802 -0.113147
v -0.420242 0.932802 -0.104137
v -0.429060 0.932802 -0.115541
v -0.420373 0.959802 -0.113147
v -0.429060 0.951802 -0.115541
v -0.420242 0.951802 -0.104137
v -0.431928 0.924802 -0.167524
v -0.438892 0.932802 -0.161804
v -0.435473 0.932802 -0.175808
v -0.431928 0.959802 -0.167524
v -0.435473 0.951802 -0.175808
v -0.438892 0.951802 -0.161804
v -0.396620 0.924802 -0.210462
v -0.405434 0.932802 -0.212339
v -0.392353 0.932802 -0.218398
v -0.396620 0.959802 -0.210462
v -0.392353 0.951802 -0.218398
v -0.405434 0.951802 -0.212339
v -0.341036 0.924802 -0.209628
v -0.345063 0.932802 -0.217689
v -0.332170 0.932802 -0.211240
v -0.341036 0.959802 -0.209628
v -0.332170 0.951802 -0.211240
v -0.345063 0.951802 -0.217689
v -0.307031 0.924802 -0.165650
v -0.303239 0.932802 -0.173825
v -0.300243 0.932802 -0.159724
v -0.307031 0.959802 -0.165650
v -0.300243 0.951802 -0.159724
v -0.303239 0.951802 -0.173825
v -0.320213 0.924802 -0.111645
v -0.311458 0.932802 -0.113777
v -0.320614 0.932802 -0.102643
v -0.320213 0.959802 -0.111645
v -0.320614 0.951802 -0.102643
v -0.311458 0.951802 -0.113777
v -0.330058 0.114539 0.039089
v -0.322058 0.122539 0.039147
v -0.330115 0.122539 0.047089
v -0.330058 1.018095 0.039089
v -0.330115 1.010095 0.047089
v -0.322058 1.010095 0.039147
v -0.415061 0.114539 0.038479
v -0.415118 0.122539 0.046479
v -0.423061 0.122539 0.038421
v -0.415061 1.018095 0.038479
v -0.423061 1.010095 0.038421
v -0.415118 1.010095 0.046479
v -0.414450 0.114539 -0.046524
v -0.422450 0.122539 -0.046582
v -0.414393 0.122539 -0.054524
v -0.414450 1.018095 -0.046524
v -0.414393 1.010095 -0.054524
v -0.422450 1.010095 -0.046582
v -0.329447 0.114539 -0.045914
v -0.329390 0.122539 -0.053914
v -0.321447 0.122539 -0.045856
v -0.329447 1.018095 -0.045914
v -0.321447 1.010095 -0.045856
v -0.329390 1.010095 -0.053914
v -0.368606 0.999292 0.060900
v -0.361347 1.007292 0.066240
v -0.375762 1.007292 0.066377
v -0.368606 1.034292 0.060900
v -0.375762 1.026292 0.066377
v -0.361347 1.026292 0.066240
v -0.419970 0.999292 0.036766
v -0.419618 1.007292 0.045770
v -0.428713 1.007292 0.034586
v -0.419970 1.034292 0.036766
v -0.428713 1.026292 0.034586
v -0.419618 1.026292 0.045770
v -0.433126 0.999292 -0.018439
v -0.439946 1.007292 -0.012550
v -0.436873 1.007292 -0.026634
v -0.433126 1.034292 -0.018439
v -0.436873 1.026292 -0.026634
v -0.439946 1.026292 -0.012550
v -0.398167 0.999292 -0.063145
v -0.407024 1.007292 -0.064806
v -0.394096 1.007292 -0.071184
v -0.398167 1.034292 -0.063145
v -0.394096 1.026292 -0.071184
v -0.407024 1.026292 -0.064806
v -0.341419 0.999292 -0.063687
v -0.345642 1.007292 -0.071647
v -0.332595 1.007292 -0.065516
v -0.341419 1.034292 -0.063687
v -0.332595 1.026292 -0.065516
v -0.345642 1.026292 -0.071647
v -0.305613 0.999292 -0.019656
v -0.302023 1.007292 -0.027922
v -0.298681 1.007292 -0.013899
v -0.305613 1.034292 -0.019656
v -0.298681 1.026292 -0.013899
v -0.302023 1.026292 -0.027922
v -0.317712 0.999292 0.035790
v -0.309012 1.007292 0.033444
v -0.317892 1.007292 0.044799
v -0.317712 1.034292 0.035790
v -0.317892 1.026292 0.044799
v -0.309012 1.026292 0.033444
v -0.347037 0.102960 0.212956
v -0.338584 0.110960 0.216079
v -0.352399 0.110960 0.220199
v -0.347037 1.100006 0.212956
v -0.352399 1.092006 0.220199
v -0.338584 1.092006 0.216079
v -0.410468 0.102960 0.202785
v -0.407640 0.110960 0.211341
v -0.419473 0.110960 0.203109
v -0.410468 1.100006 0.202785
v -0.419473 1.092006 0.203109
v -0.407640 1.092006 0.211341
v -0.442065 0.102960 0.146851
v -0.446990 0.110960 0.154397
v -0.447932 0.110960 0.140012
v -0.442065 1.100006 0.146851
v -0.447932 1.092006 0.140012
v -0.446990 1.092006 0.154397
v -0.418034 0.102960 0.087273
v -0.427004 0.110960 0.088127
v -0.416345 0.110960 0.078422
v -0.418034 1.100006 0.087273
v -0.416345 1.092006 0.078422
v -0.427004 1.092006 0.088127
v -0.356471 0.102960 0.068915
v -0.362731 0.110960 0.062434
v -0.348498 0.110960 0.064717
v -0.356471 1.100006 0.068915
v -0.348498 1.092006 0.064717
v -0.362731 1.092006 0.062434
v -0.303734 0.102960 0.105601
v -0.302571 0.110960 0.096666
v -0.295480 0.110960 0.109217
v -0.303734 1.100006 0.105601
v -0.295480 1.092006 0.109217
v -0.302571 1.092006 0.096666
v -0.299536 0.102960 0.169705
v -0.291824 0.110960 0.165044
v -0.297216 0.110960 0.178413
v -0.299536 1.100006 0.169705
v -0.297216 1.092006 0.178413
v -0.291824 1.092006 0.165044
v -0.371224 1.084258 0.220755
v -0.364077 1.092258 0.226243
v -0.378491 1.092258 0.226083
v -0.371224 1.119258 0.220755
v -0.378491 1.111258 0.226083
v -0.364077 1.111258 0.226243
v -0.431370 1.084258 0.190965
v -0.431204 1.092258 0.199974
v -0.440067 1.092258 0.188605
v -0.431370 1.119258 0.190965
v -0.440067 1.111258 0.188605
v -0.431204 1.111258 0.199974
v -0.445580 1.084258 0.125366
v -0.452521 1.092258 0.131113
v -0.449157 1.092258 0.117096
v -0.445580 1.119258 0.125366
v -0.449157 1.111258 0.117096
v -0.452521 1.111258 0.131113
v -0.403153 1.084258 0.073357
v -0.411973 1.092258 0.071514
v -0.398917 1.092258 0.065404
v -0.403153 1.119258 0.073357
v -0.398917 1.111258 0.065404
v -0.411973 1.111258 0.071514
v -0.336037 1.084258 0.074101
v -0.340096 1.092258 0.066055
v -0.327178 1.092258 0.072454
v -0.336037 1.119258 0.074101
v -0.327178 1.111258 0.072454
v -0.340096 1.111258 0.066055
v -0.294773 1.084258 0.127037
v -0.291013 1.092258 0.118848
v -0.287962 1.092258 0.132937
v -0.294773 1.119258 0.127037
v -0.287962 1.111258 0.132937
v -0.291013 1.111258 0.118848
v -0.310433 1.084258 0.192304
v -0.301686 1.092258 0.190138
v -0.310798 1.092258 0.201308
v -0.310433 1.119258 0.192304
v -0.310798 1.111258 0.201308
v -0.301686 1.111258 0.190138
v -0.268718 0.065053 0.318224
v -0.262001 0.073053 0.312718
v -0.265253 0.073053 0.326188
v -0.268718 1.216981 0.318224
v -0.265253 1.208981 0.326188
v -0.262001 1.208981 0.312718
v -0.340086 0.065053 0.393242
v -0.331960 0.073053 0.396307
v -0.345250 0.073053 0.400225
v -0.340086 1.216981 0.393242
v -0.345250 1.208981 0.400225
v -0.331960 1.208981 0.396307
v -0.440738 0.065053 0.368945
v -0.439329 0.073053 0.377515
v -0.449368 0.073053 0.367964
v -0.440738 1.216981 0.368945
v -0.449368 1.208981 0.367964
v -0.439329 1.208981 0.377515
v -0.470022 0.065053 0.269629
v -0.476739 0.073053 0.275135
v -0.473487 0.073053 0.261665
v -0.470022 1.216981 0.269629
v -0.473487 1.208981 0.261665
v -0.476739 1.208981 0.275135
v -0.398654 0.065053 0.194611
v -0.406780 0.073053 0.191546
v -0.393490 0.073053 0.187628
v -0.398654 1.216981 0.194611
v -0.393490 1.208981 0.187628
v -0.406780 1.208981 0.191546
v -0.298002 0.065053 0.218908
v -0.299412 0.073053 0.210338
v -0.289372 0.073053 0.219889
v -0.298002 1.216981 0.218908
v -0.289372 1.208981 0.219889
v -0.299412 1.208981 0.210338
v -0.372592 1.198534 0.400744
v -0.365488 1.206534 0.406287
v -0.379901 1.206534 0.406015
v -0.372592 1.233534 0.400744
v -0.379901 1.225534 0.406015
v -0.365488 1.225534 0.406287
v -0.456569 1.198534 0.358336
v -0.456473 1.206534 0.367347
v -0.465247 1.206534 0.355909
v -0.456569 1.233534 0.358336
v -0.465247 1.225534 0.355909
v -0.456473 1.225534 0.367347
v -0.475772 1.198534 0.266240
v -0.482757 1.206534 0.271933
v -0.479285 1.206534 0.257942
v -0.475772 1.233534 0.266240
v -0.479285 1.225534 0.257942
v -0.482757 1.225534 0.271933
v -0.415741 1.198534 0.193806
v -0.424547 1.206534 0.191894
v -0.411443 1.206534 0.185885
v -0.415741 1.233534 0.193806
v -0.411443 1.225534 0.185885
v -0.424547 1.225534 0.191894
v -0.321681 1.198534 0.195578
v -0.325677 1.206534 0.187501
v -0.312809 1.206534 0.193999
v -0.321681 1.233534 0.195578
v -0.312809 1.225534 0.193999
v -0.325677 1.225534 0.187501
v -0.264420 1.198534 0.270222
v -0.260597 1.206534 0.262062
v -0.257655 1.206534 0.276174
v -0.264420 1.233534 0.270222
v -0.257655 1.225534 0.276174
v -0.260597 1.225534 0.262062
v -0.287078 1.198534 0.361529
v -0.278315 1.206534 0.359431
v -0.287514 1.206534 0.370530
v -0.287078 1.233534 0.361529
v -0.287514 1.225534 0.370530
v -0.278315 1.225534 0.359431
v 0.515078 0.015257 -0.466838
v 0.515146 0.020790 -0.467847
v 0.527862 0.020627 -0.466731
v 0.520415 0.469682 -0.462048
v 0.520476 0.475187 -0.460897
v 0.533131 0.469518 -0.460933
v 0.514818 0.014126 -0.379006
v 0.527601 0.019495 -0.378899
v 0.514879 0.019631 -0.377854
v 0.520216 0.474056 -0.373065
v 0.520148 0.468523 -0.372056
v 0.532870 0.468387 -0.373100
v -0.519406 0.027437 -0.469747
v -0.532061 0.033106 -0.469712
v -0.519338 0.032970 -0.470756
v -0.514008 0.487367 -0.463806
v -0.514069 0.481862 -0.464958
v -0.526792 0.481998 -0.463913
v -0.519667 0.026306 -0.381915
v -0.519605 0.031811 -0.380764
v -0.532321 0.031975 -0.381879
v -0.514268 0.486236 -0.375974
v -0.527052 0.480866 -0.376081
v -0.514336 0.480703 -0.374965
v 0.516970 0.021236 0.369005
v 0.516947 0.026759 0.367940
v 0.529679 0.026779 0.368870
v 0.516177 0.475717 0.369157
v 0.516180 0.481234 0.370251
v 0.528909 0.475736 0.370086
v 0.518007 0.021000 0.456839
v 0.530717 0.026542 0.456703
v 0.518010 0.026517 0.457933
v 0.517217 0.480998 0.458085
v 0.517240 0.475475 0.459150
v 0.529946 0.475500 0.457920
v -0.517517 0.019428 0.381217
v -0.530245 0.024926 0.381382
v -0.517539 0.024951 0.380152
v -0.518306 0.479425 0.382463
v -0.518309 0.473908 0.381368
v -0.531016 0.473883 0.382598
v -0.516479 0.019192 0.469050
v -0.516476 0.024709 0.470145
v -0.529208 0.024689 0.469215
v -0.517269 0.479189 0.470297
v -0.529979 0.473647 0.470432
v -0.517247 0.473666 0.471362
v 0.537378 0.022520 -0.460200
v 0.537358 0.028110 -0.471446
v 0.538534 0.028024 -0.460176
v 0.543585 0.477018 -0.468690
v 0.543758 0.482467 -0.457377
v 0.544761 0.476932 -0.457420
v 0.545222 0.016779 0.457188
v 0.546379 0.022283 0.457213
v 0.545395 0.022228 0.468502
v 0.551603 0.476726 0.460012
v 0.551623 0.471136 0.471257
v 0.552606 0.471192 0.459969
v 0.449549 0.023733 -0.459442
v 0.448546 0.029268 -0.459398
v 0.449530 0.029323 -0.470687
v 0.455930 0.483680 -0.456618
v 0.455757 0.478232 -0.467931
v 0.454773 0.478176 -0.456642
v 0.457394 0.017992 0.457947
v 0.457567 0.023441 0.469260
v 0.456391 0.023527 0.457990
v 0.463774 0.477940 0.460771
v 0.462618 0.472435 0.460746
v 0.463794 0.472350 0.472016
v -0.460607 0.022504 -0.461502
v -0.460679 0.028093 -0.472748
v -0.459500 0.028018 -0.461478
v -0.458435 0.477039 -0.470021
v -0.458309 0.482490 -0.458708
v -0.457257 0.476964 -0.458751
v -0.452583 0.016891 0.455885
v -0.451476 0.022405 0.455909
v -0.452457 0.022341 0.467198
v -0.450285 0.476876 0.458680
v -0.450214 0.471288 0.469925
v -0.449233 0.471351 0.458637
v -0.548443 0.022938 -0.460732
v -0.549495 0.028463 -0.460689
v -0.548514 0.028527 -0.471977
v -0.546145 0.482924 -0.457937
v -0.546271 0.477473 -0.469250
v -0.547252 0.477409 -0.457961
v -0.540419 0.017325 0.456656
v -0.540293 0.022776 0.467969
v -0.541471 0.022850 0.456699
v -0.538121 0.477311 0.459451
v -0.539228 0.471796 0.459426
v -0.538049 0.471722 0.470696
v 0.567409 0.000358 -0.485090
v 0.567454 0.007777 -0.486860
v 0.569115 0.007792 -0.485162
v 0.569538 0.612848 -0.494250
v 0.569544 0.620308 -0.492661
v 0.571199 0.612863 -0.492552
v 0.565880 0.002032 -0.348468
v 0.567585 0.009466 -0.348540
v 0.565887 0.009492 -0.346879
v 0.568015 0.621982 -0.356040
v 0.567971 0.614563 -0.354270
v 0.569669 0.614537 -0.355930
v 0.430779 0.000810 -0.486625
v 0.429124 0.008255 -0.486734
v 0.430823 0.008229 -0.488395
v 0.432914 0.620760 -0.494196
v 0.432907 0.613300 -0.495785
v 0.431208 0.613326 -0.494124
v 0.429249 0.002484 -0.350003
v 0.429256 0.009944 -0.348414
v 0.427595 0.009929 -0.350113
v 0.431384 0.622434 -0.357575
v 0.429679 0.615000 -0.357503
v 0.431340 0.615015 -0.355805
v 0.566924 -0.001328 0.348161
v 0.566945 0.006123 0.346532
v 0.568629 0.006106 0.348209
v 0.568964 0.611226 0.350657
v 0.568992 0.618654 0.352387
v 0.570647 0.611209 0.352333
v 0.567187 -0.002260 0.484798
v 0.568892 0.005174 0.484845
v 0.567216 0.005168 0.486529
v 0.569256 0.617722 0.489024
v 0.569234 0.610271 0.490653
v 0.570911 0.610277 0.488970
v 0.430285 -0.000874 0.348428
v 0.428630 0.006571 0.348482
v 0.430306 0.006577 0.346799
v 0.432353 0.619108 0.352654
v 0.432325 0.611680 0.350923
v 0.430649 0.611674 0.352607
v 0.430548 -0.001806 0.485065
v 0.430577 0.005622 0.486796
v 0.428893 0.005639 0.485119
v 0.432617 0.618176 0.489291
v 0.430912 0.610742 0.489243
v 0.432595 0.610725 0.490920
v -0.428331 0.003320 -0.493602
v -0.428424 0.010778 -0.495199
v -0.426729 0.010777 -0.493534
v -0.434724 0.615828 -0.488476
v -0.434786 0.623248 -0.486713
v -0.433028 0.615827 -0.486811
v -0.427083 0.001815 -0.356976
v -0.425481 0.009272 -0.356908
v -0.427145 0.009236 -0.355213
v -0.433538 0.621743 -0.350087
v -0.433445 0.614286 -0.348490
v -0.431781 0.614322 -0.350185
v -0.564958 0.001884 -0.492370
v -0.566715 0.009306 -0.492272
v -0.565051 0.009342 -0.493967
v -0.571413 0.621812 -0.485481
v -0.571351 0.614392 -0.487244
v -0.573015 0.614355 -0.485549
v -0.563710 0.000379 -0.355744
v -0.563772 0.007799 -0.353981
v -0.565468 0.007800 -0.355646
v -0.570165 0.620307 -0.348855
v -0.571767 0.612850 -0.348923
v -0.570072 0.612849 -0.347258
v -0.431947 0.000054 0.355613
v -0.431909 0.007475 0.353850
v -0.430247 0.007490 0.355547
v -0.430264 0.612555 0.347065
v -0.430262 0.620013 0.348662
v -0.428603 0.612569 0.348763
v -0.433415 0.001590 0.492236
v -0.431715 0.009025 0.492171
v -0.433413 0.009049 0.493833
v -0.431730 0.621549 0.485285
v -0.431768 0.614128 0.487049
v -0.430070 0.614105 0.485387
v -0.568579 0.000409 0.354141
v -0.570239 0.007853 0.354040
v -0.568541 0.007830 0.352378
v -0.566894 0.620368 0.347190
v -0.566896 0.612910 0.345594
v -0.568594 0.612933 0.347255
v -0.570046 0.001945 0.490765
v -0.570044 0.009403 0.492361
v -0.571706 0.009389 0.490663
v -0.568361 0.621904 0.483814
v -0.570062 0.614469 0.483879
v -0.568400 0.614483 0.485577
vn -0.0626 -0.5601 0.8261
vn -0.0626 0.5601 0.8261
vn -0.6849 -0.5601 0.4661
vn -0.6849 0.5601 0.4661
vn -0.7914 -0.5601 -0.2449
vn -0.7914 0.5601 -0.2449
vn -0.3020 -0.5601 -0.7715
vn -0.3020 0.5601 -0.7715
vn 0.4149 -0.5601 -0.7171
vn 0.4149 0.5601 -0.7171
vn 0.8193 -0.5601 -0.1228
vn 0.8193 0.5601 -0.1228
vn 0.6068 -0.5601 0.5640
vn 0.6068 0.5601 0.5640
vn -0.3541 -0.7071 0.6121
vn -0.3541 0.7071 0.6121
vn -0.0756 -0.0000 0.9971
vn -0.8267 -0.0000 0.5626
vn -0.6993 -0.7071 0.1048
vn -0.6993 0.7071 0.1048
vn -0.9553 -0.0000 -0.2956
vn -0.5179 -0.7071 -0.4814
vn -0.5179 0.7071 -0.4814
vn -0.3645 -0.0000 -0.9312
vn 0.0535 -0.7071 -0.7051
vn 0.0535 0.7071 -0.7051
vn 0.5008 -0.0000 -0.8656
vn 0.5846 -0.7071 -0.3978
vn 0.5846 0.7071 -0.3978
vn 0.9890 -0.0000 -0.1482
vn 0.6755 -0.7071 0.2090
vn 0.6755 0.7071 0.2090
vn 0.7324 -0.0000 0.6808
vn 0.2578 -0.7071 0.6585
vn 0.2578 0.7071 0.6585
vn -0.0000 -1.0000 -0.0000
vn -0.5008 -0.0000 0.8656
vn 0.3645 -0.0000 0.9312
vn -0.0000 1.0000 -0.0000
vn -0.9890 -0.0000 0.1482
vn -0.7324 -0.0000 -0.6808
vn 0.0756 -0.0000 -0.9971
vn 0.8267 -0.0000 -0.5626
vn 0.9553 -0.0000 0.2956
vn 0.0173 -0.5601 0.8283
vn 0.0173 0.5601 0.8283
vn -0.6368 -0.5601 0.5299
vn -0.6368 0.5601 0.5299
vn -0.8114 -0.5601 -0.1674
vn -0.8114 0.5601 -0.1674
vn -0.3750 -0.5601 -0.7387
vn -0.3750 0.5601 -0.7387
vn 0.3438 -0.5601 -0.7538
vn 0.3438 0.5601 -0.7538
vn 0.8037 -0.5601 -0.2012
vn 0.8037 0.5601 -0.2012
vn 0.6584 -0.5601 0.5029
vn 0.6584 0.5601 0.5029
vn -0.2934 -0.7071 0.6433
vn -0.2934 0.7071 0.6434
vn 0.0209 -0.0000 0.9998
vn -0.7686 -0.0000 0.6397
vn -0.6859 -0.7071 0.1717
vn -0.6859 0.7071 0.1717
vn -0.9794 -0.0000 -0.2021
vn -0.5619 -0.7071 -0.4292
vn -0.5619 0.7071 -0.4292
vn -0.4526 -0.0000 -0.8917
vn -0.0148 -0.7071 -0.7070
vn -0.0148 0.7071 -0.7070
vn 0.4150 -0.0000 -0.9098
vn 0.5435 -0.7071 -0.4523
vn 0.5435 0.7071 -0.4523
vn 0.9701 -0.0000 -0.2428
vn 0.6925 -0.7071 0.1429
vn 0.6925 0.7071 0.1429
vn 0.7947 -0.0000 0.6070
vn 0.3200 -0.7071 0.6305
vn 0.3200 0.7071 0.6305
vn -0.4150 -0.0000 0.9098
vn 0.4526 -0.0000 0.8917
vn -0.9701 -0.0000 0.2428
vn -0.7947 -0.0000 -0.6070
vn -0.0209 -0.0000 -0.9998
vn 0.7686 -0.0000 -0.6397
vn 0.9794 -0.0000 0.2021
vn 0.7052 -0.5601 0.4347
vn 0.7053 0.5601 0.4347
vn 0.0999 -0.5601 0.8224
vn 0.0999 0.5601 0.8224
vn -0.5807 -0.5601 0.5908
vn -0.5807 0.5601 0.5908
vn -0.8240 -0.5601 -0.0856
vn -0.8240 0.5601 -0.0856
vn -0.4468 -0.5601 -0.6976
vn -0.4468 0.5601 -0.6976
vn 0.2669 -0.5601 -0.7843
vn 0.2669 0.5601 -0.7843
vn 0.7796 -0.5601 -0.2804
vn 0.7796 0.5601 -0.2804
vn 0.3814 -0.7071 0.5955
vn 0.3814 0.7071 0.5955
vn 0.8513 -0.0000 0.5247
vn 0.1205 -0.0000 0.9927
vn -0.2278 -0.7071 0.6694
vn -0.2278 0.7071 0.6694
vn -0.7010 -0.0000 0.7132
vn -0.6654 -0.7071 0.2393
vn -0.6654 0.7071 0.2393
vn -0.9946 -0.0000 -0.1034
vn -0.6019 -0.7071 -0.3710
vn -0.6019 0.7071 -0.3710
vn -0.5393 -0.0000 -0.8421
vn -0.0852 -0.7071 -0.7020
vn -0.0852 0.7071 -0.7019
vn 0.3221 -0.0000 -0.9467
vn 0.4957 -0.7071 -0.5043
vn 0.4957 0.7071 -0.5043
vn 0.9410 -0.0000 -0.3384
vn 0.7033 -0.7071 0.0731
vn 0.7033 0.7071 0.0731
vn 0.5393 -0.0000 0.8421
vn 0.9946 -0.0000 0.1034
vn -0.3221 -0.0000 0.9467
vn -0.9410 -0.0000 0.3384
vn -0.8513 -0.0000 -0.5247
vn -0.1205 -0.0000 -0.9927
vn 0.7010 -0.0000 -0.7132
vn 0.0049 -0.5601 0.8284
vn 0.0049 0.5601 0.8284
vn -0.6446 -0.5601 0.5204
vn -0.6446 0.5601 0.5204
vn -0.8088 -0.5601 -0.1795
vn -0.8088 0.5601 -0.1795
vn -0.3639 -0.5601 -0.7443
vn -0.3639 0.5601 -0.7443
vn 0.3550 -0.5601 -0.7485
vn 0.3550 0.5601 -0.7485
vn 0.8066 -0.5601 -0.1892
vn 0.8066 0.5601 -0.1892
vn 0.6508 -0.5601 0.5127
vn 0.6508 0.5601 0.5127
vn -0.3030 -0.7071 0.6389
vn -0.3030 0.7071 0.6389
vn 0.0060 -0.0000 1.0000
vn -0.7781 -0.0000 0.6281
vn -0.6884 -0.7071 0.1615
vn -0.6884 0.7071 0.1615
vn -0.9762 -0.0000 -0.2167
vn -0.5555 -0.7071 -0.4376
vn -0.5555 0.7071 -0.4376
vn -0.4392 -0.0000 -0.8984
vn -0.0042 -0.7071 -0.7071
vn -0.0042 0.7071 -0.7071
vn 0.4285 -0.0000 -0.9035
vn 0.5502 -0.7071 -0.4442
vn 0.5502 0.7071 -0.4442
vn 0.9736 -0.0000 -0.2283
vn 0.6903 -0.7071 0.1532
vn 0.6903 0.7071 0.1532
vn 0.7855 -0.0000 0.6188
vn 0.3106 -0.7071 0.6352
vn 0.3106 0.7071 0.6352
vn -0.4285 -0.0000 0.9035
vn 0.4392 -0.0000 0.8984
vn -0.9736 -0.0000 0.2283
vn -0.7855 -0.0000 -0.6188
vn -0.0060 -0.0000 -1.0000
vn 0.7781 -0.0000 -0.6281
vn 0.9762 -0.0000 0.2167
vn 0.3305 -0.5774 0.7466
vn 0.3305 0.5774 0.7466
vn -0.7466 -0.5774 0.3305
vn -0.7466 0.5774 0.3305
vn -0.3305 -0.5773 -0.7466
vn -0.3305 0.5774 -0.7466
vn 0.7466 -0.5773 -0.3305
vn 0.7466 0.5774 -0.3305
vn -0.2548 -0.7071 0.6596
vn -0.2548 0.7071 0.6596
vn 0.4048 -0.0000 0.9144
vn -0.9144 -0.0000 0.4048
vn -0.6596 -0.7071 -0.2548
vn -0.6596 0.7071 -0.2548
vn -0.4048 -0.0000 -0.9144
vn 0.2548 -0.7071 -0.6596
vn 0.2548 0.7071 -0.6596
vn 0.9144 -0.0000 -0.4048
vn 0.6596 -0.7071 0.2548
vn 0.6596 0.7071 0.2548
vn -0.3604 -0.0000 0.9328
vn 0.9328 -0.0000 0.3604
vn -0.9328 -0.0000 -0.3604
vn 0.3604 -0.0000 -0.9328
vn 0.0151 -0.5601 0.8283
vn 0.0151 0.5601 0.8283
vn -0.6382 -0.5601 0.5282
vn -0.6382 0.5601 0.5282
vn -0.8109 -0.5601 -0.1696
vn -0.8109 0.5601 -0.1696
vn -0.3730 -0.5601 -0.7398
vn -0.3730 0.5601 -0.7398
vn 0.3458 -0.5601 -0.7528
vn 0.3458 0.5601 -0.7528
vn 0.8042 -0.5601 -0.1990
vn 0.8042 0.5601 -0.1990
vn 0.6570 -0.5601 0.5047
vn 0.6570 0.5601 0.5047
vn -0.2952 -0.7071 0.6425
vn -0.2952 0.7071 0.6426
vn 0.0182 -0.0000 0.9998
vn -0.7704 -0.0000 0.6376
vn -0.6864 -0.7071 0.1698
vn -0.6864 0.7071 0.1698
vn -0.9788 -0.0000 -0.2048
vn -0.5607 -0.7071 -0.4308
vn -0.5608 0.7071 -0.4308
vn -0.4502 -0.0000 -0.8929
vn -0.0129 -0.7071 -0.7070
vn -0.0129 0.7071 -0.7070
vn 0.4174 -0.0000 -0.9087
vn 0.5447 -0.7071 -0.4508
vn 0.5447 0.7071 -0.4508
vn 0.9707 -0.0000 -0.2402
vn 0.6921 -0.7071 0.1448
vn 0.6921 0.7071 0.1448
vn 0.7930 -0.0000 0.6092
vn 0.3183 -0.7071 0.6314
vn 0.3183 0.7071 0.6314
vn -0.4174 -0.0000 0.9087
vn 0.4502 -0.0000 0.8929
vn -0.9707 -0.0000 0.2402
vn -0.7930 -0.0000 -0.6092
vn -0.0182 -0.0000 -0.9998
vn 0.7704 -0.0000 -0.6376
vn 0.9788 -0.0000 0.2048
vn 0.2062 -0.5773 0.7900
vn 0.2062 0.5773 0.7900
vn -0.7900 -0.5774 0.2062
vn -0.7900 0.5773 0.2062
vn -0.2062 -0.5773 -0.7900
vn -0.2062 0.5773 -0.7900
vn 0.7900 -0.5774 -0.2062
vn 0.7900 0.5773 -0.2062
vn -0.3575 -0.7071 0.6101
vn -0.3575 0.7071 0.6101
vn 0.2525 -0.0000 0.9676
vn -0.9676 -0.0000 0.2525
vn -0.6101 -0.7071 -0.3575
vn -0.6101 0.7071 -0.3575
vn -0.2525 -0.0000 -0.9676
vn 0.3575 -0.7071 -0.6101
vn 0.3575 0.7071 -0.6101
vn 0.9676 -0.0000 -0.2525
vn 0.6101 -0.7071 0.3575
vn 0.6101 0.7071 0.3575
vn -0.5056 -0.0000 0.8628
vn 0.8628 -0.0000 0.5056
vn -0.8628 -0.0000 -0.5056
vn 0.5056 -0.0000 -0.8628
vn -0.0125 -0.5601 0.8284
vn -0.0125 0.5601 0.8284
vn -0.6554 -0.5601 0.5067
vn -0.6554 0.5601 0.5067
vn -0.8048 -0.5601 -0.1965
vn -0.8048 0.5601 -0.1965
vn -0.3482 -0.5601 -0.7517
vn -0.3482 0.5601 -0.7517
vn 0.3706 -0.5601 -0.7409
vn 0.3706 0.5601 -0.7409
vn 0.8104 -0.5601 -0.1722
vn 0.8104 0.5601 -0.1722
vn 0.6399 -0.5601 0.5262
vn 0.6399 0.5601 0.5262
vn -0.3164 -0.7071 0.6324
vn -0.3164 0.7071 0.6324
vn -0.0151 -0.0000 0.9999
vn -0.7911 -0.0000 0.6117
vn -0.6917 -0.7071 0.1470
vn -0.6917 0.7071 0.1470
vn -0.9715 -0.0000 -0.2372
vn -0.5461 -0.7071 -0.4491
vn -0.5461 0.7071 -0.4491
vn -0.4203 -0.0000 -0.9074
vn 0.0106 -0.7071 -0.7070
vn 0.0106 0.7071 -0.7070
vn 0.4474 -0.0000 -0.8943
vn 0.5594 -0.7071 -0.4325
vn 0.5594 0.7071 -0.4325
vn 0.9782 -0.0000 -0.2078
vn 0.6869 -0.7071 0.1677
vn 0.6869 0.7071 0.1677
vn 0.7724 -0.0000 0.6352
vn 0.2972 -0.7071 0.6416
vn 0.2972 0.7071 0.6416
vn -0.4474 -0.0000 0.8943
vn 0.4203 -0.0000 0.9074
vn -0.9782 -0.0000 0.2078
vn -0.7724 -0.0000 -0.6352
vn 0.0150 -0.0000 -0.9999
vn 0.7911 -0.0000 -0.6117
vn 0.9715 -0.0000 0.2372
vn 0.7560 -0.5773 0.3084
vn 0.7560 0.5773 0.3084
vn -0.3084 -0.5774 0.7560
vn -0.3084 0.5774 0.7560
vn -0.7560 -0.5774 -0.3084
vn -0.7560 0.5773 -0.3084
vn 0.3084 -0.5774 -0.7560
vn 0.3084 0.5773 -0.7560
vn 0.2741 -0.7071 0.6518
vn 0.2741 0.7071 0.6518
vn 0.9259 -0.0000 0.3777
vn -0.3777 -0.0000 0.9259
vn -0.6518 -0.7071 0.2741
vn -0.6518 0.7071 0.2741
vn -0.9259 -0.0000 -0.3777
vn -0.2741 -0.7071 -0.6518
vn -0.2741 0.7071 -0.6518
vn 0.3777 -0.0000 -0.9259
vn 0.6518 -0.7071 -0.2741
vn 0.6518 0.7071 -0.2741
vn 0.3877 -0.0000 0.9218
vn 0.9218 -0.0000 -0.3877
vn -0.9218 -0.0000 0.3877
vn -0.3877 -0.0000 -0.9218
vn -0.0076 -0.5601 0.8284
vn -0.0076 0.5601 0.8284
vn -0.6524 -0.5601 0.5106
vn -0.6524 0.5601 0.5106
vn -0.8060 -0.5601 -0.1917
vn -0.8060 0.5601 -0.1917
vn -0.3526 -0.5601 -0.7497
vn -0.3526 0.5601 -0.7497
vn 0.3663 -0.5601 -0.7431
vn 0.3663 0.5601 -0.7431
vn 0.8093 -0.5601 -0.1770
vn 0.8093 0.5601 -0.1770
vn 0.6430 -0.5601 0.5224
vn 0.6430 0.5601 0.5224
vn -0.3126 -0.7071 0.6342
vn -0.3126 0.7071 0.6342
vn -0.0091 -0.0000 1.0000
vn -0.7875 -0.0000 0.6163
vn -0.6908 -0.7071 0.1510
vn -0.6908 0.7071 0.1510
vn -0.9729 -0.0000 -0.2314
vn -0.5488 -0.7071 -0.4459
vn -0.5488 0.7071 -0.4459
vn -0.4256 -0.0000 -0.9049
vn 0.0065 -0.7071 -0.7071
vn 0.0065 0.7071 -0.7071
vn 0.4421 -0.0000 -0.8970
vn 0.5568 -0.7071 -0.4358
vn 0.5568 0.7071 -0.4358
vn 0.9769 -0.0000 -0.2136
vn 0.6879 -0.7071 0.1636
vn 0.6879 0.7071 0.1636
vn 0.7761 -0.0000 0.6306
vn 0.3010 -0.7071 0.6399
vn 0.3010 0.7071 0.6399
vn -0.4421 -0.0000 0.8970
vn 0.4256 -0.0000 0.9049
vn -0.9769 -0.0000 0.2136
vn -0.7761 -0.0000 -0.6306
vn 0.0091 -0.0000 -1.0000
vn 0.7875 -0.0000 -0.6163
vn 0.9729 -0.0000 0.2314
vn 0.5053 -0.5773 0.6414
vn 0.5053 0.5774 0.6414
vn -0.6414 -0.5774 0.5053
vn -0.6413 0.5774 0.5053
vn -0.5053 -0.5774 -0.6414
vn -0.5053 0.5774 -0.6414
vn 0.6414 -0.5774 -0.5053
vn 0.6414 0.5774 -0.5053
vn -0.0833 -0.7071 0.7022
vn -0.0833 0.7071 0.7022
vn 0.6189 -0.0000 0.7855
vn -0.7855 -0.0000 0.6189
vn -0.7022 -0.7071 -0.0833
vn -0.7022 0.7071 -0.0833
vn -0.6189 -0.0000 -0.7855
vn 0.0833 -0.7071 -0.7022
vn 0.0833 0.7071 -0.7022
vn 0.7855 -0.0000 -0.6189
vn 0.7022 -0.7071 0.0833
vn 0.7022 0.7071 0.0833
vn -0.1178 -0.0000 0.9930
vn 0.9930 -0.0000 0.1178
vn -0.9930 -0.0000 -0.1178
vn 0.1178 -0.0000 -0.9930
vn 0.0161 -0.5601 0.8283
vn 0.0161 0.5601 0.8283
vn -0.6376 -0.5601 0.5290
vn -0.6376 0.5601 0.5290
vn -0.8111 -0.5601 -0.1686
vn -0.8111 0.5601 -0.1686
vn -0.3739 -0.5601 -0.7393
vn -0.3739 0.5601 -0.7393
vn 0.3449 -0.5601 -0.7533
vn 0.3449 0.5601 -0.7533
vn 0.8039 -0.5601 -0.2000
vn 0.8039 0.5601 -0.2000
vn 0.6576 -0.5601 0.5039
vn 0.6576 0.5601 0.5038
vn -0.2944 -0.7071 0.6429
vn -0.2944 0.7071 0.6429
vn 0.0194 -0.0000 0.9998
vn -0.7696 -0.0000 0.6386
vn -0.6862 -0.7071 0.1707
vn -0.6862 0.7071 0.1707
vn -0.9791 -0.0000 -0.2035
vn -0.5613 -0.7071 -0.4300
vn -0.5613 0.7071 -0.4300
vn -0.4513 -0.0000 -0.8924
vn -0.0137 -0.7071 -0.7070
vn -0.0137 0.7071 -0.7070
vn 0.4163 -0.0000 -0.9092
vn 0.5442 -0.7071 -0.4515
vn 0.5442 0.7071 -0.4515
vn 0.9704 -0.0000 -0.2414
vn 0.6923 -0.7071 0.1439
vn 0.6923 0.7071 0.1439
vn 0.7938 -0.0000 0.6082
vn 0.3191 -0.7071 0.6310
vn 0.3191 0.7071 0.6310
vn -0.4163 -0.0000 0.9092
vn 0.4513 -0.0000 0.8924
vn -0.9704 -0.0000 0.2414
vn -0.7938 -0.0000 -0.6082
vn -0.0194 -0.0000 -0.9998
vn 0.7696 -0.0000 -0.6386
vn 0.9791 -0.0000 0.2035
vn 0.2122 -0.5774 0.7884
vn 0.2122 0.5773 0.7884
vn -0.7884 -0.5774 0.2122
vn -0.7884 0.5774 0.2122
vn -0.2122 -0.5774 -0.7884
vn -0.2122 0.5774 -0.7884
vn 0.7884 -0.5774 -0.2122
vn 0.7884 0.5773 -0.2122
vn -0.3529 -0.7071 0.6128
vn -0.3529 0.7071 0.6128
vn 0.2599 -0.0000 0.9656
vn -0.9656 -0.0000 0.2599
vn -0.6128 -0.7071 -0.3529
vn -0.6128 0.7071 -0.3529
vn -0.2599 -0.0000 -0.9656
vn 0.3529 -0.7071 -0.6128
vn 0.3529 0.7071 -0.6128
vn 0.9656 -0.0000 -0.2599
vn 0.6128 -0.7071 0.3529
vn 0.6128 0.7071 0.3529
vn -0.4990 -0.0000 0.8666
vn 0.8666 -0.0000 0.4990
vn -0.8666 -0.0000 -0.4990
vn 0.4990 -0.0000 -0.8666
vn 0.0107 -0.5601 0.8284
vn 0.0107 0.5601 0.8284
vn -0.6410 -0.5601 0.5249
vn -0.6410 0.5601 0.5249
vn -0.8100 -0.5601 -0.1739
vn -0.8100 0.5601 -0.1739
vn -0.3691 -0.5601 -0.7417
vn -0.3691 0.5601 -0.7417
vn 0.3498 -0.5601 -0.7510
vn 0.3498 0.5601 -0.7510
vn 0.8052 -0.5601 -0.1948
vn 0.8052 0.5601 -0.1948
vn 0.6543 -0.5601 0.5081
vn 0.6543 0.5601 0.5081
vn -0.2985 -0.7071 0.6410
vn -0.2985 0.7071 0.6410
vn 0.0129 -0.0000 0.9999
vn -0.7737 -0.0000 0.6336
vn -0.6873 -0.7071 0.1663
vn -0.6873 0.7071 0.1663
vn -0.9777 -0.0000 -0.2099
vn -0.5585 -0.7071 -0.4337
vn -0.5585 0.7071 -0.4337
vn -0.4455 -0.0000 -0.8953
vn -0.0092 -0.7071 -0.7070
vn -0.0092 0.7071 -0.7070
vn 0.4222 -0.0000 -0.9065
vn 0.5471 -0.7071 -0.4480
vn 0.5471 0.7071 -0.4480
vn 0.9720 -0.0000 -0.2351
vn 0.6914 -0.7071 0.1484
vn 0.6914 0.7071 0.1484
vn 0.7898 -0.0000 0.6133
vn 0.3150 -0.7071 0.6331
vn 0.3150 0.7071 0.6331
vn -0.4222 -0.0000 0.9065
vn 0.4455 -0.0000 0.8953
vn -0.9720 -0.0000 0.2351
vn -0.7898 -0.0000 -0.6133
vn -0.0129 -0.0000 -0.9999
vn 0.7737 -0.0000 -0.6336
vn 0.9777 -0.0000 0.2099
vn 0.7507 -0.5601 0.3505
vn 0.7507 0.5601 0.3505
vn 0.1940 -0.5601 0.8054
vn 0.1940 0.5601 0.8054
vn -0.5087 -0.5601 0.6539
vn -0.5087 0.5601 0.6538
vn -0.8284 -0.5601 0.0099
vn -0.8284 0.5601 0.0099
vn -0.5243 -0.5601 -0.6415
vn -0.5243 0.5601 -0.6415
vn 0.1747 -0.5601 -0.8098
vn 0.1747 0.5601 -0.8098
vn 0.7420 -0.5601 -0.3684
vn 0.7420 0.5601 -0.3684
vn 0.4475 -0.7071 0.5475
vn 0.4475 0.7071 0.5475
vn 0.9061 -0.0000 0.4231
vn 0.2342 -0.0000 0.9722
vn -0.1491 -0.7071 0.6912
vn -0.1491 0.7071 0.6912
vn -0.6141 -0.0000 0.7892
vn -0.6334 -0.7071 0.3144
vn -0.6334 0.7071 0.3144
vn -0.9999 -0.0000 0.0120
vn -0.6407 -0.7071 -0.2991
vn -0.6407 0.7071 -0.2991
vn -0.6328 -0.0000 -0.7743
vn -0.1656 -0.7071 -0.6874
vn -0.1656 0.7071 -0.6874
vn 0.2108 -0.0000 -0.9775
vn 0.4342 -0.7071 -0.5581
vn 0.4342 0.7071 -0.5581
vn 0.8957 -0.0000 -0.4447
vn 0.7071 -0.7071 -0.0085
vn 0.7070 0.7071 -0.0085
vn 0.6328 -0.0000 0.7743
vn 0.9999 -0.0000 -0.0120
vn -0.2108 -0.0000 0.9775
vn -0.8957 -0.0000 0.4447
vn -0.9061 -0.0000 -0.4231
vn -0.2342 -0.0000 -0.9722
vn 0.6141 -0.0000 -0.7892
vn 0.0141 -0.5601 0.8283
vn 0.0141 0.5601 0.8283
vn -0.6388 -0.5601 0.5275
vn -0.6388 0.5601 0.5275
vn -0.8107 -0.5601 -0.1705
vn -0.8107 0.5601 -0.1705
vn -0.3721 -0.5601 -0.7402
vn -0.3721 0.5601 -0.7402
vn 0.3467 -0.5601 -0.7524
vn 0.3467 0.5601 -0.7524
vn 0.8044 -0.5601 -0.1981
vn 0.8044 0.5600 -0.1981
vn 0.6564 -0.5601 0.5054
vn 0.6564 0.5601 0.5054
vn -0.2959 -0.7071 0.6422
vn -0.2959 0.7071 0.6422
vn 0.0171 -0.0000 0.9999
vn -0.7711 -0.0000 0.6367
vn -0.6866 -0.7071 0.1691
vn -0.6866 0.7071 0.1691
vn -0.9786 -0.0000 -0.2059
vn -0.5603 -0.7071 -0.4314
vn -0.5603 0.7071 -0.4314
vn -0.4492 -0.0000 -0.8934
vn -0.0121 -0.7071 -0.7070
vn -0.0121 0.7071 -0.7070
vn 0.4185 -0.0000 -0.9082
vn 0.5452 -0.7071 -0.4502
vn 0.5452 0.7071 -0.4502
vn 0.9710 -0.0000 -0.2391
vn 0.6920 -0.7071 0.1456
vn 0.6920 0.7071 0.1456
vn 0.7924 -0.0000 0.6101
vn 0.3176 -0.7071 0.6318
vn 0.3176 0.7071 0.6318
vn -0.4185 -0.0000 0.9082
vn 0.4492 -0.0000 0.8934
vn -0.9710 -0.0000 0.2391
vn -0.7923 -0.0000 -0.6101
vn -0.0171 -0.0000 -0.9999
vn 0.7711 -0.0000 -0.6367
vn 0.9786 -0.0000 0.2059
vn 0.5503 -0.5601 0.6192
vn 0.5503 0.5601 0.6192
vn -0.1410 -0.5601 0.8164
vn -0.1410 0.5601 0.8164
vn -0.7262 -0.5601 0.3987
vn -0.7262 0.5601 0.3987
vn -0.7645 -0.5601 -0.3191
vn -0.7645 0.5601 -0.3191
vn -0.2272 -0.5601 -0.7967
vn -0.2272 0.5601 -0.7967
vn 0.4813 -0.5601 -0.6743
vn 0.4813 0.5601 -0.6743
vn 0.8273 -0.5601 -0.0442
vn 0.8273 0.5600 -0.0442
vn 0.1939 -0.7071 0.6800
vn 0.1939 0.7071 0.6800
vn 0.6643 -0.0000 0.7475
vn -0.1702 -0.0000 0.9854
vn -0.4108 -0.7071 0.5756
vn -0.4108 0.7071 0.5756
vn -0.8765 -0.0000 0.4813
vn -0.7061 -0.7071 0.0377
vn -0.7061 0.7071 0.0377
vn -0.9228 -0.0000 -0.3852
vn -0.4697 -0.7071 -0.5285
vn -0.4697 0.7071 -0.5285
vn -0.2742 -0.0000 -0.9617
vn 0.1204 -0.7071 -0.6968
vn 0.1204 0.7071 -0.6968
vn 0.5809 -0.0000 -0.8140
vn 0.6198 -0.7071 -0.3403
vn 0.6198 0.7071 -0.3403
vn 0.9986 -0.0000 -0.0533
vn 0.6525 -0.7071 0.2724
vn 0.6525 0.7071 0.2724
vn 0.2742 -0.0000 0.9617
vn 0.9228 -0.0000 0.3852
vn -0.5809 -0.0000 0.8140
vn -0.9986 -0.0000 0.0533
vn -0.6643 -0.0000 -0.7475
vn 0.1702 -0.0000 -0.9854
vn 0.8765 -0.0000 -0.4813
vn 0.0078 -0.5601 0.8284
vn 0.0078 0.5601 0.8284
vn -0.6428 -0.5601 0.5226
vn -0.6428 0.5601 0.5226
vn -0.8094 -0.5601 -0.1768
vn -0.8094 0.5601 -0.1768
vn -0.3664 -0.5601 -0.7430
vn -0.3664 0.5601 -0.7430
vn 0.3524 -0.5601 -0.7497
vn 0.3525 0.5601 -0.7497
vn 0.8059 -0.5601 -0.1919
vn 0.8059 0.5600 -0.1919
vn 0.6525 -0.5601 0.5104
vn 0.6525 0.5601 0.5104
vn -0.3008 -0.7071 0.6399
vn -0.3008 0.7071 0.6399
vn 0.0094 -0.0000 1.0000
vn -0.7760 -0.0000 0.6308
vn -0.6879 -0.7071 0.1638
vn -0.6879 0.7071 0.1638
vn -0.9770 -0.0000 -0.2134
vn -0.5569 -0.7071 -0.4357
vn -0.5569 0.7071 -0.4357
vn -0.4423 -0.0000 -0.8969
vn -0.0066 -0.7071 -0.7071
vn -0.0066 0.7071 -0.7071
vn 0.4254 -0.0000 -0.9050
vn 0.5487 -0.7071 -0.4460
vn 0.5487 0.7071 -0.4460
vn 0.9728 -0.0000 -0.2316
vn 0.6908 -0.7071 0.1509
vn 0.6908 0.7071 0.1509
vn 0.7876 -0.0000 0.6161
vn 0.3128 -0.7071 0.6342
vn 0.3128 0.7071 0.6342
vn -0.4254 -0.0000 0.9050
vn 0.4423 -0.0000 0.8969
vn -0.9728 -0.0000 0.2316
vn -0.7876 -0.0000 -0.6161
vn -0.0094 -0.0000 -1.0000
vn 0.7760 -0.0000 -0.6308
vn 0.9770 -0.0000 0.2134
vn 0.1374 -0.5477 0.8253
vn 0.1374 0.5477 0.8253
vn -0.6460 -0.5477 0.5316
vn -0.6460 0.5478 0.5316
vn -0.7834 -0.5477 -0.2937
vn -0.7834 0.5478 -0.2937
vn -0.1374 -0.5477 -0.8253
vn -0.1374 0.5477 -0.8253
vn 0.6460 -0.5477 -0.5316
vn 0.6460 0.5478 -0.5316
vn 0.7834 -0.5477 0.2937
vn 0.7834 0.5478 0.2937
vn -0.2482 -0.7071 0.6621
vn -0.2482 0.7071 0.6621
vn 0.1642 -0.0000 0.9864
vn -0.7722 -0.0000 0.6354
vn -0.6975 -0.7071 0.1161
vn -0.6975 0.7071 0.1161
vn -0.9364 -0.0000 -0.3510
vn -0.4493 -0.7071 -0.5460
vn -0.4493 0.7071 -0.5460
vn -0.1642 -0.0000 -0.9864
vn 0.2482 -0.7071 -0.6621
vn 0.2482 0.7071 -0.6621
vn 0.7722 -0.0000 -0.6354
vn 0.6975 -0.7071 -0.1161
vn 0.6975 0.7071 -0.1161
vn 0.9364 -0.0000 0.3510
vn 0.4493 -0.7071 0.5460
vn 0.4493 0.7071 0.5460
vn -0.3510 -0.0000 0.9364
vn 0.6354 -0.0000 0.7722
vn -0.9864 -0.0000 0.1642
vn -0.6354 -0.0000 -0.7722
vn 0.3510 -0.0000 -0.9364
vn 0.9864 -0.0000 -0.1642
vn 0.0076 -0.5601 0.8284
vn 0.0076 0.5601 0.8284
vn -0.6429 -0.5601 0.5225
vn -0.6430 0.5601 0.5224
vn -0.8093 -0.5601 -0.1769
vn -0.8093 0.5601 -0.1769
vn -0.3663 -0.5601 -0.7431
vn -0.3663 0.5601 -0.7431
vn 0.3526 -0.5601 -0.7497
vn 0.3526 0.5601 -0.7497
vn 0.8059 -0.5601 -0.1917
vn 0.8060 0.5601 -0.1917
vn 0.6524 -0.5601 0.5106
vn 0.6524 0.5601 0.5106
vn -0.3009 -0.7071 0.6399
vn -0.3009 0.7071 0.6399
vn 0.0092 -0.0000 1.0000
vn -0.7761 -0.0000 0.6306
vn -0.6879 -0.7071 0.1637
vn -0.6879 0.7071 0.1637
vn -0.9769 -0.0000 -0.2136
vn -0.5569 -0.7071 -0.4358
vn -0.5569 0.7071 -0.4358
vn -0.4421 -0.0000 -0.8969
vn -0.0065 -0.7071 -0.7071
vn -0.0065 0.7071 -0.7071
vn 0.4256 -0.0000 -0.9049
vn 0.5488 -0.7071 -0.4459
vn 0.5488 0.7071 -0.4459
vn 0.9728 -0.0000 -0.2315
vn 0.6908 -0.7071 0.1510
vn 0.6908 0.7071 0.1510
vn 0.7875 -0.0000 0.6163
vn 0.3126 -0.7071 0.6342
vn 0.3126 0.7071 0.6342
vn -0.4256 -0.0000 0.9049
vn 0.4421 -0.0000 0.8970
vn -0.9728 -0.0000 0.2315
vn -0.7875 -0.0000 -0.6163
vn -0.0092 -0.0000 -1.0000
vn 0.7761 -0.0000 -0.6306
vn 0.9769 -0.0000 0.2136
vn 0.7919 -0.5478 0.2700
vn 0.7919 0.5478 0.2700
vn 0.1621 -0.5477 0.8208
vn 0.1621 0.5477 0.8208
vn -0.6298 -0.5478 0.5508
vn -0.6298 0.5478 0.5508
vn -0.7919 -0.5478 -0.2700
vn -0.7919 0.5478 -0.2700
vn -0.1621 -0.5478 -0.8208
vn -0.1621 0.5478 -0.8208
vn 0.6298 -0.5478 -0.5508
vn 0.6298 0.5478 -0.5508
vn 0.4655 -0.7071 0.5323
vn 0.4655 0.7071 0.5323
vn 0.9465 -0.0000 0.3227
vn 0.1937 -0.0000 0.9811
vn -0.2282 -0.7071 0.6693
vn -0.2282 0.7071 0.6693
vn -0.7527 -0.0000 0.6583
vn -0.6937 -0.7071 0.1370
vn -0.6937 0.7071 0.1370
vn -0.9465 -0.0000 -0.3227
vn -0.4655 -0.7071 -0.5323
vn -0.4655 0.7071 -0.5323
vn -0.1937 -0.0000 -0.9811
vn 0.2282 -0.7071 -0.6693
vn 0.2282 0.7071 -0.6693
vn 0.7527 -0.0000 -0.6583
vn 0.6937 -0.7071 -0.1370
vn 0.6937 0.7071 -0.1370
vn 0.6583 -0.0000 0.7528
vn 0.9811 -0.0000 -0.1937
vn -0.3227 -0.0000 0.9465
vn -0.9811 -0.0000 0.1937
vn -0.6583 -0.0000 -0.7528
vn 0.3227 -0.0000 -0.9465
vn 0.0017 -0.5601 0.8284
vn 0.0017 0.5601 0.8284
vn -0.6467 -0.5601 0.5178
vn -0.6467 0.5601 0.5178
vn -0.8081 -0.5601 -0.1827
vn -0.8080 0.5601 -0.1827
vn -0.3610 -0.5601 -0.7457
vn -0.3610 0.5601 -0.7457
vn 0.3579 -0.5601 -0.7471
vn 0.3579 0.5601 -0.7471
vn 0.8073 -0.5601 -0.1860
vn 0.8073 0.5601 -0.1860
vn 0.6487 -0.5601 0.5152
vn 0.6487 0.5601 0.5152
vn -0.3055 -0.7071 0.6377
vn -0.3055 0.7071 0.6377
vn 0.0020 -0.0000 1.0000
vn -0.7806 -0.0000 0.6251
vn -0.6891 -0.7071 0.1587
vn -0.6891 0.7071 0.1587
vn -0.9754 -0.0000 -0.2205
vn -0.5537 -0.7071 -0.4398
vn -0.5537 0.7071 -0.4398
vn -0.4357 -0.0000 -0.9001
vn -0.0014 -0.7071 -0.7071
vn -0.0014 0.7071 -0.7071
vn 0.4321 -0.0000 -0.9018
vn 0.5519 -0.7071 -0.4420
vn 0.5519 0.7071 -0.4420
vn 0.9745 -0.0000 -0.2245
vn 0.6897 -0.7071 0.1560
vn 0.6897 0.7071 0.1560
vn 0.7831 -0.0000 0.6219
vn 0.3081 -0.7071 0.6365
vn 0.3081 0.7071 0.6365
vn -0.4321 -0.0000 0.9018
vn 0.4357 -0.0000 0.9001
vn -0.9745 -0.0000 0.2245
vn -0.7831 -0.0000 -0.6219
vn -0.0020 -0.0000 -1.0000
vn 0.7806 -0.0000 -0.6251
vn 0.9754 -0.0000 0.2205
vn 0.5182 -0.5774 0.6310
vn 0.5182 0.5773 0.6310
vn -0.6310 -0.5773 0.5182
vn -0.6310 0.5774 0.5182
vn -0.5182 -0.5773 -0.6310
vn -0.5182 0.5774 -0.6310
vn 0.6310 -0.5773 -0.5182
vn 0.6310 0.5773 -0.5182
vn -0.0691 -0.7071 0.7037
vn -0.0691 0.7071 0.7037
vn 0.6346 -0.0000 0.7728
vn -0.7728 -0.0000 0.6346
vn -0.7037 -0.7071 -0.0691
vn -0.7037 0.7071 -0.0691
vn -0.6346 -0.0000 -0.7728
vn 0.0691 -0.7071 -0.7037
vn 0.0691 0.7071 -0.7037
vn 0.7728 -0.0000 -0.6346
vn 0.7037 -0.7071 0.0691
vn 0.7037 0.7071 0.0691
vn -0.0977 -0.0000 0.9952
vn 0.9952 -0.0000 0.0977
vn -0.9952 -0.0000 -0.0977
vn 0.0977 -0.0000 -0.9952
vn 0.0120 -0.5601 0.8284
vn 0.0120 0.5601 0.8284
vn -0.6402 -0.5601 0.5258
vn -0.6402 0.5601 0.5258
vn -0.8103 -0.5601 -0.1727
vn -0.8103 0.5601 -0.1727
vn -0.3702 -0.5601 -0.7411
vn -0.3702 0.5601 -0.7411
vn 0.3486 -0.5601 -0.7515
vn 0.3486 0.5601 -0.7515
vn 0.8049 -0.5601 -0.1960
vn 0.8049 0.5601 -0.1960
vn 0.6551 -0.5601 0.5071
vn 0.6551 0.5601 0.5071
vn -0.2976 -0.7071 0.6414
vn -0.2976 0.7071 0.6414
vn 0.0144 -0.0000 0.9999
vn -0.7727 -0.0000 0.6347
vn -0.6870 -0.7071 0.1673
vn -0.6870 0.7071 0.1673
vn -0.9780 -0.0000 -0.2084
vn -0.5591 -0.7071 -0.4328
vn -0.5591 0.7071 -0.4328
vn -0.4468 -0.0000 -0.8946
vn -0.0102 -0.7071 -0.7070
vn -0.0102 0.7071 -0.7070
vn 0.4208 -0.0000 -0.9071
vn 0.5464 -0.7071 -0.4488
vn 0.5464 0.7071 -0.4488
vn 0.9716 -0.0000 -0.2366
vn 0.6916 -0.7071 0.1474
vn 0.6916 0.7071 0.1474
vn 0.7908 -0.0000 0.6121
vn 0.3160 -0.7071 0.6326
vn 0.3160 0.7071 0.6326
vn -0.4208 -0.0000 0.9071
vn 0.4468 -0.0000 0.8946
vn -0.9716 -0.0000 0.2366
vn -0.7908 -0.0000 -0.6121
vn -0.0144 -0.0000 -0.9999
vn 0.7727 -0.0000 -0.6347
vn 0.9780 -0.0000 0.2084
vn 0.3105 -0.5774 0.7552
vn 0.3105 0.5774 0.7552
vn -0.7552 -0.5774 0.3105
vn -0.7552 0.5773 0.3105
vn -0.3105 -0.5773 -0.7552
vn -0.3105 0.5773 -0.7552
vn 0.7552 -0.5773 -0.3105
vn 0.7552 0.5773 -0.3105
vn -0.2723 -0.7071 0.6526
vn -0.2723 0.7071 0.6526
vn 0.3802 -0.0000 0.9249
vn -0.9249 -0.0000 0.3802
vn -0.6526 -0.7071 -0.2723
vn -0.6526 0.7071 -0.2723
vn -0.3802 -0.0000 -0.9249
vn 0.2723 -0.7071 -0.6526
vn 0.2723 0.7071 -0.6526
vn 0.9249 -0.0000 -0.3802
vn 0.6526 -0.7071 0.2723
vn 0.6526 0.7071 0.2723
vn -0.3851 -0.0000 0.9229
vn 0.9229 -0.0000 0.3851
vn -0.9229 -0.0000 -0.3851
vn 0.3851 -0.0000 -0.9229
vn -0.0050 -0.5601 0.8284
vn -0.0050 0.5601 0.8284
vn -0.6508 -0.5601 0.5126
vn -0.6508 0.5601 0.5126
vn -0.8065 -0.5601 -0.1892
vn -0.8066 0.5601 -0.1892
vn -0.3549 -0.5601 -0.7486
vn -0.3549 0.5601 -0.7486
vn 0.3640 -0.5601 -0.7442
vn 0.3640 0.5601 -0.7442
vn 0.8088 -0.5601 -0.1795
vn 0.8088 0.5601 -0.1795
vn 0.6446 -0.5601 0.5204
vn 0.6446 0.5600 0.5204
vn -0.3107 -0.7071 0.6352
vn -0.3107 0.7071 0.6352
vn -0.0061 -0.0000 1.0000
vn -0.7856 -0.0000 0.6187
vn -0.6903 -0.7071 0.1532
vn -0.6903 0.7071 0.1532
vn -0.9736 -0.0000 -0.2284
vn -0.5502 -0.7071 -0.4442
vn -0.5502 0.7071 -0.4442
vn -0.4284 -0.0000 -0.9036
vn 0.0043 -0.7071 -0.7071
vn 0.0043 0.7071 -0.7071
vn 0.4393 -0.0000 -0.8983
vn 0.5555 -0.7071 -0.4375
vn 0.5555 0.7071 -0.4375
vn 0.9763 -0.0000 -0.2166
vn 0.6884 -0.7071 0.1615
vn 0.6884 0.7071 0.1615
vn 0.7780 -0.0000 0.6282
vn 0.3029 -0.7071 0.6389
vn 0.3029 0.7071 0.6389
vn -0.4393 -0.0000 0.8983
vn 0.4284 -0.0000 0.9036
vn -0.9763 -0.0000 0.2166
vn -0.7780 -0.0000 -0.6282
vn 0.0061 -0.0000 -1.0000
vn 0.7856 -0.0000 -0.6187
vn 0.9736 -0.0000 0.2284
vn 0.7961 -0.5601 0.2292
vn 0.7961 0.5601 0.2292
vn 0.3171 -0.5601 0.7653
vn 0.3171 0.5601 0.7654
vn -0.4006 -0.5601 0.7251
vn -0.4006 0.5601 0.7251
vn -0.8167 -0.5601 0.1389
vn -0.8167 0.5601 0.1389
vn -0.6178 -0.5601 -0.5520
vn -0.6178 0.5601 -0.5520
vn 0.0463 -0.5601 -0.8272
vn 0.0463 0.5601 -0.8272
vn 0.6756 -0.5601 -0.4795
vn 0.6756 0.5601 -0.4795
vn 0.5273 -0.7071 0.4711
vn 0.5273 0.7071 0.4711
vn 0.9610 -0.0000 0.2767
vn 0.3828 -0.0000 0.9238
vn -0.0396 -0.7071 0.7060
vn -0.0396 0.7071 0.7060
vn -0.4836 -0.0000 0.8753
vn -0.5766 -0.7071 0.4093
vn -0.5766 0.7071 0.4093
vn -0.9859 -0.0000 0.1676
vn -0.6795 -0.7071 -0.1957
vn -0.6795 0.7071 -0.1957
vn -0.7457 -0.0000 -0.6663
vn -0.2707 -0.7071 -0.6532
vn -0.2707 0.7071 -0.6533
vn 0.0559 -0.0000 -0.9984
vn 0.3420 -0.7071 -0.6189
vn 0.3420 0.7071 -0.6189
vn 0.8155 -0.0000 -0.5788
vn 0.6971 -0.7071 -0.1185
vn 0.6971 0.7071 -0.1185
vn 0.7457 -0.0000 0.6663
vn 0.9859 -0.0000 -0.1676
vn -0.0559 -0.0000 0.9984
vn -0.8155 -0.0000 0.5788
vn -0.9610 -0.0000 -0.2767
vn -0.3828 -0.0000 -0.9238
vn 0.4836 -0.0000 -0.8753
vn 0.0070 -0.5601 0.8284
vn 0.0070 0.5601 0.8284
vn -0.6433 -0.5601 0.5220
vn -0.6433 0.5601 0.5220
vn -0.8092 -0.5601 -0.1775
vn -0.8092 0.5601 -0.1775
vn -0.3658 -0.5601 -0.7433
vn -0.3658 0.5601 -0.7433
vn 0.3531 -0.5601 -0.7494
vn 0.3531 0.5601 -0.7494
vn 0.8061 -0.5601 -0.1912
vn 0.8061 0.5601 -0.1912
vn 0.6521 -0.5601 0.5110
vn 0.6521 0.5601 0.5110
vn -0.3014 -0.7071 0.6397
vn -0.3014 0.7071 0.6397
vn 0.0085 -0.0000 1.0000
vn -0.7765 -0.0000 0.6301
vn -0.6880 -0.7071 0.1632
vn -0.6880 0.7071 0.1632
vn -0.9768 -0.0000 -0.2142
vn -0.5566 -0.7071 -0.4362
vn -0.5566 0.7071 -0.4362
vn -0.4415 -0.0000 -0.8972
vn -0.0060 -0.7071 -0.7071
vn -0.0060 0.7071 -0.7071
vn 0.4262 -0.0000 -0.9046
vn 0.5491 -0.7071 -0.4456
vn 0.5491 0.7071 -0.4456
vn 0.9730 -0.0000 -0.2308
vn 0.6907 -0.7071 0.1515
vn 0.6907 0.7071 0.1515
vn 0.7871 -0.0000 0.6168
vn 0.3122 -0.7071 0.6344
vn 0.3122 0.7071 0.6345
vn -0.4262 -0.0000 0.9046
vn 0.4415 -0.0000 0.8972
vn -0.9730 -0.0000 0.2308
vn -0.7871 -0.0000 -0.6168
vn -0.0085 -0.0000 -1.0000
vn 0.7765 -0.0000 -0.6301
vn 0.9768 -0.0000 0.2142
vn 0.6268 -0.5773 0.5233
vn 0.6268 0.5773 0.5233
vn -0.5233 -0.5773 0.6268
vn -0.5233 0.5773 0.6268
vn -0.6268 -0.5774 -0.5233
vn -0.6268 0.5774 -0.5233
vn 0.5233 -0.5773 -0.6268
vn 0.5233 0.5773 -0.6268
vn 0.0634 -0.7071 0.7043
vn 0.0634 0.7071 0.7043
vn 0.7676 -0.0000 0.6409
vn -0.6409 -0.0000 0.7676
vn -0.7043 -0.7071 0.0634
vn -0.7043 0.7071 0.0634
vn -0.7676 -0.0000 -0.6409
vn -0.0634 -0.7071 -0.7043
vn -0.0634 0.7071 -0.7043
vn 0.6409 -0.0000 -0.7676
vn 0.7043 -0.7071 -0.0634
vn 0.7043 0.7071 -0.0634
vn 0.0896 -0.0000 0.9960
vn 0.9960 -0.0000 -0.0896
vn -0.9960 -0.0000 0.0896
vn -0.0896 -0.0000 -0.9960
vn -0.0077 -0.5601 0.8284
vn -0.0077 0.5601 0.8284
vn -0.6525 -0.5601 0.5105
vn -0.6525 0.5601 0.5105
vn -0.8059 -0.5601 -0.1919
vn -0.8059 0.5601 -0.1919
vn -0.3525 -0.5601 -0.7497
vn -0.3525 0.5601 -0.7497
vn 0.3664 -0.5601 -0.7430
vn 0.3664 0.5601 -0.7430
vn 0.8094 -0.5601 -0.1768
vn 0.8094 0.5601 -0.1768
vn 0.6429 -0.5601 0.5225
vn 0.6429 0.5601 0.5225
vn -0.3127 -0.7071 0.6342
vn -0.3127 0.7071 0.6342
vn -0.0093 -0.0000 1.0000
vn -0.7876 -0.0000 0.6162
vn -0.6908 -0.7071 0.1509
vn -0.6908 0.7071 0.1509
vn -0.9728 -0.0000 -0.2316
vn -0.5487 -0.7071 -0.4460
vn -0.5487 0.7071 -0.4460
vn -0.4255 -0.0000 -0.9050
vn 0.0066 -0.7071 -0.7071
vn 0.0066 0.7071 -0.7071
vn 0.4422 -0.0000 -0.8969
vn 0.5569 -0.7071 -0.4357
vn 0.5569 0.7071 -0.4357
vn 0.9770 -0.0000 -0.2134
vn 0.6879 -0.7071 0.1638
vn 0.6879 0.7071 0.1638
vn 0.7760 -0.0000 0.6307
vn 0.3009 -0.7071 0.6399
vn 0.3009 0.7071 0.6399
vn -0.4422 -0.0000 0.8969
vn 0.4255 -0.0000 0.9050
vn -0.9770 -0.0000 0.2134
vn -0.7760 -0.0000 -0.6307
vn 0.0093 -0.0000 -1.0000
vn 0.7876 -0.0000 -0.6162
vn 0.9728 -0.0000 0.2316
vn 0.3250 -0.7500 0.5760
vn 0.3250 0.7500 0.5760
vn -0.6614 -0.7500 -0.0065
vn -0.6614 0.7500 -0.0065
vn 0.3364 -0.7500 -0.5695
vn 0.3364 0.7500 -0.5695
vn -0.3596 -0.7071 0.6088
vn -0.3596 0.7071 0.6088
vn 0.4914 -0.0000 0.8709
vn -1.0000 -0.0000 -0.0099
vn -0.3475 -0.7071 -0.6158
vn -0.3475 0.7071 -0.6158
vn 0.5085 -0.0000 -0.8610
vn 0.7071 -0.7071 0.0070
vn 0.7071 0.7071 0.0070
vn -0.5085 -0.0000 0.8610
vn 1.0000 -0.0000 0.0099
vn -0.4914 -0.0000 -0.8709
vn 0.0038 -0.5601 0.8284
vn 0.0038 0.5601 0.8284
vn -0.6453 -0.5601 0.5195
vn -0.6453 0.5601 0.5195
vn -0.8085 -0.5601 -0.1806
vn -0.8085 0.5601 -0.1806
vn -0.3629 -0.5601 -0.7448
vn -0.3629 0.5601 -0.7448
vn 0.3560 -0.5601 -0.7481
vn 0.3560 0.5601 -0.7481
vn 0.8068 -0.5601 -0.1881
vn 0.8068 0.5601 -0.1881
vn 0.6501 -0.5601 0.5135
vn 0.6501 0.5601 0.5136
vn -0.3039 -0.7071 0.6385
vn -0.3039 0.7071 0.6385
vn 0.0046 -0.0000 1.0000
vn -0.7790 -0.0000 0.6271
vn -0.6886 -0.7071 0.1605
vn -0.6887 0.7071 0.1605
vn -0.9759 -0.0000 -0.2180
vn -0.5549 -0.7071 -0.4383
vn -0.5549 0.7071 -0.4383
vn -0.4380 -0.0000 -0.8990
vn -0.0032 -0.7071 -0.7071
vn -0.0032 0.7071 -0.7071
vn 0.4297 -0.0000 -0.9029
vn 0.5508 -0.7071 -0.4434
vn 0.5508 0.7071 -0.4434
vn 0.9739 -0.0000 -0.2270
vn 0.6901 -0.7071 0.1542
vn 0.6901 0.7071 0.1542
vn 0.7847 -0.0000 0.6199
vn 0.3097 -0.7071 0.6357
vn 0.3097 0.7071 0.6357
vn -0.4297 -0.0000 0.9029
vn 0.4380 -0.0000 0.8990
vn -0.9739 -0.0000 0.2270
vn -0.7847 -0.0000 -0.6199
vn -0.0046 -0.0000 -1.0000
vn 0.7790 -0.0000 -0.6271
vn 0.9759 -0.0000 0.2180
vn 0.8160 -0.5440 0.1957
vn 0.8160 0.5440 0.1957
vn 0.0660 -0.5440 0.8365
vn 0.0660 0.5440 0.8365
vn -0.7752 -0.5440 0.3213
vn -0.7752 0.5440 0.3213
vn -0.5451 -0.5440 -0.6379
vn -0.5451 0.5440 -0.6379
vn 0.4383 -0.5440 -0.7155
vn 0.4383 0.5440 -0.7155
vn 0.4593 -0.7071 0.5376
vn 0.4593 0.7071 0.5376
vn 0.9724 -0.0000 0.2332
vn 0.0787 -0.0000 0.9969
vn -0.3693 -0.7071 0.6030
vn -0.3693 0.7071 0.6030
vn -0.9238 -0.0000 0.3829
vn -0.6876 -0.7071 -0.1649
vn -0.6876 0.7071 -0.1649
vn -0.6496 -0.0000 -0.7603
vn -0.0556 -0.7071 -0.7049
vn -0.0556 0.7071 -0.7049
vn 0.5223 -0.0000 -0.8527
vn 0.6532 -0.7071 -0.2707
vn 0.6532 0.7071 -0.2707
vn 0.6496 -0.0000 0.7603
vn 0.9238 -0.0000 -0.3829
vn -0.5223 -0.0000 0.8527
vn -0.9724 -0.0000 -0.2332
vn -0.0787 -0.0000 -0.9969
vn -0.0168 -0.5601 0.8283
vn -0.0168 0.5601 0.8283
vn -0.6580 -0.5601 0.5033
vn -0.6580 0.5601 0.5033
vn -0.8038 -0.5601 -0.2007
vn -0.8038 0.5601 -0.2007
vn -0.3443 -0.5601 -0.7535
vn -0.3443 0.5601 -0.7535
vn 0.3745 -0.5601 -0.7390
vn 0.3745 0.5601 -0.7390
vn 0.8113 -0.5601 -0.1679
vn 0.8113 0.5601 -0.1679
vn 0.6371 -0.5601 0.5295
vn 0.6371 0.5601 0.5295
vn -0.3196 -0.7071 0.6307
vn -0.3196 0.7071 0.6307
vn -0.0203 -0.0000 0.9998
vn -0.7943 -0.0000 0.6075
vn -0.6924 -0.7071 0.1433
vn -0.6924 0.7071 0.1433
vn -0.9702 -0.0000 -0.2422
vn -0.5438 -0.7071 -0.4520
vn -0.5438 0.7071 -0.4520
vn -0.4155 -0.0000 -0.9096
vn 0.0143 -0.7071 -0.7070
vn 0.0143 0.7071 -0.7070
vn 0.4520 -0.0000 -0.8920
vn 0.5617 -0.7071 -0.4296
vn 0.5617 0.7071 -0.4296
vn 0.9792 -0.0000 -0.2027
vn 0.6861 -0.7071 0.1713
vn 0.6860 0.7071 0.1713
vn 0.7690 -0.0000 0.6392
vn 0.2938 -0.7071 0.6432
vn 0.2938 0.7071 0.6432
vn -0.4521 -0.0000 0.8920
vn 0.4155 -0.0000 0.9096
vn -0.9792 -0.0000 0.2027
vn -0.7690 -0.0000 -0.6392
vn 0.0203 -0.0000 -0.9998
vn 0.7943 -0.0000 -0.6075
vn 0.9702 -0.0000 0.2422
vn 0.6914 -0.5601 0.4564
vn 0.6914 0.5601 0.4564
vn 0.0743 -0.5601 0.8251
vn 0.0743 0.5601 0.8251
vn -0.5988 -0.5601 0.5725
vn -0.5988 0.5601 0.5725
vn -0.8210 -0.5601 -0.1112
vn -0.8210 0.5601 -0.1112
vn -0.4249 -0.5601 -0.7112
vn -0.4249 0.5601 -0.7112
vn 0.2911 -0.5601 -0.7756
vn 0.2911 0.5601 -0.7756
vn 0.7879 -0.5601 -0.2560
vn 0.7879 0.5601 -0.2560
vn 0.3627 -0.7071 0.6070
vn 0.3627 0.7071 0.6070
vn 0.8346 -0.0000 0.5509
vn 0.0897 -0.0000 0.9960
vn -0.2484 -0.7071 0.6620
vn -0.2484 0.7071 0.6620
vn -0.7228 -0.0000 0.6911
vn -0.6725 -0.7071 0.2185
vn -0.6725 0.7071 0.2185
vn -0.9910 -0.0000 -0.1342
vn -0.5901 -0.7071 -0.3895
vn -0.5901 0.7071 -0.3895
vn -0.5129 -0.0000 -0.8584
vn 0.3514 -0.0000 -0.9362
vn 0.5111 -0.7071 -0.4887
vn 0.5111 0.7071 -0.4887
vn 0.9511 -0.0000 -0.3090
vn 0.7007 -0.7071 0.0949
vn 0.7007 0.7071 0.0949
vn 0.5129 -0.0000 0.8584
vn 0.9910 -0.0000 0.1342
vn -0.3514 -0.0000 0.9362
vn -0.9511 -0.0000 0.3090
vn -0.8346 -0.0000 -0.5509
vn -0.0897 -0.0000 -0.9960
vn 0.7228 -0.0000 -0.6911
vn 0.0001 -0.5601 0.8284
vn 0.0001 0.5601 0.8285
vn -0.6476 -0.5601 0.5166
vn -0.6476 0.5601 0.5166
vn -0.8077 -0.5601 -0.1842
vn -0.8077 0.5601 -0.1842
vn -0.3595 -0.5601 -0.7464
vn -0.3596 0.5601 -0.7464
vn 0.3594 -0.5601 -0.7465
vn 0.3594 0.5601 -0.7465
vn 0.8077 -0.5601 -0.1845
vn 0.8077 0.5601 -0.1845
vn 0.6478 -0.5601 0.5164
vn 0.6478 0.5601 0.5164
vn -0.3067 -0.7071 0.6371
vn -0.3067 0.7071 0.6371
vn 0.0001 -0.0000 1.0000
vn -0.7818 -0.0000 0.6236
vn -0.6894 -0.7071 0.1574
vn -0.6894 0.7071 0.1574
vn -0.9750 -0.0000 -0.2224
vn -0.5529 -0.7071 -0.4408
vn -0.5529 0.7071 -0.4408
vn -0.4340 -0.0000 -0.9009
vn -0.0001 -0.7071 -0.7071
vn -0.0001 0.7071 -0.7071
vn 0.4338 -0.0000 -0.9010
vn 0.5528 -0.7071 -0.4409
vn 0.5528 0.7071 -0.4409
vn 0.9749 -0.0000 -0.2226
vn 0.6894 -0.7071 0.1573
vn 0.6894 0.7071 0.1573
vn 0.7819 -0.0000 0.6234
vn 0.3069 -0.7071 0.6370
vn 0.3069 0.7071 0.6370
vn -0.4338 -0.0000 0.9010
vn 0.4340 -0.0000 0.9009
vn -0.9749 -0.0000 0.2226
vn -0.7819 -0.0000 -0.6234
vn -0.0001 -0.0000 -1.0000
vn 0.7817 -0.0000 -0.6236
vn 0.9750 -0.0000 0.2224
vn 0.4433 -0.5773 0.6857
vn 0.4433 0.5773 0.6857
vn -0.6857 -0.5773 0.4433
vn -0.6857 0.5773 0.4433
vn -0.4433 -0.5773 -0.6857
vn -0.4433 0.5773 -0.6857
vn 0.6857 -0.5773 -0.4433
vn 0.6857 0.5774 -0.4433
vn -0.1485 -0.7071 0.6913
vn -0.1485 0.7071 0.6913
vn 0.5429 -0.0000 0.8398
vn -0.8398 -0.0000 0.5429
vn -0.6913 -0.7071 -0.1485
vn -0.6913 0.7071 -0.1485
vn -0.5429 -0.0000 -0.8398
vn 0.1485 -0.7071 -0.6913
vn 0.1485 0.7071 -0.6913
vn 0.8398 -0.0000 -0.5429
vn 0.6913 -0.7071 0.1485
vn 0.6913 0.7071 0.1485
vn -0.2100 -0.0000 0.9777
vn 0.9777 -0.0000 0.2100
vn -0.9777 -0.0000 -0.2100
vn 0.2100 -0.0000 -0.9777
vn -0.0022 -0.5601 0.8284
vn -0.0022 0.5601 0.8285
vn -0.6491 -0.5601 0.5148
vn -0.6491 0.5601 0.5148
vn -0.8072 -0.5601 -0.1865
vn -0.8072 0.5601 -0.1865
vn -0.3574 -0.5601 -0.7474
vn -0.3575 0.5601 -0.7474
vn 0.3614 -0.5601 -0.7454
vn 0.3614 0.5601 -0.7454
vn 0.8082 -0.5601 -0.1822
vn 0.8082 0.5601 -0.1822
vn 0.6463 -0.5601 0.5183
vn 0.6463 0.5601 0.5183
vn -0.3085 -0.7071 0.6363
vn -0.3085 0.7071 0.6363
vn -0.0027 -0.0000 1.0000
vn -0.7835 -0.0000 0.6214
vn -0.6898 -0.7071 0.1555
vn -0.6898 0.7071 0.1555
vn -0.9743 -0.0000 -0.2251
vn -0.5517 -0.7071 -0.4423
vn -0.5517 0.7071 -0.4423
vn -0.4315 -0.0000 -0.9021
vn 0.0019 -0.7071 -0.7071
vn 0.0019 0.7071 -0.7071
vn 0.4363 -0.0000 -0.8998
vn 0.5540 -0.7071 -0.4394
vn 0.5540 0.7071 -0.4394
vn 0.9755 -0.0000 -0.2199
vn 0.6889 -0.7071 0.1592
vn 0.6890 0.7071 0.1592
vn 0.7802 -0.0000 0.6256
vn 0.3051 -0.7071 0.6379
vn 0.3051 0.7071 0.6379
vn -0.4363 -0.0000 0.8998
vn 0.4315 -0.0000 0.9021
vn -0.9755 -0.0000 0.2199
vn -0.7802 -0.0000 -0.6256
vn 0.0027 -0.0000 -1.0000
vn 0.7835 -0.0000 -0.6214
vn 0.9743 -0.0000 0.2251
vn 0.8105 -0.5601 0.1717
vn 0.8105 0.5600 0.1717
vn 0.3711 -0.5601 0.7407
vn 0.3711 0.5601 0.7407
vn -0.3477 -0.5601 0.7520
vn -0.3477 0.5601 0.7520
vn -0.8047 -0.5601 0.1970
vn -0.8047 0.5601 0.1970
vn -0.6557 -0.5601 -0.5063
vn -0.6557 0.5601 -0.5063
vn -0.0130 -0.5601 -0.8283
vn -0.0130 0.5601 -0.8284
vn 0.6395 -0.5601 -0.5266
vn 0.6395 0.5601 -0.5266
vn 0.5597 -0.7071 0.4322
vn 0.5597 0.7071 0.4322
vn 0.9783 -0.0000 0.2072
vn 0.4480 -0.0000 0.8941
vn 0.0111 -0.7071 0.7070
vn 0.0111 0.7071 0.7070
vn -0.4197 -0.0000 0.9077
vn -0.5459 -0.7071 0.4495
vn -0.5459 0.7071 0.4495
vn -0.9713 -0.0000 0.2378
vn -0.6918 -0.7071 -0.1465
vn -0.6918 0.7071 -0.1465
vn -0.7915 -0.0000 -0.6112
vn -0.3168 -0.7071 -0.6322
vn -0.3167 0.7071 -0.6322
vn -0.0157 -0.0000 -0.9999
vn 0.2968 -0.7071 -0.6418
vn 0.2968 0.7071 -0.6418
vn 0.7720 -0.0000 -0.6357
vn 0.6868 -0.7071 -0.1681
vn 0.6868 0.7071 -0.1681
vn 0.7915 -0.0000 0.6112
vn 0.9713 -0.0000 -0.2378
vn 0.0157 -0.0000 0.9999
vn -0.7720 -0.0000 0.6357
vn -0.9783 -0.0000 -0.2072
vn -0.4480 -0.0000 -0.8941
vn 0.4197 -0.0000 -0.9077
vn -0.0091 -0.5601 0.8284
vn -0.0091 0.5601 0.8284
vn -0.6534 -0.5601 0.5094
vn -0.6534 0.5601 0.5094
vn -0.8056 -0.5601 -0.1932
vn -0.8056 0.5600 -0.1932
vn -0.3512 -0.5601 -0.7503
vn -0.3512 0.5601 -0.7503
vn 0.3677 -0.5601 -0.7424
vn 0.3677 0.5601 -0.7424
vn 0.8097 -0.5601 -0.1754
vn 0.8097 0.5600 -0.1754
vn 0.6420 -0.5601 0.5236
vn 0.6420 0.5601 0.5236
vn -0.3138 -0.7071 0.6337
vn -0.3138 0.7071 0.6337
vn -0.0110 -0.0000 0.9999
vn -0.7887 -0.0000 0.6148
vn -0.6911 -0.7071 0.1497
vn -0.6911 0.7071 0.1497
vn -0.9724 -0.0000 -0.2333
vn -0.5479 -0.7071 -0.4469
vn -0.5479 0.7071 -0.4469
vn -0.4239 -0.0000 -0.9057
vn 0.0078 -0.7071 -0.7071
vn 0.0078 0.7071 -0.7071
vn 0.4438 -0.0000 -0.8961
vn 0.5577 -0.7071 -0.4347
vn 0.5577 0.7071 -0.4348
vn 0.9773 -0.0000 -0.2118
vn 0.6876 -0.7071 0.1649
vn 0.6876 0.7071 0.1649
vn 0.7749 -0.0000 0.6321
vn 0.2997 -0.7071 0.6404
vn 0.2998 0.7071 0.6404
vn -0.4438 -0.0000 0.8961
vn 0.4239 -0.0000 0.9057
vn -0.9773 -0.0000 0.2118
vn -0.7749 -0.0000 -0.6321
vn 0.0110 -0.0000 -0.9999
vn 0.7887 -0.0000 -0.6148
vn 0.9724 -0.0000 0.2333
vn 0.7455 -0.5440 0.3851
vn 0.7455 0.5440 0.3851
vn -0.1359 -0.5440 0.8280
vn -0.1359 0.5440 0.8280
vn -0.8295 -0.5440 0.1266
vn -0.8295 0.5440 0.1266
vn -0.3767 -0.5440 -0.7498
vn -0.3767 0.5440 -0.7498
vn 0.5967 -0.5440 -0.5900
vn 0.5967 0.5440 -0.5900
vn 0.3175 -0.7071 0.6318
vn 0.3175 0.7071 0.6318
vn 0.8884 -0.0000 0.4590
vn -0.1620 -0.0000 0.9868
vn -0.5028 -0.7071 0.4972
vn -0.5028 0.7071 0.4972
vn -0.9886 -0.0000 0.1509
vn -0.6282 -0.7071 -0.3246
vn -0.6282 0.7071 -0.3246
vn -0.4490 -0.0000 -0.8935
vn 0.1145 -0.7071 -0.6978
vn 0.1145 0.7071 -0.6978
vn 0.7111 -0.0000 -0.7031
vn 0.6990 -0.7071 -0.1067
vn 0.6990 0.7071 -0.1067
vn 0.4490 -0.0000 0.8935
vn 0.9886 -0.0000 -0.1509
vn -0.7111 -0.0000 0.7031
vn -0.8884 -0.0000 -0.4590
vn 0.1620 -0.0000 -0.9868
vn -0.6410 -0.5601 0.5248
vn -0.6410 0.5601 0.5248
vn -0.2986 -0.7071 0.6410
vn -0.2986 0.7071 0.6410
vn -0.7737 -0.0000 0.6335
vn -0.6873 -0.7071 0.1662
vn -0.6873 0.7071 0.1662
vn -0.0091 -0.7071 -0.7070
vn -0.0091 0.7071 -0.7070
vn 0.6913 -0.7071 0.1484
vn 0.7737 -0.0000 -0.6335
vn 0.4812 -0.5601 0.6743
vn 0.4812 0.5601 0.6743
vn -0.2272 -0.5601 0.7967
vn -0.2272 0.5601 0.7967
vn -0.7645 -0.5601 0.3191
vn -0.7645 0.5601 0.3191
vn -0.7262 -0.5601 -0.3988
vn -0.7262 0.5601 -0.3988
vn -0.1410 -0.5601 -0.8164
vn -0.1410 0.5601 -0.8164
vn 0.5504 -0.5601 -0.6192
vn 0.5504 0.5601 -0.6192
vn 0.8273 -0.5601 0.0442
vn 0.8273 0.5601 0.0442
vn 0.1203 -0.7071 0.6968
vn 0.1203 0.7071 0.6968
vn 0.5809 -0.0000 0.8140
vn -0.2742 -0.0000 0.9617
vn -0.4697 -0.7071 0.5285
vn -0.4697 0.7071 0.5285
vn -0.9228 -0.0000 0.3852
vn -0.7061 -0.7071 -0.0377
vn -0.7061 0.7071 -0.0377
vn -0.8765 -0.0000 -0.4813
vn -0.4108 -0.7071 -0.5756
vn -0.4108 0.7071 -0.5756
vn -0.1702 -0.0000 -0.9854
vn 0.1939 -0.7071 -0.6800
vn 0.1939 0.7071 -0.6800
vn 0.6643 -0.0000 -0.7475
vn 0.6525 -0.7071 -0.2724
vn 0.6525 0.7071 -0.2724
vn 0.9986 -0.0000 0.0534
vn 0.6198 -0.7071 0.3404
vn 0.6198 0.7071 0.3404
vn 0.1702 -0.0000 0.9854
vn 0.8765 -0.0000 0.4813
vn -0.6643 -0.0000 0.7475
vn -0.9986 -0.0000 -0.0534
vn -0.5809 -0.0000 -0.8140
vn 0.2742 -0.0000 -0.9617
vn 0.9228 -0.0000 -0.3852
vn 0.0027 -0.5601 0.8284
vn 0.0027 0.5601 0.8284
vn -0.6460 -0.5601 0.5187
vn -0.6460 0.5601 0.5187
vn -0.8083 -0.5601 -0.1817
vn -0.8083 0.5601 -0.1817
vn -0.3619 -0.5601 -0.7452
vn -0.3619 0.5601 -0.7452
vn 0.3570 -0.5601 -0.7476
vn 0.3570 0.5601 -0.7476
vn 0.8071 -0.5601 -0.1870
vn 0.8071 0.5600 -0.1870
vn 0.6494 -0.5601 0.5144
vn 0.6494 0.5601 0.5144
vn -0.3047 -0.7071 0.6381
vn -0.3047 0.7071 0.6381
vn 0.0033 -0.0000 1.0000
vn -0.7798 -0.0000 0.6261
vn -0.6889 -0.7071 0.1596
vn -0.6889 0.7071 0.1596
vn -0.9757 -0.0000 -0.2193
vn -0.5543 -0.7071 -0.4391
vn -0.5543 0.7071 -0.4391
vn -0.4368 -0.0000 -0.8995
vn -0.0023 -0.7071 -0.7071
vn -0.0023 0.7071 -0.7071
vn 0.4309 -0.0000 -0.9024
vn 0.5514 -0.7071 -0.4427
vn 0.5514 0.7071 -0.4427
vn 0.9742 -0.0000 -0.2257
vn 0.6899 -0.7071 0.1551
vn 0.6899 0.7071 0.1551
vn 0.7839 -0.0000 0.6209
vn 0.3089 -0.7071 0.6361
vn 0.3089 0.7071 0.6361
vn -0.4309 -0.0000 0.9024
vn 0.4368 -0.0000 0.8995
vn -0.9742 -0.0000 0.2257
vn -0.7839 -0.0000 -0.6209
vn -0.0033 -0.0000 -1.0000
vn 0.7798 -0.0000 -0.6261
vn 0.9757 -0.0000 0.2193
vn -0.0987 -0.5601 0.8226
vn -0.0987 0.5601 0.8226
vn -0.7046 -0.5601 0.4357
vn -0.7046 0.5601 0.4357
vn -0.7800 -0.5601 -0.2793
vn -0.7800 0.5601 -0.2793
vn -0.2680 -0.5601 -0.7839
vn -0.2680 0.5601 -0.7839
vn 0.4458 -0.5601 -0.6983
vn 0.4458 0.5601 -0.6983
vn 0.8239 -0.5601 -0.0868
vn 0.8239 0.5601 -0.0868
vn 0.5816 -0.5601 0.5900
vn 0.5816 0.5601 0.5900
vn -0.3805 -0.7071 0.5960
vn -0.3805 0.7071 0.5960
vn -0.1191 -0.0000 0.9929
vn -0.8505 -0.0000 0.5259
vn -0.7032 -0.7071 0.0741
vn -0.7032 0.7071 0.0741
vn -0.9415 -0.0000 -0.3371
vn -0.4964 -0.7071 -0.5036
vn -0.4964 0.7071 -0.5036
vn -0.3235 -0.0000 -0.9462
vn 0.0842 -0.7071 -0.7021
vn 0.0842 0.7071 -0.7021
vn 0.5381 -0.0000 -0.8429
vn 0.6014 -0.7071 -0.3719
vn 0.6014 0.7071 -0.3719
vn 0.9945 -0.0000 -0.1048
vn 0.6657 -0.7071 0.2384
vn 0.6657 0.7071 0.2384
vn 0.7020 -0.0000 0.7122
vn 0.2287 -0.7071 0.6691
vn 0.2287 0.7071 0.6691
vn -0.5381 -0.0000 0.8429
vn 0.3235 -0.0000 0.9462
vn -0.9945 -0.0000 0.1048
vn -0.7020 -0.0000 -0.7122
vn 0.1191 -0.0000 -0.9929
vn 0.8505 -0.0000 -0.5259
vn 0.9415 -0.0000 0.3371
vn 0.0156 -0.5601 0.8283
vn 0.0156 0.5601 0.8283
vn -0.6379 -0.5601 0.5286
vn -0.6379 0.5601 0.5286
vn -0.8110 -0.5601 -0.1692
vn -0.8110 0.5601 -0.1692
vn -0.3734 -0.5601 -0.7395
vn -0.3734 0.5601 -0.7395
vn 0.3454 -0.5601 -0.7530
vn 0.3454 0.5601 -0.7530
vn 0.8041 -0.5601 -0.1995
vn 0.8041 0.5601 -0.1995
vn 0.6573 -0.5601 0.5043
vn 0.6573 0.5601 0.5043
vn -0.2948 -0.7071 0.6427
vn -0.2948 0.7071 0.6427
vn 0.0188 -0.0000 0.9998
vn -0.7700 -0.0000 0.6381
vn -0.6863 -0.7071 0.1703
vn -0.6863 0.7071 0.1703
vn -0.9789 -0.0000 -0.2042
vn -0.5610 -0.7071 -0.4304
vn -0.5610 0.7071 -0.4304
vn -0.4507 -0.0000 -0.8927
vn -0.0133 -0.7071 -0.7070
vn -0.0133 0.7071 -0.7070
vn 0.4169 -0.0000 -0.9090
vn 0.5445 -0.7071 -0.4512
vn 0.5445 0.7071 -0.4512
vn 0.9706 -0.0000 -0.2408
vn 0.6922 -0.7071 0.1444
vn 0.6922 0.7071 0.1444
vn 0.7934 -0.0000 0.6087
vn 0.3187 -0.7071 0.6312
vn 0.3187 0.7071 0.6312
vn -0.4169 -0.0000 0.9090
vn 0.4507 -0.0000 0.8927
vn -0.9706 -0.0000 0.2408
vn -0.7934 -0.0000 -0.6087
vn -0.0188 -0.0000 -0.9998
vn 0.7700 -0.0000 -0.6381
vn 0.9789 -0.0000 0.2042
vn 0.7569 -0.5440 0.3622
vn 0.7569 0.5440 0.3622
vn -0.1106 -0.5440 0.8318
vn -0.1106 0.5440 0.8318
vn -0.8252 -0.5440 0.1519
vn -0.8252 0.5440 0.1519
vn -0.3995 -0.5440 -0.7379
vn -0.3995 0.5440 -0.7379
vn 0.5784 -0.5440 -0.6079
vn 0.5784 0.5440 -0.6079
vn 0.3366 -0.7071 0.6218
vn 0.3366 0.7071 0.6218
vn 0.9020 -0.0000 0.4316
vn -0.1318 -0.0000 0.9913
vn -0.4874 -0.7071 0.5123
vn -0.4874 0.7071 0.5123
vn -0.9835 -0.0000 0.1810
vn -0.6378 -0.7071 -0.3052
vn -0.6378 0.7071 -0.3052
vn -0.4761 -0.0000 -0.8794
vn 0.0932 -0.7071 -0.7009
vn 0.0932 0.7071 -0.7009
vn 0.6893 -0.0000 -0.7245
vn 0.6954 -0.7071 -0.1280
vn 0.6954 0.7071 -0.1280
vn 0.4761 -0.0000 0.8794
vn 0.9835 -0.0000 -0.1810
vn -0.6893 -0.0000 0.7245
vn -0.9020 -0.0000 -0.4316
vn 0.1318 -0.0000 -0.9913
vn 0.0062 -0.5601 0.8284
vn 0.0062 0.5601 0.8284
vn -0.6438 -0.5601 0.5214
vn -0.6438 0.5601 0.5214
vn -0.8090 -0.5601 -0.1783
vn -0.8090 0.5601 -0.1783
vn -0.3651 -0.5601 -0.7437
vn -0.3651 0.5601 -0.7437
vn 0.3538 -0.5601 -0.7491
vn 0.3538 0.5601 -0.7491
vn 0.8063 -0.5601 -0.1904
vn 0.8063 0.5601 -0.1904
vn 0.6516 -0.5601 0.5116
vn 0.6516 0.5601 0.5116
vn -0.3020 -0.7071 0.6394
vn -0.3020 0.7071 0.6394
vn 0.0075 -0.0000 1.0000
vn -0.7771 -0.0000 0.6294
vn -0.6882 -0.7071 0.1625
vn -0.6882 0.7071 0.1625
vn -0.9766 -0.0000 -0.2152
vn -0.5561 -0.7071 -0.4367
vn -0.5562 0.7071 -0.4367
vn -0.4407 -0.0000 -0.8977
vn -0.0053 -0.7071 -0.7071
vn -0.0053 0.7071 -0.7071
vn 0.4271 -0.0000 -0.9042
vn 0.5495 -0.7071 -0.4450
vn 0.5495 0.7071 -0.4450
vn 0.9732 -0.0000 -0.2299
vn 0.6905 -0.7071 0.1521
vn 0.6905 0.7071 0.1521
vn 0.7865 -0.0000 0.6176
vn 0.3116 -0.7071 0.6347
vn 0.3116 0.7071 0.6348
vn -0.4271 -0.0000 0.9042
vn 0.4407 -0.0000 0.8977
vn -0.9732 -0.0000 0.2299
vn -0.7865 -0.0000 -0.6176
vn -0.0075 -0.0000 -1.0000
vn 0.7771 -0.0000 -0.6294
vn 0.9766 -0.0000 0.2152
vn 0.5039 -0.5601 0.6576
vn 0.5039 0.5601 0.6576
vn -0.2000 -0.5601 0.8039
vn -0.2000 0.5601 0.8039
vn -0.7533 -0.5601 0.3449
vn -0.7532 0.5601 0.3449
vn -0.7393 -0.5601 -0.3739
vn -0.7393 0.5601 -0.3739
vn -0.1686 -0.5601 -0.8111
vn -0.1686 0.5601 -0.8111
vn 0.5290 -0.5601 -0.6376
vn 0.5290 0.5601 -0.6376
vn 0.8283 -0.5601 0.0161
vn 0.8283 0.5601 0.0161
vn 0.1439 -0.7071 0.6923
vn 0.1439 0.7071 0.6923
vn 0.6082 -0.0000 0.7938
vn -0.2414 -0.0000 0.9704
vn -0.4515 -0.7071 0.5442
vn -0.4515 0.7071 0.5442
vn -0.9092 -0.0000 0.4163
vn -0.7070 -0.7071 -0.0137
vn -0.7070 0.7071 -0.0137
vn -0.8924 -0.0000 -0.4513
vn -0.4301 -0.7071 -0.5613
vn -0.4301 0.7071 -0.5613
vn -0.2035 -0.0000 -0.9791
vn 0.1707 -0.7071 -0.6862
vn 0.1707 0.7071 -0.6862
vn 0.6386 -0.0000 -0.7696
vn 0.6429 -0.7071 -0.2944
vn 0.6429 0.7071 -0.2944
vn 0.9998 -0.0000 0.0194
vn 0.6310 -0.7071 0.3191
vn 0.6310 0.7071 0.3191
vn 0.2035 -0.0000 0.9791
vn 0.8924 -0.0000 0.4513
vn -0.6386 -0.0000 0.7696
vn -0.9998 -0.0000 -0.0194
vn -0.6082 -0.0000 -0.7938
vn 0.2414 -0.0000 -0.9704
vn 0.9092 -0.0000 -0.4163
vn -0.0140 -0.5601 0.8283
vn -0.0140 0.5601 0.8283
vn -0.6564 -0.5601 0.5055
vn -0.6564 0.5601 0.5055
vn -0.8044 -0.5601 -0.1980
vn -0.8044 0.5601 -0.1980
vn -0.3468 -0.5601 -0.7524
vn -0.3468 0.5601 -0.7524
vn 0.3720 -0.5601 -0.7402
vn 0.3720 0.5601 -0.7402
vn 0.8107 -0.5601 -0.1707
vn 0.8107 0.5601 -0.1707
vn 0.6389 -0.5601 0.5274
vn 0.6389 0.5601 0.5274
vn -0.3175 -0.7071 0.6318
vn -0.3175 0.7071 0.6318
vn -0.0169 -0.0000 0.9999
vn -0.7923 -0.0000 0.6102
vn -0.6919 -0.7071 0.1457
vn -0.6919 0.7071 0.1457
vn -0.9710 -0.0000 -0.2390
vn -0.5453 -0.7071 -0.4502
vn -0.5453 0.7071 -0.4502
vn -0.4186 -0.0000 -0.9082
vn 0.0120 -0.7071 -0.7070
vn 0.0120 0.7071 -0.7070
vn 0.4491 -0.0000 -0.8935
vn 0.5602 -0.7071 -0.4315
vn 0.5602 0.7071 -0.4315
vn 0.9786 -0.0000 -0.2060
vn 0.6866 -0.7071 0.1690
vn 0.6866 0.7071 0.1690
vn 0.7712 -0.0000 0.6366
vn 0.2960 -0.7071 0.6422
vn 0.2960 0.7071 0.6422
vn -0.4491 -0.0000 0.8935
vn 0.4186 -0.0000 0.9082
vn -0.9786 -0.0000 0.2060
vn -0.7712 -0.0000 -0.6366
vn 0.0169 -0.0000 -0.9999
vn 0.7923 -0.0000 -0.6102
vn 0.9710 -0.0000 0.2390
vn 0.2275 -0.5601 0.7966
vn 0.2275 0.5601 0.7966
vn -0.4810 -0.5601 0.6745
vn -0.4810 0.5601 0.6745
vn -0.8273 -0.5601 0.0445
vn -0.8273 0.5601 0.0445
vn -0.5506 -0.5601 -0.6190
vn -0.5506 0.5601 -0.6190
vn 0.1407 -0.5601 -0.8164
vn 0.1407 0.5601 -0.8164
vn 0.7260 -0.5601 -0.3990
vn 0.7260 0.5601 -0.3990
vn 0.7646 -0.5601 0.3188
vn 0.7646 0.5601 0.3188
vn -0.1201 -0.7071 0.6968
vn -0.1201 0.7071 0.6968
vn 0.2746 -0.0000 0.9616
vn -0.5806 -0.0000 0.8142
vn -0.6197 -0.7071 0.3406
vn -0.6197 0.7071 0.3406
vn -0.9986 -0.0000 0.0537
vn -0.6526 -0.7071 -0.2721
vn -0.6526 0.7071 -0.2721
vn -0.6646 -0.0000 -0.7472
vn -0.1941 -0.7071 -0.6799
vn -0.1941 0.7071 -0.6799
vn 0.1698 -0.0000 -0.9855
vn 0.4105 -0.7071 -0.5757
vn 0.4105 0.7071 -0.5757
vn 0.8764 -0.0000 -0.4816
vn 0.7061 -0.7071 -0.0380
vn 0.7061 0.7071 -0.0380
vn 0.9230 -0.0000 0.3849
vn 0.4699 -0.7071 0.5284
vn 0.4699 0.7071 0.5284
vn -0.1698 -0.0000 0.9855
vn 0.6646 -0.0000 0.7472
vn -0.8764 -0.0000 0.4816
vn -0.9230 -0.0000 -0.3849
vn -0.2746 -0.0000 -0.9616
vn 0.5806 -0.0000 -0.8142
vn 0.9986 -0.0000 -0.0537
vn -0.0018 -0.5601 0.8284
vn -0.0018 0.5601 0.8284
vn -0.6489 -0.5601 0.5151
vn -0.6489 0.5601 0.5151
vn -0.8073 -0.5601 -0.1861
vn -0.8073 0.5601 -0.1861
vn -0.3578 -0.5601 -0.7472
vn -0.3578 0.5601 -0.7472
vn 0.3611 -0.5601 -0.7456
vn 0.3611 0.5601 -0.7456
vn 0.8081 -0.5601 -0.1826
vn 0.8081 0.5601 -0.1826
vn 0.6466 -0.5601 0.5180
vn 0.6466 0.5601 0.5180
vn -0.3082 -0.7071 0.6364
vn -0.3082 0.7071 0.6364
vn -0.0022 -0.0000 1.0000
vn -0.7832 -0.0000 0.6218
vn -0.6897 -0.7071 0.1558
vn -0.6897 0.7071 0.1558
vn -0.9744 -0.0000 -0.2247
vn -0.5519 -0.7071 -0.4421
vn -0.5519 0.7071 -0.4421
vn -0.4319 -0.0000 -0.9019
vn 0.0016 -0.7071 -0.7071
vn 0.0016 0.7071 -0.7071
vn 0.4359 -0.0000 -0.9000
vn 0.5538 -0.7071 -0.4396
vn 0.5538 0.7071 -0.4396
vn 0.9754 -0.0000 -0.2204
vn 0.6890 -0.7071 0.1589
vn 0.6890 0.7071 0.1589
vn 0.7804 -0.0000 0.6252
vn 0.3054 -0.7071 0.6378
vn 0.3054 0.7071 0.6378
vn -0.4359 -0.0000 0.9000
vn 0.4319 -0.0000 0.9019
vn -0.9754 -0.0000 0.2204
vn -0.7804 -0.0000 -0.6252
vn 0.0022 -0.0000 -1.0000
vn 0.7832 -0.0000 -0.6218
vn 0.9744 -0.0000 0.2247
vn 0.6301 -0.7500 0.2010
vn 0.6301 0.7500 0.2010
vn -0.4891 -0.7500 0.4452
vn -0.4891 0.7500 0.4452
vn -0.1410 -0.7500 -0.6462
vn -0.1410 0.7500 -0.6462
vn 0.1508 -0.7071 0.6908
vn 0.1508 0.7071 0.6908
vn 0.9527 -0.0000 0.3039
vn -0.7395 -0.0000 0.6731
vn -0.6737 -0.7071 -0.2149
vn -0.6737 0.7071 -0.2149
vn -0.2132 -0.0000 -0.9770
vn 0.5229 -0.7071 -0.4760
vn 0.5229 0.7071 -0.4760
vn 0.2132 -0.0000 0.9770
vn 0.7395 -0.0000 -0.6731
vn -0.9527 -0.0000 -0.3039
vn -0.0124 -0.5601 0.8284
vn -0.0124 0.5601 0.8284
vn -0.6554 -0.5601 0.5068
vn -0.6554 0.5601 0.5068
vn -0.8048 -0.5601 -0.1964
vn -0.8048 0.5601 -0.1964
vn -0.3163 -0.7071 0.6324
vn -0.3163 0.7071 0.6324
vn -0.0150 -0.0000 0.9999
vn -0.9715 -0.0000 -0.2371
vn -0.5462 -0.7071 -0.4491
vn -0.5462 0.7071 -0.4491
vn 0.4473 -0.0000 -0.8944
vn 0.9782 -0.0000 -0.2079
vn 0.7724 -0.0000 0.6351
vn -0.4473 -0.0000 0.8944
vn -0.9782 -0.0000 0.2079
vn -0.7724 -0.0000 -0.6351
vn 0.9715 -0.0000 0.2371
vn 0.5732 -0.5773 0.5815
vn 0.5732 0.5773 0.5815
vn -0.5815 -0.5774 0.5732
vn -0.5815 0.5773 0.5732
vn -0.5732 -0.5774 -0.5815
vn -0.5732 0.5773 -0.5815
vn 0.5815 -0.5774 -0.5732
vn 0.5815 0.5773 -0.5732
vn -0.0051 -0.7071 0.7071
vn -0.0051 0.7071 0.7071
vn -0.7122 -0.0000 0.7020
vn -0.7071 -0.7071 -0.0051
vn -0.7071 0.7071 -0.0051
vn 0.0051 -0.7071 -0.7071
vn 0.0051 0.7071 -0.7071
vn 0.7122 -0.0000 -0.7020
vn 0.7071 -0.7071 0.0051
vn 0.7071 0.7071 0.0051
vn -0.0072 -0.0000 1.0000
vn 1.0000 -0.0000 0.0072
vn -1.0000 -0.0000 -0.0072
vn 0.0072 -0.0000 -1.0000
vn 0.0079 -0.5601 0.8284
vn 0.0079 0.5601 0.8284
vn -0.6427 -0.5601 0.5227
vn -0.6428 0.5601 0.5227
vn -0.8094 -0.5601 -0.1766
vn -0.8094 0.5601 -0.1766
vn -0.3666 -0.5601 -0.7429
vn -0.3666 0.5601 -0.7429
vn 0.3523 -0.5601 -0.7498
vn 0.3523 0.5601 -0.7498
vn 0.8059 -0.5601 -0.1921
vn 0.8059 0.5601 -0.1920
vn 0.6526 -0.5601 0.5103
vn 0.6526 0.5601 0.5103
vn -0.3007 -0.7071 0.6400
vn -0.3007 0.7071 0.6400
vn 0.0095 -0.0000 1.0000
vn -0.7758 -0.0000 0.6309
vn -0.6878 -0.7071 0.1639
vn -0.6879 0.7071 0.1639
vn -0.9770 -0.0000 -0.2132
vn -0.5570 -0.7071 -0.4356
vn -0.5570 0.7071 -0.4356
vn -0.4425 -0.0000 -0.8968
vn -0.0067 -0.7071 -0.7071
vn -0.0067 0.7071 -0.7071
vn 0.4253 -0.0000 -0.9051
vn 0.5486 -0.7071 -0.4461
vn 0.5486 0.7071 -0.4461
vn 0.9728 -0.0000 -0.2318
vn 0.6908 -0.7071 0.1508
vn 0.6909 0.7071 0.1508
vn 0.7878 -0.0000 0.6160
vn 0.3129 -0.7071 0.6341
vn 0.3129 0.7071 0.6341
vn -0.4253 -0.0000 0.9051
vn 0.4425 -0.0000 0.8968
vn -0.9728 -0.0000 0.2318
vn -0.7877 -0.0000 -0.6160
vn -0.0095 -0.0000 -1.0000
vn 0.7758 -0.0000 -0.6309
vn 0.9770 -0.0000 0.2132
vn 0.2367 -0.5601 0.7939
vn 0.2367 0.5601 0.7939
vn -0.4731 -0.5601 0.6801
vn -0.4731 0.5601 0.6801
vn -0.8267 -0.5601 0.0541
vn -0.8267 0.5601 0.0541
vn -0.5578 -0.5601 -0.6126
vn -0.5578 0.5601 -0.6126
vn 0.1312 -0.5601 -0.8180
vn 0.1312 0.5601 -0.8180
vn 0.7213 -0.5601 -0.4075
vn 0.7213 0.5601 -0.4075
vn 0.7683 -0.5601 0.3099
vn 0.7683 0.5601 0.3099
vn -0.1120 -0.7071 0.6982
vn -0.1120 0.7071 0.6982
vn 0.2858 -0.0000 0.9583
vn -0.5711 -0.0000 0.8209
vn -0.6157 -0.7071 0.3478
vn -0.6157 0.7071 0.3478
vn -0.9979 -0.0000 0.0654
vn -0.6558 -0.7071 -0.2645
vn -0.6558 0.7071 -0.2645
vn -0.6733 -0.0000 -0.7394
vn -0.2021 -0.7071 -0.6776
vn -0.2021 0.7071 -0.6776
vn 0.1583 -0.0000 -0.9874
vn 0.4038 -0.7071 -0.5805
vn 0.4038 0.7071 -0.5805
vn 0.8707 -0.0000 -0.4918
vn 0.7056 -0.7071 -0.0462
vn 0.7056 0.7071 -0.0462
vn 0.9274 -0.0000 0.3741
vn 0.4761 -0.7071 0.5228
vn 0.4761 0.7071 0.5228
vn -0.1583 -0.0000 0.9874
vn 0.6733 -0.0000 0.7394
vn -0.8707 -0.0000 0.4918
vn -0.9274 -0.0000 -0.3741
vn -0.2858 -0.0000 -0.9583
vn 0.5711 -0.0000 -0.8209
vn 0.9979 -0.0000 -0.0654
vn -0.0092 -0.5601 0.8284
vn -0.0092 0.5601 0.8284
vn -0.6534 -0.5601 0.5093
vn -0.6534 0.5601 0.5093
vn -0.8056 -0.5601 -0.1933
vn -0.8056 0.5601 -0.1933
vn 0.8097 0.5601 -0.1754
vn 0.6419 -0.5601 0.5237
vn 0.6420 0.5601 0.5237
vn -0.3138 -0.7071 0.6336
vn -0.3138 0.7071 0.6336
vn -0.0111 -0.0000 0.9999
vn -0.5479 -0.7071 -0.4470
vn -0.5479 0.7071 -0.4470
vn 0.5577 0.7071 -0.4347
vn 0.9773 -0.0000 -0.2117
vn 0.6876 -0.7071 0.1650
vn 0.6876 0.7071 0.1650
vn 0.2997 0.7071 0.6404
vn -0.9773 -0.0000 0.2117
vn 0.0111 -0.0000 -0.9999
vn 0.8133 -0.5477 0.1963
vn 0.8133 0.5477 0.1963
vn 0.2366 -0.5477 0.8025
vn 0.2366 0.5478 0.8025
vn -0.5767 -0.5478 0.6062
vn -0.5767 0.5478 0.6062
vn -0.8133 -0.5478 -0.1963
vn -0.8133 0.5477 -0.1963
vn -0.2366 -0.5477 -0.8025
vn -0.2366 0.5477 -0.8025
vn 0.5767 -0.5478 -0.6062
vn 0.5767 0.5478 -0.6062
vn 0.5123 -0.7071 0.4874
vn 0.5123 0.7071 0.4874
vn 0.9721 -0.0000 0.2347
vn 0.2828 -0.0000 0.9592
vn -0.1659 -0.7071 0.6874
vn -0.1659 0.7071 0.6874
vn -0.6782 -0.7071 0.2000
vn -0.6782 0.7071 0.2000
vn -0.9721 -0.0000 -0.2347
vn -0.5123 -0.7071 -0.4874
vn -0.5123 0.7071 -0.4874
vn -0.2828 -0.0000 -0.9592
vn 0.1659 -0.7071 -0.6874
vn 0.1659 0.7071 -0.6874
vn 0.6782 -0.7071 -0.2000
vn 0.6782 0.7071 -0.2000
vn 0.7245 -0.0000 0.6893
vn 0.9592 -0.0000 -0.2828
vn -0.2347 -0.0000 0.9721
vn -0.9592 -0.0000 0.2828
vn -0.7245 -0.0000 -0.6893
vn 0.2347 -0.0000 -0.9721
vn -0.0156 -0.5601 0.8283
vn -0.0156 0.5601 0.8283
vn -0.6573 -0.5601 0.5042
vn -0.6573 0.5601 0.5042
vn -0.8041 -0.5601 -0.1995
vn -0.8041 0.5601 -0.1995
vn -0.3453 -0.5601 -0.7530
vn -0.3453 0.5601 -0.7531
vn 0.3734 -0.5601 -0.7395
vn 0.3734 0.5601 -0.7395
vn 0.8110 -0.5601 -0.1691
vn 0.8110 0.5601 -0.1691
vn 0.6379 -0.5601 0.5286
vn 0.6379 0.5601 0.5286
vn -0.3187 -0.7071 0.6312
vn -0.3187 0.7071 0.6312
vn -0.0188 -0.0000 0.9998
vn -0.7934 -0.0000 0.6087
vn -0.6922 -0.7071 0.1443
vn -0.6922 0.7071 0.1443
vn -0.9706 -0.0000 -0.2408
vn -0.5444 -0.7071 -0.4512
vn -0.5444 0.7071 -0.4512
vn -0.4168 -0.0000 -0.9090
vn 0.0133 -0.7071 -0.7070
vn 0.0133 0.7071 -0.7070
vn 0.4508 -0.0000 -0.8926
vn 0.5610 -0.7071 -0.4304
vn 0.5611 0.7071 -0.4304
vn 0.9789 -0.0000 -0.2041
vn 0.6863 -0.7071 0.1703
vn 0.6863 0.7071 0.1703
vn 0.7700 -0.0000 0.6381
vn 0.2947 -0.7071 0.6427
vn 0.2948 0.7071 0.6427
vn -0.4508 -0.0000 0.8926
vn 0.4168 -0.0000 0.9090
vn -0.9789 -0.0000 0.2041
vn -0.7700 -0.0000 -0.6381
vn 0.0188 -0.0000 -0.9998
vn 0.7934 -0.0000 -0.6087
vn 0.9706 -0.0000 0.2408
vn 0.0837 -0.1797 -0.9802
vn 0.0882 0.2029 -0.9752
vn 0.0779 -0.2049 0.9757
vn 0.0824 0.1777 0.9806
vn -0.0824 -0.1777 -0.9806
vn -0.0779 0.2049 -0.9757
vn -0.0882 -0.2029 0.9752
vn -0.0837 0.1797 0.9802
vn 0.3873 -0.9219 -0.0107
vn 0.0875 0.0118 -0.9961
vn 0.4088 0.9125 0.0130
vn 0.0816 -0.0138 0.9966
vn -0.0052 -0.2046 0.9788
vn -0.0007 0.1793 0.9838
vn -0.0875 -0.0118 0.9961
vn -0.4088 -0.9125 -0.0130
vn -0.3873 0.9219 0.0107
vn -0.0816 0.0138 -0.9966
vn 0.0007 -0.1794 -0.9838
vn 0.0052 0.2046 -0.9788
vn -0.0117 -0.9998 -0.0129
vn 0.9999 -0.0118 0.0028
vn 0.0030 0.0129 -0.9999
vn 0.0117 0.9998 0.0129
vn -0.0030 -0.0129 0.9999
vn -0.9999 0.0118 -0.0028
vn 0.0718 -0.1886 -0.9794
vn 0.0712 0.1941 -0.9784
vn 0.0949 -0.1938 0.9764
vn 0.0943 0.1889 0.9775
vn -0.0943 -0.1889 -0.9775
vn -0.0949 0.1938 -0.9764
vn -0.0712 -0.1941 0.9784
vn -0.0718 0.1886 0.9794
vn 0.3996 -0.9166 -0.0072
vn 0.0728 0.0028 -0.9973
vn 0.3965 0.9180 -0.0022
vn 0.0964 -0.0025 0.9953
vn 0.0119 -0.1947 0.9808
vn 0.0113 0.1894 0.9818
vn -0.0728 -0.0028 0.9973
vn -0.3965 -0.9180 0.0022
vn -0.3996 0.9166 0.0072
vn -0.0964 0.0025 -0.9953
vn -0.0113 -0.1894 -0.9818
vn -0.0119 0.1947 -0.9808
vn 0.0017 -1.0000 -0.0027
vn 0.9999 0.0017 -0.0118
vn -0.0118 0.0027 -0.9999
vn -0.0017 1.0000 0.0027
vn 0.0118 -0.0027 0.9999
vn -0.9999 -0.0017 0.0118
vn 0.9735 -0.2041 -0.1032
vn 0.9788 0.1782 -0.1008
vn 0.9751 -0.2052 0.0839
vn 0.9804 0.1771 0.0863
vn -0.9804 -0.1771 -0.0863
vn -0.9751 0.2052 -0.0839
vn -0.9788 -0.1782 0.1008
vn -0.9735 0.2041 0.1032
vn 0.9786 -0.2055 -0.0097
vn 0.9945 -0.0132 -0.1039
vn 0.9839 0.1784 -0.0073
vn 0.9961 -0.0144 0.0867
vn -0.0087 -0.9009 0.4340
vn 0.0162 0.8954 0.4450
vn -0.9945 0.0132 0.1039
vn -0.9839 -0.1784 0.0073
vn -0.9786 0.2055 0.0097
vn -0.9961 0.0144 -0.0867
vn -0.0162 -0.8954 -0.4450
vn 0.0087 0.9009 -0.4340
vn -0.0139 -0.9999 -0.0061
vn 0.9999 -0.0138 -0.0086
vn -0.0086 0.0063 -0.9999
vn 0.0139 0.9999 0.0061
vn 0.0086 -0.0063 0.9999
vn -0.9999 0.0138 0.0086
vn 0.9753 -0.1954 -0.1033
vn 0.9772 0.1869 -0.1010
vn 0.9769 -0.1966 0.0838
vn 0.9788 0.1857 0.0861
vn -0.9788 -0.1858 -0.0861
vn -0.9769 0.1966 -0.0838
vn -0.9772 -0.1869 0.1010
vn -0.9753 0.1954 0.1033
vn 0.9804 -0.1969 -0.0098
vn 0.9946 -0.0043 -0.1040
vn 0.9823 0.1872 -0.0074
vn 0.9962 -0.0055 0.0866
vn -0.0006 -0.9009 0.4341
vn 0.0083 0.8955 0.4450
vn -0.9946 0.0043 0.1040
vn -0.9823 -0.1871 0.0074
vn -0.9804 0.1969 0.0098
vn -0.9962 0.0055 -0.0866
vn -0.0083 -0.8955 -0.4450
vn 0.0006 0.9009 -0.4341
vn -0.0050 -1.0000 -0.0061
vn 0.9999 -0.0049 -0.0088
vn -0.0087 0.0061 -0.9999
vn 0.0050 1.0000 0.0061
vn 0.0087 -0.0061 0.9999
vn -0.9999 0.0049 0.0088
vn 0.7055 -0.1685 -0.6884
vn 0.7066 0.1468 -0.6922
vn 0.6899 -0.1514 0.7079
vn 0.6909 0.1639 0.7041
vn -0.6909 -0.1639 -0.7041
vn -0.6898 0.1514 -0.7080
vn -0.7066 -0.1468 0.6923
vn -0.7055 0.1685 0.6884
vn 0.9746 -0.2235 0.0136
vn 0.7150 -0.0110 -0.6991
vn 0.9761 0.2170 0.0083
vn 0.6991 0.0063 0.7150
vn -0.0117 -0.2083 0.9780
vn -0.0102 0.2322 0.9726
vn -0.7150 0.0110 0.6990
vn -0.9761 -0.2170 -0.0083
vn -0.9746 0.2235 -0.0136
vn -0.6992 -0.0063 -0.7149
vn 0.0102 -0.2322 -0.9726
vn 0.0117 0.2083 -0.9780
vn -0.0034 -0.9999 0.0122
vn 0.9999 -0.0033 0.0112
vn 0.0112 -0.0123 -0.9999
vn 0.0034 0.9999 -0.0122
vn -0.0112 0.0123 0.9999
vn -0.9999 0.0033 -0.0112
vn 0.6964 -0.1552 -0.7007
vn 0.6974 0.1601 -0.6985
vn 0.6991 -0.1648 0.6958
vn 0.7001 0.1506 0.6980
vn -0.7001 -0.1506 -0.6980
vn -0.6991 0.1648 -0.6958
vn -0.6974 -0.1601 0.6985
vn -0.6964 0.1552 0.7007
vn 0.9747 -0.2235 -0.0034
vn 0.7057 0.0025 -0.7085
vn 0.9762 0.2170 -0.0004
vn 0.7085 -0.0072 0.7057
vn 0.0011 -0.2269 0.9739
vn 0.0026 0.2136 0.9769
vn -0.7057 -0.0025 0.7085
vn -0.9762 -0.2170 0.0004
vn -0.9747 0.2235 0.0034
vn -0.7085 0.0072 -0.7057
vn -0.0026 -0.2136 -0.9769
vn -0.0011 0.2269 -0.9739
vn -0.0033 -1.0000 -0.0068
vn 1.0000 -0.0033 -0.0020
vn -0.0019 0.0068 -1.0000
vn 0.0033 1.0000 0.0068
vn 0.0019 -0.0068 1.0000
vn -1.0000 0.0033 0.0020
vn 0.6935 -0.1426 -0.7062
vn 0.6902 0.1727 -0.7027
vn 0.7062 -0.1580 0.6901
vn 0.7029 0.1573 0.6937
vn -0.7029 -0.1573 -0.6937
vn -0.7062 0.1580 -0.6901
vn -0.6902 -0.1727 0.7027
vn -0.6935 0.1426 0.7062
vn 0.9776 -0.2100 -0.0112
vn 0.7006 0.0152 -0.7134
vn 0.9731 0.2305 -0.0063
vn 0.7135 -0.0004 0.7007
vn 0.0112 -0.2310 0.9729
vn 0.0066 0.2095 0.9778
vn -0.7006 -0.0152 0.7134
vn -0.9731 -0.2305 0.0063
vn -0.9776 0.2100 0.0112
vn -0.7135 0.0004 -0.7007
vn -0.0066 -0.2095 -0.9778
vn -0.0112 0.2310 -0.9729
vn 0.0104 -0.9999 -0.0111
vn 0.9999 0.0105 -0.0090
vn -0.0091 0.0110 -0.9999
vn -0.0104 0.9999 0.0111
vn 0.0091 -0.0110 0.9999
vn -0.9999 -0.0105 0.0090
vn 0.7053 -0.1673 -0.6889
vn 0.7062 0.1480 -0.6924
vn 0.6903 -0.1516 0.7075
vn 0.6911 0.1637 0.7039
vn -0.6911 -0.1637 -0.7040
vn -0.6903 0.1516 -0.7075
vn -0.7061 -0.1480 0.6924
vn -0.7053 0.1673 0.6889
vn 0.9748 -0.2228 0.0130
vn 0.7147 -0.0098 -0.6994
vn 0.9760 0.2177 0.0080
vn 0.6995 0.0061 0.7146
vn -0.0111 -0.2093 0.9778
vn -0.0099 0.2312 0.9729
vn -0.7147 0.0098 0.6994
vn -0.9760 -0.2177 -0.0080
vn -0.9748 0.2228 -0.0130
vn -0.6995 -0.0061 -0.7146
vn 0.0099 -0.2312 -0.9729
vn 0.0111 0.2093 -0.9778
vn -0.0027 -0.9999 0.0112
vn 0.9999 -0.0026 0.0108
vn 0.0107 -0.0112 -0.9999
vn 0.0027 0.9999 -0.0112
vn -0.0107 0.0112 0.9999
vn -0.9999 0.0026 -0.0108
vn 0.7325 -0.0000 0.6808
vn -0.7325 -0.0000 -0.6808
vn -0.2934 -0.7071 0.6434
vn -0.6020 0.7071 -0.3710
vn -0.0852 0.7071 -0.7020
vn -0.5608 -0.7071 -0.4307
vn -0.0128 -0.7071 -0.7070
vn 0.5447 0.7071 -0.4509
vn -0.6100 0.7071 -0.3575
vn 0.6100 0.7071 0.3575
vn -0.3126 0.7071 0.6343
vn -0.5613 -0.7071 -0.4301
vn -0.5613 0.7071 -0.4301
vn 0.7071 0.7071 -0.0085
vn 0.5453 0.7071 -0.4502
vn 0.3127 0.7071 0.6342
vn 0.4421 -0.0000 0.8969
vn -0.5592 0.7071 -0.4328
vn -0.3106 -0.7071 0.6352
vn -0.3106 0.7071 0.6352
vn -0.5501 0.7071 -0.4442
vn -0.5767 0.7071 0.4093
vn -0.2707 0.7071 -0.6532
vn 0.3122 0.7071 0.6344
vn -0.6887 -0.7071 0.1605
vn -0.6886 0.7071 0.1605
vn 0.4297 -0.0000 -0.9030
vn 0.4521 -0.0000 -0.8920
vn 0.6860 -0.7071 0.1713
vn 0.6861 0.7071 0.1713
vn -0.4520 -0.0000 0.8920
vn -0.7817 -0.0000 0.6236
vn 0.7818 -0.0000 -0.6236
vn -0.6914 0.7071 -0.1485
vn -0.5517 0.7071 -0.4424
vn -0.3168 0.7071 -0.6322
vn 0.2998 -0.7071 0.6404
vn 0.6913 0.7071 0.1484
vn -0.4107 0.7071 -0.5756
vn 0.6198 0.7071 0.3403
vn -0.7798 -0.0000 0.6260
vn 0.7798 -0.0000 -0.6260
vn -0.6379 0.7071 -0.3052
vn -0.5561 0.7071 -0.4367
vn 0.4106 0.7071 -0.5757
vn 0.5538 -0.7071 -0.4397
vn 0.7805 -0.0000 0.6252
vn 0.1508 0.7071 0.6909
vn 0.4474 -0.0000 -0.8944
vn -0.6878 0.7071 0.1639
vn -0.0068 -0.7071 -0.7071
vn -0.0068 0.7071 -0.7071
vn 0.6908 0.7071 0.1508
vn 0.7877 -0.0000 0.6160
vn -0.3188 0.7071 0.6312
vn 0.5610 0.7071 -0.4304
vn 0.7699 -0.0000 0.6381
vn 0.2947 0.7071 0.6428
vn -0.7699 -0.0000 -0.6381
vn 0.0007 -0.1793 -0.9838
vn 0.0119 -0.1946 0.9808
vn -0.9786 0.2056 0.0097
vn 0.9823 0.1871 -0.0074
vn -0.9823 -0.1872 0.0074
vn 0.7150 -0.0110 -0.6990
vn -0.7150 0.0110 0.6991
vn -0.6991 -0.0063 -0.7150
vn 0.7058 0.0025 -0.7085
vn -0.7084 0.0072 -0.7058
vn -0.7135 0.0004 -0.7006
vn -0.7146 0.0098 0.6994
vt 0.133666 -0.052084
vt 0.126888 -0.044084
vt 0.141263 -0.044084
vt 0.133666 0.759072
vt 0.141263 0.751072
vt 0.126888 0.751072
vt 0.247644 -0.052084
vt 0.256646 -0.044084
vt 0.244728 -0.044084
vt 0.247644 0.759072
vt 0.244728 0.751072
vt 0.256646 0.751072
vt 0.177744 -0.052084
vt 0.183031 -0.044084
vt 0.169260 -0.044084
vt 0.177744 0.759072
vt 0.169260 0.751072
vt 0.183031 0.751072
vt 0.157198 -0.052084
vt 0.165881 -0.044084
vt 0.152458 -0.044084
vt 0.157198 0.759072
vt 0.152458 0.751072
vt 0.165881 0.751072
vt 0.086720 -0.052084
vt 0.090251 -0.044084
vt 0.077773 -0.044084
vt 0.086720 0.759072
vt 0.077773 0.751072
vt 0.090251 0.751072
vt 0.189752 -0.052084
vt 0.181823 -0.044084
vt 0.196079 -0.044084
vt 0.189752 0.759072
vt 0.196079 0.751072
vt 0.181823 0.751072
vt 0.257274 -0.052084
vt 0.255677 -0.044084
vt 0.266236 -0.044084
vt 0.257274 0.759072
vt 0.266236 0.751072
vt 0.255677 0.751072
vt 0.195263 0.256646
vt 0.133666 0.283039
vt 0.141263 0.287887
vt 0.141263 0.287887
vt 0.194846 0.247644
vt 0.212616 0.183031
vt 0.203373 0.244728
vt 0.205319 0.177744
vt 0.165881 0.123565
vt 0.208355 0.169260
vt 0.157198 0.125974
vt 0.090251 0.123028
vt 0.152458 0.118310
vt 0.086720 0.131318
vt 0.042675 0.181823
vt 0.077773 0.130246
vt 0.046956 0.189752
vt 0.058981 0.255677
vt 0.040539 0.196079
vt 0.067849 0.257274
vt 0.126888 0.288976
vt 0.068795 0.266236
vt 0.195263 -0.044084
vt 0.068795 0.751072
vt 0.068795 -0.044084
vt 0.123565 -0.044084
vt 0.130246 0.751072
vt 0.130246 -0.044084
vt 0.127964 0.744138
vt 0.120645 0.752138
vt 0.135057 0.752138
vt 0.127964 0.779138
vt 0.135057 0.771138
vt 0.120645 0.771138
vt 0.255014 0.744138
vt 0.264014 0.752138
vt 0.252934 0.752138
vt 0.255014 0.779138
vt 0.252934 0.771138
vt 0.264014 0.771138
vt 0.183408 0.744138
vt 0.189374 0.752138
vt 0.175256 0.752138
vt 0.183408 0.779138
vt 0.175256 0.771138
vt 0.189374 0.771138
vt 0.168241 0.744138
vt 0.177116 0.752138
vt 0.164262 0.752138
vt 0.168241 0.779138
vt 0.164262 0.771138
vt 0.177116 0.771138
vt 0.094442 0.744138
vt 0.098755 0.752138
vt 0.085639 0.752138
vt 0.094442 0.779138
vt 0.085639 0.771138
vt 0.098755 0.771138
vt 0.179943 0.744138
vt 0.171638 0.752138
vt 0.185622 0.752138
vt 0.179943 0.779138
vt 0.185622 0.771138
vt 0.171638 0.771138
vt 0.252236 0.744138
vt 0.249791 0.752138
vt 0.261247 0.752138
vt 0.252236 0.779138
vt 0.261247 0.771138
vt 0.249791 0.771138
vt 0.194670 0.264014
vt 0.127964 0.285645
vt 0.135057 0.291203
vt 0.195124 0.255014
vt 0.219803 0.189374
vt 0.203892 0.252934
vt 0.213049 0.183408
vt 0.216889 0.175256
vt 0.168241 0.124747
vt 0.177116 0.123187
vt 0.164262 0.116662
vt 0.094442 0.123205
vt 0.098755 0.115294
vt 0.085639 0.121276
vt 0.047223 0.179943
vt 0.043727 0.171638
vt 0.053468 0.249791
vt 0.040226 0.185622
vt 0.062141 0.252236
vt 0.062219 0.261247
vt 0.120645 0.290902
vt 0.194670 0.752138
vt 0.062219 0.771138
vt 0.062219 0.752138
vt 0.123187 0.752138
vt 0.121276 0.771138
vt 0.121276 0.752138
vt 0.382443 -0.065154
vt 0.379145 -0.057154
vt 0.391416 -0.057154
vt 0.382443 0.847625
vt 0.391416 0.839625
vt 0.379145 0.839625
vt 0.123157 -0.065154
vt 0.115350 -0.057154
vt 0.129660 -0.057154
vt 0.123157 0.847625
vt 0.129660 0.839625
vt 0.115350 0.839625
vt 0.178450 -0.065154
vt 0.177101 -0.057154
vt 0.187382 -0.057154
vt 0.178450 0.847625
vt 0.187382 0.839625
vt 0.177101 0.839625
vt 0.340168 -0.065154
vt 0.346778 -0.057154
vt 0.332440 -0.057154
vt 0.340168 0.847625
vt 0.332440 0.839625
vt 0.346778 0.839625
vt 0.167569 -0.065154
vt 0.176556 -0.057154
vt 0.164417 -0.057154
vt 0.167569 0.847625
vt 0.164417 0.839625
vt 0.176556 0.839625
vt 0.109589 -0.065154
vt 0.114670 -0.057154
vt 0.101023 -0.057154
vt 0.109589 0.847625
vt 0.101023 0.839625
vt 0.114670 0.839625
vt 0.324350 -0.065154
vt 0.315737 -0.057154
vt 0.329302 -0.057154
vt 0.324350 0.847625
vt 0.329302 0.839625
vt 0.315737 0.839625
vt 0.073151 0.391416
vt 0.123157 0.413942
vt 0.073973 0.382443
vt 0.115350 0.418442
vt 0.177101 0.404038
vt 0.129660 0.420180
vt 0.178450 0.395129
vt 0.204340 0.346778
vt 0.187382 0.393933
vt 0.198215 0.340168
vt 0.202850 0.332440
vt 0.167569 0.290448
vt 0.176556 0.289781
vt 0.114670 0.275966
vt 0.164417 0.282007
vt 0.109589 0.283408
vt 0.065285 0.315737
vt 0.101023 0.280610
vt 0.067935 0.324350
vt 0.060406 0.329302
vt 0.065587 0.379145
vt 0.073151 0.839625
vt 0.073151 -0.057154
vt 0.393933 0.839625
vt 0.393933 -0.057154
vt 0.289781 -0.057154
vt 0.065285 -0.057154
vt 0.128061 0.831910
vt 0.120821 0.839910
vt 0.135237 0.839910
vt 0.128061 0.866910
vt 0.135237 0.858910
vt 0.120821 0.858910
vt 0.392953 0.831910
vt 0.401958 0.839910
vt 0.390741 0.839910
vt 0.392953 0.866910
vt 0.390741 0.858910
vt 0.401958 0.858910
vt 0.333515 0.831910
vt 0.339379 0.839910
vt 0.325306 0.839910
vt 0.333515 0.866910
vt 0.325306 0.858910
vt 0.339379 0.858910
vt 0.159383 0.831910
vt 0.168234 0.839910
vt 0.155284 0.839910
vt 0.159383 0.866910
vt 0.155284 0.858910
vt 0.168234 0.858910
vt 0.098334 0.831910
vt 0.102529 0.839910
vt 0.089504 0.839910
vt 0.098334 0.866910
vt 0.089504 0.858910
vt 0.102529 0.858910
vt 0.332697 0.831910
vt 0.324445 0.839910
vt 0.338479 0.839910
vt 0.332697 0.866910
vt 0.338479 0.858910
vt 0.324445 0.858910
vt 0.392297 0.831910
vt 0.389982 0.839910
vt 0.401305 0.839910
vt 0.392297 0.866910
vt 0.401305 0.858910
vt 0.389982 0.858910
vt 0.135237 0.424564
vt 0.183223 0.392953
vt 0.128061 0.419113
vt 0.182904 0.401958
vt 0.204004 0.339379
vt 0.191959 0.390741
vt 0.197163 0.333515
vt 0.168234 0.283864
vt 0.200880 0.325306
vt 0.159383 0.285557
vt 0.102529 0.277218
vt 0.155284 0.277533
vt 0.098334 0.285193
vt 0.056366 0.324445
vt 0.089504 0.283395
vt 0.059985 0.332697
vt 0.064507 0.389982
vt 0.053074 0.338479
vt 0.073215 0.392297
vt 0.120821 0.424478
vt 0.073427 0.401305
vt 0.182904 0.839910
vt 0.073427 0.858910
vt 0.073427 0.839910
vt 0.283864 0.839910
vt 0.283395 0.858910
vt 0.283395 0.839910
vt 0.099601 -0.084600
vt 0.092138 -0.076600
vt 0.102484 -0.076600
vt 0.099601 0.946956
vt 0.102484 0.938956
vt 0.092138 0.938956
vt 0.528344 -0.084600
vt 0.535807 -0.076600
vt 0.525461 -0.076600
vt 0.528344 0.946956
vt 0.525461 0.938956
vt 0.535807 0.938956
vt 0.158895 -0.084600
vt 0.166357 -0.076600
vt 0.156012 -0.076600
vt 0.158895 0.946956
vt 0.156012 0.938956
vt 0.166357 0.938956
vt 0.469050 -0.084600
vt 0.461587 -0.076600
vt 0.471933 -0.076600
vt 0.469050 0.946956
vt 0.471933 0.938956
vt 0.461587 0.938956
vt 0.102484 0.573131
vt 0.196220 0.528344
vt 0.099601 0.565669
vt 0.199103 0.535807
vt 0.166357 0.428842
vt 0.203682 0.525461
vt 0.158895 0.431725
vt 0.059393 0.461587
vt 0.156012 0.424262
vt 0.062276 0.469050
vt 0.092138 0.568552
vt 0.054813 0.471933
vt 0.199103 -0.076600
vt 0.568552 -0.076600
vt 0.428842 -0.076600
vt 0.059393 -0.076600
vt 0.128382 0.929548
vt 0.121077 0.937548
vt 0.135490 0.937548
vt 0.128382 0.964548
vt 0.135490 0.956548
vt 0.121077 0.956548
vt 0.546947 0.929548
vt 0.555948 0.937548
vt 0.544843 0.937548
vt 0.546947 0.964548
vt 0.544843 0.956548
vt 0.555948 0.956548
vt 0.480352 0.929548
vt 0.486300 0.937548
vt 0.472190 0.937548
vt 0.480352 0.964548
vt 0.472190 0.956548
vt 0.486300 0.956548
vt 0.165410 0.929548
vt 0.174280 0.937548
vt 0.161408 0.937548
vt 0.165410 0.964548
vt 0.161408 0.956548
vt 0.174280 0.956548
vt 0.096817 0.929548
vt 0.101110 0.937548
vt 0.088010 0.937548
vt 0.096817 0.964548
vt 0.088010 0.956548
vt 0.101110 0.956548
vt 0.477551 0.929548
vt 0.469255 0.937548
vt 0.483248 0.937548
vt 0.477551 0.964548
vt 0.483248 0.956548
vt 0.469255 0.956548
vt 0.544701 0.929548
vt 0.542279 0.937548
vt 0.553711 0.937548
vt 0.544701 0.964548
vt 0.553711 0.956548
vt 0.542279 0.956548
vt 0.135490 0.581123
vt 0.190722 0.546947
vt 0.128382 0.575585
vt 0.190293 0.555948
vt 0.199484 0.544843
vt 0.207201 0.480352
vt 0.213971 0.486300
vt 0.174280 0.424363
vt 0.211019 0.472190
vt 0.165410 0.425948
vt 0.101110 0.416777
vt 0.161408 0.417874
vt 0.096817 0.424701
vt 0.088010 0.422795
vt 0.053076 0.477551
vt 0.049558 0.469255
vt 0.058444 0.542279
vt 0.046095 0.483248
vt 0.067124 0.544701
vt 0.121077 0.580861
vt 0.067226 0.553711
vt 0.190293 0.937548
vt 0.067226 0.956548
vt 0.067226 0.937548
vt 0.424363 0.937548
vt 0.422795 0.956548
vt 0.422795 0.937548
vt 0.117173 -0.015391
vt 0.110271 -0.007391
vt 0.121218 -0.007391
vt 0.117173 0.948478
vt 0.121218 0.940478
vt 0.110271 0.940478
vt 0.657575 -0.015391
vt 0.664477 -0.007391
vt 0.653530 -0.007391
vt 0.657575 0.948478
vt 0.653530 0.940478
vt 0.664477 0.940478
vt 0.145486 -0.015391
vt 0.152388 -0.007391
vt 0.141441 -0.007391
vt 0.145486 0.948478
vt 0.141441 0.940478
vt 0.152388 0.940478
vt 0.629262 -0.015391
vt 0.622360 -0.007391
vt 0.633307 -0.007391
vt 0.629262 0.948478
vt 0.633307 0.940478
vt 0.622360 0.940478
vt 0.121218 0.704564
vt 0.185573 0.657575
vt 0.117173 0.697663
vt 0.189619 0.664477
vt 0.152388 0.585130
vt 0.192475 0.653530
vt 0.145486 0.589175
vt 0.141441 0.582273
vt 0.077086 0.629262
vt 0.073041 0.622360
vt 0.110271 0.701708
vt 0.070184 0.633307
vt 0.189619 -0.007391
vt 0.701708 -0.007391
vt 0.585130 -0.007391
vt 0.073041 -0.007391
vt 0.130494 0.932738
vt 0.123369 0.940738
vt 0.137783 0.940738
vt 0.130494 0.967738
vt 0.137783 0.959738
vt 0.123369 0.959738
vt 0.681530 0.932738
vt 0.690540 0.940738
vt 0.679136 0.940738
vt 0.681530 0.967738
vt 0.679136 0.959738
vt 0.690540 0.959738
vt 0.629591 0.932738
vt 0.635310 0.940738
vt 0.621306 0.940738
vt 0.629591 0.967738
vt 0.621306 0.959738
vt 0.635310 0.959738
vt 0.155290 0.932738
vt 0.164103 0.940738
vt 0.151023 0.940738
vt 0.155290 0.967738
vt 0.151023 0.959738
vt 0.164103 0.959738
vt 0.102197 0.932738
vt 0.106224 0.940738
vt 0.093332 0.940738
vt 0.102197 0.967738
vt 0.093332 0.959738
vt 0.106224 0.959738
vt 0.631386 0.932738
vt 0.623212 0.940738
vt 0.637313 0.940738
vt 0.631386 0.967738
vt 0.637313 0.959738
vt 0.623212 0.959738
vt 0.682970 0.932738
vt 0.680838 0.940738
vt 0.691972 0.940738
vt 0.682970 0.967738
vt 0.691972 0.959738
vt 0.680838 0.959738
vt 0.177852 0.690540
vt 0.130494 0.705286
vt 0.137783 0.710585
vt 0.177982 0.681530
vt 0.186670 0.679136
vt 0.189017 0.629591
vt 0.195981 0.635310
vt 0.164103 0.586701
vt 0.192562 0.621306
vt 0.155290 0.588579
vt 0.106224 0.581317
vt 0.151023 0.580643
vt 0.102197 0.589379
vt 0.093332 0.587767
vt 0.069720 0.631386
vt 0.065927 0.623212
vt 0.062931 0.637313
vt 0.082313 0.682970
vt 0.073557 0.680838
vt 0.123369 0.710802
vt 0.082714 0.691972
vt 0.177852 0.940738
vt 0.082714 0.959738
vt 0.082714 0.940738
vt 0.586701 0.940738
vt 0.587767 0.959738
vt 0.587767 0.940738
vt 0.815635 0.014454
vt 0.812534 0.022453
vt 0.823010 0.022453
vt 0.815635 0.993286
vt 0.823010 0.985286
vt 0.812534 0.985286
vt 0.153490 0.014454
vt 0.150389 0.022453
vt 0.160864 0.022453
vt 0.153490 0.993286
vt 0.160864 0.985286
vt 0.150389 0.985286
vt 0.767607 0.014454
vt 0.770708 0.022453
vt 0.760232 0.022453
vt 0.767607 0.993286
vt 0.760232 0.985286
vt 0.770708 0.985286
vt 0.105462 0.014454
vt 0.108563 0.022453
vt 0.098087 0.022453
vt 0.105462 0.993286
vt 0.098087 0.985286
vt 0.108563 0.985286
vt 0.067497 0.823010
vt 0.153490 0.850498
vt 0.070599 0.815635
vt 0.150389 0.857872
vt 0.195727 0.770708
vt 0.160864 0.853599
vt 0.188353 0.767607
vt 0.191454 0.760232
vt 0.105462 0.732744
vt 0.108563 0.725370
vt 0.063224 0.812534
vt 0.098087 0.729642
vt 0.067497 0.985286
vt 0.067497 0.022453
vt 0.729642 0.985286
vt 0.729642 0.022453
vt 0.853599 0.985286
vt 0.853599 0.022453
vt 0.191454 0.985286
vt 0.191454 0.022453
vt 0.130621 0.976796
vt 0.123463 0.984796
vt 0.137878 0.984796
vt 0.130621 1.011796
vt 0.137878 1.003796
vt 0.123463 1.003796
vt 0.836419 0.976796
vt 0.845429 0.984796
vt 0.834077 0.984796
vt 0.836419 1.011796
vt 0.834077 1.003796
vt 0.845429 1.003796
vt 0.777911 0.976796
vt 0.783672 0.984796
vt 0.769648 0.984796
vt 0.777911 1.011796
vt 0.769648 1.003796
vt 0.783672 1.003796
vt 0.159366 0.976796
vt 0.168190 0.984796
vt 0.155146 0.984796
vt 0.159366 1.011796
vt 0.155146 1.003796
vt 0.168190 1.003796
vt 0.099478 0.976796
vt 0.103552 0.984796
vt 0.090622 0.984796
vt 0.099478 1.011796
vt 0.090622 1.003796
vt 0.103552 1.003796
vt 0.779141 0.976796
vt 0.770944 0.984796
vt 0.785027 0.984796
vt 0.779141 1.011796
vt 0.785027 1.003796
vt 0.770944 1.003796
vt 0.837405 0.976796
vt 0.835222 0.984796
vt 0.846410 0.984796
vt 0.837405 1.011796
vt 0.846410 1.003796
vt 0.835222 1.003796
vt 0.184157 0.845429
vt 0.130621 0.862897
vt 0.137878 0.868239
vt 0.184340 0.836419
vt 0.204063 0.783672
vt 0.193042 0.834077
vt 0.197133 0.777911
vt 0.200727 0.769648
vt 0.159366 0.731430
vt 0.168190 0.729604
vt 0.103552 0.723940
vt 0.155146 0.723469
vt 0.099478 0.731977
vt 0.090622 0.730313
vt 0.062567 0.779141
vt 0.058823 0.770944
vt 0.067684 0.835222
vt 0.055744 0.785027
vt 0.076426 0.837405
vt 0.123463 0.868370
vt 0.076774 0.846410
vt 0.184157 0.984796
vt 0.076774 1.003796
vt 0.076774 0.984796
vt 0.729604 0.984796
vt 0.730313 1.003796
vt 0.730313 0.984796
vt 0.239897 -0.005061
vt 0.231952 0.002939
vt 0.240839 0.002939
vt 0.239897 0.711925
vt 0.240839 0.703925
vt 0.231952 0.703925
vt 0.237604 -0.005061
vt 0.245548 0.002939
vt 0.236661 0.002939
vt 0.237604 0.711925
vt 0.236661 0.703925
vt 0.245548 0.703925
vt 0.310067 -0.005061
vt 0.318011 0.002939
vt 0.309124 0.002939
vt 0.310067 0.711925
vt 0.309124 0.703925
vt 0.318011 0.703925
vt 0.167434 -0.005061
vt 0.159489 0.002939
vt 0.168376 0.002939
vt 0.167434 0.711925
vt 0.168376 0.703925
vt 0.159489 0.703925
vt 0.320457 0.245548
vt 0.239897 0.247051
vt 0.240839 0.254995
vt 0.319514 0.237604
vt 0.318011 0.157044
vt 0.327458 0.236661
vt 0.310067 0.157987
vt 0.229507 0.159489
vt 0.309124 0.150042
vt 0.230450 0.167434
vt 0.231952 0.247994
vt 0.222505 0.168376
vt 0.320457 0.002939
vt 0.247994 0.002939
vt 0.157044 0.002939
vt 0.229507 0.002939
vt 0.276520 0.695662
vt 0.269209 0.703662
vt 0.283622 0.703662
vt 0.276520 0.730662
vt 0.283622 0.722662
vt 0.269209 0.722662
vt 0.240760 0.695662
vt 0.249760 0.703662
vt 0.238666 0.703662
vt 0.240760 0.730662
vt 0.238666 0.722662
vt 0.249760 0.722662
vt 0.188678 0.695662
vt 0.194634 0.703662
vt 0.180520 0.703662
vt 0.188678 0.730662
vt 0.180520 0.722662
vt 0.194634 0.722662
vt 0.305635 0.695662
vt 0.314507 0.703662
vt 0.301643 0.703662
vt 0.305635 0.730662
vt 0.301643 0.722662
vt 0.314507 0.722662
vt 0.251975 0.695662
vt 0.256277 0.703662
vt 0.243170 0.703662
vt 0.251975 0.730662
vt 0.243170 0.722662
vt 0.256277 0.722662
vt 0.186335 0.695662
vt 0.178035 0.703662
vt 0.192024 0.703662
vt 0.186335 0.730662
vt 0.192024 0.722662
vt 0.178035 0.722662
vt 0.238881 0.695662
vt 0.236448 0.703662
vt 0.247891 0.703662
vt 0.238881 0.730662
vt 0.247891 0.722662
vt 0.236448 0.722662
vt 0.283622 0.268649
vt 0.325318 0.240760
vt 0.276520 0.263102
vt 0.324878 0.249760
vt 0.334083 0.238666
vt 0.338275 0.188678
vt 0.345037 0.194634
vt 0.314507 0.144502
vt 0.342103 0.180520
vt 0.305635 0.146075
vt 0.256277 0.137115
vt 0.301643 0.137996
vt 0.251975 0.145033
vt 0.214196 0.178035
vt 0.243170 0.143116
vt 0.217704 0.186335
vt 0.219951 0.236448
vt 0.210716 0.192024
vt 0.228628 0.238881
vt 0.269209 0.268369
vt 0.228718 0.247891
vt 0.324878 0.703662
vt 0.228718 0.722662
vt 0.228718 0.703662
vt 0.144502 0.703662
vt 0.143116 0.722662
vt 0.143116 0.703662
vt 0.259746 -0.002101
vt 0.252813 0.005899
vt 0.263738 0.005899
vt 0.259746 0.788080
vt 0.263738 0.780080
vt 0.252813 0.780080
vt 0.369479 -0.002101
vt 0.376412 0.005899
vt 0.365487 0.005899
vt 0.369479 0.788080
vt 0.365487 0.780080
vt 0.376412 0.780080
vt 0.296942 -0.002101
vt 0.303875 0.005899
vt 0.292950 0.005899
vt 0.296942 0.788080
vt 0.292950 0.780080
vt 0.303875 0.780080
vt 0.332283 -0.002101
vt 0.325350 0.005899
vt 0.336275 0.005899
vt 0.332283 0.788080
vt 0.336275 0.780080
vt 0.325350 0.780080
vt 0.351431 0.376412
vt 0.259746 0.419976
vt 0.263738 0.426909
vt 0.347439 0.369479
vt 0.303875 0.277794
vt 0.354372 0.365487
vt 0.296942 0.281786
vt 0.205257 0.325350
vt 0.292950 0.274853
vt 0.209249 0.332283
vt 0.202316 0.336275
vt 0.252813 0.423968
vt 0.351431 0.005899
vt 0.423968 0.005899
vt 0.277794 0.005899
vt 0.205257 0.005899
vt 0.275881 0.770823
vt 0.268603 0.778823
vt 0.283018 0.778823
vt 0.275881 0.805823
vt 0.283018 0.797823
vt 0.268603 0.797823
vt 0.397693 0.770823
vt 0.406696 0.778823
vt 0.395543 0.778823
vt 0.397693 0.805823
vt 0.395543 0.797823
vt 0.406696 0.797823
vt 0.332492 0.770823
vt 0.338404 0.778823
vt 0.324310 0.778823
vt 0.332492 0.805823
vt 0.324310 0.797823
vt 0.338404 0.797823
vt 0.311321 0.770823
vt 0.320183 0.778823
vt 0.307278 0.778823
vt 0.311321 0.805823
vt 0.307278 0.797823
vt 0.320183 0.797823
vt 0.244245 0.770823
vt 0.248496 0.778823
vt 0.235428 0.778823
vt 0.244245 0.805823
vt 0.235428 0.797823
vt 0.248496 0.797823
vt 0.330541 0.770823
vt 0.322263 0.778823
vt 0.336275 0.778823
vt 0.330541 0.805823
vt 0.336275 0.797823
vt 0.322263 0.797823
vt 0.396128 0.770823
vt 0.393752 0.778823
vt 0.405138 0.778823
vt 0.396128 0.805823
vt 0.405138 0.797823
vt 0.393752 0.797823
vt 0.283018 0.431515
vt 0.336691 0.397693
vt 0.275881 0.426014
vt 0.336308 0.406696
vt 0.359264 0.338404
vt 0.345441 0.395543
vt 0.352463 0.332492
vt 0.320183 0.277878
vt 0.356238 0.324310
vt 0.311321 0.279509
vt 0.307278 0.271456
vt 0.244245 0.278640
vt 0.248496 0.270695
vt 0.198183 0.322263
vt 0.235428 0.276780
vt 0.201745 0.330541
vt 0.194794 0.336275
vt 0.215824 0.396128
vt 0.207132 0.393752
vt 0.268603 0.431328
vt 0.215973 0.405138
vt 0.336308 0.778823
vt 0.215973 0.797823
vt 0.215973 0.778823
vt 0.277878 0.778823
vt 0.276780 0.797823
vt 0.276780 0.778823
vt 0.529640 -0.078229
vt 0.525397 -0.070229
vt 0.538459 -0.070229
vt 0.529640 0.937260
vt 0.538459 0.929261
vt 0.525397 0.929261
vt 0.259129 -0.078229
vt 0.250855 -0.070229
vt 0.264870 -0.070229
vt 0.259129 0.937260
vt 0.264870 0.929261
vt 0.250855 0.929261
vt 0.327345 -0.078229
vt 0.324977 -0.070229
vt 0.336354 -0.070229
vt 0.327345 0.937260
vt 0.336354 0.929261
vt 0.324977 0.929261
vt 0.496583 -0.078229
vt 0.503855 -0.070229
vt 0.489440 -0.070229
vt 0.496583 0.937260
vt 0.489440 0.929261
vt 0.503855 0.929261
vt 0.328852 -0.078229
vt 0.337855 -0.070229
vt 0.326693 -0.070229
vt 0.328852 0.937260
vt 0.326693 0.929261
vt 0.337855 0.929261
vt 0.261008 -0.078229
vt 0.266914 -0.070229
vt 0.252822 -0.070229
vt 0.261008 0.937260
vt 0.252822 0.929261
vt 0.266914 0.929261
vt 0.459861 -0.078229
vt 0.451000 -0.070229
vt 0.463912 -0.070229
vt 0.459861 0.937260
vt 0.463912 0.929261
vt 0.451000 0.929261
vt 0.250855 0.577371
vt 0.205095 0.529640
vt 0.203243 0.538459
vt 0.259129 0.573801
vt 0.324977 0.567783
vt 0.264870 0.580746
vt 0.327345 0.559089
vt 0.363696 0.503855
vt 0.327345 0.559089
vt 0.336354 0.558931
vt 0.358374 0.496583
vt 0.337855 0.433724
vt 0.363868 0.489440
vt 0.328852 0.433351
vt 0.266914 0.410202
vt 0.326693 0.424602
vt 0.261008 0.417008
vt 0.204292 0.451000
vt 0.252822 0.413241
vt 0.205931 0.459861
vt 0.197145 0.525397
vt 0.197882 0.463912
vt 0.203243 0.929261
vt 0.203243 -0.070229
vt 0.558931 0.929261
vt 0.558931 -0.070229
vt 0.433724 -0.070229
vt 0.204292 -0.070229
vt 0.276080 0.920190
vt 0.268782 0.928190
vt 0.283195 0.928190
vt 0.276080 0.955190
vt 0.283195 0.947190
vt 0.268782 0.947190
vt 0.549483 0.920190
vt 0.558484 0.928190
vt 0.547369 0.928190
vt 0.549483 0.955190
vt 0.547369 0.947190
vt 0.558484 0.947190
vt 0.478713 0.920190
vt 0.484653 0.928190
vt 0.470546 0.928190
vt 0.478713 0.955190
vt 0.470546 0.947190
vt 0.484653 0.947190
vt 0.315240 0.920190
vt 0.324109 0.928190
vt 0.311229 0.928190
vt 0.315240 0.955190
vt 0.311229 0.947190
vt 0.324109 0.947190
vt 0.242366 0.920190
vt 0.246650 0.928190
vt 0.233557 0.928190
vt 0.242366 0.955190
vt 0.233557 0.947190
vt 0.246650 0.947190
vt 0.475921 0.920190
vt 0.467629 0.928190
vt 0.481626 0.928190
vt 0.475921 0.955190
vt 0.481626 0.947190
vt 0.467629 0.947190
vt 0.547243 0.920190
vt 0.544832 0.928190
vt 0.556254 0.928190
vt 0.547243 0.955190
vt 0.556254 0.947190
vt 0.544832 0.947190
vt 0.341857 0.558484
vt 0.276080 0.579982
vt 0.283195 0.585512
vt 0.342276 0.549483
vt 0.366480 0.484653
vt 0.351036 0.547369
vt 0.359704 0.478713
vt 0.363512 0.470546
vt 0.315240 0.420964
vt 0.324109 0.419369
vt 0.311229 0.412894
vt 0.242366 0.419721
vt 0.246650 0.411793
vt 0.192431 0.467629
vt 0.233557 0.417825
vt 0.195959 0.475921
vt 0.202281 0.544832
vt 0.188984 0.481626
vt 0.210963 0.547243
vt 0.268782 0.585266
vt 0.211075 0.556254
vt 0.341857 0.928190
vt 0.211075 0.947190
vt 0.211075 0.928190
vt 0.419369 0.928190
vt 0.417825 0.947190
vt 0.417825 0.928190
vt 0.212438 -0.049918
vt 0.203458 -0.041918
vt 0.214233 -0.041918
vt 0.212438 0.987538
vt 0.214233 0.979538
vt 0.203458 0.979538
vt 0.290824 -0.049918
vt 0.284642 -0.041918
vt 0.298847 -0.041918
vt 0.290824 0.987538
vt 0.298847 0.979538
vt 0.284642 0.979538
vt 0.690575 -0.049918
vt 0.699496 -0.041918
vt 0.686860 -0.041918
vt 0.690575 0.987538
vt 0.686860 0.979538
vt 0.699496 0.979538
vt 0.609181 -0.049918
vt 0.613749 -0.041918
vt 0.600446 -0.041918
vt 0.609181 0.987538
vt 0.600446 0.979538
vt 0.613749 0.979538
vt 0.300591 -0.049918
vt 0.309006 -0.041918
vt 0.295143 -0.041918
vt 0.300591 0.987538
vt 0.295143 0.979538
vt 0.309006 0.979538
vt 0.220271 -0.049918
vt 0.222996 -0.041918
vt 0.211262 -0.041918
vt 0.220271 0.987538
vt 0.211262 0.979538
vt 0.222996 0.979538
vt 0.640356 -0.049918
vt 0.632870 -0.041918
vt 0.647265 -0.041918
vt 0.640356 0.987538
vt 0.647265 0.979538
vt 0.632870 0.979538
vt 0.284642 0.744481
vt 0.212438 0.715575
vt 0.214233 0.724405
vt 0.290824 0.737925
vt 0.358442 0.699496
vt 0.298847 0.742027
vt 0.357170 0.690575
vt 0.369285 0.613749
vt 0.365380 0.686860
vt 0.361517 0.609181
vt 0.363731 0.600446
vt 0.300591 0.555035
vt 0.309006 0.551810
vt 0.222996 0.560319
vt 0.295143 0.547857
vt 0.220271 0.568908
vt 0.176023 0.632870
vt 0.211262 0.568693
vt 0.181039 0.640356
vt 0.203458 0.714829
vt 0.175254 0.647265
vt 0.714829 -0.041918
vt 0.358442 -0.041918
vt 0.363731 0.979538
vt 0.363731 -0.041918
vt 0.568693 0.979538
vt 0.568693 -0.041918
vt 0.276663 0.968841
vt 0.269405 0.976841
vt 0.283820 0.976841
vt 0.276663 1.003841
vt 0.283820 0.995841
vt 0.269405 0.995841
vt 0.706546 0.968841
vt 0.715550 0.976841
vt 0.704364 0.976841
vt 0.706546 1.003841
vt 0.704364 0.995841
vt 0.715550 0.995841
vt 0.623781 0.968841
vt 0.629669 0.976841
vt 0.615586 0.976841
vt 0.623781 1.003841
vt 0.615586 0.995841
vt 0.629669 0.995841
vt 0.320945 0.968841
vt 0.329801 0.976841
vt 0.316873 0.976841
vt 0.320945 1.003841
vt 0.316873 0.995841
vt 0.329801 0.995841
vt 0.235870 0.968841
vt 0.240092 0.976841
vt 0.227046 0.976841
vt 0.235870 1.003841
vt 0.227046 0.995841
vt 0.240092 0.995841
vt 0.621992 0.968841
vt 0.613727 0.976841
vt 0.627751 0.976841
vt 0.621992 1.003841
vt 0.627751 0.995841
vt 0.613727 0.995841
vt 0.705111 0.968841
vt 0.702766 0.976841
vt 0.714120 0.976841
vt 0.705111 1.003841
vt 0.714120 0.995841
vt 0.702766 0.995841
vt 0.353308 0.715550
vt 0.276663 0.742741
vt 0.283820 0.748216
vt 0.353658 0.706546
vt 0.380187 0.629669
vt 0.362401 0.704364
vt 0.373365 0.623781
vt 0.377111 0.615586
vt 0.320945 0.556771
vt 0.329801 0.555108
vt 0.240092 0.548014
vt 0.316873 0.548732
vt 0.235870 0.555974
vt 0.178613 0.613727
vt 0.227046 0.554146
vt 0.182204 0.621992
vt 0.191658 0.702766
vt 0.175274 0.627751
vt 0.200359 0.705111
vt 0.269405 0.748081
vt 0.200540 0.714120
vt 0.353308 0.976841
vt 0.200540 0.995841
vt 0.200540 0.976841
vt 0.555108 0.976841
vt 0.554146 0.995841
vt 0.554146 0.976841
vt 0.266627 -0.009355
vt 0.258933 -0.001355
vt 0.272601 -0.001355
vt 0.266627 1.017403
vt 0.272601 1.009403
vt 0.258933 1.009403
vt 0.835939 -0.009355
vt 0.844617 -0.001355
vt 0.833918 -0.001355
vt 0.835939 1.017403
vt 0.833918 1.009403
vt 0.844617 1.009403
vt 0.772063 -0.009355
vt 0.776712 -0.001355
vt 0.763737 -0.001355
vt 0.772063 1.017403
vt 0.763737 1.009403
vt 0.776712 1.009403
vt 0.287897 -0.009355
vt 0.295591 -0.001355
vt 0.281923 -0.001355
vt 0.287897 1.017403
vt 0.281923 1.009403
vt 0.295591 1.009403
vt 0.753643 -0.009355
vt 0.744965 -0.001355
vt 0.755664 -0.001355
vt 0.753643 1.017403
vt 0.755664 1.009403
vt 0.744965 1.009403
vt 0.817519 -0.009355
vt 0.812870 -0.001355
vt 0.825845 -0.001355
vt 0.817519 1.017403
vt 0.825845 1.009403
vt 0.812870 1.009403
vt 0.326905 0.844617
vt 0.266627 0.858667
vt 0.272601 0.864972
vt 0.327263 0.835939
vt 0.335710 0.833918
vt 0.337898 0.772063
vt 0.345234 0.776712
vt 0.295591 0.726886
vt 0.340371 0.763737
vt 0.287897 0.730914
vt 0.227619 0.744965
vt 0.281923 0.724610
vt 0.227260 0.753643
vt 0.218814 0.755664
vt 0.216626 0.817519
vt 0.209290 0.812870
vt 0.214153 0.825845
vt 0.258933 0.862696
vt 0.326905 -0.001355
vt 0.214153 1.009403
vt 0.214153 -0.001355
vt 0.340371 1.009403
vt 0.340371 -0.001355
vt 0.227619 -0.001355
vt 0.275651 1.001207
vt 0.268394 1.009207
vt 0.282809 1.009207
vt 0.275651 1.036207
vt 0.282809 1.028207
vt 0.268394 1.028207
vt 0.835083 1.001207
vt 0.844087 1.009207
vt 0.832899 1.009207
vt 0.835083 1.036207
vt 0.832899 1.028207
vt 0.844087 1.028207
vt 0.777614 1.001207
vt 0.783501 1.009207
vt 0.769418 1.009207
vt 0.777614 1.036207
vt 0.769418 1.028207
vt 0.783501 1.028207
vt 0.306374 1.001207
vt 0.315230 1.009207
vt 0.302300 1.009207
vt 0.306374 1.036207
vt 0.302300 1.028207
vt 0.315230 1.028207
vt 0.247304 1.001207
vt 0.251524 1.009207
vt 0.238480 1.009207
vt 0.247304 1.036207
vt 0.238480 1.028207
vt 0.251524 1.028207
vt 0.776396 1.001207
vt 0.768132 1.009207
vt 0.782157 1.009207
vt 0.776396 1.036207
vt 0.782157 1.028207
vt 0.768132 1.028207
vt 0.834106 1.001207
vt 0.831762 1.009207
vt 0.843115 1.009207
vt 0.834106 1.036207
vt 0.843115 1.028207
vt 0.831762 1.028207
vt 0.328758 0.844087
vt 0.275651 0.860223
vt 0.282809 0.865698
vt 0.329106 0.835083
vt 0.337849 0.832899
vt 0.342779 0.777614
vt 0.349602 0.783501
vt 0.315230 0.729430
vt 0.346523 0.769418
vt 0.306374 0.731094
vt 0.302300 0.723056
vt 0.247304 0.730552
vt 0.251524 0.722590
vt 0.206457 0.768132
vt 0.238480 0.728725
vt 0.210051 0.776396
vt 0.203121 0.782157
vt 0.222666 0.834106
vt 0.213965 0.831762
vt 0.268394 0.865565
vt 0.222849 0.843115
vt 0.328758 1.009207
vt 0.222849 1.028207
vt 0.222849 1.009207
vt 0.729430 1.009207
vt 0.728725 1.028207
vt 0.728725 1.009207
vt 0.235971 -0.081920
vt 0.231104 -0.073920
vt 0.244219 -0.073920
vt 0.235971 0.796435
vt 0.244219 0.788436
vt 0.231104 0.788436
vt 0.405207 -0.081920
vt 0.397396 -0.073920
vt 0.410990 -0.073920
vt 0.405207 0.796435
vt 0.410990 0.788436
vt 0.397396 0.788436
vt 0.270100 -0.081920
vt 0.278764 -0.073920
vt 0.268333 -0.073920
vt 0.270100 0.796435
vt 0.268333 0.788436
vt 0.278764 0.788436
vt 0.170318 -0.081920
vt 0.175186 -0.073920
vt 0.162071 -0.073920
vt 0.170318 0.796435
vt 0.162071 0.788436
vt 0.175186 0.788436
vt 0.444616 -0.081920
vt 0.452428 -0.073920
vt 0.438834 -0.073920
vt 0.444616 0.796435
vt 0.438834 0.788436
vt 0.452428 0.788436
vt 0.136189 -0.081920
vt 0.127526 -0.073920
vt 0.137957 -0.073920
vt 0.136189 0.796435
vt 0.137957 0.788436
vt 0.127526 0.788436
vt 0.397396 0.306723
vt 0.328646 0.235971
vt 0.325925 0.244219
vt 0.405207 0.302927
vt 0.500855 0.278764
vt 0.410990 0.309407
vt 0.501473 0.270100
vt 0.509977 0.268333
vt 0.521178 0.170318
vt 0.528371 0.175186
vt 0.452428 0.099567
vt 0.523899 0.162071
vt 0.444616 0.103363
vt 0.438834 0.096882
vt 0.348350 0.136189
vt 0.348969 0.127526
vt 0.321452 0.231104
vt 0.339847 0.137957
vt 0.325925 0.788436
vt 0.325925 -0.073920
vt 0.500855 -0.073920
vt 0.523899 0.788436
vt 0.523899 -0.073920
vt 0.348969 -0.073920
vt 0.424919 0.778152
vt 0.417700 0.786152
vt 0.432116 0.786152
vt 0.424919 0.813152
vt 0.432116 0.805152
vt 0.417700 0.805152
vt 0.267984 0.778152
vt 0.276991 0.786152
vt 0.265739 0.786152
vt 0.267984 0.813152
vt 0.265739 0.805152
vt 0.276991 0.805152
vt 0.177921 0.778152
vt 0.183759 0.786152
vt 0.169698 0.786152
vt 0.177921 0.813152
vt 0.169698 0.805152
vt 0.183759 0.805152
vt 0.471539 0.778152
vt 0.480383 0.786152
vt 0.467408 0.786152
vt 0.471539 0.813152
vt 0.467408 0.805152
vt 0.480383 0.805152
vt 0.379118 0.778152
vt 0.383281 0.786152
vt 0.370281 0.786152
vt 0.379118 0.813152
vt 0.370281 0.805152
vt 0.383281 0.805152
vt 0.177501 0.778152
vt 0.169263 0.786152
vt 0.183311 0.786152
vt 0.177501 0.813152
vt 0.183311 0.805152
vt 0.169263 0.805152
vt 0.267647 0.778152
vt 0.265366 0.786152
vt 0.276655 0.786152
vt 0.267647 0.813152
vt 0.276655 0.805152
vt 0.265366 0.805152
vt 0.507985 0.276991
vt 0.424919 0.307916
vt 0.432116 0.313339
vt 0.508269 0.267984
vt 0.535882 0.183759
vt 0.516996 0.265739
vt 0.529017 0.177921
vt 0.480383 0.103819
vt 0.532702 0.169698
vt 0.471539 0.105547
vt 0.370281 0.103597
vt 0.321348 0.177501
vt 0.379118 0.105360
vt 0.317695 0.169263
vt 0.333013 0.265366
vt 0.314459 0.183311
vt 0.341731 0.267647
vt 0.341978 0.276655
vt 0.417700 0.313310
vt 0.507985 0.786152
vt 0.341978 0.805152
vt 0.341978 0.786152
vt 0.103819 0.786152
vt 0.103597 0.805152
vt 0.103597 0.786152
vt 0.365248 -0.022016
vt 0.357286 -0.014016
vt 0.366030 -0.014016
vt 0.365248 0.806287
vt 0.366030 0.798287
vt 0.357286 0.798287
vt 0.411237 -0.022016
vt 0.419198 -0.014016
vt 0.410455 -0.014016
vt 0.411237 0.806287
vt 0.410455 0.798287
vt 0.419198 0.798287
vt 0.488308 -0.022016
vt 0.496269 -0.014016
vt 0.487526 -0.014016
vt 0.488308 0.806287
vt 0.487526 0.798287
vt 0.496269 0.798287
vt 0.288177 -0.022016
vt 0.280215 -0.014016
vt 0.288959 -0.014016
vt 0.288177 0.806287
vt 0.288959 0.798287
vt 0.280215 0.798287
vt 0.502490 0.419198
vt 0.365248 0.424637
vt 0.366030 0.432599
vt 0.501708 0.411237
vt 0.502490 0.419198
vt 0.496269 0.273995
vt 0.509669 0.410455
vt 0.488308 0.274777
vt 0.496269 0.273995
vt 0.351066 0.280215
vt 0.487526 0.266815
vt 0.351848 0.288177
vt 0.351066 0.280215
vt 0.357286 0.425419
vt 0.343886 0.288959
vt 0.502490 -0.014016
vt 0.425419 -0.014016
vt 0.273995 -0.014016
vt 0.351066 -0.014016
vt 0.424335 0.789539
vt 0.417050 0.797539
vt 0.431464 0.797539
vt 0.424335 0.824539
vt 0.431464 0.816539
vt 0.417050 0.816539
vt 0.413882 0.789539
vt 0.422884 0.797539
vt 0.411744 0.797539
vt 0.413882 0.824539
vt 0.411744 0.816539
vt 0.422884 0.816539
vt 0.326431 0.789539
vt 0.332353 0.797539
vt 0.318254 0.797539
vt 0.326431 0.824539
vt 0.318254 0.816539
vt 0.332353 0.816539
vt 0.472180 0.789539
vt 0.481045 0.797539
vt 0.468148 0.797539
vt 0.472180 0.824539
vt 0.468148 0.816539
vt 0.481045 0.816539
vt 0.382184 0.789539
vt 0.386446 0.797539
vt 0.373369 0.797539
vt 0.382184 0.824539
vt 0.373369 0.816539
vt 0.386446 0.816539
vt 0.323511 0.789539
vt 0.315228 0.797539
vt 0.329235 0.797539
vt 0.323511 0.824539
vt 0.329235 0.816539
vt 0.315228 0.816539
vt 0.411540 0.789539
vt 0.409151 0.797539
vt 0.420550 0.797539
vt 0.411540 0.824539
vt 0.420550 0.816539
vt 0.409151 0.816539
vt 0.505587 0.422884
vt 0.424335 0.451759
vt 0.431464 0.457270
vt 0.505983 0.413882
vt 0.534067 0.332353
vt 0.514737 0.411744
vt 0.527276 0.326431
vt 0.481045 0.253641
vt 0.531063 0.318254
vt 0.472180 0.255259
vt 0.386446 0.246020
vt 0.468148 0.247200
vt 0.382184 0.253959
vt 0.321506 0.315228
vt 0.373369 0.252086
vt 0.325056 0.323511
vt 0.335126 0.409151
vt 0.318096 0.329235
vt 0.343815 0.411540
vt 0.417050 0.457062
vt 0.343951 0.420550
vt 0.505587 0.797539
vt 0.343951 0.816539
vt 0.343951 0.797539
vt 0.253641 0.797539
vt 0.252086 0.816539
vt 0.252086 0.797539
vt 0.387502 -0.085378
vt 0.380120 -0.077377
vt 0.390583 -0.077377
vt 0.387502 0.943837
vt 0.390583 0.935837
vt 0.380120 0.935837
vt 0.536962 -0.085378
vt 0.544345 -0.077377
vt 0.533881 -0.077377
vt 0.536962 0.943837
vt 0.533881 0.935837
vt 0.544345 0.935837
vt 0.464521 -0.085378
vt 0.471904 -0.077377
vt 0.461440 -0.077377
vt 0.464521 0.943837
vt 0.461440 0.935837
vt 0.471904 0.935837
vt 0.459943 -0.085378
vt 0.452561 -0.077377
vt 0.463025 -0.077377
vt 0.459943 0.943837
vt 0.463025 0.935837
vt 0.452561 0.935837
vt 0.522763 0.544345
vt 0.387502 0.592123
vt 0.390583 0.599506
vt 0.519682 0.536962
vt 0.527065 0.533881
vt 0.464521 0.404783
vt 0.471904 0.401702
vt 0.461440 0.397400
vt 0.332342 0.459943
vt 0.329261 0.452561
vt 0.324959 0.463025
vt 0.380120 0.595204
vt 0.522763 -0.077377
vt 0.595204 -0.077377
vt 0.401702 -0.077377
vt 0.329261 -0.077377
vt 0.426703 0.926897
vt 0.419528 0.934897
vt 0.433943 0.934897
vt 0.426703 0.961897
vt 0.433943 0.953897
vt 0.419528 0.953897
vt 0.564153 0.926897
vt 0.573161 0.934897
vt 0.561837 0.934897
vt 0.564153 0.961897
vt 0.561837 0.953897
vt 0.573161 0.953897
vt 0.472477 0.926897
vt 0.478259 0.934897
vt 0.464224 0.934897
vt 0.472477 0.961897
vt 0.464224 0.953897
vt 0.478259 0.953897
vt 0.472410 0.926897
vt 0.481239 0.934897
vt 0.468214 0.934897
vt 0.472410 0.961897
vt 0.468214 0.953897
vt 0.481239 0.953897
vt 0.378506 0.926897
vt 0.382605 0.934897
vt 0.369655 0.934897
vt 0.378506 0.961897
vt 0.369655 0.953897
vt 0.382605 0.953897
vt 0.473754 0.926897
vt 0.465546 0.934897
vt 0.479619 0.934897
vt 0.473754 0.961897
vt 0.479619 0.953897
vt 0.465546 0.953897
vt 0.565177 0.926897
vt 0.562966 0.934897
vt 0.574182 0.934897
vt 0.565177 0.961897
vt 0.574182 0.953897
vt 0.562966 0.953897
vt 0.433943 0.610773
vt 0.511061 0.564153
vt 0.426703 0.605408
vt 0.510850 0.573161
vt 0.538314 0.478259
vt 0.519769 0.561837
vt 0.531402 0.472477
vt 0.481239 0.397615
vt 0.535021 0.464224
vt 0.472410 0.399414
vt 0.382605 0.391958
vt 0.468214 0.391439
vt 0.378506 0.399982
vt 0.369655 0.398291
vt 0.320402 0.473754
vt 0.316683 0.465546
vt 0.333116 0.562966
vt 0.313561 0.479619
vt 0.341852 0.565177
vt 0.342172 0.574182
vt 0.419528 0.610860
vt 0.510850 0.934897
vt 0.342172 0.953897
vt 0.342172 0.934897
vt 0.397615 0.934897
vt 0.398291 0.953897
vt 0.398291 0.934897
vt 0.672694 0.003074
vt 0.667264 0.011074
vt 0.681117 0.011074
vt 0.672694 0.931814
vt 0.681117 0.923814
vt 0.667264 0.923814
vt 0.386009 0.003074
vt 0.377280 0.011074
vt 0.390598 0.011074
vt 0.386009 0.931814
vt 0.390598 0.923814
vt 0.377280 0.923814
vt 0.471647 0.003074
vt 0.467954 0.011074
vt 0.480571 0.011074
vt 0.471647 0.931814
vt 0.480571 0.923814
vt 0.467954 0.923814
vt 0.661911 0.003074
vt 0.669924 0.011074
vt 0.655712 0.011074
vt 0.661911 0.931814
vt 0.655712 0.923814
vt 0.669924 0.923814
vt 0.579489 0.003074
vt 0.581261 0.011074
vt 0.570511 0.011074
vt 0.579489 0.931814
vt 0.570511 0.923814
vt 0.581261 0.923814
vt 0.418316 0.003074
vt 0.425210 0.011074
vt 0.410817 0.011074
vt 0.418316 0.931814
vt 0.410817 0.923814
vt 0.425210 0.923814
vt 0.588136 0.003074
vt 0.579128 0.011074
vt 0.590884 0.011074
vt 0.588136 0.931814
vt 0.590884 0.923814
vt 0.579128 0.923814
vt 0.377280 0.738894
vt 0.328863 0.672694
vt 0.325661 0.681117
vt 0.386009 0.736656
vt 0.467954 0.740077
vt 0.390598 0.744412
vt 0.471647 0.731858
vt 0.480571 0.733106
vt 0.521289 0.661911
vt 0.525413 0.669924
vt 0.527829 0.655712
vt 0.497555 0.579489
vt 0.506390 0.581261
vt 0.496786 0.570511
vt 0.418316 0.546656
vt 0.425210 0.540853
vt 0.343002 0.579128
vt 0.410817 0.541659
vt 0.343241 0.588136
vt 0.334659 0.590884
vt 0.321672 0.667264
vt 0.738894 0.011074
vt 0.733106 0.923814
vt 0.733106 0.011074
vt 0.496786 0.923814
vt 0.496786 0.011074
vt 0.343002 0.011074
vt 0.423766 0.914093
vt 0.416513 0.922093
vt 0.430928 0.922093
vt 0.423766 0.949093
vt 0.430928 0.941093
vt 0.416513 0.941093
vt 0.709604 0.914093
vt 0.718609 0.922093
vt 0.707415 0.922093
vt 0.709604 0.949093
vt 0.707415 0.941093
vt 0.718609 0.941093
vt 0.622510 0.914093
vt 0.628392 0.922093
vt 0.614311 0.922093
vt 0.622510 0.949093
vt 0.614311 0.941093
vt 0.628392 0.941093
vt 0.470188 0.914093
vt 0.479043 0.922093
vt 0.466109 0.922093
vt 0.470188 0.949093
vt 0.466109 0.941093
vt 0.479043 0.941093
vt 0.380681 0.914093
vt 0.384896 0.922093
vt 0.371855 0.922093
vt 0.380681 0.949093
vt 0.371855 0.941093
vt 0.384896 0.941093
vt 0.620799 0.914093
vt 0.612538 0.922093
vt 0.626564 0.922093
vt 0.620799 0.949093
vt 0.626564 0.941093
vt 0.612538 0.941093
vt 0.708232 0.914093
vt 0.705895 0.922093
vt 0.717241 0.922093
vt 0.708232 0.949093
vt 0.717241 0.941093
vt 0.705895 0.941093
vt 0.504398 0.718609
vt 0.423766 0.747754
vt 0.430928 0.753223
vt 0.504740 0.709604
vt 0.532227 0.628392
vt 0.513482 0.707415
vt 0.525400 0.622510
vt 0.529139 0.614311
vt 0.470188 0.552055
vt 0.479043 0.550385
vt 0.384896 0.543329
vt 0.466109 0.544020
vt 0.380681 0.551294
vt 0.320679 0.612538
vt 0.371855 0.549473
vt 0.324278 0.620799
vt 0.334750 0.705895
vt 0.317352 0.626564
vt 0.343453 0.708232
vt 0.416513 0.753101
vt 0.343642 0.717241
vt 0.504398 0.922093
vt 0.343642 0.941093
vt 0.343642 0.922093
vt 0.550385 0.922093
vt 0.549473 0.941093
vt 0.549473 0.922093
vt 0.848758 -0.109450
vt 0.848041 -0.101450
vt 0.856726 -0.101450
vt 0.848758 1.116030
vt 0.856726 1.108029
vt 0.848041 1.108029
vt 0.478453 -0.109450
vt 0.477736 -0.101450
vt 0.486421 -0.101450
vt 0.478453 1.116030
vt 0.486421 1.108029
vt 0.477736 1.108029
vt 0.737692 -0.109450
vt 0.738408 -0.101450
vt 0.729724 -0.101450
vt 0.737692 1.116030
vt 0.729724 1.108029
vt 0.738408 1.108029
vt 0.367387 -0.109450
vt 0.368103 -0.101450
vt 0.359419 -0.101450
vt 0.367387 1.116030
vt 0.359419 1.108029
vt 0.368103 1.108029
vt 0.477736 0.867705
vt 0.356408 0.848758
vt 0.355691 0.856726
vt 0.478453 0.859737
vt 0.486421 0.860454
vt 0.489432 0.737692
vt 0.497400 0.738408
vt 0.368103 0.718745
vt 0.490149 0.729724
vt 0.367387 0.726713
vt 0.348440 0.848041
vt 0.359419 0.725996
vt 0.355691 1.108029
vt 0.355691 -0.101450
vt 0.725996 1.108029
vt 0.725996 -0.101450
vt 0.860454 1.108029
vt 0.860454 -0.101450
vt 0.490149 1.108029
vt 0.490149 -0.101450
vt 0.425900 1.101605
vt 0.418743 1.109605
vt 0.433158 1.109605
vt 0.425900 1.136605
vt 0.433158 1.128605
vt 0.418743 1.128605
vt 0.850298 1.101605
vt 0.859307 1.109605
vt 0.847953 1.109605
vt 0.850298 1.136605
vt 0.847953 1.128605
vt 0.859307 1.128605
vt 0.771455 1.101605
vt 0.777214 1.109605
vt 0.763190 1.109605
vt 0.771455 1.136605
vt 0.763190 1.128605
vt 0.777214 1.128605
vt 0.464605 1.101605
vt 0.473429 1.109605
vt 0.460383 1.109605
vt 0.464605 1.136605
vt 0.460383 1.128605
vt 0.473429 1.128605
vt 0.383906 1.101605
vt 0.387979 1.109605
vt 0.375049 1.109605
vt 0.383906 1.136605
vt 0.375049 1.128605
vt 0.387979 1.128605
vt 0.773142 1.101605
vt 0.764946 1.109605
vt 0.779029 1.109605
vt 0.773142 1.136605
vt 0.779029 1.128605
vt 0.764946 1.128605
vt 0.851651 1.101605
vt 0.849468 1.109605
vt 0.860655 1.109605
vt 0.851651 1.136605
vt 0.860655 1.128605
vt 0.849468 1.128605
vt 0.433158 0.891329
vt 0.498282 0.850298
vt 0.425900 0.885988
vt 0.498100 0.859307
vt 0.522438 0.777214
vt 0.506983 0.847953
vt 0.515507 0.771455
vt 0.473429 0.707002
vt 0.519099 0.763190
vt 0.464605 0.708830
vt 0.460383 0.700868
vt 0.383906 0.709580
vt 0.387979 0.701542
vt 0.375049 0.707917
vt 0.334178 0.773142
vt 0.330432 0.764946
vt 0.344124 0.849468
vt 0.327356 0.779029
vt 0.352867 0.851651
vt 0.418743 0.891463
vt 0.353216 0.860655
vt 0.498100 1.109605
vt 0.353216 1.128605
vt 0.353216 1.109605
vt 0.707002 1.109605
vt 0.707917 1.128605
vt 0.707917 1.109605
vt 0.531138 0.273933
vt 0.523196 0.279868
vt 0.530163 0.283800
vt 0.658433 0.198750
vt 0.667544 0.202661
vt 0.667465 0.194661
vt 0.529675 0.126101
vt 0.528506 0.116256
vt 0.521618 0.120324
vt 0.523196 0.771565
vt 0.530163 -0.057190
vt 0.523196 -0.057190
vt 0.194661 -0.057190
vt 0.202661 0.771565
vt 0.194661 0.771565
vt 0.521618 -0.057190
vt 0.528506 0.771565
vt 0.521618 0.771565
vt 0.530163 0.771565
vt 0.667544 -0.057190
vt 0.120324 0.771565
vt 0.279868 -0.057190
vt 0.120324 -0.057190
vt 0.667465 0.771565
vt 0.528506 -0.057190
vt 0.667465 -0.057190
vt 0.572577 0.759590
vt 0.565345 0.767590
vt 0.579760 0.767590
vt 0.572577 0.794590
vt 0.579760 0.786590
vt 0.565345 0.786590
vt 0.261168 0.759590
vt 0.270174 0.767590
vt 0.258945 0.767590
vt 0.261168 0.794590
vt 0.258945 0.786590
vt 0.270174 0.786590
vt 0.179589 0.759590
vt 0.185444 0.767590
vt 0.171376 0.767590
vt 0.179589 0.794590
vt 0.171376 0.786590
vt 0.185444 0.786590
vt 0.615301 0.759590
vt 0.624150 0.767590
vt 0.611190 0.767590
vt 0.615301 0.794590
vt 0.611190 0.786590
vt 0.624150 0.786590
vt 0.531536 0.759590
vt 0.535720 0.767590
vt 0.522704 0.767590
vt 0.531536 0.794590
vt 0.522704 0.786590
vt 0.535720 0.786590
vt 0.178726 0.759590
vt 0.170479 0.767590
vt 0.184518 0.767590
vt 0.178726 0.794590
vt 0.184518 0.786590
vt 0.170479 0.786590
vt 0.260476 0.759590
vt 0.258173 0.767590
vt 0.269484 0.767590
vt 0.260476 0.794590
vt 0.269484 0.786590
vt 0.258173 0.786590
vt 0.647906 0.270174
vt 0.572577 0.297166
vt 0.579760 0.302608
vt 0.648213 0.261168
vt 0.674077 0.185444
vt 0.656946 0.258945
vt 0.667227 0.179589
vt 0.670934 0.171376
vt 0.615301 0.113860
vt 0.624150 0.112155
vt 0.535720 0.105495
vt 0.611190 0.105841
vt 0.531536 0.113476
vt 0.475378 0.170479
vt 0.522704 0.111690
vt 0.479009 0.178726
vt 0.472106 0.184518
vt 0.497274 0.260476
vt 0.488562 0.258173
vt 0.497499 0.269484
vt 0.565345 0.302542
vt 0.647906 0.767590
vt 0.497499 0.786590
vt 0.497499 0.767590
vt 0.112155 0.767590
vt 0.111690 0.786590
vt 0.111690 0.767590
vt 0.372099 -0.011179
vt 0.367015 -0.003179
vt 0.379602 -0.003179
vt 0.372099 0.792526
vt 0.379602 0.784526
vt 0.367015 0.784526
vt 0.563152 -0.011179
vt 0.556292 -0.003179
vt 0.569196 -0.003179
vt 0.563152 0.792526
vt 0.569196 0.784526
vt 0.556292 0.784526
vt 0.386898 -0.011179
vt 0.394862 -0.003179
vt 0.382904 -0.003179
vt 0.386898 0.792526
vt 0.382904 0.784526
vt 0.394862 0.784526
vt 0.635183 -0.011179
vt 0.643472 -0.003179
vt 0.633631 -0.003179
vt 0.635183 0.792526
vt 0.633631 0.784526
vt 0.643472 0.784526
vt 0.519270 -0.011179
vt 0.522080 -0.003179
vt 0.511042 -0.003179
vt 0.519270 0.792526
vt 0.511042 0.784526
vt 0.522080 0.784526
vt 0.471218 0.379602
vt 0.563152 0.447630
vt 0.474752 0.372099
vt 0.556292 0.452291
vt 0.569196 0.453310
vt 0.662303 0.386898
vt 0.664616 0.394862
vt 0.643472 0.274093
vt 0.669572 0.382904
vt 0.635183 0.273832
vt 0.633631 0.265684
vt 0.519270 0.264686
vt 0.522080 0.256882
vt 0.511042 0.263644
vt 0.468199 0.367015
vt 0.471218 0.784526
vt 0.471218 -0.003179
vt 0.263644 0.784526
vt 0.263644 -0.003179
vt 0.664616 -0.003179
vt 0.274093 -0.003179
vt 0.575555 0.777055
vt 0.568459 0.785055
vt 0.582871 0.785055
vt 0.575555 0.812055
vt 0.582871 0.804055
vt 0.568459 0.804055
vt 0.412169 0.777055
vt 0.421180 0.785055
vt 0.409730 0.785055
vt 0.412169 0.812055
vt 0.409730 0.804055
vt 0.421180 0.804055
vt 0.323567 0.777055
vt 0.329250 0.785055
vt 0.315264 0.785055
vt 0.323567 0.812055
vt 0.315264 0.804055
vt 0.329250 0.804055
vt 0.616771 0.777055
vt 0.625574 0.785055
vt 0.612462 0.785055
vt 0.616771 0.812055
vt 0.612462 0.804055
vt 0.625574 0.804055
vt 0.526308 0.777055
vt 0.530293 0.785055
vt 0.517434 0.785055
vt 0.526308 0.812055
vt 0.517434 0.804055
vt 0.530293 0.804055
vt 0.327686 0.777055
vt 0.319532 0.785055
vt 0.333648 0.785055
vt 0.327686 0.812055
vt 0.333648 0.804055
vt 0.319532 0.804055
vt 0.415473 0.777055
vt 0.413387 0.785055
vt 0.424473 0.785055
vt 0.415473 0.812055
vt 0.424473 0.804055
vt 0.413387 0.804055
vt 0.582871 0.458332
vt 0.656264 0.412169
vt 0.575555 0.453071
vt 0.656181 0.421180
vt 0.681600 0.329250
vt 0.664939 0.409730
vt 0.674607 0.323567
vt 0.678108 0.315264
vt 0.616771 0.253983
vt 0.625574 0.252059
vt 0.612462 0.246069
vt 0.526308 0.255817
vt 0.530293 0.247734
vt 0.467504 0.319532
vt 0.517434 0.254251
vt 0.471339 0.327686
vt 0.484490 0.413387
vt 0.464582 0.333648
vt 0.493256 0.415473
vt 0.568459 0.458624
vt 0.493704 0.424473
vt 0.656181 0.785055
vt 0.493704 0.804055
vt 0.493704 0.785055
vt 0.252059 0.785055
vt 0.254251 0.804055
vt 0.254251 0.785055
vt 0.531103 -0.021189
vt 0.528067 -0.013189
vt 0.540098 -0.013189
vt 0.531103 0.884708
vt 0.540098 0.876708
vt 0.528067 0.876708
vt 0.569286 -0.021189
vt 0.561623 -0.013189
vt 0.575980 -0.013189
vt 0.569286 0.884708
vt 0.575980 0.876708
vt 0.561623 0.876708
vt 0.540397 -0.021189
vt 0.549344 -0.013189
vt 0.538925 -0.013189
vt 0.540397 0.884708
vt 0.538925 0.876708
vt 0.549344 0.876708
vt 0.485685 -0.021189
vt 0.492102 -0.013189
vt 0.477817 -0.013189
vt 0.485685 0.884708
vt 0.477817 0.876708
vt 0.492102 0.876708
vt 0.609233 -0.021189
vt 0.618195 -0.013189
vt 0.605820 -0.013189
vt 0.609233 0.884708
vt 0.605820 0.876708
vt 0.618195 0.876708
vt 0.551937 -0.021189
vt 0.556785 -0.013189
vt 0.543288 -0.013189
vt 0.551937 0.884708
vt 0.543288 0.876708
vt 0.556785 0.876708
vt 0.474096 -0.021189
vt 0.465569 -0.013189
vt 0.479279 -0.013189
vt 0.474096 0.884708
vt 0.479279 0.876708
vt 0.465569 0.876708
vt 0.519359 0.540098
vt 0.569286 0.560610
vt 0.519902 0.531103
vt 0.561623 0.565351
vt 0.622074 0.549344
vt 0.575980 0.566643
vt 0.623146 0.540397
vt 0.632036 0.538925
vt 0.640924 0.485685
vt 0.647251 0.492102
vt 0.618195 0.436727
vt 0.645316 0.477817
vt 0.609233 0.437673
vt 0.556785 0.424919
vt 0.605820 0.429333
vt 0.551937 0.432515
vt 0.509264 0.465569
vt 0.543288 0.429984
vt 0.512180 0.474096
vt 0.511417 0.528067
vt 0.504809 0.479279
vt 0.519359 0.876708
vt 0.519359 -0.013189
vt 0.622074 -0.013189
vt 0.436727 -0.013189
vt 0.429984 0.876708
vt 0.429984 -0.013189
vt 0.573972 0.865383
vt 0.566764 0.873383
vt 0.581179 0.873383
vt 0.573972 0.900383
vt 0.581179 0.892383
vt 0.566764 0.892383
vt 0.539768 0.865383
vt 0.548776 0.873383
vt 0.537506 0.873383
vt 0.539768 0.900383
vt 0.537506 0.892383
vt 0.548776 0.892383
vt 0.481140 0.865383
vt 0.486965 0.873383
vt 0.472910 0.873383
vt 0.481140 0.900383
vt 0.472910 0.892383
vt 0.486965 0.892383
vt 0.604058 0.865383
vt 0.612899 0.873383
vt 0.599912 0.873383
vt 0.604058 0.900383
vt 0.599912 0.892383
vt 0.612899 0.892383
vt 0.543921 0.865383
vt 0.548069 0.873383
vt 0.535080 0.873383
vt 0.543921 0.900383
vt 0.535080 0.892383
vt 0.548069 0.892383
vt 0.481123 0.865383
vt 0.472892 0.873383
vt 0.486945 0.873383
vt 0.481123 0.900383
vt 0.486945 0.892383
vt 0.472892 0.892383
vt 0.539754 0.865383
vt 0.537490 0.873383
vt 0.548762 0.873383
vt 0.539754 0.900383
vt 0.548762 0.892383
vt 0.537490 0.892383
vt 0.627891 0.548776
vt 0.573972 0.565854
vt 0.581179 0.571263
vt 0.628158 0.539768
vt 0.636880 0.537506
vt 0.641547 0.481140
vt 0.648423 0.486965
vt 0.612899 0.432374
vt 0.645217 0.472910
vt 0.604058 0.434118
vt 0.599912 0.426117
vt 0.543921 0.434110
vt 0.535080 0.432364
vt 0.506420 0.481123
vt 0.502752 0.472892
vt 0.511072 0.537490
vt 0.499542 0.486945
vt 0.519794 0.539754
vt 0.520058 0.548762
vt 0.566764 0.571261
vt 0.627891 0.873383
vt 0.520058 0.892383
vt 0.520058 0.873383
vt 0.432374 0.873383
vt 0.432364 0.892383
vt 0.432364 0.873383
vt 0.526422 -0.062317
vt 0.518600 -0.054317
vt 0.528102 -0.054317
vt 0.526422 0.993737
vt 0.528102 0.985737
vt 0.518600 0.985737
vt 0.690291 -0.062317
vt 0.698112 -0.054317
vt 0.688611 -0.054317
vt 0.690291 0.993737
vt 0.688611 0.985737
vt 0.698112 0.985737
vt 0.616105 -0.062317
vt 0.623927 -0.054317
vt 0.614426 -0.054317
vt 0.616105 0.993737
vt 0.614426 0.985737
vt 0.623927 0.985737
vt 0.600607 -0.062317
vt 0.592786 -0.054317
vt 0.602287 -0.054317
vt 0.600607 0.993737
vt 0.602287 0.985737
vt 0.592786 0.985737
vt 0.642312 0.698112
vt 0.526422 0.714818
vt 0.528102 0.722639
vt 0.640633 0.690291
vt 0.623927 0.574400
vt 0.648454 0.688611
vt 0.616105 0.576080
vt 0.500215 0.592786
vt 0.614426 0.568258
vt 0.501895 0.600607
vt 0.518600 0.716497
vt 0.494073 0.602287
vt 0.642312 -0.054317
vt 0.716497 -0.054317
vt 0.574400 -0.054317
vt 0.500215 -0.054317
vt 0.573515 0.979652
vt 0.566322 0.987652
vt 0.580737 0.987652
vt 0.573515 1.014652
vt 0.580737 1.006652
vt 0.566322 1.006652
vt 0.700596 0.979652
vt 0.709603 0.987652
vt 0.698309 0.987652
vt 0.700596 1.014652
vt 0.698309 1.006652
vt 0.709603 1.006652
vt 0.625432 0.979652
vt 0.631237 0.987652
vt 0.617191 0.987652
vt 0.625432 1.014652
vt 0.617191 1.006652
vt 0.631237 1.006652
vt 0.611590 0.979652
vt 0.620426 0.987652
vt 0.607421 0.987652
vt 0.611590 1.014652
vt 0.607421 1.006652
vt 0.620426 1.006652
vt 0.534540 0.979652
vt 0.538666 0.987652
vt 0.525695 0.987652
vt 0.534540 1.014652
vt 0.525695 1.006652
vt 0.538666 1.006652
vt 0.625894 0.979652
vt 0.617673 0.987652
vt 0.631736 0.987652
vt 0.625894 1.014652
vt 0.631736 1.006652
vt 0.617673 1.006652
vt 0.700966 0.979652
vt 0.698726 0.987652
vt 0.709972 0.987652
vt 0.700966 1.014652
vt 0.709972 1.006652
vt 0.698726 1.006652
vt 0.642604 0.709603
vt 0.573515 0.734211
vt 0.580737 0.739600
vt 0.642845 0.700596
vt 0.651562 0.698309
vt 0.659790 0.625432
vt 0.666682 0.631237
vt 0.620426 0.563551
vt 0.663437 0.617191
vt 0.611590 0.565320
vt 0.538666 0.557514
vt 0.607421 0.557331
vt 0.534540 0.565526
vt 0.525695 0.563804
vt 0.486661 0.625894
vt 0.482970 0.617673
vt 0.479800 0.631736
vt 0.504006 0.700966
vt 0.495278 0.698726
vt 0.504296 0.709972
vt 0.566322 0.739639
vt 0.642604 0.987652
vt 0.504296 1.006652
vt 0.504296 0.987652
vt 0.563551 0.987652
vt 0.563804 1.006652
vt 0.563804 0.987652
vt 0.806013 0.006259
vt 0.800082 0.014259
vt 0.814185 0.014259
vt 0.806013 1.002709
vt 0.814185 0.994709
vt 0.800082 0.994709
vt 0.546397 0.006259
vt 0.537530 0.014259
vt 0.550418 0.014259
vt 0.546397 1.002709
vt 0.550418 0.994709
vt 0.537530 0.994709
vt 0.599199 0.006259
vt 0.594927 0.014259
vt 0.608011 0.014259
vt 0.599199 1.002709
vt 0.608011 0.994709
vt 0.594927 0.994709
vt 0.807873 0.006259
vt 0.816160 0.014259
vt 0.802158 0.014259
vt 0.807873 1.002709
vt 0.802158 0.994709
vt 0.816160 0.994709
vt 0.756211 0.006259
vt 0.758610 0.014259
vt 0.747200 0.014259
vt 0.756211 1.002709
vt 0.747200 0.994709
vt 0.758610 0.994709
vt 0.574612 0.006259
vt 0.581904 0.014259
vt 0.567490 0.014259
vt 0.574612 1.002709
vt 0.567490 0.994709
vt 0.581904 0.994709
vt 0.754719 0.006259
vt 0.745717 0.014259
vt 0.756845 0.014259
vt 0.754719 1.002709
vt 0.756845 0.994709
vt 0.745717 0.994709
vt 0.537530 0.849418
vt 0.514123 0.806013
vt 0.510325 0.814185
vt 0.546397 0.847811
vt 0.594927 0.856573
vt 0.550418 0.855875
vt 0.599199 0.848639
vt 0.608011 0.850523
vt 0.632768 0.807873
vt 0.636308 0.816160
vt 0.639735 0.802158
vt 0.621826 0.756211
vt 0.630512 0.758610
vt 0.581904 0.727260
vt 0.621702 0.747200
vt 0.574612 0.732554
vt 0.527086 0.745717
vt 0.567490 0.727034
vt 0.526680 0.754719
vt 0.517923 0.756845
vt 0.507338 0.800082
vt 0.849418 0.014259
vt 0.850523 0.994709
vt 0.850523 0.014259
vt 0.621702 0.994709
vt 0.621702 0.014259
vt 0.527086 0.014259
vt 0.574096 0.986359
vt 0.566948 0.994359
vt 0.581363 0.994359
vt 0.574096 1.021359
vt 0.581363 1.013359
vt 0.566948 1.013359
vt 0.831387 0.986359
vt 0.840397 0.994359
vt 0.829028 0.994359
vt 0.831387 1.021359
vt 0.829028 1.013359
vt 0.840397 1.013359
vt 0.777411 0.986359
vt 0.783158 0.994359
vt 0.769140 0.994359
vt 0.777411 1.021359
vt 0.769140 1.013359
vt 0.783158 1.013359
vt 0.600375 0.986359
vt 0.609195 0.994359
vt 0.596139 0.994359
vt 0.600375 1.021359
vt 0.596139 1.013359
vt 0.609195 1.013359
vt 0.545149 0.986359
vt 0.549208 0.994359
vt 0.536290 0.994359
vt 0.545149 1.021359
vt 0.536290 1.013359
vt 0.549208 1.013359
vt 0.778779 0.986359
vt 0.770590 0.994359
vt 0.784678 0.994359
vt 0.778779 1.021359
vt 0.784678 1.013359
vt 0.770590 1.013359
vt 0.832485 0.986359
vt 0.830318 0.994359
vt 0.841489 0.994359
vt 0.832485 1.021359
vt 0.841489 1.013359
vt 0.830318 1.013359
vt 0.623422 0.840397
vt 0.574096 0.855898
vt 0.581363 0.861226
vt 0.623589 0.831387
vt 0.642224 0.783158
vt 0.632285 0.829028
vt 0.635284 0.777411
vt 0.638862 0.769140
vt 0.600375 0.734613
vt 0.609195 0.732770
vt 0.549208 0.727177
vt 0.596139 0.726659
vt 0.545149 0.735222
vt 0.507433 0.770590
vt 0.536290 0.733574
vt 0.511192 0.778779
vt 0.504380 0.784678
vt 0.524075 0.832485
vt 0.515328 0.830318
vt 0.566948 0.861385
vt 0.524440 0.841489
vt 0.623422 0.994359
vt 0.524440 1.013359
vt 0.524440 0.994359
vt 0.732770 0.994359
vt 0.733574 1.013359
vt 0.733574 0.994359
vt 0.230903 -0.007660
vt 0.227534 0.000340
vt 0.239034 0.000340
vt 0.230903 0.715687
vt 0.239034 0.707687
vt 0.227534 0.707687
vt 0.730311 -0.007660
vt 0.724765 0.000340
vt 0.737538 0.000340
vt 0.730311 0.715687
vt 0.737538 0.707687
vt 0.724765 0.707687
vt 0.210613 -0.007660
vt 0.217794 0.000340
vt 0.204998 0.000340
vt 0.210613 0.715687
vt 0.204998 0.707687
vt 0.217794 0.707687
vt 0.749211 -0.007660
vt 0.757323 0.000340
vt 0.745756 0.000340
vt 0.749211 0.715687
vt 0.745756 0.707687
vt 0.757323 0.707687
vt 0.154373 -0.007660
vt 0.146124 0.000340
vt 0.155329 0.000340
vt 0.154373 0.715687
vt 0.155329 0.707687
vt 0.146124 0.707687
vt 0.659499 0.239034
vt 0.730311 0.265662
vt 0.661136 0.230903
vt 0.724765 0.271828
vt 0.737538 0.269731
vt 0.784744 0.210613
vt 0.788895 0.217794
vt 0.757323 0.140105
vt 0.790848 0.204998
vt 0.749211 0.141833
vt 0.673680 0.146124
vt 0.745756 0.134293
vt 0.672817 0.154373
vt 0.653558 0.227534
vt 0.664578 0.155329
vt 0.659499 0.707687
vt 0.659499 0.000340
vt 0.269731 0.707687
vt 0.269731 0.000340
vt 0.140105 0.000340
vt 0.673680 0.000340
vt 0.719980 0.700173
vt 0.712703 0.708173
vt 0.727118 0.708173
vt 0.719980 0.735173
vt 0.727118 0.727173
vt 0.712703 0.727173
vt 0.245193 0.700173
vt 0.254196 0.708173
vt 0.243043 0.708173
vt 0.245193 0.735173
vt 0.243043 0.727173
vt 0.254196 0.727173
vt 0.186242 0.700173
vt 0.192154 0.708173
vt 0.178059 0.708173
vt 0.186242 0.735173
vt 0.178059 0.727173
vt 0.192154 0.727173
vt 0.752019 0.700173
vt 0.760882 0.708173
vt 0.747976 0.708173
vt 0.752019 0.735173
vt 0.747976 0.727173
vt 0.760882 0.727173
vt 0.691373 0.700173
vt 0.695623 0.708173
vt 0.682556 0.708173
vt 0.691373 0.735173
vt 0.682556 0.727173
vt 0.695623 0.727173
vt 0.184482 0.700173
vt 0.176205 0.708173
vt 0.190216 0.708173
vt 0.184482 0.735173
vt 0.190216 0.727173
vt 0.176205 0.727173
vt 0.243782 0.700173
vt 0.241406 0.708173
vt 0.252792 0.708173
vt 0.243782 0.735173
vt 0.252792 0.727173
vt 0.241406 0.727173
vt 0.727118 0.276302
vt 0.774961 0.245193
vt 0.719980 0.270801
vt 0.774579 0.254196
vt 0.796020 0.192154
vt 0.783711 0.243043
vt 0.789219 0.186242
vt 0.792994 0.178059
vt 0.752019 0.138338
vt 0.760882 0.136707
vt 0.747976 0.130286
vt 0.691373 0.137555
vt 0.695623 0.129609
vt 0.682556 0.135696
vt 0.652948 0.184482
vt 0.649386 0.176205
vt 0.645997 0.190216
vt 0.665680 0.243782
vt 0.656988 0.241406
vt 0.712703 0.276116
vt 0.665829 0.252792
vt 0.774579 0.708173
vt 0.665829 0.727173
vt 0.665829 0.708173
vt 0.136707 0.708173
vt 0.135696 0.727173
vt 0.135696 0.708173
vt 0.674435 -0.061774
vt 0.665427 -0.053774
vt 0.677161 -0.053774
vt 0.674435 0.849045
vt 0.677161 0.841045
vt 0.665427 0.841045
vt 0.740281 -0.061774
vt 0.734833 -0.053774
vt 0.748696 -0.053774
vt 0.740281 0.849045
vt 0.748696 0.841045
vt 0.734833 0.841045
vt 0.378812 -0.061774
vt 0.387547 -0.053774
vt 0.374244 -0.053774
vt 0.378812 0.849045
vt 0.374244 0.841045
vt 0.387547 0.841045
vt 0.312087 -0.061774
vt 0.315801 -0.053774
vt 0.303166 -0.053774
vt 0.312087 0.849045
vt 0.303166 0.841045
vt 0.315801 0.841045
vt 0.732271 -0.061774
vt 0.740294 -0.053774
vt 0.726089 -0.053774
vt 0.732271 0.849045
vt 0.726089 0.841045
vt 0.740294 0.841045
vt 0.668012 -0.061774
vt 0.669806 -0.053774
vt 0.659031 -0.053774
vt 0.668012 0.849045
vt 0.659031 0.841045
vt 0.669806 0.841045
vt 0.353259 -0.061774
vt 0.346350 -0.053774
vt 0.360745 -0.053774
vt 0.353259 0.849045
vt 0.360745 0.841045
vt 0.346350 0.841045
vt 0.677161 0.420419
vt 0.740281 0.423202
vt 0.674435 0.411830
vt 0.734833 0.430380
vt 0.748696 0.426427
vt 0.790227 0.378812
vt 0.792441 0.387547
vt 0.794872 0.315801
vt 0.797994 0.374244
vt 0.786662 0.312087
vt 0.787933 0.303166
vt 0.732271 0.273271
vt 0.740294 0.269168
vt 0.669806 0.282764
vt 0.726089 0.266715
vt 0.668012 0.291595
vt 0.659031 0.292340
vt 0.642272 0.353259
vt 0.636487 0.346350
vt 0.665427 0.412045
vt 0.637256 0.360745
vt 0.412045 -0.053774
vt 0.792441 -0.053774
vt 0.787933 0.841045
vt 0.787933 -0.053774
vt 0.292340 0.841045
vt 0.292340 -0.053774
vt 0.721465 0.830667
vt 0.714239 0.838667
vt 0.728655 0.838667
vt 0.721465 0.865667
vt 0.728655 0.857667
vt 0.714239 0.857667
vt 0.400274 0.830667
vt 0.409281 0.838667
vt 0.398040 0.838667
vt 0.400274 0.865667
vt 0.398040 0.857667
vt 0.409281 0.857667
vt 0.332274 0.830667
vt 0.338120 0.838667
vt 0.324055 0.838667
vt 0.332274 0.865667
vt 0.324055 0.857667
vt 0.338120 0.857667
vt 0.756867 0.830667
vt 0.765713 0.838667
vt 0.752746 0.838667
vt 0.756867 0.865667
vt 0.752746 0.857667
vt 0.765713 0.857667
vt 0.687066 0.830667
vt 0.691239 0.838667
vt 0.678231 0.838667
vt 0.687066 0.865667
vt 0.678231 0.857667
vt 0.691239 0.857667
vt 0.331759 0.830667
vt 0.323517 0.838667
vt 0.337560 0.838667
vt 0.331759 0.865667
vt 0.337560 0.857667
vt 0.323517 0.857667
vt 0.399862 0.830667
vt 0.397570 0.838667
vt 0.408870 0.838667
vt 0.399862 0.865667
vt 0.408870 0.857667
vt 0.397570 0.857667
vt 0.728655 0.435786
vt 0.784453 0.400274
vt 0.721465 0.430354
vt 0.784158 0.409281
vt 0.807066 0.338120
vt 0.793183 0.398040
vt 0.800209 0.332274
vt 0.803904 0.324055
vt 0.756867 0.277558
vt 0.765713 0.275842
vt 0.752746 0.269545
vt 0.687066 0.277329
vt 0.691239 0.269343
vt 0.639724 0.323517
vt 0.678231 0.275555
vt 0.643366 0.331759
vt 0.636470 0.337560
vt 0.658675 0.399862
vt 0.649960 0.397570
vt 0.658911 0.408870
vt 0.714239 0.435738
vt 0.784158 0.838667
vt 0.658911 0.857667
vt 0.658911 0.838667
vt 0.275842 0.838667
vt 0.275555 0.857667
vt 0.275555 0.838667
vt 0.732378 0.014571
vt 0.725866 0.022571
vt 0.740179 0.022571
vt 0.732378 0.844392
vt 0.740179 0.836392
vt 0.725866 0.836392
vt 0.547091 0.014571
vt 0.556066 0.022571
vt 0.543805 0.022571
vt 0.547091 0.844392
vt 0.543805 0.836392
vt 0.556066 0.836392
vt 0.466576 0.014571
vt 0.471539 0.022571
vt 0.457967 0.022571
vt 0.466576 0.844392
vt 0.457967 0.836392
vt 0.471539 0.836392
vt 0.751442 0.014571
vt 0.760012 0.022571
vt 0.746371 0.022571
vt 0.751442 0.844392
vt 0.746371 0.836392
vt 0.760012 0.836392
vt 0.671058 0.014571
vt 0.674222 0.022571
vt 0.662072 0.022571
vt 0.671058 0.844392
vt 0.662072 0.836392
vt 0.674222 0.836392
vt 0.488248 0.014571
vt 0.480513 0.022571
vt 0.494849 0.022571
vt 0.488248 0.844392
vt 0.494849 0.836392
vt 0.480513 0.836392
vt 0.655770 0.014571
vt 0.646840 0.022571
vt 0.657107 0.022571
vt 0.655770 0.844392
vt 0.657107 0.836392
vt 0.646840 0.836392
vt 0.740179 0.595169
vt 0.800618 0.547091
vt 0.732378 0.590658
vt 0.801427 0.556066
vt 0.816623 0.471539
vt 0.809008 0.543805
vt 0.809102 0.466576
vt 0.811764 0.457967
vt 0.751442 0.409742
vt 0.760012 0.406956
vt 0.674222 0.410950
vt 0.746371 0.402293
vt 0.671058 0.419387
vt 0.623856 0.480513
vt 0.662072 0.418708
vt 0.628479 0.488248
vt 0.646840 0.563263
vt 0.622346 0.494849
vt 0.655770 0.564471
vt 0.657107 0.573382
vt 0.725866 0.596887
vt 0.801427 0.022571
vt 0.811764 0.836392
vt 0.811764 0.022571
vt 0.418708 0.836392
vt 0.418708 0.022571
vt 0.563263 0.022571
vt 0.720246 0.828783
vt 0.712938 0.836783
vt 0.727351 0.836783
vt 0.720246 0.863783
vt 0.727351 0.855783
vt 0.712938 0.855783
vt 0.558576 0.828783
vt 0.567576 0.836783
vt 0.556477 0.836783
vt 0.558576 0.863783
vt 0.556477 0.855783
vt 0.567576 0.855783
vt 0.476555 0.828783
vt 0.482506 0.836783
vt 0.468394 0.836783
vt 0.476555 0.863783
vt 0.468394 0.855783
vt 0.482506 0.855783
vt 0.765969 0.828783
vt 0.774841 0.836783
vt 0.761972 0.836783
vt 0.765969 0.863783
vt 0.761972 0.855783
vt 0.774841 0.855783
vt 0.681476 0.828783
vt 0.685773 0.836783
vt 0.672670 0.836783
vt 0.681476 0.863783
vt 0.672670 0.855783
vt 0.685773 0.855783
vt 0.472989 0.828783
vt 0.464691 0.836783
vt 0.478682 0.836783
vt 0.472989 0.863783
vt 0.478682 0.855783
vt 0.464691 0.855783
vt 0.555716 0.828783
vt 0.553290 0.836783
vt 0.564727 0.836783
vt 0.555716 0.863783
vt 0.564727 0.855783
vt 0.553290 0.855783
vt 0.727351 0.599349
vt 0.797060 0.558576
vt 0.720246 0.593806
vt 0.796625 0.567576
vt 0.805823 0.556477
vt 0.817409 0.476555
vt 0.824175 0.482506
vt 0.821231 0.468394
vt 0.765969 0.409506
vt 0.774841 0.407927
vt 0.761972 0.401430
vt 0.681476 0.407919
vt 0.685773 0.399999
vt 0.624042 0.464691
vt 0.672670 0.406008
vt 0.627555 0.472989
vt 0.620571 0.478682
vt 0.644810 0.555716
vt 0.636131 0.553290
vt 0.712938 0.599078
vt 0.644906 0.564727
vt 0.796625 0.836783
vt 0.644906 0.855783
vt 0.644906 0.836783
vt 0.407927 0.836783
vt 0.406008 0.855783
vt 0.406008 0.836783
vt 0.672598 -0.023700
vt 0.668998 -0.015700
vt 0.680675 -0.015700
vt 0.672598 0.963588
vt 0.680675 0.955588
vt 0.668998 0.955588
vt 0.729223 -0.023700
vt 0.723490 -0.015700
vt 0.736322 -0.015700
vt 0.729223 0.963588
vt 0.736322 0.955588
vt 0.723490 0.955588
vt 0.657007 -0.023700
vt 0.664311 -0.015700
vt 0.651580 -0.015700
vt 0.657007 0.963588
vt 0.651580 0.955588
vt 0.664311 0.955588
vt 0.750640 -0.023700
vt 0.758801 -0.015700
vt 0.747418 -0.015700
vt 0.750640 0.963588
vt 0.747418 0.955588
vt 0.758801 0.955588
vt 0.678149 -0.023700
vt 0.679263 -0.015700
vt 0.669885 -0.015700
vt 0.678149 0.963588
vt 0.669885 0.955588
vt 0.679263 0.955588
vt 0.723490 0.713406
vt 0.664912 0.672598
vt 0.663027 0.680675
vt 0.729223 0.707412
vt 0.786135 0.664311
vt 0.736322 0.711700
vt 0.782206 0.657007
vt 0.758801 0.589561
vt 0.788478 0.651580
vt 0.750640 0.591041
vt 0.679263 0.592458
vt 0.747418 0.583399
vt 0.678149 0.600677
vt 0.657440 0.668998
vt 0.669885 0.601380
vt 0.663027 0.955588
vt 0.663027 -0.015700
vt 0.601380 0.955588
vt 0.601380 -0.015700
vt 0.786135 -0.015700
vt 0.589561 -0.015700
vt 0.720243 0.945001
vt 0.712995 0.953001
vt 0.727410 0.953001
vt 0.720243 0.980001
vt 0.727410 0.972001
vt 0.712995 0.972001
vt 0.686914 0.945001
vt 0.695919 0.953001
vt 0.684716 0.953001
vt 0.686914 0.980001
vt 0.684716 0.972001
vt 0.695919 0.972001
vt 0.631090 0.945001
vt 0.636965 0.953001
vt 0.622887 0.953001
vt 0.631090 0.980001
vt 0.622887 0.972001
vt 0.636965 0.972001
vt 0.749869 0.945001
vt 0.758723 0.953001
vt 0.745782 0.953001
vt 0.749869 0.980001
vt 0.745782 0.972001
vt 0.758723 0.972001
vt 0.692511 0.945001
vt 0.696719 0.953001
vt 0.683684 0.953001
vt 0.692511 0.980001
vt 0.683684 0.972001
vt 0.696719 0.972001
vt 0.630119 0.945001
vt 0.621861 0.953001
vt 0.635890 0.953001
vt 0.630119 0.980001
vt 0.635890 0.972001
vt 0.621861 0.972001
vt 0.686135 0.945001
vt 0.683806 0.953001
vt 0.695144 0.953001
vt 0.686135 0.980001
vt 0.695144 0.972001
vt 0.683806 0.972001
vt 0.727410 0.716874
vt 0.772109 0.686914
vt 0.720243 0.711411
vt 0.771775 0.695919
vt 0.780848 0.684716
vt 0.785294 0.631090
vt 0.792126 0.636965
vt 0.758723 0.584297
vt 0.789025 0.622887
vt 0.749869 0.585976
vt 0.745782 0.577945
vt 0.692511 0.585544
vt 0.696719 0.577575
vt 0.652804 0.621861
vt 0.683684 0.583732
vt 0.656411 0.630119
vt 0.649490 0.635890
vt 0.668753 0.686135
vt 0.660048 0.683806
vt 0.712995 0.716765
vt 0.668950 0.695144
vt 0.771775 0.953001
vt 0.668950 0.972001
vt 0.668950 0.953001
vt 0.584297 0.953001
vt 0.583732 0.972001
vt 0.583732 0.953001
vt 0.666691 -0.060249
vt 0.657681 -0.052249
vt 0.669124 -0.052249
vt 0.666691 1.074309
vt 0.669124 1.066309
vt 0.657681 1.066309
vt 0.741623 -0.060249
vt 0.735934 -0.052249
vt 0.749923 -0.052249
vt 0.741623 1.074309
vt 0.749923 1.066309
vt 0.735934 1.066309
vt 0.828722 -0.060249
vt 0.837527 -0.052249
vt 0.824420 -0.052249
vt 0.828722 1.074309
vt 0.824420 1.066309
vt 0.837527 1.066309
vt 0.752202 -0.060249
vt 0.756193 -0.052249
vt 0.743329 -0.052249
vt 0.752202 1.074309
vt 0.743329 1.066309
vt 0.756193 1.066309
vt 0.738284 -0.060249
vt 0.746442 -0.052249
vt 0.732328 -0.052249
vt 0.738284 1.074309
vt 0.732328 1.066309
vt 0.746442 1.066309
vt 0.664014 -0.060249
vt 0.666107 -0.052249
vt 0.655013 -0.052249
vt 0.664014 1.074309
vt 0.655013 1.066309
vt 0.666107 1.066309
vt 0.793717 -0.060249
vt 0.786616 -0.052249
vt 0.801029 -0.052249
vt 0.793717 1.074309
vt 0.801029 1.066309
vt 0.786616 1.066309
vt 0.669124 0.870691
vt 0.741623 0.877593
vt 0.666691 0.862015
vt 0.735934 0.884581
vt 0.802439 0.837527
vt 0.749923 0.881101
vt 0.800522 0.828722
vt 0.807115 0.756193
vt 0.808440 0.824420
vt 0.799036 0.752202
vt 0.746442 0.701827
vt 0.800609 0.743329
vt 0.738284 0.705655
vt 0.732328 0.698893
vt 0.664014 0.724131
vt 0.666107 0.715366
vt 0.655013 0.724571
vt 0.632152 0.793717
vt 0.626605 0.786616
vt 0.626884 0.801029
vt 0.657681 0.861924
vt 0.861924 -0.052249
vt 0.802439 -0.052249
vt 0.800609 1.066309
vt 0.800609 -0.052249
vt 0.724571 1.066309
vt 0.724571 -0.052249
vt 0.723550 1.054783
vt 0.716435 1.062783
vt 0.730849 1.062783
vt 0.723550 1.089783
vt 0.730849 1.081783
vt 0.716435 1.081783
vt 0.849751 1.054783
vt 0.858762 1.062783
vt 0.847341 1.062783
vt 0.849751 1.089783
vt 0.847341 1.081783
vt 0.858762 1.081783
vt 0.771561 1.054783
vt 0.777268 1.062783
vt 0.763270 1.062783
vt 0.771561 1.089783
vt 0.763270 1.081783
vt 0.777268 1.081783
vt 0.760537 1.054783
vt 0.769346 1.062783
vt 0.756255 1.062783
vt 0.760537 1.089783
vt 0.756255 1.081783
vt 0.769346 1.081783
vt 0.680644 1.054783
vt 0.684656 1.062783
vt 0.671776 1.062783
vt 0.680644 1.089783
vt 0.671776 1.081783
vt 0.684656 1.081783
vt 0.774597 1.054783
vt 0.766430 1.062783
vt 0.780536 1.062783
vt 0.774597 1.089783
vt 0.780536 1.081783
vt 0.766430 1.081783
vt 0.852186 1.054783
vt 0.850071 1.062783
vt 0.861187 1.062783
vt 0.852186 1.089783
vt 0.861187 1.081783
vt 0.850071 1.081783
vt 0.730849 0.890918
vt 0.794945 0.849751
vt 0.723550 0.885633
vt 0.794831 0.858762
vt 0.818379 0.777268
vt 0.803627 0.847341
vt 0.811405 0.771561
vt 0.769346 0.708047
vt 0.814934 0.763270
vt 0.760537 0.709942
vt 0.684656 0.703224
vt 0.756255 0.702013
vt 0.680644 0.711293
vt 0.671776 0.709697
vt 0.631889 0.774597
vt 0.628081 0.766430
vt 0.642224 0.850071
vt 0.625112 0.780536
vt 0.650984 0.852186
vt 0.716435 0.891162
vt 0.651402 0.861187
vt 0.794831 1.062783
vt 0.651402 1.081783
vt 0.651402 1.062783
vt 0.708047 1.062783
vt 0.709697 1.081783
vt 0.709697 1.062783
vt 0.839488 -0.040187
vt 0.831073 -0.032187
vt 0.844934 -0.032187
vt 0.839488 0.749195
vt 0.844934 0.741195
vt 0.831073 0.741195
vt 0.924375 -0.040187
vt 0.921646 -0.032187
vt 0.933383 -0.032187
vt 0.924375 0.749195
vt 0.933383 0.741195
vt 0.921646 0.741195
vt 0.208658 -0.040187
vt 0.216145 -0.032187
vt 0.201751 -0.032187
vt 0.208658 0.749195
vt 0.201751 0.741195
vt 0.216145 0.741195
vt 0.932710 -0.040187
vt 0.941690 -0.032187
vt 0.930919 -0.032187
vt 0.932710 0.749195
vt 0.930919 0.741195
vt 0.941690 0.741195
vt 0.849883 -0.040187
vt 0.856067 -0.032187
vt 0.841861 -0.032187
vt 0.849883 0.749195
vt 0.841861 0.741195
vt 0.856067 0.741195
vt 0.155517 -0.040187
vt 0.146596 -0.032187
vt 0.159229 -0.032187
vt 0.155517 0.749195
vt 0.159229 0.741195
vt 0.146596 0.741195
vt 0.241531 -0.040187
vt 0.236960 -0.032187
vt 0.250265 -0.032187
vt 0.241531 0.749195
vt 0.250265 0.741195
vt 0.236960 0.741195
vt 0.844934 0.305955
vt 0.924375 0.284146
vt 0.839488 0.298776
vt 0.921646 0.292734
vt 0.970876 0.216145
vt 0.933383 0.284364
vt 0.965862 0.208658
vt 0.971650 0.201751
vt 0.932710 0.129155
vt 0.941690 0.129904
vt 0.930919 0.120324
vt 0.849883 0.105505
vt 0.856067 0.098952
vt 0.778482 0.146596
vt 0.841861 0.101400
vt 0.779750 0.155517
vt 0.767359 0.236960
vt 0.771539 0.159229
vt 0.775124 0.241531
vt 0.831073 0.301997
vt 0.772907 0.250265
vt 0.772907 0.741195
vt 0.772907 -0.032187
vt 0.284364 0.741195
vt 0.284364 -0.032187
vt 0.129904 -0.032187
vt 0.778482 -0.032187
vt 0.868931 0.732135
vt 0.861735 0.740135
vt 0.876151 0.740135
vt 0.868931 0.767135
vt 0.876151 0.759135
vt 0.861735 0.759135
vt 0.266301 0.732135
vt 0.275308 0.740135
vt 0.264018 0.740135
vt 0.266301 0.767135
vt 0.264018 0.759135
vt 0.275308 0.759135
vt 0.178619 0.732135
vt 0.184427 0.740135
vt 0.170380 0.740135
vt 0.178619 0.767135
vt 0.170380 0.759135
vt 0.184427 0.759135
vt 0.913440 0.732135
vt 0.922277 0.740135
vt 0.909275 0.740135
vt 0.913440 0.767135
vt 0.909275 0.759135
vt 0.922277 0.759135
vt 0.823549 0.732135
vt 0.827679 0.740135
vt 0.814705 0.740135
vt 0.823549 0.767135
vt 0.814705 0.759135
vt 0.827679 0.759135
vt 0.179066 0.732135
vt 0.170844 0.740135
vt 0.184905 0.740135
vt 0.179066 0.767135
vt 0.184905 0.759135
vt 0.170844 0.759135
vt 0.266660 0.732135
vt 0.264416 0.740135
vt 0.275666 0.740135
vt 0.266660 0.767135
vt 0.275666 0.759135
vt 0.264416 0.759135
vt 0.876151 0.310875
vt 0.949834 0.266301
vt 0.868931 0.305482
vt 0.949588 0.275308
vt 0.958551 0.264018
vt 0.969642 0.178619
vt 0.976532 0.184427
vt 0.922277 0.106698
vt 0.973293 0.170380
vt 0.913440 0.108463
vt 0.763971 0.170844
vt 0.823549 0.108662
vt 0.814705 0.106937
vt 0.767658 0.179066
vt 0.779128 0.264416
vt 0.760795 0.184905
vt 0.787855 0.266660
vt 0.861735 0.310907
vt 0.788141 0.275666
vt 0.949588 0.740135
vt 0.788141 0.759135
vt 0.788141 0.740135
vt 0.106698 0.740135
vt 0.106937 0.759135
vt 0.106937 0.740135
vt 0.817048 0.365835
vt 0.807190 0.364781
vt 0.809621 0.372402
vt 0.908658 0.385826
vt 0.912674 0.394891
vt 0.918059 0.388974
vt 0.880166 0.296494
vt 0.886008 0.288483
vt 0.878192 0.286778
vt 0.364781 0.798500
vt 0.372402 -0.016057
vt 0.364781 -0.016057
vt 0.388974 -0.016057
vt 0.394891 0.798500
vt 0.388974 0.798500
vt 0.878192 -0.016057
vt 0.886008 0.798500
vt 0.878192 0.798500
vt 0.809621 0.798500
vt 0.912674 -0.016057
vt 0.809621 -0.016057
vt 0.286778 0.798500
vt 0.286778 -0.016057
vt 0.288483 -0.016057
vt 0.869746 0.790457
vt 0.862621 0.798457
vt 0.877034 0.798457
vt 0.869746 0.825457
vt 0.877034 0.817457
vt 0.862621 0.817457
vt 0.387829 0.790457
vt 0.396839 0.798457
vt 0.385435 0.798457
vt 0.387829 0.825457
vt 0.385435 0.817457
vt 0.396839 0.817457
vt 0.333453 0.790457
vt 0.339172 0.798457
vt 0.325168 0.798457
vt 0.333453 0.825457
vt 0.325168 0.817457
vt 0.339172 0.817457
vt 0.895712 0.790457
vt 0.904525 0.798457
vt 0.891445 0.798457
vt 0.895712 0.825457
vt 0.891445 0.817457
vt 0.904525 0.817457
vt 0.840127 0.790457
vt 0.844154 0.798457
vt 0.831262 0.798457
vt 0.840127 0.825457
vt 0.831262 0.817457
vt 0.844154 0.817457
vt 0.335326 0.790457
vt 0.327152 0.798457
vt 0.341252 0.798457
vt 0.335326 0.825457
vt 0.341252 0.817457
vt 0.327152 0.817457
vt 0.389332 0.790457
vt 0.387199 0.798457
vt 0.398334 0.798457
vt 0.389332 0.825457
vt 0.398334 0.817457
vt 0.387199 0.817457
vt 0.919334 0.396839
vt 0.869746 0.412698
vt 0.877034 0.417997
vt 0.919464 0.387829
vt 0.928152 0.385435
vt 0.931020 0.333453
vt 0.937983 0.339172
vt 0.904525 0.288637
vt 0.934565 0.325168
vt 0.895712 0.290515
vt 0.844154 0.283287
vt 0.891445 0.282578
vt 0.840127 0.291349
vt 0.802331 0.327152
vt 0.831262 0.289736
vt 0.806123 0.335326
vt 0.810549 0.387199
vt 0.799335 0.341252
vt 0.819305 0.389332
vt 0.819705 0.398334
vt 0.862621 0.418213
vt 0.919334 0.798457
vt 0.819705 0.817457
vt 0.819705 0.798457
vt 0.288637 0.798457
vt 0.289736 0.817457
vt 0.289736 0.798457
vt 0.829149 -0.019806
vt 0.821150 -0.011806
vt 0.829207 -0.011806
vt 0.829149 0.883750
vt 0.829207 0.875750
vt 0.821150 0.875750
vt 0.539455 -0.019806
vt 0.547455 -0.011806
vt 0.539398 -0.011806
vt 0.539455 0.883750
vt 0.539398 0.875750
vt 0.547455 0.875750
vt 0.913542 -0.019806
vt 0.921542 -0.011806
vt 0.913485 -0.011806
vt 0.913542 0.883750
vt 0.913485 0.875750
vt 0.921542 0.875750
vt 0.455063 -0.019806
vt 0.447063 -0.011806
vt 0.455120 -0.011806
vt 0.455063 0.883750
vt 0.455120 0.875750
vt 0.447063 0.875750
vt 0.829207 0.548066
vt 0.914153 0.539455
vt 0.829149 0.540066
vt 0.914210 0.547455
vt 0.922153 0.539398
vt 0.913542 0.454452
vt 0.921542 0.454394
vt 0.828481 0.447063
vt 0.913485 0.446452
vt 0.828539 0.455063
vt 0.821150 0.540123
vt 0.820539 0.455120
vt 0.914210 -0.011806
vt 0.540123 -0.011806
vt 0.454394 -0.011806
vt 0.828481 -0.011806
vt 0.867698 0.864947
vt 0.860439 0.872947
vt 0.874854 0.872947
vt 0.867698 0.899947
vt 0.874854 0.891947
vt 0.860439 0.891947
vt 0.537742 0.864947
vt 0.546747 0.872947
vt 0.535563 0.872947
vt 0.537742 0.899947
vt 0.535563 0.891947
vt 0.546747 0.891947
vt 0.482537 0.864947
vt 0.488426 0.872947
vt 0.474342 0.872947
vt 0.482537 0.899947
vt 0.474342 0.891947
vt 0.488426 0.891947
vt 0.897259 0.864947
vt 0.906116 0.872947
vt 0.893188 0.872947
vt 0.897259 0.899947
vt 0.893188 0.891947
vt 0.906116 0.891947
vt 0.840510 0.864947
vt 0.844734 0.872947
vt 0.831687 0.872947
vt 0.840510 0.899947
vt 0.831687 0.891947
vt 0.844734 0.891947
vt 0.481320 0.864947
vt 0.473055 0.872947
vt 0.487078 0.872947
vt 0.481320 0.899947
vt 0.487078 0.891947
vt 0.473055 0.891947
vt 0.536766 0.864947
vt 0.534420 0.872947
vt 0.545776 0.872947
vt 0.536766 0.899947
vt 0.545776 0.891947
vt 0.534420 0.891947
vt 0.874854 0.567354
vt 0.919062 0.537742
vt 0.867698 0.561877
vt 0.918710 0.546747
vt 0.927805 0.535563
vt 0.932218 0.482537
vt 0.939038 0.488426
vt 0.935965 0.474342
vt 0.897259 0.437832
vt 0.906116 0.436171
vt 0.844734 0.429330
vt 0.893188 0.429792
vt 0.840510 0.437290
vt 0.801115 0.473055
vt 0.831687 0.435460
vt 0.804705 0.481320
vt 0.808104 0.534420
vt 0.797773 0.487078
vt 0.816804 0.536766
vt 0.816984 0.545776
vt 0.860439 0.567216
vt 0.918710 0.872947
vt 0.816984 0.891947
vt 0.816984 0.872947
vt 0.436171 0.872947
vt 0.435460 0.891947
vt 0.435460 0.872947
vt 0.846129 -0.031385
vt 0.837676 -0.023385
vt 0.851490 -0.023385
vt 0.846129 0.965661
vt 0.851490 0.957661
vt 0.837676 0.957661
vt 0.909560 -0.031385
vt 0.906731 -0.023385
vt 0.918565 -0.023385
vt 0.909560 0.965661
vt 0.918565 0.957661
vt 0.906731 0.957661
vt 0.647827 -0.031385
vt 0.655373 -0.023385
vt 0.640988 -0.023385
vt 0.647827 0.965661
vt 0.640988 0.957661
vt 0.655373 0.957661
vt 0.917125 -0.031385
vt 0.926096 -0.023385
vt 0.915437 -0.023385
vt 0.917125 0.965661
vt 0.915437 0.957661
vt 0.926096 0.957661
vt 0.855563 -0.031385
vt 0.861823 -0.023385
vt 0.847589 -0.023385
vt 0.855563 0.965661
vt 0.847589 0.957661
vt 0.861823 0.957661
vt 0.606578 -0.031385
vt 0.597642 -0.023385
vt 0.610193 -0.023385
vt 0.606578 0.965661
vt 0.610193 0.957661
vt 0.597642 0.957661
vt 0.670682 -0.031385
vt 0.666020 -0.023385
vt 0.679389 -0.023385
vt 0.670682 0.965661
vt 0.679389 0.957661
vt 0.666020 0.957661
vt 0.906731 0.712317
vt 0.846129 0.713933
vt 0.851490 0.721175
vt 0.909560 0.703761
vt 0.946082 0.655373
vt 0.918565 0.704085
vt 0.941156 0.647827
vt 0.926096 0.589103
vt 0.947024 0.640988
vt 0.917125 0.588250
vt 0.915437 0.579398
vt 0.855563 0.569892
vt 0.861823 0.563411
vt 0.801662 0.597642
vt 0.847589 0.565693
vt 0.802826 0.606578
vt 0.790916 0.666020
vt 0.794572 0.610193
vt 0.798628 0.670682
vt 0.837676 0.717056
vt 0.796308 0.679389
vt 0.796308 0.957661
vt 0.796308 -0.023385
vt 0.704085 0.957661
vt 0.704085 -0.023385
vt 0.589103 -0.023385
vt 0.801662 -0.023385
vt 0.870316 0.949913
vt 0.863169 0.957913
vt 0.877583 0.957913
vt 0.870316 0.984913
vt 0.877583 0.976913
vt 0.863169 0.976913
vt 0.691941 0.949913
vt 0.700951 0.957913
vt 0.689581 0.957913
vt 0.691941 0.984913
vt 0.689581 0.976913
vt 0.700951 0.976913
vt 0.626343 0.949913
vt 0.632090 0.957913
vt 0.618072 0.957913
vt 0.626343 0.984913
vt 0.618072 0.976913
vt 0.632090 0.976913
vt 0.902245 0.949913
vt 0.911065 0.957913
vt 0.898009 0.957913
vt 0.902245 0.984913
vt 0.898009 0.976913
vt 0.911065 0.976913
vt 0.835129 0.949913
vt 0.839188 0.957913
vt 0.826270 0.957913
vt 0.835129 0.984913
vt 0.826270 0.976913
vt 0.839188 0.976913
vt 0.628014 0.949913
vt 0.619824 0.957913
vt 0.633913 0.957913
vt 0.628014 0.984913
vt 0.633913 0.976913
vt 0.619824 0.976913
vt 0.693281 0.949913
vt 0.691114 0.957913
vt 0.702285 0.957913
vt 0.693281 0.984913
vt 0.702285 0.976913
vt 0.691114 0.976913
vt 0.877583 0.727059
vt 0.930462 0.691941
vt 0.870316 0.721731
vt 0.930296 0.700951
vt 0.939159 0.689581
vt 0.944672 0.626343
vt 0.951612 0.632090
vt 0.948249 0.618072
vt 0.902245 0.574334
vt 0.911065 0.572490
vt 0.898009 0.566380
vt 0.835129 0.575077
vt 0.839188 0.567032
vt 0.826270 0.573430
vt 0.793865 0.628014
vt 0.790105 0.619824
vt 0.787053 0.633913
vt 0.809524 0.693281
vt 0.800778 0.691114
vt 0.863169 0.727219
vt 0.809890 0.702285
vt 0.930296 0.957913
vt 0.809890 0.976913
vt 0.809890 0.957913
vt 0.572490 0.957913
vt 0.573430 0.976913
vt 0.573430 0.957913
vt 0.819200 -0.069292
vt 0.813695 -0.061292
vt 0.827164 -0.061292
vt 0.819200 1.082636
vt 0.827164 1.074636
vt 0.813695 1.074636
vt 0.839178 -0.069292
vt 0.831052 -0.061292
vt 0.844342 -0.061292
vt 0.839178 1.082636
vt 0.844342 1.074636
vt 0.831052 1.074636
vt 0.939830 -0.069292
vt 0.938420 -0.061292
vt 0.948460 -0.061292
vt 0.939830 1.082636
vt 0.948460 1.074636
vt 0.938420 1.074636
vt 0.770605 -0.069292
vt 0.776111 -0.061292
vt 0.762642 -0.061292
vt 0.770605 1.082636
vt 0.762642 1.074636
vt 0.776111 1.074636
vt 0.897746 -0.069292
vt 0.905872 -0.061292
vt 0.892582 -0.061292
vt 0.897746 1.082636
vt 0.892582 1.074636
vt 0.905872 1.074636
vt 0.797094 -0.069292
vt 0.798503 -0.061292
vt 0.788464 -0.061292
vt 0.797094 1.082636
vt 0.788464 1.074636
vt 0.798503 1.074636
vt 0.764345 0.827164
vt 0.839178 0.894219
vt 0.767810 0.819200
vt 0.831052 0.897283
vt 0.938420 0.878491
vt 0.844342 0.901202
vt 0.939830 0.869921
vt 0.975831 0.776111
vt 0.948460 0.868941
vt 0.969114 0.770605
vt 0.905872 0.692523
vt 0.972579 0.762642
vt 0.897746 0.695587
vt 0.798503 0.711315
vt 0.892582 0.688604
vt 0.797094 0.719885
vt 0.761093 0.813695
vt 0.788464 0.720865
vt 0.897283 -0.061292
vt 0.720865 1.074636
vt 0.720865 -0.061292
vt 0.868941 1.074636
vt 0.868941 -0.061292
vt 0.692523 -0.061292
vt 0.871684 1.064189
vt 0.864580 1.072189
vt 0.878993 1.072189
vt 0.871684 1.099189
vt 0.878993 1.091189
vt 0.864580 1.091189
vt 0.859312 1.064189
vt 0.868323 1.072189
vt 0.856885 1.072189
vt 0.859312 1.099189
vt 0.856885 1.091189
vt 0.868323 1.091189
vt 0.767216 1.064189
vt 0.772909 1.072189
vt 0.758918 1.072189
vt 0.767216 1.099189
vt 0.758918 1.091189
vt 0.772909 1.091189
vt 0.914832 1.064189
vt 0.923639 1.072189
vt 0.910535 1.072189
vt 0.914832 1.099189
vt 0.910535 1.091189
vt 0.923639 1.091189
vt 0.820772 1.064189
vt 0.824768 1.072189
vt 0.811900 1.072189
vt 0.820772 1.099189
vt 0.811900 1.091189
vt 0.824768 1.091189
vt 0.771198 1.064189
vt 0.763038 1.072189
vt 0.777150 1.072189
vt 0.771198 1.099189
vt 0.777150 1.091189
vt 0.763038 1.091189
vt 0.862506 1.064189
vt 0.860407 1.072189
vt 0.871506 1.072189
vt 0.862506 1.099189
vt 0.871506 1.091189
vt 0.860407 1.091189
vt 0.878993 0.906992
vt 0.955661 0.859312
vt 0.871684 0.901720
vt 0.955565 0.868323
vt 0.981848 0.772909
vt 0.964339 0.856885
vt 0.974863 0.767216
vt 0.923639 0.692870
vt 0.978377 0.758918
vt 0.914832 0.694782
vt 0.910535 0.686862
vt 0.820772 0.696554
vt 0.824768 0.688477
vt 0.759689 0.763038
vt 0.811900 0.694975
vt 0.763512 0.771198
vt 0.777407 0.860407
vt 0.756747 0.777150
vt 0.786170 0.862506
vt 0.864580 0.907263
vt 0.786605 0.871506
vt 0.955565 1.072189
vt 0.786605 1.091189
vt 0.786605 1.072189
vt 0.692870 1.072189
vt 0.694975 1.091189
vt 0.694975 1.072189
vt -0.015986 -0.119088
vt -0.016054 -0.113555
vt -0.028770 -0.113719
vt -0.021323 0.335337
vt -0.021385 0.340842
vt -0.034039 0.335173
vt -0.015726 -0.120219
vt -0.028510 -0.114850
vt -0.015787 -0.114714
vt -0.021124 0.339711
vt -0.021056 0.334178
vt -0.033778 0.334042
vt 1.018498 -0.106908
vt 1.031152 -0.101239
vt 1.018430 -0.101375
vt 1.013100 0.353022
vt 1.013161 0.347517
vt 1.025884 0.347653
vt 1.018759 -0.108039
vt 1.018697 -0.102534
vt 1.031413 -0.102371
vt 1.013360 0.351891
vt 1.026144 0.346521
vt 1.013428 0.346357
vt -0.015986 0.034138
vt -0.028510 0.122078
vt -0.015726 0.121971
vt -0.021385 0.040079
vt -0.033778 0.127876
vt -0.034039 0.040044
vt 1.018498 0.031229
vt 1.031413 0.119097
vt 1.031152 0.031265
vt 1.013100 0.037170
vt 1.026144 0.124895
vt 1.013360 0.125002
vt 1.018759 0.119062
vt 0.040044 0.335173
vt 0.122078 -0.114850
vt 0.034245 -0.113719
vt -0.021124 0.127911
vt 0.124895 0.346521
vt 0.031265 -0.101239
vt 0.119097 -0.102371
vt -0.017878 -0.113109
vt -0.017856 -0.107586
vt -0.030587 -0.107567
vt -0.017085 0.341372
vt -0.017088 0.346889
vt -0.029817 0.341391
vt -0.018915 -0.113345
vt -0.031625 -0.107803
vt -0.018918 -0.107828
vt -0.018126 0.346653
vt -0.018148 0.341130
vt -0.030854 0.341155
vt 1.016608 -0.114917
vt 1.029337 -0.109420
vt 1.016631 -0.109394
vt 1.017398 0.345080
vt 1.017401 0.339563
vt 1.030108 0.339538
vt 1.015571 -0.115154
vt 1.015568 -0.109636
vt 1.028300 -0.109656
vt 1.016361 0.344844
vt 1.029070 0.339302
vt 1.016339 0.339321
vt -0.018915 0.957815
vt -0.030587 0.869846
vt -0.031625 0.957680
vt -0.018126 0.959061
vt -0.029817 0.871063
vt -0.017088 0.871228
vt 1.015571 0.970026
vt 1.029337 0.882358
vt 1.016608 0.882193
vt 1.017398 0.883439
vt 1.029070 0.971408
vt 1.016361 0.971273
vt -0.017878 0.869981
vt 0.871063 0.341391
vt 0.957680 -0.107803
vt 0.869846 -0.107567
vt 0.971408 0.339302
vt 0.882358 -0.109420
vt 0.970192 -0.109656
vt 0.040776 -0.111825
vt 0.029531 -0.106236
vt 0.040801 -0.106321
vt 0.032287 0.342673
vt 0.043600 0.348122
vt 0.043557 0.342587
vt 0.958165 -0.117566
vt 0.958189 -0.112062
vt 0.969478 -0.112118
vt 0.960988 0.342381
vt 0.972234 0.336791
vt 0.960945 0.336847
vt 0.041535 -0.110612
vt 0.041578 -0.105078
vt 0.030289 -0.105022
vt 0.044358 0.349335
vt 0.033045 0.343886
vt 0.044334 0.343831
vt 0.958923 -0.116353
vt 0.970236 -0.110904
vt 0.958966 -0.110818
vt 0.961747 0.343594
vt 0.961722 0.338090
vt 0.972992 0.338005
vt 0.041698 0.958923
vt -0.046304 0.969478
vt 0.041525 0.970236
vt -0.052511 0.960988
vt 0.035298 0.972992
vt -0.052531 0.972234
vt 0.049542 0.041535
vt -0.038266 0.029531
vt -0.038286 0.040776
vt -0.044666 0.043600
vt 0.043335 0.033045
vt 0.043162 0.044358
vt -0.046131 0.958165
vt 0.043335 0.343886
vt -0.038266 -0.106236
vt 0.049562 -0.105022
vt 0.035317 0.961747
vt -0.052531 0.336791
vt 0.041525 -0.110904
vt -0.046304 -0.112118
vt 0.039474 -0.111841
vt 0.028228 -0.106252
vt 0.039498 -0.106327
vt 0.030955 0.342694
vt 0.042268 0.348144
vt 0.042225 0.342619
vt 0.956862 -0.117455
vt 0.956886 -0.111940
vt 0.968174 -0.112004
vt 0.959656 0.342531
vt 0.970902 0.336942
vt 0.959613 0.337006
vt 0.040245 -0.111407
vt 0.040288 -0.105882
vt 0.028999 -0.105818
vt 0.043039 0.348579
vt 0.031726 0.343128
vt 0.043015 0.343064
vt 0.957633 -0.117020
vt 0.968945 -0.111570
vt 0.957676 -0.111495
vt 0.960427 0.342965
vt 0.960403 0.337451
vt 0.971673 0.337377
vt 0.951675 0.956862
vt 1.039384 0.968945
vt 1.039510 0.957633
vt 1.037212 0.960427
vt 0.949306 0.970902
vt 0.949377 0.959656
vt 0.959699 0.039474
vt 1.047606 0.028999
vt 0.959770 0.028228
vt 0.957401 0.042268
vt 1.045363 0.031726
vt 1.045237 0.043039
vt 1.047606 -0.105818
vt 0.957527 0.342694
vt 0.959770 -0.106252
vt 0.949306 0.336942
vt 1.039384 -0.111570
vt 0.951549 -0.112004
vt 0.015887 -0.133987
vt 0.014116 -0.126568
vt 0.015815 -0.126553
vt 0.006726 0.478503
vt 0.008315 0.485963
vt 0.008425 0.478518
vt -0.066788 -0.132313
vt -0.068494 -0.124879
vt -0.066795 -0.124853
vt -0.068923 0.487637
vt -0.068879 0.480218
vt -0.070577 0.480192
vt 0.068313 -0.133535
vt 0.069967 -0.126090
vt 0.068269 -0.126116
vt 0.066178 0.486415
vt 0.066185 0.478955
vt 0.067884 0.478981
vt 0.150973 -0.131861
vt 0.152562 -0.124401
vt 0.150863 -0.124416
vt 0.143401 0.488089
vt 0.143473 0.480655
vt 0.145172 0.480670
vt 0.152508 -0.132313
vt 0.152436 -0.124879
vt 0.144936 0.487637
vt 0.069842 -0.131861
vt 0.069836 -0.124401
vt 0.067708 0.488089
vt 0.014242 -0.126090
vt 0.014352 -0.133535
vt 0.006780 0.486415
vt -0.068362 -0.126568
vt -0.068318 -0.133987
vt -0.070453 0.485963
vt -0.066788 0.152508
vt 0.068313 0.014352
vt -0.068318 0.015887
vt 0.067708 0.143401
vt -0.070453 0.008315
vt 0.066178 0.006780
vt -0.067832 -0.135673
vt -0.067854 -0.128222
vt -0.069537 -0.128239
vt -0.069872 0.476881
vt -0.069901 0.484309
vt -0.071556 0.476864
vt 0.985774 -0.136605
vt 0.985822 -0.129171
vt 0.987505 -0.129177
vt 0.990000 0.483377
vt 0.991629 0.475926
vt 0.989946 0.475931
vt 0.849405 -0.135219
vt 0.849459 -0.127774
vt 0.847775 -0.127768
vt 0.853630 0.484763
vt 0.851900 0.477335
vt 0.853583 0.477329
vt 0.068543 -0.136151
vt 0.068515 -0.128723
vt 0.070199 -0.128706
vt 0.066475 0.483831
vt 0.068180 0.476397
vt 0.066496 0.476380
vt 0.849138 -0.135673
vt 0.853364 0.484309
vt 0.853310 0.476864
vt -0.068096 -0.136605
vt -0.070164 0.483377
vt -0.070143 0.475926
vt 0.986041 -0.136151
vt 0.990267 0.483831
vt 0.990219 0.476397
vt 0.068807 -0.135219
vt 0.066767 0.477335
vt 0.066738 0.484763
vt -0.068096 0.985774
vt 0.068807 0.849405
vt -0.067832 0.849138
vt 0.849185 -0.128239
vt 0.068785 -0.127768
vt -0.070164 0.990000
vt 0.066738 0.853630
vt 0.066475 0.990267
vt -0.068124 -0.129177
vt 0.986095 -0.128706
vt 0.927423 -0.131025
vt 0.927516 -0.123567
vt 0.925821 -0.123568
vt 0.933815 0.481483
vt 0.933878 0.488903
vt 0.932120 0.481482
vt 0.144001 -0.132530
vt 0.144068 -0.125073
vt 0.145763 -0.125109
vt 0.150889 0.487398
vt 0.152486 0.479940
vt 0.150791 0.479977
vt 0.008607 -0.132461
vt 0.008704 -0.125040
vt 0.007010 -0.125003
vt 0.015495 0.487467
vt 0.013733 0.480046
vt 0.015428 0.480010
vt 1.062802 -0.133966
vt 1.062864 -0.126546
vt 1.064559 -0.126545
vt 1.069257 0.485962
vt 1.070859 0.478505
vt 1.069164 0.478504
vt 0.007375 -0.131025
vt 0.014165 0.481482
vt 0.014263 0.488903
vt 0.926175 -0.132530
vt 0.932537 0.479940
vt 0.932630 0.487398
vt 0.145233 -0.133966
vt 0.152054 0.478505
vt 0.152121 0.485962
vt 1.064050 -0.132461
vt 1.070442 0.480046
vt 1.070504 0.487467
vt 1.062802 0.145233
vt 0.927423 0.007375
vt 0.926175 0.144001
vt 0.007442 -0.123568
vt 1.064143 -0.125003
vt 1.069257 0.152121
vt 0.933878 0.014263
vt 1.070504 0.015495
vt 0.926237 -0.125109
vt 0.145330 -0.126545
vt 0.856589 -0.134291
vt 0.854826 -0.126870
vt 0.856524 -0.126855
vt 0.848042 0.478210
vt 0.849638 0.485668
vt 0.849740 0.478224
vt 0.932507 -0.132755
vt 0.930807 -0.125320
vt 0.932505 -0.125296
vt 0.930822 0.487204
vt 0.930860 0.479783
vt 0.929162 0.479760
vt 1.067671 -0.133936
vt 1.069330 -0.126492
vt 1.067632 -0.126515
vt 1.065986 0.486023
vt 1.065988 0.478565
vt 1.067686 0.478588
vt 0.991741 -0.132400
vt 0.993337 -0.124942
vt 0.991639 -0.124956
vt 0.984790 0.487559
vt 0.984855 0.480124
vt 0.986553 0.480138
vt 0.993213 -0.132755
vt 0.993147 -0.125320
vt 0.986262 0.487204
vt 1.069138 -0.132400
vt 1.069136 -0.124942
vt 1.067492 0.480138
vt 0.855117 -0.133936
vt 0.855016 -0.126492
vt 0.848167 0.486023
vt 0.931001 -0.126870
vt 0.931039 -0.134291
vt 0.929354 0.485668
vt 1.069138 0.991741
vt 0.931039 0.856589
vt 0.932507 0.993213
vt 0.930822 0.986262
vt 1.065986 0.848167
vt 1.067453 0.984790
vt 0.195263 0.751072
vt 0.123565 0.751072
vt 0.194670 0.771138
vt 0.123187 0.771138
vt 0.289781 0.839625
vt 0.065285 0.839625
vt 0.182904 0.858910
vt 0.283864 0.858910
vt 0.199103 0.938956
vt 0.568552 0.938956
vt 0.428842 0.938956
vt 0.059393 0.938956
vt 0.190293 0.956548
vt 0.424363 0.956548
vt 0.189619 0.940478
vt 0.701708 0.940478
vt 0.585130 0.940478
vt 0.073041 0.940478
vt 0.177852 0.959738
vt 0.586701 0.959738
vt 0.184157 1.003796
vt 0.729604 1.003796
vt 0.320457 0.703925
vt 0.247994 0.703925
vt 0.157044 0.703925
vt 0.229507 0.703925
vt 0.324878 0.722662
vt 0.144502 0.722662
vt 0.351431 0.780080
vt 0.423968 0.780080
vt 0.277794 0.780080
vt 0.205257 0.780080
vt 0.336308 0.797823
vt 0.277878 0.797823
vt 0.252822 0.413241
vt 0.433724 0.929261
vt 0.204292 0.929261
vt 0.341857 0.947190
vt 0.419369 0.947190
vt 0.714829 0.979538
vt 0.358442 0.979538
vt 0.353308 0.995841
vt 0.555108 0.995841
vt 0.326905 1.009403
vt 0.227619 1.009403
vt 0.328758 1.028207
vt 0.729430 1.028207
vt 0.500855 0.788436
vt 0.348969 0.788436
vt 0.507985 0.805152
vt 0.103819 0.805152
vt 0.502490 0.798287
vt 0.425419 0.798287
vt 0.273995 0.798287
vt 0.351066 0.798287
vt 0.505587 0.816539
vt 0.253641 0.816539
vt 0.522763 0.935837
vt 0.595204 0.935837
vt 0.401702 0.935837
vt 0.329261 0.935837
vt 0.510850 0.953897
vt 0.397615 0.953897
vt 0.738894 0.923814
vt 0.343002 0.923814
vt 0.504398 0.941093
vt 0.550385 0.941093
vt 0.498100 1.128605
vt 0.707002 1.128605
vt 0.202661 -0.057190
vt 0.667544 0.771565
vt 0.279868 0.771565
vt 0.647906 0.786590
vt 0.112155 0.786590
vt 0.664616 0.784526
vt 0.274093 0.784526
vt 0.656181 0.804055
vt 0.252059 0.804055
vt 0.622074 0.876708
vt 0.436727 0.876708
vt 0.548069 0.426111
vt 0.627891 0.892383
vt 0.432374 0.892383
vt 0.642312 0.985737
vt 0.716497 0.985737
vt 0.574400 0.985737
vt 0.500215 0.985737
vt 0.642604 1.006652
vt 0.563551 1.006652
vt 0.849418 0.994709
vt 0.527086 0.994709
vt 0.623422 1.013359
vt 0.732770 1.013359
vt 0.664578 0.155329
vt 0.140105 0.707687
vt 0.673680 0.707687
vt 0.774579 0.727173
vt 0.136707 0.727173
vt 0.412045 0.841045
vt 0.792441 0.841045
vt 0.784158 0.857667
vt 0.275842 0.857667
vt 0.801427 0.836392
vt 0.563263 0.836392
vt 0.796625 0.855783
vt 0.407927 0.855783
vt 0.786135 0.955588
vt 0.589561 0.955588
vt 0.771775 0.972001
vt 0.584297 0.972001
vt 0.861924 1.066309
vt 0.802439 1.066309
vt 0.794831 1.081783
vt 0.708047 1.081783
vt 0.129904 0.741195
vt 0.778482 0.741195
vt 0.949588 0.759135
vt 0.106698 0.759135
vt 0.372402 0.798500
vt 0.394891 -0.016057
vt 0.886008 -0.016057
vt 0.912674 0.798500
vt 0.288483 0.798500
vt 0.919334 0.817457
vt 0.288637 0.817457
vt 0.914210 0.875750
vt 0.540123 0.875750
vt 0.454394 0.875750
vt 0.828481 0.875750
vt 0.918710 0.891947
vt 0.436171 0.891947
vt 0.589103 0.957661
vt 0.801662 0.957661
vt 0.930296 0.976913
vt 0.572490 0.976913
vt 0.897283 1.074636
vt 0.692523 1.074636
vt 0.955565 1.091189
vt 0.692870 1.091189
vt -0.028770 0.034245
vt 1.025884 0.037063
vt 0.127876 0.334042
vt 0.037063 0.347653
vt -0.030854 0.958896
vt 1.028300 0.970192
vt 1.030108 0.883575
vt 0.958896 0.341155
vt 0.883575 0.339538
vt 0.049562 0.030289
vt -0.044493 0.032287
vt -0.044493 0.342673
vt 0.035298 0.338005
vt 0.951549 0.968174
vt 1.037141 0.971673
vt 1.047535 0.040245
vt 0.957527 0.030955
vt 1.045363 0.343128
vt 1.037141 0.337377
vt 0.145046 0.480192
vt 0.067752 0.480670
vt 0.006852 0.478981
vt -0.070446 0.478503
vt 0.069842 0.150973
vt -0.068923 0.144936
vt 0.068543 0.986041
vt -0.069901 0.853364
vt 1.064050 0.008607
vt 0.932630 0.150889
vt 0.986363 0.479760
vt 1.067453 0.487559
vt 0.848232 0.478588
vt 0.929356 0.478210
vt 1.067671 0.855117
vt 0.929354 0.849638
s 0
usemtl wood
f 1/1/1 2/2/1 3/3/1
f 4/4/2 5/5/2 6/6/2
f 7/7/3 8/8/3 9/9/3
f 10/10/4 11/11/4 12/12/4
f 13/13/5 14/14/5 15/15/5
f 16/16/6 17/17/6 18/18/6
f 19/19/7 20/20/7 21/21/7
f 22/22/8 23/23/8 24/24/8
f 25/25/9 26/26/9 27/27/9
f 28/28/10 29/29/10 30/30/10
f 31/31/11 32/32/11 33/33/11
f 34/34/12 35/35/12 36/36/12
f 37/37/13 38/38/13 39/39/13
f 40/40/14 41/41/14 42/42/14
f 8/43/15 1/44/15 3/45/15
f 5/46/16 10/47/16 12/43/16
f 6/6/17 3/3/17 2/2/17
f 9/9/18 12/12/18 11/11/18
f 14/48/19 7/47/19 9/49/19
f 11/49/20 16/50/20 18/48/20
f 15/15/21 18/18/21 17/17/21
f 20/51/22 13/50/22 15/52/22
f 24/51/23 16/50/23 22/53/23
f 21/21/24 24/24/24 23/23/24
f 26/54/25 19/53/25 21/55/25
f 30/54/26 22/53/26 28/56/26
f 27/27/27 30/30/27 29/29/27
f 32/57/28 25/56/28 27/58/28
f 29/58/29 34/59/29 36/57/29
f 33/33/30 36/36/30 35/35/30
f 38/60/31 31/59/31 33/61/31
f 42/60/32 34/59/32 40/62/32
f 39/39/33 42/42/33 41/41/33
f 2/63/34 37/62/34 39/64/34
f 41/64/35 4/44/35 6/63/35
f 37/62/36 7/47/36 19/53/36
f 5/5/37 8/65/37 3/3/37
f 41/66/38 2/2/38 39/67/38
f 4/44/39 34/59/39 22/53/39
f 11/11/40 14/14/40 9/9/40
f 17/17/41 20/68/41 15/15/41
f 23/23/42 26/26/42 21/21/42
f 29/69/43 32/32/43 27/70/43
f 35/35/44 38/38/44 33/33/44
f 43/71/45 44/72/45 45/73/45
f 46/74/46 47/75/46 48/76/46
f 49/77/47 50/78/47 51/79/47
f 52/80/48 53/81/48 54/82/48
f 55/83/49 56/84/49 57/85/49
f 58/86/50 59/87/50 60/88/50
f 61/89/51 62/90/51 63/91/51
f 64/92/52 65/93/52 66/94/52
f 67/95/53 68/96/53 69/97/53
f 70/98/54 71/99/54 72/100/54
f 73/101/55 74/102/55 75/103/55
f 76/104/56 77/105/56 78/106/56
f 79/107/57 80/108/57 81/109/57
f 82/110/58 83/111/58 84/112/58
f 50/113/59 43/114/59 45/115/59
f 47/115/60 52/116/60 54/113/60
f 48/76/61 45/73/61 44/72/61
f 51/79/62 54/82/62 53/81/62
f 56/117/63 49/116/63 51/118/63
f 53/118/64 58/119/64 60/117/64
f 57/85/65 60/88/65 59/87/65
f 57/120/66 61/121/66 55/119/66
f 66/122/67 58/119/67 64/121/67
f 63/91/68 66/94/68 65/93/68
f 63/123/69 67/124/69 61/121/69
f 65/123/70 70/124/70 72/125/70
f 69/97/71 72/100/71 71/99/71
f 69/126/72 73/127/72 67/124/72
f 71/126/73 76/127/73 78/128/73
f 75/103/74 78/106/74 77/105/74
f 80/129/75 73/127/75 75/130/75
f 84/129/76 76/127/76 82/131/76
f 81/109/77 84/112/77 83/111/77
f 81/132/78 43/114/78 79/131/78
f 83/132/79 46/114/79 48/133/79
f 79/131/36 49/116/36 61/121/36
f 47/75/80 50/134/80 45/73/80
f 83/135/81 44/72/81 81/136/81
f 58/119/39 46/114/39 76/127/39
f 53/81/82 56/84/82 51/79/82
f 59/87/83 62/137/83 57/85/83
f 65/93/84 68/96/84 63/91/84
f 71/138/85 74/102/85 69/139/85
f 77/105/86 80/108/86 75/103/86
f 85/140/87 86/141/87 87/142/87
f 88/143/88 89/144/88 90/145/88
f 91/146/89 92/147/89 93/148/89
f 94/149/90 95/150/90 96/151/90
f 97/152/91 98/153/91 99/154/91
f 100/155/92 101/156/92 102/157/92
f 103/158/93 104/159/93 105/160/93
f 106/161/94 107/162/94 108/163/94
f 109/164/95 110/165/95 111/166/95
f 112/167/96 113/168/96 114/169/96
f 115/170/97 116/171/97 117/172/97
f 118/173/98 119/174/98 120/175/98
f 121/176/99 122/177/99 123/178/99
f 124/179/100 125/180/100 126/181/100
f 87/182/101 91/183/101 85/184/101
f 89/182/102 94/183/102 96/185/102
f 90/145/103 87/142/103 86/141/103
f 93/148/104 96/151/104 95/150/104
f 98/186/105 91/183/105 93/187/105
f 95/187/106 100/188/106 102/186/106
f 99/154/107 102/157/107 101/156/107
f 104/189/108 97/188/108 99/190/108
f 108/189/109 100/188/109 106/191/109
f 105/160/110 108/163/110 107/162/110
f 105/192/111 109/193/111 103/191/111
f 107/192/112 112/193/112 114/194/112
f 111/166/113 114/169/113 113/168/113
f 116/195/114 109/193/114 111/196/114
f 113/196/115 118/197/115 120/195/115
f 117/172/116 120/175/116 119/174/116
f 122/198/117 115/197/117 117/199/117
f 126/198/118 118/197/118 124/200/118
f 123/178/119 126/181/119 125/180/119
f 123/201/120 85/184/120 121/200/120
f 90/202/121 124/200/121 88/184/121
f 121/200/36 91/183/36 103/191/36
f 89/203/122 92/147/122 87/204/122
f 125/180/123 86/141/123 123/178/123
f 88/184/39 118/197/39 106/191/39
f 95/150/124 98/153/124 93/148/124
f 101/205/125 104/159/125 99/206/125
f 107/162/126 110/207/126 105/160/126
f 113/168/127 116/171/127 111/166/127
f 119/174/128 122/208/128 117/172/128
f 127/209/129 128/210/129 129/211/129
f 130/212/130 131/213/130 132/214/130
f 133/215/131 134/216/131 135/217/131
f 136/218/132 137/219/132 138/220/132
f 139/221/133 140/222/133 141/223/133
f 142/224/134 143/225/134 144/226/134
f 145/227/135 146/228/135 147/229/135
f 148/230/136 149/231/136 150/232/136
f 151/233/137 152/234/137 153/235/137
f 154/236/138 155/237/138 156/238/138
f 157/239/139 158/240/139 159/241/139
f 160/242/140 161/243/140 162/244/140
f 163/245/141 164/246/141 165/247/141
f 166/248/142 167/249/142 168/250/142
f 129/251/143 133/252/143 127/253/143
f 131/251/144 136/252/144 138/254/144
f 132/214/145 129/211/145 128/210/145
f 135/217/146 138/220/146 137/219/146
f 140/255/147 133/252/147 135/256/147
f 144/255/148 136/252/148 142/257/148
f 141/223/149 144/226/149 143/225/149
f 146/258/150 139/257/150 141/259/150
f 143/259/151 148/260/151 150/258/151
f 147/229/152 150/232/152 149/231/152
f 152/261/153 145/260/153 147/262/153
f 149/262/154 154/263/154 156/261/154
f 153/235/155 156/238/155 155/237/155
f 158/264/156 151/263/156 153/265/156
f 162/264/157 154/263/157 160/266/157
f 159/241/158 162/244/158 161/243/158
f 164/267/159 157/266/159 159/268/159
f 168/267/160 160/266/160 166/269/160
f 165/247/161 168/250/161 167/249/161
f 128/270/162 163/269/162 165/271/162
f 167/271/163 130/253/163 132/270/163
f 151/263/36 157/266/36 133/252/36
f 131/213/164 134/272/164 129/211/164
f 167/273/165 128/210/165 165/274/165
f 154/263/39 148/260/39 130/253/39
f 137/219/166 140/222/166 135/217/166
f 143/225/167 146/275/167 141/223/167
f 149/231/168 152/234/168 147/229/168
f 155/276/169 158/240/169 153/277/169
f 161/243/170 164/246/170 159/241/170
f 169/278/171 170/279/171 171/280/171
f 172/281/172 173/282/172 174/283/172
f 175/284/173 176/285/173 177/286/173
f 178/287/174 179/288/174 180/289/174
f 181/290/175 182/291/175 183/292/175
f 184/293/176 185/294/176 186/295/176
f 187/296/177 188/297/177 189/298/177
f 190/299/178 191/300/178 192/301/178
f 171/302/179 175/303/179 169/304/179
f 173/302/180 178/303/180 180/305/180
f 174/283/181 171/280/181 170/279/181
f 177/286/182 180/289/182 179/288/182
f 182/306/183 175/303/183 177/307/183
f 179/307/184 184/308/184 186/306/184
f 183/292/185 186/295/185 185/294/185
f 188/309/186 181/308/186 183/310/186
f 192/309/187 184/308/187 190/311/187
f 189/298/188 192/301/188 191/300/188
f 170/312/189 187/311/189 189/313/189
f 174/312/190 190/311/190 172/304/190
f 175/303/36 187/311/36 169/304/36
f 173/282/191 176/314/191 171/280/191
f 191/300/192 170/315/192 189/298/192
f 172/304/39 184/308/39 178/303/39
f 179/288/193 182/316/193 177/286/193
f 185/294/194 188/317/194 183/292/194
f 193/318/195 194/319/195 195/320/195
f 196/321/196 197/322/196 198/323/196
f 199/324/197 200/325/197 201/326/197
f 202/327/198 203/328/198 204/329/198
f 205/330/199 206/331/199 207/332/199
f 208/333/200 209/334/200 210/335/200
f 211/336/201 212/337/201 213/338/201
f 214/339/202 215/340/202 216/341/202
f 217/342/203 218/343/203 219/344/203
f 220/345/204 221/346/204 222/347/204
f 223/348/205 224/349/205 225/350/205
f 226/351/206 227/352/206 228/353/206
f 229/354/207 230/355/207 231/356/207
f 232/357/208 233/358/208 234/359/208
f 195/360/209 199/361/209 193/362/209
f 197/360/210 202/361/210 204/363/210
f 198/323/211 195/320/211 194/319/211
f 201/326/212 204/329/212 203/328/212
f 201/364/213 205/365/213 199/361/213
f 203/364/214 208/365/214 210/366/214
f 207/332/215 210/335/215 209/334/215
f 212/367/216 205/365/216 207/368/216
f 209/368/217 214/369/217 216/367/217
f 213/338/218 216/341/218 215/340/218
f 218/370/219 211/369/219 213/371/219
f 222/370/220 214/369/220 220/372/220
f 219/344/221 222/347/221 221/346/221
f 219/373/222 223/374/222 217/372/222
f 221/373/223 226/374/223 228/375/223
f 225/350/224 228/353/224 227/352/224
f 230/376/225 223/374/225 225/377/225
f 234/376/226 226/374/226 232/378/226
f 231/356/227 234/359/227 233/358/227
f 194/379/228 229/378/228 231/380/228
f 233/380/229 196/362/229 198/379/229
f 199/361/36 211/369/36 223/374/36
f 197/322/230 200/381/230 195/320/230
f 233/382/231 194/319/231 231/383/231
f 214/369/39 208/365/39 196/362/39
f 203/328/232 206/331/232 201/326/232
f 209/334/233 212/384/233 207/332/233
f 215/340/234 218/343/234 213/338/234
f 221/385/235 224/349/235 219/386/235
f 227/352/236 230/355/236 225/350/236
f 235/387/237 236/388/237 237/389/237
f 238/390/238 239/391/238 240/392/238
f 241/393/239 242/394/239 243/395/239
f 244/396/240 245/397/240 246/398/240
f 247/399/241 248/400/241 249/401/241
f 250/402/242 251/403/242 252/404/242
f 253/405/243 254/406/243 255/407/243
f 256/408/244 257/409/244 258/410/244
f 237/411/245 241/412/245 235/413/245
f 239/411/246 244/412/246 246/414/246
f 240/392/247 237/389/247 236/388/247
f 243/395/248 246/398/248 245/397/248
f 248/415/249 241/412/249 243/416/249
f 245/416/250 250/417/250 252/415/250
f 249/401/251 252/404/251 251/403/251
f 249/418/252 253/419/252 247/417/252
f 251/418/253 256/419/253 258/420/253
f 255/407/254 258/410/254 257/409/254
f 236/421/255 253/419/255 255/422/255
f 257/422/256 238/413/256 240/421/256
f 235/413/36 247/417/36 253/419/36
f 239/391/257 242/423/257 237/389/257
f 257/409/258 236/424/258 255/407/258
f 238/413/39 250/417/39 244/412/39
f 245/397/259 248/425/259 243/395/259
f 251/403/260 254/426/260 249/401/260
f 259/427/261 260/428/261 261/429/261
f 262/430/262 263/431/262 264/432/262
f 265/433/263 266/434/263 267/435/263
f 268/436/264 269/437/264 270/438/264
f 271/439/265 272/440/265 273/441/265
f 274/442/266 275/443/266 276/444/266
f 277/445/267 278/446/267 279/447/267
f 280/448/268 281/449/268 282/450/268
f 283/451/269 284/452/269 285/453/269
f 286/454/270 287/455/270 288/456/270
f 289/457/271 290/458/271 291/459/271
f 292/460/272 293/461/272 294/462/272
f 295/463/273 296/464/273 297/465/273
f 298/466/274 299/467/274 300/468/274
f 266/469/275 259/470/275 261/471/275
f 270/469/276 262/470/276 268/472/276
f 264/432/277 261/429/277 260/428/277
f 267/435/278 270/438/278 269/437/278
f 267/473/279 271/474/279 265/472/279
f 276/475/280 268/472/280 274/474/280
f 273/441/281 276/444/281 275/443/281
f 278/476/282 271/474/282 273/477/282
f 275/477/283 280/478/283 282/476/283
f 279/447/284 282/450/284 281/449/284
f 284/479/285 277/478/285 279/480/285
f 288/479/286 280/478/286 286/481/286
f 285/453/287 288/456/287 287/455/287
f 285/482/288 289/483/288 283/481/288
f 287/482/289 292/483/289 294/484/289
f 291/459/290 294/462/290 293/461/290
f 291/485/291 295/486/291 289/483/291
f 293/485/292 298/486/292 300/487/292
f 297/465/293 300/468/293 299/467/293
f 260/488/294 295/486/294 297/489/294
f 299/489/295 262/470/295 264/488/295
f 295/486/36 265/472/36 277/478/36
f 263/431/296 266/490/296 261/429/296
f 299/491/297 260/428/297 297/492/297
f 262/470/39 292/483/39 280/478/39
f 269/437/298 272/440/298 267/435/298
f 275/443/299 278/493/299 273/441/299
f 281/449/300 284/452/300 279/447/300
f 287/494/301 290/458/301 285/495/301
f 293/461/302 296/464/302 291/459/302
f 301/496/303 302/497/303 303/498/303
f 304/499/304 305/500/304 306/501/304
f 307/502/305 308/503/305 309/504/305
f 310/505/306 311/506/306 312/507/306
f 313/508/307 314/509/307 315/510/307
f 316/511/308 317/512/308 318/513/308
f 319/514/309 320/515/309 321/516/309
f 322/517/310 323/518/310 324/519/310
f 303/520/311 307/521/311 301/522/311
f 305/520/312 310/521/312 312/523/312
f 306/501/313 303/498/313 302/497/313
f 309/504/314 312/507/314 311/506/314
f 314/524/315 307/521/315 309/525/315
f 318/524/316 310/521/316 316/526/316
f 315/510/317 318/513/317 317/512/317
f 315/527/318 319/528/318 313/526/318
f 317/527/319 322/528/319 324/529/319
f 321/516/320 324/519/320 323/518/320
f 302/530/321 319/528/321 321/531/321
f 306/530/322 322/528/322 304/522/322
f 307/521/36 319/528/36 301/522/36
f 305/532/323 308/503/323 303/533/323
f 323/534/324 302/497/324 321/535/324
f 310/521/39 322/528/39 316/526/39
f 311/536/325 314/509/325 309/537/325
f 317/538/326 320/515/326 315/539/326
f 325/540/327 326/541/327 327/542/327
f 328/543/328 329/544/328 330/545/328
f 331/546/329 332/547/329 333/548/329
f 334/549/330 335/550/330 336/551/330
f 337/552/331 338/553/331 339/554/331
f 340/555/332 341/556/332 342/557/332
f 343/558/333 344/559/333 345/560/333
f 346/561/334 347/562/334 348/563/334
f 349/564/335 350/565/335 351/566/335
f 352/567/336 353/568/336 354/569/336
f 355/570/337 356/571/337 357/572/337
f 358/573/338 359/574/338 360/575/338
f 361/576/339 362/577/339 363/578/339
f 364/579/340 365/580/340 366/581/340
f 332/582/341 325/583/341 327/584/341
f 329/584/342 334/585/342 336/582/342
f 330/545/343 327/542/343 326/541/343
f 333/548/344 336/551/344 335/550/344
f 338/586/345 331/585/345 333/587/345
f 342/586/346 334/585/346 340/588/346
f 339/554/347 342/557/347 341/556/347
f 339/589/348 343/590/348 337/588/348
f 341/589/349 346/590/349 348/591/349
f 345/560/350 348/563/350 347/562/350
f 350/592/351 343/590/351 345/593/351
f 354/592/352 346/590/352 352/594/352
f 351/566/353 354/569/353 353/568/353
f 351/595/354 355/596/354 349/594/354
f 360/597/355 352/594/355 358/596/355
f 357/572/356 360/575/356 359/574/356
f 362/598/357 355/596/357 357/599/357
f 366/598/358 358/596/358 364/600/358
f 363/578/359 366/581/359 365/580/359
f 326/601/360 361/600/360 363/602/360
f 365/602/361 328/583/361 330/601/361
f 361/600/36 331/585/36 343/590/36
f 329/544/362 332/603/362 327/542/362
f 365/604/363 326/541/363 363/605/363
f 328/583/39 358/596/39 346/590/39
f 335/550/364 338/553/364 333/548/364
f 341/556/365 344/606/365 339/554/365
f 347/562/366 350/565/366 345/560/366
f 353/607/367 356/571/367 351/608/367
f 359/574/368 362/577/368 357/572/368
f 367/609/369 368/610/369 369/611/369
f 370/612/370 371/613/370 372/614/370
f 373/615/371 374/616/371 375/617/371
f 376/618/372 377/619/372 378/620/372
f 379/621/373 380/622/373 381/623/373
f 382/624/374 383/625/374 384/626/374
f 385/627/375 386/628/375 387/629/375
f 388/630/376 389/631/376 390/632/376
f 374/633/377 367/634/377 369/635/377
f 371/635/378 376/636/378 378/633/378
f 372/614/379 369/611/379 368/610/379
f 375/617/380 378/620/380 377/619/380
f 380/637/381 373/636/381 375/638/381
f 377/638/382 382/639/382 384/637/382
f 381/623/383 384/626/383 383/625/383
f 386/640/384 379/639/384 381/641/384
f 390/640/385 382/639/385 388/642/385
f 387/629/386 390/632/386 389/631/386
f 368/643/387 385/642/387 387/644/387
f 389/644/388 370/634/388 372/643/388
f 373/636/36 385/642/36 367/634/36
f 371/613/389 374/645/389 369/611/389
f 389/631/390 368/646/390 387/629/390
f 370/634/39 382/639/39 376/636/39
f 377/619/391 380/647/391 375/617/391
f 383/625/392 386/648/392 381/623/392
f 391/649/393 392/650/393 393/651/393
f 394/652/394 395/653/394 396/654/394
f 397/655/395 398/656/395 399/657/395
f 400/658/396 401/659/396 402/660/396
f 403/661/397 404/662/397 405/663/397
f 406/664/398 407/665/398 408/666/398
f 409/667/399 410/668/399 411/669/399
f 412/670/400 413/671/400 414/672/400
f 415/673/401 416/674/401 417/675/401
f 418/676/402 419/677/402 420/678/402
f 421/679/403 422/680/403 423/681/403
f 424/682/404 425/683/404 426/684/404
f 427/685/405 428/686/405 429/687/405
f 430/688/406 431/689/406 432/690/406
f 393/691/407 397/692/407 391/693/407
f 395/691/408 400/692/408 402/694/408
f 396/654/409 393/651/409 392/650/409
f 399/657/410 402/660/410 401/659/410
f 399/695/411 403/696/411 397/692/411
f 401/695/412 406/696/412 408/697/412
f 405/663/413 408/666/413 407/665/413
f 410/698/414 403/696/414 405/699/414
f 407/699/415 412/700/415 414/698/415
f 411/669/416 414/672/416 413/671/416
f 416/701/417 409/700/417 411/702/417
f 420/701/418 412/700/418 418/703/418
f 417/675/419 420/678/419 419/677/419
f 422/704/420 415/703/420 417/705/420
f 419/705/421 424/706/421 426/704/421
f 423/681/422 426/684/422 425/683/422
f 428/707/423 421/706/423 423/708/423
f 432/707/424 424/706/424 430/709/424
f 429/687/425 432/690/425 431/689/425
f 392/710/426 427/709/426 429/711/426
f 431/711/427 394/693/427 396/710/427
f 427/709/36 397/692/36 409/700/36
f 395/653/428 398/712/428 393/651/428
f 431/713/429 392/650/429 429/714/429
f 412/700/39 406/696/39 394/693/39
f 401/659/430 404/662/430 399/657/430
f 407/665/431 410/715/431 405/663/431
f 413/671/432 416/674/432 411/669/432
f 419/716/433 422/680/433 417/717/433
f 425/683/434 428/686/434 423/681/434
f 433/718/435 434/719/435 435/720/435
f 436/721/436 437/722/436 438/723/436
f 439/724/437 440/725/437 441/726/437
f 442/727/438 443/728/438 444/729/438
f 445/730/439 446/731/439 447/732/439
f 448/733/440 449/734/440 450/735/440
f 451/736/441 452/737/441 453/738/441
f 454/739/442 455/740/442 456/741/442
f 440/742/443 433/743/443 435/744/443
f 437/744/444 442/745/444 444/742/444
f 438/723/445 435/720/445 434/719/445
f 441/726/446 444/729/446 443/728/446
f 446/746/447 439/745/447 441/747/447
f 443/747/448 448/748/448 450/746/448
f 447/732/449 450/735/449 449/734/449
f 452/749/450 445/748/450 447/750/450
f 449/750/451 454/751/451 456/749/451
f 453/738/452 456/741/452 455/740/452
f 453/752/453 433/743/453 451/751/453
f 455/752/454 436/743/454 438/753/454
f 439/745/36 451/751/36 433/743/36
f 437/722/455 440/754/455 435/720/455
f 455/740/456 434/755/456 453/738/456
f 436/743/39 448/748/39 442/745/39
f 443/728/457 446/756/457 441/726/457
f 449/734/458 452/757/458 447/732/458
f 457/758/459 458/759/459 459/760/459
f 460/761/460 461/762/460 462/763/460
f 463/764/461 464/765/461 465/766/461
f 466/767/462 467/768/462 468/769/462
f 469/770/463 470/771/463 471/772/463
f 472/773/464 473/774/464 474/775/464
f 475/776/465 476/777/465 477/778/465
f 478/779/466 479/780/466 480/781/466
f 481/782/467 482/783/467 483/784/467
f 484/785/468 485/786/468 486/787/468
f 487/788/469 488/789/469 489/790/469
f 490/791/470 491/792/470 492/793/470
f 493/794/471 494/795/471 495/796/471
f 496/797/472 497/798/472 498/799/472
f 459/800/473 463/801/473 457/802/473
f 461/800/474 466/801/474 468/803/474
f 462/763/475 459/760/475 458/759/475
f 465/766/476 468/769/476 467/768/476
f 470/804/477 463/801/477 465/805/477
f 474/804/478 466/801/478 472/806/478
f 471/772/479 474/775/479 473/774/479
f 476/807/480 469/806/480 471/808/480
f 473/808/481 478/809/481 480/807/481
f 477/778/482 480/781/482 479/780/482
f 477/810/483 481/811/483 475/809/483
f 479/810/484 484/811/484 486/812/484
f 483/784/485 486/787/485 485/786/485
f 488/813/486 481/811/486 483/814/486
f 492/813/487 484/811/487 490/815/487
f 489/790/488 492/793/488 491/792/488
f 489/816/489 493/817/489 487/815/489
f 491/816/490 496/817/490 498/818/490
f 495/796/491 498/799/491 497/798/491
f 458/819/492 493/817/492 495/820/492
f 462/819/493 496/817/493 460/802/493
f 487/815/36 493/817/36 463/801/36
f 461/762/494 464/821/494 459/760/494
f 497/822/495 458/759/495 495/823/495
f 460/802/39 490/815/39 478/809/39
f 467/768/496 470/771/496 465/766/496
f 473/774/497 476/824/497 471/772/497
f 479/780/498 482/783/498 477/778/498
f 485/825/499 488/789/499 483/826/499
f 491/792/500 494/795/500 489/790/500
f 499/827/501 500/828/501 501/829/501
f 502/830/502 503/831/502 504/832/502
f 505/833/503 506/834/503 507/835/503
f 508/836/504 509/837/504 510/838/504
f 511/839/505 512/840/505 513/841/505
f 514/842/506 515/843/506 516/844/506
f 517/845/507 518/846/507 519/847/507
f 520/848/508 521/849/508 522/850/508
f 523/851/509 524/852/509 525/853/509
f 526/854/510 527/855/510 528/856/510
f 529/857/511 530/858/511 531/859/511
f 532/860/512 533/861/512 534/862/512
f 535/863/513 536/864/513 537/865/513
f 538/866/514 539/867/514 540/868/514
f 506/869/515 499/870/515 501/871/515
f 510/869/516 502/870/516 508/872/516
f 504/832/517 501/829/517 500/828/517
f 507/835/518 510/838/518 509/837/518
f 512/873/519 505/872/519 507/874/519
f 509/874/520 514/875/520 516/873/520
f 513/841/521 516/844/521 515/843/521
f 518/876/522 511/877/522 513/878/522
f 522/876/523 514/875/523 520/879/523
f 519/847/524 522/850/524 521/849/524
f 524/880/525 517/879/525 519/881/525
f 528/880/526 520/879/526 526/882/526
f 525/853/527 528/856/527 527/855/527
f 530/883/528 523/882/528 525/884/528
f 527/884/529 532/885/529 534/883/529
f 531/859/530 534/862/530 533/861/530
f 536/886/531 529/885/531 531/887/531
f 540/886/532 532/885/532 538/888/532
f 537/865/533 540/868/533 539/867/533
f 500/889/534 535/888/534 537/890/534
f 539/890/535 502/870/535 504/889/535
f 505/872/36 517/879/36 529/885/36
f 503/891/536 506/834/536 501/892/536
f 539/867/537 500/828/537 537/865/537
f 514/875/39 502/870/39 532/885/39
f 509/837/538 512/840/538 507/835/538
f 515/893/539 518/846/539 513/894/539
f 521/849/540 524/895/540 519/847/540
f 527/855/541 530/858/541 525/853/541
f 533/861/542 536/896/542 531/859/542
f 541/897/543 542/898/543 543/899/543
f 544/900/544 545/901/544 546/902/544
f 547/903/545 548/904/545 549/905/545
f 550/906/546 551/907/546 552/908/546
f 553/909/547 554/910/547 555/911/547
f 556/912/548 557/913/548 558/914/548
f 559/915/549 560/916/549 561/917/549
f 562/918/550 563/919/550 564/920/550
f 565/921/551 566/922/551 567/923/551
f 568/924/552 569/925/552 570/926/552
f 571/927/553 572/928/553 573/929/553
f 574/930/554 575/931/554 576/932/554
f 577/933/555 578/934/555 579/935/555
f 580/936/556 581/937/556 582/938/556
f 548/939/557 541/940/557 543/941/557
f 545/941/558 550/942/558 552/939/558
f 546/902/559 543/899/559 542/898/559
f 549/905/560 552/908/560 551/907/560
f 554/943/561 547/942/561 549/944/561
f 551/944/562 556/945/562 558/943/562
f 555/911/563 558/914/563 557/913/563
f 555/946/564 559/947/564 553/945/564
f 557/946/565 562/947/565 564/948/565
f 561/917/566 564/920/566 563/919/566
f 561/949/567 565/950/567 559/947/567
f 563/949/568 568/950/568 570/951/568
f 567/923/569 570/926/569 569/925/569
f 572/952/570 565/950/570 567/953/570
f 576/952/571 568/950/571 574/954/571
f 573/929/572 576/932/572 575/931/572
f 578/955/573 571/954/573 573/956/573
f 575/956/574 580/957/574 582/955/574
f 579/935/575 582/938/575 581/937/575
f 542/958/576 577/957/576 579/959/576
f 581/959/577 544/940/577 546/958/577
f 577/957/36 547/942/36 559/947/36
f 545/901/578 548/960/578 543/899/578
f 581/961/579 542/898/579 579/962/579
f 562/947/39 556/945/39 544/940/39
f 551/907/580 554/910/580 549/905/580
f 557/913/581 560/963/581 555/911/581
f 563/919/582 566/922/582 561/917/582
f 569/964/583 572/928/583 567/965/583
f 575/931/584 578/934/584 573/929/584
f 583/966/585 584/967/585 585/968/585
f 586/969/586 587/970/586 588/971/586
f 589/972/587 590/973/587 591/974/587
f 592/975/588 593/976/588 594/977/588
f 595/978/589 596/979/589 597/980/589
f 598/981/590 599/982/590 600/983/590
f 601/984/591 602/985/591 603/986/591
f 604/987/592 605/988/592 606/989/592
f 607/990/593 608/991/593 609/992/593
f 610/993/594 611/994/594 612/995/594
f 613/996/595 614/997/595 615/998/595
f 616/999/596 617/1000/596 618/1001/596
f 619/1002/597 620/1003/597 621/1004/597
f 622/1005/598 623/1006/598 624/1007/598
f 590/1008/599 583/1009/599 585/1010/599
f 594/1008/600 586/1009/600 592/1011/600
f 588/971/601 585/968/601 584/967/601
f 591/974/602 594/977/602 593/976/602
f 596/1012/603 589/1011/603 591/1013/603
f 600/1012/604 592/1011/604 598/1014/604
f 597/980/605 600/983/605 599/982/605
f 602/1015/606 595/1014/606 597/1016/606
f 599/1016/607 604/1017/607 606/1015/607
f 603/986/608 606/989/608 605/988/608
f 603/1018/609 607/1019/609 601/1017/609
f 605/1018/610 610/1019/610 612/1020/610
f 609/992/611 612/995/611 611/994/611
f 614/1021/612 607/1019/612 609/1022/612
f 611/1022/613 616/1023/613 618/1021/613
f 615/998/614 618/1001/614 617/1000/614
f 620/1024/615 613/1023/615 615/1025/615
f 624/1024/616 616/1023/616 622/1026/616
f 621/1004/617 624/1007/617 623/1006/617
f 584/1027/618 619/1026/618 621/1028/618
f 588/1027/619 622/1026/619 586/1009/619
f 619/1026/36 589/1011/36 601/1017/36
f 587/970/620 590/973/620 585/968/620
f 623/1006/621 584/1029/621 621/1004/621
f 616/1023/39 610/1019/39 604/1017/39
f 593/976/622 596/1030/622 591/974/622
f 599/982/623 602/985/623 597/980/623
f 605/1031/624 608/991/624 603/1032/624
f 611/994/625 614/997/625 609/992/625
f 617/1033/626 620/1003/626 615/1034/626
f 625/1035/627 626/1036/627 627/1037/627
f 628/1038/628 629/1039/628 630/1040/628
f 631/1041/629 632/1042/629 633/1043/629
f 634/1044/630 635/1045/630 636/1046/630
f 637/1047/631 638/1048/631 639/1049/631
f 640/1050/632 641/1051/632 642/1052/632
f 643/1053/633 644/1054/633 645/1055/633
f 646/1056/634 647/1057/634 648/1058/634
f 649/1059/635 650/1060/635 651/1061/635
f 652/1062/636 653/1063/636 654/1064/636
f 655/1065/637 656/1066/637 657/1067/637
f 658/1068/638 659/1069/638 660/1070/638
f 661/1071/639 662/1072/639 663/1073/639
f 664/1074/640 665/1075/640 666/1076/640
f 632/1077/641 625/1078/641 627/1079/641
f 629/1079/642 634/1080/642 636/1077/642
f 630/1040/643 627/1037/643 626/1036/643
f 633/1043/644 636/1046/644 635/1045/644
f 638/1081/645 631/1080/645 633/1082/645
f 642/1081/646 634/1080/646 640/1083/646
f 639/1049/647 642/1052/647 641/1051/647
f 639/1084/648 643/1085/648 637/1083/648
f 641/1084/649 646/1085/649 648/1086/649
f 645/1055/650 648/1058/650 647/1057/650
f 650/1087/651 643/1085/651 645/1088/651
f 647/1088/652 652/1089/652 654/1087/652
f 651/1061/653 654/1064/653 653/1063/653
f 656/1090/654 649/1089/654 651/1091/654
f 660/1090/655 652/1089/655 658/1092/655
f 657/1067/656 660/1070/656 659/1069/656
f 662/1093/657 655/1092/657 657/1094/657
f 666/1093/658 658/1092/658 664/1095/658
f 663/1073/659 666/1076/659 665/1075/659
f 626/1096/660 661/1095/660 663/1097/660
f 665/1097/661 628/1078/661 630/1096/661
f 631/1080/36 643/1085/36 655/1092/36
f 629/1039/662 632/1098/662 627/1037/662
f 665/1099/663 626/1036/663 663/1100/663
f 628/1078/39 658/1092/39 646/1085/39
f 635/1045/664 638/1048/664 633/1043/664
f 641/1051/665 644/1101/665 639/1049/665
f 647/1057/666 650/1060/666 645/1055/666
f 653/1102/667 656/1066/667 651/1103/667
f 659/1069/668 662/1072/668 657/1067/668
f 667/1104/669 668/1105/669 669/1106/669
f 670/1107/670 671/1108/670 672/1109/670
f 673/1110/671 674/1111/671 675/1112/671
f 676/1113/672 677/1114/672 678/1115/672
f 679/1116/673 680/1117/673 681/1118/673
f 682/1119/674 683/1120/674 684/1121/674
f 685/1122/675 686/1123/675 687/1124/675
f 688/1125/676 689/1126/676 690/1127/676
f 691/1128/677 692/1129/677 693/1130/677
f 694/1131/678 695/1132/678 696/1133/678
f 697/1134/679 698/1135/679 699/1136/679
f 700/1137/680 701/1138/680 702/1139/680
f 674/1140/681 667/1141/681 669/1142/681
f 671/1142/682 676/1143/682 678/1140/682
f 672/1109/683 669/1106/683 668/1105/683
f 675/1112/684 678/1115/684 677/1114/684
f 675/1144/685 679/1145/685 673/1143/685
f 677/1144/686 682/1145/686 684/1146/686
f 681/1118/687 684/1121/687 683/1120/687
f 686/1147/688 679/1145/688 681/1148/688
f 690/1147/689 682/1145/689 688/1149/689
f 687/1124/690 690/1127/690 689/1126/690
f 692/1150/691 685/1149/691 687/1151/691
f 689/1151/692 694/1152/692 696/1150/692
f 693/1130/693 696/1133/693 695/1132/693
f 693/1153/694 697/1154/694 691/1152/694
f 695/1153/695 700/1154/695 702/1155/695
f 699/1136/696 702/1139/696 701/1138/696
f 699/1156/697 667/1141/697 697/1154/697
f 701/1156/698 670/1141/698 672/1157/698
f 685/1149/36 691/1152/36 697/1154/36
f 671/1108/699 674/1158/699 669/1106/699
f 701/1159/700 668/1105/700 699/1160/700
f 688/1149/39 682/1145/39 670/1141/39
f 677/1114/701 680/1117/701 675/1112/701
f 683/1161/702 686/1123/702 681/1162/702
f 689/1126/703 692/1163/703 687/1124/703
f 695/1132/704 698/1135/704 693/1130/704
f 703/1164/705 704/1165/705 705/1166/705
f 706/1167/706 707/1168/706 708/1169/706
f 709/1170/707 710/1171/707 711/1172/707
f 712/1173/708 713/1174/708 714/1175/708
f 715/1176/709 716/1177/709 717/1178/709
f 718/1179/710 719/1180/710 720/1181/710
f 721/1182/711 722/1183/711 723/1184/711
f 724/1185/712 725/1186/712 726/1187/712
f 727/1188/713 728/1189/713 729/1190/713
f 730/1191/714 731/1192/714 732/1193/714
f 733/1194/715 734/1195/715 735/1196/715
f 736/1197/716 737/1198/716 738/1199/716
f 739/1200/717 740/1201/717 741/1202/717
f 742/1203/718 743/1204/718 744/1205/718
f 710/1206/719 703/1207/719 705/1208/719
f 707/1208/720 712/1209/720 714/1206/720
f 708/1169/721 705/1166/721 704/1165/721
f 711/1172/722 714/1175/722 713/1174/722
f 711/1210/723 715/1211/723 709/1209/723
f 713/1210/724 718/1211/724 720/1212/724
f 717/1178/725 720/1181/725 719/1180/725
f 722/1213/726 715/1211/726 717/1214/726
f 726/1213/727 718/1211/727 724/1215/727
f 723/1184/728 726/1187/728 725/1186/728
f 723/1216/729 727/1217/729 721/1215/729
f 725/1216/730 730/1217/730 732/1218/730
f 729/1190/731 732/1193/731 731/1192/731
f 734/1219/732 727/1217/732 729/1220/732
f 738/1219/733 730/1217/733 736/1221/733
f 735/1196/734 738/1199/734 737/1198/734
f 735/1222/735 739/1223/735 733/1221/735
f 737/1222/736 742/1223/736 744/1224/736
f 741/1202/737 744/1205/737 743/1204/737
f 704/1225/738 739/1223/738 741/1226/738
f 708/1225/739 742/1223/739 706/1207/739
f 727/1217/36 733/1221/36 709/1209/36
f 707/1168/740 710/1227/740 705/1166/740
f 743/1228/741 704/1165/741 741/1229/741
f 724/1215/39 718/1211/39 706/1207/39
f 713/1174/742 716/1177/742 711/1172/742
f 719/1180/743 722/1230/743 717/1178/743
f 725/1186/744 728/1189/744 723/1184/744
f 731/1231/745 734/1195/745 729/1232/745
f 737/1198/746 740/1201/746 735/1196/746
f 745/1233/747 746/1234/747 747/1235/747
f 748/1236/748 749/1237/748 750/1238/748
f 751/1239/749 752/1240/749 753/1241/749
f 754/1242/750 755/1243/750 756/1244/750
f 757/1245/751 758/1246/751 759/1247/751
f 760/1248/752 761/1249/752 762/1250/752
f 763/1251/753 764/1252/753 765/1253/753
f 766/1254/754 767/1255/754 768/1256/754
f 769/1257/755 770/1258/755 771/1259/755
f 772/1260/756 773/1261/756 774/1262/756
f 775/1263/757 776/1264/757 777/1265/757
f 778/1266/758 779/1267/758 780/1268/758
f 752/1269/759 745/1270/759 747/1271/759
f 749/1271/760 754/1272/760 756/1269/760
f 750/1238/761 747/1235/761 746/1234/761
f 753/1241/762 756/1244/762 755/1243/762
f 758/1273/763 751/1272/763 753/1274/763
f 762/1273/764 754/1272/764 760/1275/764
f 759/1247/765 762/1250/765 761/1249/765
f 759/1276/766 763/1277/766 757/1275/766
f 761/1276/767 766/1277/767 768/1278/767
f 765/1253/768 768/1256/768 767/1255/768
f 770/1279/769 763/1277/769 765/1280/769
f 774/1279/770 766/1277/770 772/1281/770
f 771/1259/771 774/1262/771 773/1261/771
f 771/1282/772 775/1283/772 769/1281/772
f 773/1282/773 778/1283/773 780/1284/773
f 777/1265/774 780/1268/774 779/1267/774
f 746/1285/775 775/1283/775 777/1286/775
f 750/1285/776 778/1283/776 748/1270/776
f 751/1272/36 763/1277/36 775/1283/36
f 749/1287/777 752/1240/777 747/1288/777
f 779/1267/778 746/1234/778 777/1265/778
f 748/1270/39 772/1281/39 760/1275/39
f 755/1243/779 758/1289/779 753/1241/779
f 761/1249/780 764/1252/780 759/1247/780
f 767/1290/781 770/1258/781 765/1291/781
f 773/1261/782 776/1292/782 771/1259/782
f 781/1293/783 782/1294/783 783/1295/783
f 784/1296/784 785/1297/784 786/1298/784
f 787/1299/785 788/1300/785 789/1301/785
f 790/1302/786 791/1303/786 792/1304/786
f 793/1305/787 794/1306/787 795/1307/787
f 796/1308/788 797/1309/788 798/1310/788
f 799/1311/789 800/1312/789 801/1313/789
f 802/1314/790 803/1315/790 804/1316/790
f 805/1317/791 806/1318/791 807/1319/791
f 808/1320/792 809/1321/792 810/1322/792
f 811/1323/793 812/1324/793 813/1325/793
f 814/1326/794 815/1327/794 816/1328/794
f 817/1329/795 818/1330/795 819/1331/795
f 820/1332/796 821/1333/796 822/1334/796
f 788/1335/797 781/1336/797 783/1337/797
f 792/1335/798 784/1336/798 790/1338/798
f 786/1298/799 783/1295/799 782/1294/799
f 789/1301/800 792/1304/800 791/1303/800
f 794/1339/801 787/1338/801 789/1340/801
f 791/1340/802 796/1341/802 798/1339/802
f 795/1307/803 798/1310/803 797/1309/803
f 800/1342/804 793/1341/804 795/1343/804
f 804/1342/805 796/1341/805 802/1344/805
f 801/1313/806 804/1316/806 803/1315/806
f 806/1318/807 799/1311/807 801/1313/807
f 810/1322/808 802/1314/808 808/1320/808
f 807/1319/809 810/1322/809 809/1321/809
f 807/1345/810 811/1346/810 805/1347/810
f 809/1345/811 814/1346/811 816/1348/811
f 813/1325/812 816/1328/812 815/1327/812
f 818/1349/813 811/1346/813 813/1350/813
f 815/1350/814 820/1351/814 822/1349/814
f 819/1331/815 822/1334/815 821/1333/815
f 819/1352/816 781/1336/816 817/1351/816
f 821/1352/817 784/1336/817 786/1353/817
f 811/1346/36 817/1351/36 787/1338/36
f 785/1297/818 788/1354/818 783/1295/818
f 821/1355/819 782/1294/819 819/1356/819
f 784/1336/39 814/1346/39 802/1344/39
f 791/1303/820 794/1306/820 789/1301/820
f 797/1309/821 800/1357/821 795/1307/821
f 803/1315/822 806/1318/822 801/1313/822
f 809/1358/823 812/1324/823 807/1359/823
f 815/1327/824 818/1330/824 813/1325/824
f 823/1360/825 824/1361/825 825/1362/825
f 826/1363/826 827/1364/826 828/1365/826
f 829/1366/827 830/1367/827 831/1368/827
f 832/1369/828 833/1370/828 834/1371/828
f 835/1372/829 836/1373/829 837/1374/829
f 838/1375/830 839/1376/830 840/1377/830
f 841/1378/831 842/1379/831 843/1380/831
f 844/1381/832 845/1382/832 846/1383/832
f 830/1384/833 823/1385/833 825/1386/833
f 827/1386/834 832/1387/834 834/1388/834
f 828/1365/835 825/1362/835 824/1361/835
f 831/1368/836 834/1371/836 833/1370/836
f 836/1389/837 829/1387/837 831/1390/837
f 833/1390/838 838/1391/838 840/1392/838
f 837/1374/839 840/1377/839 839/1376/839
f 842/1393/840 835/1391/840 837/1394/840
f 839/1394/841 844/1395/841 846/1396/841
f 843/1380/842 846/1383/842 845/1382/842
f 824/1397/843 841/1395/843 843/1398/843
f 845/1398/844 826/1385/844 828/1397/844
f 829/1387/36 841/1395/36 823/1385/36
f 827/1364/845 830/1399/845 825/1362/845
f 845/1382/846 824/1400/846 843/1380/846
f 826/1385/39 838/1391/39 832/1387/39
f 833/1370/847 836/1401/847 831/1368/847
f 839/1376/848 842/1402/848 837/1374/848
f 847/1403/849 848/1404/849 849/1405/849
f 850/1406/850 851/1407/850 852/1408/850
f 853/1409/851 854/1410/851 855/1411/851
f 856/1412/852 857/1413/852 858/1414/852
f 859/1415/853 860/1416/853 861/1417/853
f 862/1418/854 863/1419/854 864/1420/854
f 865/1421/855 866/1422/855 867/1423/855
f 868/1424/856 869/1425/856 870/1426/856
f 871/1427/857 872/1428/857 873/1429/857
f 874/1430/858 875/1431/858 876/1432/858
f 877/1433/859 878/1434/859 879/1435/859
f 880/1436/860 881/1437/860 882/1438/860
f 883/1439/861 884/1440/861 885/1441/861
f 886/1442/862 887/1443/862 888/1444/862
f 854/1445/863 847/1446/863 849/1447/863
f 851/1447/864 856/1448/864 858/1445/864
f 852/1408/865 849/1405/865 848/1404/865
f 855/1411/866 858/1414/866 857/1413/866
f 860/1449/867 853/1448/867 855/1450/867
f 864/1449/868 856/1448/868 862/1451/868
f 861/1417/869 864/1420/869 863/1419/869
f 866/1452/870 859/1451/870 861/1453/870
f 863/1453/871 868/1454/871 870/1452/871
f 867/1423/872 870/1426/872 869/1425/872
f 872/1455/873 865/1454/873 867/1456/873
f 869/1456/874 874/1457/874 876/1455/874
f 873/1429/875 876/1432/875 875/1431/875
f 878/1458/876 871/1457/876 873/1459/876
f 882/1458/877 874/1457/877 880/1460/877
f 879/1435/878 882/1438/878 881/1437/878
f 884/1461/879 877/1460/879 879/1462/879
f 888/1461/880 880/1460/880 886/1463/880
f 885/1441/881 888/1444/881 887/1443/881
f 848/1464/882 883/1463/882 885/1465/882
f 887/1465/883 850/1446/883 852/1464/883
f 877/1460/36 883/1463/36 853/1448/36
f 851/1407/884 854/1466/884 849/1405/884
f 887/1467/885 848/1404/885 885/1468/885
f 850/1446/39 880/1460/39 868/1454/39
f 857/1413/886 860/1416/886 855/1411/886
f 863/1419/887 866/1469/887 861/1417/887
f 869/1425/888 872/1428/888 867/1423/888
f 875/1470/889 878/1434/889 873/1471/889
f 881/1437/890 884/1440/890 879/1435/890
f 889/1472/891 890/1473/891 891/1474/891
f 892/1475/892 893/1476/892 894/1477/892
f 895/1478/893 896/1479/893 897/1480/893
f 898/1481/894 899/1482/894 900/1483/894
f 901/1484/895 902/1485/895 903/1486/895
f 904/1487/896 905/1488/896 906/1489/896
f 907/1490/897 908/1491/897 909/1492/897
f 910/1493/898 911/1494/898 912/1495/898
f 896/1496/899 889/1497/899 891/1498/899
f 893/1498/900 898/1499/900 900/1496/900
f 894/1477/901 891/1474/901 890/1473/901
f 897/1480/902 900/1483/902 899/1482/902
f 897/1500/903 901/1501/903 895/1499/903
f 899/1500/904 904/1501/904 906/1502/904
f 903/1486/905 906/1489/905 905/1488/905
f 903/1503/906 907/1504/906 901/1501/906
f 905/1503/907 910/1504/907 912/1505/907
f 909/1492/908 912/1495/908 911/1494/908
f 909/1506/909 889/1497/909 907/1504/909
f 911/1506/910 892/1497/910 894/1507/910
f 895/1499/36 907/1504/36 889/1497/36
f 893/1476/911 896/1508/911 891/1474/911
f 911/1494/912 890/1509/912 909/1492/912
f 892/1497/39 904/1501/39 898/1499/39
f 899/1482/913 902/1510/913 897/1480/913
f 905/1488/914 908/1511/914 903/1486/914
f 913/1512/915 914/1513/915 915/1514/915
f 916/1515/916 917/1516/916 918/1517/916
f 919/1518/917 920/1519/917 921/1520/917
f 922/1521/918 923/1522/918 924/1523/918
f 925/1524/919 926/1525/919 927/1526/919
f 928/1527/920 929/1528/920 930/1529/920
f 931/1530/921 932/1531/921 933/1532/921
f 934/1533/922 935/1534/922 936/1535/922
f 937/1536/923 938/1537/923 939/1538/923
f 940/1539/924 941/1540/924 942/1541/924
f 943/1542/925 944/1543/925 945/1544/925
f 946/1545/926 947/1546/926 948/1547/926
f 949/1548/927 950/1549/927 951/1550/927
f 952/1551/928 953/1552/928 954/1553/928
f 915/1554/929 919/1555/929 913/1556/929
f 917/1554/930 922/1555/930 924/1557/930
f 918/1517/931 915/1514/931 914/1513/931
f 921/1520/932 924/1523/932 923/1522/932
f 926/1558/933 919/1555/933 921/1559/933
f 930/1558/934 922/1555/934 928/1560/934
f 927/1526/935 930/1529/935 929/1528/935
f 932/1561/936 925/1560/936 927/1562/936
f 929/1562/937 934/1563/937 936/1561/937
f 933/1532/938 936/1535/938 935/1534/938
f 938/1564/939 931/1563/939 933/1565/939
f 935/1565/940 940/1566/940 942/1564/940
f 939/1538/941 942/1541/941 941/1540/941
f 939/1567/942 943/1568/942 937/1566/942
f 948/1569/943 940/1566/943 946/1568/943
f 945/1544/944 948/1547/944 947/1546/944
f 950/1570/945 943/1568/945 945/1571/945
f 947/1571/946 952/1572/946 954/1570/946
f 951/1550/947 954/1553/947 953/1552/947
f 951/1573/948 913/1556/948 949/1572/948
f 953/1573/949 916/1556/949 918/1574/949
f 919/1555/36 931/1563/36 943/1568/36
f 917/1516/950 920/1575/950 915/1514/950
f 953/1576/951 914/1513/951 951/1577/951
f 916/1556/39 946/1568/39 934/1563/39
f 923/1522/952 926/1525/952 921/1520/952
f 929/1528/953 932/1578/953 927/1526/953
f 935/1534/954 938/1537/954 933/1532/954
f 941/1579/955 944/1543/955 939/1580/955
f 947/1546/956 950/1549/956 945/1544/956
f 955/1581/957 956/1582/957 957/1583/957
f 958/1584/958 959/1585/958 960/1586/958
f 961/1587/959 962/1588/959 963/1589/959
f 964/1590/960 965/1591/960 966/1592/960
f 967/1593/961 968/1594/961 969/1595/961
f 970/1596/962 971/1597/962 972/1598/962
f 973/1599/963 974/1600/963 975/1601/963
f 976/1602/964 977/1603/964 978/1604/964
f 979/1605/965 980/1606/965 981/1607/965
f 982/1608/966 983/1609/966 984/1610/966
f 985/1611/967 986/1612/967 987/1613/967
f 988/1614/968 989/1615/968 990/1616/968
f 991/1617/969 992/1618/969 993/1619/969
f 994/1620/970 995/1621/970 996/1622/970
f 962/1623/971 955/1624/971 957/1625/971
f 966/1623/972 958/1624/972 964/1626/972
f 960/1586/973 957/1583/973 956/1582/973
f 963/1589/974 966/1592/974 965/1591/974
f 968/1627/975 961/1626/975 963/1628/975
f 972/1627/976 964/1626/976 970/1629/976
f 969/1595/977 972/1598/977 971/1597/977
f 969/1630/978 973/1631/978 967/1629/978
f 971/1630/979 976/1631/979 978/1632/979
f 975/1601/980 978/1604/980 977/1603/980
f 975/1633/981 979/1634/981 973/1631/981
f 977/1633/982 982/1634/982 984/1635/982
f 981/1607/983 984/1610/983 983/1609/983
f 981/1636/984 985/1637/984 979/1634/984
f 983/1636/985 988/1637/985 990/1638/985
f 987/1613/986 990/1616/986 989/1615/986
f 992/1639/987 985/1637/987 987/1640/987
f 996/1639/988 988/1637/988 994/1641/988
f 993/1619/989 996/1622/989 995/1621/989
f 993/1642/990 955/1624/990 991/1641/990
f 995/1642/991 958/1624/991 960/1643/991
f 961/1626/36 973/1631/36 985/1637/36
f 959/1585/992 962/1644/992 957/1583/992
f 995/1621/993 956/1582/993 993/1619/993
f 958/1624/39 988/1637/39 976/1631/39
f 965/1591/994 968/1594/994 963/1589/994
f 971/1645/995 974/1600/995 969/1646/995
f 977/1603/996 980/1606/996 975/1601/996
f 983/1647/997 986/1612/997 981/1648/997
f 989/1615/998 992/1649/998 987/1613/998
f 997/1650/999 998/1651/999 999/1652/999
f 1000/1653/1000 1001/1654/1000 1002/1655/1000
f 1003/1656/1001 1004/1657/1001 1005/1658/1001
f 1006/1659/1002 1007/1660/1002 1008/1661/1002
f 1009/1662/1003 1010/1663/1003 1011/1664/1003
f 1012/1665/1004 1013/1666/1004 1014/1667/1004
f 1015/1668/1005 1016/1669/1005 1017/1670/1005
f 1018/1671/1006 1019/1672/1006 1020/1673/1006
f 1021/1674/1007 1022/1675/1007 1023/1676/1007
f 1024/1677/1008 1025/1678/1008 1026/1679/1008
f 1027/1680/1009 1028/1681/1009 1029/1682/1009
f 1030/1683/1010 1031/1684/1010 1032/1685/1010
f 1033/1686/1011 1034/1687/1011 1035/1688/1011
f 1036/1689/1012 1037/1690/1012 1038/1691/1012
f 1004/1692/1013 997/1693/1013 999/1694/1013
f 1001/1694/1014 1006/1695/1014 1008/1692/1014
f 1002/1655/1015 999/1652/1015 998/1651/1015
f 1005/1658/1016 1008/1661/1016 1007/1660/1016
f 1010/1696/1017 1003/1695/1017 1005/1697/1017
f 1014/1696/1018 1006/1695/1018 1012/1698/1018
f 1011/1664/1019 1014/1667/1019 1013/1666/1019
f 1011/1699/1020 1015/1700/1020 1009/1698/1020
f 1013/1699/1021 1018/1700/1021 1020/1701/1021
f 1017/1670/1022 1020/1673/1022 1019/1672/1022
f 1022/1702/1023 1015/1700/1023 1017/1703/1023
f 1026/1702/1024 1018/1700/1024 1024/1704/1024
f 1023/1676/1025 1026/1679/1025 1025/1678/1025
f 1028/1705/1026 1021/1704/1026 1023/1706/1026
f 1032/1705/1027 1024/1704/1027 1030/1707/1027
f 1029/1682/1028 1032/1685/1028 1031/1684/1028
f 1034/1708/1029 1027/1707/1029 1029/1709/1029
f 1038/1708/1030 1030/1707/1030 1036/1710/1030
f 1035/1688/1031 1038/1691/1031 1037/1690/1031
f 998/1711/1032 1033/1710/1032 1035/1712/1032
f 1037/1712/1033 1000/1693/1033 1002/1711/1033
f 1003/1695/36 1015/1700/36 1027/1707/36
f 1001/1654/1034 1004/1713/1034 999/1652/1034
f 1037/1714/1035 998/1651/1035 1035/1715/1035
f 1000/1693/39 1030/1707/39 1018/1700/39
f 1007/1660/1036 1010/1663/1036 1005/1658/1036
f 1013/1666/1037 1016/1716/1037 1011/1664/1037
f 1019/1672/1038 1022/1675/1038 1017/1670/1038
f 1025/1717/1039 1028/1681/1039 1023/1718/1039
f 1031/1684/1040 1034/1687/1040 1029/1682/1040
f 1039/1719/1041 1040/1720/1041 1041/1721/1041
f 1042/1722/1042 1043/1723/1042 1044/1724/1042
f 1045/1725/1043 1046/1726/1043 1047/1727/1043
f 1048/1728/1044 1049/1729/1044 1050/1730/1044
f 1051/1731/1045 1052/1732/1045 1053/1733/1045
f 1054/1734/1046 1055/1735/1046 1056/1736/1046
f 1057/1737/1047 1058/1738/1047 1059/1739/1047
f 1060/1740/1048 1061/1741/1048 1062/1742/1048
f 1046/1743/1049 1039/1744/1049 1041/1745/1049
f 1050/1743/1050 1042/1744/1050 1048/1746/1050
f 1044/1724/1051 1041/1721/1051 1040/1720/1051
f 1047/1727/1052 1050/1730/1052 1049/1729/1052
f 1047/1747/1053 1051/1748/1053 1045/1746/1053
f 1049/1747/1054 1054/1748/1054 1056/1749/1054
f 1053/1733/1055 1056/1736/1055 1055/1735/1055
f 1058/1750/1056 1051/1748/1056 1053/1751/1056
f 1062/1750/1057 1054/1748/1057 1060/1752/1057
f 1059/1739/1058 1062/1742/1058 1061/1741/1058
f 1040/1753/1059 1057/1752/1059 1059/1754/1059
f 1044/1753/1060 1060/1752/1060 1042/1744/1060
f 1045/1746/36 1057/1752/36 1039/1744/36
f 1043/1755/1061 1046/1726/1061 1041/1756/1061
f 1061/1757/1062 1040/1720/1062 1059/1758/1062
f 1042/1744/39 1054/1748/39 1048/1746/39
f 1049/1759/1063 1052/1732/1063 1047/1760/1063
f 1055/1761/1064 1058/1738/1064 1053/1762/1064
f 1063/1763/1065 1064/1764/1065 1065/1765/1065
f 1066/1766/1066 1067/1767/1066 1068/1768/1066
f 1069/1769/1067 1070/1770/1067 1071/1771/1067
f 1072/1772/1068 1073/1773/1068 1074/1774/1068
f 1075/1775/1069 1076/1776/1069 1077/1777/1069
f 1078/1778/1070 1079/1779/1070 1080/1780/1070
f 1081/1781/1071 1082/1782/1071 1083/1783/1071
f 1084/1784/1072 1085/1785/1072 1086/1786/1072
f 1087/1787/1073 1088/1788/1073 1089/1789/1073
f 1090/1790/1074 1091/1791/1074 1092/1792/1074
f 1093/1793/1075 1094/1794/1075 1095/1795/1075
f 1096/1796/1076 1097/1797/1076 1098/1798/1076
f 1099/1799/1077 1100/1800/1077 1101/1801/1077
f 1102/1802/1078 1103/1803/1078 1104/1804/1078
f 1065/1805/1079 1069/1806/1079 1063/1807/1079
f 1067/1805/1080 1072/1806/1080 1074/1808/1080
f 1068/1768/1081 1065/1765/1081 1064/1764/1081
f 1071/1771/1082 1074/1774/1082 1073/1773/1082
f 1076/1809/1083 1069/1806/1083 1071/1810/1083
f 1073/1810/1084 1078/1811/1084 1080/1809/1084
f 1077/1777/1085 1080/1780/1085 1079/1779/1085
f 1082/1812/1086 1075/1811/1086 1077/1813/1086
f 1086/1812/1087 1078/1811/1087 1084/1814/1087
f 1083/1783/1088 1086/1786/1088 1085/1785/1088
f 1083/1815/1089 1087/1816/1089 1081/1814/1089
f 1085/1815/1090 1090/1816/1090 1092/1817/1090
f 1089/1789/1091 1092/1792/1091 1091/1791/1091
f 1089/1818/1092 1093/1819/1092 1087/1816/1092
f 1091/1818/1093 1096/1819/1093 1098/1820/1093
f 1095/1795/1094 1098/1798/1094 1097/1797/1094
f 1100/1821/1095 1093/1819/1095 1095/1822/1095
f 1104/1821/1096 1096/1819/1096 1102/1823/1096
f 1101/1801/1097 1104/1804/1097 1103/1803/1097
f 1064/1824/1098 1099/1823/1098 1101/1825/1098
f 1068/1824/1099 1102/1823/1099 1066/1807/1099
f 1081/1814/36 1087/1816/36 1093/1819/36
f 1067/1767/1100 1070/1826/1100 1065/1765/1100
f 1103/1827/1101 1064/1764/1101 1101/1828/1101
f 1066/1807/39 1096/1819/39 1084/1814/39
f 1073/1773/1102 1076/1776/1102 1071/1771/1102
f 1079/1779/1103 1082/1829/1103 1077/1777/1103
f 1085/1785/1104 1088/1788/1104 1083/1783/1104
f 1091/1830/1105 1094/1794/1105 1089/1831/1105
f 1097/1797/1106 1100/1800/1106 1095/1795/1106
f 1105/1832/1107 1106/1833/1107 1107/1834/1107
f 1108/1832/1108 1109/1834/1108 1110/1833/1108
f 1111/1835/1109 1112/1836/1109 1113/1837/1109
f 1114/1835/1110 1115/1837/1110 1116/1836/1110
f 1117/1838/1111 1118/1839/1111 1119/1840/1111
f 1120/1838/1112 1121/1840/1112 1122/1839/1112
f 1112/1836/1113 1105/1832/1113 1107/1834/1113
f 1109/1834/1114 1114/1835/1114 1116/1836/1114
f 1110/1841/1115 1107/1842/1115 1106/1843/1115
f 1113/1844/1116 1116/1845/1116 1115/1846/1116
f 1118/1839/1117 1111/1835/1117 1113/1837/1117
f 1122/1839/1118 1114/1835/1118 1120/1838/1118
f 1119/1847/1119 1122/1848/1119 1121/1849/1119
f 1106/1833/1120 1117/1838/1120 1119/1840/1120
f 1110/1833/1121 1120/1838/1121 1108/1832/1121
f 1105/1832/36 1111/1835/36 1117/1838/36
f 1109/1850/1122 1112/1851/1122 1107/1842/1122
f 1121/1852/1123 1106/1853/1123 1119/1854/1123
f 1114/1835/39 1108/1832/39 1120/1838/39
f 1115/1855/1124 1118/1856/1124 1113/1857/1124
f 1123/1858/1125 1124/1859/1125 1125/1860/1125
f 1126/1861/1126 1127/1862/1126 1128/1863/1126
f 1129/1864/1127 1130/1865/1127 1131/1866/1127
f 1132/1867/1128 1133/1868/1128 1134/1869/1128
f 1135/1870/1129 1136/1871/1129 1137/1872/1129
f 1138/1873/1130 1139/1874/1130 1140/1875/1130
f 1141/1876/1131 1142/1877/1131 1143/1878/1131
f 1144/1879/1132 1145/1880/1132 1146/1881/1132
f 1147/1882/1133 1148/1883/1133 1149/1884/1133
f 1150/1885/1134 1151/1886/1134 1152/1887/1134
f 1153/1888/1135 1154/1889/1135 1155/1890/1135
f 1156/1891/1136 1157/1892/1136 1158/1893/1136
f 1159/1894/1137 1160/1895/1137 1161/1896/1137
f 1162/1897/1138 1163/1898/1138 1164/1899/1138
f 1130/1900/1139 1123/1901/1139 1125/1902/1139
f 1134/1900/1140 1126/1901/1140 1132/1903/1140
f 1128/1863/1141 1125/1860/1141 1124/1859/1141
f 1131/1866/1142 1134/1869/1142 1133/1868/1142
f 1136/1904/1143 1129/1903/1143 1131/1905/1143
f 1133/1905/1144 1138/1906/1144 1140/1904/1144
f 1137/1872/1145 1140/1875/1145 1139/1874/1145
f 1137/1907/1146 1141/1908/1146 1135/1906/1146
f 1139/1907/1147 1144/1908/1147 1146/1909/1147
f 1143/1878/1148 1146/1881/1148 1145/1880/1148
f 1148/1910/1149 1141/1908/1149 1143/1911/1149
f 1145/1911/1150 1150/1912/1150 1152/1910/1150
f 1149/1884/1151 1152/1887/1151 1151/1886/1151
f 1154/1913/1152 1147/1912/1152 1149/1914/1152
f 1158/1913/1153 1150/1912/1153 1156/1915/1153
f 1155/1890/1154 1158/1893/1154 1157/1892/1154
f 1155/1916/1155 1159/1917/1155 1153/1915/1155
f 1157/1916/1156 1162/1917/1156 1164/1918/1156
f 1161/1896/1157 1164/1899/1157 1163/1898/1157
f 1161/1919/1158 1123/1901/1158 1159/1917/1158
f 1128/1920/1159 1162/1917/1159 1126/1901/1159
f 1159/1917/36 1129/1903/36 1141/1908/36
f 1127/1862/1160 1130/1921/1160 1125/1860/1160
f 1163/1922/1161 1124/1859/1161 1161/1923/1161
f 1144/1908/39 1138/1906/39 1126/1901/39
f 1133/1868/1162 1136/1871/1162 1131/1866/1162
f 1139/1874/1163 1142/1924/1163 1137/1872/1163
f 1145/1880/1164 1148/1883/1164 1143/1878/1164
f 1151/1925/1165 1154/1889/1165 1149/1926/1165
f 1157/1892/1166 1160/1895/1166 1155/1890/1166
f 1165/1927/1167 1166/1928/1167 1167/1929/1167
f 1168/1930/1168 1169/1931/1168 1170/1932/1168
f 1171/1933/1169 1172/1934/1169 1173/1935/1169
f 1174/1936/1170 1175/1937/1170 1176/1938/1170
f 1177/1939/1171 1178/1940/1171 1179/1941/1171
f 1180/1942/1172 1181/1943/1172 1182/1944/1172
f 1183/1945/1173 1184/1946/1173 1185/1947/1173
f 1186/1948/1174 1187/1949/1174 1188/1950/1174
f 1189/1951/1175 1190/1952/1175 1191/1953/1175
f 1192/1954/1176 1193/1955/1176 1194/1956/1176
f 1167/1957/1177 1171/1958/1177 1165/1959/1177
f 1169/1957/1178 1174/1958/1178 1176/1960/1178
f 1170/1932/1179 1167/1929/1179 1166/1928/1179
f 1173/1935/1180 1176/1938/1180 1175/1937/1180
f 1173/1961/1181 1177/1962/1181 1171/1958/1181
f 1175/1961/1182 1180/1962/1182 1182/1963/1182
f 1179/1941/1183 1182/1944/1183 1181/1943/1183
f 1184/1964/1184 1177/1962/1184 1179/1965/1184
f 1188/1964/1185 1180/1962/1185 1186/1966/1185
f 1185/1947/1186 1188/1950/1186 1187/1949/1186
f 1185/1967/1187 1189/1968/1187 1183/1966/1187
f 1187/1967/1188 1192/1968/1188 1194/1969/1188
f 1191/1953/1189 1194/1956/1189 1193/1955/1189
f 1191/1970/1190 1165/1959/1190 1189/1968/1190
f 1193/1970/1191 1168/1959/1191 1170/1971/1191
f 1177/1962/36 1183/1966/36 1189/1968/36
f 1169/1972/1192 1172/1934/1192 1167/1973/1192
f 1193/1974/1193 1166/1928/1193 1191/1975/1193
f 1192/1968/39 1186/1966/39 1180/1962/39
f 1175/1937/1194 1178/1976/1194 1173/1935/1194
f 1181/1943/1195 1184/1977/1195 1179/1941/1195
f 1187/1949/1196 1190/1952/1196 1185/1947/1196
f 1195/1978/1197 1196/1979/1197 1197/1980/1197
f 1198/1981/1198 1199/1982/1198 1200/1983/1198
f 1201/1984/1199 1202/1985/1199 1203/1986/1199
f 1204/1987/1200 1205/1988/1200 1206/1989/1200
f 1207/1990/1201 1208/1991/1201 1209/1992/1201
f 1210/1993/1202 1211/1994/1202 1212/1995/1202
f 1213/1996/1203 1214/1997/1203 1215/1998/1203
f 1216/1999/1204 1217/2000/1204 1218/2001/1204
f 1219/2002/1205 1220/2003/1205 1221/2004/1205
f 1222/2005/1206 1223/2006/1206 1224/2007/1206
f 1225/2008/1207 1226/2009/1207 1227/2010/1207
f 1228/2011/1208 1229/2012/1208 1230/2013/1208
f 1231/2014/1209 1232/2015/1209 1233/2016/1209
f 1234/2017/1210 1235/2018/1210 1236/2019/1210
f 1197/2020/1211 1201/2021/1211 1195/2022/1211
f 1199/2020/1212 1204/2021/1212 1206/2023/1212
f 1200/1983/1213 1197/1980/1213 1196/1979/1213
f 1203/1986/1214 1206/1989/1214 1205/1988/1214
f 1208/2024/1215 1201/2021/1215 1203/2025/1215
f 1212/2024/1216 1204/2021/1216 1210/2026/1216
f 1209/1992/1217 1212/1995/1217 1211/1994/1217
f 1209/2027/1218 1213/2028/1218 1207/2026/1218
f 1211/2027/1219 1216/2028/1219 1218/2029/1219
f 1215/1998/1220 1218/2001/1220 1217/2000/1220
f 1215/2030/1221 1219/2031/1221 1213/2028/1221
f 1217/2030/1222 1222/2031/1222 1224/2032/1222
f 1221/2004/1223 1224/2007/1223 1223/2006/1223
f 1226/2033/1224 1219/2031/1224 1221/2034/1224
f 1223/2034/1225 1228/2035/1225 1230/2033/1225
f 1227/2010/1226 1230/2013/1226 1229/2012/1226
f 1232/2036/1227 1225/2035/1227 1227/2037/1227
f 1229/2037/1228 1234/2038/1228 1236/2036/1228
f 1233/2016/1229 1236/2019/1229 1235/2018/1229
f 1196/2039/1230 1231/2038/1230 1233/2040/1230
f 1200/2039/1231 1234/2038/1231 1198/2022/1231
f 1219/2031/36 1225/2035/36 1201/2021/36
f 1199/1982/1232 1202/2041/1232 1197/1980/1232
f 1235/2042/1233 1196/1979/1233 1233/2043/1233
f 1198/2022/39 1228/2035/39 1216/2028/39
f 1205/1988/1234 1208/1991/1234 1203/1986/1234
f 1211/1994/1235 1214/2044/1235 1209/1992/1235
f 1217/2000/1236 1220/2003/1236 1215/1998/1236
f 1223/2045/1237 1226/2009/1237 1221/2046/1237
f 1229/2012/1238 1232/2015/1238 1227/2010/1238
f 1237/2047/1239 1238/2048/1239 1239/2049/1239
f 1240/2050/1240 1241/2051/1240 1242/2052/1240
f 1243/2053/1241 1244/2054/1241 1245/2055/1241
f 1246/2056/1242 1247/2057/1242 1248/2058/1242
f 1249/2059/1243 1250/2060/1243 1251/2061/1243
f 1252/2062/1244 1253/2063/1244 1254/2064/1244
f 1255/2065/1245 1256/2066/1245 1257/2067/1245
f 1258/2068/1246 1259/2069/1246 1260/2070/1246
f 1261/2071/1247 1262/2072/1247 1263/2073/1247
f 1264/2074/1248 1265/2075/1248 1266/2076/1248
f 1267/2077/1249 1268/2078/1249 1269/2079/1249
f 1270/2080/1250 1271/2081/1250 1272/2082/1250
f 1273/2083/1251 1274/2084/1251 1275/2085/1251
f 1276/2086/1252 1277/2087/1252 1278/2088/1252
f 1239/2089/1253 1243/2090/1253 1237/2091/1253
f 1241/2089/1254 1246/2090/1254 1248/2092/1254
f 1242/2052/1255 1239/2049/1255 1238/2048/1255
f 1245/2055/1256 1248/2058/1256 1247/2057/1256
f 1250/2093/1257 1243/2090/1257 1245/2094/1257
f 1254/2093/1258 1246/2090/1258 1252/2095/1258
f 1251/2061/1259 1254/2064/1259 1253/2063/1259
f 1251/2096/1260 1255/2097/1260 1249/2095/1260
f 1260/2098/1261 1252/2095/1261 1258/2097/1261
f 1257/2067/1262 1260/2070/1262 1259/2069/1262
f 1262/2099/1263 1255/2097/1263 1257/2100/1263
f 1266/2099/1264 1258/2097/1264 1264/2101/1264
f 1263/2073/1265 1266/2076/1265 1265/2075/1265
f 1268/2102/1056 1261/2101/1056 1263/2103/1056
f 1265/2103/1057 1270/2104/1057 1272/2102/1057
f 1269/2079/1266 1272/2082/1266 1271/2081/1266
f 1274/2105/1267 1267/2104/1267 1269/2106/1267
f 1278/2105/1268 1270/2104/1268 1276/2107/1268
f 1275/2085/1269 1278/2088/1269 1277/2087/1269
f 1238/2108/1270 1273/2107/1270 1275/2109/1270
f 1242/2108/1271 1276/2107/1271 1240/2091/1271
f 1273/2107/36 1243/2090/36 1255/2097/36
f 1241/2110/1272 1244/2054/1272 1239/2111/1272
f 1277/2087/1273 1238/2048/1273 1275/2085/1273
f 1270/2104/39 1264/2101/39 1258/2097/39
f 1247/2057/1274 1250/2112/1274 1245/2055/1274
f 1253/2063/1275 1256/2066/1275 1251/2061/1275
f 1259/2069/1276 1262/2113/1276 1257/2067/1276
f 1265/2075/1277 1268/2078/1277 1263/2073/1277
f 1271/2114/1278 1274/2084/1278 1269/2115/1278
f 1279/2116/1279 1280/2117/1279 1281/2118/1279
f 1282/2119/1280 1283/2120/1280 1284/2121/1280
f 1285/2122/1281 1286/2123/1281 1287/2124/1281
f 1288/2125/1282 1289/2126/1282 1290/2127/1282
f 1291/2128/1283 1292/2129/1283 1293/2130/1283
f 1294/2131/1284 1295/2132/1284 1296/2133/1284
f 1297/2134/1285 1298/2135/1285 1299/2136/1285
f 1300/2137/1286 1301/2138/1286 1302/2139/1286
f 1303/2140/1287 1304/2141/1287 1305/2142/1287
f 1306/2143/1288 1307/2144/1288 1308/2145/1288
f 1309/2146/1289 1310/2147/1289 1311/2148/1289
f 1312/2149/1290 1313/2150/1290 1314/2151/1290
f 1315/2152/1291 1316/2153/1291 1317/2154/1291
f 1318/2155/1292 1319/2156/1292 1320/2157/1292
f 1286/2158/1293 1279/2159/1293 1281/2160/1293
f 1283/2160/1294 1288/2161/1294 1290/2158/1294
f 1284/2121/1295 1281/2118/1295 1280/2117/1295
f 1287/2124/1296 1290/2127/1296 1289/2126/1296
f 1287/2162/1297 1291/2163/1297 1285/2161/1297
f 1289/2162/1298 1294/2163/1298 1296/2164/1298
f 1293/2130/1299 1296/2133/1299 1295/2132/1299
f 1298/2165/1300 1291/2163/1300 1293/2166/1300
f 1302/2165/1301 1294/2163/1301 1300/2167/1301
f 1299/2136/1302 1302/2139/1302 1301/2138/1302
f 1299/2168/1303 1303/2169/1303 1297/2167/1303
f 1301/2138/1304 1306/2143/1304 1308/2145/1304
f 1305/2142/1305 1308/2145/1305 1307/2144/1305
f 1305/2170/1306 1309/2171/1306 1303/2169/1306
f 1314/2172/1307 1306/2169/1307 1312/2171/1307
f 1311/2148/1308 1314/2151/1308 1313/2150/1308
f 1316/2173/1309 1309/2171/1309 1311/2174/1309
f 1320/2173/1310 1312/2171/1310 1318/2175/1310
f 1317/2154/1311 1320/2157/1311 1319/2156/1311
f 1317/2176/1312 1279/2159/1312 1315/2175/1312
f 1319/2176/1313 1282/2159/1313 1284/2177/1313
f 1297/2167/36 1303/2169/36 1309/2171/36
f 1283/2120/1314 1286/2178/1314 1281/2118/1314
f 1319/2179/1315 1280/2117/1315 1317/2180/1315
f 1294/2163/39 1282/2159/39 1312/2171/39
f 1289/2126/1316 1292/2129/1316 1287/2124/1316
f 1295/2132/1317 1298/2181/1317 1293/2130/1317
f 1301/2138/1318 1304/2141/1318 1299/2136/1318
f 1307/2182/1319 1310/2147/1319 1305/2183/1319
f 1313/2150/1320 1316/2153/1320 1311/2148/1320
f 1321/2184/1321 1322/2185/1321 1323/2186/1321
f 1324/2187/1322 1325/2188/1322 1326/2189/1322
f 1327/2190/1323 1328/2191/1323 1329/2192/1323
f 1330/2193/1324 1331/2194/1324 1332/2195/1324
f 1333/2196/1325 1334/2197/1325 1335/2198/1325
f 1336/2199/1326 1337/2200/1326 1338/2201/1326
f 1339/2202/1327 1340/2203/1327 1341/2204/1327
f 1342/2205/1328 1343/2206/1328 1344/2207/1328
f 1328/2208/1329 1321/2209/1329 1323/2210/1329
f 1325/2210/1330 1330/2211/1330 1332/2208/1330
f 1326/2189/1331 1323/2186/1331 1322/2185/1331
f 1329/2192/1332 1332/2195/1332 1331/2194/1332
f 1334/2212/1333 1327/2211/1333 1329/2213/1333
f 1331/2213/1334 1336/2214/1334 1338/2212/1334
f 1335/2198/1335 1338/2201/1335 1337/2200/1335
f 1340/2215/1336 1333/2214/1336 1335/2216/1336
f 1337/2216/1337 1342/2217/1337 1344/2215/1337
f 1341/2204/1338 1344/2207/1338 1343/2206/1338
f 1322/2218/1339 1339/2217/1339 1341/2219/1339
f 1326/2218/1340 1342/2217/1340 1324/2209/1340
f 1327/2211/36 1339/2217/36 1321/2209/36
f 1325/2188/1341 1328/2220/1341 1323/2186/1341
f 1343/2206/1342 1322/2221/1342 1341/2204/1342
f 1330/2211/39 1342/2217/39 1336/2214/39
f 1331/2194/1343 1334/2222/1343 1329/2192/1343
f 1337/2200/1344 1340/2223/1344 1335/2198/1344
f 1345/2224/1345 1346/2225/1345 1347/2226/1345
f 1348/2227/1346 1349/2228/1346 1350/2229/1346
f 1351/2230/1347 1352/2231/1347 1353/2232/1347
f 1354/2233/1348 1355/2234/1348 1356/2235/1348
f 1357/2236/1349 1358/2237/1349 1359/2238/1349
f 1360/2239/1350 1361/2240/1350 1362/2241/1350
f 1363/2242/1351 1364/2243/1351 1365/2244/1351
f 1366/2245/1352 1367/2246/1352 1368/2247/1352
f 1369/2248/1353 1370/2249/1353 1371/2250/1353
f 1372/2251/1354 1373/2252/1354 1374/2253/1354
f 1375/2254/1355 1376/2255/1355 1377/2256/1355
f 1378/2257/1356 1379/2258/1356 1380/2259/1356
f 1381/2260/1357 1382/2261/1357 1383/2262/1357
f 1384/2263/1358 1385/2264/1358 1386/2265/1358
f 1352/2266/1359 1345/2267/1359 1347/2268/1359
f 1349/2268/1360 1354/2269/1360 1356/2266/1360
f 1350/2229/1361 1347/2226/1361 1346/2225/1361
f 1353/2232/1362 1356/2235/1362 1355/2234/1362
f 1353/2270/1363 1357/2271/1363 1351/2269/1363
f 1355/2270/1364 1360/2271/1364 1362/2272/1364
f 1359/2238/1365 1362/2241/1365 1361/2240/1365
f 1364/2273/1366 1357/2271/1366 1359/2274/1366
f 1368/2273/1367 1360/2271/1367 1366/2275/1367
f 1365/2244/1368 1368/2247/1368 1367/2246/1368
f 1370/2276/1369 1363/2275/1369 1365/2277/1369
f 1367/2277/1370 1372/2278/1370 1374/2276/1370
f 1371/2250/1371 1374/2253/1371 1373/2252/1371
f 1371/2279/1372 1375/2280/1372 1369/2278/1372
f 1373/2279/1373 1378/2280/1373 1380/2281/1373
f 1377/2256/1374 1380/2259/1374 1379/2258/1374
f 1377/2282/1375 1381/2283/1375 1375/2280/1375
f 1379/2282/1376 1384/2283/1376 1386/2284/1376
f 1383/2262/1377 1386/2265/1377 1385/2264/1377
f 1383/2285/1378 1345/2267/1378 1381/2283/1378
f 1385/2285/1379 1348/2267/1379 1350/2286/1379
f 1375/2280/36 1381/2283/36 1351/2269/36
f 1349/2228/1380 1352/2287/1380 1347/2226/1380
f 1385/2288/1381 1346/2225/1381 1383/2289/1381
f 1366/2275/39 1360/2271/39 1348/2267/39
f 1355/2234/1382 1358/2237/1382 1353/2232/1382
f 1361/2240/1383 1364/2290/1383 1359/2238/1383
f 1367/2246/1384 1370/2249/1384 1365/2244/1384
f 1373/2291/1385 1376/2255/1385 1371/2292/1385
f 1379/2258/1386 1382/2261/1386 1377/2256/1386
f 1387/2293/1387 1388/2294/1387 1389/2295/1387
f 1390/2296/1388 1391/2297/1388 1392/2298/1388
f 1393/2299/1389 1394/2300/1389 1395/2301/1389
f 1396/2302/1390 1397/2303/1390 1398/2304/1390
f 1399/2305/1391 1400/2306/1391 1401/2307/1391
f 1402/2308/1392 1403/2309/1392 1404/2310/1392
f 1405/2311/1393 1406/2312/1393 1407/2313/1393
f 1408/2314/1394 1409/2315/1394 1410/2316/1394
f 1411/2317/1395 1412/2318/1395 1413/2319/1395
f 1414/2320/1396 1415/2321/1396 1416/2322/1396
f 1417/2323/1397 1418/2324/1397 1419/2325/1397
f 1420/2326/1398 1421/2327/1398 1422/2328/1398
f 1423/2329/1399 1424/2330/1399 1425/2331/1399
f 1426/2332/1400 1427/2333/1400 1428/2334/1400
f 1394/2335/1401 1387/2336/1401 1389/2337/1401
f 1398/2335/1402 1390/2336/1402 1396/2338/1402
f 1392/2298/1403 1389/2295/1403 1388/2294/1403
f 1395/2301/1404 1398/2304/1404 1397/2303/1404
f 1400/2339/1405 1393/2338/1405 1395/2340/1405
f 1404/2339/1406 1396/2338/1406 1402/2341/1406
f 1401/2307/1407 1404/2310/1407 1403/2309/1407
f 1401/2342/1408 1405/2343/1408 1399/2341/1408
f 1403/2342/1409 1408/2343/1409 1410/2344/1409
f 1407/2313/1410 1410/2316/1410 1409/2315/1410
f 1407/2345/1411 1411/2346/1411 1405/2343/1411
f 1409/2345/1412 1414/2346/1412 1416/2347/1412
f 1413/2319/1413 1416/2322/1413 1415/2321/1413
f 1418/2348/1414 1411/2346/1414 1413/2349/1414
f 1422/2348/1415 1414/2346/1415 1420/2350/1415
f 1419/2325/1416 1422/2328/1416 1421/2327/1416
f 1424/2351/1417 1417/2350/1417 1419/2352/1417
f 1428/2351/1418 1420/2350/1418 1426/2353/1418
f 1425/2331/1419 1428/2334/1419 1427/2333/1419
f 1425/2354/1420 1387/2336/1420 1423/2353/1420
f 1427/2354/1421 1390/2336/1421 1392/2355/1421
f 1423/2353/36 1393/2338/36 1405/2343/36
f 1391/2297/1422 1394/2356/1422 1389/2295/1422
f 1427/2333/1423 1388/2294/1423 1425/2331/1423
f 1420/2350/39 1414/2346/39 1408/2343/39
f 1397/2303/1424 1400/2306/1424 1395/2301/1424
f 1403/2357/1425 1406/2312/1425 1401/2358/1425
f 1409/2315/1426 1412/2318/1426 1407/2313/1426
f 1415/2359/1427 1418/2324/1427 1413/2360/1427
f 1421/2327/1428 1424/2361/1428 1419/2325/1428
f 1429/2362/1429 1430/2363/1429 1431/2364/1429
f 1432/2365/1430 1433/2366/1430 1434/2367/1430
f 1435/2368/1431 1436/2369/1431 1437/2370/1431
f 1438/2371/1432 1439/2372/1432 1440/2373/1432
f 1441/2374/1433 1442/2375/1433 1443/2376/1433
f 1444/2377/1434 1445/2378/1434 1446/2379/1434
f 1447/2380/1435 1448/2381/1435 1449/2382/1435
f 1450/2383/1436 1451/2384/1436 1452/2385/1436
f 1453/2386/1437 1454/2387/1437 1455/2388/1437
f 1456/2389/1438 1457/2390/1438 1458/2391/1438
f 1459/2392/1439 1460/2393/1439 1461/2394/1439
f 1462/2395/1440 1463/2396/1440 1464/2397/1440
f 1465/2398/1441 1466/2399/1441 1467/2400/1441
f 1468/2401/1442 1469/2402/1442 1470/2403/1442
f 1436/2404/1443 1429/2405/1443 1431/2406/1443
f 1440/2404/1444 1432/2405/1444 1438/2407/1444
f 1434/2367/1445 1431/2364/1445 1430/2363/1445
f 1437/2370/1446 1440/2373/1446 1439/2372/1446
f 1442/2408/1447 1435/2407/1447 1437/2409/1447
f 1446/2408/1448 1438/2407/1448 1444/2410/1448
f 1443/2376/1449 1446/2379/1449 1445/2378/1449
f 1443/2411/1450 1447/2412/1450 1441/2410/1450
f 1445/2411/1451 1450/2412/1451 1452/2413/1451
f 1449/2382/1452 1452/2385/1452 1451/2384/1452
f 1454/2414/1453 1447/2412/1453 1449/2415/1453
f 1458/2414/1454 1450/2412/1454 1456/2416/1454
f 1455/2388/1455 1458/2391/1455 1457/2390/1455
f 1460/2417/1456 1453/2416/1456 1455/2418/1456
f 1464/2417/1457 1456/2416/1457 1462/2419/1457
f 1461/2394/1458 1464/2397/1458 1463/2396/1458
f 1461/2420/1459 1465/2421/1459 1459/2419/1459
f 1463/2420/1460 1468/2421/1460 1470/2422/1460
f 1467/2400/1461 1470/2403/1461 1469/2402/1461
f 1430/2423/1462 1465/2421/1462 1467/2424/1462
f 1469/2424/1463 1432/2405/1463 1434/2423/1463
f 1435/2407/36 1447/2412/36 1459/2419/36
f 1433/2366/1464 1436/2425/1464 1431/2364/1464
f 1469/2426/1465 1430/2363/1465 1467/2427/1465
f 1462/2419/39 1456/2416/39 1450/2412/39
f 1439/2372/1466 1442/2375/1466 1437/2370/1466
f 1445/2378/1467 1448/2428/1467 1443/2376/1467
f 1451/2384/1468 1454/2387/1468 1449/2382/1468
f 1457/2429/1469 1460/2393/1469 1455/2430/1469
f 1463/2396/1470 1466/2399/1470 1461/2394/1470
f 1471/2431/1471 1472/2432/1471 1473/2433/1471
f 1474/2434/1472 1475/2435/1472 1476/2436/1472
f 1477/2437/1473 1478/2438/1473 1479/2439/1473
f 1480/2440/1474 1481/2441/1474 1482/2442/1474
f 1483/2443/1475 1484/2444/1475 1485/2445/1475
f 1486/2446/1476 1487/2447/1476 1488/2448/1476
f 1489/2449/1477 1490/2450/1477 1491/2451/1477
f 1492/2452/1478 1493/2453/1478 1494/2454/1478
f 1495/2455/1479 1496/2456/1479 1497/2457/1479
f 1498/2458/1480 1499/2459/1480 1500/2460/1480
f 1473/2461/1481 1477/2462/1481 1471/2463/1481
f 1475/2461/1482 1480/2462/1482 1482/2464/1482
f 1476/2436/1483 1473/2433/1483 1472/2432/1483
f 1479/2439/1484 1482/2442/1484 1481/2441/1484
f 1479/2465/1485 1483/2466/1485 1477/2462/1485
f 1481/2465/1486 1486/2466/1486 1488/2467/1486
f 1485/2445/1487 1488/2448/1487 1487/2447/1487
f 1490/2468/1488 1483/2466/1488 1485/2469/1488
f 1487/2469/1489 1492/2470/1489 1494/2468/1489
f 1491/2451/1490 1494/2454/1490 1493/2453/1490
f 1496/2471/1491 1489/2470/1491 1491/2472/1491
f 1500/2471/1492 1492/2470/1492 1498/2473/1492
f 1497/2457/1493 1500/2460/1493 1499/2459/1493
f 1472/2474/1494 1495/2473/1494 1497/2475/1494
f 1476/2474/1495 1498/2473/1495 1474/2463/1495
f 1477/2462/36 1489/2470/36 1495/2473/36
f 1475/2476/1496 1478/2438/1496 1473/2477/1496
f 1499/2459/1497 1472/2432/1497 1497/2457/1497
f 1474/2463/39 1498/2473/39 1492/2470/39
f 1481/2478/1498 1484/2444/1498 1479/2479/1498
f 1487/2447/1499 1490/2480/1499 1485/2445/1499
f 1493/2453/1500 1496/2481/1500 1491/2451/1500
f 1501/2482/459 1502/2483/459 1503/2484/459
f 1504/2485/460 1505/2486/460 1506/2487/460
f 1507/2488/1501 1508/2489/1501 1509/2490/1501
f 1510/2491/1502 1511/2492/1502 1512/2493/1502
f 1513/2494/463 1514/2495/463 1515/2496/463
f 1516/2497/464 1517/2498/464 1518/2499/464
f 1519/2500/465 1520/2501/465 1521/2502/465
f 1522/2503/466 1523/2504/466 1524/2505/466
f 1525/2506/467 1526/2507/467 1527/2508/467
f 1528/2509/468 1529/2510/468 1530/2511/468
f 1531/2512/469 1532/2513/469 1533/2514/469
f 1534/2515/470 1535/2516/470 1536/2517/470
f 1537/2518/471 1538/2519/471 1539/2520/471
f 1540/2521/472 1541/2522/472 1542/2523/472
f 1503/2524/1503 1507/2525/1503 1501/2526/1503
f 1505/2524/1504 1510/2525/1504 1512/2527/1504
f 1506/2487/475 1503/2484/475 1502/2483/475
f 1509/2490/1505 1512/2493/1505 1511/2492/1505
f 1514/2528/1506 1507/2525/1506 1509/2529/1506
f 1518/2528/1507 1510/2525/1507 1516/2530/1507
f 1515/2496/479 1518/2499/479 1517/2498/479
f 1515/2531/480 1519/2532/480 1513/2530/480
f 1517/2531/481 1522/2532/481 1524/2533/481
f 1521/2502/482 1524/2505/482 1523/2504/482
f 1521/2534/1508 1525/2535/1508 1519/2532/1508
f 1523/2534/1509 1528/2535/1509 1530/2536/1509
f 1527/2508/485 1530/2511/485 1529/2510/485
f 1527/2537/486 1531/2538/486 1525/2535/486
f 1529/2537/487 1534/2538/487 1536/2539/487
f 1533/2514/488 1536/2517/488 1535/2516/488
f 1533/2540/1510 1537/2541/1510 1531/2538/1510
f 1535/2540/490 1540/2541/490 1542/2542/490
f 1539/2520/491 1542/2523/491 1541/2522/491
f 1502/2543/492 1537/2541/492 1539/2544/492
f 1541/2544/493 1504/2526/493 1506/2543/493
f 1537/2541/36 1507/2525/36 1519/2532/36
f 1505/2486/494 1508/2545/494 1503/2484/494
f 1541/2546/495 1502/2483/495 1539/2547/495
f 1522/2532/39 1516/2530/39 1504/2526/39
f 1511/2492/496 1514/2495/496 1509/2490/496
f 1517/2498/497 1520/2548/497 1515/2496/497
f 1523/2504/498 1526/2507/498 1521/2502/498
f 1529/2549/1511 1532/2513/1511 1527/2550/1511
f 1535/2516/500 1538/2519/500 1533/2514/500
f 1543/2551/1512 1544/2552/1512 1545/2553/1512
f 1546/2554/1513 1547/2555/1513 1548/2556/1513
f 1549/2557/1514 1550/2558/1514 1551/2559/1514
f 1552/2560/1515 1553/2561/1515 1554/2562/1515
f 1555/2563/1516 1556/2564/1516 1557/2565/1516
f 1558/2566/1517 1559/2567/1517 1560/2568/1517
f 1561/2569/1518 1562/2570/1518 1563/2571/1518
f 1564/2572/1519 1565/2573/1519 1566/2574/1519
f 1567/2575/1520 1568/2576/1520 1569/2577/1520
f 1570/2578/1521 1571/2579/1521 1572/2580/1521
f 1573/2581/1522 1574/2582/1522 1575/2583/1522
f 1576/2584/1523 1577/2585/1523 1578/2586/1523
f 1579/2587/1524 1580/2588/1524 1581/2589/1524
f 1582/2590/1525 1583/2591/1525 1584/2592/1525
f 1545/2593/1526 1549/2594/1526 1543/2595/1526
f 1547/2593/1527 1552/2594/1527 1554/2596/1527
f 1548/2556/1528 1545/2553/1528 1544/2552/1528
f 1551/2559/1529 1554/2562/1529 1553/2561/1529
f 1551/2597/1530 1555/2598/1530 1549/2594/1530
f 1553/2597/1531 1558/2598/1531 1560/2599/1531
f 1557/2565/1532 1560/2568/1532 1559/2567/1532
f 1562/2600/1533 1555/2598/1533 1557/2601/1533
f 1566/2600/1534 1558/2598/1534 1564/2602/1534
f 1563/2571/1535 1566/2574/1535 1565/2573/1535
f 1563/2603/1536 1567/2604/1536 1561/2602/1536
f 1565/2603/1537 1570/2604/1537 1572/2605/1537
f 1569/2577/1538 1572/2580/1538 1571/2579/1538
f 1574/2606/1539 1567/2604/1539 1569/2607/1539
f 1571/2607/1540 1576/2608/1540 1578/2606/1540
f 1575/2583/1541 1578/2586/1541 1577/2585/1541
f 1575/2609/1542 1579/2610/1542 1573/2608/1542
f 1577/2609/1543 1582/2610/1543 1584/2611/1543
f 1581/2589/1544 1584/2592/1544 1583/2591/1544
f 1544/2612/1545 1579/2610/1545 1581/2613/1545
f 1548/2612/1546 1582/2610/1546 1546/2595/1546
f 1579/2610/36 1549/2594/36 1561/2602/36
f 1547/2555/1547 1550/2558/1547 1545/2553/1547
f 1583/2591/1548 1544/2614/1548 1581/2589/1548
f 1564/2602/39 1558/2598/39 1546/2595/39
f 1553/2561/1549 1556/2615/1549 1551/2559/1549
f 1559/2567/1550 1562/2570/1550 1557/2565/1550
f 1565/2616/1551 1568/2576/1551 1563/2617/1551
f 1571/2579/1552 1574/2582/1552 1569/2577/1552
f 1577/2618/1553 1580/2588/1553 1575/2619/1553
f 1585/2620/1554 1586/2621/1554 1587/2622/1554
f 1588/2623/1555 1589/2624/1555 1590/2625/1555
f 1591/2626/1556 1592/2627/1556 1593/2628/1556
f 1594/2629/1557 1595/2630/1557 1596/2631/1557
f 1597/2632/1558 1598/2633/1558 1599/2634/1558
f 1600/2635/1559 1601/2636/1559 1602/2637/1559
f 1603/2638/1560 1604/2639/1560 1605/2640/1560
f 1606/2641/1561 1607/2642/1561 1608/2643/1561
f 1609/2644/1562 1610/2645/1562 1611/2646/1562
f 1612/2647/1563 1613/2648/1563 1614/2649/1563
f 1615/2650/1564 1616/2651/1564 1617/2652/1564
f 1618/2653/1565 1619/2654/1565 1620/2655/1565
f 1621/2656/1566 1622/2657/1566 1623/2658/1566
f 1624/2659/1567 1625/2660/1567 1626/2661/1567
f 1587/2662/1568 1591/2663/1568 1585/2664/1568
f 1589/2662/1569 1594/2663/1569 1596/2665/1569
f 1590/2625/1570 1587/2622/1570 1586/2621/1570
f 1593/2628/1571 1596/2631/1571 1595/2630/1571
f 1598/2666/1572 1591/2663/1572 1593/2667/1572
f 1595/2667/1573 1600/2668/1573 1602/2666/1573
f 1599/2634/1574 1602/2637/1574 1601/2636/1574
f 1599/2669/1575 1603/2670/1575 1597/2668/1575
f 1601/2669/1576 1606/2670/1576 1608/2671/1576
f 1605/2640/1577 1608/2643/1577 1607/2642/1577
f 1605/2672/1578 1609/2673/1578 1603/2670/1578
f 1607/2672/1579 1612/2673/1579 1614/2674/1579
f 1611/2646/1580 1614/2649/1580 1613/2648/1580
f 1616/2675/1581 1609/2673/1581 1611/2676/1581
f 1620/2675/1582 1612/2673/1582 1618/2677/1582
f 1617/2652/1583 1620/2655/1583 1619/2654/1583
f 1617/2678/1584 1621/2679/1584 1615/2677/1584
f 1619/2678/1585 1624/2679/1585 1626/2680/1585
f 1623/2658/1586 1626/2661/1586 1625/2660/1586
f 1623/2681/1587 1585/2664/1587 1621/2679/1587
f 1625/2681/1588 1588/2664/1588 1590/2682/1588
f 1609/2673/36 1615/2677/36 1591/2663/36
f 1589/2624/1589 1592/2683/1589 1587/2622/1589
f 1625/2684/1590 1586/2621/1590 1623/2685/1590
f 1612/2673/39 1606/2670/39 1588/2664/39
f 1595/2630/1591 1598/2633/1591 1593/2628/1591
f 1601/2636/1592 1604/2686/1592 1599/2634/1592
f 1607/2642/1593 1610/2645/1593 1605/2640/1593
f 1613/2687/1594 1616/2651/1594 1611/2688/1594
f 1619/2654/1595 1622/2657/1595 1617/2652/1595
f 1627/2689/1596 1628/2690/1596 1629/2691/1596
f 1630/2692/1597 1631/2693/1597 1632/2694/1597
f 1633/2695/1598 1634/2696/1598 1635/2697/1598
f 1636/2698/1599 1637/2699/1599 1638/2700/1599
f 1639/2701/1600 1640/2702/1600 1641/2703/1600
f 1642/2704/1601 1643/2705/1601 1644/2706/1601
f 1645/2707/1602 1646/2708/1602 1647/2709/1602
f 1648/2710/1603 1649/2711/1603 1650/2712/1603
f 1651/2713/1604 1652/2714/1604 1653/2715/1604
f 1654/2716/1605 1655/2717/1605 1656/2718/1605
f 1657/2719/1606 1658/2720/1606 1659/2721/1606
f 1660/2722/1607 1661/2723/1607 1662/2724/1607
f 1663/2725/1608 1664/2726/1608 1665/2727/1608
f 1666/2728/1609 1667/2729/1609 1668/2730/1609
f 1629/2731/1610 1633/2732/1610 1627/2733/1610
f 1631/2731/1611 1636/2732/1611 1638/2734/1611
f 1632/2694/1612 1629/2691/1612 1628/2690/1612
f 1635/2697/1613 1638/2700/1613 1637/2699/1613
f 1640/2735/1614 1633/2732/1614 1635/2736/1614
f 1644/2735/1615 1636/2732/1615 1642/2737/1615
f 1641/2703/1616 1644/2706/1616 1643/2705/1616
f 1641/2738/1617 1645/2739/1617 1639/2737/1617
f 1643/2738/1618 1648/2739/1618 1650/2740/1618
f 1647/2709/1619 1650/2712/1619 1649/2711/1619
f 1652/2741/1620 1645/2739/1620 1647/2742/1620
f 1656/2741/1621 1648/2739/1621 1654/2743/1621
f 1653/2715/1622 1656/2718/1622 1655/2717/1622
f 1658/2744/1623 1651/2743/1623 1653/2745/1623
f 1655/2745/1624 1660/2746/1624 1662/2744/1624
f 1659/2721/1625 1662/2724/1625 1661/2723/1625
f 1664/2747/1626 1657/2746/1626 1659/2748/1626
f 1661/2748/1627 1666/2749/1627 1668/2747/1627
f 1665/2727/1628 1668/2730/1628 1667/2729/1628
f 1665/2750/1629 1627/2733/1629 1663/2749/1629
f 1667/2750/1630 1630/2733/1630 1632/2751/1630
f 1633/2732/36 1645/2739/36 1657/2746/36
f 1631/2693/1631 1634/2752/1631 1629/2691/1631
f 1667/2729/1632 1628/2690/1632 1665/2727/1632
f 1630/2733/39 1660/2746/39 1648/2739/39
f 1637/2699/1633 1640/2702/1633 1635/2697/1633
f 1643/2753/1634 1646/2708/1634 1641/2754/1634
f 1649/2711/1635 1652/2714/1635 1647/2709/1635
f 1655/2755/1636 1658/2720/1636 1653/2756/1636
f 1661/2723/1637 1664/2757/1637 1659/2721/1637
f 1669/2758/1638 1670/2759/1638 1671/2760/1638
f 1672/2761/1639 1673/2762/1639 1674/2763/1639
f 1675/2764/1640 1676/2765/1640 1677/2766/1640
f 1678/2767/1641 1679/2768/1641 1680/2769/1641
f 1681/2770/1642 1682/2771/1642 1683/2772/1642
f 1684/2773/1643 1685/2774/1643 1686/2775/1643
f 1687/2776/1644 1688/2777/1644 1689/2778/1644
f 1690/2779/1645 1691/2780/1645 1692/2781/1645
f 1693/2782/1646 1694/2783/1646 1695/2784/1646
f 1696/2785/1647 1697/2786/1647 1698/2787/1647
f 1699/2788/1648 1700/2789/1648 1701/2790/1648
f 1702/2791/1649 1703/2792/1649 1704/2793/1649
f 1705/2794/1650 1706/2795/1650 1707/2796/1650
f 1708/2797/1651 1709/2798/1651 1710/2799/1651
f 1671/2800/1652 1675/2801/1652 1669/2802/1652
f 1673/2800/1653 1678/2801/1653 1680/2803/1653
f 1674/2763/1654 1671/2760/1654 1670/2759/1654
f 1677/2766/1655 1680/2769/1655 1679/2768/1655
f 1677/2804/1656 1681/2805/1656 1675/2801/1656
f 1686/2806/1657 1678/2801/1657 1684/2805/1657
f 1683/2772/1658 1686/2775/1658 1685/2774/1658
f 1683/2807/1659 1687/2808/1659 1681/2805/1659
f 1685/2807/1660 1690/2808/1660 1692/2809/1660
f 1689/2778/1661 1692/2781/1661 1691/2780/1661
f 1689/2810/1662 1693/2811/1662 1687/2808/1662
f 1691/2810/1663 1696/2811/1663 1698/2812/1663
f 1695/2784/1664 1698/2787/1664 1697/2786/1664
f 1700/2813/1665 1693/2811/1665 1695/2814/1665
f 1704/2813/1666 1696/2811/1666 1702/2815/1666
f 1701/2790/1667 1704/2793/1667 1703/2792/1667
f 1701/2816/1668 1705/2817/1668 1699/2815/1668
f 1703/2816/1669 1708/2817/1669 1710/2818/1669
f 1707/2796/1670 1710/2799/1670 1709/2798/1670
f 1670/2819/1671 1705/2817/1671 1707/2820/1671
f 1709/2820/1672 1672/2802/1672 1674/2819/1672
f 1705/2817/36 1675/2801/36 1687/2808/36
f 1673/2762/1673 1676/2821/1673 1671/2760/1673
f 1709/2822/1674 1670/2759/1674 1707/2823/1674
f 1702/2815/39 1696/2811/39 1690/2808/39
f 1679/2768/1675 1682/2771/1675 1677/2766/1675
f 1685/2774/1676 1688/2824/1676 1683/2772/1676
f 1691/2780/1677 1694/2783/1677 1689/2778/1677
f 1697/2825/1678 1700/2789/1678 1695/2826/1678
f 1703/2792/1679 1706/2795/1679 1701/2790/1679
f 1711/2827/1680 1712/2828/1680 1713/2829/1680
f 1714/2830/1681 1715/2831/1681 1716/2832/1681
f 1717/2833/1682 1718/2834/1682 1719/2835/1682
f 1720/2836/1683 1721/2837/1683 1722/2838/1683
f 1723/2839/1684 1724/2840/1684 1725/2841/1684
f 1726/2842/1685 1727/2843/1685 1728/2844/1685
f 1729/2845/1686 1730/2846/1686 1731/2847/1686
f 1732/2848/1687 1733/2849/1687 1734/2850/1687
f 1735/2851/1688 1736/2852/1688 1737/2853/1688
f 1738/2854/1689 1739/2855/1689 1740/2856/1689
f 1718/2857/1690 1711/2858/1690 1713/2859/1690
f 1722/2857/1691 1714/2858/1691 1720/2860/1691
f 1716/2832/1692 1713/2829/1692 1712/2828/1692
f 1719/2835/1693 1722/2838/1693 1721/2837/1693
f 1724/2861/1694 1717/2860/1694 1719/2862/1694
f 1721/2862/1695 1726/2863/1695 1728/2861/1695
f 1725/2841/1696 1728/2844/1696 1727/2843/1696
f 1730/2864/1697 1723/2863/1697 1725/2865/1697
f 1734/2864/1698 1726/2863/1698 1732/2866/1698
f 1731/2847/1699 1734/2850/1699 1733/2849/1699
f 1736/2867/1700 1729/2866/1700 1731/2868/1700
f 1740/2867/1701 1732/2866/1701 1738/2869/1701
f 1737/2853/1702 1740/2856/1702 1739/2855/1702
f 1712/2870/1703 1735/2869/1703 1737/2871/1703
f 1716/2870/1704 1738/2869/1704 1714/2858/1704
f 1717/2860/36 1729/2866/36 1735/2869/36
f 1715/2872/1705 1718/2834/1705 1713/2873/1705
f 1739/2874/1706 1712/2828/1706 1737/2875/1706
f 1714/2858/39 1738/2869/39 1732/2866/39
f 1721/2837/1707 1724/2876/1707 1719/2835/1707
f 1727/2843/1708 1730/2877/1708 1725/2841/1708
f 1733/2849/1709 1736/2852/1709 1731/2847/1709
f 1741/2878/1710 1742/2879/1710 1743/2880/1710
f 1744/2881/1711 1745/2882/1711 1746/2883/1711
f 1747/2884/1712 1748/2885/1712 1749/2886/1712
f 1750/2887/1713 1751/2888/1713 1752/2889/1713
f 1753/2890/1714 1754/2891/1714 1755/2892/1714
f 1756/2893/1715 1757/2894/1715 1758/2895/1715
f 1759/2896/1716 1760/2897/1716 1761/2898/1716
f 1762/2899/1717 1763/2900/1717 1764/2901/1717
f 1765/2902/1718 1766/2903/1718 1767/2904/1718
f 1768/2905/1719 1769/2906/1719 1770/2907/1719
f 1771/2908/1720 1772/2909/1720 1773/2910/1720
f 1774/2911/1721 1775/2912/1721 1776/2913/1721
f 1777/2914/1722 1778/2915/1722 1779/2916/1722
f 1780/2917/1723 1781/2918/1723 1782/2919/1723
f 1743/2920/1724 1747/2921/1724 1741/2922/1724
f 1745/2920/1725 1750/2921/1725 1752/2923/1725
f 1746/2883/1726 1743/2880/1726 1742/2879/1726
f 1749/2886/1727 1752/2889/1727 1751/2888/1727
f 1749/2924/1728 1753/2925/1728 1747/2921/1728
f 1751/2924/1729 1756/2925/1729 1758/2926/1729
f 1755/2892/1730 1758/2895/1730 1757/2894/1730
f 1760/2927/1731 1753/2925/1731 1755/2928/1731
f 1764/2927/1732 1756/2925/1732 1762/2929/1732
f 1761/2898/1733 1764/2901/1733 1763/2900/1733
f 1761/2930/1734 1765/2931/1734 1759/2929/1734
f 1763/2930/1735 1768/2931/1735 1770/2932/1735
f 1767/2904/1736 1770/2907/1736 1769/2906/1736
f 1772/2933/1737 1765/2931/1737 1767/2934/1737
f 1769/2934/1738 1774/2935/1738 1776/2933/1738
f 1773/2910/1739 1776/2913/1739 1775/2912/1739
f 1773/2936/1740 1777/2937/1740 1771/2935/1740
f 1775/2936/1741 1780/2937/1741 1782/2938/1741
f 1779/2916/1742 1782/2919/1742 1781/2918/1742
f 1742/2939/1743 1777/2937/1743 1779/2940/1743
f 1781/2940/1744 1744/2922/1744 1746/2939/1744
f 1771/2935/36 1777/2937/36 1747/2921/36
f 1745/2882/1745 1748/2941/1745 1743/2880/1745
f 1781/2942/1746 1742/2879/1746 1779/2943/1746
f 1756/2925/39 1744/2922/39 1774/2935/39
f 1751/2888/1747 1754/2891/1747 1749/2886/1747
f 1757/2894/1748 1760/2944/1748 1755/2892/1748
f 1763/2900/1749 1766/2903/1749 1761/2898/1749
f 1769/2945/1750 1772/2909/1750 1767/2946/1750
f 1775/2912/1751 1778/2915/1751 1773/2910/1751
f 1783/2947/1752 1784/2948/1752 1785/2949/1752
f 1786/2950/1753 1787/2951/1753 1788/2952/1753
f 1789/2953/1754 1790/2954/1754 1791/2955/1754
f 1792/2956/1755 1793/2957/1755 1794/2958/1755
f 1795/2959/1756 1796/2960/1756 1797/2961/1756
f 1798/2962/1757 1799/2963/1757 1800/2964/1757
f 1801/2965/1758 1802/2966/1758 1803/2967/1758
f 1804/2968/1759 1805/2969/1759 1806/2970/1759
f 1807/2971/1760 1808/2972/1760 1809/2973/1760
f 1810/2974/1761 1811/2975/1761 1812/2976/1761
f 1813/2977/1762 1814/2978/1762 1815/2979/1762
f 1816/2980/1763 1817/2981/1763 1818/2982/1763
f 1819/2983/1764 1820/2984/1764 1821/2985/1764
f 1822/2986/1765 1823/2987/1765 1824/2988/1765
f 1785/2989/1766 1789/2990/1766 1783/2991/1766
f 1787/2989/1767 1792/2990/1767 1794/2992/1767
f 1788/2952/1768 1785/2949/1768 1784/2948/1768
f 1791/2955/1769 1794/2958/1769 1793/2957/1769
f 1796/2993/1770 1789/2990/1770 1791/2994/1770
f 1793/2994/1771 1798/2995/1771 1800/2993/1771
f 1797/2961/1772 1800/2964/1772 1799/2963/1772
f 1802/2996/1773 1795/2995/1773 1797/2997/1773
f 1806/2996/1774 1798/2995/1774 1804/2998/1774
f 1803/2967/1775 1806/2970/1775 1805/2969/1775
f 1808/2999/1776 1801/2998/1776 1803/3000/1776
f 1812/2999/1777 1804/2998/1777 1810/3001/1777
f 1809/2973/1778 1812/2976/1778 1811/2975/1778
f 1809/3002/1779 1813/3003/1779 1807/3001/1779
f 1811/3002/1780 1816/3003/1780 1818/3004/1780
f 1815/2979/1781 1818/2982/1781 1817/2981/1781
f 1815/3005/1782 1819/3006/1782 1813/3003/1782
f 1817/3005/1783 1822/3006/1783 1824/3007/1783
f 1821/2985/1784 1824/2988/1784 1823/2987/1784
f 1821/3008/1785 1783/2991/1785 1819/3006/1785
f 1823/3008/1786 1786/2991/1786 1788/3009/1786
f 1813/3003/36 1819/3006/36 1789/2990/36
f 1787/2951/1787 1790/2954/1787 1785/2949/1787
f 1823/2987/1788 1784/3010/1788 1821/2985/1788
f 1786/2991/39 1816/3003/39 1804/2998/39
f 1793/2957/1789 1796/3011/1789 1791/2955/1789
f 1799/2963/1790 1802/2966/1790 1797/2961/1790
f 1805/3012/1791 1808/2972/1791 1803/3013/1791
f 1811/2975/1792 1814/2978/1792 1809/2973/1792
f 1817/3014/1793 1820/2984/1793 1815/3015/1793
f 1825/3016/1794 1826/3017/1794 1827/3018/1794
f 1828/3019/1795 1829/3020/1795 1830/3021/1795
f 1831/3022/1796 1832/3023/1796 1833/3024/1796
f 1834/3025/1797 1835/3026/1797 1836/3027/1797
f 1837/3028/1798 1838/3029/1798 1839/3030/1798
f 1840/3031/1799 1841/3032/1799 1842/3033/1799
f 1843/3034/1800 1844/3035/1800 1845/3036/1800
f 1846/3037/1801 1847/3038/1801 1848/3039/1801
f 1849/3040/1802 1850/3041/1802 1851/3042/1802
f 1852/3043/1803 1853/3044/1803 1854/3045/1803
f 1855/3046/1804 1856/3047/1804 1857/3048/1804
f 1858/3049/1805 1859/3050/1805 1860/3051/1805
f 1861/3052/1806 1862/3053/1806 1863/3054/1806
f 1864/3055/1807 1865/3056/1807 1866/3057/1807
f 1827/3058/1808 1831/3059/1808 1825/3060/1808
f 1829/3058/1809 1834/3059/1809 1836/3061/1809
f 1830/3021/1810 1827/3018/1810 1826/3017/1810
f 1833/3024/1811 1836/3027/1811 1835/3026/1811
f 1838/3062/1812 1831/3059/1812 1833/3063/1812
f 1842/3062/1813 1834/3059/1813 1840/3064/1813
f 1839/3030/1814 1842/3033/1814 1841/3032/1814
f 1844/3065/1815 1837/3064/1815 1839/3066/1815
f 1848/3065/1816 1840/3064/1816 1846/3067/1816
f 1845/3036/1817 1848/3039/1817 1847/3038/1817
f 1850/3068/1818 1843/3067/1818 1845/3069/1818
f 1847/3069/1819 1852/3070/1819 1854/3068/1819
f 1851/3042/1820 1854/3045/1820 1853/3044/1820
f 1851/3071/1821 1855/3072/1821 1849/3070/1821
f 1853/3071/1822 1858/3072/1822 1860/3073/1822
f 1857/3048/1823 1860/3051/1823 1859/3050/1823
f 1862/3074/1824 1855/3072/1824 1857/3075/1824
f 1866/3074/1825 1858/3072/1825 1864/3076/1825
f 1863/3054/1826 1866/3057/1826 1865/3056/1826
f 1826/3077/1827 1861/3076/1827 1863/3078/1827
f 1830/3077/1828 1864/3076/1828 1828/3060/1828
f 1831/3059/36 1843/3067/36 1855/3072/36
f 1829/3020/1829 1832/3079/1829 1827/3018/1829
f 1865/3080/1830 1826/3017/1830 1863/3081/1830
f 1840/3064/39 1828/3060/39 1858/3072/39
f 1835/3026/1831 1838/3029/1831 1833/3024/1831
f 1841/3032/1832 1844/3082/1832 1839/3030/1832
f 1847/3038/1833 1850/3041/1833 1845/3036/1833
f 1853/3083/1834 1856/3047/1834 1851/3084/1834
f 1859/3050/1835 1862/3053/1835 1857/3048/1835
f 1867/3085/1836 1868/3086/1836 1869/3087/1836
f 1870/3088/1837 1871/3089/1837 1872/3090/1837
f 1873/3091/1838 1874/3092/1838 1875/3093/1838
f 1876/3094/1839 1877/3095/1839 1878/3096/1839
f 1879/3097/1840 1880/3098/1840 1881/3099/1840
f 1882/3100/1841 1883/3101/1841 1884/3102/1841
f 1885/3103/1842 1886/3104/1842 1887/3105/1842
f 1888/3106/1843 1889/3107/1843 1890/3108/1843
f 1891/3109/1844 1892/3110/1844 1893/3111/1844
f 1894/3112/1845 1895/3113/1845 1896/3114/1845
f 1897/3115/1846 1898/3116/1846 1899/3117/1846
f 1900/3118/1847 1901/3119/1847 1902/3120/1847
f 1903/3121/1848 1904/3122/1848 1905/3123/1848
f 1906/3124/1849 1907/3125/1849 1908/3126/1849
f 1869/3127/1850 1873/3128/1850 1867/3129/1850
f 1871/3127/1851 1876/3128/1851 1878/3130/1851
f 1872/3090/1852 1869/3087/1852 1868/3086/1852
f 1875/3093/1853 1878/3096/1853 1877/3095/1853
f 1880/3131/1854 1873/3128/1854 1875/3132/1854
f 1877/3132/1855 1882/3133/1855 1884/3131/1855
f 1881/3099/1856 1884/3102/1856 1883/3101/1856
f 1881/3134/1857 1885/3135/1857 1879/3133/1857
f 1883/3134/1858 1888/3135/1858 1890/3136/1858
f 1887/3105/1859 1890/3108/1859 1889/3107/1859
f 1887/3137/1860 1891/3138/1860 1885/3135/1860
f 1889/3137/1861 1894/3138/1861 1896/3139/1861
f 1893/3111/1862 1896/3114/1862 1895/3113/1862
f 1898/3140/1863 1891/3138/1863 1893/3141/1863
f 1902/3140/1864 1894/3138/1864 1900/3142/1864
f 1899/3117/1865 1902/3120/1865 1901/3119/1865
f 1904/3143/1866 1897/3142/1866 1899/3144/1866
f 1901/3144/1867 1906/3145/1867 1908/3143/1867
f 1905/3123/1868 1908/3126/1868 1907/3125/1868
f 1868/3146/1869 1903/3145/1869 1905/3147/1869
f 1872/3146/1870 1906/3145/1870 1870/3129/1870
f 1891/3138/36 1897/3142/36 1873/3128/36
f 1871/3089/1871 1874/3092/1871 1869/3087/1871
f 1907/3148/1872 1868/3086/1872 1905/3149/1872
f 1894/3138/39 1888/3135/39 1870/3129/39
f 1877/3150/1873 1880/3098/1873 1875/3151/1873
f 1883/3101/1874 1886/3152/1874 1881/3099/1874
f 1889/3107/1875 1892/3110/1875 1887/3105/1875
f 1895/3113/1876 1898/3153/1876 1893/3111/1876
f 1901/3119/1877 1904/3122/1877 1899/3117/1877
f 1909/3154/1878 1910/3155/1878 1911/3156/1878
f 1912/3157/1879 1913/3158/1879 1914/3159/1879
f 1915/3160/1880 1916/3161/1880 1917/3162/1880
f 1918/3163/1881 1919/3164/1881 1920/3165/1881
f 1921/3166/1882 1922/3167/1882 1923/3168/1882
f 1924/3169/1883 1925/3170/1883 1926/3171/1883
f 1927/3172/1884 1928/3173/1884 1929/3174/1884
f 1930/3175/1885 1931/3176/1885 1932/3177/1885
f 1933/3178/1886 1934/3179/1886 1935/3180/1886
f 1936/3181/1887 1937/3182/1887 1938/3183/1887
f 1939/3184/1888 1940/3185/1888 1941/3186/1888
f 1942/3187/1889 1943/3188/1889 1944/3189/1889
f 1945/3190/1890 1946/3191/1890 1947/3192/1890
f 1948/3193/1891 1949/3194/1891 1950/3195/1891
f 1911/3196/1892 1915/3197/1892 1909/3198/1892
f 1913/3196/1893 1918/3197/1893 1920/3199/1893
f 1914/3159/1894 1911/3156/1894 1910/3155/1894
f 1917/3162/1895 1920/3165/1895 1919/3164/1895
f 1917/3200/1896 1921/3201/1896 1915/3197/1896
f 1919/3200/1897 1924/3201/1897 1926/3202/1897
f 1923/3168/1898 1926/3171/1898 1925/3170/1898
f 1928/3203/1899 1921/3201/1899 1923/3204/1899
f 1932/3203/1900 1924/3201/1900 1930/3205/1900
f 1929/3174/1901 1932/3177/1901 1931/3176/1901
f 1934/3179/1902 1927/3172/1902 1929/3174/1902
f 1938/3183/1903 1930/3175/1903 1936/3181/1903
f 1935/3180/1904 1938/3183/1904 1937/3182/1904
f 1940/3206/1905 1933/3207/1905 1935/3208/1905
f 1937/3208/1906 1942/3209/1906 1944/3206/1906
f 1941/3186/1907 1944/3189/1907 1943/3188/1907
f 1946/3210/1908 1939/3209/1908 1941/3211/1908
f 1943/3211/1909 1948/3212/1909 1950/3210/1909
f 1947/3192/1910 1950/3195/1910 1949/3194/1910
f 1910/3213/1911 1945/3212/1911 1947/3214/1911
f 1914/3213/1912 1948/3212/1912 1912/3198/1912
f 1939/3209/36 1945/3212/36 1915/3197/36
f 1913/3158/1913 1916/3215/1913 1911/3156/1913
f 1949/3216/1914 1910/3155/1914 1947/3217/1914
f 1924/3201/39 1912/3198/39 1942/3209/39
f 1919/3164/1915 1922/3167/1915 1917/3162/1915
f 1925/3170/1916 1928/3218/1916 1923/3168/1916
f 1931/3176/1917 1934/3179/1917 1929/3174/1917
f 1937/3219/1918 1940/3185/1918 1935/3220/1918
f 1943/3188/1919 1946/3191/1919 1941/3186/1919
f 1951/3221/1920 1952/3222/1920 1953/3223/1920
f 1954/3221/1921 1955/3223/1921 1956/3222/1921
f 1957/3224/1922 1958/3225/1922 1959/3226/1922
f 1960/3224/1923 1961/3226/1923 1962/3225/1923
f 1963/3227/1924 1964/3228/1924 1965/3229/1924
f 1966/3227/1925 1967/3229/1925 1968/3228/1925
f 1958/3225/1926 1951/3221/1926 1953/3223/1926
f 1955/3223/1927 1960/3224/1927 1962/3225/1927
f 1956/3230/1928 1953/3231/1928 1952/3232/1928
f 1959/3233/1929 1962/3234/1929 1961/3235/1929
f 1959/3226/1930 1963/3227/1930 1957/3224/1930
f 1961/3226/1931 1966/3227/1931 1968/3228/1931
f 1965/3236/1932 1968/3237/1932 1967/3238/1932
f 1952/3222/1933 1963/3227/1933 1965/3229/1933
f 1956/3222/1934 1966/3227/1934 1954/3221/1934
f 1951/3221/36 1957/3224/36 1963/3227/36
f 1955/3239/1935 1958/3240/1935 1953/3241/1935
f 1967/3242/1936 1952/3232/1936 1965/3243/1936
f 1960/3224/39 1954/3221/39 1966/3227/39
f 1961/3235/1937 1964/3244/1937 1959/3233/1937
f 1969/3245/1938 1970/3246/1938 1971/3247/1938
f 1972/3248/1939 1973/3249/1939 1974/3250/1939
f 1975/3251/1940 1976/3252/1940 1977/3253/1940
f 1978/3254/1941 1979/3255/1941 1980/3256/1941
f 1981/3257/1942 1982/3258/1942 1983/3259/1942
f 1984/3260/1943 1985/3261/1943 1986/3262/1943
f 1987/3263/267 1988/3264/267 1989/3265/267
f 1990/3266/268 1991/3267/268 1992/3268/268
f 1993/3269/269 1994/3270/269 1995/3271/269
f 1996/3272/270 1997/3273/270 1998/3274/270
f 1999/3275/271 2000/3276/271 2001/3277/271
f 2002/3278/272 2003/3279/272 2004/3280/272
f 2005/3281/273 2006/3282/273 2007/3283/273
f 2008/3284/274 2009/3285/274 2010/3286/274
f 1976/3287/1944 1969/3288/1944 1971/3289/1944
f 1980/3287/1945 1972/3288/1945 1978/3290/1945
f 1974/3250/1946 1971/3247/1946 1970/3246/1946
f 1977/3253/278 1980/3256/278 1979/3255/278
f 1977/3291/279 1981/3292/279 1975/3290/279
f 1979/3291/280 1984/3292/280 1986/3293/280
f 1983/3259/1947 1986/3262/1947 1985/3261/1947
f 1988/3294/1948 1981/3292/1948 1983/3295/1948
f 1992/3294/1949 1984/3292/1949 1990/3296/1949
f 1989/3265/284 1992/3268/284 1991/3267/284
f 1994/3297/285 1987/3296/285 1989/3298/285
f 1998/3297/286 1990/3296/286 1996/3299/286
f 1995/3271/1950 1998/3274/1950 1997/3273/1950
f 2000/3300/288 1993/3299/288 1995/3301/288
f 2004/3300/289 1996/3299/289 2002/3302/289
f 2001/3277/1951 2004/3280/1951 2003/3279/1951
f 2006/3303/291 1999/3302/291 2001/3304/291
f 2003/3304/292 2008/3305/292 2010/3303/292
f 2007/3283/1952 2010/3286/1952 2009/3285/1952
f 2007/3306/294 1969/3288/294 2005/3305/294
f 2009/3306/295 1972/3288/295 1974/3307/295
f 1975/3290/36 1987/3296/36 1999/3302/36
f 1973/3249/1953 1976/3308/1953 1971/3247/1953
f 2009/3309/297 1970/3246/297 2007/3310/297
f 2002/3302/39 1996/3299/39 1990/3296/39
f 1979/3255/1954 1982/3258/1954 1977/3253/1954
f 1985/3261/1955 1988/3311/1955 1983/3259/1955
f 1991/3267/300 1994/3270/300 1989/3265/300
f 1997/3312/301 2000/3276/301 1995/3313/301
f 2003/3279/1956 2006/3282/1956 2001/3277/1956
f 2011/3314/1957 2012/3315/1957 2013/3316/1957
f 2014/3317/1958 2015/3318/1958 2016/3319/1958
f 2017/3320/1959 2018/3321/1959 2019/3322/1959
f 2020/3323/1960 2021/3324/1960 2022/3325/1960
f 2023/3326/1961 2024/3327/1961 2025/3328/1961
f 2026/3329/1962 2027/3330/1962 2028/3331/1962
f 2029/3332/1963 2030/3333/1963 2031/3334/1963
f 2032/3335/1964 2033/3336/1964 2034/3337/1964
f 2013/3338/1965 2017/3339/1965 2011/3340/1965
f 2015/3338/1966 2020/3339/1966 2022/3341/1966
f 2016/3319/1628 2013/3316/1628 2012/3315/1628
f 2019/3322/1967 2022/3325/1967 2021/3324/1967
f 2019/3342/1968 2023/3343/1968 2017/3339/1968
f 2021/3342/1969 2026/3343/1969 2028/3344/1969
f 2025/3328/1634 2028/3331/1634 2027/3330/1634
f 2030/3345/1970 2023/3343/1970 2025/3346/1970
f 2034/3345/1971 2026/3343/1971 2032/3347/1971
f 2031/3334/1972 2034/3337/1972 2033/3336/1972
f 2012/3348/1973 2029/3347/1973 2031/3349/1973
f 2033/3349/1974 2014/3340/1974 2016/3348/1974
f 2017/3339/36 2029/3347/36 2011/3340/36
f 2015/3318/1975 2018/3350/1975 2013/3316/1975
f 2033/3336/1976 2012/3351/1976 2031/3334/1976
f 2020/3339/39 2032/3347/39 2026/3343/39
f 2021/3324/1977 2024/3352/1977 2019/3322/1977
f 2027/3330/1978 2030/3353/1978 2025/3328/1978
f 2035/3354/1979 2036/3355/1979 2037/3356/1979
f 2038/3357/1980 2039/3358/1980 2040/3359/1980
f 2041/3360/1981 2042/3361/1981 2043/3362/1981
f 2044/3363/1982 2045/3364/1982 2046/3365/1982
f 2047/3366/1983 2048/3367/1983 2049/3368/1983
f 2050/3369/1984 2051/3370/1984 2052/3371/1984
f 2053/3372/1985 2054/3373/1985 2055/3374/1985
f 2056/3375/1986 2057/3376/1986 2058/3377/1986
f 2059/3378/1987 2060/3379/1987 2061/3380/1987
f 2062/3381/1988 2063/3382/1988 2064/3383/1988
f 2065/3384/1989 2066/3385/1989 2067/3386/1989
f 2068/3387/1990 2069/3388/1990 2070/3389/1990
f 2071/3390/1991 2072/3391/1991 2073/3392/1991
f 2074/3393/1992 2075/3394/1992 2076/3395/1992
f 2037/3396/1993 2041/3397/1993 2035/3398/1993
f 2039/3396/1994 2044/3397/1994 2046/3399/1994
f 2040/3359/1995 2037/3356/1995 2036/3355/1995
f 2043/3362/1996 2046/3365/1996 2045/3364/1996
f 2043/3400/1997 2047/3401/1997 2041/3397/1997
f 2045/3400/1998 2050/3401/1998 2052/3402/1998
f 2049/3368/1999 2052/3371/1999 2051/3370/1999
f 2049/3403/2000 2053/3404/2000 2047/3401/2000
f 2051/3403/2001 2056/3404/2001 2058/3405/2001
f 2055/3374/2002 2058/3377/2002 2057/3376/2002
f 2060/3406/2003 2053/3404/2003 2055/3407/2003
f 2064/3406/2004 2056/3404/2004 2062/3408/2004
f 2061/3380/2005 2064/3383/2005 2063/3382/2005
f 2066/3409/2006 2059/3408/2006 2061/3410/2006
f 2070/3409/2007 2062/3408/2007 2068/3411/2007
f 2067/3386/2008 2070/3389/2008 2069/3388/2008
f 2072/3412/2009 2065/3411/2009 2067/3413/2009
f 2069/3413/2010 2074/3414/2010 2076/3412/2010
f 2073/3392/2011 2076/3395/2011 2075/3394/2011
f 2073/3415/2012 2035/3398/2012 2071/3414/2012
f 2075/3415/2013 2038/3398/2013 2040/3416/2013
f 2041/3397/36 2053/3404/36 2065/3411/36
f 2039/3358/2014 2042/3417/2014 2037/3356/2014
f 2075/3418/2015 2036/3355/2015 2073/3419/2015
f 2038/3398/39 2068/3411/39 2056/3404/39
f 2045/3364/2016 2048/3367/2016 2043/3362/2016
f 2051/3370/2017 2054/3420/2017 2049/3368/2017
f 2057/3376/2018 2060/3379/2018 2055/3374/2018
f 2063/3421/2019 2066/3385/2019 2061/3422/2019
f 2069/3388/2020 2072/3391/2020 2067/3386/2020
f 2077/3423/2021 2078/3424/2021 2079/3425/2021
f 2080/3426/2022 2081/3427/2022 2082/3428/2022
f 2083/3429/2023 2084/3430/2023 2085/3431/2023
f 2086/3432/2024 2087/3433/2024 2088/3434/2024
f 2089/3435/2025 2090/3436/2025 2091/3437/2025
f 2092/3438/2026 2093/3439/2026 2094/3440/2026
f 2095/3441/2027 2096/3442/2027 2097/3443/2027
f 2098/3444/2028 2099/3445/2028 2100/3446/2028
f 2101/3447/2029 2102/3448/2029 2103/3449/2029
f 2104/3450/2030 2105/3451/2030 2106/3452/2030
f 2107/3453/2031 2108/3454/2031 2109/3455/2031
f 2110/3456/2032 2111/3457/2032 2112/3458/2032
f 2113/3459/2033 2114/3460/2033 2115/3461/2033
f 2116/3462/2034 2117/3463/2034 2118/3464/2034
f 2084/3465/2035 2077/3466/2035 2079/3467/2035
f 2088/3465/2036 2080/3466/2036 2086/3468/2036
f 2082/3428/2037 2079/3425/2037 2078/3424/2037
f 2085/3431/2038 2088/3434/2038 2087/3433/2038
f 2090/3469/2039 2083/3468/2039 2085/3470/2039
f 2094/3469/2040 2086/3468/2040 2092/3471/2040
f 2091/3437/2041 2094/3440/2041 2093/3439/2041
f 2096/3472/2042 2089/3471/2042 2091/3473/2042
f 2100/3472/2043 2092/3471/2043 2098/3474/2043
f 2097/3443/2044 2100/3446/2044 2099/3445/2044
f 2097/3475/2045 2101/3476/2045 2095/3474/2045
f 2099/3475/2046 2104/3476/2046 2106/3477/2046
f 2103/3449/2047 2106/3452/2047 2105/3451/2047
f 2108/3478/2048 2101/3476/2048 2103/3479/2048
f 2105/3479/2049 2110/3480/2049 2112/3478/2049
f 2109/3455/2050 2112/3458/2050 2111/3457/2050
f 2114/3481/2051 2107/3480/2051 2109/3482/2051
f 2111/3482/2052 2116/3483/2052 2118/3481/2052
f 2115/3461/2053 2118/3464/2053 2117/3463/2053
f 2078/3484/2054 2113/3483/2054 2115/3485/2054
f 2082/3484/2055 2116/3483/2055 2080/3466/2055
f 2095/3474/36 2101/3476/36 2107/3480/36
f 2081/3427/2056 2084/3430/2056 2079/3425/2056
f 2117/3486/2057 2078/3424/2057 2115/3487/2057
f 2092/3471/39 2080/3466/39 2110/3480/39
f 2087/3488/2058 2090/3436/2058 2085/3489/2058
f 2093/3439/2059 2096/3490/2059 2091/3437/2059
f 2099/3445/2060 2102/3448/2060 2097/3443/2060
f 2105/3451/2061 2108/3491/2061 2103/3449/2061
f 2111/3457/2062 2114/3460/2062 2109/3455/2062
f 2119/3492/2063 2120/3493/2063 2121/3494/2063
f 2122/3495/2064 2123/3496/2064 2124/3497/2064
f 2125/3498/2065 2126/3499/2065 2127/3500/2065
f 2128/3501/2066 2129/3502/2066 2130/3503/2066
f 2131/3504/2067 2132/3505/2067 2133/3506/2067
f 2134/3507/2068 2135/3508/2068 2136/3509/2068
f 2137/3510/1435 2138/3511/1435 2139/3512/1435
f 2140/3513/1436 2141/3514/1436 2142/3515/1436
f 2143/3516/1437 2144/3517/1437 2145/3518/1437
f 2146/3519/1438 2147/3520/1438 2148/3521/1438
f 2149/3522/1439 2150/3523/1439 2151/3524/1439
f 2152/3525/2069 2153/3526/2069 2154/3527/2069
f 2155/3528/2070 2156/3529/2070 2157/3530/2070
f 2158/3531/2071 2159/3532/2071 2160/3533/2071
f 2121/3534/2072 2125/3535/2072 2119/3536/2072
f 2123/3534/2073 2128/3535/2073 2130/3537/2073
f 2124/3497/2074 2121/3494/2074 2120/3493/2074
f 2127/3500/1446 2130/3503/1446 2129/3502/1446
f 2127/3538/1447 2131/3539/1447 2125/3535/1447
f 2129/3538/1448 2134/3539/1448 2136/3540/1448
f 2133/3506/1449 2136/3509/1449 2135/3508/1449
f 2133/3541/2075 2137/3542/2075 2131/3539/2075
f 2142/3543/2076 2134/3539/2076 2140/3542/2076
f 2139/3512/1452 2142/3515/1452 2141/3514/1452
f 2139/3544/1453 2143/3545/1453 2137/3542/1453
f 2141/3544/1454 2146/3545/1454 2148/3546/1454
f 2145/3518/1455 2148/3521/1455 2147/3520/1455
f 2145/3547/1456 2149/3548/1456 2143/3545/1456
f 2147/3547/2077 2152/3548/2077 2154/3549/2077
f 2151/3524/2078 2154/3527/2078 2153/3526/2078
f 2151/3550/2079 2155/3551/2079 2149/3548/2079
f 2153/3550/2080 2158/3551/2080 2160/3552/2080
f 2157/3530/1461 2160/3533/1461 2159/3532/1461
f 2120/3553/1462 2155/3551/1462 2157/3554/1462
f 2124/3553/2081 2158/3551/2081 2122/3536/2081
f 2149/3548/36 2155/3551/36 2125/3535/36
f 2123/3496/1464 2126/3555/1464 2121/3494/1464
f 2159/3556/1465 2120/3493/1465 2157/3557/1465
f 2134/3539/39 2122/3536/39 2152/3548/39
f 2129/3502/2082 2132/3505/2082 2127/3500/2082
f 2135/3508/1467 2138/3558/1467 2133/3506/1467
f 2141/3514/2083 2144/3517/2083 2139/3512/2083
f 2147/3559/1469 2150/3523/1469 2145/3560/1469
f 2153/3526/1470 2156/3529/1470 2151/3524/1470
f 2161/3561/2084 2162/3562/2084 2163/3563/2084
f 2164/3564/2085 2165/3565/2085 2166/3566/2085
f 2167/3567/2086 2168/3568/2086 2169/3569/2086
f 2170/3570/2087 2171/3571/2087 2172/3572/2087
f 2173/3573/2088 2174/3574/2088 2175/3575/2088
f 2176/3576/2089 2177/3577/2089 2178/3578/2089
f 2179/3579/2090 2180/3580/2090 2181/3581/2090
f 2182/3582/2091 2183/3583/2091 2184/3584/2091
f 2185/3585/2092 2186/3586/2092 2187/3587/2092
f 2188/3588/2093 2189/3589/2093 2190/3590/2093
f 2191/3591/2094 2192/3592/2094 2193/3593/2094
f 2194/3594/2095 2195/3595/2095 2196/3596/2095
f 2163/3597/2096 2167/3598/2096 2161/3599/2096
f 2165/3597/2097 2170/3598/2097 2172/3600/2097
f 2166/3566/2098 2163/3563/2098 2162/3562/2098
f 2169/3569/2099 2172/3572/2099 2171/3571/2099
f 2174/3601/2100 2167/3598/2100 2169/3602/2100
f 2178/3601/2101 2170/3598/2101 2176/3603/2101
f 2175/3575/1707 2178/3578/1707 2177/3577/1707
f 2180/3604/2102 2173/3603/2102 2175/3605/2102
f 2184/3604/2103 2176/3603/2103 2182/3606/2103
f 2181/3581/2104 2184/3584/2104 2183/3583/2104
f 2186/3607/2105 2179/3606/2105 2181/3608/2105
f 2190/3607/2106 2182/3606/2106 2188/3609/2106
f 2187/3587/2107 2190/3590/2107 2189/3589/2107
f 2192/3610/2108 2185/3609/2108 2187/3611/2108
f 2196/3610/2109 2188/3609/2109 2194/3612/2109
f 2193/3593/1702 2196/3596/1702 2195/3595/1702
f 2162/3613/2110 2191/3612/2110 2193/3614/2110
f 2195/3614/2111 2164/3599/2111 2166/3613/2111
f 2179/3606/36 2185/3609/36 2191/3612/36
f 2165/3565/2112 2168/3615/2112 2163/3563/2112
f 2195/3616/2113 2162/3562/2113 2193/3617/2113
f 2188/3609/39 2182/3606/39 2176/3603/39
f 2171/3571/2114 2174/3574/2114 2169/3569/2114
f 2177/3618/2115 2180/3580/2115 2175/3619/2115
f 2183/3583/2116 2186/3620/2116 2181/3581/2116
f 2189/3589/2117 2192/3592/2117 2187/3587/2117
f 2197/3621/2118 2198/3622/2118 2199/3623/2118
f 2200/3624/2119 2201/3625/2119 2202/3626/2119
f 2203/3627/2120 2204/3628/2120 2205/3629/2120
f 2206/3630/2121 2207/3631/2121 2208/3632/2121
f 2209/3633/2122 2210/3634/2122 2211/3635/2122
f 2212/3636/2123 2213/3637/2123 2214/3638/2123
f 2215/3639/2124 2216/3640/2124 2217/3641/2124
f 2218/3642/2125 2219/3643/2125 2220/3644/2125
f 2221/3645/2126 2222/3646/2126 2223/3647/2126
f 2224/3648/2127 2225/3649/2127 2226/3650/2127
f 2227/3651/2128 2228/3652/2128 2229/3653/2128
f 2230/3654/2129 2231/3655/2129 2232/3656/2129
f 2233/3657/2130 2234/3658/2130 2235/3659/2130
f 2236/3660/2131 2237/3661/2131 2238/3662/2131
f 2199/3663/2132 2203/3664/2132 2197/3665/2132
f 2201/3663/2133 2206/3664/2133 2208/3666/2133
f 2202/3626/2134 2199/3623/2134 2198/3622/2134
f 2205/3629/2135 2208/3632/2135 2207/3631/2135
f 2210/3667/2136 2203/3664/2136 2205/3668/2136
f 2214/3667/2137 2206/3664/2137 2212/3669/2137
f 2211/3635/2138 2214/3638/2138 2213/3637/2138
f 2216/3670/2139 2209/3669/2139 2211/3671/2139
f 2213/3671/2140 2218/3672/2140 2220/3670/2140
f 2217/3641/2141 2220/3644/2141 2219/3643/2141
f 2217/3673/2142 2221/3674/2142 2215/3672/2142
f 2219/3673/2143 2224/3674/2143 2226/3675/2143
f 2223/3647/2144 2226/3650/2144 2225/3649/2144
f 2228/3676/2145 2221/3674/2145 2223/3677/2145
f 2232/3676/2146 2224/3674/2146 2230/3678/2146
f 2229/3653/2147 2232/3656/2147 2231/3655/2147
f 2234/3679/2148 2227/3678/2148 2229/3680/2148
f 2238/3679/2149 2230/3678/2149 2236/3681/2149
f 2235/3659/2150 2238/3662/2150 2237/3661/2150
f 2198/3682/2151 2233/3681/2151 2235/3683/2151
f 2202/3682/2152 2236/3681/2152 2200/3665/2152
f 2203/3664/36 2215/3672/36 2227/3678/36
f 2201/3625/2153 2204/3684/2153 2199/3623/2153
f 2237/3685/2154 2198/3622/2154 2235/3686/2154
f 2200/3665/39 2230/3678/39 2218/3672/39
f 2207/3631/2155 2210/3634/2155 2205/3629/2155
f 2213/3637/2156 2216/3687/2156 2211/3635/2156
f 2219/3643/2157 2222/3646/2157 2217/3641/2157
f 2225/3688/2158 2228/3652/2158 2223/3689/2158
f 2231/3655/2159 2234/3658/2159 2229/3653/2159
f 2239/3690/2160 2240/3691/2160 2241/3692/2160
f 2242/3693/2161 2243/3694/2161 2244/3695/2161
f 2245/3696/2162 2246/3697/2162 2247/3698/2162
f 2248/3699/2163 2249/3700/2163 2250/3701/2163
f 2251/3702/2164 2252/3703/2164 2253/3704/2164
f 2254/3705/2165 2255/3706/2165 2256/3707/2165
f 2257/3708/2166 2258/3709/2166 2259/3710/2166
f 2260/3711/2167 2261/3712/2167 2262/3713/2167
f 2239/3714/2168 2246/3715/2168 2245/3716/2168
f 2242/3693/2169 2241/3692/2169 2240/3691/2169
f 2243/3717/2170 2250/3718/2170 2244/3719/2170
f 2247/3698/2171 2250/3701/2171 2249/3700/2171
f 2245/3696/2172 2258/3709/2172 2257/3708/2172
f 2260/3711/2173 2249/3700/2173 2248/3699/2173
f 2259/3710/2174 2262/3713/2174 2261/3712/2174
f 2251/3720/2175 2259/3721/2175 2252/3722/2175
f 2254/3723/2176 2261/3724/2176 2260/3725/2176
f 2253/3704/2177 2256/3707/2177 2255/3706/2177
f 2239/3690/2178 2253/3704/2178 2240/3691/2178
f 2254/3705/2179 2242/3693/2179 2255/3706/2179
f 2257/3726/2180 2239/3714/2180 2245/3716/2180
f 2244/3727/2181 2246/3728/2181 2241/3729/2181
f 2255/3706/2182 2240/3691/2182 2253/3704/2182
f 2248/3730/2183 2254/3723/2183 2260/3725/2183
f 2249/3700/2184 2258/3709/2184 2247/3698/2184
f 2261/3731/2185 2252/3732/2185 2259/3733/2185
f 2263/3734/2186 2264/3735/2186 2265/3736/2186
f 2266/3737/2187 2267/3738/2187 2268/3739/2187
f 2269/3740/2188 2270/3741/2188 2271/3742/2188
f 2272/3743/2189 2273/3744/2189 2274/3745/2189
f 2275/3746/2190 2276/3747/2190 2277/3748/2190
f 2278/3749/2191 2279/3750/2191 2280/3751/2191
f 2281/3752/2192 2282/3753/2192 2283/3754/2192
f 2284/3755/2193 2285/3756/2193 2286/3757/2193
f 2269/3758/2194 2265/3759/2194 2270/3760/2194
f 2266/3737/2195 2265/3736/2195 2264/3735/2195
f 2272/3761/2196 2268/3762/2196 2267/3763/2196
f 2271/3742/2197 2274/3745/2197 2273/3744/2197
f 2269/3740/2198 2282/3753/2198 2281/3752/2198
f 2272/3743/2199 2286/3757/2199 2273/3744/2199
f 2283/3754/2200 2286/3757/2200 2285/3756/2200
f 2281/3764/2201 2276/3765/2201 2275/3766/2201
f 2278/3767/2202 2285/3768/2202 2284/3769/2202
f 2279/3750/2203 2276/3747/2203 2280/3751/2203
f 2275/3746/2204 2264/3735/2204 2263/3734/2204
f 2278/3749/2205 2266/3737/2205 2279/3750/2205
f 2269/3758/2206 2275/3766/2206 2263/3770/2206
f 2268/3771/2207 2270/3772/2207 2265/3773/2207
f 2277/3748/2208 2266/3737/2208 2264/3735/2208
f 2284/3769/2209 2267/3763/2209 2278/3767/2209
f 2273/3744/2210 2282/3753/2210 2271/3742/2210
f 2285/3774/2211 2276/3775/2211 2283/3776/2211
f 2287/3777/2212 2288/3778/2212 2289/3779/2212
f 2290/3780/2213 2291/3781/2213 2292/3782/2213
f 2293/3783/2214 2294/3784/2214 2295/3785/2214
f 2296/3786/2215 2297/3787/2215 2298/3788/2215
f 2299/3789/2216 2300/3790/2216 2301/3791/2216
f 2302/3792/2217 2303/3793/2217 2304/3794/2217
f 2305/3795/2218 2306/3796/2218 2307/3797/2218
f 2308/3798/2219 2309/3799/2219 2310/3800/2219
f 2287/3777/2220 2294/3784/2220 2293/3783/2220
f 2290/3780/2221 2289/3779/2221 2288/3778/2221
f 2296/3786/2222 2292/3782/2222 2291/3781/2222
f 2297/3787/2223 2294/3784/2223 2298/3788/2223
f 2305/3801/2224 2295/3802/2224 2306/3803/2224
f 2296/3804/2225 2310/3805/2225 2297/3806/2225
f 2307/3797/2226 2310/3800/2226 2309/3799/2226
f 2299/3789/2227 2307/3797/2227 2300/3790/2227
f 2302/3792/2228 2309/3799/2228 2308/3798/2228
f 2301/3791/2229 2304/3794/2229 2303/3793/2229
f 2299/3807/2230 2288/3808/2230 2287/3809/2230
f 2291/3810/2231 2303/3811/2231 2302/3812/2231
f 2293/3813/2232 2299/3807/2232 2287/3809/2232
f 2292/3782/2233 2294/3784/2233 2289/3779/2233
f 2303/3814/2234 2288/3815/2234 2301/3816/2234
f 2296/3804/2235 2302/3812/2235 2308/3817/2235
f 2297/3818/2236 2306/3819/2236 2295/3820/2236
f 2307/3797/2237 2304/3794/2237 2300/3790/2237
f 2311/3821/2238 2312/3822/2238 2313/3823/2238
f 2314/3824/2239 2315/3825/2239 2316/3826/2239
f 2317/3827/2240 2318/3828/2240 2319/3829/2240
f 2320/3830/2241 2321/3831/2241 2322/3832/2241
f 2323/3833/2242 2324/3834/2242 2325/3835/2242
f 2326/3836/2243 2327/3837/2243 2328/3838/2243
f 2329/3839/2244 2330/3840/2244 2331/3841/2244
f 2332/3842/2245 2333/3843/2245 2334/3844/2245
f 2311/3821/2246 2318/3828/2246 2317/3827/2246
f 2314/3824/2247 2313/3823/2247 2312/3822/2247
f 2320/3830/2248 2316/3826/2248 2315/3825/2248
f 2321/3831/2249 2318/3828/2249 2322/3832/2249
f 2317/3845/2250 2330/3846/2250 2329/3847/2250
f 2332/3848/2251 2321/3849/2251 2320/3850/2251
f 2331/3841/2252 2334/3844/2252 2333/3843/2252
f 2329/3839/2253 2324/3834/2253 2323/3833/2253
f 2326/3836/2254 2333/3843/2254 2332/3842/2254
f 2327/3837/2255 2324/3834/2255 2328/3838/2255
f 2311/3851/2256 2325/3852/2256 2312/3853/2256
f 2315/3854/2257 2327/3855/2257 2326/3856/2257
f 2329/3847/2258 2311/3851/2258 2317/3845/2258
f 2316/3826/2259 2318/3828/2259 2313/3823/2259
f 2325/3857/2260 2314/3858/2260 2312/3859/2260
f 2320/3850/2261 2326/3856/2261 2332/3848/2261
f 2321/3860/2262 2330/3861/2262 2319/3862/2262
f 2333/3843/2263 2324/3834/2263 2331/3841/2263
f 2335/3863/2264 2336/3864/2264 2337/3865/2264
f 2338/3866/2265 2339/3867/2265 2340/3868/2265
f 2341/3869/2266 2342/3870/2266 2343/3871/2266
f 2344/3872/2267 2345/3873/2267 2346/3874/2267
f 2347/3875/2268 2348/3876/2268 2349/3877/2268
f 2350/3878/2269 2351/3879/2269 2352/3880/2269
f 2353/3881/2270 2354/3882/2270 2355/3883/2270
f 2356/3884/2271 2357/3885/2271 2358/3886/2271
f 2341/3887/2272 2337/3865/2272 2342/3888/2272
f 2338/3866/2273 2337/3865/2273 2336/3864/2273
f 2344/3889/2274 2340/3868/2274 2339/3867/2274
f 2345/3873/2275 2342/3870/2275 2346/3874/2275
f 2353/3890/2276 2343/3871/2276 2354/3891/2276
f 2356/3892/2277 2345/3873/2277 2344/3872/2277
f 2355/3883/2278 2358/3886/2278 2357/3885/2278
f 2353/3881/2279 2348/3893/2279 2347/3894/2279
f 2350/3895/2280 2357/3885/2280 2356/3884/2280
f 2351/3879/2281 2348/3876/2281 2352/3880/2281
f 2347/3875/2282 2336/3896/2282 2335/3897/2282
f 2339/3898/2283 2351/3879/2283 2350/3878/2283
f 2341/3899/2284 2347/3900/2284 2335/3901/2284
f 2340/3868/2285 2342/3888/2285 2337/3865/2285
f 2351/3879/2286 2336/3896/2286 2349/3877/2286
f 2356/3902/2287 2339/3903/2287 2350/3904/2287
f 2345/3873/2288 2354/3891/2288 2343/3871/2288
f 2357/3885/2289 2348/3893/2289 2355/3883/2289
f 2359/3905/2290 2360/3906/2290 2361/3907/2290
f 2362/3908/2291 2363/3909/2291 2364/3910/2291
f 2365/3911/2292 2366/3912/2292 2367/3913/2292
f 2368/3914/2293 2369/3915/2293 2370/3916/2293
f 2371/3917/2294 2372/3918/2294 2373/3919/2294
f 2374/3920/2295 2375/3921/2295 2376/3922/2295
f 2377/3923/2296 2378/3924/2296 2379/3925/2296
f 2380/3926/2297 2381/3927/2297 2382/3928/2297
f 2359/3929/2298 2366/3912/2298 2365/3911/2298
f 2362/3908/2299 2361/3907/2299 2360/3906/2299
f 2363/3930/2300 2370/3916/2300 2364/3931/2300
f 2367/3913/2301 2370/3916/2301 2369/3915/2301
f 2365/3932/2302 2378/3924/2302 2377/3923/2302
f 2368/3933/2303 2382/3928/2303 2369/3934/2303
f 2381/3927/2304 2378/3924/2304 2382/3928/2304
f 2377/3935/2305 2372/3918/2305 2371/3917/2305
f 2380/3936/2306 2376/3922/2306 2381/3937/2306
f 2373/3919/2307 2376/3922/2307 2375/3921/2307
f 2371/3938/2308 2360/3906/2308 2359/3905/2308
f 2363/3909/2309 2375/3939/2309 2374/3940/2309
f 2365/3941/2310 2371/3942/2310 2359/3943/2310
f 2364/3931/2311 2366/3912/2311 2361/3944/2311
f 2375/3939/2312 2360/3906/2312 2373/3945/2312
f 2368/3946/2313 2374/3947/2313 2380/3948/2313
f 2369/3934/2314 2378/3924/2314 2367/3949/2314
f 2381/3937/2315 2372/3918/2315 2379/3950/2315
f 2383/3951/2316 2384/3952/2316 2385/3953/2316
f 2386/3954/2317 2387/3955/2317 2388/3956/2317
f 2389/3957/2318 2390/3958/2318 2391/3959/2318
f 2392/3960/2319 2393/3961/2319 2394/3962/2319
f 2395/3963/2320 2396/3964/2320 2397/3965/2320
f 2398/3966/2321 2399/3967/2321 2400/3968/2321
f 2401/3969/2322 2402/3970/2322 2403/3971/2322
f 2404/3972/2323 2405/3973/2323 2406/3974/2323
f 2383/3975/2324 2390/3958/2324 2389/3957/2324
f 2386/3954/2325 2385/3953/2325 2384/3952/2325
f 2392/3960/2326 2388/3976/2326 2387/3977/2326
f 2391/3959/2327 2394/3962/2327 2393/3961/2327
f 2389/3978/2328 2402/3970/2328 2401/3969/2328
f 2404/3972/2329 2393/3979/2329 2392/3980/2329
f 2403/3971/2330 2406/3974/2330 2405/3973/2330
f 2401/3981/2331 2396/3964/2331 2395/3963/2331
f 2398/3966/2332 2405/3982/2332 2404/3983/2332
f 2399/3967/2333 2396/3964/2333 2400/3968/2333
f 2395/3984/2334 2384/3952/2334 2383/3951/2334
f 2387/3955/2335 2399/3985/2335 2398/3986/2335
f 2401/3987/2336 2383/3988/2336 2389/3989/2336
f 2388/3976/2337 2390/3958/2337 2385/3990/2337
f 2399/3985/2338 2384/3952/2338 2397/3991/2338
f 2404/3992/2339 2387/3993/2339 2398/3994/2339
f 2393/3979/2340 2402/3970/2340 2391/3995/2340
f 2405/3982/2341 2396/3964/2341 2403/3996/2341
f 2407/3997/2342 2408/3998/2342 2409/3999/2342
f 2410/4000/2343 2411/4001/2343 2412/4002/2343
f 2413/4003/2344 2414/4004/2344 2415/4005/2344
f 2416/4006/2345 2417/4007/2345 2418/4008/2345
f 2419/4009/2346 2420/4010/2346 2421/4011/2346
f 2422/4012/2347 2423/4013/2347 2424/4014/2347
f 2425/4015/2348 2426/4016/2348 2427/4017/2348
f 2428/4018/2349 2429/4019/2349 2430/4020/2349
f 2413/4021/2350 2409/3999/2350 2414/4022/2350
f 2410/4000/2351 2409/3999/2351 2408/3998/2351
f 2416/4023/2352 2412/4002/2352 2411/4001/2352
f 2415/4005/2353 2418/4008/2353 2417/4007/2353
f 2425/4024/2354 2415/4005/2354 2426/4025/2354
f 2416/4006/2355 2430/4026/2355 2417/4007/2355
f 2427/4017/2356 2430/4020/2356 2429/4019/2356
f 2419/4027/2357 2427/4017/2357 2420/4028/2357
f 2422/4029/2358 2429/4019/2358 2428/4018/2358
f 2421/4011/2359 2424/4014/2359 2423/4013/2359
f 2419/4009/2360 2408/4030/2360 2407/4031/2360
f 2411/4032/2361 2423/4013/2361 2422/4012/2361
f 2425/4033/2362 2407/4034/2362 2413/4035/2362
f 2412/4002/2363 2414/4022/2363 2409/3999/2363
f 2423/4013/2364 2408/4030/2364 2421/4011/2364
f 2416/4036/2365 2422/4037/2365 2428/4038/2365
f 2415/4005/2366 2430/4026/2366 2426/4025/2366
f 2429/4019/2367 2420/4028/2367 2427/4017/2367
f 8/43/15 7/47/15 1/44/15
f 5/46/16 4/44/16 10/47/16
f 6/6/17 5/5/17 3/3/17
f 9/9/18 8/8/18 12/12/18
f 14/48/19 13/50/19 7/47/19
f 11/49/20 10/47/20 16/50/20
f 15/15/21 14/14/21 18/18/21
f 20/51/22 19/53/22 13/50/22
f 24/51/23 17/52/23 16/50/23
f 21/21/24 20/20/24 24/24/24
f 26/54/25 25/56/25 19/53/25
f 30/54/26 23/55/26 22/53/26
f 27/27/27 26/26/27 30/30/27
f 32/57/28 31/59/28 25/56/28
f 29/58/29 28/56/29 34/59/29
f 33/33/30 32/32/30 36/36/30
f 38/60/31 37/62/31 31/59/31
f 42/60/32 35/61/32 34/59/32
f 39/39/2368 38/38/2368 42/42/2368
f 2/63/34 1/44/34 37/62/34
f 41/64/35 40/62/35 4/44/35
f 37/62/36 1/44/36 7/47/36
f 7/47/36 13/50/36 19/53/36
f 19/53/36 25/56/36 31/59/36
f 31/59/36 37/62/36 19/53/36
f 5/5/37 12/4039/37 8/65/37
f 41/66/38 6/6/38 2/2/38
f 16/50/39 10/47/39 4/44/39
f 4/44/39 40/62/39 34/59/39
f 34/59/39 28/56/39 22/53/39
f 22/53/39 16/50/39 4/44/39
f 11/11/40 18/18/40 14/14/40
f 17/17/2369 24/4040/2369 20/68/2369
f 23/23/42 30/30/42 26/26/42
f 29/69/43 36/36/43 32/32/43
f 35/35/44 42/42/44 38/38/44
f 50/113/2370 49/116/2370 43/114/2370
f 47/115/60 46/114/60 52/116/60
f 48/76/61 47/75/61 45/73/61
f 51/79/62 50/78/62 54/82/62
f 56/117/63 55/119/63 49/116/63
f 53/118/64 52/116/64 58/119/64
f 57/85/65 56/84/65 60/88/65
f 57/120/66 62/122/66 61/121/66
f 66/122/67 59/120/67 58/119/67
f 63/91/68 62/90/68 66/94/68
f 63/123/69 68/125/69 67/124/69
f 65/123/70 64/121/70 70/124/70
f 69/97/71 68/96/71 72/100/71
f 69/126/72 74/128/72 73/127/72
f 71/126/73 70/124/73 76/127/73
f 75/103/74 74/102/74 78/106/74
f 80/129/75 79/131/75 73/127/75
f 84/129/76 77/130/76 76/127/76
f 81/109/77 80/108/77 84/112/77
f 81/132/78 44/133/78 43/114/78
f 83/132/79 82/131/79 46/114/79
f 79/131/36 43/114/36 49/116/36
f 49/116/36 55/119/36 61/121/36
f 61/121/36 67/124/36 73/127/36
f 73/127/36 79/131/36 61/121/36
f 47/75/80 54/4041/80 50/134/80
f 83/135/81 48/76/81 44/72/81
f 58/119/39 52/116/39 46/114/39
f 46/114/39 82/131/39 76/127/39
f 76/127/39 70/124/39 64/121/39
f 64/121/39 58/119/39 76/127/39
f 53/81/82 60/88/82 56/84/82
f 59/87/83 66/4042/83 62/137/83
f 65/93/84 72/100/84 68/96/84
f 71/138/85 78/106/85 74/102/85
f 77/105/86 84/112/86 80/108/86
f 87/182/101 92/185/101 91/183/101
f 89/182/102 88/184/102 94/183/102
f 90/145/103 89/144/103 87/142/103
f 93/148/104 92/147/104 96/151/104
f 98/186/105 97/188/105 91/183/105
f 95/187/106 94/183/106 100/188/106
f 99/154/107 98/153/107 102/157/107
f 104/189/108 103/191/108 97/188/108
f 108/189/109 101/190/109 100/188/109
f 105/160/110 104/159/110 108/163/110
f 105/192/111 110/194/111 109/193/111
f 107/192/2371 106/191/2371 112/193/2371
f 111/166/113 110/165/113 114/169/113
f 116/195/114 115/197/114 109/193/114
f 113/196/2372 112/193/2372 118/197/2372
f 117/172/116 116/171/116 120/175/116
f 122/198/117 121/200/117 115/197/117
f 126/198/118 119/199/118 118/197/118
f 123/178/119 122/177/119 126/181/119
f 123/201/120 86/202/120 85/184/120
f 90/202/121 125/201/121 124/200/121
f 121/200/36 85/184/36 91/183/36
f 91/183/36 97/188/36 103/191/36
f 103/191/36 109/193/36 115/197/36
f 115/197/36 121/200/36 103/191/36
f 89/203/122 96/151/122 92/147/122
f 125/180/123 90/145/123 86/141/123
f 100/188/39 94/183/39 88/184/39
f 88/184/39 124/200/39 118/197/39
f 118/197/39 112/193/39 106/191/39
f 106/191/39 100/188/39 88/184/39
f 95/150/124 102/157/124 98/153/124
f 101/205/125 108/163/125 104/159/125
f 107/162/126 114/4043/126 110/207/126
f 113/168/127 120/175/127 116/171/127
f 119/174/128 126/4044/128 122/208/128
f 129/251/143 134/254/143 133/252/143
f 131/251/144 130/253/144 136/252/144
f 132/214/145 131/213/145 129/211/145
f 135/217/146 134/216/146 138/220/146
f 140/255/147 139/257/147 133/252/147
f 144/255/148 137/256/148 136/252/148
f 141/223/149 140/222/149 144/226/149
f 146/258/150 145/260/150 139/257/150
f 143/259/151 142/257/151 148/260/151
f 147/229/152 146/228/152 150/232/152
f 152/261/153 151/263/153 145/260/153
f 149/262/154 148/260/154 154/263/154
f 153/235/155 152/234/155 156/238/155
f 158/264/156 157/266/156 151/263/156
f 162/264/157 155/265/157 154/263/157
f 159/241/158 158/240/158 162/244/158
f 164/267/159 163/269/159 157/266/159
f 168/267/160 161/268/160 160/266/160
f 165/247/161 164/246/161 168/250/161
f 128/270/162 127/253/162 163/269/162
f 167/271/163 166/269/163 130/253/163
f 163/269/36 127/253/36 157/266/36
f 127/253/36 133/252/36 157/266/36
f 133/252/36 139/257/36 145/260/36
f 145/260/36 151/263/36 133/252/36
f 131/213/164 138/4045/164 134/272/164
f 167/273/165 132/214/165 128/210/165
f 142/257/39 136/252/39 148/260/39
f 136/252/39 130/253/39 148/260/39
f 130/253/39 166/269/39 160/266/39
f 160/266/39 154/263/39 130/253/39
f 137/219/166 144/226/166 140/222/166
f 143/225/167 150/4046/167 146/275/167
f 149/231/168 156/238/168 152/234/168
f 155/276/169 162/244/169 158/240/169
f 161/243/170 168/250/170 164/246/170
f 171/302/179 176/305/179 175/303/179
f 173/302/180 172/304/180 178/303/180
f 174/283/181 173/282/181 171/280/181
f 177/286/182 176/285/182 180/289/182
f 182/306/183 181/308/183 175/303/183
f 179/307/184 178/303/184 184/308/184
f 183/292/185 182/291/185 186/295/185
f 188/309/186 187/311/186 181/308/186
f 192/309/187 185/310/187 184/308/187
f 189/298/188 188/297/188 192/301/188
f 170/312/189 169/304/189 187/311/189
f 174/312/190 191/313/190 190/311/190
f 175/303/36 181/308/36 187/311/36
f 173/282/191 180/4047/191 176/314/191
f 191/300/192 174/4048/192 170/315/192
f 172/304/39 190/311/39 184/308/39
f 179/288/193 186/4049/193 182/316/193
f 185/294/194 192/4050/194 188/317/194
f 195/360/209 200/363/209 199/361/209
f 197/360/210 196/362/210 202/361/210
f 198/323/211 197/322/211 195/320/211
f 201/326/212 200/325/212 204/329/212
f 201/364/213 206/366/213 205/365/213
f 203/364/214 202/361/214 208/365/214
f 207/332/215 206/331/215 210/335/215
f 212/367/2373 211/369/2373 205/365/2373
f 209/368/217 208/365/217 214/369/217
f 213/338/218 212/337/218 216/341/218
f 218/370/2374 217/372/2374 211/369/2374
f 222/370/220 215/371/220 214/369/220
f 219/344/221 218/343/221 222/347/221
f 219/373/222 224/375/222 223/374/222
f 221/373/2375 220/372/2375 226/374/2375
f 225/350/224 224/349/224 228/353/224
f 230/376/225 229/378/225 223/374/225
f 234/376/226 227/377/226 226/374/226
f 231/356/227 230/355/227 234/359/227
f 194/379/228 193/362/228 229/378/228
f 233/380/229 232/378/229 196/362/229
f 229/378/36 193/362/36 199/361/36
f 199/361/36 205/365/36 211/369/36
f 211/369/36 217/372/36 223/374/36
f 223/374/36 229/378/36 199/361/36
f 197/322/230 204/4051/230 200/381/230
f 233/382/231 198/323/231 194/319/231
f 208/365/39 202/361/39 196/362/39
f 196/362/39 232/378/39 214/369/39
f 232/378/39 226/374/39 214/369/39
f 226/374/39 220/372/39 214/369/39
f 203/328/232 210/335/232 206/331/232
f 209/334/233 216/4052/233 212/384/233
f 215/340/234 222/347/234 218/343/234
f 221/385/235 228/353/235 224/349/235
f 227/352/236 234/359/236 230/355/236
f 237/411/245 242/414/245 241/412/245
f 239/411/246 238/413/246 244/412/246
f 240/392/247 239/391/247 237/389/247
f 243/395/248 242/394/248 246/398/248
f 248/415/249 247/417/249 241/412/249
f 245/416/2376 244/412/2376 250/417/2376
f 249/401/251 248/400/251 252/404/251
f 249/418/252 254/420/252 253/419/252
f 251/418/253 250/417/253 256/419/253
f 255/407/254 254/406/254 258/410/254
f 236/421/255 235/413/255 253/419/255
f 257/422/2377 256/419/2377 238/413/2377
f 235/413/36 241/412/36 247/417/36
f 239/391/257 246/4053/257 242/423/257
f 257/409/258 240/4054/258 236/424/258
f 238/413/39 256/419/39 250/417/39
f 245/397/259 252/4055/259 248/425/259
f 251/403/260 258/4056/260 254/426/260
f 266/469/275 265/472/275 259/470/275
f 270/469/276 263/471/276 262/470/276
f 264/432/277 263/431/277 261/429/277
f 267/435/278 266/434/278 270/438/278
f 267/473/279 272/475/279 271/474/279
f 276/475/280 269/473/280 268/472/280
f 273/441/281 272/440/281 276/444/281
f 278/476/282 277/478/282 271/474/282
f 275/477/283 274/474/283 280/478/283
f 279/447/284 278/446/284 282/450/284
f 284/479/285 283/481/285 277/478/285
f 288/479/286 281/480/286 280/478/286
f 285/453/287 284/452/287 288/456/287
f 285/482/288 290/484/288 289/483/288
f 287/482/289 286/481/289 292/483/289
f 291/459/290 290/458/290 294/462/290
f 291/485/291 296/487/291 295/486/291
f 293/485/292 292/483/292 298/486/292
f 297/465/293 296/464/293 300/468/293
f 260/488/294 259/470/294 295/486/294
f 299/489/295 298/486/295 262/470/295
f 295/486/36 259/470/36 265/472/36
f 265/472/36 271/474/36 277/478/36
f 277/478/36 283/481/36 289/483/36
f 289/483/36 295/486/36 277/478/36
f 263/431/296 270/4057/296 266/490/296
f 299/491/297 264/432/297 260/428/297
f 274/474/39 268/472/39 280/478/39
f 268/472/39 262/470/39 280/478/39
f 262/470/39 298/486/39 292/483/39
f 292/483/39 286/481/39 280/478/39
f 269/437/298 276/444/298 272/440/298
f 275/443/299 282/4058/299 278/493/299
f 281/449/300 288/456/300 284/452/300
f 287/494/301 294/462/301 290/458/301
f 293/461/302 300/468/302 296/464/302
f 303/520/311 308/523/311 307/521/311
f 305/520/312 304/522/312 310/521/312
f 306/501/313 305/500/313 303/498/313
f 309/504/314 308/503/314 312/507/314
f 314/524/315 313/526/315 307/521/315
f 318/524/316 311/525/316 310/521/316
f 315/510/317 314/509/317 318/513/317
f 315/527/318 320/529/318 319/528/318
f 317/527/319 316/526/319 322/528/319
f 321/516/320 320/515/320 324/519/320
f 302/530/321 301/522/321 319/528/321
f 306/530/322 323/531/322 322/528/322
f 307/521/36 313/526/36 319/528/36
f 305/532/323 312/507/323 308/503/323
f 323/534/324 306/501/324 302/497/324
f 310/521/39 304/522/39 322/528/39
f 311/536/325 318/513/325 314/509/325
f 317/538/326 324/519/326 320/515/326
f 332/582/341 331/585/341 325/583/341
f 329/584/2378 328/583/2378 334/585/2378
f 330/545/343 329/544/343 327/542/343
f 333/548/344 332/547/344 336/551/344
f 338/586/345 337/588/345 331/585/345
f 342/586/346 335/587/346 334/585/346
f 339/554/347 338/553/347 342/557/347
f 339/589/348 344/591/348 343/590/348
f 341/589/349 340/588/349 346/590/349
f 345/560/350 344/559/350 348/563/350
f 350/592/351 349/594/351 343/590/351
f 354/592/352 347/593/352 346/590/352
f 351/566/353 350/565/353 354/569/353
f 351/595/354 356/597/354 355/596/354
f 360/597/355 353/595/355 352/594/355
f 357/572/356 356/571/356 360/575/356
f 362/598/357 361/600/357 355/596/357
f 366/598/358 359/599/358 358/596/358
f 363/578/359 362/577/359 366/581/359
f 326/601/360 325/583/360 361/600/360
f 365/602/361 364/600/361 328/583/361
f 361/600/36 325/583/36 331/585/36
f 331/585/36 337/588/36 343/590/36
f 343/590/36 349/594/36 355/596/36
f 355/596/36 361/600/36 343/590/36
f 329/544/362 336/4059/362 332/603/362
f 365/604/363 330/545/363 326/541/363
f 340/588/39 334/585/39 328/583/39
f 328/583/39 364/600/39 358/596/39
f 358/596/39 352/594/39 346/590/39
f 346/590/39 340/588/39 328/583/39
f 335/550/364 342/557/364 338/553/364
f 341/556/365 348/4060/365 344/606/365
f 347/562/366 354/569/366 350/565/366
f 353/607/367 360/575/367 356/571/367
f 359/574/368 366/581/368 362/577/368
f 374/633/377 373/636/377 367/634/377
f 371/635/378 370/634/378 376/636/378
f 372/614/379 371/613/379 369/611/379
f 375/617/380 374/616/380 378/620/380
f 380/637/381 379/639/381 373/636/381
f 377/638/382 376/636/382 382/639/382
f 381/623/383 380/622/383 384/626/383
f 386/640/384 385/642/384 379/639/384
f 390/640/385 383/641/385 382/639/385
f 387/629/386 386/628/386 390/632/386
f 368/643/387 367/634/387 385/642/387
f 389/644/388 388/642/388 370/634/388
f 373/636/36 379/639/36 385/642/36
f 371/613/389 378/4061/389 374/645/389
f 389/631/390 372/4062/390 368/646/390
f 370/634/39 388/642/39 382/639/39
f 377/619/391 384/4063/391 380/647/391
f 383/625/392 390/4064/392 386/648/392
f 393/691/407 398/694/407 397/692/407
f 395/691/408 394/693/408 400/692/408
f 396/654/409 395/653/409 393/651/409
f 399/657/410 398/656/410 402/660/410
f 399/695/411 404/697/411 403/696/411
f 401/695/412 400/692/412 406/696/412
f 405/663/413 404/662/413 408/666/413
f 410/698/2379 409/700/2379 403/696/2379
f 407/699/2380 406/696/2380 412/700/2380
f 411/669/416 410/668/416 414/672/416
f 416/701/417 415/703/417 409/700/417
f 420/701/418 413/702/418 412/700/418
f 417/675/419 416/674/419 420/678/419
f 422/704/420 421/706/420 415/703/420
f 419/705/421 418/703/421 424/706/421
f 423/681/422 422/680/422 426/684/422
f 428/707/423 427/709/423 421/706/423
f 432/707/424 425/708/424 424/706/424
f 429/687/425 428/686/425 432/690/425
f 392/710/426 391/693/426 427/709/426
f 431/711/427 430/709/427 394/693/427
f 427/709/36 391/693/36 397/692/36
f 397/692/36 403/696/36 409/700/36
f 409/700/36 415/703/36 421/706/36
f 421/706/36 427/709/36 409/700/36
f 395/653/428 402/4065/428 398/712/428
f 431/713/429 396/654/429 392/650/429
f 406/696/39 400/692/39 394/693/39
f 394/693/39 430/709/39 412/700/39
f 430/709/39 424/706/39 412/700/39
f 424/706/39 418/703/39 412/700/39
f 401/659/430 408/666/430 404/662/430
f 407/665/431 414/4066/431 410/715/431
f 413/671/432 420/678/432 416/674/432
f 419/716/433 426/684/433 422/680/433
f 425/683/434 432/690/434 428/686/434
f 440/742/443 439/745/443 433/743/443
f 437/744/444 436/743/444 442/745/444
f 438/723/445 437/722/445 435/720/445
f 441/726/446 440/725/446 444/729/446
f 446/746/447 445/748/447 439/745/447
f 443/747/448 442/745/448 448/748/448
f 447/732/449 446/731/449 450/735/449
f 452/749/450 451/751/450 445/748/450
f 449/750/451 448/748/451 454/751/451
f 453/738/452 452/737/452 456/741/452
f 453/752/453 434/753/453 433/743/453
f 455/752/454 454/751/454 436/743/454
f 439/745/36 445/748/36 451/751/36
f 437/722/455 444/4067/455 440/754/455
f 455/740/456 438/4068/456 434/755/456
f 436/743/39 454/751/39 448/748/39
f 443/728/457 450/4069/457 446/756/457
f 449/734/458 456/4070/458 452/757/458
f 459/800/473 464/803/473 463/801/473
f 461/800/474 460/802/474 466/801/474
f 462/763/475 461/762/475 459/760/475
f 465/766/476 464/765/476 468/769/476
f 470/804/477 469/806/477 463/801/477
f 474/804/478 467/805/478 466/801/478
f 471/772/479 470/771/479 474/775/479
f 476/807/480 475/809/480 469/806/480
f 473/808/481 472/806/481 478/809/481
f 477/778/482 476/777/482 480/781/482
f 477/810/483 482/812/483 481/811/483
f 479/810/484 478/809/484 484/811/484
f 483/784/485 482/783/485 486/787/485
f 488/813/486 487/815/486 481/811/486
f 492/813/487 485/814/487 484/811/487
f 489/790/488 488/789/488 492/793/488
f 489/816/489 494/818/489 493/817/489
f 491/816/490 490/815/490 496/817/490
f 495/796/491 494/795/491 498/799/491
f 458/819/492 457/802/492 493/817/492
f 462/819/493 497/820/493 496/817/493
f 493/817/36 457/802/36 463/801/36
f 463/801/36 469/806/36 487/815/36
f 469/806/36 475/809/36 487/815/36
f 475/809/36 481/811/36 487/815/36
f 461/762/494 468/4071/494 464/821/494
f 497/822/495 462/763/495 458/759/495
f 472/806/39 466/801/39 478/809/39
f 466/801/39 460/802/39 478/809/39
f 460/802/39 496/817/39 490/815/39
f 490/815/39 484/811/39 478/809/39
f 467/768/496 474/775/496 470/771/496
f 473/774/497 480/4072/497 476/824/497
f 479/780/498 486/787/498 482/783/498
f 485/825/499 492/793/499 488/789/499
f 491/792/500 498/799/500 494/795/500
f 506/869/515 505/872/515 499/870/515
f 510/869/516 503/871/516 502/870/516
f 504/832/517 503/831/517 501/829/517
f 507/835/518 506/834/518 510/838/518
f 512/873/519 511/877/519 505/872/519
f 509/874/520 508/872/520 514/875/520
f 513/841/521 512/840/521 516/844/521
f 518/876/522 517/879/522 511/877/522
f 522/876/523 515/878/523 514/875/523
f 519/847/524 518/846/524 522/850/524
f 524/880/525 523/882/525 517/879/525
f 528/880/526 521/881/526 520/879/526
f 525/853/527 524/852/527 528/856/527
f 530/883/528 529/885/528 523/882/528
f 527/884/529 526/882/529 532/885/529
f 531/859/530 530/858/530 534/862/530
f 536/886/531 535/888/531 529/885/531
f 540/886/532 533/4073/532 532/885/532
f 537/865/533 536/864/533 540/868/533
f 500/889/534 499/870/534 535/888/534
f 539/890/2381 538/888/2381 502/870/2381
f 535/888/36 499/870/36 529/885/36
f 499/870/36 505/872/36 529/885/36
f 505/872/36 511/877/36 517/879/36
f 517/879/36 523/882/36 529/885/36
f 503/891/536 510/838/536 506/834/536
f 539/867/537 504/832/537 500/828/537
f 514/875/39 508/872/39 502/870/39
f 502/870/39 538/888/39 532/885/39
f 532/885/39 526/882/39 520/879/39
f 520/879/39 514/875/39 532/885/39
f 509/837/538 516/844/538 512/840/538
f 515/893/539 522/850/539 518/846/539
f 521/849/540 528/4074/540 524/895/540
f 527/855/541 534/862/541 530/858/541
f 533/861/542 540/4075/542 536/896/542
f 548/939/557 547/942/557 541/940/557
f 545/941/558 544/940/558 550/942/558
f 546/902/559 545/901/559 543/899/559
f 549/905/560 548/904/560 552/908/560
f 554/943/561 553/945/561 547/942/561
f 551/944/562 550/942/562 556/945/562
f 555/911/563 554/910/563 558/914/563
f 555/946/564 560/948/564 559/947/564
f 557/946/565 556/945/565 562/947/565
f 561/917/566 560/916/566 564/920/566
f 561/949/567 566/951/567 565/950/567
f 563/949/568 562/947/568 568/950/568
f 567/923/569 566/922/569 570/926/569
f 572/952/570 571/954/570 565/950/570
f 576/952/2382 569/953/2382 568/950/2382
f 573/929/572 572/928/572 576/932/572
f 578/955/573 577/957/573 571/954/573
f 575/956/574 574/954/574 580/957/574
f 579/935/575 578/934/575 582/938/575
f 542/958/576 541/940/576 577/957/576
f 581/959/577 580/957/577 544/940/577
f 577/957/36 541/940/36 547/942/36
f 547/942/36 553/945/36 559/947/36
f 559/947/36 565/950/36 571/954/36
f 571/954/36 577/957/36 559/947/36
f 545/901/578 552/4076/578 548/960/578
f 581/961/579 546/902/579 542/898/579
f 556/945/39 550/942/39 544/940/39
f 544/940/39 580/957/39 562/947/39
f 580/957/39 574/954/39 562/947/39
f 574/954/39 568/950/39 562/947/39
f 551/907/580 558/914/580 554/910/580
f 557/913/581 564/4077/581 560/963/581
f 563/919/582 570/926/582 566/922/582
f 569/964/583 576/932/583 572/928/583
f 575/931/584 582/938/584 578/934/584
f 590/1008/599 589/1011/599 583/1009/599
f 594/1008/600 587/1010/600 586/1009/600
f 588/971/601 587/970/601 585/968/601
f 591/974/602 590/973/602 594/977/602
f 596/1012/603 595/1014/603 589/1011/603
f 600/1012/604 593/1013/604 592/1011/604
f 597/980/605 596/979/605 600/983/605
f 602/1015/606 601/1017/606 595/1014/606
f 599/1016/607 598/1014/607 604/1017/607
f 603/986/608 602/985/608 606/989/608
f 603/1018/609 608/1020/609 607/1019/609
f 605/1018/610 604/1017/610 610/1019/610
f 609/992/611 608/991/611 612/995/611
f 614/1021/612 613/1023/612 607/1019/612
f 611/1022/613 610/1019/613 616/1023/613
f 615/998/614 614/997/614 618/1001/614
f 620/1024/615 619/1026/615 613/1023/615
f 624/1024/616 617/1025/616 616/1023/616
f 621/1004/617 620/1003/617 624/1007/617
f 584/1027/618 583/1009/618 619/1026/618
f 588/1027/619 623/1028/619 622/1026/619
f 619/1026/36 583/1009/36 589/1011/36
f 589/1011/36 595/1014/36 601/1017/36
f 601/1017/36 607/1019/36 613/1023/36
f 613/1023/36 619/1026/36 601/1017/36
f 587/970/620 594/977/620 590/973/620
f 623/1006/621 588/4078/621 584/1029/621
f 598/1014/39 592/1011/39 604/1017/39
f 592/1011/39 586/1009/39 604/1017/39
f 586/1009/39 622/1026/39 604/1017/39
f 622/1026/39 616/1023/39 604/1017/39
f 593/976/622 600/4079/622 596/1030/622
f 599/982/623 606/989/623 602/985/623
f 605/1031/624 612/995/624 608/991/624
f 611/994/625 618/1001/625 614/997/625
f 617/1033/626 624/1007/626 620/1003/626
f 632/1077/641 631/1080/641 625/1078/641
f 629/1079/642 628/1078/642 634/1080/642
f 630/1040/643 629/1039/643 627/1037/643
f 633/1043/644 632/1042/644 636/1046/644
f 638/1081/645 637/1083/645 631/1080/645
f 642/1081/646 635/1082/646 634/1080/646
f 639/1049/647 638/1048/647 642/1052/647
f 639/1084/648 644/1086/648 643/1085/648
f 641/1084/649 640/1083/649 646/1085/649
f 645/1055/650 644/1054/650 648/1058/650
f 650/1087/651 649/1089/651 643/1085/651
f 647/1088/652 646/1085/652 652/1089/652
f 651/1061/653 650/1060/653 654/1064/653
f 656/1090/654 655/1092/654 649/1089/654
f 660/1090/655 653/1091/655 652/1089/655
f 657/1067/656 656/1066/656 660/1070/656
f 662/1093/657 661/1095/657 655/1092/657
f 666/1093/658 659/1094/658 658/1092/658
f 663/1073/659 662/1072/659 666/1076/659
f 626/1096/660 625/1078/660 661/1095/660
f 665/1097/2383 664/1095/2383 628/1078/2383
f 661/1095/36 625/1078/36 631/1080/36
f 631/1080/36 637/1083/36 643/1085/36
f 643/1085/36 649/1089/36 655/1092/36
f 655/1092/36 661/1095/36 631/1080/36
f 629/1039/662 636/4080/662 632/1098/662
f 665/1099/663 630/1040/663 626/1036/663
f 640/1083/39 634/1080/39 646/1085/39
f 634/1080/39 628/1078/39 646/1085/39
f 628/1078/39 664/1095/39 658/1092/39
f 658/1092/39 652/1089/39 646/1085/39
f 635/1045/664 642/1052/664 638/1048/664
f 641/1051/665 648/4081/665 644/1101/665
f 647/1057/666 654/1064/666 650/1060/666
f 653/1102/667 660/1070/667 656/1066/667
f 659/1069/668 666/1076/668 662/1072/668
f 674/1140/681 673/1143/681 667/1141/681
f 671/1142/682 670/1141/682 676/1143/682
f 672/1109/683 671/1108/683 669/1106/683
f 675/1112/684 674/1111/684 678/1115/684
f 675/1144/685 680/1146/685 679/1145/685
f 677/1144/686 676/1143/686 682/1145/686
f 681/1118/687 680/1117/687 684/1121/687
f 686/1147/688 685/1149/688 679/1145/688
f 690/1147/689 683/1148/689 682/1145/689
f 687/1124/690 686/1123/690 690/1127/690
f 692/1150/691 691/1152/691 685/1149/691
f 689/1151/692 688/1149/692 694/1152/692
f 693/1130/693 692/1129/693 696/1133/693
f 693/1153/694 698/1155/694 697/1154/694
f 695/1153/695 694/1152/695 700/1154/695
f 699/1136/696 698/1135/696 702/1139/696
f 699/1156/697 668/1157/697 667/1141/697
f 701/1156/698 700/1154/698 670/1141/698
f 697/1154/36 667/1141/36 685/1149/36
f 667/1141/36 673/1143/36 685/1149/36
f 673/1143/36 679/1145/36 685/1149/36
f 671/1108/699 678/4082/699 674/1158/699
f 701/1159/700 672/1109/700 668/1105/700
f 682/1145/39 676/1143/39 670/1141/39
f 670/1141/39 700/1154/39 694/1152/39
f 694/1152/39 688/1149/39 670/1141/39
f 677/1114/701 684/1121/701 680/1117/701
f 683/1161/702 690/1127/702 686/1123/702
f 689/1126/703 696/4083/703 692/1163/703
f 695/1132/704 702/1139/704 698/1135/704
f 710/1206/719 709/1209/719 703/1207/719
f 707/1208/720 706/1207/720 712/1209/720
f 708/1169/721 707/1168/721 705/1166/721
f 711/1172/722 710/1171/722 714/1175/722
f 711/1210/723 716/1212/723 715/1211/723
f 713/1210/724 712/1209/724 718/1211/724
f 717/1178/725 716/1177/725 720/1181/725
f 722/1213/726 721/1215/726 715/1211/726
f 726/1213/727 719/1214/727 718/1211/727
f 723/1184/728 722/1183/728 726/1187/728
f 723/1216/729 728/1218/729 727/1217/729
f 725/1216/730 724/1215/730 730/1217/730
f 729/1190/731 728/1189/731 732/1193/731
f 734/1219/732 733/1221/732 727/1217/732
f 738/1219/733 731/1220/733 730/1217/733
f 735/1196/734 734/1195/734 738/1199/734
f 735/1222/735 740/1224/735 739/1223/735
f 737/1222/736 736/1221/736 742/1223/736
f 741/1202/737 740/1201/737 744/1205/737
f 704/1225/738 703/1207/738 739/1223/738
f 708/1225/739 743/1226/739 742/1223/739
f 739/1223/36 703/1207/36 733/1221/36
f 703/1207/36 709/1209/36 733/1221/36
f 709/1209/36 715/1211/36 721/1215/36
f 721/1215/36 727/1217/36 709/1209/36
f 707/1168/740 714/4084/740 710/1227/740
f 743/1228/2384 708/1169/2384 704/1165/2384
f 718/1211/39 712/1209/39 706/1207/39
f 706/1207/39 742/1223/39 736/1221/39
f 736/1221/39 730/1217/39 706/1207/39
f 730/1217/39 724/1215/39 706/1207/39
f 713/1174/742 720/1181/742 716/1177/742
f 719/1180/743 726/4085/743 722/1230/743
f 725/1186/744 732/1193/744 728/1189/744
f 731/1231/745 738/1199/745 734/1195/745
f 737/1198/746 744/1205/746 740/1201/746
f 752/1269/759 751/1272/759 745/1270/759
f 749/1271/760 748/1270/760 754/1272/760
f 750/1238/761 749/1237/761 747/1235/761
f 753/1241/762 752/1240/762 756/1244/762
f 758/1273/763 757/1275/763 751/1272/763
f 762/1273/764 755/1274/764 754/1272/764
f 759/1247/765 758/1246/765 762/1250/765
f 759/1276/766 764/1278/766 763/1277/766
f 761/1276/767 760/1275/767 766/1277/767
f 765/1253/768 764/1252/768 768/1256/768
f 770/1279/769 769/1281/769 763/1277/769
f 774/1279/770 767/1280/770 766/1277/770
f 771/1259/771 770/1258/771 774/1262/771
f 771/1282/772 776/1284/772 775/1283/772
f 773/1282/773 772/1281/773 778/1283/773
f 777/1265/774 776/1264/774 780/1268/774
f 746/1285/775 745/1270/775 775/1283/775
f 750/1285/776 779/1286/776 778/1283/776
f 775/1283/36 745/1270/36 751/1272/36
f 751/1272/36 757/1275/36 763/1277/36
f 763/1277/36 769/1281/36 775/1283/36
f 749/1287/777 756/1244/777 752/1240/777
f 779/1267/778 750/1238/778 746/1234/778
f 760/1275/39 754/1272/39 748/1270/39
f 748/1270/39 778/1283/39 772/1281/39
f 772/1281/39 766/1277/39 760/1275/39
f 755/1243/779 762/4086/779 758/1289/779
f 761/1249/780 768/1256/780 764/1252/780
f 767/1290/781 774/1262/781 770/1258/781
f 773/1261/782 780/4087/782 776/1292/782
f 788/1335/797 787/1338/797 781/1336/797
f 792/1335/798 785/1337/798 784/1336/798
f 786/1298/799 785/1297/799 783/1295/799
f 789/1301/800 788/1300/800 792/1304/800
f 794/1339/801 793/1341/801 787/1338/801
f 791/1340/802 790/1338/802 796/1341/802
f 795/1307/803 794/1306/803 798/1310/803
f 800/1342/804 799/1344/804 793/1341/804
f 804/1342/805 797/1343/805 796/1341/805
f 801/1313/806 800/1312/806 804/1316/806
f 806/1318/807 805/1317/807 799/1311/807
f 810/1322/808 803/1315/808 802/1314/808
f 807/1319/809 806/1318/809 810/1322/809
f 807/1345/810 812/1348/810 811/1346/810
f 809/1345/811 808/1347/811 814/1346/811
f 813/1325/812 812/1324/812 816/1328/812
f 818/1349/813 817/1351/813 811/1346/813
f 815/1350/814 814/1346/814 820/1351/814
f 819/1331/815 818/1330/815 822/1334/815
f 819/1352/816 782/1353/816 781/1336/816
f 821/1352/817 820/1351/817 784/1336/817
f 817/1351/36 781/1336/36 787/1338/36
f 787/1338/36 793/1341/36 811/1346/36
f 793/1341/36 799/1344/36 811/1346/36
f 799/1344/36 805/1347/36 811/1346/36
f 785/1297/818 792/4088/818 788/1354/818
f 821/1355/819 786/1298/819 782/1294/819
f 796/1341/39 790/1338/39 784/1336/39
f 784/1336/39 820/1351/39 814/1346/39
f 814/1346/39 808/1347/39 802/1344/39
f 802/1344/39 796/1341/39 784/1336/39
f 791/1303/820 798/1310/820 794/1306/820
f 797/1309/821 804/4089/821 800/1357/821
f 803/1315/822 810/1322/822 806/1318/822
f 809/1358/823 816/1328/823 812/1324/823
f 815/1327/824 822/1334/824 818/1330/824
f 830/1384/833 829/1387/833 823/1385/833
f 827/1386/834 826/1385/834 832/1387/834
f 828/1365/835 827/1364/835 825/1362/835
f 831/1368/836 830/1367/836 834/1371/836
f 836/1389/837 835/1391/837 829/1387/837
f 833/1390/838 832/1387/838 838/1391/838
f 837/1374/839 836/1373/839 840/1377/839
f 842/1393/840 841/1395/840 835/1391/840
f 839/1394/841 838/1391/841 844/1395/841
f 843/1380/842 842/1379/842 846/1383/842
f 824/1397/843 823/1385/843 841/1395/843
f 845/1398/844 844/1395/844 826/1385/844
f 829/1387/36 835/1391/36 841/1395/36
f 827/1364/845 834/4090/845 830/1399/845
f 845/1382/846 828/4091/846 824/1400/846
f 826/1385/39 844/1395/39 838/1391/39
f 833/1370/847 840/4092/847 836/1401/847
f 839/1376/848 846/4093/848 842/1402/848
f 854/1445/863 853/1448/863 847/1446/863
f 851/1447/864 850/1446/864 856/1448/864
f 852/1408/865 851/1407/865 849/1405/865
f 855/1411/866 854/1410/866 858/1414/866
f 860/1449/867 859/1451/867 853/1448/867
f 864/1449/868 857/1450/868 856/1448/868
f 861/1417/869 860/1416/869 864/1420/869
f 866/1452/870 865/1454/870 859/1451/870
f 863/1453/2385 862/1451/2385 868/1454/2385
f 867/1423/872 866/1422/872 870/1426/872
f 872/1455/873 871/1457/873 865/1454/873
f 869/1456/874 868/1454/874 874/1457/874
f 873/1429/875 872/1428/875 876/1432/875
f 878/1458/876 877/1460/876 871/1457/876
f 882/1458/877 875/1459/877 874/1457/877
f 879/1435/878 878/1434/878 882/1438/878
f 884/1461/879 883/1463/879 877/1460/879
f 888/1461/880 881/1462/880 880/1460/880
f 885/1441/881 884/1440/881 888/1444/881
f 848/1464/882 847/1446/882 883/1463/882
f 887/1465/883 886/1463/883 850/1446/883
f 883/1463/36 847/1446/36 853/1448/36
f 853/1448/36 859/1451/36 865/1454/36
f 865/1454/36 871/1457/36 853/1448/36
f 871/1457/36 877/1460/36 853/1448/36
f 851/1407/884 858/4094/884 854/1466/884
f 887/1467/885 852/1408/885 848/1404/885
f 862/1451/39 856/1448/39 868/1454/39
f 856/1448/39 850/1446/39 868/1454/39
f 850/1446/39 886/1463/39 880/1460/39
f 880/1460/39 874/1457/39 868/1454/39
f 857/1413/886 864/1420/886 860/1416/886
f 863/1419/887 870/4095/887 866/1469/887
f 869/1425/888 876/1432/888 872/1428/888
f 875/1470/889 882/1438/889 878/1434/889
f 881/1437/890 888/1444/890 884/1440/890
f 896/1496/899 895/1499/899 889/1497/899
f 893/1498/900 892/1497/900 898/1499/900
f 894/1477/901 893/1476/901 891/1474/901
f 897/1480/902 896/1479/902 900/1483/902
f 897/1500/903 902/1502/903 901/1501/903
f 899/1500/904 898/1499/904 904/1501/904
f 903/1486/905 902/1485/905 906/1489/905
f 903/1503/906 908/1505/906 907/1504/906
f 905/1503/907 904/1501/907 910/1504/907
f 909/1492/908 908/1491/908 912/1495/908
f 909/1506/909 890/1507/909 889/1497/909
f 911/1506/910 910/1504/910 892/1497/910
f 895/1499/36 901/1501/36 907/1504/36
f 893/1476/911 900/4096/911 896/1508/911
f 911/1494/912 894/4097/912 890/1509/912
f 892/1497/39 910/1504/39 904/1501/39
f 899/1482/913 906/4098/913 902/1510/913
f 905/1488/914 912/4099/914 908/1511/914
f 915/1554/2386 920/1557/2386 919/1555/2386
f 917/1554/2387 916/1556/2387 922/1555/2387
f 918/1517/931 917/1516/931 915/1514/931
f 921/1520/932 920/1519/932 924/1523/932
f 926/1558/933 925/1560/933 919/1555/933
f 930/1558/934 923/1559/934 922/1555/934
f 927/1526/935 926/1525/935 930/1529/935
f 932/1561/936 931/1563/936 925/1560/936
f 929/1562/2388 928/1560/2388 934/1563/2388
f 933/1532/938 932/1531/938 936/1535/938
f 938/1564/939 937/1566/939 931/1563/939
f 935/1565/940 934/1563/940 940/1566/940
f 939/1538/941 938/1537/941 942/1541/941
f 939/1567/942 944/1569/942 943/1568/942
f 948/1569/943 941/1567/943 940/1566/943
f 945/1544/944 944/1543/944 948/1547/944
f 950/1570/945 949/1572/945 943/1568/945
f 947/1571/946 946/1568/946 952/1572/946
f 951/1550/947 950/1549/947 954/1553/947
f 951/1573/948 914/1574/948 913/1556/948
f 953/1573/949 952/1572/949 916/1556/949
f 949/1572/36 913/1556/36 919/1555/36
f 919/1555/36 925/1560/36 931/1563/36
f 931/1563/36 937/1566/36 943/1568/36
f 943/1568/36 949/1572/36 919/1555/36
f 917/1516/950 924/4100/950 920/1575/950
f 953/1576/951 918/1517/951 914/1513/951
f 928/1560/39 922/1555/39 916/1556/39
f 916/1556/39 952/1572/39 946/1568/39
f 946/1568/39 940/1566/39 934/1563/39
f 934/1563/39 928/1560/39 916/1556/39
f 923/1522/952 930/1529/952 926/1525/952
f 929/1528/953 936/4101/953 932/1578/953
f 935/1534/954 942/1541/954 938/1537/954
f 941/1579/955 948/1547/955 944/1543/955
f 947/1546/956 954/1553/956 950/1549/956
f 962/1623/971 961/1626/971 955/1624/971
f 966/1623/972 959/1625/972 958/1624/972
f 960/1586/973 959/1585/973 957/1583/973
f 963/1589/974 962/1588/974 966/1592/974
f 968/1627/975 967/1629/975 961/1626/975
f 972/1627/976 965/1628/976 964/1626/976
f 969/1595/977 968/1594/977 972/1598/977
f 969/1630/978 974/1632/978 973/1631/978
f 971/1630/2389 970/1629/2389 976/1631/2389
f 975/1601/980 974/1600/980 978/1604/980
f 975/1633/981 980/1635/981 979/1634/981
f 977/1633/982 976/1631/982 982/1634/982
f 981/1607/983 980/1606/983 984/1610/983
f 981/1636/984 986/1638/984 985/1637/984
f 983/1636/2390 982/1634/2390 988/1637/2390
f 987/1613/986 986/1612/986 990/1616/986
f 992/1639/987 991/1641/987 985/1637/987
f 996/1639/988 989/1640/988 988/1637/988
f 993/1619/989 992/1618/989 996/1622/989
f 993/1642/990 956/1643/990 955/1624/990
f 995/1642/991 994/1641/991 958/1624/991
f 991/1641/36 955/1624/36 985/1637/36
f 955/1624/36 961/1626/36 985/1637/36
f 961/1626/36 967/1629/36 973/1631/36
f 973/1631/36 979/1634/36 985/1637/36
f 959/1585/992 966/4102/992 962/1644/992
f 995/1621/993 960/1586/993 956/1582/993
f 970/1629/39 964/1626/39 976/1631/39
f 964/1626/39 958/1624/39 976/1631/39
f 958/1624/39 994/1641/39 988/1637/39
f 988/1637/39 982/1634/39 976/1631/39
f 965/1591/994 972/1598/994 968/1594/994
f 971/1645/995 978/1604/995 974/1600/995
f 977/1603/996 984/1610/996 980/1606/996
f 983/1647/997 990/1616/997 986/1612/997
f 989/1615/998 996/4103/998 992/1649/998
f 1004/1692/1013 1003/1695/1013 997/1693/1013
f 1001/1694/1014 1000/1693/1014 1006/1695/1014
f 1002/1655/1015 1001/1654/1015 999/1652/1015
f 1005/1658/1016 1004/1657/1016 1008/1661/1016
f 1010/1696/1017 1009/1698/1017 1003/1695/1017
f 1014/1696/1018 1007/1697/1018 1006/1695/1018
f 1011/1664/1019 1010/1663/1019 1014/1667/1019
f 1011/1699/1020 1016/1701/1020 1015/1700/1020
f 1013/1699/1021 1012/1698/1021 1018/1700/1021
f 1017/1670/1022 1016/1669/1022 1020/1673/1022
f 1022/1702/1023 1021/1704/1023 1015/1700/1023
f 1026/1702/1024 1019/1703/1024 1018/1700/1024
f 1023/1676/1025 1022/1675/1025 1026/1679/1025
f 1028/1705/1026 1027/1707/1026 1021/1704/1026
f 1032/1705/1027 1025/1706/1027 1024/1704/1027
f 1029/1682/1028 1028/1681/1028 1032/1685/1028
f 1034/1708/1029 1033/1710/1029 1027/1707/1029
f 1038/1708/1030 1031/1709/1030 1030/1707/1030
f 1035/1688/1031 1034/1687/1031 1038/1691/1031
f 998/1711/1032 997/1693/1032 1033/1710/1032
f 1037/1712/2391 1036/1710/2391 1000/1693/2391
f 1033/1710/36 997/1693/36 1027/1707/36
f 997/1693/36 1003/1695/36 1027/1707/36
f 1003/1695/36 1009/1698/36 1015/1700/36
f 1015/1700/36 1021/1704/36 1027/1707/36
f 1001/1654/1034 1008/4104/1034 1004/1713/1034
f 1037/1714/1035 1002/1655/1035 998/1651/1035
f 1012/1698/39 1006/1695/39 1018/1700/39
f 1006/1695/39 1000/1693/39 1018/1700/39
f 1000/1693/39 1036/1710/39 1030/1707/39
f 1030/1707/39 1024/1704/39 1018/1700/39
f 1007/1660/1036 1014/1667/1036 1010/1663/1036
f 1013/1666/1037 1020/4105/1037 1016/1716/1037
f 1019/1672/1038 1026/1679/1038 1022/1675/1038
f 1025/1717/1039 1032/1685/1039 1028/1681/1039
f 1031/1684/1040 1038/1691/1040 1034/1687/1040
f 1046/1743/1049 1045/1746/1049 1039/1744/1049
f 1050/1743/1050 1043/1745/1050 1042/1744/1050
f 1044/1724/1051 1043/1723/1051 1041/1721/1051
f 1047/1727/1052 1046/1726/1052 1050/1730/1052
f 1047/1747/1053 1052/1749/1053 1051/1748/1053
f 1049/1747/1054 1048/1746/1054 1054/1748/1054
f 1053/1733/1055 1052/1732/1055 1056/1736/1055
f 1058/1750/1056 1057/1752/1056 1051/1748/1056
f 1062/1750/1057 1055/1751/1057 1054/1748/1057
f 1059/1739/1058 1058/1738/1058 1062/1742/1058
f 1040/1753/1059 1039/1744/1059 1057/1752/1059
f 1044/1753/1060 1061/1754/1060 1060/1752/1060
f 1045/1746/36 1051/1748/36 1057/1752/36
f 1043/1755/1061 1050/1730/1061 1046/1726/1061
f 1061/1757/1062 1044/1724/1062 1040/1720/1062
f 1042/1744/39 1060/1752/39 1054/1748/39
f 1049/1759/1063 1056/1736/1063 1052/1732/1063
f 1055/1761/1064 1062/1742/1064 1058/1738/1064
f 1065/1805/1079 1070/1808/1079 1069/1806/1079
f 1067/1805/1080 1066/1807/1080 1072/1806/1080
f 1068/1768/1081 1067/1767/1081 1065/1765/1081
f 1071/1771/1082 1070/1770/1082 1074/1774/1082
f 1076/1809/1083 1075/1811/1083 1069/1806/1083
f 1073/1810/1084 1072/1806/1084 1078/1811/1084
f 1077/1777/1085 1076/1776/1085 1080/1780/1085
f 1082/1812/1086 1081/1814/1086 1075/1811/1086
f 1086/1812/1087 1079/1813/1087 1078/1811/1087
f 1083/1783/1088 1082/1782/1088 1086/1786/1088
f 1083/1815/1089 1088/1817/1089 1087/1816/1089
f 1085/1815/1090 1084/1814/1090 1090/1816/1090
f 1089/1789/1091 1088/1788/1091 1092/1792/1091
f 1089/1818/1092 1094/1820/1092 1093/1819/1092
f 1091/1818/1093 1090/1816/1093 1096/1819/1093
f 1095/1795/1094 1094/1794/1094 1098/1798/1094
f 1100/1821/1095 1099/1823/1095 1093/1819/1095
f 1104/1821/1096 1097/1822/1096 1096/1819/1096
f 1101/1801/1097 1100/1800/1097 1104/1804/1097
f 1064/1824/1098 1063/1807/1098 1099/1823/1098
f 1068/1824/1099 1103/1825/1099 1102/1823/1099
f 1099/1823/36 1063/1807/36 1093/1819/36
f 1063/1807/36 1069/1806/36 1093/1819/36
f 1069/1806/36 1075/1811/36 1093/1819/36
f 1075/1811/36 1081/1814/36 1093/1819/36
f 1067/1767/1100 1074/4106/1100 1070/1826/1100
f 1103/1827/1101 1068/1768/1101 1064/1764/1101
f 1078/1811/39 1072/1806/39 1066/1807/39
f 1066/1807/39 1102/1823/39 1096/1819/39
f 1096/1819/39 1090/1816/39 1084/1814/39
f 1084/1814/39 1078/1811/39 1066/1807/39
f 1073/1773/1102 1080/1780/1102 1076/1776/1102
f 1079/1779/1103 1086/4107/1103 1082/1829/1103
f 1085/1785/1104 1092/1792/1104 1088/1788/1104
f 1091/1830/1105 1098/1798/1105 1094/1794/1105
f 1097/1797/1106 1104/1804/1106 1100/1800/1106
f 1112/1836/1113 1111/1835/1113 1105/1832/1113
f 1109/1834/1114 1108/1832/1114 1114/1835/1114
f 1110/1841/1115 1109/1850/1115 1107/1842/1115
f 1113/1844/1116 1112/4108/1116 1116/1845/1116
f 1118/1839/1117 1117/1838/1117 1111/1835/1117
f 1122/1839/1118 1115/1837/1118 1114/1835/1118
f 1119/1847/1119 1118/1856/1119 1122/1848/1119
f 1106/1833/1120 1105/1832/1120 1117/1838/1120
f 1110/1833/1121 1121/1840/1121 1120/1838/1121
f 1109/1850/1122 1116/4109/1122 1112/1851/1122
f 1121/1852/1123 1110/4110/1123 1106/1853/1123
f 1115/1855/1124 1122/1848/1124 1118/1856/1124
f 1130/1900/1139 1129/1903/1139 1123/1901/1139
f 1134/1900/1140 1127/1902/1140 1126/1901/1140
f 1128/1863/1141 1127/1862/1141 1125/1860/1141
f 1131/1866/1142 1130/1865/1142 1134/1869/1142
f 1136/1904/2392 1135/1906/2392 1129/1903/2392
f 1133/1905/2393 1132/1903/2393 1138/1906/2393
f 1137/1872/1145 1136/1871/1145 1140/1875/1145
f 1137/1907/1146 1142/1909/1146 1141/1908/1146
f 1139/1907/1147 1138/1906/1147 1144/1908/1147
f 1143/1878/1148 1142/1877/1148 1146/1881/1148
f 1148/1910/1149 1147/1912/1149 1141/1908/1149
f 1145/1911/1150 1144/1908/1150 1150/1912/1150
f 1149/1884/2394 1148/1883/2394 1152/1887/2394
f 1154/1913/1152 1153/1915/1152 1147/1912/1152
f 1158/1913/1153 1151/1914/1153 1150/1912/1153
f 1155/1890/1154 1154/1889/1154 1158/1893/1154
f 1155/1916/1155 1160/1918/1155 1159/1917/1155
f 1157/1916/1156 1156/1915/1156 1162/1917/1156
f 1161/1896/1157 1160/1895/1157 1164/1899/1157
f 1161/1919/1158 1124/1920/1158 1123/1901/1158
f 1128/1920/1159 1163/1919/1159 1162/1917/1159
f 1159/1917/36 1123/1901/36 1129/1903/36
f 1129/1903/36 1135/1906/36 1141/1908/36
f 1141/1908/36 1147/1912/36 1153/1915/36
f 1153/1915/36 1159/1917/36 1141/1908/36
f 1127/1862/1160 1134/4111/1160 1130/1921/1160
f 1163/1922/1161 1128/1863/1161 1124/1859/1161
f 1138/1906/39 1132/1903/39 1126/1901/39
f 1126/1901/39 1162/1917/39 1156/1915/39
f 1156/1915/39 1150/1912/39 1126/1901/39
f 1150/1912/39 1144/1908/39 1126/1901/39
f 1133/1868/1162 1140/1875/1162 1136/1871/1162
f 1139/1874/1163 1146/4112/1163 1142/1924/1163
f 1145/1880/1164 1152/1887/1164 1148/1883/1164
f 1151/1925/1165 1158/1893/1165 1154/1889/1165
f 1157/1892/1166 1164/1899/1166 1160/1895/1166
f 1167/1957/1177 1172/1960/1177 1171/1958/1177
f 1169/1957/1178 1168/1959/1178 1174/1958/1178
f 1170/1932/1179 1169/1931/1179 1167/1929/1179
f 1173/1935/1180 1172/1934/1180 1176/1938/1180
f 1173/1961/1181 1178/1963/1181 1177/1962/1181
f 1175/1961/1182 1174/1958/1182 1180/1962/1182
f 1179/1941/1183 1178/1940/1183 1182/1944/1183
f 1184/1964/1184 1183/1966/1184 1177/1962/1184
f 1188/1964/1185 1181/1965/1185 1180/1962/1185
f 1185/1947/1186 1184/1946/1186 1188/1950/1186
f 1185/1967/1187 1190/1969/1187 1189/1968/1187
f 1187/1967/1188 1186/1966/1188 1192/1968/1188
f 1191/1953/1189 1190/1952/1189 1194/1956/1189
f 1191/1970/1190 1166/1971/1190 1165/1959/1190
f 1193/1970/1191 1192/1968/1191 1168/1959/1191
f 1189/1968/36 1165/1959/36 1171/1958/36
f 1171/1958/36 1177/1962/36 1189/1968/36
f 1169/1972/1192 1176/1938/1192 1172/1934/1192
f 1193/1974/1193 1170/1932/1193 1166/1928/1193
f 1180/1962/39 1174/1958/39 1168/1959/39
f 1168/1959/39 1192/1968/39 1180/1962/39
f 1175/1937/1194 1182/4113/1194 1178/1976/1194
f 1181/1943/1195 1188/4114/1195 1184/1977/1195
f 1187/1949/1196 1194/1956/1196 1190/1952/1196
f 1197/2020/1211 1202/2023/1211 1201/2021/1211
f 1199/2020/1212 1198/2022/1212 1204/2021/1212
f 1200/1983/1213 1199/1982/1213 1197/1980/1213
f 1203/1986/1214 1202/1985/1214 1206/1989/1214
f 1208/2024/1215 1207/2026/1215 1201/2021/1215
f 1212/2024/1216 1205/2025/1216 1204/2021/1216
f 1209/1992/1217 1208/1991/1217 1212/1995/1217
f 1209/2027/1218 1214/2029/1218 1213/2028/1218
f 1211/2027/1219 1210/2026/1219 1216/2028/1219
f 1215/1998/1220 1214/1997/1220 1218/2001/1220
f 1215/2030/1221 1220/2032/1221 1219/2031/1221
f 1217/2030/1222 1216/2028/1222 1222/2031/1222
f 1221/2004/2395 1220/2003/2395 1224/2007/2395
f 1226/2033/1224 1225/2035/1224 1219/2031/1224
f 1223/2034/1225 1222/2031/1225 1228/2035/1225
f 1227/2010/1226 1226/2009/1226 1230/2013/1226
f 1232/2036/2396 1231/2038/2396 1225/2035/2396
f 1229/2037/2397 1228/2035/2397 1234/2038/2397
f 1233/2016/1229 1232/2015/1229 1236/2019/1229
f 1196/2039/1230 1195/2022/1230 1231/2038/1230
f 1200/2039/1231 1235/2040/1231 1234/2038/1231
f 1231/2038/36 1195/2022/36 1225/2035/36
f 1195/2022/36 1201/2021/36 1225/2035/36
f 1201/2021/36 1207/2026/36 1213/2028/36
f 1213/2028/36 1219/2031/36 1201/2021/36
f 1199/1982/2398 1206/4115/2398 1202/2041/2398
f 1235/2042/1233 1200/1983/1233 1196/1979/1233
f 1210/2026/39 1204/2021/39 1216/2028/39
f 1204/2021/39 1198/2022/39 1216/2028/39
f 1198/2022/39 1234/2038/39 1228/2035/39
f 1228/2035/39 1222/2031/39 1216/2028/39
f 1205/1988/1234 1212/1995/1234 1208/1991/1234
f 1211/1994/1235 1218/4116/1235 1214/2044/1235
f 1217/2000/1236 1224/2007/1236 1220/2003/1236
f 1223/2045/1237 1230/2013/1237 1226/2009/1237
f 1229/2012/1238 1236/2019/1238 1232/2015/1238
f 1239/2089/1253 1244/2092/1253 1243/2090/1253
f 1241/2089/1254 1240/2091/1254 1246/2090/1254
f 1242/2052/1255 1241/2051/1255 1239/2049/1255
f 1245/2055/1256 1244/2054/1256 1248/2058/1256
f 1250/2093/1257 1249/2095/1257 1243/2090/1257
f 1254/2093/1258 1247/2094/1258 1246/2090/1258
f 1251/2061/1259 1250/2060/1259 1254/2064/1259
f 1251/2096/1260 1256/2098/1260 1255/2097/1260
f 1260/2098/1261 1253/2096/1261 1252/2095/1261
f 1257/2067/1262 1256/2066/1262 1260/2070/1262
f 1262/2099/1263 1261/2101/1263 1255/2097/1263
f 1266/2099/1264 1259/2100/1264 1258/2097/1264
f 1263/2073/1265 1262/2072/1265 1266/2076/1265
f 1268/2102/1056 1267/2104/1056 1261/2101/1056
f 1265/2103/1057 1264/2101/1057 1270/2104/1057
f 1269/2079/1266 1268/2078/1266 1272/2082/1266
f 1274/2105/1267 1273/2107/1267 1267/2104/1267
f 1278/2105/1268 1271/2106/1268 1270/2104/1268
f 1275/2085/1269 1274/2084/1269 1278/2088/1269
f 1238/2108/1270 1237/2091/1270 1273/2107/1270
f 1242/2108/1271 1277/2109/1271 1276/2107/1271
f 1273/2107/36 1237/2091/36 1243/2090/36
f 1243/2090/36 1249/2095/36 1255/2097/36
f 1255/2097/36 1261/2101/36 1267/2104/36
f 1267/2104/36 1273/2107/36 1255/2097/36
f 1241/2110/1272 1248/2058/1272 1244/2054/1272
f 1277/2087/1273 1242/2052/1273 1238/2048/1273
f 1252/2095/39 1246/2090/39 1258/2097/39
f 1246/2090/39 1240/2091/39 1258/2097/39
f 1240/2091/39 1276/2107/39 1258/2097/39
f 1276/2107/39 1270/2104/39 1258/2097/39
f 1247/2057/1274 1254/4117/1274 1250/2112/1274
f 1253/2063/1275 1260/2070/1275 1256/2066/1275
f 1259/2069/1276 1266/4118/1276 1262/2113/1276
f 1265/2075/1277 1272/2082/1277 1268/2078/1277
f 1271/2114/1278 1278/2088/1278 1274/2084/1278
f 1286/2158/1293 1285/2161/1293 1279/2159/1293
f 1283/2160/1294 1282/2159/1294 1288/2161/1294
f 1284/2121/1295 1283/2120/1295 1281/2118/1295
f 1287/2124/2399 1286/2123/2399 1290/2127/2399
f 1287/2162/1297 1292/2164/1297 1291/2163/1297
f 1289/2162/1298 1288/2161/1298 1294/2163/1298
f 1293/2130/1299 1292/2129/1299 1296/2133/1299
f 1298/2165/1300 1297/2167/1300 1291/2163/1300
f 1302/2165/1301 1295/2166/1301 1294/2163/1301
f 1299/2136/1302 1298/2135/1302 1302/2139/1302
f 1299/2168/1303 1304/4119/1303 1303/2169/1303
f 1301/2138/1304 1300/2137/1304 1306/2143/1304
f 1305/2142/1305 1304/2141/1305 1308/2145/1305
f 1305/2170/1306 1310/2172/1306 1309/2171/1306
f 1314/2172/1307 1307/2170/1307 1306/2169/1307
f 1311/2148/1308 1310/2147/1308 1314/2151/1308
f 1316/2173/1309 1315/2175/1309 1309/2171/1309
f 1320/2173/1310 1313/2174/1310 1312/2171/1310
f 1317/2154/1311 1316/2153/1311 1320/2157/1311
f 1317/2176/1312 1280/2177/1312 1279/2159/1312
f 1319/2176/1313 1318/2175/1313 1282/2159/1313
f 1315/2175/36 1279/2159/36 1309/2171/36
f 1279/2159/36 1285/2161/36 1309/2171/36
f 1285/2161/36 1291/2163/36 1309/2171/36
f 1291/2163/36 1297/2167/36 1309/2171/36
f 1283/2120/1314 1290/4120/1314 1286/2178/1314
f 1319/2179/1315 1284/2121/1315 1280/2117/1315
f 1294/2163/39 1288/2161/39 1282/2159/39
f 1282/2159/39 1318/2175/39 1312/2171/39
f 1312/2171/39 1306/2169/39 1300/2167/39
f 1300/2167/39 1294/2163/39 1312/2171/39
f 1289/2126/1316 1296/2133/1316 1292/2129/1316
f 1295/2132/1317 1302/4121/1317 1298/2181/1317
f 1301/2138/1318 1308/2145/1318 1304/2141/1318
f 1307/2182/2400 1314/2151/2400 1310/2147/2400
f 1313/2150/1320 1320/2157/1320 1316/2153/1320
f 1328/2208/1329 1327/2211/1329 1321/2209/1329
f 1325/2210/1330 1324/2209/1330 1330/2211/1330
f 1326/2189/1331 1325/2188/1331 1323/2186/1331
f 1329/2192/1332 1328/2191/1332 1332/2195/1332
f 1334/2212/1333 1333/2214/1333 1327/2211/1333
f 1331/2213/2401 1330/2211/2401 1336/2214/2401
f 1335/2198/1335 1334/2197/1335 1338/2201/1335
f 1340/2215/1336 1339/2217/1336 1333/2214/1336
f 1337/2216/1337 1336/2214/1337 1342/2217/1337
f 1341/2204/1338 1340/2203/1338 1344/2207/1338
f 1322/2218/1339 1321/2209/1339 1339/2217/1339
f 1326/2218/1340 1343/2219/1340 1342/2217/1340
f 1327/2211/36 1333/2214/36 1339/2217/36
f 1325/2188/1341 1332/4122/1341 1328/2220/1341
f 1343/2206/1342 1326/4123/1342 1322/2221/1342
f 1330/2211/39 1324/2209/39 1342/2217/39
f 1331/2194/1343 1338/4124/1343 1334/2222/1343
f 1337/2200/1344 1344/4125/1344 1340/2223/1344
f 1352/2266/1359 1351/2269/1359 1345/2267/1359
f 1349/2268/1360 1348/2267/1360 1354/2269/1360
f 1350/2229/1361 1349/2228/1361 1347/2226/1361
f 1353/2232/1362 1352/2231/1362 1356/2235/1362
f 1353/2270/1363 1358/2272/1363 1357/2271/1363
f 1355/2270/1364 1354/2269/1364 1360/2271/1364
f 1359/2238/1365 1358/2237/1365 1362/2241/1365
f 1364/2273/1366 1363/2275/1366 1357/2271/1366
f 1368/2273/2402 1361/2274/2402 1360/2271/2402
f 1365/2244/1368 1364/2243/1368 1368/2247/1368
f 1370/2276/1369 1369/2278/1369 1363/2275/1369
f 1367/2277/1370 1366/2275/1370 1372/2278/1370
f 1371/2250/1371 1370/2249/1371 1374/2253/1371
f 1371/2279/1372 1376/2281/1372 1375/2280/1372
f 1373/2279/1373 1372/2278/1373 1378/2280/1373
f 1377/2256/1374 1376/2255/1374 1380/2259/1374
f 1377/2282/1375 1382/2284/1375 1381/2283/1375
f 1379/2282/1376 1378/2280/1376 1384/2283/1376
f 1383/2262/1377 1382/2261/1377 1386/2265/1377
f 1383/2285/1378 1346/2286/1378 1345/2267/1378
f 1385/2285/1379 1384/2283/1379 1348/2267/1379
f 1381/2283/36 1345/2267/36 1351/2269/36
f 1351/2269/36 1357/2271/36 1375/2280/36
f 1357/2271/36 1363/2275/36 1375/2280/36
f 1363/2275/36 1369/2278/36 1375/2280/36
f 1349/2228/1380 1356/4126/1380 1352/2287/1380
f 1385/2288/1381 1350/2229/1381 1346/2225/1381
f 1360/2271/39 1354/2269/39 1348/2267/39
f 1348/2267/39 1384/2283/39 1366/2275/39
f 1384/2283/39 1378/2280/39 1366/2275/39
f 1378/2280/39 1372/2278/39 1366/2275/39
f 1355/2234/1382 1362/2241/1382 1358/2237/1382
f 1361/2240/1383 1368/4127/1383 1364/2290/1383
f 1367/2246/1384 1374/2253/1384 1370/2249/1384
f 1373/2291/1385 1380/2259/1385 1376/2255/1385
f 1379/2258/1386 1386/2265/1386 1382/2261/1386
f 1394/2335/1401 1393/2338/1401 1387/2336/1401
f 1398/2335/1402 1391/2337/1402 1390/2336/1402
f 1392/2298/1403 1391/2297/1403 1389/2295/1403
f 1395/2301/1404 1394/2300/1404 1398/2304/1404
f 1400/2339/1405 1399/2341/1405 1393/2338/1405
f 1404/2339/1406 1397/2340/1406 1396/2338/1406
f 1401/2307/1407 1400/2306/1407 1404/2310/1407
f 1401/2342/1408 1406/2344/1408 1405/2343/1408
f 1403/2342/1409 1402/2341/1409 1408/2343/1409
f 1407/2313/1410 1406/2312/1410 1410/2316/1410
f 1407/2345/1411 1412/2347/1411 1411/2346/1411
f 1409/2345/1412 1408/2343/1412 1414/2346/1412
f 1413/2319/1413 1412/2318/1413 1416/2322/1413
f 1418/2348/1414 1417/2350/1414 1411/2346/1414
f 1422/2348/2403 1415/2349/2403 1414/2346/2403
f 1419/2325/1416 1418/2324/1416 1422/2328/1416
f 1424/2351/1417 1423/2353/1417 1417/2350/1417
f 1428/2351/1418 1421/2352/1418 1420/2350/1418
f 1425/2331/1419 1424/2330/1419 1428/2334/1419
f 1425/2354/1420 1388/2355/1420 1387/2336/1420
f 1427/2354/1421 1426/2353/1421 1390/2336/1421
f 1423/2353/36 1387/2336/36 1393/2338/36
f 1393/2338/36 1399/2341/36 1405/2343/36
f 1405/2343/36 1411/2346/36 1417/2350/36
f 1417/2350/36 1423/2353/36 1405/2343/36
f 1391/2297/1422 1398/4128/1422 1394/2356/1422
f 1427/2333/1423 1392/2298/1423 1388/2294/1423
f 1402/2341/39 1396/2338/39 1408/2343/39
f 1396/2338/39 1390/2336/39 1408/2343/39
f 1390/2336/39 1426/2353/39 1408/2343/39
f 1426/2353/39 1420/2350/39 1408/2343/39
f 1397/2303/1424 1404/2310/1424 1400/2306/1424
f 1403/2357/1425 1410/2316/1425 1406/2312/1425
f 1409/2315/1426 1416/2322/1426 1412/2318/1426
f 1415/2359/1427 1422/2328/1427 1418/2324/1427
f 1421/2327/1428 1428/4129/1428 1424/2361/1428
f 1436/2404/1443 1435/2407/1443 1429/2405/1443
f 1440/2404/1444 1433/2406/1444 1432/2405/1444
f 1434/2367/1445 1433/2366/1445 1431/2364/1445
f 1437/2370/1446 1436/2369/1446 1440/2373/1446
f 1442/2408/1447 1441/2410/1447 1435/2407/1447
f 1446/2408/1448 1439/2409/1448 1438/2407/1448
f 1443/2376/1449 1442/2375/1449 1446/2379/1449
f 1443/2411/1450 1448/2413/1450 1447/2412/1450
f 1445/2411/1451 1444/2410/1451 1450/2412/1451
f 1449/2382/1452 1448/2381/1452 1452/2385/1452
f 1454/2414/1453 1453/2416/1453 1447/2412/1453
f 1458/2414/1454 1451/2415/1454 1450/2412/1454
f 1455/2388/1455 1454/2387/1455 1458/2391/1455
f 1460/2417/1456 1459/2419/1456 1453/2416/1456
f 1464/2417/1457 1457/2418/1457 1456/2416/1457
f 1461/2394/1458 1460/2393/1458 1464/2397/1458
f 1461/2420/1459 1466/2422/1459 1465/2421/1459
f 1463/2420/1460 1462/2419/1460 1468/2421/1460
f 1467/2400/1461 1466/2399/1461 1470/2403/1461
f 1430/2423/2404 1429/2405/2404 1465/2421/2404
f 1469/2424/2081 1468/2421/2081 1432/2405/2081
f 1465/2421/36 1429/2405/36 1435/2407/36
f 1435/2407/36 1441/2410/36 1447/2412/36
f 1447/2412/36 1453/2416/36 1459/2419/36
f 1459/2419/36 1465/2421/36 1435/2407/36
f 1433/2366/1464 1440/4130/1464 1436/2425/1464
f 1469/2426/1465 1434/2367/1465 1430/2363/1465
f 1444/2410/39 1438/2407/39 1450/2412/39
f 1438/2407/39 1432/2405/39 1450/2412/39
f 1432/2405/39 1468/2421/39 1450/2412/39
f 1468/2421/39 1462/2419/39 1450/2412/39
f 1439/2372/1466 1446/2379/1466 1442/2375/1466
f 1445/2378/1467 1452/4131/1467 1448/2428/1467
f 1451/2384/1468 1458/2391/1468 1454/2387/1468
f 1457/2429/1469 1464/2397/1469 1460/2393/1469
f 1463/2396/1470 1470/2403/1470 1466/2399/1470
f 1473/2461/1481 1478/2464/1481 1477/2462/1481
f 1475/2461/1482 1474/2463/1482 1480/2462/1482
f 1476/2436/1483 1475/2435/1483 1473/2433/1483
f 1479/2439/1484 1478/2438/1484 1482/2442/1484
f 1479/2465/1485 1484/2467/1485 1483/2466/1485
f 1481/2465/1486 1480/2462/1486 1486/2466/1486
f 1485/2445/1487 1484/2444/1487 1488/2448/1487
f 1490/2468/1488 1489/2470/1488 1483/2466/1488
f 1487/2469/1489 1486/2466/1489 1492/2470/1489
f 1491/2451/1490 1490/2450/1490 1494/2454/1490
f 1496/2471/1491 1495/2473/1491 1489/2470/1491
f 1500/2471/1492 1493/2472/1492 1492/2470/1492
f 1497/2457/1493 1496/2456/1493 1500/2460/1493
f 1472/2474/1494 1471/2463/1494 1495/2473/1494
f 1476/2474/1495 1499/4132/1495 1498/2473/1495
f 1495/2473/36 1471/2463/36 1477/2462/36
f 1477/2462/36 1483/2466/36 1489/2470/36
f 1475/2476/1496 1482/2442/1496 1478/2438/1496
f 1499/2459/1497 1476/2436/1497 1472/2432/1497
f 1486/2466/39 1480/2462/39 1492/2470/39
f 1480/2462/39 1474/2463/39 1492/2470/39
f 1481/2478/1498 1488/2448/1498 1484/2444/1498
f 1487/2447/1499 1494/4133/1499 1490/2480/1499
f 1493/2453/1500 1500/4134/1500 1496/2481/1500
f 1503/2524/473 1508/2527/473 1507/2525/473
f 1505/2524/474 1504/2526/474 1510/2525/474
f 1506/2487/475 1505/2486/475 1503/2484/475
f 1509/2490/1505 1508/2489/1505 1512/2493/1505
f 1514/2528/1506 1513/2530/1506 1507/2525/1506
f 1518/2528/1507 1511/2529/1507 1510/2525/1507
f 1515/2496/479 1514/2495/479 1518/2499/479
f 1515/2531/480 1520/2533/480 1519/2532/480
f 1517/2531/481 1516/2530/481 1522/2532/481
f 1521/2502/482 1520/2501/482 1524/2505/482
f 1521/2534/1508 1526/2536/1508 1525/2535/1508
f 1523/2534/1509 1522/2532/1509 1528/2535/1509
f 1527/2508/485 1526/2507/485 1530/2511/485
f 1527/2537/486 1532/2539/486 1531/2538/486
f 1529/2537/487 1528/2535/487 1534/2538/487
f 1533/2514/488 1532/2513/488 1536/2517/488
f 1533/2540/489 1538/2542/489 1537/2541/489
f 1535/2540/2405 1534/2538/2405 1540/2541/2405
f 1539/2520/491 1538/2519/491 1542/2523/491
f 1502/2543/492 1501/2526/492 1537/2541/492
f 1541/2544/493 1540/2541/493 1504/2526/493
f 1537/2541/36 1501/2526/36 1507/2525/36
f 1507/2525/36 1513/2530/36 1519/2532/36
f 1519/2532/36 1525/2535/36 1531/2538/36
f 1531/2538/36 1537/2541/36 1519/2532/36
f 1505/2486/494 1512/4135/494 1508/2545/494
f 1541/2546/495 1506/2487/495 1502/2483/495
f 1516/2530/39 1510/2525/39 1504/2526/39
f 1504/2526/39 1540/2541/39 1534/2538/39
f 1534/2538/39 1528/2535/39 1504/2526/39
f 1528/2535/39 1522/2532/39 1504/2526/39
f 1511/2492/496 1518/2499/496 1514/2495/496
f 1517/2498/497 1524/4136/497 1520/2548/497
f 1523/2504/498 1530/2511/498 1526/2507/498
f 1529/2549/1511 1536/2517/1511 1532/2513/1511
f 1535/2516/500 1542/2523/500 1538/2519/500
f 1545/2593/1526 1550/2596/1526 1549/2594/1526
f 1547/2593/1527 1546/2595/1527 1552/2594/1527
f 1548/2556/1528 1547/2555/1528 1545/2553/1528
f 1551/2559/1529 1550/2558/1529 1554/2562/1529
f 1551/2597/1530 1556/2599/1530 1555/2598/1530
f 1553/2597/1531 1552/2594/1531 1558/2598/1531
f 1557/2565/1532 1556/2564/1532 1560/2568/1532
f 1562/2600/1533 1561/2602/1533 1555/2598/1533
f 1566/2600/1534 1559/2601/1534 1558/2598/1534
f 1563/2571/1535 1562/2570/1535 1566/2574/1535
f 1563/2603/1536 1568/2605/1536 1567/2604/1536
f 1565/2603/2406 1564/2602/2406 1570/2604/2406
f 1569/2577/1538 1568/2576/1538 1572/2580/1538
f 1574/2606/1539 1573/2608/1539 1567/2604/1539
f 1571/2607/1540 1570/2604/1540 1576/2608/1540
f 1575/2583/1541 1574/2582/1541 1578/2586/1541
f 1575/2609/1542 1580/2611/1542 1579/2610/1542
f 1577/2609/1543 1576/2608/1543 1582/2610/1543
f 1581/2589/1544 1580/2588/1544 1584/2592/1544
f 1544/2612/1545 1543/2595/1545 1579/2610/1545
f 1548/2612/2407 1583/2613/2407 1582/2610/2407
f 1579/2610/36 1543/2595/36 1549/2594/36
f 1549/2594/36 1555/2598/36 1561/2602/36
f 1561/2602/36 1567/2604/36 1573/2608/36
f 1573/2608/36 1579/2610/36 1561/2602/36
f 1547/2555/1547 1554/2562/1547 1550/2558/1547
f 1583/2591/1548 1548/4137/1548 1544/2614/1548
f 1558/2598/39 1552/2594/39 1546/2595/39
f 1546/2595/39 1582/2610/39 1564/2602/39
f 1582/2610/39 1576/2608/39 1564/2602/39
f 1576/2608/39 1570/2604/39 1564/2602/39
f 1553/2561/1549 1560/4138/1549 1556/2615/1549
f 1559/2567/1550 1566/2574/1550 1562/2570/1550
f 1565/2616/1551 1572/2580/1551 1568/2576/1551
f 1571/2579/1552 1578/2586/1552 1574/2582/1552
f 1577/2618/1553 1584/2592/1553 1580/2588/1553
f 1587/2662/1568 1592/2665/1568 1591/2663/1568
f 1589/2662/1569 1588/2664/1569 1594/2663/1569
f 1590/2625/1570 1589/2624/1570 1587/2622/1570
f 1593/2628/2408 1592/2627/2408 1596/2631/2408
f 1598/2666/1572 1597/2668/1572 1591/2663/1572
f 1595/2667/1573 1594/2663/1573 1600/2668/1573
f 1599/2634/1574 1598/2633/1574 1602/2637/1574
f 1599/2669/1575 1604/2671/1575 1603/2670/1575
f 1601/2669/1576 1600/2668/1576 1606/2670/1576
f 1605/2640/1577 1604/2639/1577 1608/2643/1577
f 1605/2672/1578 1610/2674/1578 1609/2673/1578
f 1607/2672/1579 1606/2670/1579 1612/2673/1579
f 1611/2646/1580 1610/2645/1580 1614/2649/1580
f 1616/2675/1581 1615/2677/1581 1609/2673/1581
f 1620/2675/1582 1613/2676/1582 1612/2673/1582
f 1617/2652/1583 1616/2651/1583 1620/2655/1583
f 1617/2678/1584 1622/2680/1584 1621/2679/1584
f 1619/2678/1585 1618/2677/1585 1624/2679/1585
f 1623/2658/1586 1622/2657/1586 1626/2661/1586
f 1623/2681/1587 1586/2682/1587 1585/2664/1587
f 1625/2681/1588 1624/2679/1588 1588/2664/1588
f 1621/2679/36 1585/2664/36 1615/2677/36
f 1585/2664/36 1591/2663/36 1615/2677/36
f 1591/2663/36 1597/2668/36 1603/2670/36
f 1603/2670/36 1609/2673/36 1591/2663/36
f 1589/2624/1589 1596/4139/1589 1592/2683/1589
f 1625/2684/1590 1590/2625/1590 1586/2621/1590
f 1600/2668/39 1594/2663/39 1606/2670/39
f 1594/2663/39 1588/2664/39 1606/2670/39
f 1588/2664/39 1624/2679/39 1618/2677/39
f 1618/2677/39 1612/2673/39 1588/2664/39
f 1595/2630/1591 1602/2637/1591 1598/2633/1591
f 1601/2636/1592 1608/4140/1592 1604/2686/1592
f 1607/2642/1593 1614/2649/1593 1610/2645/1593
f 1613/2687/2409 1620/2655/2409 1616/2651/2409
f 1619/2654/1595 1626/2661/1595 1622/2657/1595
f 1629/2731/1610 1634/2734/1610 1633/2732/1610
f 1631/2731/1611 1630/2733/1611 1636/2732/1611
f 1632/2694/1612 1631/2693/1612 1629/2691/1612
f 1635/2697/1613 1634/2696/1613 1638/2700/1613
f 1640/2735/1614 1639/2737/1614 1633/2732/1614
f 1644/2735/1615 1637/2736/1615 1636/2732/1615
f 1641/2703/1616 1640/2702/1616 1644/2706/1616
f 1641/2738/1617 1646/2740/1617 1645/2739/1617
f 1643/2738/1618 1642/2737/1618 1648/2739/1618
f 1647/2709/1619 1646/2708/1619 1650/2712/1619
f 1652/2741/1620 1651/2743/1620 1645/2739/1620
f 1656/2741/1621 1649/2742/1621 1648/2739/1621
f 1653/2715/1622 1652/2714/1622 1656/2718/1622
f 1658/2744/1623 1657/2746/1623 1651/2743/1623
f 1655/2745/1624 1654/2743/1624 1660/2746/1624
f 1659/2721/1625 1658/2720/1625 1662/2724/1625
f 1664/2747/1626 1663/2749/1626 1657/2746/1626
f 1661/2748/1627 1660/2746/1627 1666/2749/1627
f 1665/2727/1628 1664/2726/1628 1668/2730/1628
f 1665/2750/1629 1628/2751/1629 1627/2733/1629
f 1667/2750/1630 1666/2749/1630 1630/2733/1630
f 1663/2749/36 1627/2733/36 1633/2732/36
f 1633/2732/36 1639/2737/36 1645/2739/36
f 1645/2739/36 1651/2743/36 1657/2746/36
f 1657/2746/36 1663/2749/36 1633/2732/36
f 1631/2693/1631 1638/4141/1631 1634/2752/1631
f 1667/2729/1632 1632/2694/1632 1628/2690/1632
f 1642/2737/39 1636/2732/39 1648/2739/39
f 1636/2732/39 1630/2733/39 1648/2739/39
f 1630/2733/39 1666/2749/39 1660/2746/39
f 1660/2746/39 1654/2743/39 1648/2739/39
f 1637/2699/1633 1644/2706/1633 1640/2702/1633
f 1643/2753/1634 1650/2712/1634 1646/2708/1634
f 1649/2711/1635 1656/2718/1635 1652/2714/1635
f 1655/2755/1636 1662/2724/1636 1658/2720/1636
f 1661/2723/1637 1668/4142/1637 1664/2757/1637
f 1671/2800/1652 1676/2803/1652 1675/2801/1652
f 1673/2800/1653 1672/2802/1653 1678/2801/1653
f 1674/2763/1654 1673/2762/1654 1671/2760/1654
f 1677/2766/1655 1676/2765/1655 1680/2769/1655
f 1677/2804/1656 1682/2806/1656 1681/2805/1656
f 1686/2806/1657 1679/2804/1657 1678/2801/1657
f 1683/2772/1658 1682/2771/1658 1686/2775/1658
f 1683/2807/1659 1688/2809/1659 1687/2808/1659
f 1685/2807/1660 1684/2805/1660 1690/2808/1660
f 1689/2778/1661 1688/2777/1661 1692/2781/1661
f 1689/2810/1662 1694/2812/1662 1693/2811/1662
f 1691/2810/1663 1690/2808/1663 1696/2811/1663
f 1695/2784/1664 1694/2783/1664 1698/2787/1664
f 1700/2813/1665 1699/2815/1665 1693/2811/1665
f 1704/2813/1666 1697/2814/1666 1696/2811/1666
f 1701/2790/1667 1700/2789/1667 1704/2793/1667
f 1701/2816/1668 1706/2818/1668 1705/2817/1668
f 1703/2816/1669 1702/2815/1669 1708/2817/1669
f 1707/2796/1670 1706/2795/1670 1710/2799/1670
f 1670/2819/1671 1669/2802/1671 1705/2817/1671
f 1709/2820/1672 1708/2817/1672 1672/2802/1672
f 1705/2817/36 1669/2802/36 1675/2801/36
f 1675/2801/36 1681/2805/36 1687/2808/36
f 1687/2808/36 1693/2811/36 1699/2815/36
f 1699/2815/36 1705/2817/36 1687/2808/36
f 1673/2762/1673 1680/4143/1673 1676/2821/1673
f 1709/2822/1674 1674/2763/1674 1670/2759/1674
f 1684/2805/39 1678/2801/39 1690/2808/39
f 1678/2801/39 1672/2802/39 1690/2808/39
f 1672/2802/39 1708/2817/39 1690/2808/39
f 1708/2817/39 1702/2815/39 1690/2808/39
f 1679/2768/1675 1686/2775/1675 1682/2771/1675
f 1685/2774/1676 1692/4144/1676 1688/2824/1676
f 1691/2780/1677 1698/2787/1677 1694/2783/1677
f 1697/2825/1678 1704/2793/1678 1700/2789/1678
f 1703/2792/1679 1710/2799/1679 1706/2795/1679
f 1718/2857/1690 1717/2860/1690 1711/2858/1690
f 1722/2857/1691 1715/2859/1691 1714/2858/1691
f 1716/2832/1692 1715/2831/1692 1713/2829/1692
f 1719/2835/1693 1718/2834/1693 1722/2838/1693
f 1724/2861/1694 1723/2863/1694 1717/2860/1694
f 1721/2862/1695 1720/2860/1695 1726/2863/1695
f 1725/2841/1696 1724/2840/1696 1728/2844/1696
f 1730/2864/1697 1729/2866/1697 1723/2863/1697
f 1734/2864/2410 1727/2865/2410 1726/2863/2410
f 1731/2847/1699 1730/2846/1699 1734/2850/1699
f 1736/2867/1700 1735/2869/1700 1729/2866/1700
f 1740/2867/1701 1733/2868/1701 1732/2866/1701
f 1737/2853/1702 1736/2852/1702 1740/2856/1702
f 1712/2870/1703 1711/2858/1703 1735/2869/1703
f 1716/2870/1704 1739/2871/1704 1738/2869/1704
f 1735/2869/36 1711/2858/36 1717/2860/36
f 1717/2860/36 1723/2863/36 1729/2866/36
f 1715/2872/1705 1722/2838/1705 1718/2834/1705
f 1739/2874/1706 1716/2832/1706 1712/2828/1706
f 1726/2863/39 1720/2860/39 1732/2866/39
f 1720/2860/39 1714/2858/39 1732/2866/39
f 1721/2837/1707 1728/4145/1707 1724/2876/1707
f 1727/2843/1708 1734/4146/1708 1730/2877/1708
f 1733/2849/1709 1740/2856/1709 1736/2852/1709
f 1743/2920/1724 1748/2923/1724 1747/2921/1724
f 1745/2920/1725 1744/2922/1725 1750/2921/1725
f 1746/2883/1726 1745/2882/1726 1743/2880/1726
f 1749/2886/1727 1748/2885/1727 1752/2889/1727
f 1749/2924/1728 1754/2926/1728 1753/2925/1728
f 1751/2924/1729 1750/2921/1729 1756/2925/1729
f 1755/2892/1730 1754/2891/1730 1758/2895/1730
f 1760/2927/1731 1759/2929/1731 1753/2925/1731
f 1764/2927/2411 1757/2928/2411 1756/2925/2411
f 1761/2898/1733 1760/2897/1733 1764/2901/1733
f 1761/2930/1734 1766/2932/1734 1765/2931/1734
f 1763/2930/1735 1762/2929/1735 1768/2931/1735
f 1767/2904/1736 1766/2903/1736 1770/2907/1736
f 1772/2933/1737 1771/2935/1737 1765/2931/1737
f 1769/2934/1738 1768/2931/1738 1774/2935/1738
f 1773/2910/1739 1772/2909/1739 1776/2913/1739
f 1773/2936/1740 1778/2938/1740 1777/2937/1740
f 1775/2936/1741 1774/2935/1741 1780/2937/1741
f 1779/2916/1742 1778/2915/1742 1782/2919/1742
f 1742/2939/1743 1741/2922/1743 1777/2937/1743
f 1781/2940/1744 1780/2937/1744 1744/2922/1744
f 1777/2937/36 1741/2922/36 1747/2921/36
f 1747/2921/36 1753/2925/36 1771/2935/36
f 1753/2925/36 1759/2929/36 1771/2935/36
f 1759/2929/36 1765/2931/36 1771/2935/36
f 1745/2882/1745 1752/4147/1745 1748/2941/1745
f 1781/2942/1746 1746/2883/1746 1742/2879/1746
f 1756/2925/39 1750/2921/39 1744/2922/39
f 1744/2922/39 1780/2937/39 1774/2935/39
f 1774/2935/39 1768/2931/39 1762/2929/39
f 1762/2929/39 1756/2925/39 1774/2935/39
f 1751/2888/1747 1758/2895/1747 1754/2891/1747
f 1757/2894/1748 1764/4148/1748 1760/2944/1748
f 1763/2900/1749 1770/2907/1749 1766/2903/1749
f 1769/2945/1750 1776/2913/1750 1772/2909/1750
f 1775/2912/1751 1782/2919/1751 1778/2915/1751
f 1785/2989/1766 1790/2992/1766 1789/2990/1766
f 1787/2989/1767 1786/2991/1767 1792/2990/1767
f 1788/2952/1768 1787/2951/1768 1785/2949/1768
f 1791/2955/1769 1790/2954/1769 1794/2958/1769
f 1796/2993/1770 1795/2995/1770 1789/2990/1770
f 1793/2994/1771 1792/2990/1771 1798/2995/1771
f 1797/2961/1772 1796/2960/1772 1800/2964/1772
f 1802/2996/1773 1801/2998/1773 1795/2995/1773
f 1806/2996/1774 1799/2997/1774 1798/2995/1774
f 1803/2967/1775 1802/2966/1775 1806/2970/1775
f 1808/2999/1776 1807/3001/1776 1801/2998/1776
f 1812/2999/1777 1805/3000/1777 1804/2998/1777
f 1809/2973/1778 1808/2972/1778 1812/2976/1778
f 1809/3002/1779 1814/3004/1779 1813/3003/1779
f 1811/3002/1780 1810/3001/1780 1816/3003/1780
f 1815/2979/1781 1814/2978/1781 1818/2982/1781
f 1815/3005/1782 1820/3007/1782 1819/3006/1782
f 1817/3005/1783 1816/3003/1783 1822/3006/1783
f 1821/2985/1784 1820/2984/1784 1824/2988/1784
f 1821/3008/1785 1784/3009/1785 1783/2991/1785
f 1823/3008/1786 1822/3006/1786 1786/2991/1786
f 1819/3006/36 1783/2991/36 1789/2990/36
f 1789/2990/36 1795/2995/36 1813/3003/36
f 1795/2995/36 1801/2998/36 1813/3003/36
f 1801/2998/36 1807/3001/36 1813/3003/36
f 1787/2951/1787 1794/2958/1787 1790/2954/1787
f 1823/2987/1788 1788/4149/1788 1784/3010/1788
f 1798/2995/39 1792/2990/39 1804/2998/39
f 1792/2990/39 1786/2991/39 1804/2998/39
f 1786/2991/39 1822/3006/39 1816/3003/39
f 1816/3003/39 1810/3001/39 1804/2998/39
f 1793/2957/1789 1800/4150/1789 1796/3011/1789
f 1799/2963/1790 1806/2970/1790 1802/2966/1790
f 1805/3012/1791 1812/2976/1791 1808/2972/1791
f 1811/2975/1792 1818/2982/1792 1814/2978/1792
f 1817/3014/1793 1824/2988/1793 1820/2984/1793
f 1827/3058/1808 1832/3061/1808 1831/3059/1808
f 1829/3058/1809 1828/3060/1809 1834/3059/1809
f 1830/3021/1810 1829/3020/1810 1827/3018/1810
f 1833/3024/1811 1832/3023/1811 1836/3027/1811
f 1838/3062/1812 1837/3064/1812 1831/3059/1812
f 1842/3062/1813 1835/3063/1813 1834/3059/1813
f 1839/3030/1814 1838/3029/1814 1842/3033/1814
f 1844/3065/1815 1843/3067/1815 1837/3064/1815
f 1848/3065/1816 1841/3066/1816 1840/3064/1816
f 1845/3036/1817 1844/3035/1817 1848/3039/1817
f 1850/3068/1818 1849/3070/1818 1843/3067/1818
f 1847/3069/1819 1846/3067/1819 1852/3070/1819
f 1851/3042/1820 1850/3041/1820 1854/3045/1820
f 1851/3071/1821 1856/3073/1821 1855/3072/1821
f 1853/3071/1822 1852/3070/1822 1858/3072/1822
f 1857/3048/1823 1856/3047/1823 1860/3051/1823
f 1862/3074/1824 1861/3076/1824 1855/3072/1824
f 1866/3074/1825 1859/3075/1825 1858/3072/1825
f 1863/3054/1826 1862/3053/1826 1866/3057/1826
f 1826/3077/1827 1825/3060/1827 1861/3076/1827
f 1830/3077/1828 1865/3078/1828 1864/3076/1828
f 1861/3076/36 1825/3060/36 1831/3059/36
f 1831/3059/36 1837/3064/36 1843/3067/36
f 1843/3067/36 1849/3070/36 1855/3072/36
f 1855/3072/36 1861/3076/36 1831/3059/36
f 1829/3020/1829 1836/4151/1829 1832/3079/1829
f 1865/3080/1830 1830/3021/1830 1826/3017/1830
f 1840/3064/39 1834/3059/39 1828/3060/39
f 1828/3060/39 1864/3076/39 1858/3072/39
f 1858/3072/39 1852/3070/39 1846/3067/39
f 1846/3067/39 1840/3064/39 1858/3072/39
f 1835/3026/1831 1842/3033/1831 1838/3029/1831
f 1841/3032/1832 1848/4152/1832 1844/3082/1832
f 1847/3038/1833 1854/3045/1833 1850/3041/1833
f 1853/3083/1834 1860/3051/1834 1856/3047/1834
f 1859/3050/1835 1866/3057/1835 1862/3053/1835
f 1869/3127/1850 1874/3130/1850 1873/3128/1850
f 1871/3127/1851 1870/3129/1851 1876/3128/1851
f 1872/3090/1852 1871/3089/1852 1869/3087/1852
f 1875/3093/1853 1874/3092/1853 1878/3096/1853
f 1880/3131/1854 1879/3133/1854 1873/3128/1854
f 1877/3132/1855 1876/3128/1855 1882/3133/1855
f 1881/3099/1856 1880/3098/1856 1884/3102/1856
f 1881/3134/1857 1886/3136/1857 1885/3135/1857
f 1883/3134/1858 1882/3133/1858 1888/3135/1858
f 1887/3105/1859 1886/3104/1859 1890/3108/1859
f 1887/3137/1860 1892/3139/1860 1891/3138/1860
f 1889/3137/1861 1888/3135/1861 1894/3138/1861
f 1893/3111/1862 1892/3110/1862 1896/3114/1862
f 1898/3140/1863 1897/3142/1863 1891/3138/1863
f 1902/3140/2412 1895/3141/2412 1894/3138/2412
f 1899/3117/1865 1898/3116/1865 1902/3120/1865
f 1904/3143/1866 1903/3145/1866 1897/3142/1866
f 1901/3144/1867 1900/3142/1867 1906/3145/1867
f 1905/3123/1868 1904/3122/1868 1908/3126/1868
f 1868/3146/1869 1867/3129/1869 1903/3145/1869
f 1872/3146/1870 1907/3147/1870 1906/3145/1870
f 1903/3145/36 1867/3129/36 1897/3142/36
f 1867/3129/36 1873/3128/36 1897/3142/36
f 1873/3128/36 1879/3133/36 1885/3135/36
f 1885/3135/36 1891/3138/36 1873/3128/36
f 1871/3089/1871 1878/3096/1871 1874/3092/1871
f 1907/3148/1872 1872/3090/1872 1868/3086/1872
f 1882/3133/39 1876/3128/39 1888/3135/39
f 1876/3128/39 1870/3129/39 1888/3135/39
f 1870/3129/39 1906/3145/39 1900/3142/39
f 1900/3142/39 1894/3138/39 1870/3129/39
f 1877/3150/1873 1884/3102/1873 1880/3098/1873
f 1883/3101/1874 1890/4153/1874 1886/3152/1874
f 1889/3107/1875 1896/3114/1875 1892/3110/1875
f 1895/3113/1876 1902/4154/1876 1898/3153/1876
f 1901/3119/1877 1908/3126/1877 1904/3122/1877
f 1911/3196/1892 1916/3199/1892 1915/3197/1892
f 1913/3196/1893 1912/3198/1893 1918/3197/1893
f 1914/3159/1894 1913/3158/1894 1911/3156/1894
f 1917/3162/1895 1916/3161/1895 1920/3165/1895
f 1917/3200/1896 1922/3202/1896 1921/3201/1896
f 1919/3200/1897 1918/3197/1897 1924/3201/1897
f 1923/3168/1898 1922/3167/1898 1926/3171/1898
f 1928/3203/1899 1927/3205/1899 1921/3201/1899
f 1932/3203/1900 1925/3204/1900 1924/3201/1900
f 1929/3174/1901 1928/3173/1901 1932/3177/1901
f 1934/3179/1902 1933/3178/1902 1927/3172/1902
f 1938/3183/1903 1931/3176/1903 1930/3175/1903
f 1935/3180/1904 1934/3179/1904 1938/3183/1904
f 1940/3206/2413 1939/3209/2413 1933/3207/2413
f 1937/3208/1906 1936/3207/1906 1942/3209/1906
f 1941/3186/1907 1940/3185/1907 1944/3189/1907
f 1946/3210/1908 1945/3212/1908 1939/3209/1908
f 1943/3211/1909 1942/3209/1909 1948/3212/1909
f 1947/3192/2414 1946/3191/2414 1950/3195/2414
f 1910/3213/1911 1909/3198/1911 1945/3212/1911
f 1914/3213/1912 1949/3214/1912 1948/3212/1912
f 1945/3212/36 1909/3198/36 1915/3197/36
f 1915/3197/36 1921/3201/36 1939/3209/36
f 1921/3201/36 1927/3205/36 1939/3209/36
f 1927/3205/36 1933/3207/36 1939/3209/36
f 1913/3158/1913 1920/4155/1913 1916/3215/1913
f 1949/3216/1914 1914/3159/1914 1910/3155/1914
f 1924/3201/39 1918/3197/39 1912/3198/39
f 1912/3198/39 1948/3212/39 1942/3209/39
f 1942/3209/39 1936/3207/39 1930/3205/39
f 1930/3205/39 1924/3201/39 1942/3209/39
f 1919/3164/1915 1926/3171/1915 1922/3167/1915
f 1925/3170/1916 1932/4156/1916 1928/3218/1916
f 1931/3176/1917 1938/3183/1917 1934/3179/1917
f 1937/3219/1918 1944/3189/1918 1940/3185/1918
f 1943/3188/1919 1950/3195/1919 1946/3191/1919
f 1958/3225/1926 1957/3224/1926 1951/3221/1926
f 1955/3223/2415 1954/3221/2415 1960/3224/2415
f 1956/3230/1928 1955/4157/1928 1953/3231/1928
f 1959/3233/1929 1958/4158/1929 1962/3234/1929
f 1959/3226/1930 1964/3228/1930 1963/3227/1930
f 1961/3226/1931 1960/3224/1931 1966/3227/1931
f 1965/3236/1932 1964/4159/1932 1968/3237/1932
f 1952/3222/1933 1951/3221/1933 1963/3227/1933
f 1956/3222/1934 1967/3229/1934 1966/3227/1934
f 1955/3239/1935 1962/4160/1935 1958/3240/1935
f 1967/3242/1936 1956/3230/1936 1952/3232/1936
f 1961/3235/1937 1968/4161/1937 1964/3244/1937
f 1976/3287/1944 1975/3290/1944 1969/3288/1944
f 1980/3287/1945 1973/3289/1945 1972/3288/1945
f 1974/3250/1946 1973/3249/1946 1971/3247/1946
f 1977/3253/278 1976/3252/278 1980/3256/278
f 1977/3291/279 1982/3293/279 1981/3292/279
f 1979/3291/280 1978/3290/280 1984/3292/280
f 1983/3259/1947 1982/3258/1947 1986/3262/1947
f 1988/3294/1948 1987/3296/1948 1981/3292/1948
f 1992/3294/1949 1985/3295/1949 1984/3292/1949
f 1989/3265/284 1988/3264/284 1992/3268/284
f 1994/3297/285 1993/3299/285 1987/3296/285
f 1998/3297/286 1991/3298/286 1990/3296/286
f 1995/3271/2416 1994/3270/2416 1998/3274/2416
f 2000/3300/288 1999/3302/288 1993/3299/288
f 2004/3300/289 1997/3301/289 1996/3299/289
f 2001/3277/1951 2000/3276/1951 2004/3280/1951
f 2006/3303/291 2005/3305/291 1999/3302/291
f 2003/3304/292 2002/3302/292 2008/3305/292
f 2007/3283/1952 2006/3282/1952 2010/3286/1952
f 2007/3306/294 1970/3307/294 1969/3288/294
f 2009/3306/295 2008/3305/295 1972/3288/295
f 2005/3305/36 1969/3288/36 1975/3290/36
f 1975/3290/36 1981/3292/36 1987/3296/36
f 1987/3296/36 1993/3299/36 1999/3302/36
f 1999/3302/36 2005/3305/36 1975/3290/36
f 1973/3249/1953 1980/4162/1953 1976/3308/1953
f 2009/3309/297 1974/3250/297 1970/3246/297
f 1984/3292/39 1978/3290/39 1990/3296/39
f 1978/3290/39 1972/3288/39 1990/3296/39
f 1972/3288/39 2008/3305/39 1990/3296/39
f 2008/3305/39 2002/3302/39 1990/3296/39
f 1979/3255/1954 1986/3262/1954 1982/3258/1954
f 1985/3261/1955 1992/4163/1955 1988/3311/1955
f 1991/3267/300 1998/3274/300 1994/3270/300
f 1997/3312/301 2004/3280/301 2000/3276/301
f 2003/3279/1956 2010/3286/1956 2006/3282/1956
f 2013/3338/1965 2018/3341/1965 2017/3339/1965
f 2015/3338/1966 2014/3340/1966 2020/3339/1966
f 2016/3319/1628 2015/3318/1628 2013/3316/1628
f 2019/3322/1967 2018/3321/1967 2022/3325/1967
f 2019/3342/1968 2024/3344/1968 2023/3343/1968
f 2021/3342/1969 2020/3339/1969 2026/3343/1969
f 2025/3328/1634 2024/3327/1634 2028/3331/1634
f 2030/3345/1970 2029/3347/1970 2023/3343/1970
f 2034/3345/1971 2027/3346/1971 2026/3343/1971
f 2031/3334/1972 2030/3333/1972 2034/3337/1972
f 2012/3348/1973 2011/3340/1973 2029/3347/1973
f 2033/3349/1974 2032/3347/1974 2014/3340/1974
f 2017/3339/36 2023/3343/36 2029/3347/36
f 2015/3318/1975 2022/4164/1975 2018/3350/1975
f 2033/3336/1976 2016/4165/1976 2012/3351/1976
f 2020/3339/39 2014/3340/39 2032/3347/39
f 2021/3324/1977 2028/4166/1977 2024/3352/1977
f 2027/3330/1978 2034/4167/1978 2030/3353/1978
f 2037/3396/1993 2042/3399/1993 2041/3397/1993
f 2039/3396/1994 2038/3398/1994 2044/3397/1994
f 2040/3359/1995 2039/3358/1995 2037/3356/1995
f 2043/3362/1996 2042/3361/1996 2046/3365/1996
f 2043/3400/1997 2048/3402/1997 2047/3401/1997
f 2045/3400/2417 2044/3397/2417 2050/3401/2417
f 2049/3368/1999 2048/3367/1999 2052/3371/1999
f 2049/3403/2000 2054/3405/2000 2053/3404/2000
f 2051/3403/2001 2050/3401/2001 2056/3404/2001
f 2055/3374/2002 2054/3373/2002 2058/3377/2002
f 2060/3406/2418 2059/3408/2418 2053/3404/2418
f 2064/3406/2419 2057/3407/2419 2056/3404/2419
f 2061/3380/2005 2060/3379/2005 2064/3383/2005
f 2066/3409/2006 2065/3411/2006 2059/3408/2006
f 2070/3409/2007 2063/3410/2007 2062/3408/2007
f 2067/3386/2008 2066/3385/2008 2070/3389/2008
f 2072/3412/2009 2071/3414/2009 2065/3411/2009
f 2069/3413/2420 2068/3411/2420 2074/3414/2420
f 2073/3392/2421 2072/3391/2421 2076/3395/2421
f 2073/3415/2012 2036/3416/2012 2035/3398/2012
f 2075/3415/2013 2074/3414/2013 2038/3398/2013
f 2071/3414/36 2035/3398/36 2041/3397/36
f 2041/3397/36 2047/3401/36 2053/3404/36
f 2053/3404/36 2059/3408/36 2065/3411/36
f 2065/3411/36 2071/3414/36 2041/3397/36
f 2039/3358/2014 2046/4168/2014 2042/3417/2014
f 2075/3418/2015 2040/3359/2015 2036/3355/2015
f 2050/3401/39 2044/3397/39 2056/3404/39
f 2044/3397/39 2038/3398/39 2056/3404/39
f 2038/3398/39 2074/3414/39 2068/3411/39
f 2068/3411/39 2062/3408/39 2056/3404/39
f 2045/3364/2016 2052/3371/2016 2048/3367/2016
f 2051/3370/2017 2058/4169/2017 2054/3420/2017
f 2057/3376/2018 2064/3383/2018 2060/3379/2018
f 2063/3421/2019 2070/3389/2019 2066/3385/2019
f 2069/3388/2020 2076/3395/2020 2072/3391/2020
f 2084/3465/2035 2083/3468/2035 2077/3466/2035
f 2088/3465/2036 2081/3467/2036 2080/3466/2036
f 2082/3428/2037 2081/3427/2037 2079/3425/2037
f 2085/3431/2038 2084/3430/2038 2088/3434/2038
f 2090/3469/2039 2089/3471/2039 2083/3468/2039
f 2094/3469/2040 2087/3470/2040 2086/3468/2040
f 2091/3437/2041 2090/3436/2041 2094/3440/2041
f 2096/3472/2042 2095/3474/2042 2089/3471/2042
f 2100/3472/2043 2093/3473/2043 2092/3471/2043
f 2097/3443/2044 2096/3442/2044 2100/3446/2044
f 2097/3475/2045 2102/3477/2045 2101/3476/2045
f 2099/3475/2046 2098/3474/2046 2104/3476/2046
f 2103/3449/2047 2102/3448/2047 2106/3452/2047
f 2108/3478/2048 2107/3480/2048 2101/3476/2048
f 2105/3479/2049 2104/3476/2049 2110/3480/2049
f 2109/3455/2050 2108/3454/2050 2112/3458/2050
f 2114/3481/2051 2113/3483/2051 2107/3480/2051
f 2111/3482/2052 2110/3480/2052 2116/3483/2052
f 2115/3461/2053 2114/3460/2053 2118/3464/2053
f 2078/3484/2054 2077/3466/2054 2113/3483/2054
f 2082/3484/2055 2117/3485/2055 2116/3483/2055
f 2113/3483/36 2077/3466/36 2107/3480/36
f 2077/3466/36 2083/3468/36 2107/3480/36
f 2083/3468/36 2089/3471/36 2107/3480/36
f 2089/3471/36 2095/3474/36 2107/3480/36
f 2081/3427/2056 2088/3434/2056 2084/3430/2056
f 2117/3486/2057 2082/3428/2057 2078/3424/2057
f 2092/3471/39 2086/3468/39 2080/3466/39
f 2080/3466/39 2116/3483/39 2110/3480/39
f 2110/3480/39 2104/3476/39 2098/3474/39
f 2098/3474/39 2092/3471/39 2110/3480/39
f 2087/3488/2058 2094/3440/2058 2090/3436/2058
f 2093/3439/2059 2100/4170/2059 2096/3490/2059
f 2099/3445/2060 2106/3452/2060 2102/3448/2060
f 2105/3451/2061 2112/4171/2061 2108/3491/2061
f 2111/3457/2062 2118/3464/2062 2114/3460/2062
f 2121/3534/2072 2126/3537/2072 2125/3535/2072
f 2123/3534/2073 2122/3536/2073 2128/3535/2073
f 2124/3497/2074 2123/3496/2074 2121/3494/2074
f 2127/3500/1446 2126/3499/1446 2130/3503/1446
f 2127/3538/1447 2132/3540/1447 2131/3539/1447
f 2129/3538/1448 2128/3535/1448 2134/3539/1448
f 2133/3506/1449 2132/3505/1449 2136/3509/1449
f 2133/3541/2075 2138/3543/2075 2137/3542/2075
f 2142/3543/2076 2135/3541/2076 2134/3539/2076
f 2139/3512/1452 2138/3511/1452 2142/3515/1452
f 2139/3544/1453 2144/3546/1453 2143/3545/1453
f 2141/3544/1454 2140/3542/1454 2146/3545/1454
f 2145/3518/1455 2144/3517/1455 2148/3521/1455
f 2145/3547/1456 2150/3549/1456 2149/3548/1456
f 2147/3547/2077 2146/3545/2077 2152/3548/2077
f 2151/3524/2078 2150/3523/2078 2154/3527/2078
f 2151/3550/2079 2156/3552/2079 2155/3551/2079
f 2153/3550/2080 2152/3548/2080 2158/3551/2080
f 2157/3530/1461 2156/3529/1461 2160/3533/1461
f 2120/3553/1462 2119/3536/1462 2155/3551/1462
f 2124/3553/2081 2159/3554/2081 2158/3551/2081
f 2155/3551/36 2119/3536/36 2125/3535/36
f 2125/3535/36 2131/3539/36 2149/3548/36
f 2131/3539/36 2137/3542/36 2149/3548/36
f 2137/3542/36 2143/3545/36 2149/3548/36
f 2123/3496/1464 2130/4172/1464 2126/3555/1464
f 2159/3556/1465 2124/3497/1465 2120/3493/1465
f 2134/3539/39 2128/3535/39 2122/3536/39
f 2122/3536/39 2158/3551/39 2152/3548/39
f 2152/3548/39 2146/3545/39 2140/3542/39
f 2140/3542/39 2134/3539/39 2152/3548/39
f 2129/3502/2082 2136/3509/2082 2132/3505/2082
f 2135/3508/1467 2142/4173/1467 2138/3558/1467
f 2141/3514/2083 2148/3521/2083 2144/3517/2083
f 2147/3559/1469 2154/3527/1469 2150/3523/1469
f 2153/3526/1470 2160/3533/1470 2156/3529/1470
f 2163/3597/2096 2168/3600/2096 2167/3598/2096
f 2165/3597/2097 2164/3599/2097 2170/3598/2097
f 2166/3566/2098 2165/3565/2098 2163/3563/2098
f 2169/3569/2099 2168/3568/2099 2172/3572/2099
f 2174/3601/2100 2173/3603/2100 2167/3598/2100
f 2178/3601/2101 2171/3602/2101 2170/3598/2101
f 2175/3575/1707 2174/3574/1707 2178/3578/1707
f 2180/3604/2102 2179/3606/2102 2173/3603/2102
f 2184/3604/2103 2177/3605/2103 2176/3603/2103
f 2181/3581/2104 2180/3580/2104 2184/3584/2104
f 2186/3607/2105 2185/3609/2105 2179/3606/2105
f 2190/3607/2106 2183/3608/2106 2182/3606/2106
f 2187/3587/2107 2186/3586/2107 2190/3590/2107
f 2192/3610/2108 2191/3612/2108 2185/3609/2108
f 2196/3610/2109 2189/3611/2109 2188/3609/2109
f 2193/3593/1702 2192/3592/1702 2196/3596/1702
f 2162/3613/2110 2161/3599/2110 2191/3612/2110
f 2195/3614/2111 2194/3612/2111 2164/3599/2111
f 2191/3612/36 2161/3599/36 2167/3598/36
f 2167/3598/36 2173/3603/36 2191/3612/36
f 2173/3603/36 2179/3606/36 2191/3612/36
f 2165/3565/2112 2172/4174/2112 2168/3615/2112
f 2195/3616/2113 2166/3566/2113 2162/3562/2113
f 2176/3603/39 2170/3598/39 2164/3599/39
f 2164/3599/39 2194/3612/39 2176/3603/39
f 2194/3612/39 2188/3609/39 2176/3603/39
f 2171/3571/2114 2178/3578/2114 2174/3574/2114
f 2177/3618/2115 2184/3584/2115 2180/3580/2115
f 2183/3583/2116 2190/4175/2116 2186/3620/2116
f 2189/3589/2117 2196/3596/2117 2192/3592/2117
f 2199/3663/2132 2204/3666/2132 2203/3664/2132
f 2201/3663/2422 2200/3665/2422 2206/3664/2422
f 2202/3626/2134 2201/3625/2134 2199/3623/2134
f 2205/3629/2135 2204/3628/2135 2208/3632/2135
f 2210/3667/2136 2209/3669/2136 2203/3664/2136
f 2214/3667/2137 2207/3668/2137 2206/3664/2137
f 2211/3635/2138 2210/3634/2138 2214/3638/2138
f 2216/3670/2139 2215/3672/2139 2209/3669/2139
f 2213/3671/2140 2212/3669/2140 2218/3672/2140
f 2217/3641/2141 2216/3640/2141 2220/3644/2141
f 2217/3673/2142 2222/3675/2142 2221/3674/2142
f 2219/3673/2143 2218/3672/2143 2224/3674/2143
f 2223/3647/2144 2222/3646/2144 2226/3650/2144
f 2228/3676/2145 2227/3678/2145 2221/3674/2145
f 2232/3676/2423 2225/3677/2423 2224/3674/2423
f 2229/3653/2147 2228/3652/2147 2232/3656/2147
f 2234/3679/2148 2233/3681/2148 2227/3678/2148
f 2238/3679/2149 2231/3680/2149 2230/3678/2149
f 2235/3659/2424 2234/3658/2424 2238/3662/2424
f 2198/3682/2151 2197/3665/2151 2233/3681/2151
f 2202/3682/2425 2237/3683/2425 2236/3681/2425
f 2233/3681/36 2197/3665/36 2203/3664/36
f 2203/3664/36 2209/3669/36 2215/3672/36
f 2215/3672/36 2221/3674/36 2227/3678/36
f 2227/3678/36 2233/3681/36 2203/3664/36
f 2201/3625/2153 2208/4176/2153 2204/3684/2153
f 2237/3685/2154 2202/3626/2154 2198/3622/2154
f 2212/3669/39 2206/3664/39 2218/3672/39
f 2206/3664/39 2200/3665/39 2218/3672/39
f 2200/3665/39 2236/3681/39 2230/3678/39
f 2230/3678/39 2224/3674/39 2218/3672/39
f 2207/3631/2155 2214/3638/2155 2210/3634/2155
f 2213/3637/2426 2220/4177/2426 2216/3687/2426
f 2219/3643/2157 2226/3650/2157 2222/3646/2157
f 2225/3688/2158 2232/3656/2158 2228/3652/2158
f 2231/3655/2159 2238/3662/2159 2234/3658/2159
f 2239/3714/2168 2241/4178/2168 2246/3715/2168
f 2242/3693/2169 2244/3695/2169 2241/3692/2169
f 2243/3717/2170 2248/3730/2170 2250/3718/2170
f 2247/3698/2171 2246/3697/2171 2250/3701/2171
f 2245/3696/2172 2247/3698/2172 2258/3709/2172
f 2260/3711/2173 2262/3713/2173 2249/3700/2173
f 2259/3710/2174 2258/3709/2174 2262/3713/2174
f 2251/3720/2175 2257/3726/2175 2259/3721/2175
f 2254/3723/2176 2256/4179/2176 2261/3724/2176
f 2253/3704/2177 2252/3703/2177 2256/3707/2177
f 2239/3690/2427 2251/3702/2427 2253/3704/2427
f 2254/3705/2179 2243/3694/2179 2242/3693/2179
f 2257/3726/2180 2251/3720/2180 2239/3714/2180
f 2244/3727/2181 2250/4180/2181 2246/3728/2181
f 2255/3706/2182 2242/3693/2182 2240/3691/2182
f 2248/3730/2183 2243/3717/2183 2254/3723/2183
f 2249/3700/2184 2262/3713/2184 2258/3709/2184
f 2261/3731/2185 2256/4181/2185 2252/3732/2185
f 2269/3758/2194 2263/3770/2194 2265/3759/2194
f 2266/3737/2195 2268/3739/2195 2265/3736/2195
f 2272/3761/2196 2274/4182/2196 2268/3762/2196
f 2271/3742/2197 2270/3741/2197 2274/3745/2197
f 2269/3740/2428 2271/3742/2428 2282/3753/2428
f 2272/3743/2199 2284/3755/2199 2286/3757/2199
f 2283/3754/2200 2282/3753/2200 2286/3757/2200
f 2281/3764/2201 2283/4183/2201 2276/3765/2201
f 2278/3767/2202 2280/4184/2202 2285/3768/2202
f 2279/3750/2203 2277/3748/2203 2276/3747/2203
f 2275/3746/2204 2277/3748/2204 2264/3735/2204
f 2278/3749/2205 2267/3738/2205 2266/3737/2205
f 2269/3758/2206 2281/3764/2206 2275/3766/2206
f 2268/3771/2207 2274/4185/2207 2270/3772/2207
f 2277/3748/2208 2279/3750/2208 2266/3737/2208
f 2284/3769/2209 2272/3761/2209 2267/3763/2209
f 2273/3744/2210 2286/3757/2210 2282/3753/2210
f 2285/3774/2211 2280/4186/2211 2276/3775/2211
f 2287/3777/2220 2289/3779/2220 2294/3784/2220
f 2290/3780/2221 2292/3782/2221 2289/3779/2221
f 2296/3786/2222 2298/3788/2222 2292/3782/2222
f 2297/3787/2223 2295/3785/2223 2294/3784/2223
f 2305/3801/2224 2293/3813/2224 2295/3802/2224
f 2296/3804/2225 2308/3817/2225 2310/3805/2225
f 2307/3797/2226 2306/3796/2226 2310/3800/2226
f 2299/3789/2227 2305/3795/2227 2307/3797/2227
f 2302/3792/2429 2304/3794/2429 2309/3799/2429
f 2301/3791/2229 2300/3790/2229 2304/3794/2229
f 2299/3807/2230 2301/4187/2230 2288/3808/2230
f 2291/3810/2231 2290/4188/2231 2303/3811/2231
f 2293/3813/2232 2305/3801/2232 2299/3807/2232
f 2292/3782/2233 2298/3788/2233 2294/3784/2233
f 2303/3814/2234 2290/4189/2234 2288/3815/2234
f 2296/3804/2235 2291/3810/2235 2302/3812/2235
f 2297/3818/2236 2310/4190/2236 2306/3819/2236
f 2307/3797/2237 2309/3799/2237 2304/3794/2237
f 2311/3821/2246 2313/3823/2246 2318/3828/2246
f 2314/3824/2247 2316/3826/2247 2313/3823/2247
f 2320/3830/2430 2322/3832/2430 2316/3826/2430
f 2321/3831/2249 2319/3829/2249 2318/3828/2249
f 2317/3845/2250 2319/4191/2250 2330/3846/2250
f 2332/3848/2251 2334/4192/2251 2321/3849/2251
f 2331/3841/2252 2330/3840/2252 2334/3844/2252
f 2329/3839/2431 2331/3841/2431 2324/3834/2431
f 2326/3836/2254 2328/3838/2254 2333/3843/2254
f 2327/3837/2255 2325/3835/2255 2324/3834/2255
f 2311/3851/2256 2323/4193/2256 2325/3852/2256
f 2315/3854/2257 2314/4194/2257 2327/3855/2257
f 2329/3847/2258 2323/4193/2258 2311/3851/2258
f 2316/3826/2259 2322/3832/2259 2318/3828/2259
f 2325/3857/2260 2327/4195/2260 2314/3858/2260
f 2320/3850/2261 2315/3854/2261 2326/3856/2261
f 2321/3860/2262 2334/4196/2262 2330/3861/2262
f 2333/3843/2263 2328/3838/2263 2324/3834/2263
f 2341/3887/2272 2335/3863/2272 2337/3865/2272
f 2338/3866/2432 2340/3868/2432 2337/3865/2432
f 2344/3889/2274 2346/4197/2274 2340/3868/2274
f 2345/3873/2275 2343/3871/2275 2342/3870/2275
f 2353/3890/2276 2341/3869/2276 2343/3871/2276
f 2356/3892/2277 2358/4198/2277 2345/3873/2277
f 2355/3883/2433 2354/3882/2433 2358/3886/2433
f 2353/3881/2279 2355/3883/2279 2348/3893/2279
f 2350/3895/2280 2352/4199/2280 2357/3885/2280
f 2351/3879/2434 2349/3877/2434 2348/3876/2434
f 2347/3875/2282 2349/3877/2282 2336/3896/2282
f 2339/3898/2283 2338/4200/2283 2351/3879/2283
f 2341/3899/2284 2353/4201/2284 2347/3900/2284
f 2340/3868/2285 2346/4197/2285 2342/3888/2285
f 2351/3879/2286 2338/4200/2286 2336/3896/2286
f 2356/3902/2287 2344/4202/2287 2339/3903/2287
f 2345/3873/2288 2358/4198/2288 2354/3891/2288
f 2357/3885/2289 2352/4199/2289 2348/3893/2289
f 2359/3929/2298 2361/3944/2298 2366/3912/2298
f 2362/3908/2435 2364/3910/2435 2361/3907/2435
f 2363/3930/2300 2368/3914/2300 2370/3916/2300
f 2367/3913/2301 2366/3912/2301 2370/3916/2301
f 2365/3932/2302 2367/3949/2302 2378/3924/2302
f 2368/3933/2303 2380/3926/2303 2382/3928/2303
f 2381/3927/2304 2379/3925/2304 2378/3924/2304
f 2377/3935/2305 2379/3950/2305 2372/3918/2305
f 2380/3936/2306 2374/3920/2306 2376/3922/2306
f 2373/3919/2436 2372/3918/2436 2376/3922/2436
f 2371/3938/2308 2373/3945/2308 2360/3906/2308
f 2363/3909/2309 2362/3908/2309 2375/3939/2309
f 2365/3941/2310 2377/4203/2310 2371/3942/2310
f 2364/3931/2311 2370/3916/2311 2366/3912/2311
f 2375/3939/2312 2362/3908/2312 2360/3906/2312
f 2368/3946/2313 2363/4204/2313 2374/3947/2313
f 2369/3934/2314 2382/3928/2314 2378/3924/2314
f 2381/3937/2315 2376/3922/2315 2372/3918/2315
f 2383/3975/2324 2385/3990/2324 2390/3958/2324
f 2386/3954/2325 2388/3956/2325 2385/3953/2325
f 2392/3960/2326 2394/3962/2326 2388/3976/2326
f 2391/3959/2327 2390/3958/2327 2394/3962/2327
f 2389/3978/2328 2391/3995/2328 2402/3970/2328
f 2404/3972/2329 2406/3974/2329 2393/3979/2329
f 2403/3971/2330 2402/3970/2330 2406/3974/2330
f 2401/3981/2331 2403/3996/2331 2396/3964/2331
f 2398/3966/2332 2400/3968/2332 2405/3982/2332
f 2399/3967/2437 2397/3965/2437 2396/3964/2437
f 2395/3984/2334 2397/3991/2334 2384/3952/2334
f 2387/3955/2335 2386/3954/2335 2399/3985/2335
f 2401/3987/2336 2395/4205/2336 2383/3988/2336
f 2388/3976/2337 2394/3962/2337 2390/3958/2337
f 2399/3985/2338 2386/3954/2338 2384/3952/2338
f 2404/3992/2339 2392/4206/2339 2387/3993/2339
f 2393/3979/2340 2406/3974/2340 2402/3970/2340
f 2405/3982/2341 2400/3968/2341 2396/3964/2341
f 2413/4021/2350 2407/3997/2350 2409/3999/2350
f 2410/4000/2351 2412/4002/2351 2409/3999/2351
f 2416/4023/2352 2418/4207/2352 2412/4002/2352
f 2415/4005/2353 2414/4004/2353 2418/4008/2353
f 2425/4024/2354 2413/4003/2354 2415/4005/2354
f 2416/4006/2355 2428/4208/2355 2430/4026/2355
f 2427/4017/2438 2426/4016/2438 2430/4020/2438
f 2419/4027/2357 2425/4015/2357 2427/4017/2357
f 2422/4029/2358 2424/4209/2358 2429/4019/2358
f 2421/4011/2359 2420/4010/2359 2424/4014/2359
f 2419/4009/2360 2421/4011/2360 2408/4030/2360
f 2411/4032/2361 2410/4210/2361 2423/4013/2361
f 2425/4033/2362 2419/4211/2362 2407/4034/2362
f 2412/4002/2363 2418/4207/2363 2414/4022/2363
f 2423/4013/2364 2410/4210/2364 2408/4030/2364
f 2416/4036/2365 2411/4212/2365 2422/4037/2365
f 2415/4005/2366 2417/4007/2366 2430/4026/2366
f 2429/4019/2367 2424/4209/2367 2420/4028/2367
