# Blender 4.5.10 LTS
# www.blender.org
mtllib stoker_trough_hod.mtl
o stoker_trough_hod
v 0.638278 0.287414 -0.390757
v 0.638321 0.292938 -0.392063
v 0.646486 0.292862 -0.390781
v 0.638288 0.289034 -0.391686
v 0.643006 0.289708 -0.391535
v 0.644092 0.292886 -0.391703
v 0.644062 0.288980 -0.390780
v 0.642298 0.741879 -0.390902
v 0.642353 0.747395 -0.389568
v 0.650464 0.741803 -0.389620
v 0.642334 0.745781 -0.390505
v 0.647040 0.745022 -0.390358
v 0.648108 0.745727 -0.389599
v 0.648069 0.741826 -0.390542
v 0.638782 0.287132 -0.283399
v 0.646990 0.292580 -0.283423
v 0.638837 0.292649 -0.282064
v 0.644566 0.288698 -0.283422
v 0.643517 0.289421 -0.282653
v 0.644605 0.292598 -0.282478
v 0.638801 0.288746 -0.282461
v 0.642857 0.747113 -0.282209
v 0.642814 0.741589 -0.280903
v 0.650968 0.741521 -0.282262
v 0.642847 0.745494 -0.281280
v 0.647551 0.744736 -0.281475
v 0.648582 0.741539 -0.281317
v 0.648612 0.745445 -0.282240
v -0.025369 0.293286 -0.387627
v -0.033480 0.298878 -0.387574
v -0.025326 0.298809 -0.388933
v -0.031124 0.294953 -0.387596
v -0.030063 0.295662 -0.388361
v -0.031094 0.298859 -0.388519
v -0.025359 0.294905 -0.388556
v -0.021294 0.753266 -0.386437
v -0.021349 0.747750 -0.387772
v -0.029502 0.747819 -0.386413
v -0.021312 0.751652 -0.387375
v -0.026029 0.750977 -0.387183
v -0.027117 0.747800 -0.387358
v -0.027078 0.751700 -0.386414
v -0.024865 0.293004 -0.280268
v -0.024810 0.298520 -0.278934
v -0.032976 0.298596 -0.280216
v -0.024846 0.294618 -0.279331
v -0.029552 0.295376 -0.279478
v -0.030581 0.298572 -0.279294
v -0.030620 0.294671 -0.280237
v -0.020790 0.752984 -0.279079
v -0.028998 0.747536 -0.279055
v -0.020833 0.747461 -0.277773
v -0.026574 0.751418 -0.279056
v -0.025518 0.750691 -0.278301
v -0.026604 0.747513 -0.278133
v -0.020800 0.751365 -0.278150
v 0.644066 0.293464 0.273967
v 0.644017 0.298991 0.272676
v 0.652195 0.299030 0.273883
v 0.644044 0.295086 0.273042
v 0.648753 0.295828 0.273152
v 0.649792 0.299022 0.272983
v 0.649827 0.295114 0.273895
v 0.641510 0.747938 0.275072
v 0.641498 0.753450 0.276422
v 0.649688 0.747977 0.276279
v 0.641494 0.751839 0.275480
v 0.646211 0.751148 0.275582
v 0.647276 0.751866 0.276333
v 0.647285 0.747968 0.275379
v 0.645565 0.292900 0.381315
v 0.653693 0.298466 0.381231
v 0.645552 0.298413 0.382664
v 0.651325 0.294549 0.381243
v 0.650273 0.295255 0.382024
v 0.651316 0.298447 0.382197
v 0.645569 0.294511 0.382257
v 0.642996 0.752886 0.383770
v 0.643045 0.747359 0.385060
v 0.651186 0.747412 0.383627
v 0.643018 0.751264 0.384694
v 0.647731 0.750576 0.384454
v 0.648809 0.747394 0.384593
v 0.648775 0.751302 0.383681
v -0.019539 0.289709 0.283209
v -0.027728 0.295183 0.283352
v -0.019588 0.295236 0.281919
v -0.025317 0.291293 0.283298
v -0.024273 0.292020 0.282525
v -0.025352 0.295201 0.282386
v -0.019561 0.291331 0.282284
v -0.022107 0.749696 0.285664
v -0.022095 0.744183 0.284315
v -0.030235 0.744130 0.285748
v -0.022111 0.748084 0.284722
v -0.026815 0.747340 0.284955
v -0.027859 0.744148 0.284781
v -0.027867 0.748046 0.285736
v -0.018040 0.289145 0.390557
v -0.018053 0.294658 0.391906
v -0.026230 0.294618 0.390700
v -0.018036 0.290757 0.391499
v -0.022753 0.291447 0.391397
v -0.023827 0.294627 0.391600
v -0.023819 0.290729 0.390646
v -0.020609 0.749131 0.393012
v -0.028737 0.743565 0.393096
v -0.020560 0.743604 0.394302
v -0.026369 0.747482 0.393084
v -0.025296 0.746768 0.393827
v -0.026334 0.743574 0.393996
v -0.020587 0.747509 0.393937
v 0.653056 0.292725 -0.274878
v 0.653058 0.298280 -0.281569
v 0.654309 0.298261 -0.274836
v 0.653085 0.294367 -0.279621
v 0.653830 0.295088 -0.278738
v 0.653971 0.298281 -0.279592
v 0.653970 0.294353 -0.274860
v 0.647573 0.747201 -0.279268
v 0.647436 0.752685 -0.272520
v 0.648824 0.747182 -0.272535
v 0.647505 0.751093 -0.277280
v 0.648267 0.750382 -0.276404
v 0.648389 0.751080 -0.272519
v 0.648486 0.747202 -0.277290
v 0.647446 0.289855 0.271646
v 0.648698 0.295390 0.271688
v 0.647309 0.295339 0.278393
v 0.648359 0.291483 0.271664
v 0.648139 0.292176 0.275545
v 0.648263 0.295361 0.276435
v 0.647377 0.291446 0.276405
v 0.641826 0.749814 0.274004
v 0.641824 0.744260 0.280695
v 0.643213 0.744311 0.273989
v 0.641797 0.748173 0.278747
v 0.642577 0.747470 0.277879
v 0.642778 0.744281 0.278737
v 0.642779 0.748209 0.274005
v 0.545710 0.291419 -0.275987
v 0.544323 0.296923 -0.275972
v 0.545712 0.296974 -0.282678
v 0.544757 0.293025 -0.275988
v 0.544959 0.293763 -0.279863
v 0.544758 0.296953 -0.280720
v 0.545739 0.293061 -0.280730
v 0.540090 0.751379 -0.273629
v 0.540227 0.745895 -0.280377
v 0.538838 0.745844 -0.273671
v 0.540159 0.749788 -0.278388
v 0.539396 0.749057 -0.277528
v 0.539273 0.745873 -0.278418
v 0.539177 0.749751 -0.273647
v 0.540100 0.288549 0.270537
v 0.539963 0.294033 0.277285
v 0.538712 0.294052 0.270551
v 0.540031 0.290140 0.275296
v 0.539269 0.290852 0.274420
v 0.539050 0.294032 0.275307
v 0.539146 0.290154 0.270535
v 0.534479 0.748508 0.272895
v 0.533227 0.742973 0.272853
v 0.534478 0.742954 0.279586
v 0.533566 0.746880 0.272877
v 0.533706 0.746146 0.276755
v 0.533565 0.742953 0.277609
v 0.534450 0.746867 0.277638
v 0.078695 0.289502 -0.273188
v 0.078678 0.295042 -0.279891
v 0.080025 0.295019 -0.273177
v 0.078679 0.291133 -0.277935
v 0.079446 0.291845 -0.277064
v 0.079620 0.295034 -0.277927
v 0.079631 0.291116 -0.273187
v 0.079529 0.743999 -0.278542
v 0.079566 0.749499 -0.271805
v 0.080875 0.743976 -0.271827
v 0.079544 0.747896 -0.276562
v 0.080308 0.747176 -0.275695
v 0.080496 0.747880 -0.271814
v 0.080470 0.743991 -0.276578
v 0.080863 0.287855 0.273365
v 0.082194 0.293372 0.273377
v 0.080901 0.293354 0.280102
v 0.081800 0.289470 0.273366
v 0.081645 0.290175 0.277249
v 0.081826 0.293359 0.278130
v 0.080885 0.289457 0.278122
v 0.081735 0.747852 0.274748
v 0.081751 0.742312 0.281451
v 0.083044 0.742329 0.274726
v 0.081751 0.746221 0.279495
v 0.082508 0.745506 0.278618
v 0.082677 0.742316 0.279479
v 0.082665 0.746233 0.274739
v -0.028664 0.289704 -0.272761
v -0.029974 0.295226 -0.272740
v -0.028681 0.295244 -0.279465
v -0.029595 0.291322 -0.272753
v -0.029437 0.292050 -0.276631
v -0.029606 0.295240 -0.277493
v -0.028680 0.291335 -0.277508
v -0.027793 0.749701 -0.271379
v -0.027830 0.744201 -0.278115
v -0.029123 0.744183 -0.271390
v -0.027815 0.748098 -0.276135
v -0.028575 0.747381 -0.275263
v -0.028756 0.744197 -0.276143
v -0.028729 0.748086 -0.271380
v -0.026496 0.288057 0.273792
v -0.026458 0.293556 0.280528
v -0.027805 0.293579 0.273814
v -0.026474 0.289659 0.278549
v -0.027238 0.290379 0.277682
v -0.027400 0.293564 0.278564
v -0.027426 0.289675 0.273801
v -0.025624 0.748054 0.275175
v -0.026955 0.742536 0.275163
v -0.025608 0.742514 0.281878
v -0.026561 0.746439 0.275173
v -0.026375 0.745711 0.279050
v -0.026549 0.742521 0.279913
v -0.025608 0.746423 0.279921
v 0.639306 0.294260 -0.384446
v 0.639215 0.295288 -0.393799
v 0.647464 0.295227 -0.384518
v 0.639242 0.294589 -0.391062
v 0.643964 0.294709 -0.389892
v 0.645011 0.295273 -0.391113
v 0.645075 0.294546 -0.384500
v 0.639152 0.373365 -0.393235
v 0.639241 0.374258 -0.383869
v 0.647402 0.373305 -0.383954
v 0.639178 0.374025 -0.390489
v 0.643901 0.373895 -0.389321
v 0.645011 0.373982 -0.383926
v 0.644948 0.373351 -0.390549
v 0.646625 0.288773 0.376779
v 0.654784 0.289740 0.376707
v 0.646714 0.289666 0.386145
v 0.652395 0.289059 0.376726
v 0.651388 0.289144 0.382140
v 0.652458 0.289690 0.383348
v 0.646689 0.289007 0.383399
v 0.646561 0.368771 0.377356
v 0.646652 0.367744 0.386709
v 0.654721 0.367818 0.377271
v 0.646625 0.368442 0.383972
v 0.651324 0.368331 0.382712
v 0.652395 0.367768 0.383912
v 0.652331 0.368495 0.377299
v -0.024344 0.293682 -0.378069
v -0.032504 0.294635 -0.377984
v -0.024434 0.294709 -0.387421
v -0.030114 0.293958 -0.378011
v -0.029107 0.294122 -0.383424
v -0.030178 0.294684 -0.384625
v -0.024407 0.294011 -0.384685
v -0.024408 0.373680 -0.377492
v -0.024497 0.372787 -0.386858
v -0.032567 0.372713 -0.377420
v -0.024471 0.373446 -0.384112
v -0.029170 0.373309 -0.382853
v -0.030240 0.372762 -0.384061
v -0.030177 0.373394 -0.377438
v -0.017024 0.288195 0.383156
v -0.016935 0.289087 0.392522
v -0.025184 0.289148 0.383242
v -0.016960 0.288428 0.389776
v -0.021683 0.288558 0.388608
v -0.022731 0.289102 0.389837
v -0.022794 0.288471 0.383214
v -0.017088 0.368193 0.383733
v -0.025247 0.367226 0.383805
v -0.016997 0.367165 0.393086
v -0.022858 0.367907 0.383787
v -0.021747 0.367744 0.389179
v -0.022793 0.367180 0.390400
v -0.017024 0.367864 0.390349
v 0.336247 0.543043 -0.228361
v 0.335635 0.543583 -0.229450
v 0.337083 0.543946 -0.228943
v 0.335879 0.543111 -0.229091
v 0.336491 0.543321 -0.229256
v 0.336470 0.543749 -0.229503
v 0.336903 0.543367 -0.228733
v 0.309803 0.668473 -0.245137
v 0.310101 0.669450 -0.244238
v 0.311251 0.668836 -0.244630
v 0.309825 0.669073 -0.244913
v 0.310478 0.669086 -0.245053
v 0.310849 0.669330 -0.244554
v 0.310638 0.668639 -0.245190
v 0.411217 0.579103 -0.064731
v 0.412053 0.580006 -0.065313
v 0.411516 0.580080 -0.063832
v 0.411873 0.579427 -0.065103
v 0.411987 0.579633 -0.064478
v 0.412084 0.580118 -0.064468
v 0.411493 0.579480 -0.064056
v 0.385072 0.705510 -0.080608
v 0.385684 0.704970 -0.079519
v 0.386221 0.704895 -0.081000
v 0.385440 0.705442 -0.079878
v 0.385974 0.705399 -0.080275
v 0.386252 0.705008 -0.080155
v 0.385820 0.705389 -0.080925
v 0.172805 0.519301 -0.148244
v 0.171656 0.519915 -0.147853
v 0.172193 0.519840 -0.149333
v 0.172057 0.519421 -0.147928
v 0.171903 0.519412 -0.148577
v 0.171625 0.519802 -0.148698
v 0.172437 0.519368 -0.148975
v 0.146660 0.645707 -0.164122
v 0.146361 0.644730 -0.165020
v 0.145824 0.644805 -0.163540
v 0.146384 0.645330 -0.164797
v 0.145890 0.645177 -0.164374
v 0.145793 0.644692 -0.164385
v 0.146004 0.645383 -0.163750
v 0.247775 0.555360 0.015386
v 0.248074 0.556338 0.016284
v 0.246626 0.555975 0.015777
v 0.248051 0.555737 0.016060
v 0.247399 0.555724 0.016200
v 0.247239 0.556172 0.016337
v 0.247028 0.555481 0.015702
v 0.221630 0.681767 -0.000492
v 0.220794 0.680864 0.000090
v 0.222242 0.681228 0.000597
v 0.220974 0.681443 -0.000120
v 0.221386 0.681490 0.000403
v 0.221407 0.681062 0.000650
v 0.221998 0.681700 0.000239
v 0.143103 0.540175 -0.180486
v 0.142293 0.540732 -0.180764
v 0.143369 0.540793 -0.181255
v 0.142541 0.540327 -0.180689
v 0.142808 0.540425 -0.181101
v 0.142729 0.540764 -0.181232
v 0.143302 0.540370 -0.181036
v 0.137936 0.637081 -0.178299
v 0.138693 0.637694 -0.177991
v 0.139012 0.637143 -0.178790
v 0.138147 0.637503 -0.178202
v 0.138421 0.637450 -0.178619
v 0.138907 0.637547 -0.178550
v 0.138372 0.637113 -0.178767
v 0.272130 0.544775 -0.132243
v 0.272395 0.545394 -0.133012
v 0.272887 0.545388 -0.131935
v 0.272328 0.544970 -0.132793
v 0.272739 0.545058 -0.132520
v 0.272864 0.545404 -0.132575
v 0.272676 0.544967 -0.132031
v 0.267720 0.642295 -0.129748
v 0.268530 0.641738 -0.129470
v 0.268038 0.641743 -0.130547
v 0.268282 0.642143 -0.129545
v 0.268352 0.642083 -0.130038
v 0.268507 0.641753 -0.130110
v 0.267934 0.642147 -0.130306
v 0.095043 0.534700 -0.051425
v 0.094724 0.535252 -0.050627
v 0.094233 0.535257 -0.051703
v 0.094829 0.534848 -0.050867
v 0.094411 0.534912 -0.051136
v 0.094256 0.535242 -0.051063
v 0.094481 0.534851 -0.051628
v 0.090633 0.632219 -0.048930
v 0.089876 0.631606 -0.049238
v 0.090367 0.631601 -0.048162
v 0.090086 0.632028 -0.049142
v 0.090023 0.631937 -0.048653
v 0.089899 0.631591 -0.048598
v 0.090434 0.632024 -0.048381
v 0.224069 0.539300 -0.003182
v 0.224826 0.539913 -0.002874
v 0.223751 0.539852 -0.002383
v 0.224616 0.539491 -0.002971
v 0.224342 0.539544 -0.002554
v 0.224391 0.539882 -0.002406
v 0.223855 0.539448 -0.002624
v 0.219659 0.636820 -0.000687
v 0.219394 0.636201 0.000082
v 0.220469 0.636263 -0.000409
v 0.219461 0.636625 -0.000137
v 0.219954 0.636569 -0.000072
v 0.220033 0.636231 0.000059
v 0.220221 0.636668 -0.000485
v 0.480720 0.544174 -0.044039
v 0.480301 0.544710 -0.045051
v 0.481566 0.544942 -0.044465
v 0.480461 0.544268 -0.044721
v 0.481031 0.544423 -0.044810
v 0.481059 0.544811 -0.045022
v 0.481355 0.544432 -0.044307
v 0.465701 0.658099 -0.058435
v 0.465943 0.658940 -0.057586
v 0.466965 0.658331 -0.057849
v 0.465735 0.658631 -0.058220
v 0.466329 0.658607 -0.058287
v 0.466629 0.658795 -0.057806
v 0.466458 0.658200 -0.058406
v 0.535089 0.569252 0.109110
v 0.535934 0.570020 0.108684
v 0.535331 0.570093 0.109958
v 0.535724 0.569510 0.108842
v 0.535782 0.569677 0.109413
v 0.535894 0.570104 0.109442
v 0.535297 0.569561 0.109743
v 0.520312 0.684018 0.095563
v 0.520730 0.683482 0.096574
v 0.521334 0.683409 0.095300
v 0.520571 0.683924 0.096244
v 0.521079 0.683861 0.095935
v 0.521294 0.683493 0.096058
v 0.520998 0.683872 0.095343
v 0.326940 0.531070 0.012700
v 0.325917 0.531679 0.012963
v 0.326521 0.531606 0.011688
v 0.326253 0.531215 0.012919
v 0.326172 0.531227 0.012327
v 0.325957 0.531595 0.012204
v 0.326680 0.531164 0.012018
v 0.312162 0.645836 -0.000847
v 0.311921 0.644995 -0.001696
v 0.311317 0.645068 -0.000421
v 0.311955 0.645527 -0.001481
v 0.311470 0.645411 -0.001151
v 0.311357 0.644984 -0.001180
v 0.311528 0.645578 -0.000580
v 0.381309 0.556148 0.165848
v 0.381550 0.556989 0.166697
v 0.380286 0.556757 0.166112
v 0.381516 0.556457 0.166482
v 0.380923 0.556481 0.166550
v 0.380793 0.556888 0.166669
v 0.380622 0.556293 0.166068
v 0.366531 0.670914 0.152302
v 0.365686 0.670146 0.152728
v 0.366950 0.670378 0.153313
v 0.365897 0.670656 0.152569
v 0.366220 0.670665 0.153072
v 0.366193 0.670277 0.153284
v 0.366791 0.670820 0.152983
v 0.181793 0.536936 -0.207696
v 0.181246 0.537471 -0.208337
v 0.182395 0.537531 -0.208224
v 0.181418 0.537078 -0.208146
v 0.181846 0.537171 -0.208364
v 0.181844 0.537499 -0.208519
v 0.182231 0.537120 -0.208066
v 0.176497 0.631560 -0.209800
v 0.176986 0.632167 -0.209178
v 0.177646 0.631620 -0.209687
v 0.176629 0.631975 -0.209622
v 0.177064 0.631919 -0.209838
v 0.177441 0.632017 -0.209542
v 0.177095 0.631587 -0.209982
v 0.266994 0.542854 -0.103664
v 0.267597 0.543450 -0.104192
v 0.267483 0.543462 -0.103041
v 0.267433 0.543039 -0.104034
v 0.267646 0.543130 -0.103603
v 0.267778 0.543468 -0.103593
v 0.267352 0.543047 -0.103220
v 0.262188 0.638086 -0.105145
v 0.262734 0.637550 -0.104505
v 0.262848 0.637538 -0.105655
v 0.262562 0.637944 -0.104696
v 0.262863 0.637879 -0.105076
v 0.263029 0.637557 -0.105057
v 0.262643 0.637935 -0.105510
v 0.077813 0.533016 -0.122315
v 0.077153 0.533563 -0.121805
v 0.077267 0.533551 -0.122955
v 0.077358 0.533166 -0.121951
v 0.077138 0.533223 -0.122384
v 0.076972 0.533545 -0.122404
v 0.077439 0.533158 -0.122764
v 0.073007 0.628247 -0.123796
v 0.072518 0.627640 -0.124419
v 0.072404 0.627652 -0.123268
v 0.072649 0.628055 -0.124240
v 0.072356 0.627971 -0.123858
v 0.072223 0.627634 -0.123867
v 0.072569 0.628063 -0.123427
v 0.163015 0.538934 -0.018283
v 0.163504 0.539542 -0.017660
v 0.162355 0.539482 -0.017773
v 0.163373 0.539127 -0.017838
v 0.162937 0.539183 -0.017622
v 0.162906 0.539514 -0.017478
v 0.162560 0.539085 -0.017919
v 0.158209 0.634166 -0.019764
v 0.157606 0.633571 -0.019236
v 0.158755 0.633630 -0.019123
v 0.157771 0.633982 -0.019395
v 0.158155 0.633931 -0.019096
v 0.158157 0.633603 -0.018942
v 0.158583 0.634024 -0.019314
v 0.499787 0.530100 0.011851
v 0.499001 0.530598 0.010793
v 0.500535 0.531047 0.011124
v 0.499317 0.530131 0.011144
v 0.499916 0.530367 0.010893
v 0.499845 0.530801 0.010630
v 0.500401 0.530449 0.011378
v 0.465140 0.658181 -0.005588
v 0.465515 0.659233 -0.004730
v 0.466673 0.658631 -0.005258
v 0.465164 0.658810 -0.005378
v 0.465816 0.658845 -0.005603
v 0.466249 0.659128 -0.005144
v 0.465983 0.658384 -0.005751
v 0.595392 0.575729 0.169601
v 0.596139 0.576676 0.168874
v 0.595767 0.576781 0.170459
v 0.596006 0.576078 0.169128
v 0.596191 0.576316 0.169749
v 0.596271 0.576822 0.169735
v 0.595742 0.576152 0.170249
v 0.561119 0.704862 0.153020
v 0.561905 0.704365 0.154077
v 0.562278 0.704260 0.152492
v 0.561590 0.704831 0.153726
v 0.562091 0.704794 0.153253
v 0.562409 0.704405 0.153353
v 0.561853 0.704757 0.152605
v 0.342858 0.501716 0.115169
v 0.341699 0.502318 0.115697
v 0.342071 0.502213 0.114111
v 0.342123 0.501821 0.115583
v 0.341885 0.501783 0.114936
v 0.341568 0.502173 0.114836
v 0.342387 0.501747 0.114462
v 0.308585 0.630849 0.098588
v 0.308210 0.629797 0.097730
v 0.307837 0.629902 0.099315
v 0.308234 0.630426 0.097940
v 0.307786 0.630262 0.098439
v 0.307706 0.629756 0.098454
v 0.307971 0.630500 0.099061
v 0.438462 0.547345 0.272919
v 0.438837 0.548397 0.273777
v 0.437304 0.547947 0.273446
v 0.438813 0.547768 0.273567
v 0.438160 0.547733 0.273792
v 0.437993 0.548194 0.273940
v 0.437728 0.547450 0.273333
v 0.404189 0.676478 0.256338
v 0.403442 0.675531 0.257065
v 0.404976 0.675980 0.257395
v 0.403576 0.676129 0.256811
v 0.404061 0.676211 0.257295
v 0.404132 0.675777 0.257558
v 0.404660 0.676447 0.257044
v 0.296575 0.590732 -0.141658
v 0.295546 0.591285 -0.141933
v 0.296768 0.591500 -0.142560
v 0.295890 0.590841 -0.141865
v 0.296168 0.590997 -0.142360
v 0.296027 0.591384 -0.142503
v 0.296754 0.590993 -0.142309
v 0.278493 0.703200 -0.136814
v 0.279315 0.704007 -0.136477
v 0.279715 0.703415 -0.137442
v 0.278691 0.703718 -0.136703
v 0.278995 0.703697 -0.137206
v 0.279555 0.703870 -0.137147
v 0.278973 0.703299 -0.137385
v 0.449001 0.611655 -0.091291
v 0.449194 0.612423 -0.092194
v 0.449823 0.612462 -0.090954
v 0.449180 0.611916 -0.091942
v 0.449663 0.612066 -0.091640
v 0.449761 0.612487 -0.091704
v 0.449625 0.611944 -0.091066
v 0.431740 0.724929 -0.086111
v 0.432770 0.724377 -0.085836
v 0.432140 0.724338 -0.087075
v 0.432425 0.724820 -0.085904
v 0.432490 0.724766 -0.086486
v 0.432708 0.724402 -0.086586
v 0.431980 0.724792 -0.086780
v 0.247779 0.576269 0.012023
v 0.247379 0.576860 0.012988
v 0.246750 0.576821 0.011749
v 0.247539 0.576406 0.012692
v 0.247030 0.576432 0.012399
v 0.246812 0.576796 0.012498
v 0.247094 0.576378 0.011816
v 0.230519 0.689543 0.017204
v 0.229697 0.688736 0.016867
v 0.230326 0.688775 0.018106
v 0.229895 0.689254 0.016978
v 0.229857 0.689132 0.017553
v 0.229758 0.688711 0.017616
v 0.230340 0.689282 0.017854
v 0.400205 0.597191 0.062390
v 0.401027 0.597998 0.062727
v 0.399805 0.597783 0.063354
v 0.400829 0.597480 0.062615
v 0.400524 0.597501 0.063118
v 0.400546 0.597899 0.063297
v 0.399965 0.597328 0.063059
v 0.382944 0.710466 0.067570
v 0.382752 0.709698 0.068472
v 0.383974 0.709913 0.067845
v 0.382765 0.710205 0.068221
v 0.383352 0.710201 0.068272
v 0.383493 0.709814 0.068415
v 0.383629 0.710356 0.067777
v 0.469423 0.532364 -0.210764
v 0.469337 0.532896 -0.211931
v 0.470384 0.533203 -0.210918
v 0.469397 0.532442 -0.211535
v 0.469990 0.532628 -0.211430
v 0.470077 0.533035 -0.211643
v 0.470138 0.532659 -0.210818
v 0.455429 0.651503 -0.233448
v 0.455346 0.652412 -0.232543
v 0.456476 0.651810 -0.232435
v 0.455370 0.652068 -0.233237
v 0.455984 0.652067 -0.233099
v 0.456110 0.652284 -0.232521
v 0.456169 0.651642 -0.233161
v 0.469632 0.563331 -0.040206
v 0.470594 0.564170 -0.040360
v 0.469549 0.564240 -0.039301
v 0.470347 0.563626 -0.040260
v 0.470201 0.563813 -0.039676
v 0.470288 0.564268 -0.039620
v 0.469608 0.563675 -0.039512
v 0.455555 0.683379 -0.061985
v 0.455641 0.682846 -0.060819
v 0.456685 0.682777 -0.061877
v 0.455581 0.683301 -0.061214
v 0.456195 0.683251 -0.061345
v 0.456380 0.682875 -0.061138
v 0.456319 0.683252 -0.061963
v 0.297219 0.512852 -0.207010
v 0.296089 0.513454 -0.207118
v 0.297133 0.513384 -0.208177
v 0.296455 0.512979 -0.207032
v 0.296579 0.512979 -0.207650
v 0.296394 0.513355 -0.207857
v 0.297193 0.512930 -0.207781
v 0.283142 0.632899 -0.228789
v 0.283225 0.631991 -0.229694
v 0.282180 0.632060 -0.228636
v 0.283166 0.632555 -0.229483
v 0.282573 0.632418 -0.229319
v 0.282486 0.631962 -0.229375
v 0.282427 0.632604 -0.228735
v 0.297428 0.543819 -0.036452
v 0.297345 0.544727 -0.035547
v 0.296298 0.544421 -0.036560
v 0.297404 0.544163 -0.035758
v 0.296789 0.544164 -0.035896
v 0.296605 0.544589 -0.035834
v 0.296664 0.543946 -0.036474
v 0.283351 0.663866 -0.058231
v 0.282390 0.663028 -0.058078
v 0.283437 0.663334 -0.057065
v 0.282636 0.663572 -0.058177
v 0.282784 0.663602 -0.057565
v 0.282697 0.663195 -0.057352
v 0.283377 0.663788 -0.057460
v 0.408115 0.538659 -0.091295
v 0.407071 0.539198 -0.091708
v 0.408401 0.539461 -0.092204
v 0.407432 0.538750 -0.091594
v 0.407774 0.538920 -0.092070
v 0.407633 0.539317 -0.092236
v 0.408372 0.538935 -0.091944
v 0.385243 0.654760 -0.089028
v 0.386022 0.655624 -0.088582
v 0.386572 0.655023 -0.089524
v 0.385416 0.655304 -0.088890
v 0.385793 0.655292 -0.089371
v 0.386356 0.655490 -0.089241
v 0.385805 0.654879 -0.089556
v 0.558219 0.565372 -0.020609
v 0.558504 0.566175 -0.021518
v 0.558998 0.566236 -0.020163
v 0.558476 0.565649 -0.021258
v 0.558930 0.565821 -0.020888
v 0.559026 0.566260 -0.020943
v 0.558825 0.565693 -0.020300
v 0.536125 0.682338 -0.017896
v 0.537169 0.681798 -0.017483
v 0.536676 0.681737 -0.018838
v 0.536809 0.682247 -0.017597
v 0.536949 0.682193 -0.018190
v 0.537198 0.681822 -0.018263
v 0.536460 0.682203 -0.018555
v 0.339284 0.522123 0.061120
v 0.338733 0.522724 0.062061
v 0.338240 0.522662 0.060707
v 0.338950 0.522257 0.061779
v 0.338460 0.522268 0.061413
v 0.338211 0.522639 0.061487
v 0.338601 0.522213 0.060821
v 0.317190 0.639088 0.063832
v 0.316411 0.638224 0.063387
v 0.316905 0.638286 0.064741
v 0.316585 0.638768 0.063524
v 0.316479 0.638640 0.064112
v 0.316383 0.638201 0.064167
v 0.316934 0.638812 0.064482
v 0.489388 0.548836 0.131806
v 0.490167 0.549700 0.132251
v 0.488837 0.549438 0.132747
v 0.489993 0.549157 0.132114
v 0.489617 0.549169 0.132595
v 0.489604 0.549582 0.132780
v 0.489053 0.548971 0.132465
v 0.467294 0.665802 0.134518
v 0.467009 0.665000 0.135427
v 0.468338 0.665262 0.134931
v 0.467037 0.665525 0.135168
v 0.467635 0.665541 0.135293
v 0.467776 0.665144 0.135460
v 0.467978 0.665711 0.134817
v 0.325123 0.575901 -0.089635
v 0.324081 0.576464 -0.089810
v 0.325235 0.576658 -0.090555
v 0.324424 0.576018 -0.089773
v 0.324653 0.576166 -0.090294
v 0.324503 0.576553 -0.090425
v 0.325240 0.576155 -0.090301
v 0.309100 0.688419 -0.083894
v 0.309960 0.689215 -0.083647
v 0.310254 0.688613 -0.084640
v 0.309314 0.688934 -0.083807
v 0.309566 0.688906 -0.084336
v 0.310130 0.689071 -0.084334
v 0.309522 0.688508 -0.084509
v 0.481748 0.595020 -0.054822
v 0.481860 0.595778 -0.055743
v 0.482608 0.595816 -0.054575
v 0.481865 0.595274 -0.055488
v 0.482376 0.595419 -0.055237
v 0.482474 0.595837 -0.055313
v 0.482394 0.595301 -0.054662
v 0.466585 0.708335 -0.048835
v 0.467627 0.707771 -0.048659
v 0.466879 0.707732 -0.049827
v 0.467284 0.708218 -0.048696
v 0.467290 0.708159 -0.049280
v 0.467492 0.707792 -0.049398
v 0.466755 0.708191 -0.049522
v 0.291666 0.563098 0.067927
v 0.291371 0.563700 0.068920
v 0.290623 0.563662 0.067751
v 0.291495 0.563242 0.068614
v 0.290961 0.563273 0.068372
v 0.290758 0.563641 0.068490
v 0.290966 0.563215 0.067788
v 0.276502 0.676413 0.073915
v 0.275642 0.675617 0.073667
v 0.276390 0.675655 0.074836
v 0.275856 0.676131 0.073755
v 0.275874 0.676013 0.074330
v 0.275777 0.675596 0.074406
v 0.276385 0.676158 0.074581
v 0.448291 0.582217 0.102739
v 0.449151 0.583013 0.102986
v 0.447997 0.582819 0.103732
v 0.448937 0.582498 0.102899
v 0.448684 0.582526 0.103429
v 0.448729 0.582924 0.103601
v 0.448120 0.582361 0.103426
v 0.433128 0.695532 0.108727
v 0.433015 0.694774 0.109648
v 0.434170 0.694968 0.108902
v 0.433011 0.695278 0.109393
v 0.433598 0.695267 0.109386
v 0.433747 0.694879 0.109517
v 0.433827 0.695415 0.108866
v -0.067156 0.281226 -0.330990
v -0.067164 0.285548 -0.332060
v -0.060432 0.285539 -0.331062
v -0.067163 0.282493 -0.331751
v -0.063282 0.283049 -0.331656
v -0.062409 0.285543 -0.331801
v -0.062403 0.282486 -0.331045
v -0.066801 0.636907 -0.331259
v -0.066784 0.641225 -0.330169
v -0.060069 0.636898 -0.330260
v -0.066794 0.639961 -0.330936
v -0.062914 0.639396 -0.330844
v -0.062034 0.639955 -0.330230
v -0.062046 0.636902 -0.331000
v -0.066092 0.281024 -0.243157
v -0.059368 0.285338 -0.243228
v -0.066074 0.285342 -0.242067
v -0.061339 0.282285 -0.243211
v -0.062203 0.282845 -0.242576
v -0.061327 0.285338 -0.242441
v -0.066081 0.282288 -0.242390
v -0.065720 0.641023 -0.242336
v -0.065711 0.636701 -0.241266
v -0.059005 0.636697 -0.242427
v -0.065712 0.639756 -0.241575
v -0.061835 0.639192 -0.241763
v -0.060964 0.636697 -0.241640
v -0.060970 0.639753 -0.242396
v -0.613675 0.281775 -0.324371
v -0.620390 0.286102 -0.324279
v -0.613684 0.286098 -0.325441
v -0.618425 0.283045 -0.324310
v -0.617560 0.283606 -0.324943
v -0.618431 0.286102 -0.325067
v -0.613683 0.283042 -0.325131
v -0.613303 0.641774 -0.323550
v -0.613321 0.637457 -0.324640
v -0.620027 0.637461 -0.323478
v -0.613314 0.640511 -0.324316
v -0.617192 0.639954 -0.324130
v -0.618068 0.637461 -0.324266
v -0.618056 0.640514 -0.323495
v -0.612612 0.281574 -0.236537
v -0.612594 0.285891 -0.235448
v -0.619327 0.285901 -0.236446
v -0.612601 0.282837 -0.235771
v -0.616482 0.283402 -0.235863
v -0.617349 0.285897 -0.235706
v -0.617362 0.282844 -0.236477
v -0.612240 0.641573 -0.235716
v -0.618964 0.637260 -0.235645
v -0.612231 0.637250 -0.234646
v -0.616992 0.640312 -0.235662
v -0.616114 0.639749 -0.235050
v -0.616986 0.637256 -0.234905
v -0.612232 0.640306 -0.234956
v -0.066015 0.282961 0.241120
v -0.066066 0.287274 0.240014
v -0.059345 0.287357 0.241085
v -0.066031 0.284221 0.240349
v -0.062158 0.284827 0.240480
v -0.061314 0.287330 0.240324
v -0.061278 0.284280 0.241106
v -0.070090 0.638604 0.237887
v -0.070138 0.642931 0.238941
v -0.063369 0.638688 0.238958
v -0.070125 0.641661 0.238185
v -0.066238 0.641146 0.238323
v -0.065372 0.641720 0.238942
v -0.065338 0.638661 0.238197
v -0.065903 0.283494 0.328958
v -0.059233 0.287890 0.328923
v -0.065951 0.287820 0.330012
v -0.061166 0.284813 0.328944
v -0.062044 0.285368 0.329565
v -0.061200 0.287872 0.329689
v -0.065917 0.284764 0.329714
v -0.070026 0.643464 0.326779
v -0.069975 0.639151 0.327885
v -0.063257 0.639221 0.326796
v -0.070010 0.642203 0.327551
v -0.066124 0.641686 0.327409
v -0.065224 0.639203 0.327563
v -0.065260 0.642253 0.326781
v -0.612539 0.276706 0.241857
v -0.619308 0.280949 0.241840
v -0.612590 0.281019 0.240751
v -0.617305 0.277917 0.241856
v -0.616441 0.278484 0.241228
v -0.617341 0.280967 0.241074
v -0.612555 0.277967 0.241086
v -0.616662 0.636676 0.239678
v -0.616614 0.632350 0.238624
v -0.623332 0.632279 0.239713
v -0.616648 0.635406 0.238922
v -0.620521 0.634802 0.239071
v -0.621365 0.632297 0.238947
v -0.621399 0.635356 0.239692
v -0.612427 0.277239 0.329695
v -0.612475 0.281565 0.330749
v -0.619196 0.281482 0.329678
v -0.612440 0.278509 0.330451
v -0.616326 0.279024 0.330313
v -0.617227 0.281509 0.330439
v -0.617193 0.278450 0.329694
v -0.616549 0.637209 0.327516
v -0.623219 0.632812 0.327552
v -0.616499 0.632896 0.328622
v -0.621286 0.635889 0.327530
v -0.620407 0.635343 0.328156
v -0.621250 0.632840 0.328313
v -0.616534 0.635948 0.328288
v -0.059029 0.282034 -0.234787
v -0.059093 0.286412 -0.240502
v -0.057989 0.286364 -0.234747
v -0.059058 0.283340 -0.238846
v -0.058436 0.283899 -0.238096
v -0.058323 0.286402 -0.238819
v -0.058277 0.283307 -0.234777
v -0.062387 0.637739 -0.236940
v -0.062404 0.642000 -0.231137
v -0.061283 0.637690 -0.231185
v -0.062409 0.640776 -0.235222
v -0.061777 0.640214 -0.234483
v -0.061628 0.640742 -0.231153
v -0.061617 0.637729 -0.235256
v -0.057073 0.277303 0.233665
v -0.056034 0.281632 0.233705
v -0.057089 0.281564 0.239469
v -0.056321 0.278575 0.233675
v -0.056453 0.279101 0.237007
v -0.056333 0.281588 0.237779
v -0.057068 0.278527 0.237751
v -0.060448 0.637268 0.237315
v -0.060383 0.632891 0.243031
v -0.059327 0.632959 0.237267
v -0.060419 0.635962 0.241375
v -0.059793 0.635415 0.240620
v -0.059627 0.632915 0.241341
v -0.059672 0.636010 0.237300
v -0.146864 0.281207 -0.234428
v -0.147985 0.285517 -0.234380
v -0.146929 0.285585 -0.240144
v -0.147640 0.282465 -0.234412
v -0.147519 0.283060 -0.237732
v -0.147685 0.285561 -0.238454
v -0.146893 0.282513 -0.238488
v -0.150239 0.641173 -0.230778
v -0.150223 0.636911 -0.236582
v -0.151278 0.636843 -0.230818
v -0.150244 0.639949 -0.234864
v -0.150859 0.639375 -0.234120
v -0.150979 0.636887 -0.234892
v -0.150991 0.639900 -0.230788
v -0.144908 0.276475 0.234024
v -0.144925 0.280737 0.239827
v -0.146029 0.280785 0.234072
v -0.144903 0.277699 0.238109
v -0.145535 0.278262 0.237370
v -0.145696 0.280747 0.238143
v -0.145684 0.277733 0.234040
v -0.148283 0.636441 0.237674
v -0.149323 0.632111 0.237634
v -0.148219 0.632063 0.243390
v -0.149035 0.635169 0.237664
v -0.148876 0.634576 0.240983
v -0.148989 0.632073 0.241706
v -0.148254 0.635135 0.241734
v -0.533205 0.284368 -0.235391
v -0.533244 0.288762 -0.241095
v -0.532109 0.288684 -0.235346
v -0.533239 0.285686 -0.239448
v -0.532607 0.286235 -0.238699
v -0.532464 0.288738 -0.239415
v -0.532437 0.285631 -0.235383
v -0.531887 0.640091 -0.236556
v -0.531815 0.644336 -0.230741
v -0.530752 0.640012 -0.230807
v -0.531859 0.643123 -0.234830
v -0.531231 0.642551 -0.234096
v -0.531057 0.643068 -0.230765
v -0.531107 0.640066 -0.234877
v -0.528719 0.278300 0.233028
v -0.527622 0.282615 0.233073
v -0.528647 0.282545 0.238843
v -0.527950 0.279562 0.233037
v -0.528057 0.280080 0.236370
v -0.527900 0.282564 0.237149
v -0.528675 0.279512 0.237116
v -0.527329 0.638267 0.237678
v -0.527291 0.633873 0.243382
v -0.526266 0.633943 0.237612
v -0.527295 0.636949 0.241734
v -0.526681 0.636396 0.240974
v -0.526543 0.633892 0.241687
v -0.526570 0.636999 0.237654
v -0.621041 0.284696 -0.234546
v -0.622104 0.289020 -0.234480
v -0.621079 0.289091 -0.240249
v -0.621799 0.285964 -0.234522
v -0.621689 0.286568 -0.237842
v -0.621827 0.289072 -0.238555
v -0.621075 0.286014 -0.238602
v -0.619651 0.644664 -0.229896
v -0.619723 0.640419 -0.235711
v -0.620747 0.640348 -0.229941
v -0.619695 0.643451 -0.233984
v -0.620313 0.642884 -0.233238
v -0.620470 0.640400 -0.234017
v -0.620419 0.643402 -0.229905
v -0.616554 0.278628 0.233873
v -0.616482 0.282873 0.239688
v -0.617617 0.282951 0.233939
v -0.616510 0.279840 0.237962
v -0.617139 0.280413 0.237228
v -0.617262 0.282897 0.238009
v -0.617313 0.279896 0.233897
v -0.615164 0.638595 0.238524
v -0.616261 0.634279 0.238478
v -0.615126 0.634201 0.244227
v -0.615933 0.637333 0.238515
v -0.615763 0.636729 0.241831
v -0.615906 0.634226 0.242548
v -0.615130 0.637277 0.242580
v -0.070808 0.281111 -0.322365
v -0.070878 0.282035 -0.330289
v -0.064093 0.282106 -0.322425
v -0.070855 0.281367 -0.327966
v -0.066968 0.281516 -0.326971
v -0.066107 0.282070 -0.328009
v -0.066058 0.281417 -0.322405
v -0.071282 0.360113 -0.330646
v -0.071222 0.361110 -0.322730
v -0.064497 0.360184 -0.322781
v -0.071266 0.360803 -0.328329
v -0.067378 0.360703 -0.327333
v -0.066469 0.360853 -0.322768
v -0.066511 0.360148 -0.328365
v -0.065511 0.284081 0.321767
v -0.058796 0.285076 0.321707
v -0.065451 0.285078 0.329682
v -0.060761 0.284387 0.321726
v -0.061596 0.284528 0.326305
v -0.060719 0.285092 0.327323
v -0.065467 0.284388 0.327365
v -0.065925 0.364079 0.321401
v -0.065855 0.363156 0.329325
v -0.059201 0.363154 0.321350
v -0.065878 0.363824 0.327002
v -0.062006 0.363715 0.325943
v -0.061123 0.363170 0.326966
v -0.061172 0.363823 0.321363
v -0.617342 0.278303 -0.317858
v -0.624067 0.279229 -0.317807
v -0.617412 0.279227 -0.325782
v -0.622095 0.278560 -0.317820
v -0.621261 0.278668 -0.322400
v -0.622145 0.279213 -0.323423
v -0.617390 0.278558 -0.323459
v -0.617756 0.358301 -0.318223
v -0.617816 0.357305 -0.326139
v -0.624471 0.357307 -0.318164
v -0.617801 0.357994 -0.323822
v -0.621671 0.357854 -0.322762
v -0.622549 0.357291 -0.323780
v -0.622506 0.357996 -0.318183
v -0.612045 0.281273 0.326274
v -0.611985 0.282269 0.334189
v -0.618770 0.282198 0.326325
v -0.612001 0.281580 0.331872
v -0.615889 0.281680 0.330876
v -0.616756 0.282234 0.331908
v -0.616798 0.281530 0.326312
v -0.612459 0.361271 0.325908
v -0.619174 0.360277 0.325968
v -0.612389 0.360348 0.333832
v -0.617210 0.360965 0.325949
v -0.616299 0.360866 0.330515
v -0.617160 0.360312 0.331552
v -0.612412 0.361016 0.331510
v -0.270622 0.448150 -0.007955
v -0.271594 0.448580 -0.008571
v -0.270242 0.448970 -0.008786
v -0.271227 0.448175 -0.008382
v -0.270818 0.448378 -0.008775
v -0.270958 0.448755 -0.008970
v -0.270271 0.448450 -0.008534
v -0.304226 0.559833 -0.012010
v -0.303651 0.560754 -0.011435
v -0.302874 0.560223 -0.012225
v -0.304139 0.560382 -0.011850
v -0.303679 0.560410 -0.012238
v -0.303184 0.560658 -0.012002
v -0.303590 0.560007 -0.012409
v -0.143320 0.488522 0.090132
v -0.142940 0.489342 0.089300
v -0.142745 0.489443 0.090706
v -0.142969 0.488822 0.089552
v -0.142623 0.489032 0.089999
v -0.142562 0.489473 0.089959
v -0.142831 0.488893 0.090547
v -0.176349 0.601125 0.086651
v -0.175377 0.600695 0.087267
v -0.175572 0.600594 0.085861
v -0.175744 0.601101 0.087078
v -0.175484 0.601065 0.086536
v -0.175195 0.600725 0.086520
v -0.175881 0.601030 0.086084
v -0.365899 0.424329 0.125506
v -0.366675 0.424860 0.126295
v -0.366870 0.424760 0.124889
v -0.366366 0.424425 0.126072
v -0.366763 0.424390 0.125621
v -0.367053 0.424729 0.125636
v -0.366503 0.424354 0.125078
v -0.398927 0.536933 0.122025
v -0.399502 0.536012 0.121450
v -0.399308 0.536112 0.122856
v -0.399416 0.536561 0.121610
v -0.399624 0.536422 0.122158
v -0.399685 0.535981 0.122198
v -0.399278 0.536633 0.122604
v -0.238596 0.464701 0.223592
v -0.238022 0.465622 0.224166
v -0.239373 0.465232 0.224381
v -0.238108 0.465072 0.224007
v -0.238568 0.465045 0.224395
v -0.238657 0.465448 0.224565
v -0.239064 0.464797 0.224159
v -0.271625 0.577305 0.220111
v -0.272005 0.576484 0.220942
v -0.270654 0.576874 0.220727
v -0.271976 0.577004 0.220690
v -0.271429 0.577077 0.220932
v -0.271289 0.576700 0.221126
v -0.271020 0.577280 0.220538
v -0.318912 0.487708 -0.066052
v -0.319723 0.488184 -0.066259
v -0.318748 0.488310 -0.066786
v -0.319461 0.487817 -0.066207
v -0.319242 0.487928 -0.066610
v -0.319345 0.488242 -0.066726
v -0.318771 0.487906 -0.066580
v -0.329549 0.578484 -0.062835
v -0.328857 0.579105 -0.062586
v -0.328574 0.578610 -0.063362
v -0.329371 0.578893 -0.062753
v -0.329137 0.578862 -0.063162
v -0.328682 0.578982 -0.063126
v -0.329171 0.578543 -0.063302
v -0.195164 0.499753 -0.028588
v -0.195001 0.500354 -0.029322
v -0.194472 0.500374 -0.028340
v -0.195024 0.499951 -0.029116
v -0.194627 0.500058 -0.028884
v -0.194535 0.500390 -0.028940
v -0.194650 0.499965 -0.028421
v -0.205109 0.591150 -0.025122
v -0.204298 0.590675 -0.024916
v -0.204826 0.590655 -0.025898
v -0.204560 0.591041 -0.024968
v -0.204521 0.590991 -0.025435
v -0.204360 0.590691 -0.025516
v -0.204934 0.591027 -0.025662
v -0.355676 0.478997 0.058184
v -0.355959 0.479492 0.058959
v -0.356487 0.479472 0.057977
v -0.355851 0.479120 0.058723
v -0.356264 0.479156 0.058497
v -0.356425 0.479456 0.058577
v -0.356225 0.479106 0.058029
v -0.365621 0.570394 0.061650
v -0.366313 0.569772 0.061401
v -0.365784 0.569793 0.062383
v -0.366135 0.570181 0.061483
v -0.366158 0.570089 0.061945
v -0.366250 0.569756 0.062002
v -0.365761 0.570196 0.062177
v -0.231928 0.491041 0.095648
v -0.231236 0.491663 0.095896
v -0.232211 0.491537 0.096423
v -0.231414 0.491254 0.095815
v -0.231648 0.491285 0.096223
v -0.231614 0.491604 0.096363
v -0.232103 0.491164 0.096187
v -0.241873 0.582438 0.099114
v -0.242037 0.581837 0.099847
v -0.241062 0.581963 0.099320
v -0.242014 0.582240 0.099641
v -0.241543 0.582218 0.099672
v -0.241440 0.581904 0.099787
v -0.241324 0.582330 0.099269
v -0.438796 0.463937 -0.031528
v -0.439326 0.464405 -0.031975
v -0.438359 0.464430 -0.032045
v -0.439166 0.464069 -0.031845
v -0.438841 0.464141 -0.032086
v -0.438857 0.464419 -0.032210
v -0.438482 0.464087 -0.031894
v -0.441344 0.543455 -0.031607
v -0.440838 0.543946 -0.031155
v -0.440377 0.543480 -0.031676
v -0.441201 0.543797 -0.031474
v -0.440873 0.543745 -0.031715
v -0.440517 0.543815 -0.031523
v -0.440875 0.543468 -0.031842
v -0.353423 0.465771 0.042427
v -0.352986 0.466265 0.041911
v -0.352917 0.466262 0.042878
v -0.353109 0.465922 0.042061
v -0.352870 0.465988 0.042388
v -0.352751 0.466269 0.042380
v -0.353060 0.465920 0.042745
v -0.355466 0.545780 0.042800
v -0.354935 0.545312 0.043247
v -0.355004 0.545314 0.042279
v -0.355095 0.545648 0.043117
v -0.354902 0.545592 0.042759
v -0.354769 0.545318 0.042748
v -0.355145 0.545650 0.042432
v -0.512717 0.461652 0.053862
v -0.513179 0.462118 0.054383
v -0.513248 0.462120 0.053416
v -0.513038 0.461782 0.054230
v -0.513281 0.461840 0.053903
v -0.513414 0.462114 0.053914
v -0.513088 0.461784 0.053545
v -0.514760 0.541661 0.054235
v -0.515266 0.541170 0.053784
v -0.515196 0.541167 0.054752
v -0.515123 0.541512 0.053917
v -0.515313 0.541444 0.054274
v -0.515432 0.541163 0.054282
v -0.515074 0.541510 0.054601
v -0.427345 0.463486 0.127818
v -0.426839 0.463977 0.128269
v -0.427806 0.463952 0.128338
v -0.426982 0.463635 0.128136
v -0.427310 0.463687 0.128377
v -0.427308 0.463964 0.128504
v -0.427666 0.463617 0.128185
v -0.429387 0.543495 0.128191
v -0.429824 0.543002 0.128707
v -0.428856 0.543027 0.128637
v -0.429701 0.543345 0.128557
v -0.429342 0.543291 0.128748
v -0.429326 0.543013 0.128873
v -0.429017 0.543363 0.128507
v -0.295160 0.453244 -0.032058
v -0.296161 0.453721 -0.032065
v -0.295213 0.453966 -0.032898
v -0.295823 0.453323 -0.032089
v -0.295690 0.453480 -0.032592
v -0.295861 0.453834 -0.032682
v -0.295153 0.453496 -0.032678
v -0.313746 0.556463 -0.021848
v -0.312958 0.557233 -0.021717
v -0.312798 0.556708 -0.022681
v -0.313559 0.556947 -0.021784
v -0.313399 0.556942 -0.022304
v -0.312889 0.557120 -0.022373
v -0.313446 0.556575 -0.022465
v -0.147923 0.477318 -0.020735
v -0.147976 0.478041 -0.021575
v -0.147136 0.478089 -0.020604
v -0.147917 0.477571 -0.021354
v -0.147421 0.477724 -0.021190
v -0.147360 0.478116 -0.021262
v -0.147322 0.477605 -0.020668
v -0.165722 0.581307 -0.010394
v -0.164721 0.580830 -0.010387
v -0.165562 0.580782 -0.011357
v -0.165058 0.581228 -0.010363
v -0.165129 0.581185 -0.010901
v -0.164945 0.580857 -0.011045
v -0.165653 0.581195 -0.011050
v -0.303919 0.436979 0.116418
v -0.304079 0.437504 0.117382
v -0.304920 0.437457 0.116411
v -0.303988 0.437092 0.117074
v -0.304511 0.437102 0.116925
v -0.304695 0.437430 0.117069
v -0.304582 0.437059 0.116388
v -0.321717 0.540968 0.126759
v -0.322505 0.540198 0.126628
v -0.321664 0.540246 0.127599
v -0.322318 0.540682 0.126692
v -0.322219 0.540563 0.127214
v -0.322281 0.540171 0.127286
v -0.321724 0.540716 0.127379
v -0.156682 0.461054 0.127741
v -0.155895 0.461824 0.127872
v -0.156842 0.461579 0.128705
v -0.156081 0.461340 0.127808
v -0.156242 0.461345 0.128328
v -0.156194 0.461712 0.128490
v -0.156751 0.461167 0.128397
v -0.174481 0.565043 0.138083
v -0.174427 0.564320 0.138922
v -0.173480 0.564565 0.138089
v -0.174487 0.564790 0.138702
v -0.173950 0.564807 0.138617
v -0.173779 0.564453 0.138707
v -0.173817 0.564964 0.138113
v -0.273313 0.454794 -0.051696
v -0.274116 0.455274 -0.051845
v -0.273201 0.455364 -0.052445
v -0.273862 0.454909 -0.051806
v -0.273679 0.455004 -0.052222
v -0.273783 0.455312 -0.052335
v -0.273215 0.454973 -0.052230
v -0.281713 0.544415 -0.050064
v -0.281002 0.545018 -0.049894
v -0.280798 0.544505 -0.050664
v -0.281524 0.544816 -0.050010
v -0.281328 0.544770 -0.050429
v -0.280877 0.544880 -0.050434
v -0.281380 0.544454 -0.050554
v -0.148612 0.464897 -0.025460
v -0.148500 0.465467 -0.026209
v -0.147900 0.465500 -0.025290
v -0.148514 0.465076 -0.025994
v -0.148103 0.465178 -0.025802
v -0.148011 0.465502 -0.025874
v -0.148090 0.465099 -0.025344
v -0.156300 0.555121 -0.023658
v -0.155497 0.554641 -0.023509
v -0.156097 0.554608 -0.024428
v -0.155751 0.555006 -0.023548
v -0.155753 0.554944 -0.024009
v -0.155607 0.554643 -0.024093
v -0.156175 0.554982 -0.024198
v -0.299248 0.450085 0.073388
v -0.299452 0.450598 0.074158
v -0.300052 0.450565 0.073239
v -0.299373 0.450223 0.073928
v -0.299796 0.450262 0.073739
v -0.299941 0.450563 0.073823
v -0.299797 0.450200 0.073278
v -0.306937 0.540309 0.075190
v -0.307648 0.539706 0.075020
v -0.307048 0.539739 0.075939
v -0.307459 0.540107 0.075074
v -0.307445 0.540028 0.075532
v -0.307538 0.539704 0.075604
v -0.307035 0.540130 0.075724
v -0.174547 0.460188 0.099624
v -0.173836 0.460790 0.099794
v -0.174750 0.460700 0.100394
v -0.174025 0.460390 0.099740
v -0.174220 0.460435 0.100159
v -0.174169 0.460752 0.100284
v -0.174672 0.460326 0.100164
v -0.182236 0.550411 0.101426
v -0.182347 0.549841 0.102175
v -0.181432 0.549931 0.101575
v -0.182333 0.550233 0.101960
v -0.181870 0.550201 0.101952
v -0.181765 0.549893 0.102066
v -0.181687 0.550296 0.101536
v -0.318144 0.499749 -0.079133
v -0.318180 0.500226 -0.079927
v -0.317416 0.500320 -0.079179
v -0.318157 0.499867 -0.079679
v -0.317723 0.499967 -0.079591
v -0.317642 0.500271 -0.079711
v -0.317617 0.499934 -0.079150
v -0.323048 0.587385 -0.085902
v -0.323071 0.587967 -0.085181
v -0.322283 0.587479 -0.085154
v -0.323067 0.587775 -0.085706
v -0.322624 0.587737 -0.085608
v -0.322526 0.587841 -0.085177
v -0.322510 0.587430 -0.085687
v -0.317092 0.508357 0.045565
v -0.316363 0.508928 0.045519
v -0.317115 0.508938 0.046286
v -0.316564 0.508541 0.045548
v -0.316663 0.508635 0.045981
v -0.316581 0.508953 0.046057
v -0.317096 0.508549 0.046090
v -0.322018 0.596575 0.039517
v -0.321983 0.596098 0.040310
v -0.321231 0.596087 0.039544
v -0.322005 0.596457 0.040063
v -0.321565 0.596405 0.039964
v -0.321448 0.596112 0.040082
v -0.321474 0.596449 0.039521
v -0.442945 0.492884 -0.077606
v -0.443733 0.493372 -0.077633
v -0.442981 0.493361 -0.078400
v -0.443490 0.493009 -0.077610
v -0.443399 0.493053 -0.078053
v -0.443515 0.493347 -0.078171
v -0.442958 0.493002 -0.078152
v -0.447872 0.581102 -0.083654
v -0.447849 0.580520 -0.084375
v -0.448600 0.580531 -0.083608
v -0.447868 0.580910 -0.084179
v -0.448301 0.580824 -0.084071
v -0.448383 0.580506 -0.084147
v -0.448399 0.580917 -0.083637
v -0.441893 0.501492 0.047092
v -0.441916 0.502073 0.047813
v -0.442680 0.501979 0.047065
v -0.441897 0.501684 0.047617
v -0.442339 0.501722 0.047519
v -0.442454 0.502028 0.047598
v -0.442437 0.501617 0.047088
v -0.446820 0.589710 0.041044
v -0.447548 0.589139 0.041089
v -0.446784 0.589233 0.041837
v -0.447347 0.589525 0.041061
v -0.447241 0.589492 0.041502
v -0.447321 0.589188 0.041622
v -0.446806 0.589592 0.041590
v -0.337631 0.467771 -0.025804
v -0.338196 0.468213 -0.026784
v -0.336915 0.468590 -0.026342
v -0.337963 0.467806 -0.026456
v -0.337424 0.468009 -0.026608
v -0.337456 0.468386 -0.026836
v -0.337057 0.468073 -0.026143
v -0.365093 0.578477 -0.042982
v -0.364855 0.579374 -0.042199
v -0.363812 0.578854 -0.042540
v -0.365091 0.579017 -0.042793
v -0.364509 0.579046 -0.042920
v -0.364185 0.579284 -0.042481
v -0.364353 0.578650 -0.043034
v -0.271550 0.505207 0.119304
v -0.270834 0.506026 0.118766
v -0.271312 0.506104 0.120086
v -0.270976 0.505509 0.118964
v -0.270879 0.505708 0.119517
v -0.270807 0.506143 0.119518
v -0.271314 0.505564 0.119898
v -0.298774 0.616810 0.102909
v -0.298209 0.616368 0.103889
v -0.297731 0.616290 0.102568
v -0.298442 0.616775 0.103561
v -0.297965 0.616745 0.103206
v -0.297704 0.616407 0.103320
v -0.298104 0.616720 0.102627
v -0.482480 0.443064 0.046533
v -0.483523 0.443584 0.046874
v -0.483045 0.443506 0.045554
v -0.483150 0.443154 0.046815
v -0.483289 0.443129 0.046237
v -0.483549 0.443467 0.046123
v -0.482812 0.443099 0.045882
v -0.509704 0.554667 0.030139
v -0.509942 0.553770 0.029356
v -0.510420 0.553848 0.030676
v -0.509940 0.554310 0.029544
v -0.510374 0.554166 0.029925
v -0.510446 0.553731 0.029925
v -0.510278 0.554365 0.030478
v -0.416399 0.480500 0.191641
v -0.416161 0.481397 0.192424
v -0.417442 0.481019 0.191982
v -0.416163 0.480857 0.192235
v -0.416744 0.480828 0.192362
v -0.416901 0.481224 0.192476
v -0.417069 0.480590 0.191923
v -0.443623 0.592103 0.175246
v -0.444339 0.591283 0.175784
v -0.443058 0.591661 0.176226
v -0.444197 0.591801 0.175586
v -0.443830 0.591865 0.176050
v -0.443798 0.591488 0.176279
v -0.443291 0.592068 0.175898
v -0.263755 0.477789 -0.053948
v -0.264282 0.478256 -0.054357
v -0.263346 0.478258 -0.054474
v -0.264127 0.477926 -0.054237
v -0.263823 0.477987 -0.054488
v -0.263839 0.478257 -0.054609
v -0.263466 0.477927 -0.054320
v -0.264446 0.555122 -0.054260
v -0.263921 0.555590 -0.053850
v -0.263511 0.555124 -0.054376
v -0.264293 0.555452 -0.054139
v -0.263988 0.555393 -0.054390
v -0.263631 0.555454 -0.054222
v -0.264003 0.555123 -0.054512
v -0.177103 0.477889 0.013503
v -0.176695 0.478358 0.012977
v -0.176578 0.478357 0.013913
v -0.176814 0.478027 0.013131
v -0.176563 0.478088 0.013436
v -0.176442 0.478357 0.013421
v -0.176731 0.478026 0.013793
v -0.177269 0.555689 0.013601
v -0.176742 0.555223 0.014010
v -0.176859 0.555224 0.013074
v -0.176897 0.555553 0.013891
v -0.176729 0.555493 0.013534
v -0.176607 0.555224 0.013518
v -0.176979 0.555554 0.013229
v -0.331206 0.477536 0.032704
v -0.331616 0.478001 0.033231
v -0.331733 0.478002 0.032295
v -0.331496 0.477671 0.033076
v -0.331746 0.477732 0.032772
v -0.331868 0.478001 0.032787
v -0.331578 0.477672 0.032415
v -0.331372 0.555336 0.032802
v -0.331897 0.554869 0.032392
v -0.331780 0.554868 0.033328
v -0.331744 0.555199 0.032513
v -0.331912 0.555138 0.032869
v -0.332032 0.554868 0.032884
v -0.331661 0.555198 0.033174
v -0.244554 0.477636 0.100155
v -0.244028 0.478103 0.100565
v -0.244964 0.478101 0.100682
v -0.244182 0.477773 0.100445
v -0.244487 0.477832 0.100695
v -0.244472 0.478102 0.100817
v -0.244844 0.477771 0.100527
v -0.244720 0.555436 0.100253
v -0.245128 0.554968 0.100779
v -0.244193 0.554970 0.100662
v -0.245009 0.555298 0.100625
v -0.244652 0.555238 0.100793
v -0.244636 0.554968 0.100914
v -0.244347 0.555300 0.100543
v -0.292854 0.324674 -0.296584
v -0.292830 0.324849 -0.300185
v -0.292313 0.324852 -0.296581
v -0.292837 0.324723 -0.299130
v -0.292528 0.324746 -0.298661
v -0.292455 0.324849 -0.299128
v -0.292472 0.324725 -0.296582
v -0.292713 0.354488 -0.300226
v -0.292736 0.354674 -0.296626
v -0.292196 0.354491 -0.296623
v -0.292719 0.354617 -0.299172
v -0.292411 0.354593 -0.298703
v -0.292354 0.354619 -0.296624
v -0.292338 0.354488 -0.299169
v -0.296733 0.325521 0.296202
v -0.296192 0.325699 0.296206
v -0.296756 0.325706 0.299802
v -0.296351 0.325572 0.296205
v -0.296435 0.325599 0.298283
v -0.296367 0.325703 0.298750
v -0.296749 0.325577 0.298748
v -0.296615 0.355521 0.296160
v -0.296639 0.355346 0.299761
v -0.296076 0.355339 0.296164
v -0.296632 0.355472 0.298706
v -0.296317 0.355446 0.298241
v -0.296251 0.355343 0.298708
v -0.296233 0.355467 0.296163
v -0.381771 0.325023 -0.297167
v -0.382311 0.325205 -0.297171
v -0.381747 0.325198 -0.300767
v -0.382153 0.325077 -0.297169
v -0.382069 0.325097 -0.299247
v -0.382136 0.325201 -0.299715
v -0.381754 0.325072 -0.299712
v -0.381653 0.355022 -0.297209
v -0.381630 0.354837 -0.300809
v -0.382194 0.354845 -0.297212
v -0.381637 0.354966 -0.299754
v -0.381952 0.354945 -0.299289
v -0.382019 0.354840 -0.299757
v -0.382035 0.354971 -0.297211
v -0.385650 0.325870 0.295620
v -0.385673 0.326055 0.299220
v -0.386190 0.326052 0.295616
v -0.385667 0.325926 0.298165
v -0.385975 0.325950 0.297696
v -0.386048 0.326055 0.298163
v -0.386032 0.325924 0.295617
v -0.385532 0.355870 0.295578
v -0.386073 0.355692 0.295575
v -0.385557 0.355695 0.299178
v -0.385915 0.355818 0.295575
v -0.385858 0.355798 0.297654
v -0.385932 0.355695 0.298121
v -0.385549 0.355821 0.298124
v -0.294661 0.566183 -0.297134
v -0.294645 0.566378 -0.300733
v -0.294121 0.566361 -0.297130
v -0.294650 0.566247 -0.299679
v -0.294340 0.566267 -0.299210
v -0.294268 0.566373 -0.299677
v -0.294279 0.566234 -0.297132
v -0.294579 0.596018 -0.300602
v -0.294594 0.596182 -0.297001
v -0.294055 0.596001 -0.296999
v -0.294583 0.596141 -0.299547
v -0.294274 0.596115 -0.299078
v -0.294213 0.596129 -0.297000
v -0.294202 0.596013 -0.299546
v -0.297213 0.563567 0.295655
v -0.296672 0.563746 0.295658
v -0.297228 0.563731 0.299256
v -0.296831 0.563619 0.295657
v -0.296910 0.563634 0.297735
v -0.296841 0.563735 0.298203
v -0.297223 0.563609 0.298201
v -0.297146 0.593567 0.295788
v -0.297162 0.593371 0.299387
v -0.296606 0.593386 0.295789
v -0.297157 0.593503 0.298333
v -0.296843 0.593481 0.297867
v -0.296775 0.593375 0.298334
v -0.296764 0.593513 0.295789
v -0.383580 0.566382 -0.297515
v -0.384120 0.566563 -0.297517
v -0.383564 0.566578 -0.301115
v -0.383962 0.566436 -0.297517
v -0.383883 0.566468 -0.299595
v -0.383950 0.566574 -0.300062
v -0.383569 0.566446 -0.300061
v -0.383513 0.596382 -0.297383
v -0.383498 0.596218 -0.300984
v -0.384054 0.596203 -0.297386
v -0.383502 0.596340 -0.299929
v -0.383816 0.596316 -0.299463
v -0.383885 0.596214 -0.299931
v -0.383895 0.596330 -0.297385
v -0.386132 0.563767 0.295274
v -0.386147 0.563931 0.298874
v -0.386671 0.563948 0.295272
v -0.386142 0.563809 0.297819
v -0.386452 0.563835 0.297351
v -0.386524 0.563937 0.297818
v -0.386513 0.563821 0.295272
v -0.386065 0.593767 0.295406
v -0.386605 0.593588 0.295403
v -0.386081 0.593571 0.299005
v -0.386447 0.593715 0.295404
v -0.386386 0.593682 0.297483
v -0.386458 0.593576 0.297949
v -0.386076 0.593703 0.297951
v 0.655319 0.053505 -0.388288
v 0.655356 0.055441 -0.397885
v 0.671416 0.055278 -0.388253
v 0.655338 0.054079 -0.395076
v 0.664621 0.054241 -0.393811
v 0.666720 0.055332 -0.395050
v 0.666694 0.053963 -0.388264
v 0.656787 0.211594 -0.397621
v 0.656785 0.213498 -0.388018
v 0.672847 0.211431 -0.387989
v 0.656794 0.212947 -0.394807
v 0.666072 0.212611 -0.393543
v 0.668150 0.212832 -0.387996
v 0.668151 0.211485 -0.394786
v 0.653735 0.052199 0.392509
v 0.669832 0.053972 0.392545
v 0.653733 0.054103 0.402112
v 0.665110 0.052657 0.392533
v 0.663015 0.052916 0.398072
v 0.665109 0.054003 0.399324
v 0.653726 0.052750 0.399299
v 0.655201 0.212192 0.392780
v 0.655164 0.210256 0.402377
v 0.671263 0.210125 0.392809
v 0.655182 0.211618 0.399567
v 0.664466 0.211286 0.398340
v 0.666539 0.210157 0.399588
v 0.666566 0.211525 0.392802
v -0.652463 0.065491 -0.390921
v -0.668525 0.067559 -0.390950
v -0.652426 0.067427 -0.400518
v -0.663828 0.066158 -0.390943
v -0.661728 0.066397 -0.396481
v -0.663802 0.067527 -0.397729
v -0.652444 0.066065 -0.397709
v -0.650997 0.225484 -0.390651
v -0.650996 0.223580 -0.400254
v -0.667094 0.223712 -0.390686
v -0.650989 0.224933 -0.397440
v -0.660277 0.224767 -0.396213
v -0.662371 0.223680 -0.397465
v -0.662372 0.225026 -0.390675
v -0.654047 0.064185 0.389876
v -0.654049 0.066089 0.399479
v -0.670109 0.066253 0.389847
v -0.654056 0.064736 0.396665
v -0.663335 0.065073 0.395401
v -0.665413 0.066198 0.396645
v -0.665412 0.064852 0.389854
v -0.652582 0.224178 0.390147
v -0.668678 0.222406 0.390111
v -0.652619 0.222242 0.399743
v -0.663957 0.223720 0.390123
v -0.661884 0.223443 0.395669
v -0.663983 0.222351 0.396909
v -0.652601 0.223605 0.396934
v 0.610285 -0.001864 -0.360162
v 0.610280 0.000699 -0.369064
v 0.611944 0.000789 -0.360181
v 0.610291 -0.001145 -0.366447
v 0.611256 -0.000785 -0.365296
v 0.611463 0.000731 -0.366461
v 0.611467 -0.001082 -0.360166
v 0.608562 0.215404 -0.370916
v 0.608524 0.218120 -0.362059
v 0.610225 0.215494 -0.362033
v 0.608542 0.217293 -0.368331
v 0.609512 0.216968 -0.367174
v 0.609718 0.217357 -0.362050
v 0.609745 0.215436 -0.368313
v 0.608946 0.004353 0.362051
v 0.610605 0.007007 0.362031
v 0.608909 0.007070 0.370907
v 0.610128 0.005136 0.362046
v 0.609898 0.005521 0.367169
v 0.610102 0.007057 0.368309
v 0.608929 0.005180 0.368323
v 0.607186 0.224338 0.360153
v 0.607190 0.221775 0.369056
v 0.608887 0.221712 0.360179
v 0.607180 0.223619 0.366439
v 0.608155 0.223274 0.365291
v 0.608383 0.221762 0.366457
v 0.608380 0.223574 0.360162
v 0.473650 -0.002960 -0.360405
v 0.471949 -0.000334 -0.360431
v 0.473645 -0.000397 -0.369308
v 0.472456 -0.002197 -0.360414
v 0.472680 -0.001897 -0.365543
v 0.472452 -0.000384 -0.366709
v 0.473655 -0.002241 -0.366691
v 0.471889 0.217024 -0.362303
v 0.471926 0.214308 -0.371159
v 0.470230 0.214371 -0.362283
v 0.471907 0.216197 -0.368575
v 0.470937 0.215857 -0.367421
v 0.470734 0.214321 -0.368561
v 0.470707 0.216242 -0.362298
v 0.472311 0.003257 0.361807
v 0.472273 0.005974 0.370664
v 0.470610 0.005884 0.361781
v 0.472293 0.004085 0.368079
v 0.471323 0.004409 0.366922
v 0.471090 0.005942 0.368061
v 0.471117 0.004021 0.361798
v 0.470550 0.223242 0.359910
v 0.468891 0.220589 0.359929
v 0.470555 0.220679 0.368812
v 0.469368 0.222459 0.359914
v 0.469580 0.222163 0.365044
v 0.469372 0.220647 0.366209
v 0.470545 0.222523 0.366195
v -0.470230 -0.001709 -0.359306
v -0.470195 0.000923 -0.368188
v -0.468558 0.000936 -0.359300
v -0.470202 -0.000942 -0.365585
v -0.469239 -0.000595 -0.364429
v -0.469019 0.000928 -0.365581
v -0.469045 -0.000932 -0.359301
v -0.470770 0.215642 -0.368400
v -0.470820 0.218290 -0.359523
v -0.469133 0.215655 -0.359512
v -0.470788 0.217511 -0.365801
v -0.469823 0.217172 -0.364644
v -0.469630 0.217520 -0.359516
v -0.469595 0.215647 -0.365794
v -0.473711 -0.001005 0.362926
v -0.472039 0.001640 0.362931
v -0.473761 0.001644 0.371803
v -0.472526 -0.000228 0.362931
v -0.472769 0.000119 0.368056
v -0.472561 0.001644 0.369208
v -0.473744 -0.000225 0.369204
v -0.474301 0.218994 0.362709
v -0.474337 0.216363 0.371591
v -0.472614 0.216359 0.362719
v -0.474330 0.218227 0.368988
v -0.473353 0.217886 0.367841
v -0.473137 0.216364 0.368996
v -0.473111 0.218224 0.362715
v -0.606868 -0.002076 -0.359964
v -0.608555 0.000560 -0.359974
v -0.606833 0.000556 -0.368846
v -0.608058 -0.001306 -0.359970
v -0.607817 -0.000968 -0.365096
v -0.608033 0.000555 -0.366251
v -0.606840 -0.001309 -0.366244
v -0.607458 0.217923 -0.360181
v -0.607408 0.215275 -0.369058
v -0.609131 0.215279 -0.360187
v -0.607426 0.217144 -0.366459
v -0.608401 0.216800 -0.365311
v -0.608609 0.215274 -0.366463
v -0.608644 0.217147 -0.360186
v -0.610349 -0.001372 0.362268
v -0.610399 0.001277 0.371145
v -0.612036 0.001264 0.362257
v -0.610382 -0.000593 0.368546
v -0.611347 -0.000254 0.367389
v -0.611575 0.001271 0.368538
v -0.611539 -0.000602 0.362261
v -0.610939 0.218627 0.362050
v -0.612612 0.215983 0.362045
v -0.610975 0.215996 0.370933
v -0.612125 0.217851 0.362045
v -0.611931 0.217514 0.367174
v -0.612150 0.215990 0.368326
v -0.610967 0.217860 0.368330
vn 0.1572 -0.5923 -0.7903
vn 0.0456 -0.0963 -0.9943
vn 0.3489 -0.2182 -0.9114
vn 0.0627 0.0776 -0.9950
vn 0.1072 0.4984 -0.8603
vn 0.3527 0.2167 -0.9103
vn 0.1065 -0.5003 0.8593
vn 0.3574 -0.2229 0.9069
vn 0.0707 -0.0788 0.9944
vn 0.1751 0.5893 0.7887
vn 0.0566 0.0954 0.9938
vn 0.3613 0.2119 0.9081
vn -0.1153 -0.4939 -0.8618
vn -0.3613 -0.2119 -0.9081
vn -0.0720 -0.0724 -0.9948
vn -0.1645 0.5964 -0.7857
vn -0.0549 0.1015 -0.9933
vn -0.3574 0.2229 -0.9069
vn -0.1677 -0.5934 0.7872
vn -0.0473 -0.1006 0.9938
vn -0.3527 -0.2167 0.9103
vn -0.0984 0.4957 0.8629
vn -0.3489 0.2182 0.9114
vn -0.0613 0.0736 0.9954
vn 0.2613 -0.9653 -0.0038
vn 0.8482 -0.5297 -0.0054
vn 0.0622 0.0020 -0.9981
vn 0.3594 -0.0008 -0.9332
vn 0.2783 0.9605 0.0012
vn 0.8574 0.5146 -0.0027
vn 0.0715 -0.0032 0.9974
vn 0.3681 -0.0057 0.9298
vn -0.0004 -0.5022 0.8647
vn 0.0038 -0.1012 0.9949
vn 0.0085 0.4977 0.8673
vn 0.0055 0.0960 0.9954
vn -0.3594 0.0008 0.9332
vn -0.0622 -0.0020 0.9981
vn -0.2783 -0.9605 -0.0012
vn -0.8574 -0.5146 0.0027
vn -0.2613 0.9653 0.0038
vn -0.8482 0.5297 0.0054
vn -0.0715 0.0032 -0.9974
vn -0.3681 0.0057 -0.9298
vn -0.0085 -0.4977 -0.8673
vn -0.0055 -0.0960 -0.9954
vn 0.0004 0.5022 -0.8647
vn -0.0038 0.1012 -0.9949
vn -0.0089 -1.0000 -0.0026
vn 0.9999 -0.0088 -0.0047
vn -0.0047 0.0026 -1.0000
vn 0.0089 1.0000 0.0026
vn 0.0047 -0.0026 1.0000
vn -0.9999 0.0088 0.0047
vn 0.1584 -0.5878 -0.7934
vn 0.0378 -0.0929 -0.9950
vn 0.3436 -0.2106 -0.9152
vn 0.0524 0.0812 -0.9953
vn 0.0921 0.5022 -0.8598
vn 0.3411 0.2242 -0.9129
vn 0.1217 -0.5010 0.8569
vn 0.3690 -0.2202 0.9030
vn 0.0810 -0.0805 0.9935
vn 0.1738 0.5897 0.7887
vn 0.0644 0.0935 0.9935
vn 0.3665 0.2146 0.9053
vn -0.1161 -0.4931 -0.8622
vn -0.3665 -0.2146 -0.9053
vn -0.0801 -0.0708 -0.9943
vn -0.1804 0.5960 -0.7824
vn -0.0655 0.1034 -0.9925
vn -0.3690 0.2202 -0.9030
vn -0.1518 -0.5979 0.7870
vn -0.0367 -0.1039 0.9939
vn -0.3411 -0.2242 0.9129
vn -0.0976 0.4920 0.8651
vn -0.3436 0.2107 0.9152
vn -0.0532 0.0700 0.9961
vn 0.2752 -0.9614 -0.0089
vn 0.8556 -0.5173 -0.0147
vn 0.0529 0.0056 -0.9986
vn 0.3507 0.0070 -0.9364
vn 0.2644 0.9644 0.0014
vn 0.8498 0.5270 -0.0091
vn 0.0808 -0.0049 0.9967
vn 0.3767 -0.0028 0.9263
vn 0.0149 -0.5045 0.8633
vn 0.0144 -0.1038 0.9945
vn 0.0093 0.4954 0.8686
vn 0.0133 0.0933 0.9955
vn -0.3507 -0.0070 0.9364
vn -0.0529 -0.0056 0.9986
vn -0.2644 -0.9644 -0.0014
vn -0.8498 -0.5270 0.0091
vn -0.2752 0.9614 0.0089
vn -0.8556 0.5174 0.0147
vn -0.0808 0.0049 -0.9967
vn -0.3768 0.0028 -0.9263
vn -0.0093 -0.4954 -0.8686
vn -0.0133 -0.0933 -0.9955
vn -0.0149 0.5045 -0.8633
vn -0.0144 0.1038 -0.9945
vn 0.0056 -1.0000 -0.0053
vn 0.9999 0.0057 -0.0139
vn -0.0140 0.0053 -0.9999
vn -0.0056 1.0000 0.0053
vn 0.0140 -0.0053 0.9999
vn -0.9999 -0.0057 0.0139
vn 0.8660 -0.4846 -0.1231
vn 0.8899 -0.1982 -0.4108
vn 0.9955 -0.0630 -0.0710
vn 0.8848 0.2241 -0.4086
vn 0.7776 0.5996 -0.1892
vn 0.9925 0.1108 -0.0512
vn 0.7879 -0.5805 0.2054
vn 0.9937 -0.0866 0.0718
vn 0.8813 -0.2026 0.4268
vn 0.8512 0.5055 0.1408
vn 0.8762 0.2197 0.4290
vn 0.9920 0.0872 0.0915
vn -0.7735 -0.5974 -0.2115
vn -0.9913 -0.1101 -0.0728
vn -0.8762 -0.2197 -0.4290
vn -0.8634 0.4860 -0.1358
vn -0.8814 0.2026 -0.4268
vn -0.9938 0.0639 -0.0907
vn -0.8539 -0.5068 0.1180
vn -0.8848 -0.2241 0.4086
vn -0.9936 -0.0880 0.0702
vn -0.7921 0.5784 0.1953
vn -0.9949 0.0860 0.0522
vn -0.8899 0.1982 0.4108
vn 0.8720 -0.4894 0.0064
vn 0.9962 -0.0865 0.0098
vn 0.9078 0.0132 -0.4191
vn 0.9974 0.0126 -0.0708
vn 0.8598 0.5105 0.0115
vn 0.9938 0.1107 0.0108
vn 0.8990 0.0087 0.4379
vn 0.9957 0.0117 0.0914
vn 0.0083 -0.9483 0.3172
vn -0.0037 -0.4549 0.8905
vn -0.0149 0.9449 0.3269
vn -0.0147 0.4455 0.8951
vn -0.9974 -0.0125 0.0708
vn -0.9078 -0.0132 0.4191
vn -0.8598 -0.5105 -0.0115
vn -0.9938 -0.1107 -0.0108
vn -0.8720 0.4894 -0.0064
vn -0.9962 0.0865 -0.0098
vn -0.8990 -0.0087 -0.4378
vn -0.9957 -0.0117 -0.0914
vn 0.0149 -0.9449 -0.3269
vn 0.0147 -0.4455 -0.8952
vn -0.0083 0.9483 -0.3172
vn 0.0037 0.4549 -0.8905
vn 0.0122 -0.9999 -0.0051
vn 0.9999 0.0122 0.0103
vn 0.0103 0.0053 -0.9999
vn -0.0122 0.9999 0.0051
vn -0.0103 -0.0053 0.9999
vn -0.9999 -0.0122 -0.0103
vn 0.8573 -0.4970 -0.1343
vn 0.8811 -0.2116 -0.4230
vn 0.9934 -0.0772 -0.0850
vn 0.8819 0.2108 -0.4217
vn 0.7832 0.5881 -0.2017
vn 0.9931 0.0967 -0.0657
vn 0.7826 -0.5911 0.1955
vn 0.9933 -0.1004 0.0578
vn 0.8844 -0.2141 0.4147
vn 0.8602 0.4938 0.1275
vn 0.8852 0.2083 0.4159
vn 0.9943 0.0734 0.0771
vn -0.7848 -0.5869 -0.1991
vn -0.9936 -0.0963 -0.0584
vn -0.8852 -0.2083 -0.4159
vn -0.8583 0.4978 -0.1245
vn -0.8844 0.2141 -0.4147
vn -0.9940 0.0776 -0.0767
vn -0.8592 -0.4945 0.1314
vn -0.8819 -0.2108 0.4217
vn -0.9937 -0.0739 0.0846
vn -0.7810 0.5899 0.2053
vn -0.9928 0.1001 0.0662
vn -0.8811 0.2116 0.4229
vn 0.8651 -0.5016 -0.0049
vn 0.9949 -0.1004 -0.0043
vn 0.9018 -0.0004 -0.4321
vn 0.9964 -0.0016 -0.0851
vn 0.8670 0.4983 -0.0019
vn 0.9953 0.0967 -0.0037
vn 0.9052 -0.0030 0.4249
vn 0.9970 -0.0021 0.0771
vn -0.0005 -0.9477 0.3193
vn 0.0027 -0.4529 0.8915
vn 0.0031 0.9457 0.3249
vn 0.0044 0.4476 0.8942
vn -0.9964 0.0016 0.0851
vn -0.9018 0.0004 0.4321
vn -0.8670 -0.4983 0.0019
vn -0.9953 -0.0967 0.0037
vn -0.8651 0.5016 0.0049
vn -0.9949 0.1004 0.0043
vn -0.9052 0.0030 -0.4249
vn -0.9970 0.0021 -0.0771
vn -0.0031 -0.9457 -0.3249
vn -0.0044 -0.4475 -0.8943
vn 0.0005 0.9477 -0.3193
vn -0.0027 0.4529 -0.8915
vn -0.0019 -1.0000 -0.0030
vn 1.0000 -0.0019 -0.0040
vn -0.0040 0.0030 -1.0000
vn 0.0019 1.0000 0.0030
vn 0.0040 -0.0030 1.0000
vn -1.0000 0.0019 0.0040
vn 0.0491 -0.9980 -0.0402
vn 0.0858 -0.9652 -0.2472
vn 0.3440 -0.9293 -0.1344
vn 0.1407 0.9440 -0.2984
vn 0.0361 0.9987 -0.0356
vn 0.2709 0.9600 -0.0712
vn 0.0385 -0.9986 0.0348
vn 0.2740 -0.9595 0.0660
vn 0.1481 -0.9437 0.2957
vn 0.0482 0.9981 0.0393
vn 0.0888 0.9653 0.2456
vn 0.3449 0.9299 0.1278
vn -0.0369 -0.9981 -0.0493
vn -0.2724 -0.9589 -0.0798
vn -0.1466 -0.9396 -0.3093
vn -0.0498 0.9985 -0.0249
vn -0.0904 0.9686 -0.2316
vn -0.3464 0.9311 -0.1143
vn -0.0475 -0.9985 0.0258
vn -0.0842 -0.9688 0.2333
vn -0.3425 -0.9317 0.1210
vn -0.0377 0.9980 0.0500
vn -0.2725 0.9584 0.0850
vn -0.1422 0.9394 0.3120
vn 0.0495 -0.9987 -0.0077
vn 0.2740 -0.9617 -0.0096
vn 0.4204 0.0069 -0.9073
vn 0.9372 0.0033 -0.3487
vn 0.0479 0.9988 0.0067
vn 0.2725 0.9622 0.0043
vn 0.4378 -0.0061 0.8990
vn 0.9438 -0.0016 0.3306
vn 0.0012 -0.9994 0.0352
vn 0.0031 -0.9724 0.2333
vn -0.0004 0.9988 0.0496
vn 0.0015 0.9689 0.2474
vn -0.9372 -0.0033 0.3487
vn -0.4204 -0.0069 0.9073
vn -0.0479 -0.9988 -0.0067
vn -0.2724 -0.9622 -0.0043
vn -0.0495 0.9987 0.0077
vn -0.2740 0.9617 0.0096
vn -0.4378 0.0061 -0.8990
vn -0.9438 0.0016 -0.3306
vn 0.0004 -0.9988 -0.0497
vn -0.0015 -0.9689 -0.2473
vn -0.0012 0.9994 -0.0352
vn -0.0031 0.9724 -0.2333
vn 0.0008 -1.0000 -0.0072
vn 1.0000 0.0009 -0.0096
vn -0.0096 0.0072 -0.9999
vn -0.0008 1.0000 0.0072
vn 0.0096 -0.0072 0.9999
vn -1.0000 -0.0009 0.0096
vn 0.3460 -0.9187 -0.1905
vn -0.0053 -0.6063 -0.7952
vn 0.6923 -0.3351 -0.6391
vn -0.1115 0.2542 -0.9607
vn -0.1140 0.8864 -0.4486
vn 0.5327 0.5330 -0.6574
vn 0.4860 -0.8324 0.2662
vn 0.9456 -0.3182 -0.0672
vn 0.7400 -0.1630 0.6526
vn 0.1390 0.9892 -0.0473
vn 0.4751 0.6747 0.5649
vn 0.8249 0.5556 -0.1045
vn -0.1084 -0.9934 -0.0369
vn -0.7481 -0.6367 0.1871
vn -0.5844 -0.5889 -0.5582
vn -0.5167 0.8366 -0.1822
vn -0.6727 0.2803 -0.6847
vn -0.9805 0.1965 0.0100
vn 0.0317 -0.9070 0.4199
vn 0.2028 -0.3485 0.9151
vn -0.5366 -0.4169 0.7337
vn -0.2637 0.9393 0.2193
vn -0.7301 0.4219 0.5375
vn -0.0441 0.4978 0.8662
vn 0.4410 -0.8975 -0.0043
vn 0.8687 -0.3836 -0.3134
vn -0.0366 -0.1320 -0.9906
vn 0.6663 0.0443 -0.7444
vn 0.0550 0.9695 -0.2388
vn 0.6639 0.6063 -0.4378
vn 0.7181 0.2310 0.6565
vn 0.9789 0.1947 -0.0620
vn 0.3068 -0.8788 0.3655
vn 0.4539 -0.3259 0.8293
vn -0.0794 0.9882 0.1310
vn 0.2491 0.6641 0.7050
vn -0.6663 -0.0443 0.7444
vn 0.0366 0.1320 0.9906
vn -0.0549 -0.9695 0.2388
vn -0.6639 -0.6063 0.4378
vn -0.4411 0.8975 0.0043
vn -0.8687 0.3837 0.3134
vn -0.7181 -0.2310 -0.6565
vn -0.9789 -0.1947 0.0621
vn 0.0793 -0.9882 -0.1310
vn -0.2492 -0.6640 -0.7050
vn -0.3068 0.8788 -0.3655
vn -0.4539 0.3260 -0.8293
vn 0.2010 -0.9719 0.1221
vn 0.8904 0.1293 -0.4365
vn -0.4084 -0.1964 -0.8914
vn -0.2010 0.9719 -0.1221
vn 0.4084 0.1964 0.8914
vn -0.8904 -0.1293 0.4365
vn -0.0585 -0.9341 -0.3522
vn -0.6629 -0.5078 -0.5502
vn -0.0158 -0.3643 -0.9312
vn -0.6921 0.3718 -0.6187
vn -0.2244 0.9372 -0.2669
vn 0.0203 0.5147 -0.8571
vn 0.3701 -0.9206 -0.1243
vn 0.5585 -0.4489 -0.6975
vn 0.9381 -0.3439 -0.0421
vn 0.2481 0.9558 -0.1578
vn 0.8469 0.5287 0.0561
vn 0.6100 0.4319 -0.6644
vn -0.2854 -0.9554 0.0764
vn -0.5143 -0.5324 0.6724
vn -0.9032 -0.4286 0.0223
vn -0.3330 0.9202 0.2058
vn -0.8912 0.4525 -0.0310
vn -0.6449 0.3407 0.6842
vn 0.1429 -0.9418 0.3041
vn 0.7073 -0.4733 0.5251
vn 0.0508 -0.4083 0.9114
vn 0.1397 0.9387 0.3150
vn -0.0645 0.4664 0.8822
vn 0.6571 0.4007 0.6385
vn 0.1405 -0.9481 -0.2853
vn 0.3231 -0.4744 -0.8189
vn -0.7315 -0.0156 -0.6817
vn -0.0361 0.0239 -0.9991
vn 0.0537 0.9702 -0.2363
vn 0.2771 0.5427 -0.7929
vn 0.9983 0.0460 -0.0350
vn 0.6804 0.0495 -0.7312
vn 0.3042 -0.9498 0.0729
vn 0.8287 -0.4798 0.2883
vn 0.2172 0.9685 0.1220
vn 0.7827 0.5373 0.3142
vn 0.0361 -0.0239 0.9991
vn 0.7315 0.0156 0.6817
vn -0.0538 -0.9702 0.2363
vn -0.2771 -0.5428 0.7928
vn -0.1405 0.9481 0.2853
vn -0.3232 0.4744 0.8189
vn -0.9983 -0.0460 0.0349
vn -0.6804 -0.0495 0.7311
vn -0.2175 -0.9684 -0.1220
vn -0.7827 -0.5373 -0.3142
vn -0.3042 0.9498 -0.0729
vn -0.8287 0.4798 -0.2882
vn 0.0452 -0.9987 -0.0255
vn 0.3487 0.0397 -0.9364
vn -0.9361 -0.0334 -0.3500
vn -0.0452 0.9987 0.0255
vn 0.9361 0.0334 0.3500
vn -0.3487 -0.0397 0.9364
vn 0.3048 -0.9354 -0.1793
vn 0.0345 -0.5896 -0.8070
vn 0.7291 -0.3670 -0.5776
vn -0.0007 0.2793 -0.9602
vn -0.0135 0.9004 -0.4349
vn 0.6266 0.5099 -0.5894
vn 0.4048 -0.8670 0.2907
vn 0.9259 -0.3774 0.0164
vn 0.6607 -0.2230 0.7168
vn 0.2047 0.9788 -0.0085
vn 0.4588 0.6316 0.6250
vn 0.8644 0.5027 -0.0103
vn -0.1664 -0.9834 -0.0723
vn -0.8014 -0.5901 0.0978
vn -0.5626 -0.5392 -0.6267
vn -0.4429 0.8717 -0.2099
vn -0.5835 0.3363 -0.7392
vn -0.9625 0.2594 -0.0797
vn -0.0666 -0.9151 0.3978
vn 0.0902 -0.3782 0.9213
vn -0.6310 -0.3951 0.6677
vn -0.2247 0.9501 0.2165
vn -0.7514 0.4579 0.4751
vn -0.0975 0.4830 0.8702
vn 0.3823 -0.9239 0.0156
vn 0.8694 -0.4331 -0.2378
vn 0.0524 -0.1104 -0.9925
vn 0.7375 0.0153 -0.6752
vn 0.1386 0.9683 -0.2078
vn 0.7402 0.5703 -0.3562
vn 0.6634 0.1714 0.7284
vn 0.9905 0.1320 0.0377
vn 0.2139 -0.9037 0.3710
vn 0.3492 -0.3703 0.8608
vn -0.0298 0.9886 0.1477
vn 0.2200 0.6329 0.7423
vn -0.7374 -0.0152 0.6752
vn -0.0524 0.1104 0.9925
vn -0.1387 -0.9683 0.2078
vn -0.7402 -0.5703 0.3562
vn -0.3821 0.9240 -0.0156
vn -0.8694 0.4331 0.2378
vn -0.6633 -0.1714 -0.7284
vn -0.9905 -0.1320 -0.0376
vn 0.0298 -0.9886 -0.1477
vn -0.2200 -0.6330 -0.7423
vn -0.2139 0.9036 -0.3710
vn -0.3492 0.3704 -0.8608
vn 0.1268 -0.9851 0.1163
vn 0.9352 0.0797 -0.3451
vn -0.3306 -0.1525 -0.9314
vn -0.1268 0.9851 -0.1163
vn 0.3306 0.1525 0.9314
vn -0.9352 -0.0797 0.3450
vn 0.1255 -0.9392 -0.3197
vn -0.2967 -0.5193 -0.8014
vn 0.4542 -0.3771 -0.8072
vn -0.2862 0.3591 -0.8884
vn -0.0582 0.9320 -0.3577
vn 0.4494 0.5031 -0.7381
vn 0.3811 -0.9199 0.0926
vn 0.8331 -0.4547 -0.3150
vn 0.8314 -0.3386 0.4407
vn 0.2954 0.9550 -0.0258
vn 0.7046 0.5347 0.4666
vn 0.8620 0.4266 -0.2737
vn -0.2864 -0.9560 -0.0634
vn -0.7835 -0.5264 0.3303
vn -0.7924 -0.4340 -0.4286
vn -0.3899 0.9209 -0.0034
vn -0.7541 0.4463 -0.4818
vn -0.9011 0.3459 0.2616
vn -0.0308 -0.9367 0.3488
vn 0.3463 -0.4617 0.8166
vn -0.4152 -0.3956 0.8192
vn -0.0365 0.9438 0.3285
vn -0.4991 0.4780 0.7228
vn 0.2472 0.4135 0.8763
vn 0.2635 -0.9510 -0.1617
vn 0.6905 -0.4835 -0.5380
vn -0.2892 -0.0295 -0.9568
vn 0.4714 0.0101 -0.8819
vn 0.1668 0.9672 -0.1916
vn 0.6393 0.5336 -0.5537
vn 0.8805 0.0518 0.4713
vn 0.9560 0.0437 -0.2902
vn 0.2247 -0.9469 0.2301
vn 0.5704 -0.4707 0.6731
vn 0.1279 0.9713 0.2003
vn 0.5190 0.5465 0.6573
vn -0.4715 -0.0101 0.8818
vn 0.2892 0.0295 0.9568
vn -0.1670 -0.9672 0.1916
vn -0.6391 -0.5337 0.5538
vn -0.2636 0.9510 0.1617
vn -0.6905 0.4835 0.5380
vn -0.8805 -0.0518 -0.4713
vn -0.9559 -0.0437 0.2903
vn -0.1280 -0.9713 -0.2004
vn -0.5191 -0.5464 -0.6573
vn -0.2247 0.9469 -0.2301
vn -0.5705 0.4706 -0.6731
vn 0.0504 -0.9986 0.0155
vn 0.7725 0.0291 -0.6343
vn -0.6330 -0.0440 -0.7729
vn -0.0504 0.9986 -0.0155
vn 0.6330 0.0440 0.7729
vn -0.7725 -0.0291 0.6343
vn 0.3590 -0.9103 -0.2059
vn -0.0747 -0.6311 -0.7721
vn 0.6244 -0.3285 -0.7086
vn -0.2357 0.2192 -0.9468
vn -0.2036 0.8667 -0.4554
vn 0.4278 0.5318 -0.7309
vn 0.5488 -0.8043 0.2281
vn 0.9434 -0.2837 -0.1719
vn 0.8185 -0.1138 0.5631
vn 0.0909 0.9918 -0.0903
vn 0.5104 0.7100 0.4852
vn 0.7827 0.5830 -0.2179
vn -0.0704 -0.9975 0.0032
vn -0.6933 -0.6584 0.2928
vn -0.6216 -0.6283 -0.4678
vn -0.5692 0.8100 -0.1411
vn -0.7607 0.2324 -0.6061
vn -0.9796 0.1591 0.1227
vn 0.1194 -0.8914 0.4372
vn 0.3249 -0.3114 0.8930
vn -0.4276 -0.4136 0.8038
vn -0.2747 0.9351 0.2240
vn -0.6778 0.4105 0.6100
vn 0.0388 0.5230 0.8515
vn 0.4745 -0.8796 -0.0331
vn 0.8404 -0.3598 -0.4053
vn -0.1488 -0.1647 -0.9751
vn 0.5705 0.0461 -0.8200
vn -0.0146 0.9628 -0.2697
vn 0.5811 0.6171 -0.5306
vn 0.7809 0.2790 0.5588
vn 0.9555 0.2299 -0.1848
vn 0.3847 -0.8543 0.3495
vn 0.5627 -0.2818 0.7771
vn -0.1044 0.9881 0.1129
vn 0.3035 0.6951 0.6517
vn -0.5705 -0.0461 0.8200
vn 0.1489 0.1647 0.9750
vn 0.0146 -0.9628 0.2697
vn -0.5812 -0.6170 0.5306
vn -0.4744 0.8797 0.0331
vn -0.8404 0.3599 0.4052
vn -0.7809 -0.2790 -0.5589
vn -0.9555 -0.2299 0.1846
vn 0.1044 -0.9881 -0.1129
vn -0.3033 -0.6952 -0.6517
vn -0.3846 0.8544 -0.3494
vn -0.5626 0.2818 -0.7772
vn 0.2546 -0.9592 0.1232
vn 0.8259 0.1494 -0.5437
vn -0.5031 -0.2401 -0.8302
vn -0.2546 0.9592 -0.1232
vn 0.5031 0.2401 0.8302
vn -0.8259 -0.1494 0.5437
vn 0.0266 -0.9302 -0.3660
vn -0.6281 -0.5689 -0.5310
vn -0.0172 -0.3516 -0.9360
vn -0.7540 0.3034 -0.5826
vn -0.3348 0.9110 -0.2407
vn -0.0722 0.5252 -0.8479
vn 0.4608 -0.8737 -0.1561
vn 0.5726 -0.3768 -0.7281
vn 0.9667 -0.2403 -0.0875
vn 0.1377 0.9789 -0.1510
vn 0.7872 0.6159 0.0299
vn 0.5307 0.5038 -0.6815
vn -0.1782 -0.9814 0.0712
vn -0.4248 -0.5933 0.6837
vn -0.8504 -0.5236 0.0524
vn -0.4202 0.8762 0.2360
vn -0.9351 0.3542 0.0144
vn -0.6473 0.2603 0.7165
vn 0.2559 -0.9249 0.2811
vn 0.7760 -0.4013 0.4865
vn 0.1337 -0.4126 0.9011
vn 0.0522 0.9441 0.3254
vn -0.0758 0.4451 0.8923
vn 0.6376 0.4607 0.6175
vn 0.2284 -0.9237 -0.3077
vn 0.3360 -0.4260 -0.8400
vn -0.7545 -0.0852 -0.6507
vn -0.0819 0.0331 -0.9961
vn -0.0606 0.9734 -0.2210
vn 0.1828 0.5798 -0.7940
vn 0.9852 0.1536 -0.0758
vn 0.6388 0.1320 -0.7579
vn 0.4066 -0.9126 0.0433
vn 0.8869 -0.3917 0.2448
vn 0.1176 0.9845 0.1300
vn 0.7336 0.6142 0.2908
vn 0.0818 -0.0331 0.9961
vn 0.7546 0.0852 0.6507
vn 0.0606 -0.9734 0.2210
vn -0.1828 -0.5798 0.7940
vn -0.2284 0.9236 0.3078
vn -0.3360 0.4261 0.8400
vn -0.9852 -0.1536 0.0759
vn -0.6388 -0.1320 0.7580
vn -0.1176 -0.9845 -0.1300
vn -0.7336 -0.6142 -0.2908
vn -0.4069 0.9125 -0.0433
vn -0.8869 0.3917 -0.2448
vn 0.1505 -0.9876 -0.0452
vn 0.3014 0.0893 -0.9493
vn -0.9415 -0.1292 -0.3111
vn -0.1505 0.9876 0.0452
vn 0.9415 0.1292 0.3111
vn -0.3014 -0.0893 0.9493
vn 0.3780 -0.9247 -0.0450
vn 0.3176 -0.5987 -0.7353
vn 0.8902 -0.3454 -0.2970
vn 0.3052 0.2657 -0.9145
vn 0.0995 0.8929 -0.4391
vn 0.7680 0.5264 -0.3647
vn 0.3157 -0.8458 0.4300
vn 0.8813 -0.3396 0.3287
vn 0.3959 -0.1862 0.8992
vn 0.1631 0.9860 0.0331
vn 0.2069 0.6581 0.7239
vn 0.8025 0.5370 0.2600
vn -0.1005 -0.9902 -0.0969
vn -0.7687 -0.6206 -0.1545
vn -0.3073 -0.5701 -0.7620
vn -0.3786 0.8500 -0.3662
vn -0.3193 0.3022 -0.8982
vn -0.8911 0.2192 -0.3973
vn -0.1627 -0.9114 0.3781
vn -0.2049 -0.3616 0.9096
vn -0.8016 -0.4110 0.4343
vn -0.3149 0.9432 0.1059
vn -0.8806 0.4339 0.1905
vn -0.3940 0.4906 0.7772
vn 0.3868 -0.9074 0.1643
vn 0.9133 -0.4009 0.0717
vn 0.3791 -0.1220 -0.9173
vn 0.9173 0.0356 -0.3966
vn 0.1666 0.9701 -0.1764
vn 0.7966 0.5946 -0.1090
vn 0.3812 0.2081 0.9007
vn 0.9183 0.1724 0.3565
vn 0.1104 -0.8891 0.4443
vn 0.0594 -0.3440 0.9371
vn -0.1098 0.9885 0.1037
vn -0.0573 0.6515 0.7565
vn -0.9173 -0.0356 0.3965
vn -0.3791 0.1220 0.9173
vn -0.1666 -0.9701 0.1763
vn -0.7965 -0.5947 0.1089
vn -0.3866 0.9075 -0.1643
vn -0.9133 0.4009 -0.0717
vn -0.3813 -0.2081 -0.9007
vn -0.9182 -0.1724 -0.3566
vn 0.1097 -0.9885 -0.1037
vn 0.0573 -0.6516 -0.7564
vn -0.1104 0.8890 -0.4444
vn -0.0594 0.3441 -0.9371
vn 0.1146 -0.9775 0.1773
vn 0.9934 0.1126 -0.0217
vn -0.0012 -0.1786 -0.9839
vn -0.1146 0.9775 -0.1773
vn 0.0012 0.1786 0.9839
vn -0.9934 -0.1126 0.0217
vn 0.0990 -0.9291 -0.3563
vn -0.5421 -0.5886 -0.5997
vn 0.1054 -0.3522 -0.9300
vn -0.6881 0.2793 -0.6697
vn -0.3317 0.9000 -0.2827
vn 0.0133 0.5222 -0.8527
vn 0.5030 -0.8589 -0.0964
vn 0.6669 -0.3589 -0.6530
vn 0.9773 -0.2100 0.0295
vn 0.1239 0.9827 -0.1377
vn 0.7584 0.6405 0.1209
vn 0.5924 0.5200 -0.6153
vn -0.1546 -0.9865 0.0536
vn -0.4846 -0.6061 0.6307
vn -0.8338 -0.5501 -0.0471
vn -0.4724 0.8627 0.1805
vn -0.9406 0.3247 -0.0987
vn -0.7359 0.2401 0.6331
vn 0.2493 -0.9163 0.3135
vn 0.7245 -0.3766 0.5772
vn 0.0380 -0.4078 0.9123
vn -0.0163 0.9454 0.3255
vn -0.1954 0.4428 0.8751
vn 0.5447 0.4808 0.6871
vn 0.2923 -0.9161 -0.2744
vn 0.4471 -0.4156 -0.7921
vn -0.6685 -0.1092 -0.7357
vn 0.0366 0.0301 -0.9989
vn -0.0642 0.9709 -0.2307
vn 0.2580 0.5849 -0.7690
vn 0.9820 0.1845 0.0415
vn 0.7202 0.1517 -0.6770
vn 0.4269 -0.8993 0.0953
vn 0.8632 -0.3634 0.3504
vn 0.0706 0.9878 0.1390
vn 0.6742 0.6371 0.3736
vn -0.0366 -0.0301 0.9989
vn 0.6685 0.1092 0.7356
vn 0.0641 -0.9709 0.2307
vn -0.2580 -0.5849 0.7690
vn -0.2923 0.9161 0.2744
vn -0.4470 0.4156 0.7921
vn -0.9820 -0.1845 -0.0416
vn -0.7202 -0.1517 0.6769
vn -0.0705 -0.9878 -0.1390
vn -0.6742 -0.6371 -0.3736
vn -0.4270 0.8992 -0.0953
vn -0.8632 0.3635 -0.3503
vn 0.1856 -0.9824 -0.0228
vn 0.4096 0.0984 -0.9070
vn -0.8932 -0.1590 -0.4206
vn -0.1856 0.9824 0.0228
vn 0.8932 0.1590 0.4206
vn -0.4096 -0.0984 0.9070
vn -0.0215 -0.9328 -0.3597
vn -0.6850 -0.5635 -0.4617
vn -0.1143 -0.3573 -0.9270
vn -0.8040 0.3100 -0.5074
vn -0.3451 0.9140 -0.2133
vn -0.1490 0.5208 -0.8406
vn 0.4318 -0.8808 -0.1943
vn 0.4926 -0.3893 -0.7783
vn 0.9501 -0.2542 -0.1809
vn 0.1345 0.9760 -0.1713
vn 0.7942 0.6053 -0.0528
vn 0.4673 0.4921 -0.7345
vn -0.1830 -0.9784 0.0960
vn -0.3626 -0.5833 0.7269
vn -0.8477 -0.5117 0.1403
vn -0.3835 0.8833 0.2697
vn -0.9243 0.3672 0.1041
vn -0.5697 0.2736 0.7750
vn 0.2706 -0.9265 0.2614
vn 0.8151 -0.4089 0.4104
vn 0.2170 -0.4087 0.8865
vn 0.0962 0.9453 0.3115
vn 0.0190 0.4516 0.8920
vn 0.7014 0.4558 0.5480
vn 0.1848 -0.9286 -0.3218
vn 0.2456 -0.4359 -0.8658
vn -0.8163 -0.0790 -0.5722
vn -0.1796 0.0279 -0.9833
vn -0.0696 0.9727 -0.2213
vn 0.1108 0.5723 -0.8126
vn 0.9748 0.1396 -0.1742
vn 0.5622 0.1185 -0.8184
vn 0.3973 -0.9177 0.0098
vn 0.9017 -0.4022 0.1588
vn 0.1426 0.9836 0.1102
vn 0.7668 0.6058 0.2120
vn 0.1797 -0.0279 0.9833
vn 0.8163 0.0790 0.5722
vn 0.0696 -0.9727 0.2214
vn -0.1107 -0.5723 0.8126
vn -0.1849 0.9286 0.3217
vn -0.2457 0.4359 0.8658
vn -0.9748 -0.1396 0.1742
vn -0.5622 -0.1185 0.8185
vn -0.1427 -0.9836 -0.1102
vn -0.7668 -0.6059 -0.2120
vn -0.3971 0.9177 -0.0098
vn -0.9016 0.4023 -0.1588
vn 0.1325 -0.9898 -0.0523
vn 0.2071 0.0792 -0.9751
vn -0.9693 -0.1183 -0.2154
vn -0.1325 0.9898 0.0523
vn 0.9693 0.1183 0.2154
vn -0.2071 -0.0792 0.9751
vn 0.1524 -0.6084 -0.7789
vn 0.0386 -0.1006 -0.9942
vn 0.3410 -0.2252 -0.9127
vn 0.0543 0.0812 -0.9952
vn 0.0952 0.5158 -0.8514
vn 0.3415 0.2287 -0.9116
vn 0.1148 -0.5159 0.8489
vn 0.3630 -0.2294 0.9031
vn 0.0782 -0.0814 0.9936
vn 0.1724 0.6081 0.7749
vn 0.0629 0.1005 0.9929
vn 0.3635 0.2245 0.9041
vn -0.1158 -0.5118 -0.8512
vn -0.3635 -0.2246 -0.9041
vn -0.0783 -0.0767 -0.9940
vn -0.1712 0.6120 -0.7721
vn -0.0627 0.1052 -0.9925
vn -0.3630 0.2294 -0.9031
vn -0.1537 -0.6116 0.7761
vn -0.0388 -0.1051 0.9937
vn -0.3415 -0.2287 0.9116
vn -0.0941 0.5121 0.8538
vn -0.3410 0.2253 0.9127
vn -0.0541 0.0768 0.9956
vn 0.2563 -0.9666 -0.0053
vn 0.8400 -0.5425 -0.0114
vn 0.0543 0.0022 -0.9985
vn 0.3504 0.0018 -0.9366
vn 0.2583 0.9661 -0.0009
vn 0.8411 0.5408 -0.0089
vn 0.0785 -0.0024 0.9969
vn 0.3730 -0.0025 0.9278
vn 0.0098 -0.5187 0.8549
vn 0.0119 -0.1053 0.9944
vn 0.0109 0.5148 0.8573
vn 0.0122 0.1007 0.9948
vn -0.3504 -0.0018 0.9366
vn -0.0543 -0.0022 0.9985
vn -0.2583 -0.9661 0.0009
vn -0.8411 -0.5408 0.0089
vn -0.2563 0.9666 0.0053
vn -0.8400 0.5425 0.0114
vn -0.0785 0.0024 -0.9969
vn -0.3730 0.0025 -0.9278
vn -0.0109 -0.5148 -0.8573
vn -0.0122 -0.1007 -0.9948
vn -0.0098 0.5187 -0.8549
vn -0.0119 0.1053 -0.9944
vn -0.0010 -1.0000 -0.0023
vn 0.9999 -0.0010 -0.0121
vn -0.0121 0.0023 -0.9999
vn 0.0010 1.0000 0.0023
vn 0.0121 -0.0023 0.9999
vn -0.9999 0.0010 0.0121
vn 0.1684 -0.6128 -0.7721
vn 0.0507 -0.1083 -0.9928
vn 0.3537 -0.2284 -0.9070
vn 0.0640 0.0738 -0.9952
vn 0.0980 0.5099 -0.8546
vn 0.3485 0.2255 -0.9098
vn 0.1120 -0.5075 0.8544
vn 0.3560 -0.2174 0.9088
vn 0.0684 -0.0722 0.9950
vn 0.1564 0.6166 0.7716
vn 0.0508 0.1094 0.9927
vn 0.3508 0.2365 0.9061
vn -0.1002 -0.5202 -0.8481
vn -0.3508 -0.2365 -0.9061
vn -0.0666 -0.0858 -0.9941
vn -0.1704 0.6035 -0.7789
vn -0.0532 0.0963 -0.9939
vn -0.3560 0.2174 -0.9088
vn -0.1544 -0.6071 0.7795
vn -0.0483 -0.0974 0.9941
vn -0.3485 -0.2255 0.9098
vn -0.1098 0.5178 0.8484
vn -0.3537 0.2285 0.9070
vn -0.0658 0.0843 0.9943
vn 0.2684 -0.9633 0.0055
vn 0.8468 -0.5320 0.0021
vn 0.0651 -0.0053 -0.9979
vn 0.3605 -0.0015 -0.9327
vn 0.2462 0.9692 -0.0062
vn 0.8344 0.5512 -0.0044
vn 0.0677 0.0068 0.9977
vn 0.3629 0.0098 0.9318
vn 0.0070 -0.5115 0.8592
vn 0.0025 -0.0969 0.9953
vn -0.0048 0.5219 0.8530
vn 0.0001 0.1090 0.9940
vn -0.3605 0.0015 0.9327
vn -0.0651 0.0053 0.9979
vn -0.2462 -0.9692 0.0062
vn -0.8344 -0.5512 0.0044
vn -0.2684 0.9633 -0.0055
vn -0.8468 0.5320 -0.0021
vn -0.0677 -0.0068 -0.9977
vn -0.3629 -0.0098 -0.9318
vn 0.0048 -0.5219 -0.8530
vn -0.0001 -0.1090 -0.9940
vn -0.0070 0.5115 -0.8592
vn -0.0025 0.0970 -0.9953
vn 0.0115 -0.9999 0.0061
vn 0.9999 0.0114 -0.0013
vn -0.0013 -0.0061 -1.0000
vn -0.0115 0.9999 -0.0061
vn 0.0013 0.0061 1.0000
vn -0.9999 -0.0114 0.0013
vn 0.8540 -0.5036 -0.1309
vn 0.8886 -0.2096 -0.4080
vn 0.9942 -0.0688 -0.0820
vn 0.8845 0.2345 -0.4034
vn 0.7654 0.6162 -0.1856
vn 0.9917 0.1128 -0.0622
vn 0.7783 -0.6017 0.1793
vn 0.9941 -0.0941 0.0541
vn 0.8920 -0.2177 0.3962
vn 0.8454 0.5196 0.1240
vn 0.8878 0.2263 0.4007
vn 0.9934 0.0876 0.0739
vn -0.7670 -0.6124 -0.1916
vn -0.9922 -0.1116 -0.0562
vn -0.8878 -0.2263 -0.4007
vn -0.8550 0.5060 -0.1136
vn -0.8920 0.2177 -0.3962
vn -0.9949 0.0704 -0.0723
vn -0.8443 -0.5221 0.1205
vn -0.8845 -0.2345 0.4034
vn -0.9928 -0.0891 0.0804
vn -0.7768 0.5979 0.1979
vn -0.9936 0.0929 0.0643
vn -0.8886 0.2096 0.4079
vn 0.8610 -0.5086 -0.0087
vn 0.9956 -0.0936 -0.0051
vn 0.9092 0.0127 -0.4161
vn 0.9966 0.0102 -0.0815
vn 0.8513 0.5247 0.0017
vn 0.9937 0.1124 -0.0030
vn 0.9127 0.0044 0.4087
vn 0.9973 0.0086 0.0733
vn 0.0102 -0.9579 0.2870
vn 0.0082 -0.4922 0.8704
vn -0.0077 0.9519 0.3063
vn -0.0009 0.4745 0.8802
vn -0.9966 -0.0102 0.0815
vn -0.9092 -0.0127 0.4161
vn -0.8513 -0.5247 -0.0017
vn -0.9937 -0.1124 0.0030
vn -0.8609 0.5086 0.0087
vn -0.9956 0.0936 0.0051
vn -0.9127 -0.0044 -0.4087
vn -0.9973 -0.0086 -0.0733
vn 0.0077 -0.9519 -0.3063
vn 0.0009 -0.4746 -0.8802
vn -0.0102 0.9579 -0.2870
vn -0.0082 0.4922 -0.8704
vn 0.0094 -0.9999 -0.0101
vn 0.9999 0.0094 -0.0041
vn -0.0042 0.0101 -0.9999
vn -0.0094 0.9999 0.0101
vn 0.0042 -0.0101 0.9999
vn -0.9999 -0.0094 0.0041
vn 0.8465 -0.5144 -0.1371
vn 0.8835 -0.2202 -0.4136
vn 0.9928 -0.0817 -0.0877
vn 0.8852 0.2239 -0.4078
vn 0.7724 0.6066 -0.1881
vn 0.9927 0.0999 -0.0674
vn 0.7713 -0.6124 0.1733
vn 0.9931 -0.1073 0.0483
vn 0.8912 -0.2306 0.3906
vn 0.8528 0.5081 0.1207
vn 0.8929 0.2135 0.3964
vn 0.9949 0.0742 0.0687
vn -0.7760 -0.6018 -0.1890
vn -0.9938 -0.0984 -0.0509
vn -0.8929 -0.2135 -0.3963
vn -0.8489 0.5176 -0.1074
vn -0.8912 0.2305 -0.3906
vn -0.9943 0.0836 -0.0666
vn -0.8505 -0.5112 0.1238
vn -0.8852 -0.2239 0.4078
vn -0.9934 -0.0763 0.0857
vn -0.7677 0.6075 0.2039
vn -0.9919 0.1058 0.0700
vn -0.8835 0.2202 0.4135
vn 0.8541 -0.5199 -0.0149
vn 0.9942 -0.1067 -0.0109
vn 0.9070 0.0019 -0.4211
vn 0.9962 -0.0027 -0.0870
vn 0.8581 0.5134 -0.0016
vn 0.9950 0.0993 -0.0082
vn 0.9149 -0.0087 0.4035
vn 0.9977 -0.0047 0.0678
vn -0.0008 -0.9587 0.2843
vn 0.0065 -0.4947 0.8690
vn 0.0065 0.9511 0.3090
vn 0.0102 0.4721 0.8815
vn -0.9962 0.0027 0.0870
vn -0.9070 -0.0019 0.4211
vn -0.8581 -0.5135 0.0016
vn -0.9950 -0.0993 0.0082
vn -0.8541 0.5198 0.0149
vn -0.9942 0.1067 0.0109
vn -0.9149 0.0087 -0.4036
vn -0.9977 0.0047 -0.0678
vn -0.0065 -0.9511 -0.3090
vn -0.0102 -0.4721 -0.8815
vn 0.0008 0.9587 -0.2843
vn -0.0065 0.4947 -0.8690
vn -0.0039 -0.9999 -0.0129
vn 0.9999 -0.0037 -0.0096
vn -0.0096 0.0130 -0.9999
vn 0.0039 0.9999 0.0129
vn 0.0096 -0.0130 0.9999
vn -0.9999 0.0037 0.0096
vn 0.0639 -0.9974 -0.0344
vn 0.1385 -0.9514 -0.2750
vn 0.4093 -0.9013 -0.1418
vn 0.1286 0.9502 -0.2837
vn 0.0397 0.9977 -0.0550
vn 0.3192 0.9430 -0.0946
vn 0.0509 -0.9972 0.0543
vn 0.3304 -0.9396 0.0892
vn 0.1431 -0.9488 0.2815
vn 0.0542 0.9980 0.0334
vn 0.1332 0.9528 0.2728
vn 0.4022 0.9055 0.1351
vn -0.0405 -0.9982 -0.0452
vn -0.3206 -0.9438 -0.0806
vn -0.1332 -0.9528 -0.2728
vn -0.0645 0.9970 -0.0425
vn -0.1430 0.9488 -0.2815
vn -0.4116 0.9000 -0.1434
vn -0.0535 -0.9976 0.0435
vn -0.1286 -0.9502 0.2837
vn -0.4000 -0.9042 0.1501
vn -0.0501 0.9977 0.0459
vn -0.3289 0.9404 0.0860
vn -0.1385 0.9514 0.2750
vn 0.0643 -0.9979 0.0041
vn 0.3309 -0.9437 0.0016
vn 0.4313 -0.0019 -0.9022
vn 0.9407 0.0033 -0.3393
vn 0.0539 0.9985 -0.0050
vn 0.3212 0.9470 -0.0070
vn 0.4461 0.0064 0.8950
vn 0.9461 0.0064 0.3238
vn 0.0056 -0.9985 0.0547
vn 0.0073 -0.9584 0.2852
vn -0.0048 0.9989 0.0456
vn -0.0027 0.9610 0.2764
vn -0.9407 -0.0033 0.3393
vn -0.4313 0.0019 0.9022
vn -0.0539 -0.9985 0.0050
vn -0.3211 -0.9470 0.0070
vn -0.0642 0.9979 -0.0041
vn -0.3310 0.9436 -0.0016
vn -0.4461 -0.0064 -0.8950
vn -0.9461 -0.0064 -0.3238
vn 0.0048 -0.9989 -0.0456
vn 0.0027 -0.9610 -0.2765
vn -0.0056 0.9985 -0.0547
vn -0.0073 0.9584 -0.2852
vn 0.0052 -1.0000 0.0046
vn 1.0000 0.0051 -0.0082
vn -0.0082 -0.0046 -1.0000
vn -0.0052 1.0000 -0.0046
vn 0.0082 0.0046 1.0000
vn -1.0000 -0.0051 0.0082
vn 0.2603 -0.9126 -0.3152
vn -0.3478 -0.6355 -0.6893
vn 0.3276 -0.3345 -0.8836
vn -0.5604 0.2141 -0.8001
vn -0.3535 0.8645 -0.3573
vn 0.1364 0.5262 -0.8393
vn 0.5936 -0.8045 0.0207
vn 0.8182 -0.2876 -0.4978
vn 0.9663 -0.1127 0.2315
vn 0.0530 0.9909 -0.1235
vn 0.6511 0.7115 0.2644
vn 0.6521 0.5795 -0.4888
vn -0.0652 -0.9973 0.0350
vn -0.5419 -0.6547 0.5270
vn -0.7486 -0.6294 -0.2086
vn -0.5813 0.8108 0.0678
vn -0.9276 0.2310 -0.2935
vn -0.8698 0.1625 0.4659
vn 0.2683 -0.8891 0.3709
vn 0.6241 -0.3067 0.7186
vn -0.1100 -0.4076 0.9065
vn -0.1752 0.9372 0.3017
vn -0.4126 0.4160 0.8104
vn 0.3427 0.5278 0.7771
vn 0.4303 -0.8812 -0.1958
vn 0.6381 -0.3648 -0.6781
vn -0.4897 -0.1701 -0.8551
vn 0.2372 0.0396 -0.9706
vn -0.1100 0.9612 -0.2528
vn 0.3516 0.6122 -0.7083
vn 0.9298 0.2801 0.2386
vn 0.8252 0.2261 -0.5176
vn 0.4841 -0.8534 0.1933
vn 0.8045 -0.2787 0.5245
vn -0.0563 0.9891 0.1364
vn 0.5179 0.6981 0.4943
vn -0.2373 -0.0396 0.9706
vn 0.4897 0.1701 0.8551
vn 0.1101 -0.9612 0.2528
vn -0.3516 -0.6121 0.7083
vn -0.4304 0.8812 0.1958
vn -0.6382 0.3646 0.6781
vn -0.9298 -0.2801 -0.2386
vn -0.8252 -0.2260 0.5176
vn 0.0562 -0.9891 -0.1364
vn -0.5178 -0.6982 -0.4943
vn -0.4842 0.8533 -0.1934
vn -0.8045 0.2788 -0.5245
vn 0.2813 -0.9592 0.0296
vn 0.5750 0.1438 -0.8054
vn -0.7683 -0.2436 -0.5919
vn -0.2813 0.9592 -0.0296
vn 0.7683 0.2436 0.5919
vn -0.5750 -0.1438 0.8054
vn -0.0206 -0.9342 -0.3562
vn -0.6633 -0.5474 -0.5102
vn -0.0533 -0.3598 -0.9315
vn -0.7537 0.3290 -0.5689
vn -0.3022 0.9217 -0.2431
vn -0.0696 0.5193 -0.8518
vn 0.4202 -0.8938 -0.1568
vn 0.5397 -0.4077 -0.7365
vn 0.9536 -0.2816 -0.1064
vn 0.1745 0.9707 -0.1649
vn 0.8126 0.5827 0.0055
vn 0.5357 0.4742 -0.6987
vn -0.2172 -0.9723 0.0860
vn -0.4335 -0.5681 0.6996
vn -0.8699 -0.4871 0.0772
vn -0.3776 0.8954 0.2357
vn -0.9188 0.3933 0.0316
vn -0.6193 0.2945 0.7279
vn 0.2237 -0.9319 0.2855
vn 0.7695 -0.4287 0.4734
vn 0.1369 -0.4087 0.9023
vn 0.0987 0.9443 0.3139
vn -0.0366 0.4568 0.8888
vn 0.6702 0.4396 0.5980
vn 0.1826 -0.9355 -0.3026
vn 0.2988 -0.4481 -0.8426
vn -0.7720 -0.0600 -0.6327
vn -0.1031 0.0265 -0.9943
vn -0.0249 0.9728 -0.2303
vn 0.1886 0.5637 -0.8041
vn 0.9888 0.1114 -0.0996
vn 0.6263 0.0975 -0.7734
vn 0.3693 -0.9283 0.0442
vn 0.8752 -0.4261 0.2291
vn 0.1617 0.9799 0.1165
vn 0.7650 0.5858 0.2676
vn 0.1031 -0.0265 0.9943
vn 0.7721 0.0600 0.6327
vn 0.0250 -0.9728 0.2303
vn -0.1886 -0.5636 0.8042
vn -0.1827 0.9354 0.3027
vn -0.2987 0.4482 0.8426
vn -0.9888 -0.1114 0.0994
vn -0.6262 -0.0975 0.7736
vn -0.1615 -0.9800 -0.1165
vn -0.7650 -0.5859 -0.2675
vn -0.3692 0.9283 -0.0442
vn -0.8752 0.4260 -0.2291
vn 0.1081 -0.9934 -0.0377
vn 0.2831 0.0671 -0.9567
vn -0.9530 -0.0928 -0.2885
vn -0.1081 0.9934 0.0377
vn 0.9530 0.0928 0.2885
vn -0.2831 -0.0671 0.9567
vn 0.0441 -0.9368 -0.3470
vn -0.4422 -0.4992 -0.7452
vn 0.3006 -0.3751 -0.8769
vn -0.4228 0.3801 -0.8226
vn -0.0933 0.9387 -0.3318
vn 0.3313 0.5036 -0.7979
vn 0.3664 -0.9303 0.0159
vn 0.7551 -0.4700 -0.4571
vn 0.8847 -0.3657 0.2891
vn 0.3121 0.9478 -0.0646
vn 0.7874 0.5100 0.3462
vn 0.8143 0.4097 -0.4112
vn -0.3186 -0.9476 -0.0247
vn -0.7300 -0.5121 0.4526
vn -0.8650 -0.4076 -0.2928
vn -0.3602 0.9300 0.0733
vn -0.8126 0.4722 -0.3417
vn -0.8340 0.3639 0.4148
vn 0.0038 -0.9410 0.3383
vn 0.4671 -0.4830 0.7406
vn -0.2808 -0.3982 0.8733
vn 0.0450 0.9391 0.3407
vn -0.3563 0.4785 0.8025
vn 0.4030 0.3934 0.8263
vn 0.2067 -0.9545 -0.2150
vn 0.5761 -0.4917 -0.6530
vn -0.4478 -0.0073 -0.8941
vn 0.3153 0.0125 -0.9489
vn 0.1579 0.9657 -0.2060
vn 0.5502 0.5265 -0.6481
vn 0.9486 0.0227 0.3155
vn 0.8937 0.0249 -0.4479
vn 0.2349 -0.9556 0.1778
vn 0.6634 -0.4952 0.5610
vn 0.1861 0.9646 0.1868
vn 0.6374 0.5232 0.5657
vn -0.3154 -0.0125 0.9489
vn 0.4478 0.0073 0.8941
vn -0.1578 -0.9658 0.2060
vn -0.5502 -0.5264 0.6482
vn -0.2069 0.9544 0.2150
vn -0.5762 0.4917 0.6529
vn -0.9486 -0.0227 -0.3157
vn -0.8937 -0.0249 0.4480
vn -0.1860 -0.9646 -0.1868
vn -0.6373 -0.5231 -0.5658
vn -0.2348 0.9556 -0.1778
vn -0.6634 0.4950 -0.5611
vn 0.0255 -0.9997 -0.0047
vn 0.6544 0.0202 -0.7559
vn -0.7557 -0.0162 -0.6547
vn -0.0255 0.9997 0.0047
vn 0.7557 0.0162 0.6547
vn -0.6544 -0.0202 0.7559
vn -0.0318 -0.9254 -0.3777
vn -0.7191 -0.5867 -0.3725
vn -0.2324 -0.3436 -0.9099
vn -0.8826 0.2807 -0.3770
vn -0.4135 0.9002 -0.1364
vn -0.2934 0.5296 -0.7959
vn 0.4379 -0.8548 -0.2784
vn 0.3907 -0.3492 -0.8517
vn 0.9240 -0.2040 -0.3235
vn 0.0640 0.9846 -0.1629
vn 0.7497 0.6443 -0.1511
vn 0.3323 0.5288 -0.7810
vn -0.1225 -0.9879 0.0951
vn -0.2258 -0.6145 0.7559
vn -0.7941 -0.5549 0.2481
vn -0.3793 0.8581 0.3461
vn -0.9148 0.3196 0.2470
vn -0.4621 0.2301 0.8564
vn 0.3474 -0.9174 0.1944
vn 0.8839 -0.3771 0.2767
vn 0.3624 -0.4153 0.8344
vn 0.0981 0.9425 0.3196
vn 0.1286 0.4340 0.8917
vn 0.7528 0.4782 0.4525
vn 0.1776 -0.9119 -0.3701
vn 0.1359 -0.4061 -0.9037
vn -0.8867 -0.1071 -0.4497
vn -0.3225 0.0388 -0.9458
vn -0.1450 0.9724 -0.1826
vn -0.0351 0.5931 -0.8044
vn 0.9316 0.1903 -0.3099
vn 0.4307 0.1620 -0.8878
vn 0.4353 -0.8973 -0.0726
vn 0.9324 -0.3612 0.0154
vn 0.1128 0.9870 0.1148
vn 0.7614 0.6380 0.1148
vn 0.3225 -0.0389 0.9458
vn 0.8867 0.1071 0.4497
vn 0.1449 -0.9724 0.1826
vn 0.0351 -0.5931 0.8044
vn -0.1776 0.9119 0.3701
vn -0.1359 0.4059 0.9037
vn -0.9316 -0.1903 0.3098
vn -0.4307 -0.1620 0.8878
vn -0.1128 -0.9870 -0.1148
vn -0.7614 -0.6380 -0.1148
vn -0.4352 0.8974 0.0726
vn -0.9324 0.3610 -0.0154
vn 0.1679 -0.9810 -0.0976
vn 0.0585 0.1087 -0.9923
vn -0.9841 -0.1609 -0.0757
vn -0.1679 0.9810 0.0976
vn 0.9841 0.1609 0.0757
vn -0.0585 -0.1087 0.9923
vn -0.0689 -0.9421 -0.3281
vn -0.7145 -0.5452 -0.4384
vn -0.1386 -0.3819 -0.9137
vn -0.7923 0.3309 -0.5127
vn -0.3029 0.9219 -0.2417
vn -0.1305 0.4991 -0.8567
vn 0.3878 -0.9065 -0.1673
vn 0.4677 -0.4378 -0.7678
vn 0.9355 -0.3050 -0.1782
vn 0.1796 0.9622 -0.2049
vn 0.8216 0.5648 -0.0780
vn 0.4843 0.4446 -0.7536
vn -0.2282 -0.9649 0.1299
vn -0.3841 -0.5407 0.7484
vn -0.8698 -0.4658 0.1628
vn -0.3388 0.9091 0.2424
vn -0.9049 0.4142 0.0976
vn -0.5500 0.3261 0.7689
vn 0.2282 -0.9292 0.2907
vn 0.7979 -0.4335 0.4188
vn 0.2042 -0.3888 0.8984
vn 0.1435 0.9495 0.2790
vn 0.0473 0.4797 0.8762
vn 0.7268 0.4397 0.5277
vn 0.1380 -0.9465 -0.2916
vn 0.2179 -0.4755 -0.8523
vn -0.8236 -0.0589 -0.5641
vn -0.1859 0.0038 -0.9826
vn -0.0250 0.9670 -0.2534
vn 0.1314 0.5390 -0.8320
vn 0.9789 0.0871 -0.1849
vn 0.5607 0.0643 -0.8255
vn 0.3532 -0.9348 0.0380
vn 0.8827 -0.4394 0.1665
vn 0.1901 0.9788 0.0763
vn 0.7963 0.5754 0.1868
vn 0.1859 -0.0038 0.9826
vn 0.8237 0.0589 0.5640
vn 0.0250 -0.9670 0.2534
vn -0.1314 -0.5390 0.8320
vn -0.1380 0.9465 0.2916
vn -0.2178 0.4757 0.8522
vn -0.9789 -0.0871 0.1848
vn -0.5607 -0.0643 0.8255
vn -0.1901 -0.9788 -0.0763
vn -0.7964 -0.5752 -0.1868
vn -0.3532 0.9348 -0.0380
vn -0.8828 0.4393 -0.1665
vn 0.0849 -0.9962 -0.0199
vn 0.2029 0.0368 -0.9785
vn -0.9755 -0.0790 -0.2052
vn -0.0849 0.9962 0.0199
vn 0.9755 0.0790 0.2052
vn -0.2029 -0.0368 0.9785
vn 0.3223 -0.9350 -0.1478
vn 0.2837 -0.5320 -0.7978
vn 0.8691 -0.3631 -0.3360
vn 0.3239 0.3460 -0.8805
vn 0.1542 0.9283 -0.3383
vn 0.7993 0.5167 -0.3069
vn 0.2634 -0.9053 0.3332
vn 0.8583 -0.4256 0.2865
vn 0.3809 -0.3074 0.8720
vn 0.2217 0.9649 0.1409
vn 0.2428 0.5609 0.7914
vn 0.8320 0.4565 0.3151
vn -0.1588 -0.9658 -0.2050
vn -0.8038 -0.5529 -0.2197
vn -0.3379 -0.4633 -0.8192
vn -0.3258 0.9062 -0.2694
vn -0.2977 0.4175 -0.8585
vn -0.8750 0.3145 -0.3680
vn -0.2178 -0.9362 0.2760
vn -0.2291 -0.4466 0.8649
vn -0.8262 -0.4079 0.3886
vn -0.2585 0.9429 0.2100
vn -0.8540 0.4617 0.2397
vn -0.3668 0.4245 0.8278
vn 0.3314 -0.9414 0.0622
vn 0.8876 -0.4600 0.0243
vn 0.3743 -0.0426 -0.9263
vn 0.9192 0.0244 -0.3930
vn 0.2246 0.9720 -0.0690
vn 0.8308 0.5547 -0.0453
vn 0.3899 0.0846 0.9170
vn 0.9257 0.0771 0.3704
vn 0.0558 -0.9375 0.3434
vn 0.0356 -0.4480 0.8933
vn -0.0511 0.9759 0.2122
vn -0.0211 0.5665 0.8238
vn -0.9192 -0.0244 0.3929
vn -0.3743 0.0426 0.9263
vn -0.2246 -0.9720 0.0690
vn -0.8310 -0.5545 0.0453
vn -0.3315 0.9414 -0.0622
vn -0.8876 0.4600 -0.0243
vn -0.3897 -0.0846 -0.9170
vn -0.9257 -0.0771 -0.3704
vn 0.0511 -0.9759 -0.2122
vn 0.0211 -0.5666 -0.8238
vn -0.0558 0.9375 -0.3434
vn -0.0356 0.4479 -0.8934
vn 0.0556 -0.9961 0.0683
vn 0.9984 0.0549 -0.0122
vn -0.0084 -0.0689 -0.9976
vn -0.0556 0.9961 -0.0683
vn 0.0084 0.0689 0.9976
vn -0.9984 -0.0549 0.0122
vn 0.3770 -0.9100 -0.1728
vn 0.0137 -0.6224 -0.7826
vn 0.7019 -0.3243 -0.6342
vn -0.1224 0.2305 -0.9653
vn -0.1455 0.8726 -0.4663
vn 0.5125 0.5374 -0.6698
vn 0.5150 -0.8096 0.2816
vn 0.9558 -0.2870 -0.0635
vn 0.7465 -0.1242 0.6537
vn 0.1046 0.9922 -0.0678
vn 0.4532 0.7019 0.5495
vn 0.8050 0.5814 -0.1183
vn -0.0745 -0.9971 -0.0163
vn -0.7254 -0.6579 0.2023
vn -0.5653 -0.6199 -0.5443
vn -0.5456 0.8144 -0.1975
vn -0.6835 0.2430 -0.6883
vn -0.9866 0.1628 0.0089
vn 0.0638 -0.8967 0.4381
vn 0.2169 -0.3224 0.9214
vn -0.5204 -0.4198 0.7436
vn -0.2953 0.9340 0.2009
vn -0.7430 0.4076 0.5309
vn -0.0591 0.5137 0.8559
vn 0.4715 -0.8818 0.0127
vn 0.8806 -0.3599 -0.3081
vn -0.0343 -0.1534 -0.9876
vn 0.6627 0.0519 -0.7471
vn 0.0210 0.9657 -0.2587
vn 0.6416 0.6196 -0.4521
vn 0.7112 0.2689 0.6495
vn 0.9715 0.2268 -0.0689
vn 0.3377 -0.8601 0.3824
vn 0.4667 -0.2931 0.8345
vn -0.1130 0.9874 0.1110
vn 0.2278 0.6865 0.6906
vn -0.6626 -0.0519 0.7471
vn 0.0344 0.1535 0.9876
vn -0.0210 -0.9657 0.2587
vn -0.6417 -0.6196 0.4520
vn -0.4717 0.8816 -0.0127
vn -0.8806 0.3600 0.3081
vn -0.7112 -0.2689 -0.6495
vn -0.9715 -0.2268 0.0691
vn 0.1130 -0.9874 -0.1110
vn -0.2277 -0.6865 -0.6905
vn -0.3376 0.8601 -0.3824
vn -0.4668 0.2931 -0.8344
vn 0.2346 -0.9618 0.1413
vn 0.8844 0.1509 -0.4417
vn -0.4035 -0.2286 -0.8860
vn -0.2346 0.9618 -0.1413
vn 0.4035 0.2286 0.8860
vn -0.8844 -0.1509 0.4417
vn 0.0043 -0.9388 -0.3445
vn -0.4920 -0.4914 -0.7186
vn 0.2457 -0.3852 -0.8895
vn -0.4563 0.3870 -0.8012
vn -0.0885 0.9395 -0.3310
vn 0.3006 0.4928 -0.8165
vn 0.3453 -0.9385 0.0012
vn 0.7191 -0.4891 -0.4936
vn 0.8899 -0.3852 0.2443
vn 0.3303 0.9400 -0.0855
vn 0.8161 0.4925 0.3023
vn 0.8010 0.3892 -0.4549
vn -0.3414 -0.9399 -0.0036
vn -0.7171 -0.4934 0.4923
vn -0.8882 -0.3884 -0.2453
vn -0.3340 0.9385 0.0877
vn -0.8181 0.4899 -0.3012
vn -0.8026 0.3844 0.4562
vn -0.0002 -0.9397 0.3421
vn 0.4939 -0.4910 0.7176
vn -0.2440 -0.3884 0.8886
vn 0.0847 0.9390 0.3334
vn -0.3028 0.4896 0.8177
vn 0.4544 0.3867 0.8025
vn 0.1731 -0.9598 -0.2209
vn 0.5296 -0.5073 -0.6798
vn -0.4940 -0.0000 -0.8695
vn 0.2655 0.0018 -0.9641
vn 0.1691 0.9611 -0.2185
vn 0.5276 0.5112 -0.6785
vn 0.9641 0.0017 0.2656
vn 0.8695 0.0025 -0.4939
vn 0.2219 -0.9602 0.1699
vn 0.6802 -0.5085 0.5280
vn 0.2176 0.9607 0.1723
vn 0.6781 0.5099 0.5292
vn -0.2654 -0.0018 0.9641
vn 0.4938 -0.0000 0.8696
vn -0.1690 -0.9611 0.2186
vn -0.5275 -0.5113 0.6784
vn -0.1730 0.9598 0.2210
vn -0.5298 0.5073 0.6797
vn -0.9642 -0.0017 -0.2653
vn -0.8695 -0.0025 0.4940
vn -0.2177 -0.9607 -0.1723
vn -0.6781 -0.5100 -0.5292
vn -0.2220 0.9601 -0.1699
vn -0.6800 0.5087 -0.5280
vn 0.0021 -1.0000 -0.0013
vn 0.6142 0.0023 -0.7891
vn -0.7891 -0.0009 -0.6143
vn -0.0021 1.0000 0.0013
vn 0.7891 0.0009 0.6143
vn -0.6142 -0.0023 0.7891
vn 0.1329 -0.9910 -0.0134
vn 0.3111 -0.9439 -0.1104
vn 0.7206 -0.6923 -0.0393
vn 0.3189 0.9410 -0.1130
vn 0.1094 0.9938 -0.0213
vn 0.6296 0.7765 -0.0269
vn 0.1013 -0.9946 0.0227
vn 0.6235 -0.7811 0.0351
vn 0.3098 -0.9435 0.1172
vn 0.1405 0.9900 0.0152
vn 0.3170 0.9415 0.1145
vn 0.7252 0.6869 0.0486
vn -0.1091 -0.9938 -0.0199
vn -0.6293 -0.7765 -0.0329
vn -0.3172 -0.9414 -0.1145
vn -0.1329 0.9910 -0.0180
vn -0.3098 0.9435 -0.1172
vn -0.7201 0.6920 -0.0506
vn -0.1408 -0.9899 0.0162
vn -0.3188 -0.9411 0.1131
vn -0.7260 -0.6865 0.0412
vn -0.1015 0.9947 0.0185
vn -0.6241 0.7810 0.0247
vn -0.3112 0.9439 0.1104
vn 0.1329 -0.9911 0.0023
vn 0.6239 -0.7814 0.0052
vn 0.9424 -0.0042 -0.3343
vn 0.9984 -0.0040 -0.0555
vn 0.1409 0.9900 -0.0005
vn 0.6296 0.7769 0.0030
vn 0.9380 -0.0032 0.3466
vn 0.9976 -0.0038 0.0685
vn -0.0041 -0.9997 0.0221
vn -0.0047 -0.9926 0.1213
vn 0.0038 0.9998 0.0193
vn 0.0031 0.9930 0.1184
vn -0.9985 0.0040 0.0555
vn -0.9425 0.0042 0.3343
vn -0.1407 -0.9901 0.0005
vn -0.6297 -0.7768 -0.0030
vn -0.1330 0.9911 -0.0023
vn -0.6238 0.7816 -0.0052
vn -0.9380 0.0032 -0.3466
vn -0.9976 0.0038 -0.0685
vn -0.0038 -0.9998 -0.0193
vn -0.0031 -0.9930 -0.1185
vn 0.0041 0.9997 -0.0221
vn 0.0047 0.9926 -0.1212
vn -0.0039 -1.0000 0.0014
vn 1.0000 -0.0039 0.0065
vn 0.0065 -0.0014 -1.0000
vn 0.0039 1.0000 -0.0014
vn -0.0065 0.0014 1.0000
vn -1.0000 0.0039 -0.0065
vn 0.1345 -0.9907 -0.0195
vn 0.3126 -0.9427 -0.1166
vn 0.7217 -0.6907 -0.0448
vn 0.3169 0.9422 -0.1083
vn 0.1076 0.9941 -0.0157
vn 0.6283 0.7776 -0.0238
vn 0.1028 -0.9946 0.0166
vn 0.6246 -0.7804 0.0291
vn 0.3117 -0.9437 0.1109
vn 0.1389 0.9901 0.0207
vn 0.3156 0.9414 0.1193
vn 0.7248 0.6871 0.0511
vn -0.1073 -0.9939 -0.0254
vn -0.6280 -0.7774 -0.0360
vn -0.3162 -0.9412 -0.1193
vn -0.1345 0.9908 -0.0120
vn -0.3115 0.9437 -0.1109
vn -0.7208 0.6916 -0.0450
vn -0.1392 -0.9902 0.0108
vn -0.3167 -0.9423 0.1083
vn -0.7247 -0.6880 0.0388
vn -0.1035 0.9943 0.0245
vn -0.6251 0.7799 0.0306
vn -0.3125 0.9427 0.1166
vn 0.1346 -0.9909 -0.0038
vn 0.6250 -0.7806 -0.0008
vn 0.9417 -0.0006 -0.3364
vn 0.9983 -0.0020 -0.0577
vn 0.1390 0.9903 0.0050
vn 0.6287 0.7776 0.0061
vn 0.9388 -0.0036 0.3445
vn 0.9978 -0.0025 0.0663
vn -0.0023 -0.9999 0.0163
vn -0.0027 -0.9933 0.1155
vn 0.0021 0.9997 0.0251
vn 0.0017 0.9923 0.1242
vn -0.9983 0.0020 0.0577
vn -0.9417 0.0006 0.3365
vn -0.1387 -0.9903 -0.0050
vn -0.6286 -0.7777 -0.0061
vn -0.1349 0.9909 0.0038
vn -0.6250 0.7806 0.0008
vn -0.9388 0.0036 -0.3445
vn -0.9978 0.0025 -0.0663
vn -0.0021 -0.9997 -0.0251
vn -0.0017 -0.9922 -0.1243
vn 0.0023 0.9999 -0.0163
vn 0.0027 0.9933 -0.1154
vn -0.0022 -1.0000 -0.0044
vn 1.0000 -0.0022 0.0043
vn 0.0043 0.0044 -1.0000
vn 0.0022 1.0000 0.0044
vn -0.0043 -0.0044 1.0000
vn -1.0000 0.0022 -0.0043
vn 0.0403 -0.9971 -0.0649
vn 0.0749 -0.8975 -0.4347
vn 0.2637 -0.9457 -0.1898
vn 0.1393 0.8388 -0.5263
vn 0.0471 0.9956 -0.0807
vn 0.2810 0.9414 -0.1866
vn 0.0285 -0.9963 0.0809
vn 0.2630 -0.9464 0.1877
vn 0.1218 -0.8412 0.5268
vn 0.0583 0.9962 0.0651
vn 0.0896 0.8959 0.4350
vn 0.2803 0.9408 0.1909
vn -0.0468 -0.9953 -0.0843
vn -0.2803 -0.9408 -0.1909
vn -0.1372 -0.8370 -0.5297
vn -0.0400 0.9973 -0.0618
vn -0.0731 0.8989 -0.4320
vn -0.2630 0.9464 -0.1877
vn -0.0586 -0.9964 0.0616
vn -0.0913 -0.8974 0.4316
vn -0.2810 -0.9414 0.1866
vn -0.0288 0.9960 0.0841
vn -0.2637 0.9457 0.1898
vn -0.1239 0.8394 0.5292
vn 0.0402 -0.9992 -0.0016
vn 0.2682 -0.9634 -0.0011
vn 0.2420 -0.0006 -0.9703
vn 0.8227 -0.0066 -0.5684
vn 0.0585 0.9983 0.0018
vn 0.2858 0.9583 0.0022
vn 0.2381 -0.0038 0.9712
vn 0.8204 -0.0085 0.5717
vn -0.0093 -0.9967 0.0809
vn -0.0091 -0.9012 0.4333
vn 0.0090 0.9964 0.0842
vn 0.0074 0.8997 0.4364
vn -0.8227 0.0066 0.5684
vn -0.2420 0.0006 0.9703
vn -0.0585 -0.9983 -0.0018
vn -0.2858 -0.9583 -0.0022
vn -0.0402 0.9992 0.0016
vn -0.2682 0.9634 0.0011
vn -0.2381 0.0038 -0.9712
vn -0.8204 0.0085 -0.5717
vn -0.0090 -0.9964 -0.0842
vn -0.0074 -0.8998 -0.4363
vn 0.0093 0.9967 -0.0809
vn 0.0091 0.9012 -0.4333
vn -0.0092 -1.0000 -0.0017
vn 1.0000 -0.0092 0.0020
vn 0.0020 0.0017 -1.0000
vn 0.0092 1.0000 0.0017
vn -0.0020 -0.0017 1.0000
vn -1.0000 0.0092 -0.0020
vn 0.5507 -0.8317 -0.0708
vn 0.7919 -0.4977 -0.3538
vn 0.9790 -0.1904 -0.0731
vn 0.7839 0.5041 -0.3625
vn 0.4372 0.8918 -0.1164
vn 0.9634 0.2617 -0.0585
vn 0.4510 -0.8847 0.1179
vn 0.9672 -0.2462 0.0620
vn 0.7906 -0.4915 0.3653
vn 0.5370 0.8405 0.0727
vn 0.7825 0.5103 0.3566
vn 0.9755 0.2061 0.0766
vn -0.4368 -0.8937 -0.1026
vn -0.9632 -0.2627 -0.0576
vn -0.7825 -0.5103 -0.3567
vn -0.5503 0.8304 -0.0871
vn -0.7906 0.4915 -0.3653
vn -0.9787 0.1891 -0.0800
vn -0.5373 -0.8391 0.0852
vn -0.7839 -0.5042 0.3625
vn -0.9758 -0.2048 0.0765
vn -0.4514 0.8866 0.1010
vn -0.9675 0.2472 0.0541
vn -0.7919 0.4977 0.3538
vn 0.5522 -0.8337 0.0082
vn 0.9690 -0.2471 0.0039
vn 0.9104 0.0037 -0.4138
vn 0.9971 0.0073 -0.0764
vn 0.5388 0.8424 -0.0063
vn 0.9649 0.2626 -0.0005
vn 0.9088 0.0109 0.4171
vn 0.9968 0.0087 0.0799
vn 0.0077 -0.9914 0.1308
vn 0.0054 -0.8073 0.5901
vn -0.0082 0.9935 0.1137
vn -0.0076 0.8174 0.5761
vn -0.9971 -0.0073 0.0763
vn -0.9103 -0.0037 0.4139
vn -0.5388 -0.8424 0.0063
vn -0.9649 -0.2626 0.0005
vn -0.5522 0.8337 -0.0082
vn -0.9690 0.2471 -0.0039
vn -0.9088 -0.0109 -0.4171
vn -0.9968 -0.0087 -0.0799
vn 0.0082 -0.9935 -0.1137
vn 0.0076 -0.8174 -0.5761
vn -0.0077 0.9914 -0.1308
vn -0.0054 0.8073 -0.5901
vn 0.0080 -0.9999 0.0086
vn 1.0000 0.0080 0.0018
vn 0.0019 -0.0086 -1.0000
vn -0.0080 0.9999 -0.0086
vn -0.0019 0.0086 1.0000
vn -1.0000 -0.0080 -0.0018
vn 0.5464 -0.8341 -0.0755
vn 0.7903 -0.4992 -0.3553
vn 0.9782 -0.1951 -0.0717
vn 0.7876 0.5027 -0.3562
vn 0.4423 0.8903 -0.1082
vn 0.9649 0.2570 -0.0537
vn 0.4459 -0.8880 0.1125
vn 0.9657 -0.2518 0.0629
vn 0.7868 -0.4985 0.3639
vn 0.5412 0.8370 0.0807
vn 0.7841 0.5035 0.3629
vn 0.9764 0.2004 0.0811
vn -0.4412 -0.8905 -0.1108
vn -0.9644 -0.2571 -0.0625
vn -0.7842 -0.5034 -0.3629
vn -0.5457 0.8339 -0.0824
vn -0.7868 0.4985 -0.3639
vn -0.9774 0.1950 -0.0815
vn -0.5420 -0.8368 0.0772
vn -0.7876 -0.5027 0.3562
vn -0.9771 -0.2002 0.0721
vn -0.4471 0.8881 0.1065
vn -0.9663 0.2519 0.0531
vn -0.7903 0.4992 0.3553
vn 0.5478 -0.8366 0.0035
vn 0.9676 -0.2523 0.0049
vn 0.9116 0.0020 -0.4111
vn 0.9973 0.0026 -0.0733
vn 0.5432 0.8396 0.0018
vn 0.9663 0.2575 0.0044
vn 0.9076 0.0028 0.4198
vn 0.9966 0.0028 0.0829
vn 0.0021 -0.9924 0.1232
vn -0.0006 -0.8118 0.5839
vn -0.0033 0.9926 0.1212
vn -0.0050 0.8130 0.5823
vn -0.9973 -0.0026 0.0733
vn -0.9116 -0.0020 0.4110
vn -0.5432 -0.8396 -0.0018
vn -0.9663 -0.2575 -0.0044
vn -0.5478 0.8366 -0.0035
vn -0.9676 0.2523 -0.0049
vn -0.9076 -0.0028 -0.4199
vn -0.9966 -0.0028 -0.0829
vn 0.0033 -0.9926 -0.1212
vn 0.0050 -0.8130 -0.5823
vn -0.0021 0.9924 -0.1232
vn 0.0006 0.8118 -0.5839
vn 0.0027 -1.0000 0.0010
vn 1.0000 0.0027 0.0048
vn 0.0048 -0.0010 -1.0000
vn -0.0027 1.0000 -0.0010
vn -0.0048 0.0010 1.0000
vn -1.0000 -0.0027 -0.0048
vn 0.0984 -0.4958 -0.8629
vn 0.0613 -0.0736 -0.9954
vn 0.4711 -0.2064 -0.8576
vn 0.0473 0.1006 -0.9938
vn 0.1677 0.5934 -0.7872
vn 0.4748 0.2024 -0.8565
vn 0.1646 -0.5963 0.7857
vn 0.4791 -0.2108 0.8521
vn 0.0549 -0.1015 0.9933
vn 0.1153 0.4939 0.8618
vn 0.0720 0.0724 0.9948
vn 0.4827 0.1979 0.8531
vn -0.1751 -0.5893 -0.7887
vn -0.4828 -0.1979 -0.8531
vn -0.0566 -0.0954 -0.9938
vn -0.1065 0.5003 -0.8593
vn -0.0707 0.0788 -0.9944
vn -0.4792 0.2109 -0.8520
vn -0.1072 -0.4984 0.8603
vn -0.0627 -0.0776 0.9950
vn -0.4747 -0.2024 0.8565
vn -0.1572 0.5923 0.7903
vn -0.4711 0.2064 0.8576
vn -0.0456 0.0963 0.9943
vn 0.3682 -0.0057 0.9297
vn -0.0055 -0.0959 -0.9954
vn 0.0976 -0.4919 -0.8651
vn 0.0532 -0.0700 -0.9961
vn 0.4661 -0.1972 -0.8625
vn 0.0367 0.1040 -0.9939
vn 0.1518 0.5979 -0.7871
vn 0.4639 0.2116 -0.8603
vn 0.1804 -0.5960 0.7824
vn 0.4900 -0.2062 0.8470
vn 0.0655 -0.1034 0.9925
vn 0.1161 0.4932 0.8622
vn 0.0801 0.0708 0.9943
vn 0.4877 0.2026 0.8492
vn -0.1738 -0.5896 -0.7888
vn -0.4877 -0.2026 -0.8492
vn -0.0644 -0.0935 -0.9935
vn -0.1217 0.5010 -0.8568
vn -0.0809 0.0805 -0.9935
vn -0.4900 0.2062 -0.8470
vn -0.0921 -0.5023 0.8598
vn -0.0523 -0.0812 0.9953
vn -0.4638 -0.2116 0.8603
vn -0.1584 0.5878 0.7933
vn -0.4662 0.1972 0.8624
vn -0.0378 0.0929 0.9950
vn 0.8556 -0.5174 -0.0147
vn 0.3508 0.0070 -0.9364
vn -0.3508 -0.0070 0.9364
vn -0.2751 0.9614 0.0089
vn -0.3767 0.0028 -0.9263
vn 0.7920 -0.5784 -0.1953
vn 0.8201 -0.1814 -0.5427
vn 0.9949 -0.0860 -0.0523
vn 0.8153 0.2069 -0.5409
vn 0.8539 0.5069 -0.1180
vn 0.9936 0.0880 -0.0702
vn 0.8634 -0.4860 0.1358
vn 0.9938 -0.0639 0.0907
vn 0.8087 -0.1872 0.5577
vn 0.7735 0.5974 0.2115
vn 0.8040 0.2012 0.5596
vn 0.9913 0.1101 0.0728
vn -0.8513 -0.5055 -0.1409
vn -0.9920 -0.0872 -0.0915
vn -0.8039 -0.2012 -0.5597
vn -0.7879 0.5805 -0.2054
vn -0.8087 0.1872 -0.5577
vn -0.9937 0.0866 -0.0717
vn -0.7776 -0.5995 0.1893
vn -0.8152 -0.2070 0.5409
vn -0.9925 -0.1108 0.0512
vn -0.8660 0.4846 0.1231
vn -0.9955 0.0630 0.0710
vn -0.8201 0.1814 0.5428
vn 0.8721 -0.4894 0.0064
vn 0.9974 0.0125 -0.0708
vn 0.8990 0.0087 0.4378
vn -0.0147 0.4455 0.8952
vn 0.7810 -0.5899 -0.2053
vn 0.8096 -0.1941 -0.5540
vn 0.9928 -0.1001 -0.0663
vn 0.8103 0.1943 -0.5529
vn 0.8591 0.4946 -0.1314
vn 0.9937 0.0739 -0.0846
vn 0.8583 -0.4978 0.1245
vn 0.9940 -0.0776 0.0767
vn 0.8139 -0.1974 0.5464
vn 0.7848 0.5869 0.1990
vn 0.8146 0.1910 0.5477
vn 0.9936 0.0963 0.0583
vn -0.8602 -0.4938 -0.1275
vn -0.9943 -0.0734 -0.0771
vn -0.8146 -0.1910 -0.5476
vn -0.7825 0.5911 -0.1955
vn -0.8139 0.1974 -0.5465
vn -0.9933 0.1004 -0.0578
vn -0.7832 -0.5881 0.2017
vn -0.8103 -0.1943 0.5529
vn -0.9931 -0.0967 0.0657
vn -0.8573 0.4970 0.1343
vn -0.9934 0.0772 0.0850
vn -0.8095 0.1941 0.5541
vn -0.8670 -0.4984 0.0019
vn -0.0044 -0.4476 -0.8942
vn 0.0377 -0.9980 -0.0500
vn 0.1422 -0.9394 -0.3120
vn 0.2725 -0.9584 -0.0850
vn 0.0842 0.9688 -0.2333
vn 0.0475 0.9985 -0.0258
vn 0.3425 0.9317 -0.1209
vn 0.0497 -0.9985 0.0249
vn 0.3463 -0.9311 0.1143
vn 0.0904 -0.9686 0.2316
vn 0.0369 0.9981 0.0493
vn 0.1465 0.9396 0.3093
vn 0.2724 0.9589 0.0798
vn -0.0482 -0.9981 -0.0393
vn -0.3449 -0.9299 -0.1278
vn -0.0888 -0.9653 -0.2456
vn -0.0385 0.9986 -0.0348
vn -0.1480 0.9438 -0.2957
vn -0.2739 0.9595 -0.0659
vn -0.0361 -0.9987 0.0356
vn -0.1407 -0.9440 0.2985
vn -0.2709 -0.9600 0.0712
vn -0.0491 0.9980 0.0402
vn -0.3440 0.9293 0.1344
vn -0.0857 0.9652 0.2472
vn 0.2724 0.9622 0.0043
vn 0.4378 -0.0061 0.8991
vn -0.0004 0.9988 0.0497
vn 0.0015 0.9689 0.2473
vn -0.9372 -0.0033 0.3486
vn -0.2725 -0.9622 -0.0043
vn 0.0004 -0.9988 -0.0496
vn 0.2636 -0.9394 -0.2193
vn 0.0440 -0.4977 -0.8662
vn 0.7301 -0.4219 -0.5375
vn -0.2030 0.3485 -0.9151
vn -0.0317 0.9071 -0.4198
vn 0.5367 0.4168 -0.7337
vn 0.5167 -0.8366 0.1822
vn 0.9805 -0.1964 -0.0101
vn 0.6726 -0.2802 0.6849
vn 0.1083 0.9934 0.0369
vn 0.5844 0.5889 0.5582
vn 0.7482 0.6366 -0.1870
vn -0.1390 -0.9892 0.0473
vn -0.8250 -0.5555 0.1045
vn -0.4751 -0.6747 -0.5649
vn -0.4861 0.8323 -0.2662
vn -0.7399 0.1630 -0.6527
vn -0.9456 0.3183 0.0671
vn 0.1141 -0.8864 0.4486
vn 0.1115 -0.2543 0.9607
vn -0.5327 -0.5329 0.6575
vn -0.3458 0.9188 0.1905
vn -0.6922 0.3352 0.6392
vn 0.0054 0.6063 0.7952
vn 0.8686 -0.3837 -0.3135
vn 0.0549 0.9695 -0.2388
vn 0.6638 0.6064 -0.4378
vn 0.9789 0.1947 -0.0621
vn 0.3069 -0.8788 0.3655
vn 0.4538 -0.3259 0.8293
vn -0.0793 0.9882 0.1310
vn 0.2490 0.6640 0.7050
vn 0.0365 0.1320 0.9906
vn -0.4409 0.8976 0.0043
vn -0.8687 0.3836 0.3134
vn -0.7180 -0.2310 -0.6565
vn 0.0794 -0.9882 -0.1310
vn -0.2491 -0.6640 -0.7050
vn -0.3068 0.8788 -0.3656
vn -0.4538 0.3259 -0.8293
vn -0.1396 -0.9388 -0.3150
vn -0.6569 -0.4008 -0.6386
vn 0.0647 -0.4664 -0.8822
vn -0.7073 0.4734 -0.5251
vn -0.1431 0.9418 -0.3042
vn -0.0507 0.4083 -0.9114
vn 0.3330 -0.9202 -0.2058
vn 0.6451 -0.3406 -0.6841
vn 0.8913 -0.4523 0.0310
vn 0.2854 0.9554 -0.0764
vn 0.9031 0.4289 -0.0224
vn 0.5142 0.5324 -0.6724
vn -0.2482 -0.9557 0.1579
vn -0.6099 -0.4319 0.6644
vn -0.8469 -0.5288 -0.0560
vn -0.3704 0.9205 0.1243
vn -0.9381 0.3437 0.0421
vn -0.5586 0.4488 0.6975
vn 0.2246 -0.9372 0.2670
vn 0.6921 -0.3718 0.6187
vn -0.0204 -0.5148 0.8571
vn 0.0581 0.9341 0.3521
vn 0.0158 0.3643 0.9312
vn 0.6629 0.5078 0.5501
vn 0.3232 -0.4744 -0.8189
vn -0.7314 -0.0156 -0.6817
vn 0.0537 0.9702 -0.2362
vn 0.6804 0.0495 -0.7311
vn 0.3037 -0.9500 0.0729
vn 0.8286 -0.4799 0.2883
vn 0.2173 0.9684 0.1220
vn 0.7826 0.5373 0.3142
vn 0.0362 -0.0239 0.9991
vn 0.7314 0.0156 0.6817
vn -0.0537 -0.9702 0.2362
vn -0.3230 0.4744 0.8189
vn -0.9983 -0.0460 0.0350
vn -0.6804 -0.0495 0.7312
vn -0.2172 -0.9685 -0.1220
vn -0.3039 0.9499 -0.0729
vn 0.2244 -0.9501 -0.2165
vn 0.0974 -0.4828 -0.8703
vn 0.7514 -0.4580 -0.4750
vn -0.0900 0.3783 -0.9213
vn 0.0663 0.9151 -0.3978
vn 0.6311 0.3951 -0.6675
vn 0.4429 -0.8716 0.2099
vn 0.9625 -0.2594 0.0797
vn 0.5836 -0.3362 0.7391
vn 0.1663 0.9834 0.0723
vn 0.5630 0.5390 0.6266
vn 0.8012 0.5904 -0.0976
vn -0.2045 -0.9788 0.0086
vn -0.8643 -0.5029 0.0103
vn -0.4589 -0.6315 -0.6250
vn -0.4047 0.8670 -0.2907
vn -0.6608 0.2230 -0.7167
vn -0.9259 0.3774 -0.0165
vn 0.0139 -0.9004 0.4349
vn 0.0008 -0.2792 0.9602
vn -0.6268 -0.5099 0.5892
vn -0.3047 0.9354 0.1794
vn -0.7291 0.3671 0.5777
vn -0.0346 0.5894 0.8071
vn 0.8694 -0.4331 -0.2377
vn 0.1385 0.9683 -0.2078
vn 0.7403 0.5702 -0.3561
vn 0.6632 0.1714 0.7285
vn 0.9905 0.1320 0.0376
vn 0.2139 -0.9036 0.3711
vn 0.3492 -0.3704 0.8608
vn -0.0297 0.9886 0.1477
vn 0.2199 0.6329 0.7423
vn -0.7375 -0.0153 0.6752
vn -0.0523 0.1104 0.9925
vn -0.3823 0.9239 -0.0156
vn -0.8694 0.4331 0.2377
vn -0.6634 -0.1714 -0.7284
vn -0.9905 -0.1320 -0.0377
vn -0.2200 -0.6329 -0.7423
vn -0.2138 0.9037 -0.3710
vn -0.3491 0.3704 -0.8608
vn 0.9352 0.0797 -0.3450
vn 0.0363 -0.9438 -0.3285
vn -0.2471 -0.4134 -0.8764
vn 0.4990 -0.4780 -0.7228
vn -0.3463 0.4617 -0.8166
vn 0.0308 0.9366 -0.3489
vn 0.4152 0.3956 -0.8192
vn 0.3899 -0.9208 0.0034
vn 0.9010 -0.3459 -0.2617
vn 0.7541 -0.4463 0.4818
vn 0.2866 0.9560 0.0633
vn 0.7923 0.4341 0.4287
vn 0.7835 0.5264 -0.3303
vn -0.2953 -0.9551 0.0259
vn -0.8621 -0.4266 0.2736
vn -0.7045 -0.5347 -0.4666
vn -0.3812 0.9199 -0.0924
vn -0.8314 0.3386 -0.4406
vn -0.8331 0.4547 0.3149
vn 0.0584 -0.9320 0.3576
vn 0.2862 -0.3591 0.8883
vn -0.4496 -0.5032 0.7380
vn -0.1253 0.9392 0.3197
vn -0.4542 0.3771 0.8072
vn 0.2968 0.5194 0.8014
vn 0.2637 -0.9509 -0.1618
vn 0.6904 -0.4836 -0.5380
vn 0.4714 0.0101 -0.8818
vn 0.1665 0.9673 -0.1916
vn 0.6391 0.5337 -0.5539
vn 0.5705 -0.4707 0.6730
vn 0.1279 0.9713 0.2004
vn 0.5192 0.5464 0.6572
vn -0.1666 -0.9672 0.1916
vn -0.6906 0.4835 0.5380
vn -0.8804 -0.0518 -0.4713
vn -0.1279 -0.9713 -0.2004
vn -0.5191 -0.5464 -0.6572
vn -0.2246 0.9469 -0.2302
vn -0.5705 0.4707 -0.6731
vn 0.2746 -0.9351 -0.2240
vn -0.0386 -0.5229 -0.8515
vn 0.6779 -0.4106 -0.6098
vn -0.3248 0.3112 -0.8931
vn -0.1193 0.8913 -0.4373
vn 0.4274 0.4136 -0.8039
vn 0.5691 -0.8100 0.1412
vn 0.9796 -0.1591 -0.1227
vn 0.7607 -0.2324 0.6061
vn 0.0707 0.9975 -0.0032
vn 0.6219 0.6282 0.4676
vn 0.6933 0.6585 -0.2927
vn -0.0909 -0.9918 0.0903
vn -0.7826 -0.5831 0.2180
vn -0.5106 -0.7099 -0.4851
vn -0.5488 0.8043 -0.2281
vn -0.8186 0.1137 -0.5630
vn -0.9434 0.2837 0.1718
vn 0.2036 -0.8667 0.4554
vn 0.2357 -0.2192 0.9468
vn -0.4279 -0.5318 0.7309
vn -0.3588 0.9104 0.2059
vn -0.6245 0.3286 0.7085
vn 0.0747 0.6311 0.7721
vn 0.4745 -0.8796 -0.0332
vn 0.8404 -0.3599 -0.4052
vn 0.5812 0.6170 -0.5307
vn 0.7808 0.2790 0.5591
vn 0.9556 0.2299 -0.1846
vn 0.3846 -0.8544 0.3495
vn 0.5626 -0.2819 0.7772
vn 0.3032 0.6951 0.6518
vn 0.1488 0.1647 0.9751
vn 0.0145 -0.9628 0.2697
vn -0.5811 -0.6170 0.5307
vn -0.4745 0.8796 0.0331
vn -0.8404 0.3599 0.4053
vn -0.3035 -0.6951 -0.6517
vn -0.3846 0.8544 -0.3495
vn -0.5627 0.2818 -0.7772
vn -0.0520 -0.9441 -0.3255
vn -0.6375 -0.4606 -0.6175
vn 0.0757 -0.4450 -0.8923
vn -0.7760 0.4014 -0.4865
vn -0.2561 0.9249 -0.2811
vn -0.1336 0.4126 -0.9011
vn 0.4203 -0.8762 -0.2358
vn 0.6472 -0.2603 -0.7165
vn 0.9350 -0.3543 -0.0143
vn 0.1780 0.9814 -0.0713
vn 0.8503 0.5237 -0.0523
vn 0.4247 0.5934 -0.6837
vn -0.1375 -0.9789 0.1511
vn -0.5308 -0.5038 0.6815
vn -0.7871 -0.6161 -0.0300
vn -0.4607 0.8737 0.1561
vn -0.9667 0.2404 0.0875
vn -0.5725 0.3769 0.7281
vn 0.3349 -0.9110 0.2407
vn 0.7540 -0.3035 0.5826
vn 0.0722 -0.5252 0.8479
vn -0.0268 0.9302 0.3660
vn 0.0172 0.3516 0.9360
vn 0.6282 0.5688 0.5309
vn 0.2285 -0.9236 -0.3078
vn 0.3361 -0.4261 -0.8400
vn -0.7545 -0.0852 -0.6508
vn -0.0818 0.0331 -0.9961
vn -0.0606 0.9734 -0.2209
vn 0.9852 0.1536 -0.0759
vn 0.6388 0.1320 -0.7580
vn 0.4068 -0.9125 0.0432
vn 0.8870 -0.3917 0.2447
vn 0.7545 0.0852 0.6507
vn 0.0605 -0.9734 0.2210
vn -0.1827 -0.5798 0.7940
vn -0.2286 0.9236 0.3078
vn -0.3361 0.4261 0.8399
vn -0.9852 -0.1536 0.0758
vn -0.7338 -0.6141 -0.2907
vn -0.4067 0.9125 -0.0433
vn -0.8869 0.3918 -0.2448
vn 0.3150 -0.9432 -0.1059
vn 0.3937 -0.4907 -0.7773
vn 0.8806 -0.4338 -0.1906
vn 0.2048 0.3616 -0.9096
vn 0.1627 0.9113 -0.3781
vn 0.8016 0.4110 -0.4342
vn 0.3784 -0.8501 0.3663
vn 0.8911 -0.2192 0.3973
vn 0.3194 -0.3021 0.8981
vn 0.1004 0.9902 0.0968
vn 0.3071 0.5701 0.7620
vn 0.7686 0.6208 0.1545
vn -0.1629 -0.9861 -0.0332
vn -0.8024 -0.5372 -0.2602
vn -0.2067 -0.6581 -0.7240
vn -0.3155 0.8459 -0.4300
vn -0.3960 0.1861 -0.8992
vn -0.8812 0.3396 -0.3288
vn -0.0996 -0.8929 0.4390
vn -0.3052 -0.2657 0.9145
vn -0.7680 -0.5265 0.3647
vn -0.3781 0.9247 0.0449
vn -0.8902 0.3453 0.2971
vn -0.3173 0.5988 0.7353
vn 0.3866 -0.9075 0.1643
vn 0.3790 -0.1220 -0.9173
vn 0.1666 0.9701 -0.1763
vn 0.7965 0.5947 -0.1089
vn 0.3813 0.2081 0.9007
vn 0.1104 -0.8890 0.4443
vn -0.0573 0.6516 0.7564
vn -0.9173 -0.0356 0.3966
vn -0.1665 -0.9701 0.1763
vn -0.7966 -0.5947 0.1090
vn -0.3868 0.9074 -0.1643
vn -0.9183 -0.1724 -0.3565
vn 0.0573 -0.6515 -0.7565
vn -0.1104 0.8890 -0.4443
vn -0.0594 0.3440 -0.9371
vn 0.0166 -0.9454 -0.3255
vn -0.5445 -0.4808 -0.6873
vn 0.1955 -0.4428 -0.8750
vn -0.7246 0.3765 -0.5772
vn -0.2497 0.9162 -0.3134
vn -0.0381 0.4077 -0.9123
vn 0.4727 -0.8626 -0.1804
vn 0.7358 -0.2402 -0.6331
vn 0.9407 -0.3247 0.0987
vn 0.1547 0.9865 -0.0536
vn 0.8336 0.5503 0.0472
vn 0.4846 0.6062 -0.6307
vn -0.1239 -0.9827 0.1377
vn -0.5924 -0.5199 0.6154
vn -0.7584 -0.6405 -0.1211
vn -0.5033 0.8587 0.0963
vn -0.9773 0.2099 -0.0294
vn -0.6669 0.3589 0.6531
vn 0.3321 -0.8999 0.2827
vn 0.6881 -0.2794 0.6696
vn -0.0132 -0.5223 0.8527
vn -0.0994 0.9291 0.3562
vn -0.1056 0.3524 0.9299
vn 0.5422 0.5885 0.5997
vn 0.2923 -0.9161 -0.2745
vn 0.4470 -0.4156 -0.7921
vn -0.6684 -0.1092 -0.7357
vn -0.0641 0.9709 -0.2307
vn 0.2579 0.5850 -0.7689
vn 0.4271 -0.8992 0.0953
vn 0.8631 -0.3636 0.3504
vn 0.0705 0.9878 0.1390
vn 0.6741 0.6371 0.3736
vn 0.6685 0.1092 0.7357
vn -0.2580 -0.5849 0.7689
vn -0.2922 0.9161 0.2745
vn -0.4469 0.4156 0.7922
vn -0.9820 -0.1845 -0.0415
vn -0.7202 -0.1517 0.6770
vn -0.0706 -0.9878 -0.1390
vn -0.4269 0.8993 -0.0953
vn -0.8632 0.3635 -0.3504
vn -0.0965 -0.9453 -0.3115
vn -0.7014 -0.4559 -0.5479
vn -0.0188 -0.4517 -0.8920
vn -0.8151 0.4089 -0.4104
vn -0.2705 0.9265 -0.2614
vn -0.2169 0.4086 -0.8866
vn 0.3834 -0.8833 -0.2696
vn 0.5698 -0.2736 -0.7749
vn 0.9243 -0.3672 -0.1041
vn 0.1829 0.9784 -0.0960
vn 0.8477 0.5116 -0.1404
vn 0.3625 0.5832 -0.7270
vn -0.1344 -0.9760 0.1715
vn -0.4673 -0.4921 0.7345
vn -0.7942 -0.6053 0.0528
vn -0.4316 0.8809 0.1941
vn -0.9501 0.2540 0.1808
vn -0.4926 0.3892 0.7784
vn 0.3451 -0.9140 0.2133
vn 0.8039 -0.3101 0.5075
vn 0.1489 -0.5208 0.8406
vn 0.0216 0.9328 0.3597
vn 0.1144 0.3573 0.9270
vn 0.6850 0.5635 0.4617
vn 0.1849 -0.9286 -0.3218
vn 0.2457 -0.4359 -0.8658
vn -0.1797 0.0279 -0.9833
vn -0.0695 0.9727 -0.2213
vn 0.1107 0.5722 -0.8126
vn 0.9748 0.1396 -0.1741
vn 0.3970 -0.9178 0.0097
vn 0.9016 -0.4023 0.1588
vn 0.7668 0.6059 0.2120
vn 0.0695 -0.9727 0.2213
vn -0.1107 -0.5723 0.8125
vn -0.1849 0.9286 0.3218
vn -0.2456 0.4359 0.8658
vn -0.5623 -0.1185 0.8184
vn -0.1425 -0.9836 -0.1102
vn -0.7668 -0.6058 -0.2121
vn -0.3972 0.9177 -0.0098
vn 0.0941 -0.5120 -0.8538
vn 0.0541 -0.0768 -0.9956
vn 0.4631 -0.2121 -0.8606
vn 0.0388 0.1051 -0.9937
vn 0.1537 0.6116 -0.7761
vn 0.4635 0.2151 -0.8596
vn 0.1712 -0.6120 0.7721
vn 0.4838 -0.2160 0.8481
vn 0.0627 -0.1052 0.9925
vn 0.1158 0.5118 0.8513
vn 0.0783 0.0767 0.9940
vn 0.4842 0.2111 0.8491
vn -0.1724 -0.6081 -0.7749
vn -0.4842 -0.2112 -0.8491
vn -0.0629 -0.1005 -0.9929
vn -0.1148 0.5159 -0.8489
vn -0.0782 0.0814 -0.9936
vn -0.4838 0.2160 -0.8481
vn -0.0952 -0.5157 0.8514
vn -0.0542 -0.0813 0.9952
vn -0.4635 -0.2151 0.8596
vn -0.1524 0.6084 0.7788
vn -0.4631 0.2121 0.8606
vn -0.0386 0.1006 0.9942
vn 0.1098 -0.5178 -0.8484
vn 0.0658 -0.0843 -0.9943
vn 0.4749 -0.2134 -0.8538
vn 0.0483 0.0974 -0.9941
vn 0.1545 0.6072 -0.7794
vn 0.4701 0.2138 -0.8563
vn 0.1704 -0.6034 0.7790
vn 0.4772 -0.2030 0.8550
vn 0.0532 -0.0963 0.9939
vn 0.1002 0.5202 0.8481
vn 0.0666 0.0858 0.9941
vn 0.4723 0.2242 0.8525
vn -0.1564 -0.6166 -0.7716
vn -0.4723 -0.2242 -0.8524
vn -0.0508 -0.1095 -0.9927
vn -0.1120 0.5075 -0.8544
vn -0.0684 0.0722 -0.9950
vn -0.4773 0.2030 -0.8550
vn -0.0980 -0.5098 0.8547
vn -0.0641 -0.0738 0.9952
vn -0.4700 -0.2138 0.8564
vn -0.1685 0.6129 0.7720
vn -0.4750 0.2134 0.8537
vn -0.0506 0.1083 0.9928
vn 0.3605 -0.0015 -0.9328
vn -0.0048 0.5218 0.8530
vn -0.3605 0.0015 0.9328
vn -0.0652 0.0053 0.9979
vn -0.2683 0.9633 -0.0055
vn -0.8467 0.5320 -0.0021
vn -0.0070 0.5115 -0.8593
vn -0.0025 0.0969 -0.9953
vn -0.9999 -0.0114 0.0014
vn 0.7768 -0.5979 -0.1979
vn 0.8215 -0.1923 -0.5369
vn 0.9936 -0.0929 -0.0643
vn 0.8176 0.2185 -0.5327
vn 0.8444 0.5220 -0.1205
vn 0.9928 0.0891 -0.0804
vn 0.8550 -0.5060 0.1136
vn 0.9949 -0.0704 0.0723
vn 0.8259 -0.2031 0.5260
vn 0.7670 0.6124 0.1916
vn 0.8220 0.2078 0.5302
vn 0.9922 0.1115 0.0562
vn -0.8454 -0.5196 -0.1240
vn -0.9934 -0.0876 -0.0739
vn -0.8221 -0.2078 -0.5301
vn -0.7783 0.6017 -0.1793
vn -0.8258 0.2031 -0.5261
vn -0.9941 0.0941 -0.0541
vn -0.7654 -0.6162 0.1856
vn -0.8176 -0.2185 0.5327
vn -0.9917 -0.1128 0.0622
vn -0.8540 0.5036 0.1309
vn -0.9942 0.0688 0.0821
vn -0.8214 0.1923 0.5369
vn 0.8609 -0.5086 -0.0087
vn 0.9937 0.1123 -0.0030
vn 0.9127 0.0044 0.4086
vn 0.9973 0.0086 0.0734
vn -0.0009 0.4746 0.8802
vn -0.8512 -0.5248 -0.0017
vn -0.8610 0.5086 0.0087
vn -0.9973 -0.0086 -0.0734
vn 0.7677 -0.6075 -0.2039
vn 0.8159 -0.2016 -0.5420
vn 0.9919 -0.1057 -0.0700
vn 0.8174 0.2092 -0.5367
vn 0.8505 0.5112 -0.1238
vn 0.9934 0.0763 -0.0857
vn 0.8489 -0.5176 0.1074
vn 0.9943 -0.0837 0.0666
vn 0.8260 -0.2154 0.5209
vn 0.7760 0.6018 0.1890
vn 0.8276 0.1955 0.5262
vn 0.9938 0.0984 0.0509
vn -0.8528 -0.5080 -0.1207
vn -0.9949 -0.0742 -0.0687
vn -0.8276 -0.1955 -0.5262
vn -0.7713 0.6124 -0.1733
vn -0.8260 0.2153 -0.5208
vn -0.9931 0.1073 -0.0483
vn -0.7725 -0.6066 0.1881
vn -0.8175 -0.2092 0.5366
vn -0.9927 -0.0999 0.0674
vn -0.8465 0.5144 0.1371
vn -0.9928 0.0817 0.0877
vn -0.8158 0.2016 0.5421
vn 0.8581 0.5135 -0.0016
vn 0.9149 -0.0087 0.4037
vn 0.0065 0.9510 0.3090
vn -0.8540 0.5200 0.0149
vn 0.0500 -0.9977 -0.0459
vn 0.1323 -0.9158 -0.3793
vn 0.3289 -0.9404 -0.0860
vn 0.1228 0.9136 -0.3877
vn 0.0535 0.9976 -0.0435
vn 0.3999 0.9042 -0.1501
vn 0.0645 -0.9970 0.0425
vn 0.4116 -0.9000 0.1434
vn 0.1385 -0.9122 0.3855
vn 0.0405 0.9982 0.0452
vn 0.1290 0.9171 0.3772
vn 0.3206 0.9438 0.0806
vn -0.0542 -0.9980 -0.0334
vn -0.4022 -0.9055 -0.1351
vn -0.1291 -0.9171 -0.3772
vn -0.0509 0.9972 -0.0543
vn -0.1385 0.9122 -0.3855
vn -0.3303 0.9396 -0.0892
vn -0.0397 -0.9977 0.0550
vn -0.1228 -0.9136 0.3877
vn -0.3192 -0.9430 0.0946
vn -0.0639 0.9974 0.0344
vn -0.4093 0.9013 0.1418
vn -0.1323 0.9158 0.3793
vn 0.0642 -0.9979 0.0041
vn 0.3309 -0.9436 0.0016
vn 0.3211 0.9470 -0.0070
vn -0.0027 0.9610 0.2765
vn -0.3212 -0.9470 0.0070
vn -0.3309 0.9437 -0.0016
vn 0.1751 -0.9372 -0.3017
vn -0.3428 -0.5279 -0.7771
vn 0.4128 -0.4161 -0.8102
vn -0.6242 0.3068 -0.7185
vn -0.2681 0.8891 -0.3709
vn 0.1099 0.4075 -0.9066
vn 0.5814 -0.8108 -0.0678
vn 0.8698 -0.1626 -0.4658
vn 0.9277 -0.2310 0.2934
vn 0.0653 0.9973 -0.0349
vn 0.7486 0.6293 0.2086
vn 0.5418 0.6548 -0.5270
vn -0.0530 -0.9909 0.1234
vn -0.6522 -0.5795 0.4887
vn -0.6513 -0.7113 -0.2643
vn -0.5936 0.8045 -0.0208
vn -0.9663 0.1126 -0.2316
vn -0.8183 0.2874 0.4978
vn 0.3532 -0.8646 0.3574
vn 0.5604 -0.2142 0.8000
vn -0.1365 -0.5261 0.8394
vn -0.2602 0.9126 0.3152
vn -0.3276 0.3346 0.8836
vn 0.3479 0.6354 0.6894
vn 0.6381 -0.3648 -0.6780
vn -0.1101 0.9612 -0.2528
vn 0.8253 0.2261 -0.5175
vn 0.4842 -0.8533 0.1933
vn 0.8044 -0.2789 0.5245
vn -0.0562 0.9891 0.1364
vn 0.5180 0.6981 0.4944
vn -0.4303 0.8812 0.1958
vn -0.6380 0.3647 0.6782
vn -0.9298 -0.2801 -0.2387
vn 0.0563 -0.9891 -0.1364
vn -0.5179 -0.6981 -0.4943
vn -0.4841 0.8534 -0.1933
vn -0.8044 0.2788 -0.5246
vn -0.0986 -0.9443 -0.3139
vn -0.6701 -0.4395 -0.5981
vn 0.0367 -0.4568 -0.8888
vn -0.7694 0.4289 -0.4734
vn -0.2233 0.9320 -0.2855
vn -0.1369 0.4088 -0.9023
vn 0.3779 -0.8954 -0.2356
vn 0.6193 -0.2944 -0.7279
vn 0.9189 -0.3932 -0.0314
vn 0.2171 0.9724 -0.0859
vn 0.8701 0.4869 -0.0772
vn 0.4333 0.5683 -0.6995
vn -0.1748 -0.9707 0.1649
vn -0.5357 -0.4743 0.6987
vn -0.8127 -0.5827 -0.0055
vn -0.4201 0.8938 0.1568
vn -0.9536 0.2817 0.1064
vn -0.5396 0.4078 0.7365
vn 0.3019 -0.9218 0.2431
vn 0.7538 -0.3289 0.5690
vn 0.0696 -0.5192 0.8518
vn 0.0208 0.9341 0.3563
vn 0.0532 0.3599 0.9315
vn 0.6633 0.5473 0.5104
vn 0.1827 -0.9354 -0.3026
vn 0.2987 -0.4482 -0.8426
vn -0.7721 -0.0600 -0.6327
vn -0.0250 0.9728 -0.2302
vn 0.9888 0.1114 -0.0995
vn 0.6262 0.0975 -0.7735
vn 0.1616 0.9799 0.1165
vn 0.7651 0.5857 0.2674
vn 0.7720 0.0600 0.6328
vn 0.0250 -0.9728 0.2302
vn -0.2986 0.4482 0.8426
vn -0.9888 -0.1114 0.0996
vn -0.6262 -0.0975 0.7735
vn -0.1616 -0.9800 -0.1165
vn -0.7652 -0.5857 -0.2675
vn -0.3694 0.9282 -0.0442
vn -0.8751 0.4263 -0.2291
vn -0.0450 -0.9391 -0.3406
vn -0.4030 -0.3933 -0.8264
vn 0.3564 -0.4786 -0.8024
vn -0.4672 0.4829 -0.7407
vn -0.0033 0.9411 -0.3382
vn 0.2810 0.3982 -0.8732
vn 0.3601 -0.9300 -0.0734
vn 0.8341 -0.3637 -0.4148
vn 0.8126 -0.4722 0.3417
vn 0.3189 0.9475 0.0247
vn 0.8648 0.4078 0.2929
vn 0.7300 0.5122 -0.4524
vn -0.3121 -0.9478 0.0647
vn -0.8143 -0.4095 0.4113
vn -0.7874 -0.5100 -0.3462
vn -0.3665 0.9303 -0.0158
vn -0.8846 0.3660 -0.2890
vn -0.7551 0.4699 0.4572
vn 0.0929 -0.9387 0.3319
vn 0.4228 -0.3802 0.8227
vn -0.3312 -0.5036 0.7979
vn -0.0443 0.9368 0.3472
vn -0.3008 0.3754 0.8767
vn 0.4422 0.4994 0.7450
vn 0.5761 -0.4917 -0.6529
vn 0.3154 0.0125 -0.9489
vn 0.1575 0.9658 -0.2060
vn 0.9486 0.0227 0.3156
vn 0.8938 0.0249 -0.4478
vn 0.2350 -0.9556 0.1778
vn 0.6634 -0.4951 0.5611
vn 0.1858 0.9647 0.1868
vn 0.6373 0.5233 0.5657
vn -0.3153 -0.0125 0.9489
vn 0.4477 0.0073 0.8941
vn -0.1578 -0.9657 0.2060
vn -0.5501 -0.5266 0.6481
vn -0.2068 0.9545 0.2150
vn -0.5763 0.4915 0.6529
vn -0.8938 -0.0249 0.4479
vn -0.1861 -0.9646 -0.1868
vn -0.6375 -0.5231 -0.5657
vn -0.2350 0.9556 -0.1778
vn -0.6635 0.4950 -0.5611
vn -0.0982 -0.9425 -0.3196
vn -0.7528 -0.4781 -0.4524
vn -0.1286 -0.4340 -0.8917
vn -0.8839 0.3770 -0.2768
vn -0.3475 0.9173 -0.1944
vn -0.3624 0.4153 -0.8344
vn 0.3792 -0.8582 -0.3461
vn 0.4620 -0.2301 -0.8565
vn 0.9148 -0.3196 -0.2469
vn 0.1226 0.9879 -0.0952
vn 0.7942 0.5548 -0.2479
vn 0.2257 0.6146 -0.7559
vn -0.0639 -0.9846 0.1628
vn -0.3322 -0.5288 0.7810
vn -0.7499 -0.6440 0.1511
vn -0.4378 0.8549 0.2784
vn -0.9240 0.2040 0.3234
vn -0.3906 0.3492 0.8517
vn 0.4135 -0.9003 0.1363
vn 0.8827 -0.2807 0.3769
vn 0.2936 -0.5296 0.7958
vn 0.0319 0.9254 0.3777
vn 0.2325 0.3436 0.9099
vn 0.7189 0.5868 0.3726
vn 0.1776 -0.9119 -0.3700
vn 0.1359 -0.4060 -0.9037
vn -0.8868 -0.1071 -0.4497
vn -0.3224 0.0389 -0.9458
vn -0.1449 0.9724 -0.1827
vn -0.0351 0.5931 -0.8043
vn 0.9316 0.1903 -0.3098
vn 0.4306 0.1620 -0.8879
vn 0.4353 -0.8974 -0.0726
vn 0.9324 -0.3610 0.0155
vn 0.1127 0.9870 0.1148
vn 0.7614 0.6381 0.1148
vn 0.8868 0.1071 0.4497
vn 0.1450 -0.9724 0.1827
vn -0.1776 0.9119 0.3700
vn -0.1359 0.4061 0.9037
vn -0.7615 -0.6379 -0.1148
vn -0.4354 0.8973 0.0726
vn -0.9324 0.3611 -0.0155
vn -0.1433 -0.9495 -0.2791
vn -0.7266 -0.4397 -0.5279
vn -0.0473 -0.4797 -0.8762
vn -0.7979 0.4335 -0.4188
vn -0.2283 0.9292 -0.2907
vn -0.2043 0.3887 -0.8984
vn 0.3388 -0.9091 -0.2423
vn 0.5500 -0.3261 -0.7689
vn 0.9050 -0.4140 -0.0977
vn 0.2284 0.9649 -0.1299
vn 0.8699 0.4656 -0.1628
vn 0.3840 0.5408 -0.7484
vn -0.1794 -0.9622 0.2049
vn -0.4842 -0.4447 0.7535
vn -0.8216 -0.5647 0.0780
vn -0.3880 0.9064 0.1673
vn -0.9355 0.3051 0.1781
vn -0.4675 0.4379 0.7679
vn 0.3030 -0.9218 0.2417
vn 0.7923 -0.3311 0.5124
vn 0.1308 -0.4990 0.8567
vn 0.0686 0.9422 0.3280
vn 0.1386 0.3820 0.9137
vn 0.7146 0.5452 0.4382
vn 0.2178 -0.4757 -0.8522
vn -0.8235 -0.0589 -0.5642
vn -0.0251 0.9670 -0.2534
vn 0.5608 0.0643 -0.8255
vn 0.8828 -0.4393 0.1665
vn 0.1903 0.9788 0.0763
vn 0.8236 0.0589 0.5641
vn -0.1380 0.9465 0.2917
vn -0.2179 0.4756 0.8522
vn -0.7963 -0.5754 -0.1868
vn -0.3530 0.9348 -0.0380
vn -0.8827 0.4394 -0.1665
vn 0.2586 -0.9429 -0.2101
vn 0.3666 -0.4247 -0.8278
vn 0.8539 -0.4617 -0.2401
vn 0.2290 0.4466 -0.8649
vn 0.2180 0.9361 -0.2760
vn 0.8261 0.4079 -0.3888
vn 0.3260 -0.9063 0.2692
vn 0.8751 -0.3143 0.3680
vn 0.2979 -0.4175 0.8584
vn 0.1584 0.9659 0.2050
vn 0.3381 0.4633 0.8192
vn 0.8037 0.5531 0.2194
vn -0.2214 -0.9649 -0.1410
vn -0.8321 -0.4564 -0.3151
vn -0.2432 -0.5610 -0.7913
vn -0.2635 0.9053 -0.3332
vn -0.3809 0.3074 -0.8720
vn -0.8584 0.4255 -0.2866
vn -0.1543 -0.9283 0.3383
vn -0.3237 -0.3460 0.8806
vn -0.7991 -0.5169 0.3070
vn -0.3224 0.9350 0.1476
vn -0.8692 0.3628 0.3359
vn -0.2836 0.5320 0.7979
vn 0.3312 -0.9415 0.0622
vn 0.8877 -0.4599 0.0243
vn 0.2248 0.9720 -0.0690
vn 0.8309 0.5546 -0.0453
vn 0.3898 0.0846 0.9170
vn 0.9256 0.0771 0.3705
vn 0.0356 -0.4479 0.8934
vn -0.0511 0.9759 0.2121
vn -0.9192 -0.0244 0.3930
vn -0.3742 0.0426 0.9264
vn -0.8309 -0.5546 0.0453
vn -0.3314 0.9414 -0.0622
vn -0.3899 -0.0846 -0.9170
vn -0.9256 -0.0771 -0.3705
vn 0.0211 -0.5665 -0.8238
vn -0.0356 0.4480 -0.8933
vn 0.2952 -0.9341 -0.2009
vn 0.0592 -0.5136 -0.8560
vn 0.7430 -0.4075 -0.5310
vn -0.2168 0.3226 -0.9214
vn -0.0639 0.8967 -0.4381
vn 0.5204 0.4198 -0.7436
vn 0.5455 -0.8145 0.1976
vn 0.9866 -0.1629 -0.0090
vn 0.6836 -0.2428 0.6883
vn 0.0743 0.9971 0.0162
vn 0.5650 0.6201 0.5443
vn 0.7255 0.6579 -0.2022
vn -0.1048 -0.9922 0.0678
vn -0.8051 -0.5812 0.1183
vn -0.4529 -0.7020 -0.5496
vn -0.5150 0.8096 -0.2817
vn -0.7467 0.1240 -0.6535
vn -0.9558 0.2869 0.0637
vn 0.1455 -0.8726 0.4662
vn 0.1224 -0.2304 0.9654
vn -0.5124 -0.5374 0.6698
vn -0.3770 0.9100 0.1727
vn -0.7019 0.3243 0.6342
vn -0.0137 0.6223 0.7826
vn 0.8806 -0.3600 -0.3081
vn -0.0342 -0.1534 -0.9876
vn 0.6417 0.6196 -0.4521
vn 0.7111 0.2689 0.6496
vn 0.9715 0.2268 -0.0691
vn 0.3376 -0.8601 0.3824
vn 0.4667 -0.2930 0.8345
vn -0.1129 0.9874 0.1111
vn 0.0343 0.1534 0.9876
vn -0.0209 -0.9657 0.2587
vn -0.6415 -0.6197 0.4521
vn -0.4715 0.8818 -0.0127
vn -0.8806 0.3600 0.3083
vn -0.7113 -0.2689 -0.6494
vn -0.9715 -0.2269 0.0689
vn 0.1130 -0.9874 -0.1111
vn -0.2278 -0.6865 -0.6905
vn -0.3377 0.8600 -0.3825
vn -0.4667 0.2932 -0.8344
vn -0.0845 -0.9390 -0.3334
vn -0.4546 -0.3869 -0.8023
vn 0.3027 -0.4897 -0.8177
vn -0.4940 0.4911 -0.7175
vn 0.0004 0.9397 -0.3421
vn 0.2440 0.3884 -0.8886
vn 0.3340 -0.9385 -0.0877
vn 0.8026 -0.3845 -0.4560
vn 0.8181 -0.4899 0.3011
vn 0.3413 0.9400 0.0036
vn 0.8881 0.3886 0.2454
vn 0.7168 0.4937 -0.4925
vn -0.3299 -0.9401 0.0854
vn -0.8010 -0.3891 0.4550
vn -0.8160 -0.4927 -0.3023
vn -0.3452 0.9385 -0.0012
vn -0.8899 0.3852 -0.2443
vn -0.7195 0.4887 0.4935
vn 0.0885 -0.9395 0.3310
vn 0.4563 -0.3872 0.8012
vn -0.3007 -0.4929 0.8164
vn -0.0045 0.9388 0.3444
vn -0.2455 0.3852 0.8896
vn 0.4916 0.4915 0.7189
vn 0.1732 -0.9598 -0.2210
vn 0.5297 -0.5074 -0.6797
vn -0.4939 -0.0000 -0.8695
vn 0.2654 0.0018 -0.9641
vn 0.1690 0.9611 -0.2186
vn 0.5274 0.5114 -0.6785
vn 0.9641 0.0017 0.2655
vn 0.2217 -0.9602 0.1699
vn 0.2177 0.9607 0.1722
vn 0.6780 0.5100 0.5293
vn 0.4940 -0.0000 0.8695
vn -0.1690 -0.9611 0.2185
vn -0.5275 -0.5113 0.6785
vn -0.1732 0.9598 0.2209
vn -0.5297 0.5071 0.6799
vn -0.9641 -0.0017 -0.2654
vn -0.2176 -0.9607 -0.1723
vn -0.6780 -0.5101 -0.5293
vn -0.2220 0.9602 -0.1698
vn -0.6801 0.5086 -0.5280
vn 0.1016 -0.9947 -0.0185
vn 0.3094 -0.9377 -0.1582
vn 0.6238 -0.7812 -0.0246
vn 0.3170 0.9347 -0.1608
vn 0.1408 0.9899 -0.0162
vn 0.7260 0.6865 -0.0412
vn 0.1328 -0.9910 0.0180
vn 0.7198 -0.6923 0.0506
vn 0.3074 -0.9372 0.1648
vn 0.1093 0.9938 0.0199
vn 0.3147 0.9352 0.1622
vn 0.6295 0.7763 0.0329
vn -0.1407 -0.9899 -0.0152
vn -0.7250 -0.6870 -0.0487
vn -0.3147 -0.9352 -0.1621
vn -0.1013 0.9946 -0.0227
vn -0.3074 0.9372 -0.1649
vn -0.6236 0.7810 -0.0350
vn -0.1095 -0.9938 0.0213
vn -0.3170 -0.9347 0.1608
vn -0.6297 -0.7763 0.0269
vn -0.1329 0.9910 0.0135
vn -0.7204 0.6925 0.0392
vn -0.3094 0.9377 0.1581
vn 0.6236 -0.7817 0.0052
vn 0.9425 -0.0042 -0.3343
vn 0.9985 -0.0040 -0.0555
vn 0.1408 0.9900 -0.0005
vn 0.6300 0.7766 0.0030
vn -0.0047 -0.9926 0.1212
vn 0.0031 0.9930 0.1185
vn -0.9424 0.0042 0.3344
vn -0.1407 -0.9900 0.0005
vn -0.6301 -0.7765 -0.0030
vn -0.6239 0.7815 -0.0052
vn -0.9976 0.0038 -0.0686
vn -0.0031 -0.9930 -0.1184
vn 0.1031 -0.9944 -0.0245
vn 0.3110 -0.9361 -0.1642
vn 0.6250 -0.7800 -0.0306
vn 0.3150 0.9362 -0.1560
vn 0.1389 0.9902 -0.0108
vn 0.7246 0.6881 -0.0388
vn 0.1345 -0.9908 0.0119
vn 0.7216 -0.6909 0.0450
vn 0.3095 -0.9376 0.1588
vn 0.1077 0.9939 0.0254
vn 0.3133 0.9349 0.1670
vn 0.6283 0.7771 0.0360
vn -0.1389 -0.9901 -0.0207
vn -0.7241 -0.6878 -0.0511
vn -0.3138 -0.9347 -0.1669
vn -0.1031 0.9945 -0.0166
vn -0.3094 0.9376 -0.1585
vn -0.6248 0.7803 -0.0291
vn -0.1076 -0.9941 0.0157
vn -0.3147 -0.9363 0.1560
vn -0.6286 -0.7774 0.0237
vn -0.1348 0.9907 0.0195
vn -0.7213 0.6912 0.0448
vn -0.3104 0.9363 0.1642
vn 0.1345 -0.9909 -0.0038
vn 0.6254 -0.7803 -0.0008
vn 0.9417 -0.0006 -0.3365
vn 0.1388 0.9903 0.0050
vn -0.0027 -0.9933 0.1154
vn 0.0017 0.9922 0.1243
vn -0.1388 -0.9903 -0.0050
vn -0.6291 -0.7773 -0.0061
vn -0.6251 0.7805 0.0008
vn -0.0017 -0.9923 -0.1242
vn 0.0027 0.9933 -0.1155
vn 0.0288 -0.9960 -0.0841
vn 0.1240 -0.8394 -0.5292
vn 0.3665 -0.9123 -0.1826
vn 0.0913 0.8974 -0.4317
vn 0.0586 0.9964 -0.0616
vn 0.3832 0.9061 -0.1796
vn 0.0400 -0.9973 0.0618
vn 0.3657 -0.9129 0.1811
vn 0.0731 -0.8989 0.4320
vn 0.0468 0.9953 0.0843
vn 0.1372 0.8370 0.5297
vn 0.3824 0.9055 0.1841
vn -0.0583 -0.9962 -0.0652
vn -0.3824 -0.9054 -0.1841
vn -0.0896 -0.8960 -0.4350
vn -0.0285 0.9963 -0.0809
vn -0.1218 0.8412 -0.5269
vn -0.3658 0.9129 -0.1811
vn -0.0471 -0.9956 0.0807
vn -0.1393 -0.8388 0.5263
vn -0.3832 -0.9061 0.1796
vn -0.0403 0.9971 0.0650
vn -0.3665 0.9123 0.1826
vn -0.0749 0.8974 0.4347
vn -0.0074 -0.8997 -0.4364
vn 0.4514 -0.8866 -0.1010
vn 0.7437 -0.4685 -0.4769
vn 0.9674 -0.2472 -0.0541
vn 0.7362 0.4720 -0.4850
vn 0.5372 0.8391 -0.0852
vn 0.9758 0.2048 -0.0765
vn 0.5503 -0.8304 0.0871
vn 0.9787 -0.1891 0.0800
vn 0.7419 -0.4602 0.4877
vn 0.4368 0.8937 0.1026
vn 0.7344 0.4804 0.4795
vn 0.9632 0.2627 0.0576
vn -0.5370 -0.8405 -0.0727
vn -0.9755 -0.2061 -0.0766
vn -0.7344 -0.4803 -0.4796
vn -0.4510 0.8847 -0.1180
vn -0.7419 0.4602 -0.4877
vn -0.9672 0.2462 -0.0620
vn -0.4372 -0.8918 0.1164
vn -0.7362 -0.4721 0.4850
vn -0.9634 -0.2617 0.0585
vn -0.5506 0.8318 0.0708
vn -0.9790 0.1905 0.0731
vn -0.7437 0.4685 0.4769
vn 0.5522 -0.8336 0.0082
vn 0.9971 0.0073 -0.0763
vn 0.9088 0.0109 0.4170
vn -0.9104 -0.0037 0.4138
vn 0.4470 -0.8882 -0.1065
vn 0.7426 -0.4688 -0.4783
vn 0.9663 -0.2519 -0.0532
vn 0.7401 0.4718 -0.4792
vn 0.5419 0.8369 -0.0772
vn 0.9771 0.2002 -0.0721
vn 0.5457 -0.8339 0.0824
vn 0.9774 -0.1950 0.0815
vn 0.7380 -0.4679 0.4863
vn 0.4412 0.8905 0.1108
vn 0.7355 0.4728 0.4854
vn 0.9644 0.2571 0.0625
vn -0.5412 -0.8370 -0.0808
vn -0.9764 -0.2003 -0.0811
vn -0.7355 -0.4728 -0.4853
vn -0.4460 0.8879 -0.1125
vn -0.7380 0.4679 -0.4863
vn -0.9657 0.2518 -0.0630
vn -0.4423 -0.8903 0.1082
vn -0.7401 -0.4718 0.4791
vn -0.9649 -0.2569 0.0537
vn -0.5465 0.8341 0.0755
vn -0.9782 0.1951 0.0717
vn -0.7427 0.4688 0.4782
vn 0.9076 0.0028 0.4199
vn -0.5433 -0.8395 -0.0018
vn -0.9663 -0.2574 -0.0044
vn -0.9076 -0.0028 -0.4198
vt -0.136909 0.412169
vt -0.141637 0.414463
vt -0.142693 0.413735
vt -0.136952 0.417693
vt -0.136919 0.413788
vt -0.142723 0.417640
vt -0.145118 0.417617
vt -0.140929 0.866633
vt -0.145671 0.869777
vt -0.146701 0.866581
vt -0.140984 0.872150
vt -0.140965 0.870535
vt -0.146740 0.870482
vt -0.149095 0.866558
vt -0.137413 0.411887
vt -0.142148 0.414176
vt -0.137432 0.413501
vt -0.143236 0.417353
vt -0.143197 0.413453
vt -0.145621 0.417335
vt -0.137468 0.417403
vt -0.141488 0.871868
vt -0.146182 0.869491
vt -0.147243 0.870200
vt -0.141445 0.866344
vt -0.141478 0.870248
vt -0.147213 0.866294
vt -0.149599 0.866276
vt 0.526738 0.418041
vt 0.531431 0.420417
vt 0.526728 0.419660
vt 0.532463 0.423614
vt 0.532493 0.419708
vt 0.534848 0.423633
vt 0.526695 0.423564
vt 0.522663 0.878021
vt 0.527398 0.875732
vt 0.528447 0.876455
vt 0.522718 0.872505
vt 0.522681 0.876407
vt 0.528486 0.872555
vt 0.530871 0.872573
vt 0.526234 0.417758
vt 0.530920 0.420131
vt 0.531989 0.419426
vt 0.526179 0.423275
vt 0.526215 0.419373
vt 0.531950 0.423327
vt 0.534344 0.423350
vt 0.522159 0.877739
vt 0.526887 0.875446
vt 0.522169 0.876120
vt 0.527973 0.872268
vt 0.527943 0.876173
vt 0.530367 0.872291
vt 0.522201 0.872216
vt -0.136909 0.108314
vt -0.143197 0.215649
vt -0.137413 0.215672
vt 0.108291 0.413735
vt 0.215648 0.417335
vt 0.215649 0.413453
vt -0.141488 0.216862
vt -0.146740 0.109472
vt -0.140984 0.109503
vt 0.216830 0.870200
vt 0.109451 0.866558
vt 0.109472 0.870482
vt 0.526738 0.111444
vt 0.531989 0.218834
vt 0.532493 0.111475
vt 0.218834 0.419426
vt 0.111497 0.423633
vt 0.111475 0.419708
vt 0.522663 0.112633
vt 0.527943 0.220015
vt 0.522159 0.219992
vt 0.112656 0.876455
vt 0.220016 0.872291
vt 0.220015 0.876173
vt 0.526234 0.218802
vt 0.108290 0.417617
vt 0.218855 0.423350
vt -0.142698 0.418219
vt -0.147385 0.420583
vt -0.148458 0.419868
vt -0.142648 0.423746
vt -0.142676 0.419841
vt -0.148423 0.423776
vt -0.150826 0.423785
vt -0.140142 0.872692
vt -0.144842 0.875903
vt -0.145916 0.872723
vt -0.140129 0.878205
vt -0.140125 0.876594
vt -0.145907 0.876621
vt -0.148319 0.872732
vt -0.144196 0.417655
vt -0.148904 0.420010
vt -0.144200 0.419266
vt -0.149947 0.423202
vt -0.149956 0.419304
vt -0.152324 0.423221
vt -0.144183 0.423167
vt -0.141627 0.877641
vt -0.146362 0.875331
vt -0.147406 0.876057
vt -0.141677 0.872114
vt -0.141649 0.876019
vt -0.147441 0.872149
vt -0.149817 0.872167
vt 0.520907 0.414464
vt 0.525642 0.416775
vt 0.520929 0.416086
vt 0.526721 0.419956
vt 0.526686 0.416048
vt 0.529097 0.419938
vt 0.520957 0.419991
vt 0.523476 0.874451
vt 0.528184 0.872095
vt 0.529236 0.872801
vt 0.523463 0.868938
vt 0.523480 0.872839
vt 0.529227 0.868903
vt 0.531604 0.868885
vt 0.519409 0.413900
vt 0.524122 0.416202
vt 0.525187 0.415484
vt 0.519422 0.419413
vt 0.519405 0.415512
vt 0.525196 0.419382
vt 0.527599 0.419373
vt 0.521978 0.873886
vt 0.526665 0.871522
vt 0.521956 0.872264
vt 0.527703 0.868329
vt 0.527738 0.872237
vt 0.530106 0.868320
vt 0.521928 0.868359
vt -0.142698 0.773038
vt -0.149956 0.880314
vt -0.144196 0.880386
vt 0.772966 0.419868
vt 0.880301 0.423221
vt 0.880314 0.419304
vt -0.140129 0.775492
vt -0.147406 0.882752
vt -0.145907 0.775403
vt 0.882752 0.876057
vt 0.775349 0.872732
vt 0.775403 0.876621
vt 0.519409 0.889628
vt 0.526686 0.782369
vt 0.520907 0.782280
vt 0.889717 0.415484
vt 0.782423 0.419938
vt 0.782369 0.416048
vt 0.523476 0.784735
vt 0.527738 0.892154
vt 0.521978 0.892083
vt 0.892154 0.872237
vt 0.784819 0.868885
vt 0.892167 0.868320
vt 0.772953 0.423785
vt -0.141627 0.882841
vt 0.889771 0.419373
vt 0.224193 0.417480
vt 0.220333 0.419843
vt 0.224211 0.419108
vt 0.219479 0.423036
vt 0.219449 0.419122
vt 0.217501 0.423035
vt 0.224235 0.423016
vt 0.221791 0.875848
vt 0.221781 0.871957
vt 0.219803 0.871956
vt 0.226551 0.877440
vt 0.222667 0.875137
vt 0.226536 0.871937
vt 0.226552 0.875835
vt 0.770716 0.414610
vt 0.774616 0.416931
vt 0.775476 0.416201
vt 0.770758 0.420145
vt 0.770734 0.416238
vt 0.775506 0.420116
vt 0.777464 0.420094
vt 0.773075 0.874569
vt 0.776950 0.872225
vt 0.773076 0.872964
vt 0.777808 0.869036
vt 0.777818 0.872928
vt 0.779766 0.869015
vt 0.773060 0.869066
vt 0.223084 0.416174
vt 0.219208 0.418518
vt 0.218341 0.417816
vt 0.223098 0.421678
vt 0.223082 0.417780
vt 0.218351 0.421708
vt 0.216392 0.421729
vt 0.225442 0.876134
vt 0.221543 0.873812
vt 0.225424 0.874506
vt 0.220653 0.870628
vt 0.220682 0.874542
vt 0.218694 0.870650
vt 0.225400 0.870599
vt 0.769608 0.413304
vt 0.773491 0.415607
vt 0.769606 0.414909
vt 0.774378 0.418787
vt 0.774367 0.414895
vt 0.776355 0.418788
vt 0.769622 0.418807
vt 0.771966 0.873263
vt 0.775826 0.870901
vt 0.776709 0.871622
vt 0.771924 0.867728
vt 0.771948 0.871635
vt 0.776679 0.867708
vt 0.778657 0.867709
vt -0.038731 0.769608
vt -0.146008 0.775476
vt -0.038662 0.774367
vt -0.146008 0.416201
vt -0.038594 0.418788
vt -0.038662 0.414895
vt -0.140457 0.773075
vt -0.033082 0.776709
vt -0.140428 0.777818
vt -0.140428 0.872928
vt -0.033109 0.867709
vt -0.140455 0.869015
vt -0.151688 0.224193
vt -0.044370 0.218341
vt -0.151717 0.219449
vt -0.044370 0.417816
vt -0.151689 0.423035
vt -0.151717 0.419122
vt -0.146068 0.226551
vt -0.038790 0.220682
vt -0.038721 0.225442
vt -0.146136 0.875848
vt -0.038858 0.870650
vt -0.038790 0.874542
vt -0.146077 0.770716
vt -0.044343 0.421729
vt -0.033111 0.771966
vt -0.145941 0.420094
vt 0.225883 0.414256
vt 0.222007 0.416600
vt 0.225884 0.415871
vt 0.221144 0.419789
vt 0.221136 0.415888
vt 0.219179 0.419797
vt 0.225894 0.419774
vt 0.222509 0.872651
vt 0.222493 0.868746
vt 0.220529 0.868754
vt 0.227265 0.874254
vt 0.223375 0.871931
vt 0.227243 0.868731
vt 0.227257 0.872635
vt 0.772436 0.412610
vt 0.776320 0.414929
vt 0.777193 0.414212
vt 0.772447 0.418127
vt 0.772437 0.414225
vt 0.777201 0.418113
vt 0.779173 0.418109
vt 0.773819 0.872607
vt 0.777688 0.870261
vt 0.773810 0.870988
vt 0.778550 0.867071
vt 0.778566 0.870976
vt 0.780522 0.867067
vt 0.773797 0.867084
vt 0.226309 0.414459
vt 0.222440 0.416805
vt 0.221562 0.416090
vt 0.226331 0.419981
vt 0.226318 0.416077
vt 0.221578 0.419995
vt 0.219606 0.419999
vt 0.227692 0.874456
vt 0.223808 0.872136
vt 0.227691 0.872841
vt 0.222927 0.868952
vt 0.222935 0.872853
vt 0.220955 0.868956
vt 0.227681 0.868938
vt 0.772863 0.412812
vt 0.776753 0.415134
vt 0.772871 0.414430
vt 0.777635 0.418319
vt 0.777619 0.414414
vt 0.779599 0.418311
vt 0.772885 0.418334
vt 0.774245 0.872809
vt 0.778121 0.870466
vt 0.778992 0.871178
vt 0.774234 0.867291
vt 0.774244 0.871194
vt 0.778984 0.867276
vt 0.780949 0.867269
vt 0.420505 0.772436
vt 0.527842 0.777619
vt 0.527864 0.772863
vt 0.420483 0.414212
vt 0.527827 0.418311
vt 0.527842 0.414414
vt 0.526993 0.774245
vt 0.419618 0.778566
vt 0.419634 0.773819
vt 0.526977 0.871178
vt 0.419618 0.867067
vt 0.419618 0.870976
vt 0.530033 0.226309
vt 0.422690 0.221136
vt 0.422674 0.225883
vt 0.530049 0.416090
vt 0.422690 0.419797
vt 0.422690 0.415888
vt 0.421803 0.227265
vt 0.529184 0.222935
vt 0.529162 0.227692
vt 0.529184 0.872853
vt 0.421840 0.868754
vt 0.529199 0.868956
vt 0.530049 0.419999
vt 0.420468 0.418109
vt 0.526977 0.867269
vt -0.137937 0.114625
vt -0.142595 0.109179
vt -0.143706 0.114571
vt -0.137846 0.105272
vt -0.137873 0.108009
vt -0.146096 0.114553
vt -0.143642 0.107958
vt -0.137783 0.105836
vt -0.142532 0.109750
vt -0.143579 0.108521
vt -0.137873 0.115202
vt -0.137809 0.108582
vt -0.146033 0.115117
vt -0.143643 0.115144
vt -0.145256 0.875850
vt -0.150019 0.881211
vt -0.145320 0.882470
vt -0.153415 0.875778
vt -0.151026 0.875796
vt -0.145346 0.885216
vt -0.151089 0.882419
vt -0.145192 0.876427
vt -0.149956 0.881782
vt -0.150962 0.876370
vt -0.145283 0.885779
vt -0.145256 0.883043
vt -0.153353 0.876342
vt -0.151026 0.882983
vt 0.525712 0.121002
vt 0.530476 0.115646
vt 0.525776 0.114386
vt 0.533873 0.121087
vt 0.531482 0.121059
vt 0.525803 0.111649
vt 0.531547 0.114446
vt 0.525777 0.121579
vt 0.530539 0.116218
vt 0.531546 0.121632
vt 0.525866 0.112213
vt 0.525840 0.114959
vt 0.533935 0.121651
vt 0.531609 0.115010
vt 0.518393 0.882227
vt 0.523052 0.887679
vt 0.524163 0.882285
vt 0.518304 0.891593
vt 0.518329 0.888847
vt 0.526553 0.882312
vt 0.524100 0.888907
vt 0.518457 0.882804
vt 0.523116 0.888250
vt 0.518393 0.889420
vt 0.526616 0.882876
vt 0.524226 0.882858
vt 0.518366 0.892157
vt 0.524162 0.889471
vt -0.137783 0.498120
vt -0.143642 0.420028
vt -0.137846 0.420042
vt 0.108521 0.498106
vt 0.114553 0.419982
vt 0.107958 0.420028
vt -0.145346 0.414421
vt -0.151026 0.492523
vt -0.145283 0.492499
vt 0.882419 0.414445
vt 0.876342 0.492573
vt 0.882983 0.492523
vt 0.882312 0.413903
vt 0.889471 0.491935
vt 0.882876 0.491981
vt 0.524162 0.491935
vt 0.518304 0.413842
vt 0.518366 0.491920
vt 0.525803 0.419464
vt 0.531609 0.497517
vt 0.525866 0.497542
vt 0.114446 0.419439
vt 0.121651 0.497468
vt 0.115010 0.497517
vt 0.115117 0.498060
vt 0.875778 0.414495
vt 0.121087 0.419390
vt 0.165122 0.270710
vt 0.164878 0.269815
vt 0.164466 0.270338
vt 0.165734 0.668338
vt 0.164878 0.668076
vt 0.165490 0.667866
vt 0.270128 0.668701
vt 0.269815 0.668076
vt 0.269568 0.668504
vt 0.191566 0.793228
vt 0.190891 0.793841
vt 0.190731 0.793394
vt 0.191267 0.254833
vt 0.190891 0.254018
vt 0.191543 0.254158
vt 0.190118 0.793591
vt 0.190520 0.794085
vt 0.090152 0.434340
vt 0.089382 0.434592
vt 0.089876 0.435015
vt 0.433758 0.704761
vt 0.434592 0.704388
vt 0.433968 0.704182
vt 0.435238 0.704835
vt 0.434603 0.704873
vt 0.116297 0.418462
vt 0.115395 0.418795
vt 0.115549 0.418146
vt 0.115685 0.419551
vt 0.115929 0.419193
vt 0.418071 0.829650
vt 0.418795 0.830154
vt 0.418916 0.829763
vt 0.328564 0.350827
vt 0.329466 0.350493
vt 0.328932 0.350096
vt 0.351218 0.644670
vt 0.350493 0.644167
vt 0.351143 0.644176
vt 0.329176 0.349738
vt 0.329744 0.350373
vt 0.354709 0.334949
vt 0.355479 0.334696
vt 0.355365 0.335321
vt 0.334051 0.769485
vt 0.334696 0.769932
vt 0.334274 0.770085
vt 0.335531 0.769560
vt 0.334686 0.769447
vt 0.253593 0.514456
vt 0.253970 0.515271
vt 0.254341 0.514772
vt 0.253295 0.681093
vt 0.253970 0.680479
vt 0.253317 0.680492
vt 0.254743 0.680730
vt 0.254130 0.680927
vt 0.279739 0.498579
vt 0.279983 0.499474
vt 0.279371 0.499309
vt 0.499161 0.805619
vt 0.499474 0.806245
vt 0.498951 0.806198
vt 0.279127 0.805982
vt 0.279983 0.806245
vt 0.279962 0.805816
vt 0.089496 0.433968
vt 0.270338 0.668122
vt 0.164899 0.668504
vt 0.164286 0.668701
vt 0.190520 0.254516
vt 0.418146 0.830144
vt 0.254441 0.793591
vt 0.254516 0.794085
vt 0.419551 0.829725
vt 0.253317 0.515131
vt 0.089876 0.704235
vt 0.279371 0.806455
vt 0.115685 0.829725
vt 0.115929 0.830197
vt 0.280575 0.805619
vt 0.329311 0.351143
vt 0.514848 0.680730
vt 0.280395 0.498951
vt 0.335321 0.770138
vt 0.349738 0.644595
vt 0.165490 0.269980
vt 0.329176 0.644595
vt 0.354985 0.334274
vt 0.191543 0.793828
vt 0.355008 0.769485
vt 0.354985 0.770085
vt 0.089853 0.704835
vt 0.358266 0.318585
vt 0.358561 0.317970
vt 0.358067 0.318035
vt 0.318307 0.665487
vt 0.317970 0.665180
vt 0.318382 0.665082
vt 0.358000 0.665548
vt 0.358561 0.665180
vt 0.358640 0.665519
vt 0.320772 0.761836
vt 0.320452 0.762205
vt 0.320304 0.761868
vt 0.362676 0.321080
vt 0.362948 0.320452
vt 0.363222 0.320868
vt 0.362357 0.761897
vt 0.362948 0.762205
vt 0.362461 0.762301
vt 0.229239 0.366828
vt 0.228629 0.366551
vt 0.228693 0.367040
vt 0.228974 0.670149
vt 0.228629 0.669813
vt 0.229040 0.669725
vt 0.367136 0.670143
vt 0.366551 0.669813
vt 0.366496 0.670159
vt 0.233649 0.369323
vt 0.233017 0.369033
vt 0.233435 0.368764
vt 0.369601 0.766493
vt 0.369033 0.766838
vt 0.369526 0.766898
vt 0.233331 0.766498
vt 0.233017 0.766838
vt 0.232862 0.766508
vt 0.406326 0.447646
vt 0.406958 0.447935
vt 0.406888 0.447443
vt 0.406644 0.660007
vt 0.406958 0.659667
vt 0.406540 0.659603
vt 0.447368 0.660012
vt 0.447935 0.659667
vt 0.448008 0.659997
vt 0.410736 0.450140
vt 0.411346 0.450417
vt 0.410935 0.450690
vt 0.449833 0.756361
vt 0.450417 0.756692
vt 0.449929 0.756783
vt 0.411001 0.756356
vt 0.411346 0.756692
vt 0.411470 0.756346
vt 0.277300 0.495889
vt 0.277027 0.496517
vt 0.277514 0.496447
vt 0.496196 0.664668
vt 0.496517 0.664299
vt 0.496100 0.664246
vt 0.277618 0.664607
vt 0.277027 0.664299
vt 0.276978 0.664636
vt 0.281709 0.498383
vt 0.281414 0.498999
vt 0.281148 0.498586
vt 0.281975 0.760956
vt 0.281414 0.761324
vt 0.281908 0.761380
vt 0.498661 0.761017
vt 0.498999 0.761324
vt 0.499130 0.760986
vt 0.229040 0.366278
vt 0.358067 0.665125
vt 0.317839 0.665519
vt 0.362461 0.320521
vt 0.233435 0.766902
vt 0.368961 0.766508
vt 0.228505 0.670159
vt 0.276753 0.496100
vt 0.367040 0.669721
vt 0.233087 0.369526
vt 0.281335 0.760986
vt 0.496665 0.664636
vt 0.406540 0.448204
vt 0.277514 0.664203
vt 0.281908 0.498933
vt 0.450473 0.756346
vt 0.358827 0.318382
vt 0.411282 0.449929
vt 0.020649 0.455031
vt 0.020337 0.454261
vt 0.020014 0.454764
vt 0.021067 0.669465
vt 0.020337 0.669178
vt 0.020908 0.669023
vt 0.454606 0.669697
vt 0.454261 0.669178
vt 0.454049 0.669566
vt 0.035668 0.782854
vt 0.035040 0.783362
vt 0.034911 0.782955
vt 0.035426 0.441485
vt 0.035040 0.440783
vt 0.035634 0.440851
vt 0.441222 0.783086
vt 0.440783 0.783362
vt 0.441265 0.783549
vt -0.033720 0.608180
vt -0.034413 0.608484
vt -0.033928 0.608814
vt 0.607755 0.694775
vt 0.608484 0.694432
vt 0.607913 0.694265
vt -0.033962 0.694848
vt -0.034413 0.694432
vt -0.034526 0.694859
vt -0.018943 0.594634
vt -0.019710 0.595006
vt -0.019629 0.594414
vt -0.019362 0.808236
vt -0.019710 0.808616
vt -0.019202 0.808679
vt 0.594370 0.808164
vt 0.595006 0.808616
vt 0.595129 0.808248
vt 0.174429 0.511770
vt 0.175196 0.511398
vt 0.174688 0.511089
vt 0.512034 0.656434
vt 0.511398 0.655982
vt 0.511990 0.655970
vt 0.174848 0.656361
vt 0.175196 0.655982
vt 0.175412 0.656350
vt 0.189207 0.498224
vt 0.189899 0.497920
vt 0.189841 0.498491
vt 0.189448 0.769750
vt 0.189899 0.770166
vt 0.189414 0.770282
vt 0.498650 0.769823
vt 0.497920 0.770166
vt 0.497891 0.769738
vt 0.120060 0.664919
vt 0.120446 0.665621
vt 0.120746 0.665139
vt 0.119819 0.681744
vt 0.120446 0.681236
vt 0.119853 0.681212
vt 0.665183 0.681512
vt 0.665621 0.681236
vt 0.665739 0.681643
vt 0.134838 0.651373
vt 0.135149 0.652143
vt 0.134578 0.652054
vt 0.651799 0.794901
vt 0.652143 0.795420
vt 0.651640 0.795411
vt 0.134419 0.795133
vt 0.135149 0.795420
vt 0.135176 0.795032
vt -0.034355 0.607913
vt 0.020310 0.669566
vt 0.440665 0.782955
vt 0.034740 0.441265
vt 0.594414 0.808627
vt -0.019925 0.808248
vt 0.119853 0.665553
vt -0.033928 0.694316
vt -0.019202 0.595315
vt 0.134578 0.795575
vt 0.652355 0.795032
vt 0.120576 0.681643
vt 0.175115 0.511990
vt 0.135472 0.651640
vt 0.190012 0.769738
vt 0.511275 0.656350
vt 0.020908 0.454350
vt 0.174688 0.655919
vt 0.189414 0.497590
vt 0.319576 0.291374
vt 0.319523 0.290707
vt 0.319138 0.291005
vt 0.320123 0.662226
vt 0.319523 0.661925
vt 0.319951 0.661833
vt 0.318974 0.662286
vt 0.319525 0.662254
vt 0.324871 0.756315
vt 0.324305 0.756674
vt 0.324273 0.756342
vt 0.324383 0.289893
vt 0.324305 0.289233
vt 0.324740 0.289449
vt 0.323723 0.756375
vt 0.323928 0.756772
vt 0.234374 0.395406
vt 0.233723 0.395468
vt 0.234017 0.395851
vt 0.394879 0.668205
vt 0.395468 0.667885
vt 0.395037 0.667794
vt 0.396029 0.668217
vt 0.395478 0.668223
vt 0.239181 0.393925
vt 0.238505 0.393994
vt 0.238726 0.393561
vt 0.394566 0.762305
vt 0.393994 0.762634
vt 0.394375 0.762699
vt 0.393416 0.762293
vt 0.394014 0.762312
vt 0.423556 0.376756
vt 0.424231 0.376687
vt 0.423930 0.376307
vt 0.377266 0.658318
vt 0.376687 0.657978
vt 0.377120 0.657921
vt 0.376115 0.658306
vt 0.376667 0.658300
vt 0.428362 0.375275
vt 0.429013 0.375213
vt 0.428800 0.375644
vt 0.374652 0.752395
vt 0.375213 0.752726
vt 0.374831 0.752810
vt 0.375802 0.752407
vt 0.375204 0.752389
vt 0.338354 0.480788
vt 0.338432 0.481449
vt 0.338809 0.481152
vt 0.337865 0.664297
vt 0.338432 0.663938
vt 0.337996 0.663882
vt 0.339014 0.664237
vt 0.338463 0.664269
vt 0.343160 0.479307
vt 0.343214 0.479975
vt 0.342786 0.479756
vt 0.343763 0.758325
vt 0.343214 0.758686
vt 0.343598 0.758736
vt 0.342614 0.758385
vt 0.343212 0.758358
vt 0.233936 0.395037
vt 0.290847 0.662286
vt 0.323928 0.289529
vt 0.393561 0.762690
vt 0.289384 0.756375
vt 0.289529 0.756772
vt 0.337996 0.481232
vt 0.233886 0.668217
vt 0.238807 0.394375
vt 0.342786 0.758779
vt 0.238635 0.762305
vt 0.238807 0.762699
vt 0.424010 0.377120
vt 0.481152 0.663840
vt 0.343598 0.479676
vt 0.375644 0.752818
vt 0.479834 0.758325
vt 0.479676 0.758736
vt 0.319951 0.290925
vt 0.423930 0.657913
vt 0.428719 0.374831
vt 0.324740 0.756730
vt 0.428851 0.752395
vt 0.428719 0.752810
vt 0.424102 0.658306
vt 0.481298 0.664237
vt 0.001581 0.510922
vt 0.001453 0.509964
vt 0.000968 0.510449
vt 0.002368 0.655353
vt 0.001453 0.655122
vt 0.002052 0.654886
vt 0.000834 0.655802
vt 0.001524 0.655556
vt 0.036229 0.782936
vt 0.035552 0.783600
vt 0.035385 0.783139
vt 0.035854 0.494341
vt 0.035552 0.493468
vt 0.036205 0.493693
vt 0.034696 0.783386
vt 0.035120 0.783883
vt -0.094023 0.668671
vt -0.094822 0.668820
vt -0.094374 0.669320
vt 0.667944 0.701431
vt 0.668820 0.701071
vt 0.668198 0.700833
vt 0.669530 0.701536
vt 0.668806 0.701577
vt -0.059750 0.652091
vt -0.060723 0.652324
vt -0.060484 0.651676
vt -0.060537 0.653148
vt -0.060221 0.652797
vt 0.651563 0.829015
vt 0.652324 0.829549
vt 0.652424 0.829160
vt 0.158511 0.614240
vt 0.159484 0.614007
vt 0.158982 0.613533
vt 0.614767 0.627073
vt 0.614007 0.626538
vt 0.614654 0.626575
vt 0.159297 0.613182
vt 0.159801 0.613906
vt 0.192784 0.597659
vt 0.193583 0.597510
vt 0.193398 0.598132
vt 0.596800 0.754552
vt 0.597510 0.755017
vt 0.597011 0.755181
vt 0.598386 0.754657
vt 0.597525 0.754511
vt 0.062907 0.771989
vt 0.063209 0.772863
vt 0.063641 0.772404
vt 0.062532 0.673151
vt 0.063209 0.672487
vt 0.062556 0.672522
vt 0.064065 0.672702
vt 0.063376 0.672948
vt 0.097180 0.755409
vt 0.097308 0.756366
vt 0.096709 0.756115
vt 0.097927 0.800286
vt 0.097308 0.800966
vt 0.097793 0.800884
vt 0.096393 0.800735
vt 0.097237 0.800532
vt -0.094637 0.668198
vt 0.510195 0.655802
vt 0.035120 0.493926
vt -0.060909 0.651563
vt 0.034696 0.493813
vt 0.653148 0.829120
vt 0.062556 0.772637
vt -0.094398 0.701536
vt 0.159245 0.614654
vt 0.159670 0.614767
vt 0.097793 0.755882
vt 0.755882 0.800884
vt 0.756136 0.800286
vt 0.613182 0.626968
vt 0.613906 0.626927
vt 0.002052 0.510215
vt 0.002368 0.509864
vt 0.193134 0.597011
vt 0.193134 0.755181
vt 0.193159 0.754552
vt 0.493813 0.783386
vt 0.159297 0.626968
vt -0.060537 0.829120
vt 0.772517 0.672702
vt 0.204794 0.357413
vt 0.205201 0.356711
vt 0.204614 0.356762
vt 0.357138 0.716040
vt 0.356711 0.715752
vt 0.357206 0.715596
vt 0.204601 0.716255
vt 0.205201 0.715752
vt 0.205342 0.716139
vt 0.362256 0.827955
vt 0.361865 0.828452
vt 0.361686 0.828054
vt 0.222054 0.362593
vt 0.222374 0.361865
vt 0.222678 0.362368
vt 0.221654 0.828170
vt 0.222374 0.828452
vt 0.221814 0.828624
vt 0.052368 0.407779
vt 0.051706 0.407430
vt 0.051744 0.408005
vt 0.052175 0.737177
vt 0.051706 0.736821
vt 0.052189 0.736671
vt 0.408116 0.737217
vt 0.407430 0.736821
vt 0.407367 0.737242
vt 0.069628 0.412960
vt 0.068879 0.412584
vt 0.069389 0.412291
vt 0.413235 0.849132
vt 0.412584 0.849521
vt 0.413167 0.849575
vt 0.069229 0.849092
vt 0.068879 0.849521
vt 0.068661 0.849157
vt 0.253590 0.511094
vt 0.254339 0.511469
vt 0.254274 0.510887
vt 0.253989 0.701615
vt 0.254339 0.701187
vt 0.253829 0.701160
vt 0.510819 0.701576
vt 0.511469 0.701187
vt 0.511569 0.701551
vt 0.270850 0.516274
vt 0.271512 0.516623
vt 0.271029 0.516925
vt 0.515938 0.813491
vt 0.516623 0.813887
vt 0.516049 0.814009
vt 0.271043 0.813530
vt 0.271512 0.813887
vt 0.271611 0.813466
vt 0.101164 0.561461
vt 0.100844 0.562189
vt 0.101404 0.562130
vt 0.561798 0.722753
vt 0.562189 0.722256
vt 0.561686 0.722235
vt 0.101564 0.722538
vt 0.100844 0.722256
vt 0.100823 0.722654
vt 0.118424 0.566641
vt 0.118017 0.567343
vt 0.117739 0.566848
vt 0.118617 0.834453
vt 0.118017 0.834956
vt 0.118604 0.834960
vt 0.566916 0.834668
vt 0.567343 0.834956
vt 0.567486 0.834569
vt 0.052189 0.407129
vt 0.204614 0.715748
vt 0.356568 0.716139
vt 0.222395 0.828054
vt 0.221814 0.361924
vt 0.069389 0.849547
vt 0.412485 0.849157
vt 0.100540 0.561686
vt 0.408005 0.736699
vt 0.068944 0.413167
vt 0.566848 0.835111
vt 0.117876 0.834569
vt 0.253829 0.511763
vt 0.101404 0.722083
vt 0.118604 0.567292
vt 0.516687 0.813466
vt 0.254557 0.701551
vt 0.205478 0.357206
vt 0.271474 0.516049
vt 0.031946 0.288307
vt 0.031379 0.287640
vt 0.031231 0.288252
vt 0.032032 0.657651
vt 0.031379 0.657383
vt 0.031972 0.657197
vt 0.288153 0.657958
vt 0.287640 0.657383
vt 0.287428 0.657790
vt 0.045940 0.776258
vt 0.045384 0.776822
vt 0.045200 0.776397
vt 0.046023 0.266528
vt 0.045384 0.265972
vt 0.045999 0.265834
vt 0.266636 0.776565
vt 0.265972 0.776822
vt 0.266550 0.777039
vt 0.031737 0.458865
vt 0.031168 0.459394
vt 0.031760 0.459559
vt 0.458711 0.688925
vt 0.459394 0.688568
vt 0.458810 0.688381
vt 0.031820 0.688995
vt 0.031168 0.688568
vt 0.031081 0.689023
vt 0.045814 0.437086
vt 0.045174 0.437726
vt 0.045050 0.437108
vt 0.045728 0.807601
vt 0.045174 0.808006
vt 0.045788 0.808056
vt 0.437194 0.807532
vt 0.437726 0.808006
vt 0.437933 0.807630
vt 0.204150 0.292061
vt 0.204790 0.291421
vt 0.204176 0.291290
vt 0.291953 0.638209
vt 0.291421 0.637734
vt 0.292039 0.637734
vt 0.204236 0.638139
vt 0.204790 0.637734
vt 0.204975 0.638110
vt 0.218227 0.270282
vt 0.218796 0.269752
vt 0.218942 0.270336
vt 0.218144 0.756746
vt 0.218796 0.757173
vt 0.218203 0.757310
vt 0.270435 0.756815
vt 0.269752 0.757173
vt 0.269696 0.756717
vt 0.203941 0.462619
vt 0.204579 0.463175
vt 0.204705 0.462597
vt 0.204024 0.669482
vt 0.204579 0.668919
vt 0.203964 0.668918
vt 0.462511 0.669176
vt 0.463175 0.668919
vt 0.463237 0.669343
vt 0.218018 0.440840
vt 0.218585 0.441506
vt 0.217992 0.441610
vt 0.440993 0.787783
vt 0.441506 0.788357
vt 0.440894 0.788327
vt 0.217932 0.788089
vt 0.218585 0.788357
vt 0.218672 0.787950
vt 0.031022 0.458810
vt 0.031292 0.657790
vt 0.265910 0.776397
vt 0.045259 0.266550
vt 0.044989 0.807630
vt 0.459450 0.689023
vt 0.203964 0.463313
vt 0.031760 0.688430
vt 0.045788 0.437856
vt 0.217992 0.788543
vt 0.441719 0.787950
vt 0.204764 0.669343
vt 0.204914 0.292039
vt 0.218733 0.440894
vt 0.218883 0.756717
vt 0.291214 0.638110
vt 0.031972 0.287536
vt 0.218203 0.269588
vt 0.045999 0.776823
vt 0.093254 0.407776
vt 0.093595 0.407001
vt 0.092997 0.407126
vt 0.094298 0.663953
vt 0.093595 0.663675
vt 0.093937 0.663504
vt 0.092968 0.664216
vt 0.093735 0.664072
vt 0.410043 0.779515
vt 0.409700 0.780047
vt 0.409514 0.779634
vt 0.115347 0.410489
vt 0.115576 0.409700
vt 0.115953 0.410180
vt 0.114797 0.779778
vt 0.115576 0.780047
vt 0.115013 0.780245
vt -0.056850 0.478462
vt -0.057562 0.478182
vt -0.057456 0.478770
vt 0.477553 0.690930
vt 0.478182 0.690576
vt 0.477812 0.690404
vt 0.478908 0.690991
vt 0.478127 0.691015
vt -0.034756 0.481175
vt -0.035580 0.480881
vt -0.035091 0.480515
vt 0.481588 0.806553
vt 0.480881 0.806948
vt 0.481473 0.807002
vt -0.035307 0.806491
vt -0.035580 0.806948
vt -0.035829 0.806577
vt 0.162085 0.560190
vt 0.162909 0.560484
vt 0.162768 0.559892
vt 0.162635 0.647479
vt 0.162909 0.647022
vt 0.162419 0.647012
vt 0.559777 0.647417
vt 0.560484 0.647022
vt 0.560558 0.647394
vt 0.184178 0.562903
vt 0.184890 0.563183
vt 0.184435 0.563553
vt 0.562457 0.762979
vt 0.563183 0.763395
vt 0.562595 0.763523
vt 0.563812 0.763041
vt 0.563238 0.762956
vt 0.011981 0.630876
vt 0.011752 0.631665
vt 0.012316 0.631536
vt 0.631322 0.674455
vt 0.631665 0.673923
vt 0.631185 0.673911
vt 0.012532 0.674193
vt 0.011752 0.673923
vt 0.011765 0.674337
vt 0.034075 0.633589
vt 0.033734 0.634364
vt 0.033391 0.633888
vt 0.034360 0.789755
vt 0.033734 0.790296
vt 0.034331 0.790280
vt 0.033030 0.790017
vt 0.033593 0.789899
vt -0.057107 0.477812
vt -0.057107 0.690404
vt -0.057135 0.690930
vt 0.116126 0.779515
vt 0.115013 0.409829
vt 0.480807 0.806577
vt 0.480233 0.806491
vt 0.011375 0.631185
vt -0.035440 0.481473
vt 0.634002 0.790017
vt 0.011202 0.674455
vt 0.162419 0.560850
vt 0.012316 0.673726
vt 0.034331 0.634239
vt 0.184464 0.763041
vt 0.093937 0.407477
vt 0.559892 0.646968
vt 0.407363 0.663953
vt 0.407477 0.663504
vt 0.184784 0.562595
vt 0.410180 0.780059
vt 0.176246 0.409436
vt 0.176716 0.408777
vt 0.176129 0.408770
vt 0.409261 0.701219
vt 0.408777 0.700921
vt 0.409297 0.700773
vt 0.176134 0.701413
vt 0.176716 0.700921
vt 0.176866 0.701308
vt 0.415177 0.813174
vt 0.414734 0.813661
vt 0.414562 0.813263
vt 0.191409 0.415424
vt 0.191802 0.414734
vt 0.192055 0.415264
vt 0.191115 0.813368
vt 0.191802 0.813661
vt 0.191239 0.813826
vt 0.019621 0.444249
vt 0.018993 0.443833
vt 0.018975 0.444409
vt 0.019508 0.720532
vt 0.018993 0.720174
vt 0.019504 0.720029
vt 0.444496 0.720571
vt 0.443833 0.720174
vt 0.443757 0.720592
vt 0.034784 0.450236
vt 0.034079 0.449791
vt 0.034613 0.449549
vt 0.450412 0.832526
vt 0.449791 0.832914
vt 0.450375 0.832973
vt 0.034490 0.832487
vt 0.034079 0.832914
vt 0.033877 0.832547
vt 0.209703 0.566998
vt 0.210408 0.567443
vt 0.210402 0.566859
vt 0.209997 0.688455
vt 0.210408 0.688028
vt 0.209874 0.687997
vt 0.566822 0.688416
vt 0.567443 0.688028
vt 0.567561 0.688396
vt 0.224866 0.572985
vt 0.225494 0.573401
vt 0.224983 0.573651
vt 0.572738 0.800372
vt 0.573401 0.800768
vt 0.572825 0.800886
vt 0.224979 0.800410
vt 0.225494 0.800768
vt 0.225592 0.800351
vt 0.053078 0.601810
vt 0.052685 0.602500
vt 0.053248 0.602497
vt 0.602057 0.707768
vt 0.602500 0.707281
vt 0.601970 0.707253
vt 0.053372 0.707574
vt 0.052685 0.707281
vt 0.052640 0.707679
vt 0.068241 0.607798
vt 0.067771 0.608457
vt 0.067542 0.607937
vt 0.068353 0.819529
vt 0.067771 0.820022
vt 0.068358 0.820033
vt 0.607973 0.819723
vt 0.608457 0.820022
vt 0.608588 0.819634
vt 0.019504 0.443582
vt 0.408646 0.701308
vt 0.191847 0.813263
vt 0.191239 0.414737
vt 0.034613 0.832945
vt 0.449673 0.832547
vt 0.018895 0.720592
vt 0.052432 0.601970
vt 0.444409 0.720056
vt 0.034084 0.450375
vt 0.067621 0.819634
vt 0.602672 0.707679
vt 0.209874 0.567685
vt 0.053248 0.707116
vt 0.068358 0.608464
vt 0.224983 0.800913
vt 0.573477 0.800351
vt 0.210610 0.688396
vt 0.176945 0.409297
vt 0.566859 0.687970
vt 0.225512 0.572825
vt 0.415264 0.813689
vt 0.568524 0.405981
vt 0.564651 0.407804
vt 0.563772 0.407241
vt 0.568533 0.410303
vt 0.568532 0.407248
vt 0.563778 0.410298
vt 0.561800 0.410294
vt 0.568170 0.761662
vt 0.564282 0.764151
vt 0.563415 0.761657
vt 0.568152 0.765980
vt 0.568163 0.764716
vt 0.563402 0.764710
vt 0.561437 0.761653
vt 0.567461 0.405779
vt 0.563572 0.407600
vt 0.567450 0.407043
vt 0.562696 0.410093
vt 0.562708 0.407040
vt 0.560737 0.410093
vt 0.567443 0.410097
vt 0.567089 0.765778
vt 0.563204 0.763947
vt 0.562339 0.764508
vt 0.567080 0.761456
vt 0.567081 0.764511
vt 0.562333 0.761452
vt 0.560374 0.761451
vt 1.115044 0.406530
vt 1.118929 0.408361
vt 1.115052 0.407797
vt 1.119800 0.410857
vt 1.119794 0.407800
vt 1.121759 0.410857
vt 1.115053 0.410853
vt 1.114672 0.766529
vt 1.118561 0.764709
vt 1.119425 0.765269
vt 1.114690 0.762212
vt 1.114683 0.765266
vt 1.119437 0.762216
vt 1.121396 0.762216
vt 1.113980 0.406329
vt 1.117851 0.408157
vt 1.118731 0.407599
vt 1.113963 0.410646
vt 1.113970 0.407592
vt 1.118718 0.410652
vt 1.120695 0.410656
vt 1.113609 0.766328
vt 1.117482 0.764504
vt 1.113601 0.765061
vt 1.118355 0.762011
vt 1.118361 0.765067
vt 1.120332 0.762015
vt 1.113600 0.762005
vt 0.568524 0.168081
vt 0.562708 0.255859
vt 0.567461 0.255914
vt 0.168026 0.407241
vt 0.255843 0.410093
vt 0.255859 0.407040
vt 0.568152 0.168902
vt 0.562339 0.256675
vt 0.563402 0.168841
vt 0.256675 0.764508
vt 0.168810 0.761653
vt 0.168841 0.764710
vt 1.115044 0.174700
vt 1.118731 0.262594
vt 1.119794 0.174761
vt 0.174761 0.407800
vt 0.262625 0.410656
vt 0.174791 0.410857
vt 1.114672 0.175521
vt 1.118361 0.263409
vt 1.113609 0.263354
vt 0.175576 0.765269
vt 0.263426 0.762015
vt 0.263409 0.765067
vt 0.168009 0.410294
vt 0.567089 0.256735
vt 0.175593 0.762216
vt 0.567384 0.407716
vt 0.563526 0.409582
vt 0.562647 0.409035
vt 0.567435 0.412029
vt 0.567400 0.408976
vt 0.562683 0.412085
vt 0.560714 0.412112
vt 0.571459 0.763359
vt 0.567607 0.765900
vt 0.566707 0.763416
vt 0.571507 0.767686
vt 0.571493 0.766416
vt 0.566741 0.766475
vt 0.564738 0.763443
vt 0.567272 0.408249
vt 0.563412 0.410123
vt 0.567285 0.409518
vt 0.562569 0.412627
vt 0.562535 0.409568
vt 0.560602 0.412645
vt 0.567320 0.412575
vt 0.571394 0.768219
vt 0.567493 0.766441
vt 0.566629 0.767008
vt 0.571344 0.763905
vt 0.571379 0.766958
vt 0.566593 0.763958
vt 0.564625 0.763976
vt 1.113908 0.401461
vt 1.117809 0.403239
vt 1.113924 0.402722
vt 1.118710 0.405722
vt 1.118674 0.402672
vt 1.120677 0.405704
vt 1.113959 0.405774
vt 1.118031 0.761431
vt 1.121890 0.759557
vt 1.122767 0.760111
vt 1.117983 0.757105
vt 1.118017 0.760161
vt 1.122733 0.757052
vt 1.124701 0.757034
vt 1.113796 0.401994
vt 1.117695 0.403779
vt 1.118562 0.403205
vt 1.113844 0.406320
vt 1.113809 0.403264
vt 1.118596 0.406264
vt 1.120565 0.406237
vt 1.117918 0.761964
vt 1.121776 0.760098
vt 1.117903 0.760703
vt 1.122619 0.757595
vt 1.122655 0.760644
vt 1.124588 0.757567
vt 1.117867 0.757651
vt 0.567384 0.740191
vt 0.562535 0.828015
vt 0.567272 0.828029
vt 0.828015 0.409568
vt 0.740155 0.412112
vt 0.827994 0.412645
vt 0.571394 0.825850
vt 0.566741 0.738013
vt 0.571507 0.738012
vt 0.738013 0.766475
vt 0.825867 0.763976
vt 0.738029 0.763443
vt 1.113796 0.828766
vt 1.118674 0.740927
vt 1.113908 0.740928
vt 0.740927 0.402672
vt 0.828749 0.406237
vt 0.740911 0.405704
vt 1.118031 0.738749
vt 1.122655 0.826601
vt 1.117918 0.826587
vt 0.826601 0.760644
vt 0.738784 0.757034
vt 0.826622 0.757567
vt 0.264284 0.406789
vt 0.260975 0.408654
vt 0.264294 0.408061
vt 0.260252 0.411157
vt 0.260224 0.408095
vt 0.258568 0.411167
vt 0.264324 0.411119
vt 0.263849 0.765531
vt 0.263815 0.762484
vt 0.262131 0.762493
vt 0.267934 0.766755
vt 0.264588 0.764969
vt 0.267886 0.762445
vt 0.267918 0.765497
vt 0.732736 0.402057
vt 0.736078 0.403855
vt 0.736822 0.403282
vt 0.732776 0.406387
vt 0.732746 0.403330
vt 0.736850 0.406343
vt 0.738540 0.406319
vt 0.736386 0.762023
vt 0.739691 0.760170
vt 0.736370 0.760765
vt 0.740412 0.757670
vt 0.740446 0.760717
vt 0.742102 0.757645
vt 0.736338 0.757714
vt 0.264643 0.405962
vt 0.261338 0.407815
vt 0.260583 0.407268
vt 0.264691 0.410271
vt 0.264659 0.407220
vt 0.260617 0.410316
vt 0.258927 0.410340
vt 0.268293 0.765928
vt 0.264951 0.764130
vt 0.268283 0.764655
vt 0.264179 0.761642
vt 0.264207 0.764704
vt 0.262489 0.761666
vt 0.268253 0.761598
vt 0.733095 0.401230
vt 0.736441 0.403017
vt 0.733111 0.402488
vt 0.737214 0.405502
vt 0.737180 0.402454
vt 0.738898 0.405492
vt 0.733143 0.405540
vt 0.736745 0.761196
vt 0.740054 0.759331
vt 0.740804 0.759890
vt 0.736705 0.756866
vt 0.736735 0.759924
vt 0.740777 0.756828
vt 0.742460 0.756818
vt 0.646277 0.733095
vt 0.558437 0.736822
vt 0.646272 0.737180
vt 0.558437 0.403282
vt 0.646294 0.405492
vt 0.646272 0.402454
vt 0.649652 0.736745
vt 0.561788 0.740446
vt 0.561817 0.736386
vt 0.561788 0.760717
vt 0.649588 0.756818
vt 0.561752 0.757645
vt 0.560398 0.264284
vt 0.648262 0.260583
vt 0.560426 0.260224
vt 0.560426 0.408095
vt 0.648298 0.410340
vt 0.560462 0.411167
vt 0.563772 0.267934
vt 0.651613 0.264207
vt 0.651608 0.268293
vt 0.651613 0.764704
vt 0.563756 0.762493
vt 0.651591 0.761666
vt 0.558442 0.732736
vt 0.558458 0.406319
vt 0.263679 0.409123
vt 0.260372 0.410990
vt 0.263688 0.410386
vt 0.259655 0.413493
vt 0.259623 0.410441
vt 0.257976 0.413517
vt 0.263725 0.413439
vt 0.264241 0.767878
vt 0.264194 0.764821
vt 0.262515 0.764845
vt 0.268330 0.769091
vt 0.264975 0.767306
vt 0.268263 0.764767
vt 0.268306 0.767823
vt 0.732098 0.403054
vt 0.735441 0.404835
vt 0.736187 0.404267
vt 0.732144 0.407370
vt 0.732108 0.404317
vt 0.736219 0.407318
vt 0.737914 0.407299
vt 0.736749 0.763022
vt 0.740044 0.761151
vt 0.736725 0.761754
vt 0.740758 0.758647
vt 0.740805 0.761704
vt 0.742452 0.758628
vt 0.736683 0.758698
vt 0.264525 0.409451
vt 0.261229 0.411323
vt 0.260469 0.410769
vt 0.264591 0.413775
vt 0.264548 0.410719
vt 0.260516 0.413827
vt 0.258821 0.413846
vt 0.269175 0.769419
vt 0.265832 0.767638
vt 0.269166 0.768156
vt 0.265054 0.765155
vt 0.265086 0.768206
vt 0.263360 0.765174
vt 0.269130 0.765103
vt 0.732944 0.403383
vt 0.736299 0.405168
vt 0.732968 0.404651
vt 0.737080 0.407652
vt 0.737033 0.404595
vt 0.738759 0.407628
vt 0.733010 0.407706
vt 0.737594 0.763350
vt 0.740902 0.761484
vt 0.741650 0.762032
vt 0.737549 0.759034
vt 0.737585 0.762088
vt 0.741618 0.758981
vt 0.743298 0.758956
vt 1.030088 0.732098
vt 1.117879 0.737033
vt 1.117923 0.732944
vt 1.117879 0.404595
vt 1.030016 0.407299
vt 1.117851 0.407628
vt 1.028698 0.736749
vt 1.116499 0.741650
vt 1.028664 0.740805
vt 1.116499 0.762032
vt 1.028659 0.758628
vt 1.028664 0.761704
vt 1.034574 0.263679
vt 1.122444 0.260469
vt 1.034608 0.259623
vt 1.122444 0.410769
vt 1.034613 0.413517
vt 1.034608 0.410441
vt 1.033184 0.268330
vt 1.121063 0.265086
vt 1.121020 0.269175
vt 1.033228 0.767878
vt 1.121091 0.765174
vt 1.121063 0.768206
vt 1.122409 0.264525
vt 1.122448 0.413846
vt 1.116533 0.737594
vt 0.572177 0.176706
vt 0.568337 0.172100
vt 0.567427 0.176665
vt 0.567476 0.171062
vt 0.572224 0.171105
vt 0.572247 0.168782
vt 0.565462 0.176646
vt 0.572635 0.170742
vt 0.567880 0.170706
vt 0.572651 0.168425
vt 0.572591 0.176340
vt 0.568747 0.171738
vt 0.565866 0.176289
vt 0.567838 0.176303
vt 0.566880 0.820837
vt 0.562965 0.825376
vt 0.566835 0.826436
vt 0.560165 0.820778
vt 0.562130 0.820797
vt 0.562087 0.826394
vt 0.566820 0.828753
vt 0.567294 0.820472
vt 0.563375 0.825014
vt 0.562541 0.820434
vt 0.562492 0.826037
vt 0.567247 0.826073
vt 0.567224 0.828396
vt 0.560569 0.820421
vt 1.118711 0.181213
vt 1.122630 0.176671
vt 1.118758 0.175612
vt 1.125435 0.181264
vt 1.123464 0.181251
vt 1.123513 0.175648
vt 1.118781 0.173289
vt 1.119125 0.180847
vt 1.123040 0.176309
vt 1.123875 0.180888
vt 1.123917 0.175291
vt 1.119169 0.175249
vt 1.119185 0.172932
vt 1.125840 0.180907
vt 1.113414 0.825345
vt 1.117258 0.829947
vt 1.118167 0.825382
vt 1.118125 0.830979
vt 1.113370 0.830943
vt 1.113354 0.833260
vt 1.120139 0.825395
vt 1.113828 0.824979
vt 1.117668 0.829585
vt 1.113781 0.830580
vt 1.120543 0.825039
vt 1.118578 0.825019
vt 1.118529 0.830623
vt 1.113758 0.832903
vt 0.572247 0.406790
vt 0.567880 0.484903
vt 0.567476 0.406825
vt 0.170706 0.484903
vt 0.176646 0.406861
vt 0.171062 0.406825
vt 0.567224 0.487911
vt 0.562087 0.409846
vt 0.562492 0.487925
vt 0.826394 0.409846
vt 0.820421 0.487909
vt 0.826037 0.487925
vt 0.825395 0.406953
vt 0.830623 0.485067
vt 0.825039 0.485031
vt 1.118125 0.406989
vt 1.113758 0.485103
vt 1.118529 0.485067
vt 1.118781 0.403982
vt 1.123917 0.482046
vt 1.119185 0.482060
vt 0.175291 0.482046
vt 0.181264 0.403984
vt 0.180907 0.482062
vt 0.820778 0.409831
vt 1.113354 0.407024
vt 0.566820 0.409833
vt 0.771991 0.491116
vt 0.772187 0.490295
vt 0.771640 0.490537
vt 0.772962 0.573335
vt 0.772187 0.573132
vt 0.772596 0.572930
vt 0.771611 0.573725
vt 0.772327 0.573509
vt 0.805594 0.684588
vt 0.805048 0.685165
vt 0.804959 0.684762
vt 0.805020 0.487635
vt 0.805048 0.486832
vt 0.805508 0.487220
vt 0.804243 0.684978
vt 0.804552 0.685413
vt 0.644689 0.589202
vt 0.643992 0.589069
vt 0.644200 0.589617
vt 0.588371 0.614097
vt 0.589069 0.613787
vt 0.588623 0.613577
vt 0.589777 0.614198
vt 0.589030 0.614228
vt 0.677717 0.585722
vt 0.676853 0.585606
vt 0.677250 0.585155
vt 0.586338 0.725450
vt 0.585606 0.725820
vt 0.586149 0.725856
vt 0.676941 0.584932
vt 0.676563 0.585591
vt 0.867268 0.624576
vt 0.868132 0.624691
vt 0.867872 0.624149
vt 0.868044 0.625366
vt 0.867735 0.625143
vt 0.623960 0.549515
vt 0.624691 0.549145
vt 0.624707 0.549484
vt 0.900296 0.621096
vt 0.900993 0.621228
vt 0.900647 0.621675
vt 0.620521 0.660767
vt 0.621228 0.661177
vt 0.620681 0.661316
vt 0.621927 0.660867
vt 0.621268 0.660736
vt 0.739965 0.722663
vt 0.739937 0.723466
vt 0.740433 0.723229
vt 0.739390 0.590377
vt 0.739937 0.589800
vt 0.739477 0.589827
vt 0.740742 0.589987
vt 0.740026 0.590203
vt 0.772994 0.719182
vt 0.772798 0.720002
vt 0.772389 0.719609
vt 0.773374 0.701239
vt 0.772798 0.701832
vt 0.773345 0.701759
vt 0.772023 0.701629
vt 0.772658 0.701455
vt 0.644338 0.588623
vt 0.644338 0.613577
vt 0.644308 0.614097
vt 0.804552 0.487068
vt 0.676941 0.725349
vt 0.585591 0.725480
vt 0.584932 0.725349
vt 0.739477 0.723078
vt 0.589617 0.613648
vt 0.723237 0.590377
vt 0.723078 0.589827
vt 0.677113 0.586149
vt 0.772023 0.719798
vt 0.676746 0.586338
vt 0.867735 0.549180
vt 0.868044 0.549615
vt 0.773345 0.719761
vt 0.900676 0.660867
vt 0.772596 0.490689
vt 0.868239 0.623960
vt 0.772962 0.490500
vt 0.900785 0.620681
vt 0.487061 0.684588
vt 0.490500 0.573335
vt 0.719798 0.701629
vt 0.820281 0.433018
vt 0.820611 0.432460
vt 0.820140 0.432491
vt 0.432812 0.612939
vt 0.432460 0.612683
vt 0.432864 0.612572
vt 0.820117 0.613065
vt 0.820611 0.612683
vt 0.820714 0.612997
vt 0.436236 0.703239
vt 0.435909 0.703617
vt 0.435769 0.703298
vt 0.830226 0.436484
vt 0.830505 0.435909
vt 0.830740 0.436317
vt 0.829943 0.703365
vt 0.830505 0.703617
vt 0.830050 0.703737
vt 0.696533 0.470482
vt 0.695995 0.470187
vt 0.696019 0.470649
vt 0.696369 0.625109
vt 0.695995 0.624812
vt 0.696393 0.624706
vt 0.470731 0.625129
vt 0.470187 0.624812
vt 0.470131 0.625145
vt 0.706478 0.473948
vt 0.705890 0.473635
vt 0.706303 0.473409
vt 0.474155 0.715430
vt 0.473635 0.715746
vt 0.474103 0.715796
vt 0.706195 0.715410
vt 0.705890 0.715746
vt 0.705729 0.715446
vt 0.857044 0.557255
vt 0.857632 0.557568
vt 0.857593 0.557100
vt 0.857327 0.604247
vt 0.857632 0.603911
vt 0.857220 0.603875
vt 0.557048 0.604227
vt 0.557568 0.603911
vt 0.557648 0.604211
vt 0.866990 0.560721
vt 0.867527 0.561016
vt 0.867130 0.561248
vt 0.560472 0.694527
vt 0.561016 0.694844
vt 0.560554 0.694936
vt 0.867153 0.694547
vt 0.867527 0.694844
vt 0.867619 0.694511
vt 0.733297 0.594719
vt 0.733017 0.595294
vt 0.733472 0.595258
vt 0.594967 0.616418
vt 0.595294 0.616040
vt 0.594886 0.616009
vt 0.733580 0.616292
vt 0.733017 0.616040
vt 0.732983 0.616359
vt 0.743242 0.598185
vt 0.742912 0.598743
vt 0.742693 0.598339
vt 0.743406 0.706592
vt 0.742912 0.706973
vt 0.743382 0.706995
vt 0.598391 0.706718
vt 0.598743 0.706973
vt 0.598858 0.706659
vt 0.696393 0.469955
vt 0.432345 0.612997
vt 0.830050 0.435945
vt 0.706303 0.715782
vt 0.473555 0.715446
vt 0.695903 0.625145
vt 0.732783 0.594886
vt 0.705929 0.474103
vt 0.598339 0.707084
vt 0.742809 0.706659
vt 0.595434 0.616359
vt 0.857220 0.557794
vt 0.733472 0.615919
vt 0.743382 0.598712
vt 0.867130 0.694951
vt 0.561072 0.694511
vt 0.820829 0.432864
vt 0.867504 0.560554
vt 0.940165 0.467542
vt 0.940210 0.466985
vt 0.939851 0.467176
vt 0.940695 0.589160
vt 0.940210 0.588896
vt 0.940535 0.588824
vt 0.939728 0.589185
vt 0.940226 0.589173
vt 0.942713 0.668210
vt 0.942242 0.668500
vt 0.942244 0.668223
vt 0.942207 0.467915
vt 0.942242 0.467356
vt 0.942570 0.467597
vt 0.941746 0.668235
vt 0.941886 0.668570
vt 0.854792 0.541498
vt 0.854239 0.541458
vt 0.854429 0.541816
vt 0.540981 0.591020
vt 0.541458 0.590743
vt 0.541132 0.590676
vt 0.541949 0.591017
vt 0.541451 0.591024
vt 0.856834 0.541871
vt 0.856271 0.541830
vt 0.856513 0.541503
vt 0.542318 0.670066
vt 0.541830 0.670347
vt 0.542188 0.670403
vt 0.541350 0.670069
vt 0.541819 0.670073
vt 1.014086 0.552933
vt 1.014650 0.552974
vt 1.014457 0.552616
vt 0.553454 0.586873
vt 0.552974 0.586595
vt 0.553300 0.586537
vt 0.552486 0.586875
vt 0.552984 0.586869
vt 1.016129 0.553306
vt 1.016682 0.553345
vt 1.016443 0.553672
vt 0.552855 0.665925
vt 0.553345 0.666198
vt 0.552988 0.666267
vt 0.553822 0.665922
vt 0.553353 0.665918
vt 0.928714 0.626888
vt 0.928679 0.627448
vt 0.929035 0.627256
vt 0.928207 0.588732
vt 0.928679 0.588442
vt 0.928351 0.588390
vt 0.929175 0.588707
vt 0.928677 0.588719
vt 0.930756 0.627261
vt 0.930711 0.627819
vt 0.930386 0.627578
vt 0.931193 0.667756
vt 0.930711 0.668046
vt 0.931070 0.668100
vt 0.930225 0.667781
vt 0.930695 0.667768
vt 0.854478 0.541132
vt 0.854478 0.590676
vt 0.854355 0.591020
vt 0.941886 0.467548
vt 0.856513 0.670405
vt 0.928351 0.627207
vt 0.627207 0.588390
vt 0.627340 0.588732
vt 0.856464 0.542188
vt 0.627708 0.667781
vt 1.014407 0.553300
vt 0.929035 0.588372
vt 1.014547 0.586873
vt 1.014407 0.586537
vt 0.931070 0.627627
vt 1.016565 0.665922
vt 0.940535 0.467226
vt 0.552616 0.586539
vt 0.467096 0.589160
vt 0.467226 0.588824
vt 1.016492 0.552988
vt 0.467597 0.668552
vt 0.796528 0.467013
vt 0.797059 0.466479
vt 0.796522 0.466393
vt 0.467006 0.578476
vt 0.466479 0.578235
vt 0.466982 0.578078
vt 0.796582 0.578721
vt 0.797059 0.578235
vt 0.797230 0.578589
vt 0.477223 0.681217
vt 0.476767 0.681697
vt 0.476605 0.681330
vt 0.814327 0.477354
vt 0.814767 0.476767
vt 0.814928 0.477287
vt 0.814167 0.681462
vt 0.814767 0.681697
vt 0.814258 0.681875
vt 0.649292 0.478336
vt 0.648790 0.477881
vt 0.648691 0.478403
vt 0.649345 0.602796
vt 0.648790 0.602479
vt 0.649285 0.602326
vt 0.478467 0.602844
vt 0.477881 0.602479
vt 0.477809 0.602871
vt 0.667090 0.488677
vt 0.666498 0.488170
vt 0.667021 0.488021
vt 0.488684 0.705585
vt 0.488170 0.705940
vt 0.488708 0.705983
vt 0.666930 0.705537
vt 0.666498 0.705940
vt 0.666314 0.705612
vt 0.805288 0.615489
vt 0.805880 0.615996
vt 0.805951 0.615458
vt 0.805448 0.562259
vt 0.805880 0.561857
vt 0.805357 0.561847
vt 0.615482 0.562212
vt 0.615996 0.561857
vt 0.616140 0.562185
vt 0.823086 0.625830
vt 0.823588 0.626285
vt 0.823093 0.626449
vt 0.625699 0.664953
vt 0.626285 0.665318
vt 0.625763 0.665437
vt 0.823033 0.665001
vt 0.823588 0.665318
vt 0.823649 0.664926
vt 0.658051 0.626812
vt 0.657611 0.627399
vt 0.658120 0.627468
vt 0.626943 0.586579
vt 0.627399 0.586100
vt 0.626879 0.586095
vt 0.658211 0.586334
vt 0.657611 0.586100
vt 0.657563 0.586466
vt 0.675850 0.637153
vt 0.675319 0.637687
vt 0.675186 0.637184
vt 0.675796 0.689075
vt 0.675319 0.689562
vt 0.675856 0.689545
vt 0.637160 0.689320
vt 0.637687 0.689562
vt 0.637777 0.689208
vt 0.649285 0.477717
vt 0.466388 0.578589
vt 0.814815 0.681330
vt 0.814258 0.476698
vt 0.667021 0.705949
vt 0.488026 0.705612
vt 0.657450 0.626879
vt 0.666427 0.488708
vt 0.637184 0.689719
vt 0.675148 0.689208
vt 0.627560 0.586466
vt 0.805357 0.616145
vt 0.675856 0.637773
vt 0.823093 0.665471
vt 0.626357 0.664926
vt 0.806064 0.562185
vt 0.797192 0.466982
vt 0.823687 0.625763
vt 0.774682 0.447374
vt 0.775047 0.446848
vt 0.774584 0.446840
vt 0.447226 0.580029
vt 0.446848 0.579759
vt 0.447265 0.579664
vt 0.774570 0.580119
vt 0.775047 0.579759
vt 0.775152 0.580067
vt 0.449007 0.669170
vt 0.448642 0.669525
vt 0.448516 0.669208
vt 0.782370 0.449177
vt 0.782697 0.448642
vt 0.782892 0.449061
vt 0.782167 0.669260
vt 0.782697 0.669525
vt 0.782246 0.669635
vt 0.649980 0.473611
vt 0.649472 0.473269
vt 0.649458 0.473726
vt 0.649869 0.590222
vt 0.649472 0.589933
vt 0.649882 0.589831
vt 0.473781 0.590255
vt 0.473269 0.589933
vt 0.473197 0.590257
vt 0.657669 0.475413
vt 0.657121 0.475062
vt 0.657544 0.474873
vt 0.475562 0.679396
vt 0.475062 0.679699
vt 0.475523 0.679760
vt 0.657466 0.679363
vt 0.657121 0.679699
vt 0.656976 0.679398
vt 0.800617 0.572458
vt 0.801165 0.572810
vt 0.801166 0.572349
vt 0.800820 0.575353
vt 0.801165 0.575017
vt 0.800742 0.574978
vt 0.572310 0.575320
vt 0.572810 0.575017
vt 0.572894 0.575318
vt 0.808306 0.574261
vt 0.808814 0.574603
vt 0.808403 0.574795
vt 0.574091 0.664461
vt 0.574603 0.664783
vt 0.574145 0.664862
vt 0.808417 0.664494
vt 0.808814 0.664783
vt 0.808906 0.664459
vt 0.675916 0.598695
vt 0.675589 0.599230
vt 0.676040 0.599235
vt 0.598865 0.585545
vt 0.599230 0.585190
vt 0.598810 0.585145
vt 0.676119 0.585455
vt 0.675589 0.585190
vt 0.675538 0.585507
vt 0.683604 0.600497
vt 0.683239 0.601023
vt 0.683055 0.600607
vt 0.683716 0.674596
vt 0.683239 0.674956
vt 0.683702 0.674988
vt 0.600646 0.674686
vt 0.601023 0.674956
vt 0.601136 0.674648
vt 0.649882 0.473077
vt 0.774584 0.579728
vt 0.446735 0.580067
vt 0.782246 0.448637
vt 0.474978 0.679398
vt 0.675394 0.598810
vt 0.473726 0.589854
vt 0.657120 0.475523
vt 0.600607 0.675051
vt 0.683134 0.674648
vt 0.800742 0.572999
vt 0.683702 0.601031
vt 0.808403 0.664885
vt 0.574675 0.664459
vt 0.801310 0.575318
vt 0.775231 0.447265
vt 0.808828 0.574145
vt 0.819513 0.419938
vt 0.819092 0.419480
vt 0.818986 0.419920
vt 0.819549 0.624981
vt 0.819092 0.624722
vt 0.819526 0.624622
vt 0.419892 0.625075
vt 0.419480 0.624722
vt 0.419359 0.625026
vt 0.824416 0.712140
vt 0.823993 0.712492
vt 0.823879 0.712185
vt 0.824440 0.413890
vt 0.823993 0.413462
vt 0.824436 0.413365
vt 0.413917 0.712234
vt 0.413462 0.712492
vt 0.413894 0.712596
vt 0.818461 0.544636
vt 0.818032 0.545052
vt 0.818465 0.545160
vt 0.544590 0.633683
vt 0.545052 0.633390
vt 0.544618 0.633296
vt 0.818484 0.633693
vt 0.818032 0.633390
vt 0.817950 0.633708
vt 0.823387 0.538588
vt 0.822933 0.539035
vt 0.822843 0.538592
vt 0.823351 0.720853
vt 0.822933 0.721160
vt 0.823374 0.721212
vt 0.538615 0.720842
vt 0.539035 0.721160
vt 0.539153 0.720867
vt 0.944314 0.421465
vt 0.944768 0.421018
vt 0.944327 0.420919
vt 0.421438 0.618126
vt 0.421018 0.617808
vt 0.421461 0.617764
vt 0.944350 0.618116
vt 0.944768 0.617808
vt 0.944884 0.618102
vt 0.949241 0.415417
vt 0.949669 0.415000
vt 0.949768 0.415434
vt 0.949217 0.705275
vt 0.949669 0.705579
vt 0.949237 0.705665
vt 0.415462 0.705286
vt 0.415000 0.705579
vt 0.414924 0.705261
vt 0.943262 0.546163
vt 0.943708 0.546590
vt 0.943806 0.546159
vt 0.943285 0.626828
vt 0.943708 0.626476
vt 0.943266 0.626439
vt 0.546136 0.626734
vt 0.546590 0.626476
vt 0.546668 0.626783
vt 0.948188 0.540115
vt 0.948610 0.540573
vt 0.948175 0.540661
vt 0.540160 0.713894
vt 0.540573 0.714247
vt 0.540132 0.714280
vt 0.948152 0.713987
vt 0.948610 0.714247
vt 0.948690 0.713943
vt 0.817933 0.544618
vt 0.819011 0.625026
vt 0.413384 0.712185
vt 0.823895 0.413894
vt 0.538592 0.721204
vt 0.822817 0.720867
vt 0.545128 0.633708
vt 0.943266 0.546688
vt 0.818465 0.633304
vt 0.823374 0.539134
vt 0.948175 0.714346
vt 0.540693 0.713943
vt 0.943823 0.626783
vt 0.944859 0.421461
vt 0.546159 0.626372
vt 0.948716 0.540132
vt 0.415434 0.705672
vt 0.949752 0.705261
vt 0.819526 0.419392
vt 0.944327 0.617757
vt 0.949237 0.414892
vt 0.824436 0.712530
vt 0.839000 0.473267
vt 0.838793 0.472463
vt 0.838426 0.472927
vt 0.839565 0.592968
vt 0.838793 0.592764
vt 0.839332 0.592561
vt 0.472729 0.593345
vt 0.472463 0.592764
vt 0.472235 0.593141
vt 0.866461 0.703232
vt 0.865878 0.703801
vt 0.865722 0.703405
vt 0.866224 0.456872
vt 0.865878 0.456151
vt 0.866459 0.456278
vt 0.865180 0.703609
vt 0.865554 0.704039
vt 0.772919 0.618374
vt 0.772248 0.618588
vt 0.772683 0.618969
vt 0.617837 0.630781
vt 0.618588 0.630463
vt 0.618035 0.630264
vt 0.619157 0.630859
vt 0.618589 0.630898
vt 0.800142 0.601980
vt 0.799334 0.602276
vt 0.799472 0.601698
vt 0.799578 0.602959
vt 0.799811 0.602632
vt 0.601639 0.741045
vt 0.602276 0.741500
vt 0.602391 0.741162
vt 0.983849 0.545604
vt 0.984658 0.545308
vt 0.984181 0.544952
vt 0.545945 0.568339
vt 0.545308 0.567884
vt 0.545886 0.567909
vt 0.984414 0.544625
vt 0.984918 0.545193
vt 1.011073 0.529210
vt 1.011743 0.528996
vt 1.011647 0.529549
vt 0.528427 0.678525
vt 0.528996 0.678921
vt 0.528615 0.679065
vt 0.529747 0.678602
vt 0.528995 0.678486
vt 0.917768 0.690712
vt 0.918113 0.691433
vt 0.918438 0.690994
vt 0.917530 0.606152
vt 0.918113 0.605582
vt 0.917532 0.605612
vt 0.918811 0.605774
vt 0.918269 0.605979
vt 0.944991 0.674317
vt 0.945199 0.675121
vt 0.944660 0.674969
vt 0.674855 0.716038
vt 0.675121 0.716620
vt 0.674657 0.716556
vt 0.944427 0.716416
vt 0.945199 0.716620
vt 0.945166 0.716243
vt 0.772345 0.618035
vt 0.472927 0.592828
vt 0.838825 0.593141
vt 0.838284 0.593345
vt 0.865554 0.456590
vt 0.456590 0.704039
vt 0.456531 0.703609
vt 0.602959 0.741123
vt 0.917532 0.691306
vt 0.772681 0.630859
vt 0.799811 0.741529
vt 0.799578 0.741123
vt 0.945708 0.716038
vt 0.984519 0.545886
vt 0.690994 0.605345
vt 0.945566 0.674657
vt 0.544625 0.568261
vt 0.839332 0.472615
vt 0.984414 0.568261
vt 1.011308 0.528615
vt 1.011308 0.679065
vt 1.011311 0.678525
vt 0.691053 0.605774
vt 0.765124 0.445123
vt 0.765192 0.444583
vt 0.764835 0.444751
vt 0.765651 0.603011
vt 0.765192 0.602742
vt 0.765496 0.602681
vt 0.764715 0.603013
vt 0.765207 0.603012
vt 0.765815 0.679877
vt 0.765357 0.680148
vt 0.765372 0.679878
vt 0.765290 0.445221
vt 0.765357 0.444681
vt 0.765662 0.444931
vt 0.764879 0.679879
vt 0.765000 0.680209
vt 0.678472 0.512574
vt 0.677932 0.512507
vt 0.678100 0.512864
vt 0.512048 0.603112
vt 0.512507 0.602843
vt 0.512202 0.602782
vt 0.512984 0.603112
vt 0.512492 0.603112
vt 0.678638 0.512672
vt 0.678097 0.512604
vt 0.678348 0.512300
vt 0.513081 0.679978
vt 0.512604 0.680248
vt 0.512962 0.680308
vt 0.512145 0.679979
vt 0.512589 0.679979
vt 0.832574 0.531775
vt 0.833115 0.531842
vt 0.832947 0.531485
vt 0.532302 0.602756
vt 0.531842 0.602487
vt 0.532147 0.602426
vt 0.531366 0.602757
vt 0.531858 0.602756
vt 0.832741 0.531873
vt 0.833281 0.531940
vt 0.833030 0.532245
vt 0.531463 0.679624
vt 0.531940 0.679892
vt 0.531583 0.679954
vt 0.532399 0.679623
vt 0.531955 0.679623
vt 0.745922 0.599226
vt 0.745856 0.599766
vt 0.746212 0.599598
vt 0.745397 0.602858
vt 0.745856 0.602587
vt 0.745551 0.602528
vt 0.746333 0.602856
vt 0.745841 0.602857
vt 0.746089 0.599324
vt 0.746021 0.599864
vt 0.745716 0.599613
vt 0.746497 0.679722
vt 0.746021 0.679993
vt 0.746378 0.680053
vt 0.745561 0.679725
vt 0.746005 0.679723
vt 0.678183 0.512202
vt 0.764835 0.602682
vt 0.678063 0.603112
vt 0.678183 0.602782
vt 0.765000 0.444849
vt 0.678348 0.680309
vt 0.745551 0.599515
vt 0.512864 0.602781
vt 0.599636 0.602858
vt 0.599515 0.602528
vt 0.678266 0.512962
vt 0.599613 0.680055
vt 0.832864 0.532147
vt 0.832864 0.602426
vt 0.832985 0.602756
vt 0.746378 0.599696
vt 0.833149 0.679623
vt 0.765496 0.444833
vt 0.531485 0.602427
vt 0.444714 0.603011
vt 0.444833 0.602681
vt 0.833112 0.531583
vt 0.444811 0.679877
vt 0.794223 0.202486
vt 0.793897 0.200410
vt 0.793841 0.202489
vt 0.793823 0.199943
vt 0.794206 0.199941
vt 0.794198 0.198886
vt 0.793682 0.202490
vt 0.794088 0.199899
vt 0.793707 0.199902
vt 0.794082 0.198845
vt 0.794105 0.202444
vt 0.793780 0.200368
vt 0.793565 0.202448
vt 0.793723 0.202447
vt 0.798102 0.795273
vt 0.797803 0.797354
vt 0.798118 0.797819
vt 0.797561 0.795276
vt 0.797720 0.795276
vt 0.797736 0.797821
vt 0.798125 0.798873
vt 0.797984 0.795231
vt 0.797686 0.797312
vt 0.797602 0.795234
vt 0.797619 0.797779
vt 0.798001 0.797777
vt 0.798008 0.798831
vt 0.797445 0.795235
vt 0.883140 0.201904
vt 0.883438 0.199823
vt 0.883123 0.199358
vt 0.883679 0.201900
vt 0.883522 0.201901
vt 0.883504 0.199356
vt 0.883116 0.198304
vt 0.883022 0.201862
vt 0.883320 0.199782
vt 0.883404 0.201860
vt 0.883388 0.199314
vt 0.883006 0.199316
vt 0.882999 0.198262
vt 0.883563 0.201859
vt 0.887019 0.794691
vt 0.887344 0.796767
vt 0.887401 0.794688
vt 0.887417 0.797234
vt 0.887036 0.797236
vt 0.887042 0.798290
vt 0.887559 0.794687
vt 0.886901 0.794649
vt 0.887227 0.796725
vt 0.886918 0.797194
vt 0.887442 0.794645
vt 0.887283 0.794646
vt 0.887300 0.797192
vt 0.886926 0.798249
vt 0.198886 0.449604
vt 0.199902 0.479243
vt 0.199943 0.449604
vt 0.202490 0.449607
vt 0.798873 0.450461
vt 0.797779 0.480098
vt 0.798831 0.480101
vt 0.797821 0.450458
vt 0.795235 0.480094
vt 0.794645 0.480447
vt 0.797234 0.450810
vt 0.797192 0.480450
vt 0.798249 0.480450
vt 0.198304 0.449953
vt 0.199314 0.479595
vt 0.198262 0.479592
vt 0.201900 0.449960
vt 0.201859 0.479600
vt 0.202448 0.479246
vt 0.795276 0.450454
vt 0.883116 0.449953
vt 0.794082 0.479243
vt 0.794198 0.449604
vt 0.798008 0.480101
vt 0.887042 0.450810
vt 0.798125 0.450461
vt 0.794687 0.450807
vt 0.796030 0.201937
vt 0.795709 0.199860
vt 0.795648 0.201939
vt 0.795637 0.199394
vt 0.796019 0.199392
vt 0.796014 0.198338
vt 0.795489 0.201940
vt 0.795952 0.199524
vt 0.795571 0.199525
vt 0.795948 0.198469
vt 0.795963 0.202070
vt 0.795643 0.199992
vt 0.795424 0.202071
vt 0.795581 0.202071
vt 0.798581 0.794726
vt 0.798278 0.796806
vt 0.798592 0.797272
vt 0.798041 0.794729
vt 0.798199 0.794728
vt 0.798210 0.797274
vt 0.798597 0.798327
vt 0.798515 0.794859
vt 0.798212 0.796938
vt 0.798133 0.794860
vt 0.798144 0.797405
vt 0.798526 0.797404
vt 0.798531 0.798458
vt 0.797975 0.794860
vt 0.884949 0.201555
vt 0.885251 0.199476
vt 0.884938 0.199010
vt 0.885488 0.201554
vt 0.885331 0.201554
vt 0.885319 0.199009
vt 0.884933 0.197956
vt 0.884882 0.201688
vt 0.885185 0.199608
vt 0.885264 0.201686
vt 0.885253 0.199140
vt 0.884871 0.199142
vt 0.884867 0.198087
vt 0.885422 0.201685
vt 0.887500 0.794344
vt 0.887821 0.796422
vt 0.887882 0.794343
vt 0.887893 0.796889
vt 0.887511 0.796890
vt 0.887515 0.797945
vt 0.888040 0.794343
vt 0.887434 0.794477
vt 0.887754 0.796554
vt 0.887445 0.797022
vt 0.887974 0.794474
vt 0.887816 0.794475
vt 0.887827 0.797020
vt 0.887450 0.798076
vt 0.198338 0.691133
vt 0.199525 0.720767
vt 0.199394 0.691128
vt 0.201940 0.691116
vt 0.798327 0.688486
vt 0.797405 0.718130
vt 0.798458 0.718126
vt 0.794729 0.688501
vt 0.794860 0.718141
vt 0.794474 0.718343
vt 0.796889 0.688692
vt 0.797020 0.718331
vt 0.798076 0.718326
vt 0.198087 0.720973
vt 0.199009 0.691329
vt 0.199140 0.720969
vt 0.201685 0.720958
vt 0.202071 0.720756
vt 0.884933 0.691333
vt 0.795948 0.720773
vt 0.796014 0.691133
vt 0.798597 0.688486
vt 0.887450 0.718326
vt 0.887515 0.688686
vt 0.201554 0.691318
vt 0.794343 0.688703
vt -0.153950 0.110783
vt -0.163252 0.105260
vt -0.165325 0.110806
vt -0.153987 0.101186
vt -0.153969 0.103995
vt -0.165351 0.104020
vt -0.170047 0.110818
vt -0.155418 0.101450
vt -0.164703 0.105528
vt -0.166782 0.104285
vt -0.155416 0.111053
vt -0.155425 0.104264
vt -0.166781 0.111075
vt -0.171478 0.111082
vt -0.152366 0.891580
vt -0.161646 0.897143
vt -0.152358 0.898369
vt -0.163740 0.898394
vt -0.163741 0.891604
vt -0.168463 0.891616
vt -0.152364 0.901183
vt -0.153832 0.891851
vt -0.163097 0.897410
vt -0.165197 0.891873
vt -0.153795 0.901447
vt -0.153813 0.898638
vt -0.165171 0.898659
vt -0.169894 0.891880
vt 1.153832 0.108149
vt 1.163097 0.102590
vt 1.153813 0.101362
vt 1.165171 0.101342
vt 1.165197 0.108127
vt 1.169894 0.108120
vt 1.153795 0.098553
vt 1.152366 0.108420
vt 1.161646 0.102857
vt 1.163741 0.108396
vt 1.152364 0.098817
vt 1.152358 0.101631
vt 1.163740 0.101606
vt 1.168463 0.108384
vt 1.155416 0.888947
vt 1.164703 0.894472
vt 1.166781 0.888925
vt 1.155418 0.898550
vt 1.155425 0.895736
vt 1.166782 0.895716
vt 1.171478 0.888918
vt 1.153950 0.889217
vt 1.163252 0.894740
vt 1.153969 0.896005
vt 1.165352 0.895980
vt 1.165325 0.889194
vt 1.170047 0.889182
vt 1.153987 0.898814
vt -0.155418 0.336349
vt -0.165351 0.180087
vt -0.153987 0.180196
vt 0.104020 0.180087
vt 0.111082 0.336186
vt 0.110818 0.180032
vt -0.152364 0.178858
vt -0.165171 0.334911
vt -0.153795 0.335011
vt 0.898394 0.178758
vt 0.891880 0.334880
vt 0.898659 0.334911
vt 0.888918 0.191007
vt 0.895980 0.347106
vt 0.889182 0.347161
vt 1.166782 0.190953
vt 1.153987 0.346997
vt 1.165352 0.347106
vt 1.153795 0.192182
vt 1.163740 0.348435
vt 1.152364 0.348335
vt 0.101342 0.192282
vt 0.108384 0.348467
vt 0.101606 0.348435
vt 0.891616 0.178726
vt 1.155418 0.190844
vt 0.108120 0.192314
vt -0.108916 0.138909
vt -0.109887 0.133775
vt -0.110098 0.138905
vt 0.132610 0.125486
vt 0.132624 0.123610
vt 0.130007 0.125454
vt 0.138889 0.125544
vt 0.133775 0.123970
vt 0.130740 0.342048
vt 0.130758 0.340191
vt 0.128155 0.340159
vt -0.107155 0.137012
vt -0.108144 0.131897
vt -0.107173 0.130740
vt 0.137038 0.340249
vt 0.131897 0.341723
vt 0.137021 0.342112
vt -0.107578 0.861121
vt -0.108529 0.866240
vt -0.107560 0.867394
vt 0.861102 0.131761
vt 0.866240 0.130276
vt 0.861117 0.129891
vt 0.867394 0.129935
vt 0.867380 0.131812
vt 0.869978 0.131824
vt -0.105817 0.859224
vt -0.106786 0.864362
vt -0.107011 0.859233
vt 0.865528 0.346517
vt 0.865510 0.348374
vt 0.868127 0.346530
vt 0.859250 0.346467
vt 0.864362 0.348029
vt 0.027719 0.138665
vt 0.028688 0.133527
vt 0.027714 0.132380
vt 0.138640 0.124421
vt 0.133527 0.122858
vt 0.138657 0.122558
vt 0.132380 0.122514
vt 0.132362 0.124371
vt 0.129763 0.124358
vt 0.029480 0.136768
vt 0.030432 0.131649
vt 0.030662 0.136773
vt 0.130510 0.339076
vt 0.130496 0.340952
vt 0.127911 0.339063
vt 0.136788 0.339126
vt 0.131649 0.340612
vt 0.029058 0.860878
vt 0.030046 0.865993
vt 0.030252 0.860869
vt 0.867132 0.130697
vt 0.867150 0.128840
vt 0.869734 0.130729
vt 0.860852 0.130639
vt 0.865993 0.129164
vt 0.030819 0.858980
vt 0.031789 0.864115
vt 0.030824 0.865266
vt 0.859000 0.345344
vt 0.864115 0.346918
vt 0.858985 0.347214
vt 0.865266 0.347278
vt 0.865280 0.345402
vt 0.867883 0.345434
vt -0.108759 0.861117
vt -0.108349 0.137021
vt 0.029076 0.867150
vt -0.107540 0.869978
vt 0.029095 0.869734
vt -0.105811 0.865510
vt 0.030814 0.867883
vt -0.105821 0.868127
vt 0.028913 0.138657
vt 0.860869 0.128776
vt 0.032000 0.858985
vt -0.108922 0.132624
vt -0.108912 0.130007
vt 0.029462 0.130496
vt 0.029442 0.127911
vt 0.029442 0.339063
vt -0.108912 0.125454
vt 0.027724 0.124358
vt -0.107540 0.131824
vt 0.030814 0.345434
vt 0.029095 0.130729
vt 0.971599 0.139765
vt 0.970608 0.134642
vt 0.970413 0.139770
vt 0.133489 0.125683
vt 0.133485 0.123813
vt 0.130883 0.125678
vt 0.139771 0.125691
vt 0.134642 0.124160
vt 0.133270 0.342266
vt 0.133277 0.340402
vt 0.130671 0.340397
vt 0.972189 0.139548
vt 0.971192 0.134427
vt 0.972157 0.133270
vt 0.139559 0.340410
vt 0.134427 0.341927
vt 0.139554 0.342275
vt 0.975080 0.861997
vt 0.974138 0.867127
vt 0.975113 0.868275
vt 0.862002 0.126395
vt 0.867127 0.124873
vt 0.862002 0.124527
vt 0.868275 0.124530
vt 0.868279 0.126399
vt 0.870874 0.126399
vt 0.975670 0.861779
vt 0.974722 0.866912
vt 0.974480 0.861786
vt 0.868067 0.341119
vt 0.868059 0.342982
vt 0.870662 0.341118
vt 0.861790 0.341114
vt 0.866912 0.342641
vt 1.108237 0.139107
vt 1.109185 0.133974
vt 1.108209 0.132827
vt 0.139096 0.125315
vt 0.133974 0.123787
vt 0.139101 0.123449
vt 0.132827 0.123446
vt 0.132820 0.125310
vt 0.130225 0.125310
vt 1.108827 0.138890
vt 1.109769 0.133759
vt 1.110013 0.138885
vt 0.132608 0.340029
vt 0.132611 0.341899
vt 0.130012 0.340030
vt 0.138884 0.340034
vt 0.133759 0.341555
vt 1.111718 0.861338
vt 1.112716 0.866460
vt 1.112908 0.861332
vt 0.867609 0.126026
vt 0.867617 0.124162
vt 0.870216 0.126032
vt 0.861328 0.126018
vt 0.866460 0.124501
vt 1.112308 0.861121
vt 1.113300 0.866244
vt 1.112336 0.867401
vt 0.861116 0.340738
vt 0.866244 0.342269
vt 0.861116 0.342606
vt 0.867401 0.342615
vt 0.867397 0.340745
vt 0.870004 0.340751
vt 0.973894 0.862002
vt 0.970999 0.139554
vt 0.861786 0.342979
vt 1.111750 0.867617
vt 1.111768 0.870216
vt 0.975698 0.868059
vt 1.112344 0.870004
vt 0.975706 0.870662
vt 1.109427 0.139101
vt 0.861332 0.124153
vt 1.113494 0.861116
vt 0.138885 0.341902
vt 0.971571 0.133485
vt 1.108201 0.130225
vt 0.971564 0.130883
vt 1.108795 0.132611
vt 0.972139 0.130671
vt 1.108777 0.130012
vt 1.108777 0.340030
vt 0.971564 0.125678
vt 1.108201 0.125310
vt 0.975130 0.126399
vt 1.112344 0.340751
vt 1.111768 0.126032
vt -0.142693 0.108291
vt -0.147243 0.216830
vt 0.216809 0.866276
vt 0.528447 0.112656
vt 0.112658 0.872573
vt -0.148458 0.772966
vt 0.882697 0.872167
vt 0.525187 0.889717
vt 0.529236 0.784806
vt 0.784806 0.872801
vt -0.033082 0.871622
vt -0.044341 0.223084
vt -0.146136 0.221791
vt -0.146204 0.871956
vt 0.420483 0.777193
vt 0.526977 0.778992
vt 0.530049 0.221562
vt 0.421825 0.222509
vt 0.421825 0.872651
vt -0.143579 0.498106
vt -0.151089 0.414445
vt 0.888907 0.413857
vt 0.524100 0.413857
vt 0.531547 0.419439
vt 0.435015 0.704235
vt 0.115116 0.418916
vt 0.350373 0.644557
vt 0.254341 0.680236
vt 0.499721 0.805816
vt 0.514772 0.680236
vt 0.328932 0.644123
vt 0.320868 0.762258
vt 0.362997 0.761868
vt 0.407113 0.659997
vt 0.447443 0.659606
vt 0.410935 0.756779
vt 0.498586 0.761423
vt 0.454764 0.669187
vt 0.035634 0.783386
vt 0.608513 0.694859
vt 0.498491 0.770333
vt 0.665139 0.681048
vt 0.319138 0.661875
vt 0.395851 0.667802
vt 0.376307 0.657913
vt 0.338809 0.663840
vt 0.291005 0.661875
vt 0.234017 0.667802
vt 0.000968 0.655204
vt 0.036205 0.783565
vt 0.669320 0.700907
vt -0.061040 0.652424
vt 0.651676 0.829512
vt 0.598132 0.755255
vt 0.063641 0.672205
vt 0.096709 0.801202
vt 0.510449 0.655204
vt -0.094374 0.700907
vt 0.096393 0.756466
vt 0.064065 0.772517
vt 0.362368 0.828472
vt 0.051607 0.737242
vt 0.510887 0.701133
vt 0.271029 0.814037
vt 0.562368 0.722654
vt 0.288252 0.657414
vt 0.437108 0.808006
vt 0.204176 0.637685
vt 0.270336 0.757359
vt 0.462597 0.668701
vt 0.092997 0.663690
vt 0.115564 0.779634
vt 0.478770 0.690448
vt -0.035091 0.806958
vt 0.163158 0.647394
vt 0.563553 0.763566
vt 0.631851 0.674337
vt 0.033391 0.790466
vt 0.633888 0.790466
vt 0.184435 0.763566
vt 0.561132 0.647479
vt 0.176129 0.700910
vt 0.607937 0.820170
vt 0.563772 0.168026
vt 0.256644 0.761451
vt 1.113980 0.262533
vt 0.262594 0.407599
vt 1.119425 0.175576
vt 0.562647 0.740177
vt 0.740177 0.409035
vt 0.566629 0.825851
vt 0.825851 0.767008
vt 1.118562 0.828765
vt 0.828765 0.403205
vt 1.122767 0.738763
vt 0.738763 0.760111
vt 0.649623 0.740804
vt 0.649623 0.759890
vt 0.648233 0.264643
vt 0.648262 0.407268
vt 0.563778 0.263849
vt 0.563778 0.765531
vt 1.030044 0.736187
vt 1.030044 0.404267
vt 1.116495 0.758956
vt 1.033228 0.264241
vt 1.033256 0.764845
vt 0.572651 0.484868
vt 0.176289 0.484939
vt 0.830979 0.406989
vt 1.123513 0.403968
vt 0.175648 0.403968
vt 0.771640 0.573205
vt 0.805508 0.685137
vt 0.868421 0.624707
vt 0.624149 0.549109
vt 0.621675 0.661388
vt 0.740433 0.589552
vt 0.772389 0.702035
vt 0.677250 0.725785
vt 0.900647 0.661388
vt 0.625366 0.549615
vt 0.487220 0.685137
vt 0.820140 0.612661
vt 0.436317 0.703648
vt 0.830540 0.703298
vt 0.470649 0.624720
vt 0.857793 0.604211
vt 0.557100 0.603860
vt 0.939851 0.588842
vt 0.942570 0.668552
vt 0.541816 0.590675
vt 0.541503 0.670405
vt 0.553672 0.666265
vt 0.930386 0.668118
vt 0.856373 0.670069
vt 0.627578 0.668118
vt 1.016443 0.666265
vt 0.467464 0.668210
vt 0.796522 0.578251
vt 0.477287 0.681701
vt 0.648729 0.602871
vt 0.478403 0.602360
vt 0.615458 0.561814
vt 0.658120 0.585922
vt 0.449061 0.669571
vt 0.782748 0.669208
vt 0.649380 0.590257
vt 0.657544 0.679737
vt 0.572349 0.574955
vt 0.599355 0.585507
vt 0.676040 0.585081
vt 0.419920 0.624689
vt 0.420900 0.618102
vt 0.866459 0.703772
vt 0.618969 0.630319
vt 0.799073 0.602391
vt 0.601698 0.741475
vt 0.545193 0.568222
vt 0.529549 0.679120
vt 0.918438 0.605345
vt 0.675349 0.716243
vt 0.944660 0.716823
vt 0.772683 0.630319
vt 0.984181 0.567854
vt 0.765662 0.680207
vt 0.512300 0.680309
vt 0.532245 0.679953
vt 0.746212 0.602526
vt 0.745716 0.680055
vt 0.678227 0.679979
vt 0.599733 0.679725
vt 0.833030 0.679953
vt 0.444931 0.680207
vt 0.198845 0.479243
vt 0.798290 0.450810
vt 0.199356 0.449955
vt 0.882999 0.479592
vt 0.886926 0.480450
vt 0.198469 0.720773
vt 0.797274 0.688490
vt 0.797945 0.688686
vt 0.197956 0.691333
vt 0.884867 0.720973
vt 0.798531 0.718126
vt -0.166782 0.336240
vt 0.104285 0.336240
vt -0.163740 0.178758
vt 0.895716 0.190953
vt 1.165171 0.192282
vt 0.138905 0.123673
vt 0.859233 0.348329
vt 0.136773 0.340997
vt 0.027724 0.129763
vt -0.107193 0.128155
vt -0.107193 0.340159
vt -0.105821 0.346530
vt 0.139770 0.123823
vt 0.975130 0.870874
vt 0.972139 0.340397
vt 0.975706 0.341118
s 0
usemtl stone
f 1/1/1 5/2/1 7/3/1
f 2/4/2 5/2/2 4/5/2
f 7/3/3 6/6/3 3/7/3
f 8/8/4 12/9/4 14/10/4
f 9/11/5 12/9/5 11/12/5
f 14/10/6 13/13/6 10/14/6
f 15/15/7 19/16/7 21/17/7
f 20/18/8 18/19/8 16/20/8
f 17/21/9 19/16/9 20/18/9
f 22/22/10 26/23/10 28/24/10
f 23/25/11 26/23/11 25/26/11
f 28/24/12 27/27/12 24/28/12
f 29/29/13 33/30/13 35/31/13
f 34/32/14 32/33/14 30/34/14
f 31/35/15 33/30/15 34/32/15
f 36/36/16 40/37/16 42/38/16
f 37/39/17 40/37/17 39/40/17
f 42/38/18 41/41/18 38/42/18
f 43/43/19 47/44/19 49/45/19
f 44/46/20 47/44/20 46/47/20
f 49/45/21 48/48/21 45/49/21
f 50/50/22 54/51/22 56/52/22
f 55/53/23 53/54/23 51/55/23
f 52/56/24 54/51/24 55/53/24
f 1/57/25 18/58/25 15/59/25
f 7/60/26 16/61/26 18/62/26
f 8/8/27 6/6/27 2/4/27
f 14/10/28 3/7/28 6/6/28
f 22/63/29 13/64/29 9/65/29
f 28/66/30 10/67/30 13/68/30
f 17/21/31 27/27/31 23/25/31
f 27/27/32 16/20/32 24/28/32
f 43/43/33 21/17/33 46/47/33
f 21/17/34 44/46/34 46/47/34
f 22/22/35 56/52/35 25/26/35
f 56/52/36 23/25/36 25/26/36
f 45/49/37 55/53/37 51/55/37
f 48/48/38 52/56/38 55/53/38
f 29/69/39 49/70/39 32/71/39
f 49/72/40 30/73/40 32/74/40
f 36/75/41 53/76/41 50/77/41
f 42/78/42 51/79/42 53/80/42
f 31/35/43 41/41/43 37/39/43
f 34/32/44 38/42/44 41/41/44
f 29/29/45 4/5/45 1/1/45
f 35/31/46 2/4/46 4/5/46
f 36/36/47 11/12/47 39/40/47
f 11/12/48 37/39/48 39/40/48
f 43/81/49 1/57/49 15/59/49
f 10/67/50 16/61/50 3/82/50
f 37/39/51 2/4/51 31/35/51
f 22/63/52 36/75/52 50/77/52
f 23/25/53 44/46/53 17/21/53
f 51/79/54 30/73/54 45/83/54
f 57/84/55 61/85/55 63/86/55
f 58/87/56 61/85/56 60/88/56
f 63/86/57 62/89/57 59/90/57
f 64/91/58 68/92/58 70/93/58
f 65/94/59 68/92/59 67/95/59
f 70/93/60 69/96/60 66/97/60
f 71/98/61 75/99/61 77/100/61
f 76/101/62 74/102/62 72/103/62
f 73/104/63 75/99/63 76/101/63
f 78/105/64 82/106/64 84/107/64
f 79/108/65 82/106/65 81/109/65
f 84/107/66 83/110/66 80/111/66
f 85/112/67 89/113/67 91/114/67
f 90/115/68 88/116/68 86/117/68
f 87/118/69 89/113/69 90/115/69
f 92/119/70 96/120/70 98/121/70
f 93/122/71 96/120/71 95/123/71
f 98/121/72 97/124/72 94/125/72
f 99/126/73 103/127/73 105/128/73
f 100/129/74 103/127/74 102/130/74
f 105/128/75 104/131/75 101/132/75
f 106/133/76 110/134/76 112/135/76
f 111/136/77 109/137/77 107/138/77
f 108/139/78 110/134/78 111/136/78
f 57/140/79 74/141/79 71/142/79
f 63/143/80 72/144/80 74/145/80
f 64/91/81 62/89/81 58/87/81
f 70/93/82 59/90/82 62/89/82
f 65/146/83 84/147/83 69/148/83
f 84/149/84 66/150/84 69/151/84
f 79/108/85 76/101/85 83/110/85
f 76/101/86 80/111/86 83/110/86
f 99/126/87 77/100/87 102/130/87
f 77/100/88 100/129/88 102/130/88
f 106/133/89 81/109/89 78/105/89
f 112/135/90 79/108/90 81/109/90
f 107/138/91 104/131/91 111/136/91
f 104/131/92 108/139/92 111/136/92
f 99/152/93 88/153/93 85/154/93
f 105/155/94 86/156/94 88/157/94
f 92/158/95 109/159/95 106/160/95
f 109/161/96 94/162/96 107/163/96
f 87/118/97 97/124/97 93/122/97
f 90/115/98 94/125/98 97/124/98
f 85/112/99 60/88/99 57/84/99
f 91/114/100 58/87/100 60/88/100
f 92/119/101 67/95/101 95/123/101
f 67/95/102 93/122/102 95/123/102
f 71/142/103 85/154/103 57/140/103
f 66/150/104 72/144/104 59/164/104
f 93/122/105 58/87/105 87/118/105
f 78/165/106 92/158/106 106/160/106
f 73/104/107 108/139/107 100/129/107
f 107/163/108 86/156/108 101/166/108
f 113/167/109 117/168/109 119/169/109
f 118/170/110 116/171/110 114/172/110
f 115/173/111 117/168/111 118/170/111
f 123/174/112 126/175/112 120/176/112
f 121/177/113 124/178/113 123/174/113
f 122/179/114 124/178/114 125/180/114
f 127/181/115 131/182/115 133/183/115
f 128/184/116 131/182/116 130/185/116
f 133/183/117 132/186/117 129/187/117
f 134/188/118 138/189/118 140/190/118
f 139/191/119 137/192/119 135/193/119
f 136/194/120 138/189/120 139/191/120
f 141/195/121 145/196/121 147/197/121
f 142/198/122 145/196/122 144/199/122
f 147/197/123 146/200/123 143/201/123
f 148/202/124 152/203/124 154/204/124
f 153/205/125 151/206/125 149/207/125
f 150/208/126 152/203/126 153/205/126
f 155/209/127 159/210/127 161/211/127
f 160/212/128 158/213/128 156/214/128
f 157/215/129 159/210/129 160/212/129
f 162/216/130 166/217/130 168/218/130
f 163/219/131 166/217/131 165/220/131
f 168/218/132 167/221/132 164/222/132
f 113/167/133 130/185/133 127/181/133
f 119/169/134 128/184/134 130/185/134
f 120/176/135 118/170/135 114/172/135
f 126/175/136 115/173/136 118/170/136
f 121/177/137 140/190/137 125/180/137
f 140/190/138 122/179/138 125/180/138
f 129/187/139 139/191/139 135/193/139
f 139/191/140 128/184/140 136/194/140
f 155/223/141 133/224/141 158/225/141
f 133/226/142 156/227/142 158/228/142
f 134/229/143 168/230/143 137/231/143
f 137/232/144 164/233/144 135/234/144
f 163/219/145 160/212/145 167/221/145
f 160/212/146 164/222/146 167/221/146
f 141/195/147 161/211/147 144/199/147
f 144/199/148 157/215/148 142/198/148
f 148/202/149 165/220/149 162/216/149
f 154/204/150 163/219/150 165/220/150
f 143/201/151 153/205/151 149/207/151
f 153/205/152 142/198/152 150/208/152
f 113/235/153 147/236/153 116/237/153
f 147/238/154 114/239/154 116/240/154
f 121/241/155 151/242/155 148/243/155
f 123/244/156 149/245/156 151/246/156
f 155/223/157 113/235/157 127/247/157
f 115/173/158 136/194/158 128/184/158
f 149/245/159 114/239/159 143/248/159
f 134/229/160 148/243/160 162/249/160
f 135/234/161 156/227/161 129/250/161
f 157/215/162 150/208/162 142/198/162
f 169/251/163 173/252/163 175/253/163
f 174/254/164 172/255/164 170/256/164
f 171/257/165 173/252/165 174/254/165
f 179/258/166 182/259/166 176/260/166
f 177/261/167 180/262/167 179/258/167
f 178/263/168 180/262/168 181/264/168
f 183/265/169 187/266/169 189/267/169
f 184/268/170 187/266/170 186/269/170
f 189/267/171 188/270/171 185/271/171
f 190/272/172 194/273/172 196/274/172
f 195/275/173 193/276/173 191/277/173
f 192/278/174 194/273/174 195/275/174
f 197/279/175 201/280/175 203/281/175
f 198/282/176 201/280/176 200/283/176
f 203/281/177 202/284/177 199/285/177
f 204/286/178 208/287/178 210/288/178
f 209/289/179 207/290/179 205/291/179
f 206/292/180 208/287/180 209/289/180
f 211/293/181 215/294/181 217/295/181
f 216/296/182 214/297/182 212/298/182
f 213/299/183 215/294/183 216/296/183
f 218/300/184 222/301/184 224/302/184
f 219/303/185 222/301/185 221/304/185
f 224/302/186 223/305/186 220/306/186
f 183/265/187 175/253/187 186/269/187
f 175/253/188 184/268/188 186/269/188
f 176/260/189 174/254/189 170/256/189
f 182/259/190 171/257/190 174/254/190
f 190/272/191 181/264/191 177/261/191
f 196/274/192 178/263/192 181/264/192
f 185/271/193 195/275/193 191/277/193
f 188/270/194 192/278/194 195/275/194
f 183/307/195 214/308/195 211/309/195
f 189/310/196 212/311/196 214/312/196
f 218/313/197 193/314/197 190/315/197
f 224/316/198 191/317/198 193/318/198
f 213/299/199 223/305/199 219/303/199
f 216/296/200 220/306/200 223/305/200
f 197/279/201 217/295/201 200/283/201
f 217/295/202 198/282/202 200/283/202
f 218/300/203 210/288/203 221/304/203
f 210/288/204 219/303/204 221/304/204
f 199/285/205 209/289/205 205/291/205
f 209/289/206 198/282/206 206/292/206
f 197/319/207 172/320/207 169/321/207
f 203/322/208 170/323/208 172/324/208
f 177/325/209 207/326/209 204/327/209
f 207/328/210 176/329/210 205/330/210
f 183/307/211 197/319/211 169/321/211
f 178/263/212 184/268/212 171/257/212
f 205/330/213 170/323/213 199/331/213
f 218/313/214 177/325/214 204/327/214
f 185/332/215 220/333/215 212/311/215
f 219/303/216 198/282/216 213/299/216
f 225/334/217 229/335/217 231/336/217
f 226/337/218 229/335/218 228/338/218
f 227/339/219 229/335/219 230/340/219
f 232/341/220 236/342/220 238/343/220
f 233/344/221 236/342/221 235/345/221
f 234/346/222 236/342/222 237/347/222
f 239/348/223 243/349/223 245/350/223
f 240/351/224 243/349/224 242/352/224
f 241/353/225 243/349/225 244/354/225
f 246/355/226 250/356/226 252/357/226
f 247/358/227 250/356/227 249/359/227
f 248/360/228 250/356/228 251/361/228
f 253/362/229 257/363/229 259/364/229
f 254/365/230 257/363/230 256/366/230
f 255/367/231 257/363/231 258/368/231
f 260/369/232 264/370/232 266/371/232
f 261/372/233 264/370/233 263/373/233
f 262/374/234 264/370/234 265/375/234
f 267/376/235 271/377/235 273/378/235
f 268/379/236 271/377/236 270/380/236
f 269/381/237 271/377/237 272/382/237
f 274/383/238 278/384/238 280/385/238
f 275/386/239 278/384/239 277/387/239
f 276/388/240 278/384/240 279/389/240
f 225/334/241 242/352/241 239/348/241
f 231/336/242 240/351/242 242/352/242
f 232/390/243 230/391/243 226/392/243
f 238/393/244 227/394/244 230/395/244
f 233/344/245 252/357/245 237/347/245
f 252/357/246 234/346/246 237/347/246
f 241/396/247 251/397/247 247/398/247
f 244/399/248 248/400/248 251/401/248
f 239/348/249 270/380/249 267/376/249
f 245/350/250 268/379/250 270/380/250
f 246/355/251 280/385/251 249/359/251
f 280/385/252 247/358/252 249/359/252
f 269/402/253 279/403/253 275/404/253
f 279/405/254 268/406/254 276/407/254
f 267/376/255 256/366/255 253/362/255
f 256/366/256 269/381/256 254/365/256
f 260/369/257 277/387/257 274/383/257
f 266/371/258 275/386/258 277/387/258
f 255/408/259 265/409/259 261/410/259
f 258/411/260 262/412/260 265/413/260
f 253/362/261 228/338/261 225/334/261
f 259/364/262 226/337/262 228/338/262
f 260/369/263 235/345/263 263/373/263
f 263/373/264 232/341/264 261/372/264
f 267/376/265 225/334/265 239/348/265
f 234/414/266 240/415/266 227/394/266
f 255/408/267 232/390/267 226/392/267
f 246/355/268 260/369/268 274/383/268
f 247/398/269 268/406/269 241/396/269
f 269/402/270 262/412/270 254/416/270
f 1/1/1729 4/5/1729 5/2/1729
f 2/4/1730 6/6/1730 5/2/1730
f 7/3/1731 5/2/1731 6/6/1731
f 8/8/1732 11/12/1732 12/9/1732
f 9/11/1733 13/13/1733 12/9/1733
f 14/10/1734 12/9/1734 13/13/1734
f 15/15/1735 18/19/1735 19/16/1735
f 20/18/1736 19/16/1736 18/19/1736
f 17/21/1737 21/17/1737 19/16/1737
f 22/22/1738 25/26/1738 26/23/1738
f 23/25/1739 27/27/1739 26/23/1739
f 28/24/1740 26/23/1740 27/27/1740
f 29/29/1741 32/33/1741 33/30/1741
f 34/32/1742 33/30/1742 32/33/1742
f 31/35/1743 35/31/1743 33/30/1743
f 36/36/1744 39/40/1744 40/37/1744
f 37/39/1745 41/41/1745 40/37/1745
f 42/38/1746 40/37/1746 41/41/1746
f 43/43/1747 46/47/1747 47/44/1747
f 44/46/1748 48/48/1748 47/44/1748
f 49/45/1749 47/44/1749 48/48/1749
f 50/50/1750 53/54/1750 54/51/1750
f 55/53/1751 54/51/1751 53/54/1751
f 52/56/1752 56/52/1752 54/51/1752
f 1/57/25 7/2788/25 18/58/25
f 7/60/26 3/82/26 16/61/26
f 8/8/27 14/10/27 6/6/27
f 14/10/28 10/14/28 3/7/28
f 22/63/29 28/2789/29 13/64/29
f 28/66/30 24/2790/30 10/67/30
f 17/21/31 20/18/31 27/27/31
f 27/27/1753 20/18/1753 16/20/1753
f 43/43/33 15/15/33 21/17/33
f 21/17/34 17/21/34 44/46/34
f 22/22/35 50/50/35 56/52/35
f 56/52/36 52/56/36 23/25/36
f 45/49/37 48/48/37 55/53/37
f 48/48/38 44/46/38 52/56/38
f 29/69/39 43/81/39 49/70/39
f 49/72/40 45/83/40 30/73/40
f 36/75/41 42/2791/41 53/76/41
f 42/78/42 38/2792/42 51/79/42
f 31/35/43 34/32/43 41/41/43
f 34/32/44 30/34/44 38/42/44
f 29/29/45 35/31/45 4/5/45
f 35/31/1754 31/35/1754 2/4/1754
f 36/36/47 9/11/47 11/12/47
f 11/12/48 8/8/48 37/39/48
f 43/81/49 29/69/49 1/57/49
f 10/67/50 24/2790/50 16/61/50
f 37/39/51 8/8/51 2/4/51
f 22/63/52 9/65/52 36/75/52
f 23/25/53 52/56/53 44/46/53
f 51/79/54 38/2792/54 30/73/54
f 57/84/1755 60/88/1755 61/85/1755
f 58/87/1756 62/89/1756 61/85/1756
f 63/86/1757 61/85/1757 62/89/1757
f 64/91/1758 67/95/1758 68/92/1758
f 65/94/1759 69/96/1759 68/92/1759
f 70/93/1760 68/92/1760 69/96/1760
f 71/98/1761 74/102/1761 75/99/1761
f 76/101/1762 75/99/1762 74/102/1762
f 73/104/1763 77/100/1763 75/99/1763
f 78/105/1764 81/109/1764 82/106/1764
f 79/108/1765 83/110/1765 82/106/1765
f 84/107/1766 82/106/1766 83/110/1766
f 85/112/1767 88/116/1767 89/113/1767
f 90/115/1768 89/113/1768 88/116/1768
f 87/118/1769 91/114/1769 89/113/1769
f 92/119/1770 95/123/1770 96/120/1770
f 93/122/1771 97/124/1771 96/120/1771
f 98/121/1772 96/120/1772 97/124/1772
f 99/126/1773 102/130/1773 103/127/1773
f 100/129/1774 104/131/1774 103/127/1774
f 105/128/1775 103/127/1775 104/131/1775
f 106/133/1776 109/137/1776 110/134/1776
f 111/136/1777 110/134/1777 109/137/1777
f 108/139/1778 112/135/1778 110/134/1778
f 57/140/79 63/2793/79 74/141/79
f 63/143/1779 59/164/1779 72/144/1779
f 64/91/81 70/93/81 62/89/81
f 70/93/1780 66/97/1780 59/90/1780
f 65/146/83 78/165/83 84/147/83
f 84/149/84 80/2794/84 66/150/84
f 79/108/85 73/104/85 76/101/85
f 76/101/86 72/103/86 80/111/86
f 99/126/87 71/98/87 77/100/87
f 77/100/88 73/104/88 100/129/88
f 106/133/89 112/135/89 81/109/89
f 112/135/90 108/139/90 79/108/90
f 107/138/1781 101/132/1781 104/131/1781
f 104/131/92 100/129/92 108/139/92
f 99/152/93 105/2795/93 88/153/93
f 105/155/94 101/166/94 86/156/94
f 92/158/1782 98/2796/1782 109/159/1782
f 109/161/96 98/2797/96 94/162/96
f 87/118/97 90/115/97 97/124/97
f 90/115/1783 86/117/1783 94/125/1783
f 85/112/99 91/114/99 60/88/99
f 91/114/100 87/118/100 58/87/100
f 92/119/101 65/94/101 67/95/101
f 67/95/102 64/91/102 93/122/102
f 71/142/103 99/152/103 85/154/103
f 66/150/104 80/2794/104 72/144/104
f 93/122/105 64/91/105 58/87/105
f 78/165/106 65/146/106 92/158/106
f 73/104/107 79/108/107 108/139/107
f 107/163/108 94/162/108 86/156/108
f 113/167/1784 116/171/1784 117/168/1784
f 118/170/1785 117/168/1785 116/171/1785
f 115/173/1786 119/169/1786 117/168/1786
f 123/174/1787 124/178/1787 126/175/1787
f 121/177/1788 125/180/1788 124/178/1788
f 122/179/1789 126/175/1789 124/178/1789
f 127/181/1790 130/185/1790 131/182/1790
f 128/184/1791 132/186/1791 131/182/1791
f 133/183/1792 131/182/1792 132/186/1792
f 134/188/1793 137/192/1793 138/189/1793
f 139/191/1794 138/189/1794 137/192/1794
f 136/194/1795 140/190/1795 138/189/1795
f 141/195/1796 144/199/1796 145/196/1796
f 142/198/1797 146/200/1797 145/196/1797
f 147/197/1798 145/196/1798 146/200/1798
f 148/202/1799 151/206/1799 152/203/1799
f 153/205/1800 152/203/1800 151/206/1800
f 150/208/1801 154/204/1801 152/203/1801
f 155/209/1802 158/213/1802 159/210/1802
f 160/212/1803 159/210/1803 158/213/1803
f 157/215/1804 161/211/1804 159/210/1804
f 162/216/1805 165/220/1805 166/217/1805
f 163/219/1806 167/221/1806 166/217/1806
f 168/218/1807 166/217/1807 167/221/1807
f 113/167/1808 119/169/1808 130/185/1808
f 119/169/134 115/173/134 128/184/134
f 120/176/135 126/175/135 118/170/135
f 126/175/1809 122/179/1809 115/173/1809
f 121/177/137 134/188/137 140/190/137
f 140/190/138 136/194/138 122/179/138
f 129/187/1810 132/186/1810 139/191/1810
f 139/191/140 132/186/140 128/184/140
f 155/223/141 127/247/141 133/224/141
f 133/226/142 129/250/142 156/227/142
f 134/229/143 162/249/143 168/230/143
f 137/232/1811 168/2798/1811 164/233/1811
f 163/219/145 157/215/145 160/212/145
f 160/212/146 156/214/146 164/222/146
f 141/195/147 155/209/147 161/211/147
f 144/199/148 161/211/148 157/215/148
f 148/202/149 154/204/149 165/220/149
f 154/204/150 150/208/150 163/219/150
f 143/201/151 146/200/151 153/205/151
f 153/205/152 146/200/152 142/198/152
f 113/235/153 141/2799/153 147/236/153
f 147/238/154 143/248/154 114/239/154
f 121/241/155 123/2800/155 151/242/155
f 123/244/156 120/2801/156 149/245/156
f 155/223/157 141/2799/157 113/235/157
f 115/173/158 122/179/158 136/194/158
f 149/245/159 120/2801/159 114/239/159
f 134/229/160 121/241/160 148/243/160
f 135/234/161 164/233/161 156/227/161
f 157/215/162 163/219/162 150/208/162
f 169/251/1812 172/255/1812 173/252/1812
f 174/254/1813 173/252/1813 172/255/1813
f 171/257/1814 175/253/1814 173/252/1814
f 179/258/1815 180/262/1815 182/259/1815
f 177/261/1816 181/264/1816 180/262/1816
f 178/263/1817 182/259/1817 180/262/1817
f 183/265/1818 186/269/1818 187/266/1818
f 184/268/1819 188/270/1819 187/266/1819
f 189/267/1820 187/266/1820 188/270/1820
f 190/272/1821 193/276/1821 194/273/1821
f 195/275/1822 194/273/1822 193/276/1822
f 192/278/1823 196/274/1823 194/273/1823
f 197/279/1824 200/283/1824 201/280/1824
f 198/282/1825 202/284/1825 201/280/1825
f 203/281/1826 201/280/1826 202/284/1826
f 204/286/1827 207/290/1827 208/287/1827
f 209/289/1828 208/287/1828 207/290/1828
f 206/292/1829 210/288/1829 208/287/1829
f 211/293/1830 214/297/1830 215/294/1830
f 216/296/1831 215/294/1831 214/297/1831
f 213/299/1832 217/295/1832 215/294/1832
f 218/300/1833 221/304/1833 222/301/1833
f 219/303/1834 223/305/1834 222/301/1834
f 224/302/1835 222/301/1835 223/305/1835
f 183/265/187 169/251/187 175/253/187
f 175/253/188 171/257/188 184/268/188
f 176/260/189 182/259/189 174/254/189
f 182/259/190 178/263/190 171/257/190
f 190/272/191 196/274/191 181/264/191
f 196/274/192 192/278/192 178/263/192
f 185/271/193 188/270/193 195/275/193
f 188/270/194 184/268/194 192/278/194
f 183/307/195 189/2802/195 214/308/195
f 189/310/196 185/332/196 212/311/196
f 218/313/197 224/2803/197 193/314/197
f 224/316/198 220/333/198 191/317/198
f 213/299/199 216/296/199 223/305/199
f 216/296/200 212/298/200 220/306/200
f 197/279/1836 211/293/1836 217/295/1836
f 217/295/202 213/299/202 198/282/202
f 218/300/203 204/286/203 210/288/203
f 210/288/204 206/292/204 219/303/204
f 199/285/205 202/284/205 209/289/205
f 209/289/206 202/284/206 198/282/206
f 197/319/207 203/2804/207 172/320/207
f 203/322/1837 199/331/1837 170/323/1837
f 177/325/209 179/2805/209 207/326/209
f 207/328/210 179/2806/210 176/329/210
f 183/307/211 211/309/211 197/319/211
f 178/263/212 192/278/212 184/268/212
f 205/330/213 176/329/213 170/323/213
f 218/313/214 190/315/214 177/325/214
f 185/332/215 191/317/215 220/333/215
f 219/303/216 206/292/216 198/282/216
f 225/334/1838 228/338/1838 229/335/1838
f 226/337/1839 230/340/1839 229/335/1839
f 227/339/1840 231/336/1840 229/335/1840
f 232/341/1841 235/345/1841 236/342/1841
f 233/344/1842 237/347/1842 236/342/1842
f 234/346/1843 238/343/1843 236/342/1843
f 239/348/1844 242/352/1844 243/349/1844
f 240/351/1845 244/354/1845 243/349/1845
f 241/353/1846 245/350/1846 243/349/1846
f 246/355/1847 249/359/1847 250/356/1847
f 247/358/1848 251/361/1848 250/356/1848
f 248/360/1849 252/357/1849 250/356/1849
f 253/362/1850 256/366/1850 257/363/1850
f 254/365/1851 258/368/1851 257/363/1851
f 255/367/1852 259/364/1852 257/363/1852
f 260/369/1853 263/373/1853 264/370/1853
f 261/372/1854 265/375/1854 264/370/1854
f 262/374/1855 266/371/1855 264/370/1855
f 267/376/1856 270/380/1856 271/377/1856
f 268/379/1857 272/382/1857 271/377/1857
f 269/381/1858 273/378/1858 271/377/1858
f 274/383/1859 277/387/1859 278/384/1859
f 275/386/1860 279/389/1860 278/384/1860
f 276/388/1861 280/385/1861 278/384/1861
f 225/334/241 231/336/241 242/352/241
f 231/336/242 227/339/242 240/351/242
f 232/390/243 238/2807/243 230/391/243
f 238/393/244 234/414/244 227/394/244
f 233/344/245 246/355/245 252/357/245
f 252/357/1862 248/360/1862 234/346/1862
f 241/396/1863 244/2808/1863 251/397/1863
f 244/399/248 240/415/248 248/400/248
f 239/348/249 245/350/249 270/380/249
f 245/350/250 241/353/250 268/379/250
f 246/355/1864 274/383/1864 280/385/1864
f 280/385/1865 276/388/1865 247/358/1865
f 269/402/1866 272/2809/1866 279/403/1866
f 279/405/254 272/2810/254 268/406/254
f 267/376/255 273/378/255 256/366/255
f 256/366/1867 273/378/1867 269/381/1867
f 260/369/257 266/371/257 277/387/257
f 266/371/258 262/374/258 275/386/258
f 255/408/259 258/2811/259 265/409/259
f 258/411/260 254/416/260 262/412/260
f 253/362/1868 259/364/1868 228/338/1868
f 259/364/262 255/367/262 226/337/262
f 260/369/263 233/344/263 235/345/263
f 263/373/264 235/345/264 232/341/264
f 267/376/265 253/362/265 225/334/265
f 234/414/266 248/400/266 240/415/266
f 255/408/267 261/410/267 232/390/267
f 246/355/268 233/344/268 260/369/268
f 247/398/269 276/407/269 268/406/269
f 269/402/270 275/404/270 262/412/270
usemtl ore
f 281/417/271 285/418/271 287/419/271
f 282/420/272 285/421/272 284/422/272
f 283/423/273 285/424/273 286/425/273
f 288/426/274 292/427/274 294/428/274
f 289/429/275 292/430/275 291/431/275
f 290/432/276 292/427/276 293/433/276
f 295/434/277 299/435/277 301/436/277
f 296/437/278 299/438/278 298/439/278
f 297/440/279 299/438/279 300/441/279
f 302/442/280 306/443/280 308/444/280
f 303/445/281 306/443/281 305/446/281
f 304/447/282 306/448/282 307/449/282
f 309/450/283 313/451/283 315/452/283
f 310/453/284 313/454/284 312/455/284
f 311/456/285 313/451/285 314/457/285
f 316/458/286 320/459/286 322/460/286
f 317/461/287 320/462/287 319/463/287
f 318/464/288 320/462/288 321/465/288
f 323/466/289 327/467/289 329/468/289
f 324/469/290 327/470/290 326/471/290
f 325/472/291 327/470/291 328/473/291
f 330/474/292 334/475/292 336/476/292
f 331/477/293 334/478/293 333/479/293
f 332/480/294 334/481/294 335/482/294
f 281/417/295 298/483/295 295/434/295
f 287/484/296 296/437/296 298/439/296
f 288/426/297 286/485/297 282/420/297
f 294/428/298 283/486/298 286/485/298
f 289/429/299 308/444/299 293/487/299
f 308/488/300 290/489/300 293/490/300
f 297/440/301 307/449/301 303/491/301
f 307/449/302 296/437/302 304/447/302
f 295/434/303 326/492/303 323/466/303
f 301/493/304 324/469/304 326/471/304
f 330/474/305 305/446/305 302/442/305
f 336/494/306 303/495/306 305/496/306
f 325/472/307 335/482/307 331/497/307
f 328/473/308 332/480/308 335/482/308
f 323/466/309 312/498/309 309/450/309
f 312/455/310 325/499/310 310/453/310
f 316/458/311 333/500/311 330/474/311
f 322/501/312 331/477/312 333/479/312
f 311/502/313 321/465/313 317/461/313
f 321/465/314 310/453/314 318/464/314
f 281/417/315 315/452/315 284/503/315
f 284/422/316 311/504/316 282/420/316
f 316/458/317 291/431/317 319/505/317
f 291/506/318 317/507/318 319/508/318
f 295/434/319 309/450/319 281/417/319
f 290/489/320 296/437/320 283/423/320
f 311/504/321 288/426/321 282/420/321
f 302/442/322 316/458/322 330/474/322
f 297/509/323 332/480/323 324/469/323
f 325/499/324 318/464/324 310/453/324
f 337/510/325 341/511/325 343/512/325
f 338/513/326 341/514/326 340/515/326
f 339/516/327 341/517/327 342/518/327
f 344/519/328 348/520/328 350/521/328
f 345/522/329 348/523/329 347/524/329
f 346/525/330 348/526/330 349/527/330
f 351/528/331 355/529/331 357/530/331
f 352/531/332 355/532/332 354/533/332
f 353/534/333 355/535/333 356/536/333
f 358/537/334 362/538/334 364/539/334
f 359/540/335 362/541/335 361/542/335
f 360/543/336 362/544/336 363/545/336
f 365/546/337 369/547/337 371/548/337
f 366/549/338 369/550/338 368/551/338
f 367/552/339 369/553/339 370/554/339
f 372/555/340 376/556/340 378/557/340
f 373/558/341 376/559/341 375/560/341
f 374/561/342 376/562/342 377/563/342
f 379/564/343 383/565/343 385/566/343
f 380/567/344 383/568/344 382/569/344
f 381/570/345 383/571/345 384/572/345
f 386/573/346 390/574/346 392/575/346
f 387/576/347 390/577/347 389/578/347
f 388/579/348 390/580/348 391/581/348
f 351/528/349 343/512/349 354/582/349
f 343/583/350 352/531/350 354/533/350
f 344/519/351 342/584/351 338/513/351
f 342/518/352 346/525/352 339/516/352
f 358/537/353 349/585/353 345/522/353
f 364/586/354 346/525/354 349/527/354
f 359/540/355 356/536/355 363/587/355
f 356/588/356 360/543/356 363/545/356
f 379/564/357 357/530/357 382/589/357
f 357/590/358 380/567/358 382/569/358
f 358/537/359 392/575/359 361/591/359
f 361/542/360 388/579/360 359/540/360
f 387/576/361 384/572/361 391/592/361
f 384/593/362 388/579/362 391/581/362
f 365/546/363 385/566/363 368/594/363
f 385/595/364 366/549/364 368/551/364
f 372/555/365 389/596/365 386/573/365
f 389/578/366 374/561/366 387/576/366
f 373/558/367 370/554/367 377/597/367
f 377/563/368 366/549/368 374/561/368
f 365/546/369 340/598/369 337/510/369
f 340/515/370 367/552/370 338/513/370
f 345/522/371 375/599/371 372/555/371
f 375/560/372 344/519/372 373/558/372
f 351/528/373 365/546/373 337/510/373
f 346/525/374 352/531/374 339/516/374
f 373/558/375 338/513/375 367/552/375
f 358/537/376 372/555/376 386/573/376
f 353/534/377 388/579/377 380/567/377
f 381/570/378 374/561/378 366/549/378
f 393/600/379 397/601/379 399/602/379
f 394/603/380 397/604/380 396/605/380
f 395/606/381 397/607/381 398/608/381
f 400/609/382 404/610/382 406/611/382
f 401/612/383 404/613/383 403/614/383
f 402/615/384 404/616/384 405/617/384
f 407/618/385 411/619/385 413/620/385
f 408/621/386 411/622/386 410/623/386
f 409/624/387 411/625/387 412/626/387
f 414/627/388 418/628/388 420/629/388
f 415/630/389 418/631/389 417/632/389
f 416/633/390 418/634/390 419/635/390
f 421/636/391 425/637/391 427/638/391
f 422/639/392 425/640/392 424/641/392
f 423/642/393 425/643/393 426/644/393
f 428/645/394 432/646/394 434/647/394
f 429/648/395 432/649/395 431/650/395
f 430/651/396 432/652/396 433/653/396
f 435/654/397 439/655/397 441/656/397
f 436/657/398 439/658/398 438/659/398
f 437/660/399 439/661/399 440/662/399
f 442/663/400 446/664/400 448/665/400
f 443/666/401 446/667/401 445/668/401
f 444/669/402 446/670/402 447/671/402
f 393/600/403 410/672/403 407/618/403
f 410/623/404 395/606/404 408/621/404
f 400/609/405 398/673/405 394/603/405
f 406/674/406 395/606/406 398/608/406
f 414/627/407 405/675/407 401/612/407
f 420/676/408 402/615/408 405/617/408
f 409/624/409 419/677/409 415/630/409
f 419/635/410 408/621/410 416/633/410
f 407/618/411 438/678/411 435/654/411
f 413/679/412 436/657/412 438/659/412
f 414/627/413 448/665/413 417/680/413
f 448/681/414 415/630/414 417/632/414
f 443/666/415 440/662/415 447/682/415
f 440/683/416 444/669/416 447/671/416
f 421/636/417 441/656/417 424/684/417
f 424/641/418 437/660/418 422/639/418
f 442/663/419 434/647/419 445/685/419
f 445/668/420 430/651/420 443/666/420
f 423/642/421 433/686/421 429/648/421
f 426/687/422 430/651/422 433/653/422
f 421/636/423 396/688/423 393/600/423
f 427/689/424 394/603/424 396/605/424
f 428/645/425 403/614/425 431/690/425
f 431/650/426 400/609/426 429/648/426
f 435/654/427 393/600/427 407/618/427
f 395/606/428 416/633/428 408/621/428
f 423/642/429 400/609/429 394/603/429
f 442/663/430 401/612/430 428/645/430
f 409/624/431 444/669/431 436/657/431
f 437/660/432 430/651/432 422/639/432
f 449/691/433 453/692/433 455/693/433
f 450/694/434 453/695/434 452/696/434
f 451/697/435 453/695/435 454/698/435
f 456/699/436 460/700/436 462/701/436
f 457/702/437 460/703/437 459/704/437
f 458/705/438 460/700/438 461/706/438
f 463/707/439 467/708/439 469/709/439
f 464/710/440 467/711/440 466/712/440
f 465/713/441 467/711/441 468/714/441
f 470/715/442 474/716/442 476/717/442
f 471/718/443 474/719/443 473/720/443
f 472/721/444 474/719/444 475/722/444
f 477/723/445 481/724/445 483/725/445
f 478/726/446 481/727/446 480/728/446
f 479/729/447 481/727/447 482/730/447
f 484/731/448 488/732/448 490/733/448
f 485/734/449 488/735/449 487/736/449
f 486/737/450 488/735/450 489/738/450
f 491/739/451 495/740/451 497/741/451
f 492/742/452 495/743/452 494/744/452
f 493/745/453 495/743/453 496/746/453
f 498/747/454 502/748/454 504/749/454
f 499/750/455 502/751/455 501/752/455
f 500/753/456 502/751/456 503/754/456
f 463/707/457 455/693/457 466/755/457
f 466/712/458 451/756/458 464/710/458
f 456/699/459 454/698/459 450/694/459
f 462/701/460 451/697/460 454/698/460
f 470/715/461 461/757/461 457/702/461
f 476/758/462 458/759/462 461/760/462
f 465/713/463 475/722/463 471/718/463
f 475/722/464 464/710/464 472/721/464
f 463/707/465 494/761/465 491/739/465
f 494/744/466 465/762/466 492/742/466
f 470/715/467 504/749/467 473/763/467
f 504/764/468 471/765/468 473/766/468
f 499/750/469 496/746/469 503/754/469
f 503/754/470 492/742/470 500/753/470
f 491/739/471 480/767/471 477/723/471
f 497/768/472 478/726/472 480/728/472
f 484/731/473 501/769/473 498/747/473
f 490/770/474 499/771/474 501/772/474
f 479/729/475 489/738/475 485/734/475
f 489/738/476 478/726/476 486/737/476
f 477/723/477 452/773/477 449/691/477
f 483/774/478 450/694/478 452/696/478
f 484/731/479 459/704/479 487/775/479
f 459/776/480 485/777/480 487/778/480
f 491/739/481 449/691/481 463/707/481
f 451/756/482 472/721/482 464/710/482
f 485/777/483 450/694/483 479/779/483
f 470/715/484 484/731/484 498/747/484
f 471/765/485 492/742/485 465/762/485
f 499/771/486 478/726/486 493/780/486
f 505/781/487 509/782/487 511/783/487
f 506/784/488 509/785/488 508/786/488
f 507/787/489 509/785/489 510/788/489
f 512/789/490 516/790/490 518/791/490
f 513/792/491 516/793/491 515/794/491
f 514/795/492 516/790/492 517/796/492
f 519/797/493 523/798/493 525/799/493
f 520/800/494 523/801/494 522/802/494
f 521/803/495 523/801/495 524/804/495
f 526/805/496 530/806/496 532/807/496
f 527/808/497 530/806/497 529/809/497
f 528/810/498 530/811/498 531/812/498
f 533/813/499 537/814/499 539/815/499
f 534/816/500 537/817/500 536/818/500
f 535/819/501 537/814/501 538/820/501
f 540/821/502 544/822/502 546/823/502
f 541/824/503 544/825/503 543/826/503
f 542/827/504 544/825/504 545/828/504
f 547/829/505 551/830/505 553/831/505
f 548/832/506 551/833/506 550/834/506
f 549/835/507 551/833/507 552/836/507
f 554/837/508 558/838/508 560/839/508
f 555/840/509 558/841/509 557/842/509
f 556/843/510 558/841/510 559/844/510
f 505/781/511 522/845/511 519/797/511
f 522/802/512 507/846/512 520/800/512
f 506/784/513 518/791/513 510/788/513
f 510/788/514 514/795/514 507/787/514
f 526/805/515 517/847/515 513/792/515
f 517/847/516 528/848/516 514/849/516
f 521/803/517 531/812/517 527/850/517
f 524/804/518 528/810/518 531/812/518
f 547/829/519 525/799/519 550/851/519
f 550/834/520 521/852/520 548/832/520
f 526/805/521 560/839/521 529/809/521
f 560/839/522 527/808/522 529/809/522
f 549/835/523 559/844/523 555/840/523
f 559/844/524 548/832/524 556/843/524
f 547/829/525 536/853/525 533/813/525
f 553/831/526 534/854/526 536/853/526
f 554/837/527 546/823/527 557/855/527
f 557/856/528 542/827/528 555/857/528
f 535/858/529 545/828/529 541/824/529
f 538/859/530 542/827/530 545/828/530
f 505/781/531 539/815/531 508/860/531
f 539/815/532 506/861/532 508/860/532
f 513/792/533 543/862/533 540/821/533
f 543/863/534 512/789/534 541/864/534
f 547/829/535 505/781/535 519/797/535
f 514/865/536 520/800/536 507/846/536
f 535/866/537 512/789/537 506/784/537
f 526/805/538 540/821/538 554/837/538
f 527/867/539 548/832/539 521/852/539
f 549/868/540 542/827/540 534/816/540
f 561/869/541 565/870/541 567/871/541
f 562/872/542 565/873/542 564/874/542
f 563/875/543 565/876/543 566/877/543
f 568/878/544 572/879/544 574/880/544
f 569/881/545 572/882/545 571/883/545
f 570/884/546 572/885/546 573/886/546
f 575/887/547 579/888/547 581/889/547
f 576/890/548 579/891/548 578/892/548
f 577/893/549 579/894/549 580/895/549
f 582/896/550 586/897/550 588/898/550
f 583/899/551 586/900/551 585/901/551
f 584/902/552 586/903/552 587/904/552
f 589/905/553 593/906/553 595/907/553
f 590/908/554 593/909/554 592/910/554
f 591/911/555 593/912/555 594/913/555
f 596/914/556 600/915/556 602/916/556
f 597/917/557 600/918/557 599/919/557
f 598/920/558 600/921/558 601/922/558
f 603/923/559 607/924/559 609/925/559
f 604/926/560 607/927/560 606/928/560
f 605/929/561 607/930/561 608/931/561
f 610/932/562 614/933/562 616/934/562
f 611/935/563 614/936/563 613/937/563
f 612/938/564 614/939/564 615/940/564
f 561/869/565 578/941/565 575/887/565
f 567/942/566 576/890/566 578/892/566
f 568/878/567 566/943/567 562/872/567
f 574/944/568 563/875/568 566/877/568
f 582/896/569 573/945/569 569/881/569
f 588/946/570 570/884/570 573/886/570
f 577/893/571 587/947/571 583/899/571
f 587/904/572 576/890/572 584/902/572
f 575/887/573 606/948/573 603/923/573
f 581/949/574 604/926/574 606/928/574
f 610/932/575 585/950/575 582/896/575
f 616/951/576 583/899/576 585/901/576
f 605/929/577 615/952/577 611/935/577
f 615/940/578 604/926/578 612/938/578
f 603/923/579 592/953/579 589/905/579
f 609/954/580 590/908/580 592/910/580
f 610/932/581 602/916/581 613/955/581
f 613/937/582 598/920/582 611/935/582
f 591/911/583 601/956/583 597/917/583
f 594/957/584 598/920/584 601/922/584
f 561/869/585 595/907/585 564/958/585
f 564/874/586 591/911/586 562/872/586
f 569/881/587 599/959/587 596/914/587
f 599/919/588 568/878/588 597/917/588
f 603/923/589 561/869/589 575/887/589
f 570/884/590 576/890/590 563/875/590
f 591/911/591 568/878/591 562/872/591
f 582/896/592 596/914/592 610/932/592
f 583/899/593 604/926/593 577/893/593
f 611/935/594 590/908/594 605/929/594
f 617/960/595 621/961/595 623/962/595
f 618/963/596 621/964/596 620/965/596
f 619/966/597 621/967/597 622/968/597
f 624/969/598 628/970/598 630/971/598
f 625/972/599 628/973/599 627/974/599
f 626/975/600 628/976/600 629/977/600
f 631/978/601 635/979/601 637/980/601
f 632/981/602 635/982/602 634/983/602
f 633/984/603 635/985/603 636/986/603
f 638/987/604 642/988/604 644/989/604
f 639/990/605 642/991/605 641/992/605
f 640/993/606 642/994/606 643/995/606
f 645/996/607 649/997/607 651/998/607
f 646/999/608 649/1000/608 648/1001/608
f 647/1002/609 649/1003/609 650/1004/609
f 652/1005/610 656/1006/610 658/1007/610
f 653/1008/611 656/1009/611 655/1010/611
f 654/1011/612 656/1012/612 657/1013/612
f 659/1014/613 663/1015/613 665/1016/613
f 660/1017/614 663/1018/614 662/1019/614
f 661/1020/615 663/1021/615 664/1022/615
f 666/1023/616 670/1024/616 672/1025/616
f 667/1026/617 670/1027/617 669/1028/617
f 668/1029/618 670/1030/618 671/1031/618
f 631/978/619 623/962/619 634/1032/619
f 634/983/620 619/966/620 632/981/620
f 618/963/621 630/971/621 622/1033/621
f 630/1034/622 619/966/622 622/968/622
f 625/972/623 644/989/623 629/1035/623
f 629/977/624 640/993/624 626/975/624
f 633/984/625 643/1036/625 639/990/625
f 636/1037/626 640/993/626 643/995/626
f 659/1014/627 637/980/627 662/1038/627
f 637/1039/628 660/1017/628 662/1019/628
f 638/987/629 672/1025/629 641/1040/629
f 672/1041/630 639/990/630 641/992/630
f 661/1020/631 671/1042/631 667/1026/631
f 664/1043/632 668/1029/632 671/1031/632
f 659/1014/633 648/1044/633 645/996/633
f 648/1001/634 661/1020/634 646/999/634
f 666/1023/635 658/1007/635 669/1045/635
f 669/1028/636 654/1011/636 667/1026/636
f 647/1002/637 657/1046/637 653/1008/637
f 650/1047/638 654/1011/638 657/1013/638
f 617/960/639 651/998/639 620/1048/639
f 620/965/640 647/1002/640 618/963/640
f 625/972/641 655/1049/641 652/1005/641
f 627/1050/642 653/1008/642 655/1010/642
f 659/1014/643 617/960/643 631/978/643
f 619/966/644 640/993/644 632/981/644
f 647/1002/645 624/969/645 618/963/645
f 638/987/646 652/1005/646 666/1023/646
f 639/990/647 660/1017/647 633/984/647
f 667/1026/648 646/999/648 661/1020/648
f 673/1051/649 677/1052/649 679/1053/649
f 674/1054/650 677/1055/650 676/1056/650
f 675/1057/651 677/1055/651 678/1058/651
f 680/1059/652 684/1060/652 686/1061/652
f 681/1062/653 684/1063/653 683/1064/653
f 682/1065/654 684/1066/654 685/1067/654
f 687/1068/655 691/1069/655 693/1070/655
f 688/1071/656 691/1072/656 690/1073/656
f 689/1074/657 691/1072/657 692/1075/657
f 694/1076/658 698/1077/658 700/1078/658
f 695/1079/659 698/1080/659 697/1081/659
f 696/1082/660 698/1083/660 699/1084/660
f 701/1085/661 705/1086/661 707/1087/661
f 702/1088/662 705/1089/662 704/1090/662
f 703/1091/663 705/1092/663 706/1093/663
f 708/1094/664 712/1095/664 714/1096/664
f 709/1097/665 712/1098/665 711/1099/665
f 710/1100/666 712/1098/666 713/1101/666
f 715/1102/667 719/1103/667 721/1104/667
f 716/1105/668 719/1106/668 718/1107/668
f 717/1108/669 719/1109/669 720/1110/669
f 722/1111/670 726/1112/670 728/1113/670
f 723/1114/671 726/1115/671 725/1116/671
f 724/1117/672 726/1115/672 727/1118/672
f 673/1051/673 690/1119/673 687/1068/673
f 690/1120/674 675/1057/674 688/1121/674
f 680/1122/675 678/1058/675 674/1054/675
f 678/1058/676 682/1065/676 675/1057/676
f 694/1076/677 685/1123/677 681/1062/677
f 685/1067/678 696/1082/678 682/1065/678
f 689/1074/679 699/1124/679 695/1079/679
f 692/1075/680 696/1125/680 699/1124/680
f 687/1068/681 718/1126/681 715/1102/681
f 718/1107/682 689/1074/682 716/1105/682
f 694/1076/683 728/1113/683 697/1127/683
f 697/1081/684 724/1128/684 695/1079/684
f 723/1114/685 720/1110/685 727/1118/685
f 727/1118/686 716/1129/686 724/1117/686
f 715/1102/687 704/1130/687 701/1085/687
f 721/1131/688 702/1088/688 704/1090/688
f 722/1111/689 714/1096/689 725/1132/689
f 725/1116/690 710/1133/690 723/1114/690
f 703/1091/691 713/1101/691 709/1097/691
f 706/1093/692 710/1100/692 713/1101/692
f 673/1051/693 707/1087/693 676/1134/693
f 707/1135/694 674/1136/694 676/1137/694
f 681/1062/695 711/1138/695 708/1094/695
f 683/1139/696 709/1097/696 711/1099/696
f 715/1102/697 673/1051/697 687/1068/697
f 682/1065/698 688/1121/698 675/1057/698
f 709/1097/699 674/1136/699 703/1091/699
f 694/1076/700 708/1094/700 722/1111/700
f 695/1079/701 716/1105/701 689/1074/701
f 723/1114/702 702/1088/702 717/1108/702
f 729/1140/703 733/1141/703 735/1142/703
f 730/1143/704 733/1144/704 732/1145/704
f 731/1146/705 733/1147/705 734/1148/705
f 736/1149/706 740/1150/706 742/1151/706
f 737/1152/707 740/1153/707 739/1154/707
f 738/1155/708 740/1156/708 741/1157/708
f 743/1158/709 747/1159/709 749/1160/709
f 744/1161/710 747/1162/710 746/1163/710
f 745/1164/711 747/1165/711 748/1166/711
f 750/1167/712 754/1168/712 756/1169/712
f 751/1170/713 754/1171/713 753/1172/713
f 752/1173/714 754/1174/714 755/1175/714
f 757/1176/715 761/1177/715 763/1178/715
f 758/1179/716 761/1180/716 760/1181/716
f 759/1182/717 761/1183/717 762/1184/717
f 764/1185/718 768/1186/718 770/1187/718
f 765/1188/719 768/1189/719 767/1190/719
f 766/1191/720 768/1192/720 769/1193/720
f 771/1194/721 775/1195/721 777/1196/721
f 772/1197/722 775/1198/722 774/1199/722
f 773/1200/723 775/1201/723 776/1202/723
f 778/1203/724 782/1204/724 784/1205/724
f 779/1206/725 782/1207/725 781/1208/725
f 780/1209/726 782/1210/726 783/1211/726
f 743/1158/727 735/1142/727 746/1212/727
f 746/1163/728 731/1146/728 744/1161/728
f 730/1143/729 742/1151/729 734/1213/729
f 742/1214/730 731/1146/730 734/1148/730
f 737/1152/731 756/1169/731 741/1215/731
f 756/1216/732 738/1155/732 741/1157/732
f 751/1170/733 748/1166/733 755/1217/733
f 748/1218/734 752/1173/734 755/1175/734
f 743/1158/735 774/1219/735 771/1194/735
f 749/1220/736 772/1197/736 774/1199/736
f 778/1203/737 753/1221/737 750/1167/737
f 753/1172/738 780/1209/738 751/1170/738
f 773/1200/739 783/1222/739 779/1206/739
f 776/1223/740 780/1209/740 783/1211/740
f 757/1176/741 777/1196/741 760/1224/741
f 777/1225/742 758/1179/742 760/1181/742
f 764/1185/743 781/1226/743 778/1203/743
f 770/1227/744 779/1206/744 781/1208/744
f 759/1182/745 769/1228/745 765/1188/745
f 762/1229/746 766/1191/746 769/1193/746
f 729/1140/747 763/1178/747 732/1230/747
f 763/1231/748 730/1143/748 732/1145/748
f 764/1185/749 739/1154/749 767/1232/749
f 739/1233/750 765/1188/750 767/1190/750
f 743/1158/751 757/1176/751 729/1140/751
f 738/1155/752 744/1161/752 731/1146/752
f 765/1188/753 730/1143/753 759/1182/753
f 778/1203/754 737/1152/754 764/1185/754
f 751/1170/755 772/1197/755 745/1164/755
f 779/1206/756 758/1179/756 773/1200/756
f 281/417/1869 284/503/1869 285/418/1869
f 282/420/1870 286/485/1870 285/421/1870
f 283/423/1871 287/484/1871 285/424/1871
f 288/426/1872 291/506/1872 292/427/1872
f 289/429/1873 293/487/1873 292/430/1873
f 290/432/1874 294/428/1874 292/427/1874
f 295/434/1875 298/483/1875 299/435/1875
f 296/437/1876 300/441/1876 299/438/1876
f 297/440/1877 301/2812/1877 299/438/1877
f 302/442/1878 305/446/1878 306/443/1878
f 303/445/1879 307/2813/1879 306/443/1879
f 304/447/1880 308/488/1880 306/448/1880
f 309/450/1881 312/498/1881 313/451/1881
f 310/453/1882 314/2814/1882 313/454/1882
f 311/456/1883 315/452/1883 313/451/1883
f 316/458/1884 319/505/1884 320/459/1884
f 317/461/1885 321/465/1885 320/462/1885
f 318/464/1886 322/501/1886 320/462/1886
f 323/466/1887 326/492/1887 327/467/1887
f 324/469/1888 328/473/1888 327/470/1888
f 325/472/1889 329/2815/1889 327/470/1889
f 330/474/1890 333/500/1890 334/475/1890
f 331/477/1891 335/2816/1891 334/478/1891
f 332/480/1892 336/494/1892 334/481/1892
f 281/417/295 287/419/295 298/483/295
f 287/484/1893 283/423/1893 296/437/1893
f 288/426/297 294/428/297 286/485/297
f 294/428/298 290/432/298 283/486/298
f 289/429/1894 302/442/1894 308/444/1894
f 308/488/1895 304/447/1895 290/489/1895
f 297/440/301 300/441/301 307/449/301
f 307/449/1896 300/441/1896 296/437/1896
f 295/434/1897 301/436/1897 326/492/1897
f 301/493/1898 297/509/1898 324/469/1898
f 330/474/1899 336/476/1899 305/446/1899
f 336/494/1900 332/480/1900 303/495/1900
f 325/472/307 328/473/307 335/482/307
f 328/473/1901 324/469/1901 332/480/1901
f 323/466/309 329/468/309 312/498/309
f 312/455/310 329/2817/310 325/499/310
f 316/458/1902 322/460/1902 333/500/1902
f 322/501/1903 318/464/1903 331/477/1903
f 311/502/1904 314/2814/1904 321/465/1904
f 321/465/314 314/2814/314 310/453/314
f 281/417/1905 309/450/1905 315/452/1905
f 284/422/1906 315/2818/1906 311/504/1906
f 316/458/1907 289/429/1907 291/431/1907
f 291/506/1908 288/426/1908 317/507/1908
f 295/434/319 323/466/319 309/450/319
f 290/489/320 304/447/320 296/437/320
f 311/504/321 317/507/321 288/426/321
f 302/442/322 289/429/322 316/458/322
f 297/509/323 303/495/323 332/480/323
f 325/499/324 331/477/324 318/464/324
f 337/510/1909 340/598/1909 341/511/1909
f 338/513/1910 342/584/1910 341/514/1910
f 339/516/1911 343/583/1911 341/517/1911
f 344/519/1912 347/2819/1912 348/520/1912
f 345/522/1913 349/585/1913 348/523/1913
f 346/525/1914 350/2820/1914 348/526/1914
f 351/528/1915 354/582/1915 355/529/1915
f 352/531/1916 356/588/1916 355/532/1916
f 353/534/1917 357/590/1917 355/535/1917
f 358/537/1918 361/591/1918 362/538/1918
f 359/540/1919 363/587/1919 362/541/1919
f 360/543/1920 364/586/1920 362/544/1920
f 365/546/1921 368/594/1921 369/547/1921
f 366/549/1922 370/2821/1922 369/550/1922
f 367/552/1923 371/2822/1923 369/553/1923
f 372/555/1924 375/599/1924 376/556/1924
f 373/558/1925 377/597/1925 376/559/1925
f 374/561/1926 378/2823/1926 376/562/1926
f 379/564/1927 382/589/1927 383/565/1927
f 380/567/1928 384/593/1928 383/568/1928
f 381/570/1929 385/595/1929 383/571/1929
f 386/573/1930 389/596/1930 390/574/1930
f 387/576/1931 391/592/1931 390/577/1931
f 388/579/1932 392/2824/1932 390/580/1932
f 351/528/349 337/510/349 343/512/349
f 343/583/1933 339/516/1933 352/531/1933
f 344/519/1934 350/521/1934 342/584/1934
f 342/518/352 350/2820/352 346/525/352
f 358/537/1935 364/539/1935 349/585/1935
f 364/586/354 360/543/354 346/525/354
f 359/540/355 353/534/355 356/536/355
f 356/588/1936 352/531/1936 360/543/1936
f 379/564/1937 351/528/1937 357/530/1937
f 357/590/1938 353/534/1938 380/567/1938
f 358/537/1939 386/573/1939 392/575/1939
f 361/542/1940 392/2824/1940 388/579/1940
f 387/576/1941 381/570/1941 384/572/1941
f 384/593/1942 380/567/1942 388/579/1942
f 365/546/1943 379/564/1943 385/566/1943
f 385/595/364 381/570/364 366/549/364
f 372/555/365 378/557/365 389/596/365
f 389/578/1944 378/2823/1944 374/561/1944
f 373/558/1945 367/552/1945 370/554/1945
f 377/563/1946 370/2821/1946 366/549/1946
f 365/546/1947 371/548/1947 340/598/1947
f 340/515/370 371/2822/370 367/552/370
f 345/522/1948 347/524/1948 375/599/1948
f 375/560/372 347/2819/372 344/519/372
f 351/528/373 379/564/373 365/546/373
f 346/525/374 360/543/374 352/531/374
f 373/558/375 344/519/375 338/513/375
f 358/537/376 345/522/376 372/555/376
f 353/534/377 359/540/377 388/579/377
f 381/570/378 387/576/378 374/561/378
f 393/600/1949 396/688/1949 397/601/1949
f 394/603/1950 398/673/1950 397/604/1950
f 395/606/1951 399/2825/1951 397/607/1951
f 400/609/1952 403/2826/1952 404/610/1952
f 401/612/1953 405/675/1953 404/613/1953
f 402/615/1954 406/674/1954 404/616/1954
f 407/618/1955 410/672/1955 411/619/1955
f 408/621/1956 412/2827/1956 411/622/1956
f 409/624/1957 413/679/1957 411/625/1957
f 414/627/1958 417/680/1958 418/628/1958
f 415/630/1959 419/677/1959 418/631/1959
f 416/633/1960 420/676/1960 418/634/1960
f 421/636/1961 424/684/1961 425/637/1961
f 422/639/1962 426/687/1962 425/640/1962
f 423/642/1963 427/689/1963 425/643/1963
f 428/645/1964 431/690/1964 432/646/1964
f 429/648/1965 433/686/1965 432/649/1965
f 430/651/1966 434/2828/1966 432/652/1966
f 435/654/1967 438/678/1967 439/655/1967
f 436/657/1968 440/683/1968 439/658/1968
f 437/660/1969 441/2829/1969 439/661/1969
f 442/663/1970 445/685/1970 446/664/1970
f 443/666/1971 447/682/1971 446/667/1971
f 444/669/1972 448/681/1972 446/670/1972
f 393/600/403 399/602/403 410/672/403
f 410/623/1973 399/2825/1973 395/606/1973
f 400/609/405 406/611/405 398/673/405
f 406/674/406 402/615/406 395/606/406
f 414/627/1974 420/629/1974 405/675/1974
f 420/676/1975 416/633/1975 402/615/1975
f 409/624/1976 412/626/1976 419/677/1976
f 419/635/1977 412/2827/1977 408/621/1977
f 407/618/1978 413/620/1978 438/678/1978
f 413/679/1979 409/624/1979 436/657/1979
f 414/627/1980 442/663/1980 448/665/1980
f 448/681/1981 444/669/1981 415/630/1981
f 443/666/1982 437/660/1982 440/662/1982
f 440/683/1983 436/657/1983 444/669/1983
f 421/636/417 435/654/417 441/656/417
f 424/641/418 441/2829/418 437/660/418
f 442/663/1984 428/645/1984 434/647/1984
f 445/668/1985 434/2828/1985 430/651/1985
f 423/642/1986 426/644/1986 433/686/1986
f 426/687/1987 422/639/1987 430/651/1987
f 421/636/423 427/638/423 396/688/423
f 427/689/1988 423/642/1988 394/603/1988
f 428/645/1989 401/612/1989 403/614/1989
f 431/650/1990 403/2826/1990 400/609/1990
f 435/654/427 421/636/427 393/600/427
f 395/606/1991 402/615/1991 416/633/1991
f 423/642/429 429/648/429 400/609/429
f 442/663/430 414/627/430 401/612/430
f 409/624/431 415/630/431 444/669/431
f 437/660/432 443/666/432 430/651/432
f 449/691/1992 452/773/1992 453/692/1992
f 450/694/1993 454/698/1993 453/695/1993
f 451/697/1994 455/2830/1994 453/695/1994
f 456/699/1995 459/776/1995 460/700/1995
f 457/702/1996 461/757/1996 460/703/1996
f 458/705/1997 462/701/1997 460/700/1997
f 463/707/1998 466/755/1998 467/708/1998
f 464/710/1999 468/714/1999 467/711/1999
f 465/713/2000 469/2831/2000 467/711/2000
f 470/715/2001 473/763/2001 474/716/2001
f 471/718/2002 475/722/2002 474/719/2002
f 472/721/2003 476/758/2003 474/719/2003
f 477/723/2004 480/767/2004 481/724/2004
f 478/726/2005 482/730/2005 481/727/2005
f 479/729/2006 483/2832/2006 481/727/2006
f 484/731/2007 487/775/2007 488/732/2007
f 485/734/2008 489/738/2008 488/735/2008
f 486/737/2009 490/770/2009 488/735/2009
f 491/739/2010 494/761/2010 495/740/2010
f 492/742/2011 496/746/2011 495/743/2011
f 493/745/2012 497/2833/2012 495/743/2012
f 498/747/2013 501/769/2013 502/748/2013
f 499/750/2014 503/754/2014 502/751/2014
f 500/753/2015 504/764/2015 502/751/2015
f 463/707/2016 449/691/2016 455/693/2016
f 466/712/2017 455/2834/2017 451/756/2017
f 456/699/459 462/701/459 454/698/459
f 462/701/2018 458/705/2018 451/697/2018
f 470/715/2019 476/717/2019 461/757/2019
f 476/758/2020 472/721/2020 458/759/2020
f 465/713/463 468/714/463 475/722/463
f 475/722/464 468/714/464 464/710/464
f 463/707/465 469/709/465 494/761/465
f 494/744/2021 469/2835/2021 465/762/2021
f 470/715/2022 498/747/2022 504/749/2022
f 504/764/2023 500/753/2023 471/765/2023
f 499/750/469 493/745/469 496/746/469
f 503/754/470 496/746/470 492/742/470
f 491/739/2024 497/741/2024 480/767/2024
f 497/768/472 493/780/472 478/726/472
f 484/731/473 490/733/473 501/769/473
f 490/770/2025 486/737/2025 499/771/2025
f 479/729/2026 482/730/2026 489/738/2026
f 489/738/476 482/730/476 478/726/476
f 477/723/2027 483/725/2027 452/773/2027
f 483/774/2028 479/779/2028 450/694/2028
f 484/731/2029 457/702/2029 459/704/2029
f 459/776/2030 456/699/2030 485/777/2030
f 491/739/481 477/723/481 449/691/481
f 451/756/482 458/759/482 472/721/482
f 485/777/483 456/699/483 450/694/483
f 470/715/484 457/702/484 484/731/484
f 471/765/485 500/753/485 492/742/485
f 499/771/486 486/737/486 478/726/486
f 505/781/2031 508/860/2031 509/782/2031
f 506/784/2032 510/788/2032 509/785/2032
f 507/787/2033 511/2836/2033 509/785/2033
f 512/789/2034 515/2837/2034 516/790/2034
f 513/792/2035 517/847/2035 516/793/2035
f 514/795/2036 518/791/2036 516/790/2036
f 519/797/2037 522/845/2037 523/798/2037
f 520/800/2038 524/804/2038 523/801/2038
f 521/803/2039 525/2838/2039 523/801/2039
f 526/805/2040 529/809/2040 530/806/2040
f 527/808/2041 531/2839/2041 530/806/2041
f 528/810/2042 532/2840/2042 530/811/2042
f 533/813/2043 536/853/2043 537/814/2043
f 534/816/2044 538/859/2044 537/817/2044
f 535/819/2045 539/815/2045 537/814/2045
f 540/821/2046 543/862/2046 544/822/2046
f 541/824/2047 545/828/2047 544/825/2047
f 542/827/2048 546/2841/2048 544/825/2048
f 547/829/2049 550/851/2049 551/830/2049
f 548/832/2050 552/836/2050 551/833/2050
f 549/835/2051 553/2842/2051 551/833/2051
f 554/837/2052 557/855/2052 558/838/2052
f 555/840/2053 559/844/2053 558/841/2053
f 556/843/2054 560/2843/2054 558/841/2054
f 505/781/2055 511/783/2055 522/845/2055
f 522/802/2056 511/2844/2056 507/846/2056
f 506/784/513 512/789/513 518/791/513
f 510/788/514 518/791/514 514/795/514
f 526/805/515 532/807/515 517/847/515
f 517/847/2057 532/807/2057 528/848/2057
f 521/803/2058 524/804/2058 531/812/2058
f 524/804/2059 520/800/2059 528/810/2059
f 547/829/2060 519/797/2060 525/799/2060
f 550/834/2061 525/2845/2061 521/852/2061
f 526/805/521 554/837/521 560/839/521
f 560/839/2062 556/2846/2062 527/808/2062
f 549/835/523 552/836/523 559/844/523
f 559/844/2063 552/836/2063 548/832/2063
f 547/829/2064 553/831/2064 536/853/2064
f 553/831/2065 549/2847/2065 534/854/2065
f 554/837/2066 540/821/2066 546/823/2066
f 557/856/2067 546/2841/2067 542/827/2067
f 535/858/529 538/859/529 545/828/529
f 538/859/530 534/816/530 542/827/530
f 505/781/531 533/813/531 539/815/531
f 539/815/2068 535/819/2068 506/861/2068
f 513/792/2069 515/794/2069 543/862/2069
f 543/863/2070 515/2837/2070 512/789/2070
f 547/829/535 533/813/535 505/781/535
f 514/865/536 528/810/536 520/800/536
f 535/866/537 541/864/537 512/789/537
f 526/805/538 513/792/538 540/821/538
f 527/867/539 556/843/539 548/832/539
f 549/868/540 555/857/540 542/827/540
f 561/869/2071 564/958/2071 565/870/2071
f 562/872/2072 566/943/2072 565/873/2072
f 563/875/2073 567/942/2073 565/876/2073
f 568/878/2074 571/2848/2074 572/879/2074
f 569/881/2075 573/945/2075 572/882/2075
f 570/884/2076 574/944/2076 572/885/2076
f 575/887/2077 578/941/2077 579/888/2077
f 576/890/2078 580/2849/2078 579/891/2078
f 577/893/2079 581/949/2079 579/894/2079
f 582/896/2080 585/950/2080 586/897/2080
f 583/899/2081 587/947/2081 586/900/2081
f 584/902/2082 588/946/2082 586/903/2082
f 589/905/2083 592/953/2083 593/906/2083
f 590/908/2084 594/957/2084 593/909/2084
f 591/911/2085 595/2850/2085 593/912/2085
f 596/914/2086 599/959/2086 600/915/2086
f 597/917/2087 601/956/2087 600/918/2087
f 598/920/2088 602/2851/2088 600/921/2088
f 603/923/2089 606/948/2089 607/924/2089
f 604/926/2090 608/2852/2090 607/927/2090
f 605/929/2091 609/954/2091 607/930/2091
f 610/932/2092 613/955/2092 614/933/2092
f 611/935/2093 615/952/2093 614/936/2093
f 612/938/2094 616/951/2094 614/939/2094
f 561/869/2095 567/871/2095 578/941/2095
f 567/942/2096 563/875/2096 576/890/2096
f 568/878/2097 574/880/2097 566/943/2097
f 574/944/2098 570/884/2098 563/875/2098
f 582/896/2099 588/898/2099 573/945/2099
f 588/946/570 584/902/570 570/884/570
f 577/893/2100 580/895/2100 587/947/2100
f 587/904/2101 580/2849/2101 576/890/2101
f 575/887/2102 581/889/2102 606/948/2102
f 581/949/2103 577/893/2103 604/926/2103
f 610/932/575 616/934/575 585/950/575
f 616/951/576 612/938/576 583/899/576
f 605/929/577 608/931/577 615/952/577
f 615/940/2104 608/2852/2104 604/926/2104
f 603/923/2105 609/925/2105 592/953/2105
f 609/954/2106 605/929/2106 590/908/2106
f 610/932/2107 596/914/2107 602/916/2107
f 613/937/2108 602/2851/2108 598/920/2108
f 591/911/2109 594/913/2109 601/956/2109
f 594/957/584 590/908/584 598/920/584
f 561/869/585 589/905/585 595/907/585
f 564/874/2110 595/2850/2110 591/911/2110
f 569/881/2111 571/883/2111 599/959/2111
f 599/919/2112 571/2848/2112 568/878/2112
f 603/923/589 589/905/589 561/869/589
f 570/884/590 584/902/590 576/890/590
f 591/911/591 597/917/591 568/878/591
f 582/896/592 569/881/592 596/914/592
f 583/899/593 612/938/593 604/926/593
f 611/935/594 598/920/594 590/908/594
f 617/960/2113 620/1048/2113 621/961/2113
f 618/963/2114 622/1033/2114 621/964/2114
f 619/966/2115 623/2853/2115 621/967/2115
f 624/969/2116 627/1050/2116 628/970/2116
f 625/972/2117 629/1035/2117 628/973/2117
f 626/975/2118 630/1034/2118 628/976/2118
f 631/978/2119 634/1032/2119 635/979/2119
f 632/981/2120 636/1037/2120 635/982/2120
f 633/984/2121 637/1039/2121 635/985/2121
f 638/987/2122 641/1040/2122 642/988/2122
f 639/990/2123 643/1036/2123 642/991/2123
f 640/993/2124 644/2854/2124 642/994/2124
f 645/996/2125 648/1044/2125 649/997/2125
f 646/999/2126 650/1047/2126 649/1000/2126
f 647/1002/2127 651/2855/2127 649/1003/2127
f 652/1005/2128 655/1049/2128 656/1006/2128
f 653/1008/2129 657/1046/2129 656/1009/2129
f 654/1011/2130 658/2856/2130 656/1012/2130
f 659/1014/2131 662/1038/2131 663/1015/2131
f 660/1017/2132 664/1043/2132 663/1018/2132
f 661/1020/2133 665/2857/2133 663/1021/2133
f 666/1023/2134 669/1045/2134 670/1024/2134
f 667/1026/2135 671/1042/2135 670/1027/2135
f 668/1029/2136 672/1041/2136 670/1030/2136
f 631/978/2137 617/960/2137 623/962/2137
f 634/983/620 623/2853/620 619/966/620
f 618/963/2138 624/969/2138 630/971/2138
f 630/1034/622 626/975/622 619/966/622
f 625/972/2139 638/987/2139 644/989/2139
f 629/977/2140 644/2854/2140 640/993/2140
f 633/984/2141 636/986/2141 643/1036/2141
f 636/1037/626 632/981/626 640/993/626
f 659/1014/2142 631/978/2142 637/980/2142
f 637/1039/628 633/984/628 660/1017/628
f 638/987/629 666/1023/629 672/1025/629
f 672/1041/2143 668/1029/2143 639/990/2143
f 661/1020/2144 664/1022/2144 671/1042/2144
f 664/1043/632 660/1017/632 668/1029/632
f 659/1014/2145 665/1016/2145 648/1044/2145
f 648/1001/2146 665/2857/2146 661/1020/2146
f 666/1023/2147 652/1005/2147 658/1007/2147
f 669/1028/636 658/2856/636 654/1011/636
f 647/1002/637 650/1004/637 657/1046/637
f 650/1047/2148 646/999/2148 654/1011/2148
f 617/960/639 645/996/639 651/998/639
f 620/965/2149 651/2855/2149 647/1002/2149
f 625/972/2150 627/974/2150 655/1049/2150
f 627/1050/2151 624/969/2151 653/1008/2151
f 659/1014/643 645/996/643 617/960/643
f 619/966/644 626/975/644 640/993/644
f 647/1002/645 653/1008/645 624/969/645
f 638/987/646 625/972/646 652/1005/646
f 639/990/647 668/1029/647 660/1017/647
f 667/1026/648 654/1011/648 646/999/648
f 673/1051/2152 676/1134/2152 677/1052/2152
f 674/1054/2153 678/1058/2153 677/1055/2153
f 675/1057/2154 679/2858/2154 677/1055/2154
f 680/1059/2155 683/1139/2155 684/1060/2155
f 681/1062/2156 685/1123/2156 684/1063/2156
f 682/1065/2157 686/2859/2157 684/1066/2157
f 687/1068/2158 690/1119/2158 691/1069/2158
f 688/1071/2159 692/1075/2159 691/1072/2159
f 689/1074/2160 693/2860/2160 691/1072/2160
f 694/1076/2161 697/1127/2161 698/1077/2161
f 695/1079/2162 699/1124/2162 698/1080/2162
f 696/1082/2163 700/2861/2163 698/1083/2163
f 701/1085/2164 704/1130/2164 705/1086/2164
f 702/1088/2165 706/2862/2165 705/1089/2165
f 703/1091/2166 707/1135/2166 705/1092/2166
f 708/1094/2167 711/1138/2167 712/1095/2167
f 709/1097/2168 713/1101/2168 712/1098/2168
f 710/1100/2169 714/2863/2169 712/1098/2169
f 715/1102/2170 718/1126/2170 719/1103/2170
f 716/1105/2171 720/2864/2171 719/1106/2171
f 717/1108/2172 721/1131/2172 719/1109/2172
f 722/1111/2173 725/1132/2173 726/1112/2173
f 723/1114/2174 727/1118/2174 726/1115/2174
f 724/1117/2175 728/2865/2175 726/1115/2175
f 673/1051/2176 679/1053/2176 690/1119/2176
f 690/1120/2177 679/2858/2177 675/1057/2177
f 680/1122/2178 686/2859/2178 678/1058/2178
f 678/1058/676 686/2859/676 682/1065/676
f 694/1076/2179 700/1078/2179 685/1123/2179
f 685/1067/2180 700/2861/2180 696/1082/2180
f 689/1074/679 692/1075/679 699/1124/679
f 692/1075/680 688/1071/680 696/1125/680
f 687/1068/2181 693/1070/2181 718/1126/2181
f 718/1107/2182 693/2860/2182 689/1074/2182
f 694/1076/2183 722/1111/2183 728/1113/2183
f 697/1081/2184 728/2866/2184 724/1128/2184
f 723/1114/685 717/1108/685 720/1110/685
f 727/1118/2185 720/1110/2185 716/1129/2185
f 715/1102/687 721/1104/687 704/1130/687
f 721/1131/2186 717/1108/2186 702/1088/2186
f 722/1111/2187 708/1094/2187 714/1096/2187
f 725/1116/2188 714/2867/2188 710/1133/2188
f 703/1091/2189 706/1093/2189 713/1101/2189
f 706/1093/2190 702/2868/2190 710/1100/2190
f 673/1051/2191 701/1085/2191 707/1087/2191
f 707/1135/694 703/1091/694 674/1136/694
f 681/1062/2192 683/1064/2192 711/1138/2192
f 683/1139/2193 680/1059/2193 709/1097/2193
f 715/1102/697 701/1085/697 673/1051/697
f 682/1065/698 696/1082/698 688/1121/698
f 709/1097/699 680/1059/699 674/1136/699
f 694/1076/700 681/1062/700 708/1094/700
f 695/1079/701 724/1128/701 716/1105/701
f 723/1114/702 710/1133/702 702/1088/702
f 729/1140/2194 732/1230/2194 733/1141/2194
f 730/1143/2195 734/1213/2195 733/1144/2195
f 731/1146/2196 735/2869/2196 733/1147/2196
f 736/1149/2197 739/1233/2197 740/1150/2197
f 737/1152/2198 741/1215/2198 740/1153/2198
f 738/1155/2199 742/1214/2199 740/1156/2199
f 743/1158/2200 746/1212/2200 747/1159/2200
f 744/1161/2201 748/1218/2201 747/1162/2201
f 745/1164/2202 749/1220/2202 747/1165/2202
f 750/1167/2203 753/1221/2203 754/1168/2203
f 751/1170/2204 755/1217/2204 754/1171/2204
f 752/1173/2205 756/1216/2205 754/1174/2205
f 757/1176/2206 760/1224/2206 761/1177/2206
f 758/1179/2207 762/1229/2207 761/1180/2207
f 759/1182/2208 763/1231/2208 761/1183/2208
f 764/1185/2209 767/1232/2209 768/1186/2209
f 765/1188/2210 769/1228/2210 768/1189/2210
f 766/1191/2211 770/1227/2211 768/1192/2211
f 771/1194/2212 774/1219/2212 775/1195/2212
f 772/1197/2213 776/1223/2213 775/1198/2213
f 773/1200/2214 777/1225/2214 775/1201/2214
f 778/1203/2215 781/1226/2215 782/1204/2215
f 779/1206/2216 783/1222/2216 782/1207/2216
f 780/1209/2217 784/2870/2217 782/1210/2217
f 743/1158/2218 729/1140/2218 735/1142/2218
f 746/1163/2219 735/2869/2219 731/1146/2219
f 730/1143/729 736/1149/729 742/1151/729
f 742/1214/2220 738/1155/2220 731/1146/2220
f 737/1152/2221 750/1167/2221 756/1169/2221
f 756/1216/2222 752/1173/2222 738/1155/2222
f 751/1170/2223 745/1164/2223 748/1166/2223
f 748/1218/734 744/1161/734 752/1173/734
f 743/1158/2224 749/1160/2224 774/1219/2224
f 749/1220/2225 745/1164/2225 772/1197/2225
f 778/1203/737 784/1205/737 753/1221/737
f 753/1172/2226 784/2870/2226 780/1209/2226
f 773/1200/739 776/1202/739 783/1222/739
f 776/1223/740 772/1197/740 780/1209/740
f 757/1176/2227 771/1194/2227 777/1196/2227
f 777/1225/2228 773/1200/2228 758/1179/2228
f 764/1185/2229 770/1187/2229 781/1226/2229
f 770/1227/2230 766/1191/2230 779/1206/2230
f 759/1182/745 762/1184/745 769/1228/745
f 762/1229/2231 758/1179/2231 766/1191/2231
f 729/1140/2232 757/1176/2232 763/1178/2232
f 763/1231/2233 759/1182/2233 730/1143/2233
f 764/1185/2234 737/1152/2234 739/1154/2234
f 739/1233/750 736/1149/750 765/1188/750
f 743/1158/751 771/1194/751 757/1176/751
f 738/1155/752 752/1173/752 744/1161/752
f 765/1188/753 736/1149/753 730/1143/753
f 778/1203/754 750/1167/754 737/1152/754
f 751/1170/755 780/1209/755 772/1197/755
f 779/1206/756 766/1191/756 758/1179/756
usemtl wood
f 785/1234/757 789/1235/757 791/1236/757
f 786/1237/758 789/1235/758 788/1238/758
f 791/1236/759 790/1239/759 787/1240/759
f 792/1241/760 796/1242/760 798/1243/760
f 793/1244/761 796/1242/761 795/1245/761
f 798/1243/762 797/1246/762 794/1247/762
f 799/1248/763 803/1249/763 805/1250/763
f 804/1251/764 802/1252/764 800/1253/764
f 801/1254/765 803/1249/765 804/1251/765
f 806/1255/766 810/1256/766 812/1257/766
f 807/1258/767 810/1256/767 809/1259/767
f 812/1257/768 811/1260/768 808/1261/768
f 813/1262/769 817/1263/769 819/1264/769
f 818/1265/770 816/1266/770 814/1267/770
f 815/1268/771 817/1263/771 818/1265/771
f 820/1269/772 824/1270/772 826/1271/772
f 821/1272/773 824/1270/773 823/1273/773
f 826/1271/774 825/1274/774 822/1275/774
f 827/1276/775 831/1277/775 833/1278/775
f 828/1279/776 831/1277/776 830/1280/776
f 833/1278/777 832/1281/777 829/1282/777
f 834/1283/778 838/1284/778 840/1285/778
f 839/1286/779 837/1287/779 835/1288/779
f 836/1289/780 838/1284/780 839/1286/780
f 785/1290/781 802/1291/781 799/1292/781
f 791/1293/782 800/1294/782 802/1295/782
f 792/1241/783 790/1239/783 786/1237/783
f 798/1243/784 787/1240/784 790/1239/784
f 793/1296/785 812/1297/785 797/1298/785
f 812/1299/786 794/1300/786 797/1301/786
f 801/1254/787 811/1260/787 807/1258/787
f 804/1251/788 808/1261/788 811/1260/788
f 827/1276/789 805/1250/789 830/1280/789
f 805/1250/790 828/1279/790 830/1280/790
f 834/1283/791 809/1259/791 806/1255/791
f 840/1285/792 807/1258/792 809/1259/792
f 829/1282/793 839/1286/793 835/1288/793
f 832/1281/794 836/1289/794 839/1286/794
f 813/1302/795 833/1303/795 816/1304/795
f 816/1305/796 829/1306/796 814/1307/796
f 820/1308/797 837/1309/797 834/1310/797
f 826/1311/798 835/1312/798 837/1313/798
f 815/1268/799 825/1274/799 821/1272/799
f 818/1265/800 822/1275/800 825/1274/800
f 813/1262/801 788/1238/801 785/1234/801
f 819/1264/802 786/1237/802 788/1238/802
f 793/1244/803 823/1273/803 820/1269/803
f 823/1273/804 792/1241/804 821/1272/804
f 799/1292/805 813/1302/805 785/1290/805
f 794/1300/806 800/1294/806 787/1314/806
f 815/1268/807 792/1241/807 786/1237/807
f 806/1315/808 820/1308/808 834/1310/808
f 807/1258/809 828/1279/809 801/1254/809
f 829/1306/810 822/1316/810 814/1307/810
f 841/1317/811 845/1318/811 847/1319/811
f 842/1320/812 845/1318/812 844/1321/812
f 847/1319/813 846/1322/813 843/1323/813
f 848/1324/814 852/1325/814 854/1326/814
f 849/1327/815 852/1325/815 851/1328/815
f 854/1326/816 853/1329/816 850/1330/816
f 855/1331/817 859/1332/817 861/1333/817
f 860/1334/818 858/1335/818 856/1336/818
f 857/1337/819 859/1332/819 860/1334/819
f 862/1338/820 866/1339/820 868/1340/820
f 863/1341/821 866/1339/821 865/1342/821
f 868/1340/822 867/1343/822 864/1344/822
f 869/1345/823 873/1346/823 875/1347/823
f 874/1348/824 872/1349/824 870/1350/824
f 871/1351/825 873/1346/825 874/1348/825
f 876/1352/826 880/1353/826 882/1354/826
f 877/1355/827 880/1353/827 879/1356/827
f 882/1354/828 881/1357/828 878/1358/828
f 883/1359/829 887/1360/829 889/1361/829
f 884/1362/830 887/1360/830 886/1363/830
f 889/1361/831 888/1364/831 885/1365/831
f 890/1366/832 894/1367/832 896/1368/832
f 895/1369/833 893/1370/833 891/1371/833
f 892/1372/834 894/1367/834 895/1369/834
f 841/1373/835 858/1374/835 855/1375/835
f 858/1376/836 843/1377/836 856/1378/836
f 848/1324/837 846/1322/837 842/1320/837
f 854/1326/838 843/1323/838 846/1322/838
f 862/1379/839 853/1380/839 849/1381/839
f 853/1382/840 864/1383/840 850/1384/840
f 857/1337/841 867/1343/841 863/1341/841
f 860/1334/842 864/1344/842 867/1343/842
f 883/1359/843 861/1333/843 886/1363/843
f 861/1333/844 884/1362/844 886/1363/844
f 862/1338/845 896/1368/845 865/1342/845
f 865/1342/846 892/1372/846 863/1341/846
f 885/1365/847 895/1369/847 891/1371/847
f 895/1369/848 884/1362/848 892/1372/848
f 883/1385/849 872/1386/849 869/1387/849
f 872/1388/850 885/1389/850 870/1390/850
f 876/1391/851 893/1392/851 890/1393/851
f 893/1394/852 878/1395/852 891/1396/852
f 871/1351/853 881/1357/853 877/1355/853
f 874/1348/854 878/1358/854 881/1357/854
f 869/1345/855 844/1321/855 841/1317/855
f 875/1347/856 842/1320/856 844/1321/856
f 876/1352/857 851/1328/857 879/1356/857
f 851/1328/858 877/1355/858 879/1356/858
f 855/1375/859 869/1387/859 841/1373/859
f 850/1384/860 856/1378/860 843/1377/860
f 871/1351/861 848/1324/861 842/1320/861
f 862/1379/862 876/1391/862 890/1393/862
f 857/1337/863 892/1372/863 884/1362/863
f 885/1389/864 878/1395/864 870/1390/864
f 897/1397/865 901/1398/865 903/1399/865
f 902/1400/866 900/1401/866 898/1402/866
f 899/1403/867 901/1398/867 902/1400/867
f 907/1404/868 910/1405/868 904/1406/868
f 905/1407/869 908/1408/869 907/1404/869
f 906/1409/870 908/1408/870 909/1410/870
f 911/1411/871 915/1412/871 917/1413/871
f 912/1414/872 915/1412/872 914/1415/872
f 917/1413/873 916/1416/873 913/1417/873
f 918/1418/874 922/1419/874 924/1420/874
f 923/1421/875 921/1422/875 919/1423/875
f 920/1424/876 922/1419/876 923/1421/876
f 925/1425/877 929/1426/877 931/1427/877
f 926/1428/878 929/1426/878 928/1429/878
f 931/1427/879 930/1430/879 927/1431/879
f 932/1432/880 936/1433/880 938/1434/880
f 937/1435/881 935/1436/881 933/1437/881
f 934/1438/882 936/1433/882 937/1435/882
f 939/1439/883 943/1440/883 945/1441/883
f 944/1442/884 942/1443/884 940/1444/884
f 941/1445/885 943/1440/885 944/1442/885
f 946/1446/886 950/1447/886 952/1448/886
f 947/1449/887 950/1447/887 949/1450/887
f 952/1448/888 951/1451/888 948/1452/888
f 897/1397/889 914/1415/889 911/1411/889
f 914/1415/890 899/1403/890 912/1414/890
f 904/1406/891 902/1400/891 898/1402/891
f 910/1405/892 899/1403/892 902/1400/892
f 918/1418/893 909/1410/893 905/1407/893
f 909/1410/894 920/1424/894 906/1409/894
f 913/1417/895 923/1421/895 919/1423/895
f 916/1416/896 920/1424/896 923/1421/896
f 939/1453/897 917/1454/897 942/1455/897
f 917/1456/898 940/1457/898 942/1458/898
f 946/1459/899 921/1460/899 918/1461/899
f 921/1462/900 948/1463/900 919/1464/900
f 941/1445/901 951/1451/901 947/1449/901
f 944/1442/902 948/1452/902 951/1451/902
f 939/1439/903 928/1429/903 925/1425/903
f 945/1441/904 926/1428/904 928/1429/904
f 932/1432/905 949/1450/905 946/1446/905
f 938/1434/906 947/1449/906 949/1450/906
f 933/1437/907 930/1430/907 937/1435/907
f 937/1435/908 926/1428/908 934/1438/908
f 897/1465/909 931/1466/909 900/1467/909
f 900/1468/910 927/1469/910 898/1470/910
f 905/1471/911 935/1472/911 932/1473/911
f 935/1474/912 904/1475/912 933/1476/912
f 939/1453/913 897/1465/913 911/1477/913
f 906/1409/914 912/1414/914 899/1403/914
f 933/1476/915 898/1470/915 927/1469/915
f 918/1461/916 932/1473/916 946/1459/916
f 919/1464/917 940/1457/917 913/1478/917
f 947/1449/918 926/1428/918 941/1445/918
f 953/1479/919 957/1480/919 959/1481/919
f 958/1482/920 956/1483/920 954/1484/920
f 955/1485/921 957/1480/921 958/1482/921
f 963/1486/922 966/1487/922 960/1488/922
f 961/1489/923 964/1490/923 963/1486/923
f 962/1491/924 964/1490/924 965/1492/924
f 967/1493/925 971/1494/925 973/1495/925
f 968/1496/926 971/1494/926 970/1497/926
f 973/1495/927 972/1498/927 969/1499/927
f 974/1500/928 978/1501/928 980/1502/928
f 979/1503/929 977/1504/929 975/1505/929
f 976/1506/930 978/1501/930 979/1503/930
f 981/1507/931 985/1508/931 987/1509/931
f 982/1510/932 985/1508/932 984/1511/932
f 987/1509/933 986/1512/933 983/1513/933
f 988/1514/934 992/1515/934 994/1516/934
f 993/1517/935 991/1518/935 989/1519/935
f 990/1520/936 992/1515/936 993/1517/936
f 995/1521/937 999/1522/937 1001/1523/937
f 1000/1524/938 998/1525/938 996/1526/938
f 997/1527/939 999/1522/939 1000/1524/939
f 1002/1528/940 1006/1529/940 1008/1530/940
f 1003/1531/941 1006/1529/941 1005/1532/941
f 1008/1530/942 1007/1533/942 1004/1534/942
f 953/1479/943 970/1497/943 967/1493/943
f 959/1481/944 968/1496/944 970/1497/944
f 960/1488/945 958/1482/945 954/1484/945
f 958/1482/946 962/1491/946 955/1485/946
f 961/1489/947 980/1502/947 965/1492/947
f 980/1502/948 962/1491/948 965/1492/948
f 969/1499/949 979/1503/949 975/1505/949
f 972/1498/950 976/1506/950 979/1503/950
f 967/1535/951 998/1536/951 995/1537/951
f 998/1538/952 969/1539/952 996/1540/952
f 974/1541/953 1008/1542/953 977/1543/953
f 1008/1544/954 975/1545/954 977/1546/954
f 997/1527/955 1007/1533/955 1003/1531/955
f 1007/1533/956 996/1526/956 1004/1534/956
f 981/1507/957 1001/1523/957 984/1511/957
f 984/1511/958 997/1527/958 982/1510/958
f 988/1514/959 1005/1532/959 1002/1528/959
f 1005/1532/960 990/1520/960 1003/1531/960
f 989/1519/961 986/1512/961 993/1517/961
f 986/1512/962 990/1520/962 993/1517/962
f 953/1547/963 987/1548/963 956/1549/963
f 987/1550/964 954/1551/964 956/1552/964
f 961/1553/965 991/1554/965 988/1555/965
f 963/1556/966 989/1557/966 991/1558/966
f 967/1535/967 981/1559/967 953/1547/967
f 955/1485/968 976/1506/968 968/1496/968
f 989/1557/969 954/1551/969 983/1560/969
f 1002/1561/970 961/1553/970 988/1555/970
f 975/1545/971 996/1540/971 969/1539/971
f 1003/1531/972 982/1510/972 997/1527/972
f 1009/1562/973 1013/1563/973 1015/1564/973
f 1014/1565/974 1012/1566/974 1010/1567/974
f 1011/1568/975 1013/1563/975 1014/1565/975
f 1019/1569/976 1022/1570/976 1016/1571/976
f 1017/1572/977 1020/1573/977 1019/1569/977
f 1018/1574/978 1020/1573/978 1021/1575/978
f 1023/1576/979 1027/1577/979 1029/1578/979
f 1024/1579/980 1027/1577/980 1026/1580/980
f 1029/1578/981 1028/1581/981 1025/1582/981
f 1030/1583/982 1034/1584/982 1036/1585/982
f 1035/1586/983 1033/1587/983 1031/1588/983
f 1032/1589/984 1034/1584/984 1035/1586/984
f 1037/1590/985 1041/1591/985 1043/1592/985
f 1038/1593/986 1041/1591/986 1040/1594/986
f 1043/1592/987 1042/1595/987 1039/1596/987
f 1044/1597/988 1048/1598/988 1050/1599/988
f 1049/1600/989 1047/1601/989 1045/1602/989
f 1046/1603/990 1048/1598/990 1049/1600/990
f 1051/1604/991 1055/1605/991 1057/1606/991
f 1056/1607/992 1054/1608/992 1052/1609/992
f 1053/1610/993 1055/1605/993 1056/1607/993
f 1058/1611/994 1062/1612/994 1064/1613/994
f 1059/1614/995 1062/1612/995 1061/1615/995
f 1064/1613/996 1063/1616/996 1060/1617/996
f 1009/1562/997 1026/1580/997 1023/1576/997
f 1015/1564/998 1024/1579/998 1026/1580/998
f 1010/1618/999 1022/1619/999 1014/1620/999
f 1022/1621/1000 1011/1622/1000 1014/1623/1000
f 1030/1583/1001 1021/1575/1001 1017/1572/1001
f 1021/1575/1002 1032/1589/1002 1018/1574/1002
f 1031/1624/1003 1028/1625/1003 1035/1626/1003
f 1028/1627/1004 1032/1628/1004 1035/1629/1004
f 1051/1604/1005 1029/1578/1005 1054/1608/1005
f 1029/1578/1006 1052/1609/1006 1054/1608/1006
f 1030/1583/1007 1064/1613/1007 1033/1587/1007
f 1064/1613/1008 1031/1588/1008 1033/1587/1008
f 1053/1630/1009 1063/1631/1009 1059/1632/1009
f 1056/1633/1010 1060/1634/1010 1063/1635/1010
f 1051/1604/1011 1040/1594/1011 1037/1590/1011
f 1057/1606/1012 1038/1593/1012 1040/1594/1012
f 1058/1611/1013 1050/1599/1013 1061/1615/1013
f 1050/1599/1014 1059/1614/1014 1061/1615/1014
f 1039/1636/1015 1049/1637/1015 1045/1638/1015
f 1049/1639/1016 1038/1640/1016 1046/1641/1016
f 1037/1590/1017 1012/1566/1017 1009/1562/1017
f 1043/1592/1018 1010/1567/1018 1012/1566/1018
f 1044/1597/1019 1019/1569/1019 1047/1601/1019
f 1047/1601/1020 1016/1571/1020 1045/1602/1020
f 1023/1576/1021 1037/1590/1021 1009/1562/1021
f 1011/1622/1022 1032/1628/1022 1024/1642/1022
f 1045/1638/1023 1010/1618/1023 1039/1636/1023
f 1058/1611/1024 1017/1572/1024 1044/1597/1024
f 1031/1624/1025 1052/1643/1025 1025/1644/1025
f 1059/1632/1026 1038/1640/1026 1053/1630/1026
f 1625/2524/1567 1629/2525/1567 1631/2526/1567
f 1626/2527/1568 1629/2525/1568 1628/2528/1568
f 1631/2526/1569 1630/2529/1569 1627/2530/1569
f 1632/2531/1570 1636/2532/1570 1638/2533/1570
f 1633/2534/1571 1636/2532/1571 1635/2535/1571
f 1638/2533/1572 1637/2536/1572 1634/2537/1572
f 1639/2538/1573 1643/2539/1573 1645/2540/1573
f 1644/2541/1574 1642/2542/1574 1640/2543/1574
f 1641/2544/1575 1643/2539/1575 1644/2541/1575
f 1646/2545/1576 1650/2546/1576 1652/2547/1576
f 1647/2548/1577 1650/2546/1577 1649/2549/1577
f 1652/2547/1578 1651/2550/1578 1648/2551/1578
f 1653/2552/1579 1657/2553/1579 1659/2554/1579
f 1658/2555/1580 1656/2556/1580 1654/2557/1580
f 1655/2558/1581 1657/2553/1581 1658/2555/1581
f 1660/2559/1582 1664/2560/1582 1666/2561/1582
f 1661/2562/1583 1664/2560/1583 1663/2563/1583
f 1666/2561/1584 1665/2564/1584 1662/2565/1584
f 1667/2566/1585 1671/2567/1585 1673/2568/1585
f 1668/2569/1586 1671/2567/1586 1670/2570/1586
f 1673/2568/1587 1672/2571/1587 1669/2572/1587
f 1674/2573/1588 1678/2574/1588 1680/2575/1588
f 1679/2576/1589 1677/2577/1589 1675/2578/1589
f 1676/2579/1590 1678/2574/1590 1679/2576/1590
f 1625/2524/1591 1642/2542/1591 1639/2538/1591
f 1631/2526/1592 1640/2543/1592 1642/2542/1592
f 1632/2580/1593 1630/2581/1593 1626/2582/1593
f 1630/2583/1594 1634/2584/1594 1627/2585/1594
f 1646/2545/1595 1637/2536/1595 1633/2534/1595
f 1637/2536/1596 1648/2551/1596 1634/2537/1596
f 1641/2586/1597 1651/2587/1597 1647/2588/1597
f 1644/2589/1598 1648/2590/1598 1651/2591/1598
f 1639/2538/1599 1670/2570/1599 1667/2566/1599
f 1645/2540/1600 1668/2569/1600 1670/2570/1600
f 1646/2545/1601 1680/2575/1601 1649/2549/1601
f 1649/2549/1602 1676/2579/1602 1647/2548/1602
f 1669/2592/1603 1679/2593/1603 1675/2594/1603
f 1672/2595/1604 1676/2596/1604 1679/2597/1604
f 1653/2552/1605 1673/2568/1605 1656/2556/1605
f 1673/2568/1606 1654/2557/1606 1656/2556/1606
f 1660/2559/1607 1677/2577/1607 1674/2573/1607
f 1666/2561/1608 1675/2578/1608 1677/2577/1608
f 1655/2598/1609 1665/2599/1609 1661/2600/1609
f 1658/2601/1610 1662/2602/1610 1665/2603/1610
f 1625/2524/1611 1659/2554/1611 1628/2528/1611
f 1628/2528/1612 1655/2558/1612 1626/2527/1612
f 1633/2534/1613 1663/2563/1613 1660/2559/1613
f 1635/2535/1614 1661/2562/1614 1663/2563/1614
f 1667/2566/1615 1625/2524/1615 1639/2538/1615
f 1634/2584/1616 1640/2604/1616 1627/2585/1616
f 1661/2600/1617 1626/2582/1617 1655/2598/1617
f 1646/2545/1618 1660/2559/1618 1674/2573/1618
f 1647/2588/1619 1668/2605/1619 1641/2586/1619
f 1669/2592/1620 1662/2602/1620 1654/2606/1620
f 1681/2607/1621 1685/2608/1621 1687/2609/1621
f 1686/2610/1622 1684/2611/1622 1682/2612/1622
f 1683/2613/1623 1685/2614/1623 1686/2610/1623
f 1691/2615/1624 1694/2616/1624 1688/2617/1624
f 1689/2618/1625 1692/2619/1625 1691/2620/1625
f 1690/2621/1626 1692/2622/1626 1693/2623/1626
f 1695/2624/1627 1699/2625/1627 1701/2626/1627
f 1696/2627/1628 1699/2628/1628 1698/2629/1628
f 1701/2630/1629 1700/2631/1629 1697/2632/1629
f 1702/2633/1630 1706/2634/1630 1708/2635/1630
f 1707/2636/1631 1705/2637/1631 1703/2638/1631
f 1704/2639/1632 1706/2640/1632 1707/2636/1632
f 1709/2641/1633 1713/2642/1633 1715/2643/1633
f 1710/2644/1634 1713/2645/1634 1712/2646/1634
f 1715/2647/1635 1714/2648/1635 1711/2649/1635
f 1716/2650/1636 1720/2651/1636 1722/2652/1636
f 1721/2653/1637 1719/2654/1637 1717/2655/1637
f 1718/2656/1638 1720/2657/1638 1721/2653/1638
f 1723/2658/1639 1727/2659/1639 1729/2660/1639
f 1728/2661/1640 1726/2662/1640 1724/2663/1640
f 1725/2664/1641 1727/2665/1641 1728/2661/1641
f 1730/2666/1642 1734/2667/1642 1736/2668/1642
f 1731/2669/1643 1734/2670/1643 1733/2671/1643
f 1736/2672/1644 1735/2673/1644 1732/2674/1644
f 1681/2607/1645 1698/2675/1645 1695/2624/1645
f 1698/2629/1646 1683/2613/1646 1696/2627/1646
f 1688/2617/1647 1686/2610/1647 1682/2612/1647
f 1686/2610/1648 1690/2621/1648 1683/2613/1648
f 1702/2633/1649 1693/2676/1649 1689/2618/1649
f 1693/2623/1650 1704/2639/1650 1690/2621/1650
f 1697/2632/1651 1707/2636/1651 1703/2638/1651
f 1700/2631/1652 1704/2639/1652 1707/2636/1652
f 1695/2624/1653 1726/2677/1653 1723/2658/1653
f 1726/2677/1654 1697/2678/1654 1724/2679/1654
f 1702/2633/1655 1736/2668/1655 1705/2680/1655
f 1705/2680/1656 1732/2681/1656 1703/2682/1656
f 1725/2664/1657 1735/2673/1657 1731/2669/1657
f 1728/2661/1658 1732/2674/1658 1735/2673/1658
f 1709/2641/1659 1729/2660/1659 1712/2683/1659
f 1729/2684/1660 1710/2644/1660 1712/2646/1660
f 1716/2650/1661 1733/2685/1661 1730/2666/1661
f 1733/2671/1662 1718/2656/1662 1731/2669/1662
f 1717/2655/1663 1714/2648/1663 1721/2653/1663
f 1714/2648/1664 1718/2656/1664 1721/2653/1664
f 1709/2641/1665 1684/2686/1665 1681/2607/1665
f 1715/2643/1666 1682/2687/1666 1684/2686/1666
f 1689/2618/1667 1719/2688/1667 1716/2650/1667
f 1691/2620/1668 1717/2689/1668 1719/2688/1668
f 1695/2624/1669 1709/2641/1669 1681/2607/1669
f 1690/2621/1670 1696/2627/1670 1683/2613/1670
f 1717/2690/1671 1682/2691/1671 1711/2692/1671
f 1702/2633/1672 1716/2650/1672 1730/2666/1672
f 1697/2693/1673 1732/2694/1673 1724/2695/1673
f 1725/2664/1674 1718/2656/1674 1710/2644/1674
f 1737/2696/1675 1741/2697/1675 1743/2698/1675
f 1742/2699/1676 1740/2700/1676 1738/2701/1676
f 1739/2702/1677 1741/2703/1677 1742/2699/1677
f 1747/2704/1678 1750/2705/1678 1744/2706/1678
f 1745/2707/1679 1748/2708/1679 1747/2709/1679
f 1746/2710/1680 1748/2711/1680 1749/2712/1680
f 1751/2713/1681 1755/2714/1681 1757/2715/1681
f 1752/2716/1682 1755/2717/1682 1754/2718/1682
f 1757/2719/1683 1756/2720/1683 1753/2721/1683
f 1758/2722/1684 1762/2723/1684 1764/2724/1684
f 1763/2725/1685 1761/2726/1685 1759/2727/1685
f 1760/2728/1686 1762/2729/1686 1763/2725/1686
f 1765/2730/1687 1769/2731/1687 1771/2732/1687
f 1766/2733/1688 1769/2734/1688 1768/2735/1688
f 1771/2736/1689 1770/2737/1689 1767/2738/1689
f 1772/2739/1690 1776/2740/1690 1778/2741/1690
f 1777/2742/1691 1775/2743/1691 1773/2744/1691
f 1774/2745/1692 1776/2746/1692 1777/2742/1692
f 1779/2747/1693 1783/2748/1693 1785/2749/1693
f 1784/2750/1694 1782/2751/1694 1780/2752/1694
f 1781/2753/1695 1783/2754/1695 1784/2750/1695
f 1786/2755/1696 1790/2756/1696 1792/2757/1696
f 1787/2758/1697 1790/2759/1697 1789/2760/1697
f 1792/2761/1698 1791/2762/1698 1788/2763/1698
f 1751/2713/1699 1743/2698/1699 1754/2764/1699
f 1754/2718/1700 1739/2702/1700 1752/2716/1700
f 1744/2706/1701 1742/2699/1701 1738/2701/1701
f 1750/2705/1702 1739/2702/1702 1742/2699/1702
f 1758/2722/1703 1749/2765/1703 1745/2707/1703
f 1764/2766/1704 1746/2710/1704 1749/2712/1704
f 1753/2721/1705 1763/2725/1705 1759/2727/1705
f 1756/2720/1706 1760/2728/1706 1763/2725/1706
f 1751/2713/1707 1782/2767/1707 1779/2747/1707
f 1757/2715/1708 1780/2768/1708 1782/2767/1708
f 1758/2722/1709 1792/2757/1709 1761/2769/1709
f 1761/2769/1710 1788/2770/1710 1759/2771/1710
f 1787/2758/1711 1784/2750/1711 1791/2762/1711
f 1784/2750/1712 1788/2763/1712 1791/2762/1712
f 1765/2730/1713 1785/2749/1713 1768/2772/1713
f 1785/2773/1714 1766/2733/1714 1768/2735/1714
f 1772/2739/1715 1789/2774/1715 1786/2755/1715
f 1778/2775/1716 1787/2758/1716 1789/2760/1716
f 1767/2738/1717 1777/2742/1717 1773/2744/1717
f 1770/2737/1718 1774/2745/1718 1777/2742/1718
f 1765/2730/1719 1740/2776/1719 1737/2696/1719
f 1740/2776/1720 1767/2777/1720 1738/2778/1720
f 1745/2707/1721 1775/2779/1721 1772/2739/1721
f 1775/2779/1722 1744/2780/1722 1773/2781/1722
f 1751/2713/1723 1765/2730/1723 1737/2696/1723
f 1746/2710/1724 1752/2716/1724 1739/2702/1724
f 1773/2782/1725 1738/2783/1725 1767/2784/1725
f 1758/2722/1726 1772/2739/1726 1786/2755/1726
f 1753/2785/1727 1788/2786/1727 1780/2787/1727
f 1781/2753/1728 1774/2745/1728 1766/2733/1728
f 785/1234/2235 788/1238/2235 789/1235/2235
f 786/1237/2236 790/1239/2236 789/1235/2236
f 791/1236/2237 789/1235/2237 790/1239/2237
f 792/1241/2238 795/1245/2238 796/1242/2238
f 793/1244/2239 797/1246/2239 796/1242/2239
f 798/1243/2240 796/1242/2240 797/1246/2240
f 799/1248/2241 802/1252/2241 803/1249/2241
f 804/1251/2242 803/1249/2242 802/1252/2242
f 801/1254/2243 805/1250/2243 803/1249/2243
f 806/1255/2244 809/1259/2244 810/1256/2244
f 807/1258/2245 811/1260/2245 810/1256/2245
f 812/1257/2246 810/1256/2246 811/1260/2246
f 813/1262/2247 816/1266/2247 817/1263/2247
f 818/1265/2248 817/1263/2248 816/1266/2248
f 815/1268/2249 819/1264/2249 817/1263/2249
f 820/1269/2250 823/1273/2250 824/1270/2250
f 821/1272/2251 825/1274/2251 824/1270/2251
f 826/1271/2252 824/1270/2252 825/1274/2252
f 827/1276/2253 830/1280/2253 831/1277/2253
f 828/1279/2254 832/1281/2254 831/1277/2254
f 833/1278/2255 831/1277/2255 832/1281/2255
f 834/1283/2256 837/1287/2256 838/1284/2256
f 839/1286/2257 838/1284/2257 837/1287/2257
f 836/1289/2258 840/1285/2258 838/1284/2258
f 785/1290/781 791/2871/781 802/1291/781
f 791/1293/782 787/1314/782 800/1294/782
f 792/1241/783 798/1243/783 790/1239/783
f 798/1243/784 794/1247/784 787/1240/784
f 793/1296/785 806/1315/785 812/1297/785
f 812/1299/786 808/2872/786 794/1300/786
f 801/1254/787 804/1251/787 811/1260/787
f 804/1251/788 800/1253/788 808/1261/788
f 827/1276/789 799/1248/789 805/1250/789
f 805/1250/790 801/1254/790 828/1279/790
f 834/1283/791 840/1285/791 809/1259/791
f 840/1285/792 836/1289/792 807/1258/792
f 829/1282/793 832/1281/793 839/1286/793
f 832/1281/794 828/1279/794 836/1289/794
f 813/1302/795 827/2873/795 833/1303/795
f 816/1305/796 833/2874/796 829/1306/796
f 820/1308/797 826/2875/797 837/1309/797
f 826/1311/798 822/1316/798 835/1312/798
f 815/1268/799 818/1265/799 825/1274/799
f 818/1265/800 814/1267/800 822/1275/800
f 813/1262/801 819/1264/801 788/1238/801
f 819/1264/802 815/1268/802 786/1237/802
f 793/1244/803 795/1245/803 823/1273/803
f 823/1273/804 795/1245/804 792/1241/804
f 799/1292/805 827/2873/805 813/1302/805
f 794/1300/806 808/2872/806 800/1294/806
f 815/1268/807 821/1272/807 792/1241/807
f 806/1315/808 793/1296/808 820/1308/808
f 807/1258/809 836/1289/809 828/1279/809
f 829/1306/810 835/1312/810 822/1316/810
f 841/1317/2259 844/1321/2259 845/1318/2259
f 842/1320/2260 846/1322/2260 845/1318/2260
f 847/1319/2261 845/1318/2261 846/1322/2261
f 848/1324/2262 851/1328/2262 852/1325/2262
f 849/1327/2263 853/1329/2263 852/1325/2263
f 854/1326/2264 852/1325/2264 853/1329/2264
f 855/1331/2265 858/1335/2265 859/1332/2265
f 860/1334/2266 859/1332/2266 858/1335/2266
f 857/1337/2267 861/1333/2267 859/1332/2267
f 862/1338/2268 865/1342/2268 866/1339/2268
f 863/1341/2269 867/1343/2269 866/1339/2269
f 868/1340/2270 866/1339/2270 867/1343/2270
f 869/1345/2271 872/1349/2271 873/1346/2271
f 874/1348/2272 873/1346/2272 872/1349/2272
f 871/1351/2273 875/1347/2273 873/1346/2273
f 876/1352/2274 879/1356/2274 880/1353/2274
f 877/1355/2275 881/1357/2275 880/1353/2275
f 882/1354/2276 880/1353/2276 881/1357/2276
f 883/1359/2277 886/1363/2277 887/1360/2277
f 884/1362/2278 888/1364/2278 887/1360/2278
f 889/1361/2279 887/1360/2279 888/1364/2279
f 890/1366/2280 893/1370/2280 894/1367/2280
f 895/1369/2281 894/1367/2281 893/1370/2281
f 892/1372/2282 896/1368/2282 894/1367/2282
f 841/1373/835 847/2876/835 858/1374/835
f 858/1376/836 847/2877/836 843/1377/836
f 848/1324/837 854/1326/837 846/1322/837
f 854/1326/2283 850/1330/2283 843/1323/2283
f 862/1379/839 868/2878/839 853/1380/839
f 853/1382/840 868/2879/840 864/1383/840
f 857/1337/841 860/1334/841 867/1343/841
f 860/1334/842 856/1336/842 864/1344/842
f 883/1359/843 855/1331/843 861/1333/843
f 861/1333/844 857/1337/844 884/1362/844
f 862/1338/2284 890/1366/2284 896/1368/2284
f 865/1342/846 896/1368/846 892/1372/846
f 885/1365/2285 888/1364/2285 895/1369/2285
f 895/1369/2286 888/1364/2286 884/1362/2286
f 883/1385/849 889/2880/849 872/1386/849
f 872/1388/850 889/2881/850 885/1389/850
f 876/1391/2287 882/2882/2287 893/1392/2287
f 893/1394/2288 882/2883/2288 878/1395/2288
f 871/1351/853 874/1348/853 881/1357/853
f 874/1348/854 870/1350/854 878/1358/854
f 869/1345/855 875/1347/855 844/1321/855
f 875/1347/856 871/1351/856 842/1320/856
f 876/1352/2289 849/1327/2289 851/1328/2289
f 851/1328/2290 848/1324/2290 877/1355/2290
f 855/1375/859 883/1385/859 869/1387/859
f 850/1384/860 864/1383/860 856/1378/860
f 871/1351/861 877/1355/861 848/1324/861
f 862/1379/862 849/1381/862 876/1391/862
f 857/1337/863 863/1341/863 892/1372/863
f 885/1389/2291 891/1396/2291 878/1395/2291
f 897/1397/2292 900/1401/2292 901/1398/2292
f 902/1400/2293 901/1398/2293 900/1401/2293
f 899/1403/2294 903/1399/2294 901/1398/2294
f 907/1404/2295 908/1408/2295 910/1405/2295
f 905/1407/2296 909/1410/2296 908/1408/2296
f 906/1409/2297 910/1405/2297 908/1408/2297
f 911/1411/2298 914/1415/2298 915/1412/2298
f 912/1414/2299 916/1416/2299 915/1412/2299
f 917/1413/2300 915/1412/2300 916/1416/2300
f 918/1418/2301 921/1422/2301 922/1419/2301
f 923/1421/2302 922/1419/2302 921/1422/2302
f 920/1424/2303 924/1420/2303 922/1419/2303
f 925/1425/2304 928/1429/2304 929/1426/2304
f 926/1428/2305 930/1430/2305 929/1426/2305
f 931/1427/2306 929/1426/2306 930/1430/2306
f 932/1432/2307 935/1436/2307 936/1433/2307
f 937/1435/2308 936/1433/2308 935/1436/2308
f 934/1438/2309 938/1434/2309 936/1433/2309
f 939/1439/2310 942/1443/2310 943/1440/2310
f 944/1442/2311 943/1440/2311 942/1443/2311
f 941/1445/2312 945/1441/2312 943/1440/2312
f 946/1446/2313 949/1450/2313 950/1447/2313
f 947/1449/2314 951/1451/2314 950/1447/2314
f 952/1448/2315 950/1447/2315 951/1451/2315
f 897/1397/2316 903/1399/2316 914/1415/2316
f 914/1415/890 903/1399/890 899/1403/890
f 904/1406/891 910/1405/891 902/1400/891
f 910/1405/892 906/1409/892 899/1403/892
f 918/1418/893 924/1420/893 909/1410/893
f 909/1410/2317 924/1420/2317 920/1424/2317
f 913/1417/2318 916/1416/2318 923/1421/2318
f 916/1416/2319 912/1414/2319 920/1424/2319
f 939/1453/897 911/1477/897 917/1454/897
f 917/1456/898 913/1478/898 940/1457/898
f 946/1459/899 952/2884/899 921/1460/899
f 921/1462/2320 952/2885/2320 948/1463/2320
f 941/1445/901 944/1442/901 951/1451/901
f 944/1442/902 940/1444/902 948/1452/902
f 939/1439/2321 945/1441/2321 928/1429/2321
f 945/1441/904 941/1445/904 926/1428/904
f 932/1432/2322 938/1434/2322 949/1450/2322
f 938/1434/906 934/1438/906 947/1449/906
f 933/1437/907 927/1431/907 930/1430/907
f 937/1435/2323 930/1430/2323 926/1428/2323
f 897/1465/909 925/2886/909 931/1466/909
f 900/1468/910 931/2887/910 927/1469/910
f 905/1471/911 907/2888/911 935/1472/911
f 935/1474/912 907/2889/912 904/1475/912
f 939/1453/913 925/2886/913 897/1465/913
f 906/1409/914 920/1424/914 912/1414/914
f 933/1476/915 904/1475/915 898/1470/915
f 918/1461/916 905/1471/916 932/1473/916
f 919/1464/917 948/1463/917 940/1457/917
f 947/1449/918 934/1438/918 926/1428/918
f 953/1479/2324 956/1483/2324 957/1480/2324
f 958/1482/2325 957/1480/2325 956/1483/2325
f 955/1485/2326 959/1481/2326 957/1480/2326
f 963/1486/2327 964/1490/2327 966/1487/2327
f 961/1489/2328 965/1492/2328 964/1490/2328
f 962/1491/2329 966/1487/2329 964/1490/2329
f 967/1493/2330 970/1497/2330 971/1494/2330
f 968/1496/2331 972/1498/2331 971/1494/2331
f 973/1495/2332 971/1494/2332 972/1498/2332
f 974/1500/2333 977/1504/2333 978/1501/2333
f 979/1503/2334 978/1501/2334 977/1504/2334
f 976/1506/2335 980/1502/2335 978/1501/2335
f 981/1507/2336 984/1511/2336 985/1508/2336
f 982/1510/2337 986/1512/2337 985/1508/2337
f 987/1509/2338 985/1508/2338 986/1512/2338
f 988/1514/2339 991/1518/2339 992/1515/2339
f 993/1517/2340 992/1515/2340 991/1518/2340
f 990/1520/2341 994/1516/2341 992/1515/2341
f 995/1521/2342 998/1525/2342 999/1522/2342
f 1000/1524/2343 999/1522/2343 998/1525/2343
f 997/1527/2344 1001/1523/2344 999/1522/2344
f 1002/1528/2345 1005/1532/2345 1006/1529/2345
f 1003/1531/2346 1007/1533/2346 1006/1529/2346
f 1008/1530/2347 1006/1529/2347 1007/1533/2347
f 953/1479/943 959/1481/943 970/1497/943
f 959/1481/944 955/1485/944 968/1496/944
f 960/1488/945 966/1487/945 958/1482/945
f 958/1482/946 966/1487/946 962/1491/946
f 961/1489/2348 974/1500/2348 980/1502/2348
f 980/1502/948 976/1506/948 962/1491/948
f 969/1499/2349 972/1498/2349 979/1503/2349
f 972/1498/950 968/1496/950 976/1506/950
f 967/1535/951 973/2890/951 998/1536/951
f 998/1538/952 973/2891/952 969/1539/952
f 974/1541/2350 1002/1561/2350 1008/1542/2350
f 1008/1544/954 1004/2892/954 975/1545/954
f 997/1527/955 1000/1524/955 1007/1533/955
f 1007/1533/956 1000/1524/956 996/1526/956
f 981/1507/957 995/1521/957 1001/1523/957
f 984/1511/958 1001/1523/958 997/1527/958
f 988/1514/2351 994/1516/2351 1005/1532/2351
f 1005/1532/960 994/1516/960 990/1520/960
f 989/1519/961 983/1513/961 986/1512/961
f 986/1512/962 982/1510/962 990/1520/962
f 953/1547/963 981/1559/963 987/1548/963
f 987/1550/964 983/1560/964 954/1551/964
f 961/1553/965 963/2893/965 991/1554/965
f 963/1556/966 960/2894/966 989/1557/966
f 967/1535/967 995/1537/967 981/1559/967
f 955/1485/968 962/1491/968 976/1506/968
f 989/1557/969 960/2894/969 954/1551/969
f 1002/1561/970 974/1541/970 961/1553/970
f 975/1545/971 1004/2892/971 996/1540/971
f 1003/1531/972 990/1520/972 982/1510/972
f 1009/1562/2352 1012/1566/2352 1013/1563/2352
f 1014/1565/2353 1013/1563/2353 1012/1566/2353
f 1011/1568/2354 1015/1564/2354 1013/1563/2354
f 1019/1569/2355 1020/1573/2355 1022/1570/2355
f 1017/1572/2356 1021/1575/2356 1020/1573/2356
f 1018/1574/2357 1022/1570/2357 1020/1573/2357
f 1023/1576/2358 1026/1580/2358 1027/1577/2358
f 1024/1579/2359 1028/1581/2359 1027/1577/2359
f 1029/1578/2360 1027/1577/2360 1028/1581/2360
f 1030/1583/2361 1033/1587/2361 1034/1584/2361
f 1035/1586/2362 1034/1584/2362 1033/1587/2362
f 1032/1589/2363 1036/1585/2363 1034/1584/2363
f 1037/1590/2364 1040/1594/2364 1041/1591/2364
f 1038/1593/2365 1042/1595/2365 1041/1591/2365
f 1043/1592/2366 1041/1591/2366 1042/1595/2366
f 1044/1597/2367 1047/1601/2367 1048/1598/2367
f 1049/1600/2368 1048/1598/2368 1047/1601/2368
f 1046/1603/2369 1050/1599/2369 1048/1598/2369
f 1051/1604/2370 1054/1608/2370 1055/1605/2370
f 1056/1607/2371 1055/1605/2371 1054/1608/2371
f 1053/1610/2372 1057/1606/2372 1055/1605/2372
f 1058/1611/2373 1061/1615/2373 1062/1612/2373
f 1059/1614/2374 1063/1616/2374 1062/1612/2374
f 1064/1613/2375 1062/1612/2375 1063/1616/2375
f 1009/1562/2376 1015/1564/2376 1026/1580/2376
f 1015/1564/2377 1011/1568/2377 1024/1579/2377
f 1010/1618/999 1016/2895/999 1022/1619/999
f 1022/1621/1000 1018/2896/1000 1011/1622/1000
f 1030/1583/1001 1036/1585/1001 1021/1575/1001
f 1021/1575/2378 1036/1585/2378 1032/1589/2378
f 1031/1624/1003 1025/1644/1003 1028/1625/1003
f 1028/1627/1004 1024/1642/1004 1032/1628/1004
f 1051/1604/1005 1023/1576/1005 1029/1578/1005
f 1029/1578/1006 1025/1582/1006 1052/1609/1006
f 1030/1583/1007 1058/1611/1007 1064/1613/1007
f 1064/1613/2379 1060/1617/2379 1031/1588/2379
f 1053/1630/1009 1056/2897/1009 1063/1631/1009
f 1056/1633/1010 1052/1643/1010 1060/1634/1010
f 1051/1604/1011 1057/1606/1011 1040/1594/1011
f 1057/1606/2380 1053/1610/2380 1038/1593/2380
f 1058/1611/1013 1044/1597/1013 1050/1599/1013
f 1050/1599/2381 1046/1603/2381 1059/1614/2381
f 1039/1636/1015 1042/2898/1015 1049/1637/1015
f 1049/1639/1016 1042/2899/1016 1038/1640/1016
f 1037/1590/1017 1043/1592/1017 1012/1566/1017
f 1043/1592/1018 1039/1596/1018 1010/1567/1018
f 1044/1597/1019 1017/1572/1019 1019/1569/1019
f 1047/1601/1020 1019/1569/1020 1016/1571/1020
f 1023/1576/1021 1051/1604/1021 1037/1590/1021
f 1011/1622/1022 1018/2896/1022 1032/1628/1022
f 1045/1638/1023 1016/2895/1023 1010/1618/1023
f 1058/1611/1024 1030/1583/1024 1017/1572/1024
f 1031/1624/1025 1060/1634/1025 1052/1643/1025
f 1059/1632/1026 1046/1641/1026 1038/1640/1026
f 1625/2524/2783 1628/2528/2783 1629/2525/2783
f 1626/2527/2784 1630/2529/2784 1629/2525/2784
f 1631/2526/2785 1629/2525/2785 1630/2529/2785
f 1632/2531/2786 1635/2535/2786 1636/2532/2786
f 1633/2534/2787 1637/2536/2787 1636/2532/2787
f 1638/2533/2788 1636/2532/2788 1637/2536/2788
f 1639/2538/2789 1642/2542/2789 1643/2539/2789
f 1644/2541/2790 1643/2539/2790 1642/2542/2790
f 1641/2544/2791 1645/2540/2791 1643/2539/2791
f 1646/2545/2792 1649/2549/2792 1650/2546/2792
f 1647/2548/2793 1651/2550/2793 1650/2546/2793
f 1652/2547/2794 1650/2546/2794 1651/2550/2794
f 1653/2552/2795 1656/2556/2795 1657/2553/2795
f 1658/2555/2796 1657/2553/2796 1656/2556/2796
f 1655/2558/2797 1659/2554/2797 1657/2553/2797
f 1660/2559/2798 1663/2563/2798 1664/2560/2798
f 1661/2562/2799 1665/2564/2799 1664/2560/2799
f 1666/2561/2800 1664/2560/2800 1665/2564/2800
f 1667/2566/2801 1670/2570/2801 1671/2567/2801
f 1668/2569/2802 1672/2571/2802 1671/2567/2802
f 1673/2568/2803 1671/2567/2803 1672/2571/2803
f 1674/2573/2804 1677/2577/2804 1678/2574/2804
f 1679/2576/2805 1678/2574/2805 1677/2577/2805
f 1676/2579/2806 1680/2575/2806 1678/2574/2806
f 1625/2524/1591 1631/2526/1591 1642/2542/1591
f 1631/2526/1592 1627/2530/1592 1640/2543/1592
f 1632/2580/1593 1638/2973/1593 1630/2581/1593
f 1630/2583/1594 1638/2974/1594 1634/2584/1594
f 1646/2545/1595 1652/2547/1595 1637/2536/1595
f 1637/2536/1596 1652/2547/1596 1648/2551/1596
f 1641/2586/1597 1644/2975/1597 1651/2587/1597
f 1644/2589/1598 1640/2604/1598 1648/2590/1598
f 1639/2538/1599 1645/2540/1599 1670/2570/1599
f 1645/2540/1600 1641/2544/1600 1668/2569/1600
f 1646/2545/1601 1674/2573/1601 1680/2575/1601
f 1649/2549/1602 1680/2575/1602 1676/2579/1602
f 1669/2592/1603 1672/2976/1603 1679/2593/1603
f 1672/2595/1604 1668/2605/1604 1676/2596/1604
f 1653/2552/1605 1667/2566/1605 1673/2568/1605
f 1673/2568/1606 1669/2572/1606 1654/2557/1606
f 1660/2559/1607 1666/2561/1607 1677/2577/1607
f 1666/2561/1608 1662/2565/1608 1675/2578/1608
f 1655/2598/1609 1658/2977/1609 1665/2599/1609
f 1658/2601/1610 1654/2606/1610 1662/2602/1610
f 1625/2524/1611 1653/2552/1611 1659/2554/1611
f 1628/2528/2807 1659/2554/2807 1655/2558/2807
f 1633/2534/1613 1635/2535/1613 1663/2563/1613
f 1635/2535/1614 1632/2531/1614 1661/2562/1614
f 1667/2566/1615 1653/2552/1615 1625/2524/1615
f 1634/2584/1616 1648/2590/1616 1640/2604/1616
f 1661/2600/1617 1632/2580/1617 1626/2582/1617
f 1646/2545/1618 1633/2534/1618 1660/2559/1618
f 1647/2588/1619 1676/2596/1619 1668/2605/1619
f 1669/2592/1620 1675/2594/1620 1662/2602/1620
f 1681/2607/2808 1684/2686/2808 1685/2608/2808
f 1686/2610/2809 1685/2614/2809 1684/2611/2809
f 1683/2613/2810 1687/2978/2810 1685/2614/2810
f 1691/2615/2811 1692/2622/2811 1694/2616/2811
f 1689/2618/2812 1693/2676/2812 1692/2619/2812
f 1690/2621/2813 1694/2616/2813 1692/2622/2813
f 1695/2624/2814 1698/2675/2814 1699/2625/2814
f 1696/2627/2815 1700/2631/2815 1699/2628/2815
f 1701/2630/2816 1699/2628/2816 1700/2631/2816
f 1702/2633/2817 1705/2680/2817 1706/2634/2817
f 1707/2636/2818 1706/2640/2818 1705/2637/2818
f 1704/2639/2819 1708/2979/2819 1706/2640/2819
f 1709/2641/2820 1712/2683/2820 1713/2642/2820
f 1710/2644/2821 1714/2648/2821 1713/2645/2821
f 1715/2647/2822 1713/2645/2822 1714/2648/2822
f 1716/2650/2823 1719/2688/2823 1720/2651/2823
f 1721/2653/2824 1720/2657/2824 1719/2654/2824
f 1718/2656/2825 1722/2980/2825 1720/2657/2825
f 1723/2658/2826 1726/2677/2826 1727/2659/2826
f 1728/2661/2827 1727/2665/2827 1726/2662/2827
f 1725/2664/2828 1729/2684/2828 1727/2665/2828
f 1730/2666/2829 1733/2685/2829 1734/2667/2829
f 1731/2669/2830 1735/2673/2830 1734/2670/2830
f 1736/2672/2831 1734/2670/2831 1735/2673/2831
f 1681/2607/2832 1687/2609/2832 1698/2675/2832
f 1698/2629/1646 1687/2978/1646 1683/2613/1646
f 1688/2617/1647 1694/2616/1647 1686/2610/1647
f 1686/2610/2833 1694/2616/2833 1690/2621/2833
f 1702/2633/1649 1708/2635/1649 1693/2676/1649
f 1693/2623/1650 1708/2979/1650 1704/2639/1650
f 1697/2632/2834 1700/2631/2834 1707/2636/2834
f 1700/2631/1652 1696/2627/1652 1704/2639/1652
f 1695/2624/1653 1701/2626/1653 1726/2677/1653
f 1726/2677/1654 1701/2626/1654 1697/2678/1654
f 1702/2633/1655 1730/2666/1655 1736/2668/1655
f 1705/2680/1656 1736/2668/1656 1732/2681/1656
f 1725/2664/1657 1728/2661/1657 1735/2673/1657
f 1728/2661/2835 1724/2663/2835 1732/2674/2835
f 1709/2641/1659 1723/2658/1659 1729/2660/1659
f 1729/2684/1660 1725/2664/1660 1710/2644/1660
f 1716/2650/1661 1722/2652/1661 1733/2685/1661
f 1733/2671/1662 1722/2980/1662 1718/2656/1662
f 1717/2655/1663 1711/2649/1663 1714/2648/1663
f 1714/2648/1664 1710/2644/1664 1718/2656/1664
f 1709/2641/1665 1715/2643/1665 1684/2686/1665
f 1715/2643/1666 1711/2981/1666 1682/2687/1666
f 1689/2618/1667 1691/2620/1667 1719/2688/1667
f 1691/2620/1668 1688/2982/1668 1717/2689/1668
f 1695/2624/1669 1723/2658/1669 1709/2641/1669
f 1690/2621/1670 1704/2639/1670 1696/2627/1670
f 1717/2690/1671 1688/2983/1671 1682/2691/1671
f 1702/2633/1672 1689/2618/1672 1716/2650/1672
f 1697/2693/1673 1703/2984/1673 1732/2694/1673
f 1725/2664/1674 1731/2669/1674 1718/2656/1674
f 1737/2696/2836 1740/2776/2836 1741/2697/2836
f 1742/2699/2837 1741/2703/2837 1740/2700/2837
f 1739/2702/2838 1743/2985/2838 1741/2703/2838
f 1747/2704/2839 1748/2711/2839 1750/2705/2839
f 1745/2707/2840 1749/2765/2840 1748/2708/2840
f 1746/2710/2841 1750/2705/2841 1748/2711/2841
f 1751/2713/2842 1754/2764/2842 1755/2714/2842
f 1752/2716/2843 1756/2720/2843 1755/2717/2843
f 1757/2719/2844 1755/2717/2844 1756/2720/2844
f 1758/2722/2845 1761/2769/2845 1762/2723/2845
f 1763/2725/2846 1762/2729/2846 1761/2726/2846
f 1760/2728/2847 1764/2766/2847 1762/2729/2847
f 1765/2730/2848 1768/2772/2848 1769/2731/2848
f 1766/2733/2849 1770/2737/2849 1769/2734/2849
f 1771/2736/2850 1769/2734/2850 1770/2737/2850
f 1772/2739/2851 1775/2779/2851 1776/2740/2851
f 1777/2742/2852 1776/2746/2852 1775/2743/2852
f 1774/2745/2853 1778/2775/2853 1776/2746/2853
f 1779/2747/2854 1782/2767/2854 1783/2748/2854
f 1784/2750/2855 1783/2754/2855 1782/2751/2855
f 1781/2753/2856 1785/2773/2856 1783/2754/2856
f 1786/2755/2857 1789/2774/2857 1790/2756/2857
f 1787/2758/2858 1791/2762/2858 1790/2759/2858
f 1792/2761/2859 1790/2759/2859 1791/2762/2859
f 1751/2713/1699 1737/2696/1699 1743/2698/1699
f 1754/2718/1700 1743/2985/1700 1739/2702/1700
f 1744/2706/1701 1750/2705/1701 1742/2699/1701
f 1750/2705/1702 1746/2710/1702 1739/2702/1702
f 1758/2722/1703 1764/2724/1703 1749/2765/1703
f 1764/2766/1704 1760/2728/1704 1746/2710/1704
f 1753/2721/2860 1756/2720/2860 1763/2725/2860
f 1756/2720/1706 1752/2716/1706 1760/2728/1706
f 1751/2713/1707 1757/2715/1707 1782/2767/1707
f 1757/2715/1708 1753/2986/1708 1780/2768/1708
f 1758/2722/1709 1786/2755/1709 1792/2757/1709
f 1761/2769/1710 1792/2757/1710 1788/2770/1710
f 1787/2758/1711 1781/2753/1711 1784/2750/1711
f 1784/2750/1712 1780/2752/1712 1788/2763/1712
f 1765/2730/2861 1779/2747/2861 1785/2749/2861
f 1785/2773/2862 1781/2753/2862 1766/2733/2862
f 1772/2739/1715 1778/2741/1715 1789/2774/1715
f 1778/2775/1716 1774/2745/1716 1787/2758/1716
f 1767/2738/2863 1770/2737/2863 1777/2742/2863
f 1770/2737/1718 1766/2733/1718 1774/2745/1718
f 1765/2730/1719 1771/2732/1719 1740/2776/1719
f 1740/2776/1720 1771/2732/1720 1767/2777/1720
f 1745/2707/1721 1747/2709/1721 1775/2779/1721
f 1775/2779/1722 1747/2709/1722 1744/2780/1722
f 1751/2713/1723 1779/2747/1723 1765/2730/1723
f 1746/2710/1724 1760/2728/1724 1752/2716/1724
f 1773/2782/1725 1744/2987/1725 1738/2783/1725
f 1758/2722/1726 1745/2707/1726 1772/2739/1726
f 1753/2785/1727 1759/2988/1727 1788/2786/1727
f 1781/2753/1728 1787/2758/1728 1774/2745/1728
usemtl coal
f 1065/1645/1027 1069/1646/1027 1071/1647/1027
f 1066/1648/1028 1069/1649/1028 1068/1650/1028
f 1067/1651/1029 1069/1649/1029 1070/1652/1029
f 1072/1653/1030 1076/1654/1030 1078/1655/1030
f 1073/1656/1031 1076/1657/1031 1075/1658/1031
f 1074/1659/1032 1076/1654/1032 1077/1660/1032
f 1079/1661/1033 1083/1662/1033 1085/1663/1033
f 1080/1664/1034 1083/1665/1034 1082/1666/1034
f 1081/1667/1035 1083/1665/1035 1084/1668/1035
f 1086/1669/1036 1090/1670/1036 1092/1671/1036
f 1087/1672/1037 1090/1673/1037 1089/1674/1037
f 1088/1675/1038 1090/1670/1038 1091/1676/1038
f 1093/1677/1039 1097/1678/1039 1099/1679/1039
f 1094/1680/1040 1097/1678/1040 1096/1681/1040
f 1095/1682/1041 1097/1683/1041 1098/1684/1041
f 1100/1685/1042 1104/1686/1042 1106/1687/1042
f 1101/1688/1043 1104/1689/1043 1103/1690/1043
f 1102/1691/1044 1104/1689/1044 1105/1692/1044
f 1107/1693/1045 1111/1694/1045 1113/1695/1045
f 1108/1696/1046 1111/1697/1046 1110/1698/1046
f 1109/1699/1047 1111/1697/1047 1112/1700/1047
f 1114/1701/1048 1118/1702/1048 1120/1703/1048
f 1115/1704/1049 1118/1705/1049 1117/1706/1049
f 1116/1707/1050 1118/1705/1050 1119/1708/1050
f 1065/1645/1051 1082/1709/1051 1079/1661/1051
f 1082/1710/1052 1067/1651/1052 1080/1711/1052
f 1066/1648/1053 1078/1655/1053 1070/1652/1053
f 1070/1652/1054 1074/1659/1054 1067/1651/1054
f 1073/1656/1055 1092/1671/1055 1077/1712/1055
f 1077/1660/1056 1088/1713/1056 1074/1659/1056
f 1087/1672/1057 1084/1668/1057 1091/1714/1057
f 1084/1668/1058 1088/1715/1058 1091/1714/1058
f 1079/1661/1059 1110/1716/1059 1107/1693/1059
f 1085/1717/1060 1108/1718/1060 1110/1719/1060
f 1114/1701/1061 1089/1720/1061 1086/1669/1061
f 1089/1720/1062 1116/1721/1062 1087/1722/1062
f 1109/1699/1063 1119/1708/1063 1115/1704/1063
f 1112/1700/1064 1116/1707/1064 1119/1708/1064
f 1093/1677/1065 1113/1695/1065 1096/1681/1065
f 1096/1723/1066 1109/1699/1066 1094/1724/1066
f 1114/1701/1067 1106/1687/1067 1117/1725/1067
f 1117/1706/1068 1102/1726/1068 1115/1704/1068
f 1101/1688/1069 1098/1684/1069 1105/1692/1069
f 1098/1684/1070 1102/1691/1070 1105/1692/1070
f 1065/1645/1071 1099/1679/1071 1068/1727/1071
f 1068/1727/1072 1095/1728/1072 1066/1729/1072
f 1100/1685/1073 1075/1658/1073 1103/1730/1073
f 1103/1690/1074 1072/1731/1074 1101/1688/1074
f 1079/1661/1075 1093/1677/1075 1065/1645/1075
f 1074/1659/1076 1080/1711/1076 1067/1651/1076
f 1101/1688/1077 1066/1732/1077 1095/1682/1077
f 1086/1669/1078 1100/1685/1078 1114/1701/1078
f 1081/1667/1079 1116/1733/1079 1108/1718/1079
f 1115/1704/1080 1094/1724/1080 1109/1699/1080
f 1121/1734/1081 1125/1735/1081 1127/1736/1081
f 1122/1737/1082 1125/1738/1082 1124/1739/1082
f 1123/1740/1083 1125/1741/1083 1126/1742/1083
f 1128/1743/1084 1132/1744/1084 1134/1745/1084
f 1129/1746/1085 1132/1747/1085 1131/1748/1085
f 1130/1749/1086 1132/1750/1086 1133/1751/1086
f 1135/1752/1087 1139/1753/1087 1141/1754/1087
f 1136/1755/1088 1139/1756/1088 1138/1757/1088
f 1137/1758/1089 1139/1759/1089 1140/1760/1089
f 1142/1761/1090 1146/1762/1090 1148/1763/1090
f 1143/1764/1091 1146/1765/1091 1145/1766/1091
f 1144/1767/1092 1146/1768/1092 1147/1769/1092
f 1149/1770/1093 1153/1771/1093 1155/1772/1093
f 1150/1773/1094 1153/1774/1094 1152/1775/1094
f 1151/1776/1095 1153/1777/1095 1154/1778/1095
f 1156/1779/1096 1160/1780/1096 1162/1781/1096
f 1157/1782/1097 1160/1783/1097 1159/1784/1097
f 1158/1785/1098 1160/1786/1098 1161/1787/1098
f 1163/1788/1099 1167/1789/1099 1169/1790/1099
f 1164/1791/1100 1167/1792/1100 1166/1793/1100
f 1165/1794/1101 1167/1795/1101 1168/1796/1101
f 1170/1797/1102 1174/1798/1102 1176/1799/1102
f 1171/1800/1103 1174/1801/1103 1173/1802/1103
f 1172/1803/1104 1174/1804/1104 1175/1805/1104
f 1121/1734/1105 1138/1806/1105 1135/1752/1105
f 1138/1757/1106 1123/1740/1106 1136/1755/1106
f 1122/1737/1107 1134/1745/1107 1126/1807/1107
f 1126/1742/1108 1130/1749/1108 1123/1740/1108
f 1142/1761/1109 1133/1808/1109 1129/1746/1109
f 1148/1809/1110 1130/1749/1110 1133/1751/1110
f 1137/1758/1111 1147/1810/1111 1143/1764/1111
f 1140/1811/1112 1144/1767/1112 1147/1769/1112
f 1135/1752/1113 1166/1812/1113 1163/1788/1113
f 1166/1793/1114 1137/1758/1114 1164/1791/1114
f 1142/1761/1115 1176/1799/1115 1145/1813/1115
f 1176/1814/1116 1143/1764/1116 1145/1766/1116
f 1165/1794/1117 1175/1815/1117 1171/1800/1117
f 1168/1816/1118 1172/1803/1118 1175/1805/1118
f 1149/1770/1119 1169/1790/1119 1152/1817/1119
f 1169/1818/1120 1150/1773/1120 1152/1775/1120
f 1156/1779/1121 1173/1819/1121 1170/1797/1121
f 1162/1820/1122 1171/1800/1122 1173/1802/1122
f 1157/1782/1123 1154/1778/1123 1161/1821/1123
f 1161/1787/1124 1150/1773/1124 1158/1785/1124
f 1149/1770/1125 1124/1822/1125 1121/1734/1125
f 1124/1739/1126 1151/1776/1126 1122/1737/1126
f 1129/1746/1127 1159/1823/1127 1156/1779/1127
f 1159/1784/1128 1128/1743/1128 1157/1782/1128
f 1163/1788/1129 1121/1734/1129 1135/1752/1129
f 1130/1749/1130 1136/1755/1130 1123/1740/1130
f 1151/1776/1131 1128/1743/1131 1122/1737/1131
f 1170/1797/1132 1129/1746/1132 1156/1779/1132
f 1137/1758/1133 1172/1803/1133 1164/1791/1133
f 1165/1794/1134 1158/1785/1134 1150/1773/1134
f 1177/1824/1135 1181/1825/1135 1183/1826/1135
f 1178/1827/1136 1181/1828/1136 1180/1829/1136
f 1179/1830/1137 1181/1828/1137 1182/1831/1137
f 1184/1832/1138 1188/1833/1138 1190/1834/1138
f 1185/1835/1139 1188/1836/1139 1187/1837/1139
f 1186/1838/1140 1188/1833/1140 1189/1839/1140
f 1191/1840/1141 1195/1841/1141 1197/1842/1141
f 1192/1843/1142 1195/1844/1142 1194/1845/1142
f 1193/1846/1143 1195/1844/1143 1196/1847/1143
f 1198/1848/1144 1202/1849/1144 1204/1850/1144
f 1199/1851/1145 1202/1852/1145 1201/1853/1145
f 1200/1854/1146 1202/1852/1146 1203/1855/1146
f 1205/1856/1147 1209/1857/1147 1211/1858/1147
f 1206/1859/1148 1209/1860/1148 1208/1861/1148
f 1207/1862/1149 1209/1860/1149 1210/1863/1149
f 1212/1864/1150 1216/1865/1150 1218/1866/1150
f 1213/1867/1151 1216/1868/1151 1215/1869/1151
f 1214/1870/1152 1216/1868/1152 1217/1871/1152
f 1219/1872/1153 1223/1873/1153 1225/1874/1153
f 1220/1875/1154 1223/1876/1154 1222/1877/1154
f 1221/1878/1155 1223/1876/1155 1224/1879/1155
f 1226/1880/1156 1230/1881/1156 1232/1882/1156
f 1227/1883/1157 1230/1884/1157 1229/1885/1157
f 1228/1886/1158 1230/1884/1158 1231/1887/1158
f 1191/1840/1159 1183/1826/1159 1194/1888/1159
f 1194/1889/1160 1179/1830/1160 1192/1890/1160
f 1184/1832/1161 1182/1831/1161 1178/1827/1161
f 1182/1831/1162 1186/1838/1162 1179/1830/1162
f 1198/1848/1163 1189/1891/1163 1185/1835/1163
f 1204/1892/1164 1186/1838/1164 1189/1839/1164
f 1193/1846/1165 1203/1855/1165 1199/1851/1165
f 1196/1847/1166 1200/1854/1166 1203/1855/1166
f 1219/1872/1167 1197/1842/1167 1222/1893/1167
f 1222/1894/1168 1193/1846/1168 1220/1895/1168
f 1198/1848/1169 1232/1882/1169 1201/1896/1169
f 1201/1853/1170 1228/1897/1170 1199/1851/1170
f 1221/1878/1171 1231/1887/1171 1227/1883/1171
f 1231/1887/1172 1220/1875/1172 1228/1886/1172
f 1219/1872/1173 1208/1898/1173 1205/1856/1173
f 1225/1899/1174 1206/1900/1174 1208/1901/1174
f 1226/1880/1175 1218/1866/1175 1229/1902/1175
f 1229/1885/1176 1214/1903/1176 1227/1883/1176
f 1207/1862/1177 1217/1871/1177 1213/1867/1177
f 1210/1863/1178 1214/1870/1178 1217/1871/1178
f 1177/1824/1179 1211/1858/1179 1180/1904/1179
f 1211/1905/1180 1178/1906/1180 1180/1907/1180
f 1212/1864/1181 1187/1837/1181 1215/1908/1181
f 1187/1909/1182 1213/1867/1182 1215/1869/1182
f 1219/1872/1183 1177/1824/1183 1191/1840/1183
f 1186/1838/1184 1192/1890/1184 1179/1830/1184
f 1213/1867/1185 1178/1906/1185 1207/1862/1185
f 1198/1848/1186 1212/1864/1186 1226/1880/1186
f 1199/1851/1187 1220/1895/1187 1193/1846/1187
f 1227/1883/1188 1206/1900/1188 1221/1878/1188
f 1233/1910/1189 1237/1911/1189 1239/1912/1189
f 1234/1913/1190 1237/1914/1190 1236/1915/1190
f 1235/1916/1191 1237/1917/1191 1238/1918/1191
f 1240/1919/1192 1244/1920/1192 1246/1921/1192
f 1241/1922/1193 1244/1923/1193 1243/1924/1193
f 1242/1925/1194 1244/1926/1194 1245/1927/1194
f 1247/1928/1195 1251/1929/1195 1253/1930/1195
f 1248/1931/1196 1251/1932/1196 1250/1933/1196
f 1249/1934/1197 1251/1935/1197 1252/1936/1197
f 1254/1937/1198 1258/1938/1198 1260/1939/1198
f 1255/1940/1199 1258/1941/1199 1257/1942/1199
f 1256/1943/1200 1258/1944/1200 1259/1945/1200
f 1261/1946/1201 1265/1947/1201 1267/1948/1201
f 1262/1949/1202 1265/1950/1202 1264/1951/1202
f 1263/1952/1203 1265/1953/1203 1266/1954/1203
f 1268/1955/1204 1272/1956/1204 1274/1957/1204
f 1269/1958/1205 1272/1959/1205 1271/1960/1205
f 1270/1961/1206 1272/1962/1206 1273/1963/1206
f 1275/1964/1207 1279/1965/1207 1281/1966/1207
f 1276/1967/1208 1279/1968/1208 1278/1969/1208
f 1277/1970/1209 1279/1971/1209 1280/1972/1209
f 1282/1973/1210 1286/1974/1210 1288/1975/1210
f 1283/1976/1211 1286/1977/1211 1285/1978/1211
f 1284/1979/1212 1286/1980/1212 1287/1981/1212
f 1233/1910/1213 1250/1982/1213 1247/1928/1213
f 1250/1933/1214 1235/1916/1214 1248/1931/1214
f 1234/1913/1215 1246/1921/1215 1238/1983/1215
f 1246/1984/1216 1235/1916/1216 1238/1918/1216
f 1254/1937/1217 1245/1985/1217 1241/1922/1217
f 1260/1986/1218 1242/1925/1218 1245/1927/1218
f 1255/1940/1219 1252/1936/1219 1259/1987/1219
f 1259/1945/1220 1248/1931/1220 1256/1943/1220
f 1275/1964/1221 1253/1930/1221 1278/1988/1221
f 1278/1969/1222 1249/1934/1222 1276/1967/1222
f 1282/1973/1223 1257/1989/1223 1254/1937/1223
f 1288/1990/1224 1255/1940/1224 1257/1942/1224
f 1277/1970/1225 1287/1991/1225 1283/1976/1225
f 1280/1992/1226 1284/1979/1226 1287/1981/1226
f 1261/1946/1227 1281/1966/1227 1264/1993/1227
f 1264/1951/1228 1277/1970/1228 1262/1949/1228
f 1282/1973/1229 1274/1957/1229 1285/1994/1229
f 1274/1995/1230 1283/1976/1230 1285/1978/1230
f 1269/1958/1231 1266/1954/1231 1273/1996/1231
f 1266/1997/1232 1270/1961/1232 1273/1963/1232
f 1261/1946/1233 1236/1998/1233 1233/1910/1233
f 1236/1915/1234 1263/1952/1234 1234/1913/1234
f 1268/1955/1235 1243/1924/1235 1271/1999/1235
f 1271/1960/1236 1240/1919/1236 1269/1958/1236
f 1247/1928/1237 1261/1946/1237 1233/1910/1237
f 1242/1925/1238 1248/1931/1238 1235/1916/1238
f 1269/1958/1239 1234/1913/1239 1263/1952/1239
f 1254/1937/1240 1268/1955/1240 1282/1973/1240
f 1255/1940/1241 1276/1967/1241 1249/1934/1241
f 1283/1976/1242 1262/1949/1242 1277/1970/1242
f 1289/2000/1243 1293/2001/1243 1295/2002/1243
f 1290/2003/1244 1293/2004/1244 1292/2005/1244
f 1291/2006/1245 1293/2007/1245 1294/2008/1245
f 1296/2009/1246 1300/2010/1246 1302/2011/1246
f 1297/2012/1247 1300/2013/1247 1299/2014/1247
f 1298/2015/1248 1300/2016/1248 1301/2017/1248
f 1303/2018/1249 1307/2019/1249 1309/2020/1249
f 1304/2021/1250 1307/2022/1250 1306/2023/1250
f 1305/2024/1251 1307/2025/1251 1308/2026/1251
f 1310/2027/1252 1314/2028/1252 1316/2029/1252
f 1311/2030/1253 1314/2031/1253 1313/2032/1253
f 1312/2033/1254 1314/2034/1254 1315/2035/1254
f 1317/2036/1255 1321/2037/1255 1323/2038/1255
f 1318/2039/1256 1321/2040/1256 1320/2041/1256
f 1319/2042/1257 1321/2043/1257 1322/2044/1257
f 1324/2045/1258 1328/2046/1258 1330/2047/1258
f 1325/2048/1259 1328/2049/1259 1327/2050/1259
f 1326/2051/1260 1328/2052/1260 1329/2053/1260
f 1331/2054/1261 1335/2055/1261 1337/2056/1261
f 1332/2057/1262 1335/2058/1262 1334/2059/1262
f 1333/2060/1263 1335/2061/1263 1336/2062/1263
f 1338/2063/1264 1342/2064/1264 1344/2065/1264
f 1339/2066/1265 1342/2067/1265 1341/2068/1265
f 1340/2069/1266 1342/2070/1266 1343/2071/1266
f 1289/2000/1267 1306/2072/1267 1303/2018/1267
f 1295/2073/1268 1304/2021/1268 1306/2023/1268
f 1290/2003/1269 1302/2011/1269 1294/2074/1269
f 1294/2008/1270 1298/2015/1270 1291/2006/1270
f 1297/2012/1271 1316/2029/1271 1301/2075/1271
f 1301/2017/1272 1312/2033/1272 1298/2015/1272
f 1305/2024/1273 1315/2076/1273 1311/2030/1273
f 1315/2035/1274 1304/2021/1274 1312/2033/1274
f 1331/2054/1275 1309/2020/1275 1334/2077/1275
f 1309/2078/1276 1332/2057/1276 1334/2059/1276
f 1338/2063/1277 1313/2079/1277 1310/2027/1277
f 1344/2080/1278 1311/2030/1278 1313/2032/1278
f 1333/2060/1279 1343/2081/1279 1339/2066/1279
f 1343/2071/1280 1332/2057/1280 1340/2069/1280
f 1317/2036/1281 1337/2056/1281 1320/2082/1281
f 1320/2041/1282 1333/2060/1282 1318/2039/1282
f 1338/2063/1283 1330/2047/1283 1341/2083/1283
f 1330/2084/1284 1339/2066/1284 1341/2068/1284
f 1319/2042/1285 1329/2085/1285 1325/2048/1285
f 1322/2086/1286 1326/2051/1286 1329/2053/1286
f 1317/2036/1287 1292/2087/1287 1289/2000/1287
f 1292/2005/1288 1319/2042/1288 1290/2003/1288
f 1297/2012/1289 1327/2088/1289 1324/2045/1289
f 1327/2050/1290 1296/2009/1290 1325/2048/1290
f 1303/2018/1291 1317/2036/1291 1289/2000/1291
f 1298/2015/1292 1304/2021/1292 1291/2006/1292
f 1319/2042/1293 1296/2009/1293 1290/2003/1293
f 1310/2027/1294 1324/2045/1294 1338/2063/1294
f 1311/2030/1295 1332/2057/1295 1305/2024/1295
f 1339/2066/1296 1318/2039/1296 1333/2060/1296
f 1345/2089/1297 1349/2090/1297 1351/2091/1297
f 1346/2092/1298 1349/2093/1298 1348/2094/1298
f 1347/2095/1299 1349/2096/1299 1350/2097/1299
f 1352/2098/1300 1356/2099/1300 1358/2100/1300
f 1353/2101/1301 1356/2102/1301 1355/2103/1301
f 1354/2104/1302 1356/2105/1302 1357/2106/1302
f 1359/2107/1303 1363/2108/1303 1365/2109/1303
f 1360/2110/1304 1363/2111/1304 1362/2112/1304
f 1361/2113/1305 1363/2114/1305 1364/2115/1305
f 1366/2116/1306 1370/2117/1306 1372/2118/1306
f 1367/2119/1307 1370/2120/1307 1369/2121/1307
f 1368/2122/1308 1370/2123/1308 1371/2124/1308
f 1373/2125/1309 1377/2126/1309 1379/2127/1309
f 1374/2128/1310 1377/2129/1310 1376/2130/1310
f 1375/2131/1311 1377/2132/1311 1378/2133/1311
f 1380/2134/1312 1384/2135/1312 1386/2136/1312
f 1381/2137/1313 1384/2138/1313 1383/2139/1313
f 1382/2140/1314 1384/2141/1314 1385/2142/1314
f 1387/2143/1315 1391/2144/1315 1393/2145/1315
f 1388/2146/1316 1391/2147/1316 1390/2148/1316
f 1389/2149/1317 1391/2150/1317 1392/2151/1317
f 1394/2152/1318 1398/2153/1318 1400/2154/1318
f 1395/2155/1319 1398/2156/1319 1397/2157/1319
f 1396/2158/1320 1398/2159/1320 1399/2160/1320
f 1345/2089/1321 1362/2161/1321 1359/2107/1321
f 1362/2112/1322 1347/2095/1322 1360/2110/1322
f 1352/2098/1323 1350/2162/1323 1346/2092/1323
f 1358/2163/1324 1347/2095/1324 1350/2097/1324
f 1353/2101/1325 1372/2118/1325 1357/2164/1325
f 1372/2165/1326 1354/2104/1326 1357/2106/1326
f 1367/2119/1327 1364/2115/1327 1371/2166/1327
f 1364/2167/1328 1368/2122/1328 1371/2124/1328
f 1387/2143/1329 1365/2109/1329 1390/2168/1329
f 1365/2169/1330 1388/2146/1330 1390/2148/1330
f 1394/2152/1331 1369/2170/1331 1366/2116/1331
f 1400/2171/1332 1367/2119/1332 1369/2121/1332
f 1395/2155/1333 1392/2151/1333 1399/2172/1333
f 1392/2173/1334 1396/2158/1334 1399/2160/1334
f 1373/2125/1335 1393/2145/1335 1376/2174/1335
f 1393/2175/1336 1374/2128/1336 1376/2130/1336
f 1394/2152/1337 1386/2136/1337 1397/2176/1337
f 1386/2177/1338 1395/2155/1338 1397/2157/1338
f 1375/2131/1339 1385/2178/1339 1381/2137/1339
f 1385/2142/1340 1374/2128/1340 1382/2140/1340
f 1345/2089/1341 1379/2127/1341 1348/2179/1341
f 1379/2180/1342 1346/2092/1342 1348/2094/1342
f 1353/2101/1343 1383/2181/1343 1380/2134/1343
f 1355/2182/1344 1381/2137/1344 1383/2139/1344
f 1387/2143/1345 1345/2089/1345 1359/2107/1345
f 1354/2104/1346 1360/2110/1346 1347/2095/1346
f 1381/2137/1347 1346/2092/1347 1375/2131/1347
f 1366/2116/1348 1380/2134/1348 1394/2152/1348
f 1367/2119/1349 1388/2146/1349 1361/2113/1349
f 1395/2155/1350 1374/2128/1350 1389/2149/1350
f 1401/2183/1351 1405/2184/1351 1407/2185/1351
f 1402/2186/1352 1405/2187/1352 1404/2188/1352
f 1403/2189/1353 1405/2190/1353 1406/2191/1353
f 1408/2192/1354 1412/2193/1354 1414/2194/1354
f 1409/2195/1355 1412/2196/1355 1411/2197/1355
f 1410/2198/1356 1412/2193/1356 1413/2199/1356
f 1415/2200/1357 1419/2201/1357 1421/2202/1357
f 1416/2203/1358 1419/2204/1358 1418/2205/1358
f 1417/2206/1359 1419/2204/1359 1420/2207/1359
f 1422/2208/1360 1426/2209/1360 1428/2210/1360
f 1423/2211/1361 1426/2209/1361 1425/2212/1361
f 1424/2213/1362 1426/2214/1362 1427/2215/1362
f 1429/2216/1363 1433/2217/1363 1435/2218/1363
f 1430/2219/1364 1433/2220/1364 1432/2221/1364
f 1431/2222/1365 1433/2217/1365 1434/2223/1365
f 1436/2224/1366 1440/2225/1366 1442/2226/1366
f 1437/2227/1367 1440/2228/1367 1439/2229/1367
f 1438/2230/1368 1440/2228/1368 1441/2231/1368
f 1443/2232/1369 1447/2233/1369 1449/2234/1369
f 1444/2235/1370 1447/2236/1370 1446/2237/1370
f 1445/2238/1371 1447/2236/1371 1448/2239/1371
f 1450/2240/1372 1454/2241/1372 1456/2242/1372
f 1451/2243/1373 1454/2244/1373 1453/2245/1373
f 1452/2246/1374 1454/2247/1374 1455/2248/1374
f 1401/2183/1375 1418/2249/1375 1415/2200/1375
f 1407/2250/1376 1416/2203/1376 1418/2205/1376
f 1408/2192/1377 1406/2251/1377 1402/2186/1377
f 1414/2194/1378 1403/2252/1378 1406/2251/1378
f 1409/2195/1379 1428/2210/1379 1413/2253/1379
f 1413/2254/1380 1424/2213/1380 1410/2255/1380
f 1417/2206/1381 1427/2215/1381 1423/2256/1381
f 1420/2207/1382 1424/2213/1382 1427/2215/1382
f 1415/2200/1383 1446/2257/1383 1443/2232/1383
f 1446/2237/1384 1417/2258/1384 1444/2235/1384
f 1450/2240/1385 1425/2212/1385 1422/2208/1385
f 1425/2259/1386 1452/2246/1386 1423/2260/1386
f 1451/2261/1387 1448/2239/1387 1455/2248/1387
f 1448/2239/1388 1452/2246/1388 1455/2248/1388
f 1429/2216/1389 1449/2234/1389 1432/2262/1389
f 1449/2263/1390 1430/2219/1390 1432/2221/1390
f 1450/2240/1391 1442/2226/1391 1453/2264/1391
f 1453/2245/1392 1438/2230/1392 1451/2243/1392
f 1431/2265/1393 1441/2231/1393 1437/2227/1393
f 1441/2231/1394 1430/2219/1394 1438/2230/1394
f 1401/2183/1395 1435/2218/1395 1404/2266/1395
f 1404/2188/1396 1431/2267/1396 1402/2186/1396
f 1409/2195/1397 1439/2268/1397 1436/2224/1397
f 1439/2269/1398 1408/2192/1398 1437/2270/1398
f 1415/2200/1399 1429/2216/1399 1401/2183/1399
f 1403/2189/1400 1424/2213/1400 1416/2203/1400
f 1437/2270/1401 1402/2186/1401 1431/2267/1401
f 1422/2208/1402 1436/2224/1402 1450/2240/1402
f 1417/2258/1403 1452/2246/1403 1444/2235/1403
f 1445/2271/1404 1438/2230/1404 1430/2219/1404
f 1457/2272/1405 1461/2273/1405 1463/2274/1405
f 1458/2275/1406 1461/2276/1406 1460/2277/1406
f 1459/2278/1407 1461/2276/1407 1462/2279/1407
f 1464/2280/1408 1468/2281/1408 1470/2282/1408
f 1465/2283/1409 1468/2284/1409 1467/2285/1409
f 1466/2286/1410 1468/2281/1410 1469/2287/1410
f 1471/2288/1411 1475/2289/1411 1477/2290/1411
f 1472/2291/1412 1475/2292/1412 1474/2293/1412
f 1473/2294/1413 1475/2292/1413 1476/2295/1413
f 1478/2296/1414 1482/2297/1414 1484/2298/1414
f 1479/2299/1415 1482/2300/1415 1481/2301/1415
f 1480/2302/1416 1482/2300/1416 1483/2303/1416
f 1485/2304/1417 1489/2305/1417 1491/2306/1417
f 1486/2307/1418 1489/2308/1418 1488/2309/1418
f 1487/2310/1419 1489/2308/1419 1490/2311/1419
f 1492/2312/1420 1496/2313/1420 1498/2314/1420
f 1493/2315/1421 1496/2316/1421 1495/2317/1421
f 1494/2318/1422 1496/2316/1422 1497/2319/1422
f 1499/2320/1423 1503/2321/1423 1505/2322/1423
f 1500/2323/1424 1503/2324/1424 1502/2325/1424
f 1501/2326/1425 1503/2324/1425 1504/2327/1425
f 1506/2328/1426 1510/2329/1426 1512/2330/1426
f 1507/2331/1427 1510/2332/1427 1509/2333/1427
f 1508/2334/1428 1510/2332/1428 1511/2335/1428
f 1457/2272/1429 1474/2336/1429 1471/2288/1429
f 1463/2337/1430 1472/2338/1430 1474/2339/1430
f 1464/2280/1431 1462/2279/1431 1458/2275/1431
f 1462/2279/1432 1466/2286/1432 1459/2278/1432
f 1478/2296/1433 1469/2340/1433 1465/2283/1433
f 1484/2341/1434 1466/2286/1434 1469/2287/1434
f 1479/2299/1435 1476/2295/1435 1483/2303/1435
f 1476/2295/1436 1480/2302/1436 1483/2303/1436
f 1471/2288/1437 1502/2342/1437 1499/2320/1437
f 1477/2343/1438 1500/2344/1438 1502/2345/1438
f 1478/2296/1439 1512/2330/1439 1481/2346/1439
f 1512/2347/1440 1479/2299/1440 1481/2301/1440
f 1507/2331/1441 1504/2327/1441 1511/2335/1441
f 1504/2327/1442 1508/2334/1442 1511/2335/1442
f 1485/2304/1443 1505/2322/1443 1488/2348/1443
f 1488/2349/1444 1501/2326/1444 1486/2350/1444
f 1492/2312/1445 1509/2351/1445 1506/2328/1445
f 1509/2333/1446 1494/2352/1446 1507/2331/1446
f 1493/2315/1447 1490/2311/1447 1497/2319/1447
f 1490/2311/1448 1494/2318/1448 1497/2319/1448
f 1485/2304/1449 1460/2353/1449 1457/2272/1449
f 1491/2354/1450 1458/2355/1450 1460/2356/1450
f 1465/2283/1451 1495/2357/1451 1492/2312/1451
f 1495/2317/1452 1464/2358/1452 1493/2315/1452
f 1471/2288/1453 1485/2304/1453 1457/2272/1453
f 1466/2286/1454 1472/2338/1454 1459/2278/1454
f 1493/2315/1455 1458/2355/1455 1487/2310/1455
f 1478/2296/1456 1492/2312/1456 1506/2328/1456
f 1479/2299/1457 1500/2344/1457 1473/2294/1457
f 1501/2326/1458 1494/2352/1458 1486/2350/1458
f 1065/1645/2382 1068/1727/2382 1069/1646/2382
f 1066/1648/2383 1070/1652/2383 1069/1649/2383
f 1067/1651/2384 1071/2900/2384 1069/1649/2384
f 1072/1653/2385 1075/2901/2385 1076/1654/2385
f 1073/1656/2386 1077/1712/2386 1076/1657/2386
f 1074/1659/2387 1078/1655/2387 1076/1654/2387
f 1079/1661/2388 1082/1709/2388 1083/1662/2388
f 1080/1664/2389 1084/1668/2389 1083/1665/2389
f 1081/1667/2390 1085/1717/2390 1083/1665/2390
f 1086/1669/2391 1089/1720/2391 1090/1670/2391
f 1087/1672/2392 1091/1714/2392 1090/1673/2392
f 1088/1675/2393 1092/1671/2393 1090/1670/2393
f 1093/1677/2394 1096/1681/2394 1097/1678/2394
f 1094/1680/2395 1098/2902/2395 1097/1678/2395
f 1095/1682/2396 1099/2903/2396 1097/1683/2396
f 1100/1685/2397 1103/1730/2397 1104/1686/2397
f 1101/1688/2398 1105/1692/2398 1104/1689/2398
f 1102/1691/2399 1106/2904/2399 1104/1689/2399
f 1107/1693/2400 1110/1716/2400 1111/1694/2400
f 1108/1696/2401 1112/1700/2401 1111/1697/2401
f 1109/1699/2402 1113/2905/2402 1111/1697/2402
f 1114/1701/2403 1117/1725/2403 1118/1702/2403
f 1115/1704/2404 1119/1708/2404 1118/1705/2404
f 1116/1707/2405 1120/2906/2405 1118/1705/2405
f 1065/1645/1051 1071/1647/1051 1082/1709/1051
f 1082/1710/2406 1071/2900/2406 1067/1651/2406
f 1066/1648/1053 1072/1653/1053 1078/1655/1053
f 1070/1652/1054 1078/1655/1054 1074/1659/1054
f 1073/1656/2407 1086/1669/2407 1092/1671/2407
f 1077/1660/1056 1092/2907/1056 1088/1713/1056
f 1087/1672/1057 1081/1667/1057 1084/1668/1057
f 1084/1668/2408 1080/1664/2408 1088/1715/2408
f 1079/1661/2409 1085/1663/2409 1110/1716/2409
f 1085/1717/2410 1081/1667/2410 1108/1718/2410
f 1114/1701/2411 1120/1703/2411 1089/1720/2411
f 1089/1720/2412 1120/1703/2412 1116/1721/2412
f 1109/1699/1063 1112/1700/1063 1119/1708/1063
f 1112/1700/1064 1108/1696/1064 1116/1707/1064
f 1093/1677/1065 1107/1693/1065 1113/1695/1065
f 1096/1723/1066 1113/2905/1066 1109/1699/1066
f 1114/1701/2413 1100/1685/2413 1106/1687/2413
f 1117/1706/2414 1106/2908/2414 1102/1726/2414
f 1101/1688/2415 1095/1682/2415 1098/1684/2415
f 1098/1684/1070 1094/2909/1070 1102/1691/1070
f 1065/1645/2416 1093/1677/2416 1099/1679/2416
f 1068/1727/2417 1099/1679/2417 1095/1728/2417
f 1100/1685/2418 1073/1656/2418 1075/1658/2418
f 1103/1690/2419 1075/2910/2419 1072/1731/2419
f 1079/1661/1075 1107/1693/1075 1093/1677/1075
f 1074/1659/1076 1088/1713/1076 1080/1711/1076
f 1101/1688/1077 1072/1731/1077 1066/1732/1077
f 1086/1669/1078 1073/1656/1078 1100/1685/1078
f 1081/1667/1079 1087/1672/1079 1116/1733/1079
f 1115/1704/1080 1102/1726/1080 1094/1724/1080
f 1121/1734/2420 1124/1822/2420 1125/1735/2420
f 1122/1737/2421 1126/1807/2421 1125/1738/2421
f 1123/1740/2422 1127/2911/2422 1125/1741/2422
f 1128/1743/2423 1131/2912/2423 1132/1744/2423
f 1129/1746/2424 1133/1808/2424 1132/1747/2424
f 1130/1749/2425 1134/2913/2425 1132/1750/2425
f 1135/1752/2426 1138/1806/2426 1139/1753/2426
f 1136/1755/2427 1140/1811/2427 1139/1756/2427
f 1137/1758/2428 1141/2914/2428 1139/1759/2428
f 1142/1761/2429 1145/1813/2429 1146/1762/2429
f 1143/1764/2430 1147/1810/2430 1146/1765/2430
f 1144/1767/2431 1148/1809/2431 1146/1768/2431
f 1149/1770/2432 1152/1817/2432 1153/1771/2432
f 1150/1773/2433 1154/2915/2433 1153/1774/2433
f 1151/1776/2434 1155/2916/2434 1153/1777/2434
f 1156/1779/2435 1159/1823/2435 1160/1780/2435
f 1157/1782/2436 1161/1821/2436 1160/1783/2436
f 1158/1785/2437 1162/1820/2437 1160/1786/2437
f 1163/1788/2438 1166/1812/2438 1167/1789/2438
f 1164/1791/2439 1168/1816/2439 1167/1792/2439
f 1165/1794/2440 1169/1818/2440 1167/1795/2440
f 1170/1797/2441 1173/1819/2441 1174/1798/2441
f 1171/1800/2442 1175/1815/2442 1174/1801/2442
f 1172/1803/2443 1176/1814/2443 1174/1804/2443
f 1121/1734/2444 1127/1736/2444 1138/1806/2444
f 1138/1757/2445 1127/2911/2445 1123/1740/2445
f 1122/1737/2446 1128/1743/2446 1134/1745/2446
f 1126/1742/1108 1134/2913/1108 1130/1749/1108
f 1142/1761/2447 1148/1763/2447 1133/1808/2447
f 1148/1809/1110 1144/1767/1110 1130/1749/1110
f 1137/1758/2448 1140/1760/2448 1147/1810/2448
f 1140/1811/2449 1136/1755/2449 1144/1767/2449
f 1135/1752/1113 1141/1754/1113 1166/1812/1113
f 1166/1793/1114 1141/2914/1114 1137/1758/1114
f 1142/1761/2450 1170/1797/2450 1176/1799/2450
f 1176/1814/2451 1172/1803/2451 1143/1764/2451
f 1165/1794/1117 1168/1796/1117 1175/1815/1117
f 1168/1816/2452 1164/1791/2452 1172/1803/2452
f 1149/1770/2453 1163/1788/2453 1169/1790/2453
f 1169/1818/1120 1165/1794/1120 1150/1773/1120
f 1156/1779/1121 1162/1781/1121 1173/1819/1121
f 1162/1820/2454 1158/1785/2454 1171/1800/2454
f 1157/1782/2455 1151/1776/2455 1154/1778/2455
f 1161/1787/2456 1154/2915/2456 1150/1773/2456
f 1149/1770/2457 1155/1772/2457 1124/1822/2457
f 1124/1739/2458 1155/2916/2458 1151/1776/2458
f 1129/1746/2459 1131/1748/2459 1159/1823/2459
f 1159/1784/2460 1131/2912/2460 1128/1743/2460
f 1163/1788/1129 1149/1770/1129 1121/1734/1129
f 1130/1749/1130 1144/1767/1130 1136/1755/1130
f 1151/1776/1131 1157/1782/1131 1128/1743/1131
f 1170/1797/1132 1142/1761/1132 1129/1746/1132
f 1137/1758/1133 1143/1764/1133 1172/1803/1133
f 1165/1794/1134 1171/1800/1134 1158/1785/1134
f 1177/1824/2461 1180/1904/2461 1181/1825/2461
f 1178/1827/2462 1182/1831/2462 1181/1828/2462
f 1179/1830/2463 1183/2917/2463 1181/1828/2463
f 1184/1832/2464 1187/2918/2464 1188/1833/2464
f 1185/1835/2465 1189/1891/2465 1188/1836/2465
f 1186/1838/2466 1190/1834/2466 1188/1833/2466
f 1191/1840/2467 1194/1888/2467 1195/1841/2467
f 1192/1843/2468 1196/1847/2468 1195/1844/2468
f 1193/1846/2469 1197/2919/2469 1195/1844/2469
f 1198/1848/2470 1201/1896/2470 1202/1849/2470
f 1199/1851/2471 1203/1855/2471 1202/1852/2471
f 1200/1854/2472 1204/2920/2472 1202/1852/2472
f 1205/1856/2473 1208/1898/2473 1209/1857/2473
f 1206/1859/2474 1210/1863/2474 1209/1860/2474
f 1207/1862/2475 1211/1905/2475 1209/1860/2475
f 1212/1864/2476 1215/1908/2476 1216/1865/2476
f 1213/1867/2477 1217/1871/2477 1216/1868/2477
f 1214/1870/2478 1218/2921/2478 1216/1868/2478
f 1219/1872/2479 1222/1893/2479 1223/1873/2479
f 1220/1875/2480 1224/1879/2480 1223/1876/2480
f 1221/1878/2481 1225/1899/2481 1223/1876/2481
f 1226/1880/2482 1229/1902/2482 1230/1881/2482
f 1227/1883/2483 1231/1887/2483 1230/1884/2483
f 1228/1886/2484 1232/2922/2484 1230/1884/2484
f 1191/1840/1159 1177/1824/1159 1183/1826/1159
f 1194/1889/2485 1183/2917/2485 1179/1830/2485
f 1184/1832/1161 1190/1834/1161 1182/1831/1161
f 1182/1831/2486 1190/1834/2486 1186/1838/2486
f 1198/1848/2487 1204/1850/2487 1189/1891/2487
f 1204/1892/1164 1200/2923/1164 1186/1838/1164
f 1193/1846/2488 1196/1847/2488 1203/1855/2488
f 1196/1847/2489 1192/1843/2489 1200/1854/2489
f 1219/1872/2490 1191/1840/2490 1197/1842/2490
f 1222/1894/2491 1197/2919/2491 1193/1846/2491
f 1198/1848/2492 1226/1880/2492 1232/1882/2492
f 1201/1853/2493 1232/2924/2493 1228/1897/2493
f 1221/1878/2494 1224/1879/2494 1231/1887/2494
f 1231/1887/2495 1224/1879/2495 1220/1875/2495
f 1219/1872/2496 1225/1874/2496 1208/1898/2496
f 1225/1899/2497 1221/1878/2497 1206/1900/2497
f 1226/1880/2498 1212/1864/2498 1218/1866/2498
f 1229/1885/2499 1218/2925/2499 1214/1903/2499
f 1207/1862/1177 1210/1863/1177 1217/1871/1177
f 1210/1863/2500 1206/1859/2500 1214/1870/2500
f 1177/1824/2501 1205/1856/2501 1211/1858/2501
f 1211/1905/2502 1207/1862/2502 1178/1906/2502
f 1212/1864/2503 1185/1835/2503 1187/1837/2503
f 1187/1909/2504 1184/2926/2504 1213/1867/2504
f 1219/1872/1183 1205/1856/1183 1177/1824/1183
f 1186/1838/1184 1200/2923/1184 1192/1890/1184
f 1213/1867/1185 1184/2926/1185 1178/1906/1185
f 1198/1848/1186 1185/1835/1186 1212/1864/1186
f 1199/1851/1187 1228/1897/1187 1220/1895/1187
f 1227/1883/1188 1214/1903/1188 1206/1900/1188
f 1233/1910/2505 1236/1998/2505 1237/1911/2505
f 1234/1913/2506 1238/1983/2506 1237/1914/2506
f 1235/1916/2507 1239/2927/2507 1237/1917/2507
f 1240/1919/2508 1243/2928/2508 1244/1920/2508
f 1241/1922/2509 1245/1985/2509 1244/1923/2509
f 1242/1925/2510 1246/1984/2510 1244/1926/2510
f 1247/1928/2511 1250/1982/2511 1251/1929/2511
f 1248/1931/2512 1252/2929/2512 1251/1932/2512
f 1249/1934/2513 1253/2930/2513 1251/1935/2513
f 1254/1937/2514 1257/1989/2514 1258/1938/2514
f 1255/1940/2515 1259/1987/2515 1258/1941/2515
f 1256/1943/2516 1260/1986/2516 1258/1944/2516
f 1261/1946/2517 1264/1993/2517 1265/1947/2517
f 1262/1949/2518 1266/1997/2518 1265/1950/2518
f 1263/1952/2519 1267/2931/2519 1265/1953/2519
f 1268/1955/2520 1271/1999/2520 1272/1956/2520
f 1269/1958/2521 1273/1996/2521 1272/1959/2521
f 1270/1961/2522 1274/1995/2522 1272/1962/2522
f 1275/1964/2523 1278/1988/2523 1279/1965/2523
f 1276/1967/2524 1280/1992/2524 1279/1968/2524
f 1277/1970/2525 1281/2932/2525 1279/1971/2525
f 1282/1973/2526 1285/1994/2526 1286/1974/2526
f 1283/1976/2527 1287/1991/2527 1286/1977/2527
f 1284/1979/2528 1288/1990/2528 1286/1980/2528
f 1233/1910/2529 1239/1912/2529 1250/1982/2529
f 1250/1933/2530 1239/2927/2530 1235/1916/2530
f 1234/1913/2531 1240/1919/2531 1246/1921/2531
f 1246/1984/2532 1242/1925/2532 1235/1916/2532
f 1254/1937/2533 1260/1939/2533 1245/1985/2533
f 1260/1986/2534 1256/1943/2534 1242/1925/2534
f 1255/1940/2535 1249/1934/2535 1252/1936/2535
f 1259/1945/2536 1252/2929/2536 1248/1931/2536
f 1275/1964/2537 1247/1928/2537 1253/1930/2537
f 1278/1969/2538 1253/2930/2538 1249/1934/2538
f 1282/1973/2539 1288/1975/2539 1257/1989/2539
f 1288/1990/2540 1284/1979/2540 1255/1940/2540
f 1277/1970/1225 1280/1972/1225 1287/1991/1225
f 1280/1992/2541 1276/1967/2541 1284/1979/2541
f 1261/1946/2542 1275/1964/2542 1281/1966/2542
f 1264/1951/1228 1281/2932/1228 1277/1970/1228
f 1282/1973/2543 1268/1955/2543 1274/1957/2543
f 1274/1995/2544 1270/1961/2544 1283/1976/2544
f 1269/1958/1231 1263/1952/1231 1266/1954/1231
f 1266/1997/1232 1262/1949/1232 1270/1961/1232
f 1261/1946/1233 1267/1948/1233 1236/1998/1233
f 1236/1915/2545 1267/2931/2545 1263/1952/2545
f 1268/1955/2546 1241/1922/2546 1243/1924/2546
f 1271/1960/2547 1243/2928/2547 1240/1919/2547
f 1247/1928/1237 1275/1964/1237 1261/1946/1237
f 1242/1925/1238 1256/1943/1238 1248/1931/1238
f 1269/1958/1239 1240/1919/1239 1234/1913/1239
f 1254/1937/1240 1241/1922/1240 1268/1955/1240
f 1255/1940/1241 1284/1979/1241 1276/1967/1241
f 1283/1976/1242 1270/1961/1242 1262/1949/1242
f 1289/2000/2548 1292/2087/2548 1293/2001/2548
f 1290/2003/2549 1294/2074/2549 1293/2004/2549
f 1291/2006/2550 1295/2073/2550 1293/2007/2550
f 1296/2009/2551 1299/2933/2551 1300/2010/2551
f 1297/2012/2552 1301/2075/2552 1300/2013/2552
f 1298/2015/2553 1302/2934/2553 1300/2016/2553
f 1303/2018/2554 1306/2072/2554 1307/2019/2554
f 1304/2021/2555 1308/2935/2555 1307/2022/2555
f 1305/2024/2556 1309/2078/2556 1307/2025/2556
f 1310/2027/2557 1313/2079/2557 1314/2028/2557
f 1311/2030/2558 1315/2076/2558 1314/2031/2558
f 1312/2033/2559 1316/2936/2559 1314/2034/2559
f 1317/2036/2560 1320/2082/2560 1321/2037/2560
f 1318/2039/2561 1322/2086/2561 1321/2040/2561
f 1319/2042/2562 1323/2937/2562 1321/2043/2562
f 1324/2045/2563 1327/2088/2563 1328/2046/2563
f 1325/2048/2564 1329/2085/2564 1328/2049/2564
f 1326/2051/2565 1330/2084/2565 1328/2052/2565
f 1331/2054/2566 1334/2077/2566 1335/2055/2566
f 1332/2057/2567 1336/2938/2567 1335/2058/2567
f 1333/2060/2568 1337/2939/2568 1335/2061/2568
f 1338/2063/2569 1341/2083/2569 1342/2064/2569
f 1339/2066/2570 1343/2081/2570 1342/2067/2570
f 1340/2069/2571 1344/2080/2571 1342/2070/2571
f 1289/2000/1267 1295/2002/1267 1306/2072/1267
f 1295/2073/2572 1291/2006/2572 1304/2021/2572
f 1290/2003/2573 1296/2009/2573 1302/2011/2573
f 1294/2008/1270 1302/2934/1270 1298/2015/1270
f 1297/2012/2574 1310/2027/2574 1316/2029/2574
f 1301/2017/1272 1316/2936/1272 1312/2033/1272
f 1305/2024/1273 1308/2026/1273 1315/2076/1273
f 1315/2035/2575 1308/2935/2575 1304/2021/2575
f 1331/2054/1275 1303/2018/1275 1309/2020/1275
f 1309/2078/2576 1305/2024/2576 1332/2057/2576
f 1338/2063/2577 1344/2065/2577 1313/2079/2577
f 1344/2080/1278 1340/2069/1278 1311/2030/1278
f 1333/2060/1279 1336/2062/1279 1343/2081/1279
f 1343/2071/2578 1336/2938/2578 1332/2057/2578
f 1317/2036/1281 1331/2054/1281 1337/2056/1281
f 1320/2041/1282 1337/2939/1282 1333/2060/1282
f 1338/2063/2579 1324/2045/2579 1330/2047/2579
f 1330/2084/2580 1326/2051/2580 1339/2066/2580
f 1319/2042/1285 1322/2044/1285 1329/2085/1285
f 1322/2086/1286 1318/2039/1286 1326/2051/1286
f 1317/2036/1287 1323/2038/1287 1292/2087/1287
f 1292/2005/2581 1323/2937/2581 1319/2042/2581
f 1297/2012/2582 1299/2014/2582 1327/2088/2582
f 1327/2050/2583 1299/2933/2583 1296/2009/2583
f 1303/2018/1291 1331/2054/1291 1317/2036/1291
f 1298/2015/1292 1312/2033/1292 1304/2021/1292
f 1319/2042/1293 1325/2048/1293 1296/2009/1293
f 1310/2027/1294 1297/2012/1294 1324/2045/1294
f 1311/2030/1295 1340/2069/1295 1332/2057/1295
f 1339/2066/1296 1326/2051/1296 1318/2039/1296
f 1345/2089/2584 1348/2179/2584 1349/2090/2584
f 1346/2092/2585 1350/2162/2585 1349/2093/2585
f 1347/2095/2586 1351/2940/2586 1349/2096/2586
f 1352/2098/2587 1355/2182/2587 1356/2099/2587
f 1353/2101/2588 1357/2164/2588 1356/2102/2588
f 1354/2104/2589 1358/2163/2589 1356/2105/2589
f 1359/2107/2590 1362/2161/2590 1363/2108/2590
f 1360/2110/2591 1364/2167/2591 1363/2111/2591
f 1361/2113/2592 1365/2169/2592 1363/2114/2592
f 1366/2116/2593 1369/2170/2593 1370/2117/2593
f 1367/2119/2594 1371/2166/2594 1370/2120/2594
f 1368/2122/2595 1372/2165/2595 1370/2123/2595
f 1373/2125/2596 1376/2174/2596 1377/2126/2596
f 1374/2128/2597 1378/2941/2597 1377/2129/2597
f 1375/2131/2598 1379/2180/2598 1377/2132/2598
f 1380/2134/2599 1383/2181/2599 1384/2135/2599
f 1381/2137/2600 1385/2178/2600 1384/2138/2600
f 1382/2140/2601 1386/2177/2601 1384/2141/2601
f 1387/2143/2602 1390/2168/2602 1391/2144/2602
f 1388/2146/2603 1392/2173/2603 1391/2147/2603
f 1389/2149/2604 1393/2175/2604 1391/2150/2604
f 1394/2152/2605 1397/2176/2605 1398/2153/2605
f 1395/2155/2606 1399/2172/2606 1398/2156/2606
f 1396/2158/2607 1400/2171/2607 1398/2159/2607
f 1345/2089/2608 1351/2091/2608 1362/2161/2608
f 1362/2112/2609 1351/2940/2609 1347/2095/2609
f 1352/2098/1323 1358/2100/1323 1350/2162/1323
f 1358/2163/1324 1354/2104/1324 1347/2095/1324
f 1353/2101/2610 1366/2116/2610 1372/2118/2610
f 1372/2165/2611 1368/2122/2611 1354/2104/2611
f 1367/2119/2612 1361/2113/2612 1364/2115/2612
f 1364/2167/2613 1360/2110/2613 1368/2122/2613
f 1387/2143/1329 1359/2107/1329 1365/2109/1329
f 1365/2169/2614 1361/2113/2614 1388/2146/2614
f 1394/2152/2615 1400/2154/2615 1369/2170/2615
f 1400/2171/1332 1396/2158/1332 1367/2119/1332
f 1395/2155/2616 1389/2149/2616 1392/2151/2616
f 1392/2173/2617 1388/2146/2617 1396/2158/2617
f 1373/2125/1335 1387/2143/1335 1393/2145/1335
f 1393/2175/2618 1389/2149/2618 1374/2128/2618
f 1394/2152/2619 1380/2134/2619 1386/2136/2619
f 1386/2177/1338 1382/2140/1338 1395/2155/1338
f 1375/2131/2620 1378/2133/2620 1385/2178/2620
f 1385/2142/2621 1378/2941/2621 1374/2128/2621
f 1345/2089/1341 1373/2125/1341 1379/2127/1341
f 1379/2180/2622 1375/2131/2622 1346/2092/2622
f 1353/2101/1343 1355/2103/1343 1383/2181/1343
f 1355/2182/2623 1352/2098/2623 1381/2137/2623
f 1387/2143/1345 1373/2125/1345 1345/2089/1345
f 1354/2104/1346 1368/2122/1346 1360/2110/1346
f 1381/2137/1347 1352/2098/1347 1346/2092/1347
f 1366/2116/1348 1353/2101/1348 1380/2134/1348
f 1367/2119/1349 1396/2158/1349 1388/2146/1349
f 1395/2155/1350 1382/2140/1350 1374/2128/1350
f 1401/2183/2624 1404/2266/2624 1405/2184/2624
f 1402/2186/2625 1406/2251/2625 1405/2187/2625
f 1403/2189/2626 1407/2250/2626 1405/2190/2626
f 1408/2192/2627 1411/2942/2627 1412/2193/2627
f 1409/2195/2628 1413/2253/2628 1412/2196/2628
f 1410/2198/2629 1414/2194/2629 1412/2193/2629
f 1415/2200/2630 1418/2249/2630 1419/2201/2630
f 1416/2203/2631 1420/2207/2631 1419/2204/2631
f 1417/2206/2632 1421/2943/2632 1419/2204/2632
f 1422/2208/2633 1425/2212/2633 1426/2209/2633
f 1423/2211/2634 1427/2944/2634 1426/2209/2634
f 1424/2213/2635 1428/2945/2635 1426/2214/2635
f 1429/2216/2636 1432/2262/2636 1433/2217/2636
f 1430/2219/2637 1434/2946/2637 1433/2220/2637
f 1431/2222/2638 1435/2218/2638 1433/2217/2638
f 1436/2224/2639 1439/2268/2639 1440/2225/2639
f 1437/2227/2640 1441/2231/2640 1440/2228/2640
f 1438/2230/2641 1442/2947/2641 1440/2228/2641
f 1443/2232/2642 1446/2257/2642 1447/2233/2642
f 1444/2235/2643 1448/2239/2643 1447/2236/2643
f 1445/2238/2644 1449/2948/2644 1447/2236/2644
f 1450/2240/2645 1453/2264/2645 1454/2241/2645
f 1451/2243/2646 1455/2949/2646 1454/2244/2646
f 1452/2246/2647 1456/2950/2647 1454/2247/2647
f 1401/2183/1375 1407/2185/1375 1418/2249/1375
f 1407/2250/2648 1403/2189/2648 1416/2203/2648
f 1408/2192/2649 1414/2194/2649 1406/2251/2649
f 1414/2194/1378 1410/2198/1378 1403/2252/1378
f 1409/2195/1379 1422/2208/1379 1428/2210/1379
f 1413/2254/2650 1428/2945/2650 1424/2213/2650
f 1417/2206/2651 1420/2207/2651 1427/2215/2651
f 1420/2207/2652 1416/2203/2652 1424/2213/2652
f 1415/2200/2653 1421/2202/2653 1446/2257/2653
f 1446/2237/2654 1421/2951/2654 1417/2258/2654
f 1450/2240/2655 1456/2242/2655 1425/2212/2655
f 1425/2259/1386 1456/2950/1386 1452/2246/1386
f 1451/2261/1387 1445/2238/1387 1448/2239/1387
f 1448/2239/2656 1444/2235/2656 1452/2246/2656
f 1429/2216/2657 1443/2232/2657 1449/2234/2657
f 1449/2263/2658 1445/2271/2658 1430/2219/2658
f 1450/2240/2659 1436/2224/2659 1442/2226/2659
f 1453/2245/2660 1442/2947/2660 1438/2230/2660
f 1431/2265/2661 1434/2946/2661 1441/2231/2661
f 1441/2231/2662 1434/2946/2662 1430/2219/2662
f 1401/2183/2663 1429/2216/2663 1435/2218/2663
f 1404/2188/2664 1435/2952/2664 1431/2267/2664
f 1409/2195/2665 1411/2197/2665 1439/2268/2665
f 1439/2269/2666 1411/2942/2666 1408/2192/2666
f 1415/2200/1399 1443/2232/1399 1429/2216/1399
f 1403/2189/1400 1410/2255/1400 1424/2213/1400
f 1437/2270/1401 1408/2192/1401 1402/2186/1401
f 1422/2208/1402 1409/2195/1402 1436/2224/1402
f 1417/2258/1403 1423/2260/1403 1452/2246/1403
f 1445/2271/1404 1451/2243/1404 1438/2230/1404
f 1457/2272/2667 1460/2353/2667 1461/2273/2667
f 1458/2275/2668 1462/2279/2668 1461/2276/2668
f 1459/2278/2669 1463/2337/2669 1461/2276/2669
f 1464/2280/2670 1467/2953/2670 1468/2281/2670
f 1465/2283/2671 1469/2340/2671 1468/2284/2671
f 1466/2286/2672 1470/2282/2672 1468/2281/2672
f 1471/2288/2673 1474/2336/2673 1475/2289/2673
f 1472/2291/2674 1476/2295/2674 1475/2292/2674
f 1473/2294/2675 1477/2343/2675 1475/2292/2675
f 1478/2296/2676 1481/2346/2676 1482/2297/2676
f 1479/2299/2677 1483/2303/2677 1482/2300/2677
f 1480/2302/2678 1484/2954/2678 1482/2300/2678
f 1485/2304/2679 1488/2348/2679 1489/2305/2679
f 1486/2307/2680 1490/2311/2680 1489/2308/2680
f 1487/2310/2681 1491/2354/2681 1489/2308/2681
f 1492/2312/2682 1495/2357/2682 1496/2313/2682
f 1493/2315/2683 1497/2319/2683 1496/2316/2683
f 1494/2318/2684 1498/2955/2684 1496/2316/2684
f 1499/2320/2685 1502/2342/2685 1503/2321/2685
f 1500/2323/2686 1504/2327/2686 1503/2324/2686
f 1501/2326/2687 1505/2956/2687 1503/2324/2687
f 1506/2328/2688 1509/2351/2688 1510/2329/2688
f 1507/2331/2689 1511/2335/2689 1510/2332/2689
f 1508/2334/2690 1512/2957/2690 1510/2332/2690
f 1457/2272/2691 1463/2274/2691 1474/2336/2691
f 1463/2337/2692 1459/2278/2692 1472/2338/2692
f 1464/2280/2693 1470/2282/2693 1462/2279/2693
f 1462/2279/2694 1470/2282/2694 1466/2286/2694
f 1478/2296/2695 1484/2298/2695 1469/2340/2695
f 1484/2341/2696 1480/2958/2696 1466/2286/2696
f 1479/2299/2697 1473/2294/2697 1476/2295/2697
f 1476/2295/1436 1472/2291/1436 1480/2302/1436
f 1471/2288/2698 1477/2290/2698 1502/2342/2698
f 1477/2343/1438 1473/2294/1438 1500/2344/1438
f 1478/2296/2699 1506/2328/2699 1512/2330/2699
f 1512/2347/2700 1508/2959/2700 1479/2299/2700
f 1507/2331/1441 1501/2326/1441 1504/2327/1441
f 1504/2327/2701 1500/2323/2701 1508/2334/2701
f 1485/2304/2702 1499/2320/2702 1505/2322/2702
f 1488/2349/2703 1505/2956/2703 1501/2326/2703
f 1492/2312/2704 1498/2314/2704 1509/2351/2704
f 1509/2333/2705 1498/2960/2705 1494/2352/2705
f 1493/2315/2706 1487/2310/2706 1490/2311/2706
f 1490/2311/1448 1486/2307/1448 1494/2318/1448
f 1485/2304/2707 1491/2306/2707 1460/2353/2707
f 1491/2354/2708 1487/2310/2708 1458/2355/2708
f 1465/2283/2709 1467/2285/2709 1495/2357/2709
f 1495/2317/2710 1467/2961/2710 1464/2358/2710
f 1471/2288/1453 1499/2320/1453 1485/2304/1453
f 1466/2286/1454 1480/2958/1454 1472/2338/1454
f 1493/2315/1455 1464/2358/1455 1458/2355/1455
f 1478/2296/1456 1465/2283/1456 1492/2312/1456
f 1479/2299/1457 1508/2959/1457 1500/2344/1457
f 1501/2326/1458 1507/2331/1458 1494/2352/1458
usemtl iron
f 1513/2359/1459 1517/2360/1459 1519/2361/1459
f 1518/2362/1460 1516/2363/1460 1514/2364/1460
f 1515/2365/1461 1517/2360/1461 1518/2362/1461
f 1523/2366/1462 1526/2367/1462 1520/2368/1462
f 1521/2369/1463 1524/2370/1463 1523/2366/1463
f 1522/2371/1464 1524/2370/1464 1525/2372/1464
f 1527/2373/1465 1531/2374/1465 1533/2375/1465
f 1528/2376/1466 1531/2374/1466 1530/2377/1466
f 1533/2375/1467 1532/2378/1467 1529/2379/1467
f 1534/2380/1468 1538/2381/1468 1540/2382/1468
f 1539/2383/1469 1537/2384/1469 1535/2385/1469
f 1536/2386/1470 1538/2381/1470 1539/2383/1470
f 1541/2387/1471 1545/2388/1471 1547/2389/1471
f 1542/2390/1472 1545/2388/1472 1544/2391/1472
f 1547/2389/1473 1546/2392/1473 1543/2393/1473
f 1548/2394/1474 1552/2395/1474 1554/2396/1474
f 1553/2397/1475 1551/2398/1475 1549/2399/1475
f 1550/2400/1476 1552/2395/1476 1553/2397/1476
f 1555/2401/1477 1559/2402/1477 1561/2403/1477
f 1560/2404/1478 1558/2405/1478 1556/2406/1478
f 1557/2407/1479 1559/2402/1479 1560/2404/1479
f 1562/2408/1480 1566/2409/1480 1568/2410/1480
f 1563/2411/1481 1566/2409/1481 1565/2412/1481
f 1568/2410/1482 1567/2413/1482 1564/2414/1482
f 1513/2359/1483 1530/2377/1483 1527/2373/1483
f 1530/2377/1484 1515/2365/1484 1528/2376/1484
f 1514/2415/1485 1526/2416/1485 1518/2417/1485
f 1526/2416/1486 1515/2418/1486 1518/2417/1486
f 1521/2369/1487 1540/2382/1487 1525/2372/1487
f 1540/2382/1488 1522/2371/1488 1525/2372/1488
f 1529/2419/1489 1539/2420/1489 1535/2421/1489
f 1532/2422/1490 1536/2423/1490 1539/2420/1490
f 1555/2401/1491 1533/2375/1491 1558/2405/1491
f 1533/2375/1492 1556/2406/1492 1558/2405/1492
f 1562/2408/1493 1537/2384/1493 1534/2380/1493
f 1537/2384/1494 1564/2414/1494 1535/2385/1494
f 1563/2424/1495 1560/2425/1495 1567/2426/1495
f 1560/2425/1496 1564/2427/1496 1567/2426/1496
f 1555/2401/1497 1544/2391/1497 1541/2387/1497
f 1544/2391/1498 1557/2407/1498 1542/2390/1498
f 1562/2408/1499 1554/2396/1499 1565/2412/1499
f 1565/2412/1500 1550/2400/1500 1563/2411/1500
f 1543/2428/1501 1553/2429/1501 1549/2430/1501
f 1553/2429/1502 1542/2431/1502 1550/2432/1502
f 1541/2387/1503 1516/2363/1503 1513/2359/1503
f 1516/2363/1504 1543/2393/1504 1514/2364/1504
f 1521/2369/1505 1551/2398/1505 1548/2394/1505
f 1551/2398/1506 1520/2368/1506 1549/2399/1506
f 1555/2401/1507 1513/2359/1507 1527/2373/1507
f 1522/2433/1508 1528/2434/1508 1515/2418/1508
f 1543/2435/1509 1520/2436/1509 1514/2437/1509
f 1534/2380/1510 1548/2394/1510 1562/2408/1510
f 1535/2438/1511 1556/2439/1511 1529/2440/1511
f 1563/2424/1512 1542/2431/1512 1557/2441/1512
f 1569/2442/1513 1573/2443/1513 1575/2444/1513
f 1574/2445/1514 1572/2446/1514 1570/2447/1514
f 1571/2448/1515 1573/2443/1515 1574/2445/1515
f 1579/2449/1516 1582/2450/1516 1576/2451/1516
f 1577/2452/1517 1580/2453/1517 1579/2449/1517
f 1578/2454/1518 1580/2453/1518 1581/2455/1518
f 1583/2456/1519 1587/2457/1519 1589/2458/1519
f 1584/2459/1520 1587/2457/1520 1586/2460/1520
f 1589/2458/1521 1588/2461/1521 1585/2462/1521
f 1590/2463/1522 1594/2464/1522 1596/2465/1522
f 1595/2466/1523 1593/2467/1523 1591/2468/1523
f 1592/2469/1524 1594/2464/1524 1595/2466/1524
f 1597/2470/1525 1601/2471/1525 1603/2472/1525
f 1598/2473/1526 1601/2471/1526 1600/2474/1526
f 1603/2472/1527 1602/2475/1527 1599/2476/1527
f 1604/2477/1528 1608/2478/1528 1610/2479/1528
f 1609/2480/1529 1607/2481/1529 1605/2482/1529
f 1606/2483/1530 1608/2478/1530 1609/2480/1530
f 1611/2484/1531 1615/2485/1531 1617/2486/1531
f 1616/2487/1532 1614/2488/1532 1612/2489/1532
f 1613/2490/1533 1615/2485/1533 1616/2487/1533
f 1618/2491/1534 1622/2492/1534 1624/2493/1534
f 1619/2494/1535 1622/2492/1535 1621/2495/1535
f 1624/2493/1536 1623/2496/1536 1620/2497/1536
f 1583/2456/1537 1575/2444/1537 1586/2460/1537
f 1575/2444/1538 1584/2459/1538 1586/2460/1538
f 1570/2498/1539 1582/2499/1539 1574/2500/1539
f 1582/2499/1540 1571/2501/1540 1574/2500/1540
f 1590/2463/1541 1581/2455/1541 1577/2452/1541
f 1596/2465/1542 1578/2454/1542 1581/2455/1542
f 1585/2502/1543 1595/2503/1543 1591/2504/1543
f 1595/2503/1544 1584/2505/1544 1592/2506/1544
f 1583/2456/1545 1614/2488/1545 1611/2484/1545
f 1589/2458/1546 1612/2489/1546 1614/2488/1546
f 1590/2463/1547 1624/2493/1547 1593/2467/1547
f 1624/2493/1548 1591/2468/1548 1593/2467/1548
f 1619/2507/1549 1616/2508/1549 1623/2509/1549
f 1616/2508/1550 1620/2510/1550 1623/2509/1550
f 1597/2470/1551 1617/2486/1551 1600/2474/1551
f 1617/2486/1552 1598/2473/1552 1600/2474/1552
f 1604/2477/1553 1621/2495/1553 1618/2491/1553
f 1621/2495/1554 1606/2483/1554 1619/2494/1554
f 1605/2511/1555 1602/2512/1555 1609/2513/1555
f 1602/2512/1556 1606/2514/1556 1609/2513/1556
f 1597/2470/1557 1572/2446/1557 1569/2442/1557
f 1572/2446/1558 1599/2476/1558 1570/2447/1558
f 1604/2477/1559 1579/2449/1559 1607/2481/1559
f 1607/2481/1560 1576/2451/1560 1605/2482/1560
f 1611/2484/1561 1569/2442/1561 1583/2456/1561
f 1578/2515/1562 1584/2505/1562 1571/2501/1562
f 1599/2516/1563 1576/2517/1563 1570/2518/1563
f 1590/2463/1564 1604/2477/1564 1618/2491/1564
f 1585/2519/1565 1620/2520/1565 1612/2521/1565
f 1619/2507/1566 1598/2522/1566 1613/2523/1566
f 1513/2359/2711 1516/2363/2711 1517/2360/2711
f 1518/2362/2712 1517/2360/2712 1516/2363/2712
f 1515/2365/2713 1519/2361/2713 1517/2360/2713
f 1523/2366/2714 1524/2370/2714 1526/2367/2714
f 1521/2369/2715 1525/2372/2715 1524/2370/2715
f 1522/2371/2716 1526/2367/2716 1524/2370/2716
f 1527/2373/2717 1530/2377/2717 1531/2374/2717
f 1528/2376/2718 1532/2378/2718 1531/2374/2718
f 1533/2375/2719 1531/2374/2719 1532/2378/2719
f 1534/2380/2720 1537/2384/2720 1538/2381/2720
f 1539/2383/2721 1538/2381/2721 1537/2384/2721
f 1536/2386/2722 1540/2382/2722 1538/2381/2722
f 1541/2387/2723 1544/2391/2723 1545/2388/2723
f 1542/2390/2724 1546/2392/2724 1545/2388/2724
f 1547/2389/2725 1545/2388/2725 1546/2392/2725
f 1548/2394/2726 1551/2398/2726 1552/2395/2726
f 1553/2397/2727 1552/2395/2727 1551/2398/2727
f 1550/2400/2728 1554/2396/2728 1552/2395/2728
f 1555/2401/2729 1558/2405/2729 1559/2402/2729
f 1560/2404/2730 1559/2402/2730 1558/2405/2730
f 1557/2407/2731 1561/2403/2731 1559/2402/2731
f 1562/2408/2732 1565/2412/2732 1566/2409/2732
f 1563/2411/2733 1567/2413/2733 1566/2409/2733
f 1568/2410/2734 1566/2409/2734 1567/2413/2734
f 1513/2359/1483 1519/2361/1483 1530/2377/1483
f 1530/2377/2735 1519/2361/2735 1515/2365/2735
f 1514/2415/2736 1520/2962/2736 1526/2416/2736
f 1526/2416/2737 1522/2433/2737 1515/2418/2737
f 1521/2369/2738 1534/2380/2738 1540/2382/2738
f 1540/2382/2739 1536/2386/2739 1522/2371/2739
f 1529/2419/1489 1532/2422/1489 1539/2420/1489
f 1532/2422/1490 1528/2434/1490 1536/2423/1490
f 1555/2401/1491 1527/2373/1491 1533/2375/1491
f 1533/2375/2740 1529/2379/2740 1556/2406/2740
f 1562/2408/1493 1568/2410/1493 1537/2384/1493
f 1537/2384/2741 1568/2410/2741 1564/2414/2741
f 1563/2424/1495 1557/2441/1495 1560/2425/1495
f 1560/2425/2742 1556/2963/2742 1564/2427/2742
f 1555/2401/2743 1561/2403/2743 1544/2391/2743
f 1544/2391/2744 1561/2403/2744 1557/2407/2744
f 1562/2408/1499 1548/2394/1499 1554/2396/1499
f 1565/2412/2745 1554/2396/2745 1550/2400/2745
f 1543/2428/1501 1546/2964/1501 1553/2429/1501
f 1553/2429/2746 1546/2964/2746 1542/2431/2746
f 1541/2387/1503 1547/2389/1503 1516/2363/1503
f 1516/2363/2747 1547/2389/2747 1543/2393/2747
f 1521/2369/1505 1523/2366/1505 1551/2398/1505
f 1551/2398/1506 1523/2366/1506 1520/2368/1506
f 1555/2401/1507 1541/2387/1507 1513/2359/1507
f 1522/2433/1508 1536/2423/1508 1528/2434/1508
f 1543/2435/1509 1549/2965/1509 1520/2436/1509
f 1534/2380/1510 1521/2369/1510 1548/2394/1510
f 1535/2438/1511 1564/2966/1511 1556/2439/1511
f 1563/2424/1512 1550/2432/1512 1542/2431/1512
f 1569/2442/2748 1572/2446/2748 1573/2443/2748
f 1574/2445/2749 1573/2443/2749 1572/2446/2749
f 1571/2448/2750 1575/2444/2750 1573/2443/2750
f 1579/2449/2751 1580/2453/2751 1582/2450/2751
f 1577/2452/2752 1581/2455/2752 1580/2453/2752
f 1578/2454/2753 1582/2450/2753 1580/2453/2753
f 1583/2456/2754 1586/2460/2754 1587/2457/2754
f 1584/2459/2755 1588/2461/2755 1587/2457/2755
f 1589/2458/2756 1587/2457/2756 1588/2461/2756
f 1590/2463/2757 1593/2467/2757 1594/2464/2757
f 1595/2466/2758 1594/2464/2758 1593/2467/2758
f 1592/2469/2759 1596/2465/2759 1594/2464/2759
f 1597/2470/2760 1600/2474/2760 1601/2471/2760
f 1598/2473/2761 1602/2475/2761 1601/2471/2761
f 1603/2472/2762 1601/2471/2762 1602/2475/2762
f 1604/2477/2763 1607/2481/2763 1608/2478/2763
f 1609/2480/2764 1608/2478/2764 1607/2481/2764
f 1606/2483/2765 1610/2479/2765 1608/2478/2765
f 1611/2484/2766 1614/2488/2766 1615/2485/2766
f 1616/2487/2767 1615/2485/2767 1614/2488/2767
f 1613/2490/2768 1617/2486/2768 1615/2485/2768
f 1618/2491/2769 1621/2495/2769 1622/2492/2769
f 1619/2494/2770 1623/2496/2770 1622/2492/2770
f 1624/2493/2771 1622/2492/2771 1623/2496/2771
f 1583/2456/2772 1569/2442/2772 1575/2444/2772
f 1575/2444/2773 1571/2448/2773 1584/2459/2773
f 1570/2498/2774 1576/2967/2774 1582/2499/2774
f 1582/2499/1540 1578/2515/1540 1571/2501/1540
f 1590/2463/2775 1596/2465/2775 1581/2455/2775
f 1596/2465/1542 1592/2469/1542 1578/2454/1542
f 1585/2502/1543 1588/2968/1543 1595/2503/1543
f 1595/2503/1544 1588/2968/1544 1584/2505/1544
f 1583/2456/1545 1589/2458/1545 1614/2488/1545
f 1589/2458/2776 1585/2462/2776 1612/2489/2776
f 1590/2463/1547 1618/2491/1547 1624/2493/1547
f 1624/2493/2777 1620/2497/2777 1591/2468/2777
f 1619/2507/1549 1613/2523/1549 1616/2508/1549
f 1616/2508/1550 1612/2969/1550 1620/2510/1550
f 1597/2470/2778 1611/2484/2778 1617/2486/2778
f 1617/2486/2779 1613/2490/2779 1598/2473/2779
f 1604/2477/1553 1610/2479/1553 1621/2495/1553
f 1621/2495/2780 1610/2479/2780 1606/2483/2780
f 1605/2511/1555 1599/2970/1555 1602/2512/1555
f 1602/2512/1556 1598/2522/1556 1606/2514/1556
f 1597/2470/1557 1603/2472/1557 1572/2446/1557
f 1572/2446/2781 1603/2472/2781 1599/2476/2781
f 1604/2477/1559 1577/2452/1559 1579/2449/1559
f 1607/2481/2782 1579/2449/2782 1576/2451/2782
f 1611/2484/1561 1597/2470/1561 1569/2442/1561
f 1578/2515/1562 1592/2506/1562 1584/2505/1562
f 1599/2516/1563 1605/2971/1563 1576/2517/1563
f 1590/2463/1564 1577/2452/1564 1604/2477/1564
f 1585/2519/1565 1591/2972/1565 1620/2520/1565
f 1619/2507/1566 1606/2514/1566 1598/2522/1566
